timestamp,site_id,domain_id,domain_status,http_status,latency_ms,failure_type,protection_type
2026-08-22T01:04:19.950686+00:00,LibGen,LibGen.bz,UP,200,767,,
2026-08-22T01:05:20.756784+00:00,LibGen,LibGen.bz,UP,200,792,,
2026-08-22T01:06:20.278126+00:00,LibGen,LibGen.bz,UP,200,589,,
2026-08-22T01:07:20.547858+00:00,LibGen,LibGen.bz,UP,200,690,,
2026-08-22T01:08:21.446655+00:00,LibGen,LibGen.bz,UP,200,684,,
2026-08-22T01:09:20.875058+00:00,LibGen,LibGen.bz,UP,200,227,,
2026-08-22T01:10:22.050776+00:00,LibGen,LibGen.bz,UP,200,693,,
2026-08-22T01:11:29.108946+00:00,LibGen,LibGen.bz,DEGRADED,200,4644,latency_high,
2026-08-22T01:12:22.857792+00:00,LibGen,LibGen.bz,UP,200,686,,
2026-08-22T01:13:24.067097+00:00,LibGen,LibGen.bz,UP,200,702,,
2026-08-22T01:14:23.132526+00:00,LibGen,LibGen.bz,UP,200,656,,
2026-08-22T01:15:23.554493+00:00,LibGen,LibGen.bz,UP,200,763,,
2026-08-22T01:16:23.900328+00:00,LibGen,LibGen.bz,UP,200,245,,
2026-08-22T01:17:25.071490+00:00,LibGen,LibGen.bz,UP,200,601,,
2026-08-22T01:18:24.589003+00:00,LibGen,LibGen.bz,UP,200,657,,
2026-08-22T01:19:24.998639+00:00,LibGen,LibGen.bz,UP,200,710,,
2026-08-22T01:20:25.400689+00:00,LibGen,LibGen.bz,UP,200,713,,
2026-08-22T01:21:26.390473+00:00,LibGen,LibGen.bz,UP,200,772,,
2026-08-22T01:22:26.959404+00:00,LibGen,LibGen.bz,UP,200,1217,,
2026-08-22T01:23:26.801789+00:00,LibGen,LibGen.bz,UP,200,607,,
2026-08-22T01:24:27.138348+00:00,LibGen,LibGen.bz,UP,200,600,,
2026-08-22T01:25:28.004584+00:00,LibGen,LibGen.bz,UP,200,688,,
2026-08-22T01:26:28.718359+00:00,LibGen,LibGen.bz,UP,200,832,,
2026-08-22T01:27:49.603201+00:00,LibGen,LibGen.bz,DOWN,,,connection_refused,
2026-08-22T01:28:30.624071+00:00,LibGen,LibGen.bz,UP,200,729,,
2026-08-22T01:29:31.003428+00:00,LibGen,LibGen.bz,UP,200,766,,
2026-08-22T01:30:31.255253+00:00,LibGen,LibGen.bz,UP,200,796,,
2026-08-22T01:31:31.179972+00:00,LibGen,LibGen.bz,UP,200,893,,
2026-08-22T01:32:31.629205+00:00,LibGen,LibGen.bz,UP,200,869,,
2026-08-22T01:33:32.592621+00:00,LibGen,LibGen.bz,UP,200,747,,
2026-08-22T01:34:34.181720+00:00,LibGen,LibGen.bz,UP,200,1091,,
2026-08-22T01:35:33.508782+00:00,LibGen,LibGen.bz,UP,200,839,,
2026-08-22T01:36:34.865511+00:00,LibGen,LibGen.bz,UP,200,743,,
2026-08-22T01:37:34.412710+00:00,LibGen,LibGen.bz,UP,200,796,,
2026-08-22T01:38:34.605642+00:00,LibGen,LibGen.bz,UP,200,273,,
2026-08-22T01:39:36.679433+00:00,LibGen,LibGen.bz,UP,200,1696,,
2026-08-22T01:40:35.475999+00:00,LibGen,LibGen.bz,UP,200,243,,
2026-08-22T01:41:36.553155+00:00,LibGen,LibGen.bz,UP,200,750,,
2026-08-22T01:42:38.710359+00:00,LibGen,LibGen.bz,UP,200,1890,,
2026-08-22T01:43:38.289303+00:00,LibGen,LibGen.bz,UP,200,576,,
2026-08-22T01:44:38.150845+00:00,LibGen,LibGen.bz,UP,200,687,,
2026-08-22T01:45:38.798787+00:00,LibGen,LibGen.bz,UP,200,718,,
2026-08-22T01:46:39.375878+00:00,LibGen,LibGen.bz,UP,200,1116,,
2026-08-22T01:47:39.938097+00:00,LibGen,LibGen.bz,UP,200,630,,
2026-08-22T01:48:39.863467+00:00,LibGen,LibGen.bz,UP,200,237,,
2026-08-22T01:49:40.676858+00:00,LibGen,LibGen.bz,UP,200,642,,
2026-08-22T01:50:40.895238+00:00,LibGen,LibGen.bz,UP,200,698,,
2026-08-22T01:51:41.530660+00:00,LibGen,LibGen.bz,UP,200,707,,
2026-08-22T01:52:42.523071+00:00,LibGen,LibGen.bz,UP,200,848,,
2026-08-22T01:53:43.099041+00:00,LibGen,LibGen.bz,UP,200,951,,
2026-08-22T01:54:43.389301+00:00,LibGen,LibGen.bz,UP,200,638,,
2026-08-22T01:55:43.465709+00:00,LibGen,LibGen.bz,UP,200,629,,
2026-08-22T01:56:43.761479+00:00,LibGen,LibGen.bz,UP,200,643,,
2026-08-22T01:57:44.353228+00:00,LibGen,LibGen.bz,UP,200,709,,
2026-08-22T01:58:44.723748+00:00,LibGen,LibGen.bz,UP,200,625,,
2026-08-22T01:59:45.902918+00:00,LibGen,LibGen.bz,UP,200,622,,
2026-08-22T02:00:45.462011+00:00,LibGen,LibGen.bz,UP,200,237,,
2026-08-22T02:01:48.642521+00:00,LibGen,LibGen.bz,UP,200,780,,
2026-08-22T02:02:47.694192+00:00,LibGen,LibGen.bz,UP,200,1551,,
2026-08-22T02:03:48.123884+00:00,LibGen,LibGen.bz,UP,200,1555,,
2026-08-22T02:04:47.638444+00:00,LibGen,LibGen.bz,UP,200,702,,
2026-08-22T02:05:48.763696+00:00,LibGen,LibGen.bz,UP,200,791,,
2026-08-22T02:06:49.595791+00:00,LibGen,LibGen.bz,UP,200,784,,
2026-08-22T02:07:50.024347+00:00,LibGen,LibGen.bz,UP,200,871,,
2026-08-22T02:08:50.291791+00:00,LibGen,LibGen.bz,UP,200,670,,
2026-08-22T02:09:50.670314+00:00,LibGen,LibGen.bz,UP,200,672,,
2026-08-22T02:10:51.685291+00:00,LibGen,LibGen.bz,UP,200,747,,
2026-08-22T02:11:51.943372+00:00,LibGen,LibGen.bz,UP,200,670,,
2026-08-22T02:12:52.986727+00:00,LibGen,LibGen.bz,UP,200,679,,
2026-08-22T02:13:53.414938+00:00,LibGen,LibGen.bz,UP,200,656,,
2026-08-22T02:14:53.735902+00:00,LibGen,LibGen.bz,UP,200,756,,
2026-08-22T02:15:54.282899+00:00,LibGen,LibGen.bz,UP,200,698,,
2026-08-22T02:16:54.725229+00:00,LibGen,LibGen.bz,UP,200,690,,
2026-08-22T02:17:55.314965+00:00,LibGen,LibGen.bz,UP,200,654,,
2026-08-22T02:19:15.993278+00:00,LibGen,LibGen.bz,DOWN,,,connection_refused,
2026-08-22T02:19:56.668942+00:00,LibGen,LibGen.bz,UP,200,826,,
2026-08-22T02:20:56.579161+00:00,LibGen,LibGen.bz,UP,200,615,,
2026-08-22T02:21:57.383296+00:00,LibGen,LibGen.bz,UP,200,1077,,
2026-08-22T02:22:58.224143+00:00,LibGen,LibGen.bz,UP,200,699,,
2026-08-22T02:23:57.876367+00:00,LibGen,LibGen.bz,UP,200,716,,
2026-08-22T02:24:58.304581+00:00,LibGen,LibGen.bz,UP,200,744,,
2026-08-22T02:25:59.216214+00:00,LibGen,LibGen.bz,UP,200,771,,
2026-08-22T02:26:59.759442+00:00,LibGen,LibGen.bz,UP,200,696,,
2026-08-22T02:27:59.671953+00:00,LibGen,LibGen.bz,UP,200,284,,
2026-08-22T02:29:00.150397+00:00,LibGen,LibGen.bz,UP,200,646,,
2026-08-22T02:30:01.542006+00:00,LibGen,LibGen.bz,UP,200,1006,,
2026-08-22T02:31:02.198250+00:00,LibGen,LibGen.bz,UP,200,788,,
2026-08-22T02:32:02.946407+00:00,LibGen,LibGen.bz,UP,200,849,,
2026-08-22T02:33:02.933401+00:00,LibGen,LibGen.bz,UP,200,843,,
2026-08-22T02:34:03.528354+00:00,LibGen,LibGen.bz,UP,200,921,,
2026-08-22T02:35:04.347238+00:00,LibGen,LibGen.bz,UP,200,1080,,
2026-08-22T02:36:05.652708+00:00,LibGen,LibGen.bz,UP,200,874,,
2026-08-22T02:37:05.389840+00:00,LibGen,LibGen.bz,UP,200,966,,
2026-08-22T02:38:05.974535+00:00,LibGen,LibGen.bz,UP,200,782,,
2026-08-22T02:39:06.181075+00:00,LibGen,LibGen.bz,UP,200,989,,
2026-08-22T02:40:06.973706+00:00,LibGen,LibGen.bz,UP,200,1204,,
2026-08-22T02:41:07.375355+00:00,LibGen,LibGen.bz,UP,200,729,,
2026-08-22T02:42:08.586266+00:00,LibGen,LibGen.bz,UP,200,703,,
2026-08-22T02:43:07.967388+00:00,LibGen,LibGen.bz,UP,200,572,,
2026-08-22T02:44:09.478740+00:00,LibGen,LibGen.bz,UP,200,646,,
2026-08-22T02:45:08.897716+00:00,LibGen,LibGen.bz,UP,200,241,,
2026-08-22T02:46:09.421086+00:00,LibGen,LibGen.bz,UP,200,679,,
2026-08-22T02:47:10.450439+00:00,LibGen,LibGen.bz,UP,200,683,,
2026-08-22T02:48:12.889123+00:00,LibGen,LibGen.bz,UP,200,764,,
2026-08-22T02:49:11.348823+00:00,LibGen,LibGen.bz,UP,200,675,,
2026-08-22T02:50:11.043347+00:00,LibGen,LibGen.bz,UP,200,291,,
2026-08-22T02:51:11.834862+00:00,LibGen,LibGen.bz,UP,200,588,,
2026-08-22T02:52:12.771067+00:00,LibGen,LibGen.bz,UP,200,587,,
2026-08-22T02:53:13.957535+00:00,LibGen,LibGen.bz,UP,200,705,,
2026-08-22T02:54:13.810683+00:00,LibGen,LibGen.bz,UP,200,728,,
2026-08-22T02:55:13.953576+00:00,LibGen,LibGen.bz,UP,200,775,,
2026-08-22T02:56:14.466224+00:00,LibGen,LibGen.bz,UP,200,787,,
2026-08-22T02:57:15.213575+00:00,LibGen,LibGen.bz,UP,200,650,,
2026-08-22T02:58:15.744532+00:00,LibGen,LibGen.bz,UP,200,681,,
2026-08-22T02:59:15.404507+00:00,LibGen,LibGen.bz,UP,200,271,,
2026-08-22T03:00:38.532647+00:00,LibGen,LibGen.bz,DOWN,,,connection_refused,
2026-08-22T03:01:16.862771+00:00,LibGen,LibGen.bz,UP,200,807,,
2026-08-22T03:02:37.547273+00:00,LibGen,LibGen.bz,DOWN,,,connection_refused,
2026-08-22T03:03:18.616663+00:00,LibGen,LibGen.bz,UP,200,1080,,
2026-08-22T03:04:19.154772+00:00,LibGen,LibGen.bz,UP,200,709,,
2026-08-22T03:05:19.121789+00:00,LibGen,LibGen.bz,UP,200,721,,
2026-08-22T03:06:19.263008+00:00,LibGen,LibGen.bz,UP,200,825,,
2026-08-22T03:07:19.708235+00:00,LibGen,LibGen.bz,UP,200,715,,
2026-08-22T03:08:20.541386+00:00,LibGen,LibGen.bz,UP,200,681,,
2026-08-22T03:09:20.312455+00:00,LibGen,LibGen.bz,UP,200,256,,
2026-08-22T03:10:22.039478+00:00,LibGen,LibGen.bz,UP,200,710,,
2026-08-22T03:11:21.795427+00:00,LibGen,LibGen.bz,UP,200,762,,
2026-08-22T03:12:23.237717+00:00,LibGen,LibGen.bz,UP,200,1136,,
2026-08-22T03:13:23.013848+00:00,LibGen,LibGen.bz,UP,200,807,,
2026-08-22T03:14:23.414298+00:00,LibGen,LibGen.bz,UP,200,712,,
2026-08-22T03:15:25.109822+00:00,LibGen,LibGen.bz,UP,200,762,,
2026-08-22T03:16:24.147721+00:00,LibGen,LibGen.bz,UP,200,243,,
2026-08-22T03:17:25.392996+00:00,LibGen,LibGen.bz,UP,200,630,,
2026-08-22T03:18:26.236844+00:00,LibGen,LibGen.bz,UP,200,1084,,
2026-08-22T03:19:26.631868+00:00,LibGen,LibGen.bz,UP,200,712,,
2026-08-22T03:20:27.264487+00:00,LibGen,LibGen.bz,UP,200,1017,,
2026-08-22T03:21:27.651477+00:00,LibGen,LibGen.bz,UP,200,755,,
2026-08-22T03:22:27.597853+00:00,LibGen,LibGen.bz,DOWN,,,connection_refused,
2026-08-22T03:23:29.711291+00:00,LibGen,LibGen.bz,UP,200,1511,,
2026-08-22T03:24:29.656867+00:00,LibGen,LibGen.bz,UP,200,802,,
2026-08-22T03:25:29.711053+00:00,LibGen,LibGen.bz,UP,200,238,,
2026-08-22T03:26:31.964880+00:00,LibGen,LibGen.bz,UP,200,1968,,
2026-08-22T03:27:31.744853+00:00,LibGen,LibGen.bz,UP,200,732,,
2026-08-22T03:28:32.420788+00:00,LibGen,LibGen.bz,UP,200,633,,
2026-08-22T03:29:32.673820+00:00,LibGen,LibGen.bz,UP,200,764,,
2026-08-22T03:30:33.795423+00:00,LibGen,LibGen.bz,UP,200,702,,
2026-08-22T03:31:34.507260+00:00,LibGen,LibGen.bz,UP,200,671,,
2026-08-22T03:32:34.900113+00:00,LibGen,LibGen.bz,UP,200,644,,
2026-08-22T03:33:37.553285+00:00,LibGen,LibGen.bz,UP,200,591,,
2026-08-22T03:34:37.524707+00:00,LibGen,LibGen.bz,UP,200,967,,
2026-08-22T03:35:36.581419+00:00,LibGen,LibGen.bz,UP,200,228,,
2026-08-22T03:36:37.624784+00:00,LibGen,LibGen.bz,UP,200,695,,
2026-08-22T03:37:58.027251+00:00,LibGen,LibGen.bz,DOWN,,,connection_refused,
2026-08-22T03:38:38.469972+00:00,LibGen,LibGen.bz,UP,200,603,,
2026-08-22T03:39:38.872368+00:00,LibGen,LibGen.bz,UP,200,703,,
2026-08-22T03:40:40.092377+00:00,LibGen,LibGen.bz,UP,200,1130,,
2026-08-22T03:41:41.260529+00:00,LibGen,LibGen.bz,UP,200,1672,,
2026-08-22T03:42:41.539831+00:00,LibGen,LibGen.bz,UP,200,1013,,
2026-08-22T03:43:41.686297+00:00,LibGen,LibGen.bz,UP,200,776,,
2026-08-22T03:44:42.753881+00:00,LibGen,LibGen.bz,UP,200,727,,
2026-08-22T03:45:43.411817+00:00,LibGen,LibGen.bz,UP,200,677,,
2026-08-22T03:46:43.624083+00:00,LibGen,LibGen.bz,UP,200,724,,
2026-08-22T03:47:45.116584+00:00,LibGen,LibGen.bz,UP,200,813,,
2026-08-22T03:48:44.832938+00:00,LibGen,LibGen.bz,UP,200,587,,
2026-08-22T03:49:45.575944+00:00,LibGen,LibGen.bz,UP,200,761,,
2026-08-22T03:50:46.638912+00:00,LibGen,LibGen.bz,UP,200,670,,
2026-08-22T03:51:46.751296+00:00,LibGen,LibGen.bz,UP,200,716,,
2026-08-22T03:53:07.896346+00:00,LibGen,LibGen.bz,DOWN,,,connection_refused,
2026-08-22T03:53:48.384527+00:00,LibGen,LibGen.bz,UP,200,733,,
2026-08-22T03:54:49.581757+00:00,LibGen,LibGen.bz,UP,200,651,,
2026-08-22T03:55:50.242494+00:00,LibGen,LibGen.bz,UP,200,738,,
2026-08-22T03:56:50.955207+00:00,LibGen,LibGen.bz,UP,200,1115,,
2026-08-22T03:57:51.039619+00:00,LibGen,LibGen.bz,UP,200,609,,
2026-08-22T03:58:53.112397+00:00,LibGen,LibGen.bz,UP,200,1671,,
2026-08-22T03:59:52.901401+00:00,LibGen,LibGen.bz,UP,200,664,,
2026-08-22T04:00:53.532688+00:00,LibGen,LibGen.bz,UP,200,956,,
2026-08-22T04:01:53.873230+00:00,LibGen,LibGen.bz,UP,200,730,,
2026-08-22T04:02:55.098026+00:00,LibGen,LibGen.bz,UP,200,884,,
2026-08-22T04:03:55.892790+00:00,LibGen,LibGen.bz,UP,200,771,,
2026-08-22T04:04:56.655190+00:00,LibGen,LibGen.bz,UP,200,730,,
2026-08-22T04:05:57.104665+00:00,LibGen,LibGen.bz,UP,200,643,,
2026-08-22T04:07:00.291081+00:00,LibGen,LibGen.bz,UP,200,730,,
2026-08-22T04:07:58.630857+00:00,LibGen,LibGen.bz,UP,200,658,,
2026-08-22T04:08:59.119426+00:00,LibGen,LibGen.bz,UP,200,645,,
2026-08-22T04:09:59.937871+00:00,LibGen,LibGen.bz,UP,200,675,,
2026-08-22T04:11:01.828034+00:00,LibGen,LibGen.bz,UP,200,1216,,
2026-08-22T04:12:02.259752+00:00,LibGen,LibGen.bz,UP,200,796,,
2026-08-22T04:13:05.047821+00:00,LibGen,LibGen.bz,UP,200,775,,
2026-08-22T04:14:04.045595+00:00,LibGen,LibGen.bz,UP,200,1169,,
2026-08-22T04:15:06.324320+00:00,LibGen,LibGen.bz,UP,200,2769,,
2026-08-22T04:16:05.342033+00:00,LibGen,LibGen.bz,UP,200,887,,
2026-08-22T04:17:06.635495+00:00,LibGen,LibGen.bz,UP,200,852,,
2026-08-22T04:18:06.258288+00:00,LibGen,LibGen.bz,UP,200,240,,
2026-08-22T04:19:08.408748+00:00,LibGen,LibGen.bz,UP,200,1174,,
2026-08-22T04:20:08.179780+00:00,LibGen,LibGen.bz,UP,200,255,,
2026-08-22T04:21:09.374731+00:00,LibGen,LibGen.bz,UP,200,1579,,
2026-08-22T04:22:09.116046+00:00,LibGen,LibGen.bz,UP,200,641,,
2026-08-22T04:23:10.005182+00:00,LibGen,LibGen.bz,UP,200,802,,
2026-08-22T04:24:09.806865+00:00,LibGen,LibGen.bz,UP,200,251,,
2026-08-22T04:25:10.719340+00:00,LibGen,LibGen.bz,UP,200,773,,
2026-08-22T04:26:11.207936+00:00,LibGen,LibGen.bz,UP,200,679,,
2026-08-22T04:27:12.174960+00:00,LibGen,LibGen.bz,UP,200,750,,
2026-08-22T04:28:12.705685+00:00,LibGen,LibGen.bz,UP,200,597,,
2026-08-22T04:29:33.320089+00:00,LibGen,LibGen.bz,DOWN,,,connection_refused,
2026-08-22T04:30:13.590771+00:00,LibGen,LibGen.bz,UP,200,864,,
2026-08-22T04:31:14.083095+00:00,LibGen,LibGen.bz,UP,200,647,,
2026-08-22T04:32:14.977623+00:00,LibGen,LibGen.bz,UP,200,889,,
2026-08-22T04:33:15.976366+00:00,LibGen,LibGen.bz,UP,200,1146,,
2026-08-22T04:34:15.940254+00:00,LibGen,LibGen.bz,UP,200,692,,
2026-08-22T04:35:17.352596+00:00,LibGen,LibGen.bz,UP,200,807,,
2026-08-22T04:36:17.146385+00:00,LibGen,LibGen.bz,UP,200,734,,
2026-08-22T04:37:17.713259+00:00,LibGen,LibGen.bz,UP,200,748,,
2026-08-22T04:38:18.614815+00:00,LibGen,LibGen.bz,UP,200,701,,
2026-08-22T04:39:19.007209+00:00,LibGen,LibGen.bz,UP,200,251,,
2026-08-22T04:40:19.702572+00:00,LibGen,LibGen.bz,UP,200,741,,
2026-08-22T04:41:20.195564+00:00,LibGen,LibGen.bz,UP,200,567,,
2026-08-22T04:42:20.613519+00:00,LibGen,LibGen.bz,UP,200,705,,
2026-08-22T04:43:21.643444+00:00,LibGen,LibGen.bz,UP,200,530,,
2026-08-22T04:44:22.137793+00:00,LibGen,LibGen.bz,UP,200,590,,
2026-08-22T04:45:22.937836+00:00,LibGen,LibGen.bz,UP,200,783,,
2026-08-22T04:46:24.827585+00:00,LibGen,LibGen.bz,UP,200,1667,,
2026-08-22T04:47:47.636820+00:00,LibGen,LibGen.bz,DOWN,,,connection_refused,
2026-08-22T04:48:25.827764+00:00,LibGen,LibGen.bz,UP,200,778,,
2026-08-22T04:49:26.383764+00:00,LibGen,LibGen.bz,UP,200,706,,
2026-08-22T04:50:27.207095+00:00,LibGen,LibGen.bz,UP,200,705,,
2026-08-22T04:51:27.757550+00:00,LibGen,LibGen.bz,UP,200,774,,
2026-08-22T04:52:28.648182+00:00,LibGen,LibGen.bz,UP,200,823,,
2026-08-22T04:53:29.308347+00:00,LibGen,LibGen.bz,UP,200,591,,
2026-08-22T04:54:32.849147+00:00,LibGen,LibGen.bz,DEGRADED,200,3800,latency_high,
2026-08-22T04:55:30.267053+00:00,LibGen,LibGen.bz,UP,200,259,,
2026-08-22T04:56:31.555103+00:00,LibGen,LibGen.bz,DOWN,500,738,http_error,
2026-08-22T04:57:32.933870+00:00,LibGen,LibGen.bz,UP,200,879,,
2026-08-22T04:58:33.637413+00:00,LibGen,LibGen.bz,UP,200,1012,,
2026-08-22T04:59:53.307697+00:00,LibGen,LibGen.bz,DOWN,,,connection_refused,
2026-08-22T05:00:34.501649+00:00,LibGen,LibGen.bz,UP,200,743,,
2026-08-22T05:01:34.854527+00:00,LibGen,LibGen.bz,UP,200,814,,
2026-08-22T05:02:35.553724+00:00,LibGen,LibGen.bz,UP,200,820,,
2026-08-22T05:03:56.126136+00:00,LibGen,LibGen.bz,DOWN,,,connection_refused,
2026-08-22T05:04:37.030445+00:00,LibGen,LibGen.bz,UP,200,639,,
2026-08-22T05:05:37.304379+00:00,LibGen,LibGen.bz,UP,200,658,,
2026-08-22T05:06:38.672847+00:00,LibGen,LibGen.bz,UP,200,678,,
2026-08-22T05:07:39.051507+00:00,LibGen,LibGen.bz,UP,200,806,,
2026-08-22T05:08:40.092519+00:00,LibGen,LibGen.bz,UP,200,790,,
2026-08-22T05:09:40.704972+00:00,LibGen,LibGen.bz,UP,200,752,,
2026-08-22T05:10:41.308907+00:00,LibGen,LibGen.bz,UP,200,736,,
2026-08-22T05:11:40.972204+00:00,LibGen,LibGen.bz,UP,200,233,,
2026-08-22T05:12:42.092182+00:00,LibGen,LibGen.bz,UP,200,743,,
2026-08-22T05:13:42.841456+00:00,LibGen,LibGen.bz,UP,200,900,,
2026-08-22T05:14:43.703714+00:00,LibGen,LibGen.bz,UP,200,959,,
2026-08-22T05:15:44.388519+00:00,LibGen,LibGen.bz,UP,200,1125,,
2026-08-22T05:16:47.042139+00:00,LibGen,LibGen.bz,UP,200,684,,
2026-08-22T05:17:46.441289+00:00,LibGen,LibGen.bz,UP,200,922,,
2026-08-22T05:18:46.103313+00:00,LibGen,LibGen.bz,UP,200,758,,
2026-08-22T05:19:46.869573+00:00,LibGen,LibGen.bz,UP,200,788,,
2026-08-22T05:20:47.684271+00:00,LibGen,LibGen.bz,UP,200,698,,
2026-08-22T05:21:48.658432+00:00,LibGen,LibGen.bz,UP,200,688,,
2026-08-22T05:22:49.965734+00:00,LibGen,LibGen.bz,UP,200,1754,,
2026-08-22T05:23:50.021029+00:00,LibGen,LibGen.bz,UP,200,698,,
2026-08-22T05:24:51.906827+00:00,LibGen,LibGen.bz,UP,200,686,,
2026-08-22T05:25:50.245886+00:00,LibGen,LibGen.bz,UP,200,238,,
2026-08-22T05:26:51.446867+00:00,LibGen,LibGen.bz,UP,200,642,,
2026-08-22T05:27:52.088309+00:00,LibGen,LibGen.bz,UP,200,624,,
2026-08-22T05:28:52.715006+00:00,LibGen,LibGen.bz,UP,200,680,,
2026-08-22T05:29:54.344654+00:00,LibGen,LibGen.bz,UP,200,1591,,
2026-08-22T05:30:54.166043+00:00,LibGen,LibGen.bz,UP,200,796,,
2026-08-22T05:31:55.230001+00:00,LibGen,LibGen.bz,UP,200,917,,
2026-08-22T05:33:15.522036+00:00,LibGen,LibGen.bz,DOWN,,,connection_refused,
2026-08-22T05:33:57.525746+00:00,LibGen,LibGen.bz,UP,200,641,,
2026-08-22T05:34:57.008945+00:00,LibGen,LibGen.bz,UP,200,766,,
2026-08-22T05:35:57.945345+00:00,LibGen,LibGen.bz,UP,200,698,,
2026-08-22T05:36:58.346087+00:00,LibGen,LibGen.bz,UP,200,818,,
2026-08-22T05:37:59.519799+00:00,LibGen,LibGen.bz,UP,200,798,,
2026-08-22T05:39:03.856158+00:00,LibGen,LibGen.bz,UP,200,596,,
2026-08-22T05:40:00.620251+00:00,LibGen,LibGen.bz,UP,200,586,,
2026-08-22T05:41:01.278313+00:00,LibGen,LibGen.bz,UP,200,786,,
2026-08-22T05:42:02.467844+00:00,LibGen,LibGen.bz,UP,200,934,,
2026-08-22T05:43:02.043966+00:00,LibGen,LibGen.bz,UP,200,237,,
2026-08-22T05:44:03.351821+00:00,LibGen,LibGen.bz,UP,200,622,,
2026-08-22T05:45:07.594941+00:00,LibGen,LibGen.bz,UP,200,1355,,
2026-08-22T05:46:04.054592+00:00,LibGen,LibGen.bz,UP,200,262,,
2026-08-22T05:47:05.334148+00:00,LibGen,LibGen.bz,UP,200,734,,
2026-08-22T05:48:05.408889+00:00,LibGen,LibGen.bz,UP,200,238,,
2026-08-22T05:49:06.561865+00:00,LibGen,LibGen.bz,UP,200,770,,
2026-08-22T05:50:07.013453+00:00,LibGen,LibGen.bz,DOWN,500,725,http_error,
2026-08-22T05:51:07.683520+00:00,LibGen,LibGen.bz,UP,200,728,,
2026-08-22T05:52:08.592864+00:00,LibGen,LibGen.bz,UP,200,665,,
2026-08-22T05:53:08.336665+00:00,LibGen,LibGen.bz,UP,200,262,,
2026-08-22T05:54:09.464665+00:00,LibGen,LibGen.bz,UP,200,730,,
2026-08-22T05:55:10.053473+00:00,LibGen,LibGen.bz,UP,200,615,,
2026-08-22T05:56:12.353118+00:00,LibGen,LibGen.bz,UP,200,1013,,
2026-08-22T05:57:14.827145+00:00,LibGen,LibGen.bz,DEGRADED,200,3686,latency_high,
2026-08-22T05:58:12.118828+00:00,LibGen,LibGen.bz,UP,200,665,,
2026-08-22T05:59:12.832900+00:00,LibGen,LibGen.bz,UP,200,806,,
2026-08-22T06:00:14.591986+00:00,LibGen,LibGen.bz,UP,200,1220,,
2026-08-22T06:01:14.198019+00:00,LibGen,LibGen.bz,UP,200,715,,
2026-08-22T06:02:15.360139+00:00,LibGen,LibGen.bz,UP,200,816,,
2026-08-22T06:03:15.976697+00:00,LibGen,LibGen.bz,UP,200,740,,
2026-08-22T06:04:17.022814+00:00,LibGen,LibGen.bz,UP,200,925,,
2026-08-22T06:05:16.703686+00:00,LibGen,LibGen.bz,UP,200,710,,
2026-08-22T06:06:17.448269+00:00,LibGen,LibGen.bz,UP,200,786,,
2026-08-22T06:07:18.368431+00:00,LibGen,LibGen.bz,UP,200,632,,
2026-08-22T06:08:19.014135+00:00,LibGen,LibGen.bz,UP,200,1045,,
2026-08-22T06:09:19.409708+00:00,LibGen,LibGen.bz,UP,200,857,,
2026-08-22T06:10:19.911234+00:00,LibGen,LibGen.bz,UP,200,639,,
2026-08-22T06:11:21.878172+00:00,LibGen,LibGen.bz,UP,200,722,,
2026-08-22T06:12:21.579129+00:00,LibGen,LibGen.bz,UP,200,654,,
2026-08-22T06:13:22.231309+00:00,LibGen,LibGen.bz,UP,200,694,,
2026-08-22T06:14:22.524484+00:00,LibGen,LibGen.bz,UP,200,756,,
2026-08-22T06:15:24.085186+00:00,LibGen,LibGen.bz,UP,200,1460,,
2026-08-22T06:16:24.182211+00:00,LibGen,LibGen.bz,UP,200,871,,
2026-08-22T06:17:24.686742+00:00,LibGen,LibGen.bz,UP,200,858,,
2026-08-22T06:18:45.095145+00:00,LibGen,LibGen.bz,DOWN,,,connection_refused,
2026-08-22T06:19:26.283392+00:00,LibGen,LibGen.bz,UP,200,899,,
2026-08-22T06:20:26.503380+00:00,LibGen,LibGen.bz,UP,200,730,,
2026-08-22T06:21:27.086877+00:00,LibGen,LibGen.bz,UP,200,798,,
2026-08-22T06:22:27.768924+00:00,LibGen,LibGen.bz,UP,200,694,,
2026-08-22T06:23:28.994347+00:00,LibGen,LibGen.bz,UP,200,1067,,
2026-08-22T06:24:29.140919+00:00,LibGen,LibGen.bz,UP,200,765,,
2026-08-22T06:25:29.867961+00:00,LibGen,LibGen.bz,UP,200,603,,
2026-08-22T06:26:30.027005+00:00,LibGen,LibGen.bz,UP,200,626,,
2026-08-22T06:27:31.353863+00:00,LibGen,LibGen.bz,UP,200,1031,,
2026-08-22T06:28:31.474485+00:00,LibGen,LibGen.bz,UP,200,687,,
2026-08-22T06:29:31.412166+00:00,LibGen,LibGen.bz,DOWN,,,connection_refused,
2026-08-22T06:30:33.111946+00:00,LibGen,LibGen.bz,UP,200,826,,
2026-08-22T06:31:53.940303+00:00,LibGen,LibGen.bz,DOWN,,,connection_refused,
2026-08-22T06:32:36.040116+00:00,LibGen,LibGen.bz,UP,200,1731,,
2026-08-22T06:33:35.183802+00:00,LibGen,LibGen.bz,UP,200,252,,
2026-08-22T06:34:36.200836+00:00,LibGen,LibGen.bz,UP,200,615,,
2026-08-22T06:35:37.073449+00:00,LibGen,LibGen.bz,UP,200,779,,
2026-08-22T06:36:36.774738+00:00,LibGen,LibGen.bz,UP,200,737,,
2026-08-22T06:37:57.634668+00:00,LibGen,LibGen.bz,DOWN,,,connection_refused,
2026-08-22T06:38:38.048429+00:00,LibGen,LibGen.bz,UP,200,663,,
2026-08-22T06:39:59.502319+00:00,LibGen,LibGen.bz,DOWN,,,connection_refused,
2026-08-22T06:40:39.840818+00:00,LibGen,LibGen.bz,UP,200,816,,
2026-08-22T06:41:40.443263+00:00,LibGen,LibGen.bz,UP,200,824,,
2026-08-22T06:42:41.483075+00:00,LibGen,LibGen.bz,UP,200,758,,
2026-08-22T06:43:42.368906+00:00,LibGen,LibGen.bz,UP,200,714,,
2026-08-22T06:44:43.740865+00:00,LibGen,LibGen.bz,UP,200,1174,,
2026-08-22T06:45:43.393555+00:00,LibGen,LibGen.bz,UP,200,741,,
2026-08-22T06:47:03.817243+00:00,LibGen,LibGen.bz,DOWN,,,connection_refused,
2026-08-22T06:47:44.436965+00:00,LibGen,LibGen.bz,UP,200,707,,
2026-08-22T06:48:45.746911+00:00,LibGen,LibGen.bz,UP,200,653,,
2026-08-22T06:49:45.626997+00:00,LibGen,LibGen.bz,UP,200,670,,
2026-08-22T06:50:46.468053+00:00,LibGen,LibGen.bz,UP,200,834,,
2026-08-22T06:51:46.952497+00:00,LibGen,LibGen.bz,UP,200,649,,
2026-08-22T06:52:47.886165+00:00,LibGen,LibGen.bz,UP,200,949,,
2026-08-22T06:53:48.290585+00:00,LibGen,LibGen.bz,UP,200,698,,
2026-08-22T06:54:49.786644+00:00,LibGen,LibGen.bz,UP,200,1131,,
2026-08-22T06:55:50.447302+00:00,LibGen,LibGen.bz,UP,200,1074,,
2026-08-22T06:56:50.396754+00:00,LibGen,LibGen.bz,UP,200,748,,
2026-08-22T06:57:51.072492+00:00,LibGen,LibGen.bz,UP,200,721,,
2026-08-22T06:58:52.012339+00:00,LibGen,LibGen.bz,UP,200,767,,
2026-08-22T06:59:53.200784+00:00,LibGen,LibGen.bz,UP,200,685,,
2026-08-22T07:00:53.559157+00:00,LibGen,LibGen.bz,UP,200,767,,
2026-08-22T07:01:54.402041+00:00,LibGen,LibGen.bz,UP,200,715,,
2026-08-22T07:02:55.416338+00:00,LibGen,LibGen.bz,UP,200,822,,
2026-08-22T07:03:55.688313+00:00,LibGen,LibGen.bz,UP,200,803,,
2026-08-22T07:04:56.137241+00:00,LibGen,LibGen.bz,UP,200,686,,
2026-08-22T07:05:56.924375+00:00,LibGen,LibGen.bz,UP,200,713,,
2026-08-22T07:06:57.411703+00:00,LibGen,LibGen.bz,UP,200,265,,
2026-08-22T07:07:58.429429+00:00,LibGen,LibGen.bz,UP,200,960,,
2026-08-22T07:09:18.659403+00:00,LibGen,LibGen.bz,DOWN,,,connection_refused,
2026-08-22T07:09:59.896440+00:00,LibGen,LibGen.bz,UP,200,679,,
2026-08-22T07:11:00.387354+00:00,LibGen,LibGen.bz,UP,200,751,,
2026-08-22T07:12:01.050187+00:00,LibGen,LibGen.bz,UP,200,853,,
2026-08-22T07:13:01.702549+00:00,LibGen,LibGen.bz,UP,200,817,,
2026-08-22T07:14:02.422087+00:00,LibGen,LibGen.bz,UP,200,936,,
2026-08-22T07:15:03.284412+00:00,LibGen,LibGen.bz,UP,200,1093,,
2026-08-22T07:16:03.737420+00:00,LibGen,LibGen.bz,UP,200,846,,
2026-08-22T07:17:05.106818+00:00,LibGen,LibGen.bz,UP,200,767,,
2026-08-22T07:18:05.778901+00:00,LibGen,LibGen.bz,UP,200,853,,
2026-08-22T07:19:05.861992+00:00,LibGen,LibGen.bz,UP,200,746,,
2026-08-22T07:20:05.797478+00:00,LibGen,LibGen.bz,DOWN,,,connection_refused,
2026-08-22T07:21:09.934953+00:00,LibGen,LibGen.bz,UP,200,677,,
2026-08-22T07:22:07.889584+00:00,LibGen,LibGen.bz,UP,200,240,,
2026-08-22T07:23:10.139219+00:00,LibGen,LibGen.bz,UP,200,819,,
2026-08-22T07:24:10.302429+00:00,LibGen,LibGen.bz,UP,200,763,,
2026-08-22T07:25:30.168114+00:00,LibGen,LibGen.bz,DOWN,,,connection_refused,
2026-08-22T07:26:11.413938+00:00,LibGen,LibGen.bz,UP,200,787,,
2026-08-22T07:27:13.438106+00:00,LibGen,LibGen.bz,UP,200,729,,
2026-08-22T07:28:12.353409+00:00,LibGen,LibGen.bz,UP,200,697,,
2026-08-22T07:29:13.431315+00:00,LibGen,LibGen.bz,UP,200,601,,
2026-08-22T07:30:14.077397+00:00,LibGen,LibGen.bz,UP,200,892,,
2026-08-22T07:31:15.216955+00:00,LibGen,LibGen.bz,UP,200,750,,
2026-08-22T07:32:15.027802+00:00,LibGen,LibGen.bz,UP,200,873,,
2026-08-22T07:33:19.842188+00:00,LibGen,LibGen.bz,DEGRADED,200,3898,latency_high,
2026-08-22T07:34:16.979416+00:00,LibGen,LibGen.bz,UP,200,1213,,
2026-08-22T07:35:17.064320+00:00,LibGen,LibGen.bz,UP,200,730,,
2026-08-22T07:36:18.376268+00:00,LibGen,LibGen.bz,UP,200,836,,
2026-08-22T07:37:18.420155+00:00,LibGen,LibGen.bz,UP,200,718,,
2026-08-22T07:38:20.183884+00:00,LibGen,LibGen.bz,UP,200,746,,
2026-08-22T07:39:20.848300+00:00,LibGen,LibGen.bz,UP,200,825,,
2026-08-22T07:40:21.015215+00:00,LibGen,LibGen.bz,UP,200,1183,,
2026-08-22T07:41:22.273337+00:00,LibGen,LibGen.bz,UP,200,1731,,
2026-08-22T07:42:21.682883+00:00,LibGen,LibGen.bz,UP,200,635,,
2026-08-22T07:43:22.561395+00:00,LibGen,LibGen.bz,UP,200,745,,
2026-08-22T07:44:24.264446+00:00,LibGen,LibGen.bz,UP,200,1301,,
2026-08-22T07:45:24.067061+00:00,LibGen,LibGen.bz,UP,200,747,,
2026-08-22T07:46:25.112442+00:00,LibGen,LibGen.bz,UP,200,883,,
2026-08-22T07:47:26.214099+00:00,LibGen,LibGen.bz,UP,200,1199,,
2026-08-22T07:48:26.355967+00:00,LibGen,LibGen.bz,UP,200,669,,
2026-08-22T07:49:28.483062+00:00,LibGen,LibGen.bz,UP,200,785,,
2026-08-22T07:50:28.195381+00:00,LibGen,LibGen.bz,UP,200,840,,
2026-08-22T07:51:33.013705+00:00,LibGen,LibGen.bz,DEGRADED,200,5336,latency_high,
2026-08-22T07:52:29.419955+00:00,LibGen,LibGen.bz,UP,200,706,,
2026-08-22T07:53:30.213800+00:00,LibGen,LibGen.bz,UP,200,684,,
2026-08-22T07:54:30.717117+00:00,LibGen,LibGen.bz,UP,200,852,,
2026-08-22T07:55:30.726315+00:00,LibGen,LibGen.bz,UP,200,785,,
2026-08-22T07:56:31.687577+00:00,LibGen,LibGen.bz,UP,200,854,,
2026-08-22T07:57:35.966320+00:00,LibGen,LibGen.bz,DEGRADED,200,3861,latency_high,
2026-08-22T07:58:33.567398+00:00,LibGen,LibGen.bz,UP,200,723,,
2026-08-22T07:59:33.961979+00:00,LibGen,LibGen.bz,UP,200,747,,
2026-08-22T08:00:34.185065+00:00,LibGen,LibGen.bz,UP,200,1107,,
2026-08-22T08:01:35.150798+00:00,LibGen,LibGen.bz,UP,200,1111,,
2026-08-22T08:02:35.035116+00:00,LibGen,LibGen.bz,UP,200,661,,
2026-08-22T08:03:38.469530+00:00,LibGen,LibGen.bz,UP,200,681,,
2026-08-22T08:04:36.687321+00:00,LibGen,LibGen.bz,UP,200,699,,
2026-08-22T08:05:38.700899+00:00,LibGen,LibGen.bz,UP,200,802,,
2026-08-22T08:06:37.800919+00:00,LibGen,LibGen.bz,UP,200,637,,
2026-08-22T08:07:38.352384+00:00,LibGen,LibGen.bz,UP,200,885,,
2026-08-22T08:08:39.129449+00:00,LibGen,LibGen.bz,UP,200,665,,
2026-08-22T08:09:39.554739+00:00,LibGen,LibGen.bz,UP,200,876,,
2026-08-22T08:10:41.790722+00:00,LibGen,LibGen.bz,UP,200,807,,
2026-08-22T08:11:41.216989+00:00,LibGen,LibGen.bz,UP,200,841,,
2026-08-22T08:12:42.242252+00:00,LibGen,LibGen.bz,UP,200,858,,
2026-08-22T08:13:43.027402+00:00,LibGen,LibGen.bz,UP,200,756,,
2026-08-22T08:14:43.889662+00:00,LibGen,LibGen.bz,UP,200,902,,
2026-08-22T08:15:44.110083+00:00,LibGen,LibGen.bz,UP,200,756,,
2026-08-22T08:16:44.746058+00:00,LibGen,LibGen.bz,UP,200,699,,
2026-08-22T08:17:45.617123+00:00,LibGen,LibGen.bz,UP,200,881,,
2026-08-22T08:18:46.246062+00:00,LibGen,LibGen.bz,UP,200,798,,
2026-08-22T08:19:47.030621+00:00,LibGen,LibGen.bz,UP,200,721,,
2026-08-22T08:20:47.155872+00:00,LibGen,LibGen.bz,UP,200,301,,
2026-08-22T08:21:49.407019+00:00,LibGen,LibGen.bz,UP,200,777,,
2026-08-22T08:22:49.478470+00:00,LibGen,LibGen.bz,UP,200,847,,
2026-08-22T08:23:49.455012+00:00,LibGen,LibGen.bz,UP,200,640,,
2026-08-22T08:24:50.719705+00:00,LibGen,LibGen.bz,UP,200,676,,
2026-08-22T08:25:51.257619+00:00,LibGen,LibGen.bz,UP,200,639,,
2026-08-22T08:26:51.714904+00:00,LibGen,LibGen.bz,UP,200,566,,
2026-08-22T08:27:52.055461+00:00,LibGen,LibGen.bz,UP,200,633,,
2026-08-22T08:28:52.710418+00:00,LibGen,LibGen.bz,UP,200,717,,
2026-08-22T08:29:53.396777+00:00,LibGen,LibGen.bz,UP,200,668,,
2026-08-22T08:30:54.148508+00:00,LibGen,LibGen.bz,UP,200,747,,
2026-08-22T08:31:55.315447+00:00,LibGen,LibGen.bz,UP,200,721,,
2026-08-22T08:32:56.109875+00:00,LibGen,LibGen.bz,UP,200,866,,
2026-08-22T08:33:56.754784+00:00,LibGen,LibGen.bz,UP,200,1301,,
2026-08-22T08:34:56.297235+00:00,LibGen,LibGen.bz,UP,200,261,,
2026-08-22T08:35:59.632228+00:00,LibGen,LibGen.bz,UP,200,637,,
2026-08-22T08:36:58.044771+00:00,LibGen,LibGen.bz,UP,200,697,,
2026-08-22T08:37:58.991631+00:00,LibGen,LibGen.bz,UP,200,616,,
2026-08-22T08:38:59.434269+00:00,LibGen,LibGen.bz,UP,200,733,,
2026-08-22T08:40:00.002959+00:00,LibGen,LibGen.bz,UP,200,589,,
2026-08-22T08:41:02.178009+00:00,LibGen,LibGen.bz,UP,200,753,,
2026-08-22T08:42:01.891015+00:00,LibGen,LibGen.bz,UP,200,800,,
2026-08-22T08:43:03.467626+00:00,LibGen,LibGen.bz,UP,200,1132,,
2026-08-22T08:44:03.686126+00:00,LibGen,LibGen.bz,UP,200,808,,
2026-08-22T08:45:03.920249+00:00,LibGen,LibGen.bz,UP,200,733,,
2026-08-22T08:46:06.226274+00:00,LibGen,LibGen.bz,UP,200,781,,
2026-08-22T08:47:05.554824+00:00,LibGen,LibGen.bz,UP,200,797,,
2026-08-22T08:48:06.559561+00:00,LibGen,LibGen.bz,UP,200,763,,
2026-08-22T08:49:06.161313+00:00,LibGen,LibGen.bz,UP,200,238,,
2026-08-22T08:50:07.287777+00:00,LibGen,LibGen.bz,UP,200,742,,
2026-08-22T08:51:08.019801+00:00,LibGen,LibGen.bz,UP,200,672,,
2026-08-22T08:52:09.617954+00:00,LibGen,LibGen.bz,UP,200,709,,
2026-08-22T08:53:25.498206+00:00,LibGen,LibGen.bz,UP,200,989,,
2026-08-22T08:54:10.222432+00:00,LibGen,LibGen.bz,UP,200,913,,
2026-08-22T08:55:10.666424+00:00,LibGen,LibGen.bz,UP,200,708,,
2026-08-22T08:56:11.274558+00:00,LibGen,LibGen.bz,UP,200,687,,
2026-08-22T08:57:12.280772+00:00,LibGen,LibGen.bz,UP,200,629,,
2026-08-22T08:58:12.103867+00:00,LibGen,LibGen.bz,UP,200,577,,
2026-08-22T08:59:35.421504+00:00,LibGen,LibGen.bz,DOWN,,,connection_refused,
2026-08-22T09:00:34.530266+00:00,LibGen,LibGen.bz,DOWN,,,connection_refused,
2026-08-22T09:01:14.421334+00:00,LibGen,LibGen.bz,UP,200,731,,
2026-08-22T09:02:14.807925+00:00,LibGen,LibGen.bz,UP,200,684,,
2026-08-22T09:03:15.784168+00:00,LibGen,LibGen.bz,UP,200,682,,
2026-08-22T09:04:15.583919+00:00,LibGen,LibGen.bz,UP,200,246,,
2026-08-22T09:05:16.922855+00:00,LibGen,LibGen.bz,UP,200,892,,
2026-08-22T09:06:19.769388+00:00,LibGen,LibGen.bz,UP,200,700,,
2026-08-22T09:07:18.125443+00:00,LibGen,LibGen.bz,UP,200,757,,
2026-08-22T09:08:19.358909+00:00,LibGen,LibGen.bz,UP,200,950,,
2026-08-22T09:09:18.813791+00:00,LibGen,LibGen.bz,UP,200,278,,
2026-08-22T09:10:20.321169+00:00,LibGen,LibGen.bz,UP,200,675,,
2026-08-22T09:11:21.031783+00:00,LibGen,LibGen.bz,UP,200,742,,
2026-08-22T09:12:21.256583+00:00,LibGen,LibGen.bz,UP,200,687,,
2026-08-22T09:13:22.311838+00:00,LibGen,LibGen.bz,UP,200,606,,
2026-08-22T09:14:22.943248+00:00,LibGen,LibGen.bz,UP,200,994,,
2026-08-22T09:15:23.525213+00:00,LibGen,LibGen.bz,UP,200,982,,
2026-08-22T09:16:23.924038+00:00,LibGen,LibGen.bz,UP,200,251,,
2026-08-22T09:17:24.685090+00:00,LibGen,LibGen.bz,UP,200,848,,
2026-08-22T09:18:25.578363+00:00,LibGen,LibGen.bz,UP,200,665,,
2026-08-22T09:19:25.852566+00:00,LibGen,LibGen.bz,UP,200,690,,
2026-08-22T09:20:26.700321+00:00,LibGen,LibGen.bz,UP,200,838,,
2026-08-22T09:21:27.508930+00:00,LibGen,LibGen.bz,UP,200,599,,
2026-08-22T09:22:49.467113+00:00,LibGen,LibGen.bz,DOWN,,,connection_refused,
2026-08-22T09:23:28.921623+00:00,LibGen,LibGen.bz,UP,200,697,,
2026-08-22T09:24:29.271822+00:00,LibGen,LibGen.bz,UP,200,721,,
2026-08-22T09:25:30.758841+00:00,LibGen,LibGen.bz,UP,200,664,,
2026-08-22T09:26:30.533869+00:00,LibGen,LibGen.bz,UP,200,273,,
2026-08-22T09:27:32.323777+00:00,LibGen,LibGen.bz,UP,200,696,,
2026-08-22T09:28:31.992298+00:00,LibGen,LibGen.bz,UP,200,674,,
2026-08-22T09:29:33.435636+00:00,LibGen,LibGen.bz,UP,200,1528,,
2026-08-22T09:30:33.313796+00:00,LibGen,LibGen.bz,UP,200,710,,
2026-08-22T09:31:34.955002+00:00,LibGen,LibGen.bz,UP,200,547,,
2026-08-22T09:32:34.496035+00:00,LibGen,LibGen.bz,UP,200,302,,
2026-08-22T09:33:35.480662+00:00,LibGen,LibGen.bz,UP,200,644,,
2026-08-22T09:34:36.044709+00:00,LibGen,LibGen.bz,UP,200,592,,
2026-08-22T09:35:37.200224+00:00,LibGen,LibGen.bz,UP,200,724,,
2026-08-22T09:36:37.726738+00:00,LibGen,LibGen.bz,UP,200,708,,
2026-08-22T09:37:38.729231+00:00,LibGen,LibGen.bz,UP,200,586,,
2026-08-22T09:38:38.624854+00:00,LibGen,LibGen.bz,UP,200,243,,
2026-08-22T09:39:39.648577+00:00,LibGen,LibGen.bz,UP,200,660,,
2026-08-22T09:40:41.299267+00:00,LibGen,LibGen.bz,UP,200,696,,
2026-08-22T09:41:42.772314+00:00,LibGen,LibGen.bz,UP,200,1758,,
2026-08-22T09:42:42.242796+00:00,LibGen,LibGen.bz,UP,200,976,,
2026-08-22T09:43:42.081797+00:00,LibGen,LibGen.bz,UP,200,236,,
2026-08-22T09:44:43.238488+00:00,LibGen,LibGen.bz,UP,200,756,,
2026-08-22T09:45:43.982743+00:00,LibGen,LibGen.bz,UP,200,743,,
2026-08-22T09:46:44.584381+00:00,LibGen,LibGen.bz,UP,200,594,,
2026-08-22T09:47:45.653121+00:00,LibGen,LibGen.bz,UP,200,604,,
2026-08-22T09:48:46.738850+00:00,LibGen,LibGen.bz,UP,200,1126,,
2026-08-22T09:49:47.301445+00:00,LibGen,LibGen.bz,UP,200,666,,
2026-08-22T09:50:47.544211+00:00,LibGen,LibGen.bz,UP,200,687,,
2026-08-22T09:51:48.599504+00:00,LibGen,LibGen.bz,UP,200,634,,
2026-08-22T09:52:49.179003+00:00,LibGen,LibGen.bz,UP,200,988,,
2026-08-22T09:53:49.145872+00:00,LibGen,LibGen.bz,UP,200,251,,
2026-08-22T09:54:50.864396+00:00,LibGen,LibGen.bz,UP,200,1041,,
2026-08-22T09:55:51.158983+00:00,LibGen,LibGen.bz,UP,200,623,,
2026-08-22T09:56:51.001859+00:00,LibGen,LibGen.bz,DOWN,,,connection_refused,
2026-08-22T09:57:52.436860+00:00,LibGen,LibGen.bz,UP,200,602,,
2026-08-22T09:58:53.211060+00:00,LibGen,LibGen.bz,UP,200,705,,
2026-08-22T09:59:53.199513+00:00,LibGen,LibGen.bz,DOWN,,,connection_refused,
2026-08-22T10:00:55.094441+00:00,LibGen,LibGen.bz,UP,200,741,,
2026-08-22T10:01:55.526730+00:00,LibGen,LibGen.bz,UP,200,728,,
2026-08-22T10:02:56.070629+00:00,LibGen,LibGen.bz,UP,200,674,,
2026-08-22T10:03:56.996639+00:00,LibGen,LibGen.bz,UP,200,1145,,
2026-08-22T10:04:57.645446+00:00,LibGen,LibGen.bz,UP,200,638,,
2026-08-22T10:05:58.565523+00:00,LibGen,LibGen.bz,UP,200,840,,
2026-08-22T10:06:59.308331+00:00,LibGen,LibGen.bz,UP,200,719,,
2026-08-22T10:07:59.620118+00:00,LibGen,LibGen.bz,UP,200,714,,
2026-08-22T10:09:01.565129+00:00,LibGen,LibGen.bz,UP,200,1794,,
2026-08-22T10:10:00.603802+00:00,LibGen,LibGen.bz,UP,200,865,,
2026-08-22T10:11:01.098903+00:00,LibGen,LibGen.bz,UP,200,766,,
2026-08-22T10:12:02.147895+00:00,LibGen,LibGen.bz,UP,200,721,,
2026-08-22T10:13:03.590143+00:00,LibGen,LibGen.bz,UP,200,827,,
2026-08-22T10:14:05.378811+00:00,LibGen,LibGen.bz,DEGRADED,200,3257,latency_high,
2026-08-22T10:15:04.392109+00:00,LibGen,LibGen.bz,UP,200,1386,,
2026-08-22T10:16:03.644692+00:00,LibGen,LibGen.bz,UP,200,756,,
2026-08-22T10:17:04.367016+00:00,LibGen,LibGen.bz,UP,200,689,,
2026-08-22T10:18:05.463446+00:00,LibGen,LibGen.bz,UP,200,669,,
2026-08-22T10:19:05.200830+00:00,LibGen,LibGen.bz,UP,200,254,,
2026-08-22T10:20:07.451574+00:00,LibGen,LibGen.bz,UP,200,1027,,
2026-08-22T10:21:07.714720+00:00,LibGen,LibGen.bz,UP,200,751,,
2026-08-22T10:22:08.319003+00:00,LibGen,LibGen.bz,UP,200,641,,
2026-08-22T10:23:08.878972+00:00,LibGen,LibGen.bz,UP,200,667,,
2026-08-22T10:24:09.537662+00:00,LibGen,LibGen.bz,UP,200,706,,
2026-08-22T10:25:10.032858+00:00,LibGen,LibGen.bz,UP,200,820,,
2026-08-22T10:26:10.149284+00:00,LibGen,LibGen.bz,UP,200,250,,
2026-08-22T10:27:12.882231+00:00,LibGen,LibGen.bz,UP,200,630,,
2026-08-22T10:28:12.493697+00:00,LibGen,LibGen.bz,UP,200,981,,
2026-08-22T10:29:12.794779+00:00,LibGen,LibGen.bz,UP,200,678,,
2026-08-22T10:30:14.679953+00:00,LibGen,LibGen.bz,UP,200,913,,
2026-08-22T10:31:14.050623+00:00,LibGen,LibGen.bz,UP,200,231,,
2026-08-22T10:32:15.072398+00:00,LibGen,LibGen.bz,UP,200,744,,
2026-08-22T10:33:15.640397+00:00,LibGen,LibGen.bz,UP,200,640,,
2026-08-22T10:34:16.369509+00:00,LibGen,LibGen.bz,UP,200,617,,
2026-08-22T10:35:18.507738+00:00,LibGen,LibGen.bz,UP,200,626,,
2026-08-22T10:36:18.126051+00:00,LibGen,LibGen.bz,UP,200,687,,
2026-08-22T10:37:19.569025+00:00,LibGen,LibGen.bz,UP,200,987,,
2026-08-22T10:38:19.409239+00:00,LibGen,LibGen.bz,UP,200,241,,
2026-08-22T10:39:20.236637+00:00,LibGen,LibGen.bz,UP,200,796,,
2026-08-22T10:40:21.009991+00:00,LibGen,LibGen.bz,UP,200,765,,
2026-08-22T10:41:21.819149+00:00,LibGen,LibGen.bz,UP,200,693,,
2026-08-22T10:42:22.172537+00:00,LibGen,LibGen.bz,UP,200,630,,
2026-08-22T10:43:23.296693+00:00,LibGen,LibGen.bz,UP,200,657,,
2026-08-22T10:44:23.419714+00:00,LibGen,LibGen.bz,UP,200,226,,
2026-08-22T10:45:24.281955+00:00,LibGen,LibGen.bz,UP,200,696,,
2026-08-22T10:46:25.857843+00:00,LibGen,LibGen.bz,UP,200,1118,,
2026-08-22T10:47:26.137717+00:00,LibGen,LibGen.bz,UP,200,732,,
2026-08-22T10:48:26.869101+00:00,LibGen,LibGen.bz,UP,200,649,,
2026-08-22T10:49:28.198752+00:00,LibGen,LibGen.bz,UP,200,604,,
2026-08-22T10:50:27.876446+00:00,LibGen,LibGen.bz,UP,200,670,,
2026-08-22T10:51:28.747478+00:00,LibGen,LibGen.bz,UP,200,600,,
2026-08-22T10:52:30.060547+00:00,LibGen,LibGen.bz,UP,200,657,,
2026-08-22T10:53:30.377514+00:00,LibGen,LibGen.bz,UP,200,238,,
2026-08-22T10:54:31.218513+00:00,LibGen,LibGen.bz,UP,200,731,,
2026-08-22T10:55:31.988111+00:00,LibGen,LibGen.bz,UP,200,790,,
2026-08-22T10:56:32.960241+00:00,LibGen,LibGen.bz,UP,200,628,,
2026-08-22T10:57:33.315692+00:00,LibGen,LibGen.bz,UP,200,696,,
2026-08-22T10:58:34.029492+00:00,LibGen,LibGen.bz,UP,200,611,,
2026-08-22T10:59:35.205183+00:00,LibGen,LibGen.bz,UP,200,679,,
2026-08-22T11:00:35.839779+00:00,LibGen,LibGen.bz,UP,200,754,,
2026-08-22T11:01:35.822402+00:00,LibGen,LibGen.bz,DOWN,,,connection_refused,
2026-08-22T11:02:37.337724+00:00,LibGen,LibGen.bz,UP,200,747,,
2026-08-22T11:03:37.880550+00:00,LibGen,LibGen.bz,UP,200,586,,
2026-08-22T11:04:38.939147+00:00,LibGen,LibGen.bz,UP,200,895,,
2026-08-22T11:05:38.799999+00:00,LibGen,LibGen.bz,DOWN,,,connection_refused,
2026-08-22T11:06:41.247553+00:00,LibGen,LibGen.bz,UP,200,1637,,
2026-08-22T11:07:41.450728+00:00,LibGen,LibGen.bz,UP,200,744,,
2026-08-22T11:08:41.993800+00:00,LibGen,LibGen.bz,UP,200,702,,
2026-08-22T11:09:42.165486+00:00,LibGen,LibGen.bz,UP,200,594,,
2026-08-22T11:10:42.868190+00:00,LibGen,LibGen.bz,UP,200,604,,
2026-08-22T11:11:43.989938+00:00,LibGen,LibGen.bz,UP,200,670,,
2026-08-22T11:12:44.741235+00:00,LibGen,LibGen.bz,UP,200,635,,
2026-08-22T11:13:45.080277+00:00,LibGen,LibGen.bz,UP,200,695,,
2026-08-22T11:14:45.669171+00:00,LibGen,LibGen.bz,UP,200,614,,
2026-08-22T11:15:46.869889+00:00,LibGen,LibGen.bz,UP,200,677,,
2026-08-22T11:16:47.551805+00:00,LibGen,LibGen.bz,UP,200,707,,
2026-08-22T11:17:48.010789+00:00,LibGen,LibGen.bz,UP,200,920,,
2026-08-22T11:18:48.760243+00:00,LibGen,LibGen.bz,UP,200,571,,
2026-08-22T11:19:48.598952+00:00,LibGen,LibGen.bz,DOWN,,,connection_refused,
2026-08-22T11:20:49.953137+00:00,LibGen,LibGen.bz,UP,200,627,,
2026-08-22T11:21:50.768300+00:00,LibGen,LibGen.bz,UP,200,668,,
2026-08-22T11:22:51.482936+00:00,LibGen,LibGen.bz,UP,200,752,,
2026-08-22T11:23:52.120816+00:00,LibGen,LibGen.bz,UP,200,708,,
2026-08-22T11:24:52.518309+00:00,LibGen,LibGen.bz,UP,200,763,,
2026-08-22T11:25:53.190397+00:00,LibGen,LibGen.bz,UP,200,675,,
2026-08-22T11:26:53.873233+00:00,LibGen,LibGen.bz,UP,200,618,,
2026-08-22T11:27:55.255048+00:00,LibGen,LibGen.bz,UP,200,626,,
2026-08-22T11:28:55.827509+00:00,LibGen,LibGen.bz,UP,200,714,,
2026-08-22T11:29:56.482983+00:00,LibGen,LibGen.bz,UP,200,575,,
2026-08-22T11:30:57.504256+00:00,LibGen,LibGen.bz,UP,200,761,,
2026-08-22T11:31:58.414096+00:00,LibGen,LibGen.bz,UP,200,711,,
2026-08-22T11:32:59.844876+00:00,LibGen,LibGen.bz,UP,200,590,,
2026-08-22T11:33:59.461347+00:00,LibGen,LibGen.bz,UP,200,270,,
2026-08-22T11:35:01.673252+00:00,LibGen,LibGen.bz,UP,200,1570,,
2026-08-22T11:36:02.817369+00:00,LibGen,LibGen.bz,UP,200,793,,
2026-08-22T11:37:02.687827+00:00,LibGen,LibGen.bz,UP,200,766,,
2026-08-22T11:38:03.719880+00:00,LibGen,LibGen.bz,UP,200,777,,
2026-08-22T11:39:04.280507+00:00,LibGen,LibGen.bz,UP,200,782,,
2026-08-22T11:40:06.389637+00:00,LibGen,LibGen.bz,UP,200,262,,
2026-08-22T11:41:09.629006+00:00,LibGen,LibGen.bz,DEGRADED,200,3934,latency_high,
2026-08-22T11:42:05.988930+00:00,LibGen,LibGen.bz,UP,200,717,,
2026-08-22T11:43:06.514029+00:00,LibGen,LibGen.bz,UP,200,234,,
2026-08-22T11:44:07.591368+00:00,LibGen,LibGen.bz,UP,200,813,,
2026-08-22T11:45:08.373087+00:00,LibGen,LibGen.bz,UP,200,665,,
2026-08-22T11:46:08.689918+00:00,LibGen,LibGen.bz,UP,200,652,,
2026-08-22T11:47:09.425370+00:00,LibGen,LibGen.bz,UP,200,707,,
2026-08-22T11:48:10.614557+00:00,LibGen,LibGen.bz,UP,200,664,,
2026-08-22T11:49:10.830133+00:00,LibGen,LibGen.bz,UP,200,731,,
2026-08-22T11:50:12.678919+00:00,LibGen,LibGen.bz,UP,200,1055,,
2026-08-22T11:51:12.484793+00:00,LibGen,LibGen.bz,UP,200,866,,
2026-08-22T11:52:12.471614+00:00,LibGen,LibGen.bz,UP,200,291,,
2026-08-22T11:53:13.557009+00:00,LibGen,LibGen.bz,UP,200,683,,
2026-08-22T11:54:14.429437+00:00,LibGen,LibGen.bz,UP,200,715,,
2026-08-22T11:55:35.031698+00:00,LibGen,LibGen.bz,DOWN,,,connection_refused,
2026-08-22T11:56:15.801106+00:00,LibGen,LibGen.bz,UP,200,766,,
2026-08-22T11:57:16.935814+00:00,LibGen,LibGen.bz,UP,200,642,,
2026-08-22T11:58:17.674169+00:00,LibGen,LibGen.bz,UP,200,602,,
2026-08-22T11:59:38.385347+00:00,LibGen,LibGen.bz,DOWN,,,connection_refused,
2026-08-22T12:00:19.167891+00:00,LibGen,LibGen.bz,UP,200,816,,
2026-08-22T12:01:20.013882+00:00,LibGen,LibGen.bz,UP,200,912,,
2026-08-22T12:02:20.207034+00:00,LibGen,LibGen.bz,UP,200,253,,
2026-08-22T12:03:21.307988+00:00,LibGen,LibGen.bz,UP,200,727,,
2026-08-22T12:04:21.813639+00:00,LibGen,LibGen.bz,UP,200,736,,
2026-08-22T12:05:22.962750+00:00,LibGen,LibGen.bz,UP,200,706,,
2026-08-22T12:06:23.727055+00:00,LibGen,LibGen.bz,UP,200,716,,
2026-08-22T12:07:44.221534+00:00,LibGen,LibGen.bz,DOWN,,,connection_refused,
2026-08-22T12:08:25.707730+00:00,LibGen,LibGen.bz,UP,200,758,,
2026-08-22T12:09:26.224385+00:00,LibGen,LibGen.bz,UP,200,1156,,
2026-08-22T12:10:27.170342+00:00,LibGen,LibGen.bz,UP,200,836,,
2026-08-22T12:11:32.407094+00:00,LibGen,LibGen.bz,UP,200,2889,,
2026-08-22T12:12:28.175996+00:00,LibGen,LibGen.bz,UP,200,248,,
2026-08-22T12:13:30.691028+00:00,LibGen,LibGen.bz,UP,200,1111,,
2026-08-22T12:14:30.025955+00:00,LibGen,LibGen.bz,UP,200,800,,
2026-08-22T12:15:30.742738+00:00,LibGen,LibGen.bz,UP,200,777,,
2026-08-22T12:16:31.332756+00:00,LibGen,LibGen.bz,UP,200,886,,
2026-08-22T12:17:31.383011+00:00,LibGen,LibGen.bz,UP,200,1159,,
2026-08-22T12:18:32.189972+00:00,LibGen,LibGen.bz,UP,200,1028,,
2026-08-22T12:19:33.380469+00:00,LibGen,LibGen.bz,UP,200,1037,,
2026-08-22T12:20:34.435105+00:00,LibGen,LibGen.bz,UP,200,771,,
2026-08-22T12:21:35.532354+00:00,LibGen,LibGen.bz,UP,200,632,,
2026-08-22T12:22:35.518398+00:00,LibGen,LibGen.bz,UP,200,782,,
2026-08-22T12:23:35.975216+00:00,LibGen,LibGen.bz,UP,200,712,,
2026-08-22T12:24:37.702679+00:00,LibGen,LibGen.bz,UP,200,712,,
2026-08-22T12:25:37.092394+00:00,LibGen,LibGen.bz,UP,200,277,,
2026-08-22T12:26:40.855781+00:00,LibGen,LibGen.bz,UP,200,2868,,
2026-08-22T12:27:39.347178+00:00,LibGen,LibGen.bz,UP,200,726,,
2026-08-22T12:28:39.739347+00:00,LibGen,LibGen.bz,UP,200,809,,
2026-08-22T12:29:39.601078+00:00,LibGen,LibGen.bz,DOWN,,,connection_refused,
2026-08-22T12:31:01.713245+00:00,LibGen,LibGen.bz,DOWN,,,connection_refused,
2026-08-22T12:31:42.071352+00:00,LibGen,LibGen.bz,UP,200,650,,
2026-08-22T12:32:43.006284+00:00,LibGen,LibGen.bz,UP,200,714,,
2026-08-22T12:33:43.956362+00:00,LibGen,LibGen.bz,UP,200,881,,
2026-08-22T12:34:44.775394+00:00,LibGen,LibGen.bz,UP,200,834,,
2026-08-22T12:35:45.986374+00:00,LibGen,LibGen.bz,UP,200,793,,
2026-08-22T12:36:46.852470+00:00,LibGen,LibGen.bz,UP,200,1150,,
2026-08-22T12:37:46.603372+00:00,LibGen,LibGen.bz,UP,200,253,,
2026-08-22T12:38:48.073359+00:00,LibGen,LibGen.bz,UP,200,740,,
2026-08-22T12:39:49.099415+00:00,LibGen,LibGen.bz,UP,200,747,,
2026-08-22T12:40:49.551044+00:00,LibGen,LibGen.bz,UP,200,792,,
2026-08-22T12:41:52.845749+00:00,LibGen,LibGen.bz,UP,200,703,,
2026-08-22T12:42:51.347581+00:00,LibGen,LibGen.bz,UP,200,932,,
2026-08-22T12:44:11.932986+00:00,LibGen,LibGen.bz,DOWN,,,connection_refused,
2026-08-22T12:44:52.686889+00:00,LibGen,LibGen.bz,UP,200,750,,
2026-08-22T12:45:53.587993+00:00,LibGen,LibGen.bz,UP,200,678,,
2026-08-22T12:46:54.739027+00:00,LibGen,LibGen.bz,UP,200,849,,
2026-08-22T12:47:56.007163+00:00,LibGen,LibGen.bz,UP,200,755,,
2026-08-22T12:48:56.874034+00:00,LibGen,LibGen.bz,UP,200,785,,
2026-08-22T12:49:57.301341+00:00,LibGen,LibGen.bz,UP,200,852,,
2026-08-22T12:50:58.281709+00:00,LibGen,LibGen.bz,UP,200,787,,
2026-08-22T12:51:59.708265+00:00,LibGen,LibGen.bz,UP,200,1107,,
2026-08-22T12:52:59.833143+00:00,LibGen,LibGen.bz,UP,200,574,,
2026-08-22T12:54:01.834859+00:00,LibGen,LibGen.bz,UP,200,905,,
2026-08-22T12:55:00.689262+00:00,LibGen,LibGen.bz,UP,200,556,,
2026-08-22T12:56:00.899017+00:00,LibGen,LibGen.bz,UP,200,859,,
2026-08-22T12:57:02.107123+00:00,LibGen,LibGen.bz,UP,200,758,,
2026-08-22T12:58:02.547970+00:00,LibGen,LibGen.bz,UP,200,764,,
2026-08-22T12:59:02.775928+00:00,LibGen,LibGen.bz,UP,200,940,,
2026-08-22T13:00:03.528511+00:00,LibGen,LibGen.bz,UP,200,908,,
2026-08-22T13:01:03.926535+00:00,LibGen,LibGen.bz,UP,200,850,,
2026-08-22T13:02:04.441387+00:00,LibGen,LibGen.bz,UP,200,1106,,
2026-08-22T13:03:04.560431+00:00,LibGen,LibGen.bz,UP,200,748,,
2026-08-22T13:04:05.341851+00:00,LibGen,LibGen.bz,UP,200,926,,
2026-08-22T13:05:06.369917+00:00,LibGen,LibGen.bz,UP,200,837,,
2026-08-22T13:06:10.330312+00:00,LibGen,LibGen.bz,UP,200,765,,
2026-08-22T13:07:27.576022+00:00,LibGen,LibGen.bz,DOWN,,,connection_refused,
2026-08-22T13:08:08.822401+00:00,LibGen,LibGen.bz,UP,200,650,,
2026-08-22T13:09:09.316857+00:00,LibGen,LibGen.bz,UP,200,754,,
2026-08-22T13:10:10.107358+00:00,LibGen,LibGen.bz,UP,200,810,,
2026-08-22T13:11:11.411886+00:00,LibGen,LibGen.bz,UP,200,892,,
2026-08-22T13:12:11.824175+00:00,LibGen,LibGen.bz,UP,200,857,,
2026-08-22T13:13:12.863439+00:00,LibGen,LibGen.bz,UP,200,1091,,
2026-08-22T13:14:13.503355+00:00,LibGen,LibGen.bz,UP,200,796,,
2026-08-22T13:15:13.597706+00:00,LibGen,LibGen.bz,UP,200,933,,
2026-08-22T13:16:17.421412+00:00,LibGen,LibGen.bz,DEGRADED,200,3846,latency_high,
2026-08-22T13:17:15.267820+00:00,LibGen,LibGen.bz,UP,200,846,,
2026-08-22T13:18:17.141567+00:00,LibGen,LibGen.bz,UP,200,851,,
2026-08-22T13:19:36.864226+00:00,LibGen,LibGen.bz,DOWN,,,connection_refused,
2026-08-22T13:20:17.396788+00:00,LibGen,LibGen.bz,UP,200,668,,
2026-08-22T13:21:18.389354+00:00,LibGen,LibGen.bz,UP,200,781,,
2026-08-22T13:22:19.390673+00:00,LibGen,LibGen.bz,UP,200,972,,
2026-08-22T13:23:20.782171+00:00,LibGen,LibGen.bz,UP,200,686,,
2026-08-22T13:24:21.264345+00:00,LibGen,LibGen.bz,UP,200,1179,,
2026-08-22T13:25:21.959887+00:00,LibGen,LibGen.bz,UP,200,728,,
2026-08-22T13:26:22.402227+00:00,LibGen,LibGen.bz,UP,200,692,,
2026-08-22T13:27:23.657949+00:00,LibGen,LibGen.bz,UP,200,726,,
2026-08-22T13:28:24.336099+00:00,LibGen,LibGen.bz,UP,200,821,,
2026-08-22T13:29:24.752361+00:00,LibGen,LibGen.bz,UP,200,1111,,
2026-08-22T13:30:25.451359+00:00,LibGen,LibGen.bz,UP,200,823,,
2026-08-22T13:31:27.469385+00:00,LibGen,LibGen.bz,UP,200,696,,
2026-08-22T13:32:25.860746+00:00,LibGen,LibGen.bz,UP,200,773,,
2026-08-22T13:33:26.608060+00:00,LibGen,LibGen.bz,UP,200,769,,
2026-08-22T13:34:27.338575+00:00,LibGen,LibGen.bz,UP,200,708,,
2026-08-22T13:35:27.401172+00:00,LibGen,LibGen.bz,DOWN,,,connection_refused,
2026-08-22T13:36:29.116227+00:00,LibGen,LibGen.bz,UP,200,781,,
2026-08-22T13:37:29.422522+00:00,LibGen,LibGen.bz,UP,200,878,,
2026-08-22T13:38:30.202244+00:00,LibGen,LibGen.bz,UP,200,715,,
2026-08-22T13:39:31.313248+00:00,LibGen,LibGen.bz,UP,200,892,,
2026-08-22T13:40:31.123838+00:00,LibGen,LibGen.bz,UP,200,968,,
2026-08-22T13:41:31.573383+00:00,LibGen,LibGen.bz,UP,200,1233,,
2026-08-22T13:42:33.533365+00:00,LibGen,LibGen.bz,UP,200,915,,
2026-08-22T13:43:31.996334+00:00,LibGen,LibGen.bz,UP,200,759,,
2026-08-22T13:44:32.879762+00:00,LibGen,LibGen.bz,UP,200,792,,
2026-08-22T13:45:34.287176+00:00,LibGen,LibGen.bz,UP,200,1258,,
2026-08-22T13:46:34.794829+00:00,LibGen,LibGen.bz,UP,200,827,,
2026-08-22T13:47:35.411455+00:00,LibGen,LibGen.bz,UP,200,811,,
2026-08-22T13:48:38.216186+00:00,LibGen,LibGen.bz,UP,200,2757,,
2026-08-22T13:49:36.038719+00:00,LibGen,LibGen.bz,UP,200,684,,
2026-08-22T13:50:36.958460+00:00,LibGen,LibGen.bz,UP,200,770,,
2026-08-22T13:51:38.052906+00:00,LibGen,LibGen.bz,UP,200,885,,
2026-08-22T13:52:39.677689+00:00,LibGen,LibGen.bz,UP,200,776,,
2026-08-22T13:53:39.713193+00:00,LibGen,LibGen.bz,UP,200,762,,
2026-08-22T13:54:40.474019+00:00,LibGen,LibGen.bz,UP,200,754,,
2026-08-22T13:55:42.577478+00:00,LibGen,LibGen.bz,UP,200,901,,
2026-08-22T13:56:42.256690+00:00,LibGen,LibGen.bz,UP,200,732,,
2026-08-22T13:57:44.435929+00:00,LibGen,LibGen.bz,UP,200,1022,,
2026-08-22T13:58:44.440666+00:00,LibGen,LibGen.bz,UP,200,703,,
2026-08-22T13:59:45.179553+00:00,LibGen,LibGen.bz,UP,200,704,,
2026-08-22T14:00:45.925780+00:00,LibGen,LibGen.bz,UP,200,839,,
2026-08-22T14:01:46.429007+00:00,LibGen,LibGen.bz,UP,200,700,,
2026-08-22T14:02:49.554820+00:00,LibGen,LibGen.bz,UP,200,751,,
2026-08-22T14:03:47.284612+00:00,LibGen,LibGen.bz,UP,200,780,,
2026-08-22T14:04:48.480061+00:00,LibGen,LibGen.bz,UP,200,1031,,
2026-08-22T14:05:48.400480+00:00,LibGen,LibGen.bz,DOWN,,,connection_refused,
2026-08-22T14:06:49.092172+00:00,LibGen,LibGen.bz,UP,200,710,,
2026-08-22T14:07:49.033050+00:00,LibGen,LibGen.bz,UP,200,267,,
2026-08-22T14:09:10.852503+00:00,LibGen,LibGen.bz,DOWN,,,connection_refused,
2026-08-22T14:09:51.390904+00:00,LibGen,LibGen.bz,UP,200,747,,
2026-08-22T14:10:52.245396+00:00,LibGen,LibGen.bz,UP,200,775,,
2026-08-22T14:12:12.942174+00:00,LibGen,LibGen.bz,DOWN,,,connection_refused,
2026-08-22T14:12:53.071993+00:00,LibGen,LibGen.bz,UP,200,608,,
2026-08-22T14:13:53.521575+00:00,LibGen,LibGen.bz,UP,200,703,,
2026-08-22T14:14:55.104833+00:00,LibGen,LibGen.bz,UP,200,965,,
2026-08-22T14:15:55.229052+00:00,LibGen,LibGen.bz,UP,200,771,,
2026-08-22T14:16:55.624265+00:00,LibGen,LibGen.bz,UP,200,683,,
2026-08-22T14:17:56.846870+00:00,LibGen,LibGen.bz,UP,200,640,,
2026-08-22T14:18:57.722178+00:00,LibGen,LibGen.bz,UP,200,831,,
2026-08-22T14:19:59.109403+00:00,LibGen,LibGen.bz,UP,200,1107,,
2026-08-22T14:20:59.249342+00:00,LibGen,LibGen.bz,UP,200,770,,
2026-08-22T14:21:59.967451+00:00,LibGen,LibGen.bz,UP,200,614,,
2026-08-22T14:23:01.251876+00:00,LibGen,LibGen.bz,UP,200,778,,
2026-08-22T14:24:01.835910+00:00,LibGen,LibGen.bz,UP,200,752,,
2026-08-22T14:25:03.104214+00:00,LibGen,LibGen.bz,UP,200,973,,
2026-08-22T14:26:03.338432+00:00,LibGen,LibGen.bz,UP,200,699,,
2026-08-22T14:27:04.306897+00:00,LibGen,LibGen.bz,UP,200,727,,
2026-08-22T14:28:05.125509+00:00,LibGen,LibGen.bz,UP,200,703,,
2026-08-22T14:29:26.285675+00:00,LibGen,LibGen.bz,DOWN,,,connection_refused,
2026-08-22T14:30:07.528219+00:00,LibGen,LibGen.bz,UP,200,941,,
2026-08-22T14:31:07.211438+00:00,LibGen,LibGen.bz,UP,200,876,,
2026-08-22T14:32:08.799453+00:00,LibGen,LibGen.bz,UP,200,634,,
2026-08-22T14:33:08.547665+00:00,LibGen,LibGen.bz,UP,200,787,,
2026-08-22T14:34:08.657035+00:00,LibGen,LibGen.bz,UP,200,891,,
2026-08-22T14:35:10.108274+00:00,LibGen,LibGen.bz,UP,200,1131,,
2026-08-22T14:36:10.227948+00:00,LibGen,LibGen.bz,UP,200,760,,
2026-08-22T14:37:11.558489+00:00,LibGen,LibGen.bz,UP,200,816,,
2026-08-22T14:38:12.210122+00:00,LibGen,LibGen.bz,UP,200,665,,
2026-08-22T14:39:12.304353+00:00,LibGen,LibGen.bz,UP,200,341,,
2026-08-22T14:40:14.099090+00:00,LibGen,LibGen.bz,UP,200,893,,
2026-08-22T14:41:14.487751+00:00,LibGen,LibGen.bz,UP,200,706,,
2026-08-22T14:42:15.377804+00:00,LibGen,LibGen.bz,UP,200,831,,
2026-08-22T14:43:16.505754+00:00,LibGen,LibGen.bz,UP,200,724,,
2026-08-22T14:44:17.736427+00:00,LibGen,LibGen.bz,UP,200,688,,
2026-08-22T14:45:17.349707+00:00,LibGen,LibGen.bz,UP,200,811,,
2026-08-22T14:46:17.554263+00:00,LibGen,LibGen.bz,UP,200,749,,
2026-08-22T14:47:18.063049+00:00,LibGen,LibGen.bz,UP,200,1081,,
2026-08-22T14:48:18.991371+00:00,LibGen,LibGen.bz,UP,200,710,,
2026-08-22T14:49:19.007360+00:00,LibGen,LibGen.bz,UP,200,773,,
2026-08-22T14:50:20.620686+00:00,LibGen,LibGen.bz,UP,200,636,,
2026-08-22T14:51:20.734033+00:00,LibGen,LibGen.bz,UP,200,669,,
2026-08-22T14:52:22.189987+00:00,LibGen,LibGen.bz,UP,200,1208,,
2026-08-22T14:53:21.744677+00:00,LibGen,LibGen.bz,UP,200,242,,
2026-08-22T14:54:25.476222+00:00,LibGen,LibGen.bz,DEGRADED,200,3682,latency_high,
2026-08-22T14:55:24.828860+00:00,LibGen,LibGen.bz,UP,200,2189,,
2026-08-22T14:56:24.650906+00:00,LibGen,LibGen.bz,UP,200,748,,
2026-08-22T14:57:25.112837+00:00,LibGen,LibGen.bz,UP,200,790,,
2026-08-22T14:58:25.846742+00:00,LibGen,LibGen.bz,UP,200,722,,
2026-08-22T14:59:26.865530+00:00,LibGen,LibGen.bz,UP,200,821,,
2026-08-22T15:00:27.665892+00:00,LibGen,LibGen.bz,UP,200,756,,
2026-08-22T15:01:28.798212+00:00,LibGen,LibGen.bz,UP,200,957,,
2026-08-22T15:02:30.727337+00:00,LibGen,LibGen.bz,UP,200,1871,,
2026-08-22T15:03:30.745315+00:00,LibGen,LibGen.bz,UP,200,1099,,
2026-08-22T15:04:32.442158+00:00,LibGen,LibGen.bz,UP,200,1448,,
2026-08-22T15:05:33.349630+00:00,LibGen,LibGen.bz,UP,200,1809,,
2026-08-22T15:06:33.341090+00:00,LibGen,LibGen.bz,UP,200,821,,
2026-08-22T15:07:54.045396+00:00,LibGen,LibGen.bz,DOWN,,,connection_refused,
2026-08-22T15:08:35.410909+00:00,LibGen,LibGen.bz,UP,200,785,,
2026-08-22T15:09:35.583090+00:00,LibGen,LibGen.bz,UP,200,814,,
2026-08-22T15:10:37.253161+00:00,LibGen,LibGen.bz,UP,200,810,,
2026-08-22T15:11:37.506413+00:00,LibGen,LibGen.bz,UP,200,903,,
2026-08-22T15:12:38.521896+00:00,LibGen,LibGen.bz,UP,200,657,,
2026-08-22T15:13:39.723229+00:00,LibGen,LibGen.bz,UP,200,864,,
2026-08-22T15:14:59.901474+00:00,LibGen,LibGen.bz,DOWN,,,connection_refused,
2026-08-22T15:15:40.904153+00:00,LibGen,LibGen.bz,UP,200,861,,
2026-08-22T15:16:41.697255+00:00,LibGen,LibGen.bz,UP,200,482,,
2026-08-22T15:17:42.529359+00:00,LibGen,LibGen.bz,UP,200,809,,
2026-08-22T15:18:43.748395+00:00,LibGen,LibGen.bz,UP,200,751,,
2026-08-22T15:19:43.918095+00:00,LibGen,LibGen.bz,UP,200,612,,
2026-08-22T15:20:44.853133+00:00,LibGen,LibGen.bz,UP,200,949,,
2026-08-22T15:21:45.837281+00:00,LibGen,LibGen.bz,UP,200,1047,,
2026-08-22T15:22:46.125837+00:00,LibGen,LibGen.bz,UP,200,1177,,
2026-08-22T15:23:46.869336+00:00,LibGen,LibGen.bz,UP,200,820,,
2026-08-22T15:24:46.793008+00:00,LibGen,LibGen.bz,UP,200,606,,
2026-08-22T15:25:47.373519+00:00,LibGen,LibGen.bz,UP,200,753,,
2026-08-22T15:26:48.709735+00:00,LibGen,LibGen.bz,UP,200,826,,
2026-08-22T15:27:49.474805+00:00,LibGen,LibGen.bz,UP,200,339,,
2026-08-22T15:29:10.087225+00:00,LibGen,LibGen.bz,DOWN,,,connection_refused,
2026-08-22T15:29:50.771710+00:00,LibGen,LibGen.bz,UP,200,661,,
2026-08-22T15:30:52.291285+00:00,LibGen,LibGen.bz,UP,200,1414,,
2026-08-22T15:31:53.700747+00:00,LibGen,LibGen.bz,UP,200,941,,
2026-08-22T15:32:52.579712+00:00,LibGen,LibGen.bz,UP,200,860,,
2026-08-22T15:33:53.878433+00:00,LibGen,LibGen.bz,UP,200,812,,
2026-08-22T15:34:53.944969+00:00,LibGen,LibGen.bz,UP,200,643,,
2026-08-22T15:35:54.031494+00:00,LibGen,LibGen.bz,UP,200,347,,
2026-08-22T15:36:58.679211+00:00,LibGen,LibGen.bz,DEGRADED,200,3744,latency_high,
2026-08-22T15:37:55.500745+00:00,LibGen,LibGen.bz,UP,200,801,,
2026-08-22T15:38:56.191257+00:00,LibGen,LibGen.bz,DOWN,500,820,http_error,
2026-08-22T15:39:57.034855+00:00,LibGen,LibGen.bz,UP,200,799,,
2026-08-22T15:40:57.540147+00:00,LibGen,LibGen.bz,UP,200,647,,
2026-08-22T15:41:58.241757+00:00,LibGen,LibGen.bz,DOWN,500,612,http_error,
2026-08-22T15:43:00.497176+00:00,LibGen,LibGen.bz,UP,200,879,,
2026-08-22T15:44:00.100178+00:00,LibGen,LibGen.bz,DOWN,500,786,http_error,
2026-08-22T15:45:01.079823+00:00,LibGen,LibGen.bz,UP,200,819,,
2026-08-22T15:46:01.570930+00:00,LibGen,LibGen.bz,UP,200,747,,
2026-08-22T15:47:01.932197+00:00,LibGen,LibGen.bz,DOWN,500,789,http_error,
2026-08-22T15:48:03.756687+00:00,LibGen,LibGen.bz,UP,200,793,,
2026-08-22T15:49:03.585431+00:00,LibGen,LibGen.bz,DOWN,500,778,http_error,
2026-08-22T15:50:04.706662+00:00,LibGen,LibGen.bz,UP,200,1009,,
2026-08-22T15:51:04.360762+00:00,LibGen,LibGen.bz,UP,200,724,,
2026-08-22T15:52:25.789510+00:00,LibGen,LibGen.bz,DOWN,,,connection_refused,
2026-08-22T15:53:06.590158+00:00,LibGen,LibGen.bz,UP,200,816,,
2026-08-22T15:54:06.992909+00:00,LibGen,LibGen.bz,UP,200,697,,
2026-08-22T15:55:09.178863+00:00,LibGen,LibGen.bz,UP,200,757,,
2026-08-22T15:56:08.653385+00:00,LibGen,LibGen.bz,UP,200,755,,
2026-08-22T15:57:09.395100+00:00,LibGen,LibGen.bz,UP,200,604,,
2026-08-22T15:58:10.020490+00:00,LibGen,LibGen.bz,UP,200,688,,
2026-08-22T15:59:10.350504+00:00,LibGen,LibGen.bz,UP,200,670,,
2026-08-22T16:00:10.867690+00:00,LibGen,LibGen.bz,UP,200,734,,
2026-08-22T16:01:15.635060+00:00,LibGen,LibGen.bz,DEGRADED,200,4661,latency_high,
2026-08-22T16:02:12.375964+00:00,LibGen,LibGen.bz,UP,200,1002,,
2026-08-22T16:03:12.890308+00:00,LibGen,LibGen.bz,UP,200,767,,
2026-08-22T16:04:14.702386+00:00,LibGen,LibGen.bz,UP,200,1245,,
2026-08-22T16:05:14.659139+00:00,LibGen,LibGen.bz,UP,200,722,,
2026-08-22T16:06:16.731363+00:00,LibGen,LibGen.bz,UP,200,863,,
2026-08-22T16:07:16.262685+00:00,LibGen,LibGen.bz,UP,200,770,,
2026-08-22T16:08:17.169111+00:00,LibGen,LibGen.bz,UP,200,769,,
2026-08-22T16:09:17.971291+00:00,LibGen,LibGen.bz,UP,200,726,,
2026-08-22T16:10:22.088623+00:00,LibGen,LibGen.bz,DEGRADED,200,3886,latency_high,
2026-08-22T16:11:20.400146+00:00,LibGen,LibGen.bz,UP,200,883,,
2026-08-22T16:12:20.667390+00:00,LibGen,LibGen.bz,UP,200,696,,
2026-08-22T16:13:21.850966+00:00,LibGen,LibGen.bz,UP,200,705,,
2026-08-22T16:14:23.360464+00:00,LibGen,LibGen.bz,UP,200,1084,,
2026-08-22T16:15:23.096248+00:00,LibGen,LibGen.bz,UP,200,706,,
2026-08-22T16:16:44.055826+00:00,LibGen,LibGen.bz,DOWN,,,connection_refused,
2026-08-22T16:17:25.100840+00:00,LibGen,LibGen.bz,UP,200,732,,
2026-08-22T16:18:25.327093+00:00,LibGen,LibGen.bz,UP,200,244,,
2026-08-22T16:19:25.844775+00:00,LibGen,LibGen.bz,UP,200,775,,
2026-08-22T16:20:26.158572+00:00,LibGen,LibGen.bz,UP,200,333,,
2026-08-22T16:21:27.504231+00:00,LibGen,LibGen.bz,UP,200,738,,
2026-08-22T16:22:27.495331+00:00,LibGen,LibGen.bz,UP,200,708,,
2026-08-22T16:23:28.250161+00:00,LibGen,LibGen.bz,UP,200,637,,
2026-08-22T16:24:28.866326+00:00,LibGen,LibGen.bz,UP,200,698,,
2026-08-22T16:25:30.177423+00:00,LibGen,LibGen.bz,UP,200,702,,
2026-08-22T16:26:30.312195+00:00,LibGen,LibGen.bz,UP,200,975,,
2026-08-22T16:27:51.370465+00:00,LibGen,LibGen.bz,DOWN,,,connection_refused,
2026-08-22T16:28:31.483087+00:00,LibGen,LibGen.bz,UP,200,623,,
2026-08-22T16:29:32.345802+00:00,LibGen,LibGen.bz,UP,200,646,,
2026-08-22T16:30:32.008789+00:00,LibGen,LibGen.bz,UP,200,240,,
2026-08-22T16:31:53.385242+00:00,LibGen,LibGen.bz,DOWN,,,connection_refused,
2026-08-22T16:32:34.027573+00:00,LibGen,LibGen.bz,UP,200,739,,
2026-08-22T16:33:34.474637+00:00,LibGen,LibGen.bz,UP,200,724,,
2026-08-22T16:34:35.229398+00:00,LibGen,LibGen.bz,UP,200,701,,
2026-08-22T16:35:35.332367+00:00,LibGen,LibGen.bz,UP,200,678,,
2026-08-22T16:36:36.317381+00:00,LibGen,LibGen.bz,UP,200,912,,
2026-08-22T16:37:36.124256+00:00,LibGen,LibGen.bz,UP,200,639,,
2026-08-22T16:38:36.920305+00:00,LibGen,LibGen.bz,UP,200,610,,
2026-08-22T16:39:38.073236+00:00,LibGen,LibGen.bz,UP,200,940,,
2026-08-22T16:40:39.354153+00:00,LibGen,LibGen.bz,UP,200,784,,
2026-08-22T16:41:42.588235+00:00,LibGen,LibGen.bz,DEGRADED,200,3783,latency_high,
2026-08-22T16:42:40.056786+00:00,LibGen,LibGen.bz,UP,200,827,,
2026-08-22T16:43:41.295750+00:00,LibGen,LibGen.bz,UP,200,781,,
2026-08-22T16:44:42.191509+00:00,LibGen,LibGen.bz,UP,200,775,,
2026-08-22T16:45:42.290471+00:00,LibGen,LibGen.bz,UP,200,529,,
2026-08-22T16:46:44.007699+00:00,LibGen,LibGen.bz,UP,200,756,,
2026-08-22T16:48:04.236310+00:00,LibGen,LibGen.bz,DOWN,,,connection_refused,
2026-08-22T16:48:45.186116+00:00,LibGen,LibGen.bz,UP,200,736,,
2026-08-22T16:49:47.043460+00:00,LibGen,LibGen.bz,UP,200,763,,
2026-08-22T16:50:47.242830+00:00,LibGen,LibGen.bz,UP,200,721,,
2026-08-22T16:51:48.740725+00:00,LibGen,LibGen.bz,UP,200,682,,
2026-08-22T16:52:49.942018+00:00,LibGen,LibGen.bz,UP,200,777,,
2026-08-22T16:53:49.815540+00:00,LibGen,LibGen.bz,UP,200,679,,
2026-08-22T16:54:50.759273+00:00,LibGen,LibGen.bz,UP,200,594,,
2026-08-22T16:55:50.442335+00:00,LibGen,LibGen.bz,UP,200,612,,
2026-08-22T16:56:51.430508+00:00,LibGen,LibGen.bz,UP,200,884,,
2026-08-22T16:57:53.194118+00:00,LibGen,LibGen.bz,UP,200,668,,
2026-08-22T16:58:52.929902+00:00,LibGen,LibGen.bz,UP,200,692,,
2026-08-22T16:59:53.729337+00:00,LibGen,LibGen.bz,UP,200,649,,
2026-08-22T17:00:55.157423+00:00,LibGen,LibGen.bz,UP,200,729,,
2026-08-22T17:01:56.122095+00:00,LibGen,LibGen.bz,UP,200,1143,,
2026-08-22T17:02:56.354218+00:00,LibGen,LibGen.bz,UP,200,704,,
2026-08-22T17:03:59.129152+00:00,LibGen,LibGen.bz,UP,200,1633,,
2026-08-22T17:04:57.863939+00:00,LibGen,LibGen.bz,UP,200,689,,
2026-08-22T17:05:59.956086+00:00,LibGen,LibGen.bz,UP,200,944,,
2026-08-22T17:06:59.232473+00:00,LibGen,LibGen.bz,UP,200,748,,
2026-08-22T17:07:59.229944+00:00,LibGen,LibGen.bz,UP,200,679,,
2026-08-22T17:08:59.870172+00:00,LibGen,LibGen.bz,UP,200,558,,
2026-08-22T17:10:01.042925+00:00,LibGen,LibGen.bz,UP,200,841,,
2026-08-22T17:11:02.069302+00:00,LibGen,LibGen.bz,UP,200,1299,,
2026-08-22T17:12:02.389960+00:00,LibGen,LibGen.bz,UP,200,817,,
2026-08-22T17:13:02.359761+00:00,LibGen,LibGen.bz,UP,200,254,,
2026-08-22T17:14:24.277171+00:00,LibGen,LibGen.bz,DOWN,,,connection_refused,
2026-08-22T17:15:04.678141+00:00,LibGen,LibGen.bz,UP,200,833,,
2026-08-22T17:16:05.131864+00:00,LibGen,LibGen.bz,UP,200,864,,
2026-08-22T17:17:05.604954+00:00,LibGen,LibGen.bz,UP,200,805,,
2026-08-22T17:18:06.100682+00:00,LibGen,LibGen.bz,UP,200,885,,
2026-08-22T17:19:06.249337+00:00,LibGen,LibGen.bz,UP,200,678,,
2026-08-22T17:20:07.629184+00:00,LibGen,LibGen.bz,UP,200,774,,
2026-08-22T17:21:08.482186+00:00,LibGen,LibGen.bz,UP,200,1031,,
2026-08-22T17:22:08.044417+00:00,LibGen,LibGen.bz,UP,200,692,,
2026-08-22T17:23:08.959979+00:00,LibGen,LibGen.bz,UP,200,890,,
2026-08-22T17:24:10.024705+00:00,LibGen,LibGen.bz,UP,200,694,,
2026-08-22T17:25:11.535504+00:00,LibGen,LibGen.bz,UP,200,2039,,
2026-08-22T17:26:10.318970+00:00,LibGen,LibGen.bz,UP,200,763,,
2026-08-22T17:27:12.208966+00:00,LibGen,LibGen.bz,UP,200,1690,,
2026-08-22T17:28:12.151765+00:00,LibGen,LibGen.bz,UP,200,830,,
2026-08-22T17:29:12.861764+00:00,LibGen,LibGen.bz,UP,200,725,,
2026-08-22T17:30:14.058036+00:00,LibGen,LibGen.bz,UP,200,1047,,
2026-08-22T17:31:14.653003+00:00,LibGen,LibGen.bz,UP,200,660,,
2026-08-22T17:32:14.761005+00:00,LibGen,LibGen.bz,UP,200,843,,
2026-08-22T17:33:15.348274+00:00,LibGen,LibGen.bz,UP,200,792,,
2026-08-22T17:34:35.982343+00:00,LibGen,LibGen.bz,DOWN,,,connection_refused,
2026-08-22T17:35:15.762010+00:00,LibGen,LibGen.bz,UP,200,712,,
2026-08-22T17:36:16.572767+00:00,LibGen,LibGen.bz,UP,200,784,,
2026-08-22T17:37:17.368677+00:00,LibGen,LibGen.bz,UP,200,737,,
2026-08-22T17:38:38.481960+00:00,LibGen,LibGen.bz,DOWN,,,connection_refused,
2026-08-22T17:39:19.090574+00:00,LibGen,LibGen.bz,UP,200,678,,
2026-08-22T17:40:19.333803+00:00,LibGen,LibGen.bz,UP,200,655,,
2026-08-22T17:41:19.703965+00:00,LibGen,LibGen.bz,UP,200,780,,
2026-08-22T17:42:40.759441+00:00,LibGen,LibGen.bz,DOWN,,,connection_refused,
2026-08-22T17:43:21.300789+00:00,LibGen,LibGen.bz,UP,200,855,,
2026-08-22T17:44:23.123357+00:00,LibGen,LibGen.bz,UP,200,685,,
2026-08-22T17:45:22.637816+00:00,LibGen,LibGen.bz,UP,200,652,,
2026-08-22T17:46:23.555771+00:00,LibGen,LibGen.bz,UP,200,712,,
2026-08-22T17:47:25.229312+00:00,LibGen,LibGen.bz,UP,200,930,,
2026-08-22T17:48:45.429931+00:00,LibGen,LibGen.bz,DOWN,,,connection_refused,
2026-08-22T17:49:26.658395+00:00,LibGen,LibGen.bz,UP,200,693,,
2026-08-22T17:50:27.040964+00:00,LibGen,LibGen.bz,UP,200,745,,
2026-08-22T17:51:28.429355+00:00,LibGen,LibGen.bz,UP,200,740,,
2026-08-22T17:52:30.489847+00:00,LibGen,LibGen.bz,UP,200,1124,,
2026-08-22T17:53:30.542617+00:00,LibGen,LibGen.bz,UP,200,748,,
2026-08-22T17:54:30.661903+00:00,LibGen,LibGen.bz,UP,200,778,,
2026-08-22T17:55:31.015572+00:00,LibGen,LibGen.bz,UP,200,661,,
2026-08-22T17:56:30.170162+00:00,LibGen,LibGen.bz,UP,200,750,,
2026-08-22T17:57:30.209011+00:00,LibGen,LibGen.bz,UP,200,554,,
2026-08-22T17:58:31.134835+00:00,LibGen,LibGen.bz,UP,200,742,,
2026-08-22T17:59:32.932095+00:00,LibGen,LibGen.bz,UP,200,622,,
2026-08-22T18:00:34.262678+00:00,LibGen,LibGen.bz,UP,200,1029,,
2026-08-22T18:01:34.077203+00:00,LibGen,LibGen.bz,UP,200,744,,
2026-08-22T18:02:34.574590+00:00,LibGen,LibGen.bz,UP,200,252,,
2026-08-22T18:03:35.056192+00:00,LibGen,LibGen.bz,UP,200,844,,
2026-08-22T18:04:36.056694+00:00,LibGen,LibGen.bz,UP,200,1188,,
2026-08-22T18:05:38.435893+00:00,LibGen,LibGen.bz,DEGRADED,200,3626,latency_high,
2026-08-22T18:06:36.482839+00:00,LibGen,LibGen.bz,UP,200,812,,
2026-08-22T18:07:37.962921+00:00,LibGen,LibGen.bz,UP,200,664,,
2026-08-22T18:08:37.601967+00:00,LibGen,LibGen.bz,UP,200,274,,
2026-08-22T18:09:38.781868+00:00,LibGen,LibGen.bz,UP,200,653,,
2026-08-22T18:10:38.503532+00:00,LibGen,LibGen.bz,UP,200,723,,
2026-08-22T18:11:39.634861+00:00,LibGen,LibGen.bz,UP,200,824,,
2026-08-22T18:12:40.319834+00:00,LibGen,LibGen.bz,UP,200,787,,
2026-08-22T18:13:41.123527+00:00,LibGen,LibGen.bz,UP,200,697,,
2026-08-22T18:14:42.643862+00:00,LibGen,LibGen.bz,UP,200,725,,
2026-08-22T18:15:42.945467+00:00,LibGen,LibGen.bz,UP,200,765,,
2026-08-22T18:16:43.617371+00:00,LibGen,LibGen.bz,UP,200,643,,
2026-08-22T18:17:44.900382+00:00,LibGen,LibGen.bz,UP,200,615,,
2026-08-22T18:18:46.844127+00:00,LibGen,LibGen.bz,UP,200,706,,
2026-08-22T18:19:46.110693+00:00,LibGen,LibGen.bz,UP,200,674,,
2026-08-22T18:20:47.121735+00:00,LibGen,LibGen.bz,UP,200,708,,
2026-08-22T18:21:47.850018+00:00,LibGen,LibGen.bz,UP,200,694,,
2026-08-22T18:22:49.245215+00:00,LibGen,LibGen.bz,UP,200,769,,
2026-08-22T18:23:50.025474+00:00,LibGen,LibGen.bz,UP,200,734,,
2026-08-22T18:24:50.123271+00:00,LibGen,LibGen.bz,UP,200,371,,
2026-08-22T18:25:52.068910+00:00,LibGen,LibGen.bz,UP,200,710,,
2026-08-22T18:26:51.694384+00:00,LibGen,LibGen.bz,UP,200,596,,
2026-08-22T18:27:52.782123+00:00,LibGen,LibGen.bz,UP,200,725,,
2026-08-22T18:28:53.628509+00:00,LibGen,LibGen.bz,UP,200,1050,,
2026-08-22T18:29:54.464423+00:00,LibGen,LibGen.bz,UP,200,697,,
2026-08-22T18:30:54.398094+00:00,LibGen,LibGen.bz,DOWN,,,connection_refused,
2026-08-22T18:31:56.490476+00:00,LibGen,LibGen.bz,UP,200,736,,
2026-08-22T18:32:57.452994+00:00,LibGen,LibGen.bz,UP,200,805,,
2026-08-22T18:33:58.360634+00:00,LibGen,LibGen.bz,UP,200,833,,
2026-08-22T18:35:17.840094+00:00,LibGen,LibGen.bz,DOWN,,,connection_refused,
2026-08-22T18:35:59.424018+00:00,LibGen,LibGen.bz,UP,200,710,,
2026-08-22T18:36:59.348056+00:00,LibGen,LibGen.bz,UP,200,654,,
2026-08-22T18:38:00.174631+00:00,LibGen,LibGen.bz,UP,200,673,,
2026-08-22T18:39:20.057086+00:00,LibGen,LibGen.bz,DOWN,,,connection_refused,
2026-08-22T18:40:00.343229+00:00,LibGen,LibGen.bz,UP,200,712,,
2026-08-22T18:41:01.478010+00:00,LibGen,LibGen.bz,UP,200,825,,
2026-08-22T18:42:21.407906+00:00,LibGen,LibGen.bz,DOWN,,,connection_refused,
2026-08-22T18:43:03.194157+00:00,LibGen,LibGen.bz,UP,200,1109,,
2026-08-22T18:44:02.976902+00:00,LibGen,LibGen.bz,UP,200,940,,
2026-08-22T18:45:03.547192+00:00,LibGen,LibGen.bz,UP,200,1086,,
2026-08-22T18:46:03.398721+00:00,LibGen,LibGen.bz,DOWN,,,connection_refused,
2026-08-22T18:47:04.884787+00:00,LibGen,LibGen.bz,UP,200,566,,
2026-08-22T18:48:06.328525+00:00,LibGen,LibGen.bz,UP,200,801,,
2026-08-22T18:49:07.392189+00:00,LibGen,LibGen.bz,UP,200,937,,
2026-08-22T18:50:07.502284+00:00,LibGen,LibGen.bz,UP,200,743,,
2026-08-22T18:51:08.019169+00:00,LibGen,LibGen.bz,UP,200,683,,
2026-08-22T18:52:08.377320+00:00,LibGen,LibGen.bz,UP,200,731,,
2026-08-22T18:53:09.826768+00:00,LibGen,LibGen.bz,UP,200,686,,
2026-08-22T18:54:09.069229+00:00,LibGen,LibGen.bz,UP,200,816,,
2026-08-22T18:55:09.682526+00:00,LibGen,LibGen.bz,UP,200,651,,
2026-08-22T18:56:10.328570+00:00,LibGen,LibGen.bz,UP,200,521,,
2026-08-22T18:57:10.351472+00:00,LibGen,LibGen.bz,UP,200,740,,
2026-08-22T18:58:31.214718+00:00,LibGen,LibGen.bz,DOWN,,,connection_refused,
2026-08-22T18:59:14.352198+00:00,LibGen,LibGen.bz,DEGRADED,200,3054,latency_high,
2026-08-22T19:00:12.386996+00:00,LibGen,LibGen.bz,UP,200,286,,
2026-08-22T19:01:15.045318+00:00,LibGen,LibGen.bz,UP,200,660,,
2026-08-22T19:02:13.384708+00:00,LibGen,LibGen.bz,UP,200,676,,
2026-08-22T19:03:13.863247+00:00,LibGen,LibGen.bz,UP,200,634,,
2026-08-22T19:04:14.411798+00:00,LibGen,LibGen.bz,UP,200,687,,
2026-08-22T19:05:15.316714+00:00,LibGen,LibGen.bz,UP,200,674,,
2026-08-22T19:06:16.366545+00:00,LibGen,LibGen.bz,UP,200,755,,
2026-08-22T19:07:17.576629+00:00,LibGen,LibGen.bz,UP,200,595,,
2026-08-22T19:08:17.929881+00:00,LibGen,LibGen.bz,UP,200,636,,
2026-08-22T19:09:18.975434+00:00,LibGen,LibGen.bz,UP,200,774,,
2026-08-22T19:10:20.362409+00:00,LibGen,LibGen.bz,UP,200,730,,
2026-08-22T19:11:23.221060+00:00,LibGen,LibGen.bz,DEGRADED,200,3825,latency_high,
2026-08-22T19:12:20.785776+00:00,LibGen,LibGen.bz,UP,200,760,,
2026-08-22T19:13:21.785802+00:00,LibGen,LibGen.bz,UP,200,800,,
2026-08-22T19:14:21.314819+00:00,LibGen,LibGen.bz,UP,200,664,,
2026-08-22T19:15:21.980848+00:00,LibGen,LibGen.bz,UP,200,271,,
2026-08-22T19:16:22.461795+00:00,LibGen,LibGen.bz,UP,200,756,,
2026-08-22T19:17:23.750961+00:00,LibGen,LibGen.bz,UP,200,1656,,
2026-08-22T19:18:23.728252+00:00,LibGen,LibGen.bz,UP,200,830,,
2026-08-22T19:19:24.515973+00:00,LibGen,LibGen.bz,UP,200,670,,
2026-08-22T19:20:25.880175+00:00,LibGen,LibGen.bz,UP,200,1073,,
2026-08-22T19:21:25.344196+00:00,LibGen,LibGen.bz,UP,200,655,,
2026-08-22T19:22:26.513784+00:00,LibGen,LibGen.bz,UP,200,700,,
2026-08-22T19:23:27.420139+00:00,LibGen,LibGen.bz,UP,200,656,,
2026-08-22T19:24:28.372335+00:00,LibGen,LibGen.bz,UP,200,761,,
2026-08-22T19:25:48.185987+00:00,LibGen,LibGen.bz,DOWN,,,connection_refused,
2026-08-22T19:26:29.047469+00:00,LibGen,LibGen.bz,UP,200,558,,
2026-08-22T19:27:31.406552+00:00,LibGen,LibGen.bz,UP,200,493,,
2026-08-22T19:28:29.909556+00:00,LibGen,LibGen.bz,UP,200,246,,
2026-08-22T19:29:30.362828+00:00,LibGen,LibGen.bz,UP,200,519,,
2026-08-22T19:30:30.896705+00:00,LibGen,LibGen.bz,UP,200,598,,
2026-08-22T19:31:30.580868+00:00,LibGen,LibGen.bz,UP,200,583,,
2026-08-22T19:32:30.533918+00:00,LibGen,LibGen.bz,UP,200,507,,
2026-08-22T19:33:31.781622+00:00,LibGen,LibGen.bz,UP,200,546,,
2026-08-22T19:34:32.292077+00:00,LibGen,LibGen.bz,UP,200,564,,
2026-08-22T19:35:34.665178+00:00,LibGen,LibGen.bz,UP,200,1659,,
2026-08-22T19:36:33.057344+00:00,LibGen,LibGen.bz,UP,200,510,,
2026-08-22T19:37:33.959507+00:00,LibGen,LibGen.bz,UP,200,596,,
2026-08-22T19:38:34.692266+00:00,LibGen,LibGen.bz,UP,200,514,,
2026-08-22T19:39:35.497515+00:00,LibGen,LibGen.bz,UP,200,507,,
2026-08-22T19:40:36.621218+00:00,LibGen,LibGen.bz,UP,200,500,,
2026-08-22T19:41:37.243775+00:00,LibGen,LibGen.bz,UP,200,622,,
2026-08-22T19:42:38.776180+00:00,LibGen,LibGen.bz,UP,200,520,,
2026-08-22T19:43:38.802683+00:00,LibGen,LibGen.bz,UP,200,525,,
2026-08-22T19:44:40.185987+00:00,LibGen,LibGen.bz,UP,200,895,,
2026-08-22T19:45:40.212426+00:00,LibGen,LibGen.bz,UP,200,569,,
2026-08-22T19:46:41.096727+00:00,LibGen,LibGen.bz,UP,200,924,,
2026-08-22T19:47:41.385575+00:00,LibGen,LibGen.bz,UP,200,502,,
2026-08-22T19:48:42.112178+00:00,LibGen,LibGen.bz,UP,200,489,,
2026-08-22T19:49:43.410996+00:00,LibGen,LibGen.bz,UP,200,512,,
2026-08-22T19:50:44.923439+00:00,LibGen,LibGen.bz,UP,200,532,,
2026-08-22T19:51:44.328319+00:00,LibGen,LibGen.bz,UP,200,228,,
2026-08-22T19:52:45.557317+00:00,LibGen,LibGen.bz,UP,200,514,,
2026-08-22T19:53:46.137182+00:00,LibGen,LibGen.bz,UP,200,495,,
2026-08-22T19:54:47.283452+00:00,LibGen,LibGen.bz,UP,200,894,,
2026-08-22T19:55:47.754279+00:00,LibGen,LibGen.bz,UP,200,507,,
2026-08-22T19:56:47.931304+00:00,LibGen,LibGen.bz,UP,200,663,,
2026-08-22T19:57:48.798998+00:00,LibGen,LibGen.bz,UP,200,751,,
2026-08-22T19:58:49.306275+00:00,LibGen,LibGen.bz,UP,200,804,,
2026-08-22T19:59:49.291221+00:00,LibGen,LibGen.bz,UP,200,775,,
2026-08-22T20:00:49.669377+00:00,LibGen,LibGen.bz,UP,200,976,,
2026-08-22T20:01:50.504037+00:00,LibGen,LibGen.bz,UP,200,676,,
2026-08-22T20:02:52.693933+00:00,LibGen,LibGen.bz,UP,200,651,,
2026-08-22T20:03:51.787988+00:00,LibGen,LibGen.bz,UP,200,705,,
2026-08-22T20:04:52.521098+00:00,LibGen,LibGen.bz,UP,200,600,,
2026-08-22T20:05:53.570825+00:00,LibGen,LibGen.bz,UP,200,692,,
2026-08-22T20:06:53.200150+00:00,LibGen,LibGen.bz,UP,200,718,,
2026-08-22T20:07:55.127966+00:00,LibGen,LibGen.bz,UP,200,1647,,
2026-08-22T20:08:54.484249+00:00,LibGen,LibGen.bz,UP,200,247,,
2026-08-22T20:09:56.166099+00:00,LibGen,LibGen.bz,UP,200,640,,
2026-08-22T20:10:56.678185+00:00,LibGen,LibGen.bz,UP,200,613,,
2026-08-22T20:11:58.077209+00:00,LibGen,LibGen.bz,UP,200,636,,
2026-08-22T20:12:58.989201+00:00,LibGen,LibGen.bz,UP,200,723,,
2026-08-22T20:13:59.381636+00:00,LibGen,LibGen.bz,UP,200,608,,
2026-08-22T20:15:00.345569+00:00,LibGen,LibGen.bz,UP,200,602,,
2026-08-22T20:16:01.189510+00:00,LibGen,LibGen.bz,UP,200,781,,
2026-08-22T20:17:03.355478+00:00,LibGen,LibGen.bz,UP,200,972,,
2026-08-22T20:18:02.432558+00:00,LibGen,LibGen.bz,UP,200,853,,
2026-08-22T20:19:03.315547+00:00,LibGen,LibGen.bz,UP,200,565,,
2026-08-22T20:20:04.923443+00:00,LibGen,LibGen.bz,UP,200,836,,
2026-08-22T20:21:04.714672+00:00,LibGen,LibGen.bz,UP,200,513,,
2026-08-22T20:22:07.177986+00:00,LibGen,LibGen.bz,UP,200,1646,,
2026-08-22T20:23:07.411142+00:00,LibGen,LibGen.bz,UP,200,1456,,
2026-08-22T20:24:07.264758+00:00,LibGen,LibGen.bz,UP,200,507,,
2026-08-22T20:25:28.905512+00:00,LibGen,LibGen.bz,DOWN,,,connection_refused,
2026-08-22T20:26:08.718804+00:00,LibGen,LibGen.bz,UP,200,521,,
2026-08-22T20:27:09.536059+00:00,LibGen,LibGen.bz,UP,200,507,,
2026-08-22T20:28:10.754028+00:00,LibGen,LibGen.bz,UP,200,547,,
2026-08-22T20:29:11.886210+00:00,LibGen,LibGen.bz,UP,200,884,,
2026-08-22T20:30:12.014778+00:00,LibGen,LibGen.bz,UP,200,676,,
2026-08-22T20:31:13.404473+00:00,LibGen,LibGen.bz,UP,200,694,,
2026-08-22T20:32:14.393183+00:00,LibGen,LibGen.bz,UP,200,695,,
2026-08-22T20:33:13.631062+00:00,LibGen,LibGen.bz,UP,200,560,,
2026-08-22T20:34:13.775452+00:00,LibGen,LibGen.bz,UP,200,249,,
2026-08-22T20:35:15.518440+00:00,LibGen,LibGen.bz,UP,200,702,,
2026-08-22T20:36:16.423887+00:00,LibGen,LibGen.bz,UP,200,729,,
2026-08-22T20:37:17.268817+00:00,LibGen,LibGen.bz,UP,200,1006,,
2026-08-22T20:38:17.289361+00:00,LibGen,LibGen.bz,UP,200,235,,
2026-08-22T20:39:18.566010+00:00,LibGen,LibGen.bz,UP,200,645,,
2026-08-22T20:40:20.405153+00:00,LibGen,LibGen.bz,UP,200,689,,
2026-08-22T20:41:19.412375+00:00,LibGen,LibGen.bz,UP,200,511,,
2026-08-22T20:42:19.432740+00:00,LibGen,LibGen.bz,UP,200,494,,
2026-08-22T20:43:20.251663+00:00,LibGen,LibGen.bz,UP,200,497,,
2026-08-22T20:44:21.225455+00:00,LibGen,LibGen.bz,UP,200,507,,
2026-08-22T20:45:22.492482+00:00,LibGen,LibGen.bz,UP,200,533,,
2026-08-22T20:46:23.892225+00:00,LibGen,LibGen.bz,UP,200,573,,
2026-08-22T20:47:24.026545+00:00,LibGen,LibGen.bz,UP,200,620,,
2026-08-22T20:48:24.774296+00:00,LibGen,LibGen.bz,UP,200,550,,
2026-08-22T20:49:26.317855+00:00,LibGen,LibGen.bz,UP,200,787,,
2026-08-22T20:50:27.230485+00:00,LibGen,LibGen.bz,UP,200,709,,
2026-08-22T20:51:27.706823+00:00,LibGen,LibGen.bz,UP,200,737,,
2026-08-22T20:52:27.915343+00:00,LibGen,LibGen.bz,UP,200,933,,
2026-08-22T20:53:28.494770+00:00,LibGen,LibGen.bz,UP,200,609,,
2026-08-22T20:54:28.197656+00:00,LibGen,LibGen.bz,UP,200,781,,
2026-08-22T20:55:29.180407+00:00,LibGen,LibGen.bz,UP,200,559,,
2026-08-22T20:56:29.760063+00:00,LibGen,LibGen.bz,UP,200,622,,
2026-08-22T20:57:31.249346+00:00,LibGen,LibGen.bz,UP,200,760,,
2026-08-22T20:58:31.587715+00:00,LibGen,LibGen.bz,UP,200,692,,
2026-08-22T20:59:32.448982+00:00,LibGen,LibGen.bz,UP,200,728,,
2026-08-22T21:00:32.821559+00:00,LibGen,LibGen.bz,UP,200,574,,
2026-08-22T21:01:34.008972+00:00,LibGen,LibGen.bz,UP,200,1042,,
2026-08-22T21:02:34.840213+00:00,LibGen,LibGen.bz,UP,200,621,,
2026-08-22T21:03:35.335233+00:00,LibGen,LibGen.bz,UP,200,685,,
2026-08-22T21:04:36.694582+00:00,LibGen,LibGen.bz,UP,200,761,,
2026-08-22T21:05:36.279222+00:00,LibGen,LibGen.bz,UP,200,708,,
2026-08-22T21:06:38.203161+00:00,LibGen,LibGen.bz,UP,200,587,,
2026-08-22T21:07:38.342314+00:00,LibGen,LibGen.bz,UP,200,528,,
2026-08-22T21:08:38.781509+00:00,LibGen,LibGen.bz,UP,200,517,,
2026-08-22T21:09:39.805235+00:00,LibGen,LibGen.bz,UP,200,802,,
2026-08-22T21:10:40.456018+00:00,LibGen,LibGen.bz,UP,200,615,,
2026-08-22T21:11:39.681696+00:00,LibGen,LibGen.bz,UP,200,300,,
2026-08-22T21:12:40.494822+00:00,LibGen,LibGen.bz,UP,200,941,,
2026-08-22T21:13:40.706389+00:00,LibGen,LibGen.bz,UP,200,537,,
2026-08-22T21:14:41.540486+00:00,LibGen,LibGen.bz,UP,200,573,,
2026-08-22T21:15:42.843440+00:00,LibGen,LibGen.bz,UP,200,678,,
2026-08-22T21:16:43.840265+00:00,LibGen,LibGen.bz,UP,200,665,,
2026-08-22T21:17:44.109808+00:00,LibGen,LibGen.bz,UP,200,567,,
2026-08-22T21:18:44.838899+00:00,LibGen,LibGen.bz,UP,200,512,,
2026-08-22T21:19:46.015034+00:00,LibGen,LibGen.bz,UP,200,654,,
2026-08-22T21:20:45.822147+00:00,LibGen,LibGen.bz,UP,200,252,,
2026-08-22T21:21:46.770494+00:00,LibGen,LibGen.bz,UP,200,663,,
2026-08-22T21:22:47.524158+00:00,LibGen,LibGen.bz,UP,200,577,,
2026-08-22T21:23:48.634284+00:00,LibGen,LibGen.bz,UP,200,648,,
2026-08-22T21:24:49.112510+00:00,LibGen,LibGen.bz,UP,200,543,,
2026-08-22T21:25:49.925654+00:00,LibGen,LibGen.bz,UP,200,538,,
2026-08-22T21:26:51.203994+00:00,LibGen,LibGen.bz,UP,200,597,,
2026-08-22T21:27:51.329350+00:00,LibGen,LibGen.bz,UP,200,231,,
2026-08-22T21:28:53.092432+00:00,LibGen,LibGen.bz,UP,200,621,,
2026-08-22T21:29:53.553726+00:00,LibGen,LibGen.bz,UP,200,719,,
2026-08-22T21:30:54.534925+00:00,LibGen,LibGen.bz,UP,200,853,,
2026-08-22T21:31:55.866222+00:00,LibGen,LibGen.bz,UP,200,885,,
2026-08-22T21:32:56.503108+00:00,LibGen,LibGen.bz,UP,200,986,,
2026-08-22T21:33:56.974768+00:00,LibGen,LibGen.bz,UP,200,695,,
2026-08-22T21:35:17.896073+00:00,LibGen,LibGen.bz,DOWN,,,connection_refused,
2026-08-22T21:35:57.892299+00:00,LibGen,LibGen.bz,UP,200,832,,
2026-08-22T21:36:57.335049+00:00,LibGen,LibGen.bz,UP,200,593,,
2026-08-22T21:37:59.249091+00:00,LibGen,LibGen.bz,UP,200,1564,,
2026-08-22T21:38:58.964077+00:00,LibGen,LibGen.bz,UP,200,514,,
2026-08-22T21:39:59.696126+00:00,LibGen,LibGen.bz,UP,200,741,,
2026-08-22T21:40:59.698998+00:00,LibGen,LibGen.bz,UP,200,651,,
2026-08-22T21:41:59.842884+00:00,LibGen,LibGen.bz,UP,200,616,,
2026-08-22T21:43:00.774722+00:00,LibGen,LibGen.bz,UP,200,615,,
2026-08-22T21:44:01.737350+00:00,LibGen,LibGen.bz,UP,200,708,,
2026-08-22T21:45:02.844994+00:00,LibGen,LibGen.bz,UP,200,929,,
2026-08-22T21:46:03.312330+00:00,LibGen,LibGen.bz,UP,200,728,,
2026-08-22T21:47:02.992438+00:00,LibGen,LibGen.bz,UP,200,641,,
2026-08-22T21:48:04.090753+00:00,LibGen,LibGen.bz,UP,200,931,,
2026-08-22T21:49:04.746965+00:00,LibGen,LibGen.bz,UP,200,648,,
2026-08-22T21:50:06.420616+00:00,LibGen,LibGen.bz,UP,200,1062,,
2026-08-22T21:51:06.470494+00:00,LibGen,LibGen.bz,UP,200,607,,
2026-08-22T21:52:07.872670+00:00,LibGen,LibGen.bz,UP,200,996,,
2026-08-22T21:53:09.032357+00:00,LibGen,LibGen.bz,UP,200,841,,
2026-08-22T21:54:09.547266+00:00,LibGen,LibGen.bz,UP,200,573,,
2026-08-22T21:55:09.903857+00:00,LibGen,LibGen.bz,UP,200,533,,
2026-08-22T21:56:11.220908+00:00,LibGen,LibGen.bz,UP,200,546,,
2026-08-22T21:57:11.710752+00:00,LibGen,LibGen.bz,UP,200,531,,
2026-08-22T21:58:12.676119+00:00,LibGen,LibGen.bz,UP,200,563,,
2026-08-22T21:59:13.888201+00:00,LibGen,LibGen.bz,UP,200,557,,
2026-08-22T22:00:14.398852+00:00,LibGen,LibGen.bz,UP,200,657,,
2026-08-22T22:01:14.441217+00:00,LibGen,LibGen.bz,UP,200,252,,
2026-08-22T22:02:15.463526+00:00,LibGen,LibGen.bz,UP,200,734,,
2026-08-22T22:03:16.222777+00:00,LibGen,LibGen.bz,UP,200,620,,
2026-08-22T22:04:17.074734+00:00,LibGen,LibGen.bz,UP,200,578,,
2026-08-22T22:05:18.395937+00:00,LibGen,LibGen.bz,UP,200,559,,
2026-08-22T22:06:19.033482+00:00,LibGen,LibGen.bz,UP,200,717,,
2026-08-22T22:07:19.568034+00:00,LibGen,LibGen.bz,UP,200,648,,
2026-08-22T22:08:19.354621+00:00,LibGen,LibGen.bz,UP,200,709,,
2026-08-22T22:09:21.037239+00:00,LibGen,LibGen.bz,UP,200,782,,
2026-08-22T22:10:21.131485+00:00,LibGen,LibGen.bz,UP,200,679,,
2026-08-22T22:11:21.963308+00:00,LibGen,LibGen.bz,DOWN,500,620,http_error,
2026-08-22T22:12:22.796516+00:00,LibGen,LibGen.bz,DOWN,500,558,http_error,
2026-08-22T22:13:23.690978+00:00,LibGen,LibGen.bz,UP,200,557,,
2026-08-22T22:14:23.884761+00:00,LibGen,LibGen.bz,UP,200,531,,
2026-08-22T22:15:24.196431+00:00,LibGen,LibGen.bz,UP,200,565,,
2026-08-22T22:16:25.842745+00:00,LibGen,LibGen.bz,UP,200,831,,
2026-08-22T22:17:26.908210+00:00,LibGen,LibGen.bz,UP,200,840,,
2026-08-22T22:18:28.676370+00:00,LibGen,LibGen.bz,UP,200,959,,
2026-08-22T22:19:28.542795+00:00,LibGen,LibGen.bz,UP,200,716,,
2026-08-22T22:20:29.621002+00:00,LibGen,LibGen.bz,UP,200,891,,
2026-08-22T22:21:30.387422+00:00,LibGen,LibGen.bz,UP,200,1122,,
2026-08-22T22:22:31.509031+00:00,LibGen,LibGen.bz,UP,200,552,,
2026-08-22T22:23:31.733022+00:00,LibGen,LibGen.bz,UP,200,658,,
2026-08-22T22:24:32.359652+00:00,LibGen,LibGen.bz,UP,200,725,,
2026-08-22T22:25:32.164997+00:00,LibGen,LibGen.bz,UP,200,840,,
2026-08-22T22:26:32.564373+00:00,LibGen,LibGen.bz,UP,200,596,,
2026-08-22T22:27:32.693186+00:00,LibGen,LibGen.bz,UP,200,715,,
2026-08-22T22:28:33.853181+00:00,LibGen,LibGen.bz,UP,200,565,,
2026-08-22T22:29:34.420958+00:00,LibGen,LibGen.bz,UP,200,601,,
2026-08-22T22:30:35.020949+00:00,LibGen,LibGen.bz,UP,200,810,,
2026-08-22T22:31:35.129865+00:00,LibGen,LibGen.bz,UP,200,1054,,
2026-08-22T22:32:36.211696+00:00,LibGen,LibGen.bz,UP,200,706,,
2026-08-22T22:33:36.597970+00:00,LibGen,LibGen.bz,UP,200,724,,
2026-08-22T22:34:58.037528+00:00,LibGen,LibGen.bz,DOWN,,,connection_refused,
2026-08-22T22:35:37.715456+00:00,LibGen,LibGen.bz,UP,200,540,,
2026-08-22T22:36:37.010254+00:00,LibGen,LibGen.bz,UP,200,545,,
2026-08-22T22:37:37.621768+00:00,LibGen,LibGen.bz,UP,200,636,,
2026-08-22T22:38:38.036924+00:00,LibGen,LibGen.bz,UP,200,580,,
2026-08-22T22:39:39.328884+00:00,LibGen,LibGen.bz,UP,200,660,,
2026-08-22T22:40:39.793480+00:00,LibGen,LibGen.bz,DOWN,500,716,http_error,
2026-08-22T22:41:39.703479+00:00,LibGen,LibGen.bz,UP,200,515,,
2026-08-22T22:42:40.836636+00:00,LibGen,LibGen.bz,DOWN,500,720,http_error,
2026-08-22T22:43:41.670779+00:00,LibGen,LibGen.bz,UP,200,629,,
2026-08-22T22:44:42.944365+00:00,LibGen,LibGen.bz,UP,200,548,,
2026-08-22T22:45:42.799005+00:00,LibGen,LibGen.bz,DOWN,,,connection_refused,
2026-08-22T22:46:44.379288+00:00,LibGen,LibGen.bz,DOWN,500,691,http_error,
2026-08-22T22:47:45.656043+00:00,LibGen,LibGen.bz,UP,200,590,,
2026-08-22T22:48:46.555177+00:00,LibGen,LibGen.bz,UP,200,626,,
2026-08-22T22:49:47.398903+00:00,LibGen,LibGen.bz,UP,200,900,,
2026-08-22T22:50:48.379267+00:00,LibGen,LibGen.bz,UP,200,605,,
2026-08-22T22:51:49.851477+00:00,LibGen,LibGen.bz,UP,200,573,,
2026-08-22T22:52:48.936639+00:00,LibGen,LibGen.bz,UP,200,577,,
2026-08-22T22:53:50.623067+00:00,LibGen,LibGen.bz,UP,200,961,,
2026-08-22T22:54:50.627054+00:00,LibGen,LibGen.bz,UP,200,523,,
2026-08-22T22:55:51.104926+00:00,LibGen,LibGen.bz,UP,200,543,,
2026-08-22T22:56:51.531379+00:00,LibGen,LibGen.bz,DOWN,500,523,http_error,
2026-08-22T22:57:52.428713+00:00,LibGen,LibGen.bz,DOWN,500,588,http_error,
2026-08-22T22:58:53.386424+00:00,LibGen,LibGen.bz,UP,200,602,,
2026-08-22T22:59:54.120083+00:00,LibGen,LibGen.bz,UP,200,593,,
2026-08-22T23:00:53.990916+00:00,LibGen,LibGen.bz,UP,200,905,,
2026-08-22T23:01:53.608750+00:00,LibGen,LibGen.bz,UP,200,229,,
2026-08-22T23:02:54.611074+00:00,LibGen,LibGen.bz,UP,200,642,,
2026-08-22T23:03:55.496355+00:00,LibGen,LibGen.bz,UP,200,595,,
2026-08-22T23:04:55.628435+00:00,LibGen,LibGen.bz,DOWN,500,595,http_error,
2026-08-22T23:05:56.532244+00:00,LibGen,LibGen.bz,DOWN,500,542,http_error,
2026-08-22T23:06:57.718462+00:00,LibGen,LibGen.bz,UP,200,739,,
2026-08-22T23:07:57.566741+00:00,LibGen,LibGen.bz,UP,200,569,,
2026-08-22T23:08:58.090482+00:00,LibGen,LibGen.bz,UP,200,677,,
2026-08-22T23:09:58.967215+00:00,LibGen,LibGen.bz,UP,200,576,,
2026-08-22T23:10:59.605182+00:00,LibGen,LibGen.bz,UP,200,1190,,
2026-08-22T23:11:59.672684+00:00,LibGen,LibGen.bz,UP,200,906,,
2026-08-22T23:12:59.457792+00:00,LibGen,LibGen.bz,UP,200,554,,
2026-08-22T23:14:00.907587+00:00,LibGen,LibGen.bz,UP,200,682,,
2026-08-22T23:15:01.194577+00:00,LibGen,LibGen.bz,DOWN,500,515,http_error,
2026-08-22T23:16:01.655947+00:00,LibGen,LibGen.bz,UP,200,719,,
2026-08-22T23:17:01.580763+00:00,LibGen,LibGen.bz,UP,200,635,,
2026-08-22T23:18:02.363082+00:00,LibGen,LibGen.bz,UP,200,540,,
2026-08-22T23:19:03.334881+00:00,LibGen,LibGen.bz,UP,200,532,,
2026-08-22T23:20:04.532587+00:00,LibGen,LibGen.bz,UP,200,848,,
2026-08-22T23:21:05.613538+00:00,LibGen,LibGen.bz,UP,200,844,,
2026-08-22T23:22:06.183555+00:00,LibGen,LibGen.bz,UP,200,596,,
2026-08-22T23:23:06.312090+00:00,LibGen,LibGen.bz,UP,200,708,,
2026-08-22T23:24:06.985498+00:00,LibGen,LibGen.bz,UP,200,518,,
2026-08-22T23:25:27.520956+00:00,LibGen,LibGen.bz,DOWN,,,connection_refused,
2026-08-22T23:26:07.113800+00:00,LibGen,LibGen.bz,UP,200,583,,
2026-08-22T23:27:07.138614+00:00,LibGen,LibGen.bz,UP,200,590,,
2026-08-22T23:28:07.173039+00:00,LibGen,LibGen.bz,UP,200,596,,
2026-08-22T23:29:08.159723+00:00,LibGen,LibGen.bz,UP,200,659,,
2026-08-22T23:30:09.281474+00:00,LibGen,LibGen.bz,UP,200,813,,
2026-08-22T23:31:09.961369+00:00,LibGen,LibGen.bz,UP,200,761,,
2026-08-22T23:32:10.042809+00:00,LibGen,LibGen.bz,UP,200,782,,
2026-08-22T23:33:10.839423+00:00,LibGen,LibGen.bz,UP,200,699,,
2026-08-22T23:34:11.837614+00:00,LibGen,LibGen.bz,UP,200,786,,
2026-08-22T23:35:11.798819+00:00,LibGen,LibGen.bz,UP,200,699,,
2026-08-22T23:36:13.849927+00:00,LibGen,LibGen.bz,UP,200,1699,,
2026-08-22T23:37:13.179769+00:00,LibGen,LibGen.bz,UP,200,631,,
2026-08-22T23:38:14.028399+00:00,LibGen,LibGen.bz,UP,200,533,,
2026-08-22T23:39:15.523232+00:00,LibGen,LibGen.bz,UP,200,682,,
2026-08-22T23:40:15.885472+00:00,LibGen,LibGen.bz,UP,200,654,,
2026-08-22T23:41:16.478468+00:00,LibGen,LibGen.bz,UP,200,698,,
2026-08-22T23:42:17.341951+00:00,LibGen,LibGen.bz,UP,200,635,,
2026-08-22T23:43:18.764750+00:00,LibGen,LibGen.bz,UP,200,763,,
2026-08-22T23:44:18.341903+00:00,LibGen,LibGen.bz,UP,200,755,,
2026-08-22T23:45:23.752766+00:00,LibGen,LibGen.bz,UP,200,1067,,
2026-08-22T23:46:19.306887+00:00,LibGen,LibGen.bz,UP,200,741,,
2026-08-22T23:47:20.296011+00:00,LibGen,LibGen.bz,UP,200,669,,
2026-08-22T23:48:40.630523+00:00,LibGen,LibGen.bz,DOWN,,,connection_refused,
2026-08-22T23:49:22.688396+00:00,LibGen,LibGen.bz,UP,200,1708,,
2026-08-22T23:50:22.346877+00:00,LibGen,LibGen.bz,UP,200,615,,
2026-08-22T23:51:24.405012+00:00,LibGen,LibGen.bz,UP,200,699,,
2026-08-22T23:52:44.454743+00:00,LibGen,LibGen.bz,DOWN,,,connection_refused,
2026-08-22T23:53:25.334767+00:00,LibGen,LibGen.bz,UP,200,716,,
2026-08-22T23:54:26.203639+00:00,LibGen,LibGen.bz,UP,200,676,,
2026-08-22T23:55:26.524416+00:00,LibGen,LibGen.bz,UP,200,690,,
2026-08-22T23:56:26.819153+00:00,LibGen,LibGen.bz,UP,200,716,,
2026-08-22T23:57:27.686722+00:00,LibGen,LibGen.bz,UP,200,694,,
2026-08-22T23:58:28.605346+00:00,LibGen,LibGen.bz,UP,200,693,,
2026-08-22T23:59:29.154717+00:00,LibGen,LibGen.bz,UP,200,752,,
2026-08-23T00:00:30.429904+00:00,LibGen,LibGen.bz,UP,200,1222,,
2026-08-23T00:01:30.451448+00:00,LibGen,LibGen.bz,UP,200,1019,,
2026-08-23T00:02:30.404897+00:00,LibGen,LibGen.bz,UP,200,785,,
2026-08-23T00:03:30.256496+00:00,LibGen,LibGen.bz,UP,200,229,,
2026-08-23T00:04:31.424792+00:00,LibGen,LibGen.bz,UP,200,860,,
2026-08-23T00:05:31.790080+00:00,LibGen,LibGen.bz,UP,200,728,,
2026-08-23T00:06:31.382921+00:00,LibGen,LibGen.bz,UP,200,277,,
2026-08-23T00:07:31.896716+00:00,LibGen,LibGen.bz,UP,200,748,,
2026-08-23T00:08:32.804287+00:00,LibGen,LibGen.bz,UP,200,777,,
2026-08-23T00:09:33.491050+00:00,LibGen,LibGen.bz,UP,200,581,,
2026-08-23T00:10:33.306770+00:00,LibGen,LibGen.bz,UP,200,700,,
2026-08-23T00:11:33.315453+00:00,LibGen,LibGen.bz,UP,200,240,,
2026-08-23T00:12:34.900737+00:00,LibGen,LibGen.bz,UP,200,663,,
2026-08-23T00:13:55.347495+00:00,LibGen,LibGen.bz,DOWN,,,connection_refused,
2026-08-23T00:14:34.860530+00:00,LibGen,LibGen.bz,UP,200,601,,
2026-08-23T00:15:36.463957+00:00,LibGen,LibGen.bz,UP,200,1104,,
2026-08-23T00:16:58.275557+00:00,LibGen,LibGen.bz,DOWN,,,connection_refused,
2026-08-23T00:17:37.450736+00:00,LibGen,LibGen.bz,UP,200,630,,
2026-08-23T00:18:38.120570+00:00,LibGen,LibGen.bz,UP,200,709,,
2026-08-23T00:19:38.806239+00:00,LibGen,LibGen.bz,UP,200,755,,
2026-08-23T00:20:39.877866+00:00,LibGen,LibGen.bz,UP,200,815,,
2026-08-23T00:21:40.687784+00:00,LibGen,LibGen.bz,UP,200,1051,,
2026-08-23T00:22:43.330761+00:00,LibGen,LibGen.bz,UP,200,1704,,
2026-08-23T00:23:41.470633+00:00,LibGen,LibGen.bz,UP,200,923,,
2026-08-23T00:24:43.146740+00:00,LibGen,LibGen.bz,UP,200,597,,
2026-08-23T00:25:43.949002+00:00,LibGen,LibGen.bz,UP,200,777,,
2026-08-23T00:26:44.280965+00:00,LibGen,LibGen.bz,UP,200,688,,
2026-08-23T00:27:45.571742+00:00,LibGen,LibGen.bz,UP,200,625,,
2026-08-23T00:28:45.832988+00:00,LibGen,LibGen.bz,UP,200,831,,
2026-08-23T00:29:46.534785+00:00,LibGen,LibGen.bz,UP,200,625,,
2026-08-23T00:30:48.387492+00:00,LibGen,LibGen.bz,UP,200,815,,
2026-08-23T00:31:48.479026+00:00,LibGen,LibGen.bz,UP,200,667,,
2026-08-23T00:32:49.431254+00:00,LibGen,LibGen.bz,UP,200,686,,
2026-08-23T00:33:50.612225+00:00,LibGen,LibGen.bz,UP,200,661,,
2026-08-23T00:35:11.149169+00:00,LibGen,LibGen.bz,DOWN,,,connection_refused,
2026-08-23T00:35:52.206262+00:00,LibGen,LibGen.bz,UP,200,689,,
2026-08-23T00:36:53.133561+00:00,LibGen,LibGen.bz,UP,200,652,,
2026-08-23T00:37:54.137672+00:00,LibGen,LibGen.bz,UP,200,669,,
2026-08-23T00:38:55.168259+00:00,LibGen,LibGen.bz,UP,200,757,,
2026-08-23T00:39:56.098441+00:00,LibGen,LibGen.bz,UP,200,1087,,
2026-08-23T00:40:55.805912+00:00,LibGen,LibGen.bz,UP,200,337,,
2026-08-23T00:41:57.125639+00:00,LibGen,LibGen.bz,UP,200,679,,
2026-08-23T00:42:56.937324+00:00,LibGen,LibGen.bz,UP,200,800,,
2026-08-23T00:43:57.353775+00:00,LibGen,LibGen.bz,UP,200,900,,
2026-08-23T00:44:58.283939+00:00,LibGen,LibGen.bz,UP,200,1531,,
2026-08-23T00:45:58.362170+00:00,LibGen,LibGen.bz,UP,200,1237,,
2026-08-23T00:46:59.588905+00:00,LibGen,LibGen.bz,UP,200,1051,,
2026-08-23T00:47:59.374684+00:00,LibGen,LibGen.bz,UP,200,728,,
2026-08-23T00:48:59.436174+00:00,LibGen,LibGen.bz,UP,200,663,,
2026-08-23T00:50:00.198542+00:00,LibGen,LibGen.bz,UP,200,667,,
2026-08-23T00:51:00.396237+00:00,LibGen,LibGen.bz,UP,200,1044,,
2026-08-23T00:52:00.093797+00:00,LibGen,LibGen.bz,UP,200,247,,
2026-08-23T00:53:00.744854+00:00,LibGen,LibGen.bz,UP,200,808,,
2026-08-23T00:54:21.904132+00:00,LibGen,LibGen.bz,DOWN,,,connection_refused,
2026-08-23T00:55:02.107263+00:00,LibGen,LibGen.bz,UP,200,723,,
2026-08-23T00:56:02.909947+00:00,LibGen,LibGen.bz,UP,200,849,,
2026-08-23T00:57:02.893995+00:00,LibGen,LibGen.bz,UP,200,930,,
2026-08-23T00:58:04.912789+00:00,LibGen,LibGen.bz,UP,200,1161,,
2026-08-23T00:59:04.251239+00:00,LibGen,LibGen.bz,UP,200,1162,,
2026-08-23T01:00:06.695865+00:00,LibGen,LibGen.bz,UP,200,913,,
2026-08-23T01:01:25.968458+00:00,LibGen,LibGen.bz,DOWN,,,connection_refused,
2026-08-23T01:02:10.238329+00:00,LibGen,LibGen.bz,DEGRADED,200,5358,latency_high,
2026-08-23T01:03:07.061107+00:00,LibGen,LibGen.bz,UP,200,283,,
2026-08-23T01:04:25.901946+00:00,LibGen,LibGen.bz,DOWN,,,connection_refused,
2026-08-23T01:05:06.893304+00:00,LibGen,LibGen.bz,UP,200,981,,
2026-08-23T01:06:06.382570+00:00,LibGen,LibGen.bz,UP,200,712,,
2026-08-23T01:07:07.112413+00:00,LibGen,LibGen.bz,UP,200,720,,
2026-08-23T01:08:07.467998+00:00,LibGen,LibGen.bz,UP,200,753,,
2026-08-23T01:09:08.843207+00:00,LibGen,LibGen.bz,UP,200,757,,
2026-08-23T01:10:08.887433+00:00,LibGen,LibGen.bz,UP,200,796,,
2026-08-23T01:11:10.221300+00:00,LibGen,LibGen.bz,UP,200,781,,
2026-08-23T01:12:10.662823+00:00,LibGen,LibGen.bz,UP,200,822,,
2026-08-23T01:13:11.407262+00:00,LibGen,LibGen.bz,UP,200,808,,
2026-08-23T01:14:12.482242+00:00,LibGen,LibGen.bz,UP,200,776,,
2026-08-23T01:15:13.205939+00:00,LibGen,LibGen.bz,UP,200,1090,,
2026-08-23T01:16:12.997854+00:00,LibGen,LibGen.bz,DOWN,,,connection_refused,
2026-08-23T01:17:15.047250+00:00,LibGen,LibGen.bz,UP,200,1200,,
2026-08-23T01:18:15.387472+00:00,LibGen,LibGen.bz,UP,200,708,,
2026-08-23T01:19:16.046054+00:00,LibGen,LibGen.bz,UP,200,700,,
2026-08-23T01:20:16.611972+00:00,LibGen,LibGen.bz,UP,200,692,,
2026-08-23T01:21:17.505538+00:00,LibGen,LibGen.bz,UP,200,745,,
2026-08-23T01:22:18.052528+00:00,LibGen,LibGen.bz,UP,200,708,,
2026-08-23T01:23:18.146422+00:00,LibGen,LibGen.bz,UP,200,635,,
2026-08-23T01:24:19.283243+00:00,LibGen,LibGen.bz,UP,200,703,,
2026-08-23T01:25:19.330496+00:00,LibGen,LibGen.bz,UP,200,626,,
2026-08-23T01:26:20.731822+00:00,LibGen,LibGen.bz,UP,200,1280,,
2026-08-23T01:27:20.846183+00:00,LibGen,LibGen.bz,UP,200,838,,
2026-08-23T01:28:21.295699+00:00,LibGen,LibGen.bz,UP,200,670,,
2026-08-23T01:29:21.919323+00:00,LibGen,LibGen.bz,UP,200,707,,
2026-08-23T01:30:21.799159+00:00,LibGen,LibGen.bz,DOWN,,,connection_refused,
2026-08-23T01:31:23.197739+00:00,LibGen,LibGen.bz,UP,200,761,,
2026-08-23T01:32:26.865121+00:00,LibGen,LibGen.bz,DEGRADED,200,3710,latency_high,
2026-08-23T01:33:25.391993+00:00,LibGen,LibGen.bz,UP,200,291,,
2026-08-23T01:34:25.917715+00:00,LibGen,LibGen.bz,UP,200,1170,,
2026-08-23T01:35:26.611958+00:00,LibGen,LibGen.bz,UP,200,1208,,
2026-08-23T01:36:26.822064+00:00,LibGen,LibGen.bz,UP,200,1029,,
2026-08-23T01:37:27.000157+00:00,LibGen,LibGen.bz,UP,200,654,,
2026-08-23T01:38:27.425282+00:00,LibGen,LibGen.bz,UP,200,728,,
2026-08-23T01:39:27.920646+00:00,LibGen,LibGen.bz,UP,200,635,,
2026-08-23T01:40:29.662196+00:00,LibGen,LibGen.bz,UP,200,814,,
2026-08-23T01:41:29.800876+00:00,LibGen,LibGen.bz,UP,200,1072,,
2026-08-23T01:42:29.601493+00:00,LibGen,LibGen.bz,DOWN,,,connection_refused,
2026-08-23T01:43:31.049174+00:00,LibGen,LibGen.bz,UP,200,769,,
2026-08-23T01:44:52.719226+00:00,LibGen,LibGen.bz,DOWN,,,connection_refused,
2026-08-23T01:45:32.001656+00:00,LibGen,LibGen.bz,UP,200,813,,
2026-08-23T01:46:32.575882+00:00,LibGen,LibGen.bz,UP,200,729,,
2026-08-23T01:47:33.214972+00:00,LibGen,LibGen.bz,UP,200,710,,
2026-08-23T01:48:36.058900+00:00,LibGen,LibGen.bz,UP,200,2902,,
2026-08-23T01:49:37.209746+00:00,LibGen,LibGen.bz,UP,200,2963,,
2026-08-23T01:50:35.564827+00:00,LibGen,LibGen.bz,UP,200,603,,
2026-08-23T01:51:35.979341+00:00,LibGen,LibGen.bz,UP,200,706,,
2026-08-23T01:52:37.194453+00:00,LibGen,LibGen.bz,UP,200,741,,
2026-08-23T01:53:37.652732+00:00,LibGen,LibGen.bz,UP,200,609,,
2026-08-23T01:54:37.851248+00:00,LibGen,LibGen.bz,UP,200,588,,
2026-08-23T01:55:39.067347+00:00,LibGen,LibGen.bz,UP,200,721,,
2026-08-23T01:56:39.166590+00:00,LibGen,LibGen.bz,UP,200,236,,
2026-08-23T01:57:39.844287+00:00,LibGen,LibGen.bz,UP,200,732,,
2026-08-23T01:58:40.872984+00:00,LibGen,LibGen.bz,UP,200,715,,
2026-08-23T01:59:41.107576+00:00,LibGen,LibGen.bz,UP,200,659,,
2026-08-23T02:00:41.828034+00:00,LibGen,LibGen.bz,UP,200,757,,
2026-08-23T02:01:42.513647+00:00,LibGen,LibGen.bz,UP,200,751,,
2026-08-23T02:02:44.270890+00:00,LibGen,LibGen.bz,UP,200,1035,,
2026-08-23T02:03:43.458637+00:00,LibGen,LibGen.bz,UP,200,710,,
2026-08-23T02:04:44.663891+00:00,LibGen,LibGen.bz,UP,200,685,,
2026-08-23T02:05:45.098807+00:00,LibGen,LibGen.bz,UP,200,678,,
2026-08-23T02:06:45.931114+00:00,LibGen,LibGen.bz,UP,200,749,,
2026-08-23T02:07:46.439424+00:00,LibGen,LibGen.bz,UP,200,603,,
2026-08-23T02:08:47.158302+00:00,LibGen,LibGen.bz,UP,200,745,,
2026-08-23T02:10:08.015717+00:00,LibGen,LibGen.bz,DOWN,,,connection_refused,
2026-08-23T02:10:48.174461+00:00,LibGen,LibGen.bz,UP,200,1006,,
2026-08-23T02:11:48.462000+00:00,LibGen,LibGen.bz,UP,200,680,,
2026-08-23T02:12:48.397050+00:00,LibGen,LibGen.bz,DOWN,,,connection_refused,
2026-08-23T02:14:09.742150+00:00,LibGen,LibGen.bz,DOWN,,,connection_refused,
2026-08-23T02:14:54.016130+00:00,LibGen,LibGen.bz,DEGRADED,200,3804,latency_high,
2026-08-23T02:15:51.775722+00:00,LibGen,LibGen.bz,UP,200,977,,
2026-08-23T02:16:51.684087+00:00,LibGen,LibGen.bz,UP,200,695,,
2026-08-23T02:17:53.065484+00:00,LibGen,LibGen.bz,UP,200,581,,
2026-08-23T02:18:55.919024+00:00,LibGen,LibGen.bz,DEGRADED,200,3538,latency_high,
2026-08-23T02:19:53.756862+00:00,LibGen,LibGen.bz,UP,200,707,,
2026-08-23T02:20:54.426437+00:00,LibGen,LibGen.bz,UP,200,754,,
2026-08-23T02:21:55.083658+00:00,LibGen,LibGen.bz,UP,200,711,,
2026-08-23T02:22:55.983865+00:00,LibGen,LibGen.bz,UP,200,1014,,
2026-08-23T02:23:56.507804+00:00,LibGen,LibGen.bz,UP,200,902,,
2026-08-23T02:24:57.554190+00:00,LibGen,LibGen.bz,UP,200,916,,
2026-08-23T02:25:57.379774+00:00,LibGen,LibGen.bz,UP,200,613,,
2026-08-23T02:26:58.403466+00:00,LibGen,LibGen.bz,UP,200,784,,
2026-08-23T02:27:59.379328+00:00,LibGen,LibGen.bz,UP,200,712,,
2026-08-23T02:28:59.704982+00:00,LibGen,LibGen.bz,UP,200,649,,
2026-08-23T02:30:00.842568+00:00,LibGen,LibGen.bz,UP,200,732,,
2026-08-23T02:31:01.099059+00:00,LibGen,LibGen.bz,UP,200,1387,,
2026-08-23T02:32:01.710967+00:00,LibGen,LibGen.bz,UP,200,754,,
2026-08-23T02:33:01.806845+00:00,LibGen,LibGen.bz,UP,200,656,,
2026-08-23T02:34:03.021879+00:00,LibGen,LibGen.bz,UP,200,710,,
2026-08-23T02:35:03.127987+00:00,LibGen,LibGen.bz,UP,200,843,,
2026-08-23T02:36:04.394832+00:00,LibGen,LibGen.bz,UP,200,811,,
2026-08-23T02:37:04.882250+00:00,LibGen,LibGen.bz,UP,200,680,,
2026-08-23T02:38:06.168728+00:00,LibGen,LibGen.bz,UP,200,739,,
2026-08-23T02:39:06.627969+00:00,LibGen,LibGen.bz,UP,200,772,,
2026-08-23T02:40:07.330879+00:00,LibGen,LibGen.bz,UP,200,708,,
2026-08-23T02:41:08.140305+00:00,LibGen,LibGen.bz,UP,200,616,,
2026-08-23T02:42:09.209239+00:00,LibGen,LibGen.bz,UP,200,903,,
2026-08-23T02:43:09.895193+00:00,LibGen,LibGen.bz,UP,200,707,,
2026-08-23T02:44:10.162821+00:00,LibGen,LibGen.bz,UP,200,668,,
2026-08-23T02:45:11.049453+00:00,LibGen,LibGen.bz,UP,200,754,,
2026-08-23T02:46:11.762155+00:00,LibGen,LibGen.bz,UP,200,733,,
2026-08-23T02:47:13.055013+00:00,LibGen,LibGen.bz,UP,200,771,,
2026-08-23T02:48:13.570029+00:00,LibGen,LibGen.bz,UP,200,750,,
2026-08-23T02:49:14.419530+00:00,LibGen,LibGen.bz,UP,200,705,,
2026-08-23T02:50:16.369856+00:00,LibGen,LibGen.bz,UP,200,563,,
2026-08-23T02:51:16.203192+00:00,LibGen,LibGen.bz,UP,200,815,,
2026-08-23T02:52:17.521718+00:00,LibGen,LibGen.bz,UP,200,764,,
2026-08-23T02:53:17.408544+00:00,LibGen,LibGen.bz,UP,200,234,,
2026-08-23T02:54:17.605114+00:00,LibGen,LibGen.bz,UP,200,670,,
2026-08-23T02:55:17.848487+00:00,LibGen,LibGen.bz,UP,200,251,,
2026-08-23T02:56:18.951109+00:00,LibGen,LibGen.bz,UP,200,730,,
2026-08-23T02:57:19.659448+00:00,LibGen,LibGen.bz,UP,200,793,,
2026-08-23T02:58:20.570774+00:00,LibGen,LibGen.bz,UP,200,648,,
2026-08-23T02:59:20.839868+00:00,LibGen,LibGen.bz,UP,200,829,,
2026-08-23T03:00:21.476320+00:00,LibGen,LibGen.bz,UP,200,860,,
2026-08-23T03:01:22.340219+00:00,LibGen,LibGen.bz,UP,200,708,,
2026-08-23T03:02:23.160700+00:00,LibGen,LibGen.bz,UP,200,593,,
2026-08-23T03:03:23.834275+00:00,LibGen,LibGen.bz,UP,200,880,,
2026-08-23T03:04:25.645576+00:00,LibGen,LibGen.bz,UP,200,1112,,
2026-08-23T03:05:24.977739+00:00,LibGen,LibGen.bz,UP,200,669,,
2026-08-23T03:06:46.183832+00:00,LibGen,LibGen.bz,DOWN,,,connection_refused,
2026-08-23T03:07:26.640376+00:00,LibGen,LibGen.bz,UP,200,624,,
2026-08-23T03:08:27.318362+00:00,LibGen,LibGen.bz,UP,200,993,,
2026-08-23T03:09:28.068713+00:00,LibGen,LibGen.bz,UP,200,755,,
2026-08-23T03:10:28.741055+00:00,LibGen,LibGen.bz,UP,200,1051,,
2026-08-23T03:11:28.971247+00:00,LibGen,LibGen.bz,UP,200,647,,
2026-08-23T03:12:29.598741+00:00,LibGen,LibGen.bz,UP,200,641,,
2026-08-23T03:13:30.390631+00:00,LibGen,LibGen.bz,UP,200,651,,
2026-08-23T03:14:31.088856+00:00,LibGen,LibGen.bz,UP,200,593,,
2026-08-23T03:14:40.354709+00:00,LibGen,LibGen.bz,UP,200,1197,,
2026-08-23T03:15:39.608485+00:00,LibGen,LibGen.bz,UP,200,717,,
2026-08-23T03:16:39.758527+00:00,LibGen,LibGen.bz,UP,200,558,,
2026-08-23T03:17:41.067940+00:00,LibGen,LibGen.bz,UP,200,690,,
2026-08-23T03:18:41.266568+00:00,LibGen,LibGen.bz,UP,200,631,,
2026-08-23T03:19:41.538833+00:00,LibGen,LibGen.bz,UP,200,222,,
2026-08-23T03:20:05.818940+00:00,LibGen,LibGen.bz,UP,200,905,,
2026-08-23T03:21:06.653482+00:00,LibGen,LibGen.bz,UP,200,1097,,
2026-08-23T03:22:27.080319+00:00,LibGen,LibGen.bz,DOWN,,,connection_refused,
2026-08-23T03:23:08.474964+00:00,LibGen,LibGen.bz,UP,200,1625,,
2026-08-23T03:24:08.282340+00:00,LibGen,LibGen.bz,UP,200,882,,
2026-08-23T03:25:08.720189+00:00,LibGen,LibGen.bz,UP,200,699,,
2026-08-23T03:26:09.521359+00:00,LibGen,LibGen.bz,UP,200,707,,
2026-08-23T03:27:10.251798+00:00,LibGen,LibGen.bz,UP,200,768,,
2026-08-23T03:28:11.368323+00:00,LibGen,LibGen.bz,UP,200,242,,
2026-08-23T03:29:31.448139+00:00,LibGen,LibGen.bz,DOWN,,,connection_refused,
2026-08-23T03:30:12.423023+00:00,LibGen,LibGen.bz,UP,200,1018,,
2026-08-23T03:31:13.042501+00:00,LibGen,LibGen.bz,UP,200,782,,
2026-08-23T03:32:14.072210+00:00,LibGen,LibGen.bz,UP,200,815,,
2026-08-23T03:33:34.553036+00:00,LibGen,LibGen.bz,DOWN,,,connection_refused,
2026-08-23T03:34:15.305065+00:00,LibGen,LibGen.bz,UP,200,808,,
2026-08-23T03:35:16.385030+00:00,LibGen,LibGen.bz,UP,200,1145,,
2026-08-23T03:36:16.500532+00:00,LibGen,LibGen.bz,UP,200,655,,
2026-08-23T03:37:17.636395+00:00,LibGen,LibGen.bz,UP,200,681,,
2026-08-23T03:38:17.680204+00:00,LibGen,LibGen.bz,UP,200,612,,
2026-08-23T03:39:18.959104+00:00,LibGen,LibGen.bz,UP,200,1208,,
2026-08-23T03:40:19.423520+00:00,LibGen,LibGen.bz,UP,200,822,,
2026-08-23T03:41:22.810837+00:00,LibGen,LibGen.bz,DEGRADED,200,3815,latency_high,
2026-08-23T03:42:20.470880+00:00,LibGen,LibGen.bz,UP,200,837,,
2026-08-23T03:43:41.944770+00:00,LibGen,LibGen.bz,DOWN,,,connection_refused,
2026-08-23T03:44:21.659433+00:00,LibGen,LibGen.bz,UP,200,752,,
2026-08-23T03:45:22.855703+00:00,LibGen,LibGen.bz,UP,200,1164,,
2026-08-23T03:46:22.981795+00:00,LibGen,LibGen.bz,UP,200,790,,
2026-08-23T03:47:24.097608+00:00,LibGen,LibGen.bz,UP,200,679,,
2026-08-23T03:48:24.473577+00:00,LibGen,LibGen.bz,UP,200,853,,
2026-08-23T03:49:25.420895+00:00,LibGen,LibGen.bz,UP,200,718,,
2026-08-23T03:50:26.087866+00:00,LibGen,LibGen.bz,UP,200,768,,
2026-08-23T03:51:26.585347+00:00,LibGen,LibGen.bz,UP,200,925,,
2026-08-23T03:52:26.828833+00:00,LibGen,LibGen.bz,UP,200,231,,
2026-08-23T03:53:27.560547+00:00,LibGen,LibGen.bz,UP,200,757,,
2026-08-23T03:54:28.102335+00:00,LibGen,LibGen.bz,UP,200,741,,
2026-08-23T03:55:28.688908+00:00,LibGen,LibGen.bz,UP,200,708,,
2026-08-23T03:56:29.934951+00:00,LibGen,LibGen.bz,UP,200,801,,
2026-08-23T03:57:30.061909+00:00,LibGen,LibGen.bz,UP,200,729,,
2026-08-23T03:58:30.876208+00:00,LibGen,LibGen.bz,UP,200,674,,
2026-08-23T03:59:34.426847+00:00,LibGen,LibGen.bz,DEGRADED,200,3607,latency_high,
2026-08-23T04:00:32.669089+00:00,LibGen,LibGen.bz,UP,200,926,,
2026-08-23T04:01:34.382137+00:00,LibGen,LibGen.bz,UP,200,1514,,
2026-08-23T04:02:34.341941+00:00,LibGen,LibGen.bz,UP,200,972,,
2026-08-23T04:03:35.110413+00:00,LibGen,LibGen.bz,DOWN,500,933,http_error,
2026-08-23T04:04:36.276970+00:00,LibGen,LibGen.bz,UP,200,868,,
2026-08-23T04:05:39.630137+00:00,LibGen,LibGen.bz,DEGRADED,200,3924,latency_high,
2026-08-23T04:06:37.848187+00:00,LibGen,LibGen.bz,UP,200,1005,,
2026-08-23T04:07:37.919876+00:00,LibGen,LibGen.bz,UP,200,656,,
2026-08-23T04:08:38.641896+00:00,LibGen,LibGen.bz,UP,200,759,,
2026-08-23T04:09:39.173169+00:00,LibGen,LibGen.bz,UP,200,679,,
2026-08-23T04:10:39.682862+00:00,LibGen,LibGen.bz,UP,200,566,,
2026-08-23T04:11:40.496123+00:00,LibGen,LibGen.bz,UP,200,718,,
2026-08-23T04:12:42.295011+00:00,LibGen,LibGen.bz,UP,200,707,,
2026-08-23T04:13:41.852706+00:00,LibGen,LibGen.bz,UP,200,734,,
2026-08-23T04:14:42.492817+00:00,LibGen,LibGen.bz,UP,200,656,,
2026-08-23T04:15:43.249504+00:00,LibGen,LibGen.bz,UP,200,707,,
2026-08-23T04:16:44.762292+00:00,LibGen,LibGen.bz,UP,200,786,,
2026-08-23T04:17:45.173529+00:00,LibGen,LibGen.bz,UP,200,1238,,
2026-08-23T04:18:45.733841+00:00,LibGen,LibGen.bz,UP,200,1053,,
2026-08-23T04:19:46.011609+00:00,LibGen,LibGen.bz,UP,200,773,,
2026-08-23T04:20:46.700066+00:00,LibGen,LibGen.bz,UP,200,759,,
2026-08-23T04:21:47.285352+00:00,LibGen,LibGen.bz,UP,200,726,,
2026-08-23T04:22:47.855682+00:00,LibGen,LibGen.bz,UP,200,688,,
2026-08-23T04:23:48.672731+00:00,LibGen,LibGen.bz,UP,200,866,,
2026-08-23T04:24:49.270975+00:00,LibGen,LibGen.bz,UP,200,852,,
2026-08-23T04:25:49.835206+00:00,LibGen,LibGen.bz,UP,200,788,,
2026-08-23T04:26:49.990223+00:00,LibGen,LibGen.bz,UP,200,321,,
2026-08-23T04:27:50.962260+00:00,LibGen,LibGen.bz,UP,200,684,,
2026-08-23T04:28:51.678590+00:00,LibGen,LibGen.bz,UP,200,686,,
2026-08-23T04:29:52.653794+00:00,LibGen,LibGen.bz,UP,200,936,,
2026-08-23T04:30:53.421412+00:00,LibGen,LibGen.bz,UP,200,935,,
2026-08-23T04:31:54.163528+00:00,LibGen,LibGen.bz,UP,200,858,,
2026-08-23T04:32:54.286125+00:00,LibGen,LibGen.bz,UP,200,419,,
2026-08-23T04:33:55.280842+00:00,LibGen,LibGen.bz,UP,200,737,,
2026-08-23T04:34:55.204094+00:00,LibGen,LibGen.bz,DOWN,,,connection_refused,
2026-08-23T04:35:56.985123+00:00,LibGen,LibGen.bz,UP,200,983,,
2026-08-23T04:36:57.325862+00:00,LibGen,LibGen.bz,UP,200,340,,
2026-08-23T04:37:58.135410+00:00,LibGen,LibGen.bz,UP,200,902,,
2026-08-23T04:38:58.964510+00:00,LibGen,LibGen.bz,UP,200,811,,
2026-08-23T04:39:59.409133+00:00,LibGen,LibGen.bz,UP,200,734,,
2026-08-23T04:40:59.400074+00:00,LibGen,LibGen.bz,DOWN,,,connection_refused,
2026-08-23T04:42:01.441808+00:00,LibGen,LibGen.bz,UP,200,856,,
2026-08-23T04:43:01.485098+00:00,LibGen,LibGen.bz,UP,200,666,,
2026-08-23T04:44:02.783807+00:00,LibGen,LibGen.bz,UP,200,960,,
2026-08-23T04:45:04.514522+00:00,LibGen,LibGen.bz,UP,200,1051,,
2026-08-23T04:46:03.650395+00:00,LibGen,LibGen.bz,UP,200,786,,
2026-08-23T04:47:04.422909+00:00,LibGen,LibGen.bz,UP,200,740,,
2026-08-23T04:48:05.106862+00:00,LibGen,LibGen.bz,UP,200,736,,
2026-08-23T04:49:05.968891+00:00,LibGen,LibGen.bz,UP,200,827,,
2026-08-23T04:50:07.607523+00:00,LibGen,LibGen.bz,UP,200,1205,,
2026-08-23T04:51:07.690591+00:00,LibGen,LibGen.bz,UP,200,1094,,
2026-08-23T04:52:07.744486+00:00,LibGen,LibGen.bz,UP,200,637,,
2026-08-23T04:53:08.561323+00:00,LibGen,LibGen.bz,UP,200,785,,
2026-08-23T04:54:09.216809+00:00,LibGen,LibGen.bz,UP,200,734,,
2026-08-23T04:55:10.647938+00:00,LibGen,LibGen.bz,UP,200,964,,
2026-08-23T04:56:10.704281+00:00,LibGen,LibGen.bz,UP,200,730,,
2026-08-23T04:57:11.345484+00:00,LibGen,LibGen.bz,UP,200,695,,
2026-08-23T04:58:12.342161+00:00,LibGen,LibGen.bz,UP,200,1070,,
2026-08-23T04:59:12.517159+00:00,LibGen,LibGen.bz,UP,200,243,,
2026-08-23T05:00:13.484799+00:00,LibGen,LibGen.bz,UP,200,951,,
2026-08-23T05:01:14.253691+00:00,LibGen,LibGen.bz,UP,200,792,,
2026-08-23T05:02:14.845008+00:00,LibGen,LibGen.bz,UP,200,707,,
2026-08-23T05:03:15.664472+00:00,LibGen,LibGen.bz,UP,200,898,,
2026-08-23T05:04:16.053406+00:00,LibGen,LibGen.bz,UP,200,694,,
2026-08-23T05:05:17.264879+00:00,LibGen,LibGen.bz,UP,200,1144,,
2026-08-23T05:06:17.528022+00:00,LibGen,LibGen.bz,UP,200,405,,
2026-08-23T05:07:19.285491+00:00,LibGen,LibGen.bz,UP,200,1853,,
2026-08-23T05:08:19.220731+00:00,LibGen,LibGen.bz,UP,200,711,,
2026-08-23T05:09:19.267946+00:00,LibGen,LibGen.bz,UP,200,647,,
2026-08-23T05:10:20.043015+00:00,LibGen,LibGen.bz,UP,200,734,,
2026-08-23T05:11:20.812172+00:00,LibGen,LibGen.bz,UP,200,929,,
2026-08-23T05:12:21.560875+00:00,LibGen,LibGen.bz,UP,200,912,,
2026-08-23T05:13:21.930990+00:00,LibGen,LibGen.bz,UP,200,655,,
2026-08-23T05:14:22.614622+00:00,LibGen,LibGen.bz,UP,200,756,,
2026-08-23T05:15:23.408088+00:00,LibGen,LibGen.bz,UP,200,745,,
2026-08-23T05:16:24.002855+00:00,LibGen,LibGen.bz,UP,200,827,,
2026-08-23T05:17:24.676566+00:00,LibGen,LibGen.bz,UP,200,809,,
2026-08-23T05:18:25.437695+00:00,LibGen,LibGen.bz,UP,200,779,,
2026-08-23T05:19:25.784475+00:00,LibGen,LibGen.bz,UP,200,254,,
2026-08-23T05:20:26.598839+00:00,LibGen,LibGen.bz,UP,200,784,,
2026-08-23T05:21:46.920676+00:00,LibGen,LibGen.bz,TIMEOUT,,,timeout,
2026-08-23T05:22:47.900916+00:00,LibGen,LibGen.bz,TIMEOUT,,,timeout,
2026-08-23T05:23:29.097070+00:00,LibGen,LibGen.bz,UP,200,769,,
2026-08-23T05:24:29.381333+00:00,LibGen,LibGen.bz,UP,200,754,,
2026-08-23T05:25:30.151815+00:00,LibGen,LibGen.bz,UP,200,779,,
2026-08-23T05:26:30.769671+00:00,LibGen,LibGen.bz,UP,200,720,,
2026-08-23T05:27:31.497488+00:00,LibGen,LibGen.bz,UP,200,694,,
2026-08-23T05:28:32.044569+00:00,LibGen,LibGen.bz,DOWN,500,639,http_error,
2026-08-23T05:29:33.001235+00:00,LibGen,LibGen.bz,UP,200,825,,
2026-08-23T05:30:34.312980+00:00,LibGen,LibGen.bz,UP,200,871,,
2026-08-23T05:31:33.918989+00:00,LibGen,LibGen.bz,DOWN,,,connection_refused,
2026-08-23T05:32:34.573700+00:00,LibGen,LibGen.bz,DOWN,,,connection_refused,
2026-08-23T05:33:35.243011+00:00,LibGen,LibGen.bz,DOWN,,,connection_refused,
2026-08-23T05:34:35.932174+00:00,LibGen,LibGen.bz,DOWN,,,connection_refused,
2026-08-23T05:35:37.260808+00:00,LibGen,LibGen.bz,UP,200,704,,
2026-08-23T05:36:37.997521+00:00,LibGen,LibGen.bz,UP,200,793,,
2026-08-23T05:37:37.927068+00:00,LibGen,LibGen.bz,UP,200,274,,
2026-08-23T05:38:39.224897+00:00,LibGen,LibGen.bz,UP,200,817,,
2026-08-23T05:39:39.190643+00:00,LibGen,LibGen.bz,UP,200,755,,
2026-08-23T05:40:39.793160+00:00,LibGen,LibGen.bz,UP,200,661,,
2026-08-23T05:41:40.535032+00:00,LibGen,LibGen.bz,UP,200,756,,
2026-08-23T05:42:41.067705+00:00,LibGen,LibGen.bz,UP,200,647,,
2026-08-23T05:43:42.164964+00:00,LibGen,LibGen.bz,UP,200,776,,
2026-08-23T05:44:42.908205+00:00,LibGen,LibGen.bz,UP,200,661,,
2026-08-23T05:45:43.135070+00:00,LibGen,LibGen.bz,UP,200,641,,
2026-08-23T05:46:43.928712+00:00,LibGen,LibGen.bz,UP,200,643,,
2026-08-23T05:47:44.755242+00:00,LibGen,LibGen.bz,UP,200,837,,
2026-08-23T05:48:45.984537+00:00,LibGen,LibGen.bz,UP,200,639,,
2026-08-23T05:49:45.517092+00:00,LibGen,LibGen.bz,UP,200,692,,
2026-08-23T05:50:46.318355+00:00,LibGen,LibGen.bz,UP,200,795,,
2026-08-23T05:51:47.147040+00:00,LibGen,LibGen.bz,UP,200,880,,
2026-08-23T05:52:47.633567+00:00,LibGen,LibGen.bz,UP,200,374,,
2026-08-23T05:53:48.985341+00:00,LibGen,LibGen.bz,UP,200,1003,,
2026-08-23T05:54:49.105648+00:00,LibGen,LibGen.bz,UP,200,833,,
2026-08-23T05:55:49.917006+00:00,LibGen,LibGen.bz,UP,200,692,,
2026-08-23T05:56:50.633270+00:00,LibGen,LibGen.bz,UP,200,755,,
2026-08-23T05:57:51.313554+00:00,LibGen,LibGen.bz,UP,200,693,,
2026-08-23T05:58:52.031122+00:00,LibGen,LibGen.bz,UP,200,807,,
2026-08-23T05:59:52.779678+00:00,LibGen,LibGen.bz,UP,200,801,,
2026-08-23T06:01:12.982807+00:00,LibGen,LibGen.bz,DOWN,,,connection_refused,
2026-08-23T06:01:53.610348+00:00,LibGen,LibGen.bz,UP,200,743,,
2026-08-23T06:02:54.937205+00:00,LibGen,LibGen.bz,UP,200,674,,
2026-08-23T06:03:55.268523+00:00,LibGen,LibGen.bz,UP,200,693,,
2026-08-23T06:04:56.114782+00:00,LibGen,LibGen.bz,UP,200,907,,
2026-08-23T06:05:56.895401+00:00,LibGen,LibGen.bz,UP,200,585,,
2026-08-23T06:06:57.396523+00:00,LibGen,LibGen.bz,UP,200,726,,
2026-08-23T06:07:58.067276+00:00,LibGen,LibGen.bz,UP,200,749,,
2026-08-23T06:08:59.014565+00:00,LibGen,LibGen.bz,UP,200,1004,,
2026-08-23T06:09:58.890859+00:00,LibGen,LibGen.bz,UP,200,255,,
2026-08-23T06:11:00.232099+00:00,LibGen,LibGen.bz,UP,200,625,,
2026-08-23T06:12:01.141561+00:00,LibGen,LibGen.bz,UP,200,602,,
2026-08-23T06:13:02.636124+00:00,LibGen,LibGen.bz,UP,200,774,,
2026-08-23T06:14:02.623626+00:00,LibGen,LibGen.bz,UP,200,897,,
2026-08-23T06:15:03.647930+00:00,LibGen,LibGen.bz,UP,200,1182,,
2026-08-23T06:16:03.874221+00:00,LibGen,LibGen.bz,UP,200,715,,
2026-08-23T06:17:04.559689+00:00,LibGen,LibGen.bz,UP,200,708,,
2026-08-23T06:18:05.275089+00:00,LibGen,LibGen.bz,UP,200,709,,
2026-08-23T06:19:06.629460+00:00,LibGen,LibGen.bz,UP,200,1136,,
2026-08-23T06:20:07.581965+00:00,LibGen,LibGen.bz,UP,200,1017,,
2026-08-23T06:21:07.756445+00:00,LibGen,LibGen.bz,UP,200,792,,
2026-08-23T06:22:09.160400+00:00,LibGen,LibGen.bz,UP,200,1295,,
2026-08-23T06:23:09.556039+00:00,LibGen,LibGen.bz,UP,200,786,,
2026-08-23T06:24:10.472552+00:00,LibGen,LibGen.bz,UP,200,1183,,
2026-08-23T06:25:10.263098+00:00,LibGen,LibGen.bz,UP,200,254,,
2026-08-23T06:26:11.730892+00:00,LibGen,LibGen.bz,UP,200,922,,
2026-08-23T06:27:12.257456+00:00,LibGen,LibGen.bz,UP,200,629,,
2026-08-23T06:28:14.052708+00:00,LibGen,LibGen.bz,UP,200,721,,
2026-08-23T06:29:13.955331+00:00,LibGen,LibGen.bz,UP,200,849,,
2026-08-23T06:30:15.224013+00:00,LibGen,LibGen.bz,UP,200,1125,,
2026-08-23T06:31:15.654810+00:00,LibGen,LibGen.bz,UP,200,813,,
2026-08-23T06:32:16.433569+00:00,LibGen,LibGen.bz,UP,200,795,,
2026-08-23T06:33:16.876114+00:00,LibGen,LibGen.bz,UP,200,884,,
2026-08-23T06:34:17.448524+00:00,LibGen,LibGen.bz,UP,200,606,,
2026-08-23T06:35:19.288815+00:00,LibGen,LibGen.bz,UP,200,1475,,
2026-08-23T06:36:19.082380+00:00,LibGen,LibGen.bz,UP,200,1156,,
2026-08-23T06:37:19.574333+00:00,LibGen,LibGen.bz,UP,200,919,,
2026-08-23T06:38:19.874458+00:00,LibGen,LibGen.bz,UP,200,795,,
2026-08-23T06:39:20.950748+00:00,LibGen,LibGen.bz,UP,200,935,,
2026-08-23T06:40:21.432466+00:00,LibGen,LibGen.bz,UP,200,768,,
2026-08-23T06:41:21.828813+00:00,LibGen,LibGen.bz,UP,200,794,,
2026-08-23T06:42:22.733505+00:00,LibGen,LibGen.bz,UP,200,703,,
2026-08-23T06:43:23.323345+00:00,LibGen,LibGen.bz,UP,200,841,,
2026-08-23T06:44:24.601528+00:00,LibGen,LibGen.bz,UP,200,854,,
2026-08-23T06:45:28.219133+00:00,LibGen,LibGen.bz,DEGRADED,200,3943,latency_high,
2026-08-23T06:46:26.170584+00:00,LibGen,LibGen.bz,UP,200,926,,
2026-08-23T06:47:26.146137+00:00,LibGen,LibGen.bz,DOWN,,,connection_refused,
2026-08-23T06:48:27.666319+00:00,LibGen,LibGen.bz,UP,200,841,,
2026-08-23T06:49:29.229199+00:00,LibGen,LibGen.bz,UP,200,1148,,
2026-08-23T06:50:49.082105+00:00,LibGen,LibGen.bz,DOWN,,,connection_refused,
2026-08-23T06:51:30.034053+00:00,LibGen,LibGen.bz,UP,200,877,,
2026-08-23T06:52:30.885042+00:00,LibGen,LibGen.bz,UP,200,919,,
2026-08-23T06:53:32.129844+00:00,LibGen,LibGen.bz,UP,200,921,,
2026-08-23T06:54:31.578956+00:00,LibGen,LibGen.bz,UP,200,730,,
2026-08-23T06:55:32.417898+00:00,LibGen,LibGen.bz,UP,200,732,,
2026-08-23T06:56:34.322511+00:00,LibGen,LibGen.bz,UP,200,792,,
2026-08-23T06:57:33.599045+00:00,LibGen,LibGen.bz,UP,200,380,,
2026-08-23T06:58:35.553197+00:00,LibGen,LibGen.bz,UP,200,916,,
2026-08-23T06:59:35.630644+00:00,LibGen,LibGen.bz,UP,200,837,,
2026-08-23T07:00:36.505847+00:00,LibGen,LibGen.bz,UP,200,836,,
2026-08-23T07:01:37.743986+00:00,LibGen,LibGen.bz,UP,200,764,,
2026-08-23T07:02:38.773440+00:00,LibGen,LibGen.bz,UP,200,836,,
2026-08-23T07:03:37.830974+00:00,LibGen,LibGen.bz,UP,200,285,,
2026-08-23T07:04:39.190138+00:00,LibGen,LibGen.bz,UP,200,802,,
2026-08-23T07:05:40.775168+00:00,LibGen,LibGen.bz,UP,200,1098,,
2026-08-23T07:06:41.082159+00:00,LibGen,LibGen.bz,UP,200,878,,
2026-08-23T07:07:41.898895+00:00,LibGen,LibGen.bz,UP,200,966,,
2026-08-23T07:08:42.511522+00:00,LibGen,LibGen.bz,UP,200,727,,
2026-08-23T07:09:42.676800+00:00,LibGen,LibGen.bz,UP,200,877,,
2026-08-23T07:10:42.734389+00:00,LibGen,LibGen.bz,UP,200,240,,
2026-08-23T07:11:44.226043+00:00,LibGen,LibGen.bz,UP,200,943,,
2026-08-23T07:12:44.899519+00:00,LibGen,LibGen.bz,UP,200,746,,
2026-08-23T07:13:46.069551+00:00,LibGen,LibGen.bz,UP,200,974,,
2026-08-23T07:14:46.809489+00:00,LibGen,LibGen.bz,UP,200,826,,
2026-08-23T07:15:47.675545+00:00,LibGen,LibGen.bz,UP,200,857,,
2026-08-23T07:16:48.523064+00:00,LibGen,LibGen.bz,UP,200,704,,
2026-08-23T07:18:08.963135+00:00,LibGen,LibGen.bz,TIMEOUT,,,timeout,
2026-08-23T07:18:50.063133+00:00,LibGen,LibGen.bz,UP,200,779,,
2026-08-23T07:19:51.048478+00:00,LibGen,LibGen.bz,UP,200,753,,
2026-08-23T07:20:51.408615+00:00,LibGen,LibGen.bz,UP,200,753,,
2026-08-23T07:21:52.579509+00:00,LibGen,LibGen.bz,UP,200,1044,,
2026-08-23T07:22:52.786293+00:00,LibGen,LibGen.bz,UP,200,642,,
2026-08-23T07:23:53.421382+00:00,LibGen,LibGen.bz,UP,200,628,,
2026-08-23T07:24:56.082753+00:00,LibGen,LibGen.bz,UP,200,2541,,
2026-08-23T07:25:55.814324+00:00,LibGen,LibGen.bz,UP,200,1549,,
2026-08-23T07:26:55.719569+00:00,LibGen,LibGen.bz,UP,200,757,,
2026-08-23T07:27:56.321720+00:00,LibGen,LibGen.bz,UP,200,689,,
2026-08-23T07:28:56.992497+00:00,LibGen,LibGen.bz,UP,200,704,,
2026-08-23T07:29:57.863420+00:00,LibGen,LibGen.bz,UP,200,873,,
2026-08-23T07:30:57.754105+00:00,LibGen,LibGen.bz,DOWN,,,connection_refused,
2026-08-23T07:31:59.752791+00:00,LibGen,LibGen.bz,UP,200,1151,,
2026-08-23T07:33:00.165821+00:00,LibGen,LibGen.bz,UP,200,898,,
2026-08-23T07:34:00.848488+00:00,LibGen,LibGen.bz,UP,200,867,,
2026-08-23T07:35:01.438818+00:00,LibGen,LibGen.bz,UP,200,688,,
2026-08-23T07:36:02.640842+00:00,LibGen,LibGen.bz,UP,200,912,,
2026-08-23T07:37:03.165886+00:00,LibGen,LibGen.bz,UP,200,729,,
2026-08-23T07:38:03.775830+00:00,LibGen,LibGen.bz,UP,200,653,,
2026-08-23T07:39:04.626741+00:00,LibGen,LibGen.bz,UP,200,804,,
2026-08-23T07:40:05.357879+00:00,LibGen,LibGen.bz,UP,200,894,,
2026-08-23T07:41:06.167344+00:00,LibGen,LibGen.bz,UP,200,891,,
2026-08-23T07:42:06.697699+00:00,LibGen,LibGen.bz,UP,200,750,,
2026-08-23T07:43:07.690368+00:00,LibGen,LibGen.bz,UP,200,680,,
2026-08-23T07:44:08.132948+00:00,LibGen,LibGen.bz,UP,200,802,,
2026-08-23T07:45:09.366844+00:00,LibGen,LibGen.bz,UP,200,739,,
2026-08-23T07:46:09.742304+00:00,LibGen,LibGen.bz,UP,200,777,,
2026-08-23T07:47:10.352572+00:00,LibGen,LibGen.bz,UP,200,726,,
2026-08-23T07:48:11.499128+00:00,LibGen,LibGen.bz,UP,200,814,,
2026-08-23T07:49:12.111864+00:00,LibGen,LibGen.bz,UP,200,712,,
2026-08-23T07:50:12.706271+00:00,LibGen,LibGen.bz,UP,200,839,,
2026-08-23T07:51:13.030884+00:00,LibGen,LibGen.bz,UP,200,645,,
2026-08-23T07:52:14.507015+00:00,LibGen,LibGen.bz,UP,200,595,,
2026-08-23T07:53:14.214581+00:00,LibGen,LibGen.bz,UP,200,349,,
2026-08-23T07:54:16.443820+00:00,LibGen,LibGen.bz,UP,200,1735,,
2026-08-23T07:55:15.886828+00:00,LibGen,LibGen.bz,UP,200,668,,
2026-08-23T07:56:16.972895+00:00,LibGen,LibGen.bz,UP,200,706,,
2026-08-23T07:57:16.787370+00:00,LibGen,LibGen.bz,UP,200,252,,
2026-08-23T07:58:17.751190+00:00,LibGen,LibGen.bz,UP,200,617,,
2026-08-23T07:59:19.185230+00:00,LibGen,LibGen.bz,UP,200,876,,
2026-08-23T08:00:19.348431+00:00,LibGen,LibGen.bz,UP,200,915,,
2026-08-23T08:01:20.184843+00:00,LibGen,LibGen.bz,UP,200,223,,
2026-08-23T08:02:23.588757+00:00,LibGen,LibGen.bz,DEGRADED,200,3635,latency_high,
2026-08-23T08:03:21.228623+00:00,LibGen,LibGen.bz,UP,200,663,,
2026-08-23T08:04:22.952550+00:00,LibGen,LibGen.bz,UP,200,620,,
2026-08-23T08:05:24.739730+00:00,LibGen,LibGen.bz,UP,200,645,,
2026-08-23T08:06:23.363894+00:00,LibGen,LibGen.bz,UP,200,749,,
2026-08-23T08:07:25.075055+00:00,LibGen,LibGen.bz,UP,200,613,,
2026-08-23T08:08:25.251566+00:00,LibGen,LibGen.bz,UP,200,685,,
2026-08-23T08:09:26.043900+00:00,LibGen,LibGen.bz,UP,200,631,,
2026-08-23T08:10:25.472010+00:00,LibGen,LibGen.bz,UP,200,264,,
2026-08-23T08:11:26.986369+00:00,LibGen,LibGen.bz,UP,200,732,,
2026-08-23T08:12:27.532202+00:00,LibGen,LibGen.bz,UP,200,636,,
2026-08-23T08:13:28.246466+00:00,LibGen,LibGen.bz,UP,200,682,,
2026-08-23T08:14:29.010642+00:00,LibGen,LibGen.bz,UP,200,736,,
2026-08-23T08:15:29.734630+00:00,LibGen,LibGen.bz,UP,200,752,,
2026-08-23T08:16:29.768617+00:00,LibGen,LibGen.bz,UP,200,757,,
2026-08-23T08:17:31.110046+00:00,LibGen,LibGen.bz,UP,200,260,,
2026-08-23T08:18:31.686703+00:00,LibGen,LibGen.bz,UP,200,695,,
2026-08-23T08:19:31.973526+00:00,LibGen,LibGen.bz,UP,200,703,,
2026-08-23T08:20:32.601495+00:00,LibGen,LibGen.bz,UP,200,625,,
2026-08-23T08:21:33.300459+00:00,LibGen,LibGen.bz,UP,200,588,,
2026-08-23T08:22:34.076628+00:00,LibGen,LibGen.bz,UP,200,622,,
2026-08-23T08:23:35.243069+00:00,LibGen,LibGen.bz,UP,200,657,,
2026-08-23T08:24:36.222734+00:00,LibGen,LibGen.bz,UP,200,766,,
2026-08-23T08:25:36.240393+00:00,LibGen,LibGen.bz,UP,200,741,,
2026-08-23T08:26:37.177945+00:00,LibGen,LibGen.bz,UP,200,931,,
2026-08-23T08:27:38.577394+00:00,LibGen,LibGen.bz,UP,200,683,,
2026-08-23T08:28:38.133700+00:00,LibGen,LibGen.bz,UP,200,618,,
2026-08-23T08:29:39.271693+00:00,LibGen,LibGen.bz,UP,200,684,,
2026-08-23T08:30:39.736509+00:00,LibGen,LibGen.bz,UP,200,720,,
2026-08-23T08:31:40.518223+00:00,LibGen,LibGen.bz,UP,200,816,,
2026-08-23T08:32:40.350992+00:00,LibGen,LibGen.bz,DOWN,,,connection_refused,
2026-08-23T08:33:41.708317+00:00,LibGen,LibGen.bz,UP,200,690,,
2026-08-23T08:34:42.368411+00:00,LibGen,LibGen.bz,UP,200,668,,
2026-08-23T08:35:43.897673+00:00,LibGen,LibGen.bz,UP,200,951,,
2026-08-23T08:36:44.142863+00:00,LibGen,LibGen.bz,UP,200,999,,
2026-08-23T08:37:44.604644+00:00,LibGen,LibGen.bz,UP,200,645,,
2026-08-23T08:38:46.228990+00:00,LibGen,LibGen.bz,UP,200,705,,
2026-08-23T08:39:46.296614+00:00,LibGen,LibGen.bz,UP,200,709,,
2026-08-23T08:40:46.599098+00:00,LibGen,LibGen.bz,UP,200,724,,
2026-08-23T08:41:47.256989+00:00,LibGen,LibGen.bz,UP,200,637,,
2026-08-23T08:42:49.028149+00:00,LibGen,LibGen.bz,UP,200,669,,
2026-08-23T08:43:50.215411+00:00,LibGen,LibGen.bz,UP,200,1576,,
2026-08-23T08:44:50.003732+00:00,LibGen,LibGen.bz,UP,200,679,,
2026-08-23T08:45:52.697240+00:00,LibGen,LibGen.bz,UP,200,716,,
2026-08-23T08:46:52.429915+00:00,LibGen,LibGen.bz,UP,200,789,,
2026-08-23T08:47:52.372166+00:00,LibGen,LibGen.bz,UP,200,705,,
2026-08-23T08:48:53.446806+00:00,LibGen,LibGen.bz,UP,200,1024,,
2026-08-23T08:49:53.687650+00:00,LibGen,LibGen.bz,UP,200,793,,
2026-08-23T08:50:54.452850+00:00,LibGen,LibGen.bz,UP,200,728,,
2026-08-23T08:51:56.075816+00:00,LibGen,LibGen.bz,UP,200,861,,
2026-08-23T08:52:56.051422+00:00,LibGen,LibGen.bz,UP,200,720,,
2026-08-23T08:53:57.036749+00:00,LibGen,LibGen.bz,UP,200,602,,
2026-08-23T08:54:57.704214+00:00,LibGen,LibGen.bz,UP,200,659,,
2026-08-23T08:55:58.834211+00:00,LibGen,LibGen.bz,UP,200,776,,
2026-08-23T08:56:59.338001+00:00,LibGen,LibGen.bz,UP,200,657,,
2026-08-23T08:58:00.332795+00:00,LibGen,LibGen.bz,UP,200,638,,
2026-08-23T08:59:01.441518+00:00,LibGen,LibGen.bz,UP,200,807,,
2026-08-23T09:00:23.209412+00:00,LibGen,LibGen.bz,DOWN,,,connection_refused,
2026-08-23T09:01:02.043116+00:00,LibGen,LibGen.bz,UP,200,763,,
2026-08-23T09:02:02.969241+00:00,LibGen,LibGen.bz,UP,200,948,,
2026-08-23T09:03:02.594105+00:00,LibGen,LibGen.bz,UP,200,764,,
2026-08-23T09:04:04.294126+00:00,LibGen,LibGen.bz,UP,200,610,,
2026-08-23T09:05:03.598972+00:00,LibGen,LibGen.bz,UP,200,270,,
2026-08-23T09:06:06.048744+00:00,LibGen,LibGen.bz,UP,200,1450,,
2026-08-23T09:07:06.308011+00:00,LibGen,LibGen.bz,UP,200,755,,
2026-08-23T09:08:06.733867+00:00,LibGen,LibGen.bz,UP,200,1013,,
2026-08-23T09:09:06.984553+00:00,LibGen,LibGen.bz,UP,200,693,,
2026-08-23T09:10:08.152382+00:00,LibGen,LibGen.bz,UP,200,840,,
2026-08-23T09:11:08.812890+00:00,LibGen,LibGen.bz,UP,200,710,,
2026-08-23T09:12:09.088763+00:00,LibGen,LibGen.bz,UP,200,682,,
2026-08-23T09:13:09.890685+00:00,LibGen,LibGen.bz,UP,200,696,,
2026-08-23T09:14:10.428400+00:00,LibGen,LibGen.bz,UP,200,762,,
2026-08-23T09:15:11.431839+00:00,LibGen,LibGen.bz,UP,200,797,,
2026-08-23T09:16:12.766953+00:00,LibGen,LibGen.bz,UP,200,730,,
2026-08-23T09:17:13.086660+00:00,LibGen,LibGen.bz,UP,200,634,,
2026-08-23T09:18:13.875936+00:00,LibGen,LibGen.bz,UP,200,735,,
2026-08-23T09:19:14.703465+00:00,LibGen,LibGen.bz,UP,200,644,,
2026-08-23T09:20:15.952892+00:00,LibGen,LibGen.bz,UP,200,749,,
2026-08-23T09:21:16.601514+00:00,LibGen,LibGen.bz,UP,200,786,,
2026-08-23T09:22:15.987471+00:00,LibGen,LibGen.bz,UP,200,247,,
2026-08-23T09:23:17.452538+00:00,LibGen,LibGen.bz,UP,200,943,,
2026-08-23T09:24:18.583524+00:00,LibGen,LibGen.bz,UP,200,1029,,
2026-08-23T09:25:18.069681+00:00,LibGen,LibGen.bz,UP,200,257,,
2026-08-23T09:26:19.300643+00:00,LibGen,LibGen.bz,UP,200,773,,
2026-08-23T09:27:20.423208+00:00,LibGen,LibGen.bz,UP,200,748,,
2026-08-23T09:28:21.123188+00:00,LibGen,LibGen.bz,UP,200,689,,
2026-08-23T09:29:21.358898+00:00,LibGen,LibGen.bz,UP,200,679,,
2026-08-23T09:30:22.153137+00:00,LibGen,LibGen.bz,UP,200,755,,
2026-08-23T09:31:23.298392+00:00,LibGen,LibGen.bz,UP,200,769,,
2026-08-23T09:32:24.049036+00:00,LibGen,LibGen.bz,UP,200,1017,,
2026-08-23T09:33:24.934828+00:00,LibGen,LibGen.bz,UP,200,687,,
2026-08-23T09:34:25.762871+00:00,LibGen,LibGen.bz,UP,200,737,,
2026-08-23T09:35:46.126497+00:00,LibGen,LibGen.bz,DOWN,,,connection_refused,
2026-08-23T09:36:27.242775+00:00,LibGen,LibGen.bz,UP,200,726,,
2026-08-23T09:37:27.770439+00:00,LibGen,LibGen.bz,UP,200,628,,
2026-08-23T09:38:27.992962+00:00,LibGen,LibGen.bz,UP,200,613,,
2026-08-23T09:39:28.831643+00:00,LibGen,LibGen.bz,UP,200,773,,
2026-08-23T09:40:28.729236+00:00,LibGen,LibGen.bz,UP,200,588,,
2026-08-23T09:41:30.455257+00:00,LibGen,LibGen.bz,UP,200,675,,
2026-08-23T09:42:30.256048+00:00,LibGen,LibGen.bz,UP,200,635,,
2026-08-23T09:43:33.254112+00:00,LibGen,LibGen.bz,UP,200,803,,
2026-08-23T09:44:30.840962+00:00,LibGen,LibGen.bz,UP,200,732,,
2026-08-23T09:45:31.605618+00:00,LibGen,LibGen.bz,UP,200,668,,
2026-08-23T09:46:32.274388+00:00,LibGen,LibGen.bz,UP,200,630,,
2026-08-23T09:47:32.742124+00:00,LibGen,LibGen.bz,UP,200,708,,
2026-08-23T09:48:33.646995+00:00,LibGen,LibGen.bz,UP,200,688,,
2026-08-23T09:49:35.507012+00:00,LibGen,LibGen.bz,UP,200,648,,
2026-08-23T09:50:35.399829+00:00,LibGen,LibGen.bz,UP,200,763,,
2026-08-23T09:51:36.105374+00:00,LibGen,LibGen.bz,UP,200,611,,
2026-08-23T09:52:36.850883+00:00,LibGen,LibGen.bz,UP,200,622,,
2026-08-23T09:53:38.134501+00:00,LibGen,LibGen.bz,UP,200,868,,
2026-08-23T09:54:38.676840+00:00,LibGen,LibGen.bz,UP,200,744,,
2026-08-23T09:55:39.691129+00:00,LibGen,LibGen.bz,UP,200,898,,
2026-08-23T09:56:40.226468+00:00,LibGen,LibGen.bz,UP,200,653,,
2026-08-23T09:57:41.290802+00:00,LibGen,LibGen.bz,UP,200,637,,
2026-08-23T09:58:41.420197+00:00,LibGen,LibGen.bz,UP,200,250,,
2026-08-23T09:59:42.789404+00:00,LibGen,LibGen.bz,UP,200,1006,,
2026-08-23T10:00:43.326542+00:00,LibGen,LibGen.bz,UP,200,588,,
2026-08-23T10:01:44.192747+00:00,LibGen,LibGen.bz,UP,200,695,,
2026-08-23T10:02:45.101138+00:00,LibGen,LibGen.bz,UP,200,621,,
2026-08-23T10:03:46.106271+00:00,LibGen,LibGen.bz,UP,200,672,,
2026-08-23T10:04:46.840525+00:00,LibGen,LibGen.bz,UP,200,725,,
2026-08-23T10:05:48.313243+00:00,LibGen,LibGen.bz,UP,200,843,,
2026-08-23T10:06:48.189920+00:00,LibGen,LibGen.bz,UP,200,647,,
2026-08-23T10:07:48.517443+00:00,LibGen,LibGen.bz,UP,200,678,,
2026-08-23T10:08:50.936679+00:00,LibGen,LibGen.bz,UP,200,1552,,
2026-08-23T10:09:49.642821+00:00,LibGen,LibGen.bz,UP,200,229,,
2026-08-23T10:11:09.993286+00:00,LibGen,LibGen.bz,DOWN,,,connection_refused,
2026-08-23T10:11:52.508657+00:00,LibGen,LibGen.bz,UP,200,694,,
2026-08-23T10:13:13.279874+00:00,LibGen,LibGen.bz,DOWN,,,connection_refused,
2026-08-23T10:13:52.916791+00:00,LibGen,LibGen.bz,UP,200,566,,
2026-08-23T10:14:54.313193+00:00,LibGen,LibGen.bz,UP,200,711,,
2026-08-23T10:15:54.919918+00:00,LibGen,LibGen.bz,UP,200,774,,
2026-08-23T10:16:55.602949+00:00,LibGen,LibGen.bz,UP,200,852,,
2026-08-23T10:17:56.228981+00:00,LibGen,LibGen.bz,UP,200,719,,
2026-08-23T10:18:58.352377+00:00,LibGen,LibGen.bz,UP,200,656,,
2026-08-23T10:19:57.786080+00:00,LibGen,LibGen.bz,UP,200,696,,
2026-08-23T10:20:58.209263+00:00,LibGen,LibGen.bz,UP,200,558,,
2026-08-23T10:22:00.229786+00:00,LibGen,LibGen.bz,UP,200,935,,
2026-08-23T10:23:00.183758+00:00,LibGen,LibGen.bz,UP,200,809,,
2026-08-23T10:24:00.247168+00:00,LibGen,LibGen.bz,UP,200,617,,
2026-08-23T10:25:01.048918+00:00,LibGen,LibGen.bz,UP,200,795,,
2026-08-23T10:26:01.884360+00:00,LibGen,LibGen.bz,UP,200,805,,
2026-08-23T10:27:02.723130+00:00,LibGen,LibGen.bz,UP,200,908,,
2026-08-23T10:28:03.597704+00:00,LibGen,LibGen.bz,UP,200,888,,
2026-08-23T10:29:04.551347+00:00,LibGen,LibGen.bz,UP,200,925,,
2026-08-23T10:30:05.183975+00:00,LibGen,LibGen.bz,UP,200,922,,
2026-08-23T10:31:06.594824+00:00,LibGen,LibGen.bz,UP,200,1961,,
2026-08-23T10:32:05.934840+00:00,LibGen,LibGen.bz,UP,200,724,,
2026-08-23T10:33:06.630205+00:00,LibGen,LibGen.bz,UP,200,706,,
2026-08-23T10:34:07.262500+00:00,LibGen,LibGen.bz,UP,200,705,,
2026-08-23T10:35:08.186056+00:00,LibGen,LibGen.bz,UP,200,914,,
2026-08-23T10:36:08.531529+00:00,LibGen,LibGen.bz,UP,200,255,,
2026-08-23T10:37:09.412859+00:00,LibGen,LibGen.bz,UP,200,821,,
2026-08-23T10:38:10.093278+00:00,LibGen,LibGen.bz,UP,200,638,,
2026-08-23T10:39:11.806087+00:00,LibGen,LibGen.bz,UP,200,622,,
2026-08-23T10:40:12.225071+00:00,LibGen,LibGen.bz,UP,200,678,,
2026-08-23T10:41:11.944090+00:00,LibGen,LibGen.bz,UP,200,706,,
2026-08-23T10:42:12.876806+00:00,LibGen,LibGen.bz,UP,200,572,,
2026-08-23T10:43:13.549350+00:00,LibGen,LibGen.bz,UP,200,701,,
2026-08-23T10:44:14.569880+00:00,LibGen,LibGen.bz,UP,200,658,,
2026-08-23T10:45:14.769267+00:00,LibGen,LibGen.bz,UP,200,893,,
2026-08-23T10:46:15.658763+00:00,LibGen,LibGen.bz,UP,200,808,,
2026-08-23T10:47:16.014815+00:00,LibGen,LibGen.bz,UP,200,679,,
2026-08-23T10:48:16.684156+00:00,LibGen,LibGen.bz,UP,200,678,,
2026-08-23T10:49:17.420611+00:00,LibGen,LibGen.bz,UP,200,669,,
2026-08-23T10:50:17.892142+00:00,LibGen,LibGen.bz,UP,200,694,,
2026-08-23T10:51:18.913200+00:00,LibGen,LibGen.bz,UP,200,700,,
2026-08-23T10:52:19.745471+00:00,LibGen,LibGen.bz,UP,200,1017,,
2026-08-23T10:53:19.971419+00:00,LibGen,LibGen.bz,UP,200,604,,
2026-08-23T10:54:21.241846+00:00,LibGen,LibGen.bz,UP,200,790,,
2026-08-23T10:55:21.443346+00:00,LibGen,LibGen.bz,UP,200,646,,
2026-08-23T10:56:22.976152+00:00,LibGen,LibGen.bz,UP,200,1020,,
2026-08-23T10:57:23.144068+00:00,LibGen,LibGen.bz,UP,200,535,,
2026-08-23T10:58:24.152744+00:00,LibGen,LibGen.bz,UP,200,688,,
2026-08-23T10:59:25.098747+00:00,LibGen,LibGen.bz,UP,200,731,,
2026-08-23T11:00:25.471171+00:00,LibGen,LibGen.bz,UP,200,782,,
2026-08-23T11:01:26.213824+00:00,LibGen,LibGen.bz,UP,200,656,,
2026-08-23T11:02:27.006301+00:00,LibGen,LibGen.bz,UP,200,675,,
2026-08-23T11:03:28.251293+00:00,LibGen,LibGen.bz,UP,200,1075,,
2026-08-23T11:04:28.912071+00:00,LibGen,LibGen.bz,UP,200,703,,
2026-08-23T11:05:29.686863+00:00,LibGen,LibGen.bz,UP,200,676,,
2026-08-23T11:06:30.533329+00:00,LibGen,LibGen.bz,UP,200,604,,
2026-08-23T11:07:30.936157+00:00,LibGen,LibGen.bz,UP,200,613,,
2026-08-23T11:08:31.668762+00:00,LibGen,LibGen.bz,UP,200,590,,
2026-08-23T11:09:32.504470+00:00,LibGen,LibGen.bz,UP,200,675,,
2026-08-23T11:10:33.672216+00:00,LibGen,LibGen.bz,UP,200,580,,
2026-08-23T11:11:34.245490+00:00,LibGen,LibGen.bz,UP,200,839,,
2026-08-23T11:12:34.740576+00:00,LibGen,LibGen.bz,UP,200,642,,
2026-08-23T11:13:35.569200+00:00,LibGen,LibGen.bz,UP,200,679,,
2026-08-23T11:14:36.607451+00:00,LibGen,LibGen.bz,UP,200,677,,
2026-08-23T11:15:37.194901+00:00,LibGen,LibGen.bz,UP,200,687,,
2026-08-23T11:16:38.322560+00:00,LibGen,LibGen.bz,UP,200,590,,
2026-08-23T11:17:38.144639+00:00,LibGen,LibGen.bz,DOWN,,,connection_refused,
2026-08-23T11:18:40.199144+00:00,LibGen,LibGen.bz,UP,200,735,,
2026-08-23T11:19:40.672111+00:00,LibGen,LibGen.bz,UP,200,709,,
2026-08-23T11:20:41.951767+00:00,LibGen,LibGen.bz,UP,200,1111,,
2026-08-23T11:21:43.622967+00:00,LibGen,LibGen.bz,UP,200,1681,,
2026-08-23T11:22:43.838075+00:00,LibGen,LibGen.bz,UP,200,640,,
2026-08-23T11:23:44.084240+00:00,LibGen,LibGen.bz,UP,200,669,,
2026-08-23T11:24:44.861840+00:00,LibGen,LibGen.bz,UP,200,603,,
2026-08-23T11:25:45.310974+00:00,LibGen,LibGen.bz,UP,200,662,,
2026-08-23T11:26:46.402824+00:00,LibGen,LibGen.bz,UP,200,739,,
2026-08-23T11:27:46.732491+00:00,LibGen,LibGen.bz,UP,200,242,,
2026-08-23T11:28:47.593093+00:00,LibGen,LibGen.bz,UP,200,706,,
2026-08-23T11:29:48.453056+00:00,LibGen,LibGen.bz,UP,200,652,,
2026-08-23T11:30:49.102282+00:00,LibGen,LibGen.bz,UP,200,759,,
2026-08-23T11:31:49.920890+00:00,LibGen,LibGen.bz,UP,200,698,,
2026-08-23T11:32:50.583499+00:00,LibGen,LibGen.bz,UP,200,645,,
2026-08-23T11:33:51.983797+00:00,LibGen,LibGen.bz,UP,200,915,,
2026-08-23T11:34:52.553086+00:00,LibGen,LibGen.bz,UP,200,712,,
2026-08-23T11:35:53.730620+00:00,LibGen,LibGen.bz,UP,200,1044,,
2026-08-23T11:36:53.683190+00:00,LibGen,LibGen.bz,UP,200,621,,
2026-08-23T11:37:55.037859+00:00,LibGen,LibGen.bz,UP,200,785,,
2026-08-23T11:38:55.432458+00:00,LibGen,LibGen.bz,UP,200,748,,
2026-08-23T11:39:56.085455+00:00,LibGen,LibGen.bz,UP,200,713,,
2026-08-23T11:40:56.933708+00:00,LibGen,LibGen.bz,UP,200,778,,
2026-08-23T11:41:58.044418+00:00,LibGen,LibGen.bz,UP,200,1005,,
2026-08-23T11:42:58.385300+00:00,LibGen,LibGen.bz,UP,200,716,,
2026-08-23T11:43:59.540935+00:00,LibGen,LibGen.bz,UP,200,673,,
2026-08-23T11:45:00.275047+00:00,LibGen,LibGen.bz,UP,200,659,,
2026-08-23T11:46:01.830099+00:00,LibGen,LibGen.bz,UP,200,841,,
2026-08-23T11:47:01.037478+00:00,LibGen,LibGen.bz,UP,200,254,,
2026-08-23T11:48:00.741532+00:00,LibGen,LibGen.bz,UP,200,290,,
2026-08-23T11:49:05.246226+00:00,LibGen,LibGen.bz,DEGRADED,200,3899,latency_high,
2026-08-23T11:50:03.256982+00:00,LibGen,LibGen.bz,UP,200,1004,,
2026-08-23T11:51:04.396324+00:00,LibGen,LibGen.bz,UP,200,1182,,
2026-08-23T11:52:05.223081+00:00,LibGen,LibGen.bz,UP,200,930,,
2026-08-23T11:53:06.275536+00:00,LibGen,LibGen.bz,UP,200,1143,,
2026-08-23T11:54:05.703259+00:00,LibGen,LibGen.bz,UP,200,255,,
2026-08-23T11:55:07.557944+00:00,LibGen,LibGen.bz,UP,200,809,,
2026-08-23T11:56:08.251943+00:00,LibGen,LibGen.bz,UP,200,807,,
2026-08-23T11:57:08.519894+00:00,LibGen,LibGen.bz,UP,200,693,,
2026-08-23T11:58:09.645298+00:00,LibGen,LibGen.bz,UP,200,946,,
2026-08-23T11:59:09.959757+00:00,LibGen,LibGen.bz,UP,200,690,,
2026-08-23T12:00:11.137231+00:00,LibGen,LibGen.bz,UP,200,1082,,
2026-08-23T12:01:10.716253+00:00,LibGen,LibGen.bz,UP,200,677,,
2026-08-23T12:02:13.493366+00:00,LibGen,LibGen.bz,UP,200,1703,,
2026-08-23T12:03:11.985556+00:00,LibGen,LibGen.bz,UP,200,277,,
2026-08-23T12:04:13.872302+00:00,LibGen,LibGen.bz,UP,200,1255,,
2026-08-23T12:05:14.602041+00:00,LibGen,LibGen.bz,UP,200,728,,
2026-08-23T12:06:14.902935+00:00,LibGen,LibGen.bz,UP,200,785,,
2026-08-23T12:07:16.269866+00:00,LibGen,LibGen.bz,UP,200,820,,
2026-08-23T12:08:36.523689+00:00,LibGen,LibGen.bz,DOWN,,,connection_refused,
2026-08-23T12:09:19.455643+00:00,LibGen,LibGen.bz,UP,200,639,,
2026-08-23T12:10:18.286201+00:00,LibGen,LibGen.bz,UP,200,802,,
2026-08-23T12:11:19.067406+00:00,LibGen,LibGen.bz,UP,200,808,,
2026-08-23T12:12:19.497522+00:00,LibGen,LibGen.bz,UP,200,809,,
2026-08-23T12:13:20.846457+00:00,LibGen,LibGen.bz,UP,200,825,,
2026-08-23T12:14:20.921718+00:00,LibGen,LibGen.bz,UP,200,240,,
2026-08-23T12:15:22.203230+00:00,LibGen,LibGen.bz,UP,200,1698,,
2026-08-23T12:16:22.148963+00:00,LibGen,LibGen.bz,UP,200,824,,
2026-08-23T12:17:22.827944+00:00,LibGen,LibGen.bz,UP,200,658,,
2026-08-23T12:18:24.259728+00:00,LibGen,LibGen.bz,UP,200,761,,
2026-08-23T12:19:24.494135+00:00,LibGen,LibGen.bz,UP,200,256,,
2026-08-23T12:20:27.661126+00:00,LibGen,LibGen.bz,UP,200,2200,,
2026-08-23T12:21:25.679381+00:00,LibGen,LibGen.bz,UP,200,713,,
2026-08-23T12:22:26.571964+00:00,LibGen,LibGen.bz,UP,200,751,,
2026-08-23T12:23:28.480033+00:00,LibGen,LibGen.bz,UP,200,621,,
2026-08-23T12:24:28.701456+00:00,LibGen,LibGen.bz,UP,200,1129,,
2026-08-23T12:25:29.106854+00:00,LibGen,LibGen.bz,UP,200,674,,
2026-08-23T12:26:30.120437+00:00,LibGen,LibGen.bz,UP,200,727,,
2026-08-23T12:27:31.102095+00:00,LibGen,LibGen.bz,UP,200,841,,
2026-08-23T12:28:32.326012+00:00,LibGen,LibGen.bz,UP,200,1005,,
2026-08-23T12:29:32.801942+00:00,LibGen,LibGen.bz,UP,200,678,,
2026-08-23T12:30:33.090010+00:00,LibGen,LibGen.bz,UP,200,816,,
2026-08-23T12:31:34.014026+00:00,LibGen,LibGen.bz,UP,200,750,,
2026-08-23T12:32:35.522451+00:00,LibGen,LibGen.bz,UP,200,667,,
2026-08-23T12:33:34.948870+00:00,LibGen,LibGen.bz,UP,200,690,,
2026-08-23T12:34:36.358724+00:00,LibGen,LibGen.bz,UP,200,740,,
2026-08-23T12:35:36.691131+00:00,LibGen,LibGen.bz,UP,200,245,,
2026-08-23T12:36:37.430039+00:00,LibGen,LibGen.bz,UP,200,684,,
2026-08-23T12:37:38.468513+00:00,LibGen,LibGen.bz,UP,200,894,,
2026-08-23T12:38:40.268255+00:00,LibGen,LibGen.bz,UP,200,884,,
2026-08-23T12:39:38.942235+00:00,LibGen,LibGen.bz,UP,200,246,,
2026-08-23T12:40:41.515845+00:00,LibGen,LibGen.bz,UP,200,978,,
2026-08-23T12:41:41.195189+00:00,LibGen,LibGen.bz,UP,200,756,,
2026-08-23T12:42:41.988488+00:00,LibGen,LibGen.bz,UP,200,1033,,
2026-08-23T12:43:42.357643+00:00,LibGen,LibGen.bz,UP,200,643,,
2026-08-23T12:44:44.598619+00:00,LibGen,LibGen.bz,UP,200,932,,
2026-08-23T12:45:43.359565+00:00,LibGen,LibGen.bz,UP,200,693,,
2026-08-23T12:46:44.198039+00:00,LibGen,LibGen.bz,UP,200,699,,
2026-08-23T12:47:45.986437+00:00,LibGen,LibGen.bz,UP,200,688,,
2026-08-23T12:48:46.251927+00:00,LibGen,LibGen.bz,UP,200,801,,
2026-08-23T12:49:46.610486+00:00,LibGen,LibGen.bz,UP,200,722,,
2026-08-23T12:50:47.881918+00:00,LibGen,LibGen.bz,UP,200,706,,
2026-08-23T12:51:48.141460+00:00,LibGen,LibGen.bz,UP,200,593,,
2026-08-23T12:52:49.022351+00:00,LibGen,LibGen.bz,UP,200,748,,
2026-08-23T12:53:49.802371+00:00,LibGen,LibGen.bz,UP,200,814,,
2026-08-23T12:54:50.476408+00:00,LibGen,LibGen.bz,UP,200,668,,
2026-08-23T12:55:51.720191+00:00,LibGen,LibGen.bz,UP,200,1086,,
2026-08-23T12:56:52.364641+00:00,LibGen,LibGen.bz,UP,200,727,,
2026-08-23T12:57:52.900578+00:00,LibGen,LibGen.bz,UP,200,874,,
2026-08-23T12:58:54.002588+00:00,LibGen,LibGen.bz,UP,200,1010,,
2026-08-23T12:59:53.934786+00:00,LibGen,LibGen.bz,UP,200,266,,
2026-08-23T13:00:56.378525+00:00,LibGen,LibGen.bz,UP,200,746,,
2026-08-23T13:01:56.110686+00:00,LibGen,LibGen.bz,UP,200,754,,
2026-08-23T13:02:57.937854+00:00,LibGen,LibGen.bz,UP,200,1325,,
2026-08-23T13:03:57.847406+00:00,LibGen,LibGen.bz,UP,200,857,,
2026-08-23T13:04:58.780172+00:00,LibGen,LibGen.bz,UP,200,639,,
2026-08-23T13:05:59.306792+00:00,LibGen,LibGen.bz,UP,200,789,,
2026-08-23T13:07:00.175667+00:00,LibGen,LibGen.bz,UP,200,752,,
2026-08-23T13:08:05.789467+00:00,LibGen,LibGen.bz,UP,200,790,,
2026-08-23T13:09:01.807717+00:00,LibGen,LibGen.bz,UP,200,246,,
2026-08-23T13:10:03.021536+00:00,LibGen,LibGen.bz,UP,200,914,,
2026-08-23T13:11:02.894138+00:00,LibGen,LibGen.bz,UP,200,757,,
2026-08-23T13:12:04.044346+00:00,LibGen,LibGen.bz,UP,200,996,,
2026-08-23T13:13:04.625663+00:00,LibGen,LibGen.bz,UP,200,704,,
2026-08-23T13:14:04.948386+00:00,LibGen,LibGen.bz,UP,200,248,,
2026-08-23T13:15:05.324742+00:00,LibGen,LibGen.bz,UP,200,995,,
2026-08-23T13:16:06.478202+00:00,LibGen,LibGen.bz,UP,200,777,,
2026-08-23T13:17:07.862686+00:00,LibGen,LibGen.bz,UP,200,1791,,
2026-08-23T13:18:08.588238+00:00,LibGen,LibGen.bz,UP,200,671,,
2026-08-23T13:19:08.822340+00:00,LibGen,LibGen.bz,UP,200,1119,,
2026-08-23T13:20:09.363482+00:00,LibGen,LibGen.bz,UP,200,766,,
2026-08-23T13:21:10.677933+00:00,LibGen,LibGen.bz,UP,200,2025,,
2026-08-23T13:22:10.099829+00:00,LibGen,LibGen.bz,UP,200,687,,
2026-08-23T13:23:10.552046+00:00,LibGen,LibGen.bz,UP,200,735,,
2026-08-23T13:24:11.995995+00:00,LibGen,LibGen.bz,UP,200,754,,
2026-08-23T13:25:35.104140+00:00,LibGen,LibGen.bz,DOWN,,,connection_refused,
2026-08-23T13:26:13.643544+00:00,LibGen,LibGen.bz,UP,200,749,,
2026-08-23T13:27:15.810787+00:00,LibGen,LibGen.bz,UP,200,1733,,
2026-08-23T13:28:14.659879+00:00,LibGen,LibGen.bz,UP,200,729,,
2026-08-23T13:29:16.263264+00:00,LibGen,LibGen.bz,UP,200,837,,
2026-08-23T13:30:16.278061+00:00,LibGen,LibGen.bz,UP,200,895,,
2026-08-23T13:31:16.907460+00:00,LibGen,LibGen.bz,UP,200,562,,
2026-08-23T13:32:17.970487+00:00,LibGen,LibGen.bz,UP,200,656,,
2026-08-23T13:33:18.147056+00:00,LibGen,LibGen.bz,DOWN,,,connection_refused,
2026-08-23T13:34:19.696179+00:00,LibGen,LibGen.bz,UP,200,808,,
2026-08-23T13:35:20.355900+00:00,LibGen,LibGen.bz,UP,200,727,,
2026-08-23T13:36:21.644790+00:00,LibGen,LibGen.bz,UP,200,761,,
2026-08-23T13:37:21.813538+00:00,LibGen,LibGen.bz,UP,200,611,,
2026-08-23T13:38:23.141166+00:00,LibGen,LibGen.bz,UP,200,669,,
2026-08-23T13:39:25.386028+00:00,LibGen,LibGen.bz,UP,200,2026,,
2026-08-23T13:40:24.505477+00:00,LibGen,LibGen.bz,UP,200,750,,
2026-08-23T13:41:25.683787+00:00,LibGen,LibGen.bz,UP,200,784,,
2026-08-23T13:42:27.484139+00:00,LibGen,LibGen.bz,UP,200,815,,
2026-08-23T13:43:28.472896+00:00,LibGen,LibGen.bz,UP,200,717,,
2026-08-23T13:44:28.188487+00:00,LibGen,LibGen.bz,UP,200,718,,
2026-08-23T13:45:28.627619+00:00,LibGen,LibGen.bz,UP,200,804,,
2026-08-23T13:46:30.479805+00:00,LibGen,LibGen.bz,UP,200,656,,
2026-08-23T13:47:31.176997+00:00,LibGen,LibGen.bz,UP,200,714,,
2026-08-23T13:48:31.383324+00:00,LibGen,LibGen.bz,UP,200,750,,
2026-08-23T13:49:32.552230+00:00,LibGen,LibGen.bz,UP,200,1015,,
2026-08-23T13:50:57.496111+00:00,LibGen,LibGen.bz,DOWN,,,connection_refused,
2026-08-23T13:51:34.239373+00:00,LibGen,LibGen.bz,UP,200,968,,
2026-08-23T13:52:34.682168+00:00,LibGen,LibGen.bz,UP,200,667,,
2026-08-23T13:53:35.805363+00:00,LibGen,LibGen.bz,UP,200,730,,
2026-08-23T13:54:36.483674+00:00,LibGen,LibGen.bz,UP,200,764,,
2026-08-23T13:55:37.749834+00:00,LibGen,LibGen.bz,UP,200,1061,,
2026-08-23T13:56:38.865286+00:00,LibGen,LibGen.bz,UP,200,952,,
2026-08-23T13:57:38.723923+00:00,LibGen,LibGen.bz,UP,200,795,,
2026-08-23T13:58:40.008175+00:00,LibGen,LibGen.bz,UP,200,751,,
2026-08-23T13:59:40.548343+00:00,LibGen,LibGen.bz,UP,200,785,,
2026-08-23T14:00:41.452409+00:00,LibGen,LibGen.bz,UP,200,752,,
2026-08-23T14:01:41.945247+00:00,LibGen,LibGen.bz,UP,200,1053,,
2026-08-23T14:02:42.275285+00:00,LibGen,LibGen.bz,UP,200,718,,
2026-08-23T14:03:43.041914+00:00,LibGen,LibGen.bz,UP,200,739,,
2026-08-23T14:04:43.950017+00:00,LibGen,LibGen.bz,UP,200,650,,
2026-08-23T14:06:07.415359+00:00,LibGen,LibGen.bz,DOWN,,,connection_refused,
2026-08-23T14:06:46.077150+00:00,LibGen,LibGen.bz,UP,200,709,,
2026-08-23T14:07:47.106293+00:00,LibGen,LibGen.bz,UP,200,813,,
2026-08-23T14:08:47.387115+00:00,LibGen,LibGen.bz,UP,200,730,,
2026-08-23T14:09:48.917697+00:00,LibGen,LibGen.bz,UP,200,1273,,
2026-08-23T14:10:47.995164+00:00,LibGen,LibGen.bz,UP,200,752,,
2026-08-23T14:11:49.223397+00:00,LibGen,LibGen.bz,UP,200,935,,
2026-08-23T14:12:50.011413+00:00,LibGen,LibGen.bz,UP,200,912,,
2026-08-23T14:13:52.672332+00:00,LibGen,LibGen.bz,UP,200,1731,,
2026-08-23T14:14:51.374043+00:00,LibGen,LibGen.bz,UP,200,657,,
2026-08-23T14:15:52.338926+00:00,LibGen,LibGen.bz,UP,200,747,,
2026-08-23T14:16:53.565843+00:00,LibGen,LibGen.bz,UP,200,645,,
2026-08-23T14:17:54.233705+00:00,LibGen,LibGen.bz,UP,200,777,,
2026-08-23T14:18:55.109312+00:00,LibGen,LibGen.bz,UP,200,747,,
2026-08-23T14:19:56.006363+00:00,LibGen,LibGen.bz,UP,200,834,,
2026-08-23T14:20:56.736364+00:00,LibGen,LibGen.bz,UP,200,729,,
2026-08-23T14:21:57.827758+00:00,LibGen,LibGen.bz,UP,200,1010,,
2026-08-23T14:22:59.247808+00:00,LibGen,LibGen.bz,UP,200,250,,
2026-08-23T14:24:20.095263+00:00,LibGen,LibGen.bz,DOWN,,,connection_refused,
2026-08-23T14:25:00.178796+00:00,LibGen,LibGen.bz,UP,200,799,,
2026-08-23T14:26:00.119099+00:00,LibGen,LibGen.bz,UP,200,639,,
2026-08-23T14:27:01.217752+00:00,LibGen,LibGen.bz,UP,200,831,,
2026-08-23T14:28:01.458410+00:00,LibGen,LibGen.bz,UP,200,808,,
2026-08-23T14:29:02.081968+00:00,LibGen,LibGen.bz,UP,200,717,,
2026-08-23T14:30:03.963187+00:00,LibGen,LibGen.bz,UP,200,1299,,
2026-08-23T14:31:03.691652+00:00,LibGen,LibGen.bz,UP,200,1119,,
2026-08-23T14:32:04.186466+00:00,LibGen,LibGen.bz,UP,200,772,,
2026-08-23T14:33:05.033981+00:00,LibGen,LibGen.bz,UP,200,782,,
2026-08-23T14:34:06.245975+00:00,LibGen,LibGen.bz,UP,200,773,,
2026-08-23T14:35:07.738411+00:00,LibGen,LibGen.bz,UP,200,814,,
2026-08-23T14:36:07.241485+00:00,LibGen,LibGen.bz,UP,200,900,,
2026-08-23T14:37:08.343378+00:00,LibGen,LibGen.bz,UP,200,627,,
2026-08-23T14:38:12.073202+00:00,LibGen,LibGen.bz,DEGRADED,200,3821,latency_high,
2026-08-23T14:39:09.823461+00:00,LibGen,LibGen.bz,UP,200,706,,
2026-08-23T14:40:10.801671+00:00,LibGen,LibGen.bz,UP,200,880,,
2026-08-23T14:41:11.288406+00:00,LibGen,LibGen.bz,UP,200,689,,
2026-08-23T14:42:12.069536+00:00,LibGen,LibGen.bz,UP,200,700,,
2026-08-23T14:43:12.005898+00:00,LibGen,LibGen.bz,UP,200,268,,
2026-08-23T14:44:13.237297+00:00,LibGen,LibGen.bz,UP,200,668,,
2026-08-23T14:45:14.172087+00:00,LibGen,LibGen.bz,UP,200,788,,
2026-08-23T14:46:16.002529+00:00,LibGen,LibGen.bz,UP,200,674,,
2026-08-23T14:47:17.026975+00:00,LibGen,LibGen.bz,UP,200,689,,
2026-08-23T14:48:17.017339+00:00,LibGen,LibGen.bz,UP,200,642,,
2026-08-23T14:49:17.123863+00:00,LibGen,LibGen.bz,UP,200,312,,
2026-08-23T14:50:18.875413+00:00,LibGen,LibGen.bz,UP,200,860,,
2026-08-23T14:51:19.380085+00:00,LibGen,LibGen.bz,UP,200,898,,
2026-08-23T14:52:19.349004+00:00,LibGen,LibGen.bz,DOWN,,,connection_refused,
2026-08-23T14:53:21.521111+00:00,LibGen,LibGen.bz,UP,200,633,,
2026-08-23T14:54:21.519676+00:00,LibGen,LibGen.bz,UP,200,632,,
2026-08-23T14:55:22.402411+00:00,LibGen,LibGen.bz,UP,200,712,,
2026-08-23T14:56:23.398803+00:00,LibGen,LibGen.bz,UP,200,765,,
2026-08-23T14:57:22.926555+00:00,LibGen,LibGen.bz,UP,200,631,,
2026-08-23T14:58:23.892836+00:00,LibGen,LibGen.bz,UP,200,692,,
2026-08-23T14:59:24.674377+00:00,LibGen,LibGen.bz,UP,200,652,,
2026-08-23T15:00:26.191420+00:00,LibGen,LibGen.bz,UP,200,859,,
2026-08-23T15:01:26.929242+00:00,LibGen,LibGen.bz,UP,200,891,,
2026-08-23T15:02:27.047061+00:00,LibGen,LibGen.bz,UP,200,732,,
2026-08-23T15:03:27.127512+00:00,LibGen,LibGen.bz,UP,200,723,,
2026-08-23T15:04:28.470132+00:00,LibGen,LibGen.bz,UP,200,720,,
2026-08-23T15:05:28.954456+00:00,LibGen,LibGen.bz,UP,200,692,,
2026-08-23T15:06:31.267589+00:00,LibGen,LibGen.bz,UP,200,705,,
2026-08-23T15:07:30.198020+00:00,LibGen,LibGen.bz,UP,200,729,,
2026-08-23T15:08:31.490697+00:00,LibGen,LibGen.bz,UP,200,728,,
2026-08-23T15:09:32.539462+00:00,LibGen,LibGen.bz,UP,200,820,,
2026-08-23T15:10:32.376357+00:00,LibGen,LibGen.bz,UP,200,689,,
2026-08-23T15:11:32.981640+00:00,LibGen,LibGen.bz,UP,200,743,,
2026-08-23T15:12:33.551057+00:00,LibGen,LibGen.bz,UP,200,720,,
2026-08-23T15:13:34.751418+00:00,LibGen,LibGen.bz,UP,200,764,,
2026-08-23T15:14:35.359066+00:00,LibGen,LibGen.bz,UP,200,793,,
2026-08-23T15:15:35.830243+00:00,LibGen,LibGen.bz,UP,200,793,,
2026-08-23T15:16:37.273356+00:00,LibGen,LibGen.bz,UP,200,1744,,
2026-08-23T15:17:36.957119+00:00,LibGen,LibGen.bz,UP,200,601,,
2026-08-23T15:18:38.256845+00:00,LibGen,LibGen.bz,UP,200,1070,,
2026-08-23T15:19:38.839013+00:00,LibGen,LibGen.bz,UP,200,727,,
2026-08-23T15:20:39.801353+00:00,LibGen,LibGen.bz,UP,200,767,,
2026-08-23T15:21:39.769544+00:00,LibGen,LibGen.bz,UP,200,714,,
2026-08-23T15:22:41.049203+00:00,LibGen,LibGen.bz,UP,200,744,,
2026-08-23T15:23:41.448043+00:00,LibGen,LibGen.bz,UP,200,709,,
2026-08-23T15:24:42.349592+00:00,LibGen,LibGen.bz,UP,200,719,,
2026-08-23T15:25:44.054772+00:00,LibGen,LibGen.bz,UP,200,2400,,
2026-08-23T15:26:43.700718+00:00,LibGen,LibGen.bz,UP,200,981,,
2026-08-23T15:27:44.101126+00:00,LibGen,LibGen.bz,UP,200,676,,
2026-08-23T15:28:44.587636+00:00,LibGen,LibGen.bz,UP,200,607,,
2026-08-23T15:29:46.059275+00:00,LibGen,LibGen.bz,UP,200,975,,
2026-08-23T15:30:46.588964+00:00,LibGen,LibGen.bz,UP,200,914,,
2026-08-23T15:31:48.212864+00:00,LibGen,LibGen.bz,UP,200,1572,,
2026-08-23T15:32:48.252629+00:00,LibGen,LibGen.bz,UP,200,715,,
2026-08-23T15:33:49.229305+00:00,LibGen,LibGen.bz,UP,200,779,,
2026-08-23T15:34:50.106436+00:00,LibGen,LibGen.bz,UP,200,702,,
2026-08-23T15:35:51.205895+00:00,LibGen,LibGen.bz,UP,200,681,,
2026-08-23T15:37:12.318252+00:00,LibGen,LibGen.bz,DOWN,,,connection_refused,
2026-08-23T15:37:53.057797+00:00,LibGen,LibGen.bz,UP,200,707,,
2026-08-23T15:38:53.731064+00:00,LibGen,LibGen.bz,UP,200,1025,,
2026-08-23T15:39:54.247269+00:00,LibGen,LibGen.bz,UP,200,658,,
2026-08-23T15:40:55.099036+00:00,LibGen,LibGen.bz,UP,200,659,,
2026-08-23T15:41:56.479894+00:00,LibGen,LibGen.bz,UP,200,695,,
2026-08-23T15:42:56.765126+00:00,LibGen,LibGen.bz,UP,200,682,,
2026-08-23T15:43:57.549905+00:00,LibGen,LibGen.bz,UP,200,699,,
2026-08-23T15:45:00.702801+00:00,LibGen,LibGen.bz,UP,200,1056,,
2026-08-23T15:46:19.779439+00:00,LibGen,LibGen.bz,DOWN,,,connection_refused,
2026-08-23T15:46:59.254856+00:00,LibGen,LibGen.bz,UP,200,640,,
2026-08-23T15:47:59.367248+00:00,LibGen,LibGen.bz,UP,200,697,,
2026-08-23T15:49:00.940328+00:00,LibGen,LibGen.bz,UP,200,810,,
2026-08-23T15:50:00.015308+00:00,LibGen,LibGen.bz,UP,200,623,,
2026-08-23T15:51:01.454281+00:00,LibGen,LibGen.bz,UP,200,873,,
2026-08-23T15:52:02.160948+00:00,LibGen,LibGen.bz,UP,200,810,,
2026-08-23T15:53:02.280068+00:00,LibGen,LibGen.bz,UP,200,856,,
2026-08-23T15:54:02.342526+00:00,LibGen,LibGen.bz,UP,200,845,,
2026-08-23T15:55:03.828710+00:00,LibGen,LibGen.bz,UP,200,1069,,
2026-08-23T15:56:03.142874+00:00,LibGen,LibGen.bz,UP,200,779,,
2026-08-23T15:57:04.063435+00:00,LibGen,LibGen.bz,UP,200,756,,
2026-08-23T15:58:24.048405+00:00,LibGen,LibGen.bz,DOWN,,,connection_refused,
2026-08-23T15:59:05.520789+00:00,LibGen,LibGen.bz,UP,200,759,,
2026-08-23T16:00:07.319326+00:00,LibGen,LibGen.bz,UP,200,1284,,
2026-08-23T16:01:07.108398+00:00,LibGen,LibGen.bz,UP,200,655,,
2026-08-23T16:02:08.477274+00:00,LibGen,LibGen.bz,UP,200,795,,
2026-08-23T16:03:09.305076+00:00,LibGen,LibGen.bz,UP,200,655,,
2026-08-23T16:04:09.820325+00:00,LibGen,LibGen.bz,UP,200,680,,
2026-08-23T16:05:11.292352+00:00,LibGen,LibGen.bz,UP,200,1216,,
2026-08-23T16:06:11.818835+00:00,LibGen,LibGen.bz,UP,200,941,,
2026-08-23T16:07:12.177692+00:00,LibGen,LibGen.bz,UP,200,645,,
2026-08-23T16:08:12.221357+00:00,LibGen,LibGen.bz,UP,200,254,,
2026-08-23T16:09:13.823394+00:00,LibGen,LibGen.bz,UP,200,741,,
2026-08-23T16:10:14.640727+00:00,LibGen,LibGen.bz,UP,200,831,,
2026-08-23T16:11:15.166851+00:00,LibGen,LibGen.bz,UP,200,821,,
2026-08-23T16:12:16.047077+00:00,LibGen,LibGen.bz,UP,200,829,,
2026-08-23T16:13:17.397793+00:00,LibGen,LibGen.bz,UP,200,1019,,
2026-08-23T16:14:17.815784+00:00,LibGen,LibGen.bz,UP,200,900,,
2026-08-23T16:15:17.731667+00:00,LibGen,LibGen.bz,UP,200,449,,
2026-08-23T16:16:18.081943+00:00,LibGen,LibGen.bz,UP,200,766,,
2026-08-23T16:17:18.907964+00:00,LibGen,LibGen.bz,UP,200,798,,
2026-08-23T16:18:19.720330+00:00,LibGen,LibGen.bz,UP,200,715,,
2026-08-23T16:19:20.690291+00:00,LibGen,LibGen.bz,UP,200,752,,
2026-08-23T16:20:20.790165+00:00,LibGen,LibGen.bz,UP,200,833,,
2026-08-23T16:21:21.186684+00:00,LibGen,LibGen.bz,UP,200,757,,
2026-08-23T16:22:21.218307+00:00,LibGen,LibGen.bz,UP,200,728,,
2026-08-23T16:23:22.286022+00:00,LibGen,LibGen.bz,UP,200,823,,
2026-08-23T16:24:26.284322+00:00,LibGen,LibGen.bz,UP,200,1620,,
2026-08-23T16:25:24.383545+00:00,LibGen,LibGen.bz,UP,200,1006,,
2026-08-23T16:26:24.468203+00:00,LibGen,LibGen.bz,UP,200,714,,
2026-08-23T16:27:27.220135+00:00,LibGen,LibGen.bz,UP,200,712,,
2026-08-23T16:28:29.578855+00:00,LibGen,LibGen.bz,DEGRADED,200,3935,latency_high,
2026-08-23T16:29:26.669840+00:00,LibGen,LibGen.bz,UP,200,646,,
2026-08-23T16:30:29.035820+00:00,LibGen,LibGen.bz,UP,200,1067,,
2026-08-23T16:31:27.675271+00:00,LibGen,LibGen.bz,UP,200,778,,
2026-08-23T16:32:28.551419+00:00,LibGen,LibGen.bz,UP,200,1041,,
2026-08-23T16:33:27.957742+00:00,LibGen,LibGen.bz,UP,200,765,,
2026-08-23T16:34:28.227970+00:00,LibGen,LibGen.bz,UP,200,584,,
2026-08-23T16:35:29.196407+00:00,LibGen,LibGen.bz,UP,200,678,,
2026-08-23T16:36:30.604194+00:00,LibGen,LibGen.bz,UP,200,1004,,
2026-08-23T16:37:29.802475+00:00,LibGen,LibGen.bz,UP,200,263,,
2026-08-23T16:38:31.177311+00:00,LibGen,LibGen.bz,UP,200,717,,
2026-08-23T16:39:33.456253+00:00,LibGen,LibGen.bz,UP,200,779,,
2026-08-23T16:40:32.227031+00:00,LibGen,LibGen.bz,UP,200,691,,
2026-08-23T16:41:32.826230+00:00,LibGen,LibGen.bz,UP,200,723,,
2026-08-23T16:42:32.964996+00:00,LibGen,LibGen.bz,UP,200,851,,
2026-08-23T16:43:35.853397+00:00,LibGen,LibGen.bz,UP,200,703,,
2026-08-23T16:44:35.309385+00:00,LibGen,LibGen.bz,UP,200,684,,
2026-08-23T16:45:35.125320+00:00,LibGen,LibGen.bz,UP,200,687,,
2026-08-23T16:46:35.763554+00:00,LibGen,LibGen.bz,UP,200,779,,
2026-08-23T16:47:36.705073+00:00,LibGen,LibGen.bz,UP,200,849,,
2026-08-23T16:48:37.941094+00:00,LibGen,LibGen.bz,UP,200,680,,
2026-08-23T16:49:38.413019+00:00,LibGen,LibGen.bz,UP,200,745,,
2026-08-23T16:50:39.205819+00:00,LibGen,LibGen.bz,UP,200,619,,
2026-08-23T16:51:39.760656+00:00,LibGen,LibGen.bz,UP,200,264,,
2026-08-23T16:52:41.259754+00:00,LibGen,LibGen.bz,UP,200,1205,,
2026-08-23T16:53:40.997863+00:00,LibGen,LibGen.bz,UP,200,781,,
2026-08-23T16:54:42.339926+00:00,LibGen,LibGen.bz,UP,200,1146,,
2026-08-23T16:55:43.613864+00:00,LibGen,LibGen.bz,UP,200,669,,
2026-08-23T16:56:43.842641+00:00,LibGen,LibGen.bz,UP,200,637,,
2026-08-23T16:57:46.672051+00:00,LibGen,LibGen.bz,DEGRADED,200,3764,latency_high,
2026-08-23T16:58:44.559632+00:00,LibGen,LibGen.bz,UP,200,787,,
2026-08-23T16:59:45.764704+00:00,LibGen,LibGen.bz,UP,200,658,,
2026-08-23T17:00:48.870324+00:00,LibGen,LibGen.bz,UP,200,1862,,
2026-08-23T17:01:47.029385+00:00,LibGen,LibGen.bz,UP,200,895,,
2026-08-23T17:02:47.349704+00:00,LibGen,LibGen.bz,UP,200,763,,
2026-08-23T17:03:47.823169+00:00,LibGen,LibGen.bz,UP,200,772,,
2026-08-23T17:04:47.889900+00:00,LibGen,LibGen.bz,UP,200,725,,
2026-08-23T17:05:48.985509+00:00,LibGen,LibGen.bz,UP,200,878,,
2026-08-23T17:06:49.956716+00:00,LibGen,LibGen.bz,UP,200,986,,
2026-08-23T17:07:50.504940+00:00,LibGen,LibGen.bz,UP,200,678,,
2026-08-23T17:08:51.347183+00:00,LibGen,LibGen.bz,UP,200,703,,
2026-08-23T17:09:52.127929+00:00,LibGen,LibGen.bz,UP,200,649,,
2026-08-23T17:10:52.996583+00:00,LibGen,LibGen.bz,UP,200,655,,
2026-08-23T17:11:53.949239+00:00,LibGen,LibGen.bz,UP,200,628,,
2026-08-23T17:12:56.061329+00:00,LibGen,LibGen.bz,UP,200,1923,,
2026-08-23T17:13:56.181938+00:00,LibGen,LibGen.bz,UP,200,588,,
2026-08-23T17:14:56.340879+00:00,LibGen,LibGen.bz,UP,200,796,,
2026-08-23T17:15:56.516987+00:00,LibGen,LibGen.bz,UP,200,730,,
2026-08-23T17:17:18.480170+00:00,LibGen,LibGen.bz,DOWN,,,connection_refused,
2026-08-23T17:17:57.844365+00:00,LibGen,LibGen.bz,UP,200,794,,
2026-08-23T17:18:59.131163+00:00,LibGen,LibGen.bz,UP,200,672,,
2026-08-23T17:19:59.361503+00:00,LibGen,LibGen.bz,UP,200,815,,
2026-08-23T17:20:59.835504+00:00,LibGen,LibGen.bz,UP,200,777,,
2026-08-23T17:22:00.830247+00:00,LibGen,LibGen.bz,UP,200,990,,
2026-08-23T17:23:03.493013+00:00,LibGen,LibGen.bz,DEGRADED,200,3771,latency_high,
2026-08-23T17:24:01.321086+00:00,LibGen,LibGen.bz,UP,200,1760,,
2026-08-23T17:25:01.318725+00:00,LibGen,LibGen.bz,UP,200,826,,
2026-08-23T17:26:02.101802+00:00,LibGen,LibGen.bz,UP,200,712,,
2026-08-23T17:27:03.558200+00:00,LibGen,LibGen.bz,UP,200,1166,,
2026-08-23T17:28:05.135350+00:00,LibGen,LibGen.bz,UP,200,1998,,
2026-08-23T17:29:05.267330+00:00,LibGen,LibGen.bz,UP,200,803,,
2026-08-23T17:30:06.102274+00:00,LibGen,LibGen.bz,UP,200,1273,,
2026-08-23T17:31:06.155610+00:00,LibGen,LibGen.bz,UP,200,794,,
2026-08-23T17:32:06.224686+00:00,LibGen,LibGen.bz,UP,200,756,,
2026-08-23T17:33:07.060382+00:00,LibGen,LibGen.bz,UP,200,241,,
2026-08-23T17:34:07.482113+00:00,LibGen,LibGen.bz,UP,200,843,,
2026-08-23T17:35:08.818998+00:00,LibGen,LibGen.bz,UP,200,1183,,
2026-08-23T17:36:09.023211+00:00,LibGen,LibGen.bz,UP,200,724,,
2026-08-23T17:37:10.064780+00:00,LibGen,LibGen.bz,UP,200,884,,
2026-08-23T17:38:12.500484+00:00,LibGen,LibGen.bz,UP,200,730,,
2026-08-23T17:39:12.030665+00:00,LibGen,LibGen.bz,UP,200,244,,
2026-08-23T17:40:12.897730+00:00,LibGen,LibGen.bz,UP,200,1092,,
2026-08-23T17:41:12.400995+00:00,LibGen,LibGen.bz,UP,200,603,,
2026-08-23T17:42:13.721330+00:00,LibGen,LibGen.bz,UP,200,671,,
2026-08-23T17:43:13.901641+00:00,LibGen,LibGen.bz,UP,200,296,,
2026-08-23T17:44:14.784217+00:00,LibGen,LibGen.bz,UP,200,725,,
2026-08-23T17:45:15.273887+00:00,LibGen,LibGen.bz,UP,200,784,,
2026-08-23T17:46:15.826425+00:00,LibGen,LibGen.bz,UP,200,844,,
2026-08-23T17:47:17.598644+00:00,LibGen,LibGen.bz,UP,200,639,,
2026-08-23T17:48:17.441910+00:00,LibGen,LibGen.bz,UP,200,1028,,
2026-08-23T17:49:17.490845+00:00,LibGen,LibGen.bz,UP,200,1130,,
2026-08-23T17:50:18.300178+00:00,LibGen,LibGen.bz,UP,200,1002,,
2026-08-23T17:51:19.323878+00:00,LibGen,LibGen.bz,UP,200,820,,
2026-08-23T17:52:20.053108+00:00,LibGen,LibGen.bz,UP,200,995,,
2026-08-23T17:53:21.179259+00:00,LibGen,LibGen.bz,UP,200,733,,
2026-08-23T17:54:21.324530+00:00,LibGen,LibGen.bz,UP,200,732,,
2026-08-23T17:55:22.180056+00:00,LibGen,LibGen.bz,UP,200,721,,
2026-08-23T17:56:23.481892+00:00,LibGen,LibGen.bz,UP,200,686,,
2026-08-23T17:57:24.331675+00:00,LibGen,LibGen.bz,UP,200,705,,
2026-08-23T17:58:24.762796+00:00,LibGen,LibGen.bz,UP,200,649,,
2026-08-23T17:59:25.687968+00:00,LibGen,LibGen.bz,UP,200,739,,
2026-08-23T18:00:26.494903+00:00,LibGen,LibGen.bz,UP,200,726,,
2026-08-23T18:01:27.202088+00:00,LibGen,LibGen.bz,UP,200,863,,
2026-08-23T18:02:26.945239+00:00,LibGen,LibGen.bz,UP,200,321,,
2026-08-23T18:03:28.162750+00:00,LibGen,LibGen.bz,UP,200,614,,
2026-08-23T18:04:28.688793+00:00,LibGen,LibGen.bz,UP,200,671,,
2026-08-23T18:05:30.117843+00:00,LibGen,LibGen.bz,UP,200,730,,
2026-08-23T18:06:29.719217+00:00,LibGen,LibGen.bz,UP,200,656,,
2026-08-23T18:07:30.348961+00:00,LibGen,LibGen.bz,UP,200,683,,
2026-08-23T18:08:30.491391+00:00,LibGen,LibGen.bz,UP,200,740,,
2026-08-23T18:09:51.401192+00:00,LibGen,LibGen.bz,DOWN,,,connection_refused,
2026-08-23T18:10:32.177946+00:00,LibGen,LibGen.bz,UP,200,962,,
2026-08-23T18:11:32.332048+00:00,LibGen,LibGen.bz,UP,200,610,,
2026-08-23T18:12:32.866168+00:00,LibGen,LibGen.bz,UP,200,1109,,
2026-08-23T18:13:33.136902+00:00,LibGen,LibGen.bz,UP,200,702,,
2026-08-23T18:14:33.431186+00:00,LibGen,LibGen.bz,UP,200,650,,
2026-08-23T18:15:33.606071+00:00,LibGen,LibGen.bz,UP,200,793,,
2026-08-23T18:16:33.110015+00:00,LibGen,LibGen.bz,UP,200,251,,
2026-08-23T18:17:34.462756+00:00,LibGen,LibGen.bz,UP,200,675,,
2026-08-23T18:18:34.701010+00:00,LibGen,LibGen.bz,UP,200,755,,
2026-08-23T18:19:35.528059+00:00,LibGen,LibGen.bz,UP,200,652,,
2026-08-23T18:20:36.524009+00:00,LibGen,LibGen.bz,UP,200,693,,
2026-08-23T18:21:37.344569+00:00,LibGen,LibGen.bz,UP,200,679,,
2026-08-23T18:22:39.283878+00:00,LibGen,LibGen.bz,UP,200,1605,,
2026-08-23T18:23:39.236202+00:00,LibGen,LibGen.bz,UP,200,673,,
2026-08-23T18:24:40.499842+00:00,LibGen,LibGen.bz,UP,200,867,,
2026-08-23T18:25:41.122315+00:00,LibGen,LibGen.bz,UP,200,706,,
2026-08-23T18:26:42.071816+00:00,LibGen,LibGen.bz,UP,200,788,,
2026-08-23T18:27:41.988300+00:00,LibGen,LibGen.bz,UP,200,972,,
2026-08-23T18:28:42.642815+00:00,LibGen,LibGen.bz,UP,200,720,,
2026-08-23T18:29:46.451520+00:00,LibGen,LibGen.bz,DEGRADED,200,3677,latency_high,
2026-08-23T18:30:43.978463+00:00,LibGen,LibGen.bz,UP,200,236,,
2026-08-23T18:31:44.932297+00:00,LibGen,LibGen.bz,UP,200,769,,
2026-08-23T18:32:46.397753+00:00,LibGen,LibGen.bz,UP,200,854,,
2026-08-23T18:33:46.915739+00:00,LibGen,LibGen.bz,UP,200,793,,
2026-08-23T18:34:46.823231+00:00,LibGen,LibGen.bz,UP,200,587,,
2026-08-23T18:35:46.980056+00:00,LibGen,LibGen.bz,UP,200,757,,
2026-08-23T18:36:48.210369+00:00,LibGen,LibGen.bz,UP,200,939,,
2026-08-23T18:37:49.050369+00:00,LibGen,LibGen.bz,UP,200,613,,
2026-08-23T18:38:50.090286+00:00,LibGen,LibGen.bz,UP,200,782,,
2026-08-23T18:39:50.534661+00:00,LibGen,LibGen.bz,UP,200,848,,
2026-08-23T18:40:51.182901+00:00,LibGen,LibGen.bz,UP,200,696,,
2026-08-23T18:41:52.892933+00:00,LibGen,LibGen.bz,UP,200,1351,,
2026-08-23T18:42:52.295833+00:00,LibGen,LibGen.bz,UP,200,710,,
2026-08-23T18:43:52.543103+00:00,LibGen,LibGen.bz,UP,200,632,,
2026-08-23T18:44:54.571035+00:00,LibGen,LibGen.bz,UP,200,656,,
2026-08-23T18:45:53.968180+00:00,LibGen,LibGen.bz,UP,200,218,,
2026-08-23T18:46:53.997963+00:00,LibGen,LibGen.bz,UP,200,253,,
2026-08-23T18:48:15.273427+00:00,LibGen,LibGen.bz,DOWN,,,connection_refused,
2026-08-23T18:48:56.332989+00:00,LibGen,LibGen.bz,UP,200,811,,
2026-08-23T18:49:57.455901+00:00,LibGen,LibGen.bz,UP,200,723,,
2026-08-23T18:50:57.701993+00:00,LibGen,LibGen.bz,UP,200,263,,
2026-08-23T18:51:58.735480+00:00,LibGen,LibGen.bz,UP,200,742,,
2026-08-23T18:52:59.390097+00:00,LibGen,LibGen.bz,UP,200,1069,,
2026-08-23T18:54:00.989476+00:00,LibGen,LibGen.bz,UP,200,1722,,
2026-08-23T18:55:00.078730+00:00,LibGen,LibGen.bz,UP,200,1064,,
2026-08-23T18:56:00.739031+00:00,LibGen,LibGen.bz,UP,200,608,,
2026-08-23T18:57:01.107506+00:00,LibGen,LibGen.bz,UP,200,641,,
2026-08-23T18:58:01.447951+00:00,LibGen,LibGen.bz,UP,200,785,,
2026-08-23T18:59:02.936340+00:00,LibGen,LibGen.bz,UP,200,1938,,
2026-08-23T19:00:01.606336+00:00,LibGen,LibGen.bz,UP,200,855,,
2026-08-23T19:01:01.801811+00:00,LibGen,LibGen.bz,UP,200,844,,
2026-08-23T19:02:03.133706+00:00,LibGen,LibGen.bz,UP,200,1154,,
2026-08-23T19:03:02.382553+00:00,LibGen,LibGen.bz,UP,200,945,,
2026-08-23T19:04:05.691217+00:00,LibGen,LibGen.bz,UP,200,829,,
2026-08-23T19:05:04.053490+00:00,LibGen,LibGen.bz,UP,200,848,,
2026-08-23T19:06:03.505279+00:00,LibGen,LibGen.bz,UP,200,731,,
2026-08-23T19:07:04.974432+00:00,LibGen,LibGen.bz,UP,200,823,,
2026-08-23T19:08:06.298933+00:00,LibGen,LibGen.bz,UP,200,1754,,
2026-08-23T19:09:05.770859+00:00,LibGen,LibGen.bz,UP,200,799,,
2026-08-23T19:10:06.224962+00:00,LibGen,LibGen.bz,UP,200,746,,
2026-08-23T19:11:06.697828+00:00,LibGen,LibGen.bz,UP,200,726,,
2026-08-23T19:12:06.831639+00:00,LibGen,LibGen.bz,UP,200,267,,
2026-08-23T19:13:07.814658+00:00,LibGen,LibGen.bz,UP,200,729,,
2026-08-23T19:14:08.780710+00:00,LibGen,LibGen.bz,UP,200,719,,
2026-08-23T19:15:09.695923+00:00,LibGen,LibGen.bz,UP,200,819,,
2026-08-23T19:16:09.637724+00:00,LibGen,LibGen.bz,UP,200,718,,
2026-08-23T19:17:10.471301+00:00,LibGen,LibGen.bz,UP,200,689,,
2026-08-23T19:18:11.489475+00:00,LibGen,LibGen.bz,UP,200,826,,
2026-08-23T19:19:31.391865+00:00,LibGen,LibGen.bz,DOWN,,,connection_refused,
2026-08-23T19:20:11.939018+00:00,LibGen,LibGen.bz,UP,200,713,,
2026-08-23T19:21:32.776049+00:00,LibGen,LibGen.bz,DOWN,,,connection_refused,
2026-08-23T19:22:14.706959+00:00,LibGen,LibGen.bz,UP,200,700,,
2026-08-23T19:23:14.626314+00:00,LibGen,LibGen.bz,UP,200,714,,
2026-08-23T19:24:15.689684+00:00,LibGen,LibGen.bz,UP,200,835,,
2026-08-23T19:25:16.605127+00:00,LibGen,LibGen.bz,UP,200,857,,
2026-08-23T19:26:38.237181+00:00,LibGen,LibGen.bz,DOWN,,,connection_refused,
2026-08-23T19:27:18.212985+00:00,LibGen,LibGen.bz,UP,200,810,,
2026-08-23T19:28:19.699834+00:00,LibGen,LibGen.bz,UP,200,1018,,
2026-08-23T19:29:20.056967+00:00,LibGen,LibGen.bz,UP,200,871,,
2026-08-23T19:30:20.934415+00:00,LibGen,LibGen.bz,UP,200,890,,
2026-08-23T19:31:21.903047+00:00,LibGen,LibGen.bz,UP,200,936,,
2026-08-23T19:32:21.612853+00:00,LibGen,LibGen.bz,UP,200,229,,
2026-08-23T19:33:23.011521+00:00,LibGen,LibGen.bz,UP,200,713,,
2026-08-23T19:34:27.293235+00:00,LibGen,LibGen.bz,DEGRADED,200,3643,latency_high,
2026-08-23T19:35:25.147629+00:00,LibGen,LibGen.bz,UP,200,925,,
2026-08-23T19:36:26.161827+00:00,LibGen,LibGen.bz,UP,200,831,,
2026-08-23T19:37:26.527140+00:00,LibGen,LibGen.bz,UP,200,918,,
2026-08-23T19:38:27.777677+00:00,LibGen,LibGen.bz,UP,200,623,,
2026-08-23T19:39:26.866767+00:00,LibGen,LibGen.bz,UP,200,229,,
2026-08-23T19:40:27.738319+00:00,LibGen,LibGen.bz,UP,200,718,,
2026-08-23T19:41:28.258105+00:00,LibGen,LibGen.bz,UP,200,959,,
2026-08-23T19:42:28.730419+00:00,LibGen,LibGen.bz,UP,200,620,,
2026-08-23T19:43:29.196333+00:00,LibGen,LibGen.bz,UP,200,1086,,
2026-08-23T19:44:28.853964+00:00,LibGen,LibGen.bz,UP,200,690,,
2026-08-23T19:45:28.728711+00:00,LibGen,LibGen.bz,UP,200,902,,
2026-08-23T19:46:30.234410+00:00,LibGen,LibGen.bz,UP,200,858,,
2026-08-23T19:47:29.177817+00:00,LibGen,LibGen.bz,UP,200,679,,
2026-08-23T19:48:30.834901+00:00,LibGen,LibGen.bz,UP,200,945,,
2026-08-23T19:49:31.062368+00:00,LibGen,LibGen.bz,UP,200,758,,
2026-08-23T19:50:31.541890+00:00,LibGen,LibGen.bz,UP,200,763,,
2026-08-23T19:51:32.123308+00:00,LibGen,LibGen.bz,UP,200,767,,
2026-08-23T19:52:35.521061+00:00,LibGen,LibGen.bz,DEGRADED,200,3662,latency_high,
2026-08-23T19:53:32.490930+00:00,LibGen,LibGen.bz,UP,200,621,,
2026-08-23T19:54:33.876167+00:00,LibGen,LibGen.bz,UP,200,738,,
2026-08-23T19:55:35.057725+00:00,LibGen,LibGen.bz,UP,200,1014,,
2026-08-23T19:56:33.897214+00:00,LibGen,LibGen.bz,UP,200,233,,
2026-08-23T19:57:55.297930+00:00,LibGen,LibGen.bz,DOWN,,,connection_refused,
2026-08-23T19:58:35.256005+00:00,LibGen,LibGen.bz,UP,200,624,,
2026-08-23T19:59:36.209686+00:00,LibGen,LibGen.bz,UP,200,617,,
2026-08-23T20:00:36.915450+00:00,LibGen,LibGen.bz,UP,200,1626,,
2026-08-23T20:01:36.724532+00:00,LibGen,LibGen.bz,UP,200,1050,,
2026-08-23T20:02:37.037734+00:00,LibGen,LibGen.bz,UP,200,734,,
2026-08-23T20:03:57.472065+00:00,LibGen,LibGen.bz,DOWN,,,connection_refused,
2026-08-23T20:04:38.918449+00:00,LibGen,LibGen.bz,UP,200,962,,
2026-08-23T20:05:38.921433+00:00,LibGen,LibGen.bz,UP,200,709,,
2026-08-23T20:06:38.492692+00:00,LibGen,LibGen.bz,UP,200,630,,
2026-08-23T20:07:39.634464+00:00,LibGen,LibGen.bz,UP,200,710,,
2026-08-23T20:08:40.455774+00:00,LibGen,LibGen.bz,UP,200,744,,
2026-08-23T20:09:40.883631+00:00,LibGen,LibGen.bz,UP,200,973,,
2026-08-23T20:10:40.600329+00:00,LibGen,LibGen.bz,UP,200,238,,
2026-08-23T20:11:40.962794+00:00,LibGen,LibGen.bz,UP,200,619,,
2026-08-23T20:12:41.441694+00:00,LibGen,LibGen.bz,UP,200,666,,
2026-08-23T20:13:41.871352+00:00,LibGen,LibGen.bz,UP,200,718,,
2026-08-23T20:14:44.045771+00:00,LibGen,LibGen.bz,UP,200,707,,
2026-08-23T20:15:42.717637+00:00,LibGen,LibGen.bz,UP,200,963,,
2026-08-23T20:16:43.515385+00:00,LibGen,LibGen.bz,UP,200,1109,,
2026-08-23T20:17:43.211988+00:00,LibGen,LibGen.bz,UP,200,662,,
2026-08-23T20:18:45.781348+00:00,LibGen,LibGen.bz,UP,200,1781,,
2026-08-23T20:20:06.127397+00:00,LibGen,LibGen.bz,DOWN,,,connection_refused,
2026-08-23T20:20:46.130118+00:00,LibGen,LibGen.bz,UP,200,740,,
2026-08-23T20:21:46.201577+00:00,LibGen,LibGen.bz,UP,200,788,,
2026-08-23T20:22:46.567935+00:00,LibGen,LibGen.bz,UP,200,712,,
2026-08-23T20:23:47.936476+00:00,LibGen,LibGen.bz,UP,200,611,,
2026-08-23T20:24:47.936980+00:00,LibGen,LibGen.bz,UP,200,692,,
2026-08-23T20:25:48.455936+00:00,LibGen,LibGen.bz,UP,200,575,,
2026-08-23T20:26:49.257234+00:00,LibGen,LibGen.bz,UP,200,628,,
2026-08-23T20:27:50.179043+00:00,LibGen,LibGen.bz,UP,200,660,,
2026-08-23T20:28:51.795971+00:00,LibGen,LibGen.bz,UP,200,936,,
2026-08-23T20:29:52.568066+00:00,LibGen,LibGen.bz,UP,200,613,,
2026-08-23T20:30:53.389619+00:00,LibGen,LibGen.bz,UP,200,740,,
2026-08-23T20:31:53.993958+00:00,LibGen,LibGen.bz,UP,200,765,,
2026-08-23T20:32:54.096505+00:00,LibGen,LibGen.bz,UP,200,640,,
2026-08-23T20:33:57.104395+00:00,LibGen,LibGen.bz,UP,200,2847,,
2026-08-23T20:35:16.059550+00:00,LibGen,LibGen.bz,DOWN,,,connection_refused,
2026-08-23T20:35:56.720390+00:00,LibGen,LibGen.bz,UP,200,728,,
2026-08-23T20:36:58.113761+00:00,LibGen,LibGen.bz,UP,200,703,,
2026-08-23T20:37:57.844454+00:00,LibGen,LibGen.bz,UP,200,240,,
2026-08-23T20:38:58.421456+00:00,LibGen,LibGen.bz,UP,200,720,,
2026-08-23T20:39:59.743382+00:00,LibGen,LibGen.bz,UP,200,588,,
2026-08-23T20:41:00.506177+00:00,LibGen,LibGen.bz,UP,200,675,,
2026-08-23T20:42:00.496803+00:00,LibGen,LibGen.bz,UP,200,638,,
2026-08-23T20:43:01.166635+00:00,LibGen,LibGen.bz,UP,200,1050,,
2026-08-23T20:44:01.286212+00:00,LibGen,LibGen.bz,UP,200,711,,
2026-08-23T20:45:02.605950+00:00,LibGen,LibGen.bz,UP,200,1396,,
2026-08-23T20:46:02.771088+00:00,LibGen,LibGen.bz,UP,200,884,,
2026-08-23T20:47:03.602752+00:00,LibGen,LibGen.bz,UP,200,757,,
2026-08-23T20:48:04.446944+00:00,LibGen,LibGen.bz,UP,200,664,,
2026-08-23T20:49:05.301149+00:00,LibGen,LibGen.bz,UP,200,632,,
2026-08-23T20:50:06.459133+00:00,LibGen,LibGen.bz,UP,200,953,,
2026-08-23T20:51:05.880888+00:00,LibGen,LibGen.bz,UP,200,353,,
2026-08-23T20:52:06.985846+00:00,LibGen,LibGen.bz,UP,200,671,,
2026-08-23T20:53:07.658267+00:00,LibGen,LibGen.bz,UP,200,707,,
2026-08-23T20:54:09.452796+00:00,LibGen,LibGen.bz,UP,200,705,,
2026-08-23T20:55:08.957747+00:00,LibGen,LibGen.bz,UP,200,939,,
2026-08-23T20:56:30.128106+00:00,LibGen,LibGen.bz,DOWN,,,connection_refused,
2026-08-23T20:57:30.354778+00:00,LibGen,LibGen.bz,TIMEOUT,,,timeout,
2026-08-23T20:58:13.018119+00:00,LibGen,LibGen.bz,UP,200,2232,,
2026-08-23T20:59:11.800134+00:00,LibGen,LibGen.bz,UP,200,599,,
2026-08-23T21:00:12.508848+00:00,LibGen,LibGen.bz,UP,200,1133,,
2026-08-23T21:01:12.632122+00:00,LibGen,LibGen.bz,UP,200,675,,
2026-08-23T21:02:13.093201+00:00,LibGen,LibGen.bz,UP,200,640,,
2026-08-23T21:03:14.564812+00:00,LibGen,LibGen.bz,UP,200,683,,
2026-08-23T21:04:15.371546+00:00,LibGen,LibGen.bz,UP,200,1023,,
2026-08-23T21:05:16.280801+00:00,LibGen,LibGen.bz,UP,200,781,,
2026-08-23T21:06:16.979410+00:00,LibGen,LibGen.bz,UP,200,959,,
2026-08-23T21:07:17.967533+00:00,LibGen,LibGen.bz,UP,200,721,,
2026-08-23T21:08:18.764914+00:00,LibGen,LibGen.bz,UP,200,639,,
2026-08-23T21:09:18.834627+00:00,LibGen,LibGen.bz,UP,200,288,,
2026-08-23T21:10:20.345253+00:00,LibGen,LibGen.bz,UP,200,1203,,
2026-08-23T21:11:20.183860+00:00,LibGen,LibGen.bz,UP,200,235,,
2026-08-23T21:12:21.635538+00:00,LibGen,LibGen.bz,UP,200,814,,
2026-08-23T21:13:22.038705+00:00,LibGen,LibGen.bz,UP,200,707,,
2026-08-23T21:14:22.506444+00:00,LibGen,LibGen.bz,UP,200,667,,
2026-08-23T21:15:23.128099+00:00,LibGen,LibGen.bz,UP,200,781,,
2026-08-23T21:16:23.713391+00:00,LibGen,LibGen.bz,UP,200,1098,,
2026-08-23T21:17:24.561843+00:00,LibGen,LibGen.bz,UP,200,666,,
2026-08-23T21:18:25.144797+00:00,LibGen,LibGen.bz,UP,200,656,,
2026-08-23T21:19:26.127507+00:00,LibGen,LibGen.bz,UP,200,707,,
2026-08-23T21:20:27.608034+00:00,LibGen,LibGen.bz,UP,200,771,,
2026-08-23T21:21:27.485816+00:00,LibGen,LibGen.bz,UP,200,239,,
2026-08-23T21:22:28.925317+00:00,LibGen,LibGen.bz,UP,200,699,,
2026-08-23T21:23:31.988052+00:00,LibGen,LibGen.bz,DEGRADED,200,3560,latency_high,
2026-08-23T21:24:30.049521+00:00,LibGen,LibGen.bz,UP,200,739,,
2026-08-23T21:25:29.709929+00:00,LibGen,LibGen.bz,UP,200,814,,
2026-08-23T21:26:30.061971+00:00,LibGen,LibGen.bz,UP,200,708,,
2026-08-23T21:27:31.600860+00:00,LibGen,LibGen.bz,UP,200,799,,
2026-08-23T21:28:31.961583+00:00,LibGen,LibGen.bz,UP,200,683,,
2026-08-23T21:29:33.324982+00:00,LibGen,LibGen.bz,UP,200,1059,,
2026-08-23T21:30:53.533632+00:00,LibGen,LibGen.bz,DOWN,,,connection_refused,
2026-08-23T21:31:33.506508+00:00,LibGen,LibGen.bz,UP,200,1209,,
2026-08-23T21:32:34.421256+00:00,LibGen,LibGen.bz,UP,200,1079,,
2026-08-23T21:33:34.400825+00:00,LibGen,LibGen.bz,UP,200,738,,
2026-08-23T21:34:35.057341+00:00,LibGen,LibGen.bz,UP,200,637,,
2026-08-23T21:35:35.054262+00:00,LibGen,LibGen.bz,UP,200,964,,
2026-08-23T21:36:35.050445+00:00,LibGen,LibGen.bz,UP,200,669,,
2026-08-23T21:37:35.815800+00:00,LibGen,LibGen.bz,UP,200,927,,
2026-08-23T21:38:37.420902+00:00,LibGen,LibGen.bz,UP,200,812,,
2026-08-23T21:39:37.275852+00:00,LibGen,LibGen.bz,UP,200,578,,
2026-08-23T21:40:58.664246+00:00,LibGen,LibGen.bz,DOWN,,,connection_refused,
2026-08-23T21:41:38.214286+00:00,LibGen,LibGen.bz,UP,200,672,,
2026-08-23T21:42:38.846565+00:00,LibGen,LibGen.bz,UP,200,784,,
2026-08-23T21:43:39.329940+00:00,LibGen,LibGen.bz,UP,200,788,,
2026-08-23T21:44:39.458017+00:00,LibGen,LibGen.bz,UP,200,814,,
2026-08-23T21:45:39.453672+00:00,LibGen,LibGen.bz,UP,200,717,,
2026-08-23T21:46:40.458265+00:00,LibGen,LibGen.bz,UP,200,743,,
2026-08-23T21:47:42.280851+00:00,LibGen,LibGen.bz,UP,200,757,,
2026-08-23T21:48:41.720510+00:00,LibGen,LibGen.bz,UP,200,881,,
2026-08-23T21:49:43.561416+00:00,LibGen,LibGen.bz,UP,200,1070,,
2026-08-23T21:50:43.013993+00:00,LibGen,LibGen.bz,DOWN,500,781,http_error,
2026-08-23T21:51:44.948232+00:00,LibGen,LibGen.bz,UP,200,1707,,
2026-08-23T21:53:05.131871+00:00,LibGen,LibGen.bz,DOWN,,,connection_refused,
2026-08-23T21:53:46.949112+00:00,LibGen,LibGen.bz,UP,200,1794,,
2026-08-23T21:54:46.660054+00:00,LibGen,LibGen.bz,UP,200,689,,
2026-08-23T21:55:48.001986+00:00,LibGen,LibGen.bz,UP,200,758,,
2026-08-23T21:56:48.352693+00:00,LibGen,LibGen.bz,UP,200,647,,
2026-08-23T21:57:49.624924+00:00,LibGen,LibGen.bz,UP,200,985,,
2026-08-23T21:58:49.914654+00:00,LibGen,LibGen.bz,UP,200,1086,,
2026-08-23T21:59:52.201334+00:00,LibGen,LibGen.bz,DOWN,500,2643,http_error,
2026-08-23T22:00:51.438056+00:00,LibGen,LibGen.bz,UP,200,941,,
2026-08-23T22:01:50.942888+00:00,LibGen,LibGen.bz,UP,200,745,,
2026-08-23T22:02:51.024952+00:00,LibGen,LibGen.bz,UP,200,690,,
2026-08-23T22:03:51.171659+00:00,LibGen,LibGen.bz,UP,200,789,,
2026-08-23T22:04:51.947920+00:00,LibGen,LibGen.bz,UP,200,740,,
2026-08-23T22:05:52.432862+00:00,LibGen,LibGen.bz,UP,200,495,,
2026-08-23T22:06:53.028490+00:00,LibGen,LibGen.bz,UP,200,679,,
2026-08-23T22:07:53.607997+00:00,LibGen,LibGen.bz,UP,200,787,,
2026-08-23T22:08:54.523274+00:00,LibGen,LibGen.bz,UP,200,721,,
2026-08-23T22:09:56.714839+00:00,LibGen,LibGen.bz,UP,200,824,,
2026-08-23T22:10:56.006396+00:00,LibGen,LibGen.bz,UP,200,714,,
2026-08-23T22:11:58.508614+00:00,LibGen,LibGen.bz,UP,200,782,,
2026-08-23T22:12:58.070996+00:00,LibGen,LibGen.bz,UP,200,800,,
2026-08-23T22:14:18.472053+00:00,LibGen,LibGen.bz,DOWN,,,connection_refused,
2026-08-23T22:14:59.377800+00:00,LibGen,LibGen.bz,UP,200,696,,
2026-08-23T22:15:59.049590+00:00,LibGen,LibGen.bz,UP,200,731,,
2026-08-23T22:17:00.151909+00:00,LibGen,LibGen.bz,UP,200,1077,,
2026-08-23T22:17:59.475623+00:00,LibGen,LibGen.bz,UP,200,241,,
2026-08-23T22:18:59.923422+00:00,LibGen,LibGen.bz,UP,200,662,,
2026-08-23T22:20:01.732953+00:00,LibGen,LibGen.bz,UP,200,1476,,
