timestamp,site_id,domain_id,domain_status,http_status,latency_ms,failure_type,protection_type
2026-09-30T01:22:56.222246+00:00,AcademicPapers,AcademicPapers.scinet,PROTECTED,200,313,,DDoS-Guard
2026-09-30T01:23:56.447917+00:00,AcademicPapers,AcademicPapers.scinet,PROTECTED,200,319,,DDoS-Guard
2026-09-30T01:24:57.037029+00:00,AcademicPapers,AcademicPapers.scinet,PROTECTED,200,838,,DDoS-Guard
2026-09-30T01:25:56.893062+00:00,AcademicPapers,AcademicPapers.scinet,PROTECTED,200,323,,DDoS-Guard
2026-09-30T01:26:58.105892+00:00,AcademicPapers,AcademicPapers.scinet,PROTECTED,200,763,,DDoS-Guard
2026-09-30T01:27:57.954144+00:00,AcademicPapers,AcademicPapers.scinet,PROTECTED,200,344,,DDoS-Guard
2026-09-30T01:28:58.556402+00:00,AcademicPapers,AcademicPapers.scinet,PROTECTED,200,696,,DDoS-Guard
2026-09-30T01:29:59.216631+00:00,AcademicPapers,AcademicPapers.scinet,PROTECTED,200,798,,DDoS-Guard
2026-09-30T01:30:59.910683+00:00,AcademicPapers,AcademicPapers.scinet,PROTECTED,200,863,,DDoS-Guard
2026-09-30T01:32:00.159554+00:00,AcademicPapers,AcademicPapers.scinet,PROTECTED,200,569,,DDoS-Guard
2026-09-30T01:33:01.053771+00:00,AcademicPapers,AcademicPapers.scinet,PROTECTED,200,824,,DDoS-Guard
2026-09-30T01:34:01.232256+00:00,AcademicPapers,AcademicPapers.scinet,PROTECTED,200,303,,DDoS-Guard
2026-09-30T01:35:01.926419+00:00,AcademicPapers,AcademicPapers.scinet,PROTECTED,200,568,,DDoS-Guard
2026-09-30T01:36:01.638962+00:00,AcademicPapers,AcademicPapers.scinet,PROTECTED,200,310,,DDoS-Guard
2026-09-30T01:37:02.476686+00:00,AcademicPapers,AcademicPapers.scinet,PROTECTED,200,335,,DDoS-Guard
2026-09-30T01:38:02.740723+00:00,AcademicPapers,AcademicPapers.scinet,PROTECTED,200,310,,DDoS-Guard
2026-09-30T01:39:02.763861+00:00,AcademicPapers,AcademicPapers.scinet,DOWN,,,connection_refused,
2026-09-30T01:40:03.437831+00:00,AcademicPapers,AcademicPapers.scinet,PROTECTED,200,366,,DDoS-Guard
2026-09-30T01:41:03.221622+00:00,AcademicPapers,AcademicPapers.scinet,PROTECTED,200,319,,DDoS-Guard
2026-09-30T01:42:03.718083+00:00,AcademicPapers,AcademicPapers.scinet,PROTECTED,200,696,,DDoS-Guard
2026-09-30T01:43:03.916741+00:00,AcademicPapers,AcademicPapers.scinet,PROTECTED,200,358,,DDoS-Guard
2026-09-30T01:44:04.218720+00:00,AcademicPapers,AcademicPapers.scinet,PROTECTED,200,343,,DDoS-Guard
2026-09-30T01:45:04.398510+00:00,AcademicPapers,AcademicPapers.scinet,PROTECTED,200,466,,DDoS-Guard
2026-09-30T01:46:04.779825+00:00,AcademicPapers,AcademicPapers.scinet,PROTECTED,200,582,,DDoS-Guard
2026-09-30T01:47:05.033938+00:00,AcademicPapers,AcademicPapers.scinet,PROTECTED,200,791,,DDoS-Guard
2026-09-30T01:48:04.924227+00:00,AcademicPapers,AcademicPapers.scinet,PROTECTED,200,399,,DDoS-Guard
2026-09-30T01:49:06.102735+00:00,AcademicPapers,AcademicPapers.scinet,PROTECTED,200,693,,DDoS-Guard
2026-09-30T01:50:06.102198+00:00,AcademicPapers,AcademicPapers.scinet,PROTECTED,200,173,,DDoS-Guard
2026-09-30T01:51:06.666983+00:00,AcademicPapers,AcademicPapers.scinet,PROTECTED,200,530,,DDoS-Guard
2026-09-30T01:52:06.520497+00:00,AcademicPapers,AcademicPapers.scinet,PROTECTED,200,351,,DDoS-Guard
2026-09-30T01:53:07.387665+00:00,AcademicPapers,AcademicPapers.scinet,PROTECTED,200,391,,DDoS-Guard
2026-09-30T01:54:07.450666+00:00,AcademicPapers,AcademicPapers.scinet,PROTECTED,200,561,,DDoS-Guard
2026-09-30T01:55:08.350418+00:00,AcademicPapers,AcademicPapers.scinet,PROTECTED,200,797,,DDoS-Guard
2026-09-30T01:56:08.925144+00:00,AcademicPapers,AcademicPapers.scinet,PROTECTED,200,851,,DDoS-Guard
2026-09-30T01:57:08.241434+00:00,AcademicPapers,AcademicPapers.scinet,PROTECTED,200,182,,DDoS-Guard
2026-09-30T01:58:09.050650+00:00,AcademicPapers,AcademicPapers.scinet,PROTECTED,200,443,,DDoS-Guard
2026-09-30T01:59:09.802892+00:00,AcademicPapers,AcademicPapers.scinet,PROTECTED,200,721,,DDoS-Guard
2026-09-30T02:00:09.206749+00:00,AcademicPapers,AcademicPapers.scinet,PROTECTED,200,185,,DDoS-Guard
2026-09-30T02:01:10.450717+00:00,AcademicPapers,AcademicPapers.scinet,PROTECTED,200,798,,DDoS-Guard
2026-09-30T02:02:10.655600+00:00,AcademicPapers,AcademicPapers.scinet,PROTECTED,200,679,,DDoS-Guard
2026-09-30T02:03:10.710436+00:00,AcademicPapers,AcademicPapers.scinet,PROTECTED,200,527,,DDoS-Guard
2026-09-30T02:04:11.187220+00:00,AcademicPapers,AcademicPapers.scinet,PROTECTED,200,314,,DDoS-Guard
2026-09-30T02:05:11.255398+00:00,AcademicPapers,AcademicPapers.scinet,PROTECTED,200,200,,DDoS-Guard
2026-09-30T02:06:12.615524+00:00,AcademicPapers,AcademicPapers.scinet,PROTECTED,200,805,,DDoS-Guard
2026-09-30T02:07:13.138322+00:00,AcademicPapers,AcademicPapers.scinet,PROTECTED,200,728,,DDoS-Guard
2026-09-30T02:08:13.745584+00:00,AcademicPapers,AcademicPapers.scinet,PROTECTED,200,794,,DDoS-Guard
2026-09-30T02:09:13.507846+00:00,AcademicPapers,AcademicPapers.scinet,PROTECTED,200,424,,DDoS-Guard
2026-09-30T02:10:14.647005+00:00,AcademicPapers,AcademicPapers.scinet,PROTECTED,200,836,,DDoS-Guard
2026-09-30T02:11:14.857592+00:00,AcademicPapers,AcademicPapers.scinet,PROTECTED,200,702,,DDoS-Guard
2026-09-30T02:12:14.626223+00:00,AcademicPapers,AcademicPapers.scinet,PROTECTED,200,391,,DDoS-Guard
2026-09-30T02:13:15.079723+00:00,AcademicPapers,AcademicPapers.scinet,PROTECTED,200,322,,DDoS-Guard
2026-09-30T02:14:15.753014+00:00,AcademicPapers,AcademicPapers.scinet,PROTECTED,200,686,,DDoS-Guard
2026-09-30T02:15:15.666010+00:00,AcademicPapers,AcademicPapers.scinet,PROTECTED,200,308,,DDoS-Guard
2026-09-30T02:16:16.331673+00:00,AcademicPapers,AcademicPapers.scinet,PROTECTED,200,780,,DDoS-Guard
2026-09-30T02:17:17.338806+00:00,AcademicPapers,AcademicPapers.scinet,PROTECTED,200,838,,DDoS-Guard
2026-09-30T02:18:17.006666+00:00,AcademicPapers,AcademicPapers.scinet,PROTECTED,200,304,,DDoS-Guard
2026-09-30T02:19:17.615964+00:00,AcademicPapers,AcademicPapers.scinet,PROTECTED,200,748,,DDoS-Guard
2026-09-30T02:20:18.055998+00:00,AcademicPapers,AcademicPapers.scinet,PROTECTED,200,471,,DDoS-Guard
2026-09-30T02:21:18.231897+00:00,AcademicPapers,AcademicPapers.scinet,PROTECTED,200,307,,DDoS-Guard
2026-09-30T02:22:18.754385+00:00,AcademicPapers,AcademicPapers.scinet,PROTECTED,200,692,,DDoS-Guard
2026-09-30T02:23:18.550184+00:00,AcademicPapers,AcademicPapers.scinet,PROTECTED,200,389,,DDoS-Guard
2026-09-30T02:24:18.835962+00:00,AcademicPapers,AcademicPapers.scinet,PROTECTED,200,390,,DDoS-Guard
2026-09-30T02:25:20.004592+00:00,AcademicPapers,AcademicPapers.scinet,PROTECTED,200,840,,DDoS-Guard
2026-09-30T02:26:19.652951+00:00,AcademicPapers,AcademicPapers.scinet,PROTECTED,200,181,,DDoS-Guard
2026-09-30T02:27:20.416114+00:00,AcademicPapers,AcademicPapers.scinet,PROTECTED,200,989,,DDoS-Guard
2026-09-30T02:28:20.841581+00:00,AcademicPapers,AcademicPapers.scinet,PROTECTED,200,383,,DDoS-Guard
2026-09-30T02:29:21.494382+00:00,AcademicPapers,AcademicPapers.scinet,PROTECTED,200,705,,DDoS-Guard
2026-09-30T02:30:21.927731+00:00,AcademicPapers,AcademicPapers.scinet,PROTECTED,200,807,,DDoS-Guard
2026-09-30T02:31:21.724725+00:00,AcademicPapers,AcademicPapers.scinet,PROTECTED,200,331,,DDoS-Guard
2026-09-30T02:32:21.995756+00:00,AcademicPapers,AcademicPapers.scinet,PROTECTED,200,334,,DDoS-Guard
2026-09-30T02:33:23.758396+00:00,AcademicPapers,AcademicPapers.scinet,PROTECTED,200,1516,,DDoS-Guard
2026-09-30T02:34:23.836720+00:00,AcademicPapers,AcademicPapers.scinet,PROTECTED,200,745,,DDoS-Guard
2026-09-30T02:35:24.444202+00:00,AcademicPapers,AcademicPapers.scinet,PROTECTED,200,819,,DDoS-Guard
2026-09-30T02:36:24.141404+00:00,AcademicPapers,AcademicPapers.scinet,PROTECTED,200,497,,DDoS-Guard
2026-09-30T02:37:25.013709+00:00,AcademicPapers,AcademicPapers.scinet,PROTECTED,200,382,,DDoS-Guard
2026-09-30T02:38:25.903721+00:00,AcademicPapers,AcademicPapers.scinet,PROTECTED,200,773,,DDoS-Guard
2026-09-30T02:39:25.240845+00:00,AcademicPapers,AcademicPapers.scinet,PROTECTED,200,182,,DDoS-Guard
2026-09-30T02:40:26.256004+00:00,AcademicPapers,AcademicPapers.scinet,PROTECTED,200,746,,DDoS-Guard
2026-09-30T02:41:26.559054+00:00,AcademicPapers,AcademicPapers.scinet,PROTECTED,200,429,,DDoS-Guard
2026-09-30T02:42:26.705765+00:00,AcademicPapers,AcademicPapers.scinet,PROTECTED,200,310,,DDoS-Guard
2026-09-30T02:43:27.491750+00:00,AcademicPapers,AcademicPapers.scinet,PROTECTED,200,778,,DDoS-Guard
2026-09-30T02:44:27.964550+00:00,AcademicPapers,AcademicPapers.scinet,PROTECTED,200,922,,DDoS-Guard
2026-09-30T02:45:27.991598+00:00,AcademicPapers,AcademicPapers.scinet,PROTECTED,200,309,,DDoS-Guard
2026-09-30T02:46:28.956651+00:00,AcademicPapers,AcademicPapers.scinet,PROTECTED,200,710,,DDoS-Guard
2026-09-30T02:47:29.115881+00:00,AcademicPapers,AcademicPapers.scinet,PROTECTED,200,407,,DDoS-Guard
2026-09-30T02:48:29.724205+00:00,AcademicPapers,AcademicPapers.scinet,PROTECTED,200,732,,DDoS-Guard
2026-09-30T02:49:30.431666+00:00,AcademicPapers,AcademicPapers.scinet,PROTECTED,200,792,,DDoS-Guard
2026-09-30T02:50:30.415782+00:00,AcademicPapers,AcademicPapers.scinet,PROTECTED,200,719,,DDoS-Guard
2026-09-30T02:51:30.922581+00:00,AcademicPapers,AcademicPapers.scinet,PROTECTED,200,434,,DDoS-Guard
2026-09-30T02:52:30.633568+00:00,AcademicPapers,AcademicPapers.scinet,PROTECTED,200,176,,DDoS-Guard
2026-09-30T02:53:31.253416+00:00,AcademicPapers,AcademicPapers.scinet,PROTECTED,200,415,,DDoS-Guard
2026-09-30T02:54:31.538568+00:00,AcademicPapers,AcademicPapers.scinet,PROTECTED,200,351,,DDoS-Guard
2026-09-30T02:55:32.462600+00:00,AcademicPapers,AcademicPapers.scinet,PROTECTED,200,787,,DDoS-Guard
2026-09-30T02:56:32.758688+00:00,AcademicPapers,AcademicPapers.scinet,PROTECTED,200,778,,DDoS-Guard
2026-09-30T02:57:32.915585+00:00,AcademicPapers,AcademicPapers.scinet,PROTECTED,200,906,,DDoS-Guard
2026-09-30T02:58:33.310792+00:00,AcademicPapers,AcademicPapers.scinet,PROTECTED,200,810,,DDoS-Guard
2026-09-30T02:59:34.075748+00:00,AcademicPapers,AcademicPapers.scinet,PROTECTED,200,769,,DDoS-Guard
2026-09-30T03:00:34.425892+00:00,AcademicPapers,AcademicPapers.scinet,PROTECTED,200,411,,DDoS-Guard
2026-09-30T03:01:35.097457+00:00,AcademicPapers,AcademicPapers.scinet,PROTECTED,200,766,,DDoS-Guard
2026-09-30T03:02:35.956924+00:00,AcademicPapers,AcademicPapers.scinet,PROTECTED,200,802,,DDoS-Guard
2026-09-30T03:03:36.090018+00:00,AcademicPapers,AcademicPapers.scinet,PROTECTED,200,716,,DDoS-Guard
2026-09-30T03:04:35.874718+00:00,AcademicPapers,AcademicPapers.scinet,PROTECTED,200,364,,DDoS-Guard
2026-09-30T03:05:36.455290+00:00,AcademicPapers,AcademicPapers.scinet,PROTECTED,200,387,,DDoS-Guard
2026-09-30T03:06:37.132165+00:00,AcademicPapers,AcademicPapers.scinet,PROTECTED,200,378,,DDoS-Guard
2026-09-30T03:07:37.725049+00:00,AcademicPapers,AcademicPapers.scinet,PROTECTED,200,783,,DDoS-Guard
2026-09-30T03:08:38.103715+00:00,AcademicPapers,AcademicPapers.scinet,PROTECTED,200,316,,DDoS-Guard
2026-09-30T03:09:38.357378+00:00,AcademicPapers,AcademicPapers.scinet,PROTECTED,200,579,,DDoS-Guard
2026-09-30T03:10:39.148254+00:00,AcademicPapers,AcademicPapers.scinet,PROTECTED,200,383,,DDoS-Guard
2026-09-30T03:11:39.754217+00:00,AcademicPapers,AcademicPapers.scinet,PROTECTED,200,757,,DDoS-Guard
2026-09-30T03:12:40.305193+00:00,AcademicPapers,AcademicPapers.scinet,PROTECTED,200,773,,DDoS-Guard
2026-09-30T03:13:40.775078+00:00,AcademicPapers,AcademicPapers.scinet,PROTECTED,200,704,,DDoS-Guard
2026-09-30T03:14:40.964477+00:00,AcademicPapers,AcademicPapers.scinet,PROTECTED,200,726,,DDoS-Guard
2026-09-30T03:15:41.215870+00:00,AcademicPapers,AcademicPapers.scinet,PROTECTED,200,405,,DDoS-Guard
2026-09-30T03:16:41.834804+00:00,AcademicPapers,AcademicPapers.scinet,PROTECTED,200,750,,DDoS-Guard
2026-09-30T03:17:41.945611+00:00,AcademicPapers,AcademicPapers.scinet,PROTECTED,200,305,,DDoS-Guard
2026-09-30T03:18:42.702580+00:00,AcademicPapers,AcademicPapers.scinet,PROTECTED,200,780,,DDoS-Guard
2026-09-30T03:19:43.375222+00:00,AcademicPapers,AcademicPapers.scinet,PROTECTED,200,799,,DDoS-Guard
2026-09-30T03:20:44.029644+00:00,AcademicPapers,AcademicPapers.scinet,PROTECTED,200,964,,DDoS-Guard
2026-09-30T03:21:43.915193+00:00,AcademicPapers,AcademicPapers.scinet,PROTECTED,200,403,,DDoS-Guard
2026-09-30T03:22:44.704750+00:00,AcademicPapers,AcademicPapers.scinet,PROTECTED,200,390,,DDoS-Guard
2026-09-30T03:23:45.350051+00:00,AcademicPapers,AcademicPapers.scinet,PROTECTED,200,728,,DDoS-Guard
2026-09-30T03:24:45.710921+00:00,AcademicPapers,AcademicPapers.scinet,PROTECTED,200,789,,DDoS-Guard
2026-09-30T03:25:46.442161+00:00,AcademicPapers,AcademicPapers.scinet,PROTECTED,200,717,,DDoS-Guard
2026-09-30T03:26:46.800865+00:00,AcademicPapers,AcademicPapers.scinet,PROTECTED,200,788,,DDoS-Guard
2026-09-30T03:27:46.994644+00:00,AcademicPapers,AcademicPapers.scinet,PROTECTED,200,798,,DDoS-Guard
2026-09-30T03:28:46.781794+00:00,AcademicPapers,AcademicPapers.scinet,PROTECTED,200,314,,DDoS-Guard
2026-09-30T03:29:47.541133+00:00,AcademicPapers,AcademicPapers.scinet,PROTECTED,200,378,,DDoS-Guard
2026-09-30T03:30:48.200911+00:00,AcademicPapers,AcademicPapers.scinet,PROTECTED,200,734,,DDoS-Guard
2026-09-30T03:31:48.729402+00:00,AcademicPapers,AcademicPapers.scinet,PROTECTED,200,945,,DDoS-Guard
2026-09-30T03:32:48.817326+00:00,AcademicPapers,AcademicPapers.scinet,PROTECTED,200,300,,DDoS-Guard
2026-09-30T03:33:49.613452+00:00,AcademicPapers,AcademicPapers.scinet,PROTECTED,200,702,,DDoS-Guard
2026-09-30T03:34:49.805638+00:00,AcademicPapers,AcademicPapers.scinet,PROTECTED,200,787,,DDoS-Guard
2026-09-30T03:35:49.558235+00:00,AcademicPapers,AcademicPapers.scinet,PROTECTED,200,381,,DDoS-Guard
2026-09-30T03:36:49.521881+00:00,AcademicPapers,AcademicPapers.scinet,PROTECTED,200,176,,DDoS-Guard
2026-09-30T03:37:50.384083+00:00,AcademicPapers,AcademicPapers.scinet,PROTECTED,200,306,,DDoS-Guard
2026-09-30T03:38:50.711688+00:00,AcademicPapers,AcademicPapers.scinet,PROTECTED,200,366,,DDoS-Guard
2026-09-30T03:39:50.801674+00:00,AcademicPapers,AcademicPapers.scinet,PROTECTED,200,329,,DDoS-Guard
2026-09-30T03:40:51.653780+00:00,AcademicPapers,AcademicPapers.scinet,PROTECTED,200,727,,DDoS-Guard
2026-09-30T03:41:51.974324+00:00,AcademicPapers,AcademicPapers.scinet,PROTECTED,200,410,,DDoS-Guard
2026-09-30T03:42:52.363741+00:00,AcademicPapers,AcademicPapers.scinet,PROTECTED,200,392,,DDoS-Guard
2026-09-30T03:43:52.663897+00:00,AcademicPapers,AcademicPapers.scinet,PROTECTED,200,509,,DDoS-Guard
2026-09-30T03:44:53.343513+00:00,AcademicPapers,AcademicPapers.scinet,PROTECTED,200,698,,DDoS-Guard
2026-09-30T03:45:52.926746+00:00,AcademicPapers,AcademicPapers.scinet,PROTECTED,200,320,,DDoS-Guard
2026-09-30T03:46:53.238063+00:00,AcademicPapers,AcademicPapers.scinet,PROTECTED,200,432,,DDoS-Guard
2026-09-30T03:47:54.214362+00:00,AcademicPapers,AcademicPapers.scinet,PROTECTED,200,916,,DDoS-Guard
2026-09-30T03:48:54.563138+00:00,AcademicPapers,AcademicPapers.scinet,PROTECTED,200,572,,DDoS-Guard
2026-09-30T03:49:54.750617+00:00,AcademicPapers,AcademicPapers.scinet,PROTECTED,200,414,,DDoS-Guard
2026-09-30T03:50:54.917463+00:00,AcademicPapers,AcademicPapers.scinet,PROTECTED,200,411,,DDoS-Guard
2026-09-30T03:51:55.460940+00:00,AcademicPapers,AcademicPapers.scinet,PROTECTED,200,709,,DDoS-Guard
2026-09-30T03:52:55.177610+00:00,AcademicPapers,AcademicPapers.scinet,PROTECTED,200,577,,DDoS-Guard
2026-09-30T03:53:56.231629+00:00,AcademicPapers,AcademicPapers.scinet,PROTECTED,200,778,,DDoS-Guard
2026-09-30T03:54:56.101042+00:00,AcademicPapers,AcademicPapers.scinet,PROTECTED,200,403,,DDoS-Guard
2026-09-30T03:55:56.367769+00:00,AcademicPapers,AcademicPapers.scinet,PROTECTED,200,402,,DDoS-Guard
2026-09-30T03:56:57.422891+00:00,AcademicPapers,AcademicPapers.scinet,PROTECTED,200,794,,DDoS-Guard
2026-09-30T03:57:57.397787+00:00,AcademicPapers,AcademicPapers.scinet,PROTECTED,200,306,,DDoS-Guard
2026-09-30T03:58:57.992527+00:00,AcademicPapers,AcademicPapers.scinet,PROTECTED,200,407,,DDoS-Guard
2026-09-30T03:59:58.337178+00:00,AcademicPapers,AcademicPapers.scinet,PROTECTED,200,336,,DDoS-Guard
2026-09-30T04:00:58.888144+00:00,AcademicPapers,AcademicPapers.scinet,PROTECTED,200,388,,DDoS-Guard
2026-09-30T04:01:59.995331+00:00,AcademicPapers,AcademicPapers.scinet,PROTECTED,200,697,,DDoS-Guard
2026-09-30T04:03:00.732207+00:00,AcademicPapers,AcademicPapers.scinet,PROTECTED,200,846,,DDoS-Guard
2026-09-30T04:04:01.237823+00:00,AcademicPapers,AcademicPapers.scinet,PROTECTED,200,730,,DDoS-Guard
2026-09-30T04:05:01.257274+00:00,AcademicPapers,AcademicPapers.scinet,PROTECTED,200,473,,DDoS-Guard
2026-09-30T04:06:01.899295+00:00,AcademicPapers,AcademicPapers.scinet,PROTECTED,200,401,,DDoS-Guard
2026-09-30T04:07:02.699863+00:00,AcademicPapers,AcademicPapers.scinet,PROTECTED,200,521,,DDoS-Guard
2026-09-30T04:08:03.142739+00:00,AcademicPapers,AcademicPapers.scinet,PROTECTED,200,1011,,DDoS-Guard
2026-09-30T04:09:03.509809+00:00,AcademicPapers,AcademicPapers.scinet,PROTECTED,200,702,,DDoS-Guard
2026-09-30T04:10:04.511649+00:00,AcademicPapers,AcademicPapers.scinet,PROTECTED,200,941,,DDoS-Guard
2026-09-30T04:11:05.265272+00:00,AcademicPapers,AcademicPapers.scinet,PROTECTED,200,836,,DDoS-Guard
2026-09-30T04:12:04.949574+00:00,AcademicPapers,AcademicPapers.scinet,PROTECTED,200,401,,DDoS-Guard
2026-09-30T04:13:06.103080+00:00,AcademicPapers,AcademicPapers.scinet,PROTECTED,200,818,,DDoS-Guard
2026-09-30T04:14:11.974599+00:00,AcademicPapers,AcademicPapers.scinet,PROTECTED,200,6270,,DDoS-Guard
2026-09-30T04:15:26.046850+00:00,AcademicPapers,AcademicPapers.scinet,TIMEOUT,,,timeout,
2026-09-30T04:16:09.480494+00:00,AcademicPapers,AcademicPapers.scinet,PROTECTED,200,2686,,DDoS-Guard
2026-09-30T04:17:07.247650+00:00,AcademicPapers,AcademicPapers.scinet,PROTECTED,200,738,,DDoS-Guard
2026-09-30T04:18:07.256607+00:00,AcademicPapers,AcademicPapers.scinet,PROTECTED,200,396,,DDoS-Guard
2026-09-30T04:19:07.956961+00:00,AcademicPapers,AcademicPapers.scinet,PROTECTED,200,402,,DDoS-Guard
2026-09-30T04:20:08.544913+00:00,AcademicPapers,AcademicPapers.scinet,PROTECTED,200,807,,DDoS-Guard
2026-09-30T04:21:08.761635+00:00,AcademicPapers,AcademicPapers.scinet,PROTECTED,200,561,,DDoS-Guard
2026-09-30T04:22:09.089823+00:00,AcademicPapers,AcademicPapers.scinet,PROTECTED,200,385,,DDoS-Guard
2026-09-30T04:23:08.789302+00:00,AcademicPapers,AcademicPapers.scinet,PROTECTED,200,176,,DDoS-Guard
2026-09-30T04:24:09.821007+00:00,AcademicPapers,AcademicPapers.scinet,PROTECTED,200,695,,DDoS-Guard
2026-09-30T04:25:09.718638+00:00,AcademicPapers,AcademicPapers.scinet,PROTECTED,200,380,,DDoS-Guard
2026-09-30T04:26:10.267818+00:00,AcademicPapers,AcademicPapers.scinet,PROTECTED,200,684,,DDoS-Guard
2026-09-30T04:27:11.106776+00:00,AcademicPapers,AcademicPapers.scinet,PROTECTED,200,783,,DDoS-Guard
2026-09-30T04:28:10.923905+00:00,AcademicPapers,AcademicPapers.scinet,PROTECTED,200,374,,DDoS-Guard
2026-09-30T04:29:11.076430+00:00,AcademicPapers,AcademicPapers.scinet,PROTECTED,200,318,,DDoS-Guard
2026-09-30T04:30:11.930159+00:00,AcademicPapers,AcademicPapers.scinet,PROTECTED,200,334,,DDoS-Guard
2026-09-30T04:31:12.456397+00:00,AcademicPapers,AcademicPapers.scinet,PROTECTED,200,648,,DDoS-Guard
2026-09-30T04:32:13.092557+00:00,AcademicPapers,AcademicPapers.scinet,PROTECTED,200,912,,DDoS-Guard
2026-09-30T04:33:13.039363+00:00,AcademicPapers,AcademicPapers.scinet,PROTECTED,200,336,,DDoS-Guard
2026-09-30T04:34:13.698891+00:00,AcademicPapers,AcademicPapers.scinet,PROTECTED,200,429,,DDoS-Guard
2026-09-30T04:35:14.675971+00:00,AcademicPapers,AcademicPapers.scinet,PROTECTED,200,914,,DDoS-Guard
2026-09-30T04:36:14.374723+00:00,AcademicPapers,AcademicPapers.scinet,PROTECTED,200,440,,DDoS-Guard
2026-09-30T04:37:14.628764+00:00,AcademicPapers,AcademicPapers.scinet,PROTECTED,200,425,,DDoS-Guard
2026-09-30T04:38:15.604069+00:00,AcademicPapers,AcademicPapers.scinet,PROTECTED,200,781,,DDoS-Guard
2026-09-30T04:39:15.390551+00:00,AcademicPapers,AcademicPapers.scinet,PROTECTED,200,325,,DDoS-Guard
2026-09-30T04:40:16.416160+00:00,AcademicPapers,AcademicPapers.scinet,PROTECTED,200,806,,DDoS-Guard
2026-09-30T04:41:15.781011+00:00,AcademicPapers,AcademicPapers.scinet,PROTECTED,200,308,,DDoS-Guard
2026-09-30T04:42:16.428491+00:00,AcademicPapers,AcademicPapers.scinet,PROTECTED,200,364,,DDoS-Guard
2026-09-30T04:43:16.710798+00:00,AcademicPapers,AcademicPapers.scinet,PROTECTED,200,410,,DDoS-Guard
2026-09-30T04:44:16.829658+00:00,AcademicPapers,AcademicPapers.scinet,PROTECTED,200,346,,DDoS-Guard
2026-09-30T04:45:17.203264+00:00,AcademicPapers,AcademicPapers.scinet,PROTECTED,200,325,,DDoS-Guard
2026-09-30T04:46:17.776655+00:00,AcademicPapers,AcademicPapers.scinet,PROTECTED,200,399,,DDoS-Guard
2026-09-30T04:47:18.124102+00:00,AcademicPapers,AcademicPapers.scinet,PROTECTED,200,400,,DDoS-Guard
2026-09-30T04:48:18.209154+00:00,AcademicPapers,AcademicPapers.scinet,PROTECTED,200,324,,DDoS-Guard
2026-09-30T04:49:18.492529+00:00,AcademicPapers,AcademicPapers.scinet,PROTECTED,200,312,,DDoS-Guard
2026-09-30T04:50:19.092876+00:00,AcademicPapers,AcademicPapers.scinet,PROTECTED,200,414,,DDoS-Guard
2026-09-30T04:51:19.278125+00:00,AcademicPapers,AcademicPapers.scinet,PROTECTED,200,301,,DDoS-Guard
2026-09-30T04:52:19.866726+00:00,AcademicPapers,AcademicPapers.scinet,PROTECTED,200,740,,DDoS-Guard
2026-09-30T04:53:19.574663+00:00,AcademicPapers,AcademicPapers.scinet,PROTECTED,200,592,,DDoS-Guard
2026-09-30T04:54:20.413628+00:00,AcademicPapers,AcademicPapers.scinet,PROTECTED,200,782,,DDoS-Guard
2026-09-30T04:55:20.780642+00:00,AcademicPapers,AcademicPapers.scinet,PROTECTED,200,759,,DDoS-Guard
2026-09-30T04:56:21.367600+00:00,AcademicPapers,AcademicPapers.scinet,PROTECTED,200,815,,DDoS-Guard
2026-09-30T04:57:21.454654+00:00,AcademicPapers,AcademicPapers.scinet,PROTECTED,200,790,,DDoS-Guard
2026-09-30T04:58:21.486203+00:00,AcademicPapers,AcademicPapers.scinet,PROTECTED,200,743,,DDoS-Guard
2026-09-30T04:59:21.900532+00:00,AcademicPapers,AcademicPapers.scinet,PROTECTED,200,305,,DDoS-Guard
2026-09-30T05:00:22.282378+00:00,AcademicPapers,AcademicPapers.scinet,PROTECTED,200,391,,DDoS-Guard
2026-09-30T05:01:22.933849+00:00,AcademicPapers,AcademicPapers.scinet,PROTECTED,200,389,,DDoS-Guard
2026-09-30T05:02:23.509957+00:00,AcademicPapers,AcademicPapers.scinet,PROTECTED,200,768,,DDoS-Guard
2026-09-30T05:03:24.191268+00:00,AcademicPapers,AcademicPapers.scinet,PROTECTED,200,844,,DDoS-Guard
2026-09-30T05:04:24.316715+00:00,AcademicPapers,AcademicPapers.scinet,PROTECTED,200,505,,DDoS-Guard
2026-09-30T05:05:24.396647+00:00,AcademicPapers,AcademicPapers.scinet,PROTECTED,200,380,,DDoS-Guard
2026-09-30T05:06:24.895588+00:00,AcademicPapers,AcademicPapers.scinet,PROTECTED,200,720,,DDoS-Guard
2026-09-30T05:07:25.406038+00:00,AcademicPapers,AcademicPapers.scinet,PROTECTED,200,341,,DDoS-Guard
2026-09-30T05:08:26.055752+00:00,AcademicPapers,AcademicPapers.scinet,PROTECTED,200,699,,DDoS-Guard
2026-09-30T05:09:26.335229+00:00,AcademicPapers,AcademicPapers.scinet,PROTECTED,200,783,,DDoS-Guard
2026-09-30T05:10:26.355259+00:00,AcademicPapers,AcademicPapers.scinet,PROTECTED,200,352,,DDoS-Guard
2026-09-30T05:11:27.385014+00:00,AcademicPapers,AcademicPapers.scinet,PROTECTED,200,772,,DDoS-Guard
2026-09-30T05:12:27.650054+00:00,AcademicPapers,AcademicPapers.scinet,PROTECTED,200,773,,DDoS-Guard
2026-09-30T05:13:27.426899+00:00,AcademicPapers,AcademicPapers.scinet,PROTECTED,200,379,,DDoS-Guard
2026-09-30T05:14:28.293330+00:00,AcademicPapers,AcademicPapers.scinet,PROTECTED,200,701,,DDoS-Guard
2026-09-30T05:15:28.843254+00:00,AcademicPapers,AcademicPapers.scinet,PROTECTED,200,732,,DDoS-Guard
2026-09-30T05:16:28.976959+00:00,AcademicPapers,AcademicPapers.scinet,PROTECTED,200,329,,DDoS-Guard
2026-09-30T05:17:30.031199+00:00,AcademicPapers,AcademicPapers.scinet,PROTECTED,200,845,,DDoS-Guard
2026-09-30T05:18:30.201310+00:00,AcademicPapers,AcademicPapers.scinet,PROTECTED,200,742,,DDoS-Guard
2026-09-30T05:19:30.425925+00:00,AcademicPapers,AcademicPapers.scinet,PROTECTED,200,447,,DDoS-Guard
2026-09-30T05:20:31.332157+00:00,AcademicPapers,AcademicPapers.scinet,PROTECTED,200,409,,DDoS-Guard
2026-09-30T05:21:31.956737+00:00,AcademicPapers,AcademicPapers.scinet,PROTECTED,200,711,,DDoS-Guard
2026-09-30T05:22:31.783749+00:00,AcademicPapers,AcademicPapers.scinet,PROTECTED,200,318,,DDoS-Guard
2026-09-30T05:23:32.567801+00:00,AcademicPapers,AcademicPapers.scinet,PROTECTED,200,699,,DDoS-Guard
2026-09-30T05:24:32.586671+00:00,AcademicPapers,AcademicPapers.scinet,PROTECTED,200,431,,DDoS-Guard
2026-09-30T05:25:32.801243+00:00,AcademicPapers,AcademicPapers.scinet,PROTECTED,200,314,,DDoS-Guard
2026-09-30T05:26:33.333150+00:00,AcademicPapers,AcademicPapers.scinet,PROTECTED,200,532,,DDoS-Guard
2026-09-30T05:27:34.236847+00:00,AcademicPapers,AcademicPapers.scinet,PROTECTED,200,822,,DDoS-Guard
2026-09-30T05:28:33.990805+00:00,AcademicPapers,AcademicPapers.scinet,PROTECTED,200,391,,DDoS-Guard
2026-09-30T05:29:33.653240+00:00,AcademicPapers,AcademicPapers.scinet,PROTECTED,200,205,,DDoS-Guard
2026-09-30T05:30:35.149719+00:00,AcademicPapers,AcademicPapers.scinet,PROTECTED,200,819,,DDoS-Guard
2026-09-30T05:31:35.346886+00:00,AcademicPapers,AcademicPapers.scinet,PROTECTED,200,957,,DDoS-Guard
2026-09-30T05:32:35.825235+00:00,AcademicPapers,AcademicPapers.scinet,PROTECTED,200,781,,DDoS-Guard
2026-09-30T05:33:36.153983+00:00,AcademicPapers,AcademicPapers.scinet,PROTECTED,200,709,,DDoS-Guard
2026-09-30T05:34:36.493917+00:00,AcademicPapers,AcademicPapers.scinet,PROTECTED,200,693,,DDoS-Guard
2026-09-30T05:35:35.953206+00:00,AcademicPapers,AcademicPapers.scinet,PROTECTED,200,185,,DDoS-Guard
2026-09-30T05:36:37.632910+00:00,AcademicPapers,AcademicPapers.scinet,PROTECTED,200,840,,DDoS-Guard
2026-09-30T05:37:37.493771+00:00,AcademicPapers,AcademicPapers.scinet,PROTECTED,200,313,,DDoS-Guard
2026-09-30T05:38:37.926211+00:00,AcademicPapers,AcademicPapers.scinet,PROTECTED,200,485,,DDoS-Guard
2026-09-30T05:39:38.003965+00:00,AcademicPapers,AcademicPapers.scinet,PROTECTED,200,313,,DDoS-Guard
2026-09-30T05:40:38.669340+00:00,AcademicPapers,AcademicPapers.scinet,PROTECTED,200,750,,DDoS-Guard
2026-09-30T05:41:39.243855+00:00,AcademicPapers,AcademicPapers.scinet,PROTECTED,200,730,,DDoS-Guard
2026-09-30T05:42:39.703697+00:00,AcademicPapers,AcademicPapers.scinet,PROTECTED,200,710,,DDoS-Guard
2026-09-30T05:43:39.480696+00:00,AcademicPapers,AcademicPapers.scinet,PROTECTED,200,325,,DDoS-Guard
2026-09-30T05:44:40.103724+00:00,AcademicPapers,AcademicPapers.scinet,PROTECTED,200,335,,DDoS-Guard
2026-09-30T05:45:40.409536+00:00,AcademicPapers,AcademicPapers.scinet,PROTECTED,200,392,,DDoS-Guard
2026-09-30T05:46:41.175043+00:00,AcademicPapers,AcademicPapers.scinet,PROTECTED,200,829,,DDoS-Guard
2026-09-30T05:47:41.428424+00:00,AcademicPapers,AcademicPapers.scinet,PROTECTED,200,711,,DDoS-Guard
2026-09-30T05:48:41.770123+00:00,AcademicPapers,AcademicPapers.scinet,PROTECTED,200,718,,DDoS-Guard
2026-09-30T05:49:41.833350+00:00,AcademicPapers,AcademicPapers.scinet,PROTECTED,200,423,,DDoS-Guard
2026-09-30T05:50:42.452987+00:00,AcademicPapers,AcademicPapers.scinet,PROTECTED,200,383,,DDoS-Guard
2026-09-30T05:51:43.212024+00:00,AcademicPapers,AcademicPapers.scinet,PROTECTED,200,707,,DDoS-Guard
2026-09-30T05:52:43.093987+00:00,AcademicPapers,AcademicPapers.scinet,PROTECTED,200,390,,DDoS-Guard
2026-09-30T05:53:43.361887+00:00,AcademicPapers,AcademicPapers.scinet,PROTECTED,200,382,,DDoS-Guard
2026-09-30T05:54:44.480632+00:00,AcademicPapers,AcademicPapers.scinet,PROTECTED,200,998,,DDoS-Guard
2026-09-30T05:55:44.598919+00:00,AcademicPapers,AcademicPapers.scinet,PROTECTED,200,697,,DDoS-Guard
2026-09-30T05:56:44.421831+00:00,AcademicPapers,AcademicPapers.scinet,PROTECTED,200,327,,DDoS-Guard
2026-09-30T05:57:45.140572+00:00,AcademicPapers,AcademicPapers.scinet,PROTECTED,200,382,,DDoS-Guard
2026-09-30T05:58:45.690810+00:00,AcademicPapers,AcademicPapers.scinet,PROTECTED,200,810,,DDoS-Guard
2026-09-30T05:59:45.990692+00:00,AcademicPapers,AcademicPapers.scinet,PROTECTED,200,386,,DDoS-Guard
2026-09-30T06:00:46.689545+00:00,AcademicPapers,AcademicPapers.scinet,PROTECTED,200,414,,DDoS-Guard
2026-09-30T06:01:47.315151+00:00,AcademicPapers,AcademicPapers.scinet,PROTECTED,200,396,,DDoS-Guard
2026-09-30T06:02:47.202815+00:00,AcademicPapers,AcademicPapers.scinet,PROTECTED,200,314,,DDoS-Guard
2026-09-30T06:03:48.056710+00:00,AcademicPapers,AcademicPapers.scinet,PROTECTED,200,481,,DDoS-Guard
2026-09-30T06:04:48.634343+00:00,AcademicPapers,AcademicPapers.scinet,PROTECTED,200,389,,DDoS-Guard
2026-09-30T06:05:49.538684+00:00,AcademicPapers,AcademicPapers.scinet,PROTECTED,200,343,,DDoS-Guard
2026-09-30T06:06:49.846174+00:00,AcademicPapers,AcademicPapers.scinet,PROTECTED,200,393,,DDoS-Guard
2026-09-30T06:07:50.428190+00:00,AcademicPapers,AcademicPapers.scinet,PROTECTED,200,435,,DDoS-Guard
2026-09-30T06:08:50.672890+00:00,AcademicPapers,AcademicPapers.scinet,PROTECTED,200,396,,DDoS-Guard
2026-09-30T06:09:51.280696+00:00,AcademicPapers,AcademicPapers.scinet,PROTECTED,200,375,,DDoS-Guard
2026-09-30T06:10:52.270400+00:00,AcademicPapers,AcademicPapers.scinet,PROTECTED,200,907,,DDoS-Guard
2026-09-30T06:11:52.271580+00:00,AcademicPapers,AcademicPapers.scinet,PROTECTED,200,387,,DDoS-Guard
2026-09-30T06:12:52.693464+00:00,AcademicPapers,AcademicPapers.scinet,PROTECTED,200,345,,DDoS-Guard
2026-09-30T06:13:53.816414+00:00,AcademicPapers,AcademicPapers.scinet,PROTECTED,200,828,,DDoS-Guard
2026-09-30T06:14:54.468656+00:00,AcademicPapers,AcademicPapers.scinet,PROTECTED,200,796,,DDoS-Guard
2026-09-30T06:15:54.526466+00:00,AcademicPapers,AcademicPapers.scinet,PROTECTED,200,399,,DDoS-Guard
2026-09-30T06:16:54.720823+00:00,AcademicPapers,AcademicPapers.scinet,PROTECTED,200,583,,DDoS-Guard
2026-09-30T06:17:55.969684+00:00,AcademicPapers,AcademicPapers.scinet,PROTECTED,200,727,,DDoS-Guard
2026-09-30T06:18:56.709676+00:00,AcademicPapers,AcademicPapers.scinet,PROTECTED,200,475,,DDoS-Guard
2026-09-30T06:19:57.487704+00:00,AcademicPapers,AcademicPapers.scinet,PROTECTED,200,777,,DDoS-Guard
2026-09-30T06:20:57.487152+00:00,AcademicPapers,AcademicPapers.scinet,PROTECTED,200,414,,DDoS-Guard
2026-09-30T06:21:58.679141+00:00,AcademicPapers,AcademicPapers.scinet,PROTECTED,200,706,,DDoS-Guard
2026-09-30T06:22:58.051597+00:00,AcademicPapers,AcademicPapers.scinet,PROTECTED,200,568,,DDoS-Guard
2026-09-30T06:23:59.424266+00:00,AcademicPapers,AcademicPapers.scinet,PROTECTED,200,699,,DDoS-Guard
2026-09-30T06:25:00.060433+00:00,AcademicPapers,AcademicPapers.scinet,PROTECTED,200,368,,DDoS-Guard
2026-09-30T06:26:01.363551+00:00,AcademicPapers,AcademicPapers.scinet,PROTECTED,200,714,,DDoS-Guard
2026-09-30T06:27:02.286911+00:00,AcademicPapers,AcademicPapers.scinet,PROTECTED,200,864,,DDoS-Guard
2026-09-30T06:28:02.012761+00:00,AcademicPapers,AcademicPapers.scinet,PROTECTED,200,448,,DDoS-Guard
2026-09-30T06:29:03.193657+00:00,AcademicPapers,AcademicPapers.scinet,PROTECTED,200,766,,DDoS-Guard
2026-09-30T06:30:03.982728+00:00,AcademicPapers,AcademicPapers.scinet,PROTECTED,200,726,,DDoS-Guard
2026-09-30T06:31:03.661709+00:00,AcademicPapers,AcademicPapers.scinet,PROTECTED,200,402,,DDoS-Guard
2026-09-30T06:32:04.719517+00:00,AcademicPapers,AcademicPapers.scinet,PROTECTED,200,716,,DDoS-Guard
2026-09-30T06:33:04.626548+00:00,AcademicPapers,AcademicPapers.scinet,PROTECTED,200,308,,DDoS-Guard
2026-09-30T06:34:04.999535+00:00,AcademicPapers,AcademicPapers.scinet,PROTECTED,200,754,,DDoS-Guard
2026-09-30T06:35:05.752779+00:00,AcademicPapers,AcademicPapers.scinet,PROTECTED,200,436,,DDoS-Guard
2026-09-30T06:36:06.527908+00:00,AcademicPapers,AcademicPapers.scinet,PROTECTED,200,417,,DDoS-Guard
2026-09-30T06:37:07.264256+00:00,AcademicPapers,AcademicPapers.scinet,PROTECTED,200,390,,DDoS-Guard
2026-09-30T06:37:46.398400+00:00,AcademicPapers,AcademicPapers.scinet,PROTECTED,200,691,,DDoS-Guard
2026-09-30T06:38:46.560525+00:00,AcademicPapers,AcademicPapers.scinet,PROTECTED,200,787,,DDoS-Guard
2026-09-30T06:39:46.994385+00:00,AcademicPapers,AcademicPapers.scinet,PROTECTED,200,376,,DDoS-Guard
2026-09-30T06:40:47.850454+00:00,AcademicPapers,AcademicPapers.scinet,PROTECTED,200,303,,DDoS-Guard
2026-09-30T06:41:49.214601+00:00,AcademicPapers,AcademicPapers.scinet,PROTECTED,200,781,,DDoS-Guard
2026-09-30T06:42:49.710010+00:00,AcademicPapers,AcademicPapers.scinet,PROTECTED,200,377,,DDoS-Guard
2026-09-30T06:43:50.988186+00:00,AcademicPapers,AcademicPapers.scinet,PROTECTED,200,801,,DDoS-Guard
2026-09-30T06:44:51.454697+00:00,AcademicPapers,AcademicPapers.scinet,PROTECTED,200,369,,DDoS-Guard
2026-09-30T06:45:53.042201+00:00,AcademicPapers,AcademicPapers.scinet,PROTECTED,200,958,,DDoS-Guard
2026-09-30T06:46:53.350435+00:00,AcademicPapers,AcademicPapers.scinet,PROTECTED,200,344,,DDoS-Guard
2026-09-30T06:47:53.334829+00:00,AcademicPapers,AcademicPapers.scinet,PROTECTED,200,318,,DDoS-Guard
2026-09-30T06:48:54.248139+00:00,AcademicPapers,AcademicPapers.scinet,PROTECTED,200,311,,DDoS-Guard
2026-09-30T06:49:55.080160+00:00,AcademicPapers,AcademicPapers.scinet,PROTECTED,200,690,,DDoS-Guard
2026-09-30T06:50:56.159682+00:00,AcademicPapers,AcademicPapers.scinet,PROTECTED,200,773,,DDoS-Guard
2026-09-30T06:51:55.931540+00:00,AcademicPapers,AcademicPapers.scinet,PROTECTED,200,385,,DDoS-Guard
2026-09-30T06:52:56.829643+00:00,AcademicPapers,AcademicPapers.scinet,PROTECTED,200,386,,DDoS-Guard
2026-09-30T06:53:57.680618+00:00,AcademicPapers,AcademicPapers.scinet,PROTECTED,200,380,,DDoS-Guard
2026-09-30T06:54:58.801132+00:00,AcademicPapers,AcademicPapers.scinet,PROTECTED,200,692,,DDoS-Guard
2026-09-30T06:55:58.954522+00:00,AcademicPapers,AcademicPapers.scinet,PROTECTED,200,793,,DDoS-Guard
2026-09-30T06:56:58.785351+00:00,AcademicPapers,AcademicPapers.scinet,PROTECTED,200,177,,DDoS-Guard
2026-09-30T06:57:59.054955+00:00,AcademicPapers,AcademicPapers.scinet,PROTECTED,200,399,,DDoS-Guard
2026-09-30T06:58:58.959910+00:00,AcademicPapers,AcademicPapers.scinet,PROTECTED,200,593,,DDoS-Guard
2026-09-30T07:00:00.172386+00:00,AcademicPapers,AcademicPapers.scinet,PROTECTED,200,769,,DDoS-Guard
2026-09-30T07:01:01.021219+00:00,AcademicPapers,AcademicPapers.scinet,PROTECTED,200,886,,DDoS-Guard
2026-09-30T07:02:00.915673+00:00,AcademicPapers,AcademicPapers.scinet,PROTECTED,200,703,,DDoS-Guard
2026-09-30T07:03:01.545555+00:00,AcademicPapers,AcademicPapers.scinet,PROTECTED,200,382,,DDoS-Guard
2026-09-30T07:04:02.165920+00:00,AcademicPapers,AcademicPapers.scinet,PROTECTED,200,443,,DDoS-Guard
2026-09-30T07:05:03.296895+00:00,AcademicPapers,AcademicPapers.scinet,PROTECTED,200,469,,DDoS-Guard
2026-09-30T07:06:04.293825+00:00,AcademicPapers,AcademicPapers.scinet,PROTECTED,200,773,,DDoS-Guard
2026-09-30T07:07:05.238330+00:00,AcademicPapers,AcademicPapers.scinet,PROTECTED,200,800,,DDoS-Guard
2026-09-30T07:08:05.689560+00:00,AcademicPapers,AcademicPapers.scinet,PROTECTED,200,408,,DDoS-Guard
2026-09-30T07:09:06.431223+00:00,AcademicPapers,AcademicPapers.scinet,PROTECTED,200,385,,DDoS-Guard
2026-09-30T07:10:07.503242+00:00,AcademicPapers,AcademicPapers.scinet,PROTECTED,200,432,,DDoS-Guard
2026-09-30T07:11:07.442216+00:00,AcademicPapers,AcademicPapers.scinet,PROTECTED,200,305,,DDoS-Guard
2026-09-30T07:12:07.962172+00:00,AcademicPapers,AcademicPapers.scinet,PROTECTED,200,839,,DDoS-Guard
2026-09-30T07:13:08.317183+00:00,AcademicPapers,AcademicPapers.scinet,PROTECTED,200,918,,DDoS-Guard
2026-09-30T07:14:09.042726+00:00,AcademicPapers,AcademicPapers.scinet,PROTECTED,200,375,,DDoS-Guard
2026-09-30T07:15:10.190252+00:00,AcademicPapers,AcademicPapers.scinet,PROTECTED,200,834,,DDoS-Guard
2026-09-30T07:16:11.258991+00:00,AcademicPapers,AcademicPapers.scinet,PROTECTED,200,703,,DDoS-Guard
2026-09-30T07:17:10.861510+00:00,AcademicPapers,AcademicPapers.scinet,PROTECTED,200,296,,DDoS-Guard
2026-09-30T07:18:11.757623+00:00,AcademicPapers,AcademicPapers.scinet,PROTECTED,200,420,,DDoS-Guard
2026-09-30T07:19:13.153019+00:00,AcademicPapers,AcademicPapers.scinet,PROTECTED,200,883,,DDoS-Guard
2026-09-30T07:20:13.457846+00:00,AcademicPapers,AcademicPapers.scinet,PROTECTED,200,389,,DDoS-Guard
2026-09-30T07:21:14.784738+00:00,AcademicPapers,AcademicPapers.scinet,PROTECTED,200,778,,DDoS-Guard
2026-09-30T07:22:15.026974+00:00,AcademicPapers,AcademicPapers.scinet,PROTECTED,200,555,,DDoS-Guard
2026-09-30T07:23:15.659700+00:00,AcademicPapers,AcademicPapers.scinet,PROTECTED,200,340,,DDoS-Guard
2026-09-30T07:24:16.938892+00:00,AcademicPapers,AcademicPapers.scinet,PROTECTED,200,776,,DDoS-Guard
2026-09-30T07:25:17.032633+00:00,AcademicPapers,AcademicPapers.scinet,PROTECTED,200,760,,DDoS-Guard
2026-09-30T07:26:18.034050+00:00,AcademicPapers,AcademicPapers.scinet,PROTECTED,200,714,,DDoS-Guard
2026-09-30T07:27:19.019389+00:00,AcademicPapers,AcademicPapers.scinet,PROTECTED,200,780,,DDoS-Guard
2026-09-30T07:28:19.507234+00:00,AcademicPapers,AcademicPapers.scinet,PROTECTED,200,457,,DDoS-Guard
2026-09-30T07:29:20.287645+00:00,AcademicPapers,AcademicPapers.scinet,PROTECTED,200,399,,DDoS-Guard
2026-09-30T07:30:21.154682+00:00,AcademicPapers,AcademicPapers.scinet,PROTECTED,200,407,,DDoS-Guard
2026-09-30T07:31:22.321072+00:00,AcademicPapers,AcademicPapers.scinet,PROTECTED,200,765,,DDoS-Guard
2026-09-30T07:32:22.770734+00:00,AcademicPapers,AcademicPapers.scinet,PROTECTED,200,373,,DDoS-Guard
2026-09-30T07:33:23.125750+00:00,AcademicPapers,AcademicPapers.scinet,PROTECTED,200,704,,DDoS-Guard
2026-09-30T07:34:23.651652+00:00,AcademicPapers,AcademicPapers.scinet,PROTECTED,200,808,,DDoS-Guard
2026-09-30T07:35:24.698601+00:00,AcademicPapers,AcademicPapers.scinet,PROTECTED,200,775,,DDoS-Guard
2026-09-30T07:36:24.158132+00:00,AcademicPapers,AcademicPapers.scinet,PROTECTED,200,309,,DDoS-Guard
2026-09-30T07:37:25.239095+00:00,AcademicPapers,AcademicPapers.scinet,PROTECTED,200,309,,DDoS-Guard
2026-09-30T07:38:25.921618+00:00,AcademicPapers,AcademicPapers.scinet,PROTECTED,200,303,,DDoS-Guard
2026-09-30T07:39:27.026534+00:00,AcademicPapers,AcademicPapers.scinet,PROTECTED,200,706,,DDoS-Guard
2026-09-30T07:40:27.956763+00:00,AcademicPapers,AcademicPapers.scinet,PROTECTED,200,735,,DDoS-Guard
2026-09-30T07:41:28.809938+00:00,AcademicPapers,AcademicPapers.scinet,PROTECTED,200,695,,DDoS-Guard
2026-09-30T07:42:29.495473+00:00,AcademicPapers,AcademicPapers.scinet,PROTECTED,200,393,,DDoS-Guard
2026-09-30T07:43:30.774688+00:00,AcademicPapers,AcademicPapers.scinet,PROTECTED,200,837,,DDoS-Guard
2026-09-30T07:44:31.573092+00:00,AcademicPapers,AcademicPapers.scinet,PROTECTED,200,687,,DDoS-Guard
2026-09-30T07:45:31.067677+00:00,AcademicPapers,AcademicPapers.scinet,PROTECTED,200,183,,DDoS-Guard
2026-09-30T07:46:31.750377+00:00,AcademicPapers,AcademicPapers.scinet,PROTECTED,200,391,,DDoS-Guard
2026-09-30T07:47:32.514054+00:00,AcademicPapers,AcademicPapers.scinet,PROTECTED,200,425,,DDoS-Guard
2026-09-30T07:48:33.718676+00:00,AcademicPapers,AcademicPapers.scinet,PROTECTED,200,802,,DDoS-Guard
2026-09-30T07:49:34.572193+00:00,AcademicPapers,AcademicPapers.scinet,PROTECTED,200,803,,DDoS-Guard
2026-09-30T07:50:34.858056+00:00,AcademicPapers,AcademicPapers.scinet,PROTECTED,200,648,,DDoS-Guard
2026-09-30T07:51:35.844368+00:00,AcademicPapers,AcademicPapers.scinet,PROTECTED,200,708,,DDoS-Guard
2026-09-30T07:52:36.925676+00:00,AcademicPapers,AcademicPapers.scinet,PROTECTED,200,767,,DDoS-Guard
2026-09-30T07:53:36.922814+00:00,AcademicPapers,AcademicPapers.scinet,PROTECTED,200,767,,DDoS-Guard
2026-09-30T07:54:37.856060+00:00,AcademicPapers,AcademicPapers.scinet,PROTECTED,200,771,,DDoS-Guard
2026-09-30T07:55:37.850096+00:00,AcademicPapers,AcademicPapers.scinet,DOWN,,,connection_refused,
2026-09-30T07:56:39.138957+00:00,AcademicPapers,AcademicPapers.scinet,PROTECTED,200,382,,DDoS-Guard
2026-09-30T07:57:39.429768+00:00,AcademicPapers,AcademicPapers.scinet,PROTECTED,200,673,,DDoS-Guard
2026-09-30T07:58:40.177300+00:00,AcademicPapers,AcademicPapers.scinet,PROTECTED,200,720,,DDoS-Guard
2026-09-30T07:59:41.314506+00:00,AcademicPapers,AcademicPapers.scinet,PROTECTED,200,758,,DDoS-Guard
2026-09-30T08:00:41.944826+00:00,AcademicPapers,AcademicPapers.scinet,PROTECTED,200,379,,DDoS-Guard
2026-09-30T08:01:43.021672+00:00,AcademicPapers,AcademicPapers.scinet,PROTECTED,200,790,,DDoS-Guard
2026-09-30T08:02:43.792806+00:00,AcademicPapers,AcademicPapers.scinet,PROTECTED,200,687,,DDoS-Guard
2026-09-30T08:03:44.363200+00:00,AcademicPapers,AcademicPapers.scinet,PROTECTED,200,396,,DDoS-Guard
2026-09-30T08:04:45.317637+00:00,AcademicPapers,AcademicPapers.scinet,PROTECTED,200,341,,DDoS-Guard
2026-09-30T08:05:46.216775+00:00,AcademicPapers,AcademicPapers.scinet,PROTECTED,200,412,,DDoS-Guard
2026-09-30T08:06:46.542576+00:00,AcademicPapers,AcademicPapers.scinet,PROTECTED,200,305,,DDoS-Guard
2026-09-30T08:07:48.030130+00:00,AcademicPapers,AcademicPapers.scinet,PROTECTED,200,782,,DDoS-Guard
2026-09-30T08:08:48.012982+00:00,AcademicPapers,AcademicPapers.scinet,PROTECTED,200,687,,DDoS-Guard
2026-09-30T08:09:48.986369+00:00,AcademicPapers,AcademicPapers.scinet,PROTECTED,200,842,,DDoS-Guard
2026-09-30T08:10:49.449803+00:00,AcademicPapers,AcademicPapers.scinet,PROTECTED,200,387,,DDoS-Guard
2026-09-30T08:11:50.620232+00:00,AcademicPapers,AcademicPapers.scinet,PROTECTED,200,776,,DDoS-Guard
2026-09-30T08:12:51.503166+00:00,AcademicPapers,AcademicPapers.scinet,PROTECTED,200,768,,DDoS-Guard
2026-09-30T08:13:52.005531+00:00,AcademicPapers,AcademicPapers.scinet,PROTECTED,200,399,,DDoS-Guard
2026-09-30T08:14:52.785815+00:00,AcademicPapers,AcademicPapers.scinet,PROTECTED,200,316,,DDoS-Guard
2026-09-30T08:15:54.249606+00:00,AcademicPapers,AcademicPapers.scinet,PROTECTED,200,775,,DDoS-Guard
2026-09-30T08:16:54.801697+00:00,AcademicPapers,AcademicPapers.scinet,PROTECTED,200,396,,DDoS-Guard
2026-09-30T08:17:54.307478+00:00,AcademicPapers,AcademicPapers.scinet,PROTECTED,200,185,,DDoS-Guard
2026-09-30T08:18:55.690754+00:00,AcademicPapers,AcademicPapers.scinet,PROTECTED,200,377,,DDoS-Guard
2026-09-30T08:19:56.666692+00:00,AcademicPapers,AcademicPapers.scinet,PROTECTED,200,394,,DDoS-Guard
2026-09-30T08:20:57.958973+00:00,AcademicPapers,AcademicPapers.scinet,PROTECTED,200,743,,DDoS-Guard
2026-09-30T08:21:57.845013+00:00,AcademicPapers,AcademicPapers.scinet,PROTECTED,200,731,,DDoS-Guard
2026-09-30T08:22:58.842731+00:00,AcademicPapers,AcademicPapers.scinet,PROTECTED,200,797,,DDoS-Guard
2026-09-30T08:23:59.234821+00:00,AcademicPapers,AcademicPapers.scinet,PROTECTED,200,397,,DDoS-Guard
2026-09-30T08:25:00.090918+00:00,AcademicPapers,AcademicPapers.scinet,PROTECTED,200,296,,DDoS-Guard
2026-09-30T08:26:00.601663+00:00,AcademicPapers,AcademicPapers.scinet,PROTECTED,200,407,,DDoS-Guard
2026-09-30T08:27:01.842901+00:00,AcademicPapers,AcademicPapers.scinet,PROTECTED,200,838,,DDoS-Guard
2026-09-30T08:28:02.252055+00:00,AcademicPapers,AcademicPapers.scinet,PROTECTED,200,314,,DDoS-Guard
2026-09-30T08:29:03.065692+00:00,AcademicPapers,AcademicPapers.scinet,PROTECTED,200,776,,DDoS-Guard
2026-09-30T08:30:03.969811+00:00,AcademicPapers,AcademicPapers.scinet,PROTECTED,200,1088,,DDoS-Guard
2026-09-30T08:31:03.571517+00:00,AcademicPapers,AcademicPapers.scinet,PROTECTED,200,724,,DDoS-Guard
2026-09-30T08:32:04.047300+00:00,AcademicPapers,AcademicPapers.scinet,PROTECTED,200,343,,DDoS-Guard
2026-09-30T08:33:04.487333+00:00,AcademicPapers,AcademicPapers.scinet,PROTECTED,200,387,,DDoS-Guard
2026-09-30T08:34:05.884136+00:00,AcademicPapers,AcademicPapers.scinet,PROTECTED,200,695,,DDoS-Guard
2026-09-30T08:35:05.714602+00:00,AcademicPapers,AcademicPapers.scinet,PROTECTED,200,394,,DDoS-Guard
2026-09-30T08:36:06.823951+00:00,AcademicPapers,AcademicPapers.scinet,PROTECTED,200,688,,DDoS-Guard
2026-09-30T08:37:08.193088+00:00,AcademicPapers,AcademicPapers.scinet,PROTECTED,200,788,,DDoS-Guard
2026-09-30T08:38:08.148697+00:00,AcademicPapers,AcademicPapers.scinet,PROTECTED,200,313,,DDoS-Guard
2026-09-30T08:39:09.481104+00:00,AcademicPapers,AcademicPapers.scinet,PROTECTED,200,776,,DDoS-Guard
2026-09-30T08:40:10.397142+00:00,AcademicPapers,AcademicPapers.scinet,PROTECTED,200,796,,DDoS-Guard
2026-09-30T08:41:10.857506+00:00,AcademicPapers,AcademicPapers.scinet,PROTECTED,200,396,,DDoS-Guard
2026-09-30T08:42:12.167575+00:00,AcademicPapers,AcademicPapers.scinet,PROTECTED,200,714,,DDoS-Guard
2026-09-30T08:43:12.951795+00:00,AcademicPapers,AcademicPapers.scinet,PROTECTED,200,814,,DDoS-Guard
2026-09-30T08:44:13.925159+00:00,AcademicPapers,AcademicPapers.scinet,PROTECTED,200,834,,DDoS-Guard
2026-09-30T08:45:14.858333+00:00,AcademicPapers,AcademicPapers.scinet,PROTECTED,200,784,,DDoS-Guard
2026-09-30T08:46:15.223973+00:00,AcademicPapers,AcademicPapers.scinet,PROTECTED,200,400,,DDoS-Guard
2026-09-30T08:47:16.512621+00:00,AcademicPapers,AcademicPapers.scinet,PROTECTED,200,842,,DDoS-Guard
2026-09-30T08:48:17.350557+00:00,AcademicPapers,AcademicPapers.scinet,PROTECTED,200,785,,DDoS-Guard
2026-09-30T08:49:17.846653+00:00,AcademicPapers,AcademicPapers.scinet,PROTECTED,200,400,,DDoS-Guard
2026-09-30T08:50:18.539179+00:00,AcademicPapers,AcademicPapers.scinet,PROTECTED,200,587,,DDoS-Guard
2026-09-30T08:51:20.059807+00:00,AcademicPapers,AcademicPapers.scinet,PROTECTED,200,776,,DDoS-Guard
2026-09-30T08:52:20.400551+00:00,AcademicPapers,AcademicPapers.scinet,PROTECTED,200,411,,DDoS-Guard
2026-09-30T08:53:21.686945+00:00,AcademicPapers,AcademicPapers.scinet,PROTECTED,200,768,,DDoS-Guard
2026-09-30T08:54:22.006874+00:00,AcademicPapers,AcademicPapers.scinet,PROTECTED,200,340,,DDoS-Guard
2026-09-30T08:55:23.118367+00:00,AcademicPapers,AcademicPapers.scinet,PROTECTED,200,390,,DDoS-Guard
2026-09-30T08:56:24.237356+00:00,AcademicPapers,AcademicPapers.scinet,PROTECTED,200,770,,DDoS-Guard
2026-09-30T08:57:24.929979+00:00,AcademicPapers,AcademicPapers.scinet,PROTECTED,200,428,,DDoS-Guard
2026-09-30T08:58:26.043806+00:00,AcademicPapers,AcademicPapers.scinet,PROTECTED,200,782,,DDoS-Guard
2026-09-30T08:59:26.537420+00:00,AcademicPapers,AcademicPapers.scinet,PROTECTED,200,412,,DDoS-Guard
2026-09-30T09:00:27.491687+00:00,AcademicPapers,AcademicPapers.scinet,PROTECTED,200,308,,DDoS-Guard
2026-09-30T09:01:27.419373+00:00,AcademicPapers,AcademicPapers.scinet,PROTECTED,200,308,,DDoS-Guard
2026-09-30T09:02:27.955587+00:00,AcademicPapers,AcademicPapers.scinet,PROTECTED,200,805,,DDoS-Guard
2026-09-30T09:03:28.073906+00:00,AcademicPapers,AcademicPapers.scinet,PROTECTED,200,803,,DDoS-Guard
2026-09-30T09:04:28.955249+00:00,AcademicPapers,AcademicPapers.scinet,PROTECTED,200,848,,DDoS-Guard
2026-09-30T09:05:29.354626+00:00,AcademicPapers,AcademicPapers.scinet,PROTECTED,200,799,,DDoS-Guard
2026-09-30T09:06:29.164541+00:00,AcademicPapers,AcademicPapers.scinet,PROTECTED,200,316,,DDoS-Guard
2026-09-30T09:07:30.161995+00:00,AcademicPapers,AcademicPapers.scinet,PROTECTED,200,328,,DDoS-Guard
2026-09-30T09:08:31.208565+00:00,AcademicPapers,AcademicPapers.scinet,PROTECTED,200,408,,DDoS-Guard
2026-09-30T09:09:32.416595+00:00,AcademicPapers,AcademicPapers.scinet,PROTECTED,200,706,,DDoS-Guard
2026-09-30T09:10:32.988713+00:00,AcademicPapers,AcademicPapers.scinet,PROTECTED,200,378,,DDoS-Guard
2026-09-30T09:11:33.411424+00:00,AcademicPapers,AcademicPapers.scinet,PROTECTED,200,929,,DDoS-Guard
2026-09-30T09:12:33.843522+00:00,AcademicPapers,AcademicPapers.scinet,PROTECTED,200,316,,DDoS-Guard
2026-09-30T09:13:35.036606+00:00,AcademicPapers,AcademicPapers.scinet,PROTECTED,200,779,,DDoS-Guard
2026-09-30T09:14:35.640093+00:00,AcademicPapers,AcademicPapers.scinet,PROTECTED,200,847,,DDoS-Guard
2026-09-30T09:15:36.532628+00:00,AcademicPapers,AcademicPapers.scinet,PROTECTED,200,785,,DDoS-Guard
2026-09-30T09:16:37.417696+00:00,AcademicPapers,AcademicPapers.scinet,PROTECTED,200,826,,DDoS-Guard
2026-09-30T09:17:38.379718+00:00,AcademicPapers,AcademicPapers.scinet,PROTECTED,200,845,,DDoS-Guard
2026-09-30T09:18:37.845337+00:00,AcademicPapers,AcademicPapers.scinet,PROTECTED,200,291,,DDoS-Guard
2026-09-30T09:19:39.247228+00:00,AcademicPapers,AcademicPapers.scinet,PROTECTED,200,808,,DDoS-Guard
2026-09-30T09:20:40.284846+00:00,AcademicPapers,AcademicPapers.scinet,PROTECTED,200,778,,DDoS-Guard
2026-09-30T09:21:41.044069+00:00,AcademicPapers,AcademicPapers.scinet,PROTECTED,200,803,,DDoS-Guard
2026-09-30T09:22:41.913625+00:00,AcademicPapers,AcademicPapers.scinet,PROTECTED,200,788,,DDoS-Guard
2026-09-30T09:23:42.414445+00:00,AcademicPapers,AcademicPapers.scinet,PROTECTED,200,375,,DDoS-Guard
2026-09-30T09:24:43.745076+00:00,AcademicPapers,AcademicPapers.scinet,PROTECTED,200,873,,DDoS-Guard
2026-09-30T09:25:44.189621+00:00,AcademicPapers,AcademicPapers.scinet,PROTECTED,200,321,,DDoS-Guard
2026-09-30T09:26:45.046374+00:00,AcademicPapers,AcademicPapers.scinet,PROTECTED,200,331,,DDoS-Guard
2026-09-30T09:27:45.849063+00:00,AcademicPapers,AcademicPapers.scinet,PROTECTED,200,306,,DDoS-Guard
2026-09-30T09:28:47.277469+00:00,AcademicPapers,AcademicPapers.scinet,PROTECTED,200,836,,DDoS-Guard
2026-09-30T09:29:47.193272+00:00,AcademicPapers,AcademicPapers.scinet,PROTECTED,200,674,,DDoS-Guard
2026-09-30T09:30:47.644340+00:00,AcademicPapers,AcademicPapers.scinet,PROTECTED,200,778,,DDoS-Guard
2026-09-30T09:31:47.813723+00:00,AcademicPapers,AcademicPapers.scinet,PROTECTED,200,825,,DDoS-Guard
2026-09-30T09:32:47.808920+00:00,AcademicPapers,AcademicPapers.scinet,PROTECTED,200,779,,DDoS-Guard
2026-09-30T09:33:47.914241+00:00,AcademicPapers,AcademicPapers.scinet,PROTECTED,200,783,,DDoS-Guard
2026-09-30T09:34:48.433786+00:00,AcademicPapers,AcademicPapers.scinet,PROTECTED,200,299,,DDoS-Guard
2026-09-30T09:35:49.949439+00:00,AcademicPapers,AcademicPapers.scinet,PROTECTED,200,800,,DDoS-Guard
2026-09-30T09:36:50.212660+00:00,AcademicPapers,AcademicPapers.scinet,PROTECTED,200,725,,DDoS-Guard
2026-09-30T09:37:50.330736+00:00,AcademicPapers,AcademicPapers.scinet,PROTECTED,200,765,,DDoS-Guard
2026-09-30T09:38:50.309767+00:00,AcademicPapers,AcademicPapers.scinet,PROTECTED,200,753,,DDoS-Guard
2026-09-30T09:39:50.634344+00:00,AcademicPapers,AcademicPapers.scinet,PROTECTED,200,560,,DDoS-Guard
2026-09-30T09:40:51.802993+00:00,AcademicPapers,AcademicPapers.scinet,PROTECTED,200,858,,DDoS-Guard
2026-09-30T09:41:51.666109+00:00,AcademicPapers,AcademicPapers.scinet,PROTECTED,200,378,,DDoS-Guard
2026-09-30T09:42:53.035075+00:00,AcademicPapers,AcademicPapers.scinet,PROTECTED,200,722,,DDoS-Guard
2026-09-30T09:43:52.842227+00:00,AcademicPapers,AcademicPapers.scinet,PROTECTED,200,710,,DDoS-Guard
2026-09-30T09:44:54.133680+00:00,AcademicPapers,AcademicPapers.scinet,PROTECTED,200,819,,DDoS-Guard
2026-09-30T09:45:55.211831+00:00,AcademicPapers,AcademicPapers.scinet,PROTECTED,200,790,,DDoS-Guard
2026-09-30T09:46:55.990963+00:00,AcademicPapers,AcademicPapers.scinet,PROTECTED,200,791,,DDoS-Guard
2026-09-30T09:47:56.533789+00:00,AcademicPapers,AcademicPapers.scinet,PROTECTED,200,416,,DDoS-Guard
2026-09-30T09:48:57.337818+00:00,AcademicPapers,AcademicPapers.scinet,PROTECTED,200,382,,DDoS-Guard
2026-09-30T09:49:58.280750+00:00,AcademicPapers,AcademicPapers.scinet,PROTECTED,200,340,,DDoS-Guard
2026-09-30T09:50:58.373103+00:00,AcademicPapers,AcademicPapers.scinet,PROTECTED,200,397,,DDoS-Guard
2026-09-30T09:51:59.367604+00:00,AcademicPapers,AcademicPapers.scinet,PROTECTED,200,767,,DDoS-Guard
2026-09-30T09:52:59.530358+00:00,AcademicPapers,AcademicPapers.scinet,PROTECTED,200,839,,DDoS-Guard
2026-09-30T09:53:59.412967+00:00,AcademicPapers,AcademicPapers.scinet,PROTECTED,200,712,,DDoS-Guard
2026-09-30T09:54:59.557155+00:00,AcademicPapers,AcademicPapers.scinet,PROTECTED,200,697,,DDoS-Guard
2026-09-30T09:55:59.951910+00:00,AcademicPapers,AcademicPapers.scinet,PROTECTED,200,386,,DDoS-Guard
2026-09-30T09:57:00.529544+00:00,AcademicPapers,AcademicPapers.scinet,PROTECTED,200,779,,DDoS-Guard
2026-09-30T09:58:00.106780+00:00,AcademicPapers,AcademicPapers.scinet,PROTECTED,200,352,,DDoS-Guard
2026-09-30T09:59:00.686135+00:00,AcademicPapers,AcademicPapers.scinet,PROTECTED,200,817,,DDoS-Guard
2026-09-30T10:00:01.075135+00:00,AcademicPapers,AcademicPapers.scinet,PROTECTED,200,348,,DDoS-Guard
2026-09-30T10:01:01.532766+00:00,AcademicPapers,AcademicPapers.scinet,PROTECTED,200,516,,DDoS-Guard
2026-09-30T10:02:01.814740+00:00,AcademicPapers,AcademicPapers.scinet,PROTECTED,200,702,,DDoS-Guard
2026-09-30T10:03:02.145033+00:00,AcademicPapers,AcademicPapers.scinet,PROTECTED,200,924,,DDoS-Guard
2026-09-30T10:04:02.085145+00:00,AcademicPapers,AcademicPapers.scinet,PROTECTED,200,713,,DDoS-Guard
2026-09-30T10:05:03.277072+00:00,AcademicPapers,AcademicPapers.scinet,PROTECTED,200,429,,DDoS-Guard
2026-09-30T10:06:02.817722+00:00,AcademicPapers,AcademicPapers.scinet,PROTECTED,200,296,,DDoS-Guard
2026-09-30T10:07:04.178010+00:00,AcademicPapers,AcademicPapers.scinet,PROTECTED,200,838,,DDoS-Guard
2026-09-30T10:08:04.637211+00:00,AcademicPapers,AcademicPapers.scinet,PROTECTED,200,879,,DDoS-Guard
2026-09-30T10:09:04.501779+00:00,AcademicPapers,AcademicPapers.scinet,PROTECTED,200,383,,DDoS-Guard
2026-09-30T10:10:04.597627+00:00,AcademicPapers,AcademicPapers.scinet,PROTECTED,200,768,,DDoS-Guard
2026-09-30T10:11:04.658580+00:00,AcademicPapers,AcademicPapers.scinet,PROTECTED,200,704,,DDoS-Guard
2026-09-30T10:12:05.349041+00:00,AcademicPapers,AcademicPapers.scinet,PROTECTED,200,785,,DDoS-Guard
2026-09-30T10:13:05.224830+00:00,AcademicPapers,AcademicPapers.scinet,PROTECTED,200,693,,DDoS-Guard
2026-09-30T10:14:06.324999+00:00,AcademicPapers,AcademicPapers.scinet,PROTECTED,200,843,,DDoS-Guard
2026-09-30T10:15:07.397837+00:00,AcademicPapers,AcademicPapers.scinet,PROTECTED,200,852,,DDoS-Guard
2026-09-30T10:16:07.369958+00:00,AcademicPapers,AcademicPapers.scinet,PROTECTED,200,702,,DDoS-Guard
2026-09-30T10:17:07.764905+00:00,AcademicPapers,AcademicPapers.scinet,PROTECTED,200,422,,DDoS-Guard
2026-09-30T10:18:07.594882+00:00,AcademicPapers,AcademicPapers.scinet,PROTECTED,200,292,,DDoS-Guard
2026-09-30T10:19:08.976116+00:00,AcademicPapers,AcademicPapers.scinet,PROTECTED,200,703,,DDoS-Guard
2026-09-30T10:20:09.760786+00:00,AcademicPapers,AcademicPapers.scinet,PROTECTED,200,402,,DDoS-Guard
2026-09-30T10:21:10.140726+00:00,AcademicPapers,AcademicPapers.scinet,PROTECTED,200,736,,DDoS-Guard
2026-09-30T10:22:11.202938+00:00,AcademicPapers,AcademicPapers.scinet,PROTECTED,200,785,,DDoS-Guard
2026-09-30T10:23:11.597751+00:00,AcademicPapers,AcademicPapers.scinet,PROTECTED,200,705,,DDoS-Guard
2026-09-30T10:24:11.760723+00:00,AcademicPapers,AcademicPapers.scinet,PROTECTED,200,771,,DDoS-Guard
2026-09-30T10:25:12.300038+00:00,AcademicPapers,AcademicPapers.scinet,PROTECTED,200,398,,DDoS-Guard
2026-09-30T10:26:12.142905+00:00,AcademicPapers,AcademicPapers.scinet,PROTECTED,200,343,,DDoS-Guard
2026-09-30T10:27:12.584777+00:00,AcademicPapers,AcademicPapers.scinet,PROTECTED,200,710,,DDoS-Guard
2026-09-30T10:28:13.610035+00:00,AcademicPapers,AcademicPapers.scinet,PROTECTED,200,782,,DDoS-Guard
2026-09-30T10:29:13.847999+00:00,AcademicPapers,AcademicPapers.scinet,PROTECTED,200,1014,,DDoS-Guard
2026-09-30T10:30:14.230400+00:00,AcademicPapers,AcademicPapers.scinet,PROTECTED,200,816,,DDoS-Guard
2026-09-30T10:31:14.421752+00:00,AcademicPapers,AcademicPapers.scinet,PROTECTED,200,698,,DDoS-Guard
2026-09-30T10:32:14.050266+00:00,AcademicPapers,AcademicPapers.scinet,PROTECTED,200,639,,DDoS-Guard
2026-09-30T10:33:13.972770+00:00,AcademicPapers,AcademicPapers.scinet,PROTECTED,200,172,,DDoS-Guard
2026-09-30T10:34:15.739730+00:00,AcademicPapers,AcademicPapers.scinet,PROTECTED,200,843,,DDoS-Guard
2026-09-30T10:35:15.709683+00:00,AcademicPapers,AcademicPapers.scinet,PROTECTED,200,484,,DDoS-Guard
2026-09-30T10:36:16.014155+00:00,AcademicPapers,AcademicPapers.scinet,PROTECTED,200,314,,DDoS-Guard
2026-09-30T10:37:16.139461+00:00,AcademicPapers,AcademicPapers.scinet,PROTECTED,200,376,,DDoS-Guard
2026-09-30T10:38:17.490524+00:00,AcademicPapers,AcademicPapers.scinet,PROTECTED,200,886,,DDoS-Guard
2026-09-30T10:39:16.943003+00:00,AcademicPapers,AcademicPapers.scinet,PROTECTED,200,285,,DDoS-Guard
2026-09-30T10:40:16.928725+00:00,AcademicPapers,AcademicPapers.scinet,PROTECTED,200,332,,DDoS-Guard
2026-09-30T10:41:17.854409+00:00,AcademicPapers,AcademicPapers.scinet,PROTECTED,200,733,,DDoS-Guard
2026-09-30T10:42:18.481193+00:00,AcademicPapers,AcademicPapers.scinet,PROTECTED,200,387,,DDoS-Guard
2026-09-30T10:43:18.881798+00:00,AcademicPapers,AcademicPapers.scinet,PROTECTED,200,750,,DDoS-Guard
2026-09-30T10:44:19.108011+00:00,AcademicPapers,AcademicPapers.scinet,PROTECTED,200,851,,DDoS-Guard
2026-09-30T10:45:19.672708+00:00,AcademicPapers,AcademicPapers.scinet,PROTECTED,200,564,,DDoS-Guard
2026-09-30T10:46:20.923351+00:00,AcademicPapers,AcademicPapers.scinet,PROTECTED,200,778,,DDoS-Guard
2026-09-30T10:47:21.885099+00:00,AcademicPapers,AcademicPapers.scinet,PROTECTED,200,687,,DDoS-Guard
2026-09-30T10:48:21.536245+00:00,AcademicPapers,AcademicPapers.scinet,PROTECTED,200,351,,DDoS-Guard
2026-09-30T10:49:22.496625+00:00,AcademicPapers,AcademicPapers.scinet,PROTECTED,200,319,,DDoS-Guard
2026-09-30T10:50:23.679334+00:00,AcademicPapers,AcademicPapers.scinet,PROTECTED,200,405,,DDoS-Guard
2026-09-30T10:51:23.961608+00:00,AcademicPapers,AcademicPapers.scinet,PROTECTED,200,760,,DDoS-Guard
2026-09-30T10:52:24.492261+00:00,AcademicPapers,AcademicPapers.scinet,PROTECTED,200,410,,DDoS-Guard
2026-09-30T10:53:25.952574+00:00,AcademicPapers,AcademicPapers.scinet,PROTECTED,200,812,,DDoS-Guard
2026-09-30T10:54:26.243561+00:00,AcademicPapers,AcademicPapers.scinet,PROTECTED,200,733,,DDoS-Guard
2026-09-30T10:55:27.351361+00:00,AcademicPapers,AcademicPapers.scinet,PROTECTED,200,713,,DDoS-Guard
2026-09-30T10:56:27.501399+00:00,AcademicPapers,AcademicPapers.scinet,PROTECTED,200,738,,DDoS-Guard
2026-09-30T10:57:28.561011+00:00,AcademicPapers,AcademicPapers.scinet,PROTECTED,200,797,,DDoS-Guard
2026-09-30T10:58:28.664061+00:00,AcademicPapers,AcademicPapers.scinet,PROTECTED,200,789,,DDoS-Guard
2026-09-30T10:59:28.655626+00:00,AcademicPapers,AcademicPapers.scinet,PROTECTED,200,446,,DDoS-Guard
2026-09-30T11:00:29.564731+00:00,AcademicPapers,AcademicPapers.scinet,PROTECTED,200,865,,DDoS-Guard
2026-09-30T11:01:30.268642+00:00,AcademicPapers,AcademicPapers.scinet,PROTECTED,200,811,,DDoS-Guard
2026-09-30T11:02:30.392864+00:00,AcademicPapers,AcademicPapers.scinet,PROTECTED,200,788,,DDoS-Guard
2026-09-30T11:03:30.589705+00:00,AcademicPapers,AcademicPapers.scinet,PROTECTED,200,700,,DDoS-Guard
2026-09-30T11:04:31.324561+00:00,AcademicPapers,AcademicPapers.scinet,PROTECTED,200,326,,DDoS-Guard
2026-09-30T11:05:31.478886+00:00,AcademicPapers,AcademicPapers.scinet,PROTECTED,200,384,,DDoS-Guard
2026-09-30T11:06:31.874759+00:00,AcademicPapers,AcademicPapers.scinet,PROTECTED,200,389,,DDoS-Guard
2026-09-30T11:07:32.281589+00:00,AcademicPapers,AcademicPapers.scinet,PROTECTED,200,390,,DDoS-Guard
2026-09-30T11:08:33.038711+00:00,AcademicPapers,AcademicPapers.scinet,PROTECTED,200,819,,DDoS-Guard
2026-09-30T11:09:32.733270+00:00,AcademicPapers,AcademicPapers.scinet,PROTECTED,200,391,,DDoS-Guard
2026-09-30T11:10:33.571001+00:00,AcademicPapers,AcademicPapers.scinet,PROTECTED,200,743,,DDoS-Guard
2026-09-30T11:11:33.551195+00:00,AcademicPapers,AcademicPapers.scinet,PROTECTED,200,315,,DDoS-Guard
2026-09-30T11:12:33.962173+00:00,AcademicPapers,AcademicPapers.scinet,PROTECTED,200,713,,DDoS-Guard
2026-09-30T11:13:33.864692+00:00,AcademicPapers,AcademicPapers.scinet,PROTECTED,200,411,,DDoS-Guard
2026-09-30T11:14:34.820799+00:00,AcademicPapers,AcademicPapers.scinet,PROTECTED,200,719,,DDoS-Guard
2026-09-30T11:15:35.162138+00:00,AcademicPapers,AcademicPapers.scinet,PROTECTED,200,662,,DDoS-Guard
2026-09-30T11:16:35.174214+00:00,AcademicPapers,AcademicPapers.scinet,PROTECTED,200,359,,DDoS-Guard
2026-09-30T11:17:35.060017+00:00,AcademicPapers,AcademicPapers.scinet,PROTECTED,200,341,,DDoS-Guard
2026-09-30T11:18:35.908460+00:00,AcademicPapers,AcademicPapers.scinet,PROTECTED,200,738,,DDoS-Guard
2026-09-30T11:19:35.642309+00:00,AcademicPapers,AcademicPapers.scinet,PROTECTED,200,301,,DDoS-Guard
2026-09-30T11:20:35.947563+00:00,AcademicPapers,AcademicPapers.scinet,PROTECTED,200,361,,DDoS-Guard
2026-09-30T11:21:36.819581+00:00,AcademicPapers,AcademicPapers.scinet,PROTECTED,200,698,,DDoS-Guard
2026-09-30T11:22:36.798227+00:00,AcademicPapers,AcademicPapers.scinet,PROTECTED,200,710,,DDoS-Guard
2026-09-30T11:23:36.268098+00:00,AcademicPapers,AcademicPapers.scinet,PROTECTED,200,325,,DDoS-Guard
2026-09-30T11:24:37.255529+00:00,AcademicPapers,AcademicPapers.scinet,PROTECTED,200,717,,DDoS-Guard
2026-09-30T11:25:37.309734+00:00,AcademicPapers,AcademicPapers.scinet,PROTECTED,200,718,,DDoS-Guard
2026-09-30T11:26:37.242856+00:00,AcademicPapers,AcademicPapers.scinet,PROTECTED,200,731,,DDoS-Guard
2026-09-30T11:27:36.981184+00:00,AcademicPapers,AcademicPapers.scinet,PROTECTED,200,400,,DDoS-Guard
2026-09-30T11:28:37.832486+00:00,AcademicPapers,AcademicPapers.scinet,PROTECTED,200,335,,DDoS-Guard
2026-09-30T11:29:37.995123+00:00,AcademicPapers,AcademicPapers.scinet,PROTECTED,200,386,,DDoS-Guard
2026-09-30T11:30:38.220447+00:00,AcademicPapers,AcademicPapers.scinet,PROTECTED,200,403,,DDoS-Guard
2026-09-30T11:31:38.656930+00:00,AcademicPapers,AcademicPapers.scinet,PROTECTED,200,384,,DDoS-Guard
2026-09-30T11:32:39.803973+00:00,AcademicPapers,AcademicPapers.scinet,PROTECTED,200,805,,DDoS-Guard
2026-09-30T11:33:39.736663+00:00,AcademicPapers,AcademicPapers.scinet,PROTECTED,200,691,,DDoS-Guard
2026-09-30T11:34:39.786020+00:00,AcademicPapers,AcademicPapers.scinet,PROTECTED,200,780,,DDoS-Guard
2026-09-30T11:35:39.552604+00:00,AcademicPapers,AcademicPapers.scinet,PROTECTED,200,319,,DDoS-Guard
2026-09-30T11:36:40.450167+00:00,AcademicPapers,AcademicPapers.scinet,PROTECTED,200,815,,DDoS-Guard
2026-09-30T11:37:41.028316+00:00,AcademicPapers,AcademicPapers.scinet,PROTECTED,200,377,,DDoS-Guard
2026-09-30T11:38:41.567715+00:00,AcademicPapers,AcademicPapers.scinet,PROTECTED,200,702,,DDoS-Guard
2026-09-30T11:39:42.568255+00:00,AcademicPapers,AcademicPapers.scinet,PROTECTED,200,708,,DDoS-Guard
2026-09-30T11:40:42.156605+00:00,AcademicPapers,AcademicPapers.scinet,PROTECTED,200,564,,DDoS-Guard
2026-09-30T11:41:43.303542+00:00,AcademicPapers,AcademicPapers.scinet,PROTECTED,200,792,,DDoS-Guard
2026-09-30T11:42:44.189250+00:00,AcademicPapers,AcademicPapers.scinet,PROTECTED,200,851,,DDoS-Guard
2026-09-30T11:43:44.031717+00:00,AcademicPapers,AcademicPapers.scinet,PROTECTED,200,776,,DDoS-Guard
2026-09-30T11:44:43.684098+00:00,AcademicPapers,AcademicPapers.scinet,PROTECTED,200,389,,DDoS-Guard
2026-09-30T11:45:44.171966+00:00,AcademicPapers,AcademicPapers.scinet,PROTECTED,200,747,,DDoS-Guard
2026-09-30T11:46:43.956751+00:00,AcademicPapers,AcademicPapers.scinet,PROTECTED,200,376,,DDoS-Guard
2026-09-30T11:47:43.830889+00:00,AcademicPapers,AcademicPapers.scinet,PROTECTED,200,302,,DDoS-Guard
2026-09-30T11:48:44.171225+00:00,AcademicPapers,AcademicPapers.scinet,PROTECTED,200,731,,DDoS-Guard
2026-09-30T11:49:44.831012+00:00,AcademicPapers,AcademicPapers.scinet,PROTECTED,200,332,,DDoS-Guard
2026-09-30T11:50:45.478615+00:00,AcademicPapers,AcademicPapers.scinet,PROTECTED,200,908,,DDoS-Guard
2026-09-30T11:51:45.158606+00:00,AcademicPapers,AcademicPapers.scinet,PROTECTED,200,312,,DDoS-Guard
2026-09-30T11:52:45.767942+00:00,AcademicPapers,AcademicPapers.scinet,PROTECTED,200,780,,DDoS-Guard
2026-09-30T11:53:45.765024+00:00,AcademicPapers,AcademicPapers.scinet,PROTECTED,200,688,,DDoS-Guard
2026-09-30T11:54:45.555500+00:00,AcademicPapers,AcademicPapers.scinet,PROTECTED,200,441,,DDoS-Guard
2026-09-30T11:55:45.565109+00:00,AcademicPapers,AcademicPapers.scinet,PROTECTED,200,611,,DDoS-Guard
2026-09-30T11:56:45.741642+00:00,AcademicPapers,AcademicPapers.scinet,PROTECTED,200,447,,DDoS-Guard
2026-09-30T11:57:45.951097+00:00,AcademicPapers,AcademicPapers.scinet,PROTECTED,200,380,,DDoS-Guard
2026-09-30T11:58:45.902175+00:00,AcademicPapers,AcademicPapers.scinet,PROTECTED,200,294,,DDoS-Guard
2026-09-30T11:59:46.183147+00:00,AcademicPapers,AcademicPapers.scinet,PROTECTED,200,427,,DDoS-Guard
2026-09-30T12:00:47.407128+00:00,AcademicPapers,AcademicPapers.scinet,PROTECTED,200,777,,DDoS-Guard
2026-09-30T12:01:47.004672+00:00,AcademicPapers,AcademicPapers.scinet,PROTECTED,200,293,,DDoS-Guard
2026-09-30T12:02:48.468229+00:00,AcademicPapers,AcademicPapers.scinet,PROTECTED,200,768,,DDoS-Guard
2026-09-30T12:03:49.342165+00:00,AcademicPapers,AcademicPapers.scinet,PROTECTED,200,771,,DDoS-Guard
2026-09-30T12:04:49.205719+00:00,AcademicPapers,AcademicPapers.scinet,PROTECTED,200,391,,DDoS-Guard
2026-09-30T12:05:50.116706+00:00,AcademicPapers,AcademicPapers.scinet,PROTECTED,200,734,,DDoS-Guard
2026-09-30T12:06:51.120871+00:00,AcademicPapers,AcademicPapers.scinet,PROTECTED,200,797,,DDoS-Guard
2026-09-30T12:07:50.428682+00:00,AcademicPapers,AcademicPapers.scinet,PROTECTED,200,572,,DDoS-Guard
2026-09-30T12:08:51.023558+00:00,AcademicPapers,AcademicPapers.scinet,PROTECTED,200,740,,DDoS-Guard
2026-09-30T12:09:50.778995+00:00,AcademicPapers,AcademicPapers.scinet,PROTECTED,200,386,,DDoS-Guard
2026-09-30T12:10:50.884713+00:00,AcademicPapers,AcademicPapers.scinet,PROTECTED,200,329,,DDoS-Guard
2026-09-30T12:11:51.205621+00:00,AcademicPapers,AcademicPapers.scinet,PROTECTED,200,507,,DDoS-Guard
2026-09-30T12:12:51.135197+00:00,AcademicPapers,AcademicPapers.scinet,PROTECTED,200,298,,DDoS-Guard
2026-09-30T12:13:51.997572+00:00,AcademicPapers,AcademicPapers.scinet,PROTECTED,200,729,,DDoS-Guard
2026-09-30T12:14:51.669221+00:00,AcademicPapers,AcademicPapers.scinet,PROTECTED,200,422,,DDoS-Guard
2026-09-30T12:15:51.953607+00:00,AcademicPapers,AcademicPapers.scinet,PROTECTED,200,393,,DDoS-Guard
2026-09-30T12:16:52.399688+00:00,AcademicPapers,AcademicPapers.scinet,PROTECTED,200,476,,DDoS-Guard
2026-09-30T12:17:52.918517+00:00,AcademicPapers,AcademicPapers.scinet,PROTECTED,200,844,,DDoS-Guard
2026-09-30T12:18:52.752764+00:00,AcademicPapers,AcademicPapers.scinet,PROTECTED,200,577,,DDoS-Guard
2026-09-30T12:19:53.241568+00:00,AcademicPapers,AcademicPapers.scinet,PROTECTED,200,796,,DDoS-Guard
2026-09-30T12:20:53.256329+00:00,AcademicPapers,AcademicPapers.scinet,PROTECTED,200,266,,DDoS-Guard
2026-09-30T12:21:53.888325+00:00,AcademicPapers,AcademicPapers.scinet,PROTECTED,200,809,,DDoS-Guard
2026-09-30T12:22:53.845438+00:00,AcademicPapers,AcademicPapers.scinet,PROTECTED,200,859,,DDoS-Guard
2026-09-30T12:23:54.090405+00:00,AcademicPapers,AcademicPapers.scinet,PROTECTED,200,810,,DDoS-Guard
2026-09-30T12:24:54.271705+00:00,AcademicPapers,AcademicPapers.scinet,PROTECTED,200,774,,DDoS-Guard
2026-09-30T12:25:54.571469+00:00,AcademicPapers,AcademicPapers.scinet,PROTECTED,200,714,,DDoS-Guard
2026-09-30T12:26:54.986531+00:00,AcademicPapers,AcademicPapers.scinet,PROTECTED,200,312,,DDoS-Guard
2026-09-30T12:27:55.619765+00:00,AcademicPapers,AcademicPapers.scinet,PROTECTED,200,871,,DDoS-Guard
2026-09-30T12:28:55.717569+00:00,AcademicPapers,AcademicPapers.scinet,PROTECTED,200,840,,DDoS-Guard
2026-09-30T12:29:55.410701+00:00,AcademicPapers,AcademicPapers.scinet,PROTECTED,200,408,,DDoS-Guard
2026-09-30T12:30:55.600741+00:00,AcademicPapers,AcademicPapers.scinet,PROTECTED,200,565,,DDoS-Guard
2026-09-30T12:31:55.904856+00:00,AcademicPapers,AcademicPapers.scinet,PROTECTED,200,402,,DDoS-Guard
2026-09-30T12:32:55.838683+00:00,AcademicPapers,AcademicPapers.scinet,PROTECTED,200,304,,DDoS-Guard
2026-09-30T12:33:56.945012+00:00,AcademicPapers,AcademicPapers.scinet,PROTECTED,200,863,,DDoS-Guard
2026-09-30T12:34:56.871043+00:00,AcademicPapers,AcademicPapers.scinet,PROTECTED,200,753,,DDoS-Guard
2026-09-30T12:35:56.708641+00:00,AcademicPapers,AcademicPapers.scinet,PROTECTED,200,197,,DDoS-Guard
2026-09-30T12:36:57.513617+00:00,AcademicPapers,AcademicPapers.scinet,PROTECTED,200,846,,DDoS-Guard
2026-09-30T12:37:57.191582+00:00,AcademicPapers,AcademicPapers.scinet,PROTECTED,200,395,,DDoS-Guard
2026-09-30T12:38:57.304029+00:00,AcademicPapers,AcademicPapers.scinet,PROTECTED,200,700,,DDoS-Guard
2026-09-30T12:39:57.303262+00:00,AcademicPapers,AcademicPapers.scinet,PROTECTED,200,327,,DDoS-Guard
2026-09-30T12:40:57.205785+00:00,AcademicPapers,AcademicPapers.scinet,PROTECTED,200,346,,DDoS-Guard
2026-09-30T12:41:57.607808+00:00,AcademicPapers,AcademicPapers.scinet,PROTECTED,200,697,,DDoS-Guard
2026-09-30T12:42:57.235220+00:00,AcademicPapers,AcademicPapers.scinet,PROTECTED,200,355,,DDoS-Guard
2026-09-30T12:43:57.405036+00:00,AcademicPapers,AcademicPapers.scinet,PROTECTED,200,416,,DDoS-Guard
2026-09-30T12:44:57.604084+00:00,AcademicPapers,AcademicPapers.scinet,PROTECTED,200,484,,DDoS-Guard
2026-09-30T12:45:57.964276+00:00,AcademicPapers,AcademicPapers.scinet,PROTECTED,200,343,,DDoS-Guard
2026-09-30T12:46:58.066316+00:00,AcademicPapers,AcademicPapers.scinet,PROTECTED,200,322,,DDoS-Guard
2026-09-30T12:47:59.245123+00:00,AcademicPapers,AcademicPapers.scinet,PROTECTED,200,808,,DDoS-Guard
2026-09-30T12:48:59.269825+00:00,AcademicPapers,AcademicPapers.scinet,PROTECTED,200,406,,DDoS-Guard
2026-09-30T12:49:59.389159+00:00,AcademicPapers,AcademicPapers.scinet,PROTECTED,200,362,,DDoS-Guard
2026-09-30T12:51:00.324322+00:00,AcademicPapers,AcademicPapers.scinet,PROTECTED,200,874,,DDoS-Guard
2026-09-30T12:52:00.328737+00:00,AcademicPapers,AcademicPapers.scinet,PROTECTED,200,767,,DDoS-Guard
2026-09-30T12:53:00.280880+00:00,AcademicPapers,AcademicPapers.scinet,PROTECTED,200,341,,DDoS-Guard
2026-09-30T12:53:59.731004+00:00,AcademicPapers,AcademicPapers.scinet,PROTECTED,200,187,,DDoS-Guard
2026-09-30T12:55:00.916110+00:00,AcademicPapers,AcademicPapers.scinet,PROTECTED,200,871,,DDoS-Guard
2026-09-30T12:56:00.716047+00:00,AcademicPapers,AcademicPapers.scinet,PROTECTED,200,444,,DDoS-Guard
2026-09-30T12:57:01.069799+00:00,AcademicPapers,AcademicPapers.scinet,PROTECTED,200,716,,DDoS-Guard
2026-09-30T12:58:00.819647+00:00,AcademicPapers,AcademicPapers.scinet,PROTECTED,200,405,,DDoS-Guard
2026-09-30T12:59:01.420956+00:00,AcademicPapers,AcademicPapers.scinet,PROTECTED,200,776,,DDoS-Guard
2026-09-30T13:00:01.776363+00:00,AcademicPapers,AcademicPapers.scinet,PROTECTED,200,1214,,DDoS-Guard
2026-09-30T13:01:01.425101+00:00,AcademicPapers,AcademicPapers.scinet,PROTECTED,200,342,,DDoS-Guard
2026-09-30T13:02:01.462810+00:00,AcademicPapers,AcademicPapers.scinet,PROTECTED,200,407,,DDoS-Guard
2026-09-30T13:03:03.236146+00:00,AcademicPapers,AcademicPapers.scinet,PROTECTED,200,951,,DDoS-Guard
2026-09-30T13:04:03.070630+00:00,AcademicPapers,AcademicPapers.scinet,PROTECTED,200,758,,DDoS-Guard
2026-09-30T13:05:04.436009+00:00,AcademicPapers,AcademicPapers.scinet,PROTECTED,200,1023,,DDoS-Guard
2026-09-30T13:06:04.380965+00:00,AcademicPapers,AcademicPapers.scinet,PROTECTED,200,813,,DDoS-Guard
2026-09-30T13:07:03.817149+00:00,AcademicPapers,AcademicPapers.scinet,PROTECTED,200,333,,DDoS-Guard
2026-09-30T13:08:03.857549+00:00,AcademicPapers,AcademicPapers.scinet,PROTECTED,200,381,,DDoS-Guard
2026-09-30T13:09:04.561090+00:00,AcademicPapers,AcademicPapers.scinet,PROTECTED,200,781,,DDoS-Guard
2026-09-30T13:10:04.605846+00:00,AcademicPapers,AcademicPapers.scinet,PROTECTED,200,586,,DDoS-Guard
2026-09-30T13:11:05.012737+00:00,AcademicPapers,AcademicPapers.scinet,PROTECTED,200,951,,DDoS-Guard
2026-09-30T13:12:05.612847+00:00,AcademicPapers,AcademicPapers.scinet,PROTECTED,200,741,,DDoS-Guard
2026-09-30T13:13:05.847386+00:00,AcademicPapers,AcademicPapers.scinet,PROTECTED,200,801,,DDoS-Guard
2026-09-30T13:14:05.448323+00:00,AcademicPapers,AcademicPapers.scinet,PROTECTED,200,309,,DDoS-Guard
2026-09-30T13:15:05.669363+00:00,AcademicPapers,AcademicPapers.scinet,PROTECTED,200,660,,DDoS-Guard
2026-09-30T13:16:06.285880+00:00,AcademicPapers,AcademicPapers.scinet,PROTECTED,200,768,,DDoS-Guard
2026-09-30T13:17:06.634781+00:00,AcademicPapers,AcademicPapers.scinet,PROTECTED,200,742,,DDoS-Guard
2026-09-30T13:18:05.883619+00:00,AcademicPapers,AcademicPapers.scinet,PROTECTED,200,324,,DDoS-Guard
2026-09-30T13:19:06.528154+00:00,AcademicPapers,AcademicPapers.scinet,PROTECTED,200,868,,DDoS-Guard
2026-09-30T13:20:06.445619+00:00,AcademicPapers,AcademicPapers.scinet,PROTECTED,200,412,,DDoS-Guard
2026-09-30T13:21:06.653946+00:00,AcademicPapers,AcademicPapers.scinet,PROTECTED,200,340,,DDoS-Guard
2026-09-30T13:22:06.999248+00:00,AcademicPapers,AcademicPapers.scinet,PROTECTED,200,600,,DDoS-Guard
2026-09-30T13:23:07.430481+00:00,AcademicPapers,AcademicPapers.scinet,PROTECTED,200,843,,DDoS-Guard
2026-09-30T13:24:07.253686+00:00,AcademicPapers,AcademicPapers.scinet,PROTECTED,200,415,,DDoS-Guard
2026-09-30T13:25:07.225593+00:00,AcademicPapers,AcademicPapers.scinet,PROTECTED,200,366,,DDoS-Guard
2026-09-30T13:26:07.584879+00:00,AcademicPapers,AcademicPapers.scinet,PROTECTED,200,388,,DDoS-Guard
2026-09-30T13:27:07.963549+00:00,AcademicPapers,AcademicPapers.scinet,PROTECTED,200,712,,DDoS-Guard
2026-09-30T13:28:07.704561+00:00,AcademicPapers,AcademicPapers.scinet,PROTECTED,200,175,,DDoS-Guard
2026-09-30T13:29:09.255964+00:00,AcademicPapers,AcademicPapers.scinet,PROTECTED,200,833,,DDoS-Guard
2026-09-30T13:30:10.013324+00:00,AcademicPapers,AcademicPapers.scinet,PROTECTED,200,442,,DDoS-Guard
2026-09-30T13:31:10.159670+00:00,AcademicPapers,AcademicPapers.scinet,PROTECTED,200,420,,DDoS-Guard
2026-09-30T13:32:10.338491+00:00,AcademicPapers,AcademicPapers.scinet,PROTECTED,200,320,,DDoS-Guard
2026-09-30T13:33:10.601544+00:00,AcademicPapers,AcademicPapers.scinet,PROTECTED,200,468,,DDoS-Guard
2026-09-30T13:34:11.263488+00:00,AcademicPapers,AcademicPapers.scinet,PROTECTED,200,422,,DDoS-Guard
2026-09-30T13:35:11.581039+00:00,AcademicPapers,AcademicPapers.scinet,PROTECTED,200,442,,DDoS-Guard
2026-09-30T13:36:12.102847+00:00,AcademicPapers,AcademicPapers.scinet,PROTECTED,200,742,,DDoS-Guard
2026-09-30T13:37:11.868398+00:00,AcademicPapers,AcademicPapers.scinet,PROTECTED,200,185,,DDoS-Guard
2026-09-30T13:38:12.205883+00:00,AcademicPapers,AcademicPapers.scinet,PROTECTED,200,426,,DDoS-Guard
2026-09-30T13:39:12.861909+00:00,AcademicPapers,AcademicPapers.scinet,PROTECTED,200,798,,DDoS-Guard
2026-09-30T13:40:12.827672+00:00,AcademicPapers,AcademicPapers.scinet,PROTECTED,200,710,,DDoS-Guard
2026-09-30T13:41:13.087367+00:00,AcademicPapers,AcademicPapers.scinet,PROTECTED,200,314,,DDoS-Guard
2026-09-30T13:42:13.240653+00:00,AcademicPapers,AcademicPapers.scinet,PROTECTED,200,305,,DDoS-Guard
2026-09-30T13:43:13.531927+00:00,AcademicPapers,AcademicPapers.scinet,PROTECTED,200,509,,DDoS-Guard
2026-09-30T13:44:13.717612+00:00,AcademicPapers,AcademicPapers.scinet,PROTECTED,200,703,,DDoS-Guard
2026-09-30T13:45:13.712650+00:00,AcademicPapers,AcademicPapers.scinet,DOWN,,,connection_refused,
2026-09-30T13:46:14.670238+00:00,AcademicPapers,AcademicPapers.scinet,PROTECTED,200,778,,DDoS-Guard
2026-09-30T13:47:14.820639+00:00,AcademicPapers,AcademicPapers.scinet,PROTECTED,200,449,,DDoS-Guard
2026-09-30T13:48:15.026932+00:00,AcademicPapers,AcademicPapers.scinet,PROTECTED,200,731,,DDoS-Guard
2026-09-30T13:49:15.009755+00:00,AcademicPapers,AcademicPapers.scinet,PROTECTED,200,192,,DDoS-Guard
2026-09-30T13:50:15.837226+00:00,AcademicPapers,AcademicPapers.scinet,PROTECTED,200,843,,DDoS-Guard
2026-09-30T13:51:16.206913+00:00,AcademicPapers,AcademicPapers.scinet,PROTECTED,200,598,,DDoS-Guard
2026-09-30T13:52:16.484695+00:00,AcademicPapers,AcademicPapers.scinet,PROTECTED,200,795,,DDoS-Guard
2026-09-30T13:53:17.506902+00:00,AcademicPapers,AcademicPapers.scinet,PROTECTED,200,811,,DDoS-Guard
2026-09-30T13:54:17.627559+00:00,AcademicPapers,AcademicPapers.scinet,PROTECTED,200,805,,DDoS-Guard
2026-09-30T13:55:17.830696+00:00,AcademicPapers,AcademicPapers.scinet,PROTECTED,200,837,,DDoS-Guard
2026-09-30T13:56:17.756678+00:00,AcademicPapers,AcademicPapers.scinet,PROTECTED,200,557,,DDoS-Guard
2026-09-30T13:57:18.837207+00:00,AcademicPapers,AcademicPapers.scinet,PROTECTED,200,779,,DDoS-Guard
2026-09-30T13:58:18.967776+00:00,AcademicPapers,AcademicPapers.scinet,PROTECTED,200,797,,DDoS-Guard
2026-09-30T13:59:18.891194+00:00,AcademicPapers,AcademicPapers.scinet,PROTECTED,200,688,,DDoS-Guard
2026-09-30T14:00:18.725595+00:00,AcademicPapers,AcademicPapers.scinet,PROTECTED,200,327,,DDoS-Guard
2026-09-30T14:01:19.231212+00:00,AcademicPapers,AcademicPapers.scinet,PROTECTED,200,774,,DDoS-Guard
2026-09-30T14:02:19.783011+00:00,AcademicPapers,AcademicPapers.scinet,PROTECTED,200,798,,DDoS-Guard
2026-09-30T14:03:19.648788+00:00,AcademicPapers,AcademicPapers.scinet,PROTECTED,200,313,,DDoS-Guard
2026-09-30T14:04:19.976525+00:00,AcademicPapers,AcademicPapers.scinet,PROTECTED,200,712,,DDoS-Guard
2026-09-30T14:05:20.220123+00:00,AcademicPapers,AcademicPapers.scinet,PROTECTED,200,700,,DDoS-Guard
2026-09-30T14:06:19.833844+00:00,AcademicPapers,AcademicPapers.scinet,PROTECTED,200,318,,DDoS-Guard
2026-09-30T14:07:20.892640+00:00,AcademicPapers,AcademicPapers.scinet,PROTECTED,200,824,,DDoS-Guard
2026-09-30T14:08:20.809832+00:00,AcademicPapers,AcademicPapers.scinet,PROTECTED,200,311,,DDoS-Guard
2026-09-30T14:09:22.073169+00:00,AcademicPapers,AcademicPapers.scinet,PROTECTED,200,952,,DDoS-Guard
2026-09-30T14:10:22.793370+00:00,AcademicPapers,AcademicPapers.scinet,PROTECTED,200,376,,DDoS-Guard
2026-09-30T14:11:22.511763+00:00,AcademicPapers,AcademicPapers.scinet,PROTECTED,200,183,,DDoS-Guard
2026-09-30T14:12:24.101095+00:00,AcademicPapers,AcademicPapers.scinet,PROTECTED,200,841,,DDoS-Guard
2026-09-30T14:13:24.059686+00:00,AcademicPapers,AcademicPapers.scinet,PROTECTED,200,394,,DDoS-Guard
2026-09-30T14:14:24.036484+00:00,AcademicPapers,AcademicPapers.scinet,PROTECTED,200,358,,DDoS-Guard
2026-09-30T14:15:25.583083+00:00,AcademicPapers,AcademicPapers.scinet,PROTECTED,200,890,,DDoS-Guard
2026-09-30T14:16:25.662406+00:00,AcademicPapers,AcademicPapers.scinet,PROTECTED,200,713,,DDoS-Guard
2026-09-30T14:17:25.791227+00:00,AcademicPapers,AcademicPapers.scinet,PROTECTED,200,786,,DDoS-Guard
2026-09-30T14:18:25.967210+00:00,AcademicPapers,AcademicPapers.scinet,PROTECTED,200,515,,DDoS-Guard
2026-09-30T14:19:26.149094+00:00,AcademicPapers,AcademicPapers.scinet,PROTECTED,200,414,,DDoS-Guard
2026-09-30T14:20:26.681218+00:00,AcademicPapers,AcademicPapers.scinet,PROTECTED,200,299,,DDoS-Guard
2026-09-30T14:21:26.728146+00:00,AcademicPapers,AcademicPapers.scinet,PROTECTED,200,320,,DDoS-Guard
2026-09-30T14:22:27.231747+00:00,AcademicPapers,AcademicPapers.scinet,PROTECTED,200,399,,DDoS-Guard
2026-09-30T14:23:27.808629+00:00,AcademicPapers,AcademicPapers.scinet,PROTECTED,200,715,,DDoS-Guard
2026-09-30T14:24:27.437067+00:00,AcademicPapers,AcademicPapers.scinet,PROTECTED,200,320,,DDoS-Guard
2026-09-30T14:25:28.162633+00:00,AcademicPapers,AcademicPapers.scinet,PROTECTED,200,402,,DDoS-Guard
2026-09-30T14:26:28.303585+00:00,AcademicPapers,AcademicPapers.scinet,PROTECTED,200,568,,DDoS-Guard
2026-09-30T14:27:28.950554+00:00,AcademicPapers,AcademicPapers.scinet,PROTECTED,200,762,,DDoS-Guard
2026-09-30T14:28:28.692253+00:00,AcademicPapers,AcademicPapers.scinet,PROTECTED,200,379,,DDoS-Guard
2026-09-30T14:29:29.136959+00:00,AcademicPapers,AcademicPapers.scinet,PROTECTED,200,357,,DDoS-Guard
2026-09-30T14:30:30.032683+00:00,AcademicPapers,AcademicPapers.scinet,PROTECTED,200,790,,DDoS-Guard
2026-09-30T14:31:30.531146+00:00,AcademicPapers,AcademicPapers.scinet,PROTECTED,200,851,,DDoS-Guard
2026-09-30T14:32:31.109665+00:00,AcademicPapers,AcademicPapers.scinet,PROTECTED,200,402,,DDoS-Guard
2026-09-30T14:33:31.386186+00:00,AcademicPapers,AcademicPapers.scinet,PROTECTED,200,475,,DDoS-Guard
2026-09-30T14:34:31.828367+00:00,AcademicPapers,AcademicPapers.scinet,PROTECTED,200,335,,DDoS-Guard
2026-09-30T14:35:32.094252+00:00,AcademicPapers,AcademicPapers.scinet,PROTECTED,200,412,,DDoS-Guard
2026-09-30T14:36:32.324082+00:00,AcademicPapers,AcademicPapers.scinet,PROTECTED,200,442,,DDoS-Guard
2026-09-30T14:37:32.737906+00:00,AcademicPapers,AcademicPapers.scinet,PROTECTED,200,397,,DDoS-Guard
2026-09-30T14:38:32.742126+00:00,AcademicPapers,AcademicPapers.scinet,PROTECTED,200,176,,DDoS-Guard
2026-09-30T14:39:33.364580+00:00,AcademicPapers,AcademicPapers.scinet,PROTECTED,200,416,,DDoS-Guard
2026-09-30T14:40:34.397705+00:00,AcademicPapers,AcademicPapers.scinet,PROTECTED,200,815,,DDoS-Guard
2026-09-30T14:41:34.429707+00:00,AcademicPapers,AcademicPapers.scinet,PROTECTED,200,388,,DDoS-Guard
2026-09-30T14:42:35.200230+00:00,AcademicPapers,AcademicPapers.scinet,PROTECTED,200,862,,DDoS-Guard
2026-09-30T14:43:35.126224+00:00,AcademicPapers,AcademicPapers.scinet,PROTECTED,200,693,,DDoS-Guard
2026-09-30T14:44:35.296350+00:00,AcademicPapers,AcademicPapers.scinet,PROTECTED,200,837,,DDoS-Guard
2026-09-30T14:45:35.653233+00:00,AcademicPapers,AcademicPapers.scinet,PROTECTED,200,323,,DDoS-Guard
2026-09-30T14:46:36.395932+00:00,AcademicPapers,AcademicPapers.scinet,PROTECTED,200,777,,DDoS-Guard
2026-09-30T14:47:36.613841+00:00,AcademicPapers,AcademicPapers.scinet,PROTECTED,200,769,,DDoS-Guard
2026-09-30T14:48:36.460640+00:00,AcademicPapers,AcademicPapers.scinet,PROTECTED,200,415,,DDoS-Guard
2026-09-30T14:49:37.062002+00:00,AcademicPapers,AcademicPapers.scinet,PROTECTED,200,788,,DDoS-Guard
2026-09-30T14:50:37.355189+00:00,AcademicPapers,AcademicPapers.scinet,PROTECTED,200,782,,DDoS-Guard
2026-09-30T14:51:37.031473+00:00,AcademicPapers,AcademicPapers.scinet,PROTECTED,200,185,,DDoS-Guard
2026-09-30T14:52:37.291916+00:00,AcademicPapers,AcademicPapers.scinet,PROTECTED,200,471,,DDoS-Guard
2026-09-30T14:53:38.027272+00:00,AcademicPapers,AcademicPapers.scinet,PROTECTED,200,936,,DDoS-Guard
2026-09-30T14:54:38.054974+00:00,AcademicPapers,AcademicPapers.scinet,PROTECTED,200,309,,DDoS-Guard
2026-09-30T14:55:38.318671+00:00,AcademicPapers,AcademicPapers.scinet,PROTECTED,200,389,,DDoS-Guard
2026-09-30T14:56:38.511604+00:00,AcademicPapers,AcademicPapers.scinet,PROTECTED,200,379,,DDoS-Guard
2026-09-30T14:57:39.285934+00:00,AcademicPapers,AcademicPapers.scinet,PROTECTED,200,863,,DDoS-Guard
2026-09-30T14:58:39.069654+00:00,AcademicPapers,AcademicPapers.scinet,PROTECTED,200,388,,DDoS-Guard
2026-09-30T14:59:38.945653+00:00,AcademicPapers,AcademicPapers.scinet,PROTECTED,200,295,,DDoS-Guard
2026-09-30T15:00:39.608522+00:00,AcademicPapers,AcademicPapers.scinet,PROTECTED,200,329,,DDoS-Guard
2026-09-30T15:01:40.059421+00:00,AcademicPapers,AcademicPapers.scinet,PROTECTED,200,337,,DDoS-Guard
2026-09-30T15:02:40.145015+00:00,AcademicPapers,AcademicPapers.scinet,PROTECTED,200,361,,DDoS-Guard
2026-09-30T15:03:40.834743+00:00,AcademicPapers,AcademicPapers.scinet,PROTECTED,200,867,,DDoS-Guard
2026-09-30T15:04:40.173263+00:00,AcademicPapers,AcademicPapers.scinet,PROTECTED,200,294,,DDoS-Guard
2026-09-30T15:05:41.420760+00:00,AcademicPapers,AcademicPapers.scinet,PROTECTED,200,787,,DDoS-Guard
2026-09-30T15:06:41.432191+00:00,AcademicPapers,AcademicPapers.scinet,PROTECTED,200,414,,DDoS-Guard
2026-09-30T15:07:42.066885+00:00,AcademicPapers,AcademicPapers.scinet,PROTECTED,200,790,,DDoS-Guard
2026-09-30T15:08:41.575643+00:00,AcademicPapers,AcademicPapers.scinet,PROTECTED,200,315,,DDoS-Guard
2026-09-30T15:09:42.807580+00:00,AcademicPapers,AcademicPapers.scinet,PROTECTED,200,832,,DDoS-Guard
2026-09-30T15:10:42.634781+00:00,AcademicPapers,AcademicPapers.scinet,PROTECTED,200,387,,DDoS-Guard
2026-09-30T15:11:42.893766+00:00,AcademicPapers,AcademicPapers.scinet,PROTECTED,200,904,,DDoS-Guard
2026-09-30T15:12:43.141914+00:00,AcademicPapers,AcademicPapers.scinet,PROTECTED,200,307,,DDoS-Guard
2026-09-30T15:13:43.528136+00:00,AcademicPapers,AcademicPapers.scinet,PROTECTED,200,337,,DDoS-Guard
2026-09-30T15:14:44.073743+00:00,AcademicPapers,AcademicPapers.scinet,PROTECTED,200,794,,DDoS-Guard
2026-09-30T15:15:44.306714+00:00,AcademicPapers,AcademicPapers.scinet,PROTECTED,200,804,,DDoS-Guard
2026-09-30T15:16:44.789769+00:00,AcademicPapers,AcademicPapers.scinet,PROTECTED,200,475,,DDoS-Guard
2026-09-30T15:17:45.012932+00:00,AcademicPapers,AcademicPapers.scinet,PROTECTED,200,676,,DDoS-Guard
2026-09-30T15:18:45.095149+00:00,AcademicPapers,AcademicPapers.scinet,PROTECTED,200,416,,DDoS-Guard
2026-09-30T15:19:45.710573+00:00,AcademicPapers,AcademicPapers.scinet,PROTECTED,200,851,,DDoS-Guard
2026-09-30T15:20:45.812428+00:00,AcademicPapers,AcademicPapers.scinet,PROTECTED,200,745,,DDoS-Guard
2026-09-30T15:21:46.449594+00:00,AcademicPapers,AcademicPapers.scinet,PROTECTED,200,898,,DDoS-Guard
2026-09-30T15:22:46.814262+00:00,AcademicPapers,AcademicPapers.scinet,PROTECTED,200,803,,DDoS-Guard
2026-09-30T15:23:46.236456+00:00,AcademicPapers,AcademicPapers.scinet,PROTECTED,200,299,,DDoS-Guard
2026-09-30T15:24:46.481132+00:00,AcademicPapers,AcademicPapers.scinet,PROTECTED,200,349,,DDoS-Guard
2026-09-30T15:25:47.265680+00:00,AcademicPapers,AcademicPapers.scinet,PROTECTED,200,414,,DDoS-Guard
2026-09-30T15:26:47.591716+00:00,AcademicPapers,AcademicPapers.scinet,PROTECTED,200,355,,DDoS-Guard
2026-09-30T15:27:48.035137+00:00,AcademicPapers,AcademicPapers.scinet,PROTECTED,200,714,,DDoS-Guard
2026-09-30T15:28:47.738225+00:00,AcademicPapers,AcademicPapers.scinet,PROTECTED,200,351,,DDoS-Guard
2026-09-30T15:29:47.851974+00:00,AcademicPapers,AcademicPapers.scinet,PROTECTED,200,309,,DDoS-Guard
2026-09-30T15:30:48.469979+00:00,AcademicPapers,AcademicPapers.scinet,PROTECTED,200,896,,DDoS-Guard
2026-09-30T15:31:48.702616+00:00,AcademicPapers,AcademicPapers.scinet,PROTECTED,200,408,,DDoS-Guard
2026-09-30T15:32:49.169732+00:00,AcademicPapers,AcademicPapers.scinet,PROTECTED,200,308,,DDoS-Guard
2026-09-30T15:33:49.707566+00:00,AcademicPapers,AcademicPapers.scinet,PROTECTED,200,778,,DDoS-Guard
2026-09-30T15:34:49.320331+00:00,AcademicPapers,AcademicPapers.scinet,PROTECTED,200,360,,DDoS-Guard
2026-09-30T15:35:50.404047+00:00,AcademicPapers,AcademicPapers.scinet,PROTECTED,200,759,,DDoS-Guard
2026-09-30T15:36:50.153174+00:00,AcademicPapers,AcademicPapers.scinet,PROTECTED,200,419,,DDoS-Guard
2026-09-30T15:37:50.974141+00:00,AcademicPapers,AcademicPapers.scinet,PROTECTED,200,687,,DDoS-Guard
2026-09-30T15:38:50.950208+00:00,AcademicPapers,AcademicPapers.scinet,PROTECTED,200,340,,DDoS-Guard
2026-09-30T15:39:51.300555+00:00,AcademicPapers,AcademicPapers.scinet,PROTECTED,200,441,,DDoS-Guard
2026-09-30T15:40:51.676640+00:00,AcademicPapers,AcademicPapers.scinet,PROTECTED,200,792,,DDoS-Guard
2026-09-30T15:41:51.031656+00:00,AcademicPapers,AcademicPapers.scinet,PROTECTED,200,188,,DDoS-Guard
2026-09-30T15:42:52.145033+00:00,AcademicPapers,AcademicPapers.scinet,PROTECTED,200,398,,DDoS-Guard
2026-09-30T15:43:52.735475+00:00,AcademicPapers,AcademicPapers.scinet,PROTECTED,200,398,,DDoS-Guard
2026-09-30T15:44:52.671792+00:00,AcademicPapers,AcademicPapers.scinet,PROTECTED,200,307,,DDoS-Guard
2026-09-30T15:45:53.879596+00:00,AcademicPapers,AcademicPapers.scinet,PROTECTED,200,878,,DDoS-Guard
2026-09-30T15:46:54.016602+00:00,AcademicPapers,AcademicPapers.scinet,PROTECTED,200,811,,DDoS-Guard
2026-09-30T15:47:53.894542+00:00,AcademicPapers,AcademicPapers.scinet,PROTECTED,200,382,,DDoS-Guard
2026-09-30T15:48:54.812593+00:00,AcademicPapers,AcademicPapers.scinet,PROTECTED,200,496,,DDoS-Guard
2026-09-30T15:49:55.035973+00:00,AcademicPapers,AcademicPapers.scinet,PROTECTED,200,414,,DDoS-Guard
2026-09-30T15:50:55.539902+00:00,AcademicPapers,AcademicPapers.scinet,PROTECTED,200,401,,DDoS-Guard
2026-09-30T15:51:56.025845+00:00,AcademicPapers,AcademicPapers.scinet,PROTECTED,200,451,,DDoS-Guard
2026-09-30T15:52:56.215771+00:00,AcademicPapers,AcademicPapers.scinet,PROTECTED,200,403,,DDoS-Guard
2026-09-30T15:53:56.205815+00:00,AcademicPapers,AcademicPapers.scinet,PROTECTED,200,333,,DDoS-Guard
2026-09-30T15:54:56.765258+00:00,AcademicPapers,AcademicPapers.scinet,PROTECTED,200,760,,DDoS-Guard
2026-09-30T15:55:56.965260+00:00,AcademicPapers,AcademicPapers.scinet,PROTECTED,200,316,,DDoS-Guard
2026-09-30T15:56:57.723379+00:00,AcademicPapers,AcademicPapers.scinet,PROTECTED,200,385,,DDoS-Guard
2026-09-30T15:57:58.168423+00:00,AcademicPapers,AcademicPapers.scinet,PROTECTED,200,515,,DDoS-Guard
2026-09-30T15:58:58.586245+00:00,AcademicPapers,AcademicPapers.scinet,PROTECTED,200,422,,DDoS-Guard
2026-09-30T15:59:59.041821+00:00,AcademicPapers,AcademicPapers.scinet,PROTECTED,200,328,,DDoS-Guard
2026-09-30T16:00:59.885973+00:00,AcademicPapers,AcademicPapers.scinet,PROTECTED,200,400,,DDoS-Guard
2026-09-30T16:02:00.193922+00:00,AcademicPapers,AcademicPapers.scinet,PROTECTED,200,380,,DDoS-Guard
2026-09-30T16:03:00.677030+00:00,AcademicPapers,AcademicPapers.scinet,PROTECTED,200,532,,DDoS-Guard
2026-09-30T16:04:01.176116+00:00,AcademicPapers,AcademicPapers.scinet,PROTECTED,200,673,,DDoS-Guard
2026-09-30T16:05:01.764089+00:00,AcademicPapers,AcademicPapers.scinet,PROTECTED,200,553,,DDoS-Guard
2026-09-30T16:06:01.599403+00:00,AcademicPapers,AcademicPapers.scinet,PROTECTED,200,332,,DDoS-Guard
2026-09-30T16:07:02.503181+00:00,AcademicPapers,AcademicPapers.scinet,PROTECTED,200,412,,DDoS-Guard
2026-09-30T16:08:03.034973+00:00,AcademicPapers,AcademicPapers.scinet,PROTECTED,200,391,,DDoS-Guard
2026-09-30T16:09:02.603664+00:00,AcademicPapers,AcademicPapers.scinet,PROTECTED,200,192,,DDoS-Guard
2026-09-30T16:10:03.883723+00:00,AcademicPapers,AcademicPapers.scinet,PROTECTED,200,580,,DDoS-Guard
2026-09-30T16:11:03.877360+00:00,AcademicPapers,AcademicPapers.scinet,PROTECTED,200,388,,DDoS-Guard
2026-09-30T16:12:04.496750+00:00,AcademicPapers,AcademicPapers.scinet,PROTECTED,200,412,,DDoS-Guard
2026-09-30T16:13:05.282777+00:00,AcademicPapers,AcademicPapers.scinet,PROTECTED,200,843,,DDoS-Guard
2026-09-30T16:14:05.132783+00:00,AcademicPapers,AcademicPapers.scinet,PROTECTED,200,338,,DDoS-Guard
2026-09-30T16:15:05.858017+00:00,AcademicPapers,AcademicPapers.scinet,PROTECTED,200,466,,DDoS-Guard
2026-09-30T16:16:06.536534+00:00,AcademicPapers,AcademicPapers.scinet,PROTECTED,200,768,,DDoS-Guard
2026-09-30T16:17:07.229990+00:00,AcademicPapers,AcademicPapers.scinet,PROTECTED,200,919,,DDoS-Guard
2026-09-30T16:18:07.312933+00:00,AcademicPapers,AcademicPapers.scinet,PROTECTED,200,777,,DDoS-Guard
2026-09-30T16:19:07.037122+00:00,AcademicPapers,AcademicPapers.scinet,PROTECTED,200,403,,DDoS-Guard
2026-09-30T16:20:07.685916+00:00,AcademicPapers,AcademicPapers.scinet,PROTECTED,200,429,,DDoS-Guard
2026-09-30T16:21:08.059592+00:00,AcademicPapers,AcademicPapers.scinet,PROTECTED,200,388,,DDoS-Guard
2026-09-30T16:22:08.525520+00:00,AcademicPapers,AcademicPapers.scinet,PROTECTED,200,541,,DDoS-Guard
2026-09-30T16:23:08.700738+00:00,AcademicPapers,AcademicPapers.scinet,PROTECTED,200,385,,DDoS-Guard
2026-09-30T16:24:08.850478+00:00,AcademicPapers,AcademicPapers.scinet,PROTECTED,200,393,,DDoS-Guard
2026-09-30T16:25:09.501771+00:00,AcademicPapers,AcademicPapers.scinet,PROTECTED,200,306,,DDoS-Guard
2026-09-30T16:26:09.984006+00:00,AcademicPapers,AcademicPapers.scinet,PROTECTED,200,487,,DDoS-Guard
2026-09-30T16:27:10.466710+00:00,AcademicPapers,AcademicPapers.scinet,PROTECTED,200,600,,DDoS-Guard
2026-09-30T16:28:10.505519+00:00,AcademicPapers,AcademicPapers.scinet,PROTECTED,200,185,,DDoS-Guard
2026-09-30T16:29:11.095469+00:00,AcademicPapers,AcademicPapers.scinet,PROTECTED,200,323,,DDoS-Guard
2026-09-30T16:30:11.555728+00:00,AcademicPapers,AcademicPapers.scinet,PROTECTED,200,383,,DDoS-Guard
2026-09-30T16:31:12.050642+00:00,AcademicPapers,AcademicPapers.scinet,PROTECTED,200,307,,DDoS-Guard
2026-09-30T16:32:12.381600+00:00,AcademicPapers,AcademicPapers.scinet,PROTECTED,200,321,,DDoS-Guard
2026-09-30T16:33:12.538738+00:00,AcademicPapers,AcademicPapers.scinet,PROTECTED,200,306,,DDoS-Guard
2026-09-30T16:34:12.981091+00:00,AcademicPapers,AcademicPapers.scinet,PROTECTED,200,733,,DDoS-Guard
2026-09-30T16:35:12.801864+00:00,AcademicPapers,AcademicPapers.scinet,PROTECTED,200,395,,DDoS-Guard
2026-09-30T16:36:13.370699+00:00,AcademicPapers,AcademicPapers.scinet,PROTECTED,200,396,,DDoS-Guard
2026-09-30T16:37:13.832994+00:00,AcademicPapers,AcademicPapers.scinet,PROTECTED,200,323,,DDoS-Guard
2026-09-30T16:38:14.069701+00:00,AcademicPapers,AcademicPapers.scinet,PROTECTED,200,322,,DDoS-Guard
2026-09-30T16:39:14.124574+00:00,AcademicPapers,AcademicPapers.scinet,PROTECTED,200,392,,DDoS-Guard
2026-09-30T16:40:14.487785+00:00,AcademicPapers,AcademicPapers.scinet,PROTECTED,200,412,,DDoS-Guard
2026-09-30T16:41:14.736930+00:00,AcademicPapers,AcademicPapers.scinet,PROTECTED,200,718,,DDoS-Guard
2026-09-30T16:42:15.349472+00:00,AcademicPapers,AcademicPapers.scinet,PROTECTED,200,805,,DDoS-Guard
2026-09-30T16:43:15.010062+00:00,AcademicPapers,AcademicPapers.scinet,PROTECTED,200,501,,DDoS-Guard
2026-09-30T16:44:15.286413+00:00,AcademicPapers,AcademicPapers.scinet,PROTECTED,200,386,,DDoS-Guard
2026-09-30T16:45:15.238464+00:00,AcademicPapers,AcademicPapers.scinet,PROTECTED,200,319,,DDoS-Guard
2026-09-30T16:46:16.552973+00:00,AcademicPapers,AcademicPapers.scinet,PROTECTED,200,868,,DDoS-Guard
2026-09-30T16:47:16.374715+00:00,AcademicPapers,AcademicPapers.scinet,PROTECTED,200,411,,DDoS-Guard
2026-09-30T16:48:16.395913+00:00,AcademicPapers,AcademicPapers.scinet,PROTECTED,200,394,,DDoS-Guard
2026-09-30T16:49:17.082801+00:00,AcademicPapers,AcademicPapers.scinet,PROTECTED,200,329,,DDoS-Guard
2026-09-30T16:50:17.497262+00:00,AcademicPapers,AcademicPapers.scinet,PROTECTED,200,330,,DDoS-Guard
2026-09-30T16:51:17.135631+00:00,AcademicPapers,AcademicPapers.scinet,PROTECTED,200,184,,DDoS-Guard
2026-09-30T16:52:17.706887+00:00,AcademicPapers,AcademicPapers.scinet,PROTECTED,200,395,,DDoS-Guard
2026-09-30T16:53:18.642629+00:00,AcademicPapers,AcademicPapers.scinet,PROTECTED,200,701,,DDoS-Guard
2026-09-30T16:54:18.478686+00:00,AcademicPapers,AcademicPapers.scinet,PROTECTED,200,392,,DDoS-Guard
2026-09-30T16:55:18.550233+00:00,AcademicPapers,AcademicPapers.scinet,PROTECTED,200,400,,DDoS-Guard
2026-09-30T16:56:19.556197+00:00,AcademicPapers,AcademicPapers.scinet,PROTECTED,200,378,,DDoS-Guard
2026-09-30T16:57:19.793953+00:00,AcademicPapers,AcademicPapers.scinet,PROTECTED,200,405,,DDoS-Guard
2026-09-30T16:58:20.252830+00:00,AcademicPapers,AcademicPapers.scinet,PROTECTED,200,431,,DDoS-Guard
2026-09-30T16:59:20.543726+00:00,AcademicPapers,AcademicPapers.scinet,PROTECTED,200,395,,DDoS-Guard
2026-09-30T17:00:20.918042+00:00,AcademicPapers,AcademicPapers.scinet,PROTECTED,200,430,,DDoS-Guard
2026-09-30T17:01:22.125736+00:00,AcademicPapers,AcademicPapers.scinet,PROTECTED,200,922,,DDoS-Guard
2026-09-30T17:02:22.159351+00:00,AcademicPapers,AcademicPapers.scinet,PROTECTED,200,447,,DDoS-Guard
2026-09-30T17:03:22.278744+00:00,AcademicPapers,AcademicPapers.scinet,PROTECTED,200,405,,DDoS-Guard
2026-09-30T17:04:22.404198+00:00,AcademicPapers,AcademicPapers.scinet,PROTECTED,200,312,,DDoS-Guard
2026-09-30T17:05:23.378890+00:00,AcademicPapers,AcademicPapers.scinet,PROTECTED,200,573,,DDoS-Guard
2026-09-30T17:06:23.876899+00:00,AcademicPapers,AcademicPapers.scinet,PROTECTED,200,489,,DDoS-Guard
2026-09-30T17:07:24.354480+00:00,AcademicPapers,AcademicPapers.scinet,PROTECTED,200,709,,DDoS-Guard
2026-09-30T17:08:24.519735+00:00,AcademicPapers,AcademicPapers.scinet,PROTECTED,200,787,,DDoS-Guard
2026-09-30T17:09:24.282558+00:00,AcademicPapers,AcademicPapers.scinet,PROTECTED,200,409,,DDoS-Guard
2026-09-30T17:10:25.455937+00:00,AcademicPapers,AcademicPapers.scinet,PROTECTED,200,854,,DDoS-Guard
2026-09-30T17:11:25.927532+00:00,AcademicPapers,AcademicPapers.scinet,PROTECTED,200,763,,DDoS-Guard
2026-09-30T17:12:25.667763+00:00,AcademicPapers,AcademicPapers.scinet,PROTECTED,200,401,,DDoS-Guard
2026-09-30T17:13:25.776070+00:00,AcademicPapers,AcademicPapers.scinet,PROTECTED,200,408,,DDoS-Guard
2026-09-30T17:14:25.910869+00:00,AcademicPapers,AcademicPapers.scinet,PROTECTED,200,319,,DDoS-Guard
2026-09-30T17:15:26.598505+00:00,AcademicPapers,AcademicPapers.scinet,PROTECTED,200,400,,DDoS-Guard
2026-09-30T17:16:26.971722+00:00,AcademicPapers,AcademicPapers.scinet,PROTECTED,200,427,,DDoS-Guard
2026-09-30T17:17:26.505639+00:00,AcademicPapers,AcademicPapers.scinet,PROTECTED,200,202,,DDoS-Guard
2026-09-30T17:18:27.719661+00:00,AcademicPapers,AcademicPapers.scinet,PROTECTED,200,376,,DDoS-Guard
2026-09-30T17:19:27.952484+00:00,AcademicPapers,AcademicPapers.scinet,PROTECTED,200,410,,DDoS-Guard
2026-09-30T17:20:28.115444+00:00,AcademicPapers,AcademicPapers.scinet,PROTECTED,200,573,,DDoS-Guard
2026-09-30T17:21:29.091126+00:00,AcademicPapers,AcademicPapers.scinet,PROTECTED,200,400,,DDoS-Guard
2026-09-30T17:22:29.378402+00:00,AcademicPapers,AcademicPapers.scinet,PROTECTED,200,328,,DDoS-Guard
2026-09-30T17:23:29.998525+00:00,AcademicPapers,AcademicPapers.scinet,PROTECTED,200,391,,DDoS-Guard
2026-09-30T17:24:30.157248+00:00,AcademicPapers,AcademicPapers.scinet,PROTECTED,200,331,,DDoS-Guard
2026-09-30T17:25:30.481814+00:00,AcademicPapers,AcademicPapers.scinet,PROTECTED,200,416,,DDoS-Guard
2026-09-30T17:26:31.152850+00:00,AcademicPapers,AcademicPapers.scinet,PROTECTED,200,548,,DDoS-Guard
2026-09-30T17:27:31.157927+00:00,AcademicPapers,AcademicPapers.scinet,PROTECTED,200,171,,DDoS-Guard
2026-09-30T17:28:31.459409+00:00,AcademicPapers,AcademicPapers.scinet,PROTECTED,200,331,,DDoS-Guard
2026-09-30T17:29:31.698604+00:00,AcademicPapers,AcademicPapers.scinet,PROTECTED,200,388,,DDoS-Guard
2026-09-30T17:30:31.501910+00:00,AcademicPapers,AcademicPapers.scinet,PROTECTED,200,214,,DDoS-Guard
2026-09-30T17:31:33.155781+00:00,AcademicPapers,AcademicPapers.scinet,PROTECTED,200,789,,DDoS-Guard
2026-09-30T17:32:33.221755+00:00,AcademicPapers,AcademicPapers.scinet,PROTECTED,200,317,,DDoS-Guard
2026-09-30T17:33:33.530609+00:00,AcademicPapers,AcademicPapers.scinet,PROTECTED,200,404,,DDoS-Guard
2026-09-30T17:34:33.911752+00:00,AcademicPapers,AcademicPapers.scinet,PROTECTED,200,801,,DDoS-Guard
2026-09-30T17:35:34.358027+00:00,AcademicPapers,AcademicPapers.scinet,PROTECTED,200,581,,DDoS-Guard
2026-09-30T17:36:34.383784+00:00,AcademicPapers,AcademicPapers.scinet,PROTECTED,200,401,,DDoS-Guard
2026-09-30T17:37:34.509336+00:00,AcademicPapers,AcademicPapers.scinet,PROTECTED,200,385,,DDoS-Guard
2026-09-30T17:38:34.961541+00:00,AcademicPapers,AcademicPapers.scinet,PROTECTED,200,613,,DDoS-Guard
2026-09-30T17:39:34.951560+00:00,AcademicPapers,AcademicPapers.scinet,PROTECTED,200,709,,DDoS-Guard
2026-09-30T17:40:34.290700+00:00,AcademicPapers,AcademicPapers.scinet,PROTECTED,200,182,,DDoS-Guard
2026-09-30T17:41:35.445626+00:00,AcademicPapers,AcademicPapers.scinet,PROTECTED,200,321,,DDoS-Guard
2026-09-30T17:42:35.671078+00:00,AcademicPapers,AcademicPapers.scinet,PROTECTED,200,396,,DDoS-Guard
2026-09-30T17:43:35.942077+00:00,AcademicPapers,AcademicPapers.scinet,PROTECTED,200,530,,DDoS-Guard
2026-09-30T17:44:36.491277+00:00,AcademicPapers,AcademicPapers.scinet,PROTECTED,200,501,,DDoS-Guard
2026-09-30T17:45:37.118740+00:00,AcademicPapers,AcademicPapers.scinet,PROTECTED,200,772,,DDoS-Guard
2026-09-30T17:46:36.662072+00:00,AcademicPapers,AcademicPapers.scinet,PROTECTED,200,555,,DDoS-Guard
2026-09-30T17:47:37.350842+00:00,AcademicPapers,AcademicPapers.scinet,PROTECTED,200,389,,DDoS-Guard
2026-09-30T17:48:38.004159+00:00,AcademicPapers,AcademicPapers.scinet,PROTECTED,200,843,,DDoS-Guard
2026-09-30T17:49:37.498943+00:00,AcademicPapers,AcademicPapers.scinet,PROTECTED,200,297,,DDoS-Guard
2026-09-30T17:50:37.848715+00:00,AcademicPapers,AcademicPapers.scinet,PROTECTED,200,391,,DDoS-Guard
2026-09-30T17:51:39.044352+00:00,AcademicPapers,AcademicPapers.scinet,PROTECTED,200,792,,DDoS-Guard
2026-09-30T17:52:39.250763+00:00,AcademicPapers,AcademicPapers.scinet,PROTECTED,200,791,,DDoS-Guard
2026-09-30T17:53:38.685341+00:00,AcademicPapers,AcademicPapers.scinet,PROTECTED,200,573,,DDoS-Guard
2026-09-30T17:54:38.678770+00:00,AcademicPapers,AcademicPapers.scinet,DOWN,,,connection_refused,
2026-09-30T17:55:39.720903+00:00,AcademicPapers,AcademicPapers.scinet,PROTECTED,200,310,,DDoS-Guard
2026-09-30T17:56:40.032735+00:00,AcademicPapers,AcademicPapers.scinet,PROTECTED,200,388,,DDoS-Guard
2026-09-30T17:57:41.295481+00:00,AcademicPapers,AcademicPapers.scinet,PROTECTED,200,1232,,DDoS-Guard
2026-09-30T17:58:40.528664+00:00,AcademicPapers,AcademicPapers.scinet,PROTECTED,200,894,,DDoS-Guard
2026-09-30T17:59:40.901273+00:00,AcademicPapers,AcademicPapers.scinet,PROTECTED,200,764,,DDoS-Guard
2026-09-30T18:00:41.188625+00:00,AcademicPapers,AcademicPapers.scinet,PROTECTED,200,542,,DDoS-Guard
2026-09-30T18:01:41.272139+00:00,AcademicPapers,AcademicPapers.scinet,PROTECTED,200,410,,DDoS-Guard
2026-09-30T18:02:41.917071+00:00,AcademicPapers,AcademicPapers.scinet,PROTECTED,200,718,,DDoS-Guard
2026-09-30T18:03:42.194935+00:00,AcademicPapers,AcademicPapers.scinet,PROTECTED,200,814,,DDoS-Guard
2026-09-30T18:04:42.453617+00:00,AcademicPapers,AcademicPapers.scinet,PROTECTED,200,424,,DDoS-Guard
2026-09-30T18:05:43.084014+00:00,AcademicPapers,AcademicPapers.scinet,PROTECTED,200,439,,DDoS-Guard
2026-09-30T18:06:43.568907+00:00,AcademicPapers,AcademicPapers.scinet,PROTECTED,200,703,,DDoS-Guard
2026-09-30T18:07:43.945657+00:00,AcademicPapers,AcademicPapers.scinet,PROTECTED,200,802,,DDoS-Guard
2026-09-30T18:08:44.257549+00:00,AcademicPapers,AcademicPapers.scinet,PROTECTED,200,387,,DDoS-Guard
2026-09-30T18:09:44.797349+00:00,AcademicPapers,AcademicPapers.scinet,PROTECTED,200,435,,DDoS-Guard
2026-09-30T18:10:45.103717+00:00,AcademicPapers,AcademicPapers.scinet,PROTECTED,200,459,,DDoS-Guard
2026-09-30T18:11:45.601374+00:00,AcademicPapers,AcademicPapers.scinet,PROTECTED,200,382,,DDoS-Guard
2026-09-30T18:12:46.557687+00:00,AcademicPapers,AcademicPapers.scinet,PROTECTED,200,826,,DDoS-Guard
2026-09-30T18:13:47.381384+00:00,AcademicPapers,AcademicPapers.scinet,PROTECTED,200,826,,DDoS-Guard
2026-09-30T18:14:47.269504+00:00,AcademicPapers,AcademicPapers.scinet,PROTECTED,200,312,,DDoS-Guard
2026-09-30T18:15:47.590749+00:00,AcademicPapers,AcademicPapers.scinet,PROTECTED,200,313,,DDoS-Guard
2026-09-30T18:16:47.912683+00:00,AcademicPapers,AcademicPapers.scinet,PROTECTED,200,383,,DDoS-Guard
2026-09-30T18:17:48.111881+00:00,AcademicPapers,AcademicPapers.scinet,PROTECTED,200,467,,DDoS-Guard
2026-09-30T18:18:48.660963+00:00,AcademicPapers,AcademicPapers.scinet,PROTECTED,200,321,,DDoS-Guard
2026-09-30T18:19:48.981987+00:00,AcademicPapers,AcademicPapers.scinet,PROTECTED,200,445,,DDoS-Guard
2026-09-30T18:20:49.275785+00:00,AcademicPapers,AcademicPapers.scinet,PROTECTED,200,383,,DDoS-Guard
2026-09-30T18:21:49.274530+00:00,AcademicPapers,AcademicPapers.scinet,PROTECTED,200,313,,DDoS-Guard
2026-09-30T18:22:50.070185+00:00,AcademicPapers,AcademicPapers.scinet,PROTECTED,200,452,,DDoS-Guard
2026-09-30T18:23:50.672542+00:00,AcademicPapers,AcademicPapers.scinet,PROTECTED,200,986,,DDoS-Guard
2026-09-30T18:24:50.505737+00:00,AcademicPapers,AcademicPapers.scinet,PROTECTED,200,329,,DDoS-Guard
2026-09-30T18:25:51.319206+00:00,AcademicPapers,AcademicPapers.scinet,PROTECTED,200,402,,DDoS-Guard
2026-09-30T18:26:51.682712+00:00,AcademicPapers,AcademicPapers.scinet,PROTECTED,200,323,,DDoS-Guard
2026-09-30T18:27:52.029113+00:00,AcademicPapers,AcademicPapers.scinet,PROTECTED,200,399,,DDoS-Guard
2026-09-30T18:28:52.785327+00:00,AcademicPapers,AcademicPapers.scinet,PROTECTED,200,415,,DDoS-Guard
2026-09-30T18:29:52.921563+00:00,AcademicPapers,AcademicPapers.scinet,PROTECTED,200,411,,DDoS-Guard
2026-09-30T18:30:53.821269+00:00,AcademicPapers,AcademicPapers.scinet,PROTECTED,200,802,,DDoS-Guard
2026-09-30T18:31:53.399045+00:00,AcademicPapers,AcademicPapers.scinet,PROTECTED,200,349,,DDoS-Guard
2026-09-30T18:32:54.565186+00:00,AcademicPapers,AcademicPapers.scinet,PROTECTED,200,809,,DDoS-Guard
2026-09-30T18:33:54.202660+00:00,AcademicPapers,AcademicPapers.scinet,PROTECTED,200,180,,DDoS-Guard
2026-09-30T18:34:54.715986+00:00,AcademicPapers,AcademicPapers.scinet,PROTECTED,200,345,,DDoS-Guard
2026-09-30T18:35:55.523224+00:00,AcademicPapers,AcademicPapers.scinet,PROTECTED,200,359,,DDoS-Guard
2026-09-30T18:36:56.698684+00:00,AcademicPapers,AcademicPapers.scinet,PROTECTED,200,967,,DDoS-Guard
2026-09-30T18:37:56.488424+00:00,AcademicPapers,AcademicPapers.scinet,PROTECTED,200,613,,DDoS-Guard
2026-09-30T18:38:56.348693+00:00,AcademicPapers,AcademicPapers.scinet,PROTECTED,200,595,,DDoS-Guard
2026-09-30T18:39:56.888470+00:00,AcademicPapers,AcademicPapers.scinet,PROTECTED,200,388,,DDoS-Guard
2026-09-30T18:40:57.202570+00:00,AcademicPapers,AcademicPapers.scinet,PROTECTED,200,416,,DDoS-Guard
2026-09-30T18:41:57.328831+00:00,AcademicPapers,AcademicPapers.scinet,PROTECTED,200,392,,DDoS-Guard
2026-09-30T18:42:57.906597+00:00,AcademicPapers,AcademicPapers.scinet,PROTECTED,200,562,,DDoS-Guard
2026-09-30T18:43:58.579092+00:00,AcademicPapers,AcademicPapers.scinet,PROTECTED,200,766,,DDoS-Guard
2026-09-30T18:44:58.776241+00:00,AcademicPapers,AcademicPapers.scinet,PROTECTED,200,811,,DDoS-Guard
2026-09-30T18:45:58.726116+00:00,AcademicPapers,AcademicPapers.scinet,PROTECTED,200,582,,DDoS-Guard
2026-09-30T18:46:59.824898+00:00,AcademicPapers,AcademicPapers.scinet,PROTECTED,200,539,,DDoS-Guard
2026-09-30T18:48:01.001430+00:00,AcademicPapers,AcademicPapers.scinet,PROTECTED,200,532,,DDoS-Guard
2026-09-30T18:49:01.070215+00:00,AcademicPapers,AcademicPapers.scinet,PROTECTED,200,180,,DDoS-Guard
2026-09-30T18:50:03.140738+00:00,AcademicPapers,AcademicPapers.scinet,PROTECTED,200,1114,,DDoS-Guard
2026-09-30T18:51:02.230856+00:00,AcademicPapers,AcademicPapers.scinet,PROTECTED,200,415,,DDoS-Guard
2026-09-30T18:52:03.095878+00:00,AcademicPapers,AcademicPapers.scinet,PROTECTED,200,444,,DDoS-Guard
2026-09-30T18:53:03.535637+00:00,AcademicPapers,AcademicPapers.scinet,PROTECTED,200,490,,DDoS-Guard
2026-09-30T18:54:03.767884+00:00,AcademicPapers,AcademicPapers.scinet,PROTECTED,200,449,,DDoS-Guard
2026-09-30T18:55:04.687691+00:00,AcademicPapers,AcademicPapers.scinet,PROTECTED,200,932,,DDoS-Guard
2026-09-30T18:56:04.888672+00:00,AcademicPapers,AcademicPapers.scinet,PROTECTED,200,774,,DDoS-Guard
2026-09-30T18:57:05.061448+00:00,AcademicPapers,AcademicPapers.scinet,PROTECTED,200,792,,DDoS-Guard
2026-09-30T18:58:05.473218+00:00,AcademicPapers,AcademicPapers.scinet,PROTECTED,200,512,,DDoS-Guard
2026-09-30T18:59:06.293571+00:00,AcademicPapers,AcademicPapers.scinet,PROTECTED,200,784,,DDoS-Guard
2026-09-30T19:00:05.480750+00:00,AcademicPapers,AcademicPapers.scinet,PROTECTED,200,202,,DDoS-Guard
2026-09-30T19:01:06.611798+00:00,AcademicPapers,AcademicPapers.scinet,PROTECTED,200,398,,DDoS-Guard
2026-09-30T19:02:07.340795+00:00,AcademicPapers,AcademicPapers.scinet,PROTECTED,200,405,,DDoS-Guard
2026-09-30T19:03:07.713372+00:00,AcademicPapers,AcademicPapers.scinet,PROTECTED,200,390,,DDoS-Guard
2026-09-30T19:04:08.119765+00:00,AcademicPapers,AcademicPapers.scinet,PROTECTED,200,416,,DDoS-Guard
2026-09-30T19:05:09.080918+00:00,AcademicPapers,AcademicPapers.scinet,PROTECTED,200,853,,DDoS-Guard
2026-09-30T19:06:09.274855+00:00,AcademicPapers,AcademicPapers.scinet,PROTECTED,200,402,,DDoS-Guard
2026-09-30T19:07:09.135752+00:00,AcademicPapers,AcademicPapers.scinet,PROTECTED,200,297,,DDoS-Guard
2026-09-30T19:08:09.711906+00:00,AcademicPapers,AcademicPapers.scinet,PROTECTED,200,332,,DDoS-Guard
2026-09-30T19:09:10.303708+00:00,AcademicPapers,AcademicPapers.scinet,PROTECTED,200,385,,DDoS-Guard
2026-09-30T19:10:10.708798+00:00,AcademicPapers,AcademicPapers.scinet,PROTECTED,200,429,,DDoS-Guard
2026-09-30T19:11:11.097592+00:00,AcademicPapers,AcademicPapers.scinet,PROTECTED,200,412,,DDoS-Guard
2026-09-30T19:12:11.783481+00:00,AcademicPapers,AcademicPapers.scinet,PROTECTED,200,861,,DDoS-Guard
2026-09-30T19:13:12.205721+00:00,AcademicPapers,AcademicPapers.scinet,PROTECTED,200,399,,DDoS-Guard
2026-09-30T19:14:12.498821+00:00,AcademicPapers,AcademicPapers.scinet,PROTECTED,200,318,,DDoS-Guard
2026-09-30T19:15:12.821941+00:00,AcademicPapers,AcademicPapers.scinet,PROTECTED,200,401,,DDoS-Guard
2026-09-30T19:16:12.941670+00:00,AcademicPapers,AcademicPapers.scinet,PROTECTED,200,388,,DDoS-Guard
2026-09-30T19:17:13.990243+00:00,AcademicPapers,AcademicPapers.scinet,PROTECTED,200,796,,DDoS-Guard
2026-09-30T19:18:14.271441+00:00,AcademicPapers,AcademicPapers.scinet,PROTECTED,200,319,,DDoS-Guard
2026-09-30T19:19:14.697104+00:00,AcademicPapers,AcademicPapers.scinet,PROTECTED,200,438,,DDoS-Guard
2026-09-30T19:20:15.073848+00:00,AcademicPapers,AcademicPapers.scinet,PROTECTED,200,413,,DDoS-Guard
2026-09-30T19:21:15.100165+00:00,AcademicPapers,AcademicPapers.scinet,PROTECTED,200,308,,DDoS-Guard
2026-09-30T19:22:15.278361+00:00,AcademicPapers,AcademicPapers.scinet,PROTECTED,200,329,,DDoS-Guard
2026-09-30T19:23:16.530064+00:00,AcademicPapers,AcademicPapers.scinet,PROTECTED,200,703,,DDoS-Guard
2026-09-30T19:24:16.335566+00:00,AcademicPapers,AcademicPapers.scinet,PROTECTED,200,448,,DDoS-Guard
2026-09-30T19:25:16.436870+00:00,AcademicPapers,AcademicPapers.scinet,PROTECTED,200,305,,DDoS-Guard
2026-09-30T19:26:17.105993+00:00,AcademicPapers,AcademicPapers.scinet,PROTECTED,200,951,,DDoS-Guard
2026-09-30T19:27:17.111176+00:00,AcademicPapers,AcademicPapers.scinet,PROTECTED,200,340,,DDoS-Guard
2026-09-30T19:28:17.444733+00:00,AcademicPapers,AcademicPapers.scinet,PROTECTED,200,592,,DDoS-Guard
2026-09-30T19:29:18.322978+00:00,AcademicPapers,AcademicPapers.scinet,PROTECTED,200,908,,DDoS-Guard
2026-09-30T19:30:18.587574+00:00,AcademicPapers,AcademicPapers.scinet,PROTECTED,200,559,,DDoS-Guard
2026-09-30T19:31:19.558939+00:00,AcademicPapers,AcademicPapers.scinet,PROTECTED,200,906,,DDoS-Guard
2026-09-30T19:32:19.670620+00:00,AcademicPapers,AcademicPapers.scinet,PROTECTED,200,553,,DDoS-Guard
2026-09-30T19:33:20.546921+00:00,AcademicPapers,AcademicPapers.scinet,PROTECTED,200,712,,DDoS-Guard
2026-09-30T19:34:20.192561+00:00,AcademicPapers,AcademicPapers.scinet,PROTECTED,200,373,,DDoS-Guard
2026-09-30T19:35:20.706617+00:00,AcademicPapers,AcademicPapers.scinet,PROTECTED,200,827,,DDoS-Guard
2026-09-30T19:36:20.912420+00:00,AcademicPapers,AcademicPapers.scinet,PROTECTED,200,416,,DDoS-Guard
2026-09-30T19:37:21.520874+00:00,AcademicPapers,AcademicPapers.scinet,PROTECTED,200,785,,DDoS-Guard
2026-09-30T19:38:21.560677+00:00,AcademicPapers,AcademicPapers.scinet,PROTECTED,200,387,,DDoS-Guard
2026-09-30T19:39:21.313697+00:00,AcademicPapers,AcademicPapers.scinet,PROTECTED,200,204,,DDoS-Guard
2026-09-30T19:40:22.569760+00:00,AcademicPapers,AcademicPapers.scinet,PROTECTED,200,407,,DDoS-Guard
2026-09-30T19:41:23.197936+00:00,AcademicPapers,AcademicPapers.scinet,PROTECTED,200,419,,DDoS-Guard
2026-09-30T19:42:23.336037+00:00,AcademicPapers,AcademicPapers.scinet,PROTECTED,200,314,,DDoS-Guard
2026-09-30T19:43:23.540689+00:00,AcademicPapers,AcademicPapers.scinet,PROTECTED,200,387,,DDoS-Guard
2026-09-30T19:44:24.110056+00:00,AcademicPapers,AcademicPapers.scinet,PROTECTED,200,386,,DDoS-Guard
2026-09-30T19:45:24.528366+00:00,AcademicPapers,AcademicPapers.scinet,PROTECTED,200,332,,DDoS-Guard
2026-09-30T19:46:24.825949+00:00,AcademicPapers,AcademicPapers.scinet,PROTECTED,200,355,,DDoS-Guard
2026-09-30T19:47:25.201665+00:00,AcademicPapers,AcademicPapers.scinet,PROTECTED,200,318,,DDoS-Guard
2026-09-30T19:48:25.194691+00:00,AcademicPapers,AcademicPapers.scinet,PROTECTED,200,385,,DDoS-Guard
2026-09-30T19:49:25.730223+00:00,AcademicPapers,AcademicPapers.scinet,PROTECTED,200,316,,DDoS-Guard
2026-09-30T19:50:27.087692+00:00,AcademicPapers,AcademicPapers.scinet,PROTECTED,200,805,,DDoS-Guard
2026-09-30T19:51:26.929077+00:00,AcademicPapers,AcademicPapers.scinet,PROTECTED,200,321,,DDoS-Guard
2026-09-30T19:52:27.682939+00:00,AcademicPapers,AcademicPapers.scinet,PROTECTED,200,409,,DDoS-Guard
2026-09-30T19:53:28.031584+00:00,AcademicPapers,AcademicPapers.scinet,PROTECTED,200,306,,DDoS-Guard
2026-09-30T19:54:28.931888+00:00,AcademicPapers,AcademicPapers.scinet,PROTECTED,200,416,,DDoS-Guard
2026-09-30T19:55:29.490128+00:00,AcademicPapers,AcademicPapers.scinet,PROTECTED,200,939,,DDoS-Guard
2026-09-30T19:56:29.814810+00:00,AcademicPapers,AcademicPapers.scinet,PROTECTED,200,845,,DDoS-Guard
2026-09-30T19:57:29.841586+00:00,AcademicPapers,AcademicPapers.scinet,PROTECTED,200,796,,DDoS-Guard
2026-09-30T19:58:29.499035+00:00,AcademicPapers,AcademicPapers.scinet,PROTECTED,200,172,,DDoS-Guard
2026-09-30T19:59:30.716277+00:00,AcademicPapers,AcademicPapers.scinet,PROTECTED,200,444,,DDoS-Guard
2026-09-30T20:00:31.671991+00:00,AcademicPapers,AcademicPapers.scinet,PROTECTED,200,403,,DDoS-Guard
2026-09-30T20:01:32.869109+00:00,AcademicPapers,AcademicPapers.scinet,PROTECTED,200,455,,DDoS-Guard
2026-09-30T20:02:33.087549+00:00,AcademicPapers,AcademicPapers.scinet,PROTECTED,200,398,,DDoS-Guard
2026-09-30T20:03:33.286738+00:00,AcademicPapers,AcademicPapers.scinet,PROTECTED,200,502,,DDoS-Guard
2026-09-30T20:04:33.747935+00:00,AcademicPapers,AcademicPapers.scinet,PROTECTED,200,720,,DDoS-Guard
2026-09-30T20:05:34.448642+00:00,AcademicPapers,AcademicPapers.scinet,PROTECTED,200,696,,DDoS-Guard
2026-09-30T20:06:34.567996+00:00,AcademicPapers,AcademicPapers.scinet,PROTECTED,200,396,,DDoS-Guard
2026-09-30T20:07:35.162912+00:00,AcademicPapers,AcademicPapers.scinet,PROTECTED,200,314,,DDoS-Guard
2026-09-30T20:08:35.463663+00:00,AcademicPapers,AcademicPapers.scinet,PROTECTED,200,386,,DDoS-Guard
2026-09-30T20:09:35.850192+00:00,AcademicPapers,AcademicPapers.scinet,PROTECTED,200,384,,DDoS-Guard
2026-09-30T20:10:36.143113+00:00,AcademicPapers,AcademicPapers.scinet,PROTECTED,200,384,,DDoS-Guard
2026-09-30T20:11:36.048723+00:00,AcademicPapers,AcademicPapers.scinet,PROTECTED,200,320,,DDoS-Guard
2026-09-30T20:12:36.559906+00:00,AcademicPapers,AcademicPapers.scinet,PROTECTED,200,776,,DDoS-Guard
2026-09-30T20:13:36.841558+00:00,AcademicPapers,AcademicPapers.scinet,PROTECTED,200,484,,DDoS-Guard
2026-09-30T20:14:36.928910+00:00,AcademicPapers,AcademicPapers.scinet,PROTECTED,200,308,,DDoS-Guard
2026-09-30T20:15:37.249438+00:00,AcademicPapers,AcademicPapers.scinet,PROTECTED,200,385,,DDoS-Guard
2026-09-30T20:16:37.785708+00:00,AcademicPapers,AcademicPapers.scinet,PROTECTED,200,802,,DDoS-Guard
2026-09-30T20:17:37.892388+00:00,AcademicPapers,AcademicPapers.scinet,PROTECTED,200,318,,DDoS-Guard
2026-09-30T20:18:38.667180+00:00,AcademicPapers,AcademicPapers.scinet,PROTECTED,200,740,,DDoS-Guard
2026-09-30T20:19:38.863263+00:00,AcademicPapers,AcademicPapers.scinet,PROTECTED,200,849,,DDoS-Guard
2026-09-30T20:20:38.890823+00:00,AcademicPapers,AcademicPapers.scinet,PROTECTED,200,420,,DDoS-Guard
2026-09-30T20:21:39.743900+00:00,AcademicPapers,AcademicPapers.scinet,PROTECTED,200,442,,DDoS-Guard
2026-09-30T20:22:39.968789+00:00,AcademicPapers,AcademicPapers.scinet,PROTECTED,200,349,,DDoS-Guard
2026-09-30T20:23:40.528610+00:00,AcademicPapers,AcademicPapers.scinet,PROTECTED,200,703,,DDoS-Guard
2026-09-30T20:24:40.830123+00:00,AcademicPapers,AcademicPapers.scinet,PROTECTED,200,809,,DDoS-Guard
2026-09-30T20:25:40.532028+00:00,AcademicPapers,AcademicPapers.scinet,PROTECTED,200,306,,DDoS-Guard
2026-09-30T20:26:40.910008+00:00,AcademicPapers,AcademicPapers.scinet,PROTECTED,200,399,,DDoS-Guard
2026-09-30T20:27:40.754668+00:00,AcademicPapers,AcademicPapers.scinet,PROTECTED,200,301,,DDoS-Guard
2026-09-30T20:28:41.413694+00:00,AcademicPapers,AcademicPapers.scinet,PROTECTED,200,388,,DDoS-Guard
2026-09-30T20:29:41.389892+00:00,AcademicPapers,AcademicPapers.scinet,PROTECTED,200,308,,DDoS-Guard
2026-09-30T20:30:42.204050+00:00,AcademicPapers,AcademicPapers.scinet,PROTECTED,200,445,,DDoS-Guard
2026-09-30T20:31:42.039713+00:00,AcademicPapers,AcademicPapers.scinet,PROTECTED,200,364,,DDoS-Guard
2026-09-30T20:32:42.713223+00:00,AcademicPapers,AcademicPapers.scinet,PROTECTED,200,380,,DDoS-Guard
2026-09-30T20:33:42.940229+00:00,AcademicPapers,AcademicPapers.scinet,PROTECTED,200,399,,DDoS-Guard
2026-09-30T20:34:43.177440+00:00,AcademicPapers,AcademicPapers.scinet,PROTECTED,200,389,,DDoS-Guard
2026-09-30T20:35:43.644935+00:00,AcademicPapers,AcademicPapers.scinet,PROTECTED,200,416,,DDoS-Guard
2026-09-30T20:36:43.906682+00:00,AcademicPapers,AcademicPapers.scinet,PROTECTED,200,389,,DDoS-Guard
2026-09-30T20:37:44.925877+00:00,AcademicPapers,AcademicPapers.scinet,PROTECTED,200,1386,,DDoS-Guard
2026-09-30T20:38:44.054656+00:00,AcademicPapers,AcademicPapers.scinet,PROTECTED,200,172,,DDoS-Guard
2026-09-30T20:39:44.629697+00:00,AcademicPapers,AcademicPapers.scinet,PROTECTED,200,706,,DDoS-Guard
2026-09-30T20:40:45.447133+00:00,AcademicPapers,AcademicPapers.scinet,PROTECTED,200,770,,DDoS-Guard
2026-09-30T20:41:45.158616+00:00,AcademicPapers,AcademicPapers.scinet,PROTECTED,200,301,,DDoS-Guard
2026-09-30T20:42:45.179854+00:00,AcademicPapers,AcademicPapers.scinet,PROTECTED,200,352,,DDoS-Guard
2026-09-30T20:43:45.869581+00:00,AcademicPapers,AcademicPapers.scinet,PROTECTED,200,378,,DDoS-Guard
2026-09-30T20:44:46.407136+00:00,AcademicPapers,AcademicPapers.scinet,PROTECTED,200,739,,DDoS-Guard
2026-09-30T20:45:46.013182+00:00,AcademicPapers,AcademicPapers.scinet,PROTECTED,200,359,,DDoS-Guard
2026-09-30T20:46:46.956940+00:00,AcademicPapers,AcademicPapers.scinet,PROTECTED,200,882,,DDoS-Guard
2026-09-30T20:47:46.319573+00:00,AcademicPapers,AcademicPapers.scinet,PROTECTED,200,310,,DDoS-Guard
2026-09-30T20:48:46.562810+00:00,AcademicPapers,AcademicPapers.scinet,PROTECTED,200,383,,DDoS-Guard
2026-09-30T20:49:46.641707+00:00,AcademicPapers,AcademicPapers.scinet,PROTECTED,200,323,,DDoS-Guard
2026-09-30T20:50:46.912472+00:00,AcademicPapers,AcademicPapers.scinet,PROTECTED,200,401,,DDoS-Guard
2026-09-30T20:51:47.930941+00:00,AcademicPapers,AcademicPapers.scinet,PROTECTED,200,898,,DDoS-Guard
2026-09-30T20:52:47.948867+00:00,AcademicPapers,AcademicPapers.scinet,PROTECTED,200,408,,DDoS-Guard
2026-09-30T20:53:48.992364+00:00,AcademicPapers,AcademicPapers.scinet,PROTECTED,200,848,,DDoS-Guard
2026-09-30T20:54:48.906335+00:00,AcademicPapers,AcademicPapers.scinet,PROTECTED,200,345,,DDoS-Guard
2026-09-30T20:55:49.528860+00:00,AcademicPapers,AcademicPapers.scinet,PROTECTED,200,726,,DDoS-Guard
2026-09-30T20:56:49.525037+00:00,AcademicPapers,AcademicPapers.scinet,PROTECTED,200,407,,DDoS-Guard
2026-09-30T20:57:50.319666+00:00,AcademicPapers,AcademicPapers.scinet,PROTECTED,200,766,,DDoS-Guard
2026-09-30T20:58:50.589838+00:00,AcademicPapers,AcademicPapers.scinet,PROTECTED,200,842,,DDoS-Guard
2026-09-30T20:59:50.657958+00:00,AcademicPapers,AcademicPapers.scinet,PROTECTED,200,811,,DDoS-Guard
2026-09-30T21:00:51.050743+00:00,AcademicPapers,AcademicPapers.scinet,PROTECTED,200,789,,DDoS-Guard
2026-09-30T21:01:50.958790+00:00,AcademicPapers,AcademicPapers.scinet,PROTECTED,200,385,,DDoS-Guard
2026-09-30T21:02:51.719313+00:00,AcademicPapers,AcademicPapers.scinet,PROTECTED,200,840,,DDoS-Guard
2026-09-30T21:03:51.831264+00:00,AcademicPapers,AcademicPapers.scinet,PROTECTED,200,324,,DDoS-Guard
2026-09-30T21:04:51.891776+00:00,AcademicPapers,AcademicPapers.scinet,PROTECTED,200,371,,DDoS-Guard
2026-09-30T21:05:52.042713+00:00,AcademicPapers,AcademicPapers.scinet,PROTECTED,200,339,,DDoS-Guard
2026-09-30T21:06:52.217705+00:00,AcademicPapers,AcademicPapers.scinet,PROTECTED,200,317,,DDoS-Guard
2026-09-30T21:07:52.845541+00:00,AcademicPapers,AcademicPapers.scinet,PROTECTED,200,317,,DDoS-Guard
2026-09-30T21:08:53.126732+00:00,AcademicPapers,AcademicPapers.scinet,PROTECTED,200,487,,DDoS-Guard
2026-09-30T21:09:53.000474+00:00,AcademicPapers,AcademicPapers.scinet,PROTECTED,200,462,,DDoS-Guard
2026-09-30T21:10:53.255062+00:00,AcademicPapers,AcademicPapers.scinet,PROTECTED,200,391,,DDoS-Guard
2026-09-30T21:11:53.975691+00:00,AcademicPapers,AcademicPapers.scinet,PROTECTED,200,413,,DDoS-Guard
2026-09-30T21:12:54.561648+00:00,AcademicPapers,AcademicPapers.scinet,PROTECTED,200,813,,DDoS-Guard
2026-09-30T21:13:54.351221+00:00,AcademicPapers,AcademicPapers.scinet,PROTECTED,200,426,,DDoS-Guard
2026-09-30T21:14:54.927109+00:00,AcademicPapers,AcademicPapers.scinet,PROTECTED,200,775,,DDoS-Guard
2026-09-30T21:15:55.175179+00:00,AcademicPapers,AcademicPapers.scinet,PROTECTED,200,395,,DDoS-Guard
2026-09-30T21:16:55.647584+00:00,AcademicPapers,AcademicPapers.scinet,PROTECTED,200,417,,DDoS-Guard
2026-09-30T21:17:56.213048+00:00,AcademicPapers,AcademicPapers.scinet,PROTECTED,200,382,,DDoS-Guard
2026-09-30T21:18:56.490692+00:00,AcademicPapers,AcademicPapers.scinet,PROTECTED,200,402,,DDoS-Guard
2026-09-30T21:19:56.852805+00:00,AcademicPapers,AcademicPapers.scinet,PROTECTED,200,440,,DDoS-Guard
2026-09-30T21:20:56.570912+00:00,AcademicPapers,AcademicPapers.scinet,PROTECTED,200,290,,DDoS-Guard
2026-09-30T21:21:57.044122+00:00,AcademicPapers,AcademicPapers.scinet,PROTECTED,200,362,,DDoS-Guard
2026-09-30T21:22:57.806339+00:00,AcademicPapers,AcademicPapers.scinet,PROTECTED,200,406,,DDoS-Guard
2026-09-30T21:23:57.385740+00:00,AcademicPapers,AcademicPapers.scinet,PROTECTED,200,184,,DDoS-Guard
2026-09-30T21:24:58.367417+00:00,AcademicPapers,AcademicPapers.scinet,PROTECTED,200,710,,DDoS-Guard
2026-09-30T21:25:57.806091+00:00,AcademicPapers,AcademicPapers.scinet,PROTECTED,200,182,,DDoS-Guard
2026-09-30T21:26:59.062068+00:00,AcademicPapers,AcademicPapers.scinet,PROTECTED,200,386,,DDoS-Guard
2026-09-30T21:27:59.440559+00:00,AcademicPapers,AcademicPapers.scinet,PROTECTED,200,385,,DDoS-Guard
2026-09-30T21:28:59.613264+00:00,AcademicPapers,AcademicPapers.scinet,PROTECTED,200,389,,DDoS-Guard
2026-09-30T21:30:00.548821+00:00,AcademicPapers,AcademicPapers.scinet,PROTECTED,200,652,,DDoS-Guard
2026-09-30T21:31:01.047665+00:00,AcademicPapers,AcademicPapers.scinet,PROTECTED,200,453,,DDoS-Guard
2026-09-30T21:32:01.092843+00:00,AcademicPapers,AcademicPapers.scinet,PROTECTED,200,415,,DDoS-Guard
2026-09-30T21:33:01.867264+00:00,AcademicPapers,AcademicPapers.scinet,PROTECTED,200,398,,DDoS-Guard
2026-09-30T21:34:02.176264+00:00,AcademicPapers,AcademicPapers.scinet,PROTECTED,200,324,,DDoS-Guard
2026-09-30T21:35:03.484631+00:00,AcademicPapers,AcademicPapers.scinet,PROTECTED,200,889,,DDoS-Guard
2026-09-30T21:36:03.205742+00:00,AcademicPapers,AcademicPapers.scinet,PROTECTED,200,400,,DDoS-Guard
2026-09-30T21:37:03.793682+00:00,AcademicPapers,AcademicPapers.scinet,PROTECTED,200,334,,DDoS-Guard
2026-09-30T21:38:04.021467+00:00,AcademicPapers,AcademicPapers.scinet,PROTECTED,200,417,,DDoS-Guard
2026-09-30T21:39:03.992962+00:00,AcademicPapers,AcademicPapers.scinet,PROTECTED,200,296,,DDoS-Guard
2026-09-30T21:40:04.590380+00:00,AcademicPapers,AcademicPapers.scinet,PROTECTED,200,401,,DDoS-Guard
2026-09-30T21:41:04.872754+00:00,AcademicPapers,AcademicPapers.scinet,PROTECTED,200,317,,DDoS-Guard
2026-09-30T21:42:05.527577+00:00,AcademicPapers,AcademicPapers.scinet,PROTECTED,200,726,,DDoS-Guard
2026-09-30T21:43:05.188502+00:00,AcademicPapers,AcademicPapers.scinet,PROTECTED,200,345,,DDoS-Guard
2026-09-30T21:44:05.394028+00:00,AcademicPapers,AcademicPapers.scinet,PROTECTED,200,335,,DDoS-Guard
2026-09-30T21:45:06.524091+00:00,AcademicPapers,AcademicPapers.scinet,PROTECTED,200,724,,DDoS-Guard
2026-09-30T21:46:07.156659+00:00,AcademicPapers,AcademicPapers.scinet,PROTECTED,200,822,,DDoS-Guard
2026-09-30T21:47:06.953547+00:00,AcademicPapers,AcademicPapers.scinet,PROTECTED,200,441,,DDoS-Guard
2026-09-30T21:48:07.027909+00:00,AcademicPapers,AcademicPapers.scinet,PROTECTED,200,757,,DDoS-Guard
2026-09-30T21:49:07.639001+00:00,AcademicPapers,AcademicPapers.scinet,PROTECTED,200,900,,DDoS-Guard
2026-09-30T21:50:08.181216+00:00,AcademicPapers,AcademicPapers.scinet,PROTECTED,200,722,,DDoS-Guard
2026-09-30T21:51:08.036164+00:00,AcademicPapers,AcademicPapers.scinet,PROTECTED,200,315,,DDoS-Guard
2026-09-30T21:52:08.260235+00:00,AcademicPapers,AcademicPapers.scinet,PROTECTED,200,316,,DDoS-Guard
2026-09-30T21:53:08.455671+00:00,AcademicPapers,AcademicPapers.scinet,PROTECTED,200,412,,DDoS-Guard
2026-09-30T21:54:08.404784+00:00,AcademicPapers,AcademicPapers.scinet,PROTECTED,200,330,,DDoS-Guard
2026-09-30T21:55:09.716666+00:00,AcademicPapers,AcademicPapers.scinet,PROTECTED,200,868,,DDoS-Guard
2026-09-30T21:56:08.694260+00:00,AcademicPapers,AcademicPapers.scinet,PROTECTED,200,183,,DDoS-Guard
2026-09-30T21:57:09.518211+00:00,AcademicPapers,AcademicPapers.scinet,PROTECTED,200,447,,DDoS-Guard
2026-09-30T21:58:09.961645+00:00,AcademicPapers,AcademicPapers.scinet,PROTECTED,200,416,,DDoS-Guard
2026-09-30T21:59:10.123105+00:00,AcademicPapers,AcademicPapers.scinet,PROTECTED,200,392,,DDoS-Guard
2026-09-30T22:00:10.428702+00:00,AcademicPapers,AcademicPapers.scinet,PROTECTED,200,364,,DDoS-Guard
2026-09-30T22:01:10.591823+00:00,AcademicPapers,AcademicPapers.scinet,PROTECTED,200,364,,DDoS-Guard
2026-09-30T22:02:11.137310+00:00,AcademicPapers,AcademicPapers.scinet,PROTECTED,200,399,,DDoS-Guard
2026-09-30T22:03:11.430977+00:00,AcademicPapers,AcademicPapers.scinet,PROTECTED,200,361,,DDoS-Guard
2026-09-30T22:04:11.738663+00:00,AcademicPapers,AcademicPapers.scinet,PROTECTED,200,327,,DDoS-Guard
2026-09-30T22:05:12.212345+00:00,AcademicPapers,AcademicPapers.scinet,PROTECTED,200,436,,DDoS-Guard
2026-09-30T22:06:12.712601+00:00,AcademicPapers,AcademicPapers.scinet,PROTECTED,200,395,,DDoS-Guard
2026-09-30T22:07:13.021631+00:00,AcademicPapers,AcademicPapers.scinet,PROTECTED,200,380,,DDoS-Guard
2026-09-30T22:08:12.764328+00:00,AcademicPapers,AcademicPapers.scinet,PROTECTED,200,182,,DDoS-Guard
2026-09-30T22:09:13.647079+00:00,AcademicPapers,AcademicPapers.scinet,PROTECTED,200,317,,DDoS-Guard
2026-09-30T22:10:14.336866+00:00,AcademicPapers,AcademicPapers.scinet,PROTECTED,200,384,,DDoS-Guard
2026-09-30T22:11:14.655891+00:00,AcademicPapers,AcademicPapers.scinet,PROTECTED,200,384,,DDoS-Guard
2026-09-30T22:12:15.041757+00:00,AcademicPapers,AcademicPapers.scinet,PROTECTED,200,781,,DDoS-Guard
2026-09-30T22:13:14.984223+00:00,AcademicPapers,AcademicPapers.scinet,PROTECTED,200,863,,DDoS-Guard
2026-09-30T22:14:15.447648+00:00,AcademicPapers,AcademicPapers.scinet,PROTECTED,200,328,,DDoS-Guard
2026-09-30T22:15:15.788274+00:00,AcademicPapers,AcademicPapers.scinet,PROTECTED,200,363,,DDoS-Guard
2026-09-30T22:16:16.257209+00:00,AcademicPapers,AcademicPapers.scinet,PROTECTED,200,397,,DDoS-Guard
2026-09-30T22:17:17.200779+00:00,AcademicPapers,AcademicPapers.scinet,PROTECTED,200,773,,DDoS-Guard
2026-09-30T22:18:17.664600+00:00,AcademicPapers,AcademicPapers.scinet,PROTECTED,200,563,,DDoS-Guard
2026-09-30T22:19:17.335029+00:00,AcademicPapers,AcademicPapers.scinet,PROTECTED,200,184,,DDoS-Guard
2026-09-30T22:20:18.134924+00:00,AcademicPapers,AcademicPapers.scinet,PROTECTED,200,574,,DDoS-Guard
2026-09-30T22:21:18.942681+00:00,AcademicPapers,AcademicPapers.scinet,PROTECTED,200,824,,DDoS-Guard
2026-09-30T22:22:19.167766+00:00,AcademicPapers,AcademicPapers.scinet,PROTECTED,200,811,,DDoS-Guard
2026-09-30T22:23:19.246816+00:00,AcademicPapers,AcademicPapers.scinet,PROTECTED,200,750,,DDoS-Guard
2026-09-30T22:24:18.934731+00:00,AcademicPapers,AcademicPapers.scinet,PROTECTED,200,317,,DDoS-Guard
2026-09-30T22:25:18.979403+00:00,AcademicPapers,AcademicPapers.scinet,PROTECTED,200,430,,DDoS-Guard
2026-09-30T22:26:18.603353+00:00,AcademicPapers,AcademicPapers.scinet,PROTECTED,200,194,,DDoS-Guard
2026-09-30T22:27:20.173025+00:00,AcademicPapers,AcademicPapers.scinet,PROTECTED,200,734,,DDoS-Guard
2026-09-30T22:28:19.966170+00:00,AcademicPapers,AcademicPapers.scinet,PROTECTED,200,322,,DDoS-Guard
2026-09-30T22:29:19.942231+00:00,AcademicPapers,AcademicPapers.scinet,PROTECTED,200,299,,DDoS-Guard
2026-09-30T22:30:20.340752+00:00,AcademicPapers,AcademicPapers.scinet,PROTECTED,200,398,,DDoS-Guard
2026-09-30T22:31:21.270687+00:00,AcademicPapers,AcademicPapers.scinet,PROTECTED,200,795,,DDoS-Guard
2026-09-30T22:32:21.437622+00:00,AcademicPapers,AcademicPapers.scinet,PROTECTED,200,722,,DDoS-Guard
2026-09-30T22:33:21.228034+00:00,AcademicPapers,AcademicPapers.scinet,PROTECTED,200,320,,DDoS-Guard
2026-09-30T22:34:21.459532+00:00,AcademicPapers,AcademicPapers.scinet,PROTECTED,200,403,,DDoS-Guard
2026-09-30T22:35:22.581393+00:00,AcademicPapers,AcademicPapers.scinet,PROTECTED,200,416,,DDoS-Guard
2026-09-30T22:36:22.887560+00:00,AcademicPapers,AcademicPapers.scinet,PROTECTED,200,485,,DDoS-Guard
2026-09-30T22:37:23.527653+00:00,AcademicPapers,AcademicPapers.scinet,PROTECTED,200,401,,DDoS-Guard
2026-09-30T22:38:23.671573+00:00,AcademicPapers,AcademicPapers.scinet,PROTECTED,200,705,,DDoS-Guard
2026-09-30T22:39:24.693622+00:00,AcademicPapers,AcademicPapers.scinet,PROTECTED,200,770,,DDoS-Guard
2026-09-30T22:40:25.275614+00:00,AcademicPapers,AcademicPapers.scinet,PROTECTED,200,781,,DDoS-Guard
2026-09-30T22:41:24.824005+00:00,AcademicPapers,AcademicPapers.scinet,PROTECTED,200,369,,DDoS-Guard
2026-09-30T22:42:25.452804+00:00,AcademicPapers,AcademicPapers.scinet,PROTECTED,200,346,,DDoS-Guard
2026-09-30T22:43:26.085074+00:00,AcademicPapers,AcademicPapers.scinet,PROTECTED,200,837,,DDoS-Guard
2026-09-30T22:44:25.617605+00:00,AcademicPapers,AcademicPapers.scinet,PROTECTED,200,359,,DDoS-Guard
2026-09-30T22:45:25.963595+00:00,AcademicPapers,AcademicPapers.scinet,PROTECTED,200,430,,DDoS-Guard
2026-09-30T22:46:26.567501+00:00,AcademicPapers,AcademicPapers.scinet,PROTECTED,200,378,,DDoS-Guard
2026-09-30T22:47:26.943476+00:00,AcademicPapers,AcademicPapers.scinet,PROTECTED,200,323,,DDoS-Guard
2026-09-30T22:48:26.813460+00:00,AcademicPapers,AcademicPapers.scinet,PROTECTED,200,356,,DDoS-Guard
2026-09-30T22:49:27.238070+00:00,AcademicPapers,AcademicPapers.scinet,PROTECTED,200,388,,DDoS-Guard
2026-09-30T22:50:27.519898+00:00,AcademicPapers,AcademicPapers.scinet,PROTECTED,200,370,,DDoS-Guard
2026-09-30T22:51:27.796192+00:00,AcademicPapers,AcademicPapers.scinet,PROTECTED,200,442,,DDoS-Guard
2026-09-30T22:52:28.396685+00:00,AcademicPapers,AcademicPapers.scinet,PROTECTED,200,311,,DDoS-Guard
2026-09-30T22:53:28.582629+00:00,AcademicPapers,AcademicPapers.scinet,PROTECTED,200,303,,DDoS-Guard
2026-09-30T22:54:29.063924+00:00,AcademicPapers,AcademicPapers.scinet,PROTECTED,200,308,,DDoS-Guard
2026-09-30T22:55:29.917826+00:00,AcademicPapers,AcademicPapers.scinet,PROTECTED,200,310,,DDoS-Guard
2026-09-30T22:56:29.607613+00:00,AcademicPapers,AcademicPapers.scinet,PROTECTED,200,200,,DDoS-Guard
2026-09-30T22:57:30.776695+00:00,AcademicPapers,AcademicPapers.scinet,PROTECTED,200,436,,DDoS-Guard
2026-09-30T22:58:30.742384+00:00,AcademicPapers,AcademicPapers.scinet,PROTECTED,200,176,,DDoS-Guard
2026-09-30T22:59:31.039582+00:00,AcademicPapers,AcademicPapers.scinet,PROTECTED,200,399,,DDoS-Guard
2026-09-30T23:00:31.520602+00:00,AcademicPapers,AcademicPapers.scinet,PROTECTED,200,426,,DDoS-Guard
2026-09-30T23:01:31.878213+00:00,AcademicPapers,AcademicPapers.scinet,PROTECTED,200,392,,DDoS-Guard
2026-09-30T23:02:31.558629+00:00,AcademicPapers,AcademicPapers.scinet,PROTECTED,200,186,,DDoS-Guard
2026-09-30T23:03:32.647559+00:00,AcademicPapers,AcademicPapers.scinet,PROTECTED,200,727,,DDoS-Guard
2026-09-30T23:04:32.941824+00:00,AcademicPapers,AcademicPapers.scinet,PROTECTED,200,411,,DDoS-Guard
2026-09-30T23:05:33.960425+00:00,AcademicPapers,AcademicPapers.scinet,PROTECTED,200,869,,DDoS-Guard
2026-09-30T23:06:33.793745+00:00,AcademicPapers,AcademicPapers.scinet,PROTECTED,200,416,,DDoS-Guard
2026-09-30T23:07:34.603697+00:00,AcademicPapers,AcademicPapers.scinet,PROTECTED,200,836,,DDoS-Guard
2026-09-30T23:08:34.852201+00:00,AcademicPapers,AcademicPapers.scinet,PROTECTED,200,721,,DDoS-Guard
2026-09-30T23:09:34.857058+00:00,AcademicPapers,AcademicPapers.scinet,PROTECTED,200,391,,DDoS-Guard
2026-09-30T23:10:35.081683+00:00,AcademicPapers,AcademicPapers.scinet,PROTECTED,200,404,,DDoS-Guard
2026-09-30T23:11:35.695187+00:00,AcademicPapers,AcademicPapers.scinet,PROTECTED,200,404,,DDoS-Guard
2026-09-30T23:12:36.077453+00:00,AcademicPapers,AcademicPapers.scinet,PROTECTED,200,318,,DDoS-Guard
2026-09-30T23:13:36.310195+00:00,AcademicPapers,AcademicPapers.scinet,PROTECTED,200,400,,DDoS-Guard
2026-09-30T23:14:37.207486+00:00,AcademicPapers,AcademicPapers.scinet,PROTECTED,200,705,,DDoS-Guard
2026-09-30T23:15:37.489921+00:00,AcademicPapers,AcademicPapers.scinet,PROTECTED,200,883,,DDoS-Guard
2026-09-30T23:16:37.036563+00:00,AcademicPapers,AcademicPapers.scinet,PROTECTED,200,179,,DDoS-Guard
2026-09-30T23:17:37.175905+00:00,AcademicPapers,AcademicPapers.scinet,PROTECTED,200,322,,DDoS-Guard
2026-09-30T23:18:37.480535+00:00,AcademicPapers,AcademicPapers.scinet,PROTECTED,200,389,,DDoS-Guard
2026-09-30T23:19:37.621529+00:00,AcademicPapers,AcademicPapers.scinet,PROTECTED,200,377,,DDoS-Guard
2026-09-30T23:20:37.901885+00:00,AcademicPapers,AcademicPapers.scinet,PROTECTED,200,390,,DDoS-Guard
2026-09-30T23:21:38.548852+00:00,AcademicPapers,AcademicPapers.scinet,PROTECTED,200,406,,DDoS-Guard
2026-09-30T23:22:38.795523+00:00,AcademicPapers,AcademicPapers.scinet,PROTECTED,200,392,,DDoS-Guard
2026-09-30T23:23:39.431935+00:00,AcademicPapers,AcademicPapers.scinet,PROTECTED,200,382,,DDoS-Guard
2026-09-30T23:24:39.949566+00:00,AcademicPapers,AcademicPapers.scinet,PROTECTED,200,414,,DDoS-Guard
2026-09-30T23:25:40.064379+00:00,AcademicPapers,AcademicPapers.scinet,PROTECTED,200,302,,DDoS-Guard
2026-09-30T23:26:39.830644+00:00,AcademicPapers,AcademicPapers.scinet,PROTECTED,200,204,,DDoS-Guard
2026-09-30T23:27:41.311682+00:00,AcademicPapers,AcademicPapers.scinet,PROTECTED,200,708,,DDoS-Guard
2026-09-30T23:28:41.449401+00:00,AcademicPapers,AcademicPapers.scinet,PROTECTED,200,694,,DDoS-Guard
2026-09-30T23:29:41.236564+00:00,AcademicPapers,AcademicPapers.scinet,PROTECTED,200,395,,DDoS-Guard
2026-09-30T23:30:42.125526+00:00,AcademicPapers,AcademicPapers.scinet,PROTECTED,200,461,,DDoS-Guard
2026-09-30T23:31:42.437318+00:00,AcademicPapers,AcademicPapers.scinet,PROTECTED,200,683,,DDoS-Guard
2026-09-30T23:32:42.891991+00:00,AcademicPapers,AcademicPapers.scinet,PROTECTED,200,772,,DDoS-Guard
2026-09-30T23:33:43.017370+00:00,AcademicPapers,AcademicPapers.scinet,PROTECTED,200,309,,DDoS-Guard
2026-09-30T23:34:43.171083+00:00,AcademicPapers,AcademicPapers.scinet,PROTECTED,200,299,,DDoS-Guard
2026-09-30T23:35:43.405620+00:00,AcademicPapers,AcademicPapers.scinet,PROTECTED,200,396,,DDoS-Guard
2026-09-30T23:36:44.927919+00:00,AcademicPapers,AcademicPapers.scinet,PROTECTED,200,808,,DDoS-Guard
2026-09-30T23:37:45.373344+00:00,AcademicPapers,AcademicPapers.scinet,PROTECTED,200,971,,DDoS-Guard
2026-09-30T23:38:45.651061+00:00,AcademicPapers,AcademicPapers.scinet,PROTECTED,200,840,,DDoS-Guard
2026-09-30T23:39:45.658008+00:00,AcademicPapers,AcademicPapers.scinet,PROTECTED,200,748,,DDoS-Guard
2026-09-30T23:40:44.978902+00:00,AcademicPapers,AcademicPapers.scinet,PROTECTED,200,203,,DDoS-Guard
2026-09-30T23:42:05.490040+00:00,AcademicPapers,AcademicPapers.scinet,TIMEOUT,,,timeout,
2026-09-30T23:43:05.886046+00:00,AcademicPapers,AcademicPapers.scinet,TIMEOUT,,,timeout,
2026-09-30T23:43:45.724005+00:00,AcademicPapers,AcademicPapers.scinet,PROTECTED,200,283,,DDoS-Guard
2026-09-30T23:44:46.114754+00:00,AcademicPapers,AcademicPapers.scinet,PROTECTED,200,701,,DDoS-Guard
2026-09-30T23:45:46.412318+00:00,AcademicPapers,AcademicPapers.scinet,PROTECTED,200,717,,DDoS-Guard
2026-09-30T23:46:46.761657+00:00,AcademicPapers,AcademicPapers.scinet,PROTECTED,200,389,,DDoS-Guard
2026-09-30T23:47:46.937410+00:00,AcademicPapers,AcademicPapers.scinet,PROTECTED,200,351,,DDoS-Guard
2026-09-30T23:48:47.330210+00:00,AcademicPapers,AcademicPapers.scinet,PROTECTED,200,395,,DDoS-Guard
2026-09-30T23:49:47.317845+00:00,AcademicPapers,AcademicPapers.scinet,PROTECTED,200,294,,DDoS-Guard
2026-09-30T23:50:47.624388+00:00,AcademicPapers,AcademicPapers.scinet,PROTECTED,200,381,,DDoS-Guard
2026-09-30T23:51:48.597394+00:00,AcademicPapers,AcademicPapers.scinet,PROTECTED,200,832,,DDoS-Guard
2026-09-30T23:52:48.302946+00:00,AcademicPapers,AcademicPapers.scinet,PROTECTED,200,387,,DDoS-Guard
2026-09-30T23:53:48.793183+00:00,AcademicPapers,AcademicPapers.scinet,PROTECTED,200,689,,DDoS-Guard
2026-09-30T23:54:48.405421+00:00,AcademicPapers,AcademicPapers.scinet,PROTECTED,200,322,,DDoS-Guard
2026-09-30T23:55:49.153330+00:00,AcademicPapers,AcademicPapers.scinet,PROTECTED,200,424,,DDoS-Guard
2026-09-30T23:56:49.808671+00:00,AcademicPapers,AcademicPapers.scinet,PROTECTED,200,816,,DDoS-Guard
2026-09-30T23:57:49.873010+00:00,AcademicPapers,AcademicPapers.scinet,PROTECTED,200,776,,DDoS-Guard
2026-09-30T23:58:50.152631+00:00,AcademicPapers,AcademicPapers.scinet,PROTECTED,200,848,,DDoS-Guard
2026-09-30T23:59:50.598867+00:00,AcademicPapers,AcademicPapers.scinet,PROTECTED,200,792,,DDoS-Guard
2026-10-01T00:00:50.212496+00:00,AcademicPapers,AcademicPapers.scinet,PROTECTED,200,340,,DDoS-Guard
2026-10-01T00:01:50.926931+00:00,AcademicPapers,AcademicPapers.scinet,PROTECTED,200,343,,DDoS-Guard
2026-10-01T00:02:50.786122+00:00,AcademicPapers,AcademicPapers.scinet,PROTECTED,200,199,,DDoS-Guard
2026-10-01T00:03:51.672882+00:00,AcademicPapers,AcademicPapers.scinet,PROTECTED,200,411,,DDoS-Guard
2026-10-01T00:04:51.848562+00:00,AcademicPapers,AcademicPapers.scinet,PROTECTED,200,389,,DDoS-Guard
2026-10-01T00:05:52.865392+00:00,AcademicPapers,AcademicPapers.scinet,PROTECTED,200,785,,DDoS-Guard
2026-10-01T00:06:53.146156+00:00,AcademicPapers,AcademicPapers.scinet,PROTECTED,200,826,,DDoS-Guard
2026-10-01T00:07:52.503737+00:00,AcademicPapers,AcademicPapers.scinet,PROTECTED,200,202,,DDoS-Guard
2026-10-01T00:08:53.128581+00:00,AcademicPapers,AcademicPapers.scinet,PROTECTED,200,344,,DDoS-Guard
2026-10-01T00:09:54.043792+00:00,AcademicPapers,AcademicPapers.scinet,PROTECTED,200,698,,DDoS-Guard
2026-10-01T00:10:54.399143+00:00,AcademicPapers,AcademicPapers.scinet,PROTECTED,200,325,,DDoS-Guard
2026-10-01T00:11:54.592775+00:00,AcademicPapers,AcademicPapers.scinet,PROTECTED,200,324,,DDoS-Guard
2026-10-01T00:12:55.302170+00:00,AcademicPapers,AcademicPapers.scinet,PROTECTED,200,825,,DDoS-Guard
2026-10-01T00:13:55.174581+00:00,AcademicPapers,AcademicPapers.scinet,PROTECTED,200,399,,DDoS-Guard
2026-10-01T00:14:55.694718+00:00,AcademicPapers,AcademicPapers.scinet,PROTECTED,200,423,,DDoS-Guard
2026-10-01T00:15:56.957213+00:00,AcademicPapers,AcademicPapers.scinet,PROTECTED,200,788,,DDoS-Guard
2026-10-01T00:16:56.964938+00:00,AcademicPapers,AcademicPapers.scinet,PROTECTED,200,382,,DDoS-Guard
2026-10-01T00:17:57.178202+00:00,AcademicPapers,AcademicPapers.scinet,PROTECTED,200,391,,DDoS-Guard
2026-10-01T00:18:57.916216+00:00,AcademicPapers,AcademicPapers.scinet,PROTECTED,200,789,,DDoS-Guard
2026-10-01T00:19:58.503903+00:00,AcademicPapers,AcademicPapers.scinet,PROTECTED,200,807,,DDoS-Guard
2026-10-01T00:20:57.858681+00:00,AcademicPapers,AcademicPapers.scinet,PROTECTED,200,182,,DDoS-Guard
2026-10-01T00:21:59.593785+00:00,AcademicPapers,AcademicPapers.scinet,PROTECTED,200,783,,DDoS-Guard
2026-10-01T00:22:59.728201+00:00,AcademicPapers,AcademicPapers.scinet,PROTECTED,200,756,,DDoS-Guard
2026-10-01T00:24:00.035325+00:00,AcademicPapers,AcademicPapers.scinet,PROTECTED,200,318,,DDoS-Guard
2026-10-01T00:25:00.508651+00:00,AcademicPapers,AcademicPapers.scinet,PROTECTED,200,399,,DDoS-Guard
2026-10-01T00:26:01.422692+00:00,AcademicPapers,AcademicPapers.scinet,PROTECTED,200,328,,DDoS-Guard
2026-10-01T00:27:02.387764+00:00,AcademicPapers,AcademicPapers.scinet,PROTECTED,200,889,,DDoS-Guard
2026-10-01T00:28:03.144866+00:00,AcademicPapers,AcademicPapers.scinet,PROTECTED,200,970,,DDoS-Guard
2026-10-01T00:29:03.432549+00:00,AcademicPapers,AcademicPapers.scinet,PROTECTED,200,716,,DDoS-Guard
2026-10-01T00:30:04.592611+00:00,AcademicPapers,AcademicPapers.scinet,PROTECTED,200,1174,,DDoS-Guard
2026-10-01T00:31:04.368563+00:00,AcademicPapers,AcademicPapers.scinet,PROTECTED,200,798,,DDoS-Guard
2026-10-01T00:32:04.985514+00:00,AcademicPapers,AcademicPapers.scinet,PROTECTED,200,777,,DDoS-Guard
2026-10-01T00:33:04.994682+00:00,AcademicPapers,AcademicPapers.scinet,PROTECTED,200,746,,DDoS-Guard
2026-10-01T00:34:05.173499+00:00,AcademicPapers,AcademicPapers.scinet,PROTECTED,200,383,,DDoS-Guard
2026-10-01T00:35:05.427198+00:00,AcademicPapers,AcademicPapers.scinet,PROTECTED,200,383,,DDoS-Guard
2026-10-01T00:36:05.485148+00:00,AcademicPapers,AcademicPapers.scinet,PROTECTED,200,579,,DDoS-Guard
2026-10-01T00:37:06.740910+00:00,AcademicPapers,AcademicPapers.scinet,PROTECTED,200,844,,DDoS-Guard
2026-10-01T00:38:06.347508+00:00,AcademicPapers,AcademicPapers.scinet,PROTECTED,200,303,,DDoS-Guard
2026-10-01T00:39:07.018130+00:00,AcademicPapers,AcademicPapers.scinet,PROTECTED,200,699,,DDoS-Guard
2026-10-01T00:40:07.486240+00:00,AcademicPapers,AcademicPapers.scinet,PROTECTED,200,751,,DDoS-Guard
2026-10-01T00:41:08.323085+00:00,AcademicPapers,AcademicPapers.scinet,PROTECTED,200,706,,DDoS-Guard
2026-10-01T00:42:08.594751+00:00,AcademicPapers,AcademicPapers.scinet,PROTECTED,200,738,,DDoS-Guard
2026-10-01T00:43:08.640890+00:00,AcademicPapers,AcademicPapers.scinet,PROTECTED,200,475,,DDoS-Guard
2026-10-01T00:44:08.734877+00:00,AcademicPapers,AcademicPapers.scinet,PROTECTED,200,420,,DDoS-Guard
2026-10-01T00:45:09.446517+00:00,AcademicPapers,AcademicPapers.scinet,PROTECTED,200,850,,DDoS-Guard
2026-10-01T00:46:09.633499+00:00,AcademicPapers,AcademicPapers.scinet,PROTECTED,200,399,,DDoS-Guard
2026-10-01T00:47:09.852953+00:00,AcademicPapers,AcademicPapers.scinet,PROTECTED,200,373,,DDoS-Guard
2026-10-01T00:48:09.476685+00:00,AcademicPapers,AcademicPapers.scinet,PROTECTED,200,183,,DDoS-Guard
2026-10-01T00:49:10.079352+00:00,AcademicPapers,AcademicPapers.scinet,PROTECTED,200,377,,DDoS-Guard
2026-10-01T00:50:10.928243+00:00,AcademicPapers,AcademicPapers.scinet,PROTECTED,200,319,,DDoS-Guard
2026-10-01T00:51:10.620858+00:00,AcademicPapers,AcademicPapers.scinet,PROTECTED,200,178,,DDoS-Guard
2026-10-01T00:52:11.602668+00:00,AcademicPapers,AcademicPapers.scinet,PROTECTED,200,795,,DDoS-Guard
2026-10-01T00:53:12.337392+00:00,AcademicPapers,AcademicPapers.scinet,PROTECTED,200,769,,DDoS-Guard
2026-10-01T00:54:12.317731+00:00,AcademicPapers,AcademicPapers.scinet,PROTECTED,200,701,,DDoS-Guard
2026-10-01T00:55:12.536585+00:00,AcademicPapers,AcademicPapers.scinet,PROTECTED,200,435,,DDoS-Guard
2026-10-01T00:56:12.647770+00:00,AcademicPapers,AcademicPapers.scinet,PROTECTED,200,399,,DDoS-Guard
2026-10-01T00:57:13.242722+00:00,AcademicPapers,AcademicPapers.scinet,PROTECTED,200,319,,DDoS-Guard
2026-10-01T00:58:14.090445+00:00,AcademicPapers,AcademicPapers.scinet,PROTECTED,200,407,,DDoS-Guard
2026-10-01T00:59:14.651272+00:00,AcademicPapers,AcademicPapers.scinet,PROTECTED,200,772,,DDoS-Guard
2026-10-01T01:00:14.497218+00:00,AcademicPapers,AcademicPapers.scinet,PROTECTED,200,404,,DDoS-Guard
2026-10-01T01:01:14.865198+00:00,AcademicPapers,AcademicPapers.scinet,PROTECTED,200,444,,DDoS-Guard
2026-10-01T01:02:15.521998+00:00,AcademicPapers,AcademicPapers.scinet,PROTECTED,200,395,,DDoS-Guard
2026-10-01T01:03:15.958699+00:00,AcademicPapers,AcademicPapers.scinet,PROTECTED,200,956,,DDoS-Guard
2026-10-01T01:04:16.087578+00:00,AcademicPapers,AcademicPapers.scinet,PROTECTED,200,729,,DDoS-Guard
2026-10-01T01:05:16.107388+00:00,AcademicPapers,AcademicPapers.scinet,PROTECTED,200,337,,DDoS-Guard
2026-10-01T01:06:16.616682+00:00,AcademicPapers,AcademicPapers.scinet,PROTECTED,200,303,,DDoS-Guard
2026-10-01T01:07:17.001122+00:00,AcademicPapers,AcademicPapers.scinet,PROTECTED,200,332,,DDoS-Guard
2026-10-01T01:08:17.218546+00:00,AcademicPapers,AcademicPapers.scinet,PROTECTED,200,442,,DDoS-Guard
2026-10-01T01:09:17.128866+00:00,AcademicPapers,AcademicPapers.scinet,PROTECTED,200,326,,DDoS-Guard
2026-10-01T01:10:17.577858+00:00,AcademicPapers,AcademicPapers.scinet,PROTECTED,200,386,,DDoS-Guard
2026-10-01T01:11:18.175341+00:00,AcademicPapers,AcademicPapers.scinet,PROTECTED,200,490,,DDoS-Guard
2026-10-01T01:12:18.363026+00:00,AcademicPapers,AcademicPapers.scinet,PROTECTED,200,312,,DDoS-Guard
2026-10-01T01:13:18.046236+00:00,AcademicPapers,AcademicPapers.scinet,PROTECTED,200,193,,DDoS-Guard
2026-10-01T01:14:18.893689+00:00,AcademicPapers,AcademicPapers.scinet,PROTECTED,200,365,,DDoS-Guard
2026-10-01T01:15:19.337148+00:00,AcademicPapers,AcademicPapers.scinet,PROTECTED,200,404,,DDoS-Guard
2026-10-01T01:16:20.087412+00:00,AcademicPapers,AcademicPapers.scinet,PROTECTED,200,436,,DDoS-Guard
2026-10-01T01:17:20.130875+00:00,AcademicPapers,AcademicPapers.scinet,PROTECTED,200,331,,DDoS-Guard
2026-10-01T01:18:20.498309+00:00,AcademicPapers,AcademicPapers.scinet,PROTECTED,200,383,,DDoS-Guard
2026-10-01T01:19:20.946576+00:00,AcademicPapers,AcademicPapers.scinet,PROTECTED,200,313,,DDoS-Guard
2026-10-01T01:20:21.151108+00:00,AcademicPapers,AcademicPapers.scinet,PROTECTED,200,574,,DDoS-Guard
2026-10-01T01:21:21.435004+00:00,AcademicPapers,AcademicPapers.scinet,PROTECTED,200,307,,DDoS-Guard
2026-10-01T01:22:21.673597+00:00,AcademicPapers,AcademicPapers.scinet,PROTECTED,200,309,,DDoS-Guard
2026-10-01T01:23:22.254421+00:00,AcademicPapers,AcademicPapers.scinet,PROTECTED,200,378,,DDoS-Guard
2026-10-01T01:24:22.949001+00:00,AcademicPapers,AcademicPapers.scinet,PROTECTED,200,843,,DDoS-Guard
2026-10-01T01:25:22.654526+00:00,AcademicPapers,AcademicPapers.scinet,PROTECTED,200,298,,DDoS-Guard
2026-10-01T01:26:23.142015+00:00,AcademicPapers,AcademicPapers.scinet,PROTECTED,200,544,,DDoS-Guard
2026-10-01T01:27:24.083651+00:00,AcademicPapers,AcademicPapers.scinet,PROTECTED,200,487,,DDoS-Guard
2026-10-01T01:28:24.249090+00:00,AcademicPapers,AcademicPapers.scinet,PROTECTED,200,414,,DDoS-Guard
2026-10-01T01:29:25.026617+00:00,AcademicPapers,AcademicPapers.scinet,PROTECTED,200,780,,DDoS-Guard
2026-10-01T01:30:25.353088+00:00,AcademicPapers,AcademicPapers.scinet,PROTECTED,200,401,,DDoS-Guard
2026-10-01T01:31:25.994227+00:00,AcademicPapers,AcademicPapers.scinet,PROTECTED,200,778,,DDoS-Guard
2026-10-01T01:32:25.761843+00:00,AcademicPapers,AcademicPapers.scinet,PROTECTED,200,395,,DDoS-Guard
2026-10-01T01:33:26.406585+00:00,AcademicPapers,AcademicPapers.scinet,PROTECTED,200,310,,DDoS-Guard
2026-10-01T01:34:27.407987+00:00,AcademicPapers,AcademicPapers.scinet,PROTECTED,200,1135,,DDoS-Guard
2026-10-01T01:35:27.243918+00:00,AcademicPapers,AcademicPapers.scinet,PROTECTED,200,784,,DDoS-Guard
2026-10-01T01:36:27.427989+00:00,AcademicPapers,AcademicPapers.scinet,PROTECTED,200,385,,DDoS-Guard
2026-10-01T01:37:28.031935+00:00,AcademicPapers,AcademicPapers.scinet,PROTECTED,200,334,,DDoS-Guard
2026-10-01T01:38:28.471038+00:00,AcademicPapers,AcademicPapers.scinet,PROTECTED,200,420,,DDoS-Guard
2026-10-01T01:39:28.958759+00:00,AcademicPapers,AcademicPapers.scinet,PROTECTED,200,407,,DDoS-Guard
2026-10-01T01:40:29.881561+00:00,AcademicPapers,AcademicPapers.scinet,PROTECTED,200,726,,DDoS-Guard
2026-10-01T01:41:30.301746+00:00,AcademicPapers,AcademicPapers.scinet,PROTECTED,200,415,,DDoS-Guard
2026-10-01T01:42:30.696585+00:00,AcademicPapers,AcademicPapers.scinet,PROTECTED,200,359,,DDoS-Guard
2026-10-01T01:43:31.559001+00:00,AcademicPapers,AcademicPapers.scinet,PROTECTED,200,831,,DDoS-Guard
2026-10-01T01:44:31.584418+00:00,AcademicPapers,AcademicPapers.scinet,PROTECTED,200,404,,DDoS-Guard
2026-10-01T01:45:31.900798+00:00,AcademicPapers,AcademicPapers.scinet,PROTECTED,200,322,,DDoS-Guard
2026-10-01T01:46:32.286857+00:00,AcademicPapers,AcademicPapers.scinet,PROTECTED,200,428,,DDoS-Guard
2026-10-01T01:47:32.646727+00:00,AcademicPapers,AcademicPapers.scinet,PROTECTED,200,379,,DDoS-Guard
2026-10-01T01:48:33.085627+00:00,AcademicPapers,AcademicPapers.scinet,PROTECTED,200,341,,DDoS-Guard
2026-10-01T01:49:34.431032+00:00,AcademicPapers,AcademicPapers.scinet,PROTECTED,200,803,,DDoS-Guard
2026-10-01T01:50:34.229839+00:00,AcademicPapers,AcademicPapers.scinet,PROTECTED,200,388,,DDoS-Guard
2026-10-01T01:51:34.427121+00:00,AcademicPapers,AcademicPapers.scinet,PROTECTED,200,411,,DDoS-Guard
2026-10-01T01:52:34.878678+00:00,AcademicPapers,AcademicPapers.scinet,PROTECTED,200,310,,DDoS-Guard
2026-10-01T01:53:35.178794+00:00,AcademicPapers,AcademicPapers.scinet,PROTECTED,200,297,,DDoS-Guard
2026-10-01T01:54:34.938340+00:00,AcademicPapers,AcademicPapers.scinet,PROTECTED,200,174,,DDoS-Guard
2026-10-01T01:55:36.068035+00:00,AcademicPapers,AcademicPapers.scinet,PROTECTED,200,790,,DDoS-Guard
2026-10-01T01:56:36.355614+00:00,AcademicPapers,AcademicPapers.scinet,PROTECTED,200,321,,DDoS-Guard
2026-10-01T01:57:36.462001+00:00,AcademicPapers,AcademicPapers.scinet,PROTECTED,200,330,,DDoS-Guard
2026-10-01T01:58:36.855551+00:00,AcademicPapers,AcademicPapers.scinet,PROTECTED,200,393,,DDoS-Guard
2026-10-01T01:59:36.989327+00:00,AcademicPapers,AcademicPapers.scinet,PROTECTED,200,422,,DDoS-Guard
2026-10-01T02:00:37.829502+00:00,AcademicPapers,AcademicPapers.scinet,PROTECTED,200,479,,DDoS-Guard
2026-10-01T02:01:38.509996+00:00,AcademicPapers,AcademicPapers.scinet,PROTECTED,200,315,,DDoS-Guard
2026-10-01T02:02:38.703203+00:00,AcademicPapers,AcademicPapers.scinet,PROTECTED,200,307,,DDoS-Guard
2026-10-01T02:03:39.471953+00:00,AcademicPapers,AcademicPapers.scinet,PROTECTED,200,714,,DDoS-Guard
2026-10-01T02:04:39.274020+00:00,AcademicPapers,AcademicPapers.scinet,PROTECTED,200,390,,DDoS-Guard
2026-10-01T02:05:39.522222+00:00,AcademicPapers,AcademicPapers.scinet,PROTECTED,200,391,,DDoS-Guard
2026-10-01T02:06:39.772075+00:00,AcademicPapers,AcademicPapers.scinet,PROTECTED,200,382,,DDoS-Guard
2026-10-01T02:07:40.155806+00:00,AcademicPapers,AcademicPapers.scinet,PROTECTED,200,694,,DDoS-Guard
2026-10-01T02:08:40.144499+00:00,AcademicPapers,AcademicPapers.scinet,PROTECTED,200,314,,DDoS-Guard
2026-10-01T02:09:40.944014+00:00,AcademicPapers,AcademicPapers.scinet,PROTECTED,200,553,,DDoS-Guard
2026-10-01T02:10:40.891696+00:00,AcademicPapers,AcademicPapers.scinet,PROTECTED,200,319,,DDoS-Guard
2026-10-01T02:11:40.947747+00:00,AcademicPapers,AcademicPapers.scinet,PROTECTED,200,174,,DDoS-Guard
2026-10-01T02:12:41.692184+00:00,AcademicPapers,AcademicPapers.scinet,PROTECTED,200,395,,DDoS-Guard
2026-10-01T02:13:42.807489+00:00,AcademicPapers,AcademicPapers.scinet,PROTECTED,200,808,,DDoS-Guard
2026-10-01T02:14:42.977659+00:00,AcademicPapers,AcademicPapers.scinet,PROTECTED,200,517,,DDoS-Guard
2026-10-01T02:15:42.875656+00:00,AcademicPapers,AcademicPapers.scinet,PROTECTED,200,349,,DDoS-Guard
2026-10-01T02:16:43.724163+00:00,AcademicPapers,AcademicPapers.scinet,PROTECTED,200,790,,DDoS-Guard
2026-10-01T02:17:43.681341+00:00,AcademicPapers,AcademicPapers.scinet,PROTECTED,200,406,,DDoS-Guard
2026-10-01T02:18:43.808326+00:00,AcademicPapers,AcademicPapers.scinet,PROTECTED,200,327,,DDoS-Guard
2026-10-01T02:19:43.905680+00:00,AcademicPapers,AcademicPapers.scinet,PROTECTED,200,397,,DDoS-Guard
2026-10-01T02:20:45.161815+00:00,AcademicPapers,AcademicPapers.scinet,PROTECTED,200,710,,DDoS-Guard
2026-10-01T02:21:45.231950+00:00,AcademicPapers,AcademicPapers.scinet,PROTECTED,200,364,,DDoS-Guard
2026-10-01T02:22:45.103774+00:00,AcademicPapers,AcademicPapers.scinet,PROTECTED,200,596,,DDoS-Guard
2026-10-01T02:23:46.050759+00:00,AcademicPapers,AcademicPapers.scinet,PROTECTED,200,849,,DDoS-Guard
2026-10-01T02:24:45.495314+00:00,AcademicPapers,AcademicPapers.scinet,PROTECTED,200,326,,DDoS-Guard
2026-10-01T02:25:46.497744+00:00,AcademicPapers,AcademicPapers.scinet,PROTECTED,200,855,,DDoS-Guard
2026-10-01T02:26:46.671717+00:00,AcademicPapers,AcademicPapers.scinet,PROTECTED,200,772,,DDoS-Guard
2026-10-01T02:27:46.914998+00:00,AcademicPapers,AcademicPapers.scinet,PROTECTED,200,364,,DDoS-Guard
2026-10-01T02:28:47.390489+00:00,AcademicPapers,AcademicPapers.scinet,PROTECTED,200,310,,DDoS-Guard
2026-10-01T02:29:48.065449+00:00,AcademicPapers,AcademicPapers.scinet,PROTECTED,200,785,,DDoS-Guard
2026-10-01T02:30:48.509249+00:00,AcademicPapers,AcademicPapers.scinet,PROTECTED,200,889,,DDoS-Guard
2026-10-01T02:31:48.416642+00:00,AcademicPapers,AcademicPapers.scinet,PROTECTED,200,318,,DDoS-Guard
2026-10-01T02:32:49.225947+00:00,AcademicPapers,AcademicPapers.scinet,PROTECTED,200,693,,DDoS-Guard
2026-10-01T02:33:49.683981+00:00,AcademicPapers,AcademicPapers.scinet,PROTECTED,200,896,,DDoS-Guard
2026-10-01T02:34:49.661644+00:00,AcademicPapers,AcademicPapers.scinet,PROTECTED,200,774,,DDoS-Guard
2026-10-01T02:35:50.354559+00:00,AcademicPapers,AcademicPapers.scinet,PROTECTED,200,798,,DDoS-Guard
2026-10-01T02:36:50.619751+00:00,AcademicPapers,AcademicPapers.scinet,PROTECTED,200,821,,DDoS-Guard
2026-10-01T02:37:50.654161+00:00,AcademicPapers,AcademicPapers.scinet,PROTECTED,200,683,,DDoS-Guard
2026-10-01T02:38:50.789249+00:00,AcademicPapers,AcademicPapers.scinet,PROTECTED,200,324,,DDoS-Guard
2026-10-01T02:39:51.633079+00:00,AcademicPapers,AcademicPapers.scinet,PROTECTED,200,771,,DDoS-Guard
2026-10-01T02:40:52.064588+00:00,AcademicPapers,AcademicPapers.scinet,PROTECTED,200,803,,DDoS-Guard
2026-10-01T02:41:52.236863+00:00,AcademicPapers,AcademicPapers.scinet,PROTECTED,200,804,,DDoS-Guard
2026-10-01T02:42:51.573667+00:00,AcademicPapers,AcademicPapers.scinet,PROTECTED,200,177,,DDoS-Guard
2026-10-01T02:43:52.366533+00:00,AcademicPapers,AcademicPapers.scinet,PROTECTED,200,389,,DDoS-Guard
2026-10-01T02:44:52.405732+00:00,AcademicPapers,AcademicPapers.scinet,PROTECTED,200,310,,DDoS-Guard
2026-10-01T02:45:52.982356+00:00,AcademicPapers,AcademicPapers.scinet,PROTECTED,200,319,,DDoS-Guard
2026-10-01T02:46:53.472950+00:00,AcademicPapers,AcademicPapers.scinet,PROTECTED,200,312,,DDoS-Guard
2026-10-01T02:47:53.794802+00:00,AcademicPapers,AcademicPapers.scinet,PROTECTED,200,385,,DDoS-Guard
2026-10-01T02:48:54.512646+00:00,AcademicPapers,AcademicPapers.scinet,PROTECTED,200,769,,DDoS-Guard
2026-10-01T02:49:54.519636+00:00,AcademicPapers,AcademicPapers.scinet,PROTECTED,200,303,,DDoS-Guard
2026-10-01T02:50:55.208850+00:00,AcademicPapers,AcademicPapers.scinet,PROTECTED,200,712,,DDoS-Guard
2026-10-01T02:51:55.488237+00:00,AcademicPapers,AcademicPapers.scinet,PROTECTED,200,763,,DDoS-Guard
2026-10-01T02:52:55.727412+00:00,AcademicPapers,AcademicPapers.scinet,PROTECTED,200,391,,DDoS-Guard
2026-10-01T02:53:55.997345+00:00,AcademicPapers,AcademicPapers.scinet,PROTECTED,200,410,,DDoS-Guard
2026-10-01T02:54:56.706628+00:00,AcademicPapers,AcademicPapers.scinet,PROTECTED,200,916,,DDoS-Guard
2026-10-01T02:55:56.829683+00:00,AcademicPapers,AcademicPapers.scinet,PROTECTED,200,454,,DDoS-Guard
2026-10-01T02:56:57.428525+00:00,AcademicPapers,AcademicPapers.scinet,PROTECTED,200,802,,DDoS-Guard
2026-10-01T02:57:57.703517+00:00,AcademicPapers,AcademicPapers.scinet,PROTECTED,200,779,,DDoS-Guard
2026-10-01T02:58:58.234787+00:00,AcademicPapers,AcademicPapers.scinet,PROTECTED,200,422,,DDoS-Guard
2026-10-01T02:59:59.553944+00:00,AcademicPapers,AcademicPapers.scinet,PROTECTED,200,772,,DDoS-Guard
2026-10-01T03:00:59.335251+00:00,AcademicPapers,AcademicPapers.scinet,PROTECTED,200,526,,DDoS-Guard
2026-10-01T03:01:59.875235+00:00,AcademicPapers,AcademicPapers.scinet,PROTECTED,200,457,,DDoS-Guard
2026-10-01T03:03:00.834695+00:00,AcademicPapers,AcademicPapers.scinet,PROTECTED,200,736,,DDoS-Guard
2026-10-01T03:04:01.724452+00:00,AcademicPapers,AcademicPapers.scinet,PROTECTED,200,778,,DDoS-Guard
2026-10-01T03:05:01.483562+00:00,AcademicPapers,AcademicPapers.scinet,PROTECTED,200,575,,DDoS-Guard
2026-10-01T03:06:02.636655+00:00,AcademicPapers,AcademicPapers.scinet,PROTECTED,200,818,,DDoS-Guard
2026-10-01T03:07:02.468056+00:00,AcademicPapers,AcademicPapers.scinet,PROTECTED,200,498,,DDoS-Guard
2026-10-01T03:08:03.073162+00:00,AcademicPapers,AcademicPapers.scinet,PROTECTED,200,386,,DDoS-Guard
2026-10-01T03:09:03.806603+00:00,AcademicPapers,AcademicPapers.scinet,PROTECTED,200,786,,DDoS-Guard
2026-10-01T03:10:04.185604+00:00,AcademicPapers,AcademicPapers.scinet,PROTECTED,200,919,,DDoS-Guard
2026-10-01T03:11:04.544728+00:00,AcademicPapers,AcademicPapers.scinet,PROTECTED,200,851,,DDoS-Guard
2026-10-01T03:12:04.440819+00:00,AcademicPapers,AcademicPapers.scinet,PROTECTED,200,313,,DDoS-Guard
2026-10-01T03:13:04.644106+00:00,AcademicPapers,AcademicPapers.scinet,PROTECTED,200,563,,DDoS-Guard
2026-10-01T03:14:05.147633+00:00,AcademicPapers,AcademicPapers.scinet,PROTECTED,200,569,,DDoS-Guard
2026-10-01T03:15:05.718862+00:00,AcademicPapers,AcademicPapers.scinet,PROTECTED,200,339,,DDoS-Guard
2026-10-01T03:16:06.306192+00:00,AcademicPapers,AcademicPapers.scinet,PROTECTED,200,418,,DDoS-Guard
2026-10-01T03:17:06.993234+00:00,AcademicPapers,AcademicPapers.scinet,PROTECTED,200,782,,DDoS-Guard
2026-10-01T03:18:07.648863+00:00,AcademicPapers,AcademicPapers.scinet,PROTECTED,200,839,,DDoS-Guard
2026-10-01T03:19:07.824268+00:00,AcademicPapers,AcademicPapers.scinet,PROTECTED,200,399,,DDoS-Guard
2026-10-01T03:20:08.028684+00:00,AcademicPapers,AcademicPapers.scinet,PROTECTED,200,306,,DDoS-Guard
2026-10-01T03:21:08.783602+00:00,AcademicPapers,AcademicPapers.scinet,PROTECTED,200,800,,DDoS-Guard
2026-10-01T03:22:09.073821+00:00,AcademicPapers,AcademicPapers.scinet,PROTECTED,200,361,,DDoS-Guard
2026-10-01T03:23:09.731205+00:00,AcademicPapers,AcademicPapers.scinet,PROTECTED,200,802,,DDoS-Guard
2026-10-01T03:24:09.326498+00:00,AcademicPapers,AcademicPapers.scinet,PROTECTED,200,295,,DDoS-Guard
2026-10-01T03:25:09.948962+00:00,AcademicPapers,AcademicPapers.scinet,PROTECTED,200,341,,DDoS-Guard
2026-10-01T03:26:10.349514+00:00,AcademicPapers,AcademicPapers.scinet,PROTECTED,200,393,,DDoS-Guard
2026-10-01T03:27:10.543924+00:00,AcademicPapers,AcademicPapers.scinet,PROTECTED,200,304,,DDoS-Guard
2026-10-01T03:28:11.179689+00:00,AcademicPapers,AcademicPapers.scinet,PROTECTED,200,781,,DDoS-Guard
2026-10-01T03:29:10.448651+00:00,AcademicPapers,AcademicPapers.scinet,PROTECTED,200,183,,DDoS-Guard
2026-10-01T03:30:11.167671+00:00,AcademicPapers,AcademicPapers.scinet,PROTECTED,200,388,,DDoS-Guard
2026-10-01T03:31:11.848579+00:00,AcademicPapers,AcademicPapers.scinet,PROTECTED,200,789,,DDoS-Guard
2026-10-01T03:32:12.564046+00:00,AcademicPapers,AcademicPapers.scinet,PROTECTED,200,762,,DDoS-Guard
2026-10-01T03:33:11.963300+00:00,AcademicPapers,AcademicPapers.scinet,PROTECTED,200,179,,DDoS-Guard
2026-10-01T03:34:13.044063+00:00,AcademicPapers,AcademicPapers.scinet,PROTECTED,200,314,,DDoS-Guard
2026-10-01T03:35:12.828701+00:00,AcademicPapers,AcademicPapers.scinet,PROTECTED,200,189,,DDoS-Guard
2026-10-01T03:36:13.941852+00:00,AcademicPapers,AcademicPapers.scinet,PROTECTED,200,387,,DDoS-Guard
2026-10-01T03:37:14.266763+00:00,AcademicPapers,AcademicPapers.scinet,PROTECTED,200,453,,DDoS-Guard
2026-10-01T03:38:14.554638+00:00,AcademicPapers,AcademicPapers.scinet,PROTECTED,200,413,,DDoS-Guard
2026-10-01T03:39:14.045106+00:00,AcademicPapers,AcademicPapers.scinet,PROTECTED,200,187,,DDoS-Guard
2026-10-01T03:40:15.210904+00:00,AcademicPapers,AcademicPapers.scinet,PROTECTED,200,431,,DDoS-Guard
2026-10-01T03:41:15.481967+00:00,AcademicPapers,AcademicPapers.scinet,PROTECTED,200,396,,DDoS-Guard
2026-10-01T03:42:15.614373+00:00,AcademicPapers,AcademicPapers.scinet,PROTECTED,200,334,,DDoS-Guard
2026-10-01T03:43:16.176565+00:00,AcademicPapers,AcademicPapers.scinet,PROTECTED,200,772,,DDoS-Guard
2026-10-01T03:44:16.478736+00:00,AcademicPapers,AcademicPapers.scinet,PROTECTED,200,324,,DDoS-Guard
2026-10-01T03:45:16.868114+00:00,AcademicPapers,AcademicPapers.scinet,PROTECTED,200,389,,DDoS-Guard
2026-10-01T03:46:17.070890+00:00,AcademicPapers,AcademicPapers.scinet,PROTECTED,200,330,,DDoS-Guard
2026-10-01T03:47:17.497219+00:00,AcademicPapers,AcademicPapers.scinet,PROTECTED,200,367,,DDoS-Guard
2026-10-01T03:48:18.181114+00:00,AcademicPapers,AcademicPapers.scinet,PROTECTED,200,303,,DDoS-Guard
2026-10-01T03:49:18.789863+00:00,AcademicPapers,AcademicPapers.scinet,PROTECTED,200,763,,DDoS-Guard
2026-10-01T03:50:19.014856+00:00,AcademicPapers,AcademicPapers.scinet,PROTECTED,200,754,,DDoS-Guard
2026-10-01T03:51:19.327600+00:00,AcademicPapers,AcademicPapers.scinet,PROTECTED,200,388,,DDoS-Guard
2026-10-01T03:52:20.245972+00:00,AcademicPapers,AcademicPapers.scinet,PROTECTED,200,426,,DDoS-Guard
2026-10-01T03:53:20.082412+00:00,AcademicPapers,AcademicPapers.scinet,PROTECTED,200,391,,DDoS-Guard
2026-10-01T03:54:20.632889+00:00,AcademicPapers,AcademicPapers.scinet,PROTECTED,200,391,,DDoS-Guard
2026-10-01T03:55:21.110641+00:00,AcademicPapers,AcademicPapers.scinet,PROTECTED,200,696,,DDoS-Guard
2026-10-01T03:56:20.466042+00:00,AcademicPapers,AcademicPapers.scinet,PROTECTED,200,192,,DDoS-Guard
2026-10-01T03:57:21.723914+00:00,AcademicPapers,AcademicPapers.scinet,PROTECTED,200,459,,DDoS-Guard
2026-10-01T03:58:22.049942+00:00,AcademicPapers,AcademicPapers.scinet,PROTECTED,200,429,,DDoS-Guard
2026-10-01T03:59:22.087772+00:00,AcademicPapers,AcademicPapers.scinet,PROTECTED,200,324,,DDoS-Guard
2026-10-01T04:00:23.056464+00:00,AcademicPapers,AcademicPapers.scinet,PROTECTED,200,784,,DDoS-Guard
2026-10-01T04:01:23.438488+00:00,AcademicPapers,AcademicPapers.scinet,PROTECTED,200,947,,DDoS-Guard
2026-10-01T04:02:23.121361+00:00,AcademicPapers,AcademicPapers.scinet,PROTECTED,200,396,,DDoS-Guard
2026-10-01T04:03:23.745044+00:00,AcademicPapers,AcademicPapers.scinet,PROTECTED,200,699,,DDoS-Guard
2026-10-01T04:04:23.820234+00:00,AcademicPapers,AcademicPapers.scinet,PROTECTED,200,335,,DDoS-Guard
2026-10-01T04:05:24.482889+00:00,AcademicPapers,AcademicPapers.scinet,PROTECTED,200,415,,DDoS-Guard
2026-10-01T04:06:24.982245+00:00,AcademicPapers,AcademicPapers.scinet,PROTECTED,200,404,,DDoS-Guard
2026-10-01T04:07:25.575928+00:00,AcademicPapers,AcademicPapers.scinet,PROTECTED,200,386,,DDoS-Guard
2026-10-01T04:08:25.830580+00:00,AcademicPapers,AcademicPapers.scinet,PROTECTED,200,390,,DDoS-Guard
2026-10-01T04:09:26.057519+00:00,AcademicPapers,AcademicPapers.scinet,PROTECTED,200,401,,DDoS-Guard
2026-10-01T04:10:26.312347+00:00,AcademicPapers,AcademicPapers.scinet,PROTECTED,200,397,,DDoS-Guard
2026-10-01T04:11:26.922704+00:00,AcademicPapers,AcademicPapers.scinet,PROTECTED,200,378,,DDoS-Guard
2026-10-01T04:12:26.888765+00:00,AcademicPapers,AcademicPapers.scinet,PROTECTED,200,355,,DDoS-Guard
2026-10-01T04:13:27.643163+00:00,AcademicPapers,AcademicPapers.scinet,PROTECTED,200,378,,DDoS-Guard
2026-10-01T04:14:28.143394+00:00,AcademicPapers,AcademicPapers.scinet,PROTECTED,200,385,,DDoS-Guard
2026-10-01T04:15:28.575398+00:00,AcademicPapers,AcademicPapers.scinet,PROTECTED,200,322,,DDoS-Guard
2026-10-01T04:16:29.757247+00:00,AcademicPapers,AcademicPapers.scinet,PROTECTED,200,815,,DDoS-Guard
2026-10-01T04:17:28.922076+00:00,AcademicPapers,AcademicPapers.scinet,PROTECTED,200,267,,DDoS-Guard
2026-10-01T04:18:29.925838+00:00,AcademicPapers,AcademicPapers.scinet,PROTECTED,200,450,,DDoS-Guard
2026-10-01T04:19:31.249059+00:00,AcademicPapers,AcademicPapers.scinet,PROTECTED,200,788,,DDoS-Guard
2026-10-01T04:20:31.747664+00:00,AcademicPapers,AcademicPapers.scinet,PROTECTED,200,798,,DDoS-Guard
2026-10-01T04:21:31.648723+00:00,AcademicPapers,AcademicPapers.scinet,PROTECTED,200,299,,DDoS-Guard
2026-10-01T04:22:32.196612+00:00,AcademicPapers,AcademicPapers.scinet,PROTECTED,200,327,,DDoS-Guard
2026-10-01T04:23:33.057892+00:00,AcademicPapers,AcademicPapers.scinet,PROTECTED,200,802,,DDoS-Guard
2026-10-01T04:24:33.099917+00:00,AcademicPapers,AcademicPapers.scinet,PROTECTED,200,710,,DDoS-Guard
2026-10-01T04:25:33.721855+00:00,AcademicPapers,AcademicPapers.scinet,PROTECTED,200,838,,DDoS-Guard
2026-10-01T04:26:34.025927+00:00,AcademicPapers,AcademicPapers.scinet,PROTECTED,200,760,,DDoS-Guard
2026-10-01T04:27:34.387994+00:00,AcademicPapers,AcademicPapers.scinet,PROTECTED,200,370,,DDoS-Guard
2026-10-01T04:28:34.209682+00:00,AcademicPapers,AcademicPapers.scinet,PROTECTED,200,188,,DDoS-Guard
2026-10-01T04:29:35.265998+00:00,AcademicPapers,AcademicPapers.scinet,PROTECTED,200,806,,DDoS-Guard
2026-10-01T04:30:35.400202+00:00,AcademicPapers,AcademicPapers.scinet,PROTECTED,200,416,,DDoS-Guard
2026-10-01T04:31:36.359694+00:00,AcademicPapers,AcademicPapers.scinet,PROTECTED,200,787,,DDoS-Guard
2026-10-01T04:32:36.136456+00:00,AcademicPapers,AcademicPapers.scinet,PROTECTED,200,396,,DDoS-Guard
2026-10-01T04:33:36.888744+00:00,AcademicPapers,AcademicPapers.scinet,PROTECTED,200,807,,DDoS-Guard
2026-10-01T04:34:37.547149+00:00,AcademicPapers,AcademicPapers.scinet,PROTECTED,200,816,,DDoS-Guard
2026-10-01T04:35:37.402621+00:00,AcademicPapers,AcademicPapers.scinet,PROTECTED,200,190,,DDoS-Guard
2026-10-01T04:36:38.107326+00:00,AcademicPapers,AcademicPapers.scinet,PROTECTED,200,840,,DDoS-Guard
2026-10-01T04:37:37.776717+00:00,AcademicPapers,AcademicPapers.scinet,PROTECTED,200,407,,DDoS-Guard
2026-10-01T04:38:38.618576+00:00,AcademicPapers,AcademicPapers.scinet,PROTECTED,200,386,,DDoS-Guard
2026-10-01T04:39:39.030316+00:00,AcademicPapers,AcademicPapers.scinet,PROTECTED,200,325,,DDoS-Guard
2026-10-01T04:40:39.864369+00:00,AcademicPapers,AcademicPapers.scinet,PROTECTED,200,897,,DDoS-Guard
2026-10-01T04:41:39.783683+00:00,AcademicPapers,AcademicPapers.scinet,PROTECTED,200,477,,DDoS-Guard
2026-10-01T04:42:40.465578+00:00,AcademicPapers,AcademicPapers.scinet,PROTECTED,200,770,,DDoS-Guard
2026-10-01T04:43:40.333837+00:00,AcademicPapers,AcademicPapers.scinet,PROTECTED,200,418,,DDoS-Guard
2026-10-01T04:44:40.857695+00:00,AcademicPapers,AcademicPapers.scinet,PROTECTED,200,772,,DDoS-Guard
2026-10-01T04:45:40.884940+00:00,AcademicPapers,AcademicPapers.scinet,PROTECTED,200,392,,DDoS-Guard
2026-10-01T04:46:41.068601+00:00,AcademicPapers,AcademicPapers.scinet,PROTECTED,200,314,,DDoS-Guard
2026-10-01T04:47:41.663746+00:00,AcademicPapers,AcademicPapers.scinet,PROTECTED,200,394,,DDoS-Guard
2026-10-01T04:48:41.887403+00:00,AcademicPapers,AcademicPapers.scinet,PROTECTED,200,389,,DDoS-Guard
2026-10-01T04:49:42.183092+00:00,AcademicPapers,AcademicPapers.scinet,PROTECTED,200,393,,DDoS-Guard
2026-10-01T04:50:42.521604+00:00,AcademicPapers,AcademicPapers.scinet,PROTECTED,200,322,,DDoS-Guard
2026-10-01T04:51:42.849513+00:00,AcademicPapers,AcademicPapers.scinet,PROTECTED,200,441,,DDoS-Guard
2026-10-01T04:52:43.427216+00:00,AcademicPapers,AcademicPapers.scinet,PROTECTED,200,403,,DDoS-Guard
2026-10-01T04:53:43.618788+00:00,AcademicPapers,AcademicPapers.scinet,PROTECTED,200,385,,DDoS-Guard
2026-10-01T04:54:43.503056+00:00,AcademicPapers,AcademicPapers.scinet,PROTECTED,200,267,,DDoS-Guard
2026-10-01T04:55:44.571885+00:00,AcademicPapers,AcademicPapers.scinet,PROTECTED,200,762,,DDoS-Guard
2026-10-01T04:56:44.723612+00:00,AcademicPapers,AcademicPapers.scinet,PROTECTED,200,317,,DDoS-Guard
2026-10-01T04:57:45.213024+00:00,AcademicPapers,AcademicPapers.scinet,PROTECTED,200,385,,DDoS-Guard
2026-10-01T04:58:45.173496+00:00,AcademicPapers,AcademicPapers.scinet,PROTECTED,200,300,,DDoS-Guard
2026-10-01T04:59:45.470778+00:00,AcademicPapers,AcademicPapers.scinet,PROTECTED,200,352,,DDoS-Guard
2026-10-01T05:00:46.524904+00:00,AcademicPapers,AcademicPapers.scinet,PROTECTED,200,783,,DDoS-Guard
2026-10-01T05:01:46.272049+00:00,AcademicPapers,AcademicPapers.scinet,PROTECTED,200,297,,DDoS-Guard
2026-10-01T05:02:46.743894+00:00,AcademicPapers,AcademicPapers.scinet,PROTECTED,200,381,,DDoS-Guard
2026-10-01T05:03:47.161104+00:00,AcademicPapers,AcademicPapers.scinet,PROTECTED,200,298,,DDoS-Guard
2026-10-01T05:04:47.551746+00:00,AcademicPapers,AcademicPapers.scinet,PROTECTED,200,389,,DDoS-Guard
2026-10-01T05:05:48.131251+00:00,AcademicPapers,AcademicPapers.scinet,PROTECTED,200,343,,DDoS-Guard
2026-10-01T05:06:47.971146+00:00,AcademicPapers,AcademicPapers.scinet,PROTECTED,200,178,,DDoS-Guard
2026-10-01T05:07:48.524319+00:00,AcademicPapers,AcademicPapers.scinet,PROTECTED,200,331,,DDoS-Guard
2026-10-01T05:08:48.956703+00:00,AcademicPapers,AcademicPapers.scinet,PROTECTED,200,381,,DDoS-Guard
2026-10-01T05:09:49.469627+00:00,AcademicPapers,AcademicPapers.scinet,PROTECTED,200,424,,DDoS-Guard
2026-10-01T05:10:50.197974+00:00,AcademicPapers,AcademicPapers.scinet,PROTECTED,200,805,,DDoS-Guard
2026-10-01T05:11:50.340893+00:00,AcademicPapers,AcademicPapers.scinet,PROTECTED,200,420,,DDoS-Guard
2026-10-01T05:12:50.099487+00:00,AcademicPapers,AcademicPapers.scinet,PROTECTED,200,172,,DDoS-Guard
2026-10-01T05:13:50.831737+00:00,AcademicPapers,AcademicPapers.scinet,PROTECTED,200,301,,DDoS-Guard
2026-10-01T05:14:50.987431+00:00,AcademicPapers,AcademicPapers.scinet,PROTECTED,200,327,,DDoS-Guard
2026-10-01T05:15:51.571733+00:00,AcademicPapers,AcademicPapers.scinet,PROTECTED,200,295,,DDoS-Guard
2026-10-01T05:16:51.854142+00:00,AcademicPapers,AcademicPapers.scinet,PROTECTED,200,327,,DDoS-Guard
2026-10-01T05:17:52.218819+00:00,AcademicPapers,AcademicPapers.scinet,PROTECTED,200,403,,DDoS-Guard
2026-10-01T05:18:53.148564+00:00,AcademicPapers,AcademicPapers.scinet,PROTECTED,200,768,,DDoS-Guard
2026-10-01T05:19:53.063518+00:00,AcademicPapers,AcademicPapers.scinet,PROTECTED,200,452,,DDoS-Guard
2026-10-01T05:20:53.541081+00:00,AcademicPapers,AcademicPapers.scinet,PROTECTED,200,781,,DDoS-Guard
2026-10-01T05:21:53.656362+00:00,AcademicPapers,AcademicPapers.scinet,PROTECTED,200,316,,DDoS-Guard
2026-10-01T05:22:54.094162+00:00,AcademicPapers,AcademicPapers.scinet,PROTECTED,200,329,,DDoS-Guard
2026-10-01T05:23:54.139640+00:00,AcademicPapers,AcademicPapers.scinet,PROTECTED,200,492,,DDoS-Guard
2026-10-01T05:24:54.856216+00:00,AcademicPapers,AcademicPapers.scinet,PROTECTED,200,345,,DDoS-Guard
2026-10-01T05:25:55.247553+00:00,AcademicPapers,AcademicPapers.scinet,PROTECTED,200,308,,DDoS-Guard
2026-10-01T05:26:55.320212+00:00,AcademicPapers,AcademicPapers.scinet,PROTECTED,200,301,,DDoS-Guard
2026-10-01T05:27:55.768061+00:00,AcademicPapers,AcademicPapers.scinet,PROTECTED,200,392,,DDoS-Guard
2026-10-01T05:28:56.740986+00:00,AcademicPapers,AcademicPapers.scinet,PROTECTED,200,705,,DDoS-Guard
2026-10-01T05:29:56.934230+00:00,AcademicPapers,AcademicPapers.scinet,PROTECTED,200,835,,DDoS-Guard
2026-10-01T05:30:57.321157+00:00,AcademicPapers,AcademicPapers.scinet,PROTECTED,200,405,,DDoS-Guard
2026-10-01T05:31:57.537823+00:00,AcademicPapers,AcademicPapers.scinet,PROTECTED,200,430,,DDoS-Guard
2026-10-01T05:32:57.810057+00:00,AcademicPapers,AcademicPapers.scinet,PROTECTED,200,411,,DDoS-Guard
2026-10-01T05:33:58.547019+00:00,AcademicPapers,AcademicPapers.scinet,PROTECTED,200,309,,DDoS-Guard
2026-10-01T05:34:59.169926+00:00,AcademicPapers,AcademicPapers.scinet,PROTECTED,200,734,,DDoS-Guard
2026-10-01T05:35:59.323025+00:00,AcademicPapers,AcademicPapers.scinet,PROTECTED,200,532,,DDoS-Guard
2026-10-01T05:36:59.806197+00:00,AcademicPapers,AcademicPapers.scinet,PROTECTED,200,389,,DDoS-Guard
2026-10-01T05:37:59.814239+00:00,AcademicPapers,AcademicPapers.scinet,PROTECTED,200,365,,DDoS-Guard
2026-10-01T05:39:00.544455+00:00,AcademicPapers,AcademicPapers.scinet,PROTECTED,200,394,,DDoS-Guard
2026-10-01T05:40:00.987923+00:00,AcademicPapers,AcademicPapers.scinet,PROTECTED,200,313,,DDoS-Guard
2026-10-01T05:41:01.530727+00:00,AcademicPapers,AcademicPapers.scinet,PROTECTED,200,397,,DDoS-Guard
2026-10-01T05:42:02.252736+00:00,AcademicPapers,AcademicPapers.scinet,PROTECTED,200,412,,DDoS-Guard
2026-10-01T05:43:02.111935+00:00,AcademicPapers,AcademicPapers.scinet,PROTECTED,200,307,,DDoS-Guard
2026-10-01T05:44:03.037028+00:00,AcademicPapers,AcademicPapers.scinet,PROTECTED,200,483,,DDoS-Guard
2026-10-01T05:45:03.523496+00:00,AcademicPapers,AcademicPapers.scinet,PROTECTED,200,510,,DDoS-Guard
2026-10-01T05:46:03.707596+00:00,AcademicPapers,AcademicPapers.scinet,PROTECTED,200,411,,DDoS-Guard
2026-10-01T05:47:04.113029+00:00,AcademicPapers,AcademicPapers.scinet,PROTECTED,200,305,,DDoS-Guard
2026-10-01T05:48:05.070633+00:00,AcademicPapers,AcademicPapers.scinet,PROTECTED,200,775,,DDoS-Guard
2026-10-01T05:49:05.231453+00:00,AcademicPapers,AcademicPapers.scinet,PROTECTED,200,734,,DDoS-Guard
2026-10-01T05:50:05.913177+00:00,AcademicPapers,AcademicPapers.scinet,PROTECTED,200,801,,DDoS-Guard
2026-10-01T05:51:06.234810+00:00,AcademicPapers,AcademicPapers.scinet,PROTECTED,200,574,,DDoS-Guard
2026-10-01T05:52:06.881400+00:00,AcademicPapers,AcademicPapers.scinet,PROTECTED,200,377,,DDoS-Guard
2026-10-01T05:53:07.737887+00:00,AcademicPapers,AcademicPapers.scinet,PROTECTED,200,805,,DDoS-Guard
2026-10-01T05:54:07.885802+00:00,AcademicPapers,AcademicPapers.scinet,PROTECTED,200,485,,DDoS-Guard
2026-10-01T05:55:08.393088+00:00,AcademicPapers,AcademicPapers.scinet,PROTECTED,200,401,,DDoS-Guard
2026-10-01T05:56:08.605040+00:00,AcademicPapers,AcademicPapers.scinet,PROTECTED,200,388,,DDoS-Guard
2026-10-01T05:57:09.221958+00:00,AcademicPapers,AcademicPapers.scinet,PROTECTED,200,782,,DDoS-Guard
2026-10-01T05:58:09.441896+00:00,AcademicPapers,AcademicPapers.scinet,PROTECTED,200,414,,DDoS-Guard
2026-10-01T05:59:09.975851+00:00,AcademicPapers,AcademicPapers.scinet,PROTECTED,200,723,,DDoS-Guard
2026-10-01T06:00:10.007510+00:00,AcademicPapers,AcademicPapers.scinet,PROTECTED,200,403,,DDoS-Guard
2026-10-01T06:01:10.705673+00:00,AcademicPapers,AcademicPapers.scinet,PROTECTED,200,823,,DDoS-Guard
2026-10-01T06:02:11.047221+00:00,AcademicPapers,AcademicPapers.scinet,PROTECTED,200,334,,DDoS-Guard
2026-10-01T06:03:11.237202+00:00,AcademicPapers,AcademicPapers.scinet,PROTECTED,200,338,,DDoS-Guard
2026-10-01T06:04:11.778082+00:00,AcademicPapers,AcademicPapers.scinet,PROTECTED,200,407,,DDoS-Guard
2026-10-01T06:05:12.304116+00:00,AcademicPapers,AcademicPapers.scinet,PROTECTED,200,709,,DDoS-Guard
2026-10-01T06:06:12.816138+00:00,AcademicPapers,AcademicPapers.scinet,PROTECTED,200,423,,DDoS-Guard
2026-10-01T06:07:13.578504+00:00,AcademicPapers,AcademicPapers.scinet,PROTECTED,200,379,,DDoS-Guard
2026-10-01T06:08:14.147905+00:00,AcademicPapers,AcademicPapers.scinet,PROTECTED,200,402,,DDoS-Guard
2026-10-01T06:09:14.043635+00:00,AcademicPapers,AcademicPapers.scinet,PROTECTED,200,328,,DDoS-Guard
2026-10-01T06:10:14.812483+00:00,AcademicPapers,AcademicPapers.scinet,PROTECTED,200,791,,DDoS-Guard
2026-10-01T06:11:15.416453+00:00,AcademicPapers,AcademicPapers.scinet,PROTECTED,200,423,,DDoS-Guard
2026-10-01T06:12:15.877982+00:00,AcademicPapers,AcademicPapers.scinet,PROTECTED,200,409,,DDoS-Guard
2026-10-01T06:13:16.033113+00:00,AcademicPapers,AcademicPapers.scinet,PROTECTED,200,331,,DDoS-Guard
2026-10-01T06:14:16.166105+00:00,AcademicPapers,AcademicPapers.scinet,PROTECTED,200,316,,DDoS-Guard
2026-10-01T06:15:15.993113+00:00,AcademicPapers,AcademicPapers.scinet,PROTECTED,200,181,,DDoS-Guard
2026-10-01T06:16:16.747504+00:00,AcademicPapers,AcademicPapers.scinet,PROTECTED,200,320,,DDoS-Guard
2026-10-01T06:17:17.176537+00:00,AcademicPapers,AcademicPapers.scinet,PROTECTED,200,403,,DDoS-Guard
2026-10-01T06:18:17.640146+00:00,AcademicPapers,AcademicPapers.scinet,PROTECTED,200,313,,DDoS-Guard
2026-10-01T06:19:18.065706+00:00,AcademicPapers,AcademicPapers.scinet,PROTECTED,200,695,,DDoS-Guard
2026-10-01T06:20:18.644908+00:00,AcademicPapers,AcademicPapers.scinet,PROTECTED,200,325,,DDoS-Guard
2026-10-01T06:21:18.742016+00:00,AcademicPapers,AcademicPapers.scinet,PROTECTED,200,308,,DDoS-Guard
2026-10-01T06:22:19.087532+00:00,AcademicPapers,AcademicPapers.scinet,PROTECTED,200,304,,DDoS-Guard
2026-10-01T06:23:20.007940+00:00,AcademicPapers,AcademicPapers.scinet,PROTECTED,200,878,,DDoS-Guard
2026-10-01T06:24:20.146701+00:00,AcademicPapers,AcademicPapers.scinet,PROTECTED,200,733,,DDoS-Guard
2026-10-01T06:25:20.713195+00:00,AcademicPapers,AcademicPapers.scinet,PROTECTED,200,801,,DDoS-Guard
2026-10-01T06:26:20.596619+00:00,AcademicPapers,AcademicPapers.scinet,PROTECTED,200,411,,DDoS-Guard
2026-10-01T06:27:20.893925+00:00,AcademicPapers,AcademicPapers.scinet,PROTECTED,200,381,,DDoS-Guard
2026-10-01T06:28:21.028633+00:00,AcademicPapers,AcademicPapers.scinet,PROTECTED,200,347,,DDoS-Guard
2026-10-01T06:29:21.539801+00:00,AcademicPapers,AcademicPapers.scinet,PROTECTED,200,379,,DDoS-Guard
2026-10-01T06:30:21.842160+00:00,AcademicPapers,AcademicPapers.scinet,PROTECTED,200,400,,DDoS-Guard
2026-10-01T06:31:21.999958+00:00,AcademicPapers,AcademicPapers.scinet,PROTECTED,200,390,,DDoS-Guard
2026-10-01T06:32:22.628865+00:00,AcademicPapers,AcademicPapers.scinet,PROTECTED,200,301,,DDoS-Guard
2026-10-01T06:33:23.111885+00:00,AcademicPapers,AcademicPapers.scinet,PROTECTED,200,328,,DDoS-Guard
2026-10-01T06:34:24.305982+00:00,AcademicPapers,AcademicPapers.scinet,PROTECTED,200,815,,DDoS-Guard
2026-10-01T06:35:24.336505+00:00,AcademicPapers,AcademicPapers.scinet,PROTECTED,200,314,,DDoS-Guard
2026-10-01T06:36:24.575805+00:00,AcademicPapers,AcademicPapers.scinet,PROTECTED,200,307,,DDoS-Guard
2026-10-01T06:37:25.435637+00:00,AcademicPapers,AcademicPapers.scinet,PROTECTED,200,792,,DDoS-Guard
2026-10-01T06:38:25.378117+00:00,AcademicPapers,AcademicPapers.scinet,PROTECTED,200,386,,DDoS-Guard
2026-10-01T06:39:26.692243+00:00,AcademicPapers,AcademicPapers.scinet,PROTECTED,200,716,,DDoS-Guard
2026-10-01T06:40:26.821797+00:00,AcademicPapers,AcademicPapers.scinet,PROTECTED,200,327,,DDoS-Guard
2026-10-01T06:41:28.243013+00:00,AcademicPapers,AcademicPapers.scinet,PROTECTED,200,783,,DDoS-Guard
2026-10-01T06:42:29.031412+00:00,AcademicPapers,AcademicPapers.scinet,PROTECTED,200,695,,DDoS-Guard
2026-10-01T06:43:29.457216+00:00,AcademicPapers,AcademicPapers.scinet,PROTECTED,200,317,,DDoS-Guard
2026-10-01T06:44:30.054826+00:00,AcademicPapers,AcademicPapers.scinet,PROTECTED,200,477,,DDoS-Guard
2026-10-01T06:45:30.574829+00:00,AcademicPapers,AcademicPapers.scinet,PROTECTED,200,408,,DDoS-Guard
2026-10-01T06:46:31.813436+00:00,AcademicPapers,AcademicPapers.scinet,PROTECTED,200,800,,DDoS-Guard
2026-10-01T06:47:32.772198+00:00,AcademicPapers,AcademicPapers.scinet,PROTECTED,200,806,,DDoS-Guard
2026-10-01T06:48:33.299932+00:00,AcademicPapers,AcademicPapers.scinet,PROTECTED,200,763,,DDoS-Guard
2026-10-01T06:49:33.081670+00:00,AcademicPapers,AcademicPapers.scinet,PROTECTED,200,375,,DDoS-Guard
2026-10-01T06:50:33.751844+00:00,AcademicPapers,AcademicPapers.scinet,PROTECTED,200,745,,DDoS-Guard
2026-10-01T06:51:34.712841+00:00,AcademicPapers,AcademicPapers.scinet,PROTECTED,200,716,,DDoS-Guard
2026-10-01T06:52:34.740750+00:00,AcademicPapers,AcademicPapers.scinet,PROTECTED,200,319,,DDoS-Guard
2026-10-01T06:53:35.153241+00:00,AcademicPapers,AcademicPapers.scinet,PROTECTED,200,405,,DDoS-Guard
2026-10-01T06:54:35.906514+00:00,AcademicPapers,AcademicPapers.scinet,PROTECTED,200,323,,DDoS-Guard
2026-10-01T06:55:36.766053+00:00,AcademicPapers,AcademicPapers.scinet,PROTECTED,200,300,,DDoS-Guard
2026-10-01T06:56:37.672987+00:00,AcademicPapers,AcademicPapers.scinet,PROTECTED,200,341,,DDoS-Guard
2026-10-01T06:57:38.861253+00:00,AcademicPapers,AcademicPapers.scinet,PROTECTED,200,741,,DDoS-Guard
2026-10-01T06:58:39.920966+00:00,AcademicPapers,AcademicPapers.scinet,PROTECTED,200,827,,DDoS-Guard
2026-10-01T06:59:40.706071+00:00,AcademicPapers,AcademicPapers.scinet,PROTECTED,200,785,,DDoS-Guard
2026-10-01T07:00:40.643928+00:00,AcademicPapers,AcademicPapers.scinet,PROTECTED,200,988,,DDoS-Guard
2026-10-01T07:01:41.272339+00:00,AcademicPapers,AcademicPapers.scinet,PROTECTED,200,765,,DDoS-Guard
2026-10-01T07:02:41.297803+00:00,AcademicPapers,AcademicPapers.scinet,PROTECTED,200,777,,DDoS-Guard
2026-10-01T07:03:41.705921+00:00,AcademicPapers,AcademicPapers.scinet,PROTECTED,200,308,,DDoS-Guard
2026-10-01T07:04:42.704465+00:00,AcademicPapers,AcademicPapers.scinet,PROTECTED,200,330,,DDoS-Guard
2026-10-01T07:05:43.146581+00:00,AcademicPapers,AcademicPapers.scinet,PROTECTED,200,396,,DDoS-Guard
2026-10-01T07:06:44.402187+00:00,AcademicPapers,AcademicPapers.scinet,PROTECTED,200,804,,DDoS-Guard
2026-10-01T07:07:44.833252+00:00,AcademicPapers,AcademicPapers.scinet,PROTECTED,200,308,,DDoS-Guard
2026-10-01T07:08:45.691581+00:00,AcademicPapers,AcademicPapers.scinet,PROTECTED,200,743,,DDoS-Guard
2026-10-01T07:09:46.712893+00:00,AcademicPapers,AcademicPapers.scinet,PROTECTED,200,791,,DDoS-Guard
2026-10-01T07:10:47.052981+00:00,AcademicPapers,AcademicPapers.scinet,PROTECTED,200,884,,DDoS-Guard
2026-10-01T07:11:47.284764+00:00,AcademicPapers,AcademicPapers.scinet,PROTECTED,200,385,,DDoS-Guard
2026-10-01T07:12:48.689633+00:00,AcademicPapers,AcademicPapers.scinet,PROTECTED,200,836,,DDoS-Guard
2026-10-01T07:13:49.076484+00:00,AcademicPapers,AcademicPapers.scinet,PROTECTED,200,346,,DDoS-Guard
2026-10-01T07:14:50.123870+00:00,AcademicPapers,AcademicPapers.scinet,PROTECTED,200,467,,DDoS-Guard
2026-10-01T07:15:50.811846+00:00,AcademicPapers,AcademicPapers.scinet,PROTECTED,200,337,,DDoS-Guard
2026-10-01T07:16:51.730477+00:00,AcademicPapers,AcademicPapers.scinet,PROTECTED,200,379,,DDoS-Guard
2026-10-01T07:17:52.519389+00:00,AcademicPapers,AcademicPapers.scinet,PROTECTED,200,394,,DDoS-Guard
2026-10-01T07:18:53.423273+00:00,AcademicPapers,AcademicPapers.scinet,PROTECTED,200,401,,DDoS-Guard
2026-10-01T07:19:54.292040+00:00,AcademicPapers,AcademicPapers.scinet,PROTECTED,200,403,,DDoS-Guard
2026-10-01T07:20:55.244232+00:00,AcademicPapers,AcademicPapers.scinet,PROTECTED,200,395,,DDoS-Guard
2026-10-01T07:21:55.991035+00:00,AcademicPapers,AcademicPapers.scinet,PROTECTED,200,399,,DDoS-Guard
2026-10-01T07:22:56.895193+00:00,AcademicPapers,AcademicPapers.scinet,PROTECTED,200,380,,DDoS-Guard
2026-10-01T07:23:57.870842+00:00,AcademicPapers,AcademicPapers.scinet,PROTECTED,200,380,,DDoS-Guard
2026-10-01T07:24:59.046046+00:00,AcademicPapers,AcademicPapers.scinet,PROTECTED,200,751,,DDoS-Guard
2026-10-01T07:25:58.900825+00:00,AcademicPapers,AcademicPapers.scinet,PROTECTED,200,402,,DDoS-Guard
2026-10-01T07:26:59.333104+00:00,AcademicPapers,AcademicPapers.scinet,PROTECTED,200,460,,DDoS-Guard
2026-10-01T07:27:59.706428+00:00,AcademicPapers,AcademicPapers.scinet,PROTECTED,200,725,,DDoS-Guard
2026-10-01T07:29:00.355648+00:00,AcademicPapers,AcademicPapers.scinet,PROTECTED,200,448,,DDoS-Guard
2026-10-01T07:30:00.580225+00:00,AcademicPapers,AcademicPapers.scinet,PROTECTED,200,595,,DDoS-Guard
2026-10-01T07:31:01.880435+00:00,AcademicPapers,AcademicPapers.scinet,PROTECTED,200,742,,DDoS-Guard
2026-10-01T07:32:02.883965+00:00,AcademicPapers,AcademicPapers.scinet,PROTECTED,200,704,,DDoS-Guard
2026-10-01T07:33:03.706119+00:00,AcademicPapers,AcademicPapers.scinet,PROTECTED,200,732,,DDoS-Guard
2026-10-01T07:34:03.698616+00:00,AcademicPapers,AcademicPapers.scinet,PROTECTED,200,376,,DDoS-Guard
2026-10-01T07:35:03.690076+00:00,AcademicPapers,AcademicPapers.scinet,PROTECTED,200,644,,DDoS-Guard
2026-10-01T07:36:04.632227+00:00,AcademicPapers,AcademicPapers.scinet,PROTECTED,200,333,,DDoS-Guard
2026-10-01T07:37:05.816349+00:00,AcademicPapers,AcademicPapers.scinet,PROTECTED,200,729,,DDoS-Guard
2026-10-01T07:38:06.393052+00:00,AcademicPapers,AcademicPapers.scinet,PROTECTED,200,386,,DDoS-Guard
2026-10-01T07:39:07.605231+00:00,AcademicPapers,AcademicPapers.scinet,PROTECTED,200,699,,DDoS-Guard
2026-10-01T07:40:08.160386+00:00,AcademicPapers,AcademicPapers.scinet,PROTECTED,200,310,,DDoS-Guard
2026-10-01T07:41:09.043231+00:00,AcademicPapers,AcademicPapers.scinet,PROTECTED,200,321,,DDoS-Guard
2026-10-01T07:42:10.463652+00:00,AcademicPapers,AcademicPapers.scinet,PROTECTED,200,913,,DDoS-Guard
2026-10-01T07:43:10.764420+00:00,AcademicPapers,AcademicPapers.scinet,PROTECTED,200,319,,DDoS-Guard
2026-10-01T07:44:12.113756+00:00,AcademicPapers,AcademicPapers.scinet,PROTECTED,200,765,,DDoS-Guard
2026-10-01T07:45:12.980741+00:00,AcademicPapers,AcademicPapers.scinet,PROTECTED,200,701,,DDoS-Guard
2026-10-01T07:46:13.443753+00:00,AcademicPapers,AcademicPapers.scinet,PROTECTED,200,326,,DDoS-Guard
2026-10-01T07:47:13.733754+00:00,AcademicPapers,AcademicPapers.scinet,PROTECTED,200,881,,DDoS-Guard
2026-10-01T07:48:14.418456+00:00,AcademicPapers,AcademicPapers.scinet,PROTECTED,200,299,,DDoS-Guard
2026-10-01T07:49:14.959790+00:00,AcademicPapers,AcademicPapers.scinet,PROTECTED,200,391,,DDoS-Guard
2026-10-01T07:50:15.977974+00:00,AcademicPapers,AcademicPapers.scinet,PROTECTED,200,387,,DDoS-Guard
2026-10-01T07:51:16.195488+00:00,AcademicPapers,AcademicPapers.scinet,PROTECTED,200,693,,DDoS-Guard
2026-10-01T07:52:17.019588+00:00,AcademicPapers,AcademicPapers.scinet,PROTECTED,200,410,,DDoS-Guard
2026-10-01T07:53:17.836015+00:00,AcademicPapers,AcademicPapers.scinet,PROTECTED,200,408,,DDoS-Guard
2026-10-01T07:54:18.712108+00:00,AcademicPapers,AcademicPapers.scinet,PROTECTED,200,387,,DDoS-Guard
2026-10-01T07:55:19.933860+00:00,AcademicPapers,AcademicPapers.scinet,PROTECTED,200,798,,DDoS-Guard
2026-10-01T07:56:20.401448+00:00,AcademicPapers,AcademicPapers.scinet,PROTECTED,200,394,,DDoS-Guard
2026-10-01T07:57:21.867776+00:00,AcademicPapers,AcademicPapers.scinet,PROTECTED,200,843,,DDoS-Guard
2026-10-01T07:58:22.536468+00:00,AcademicPapers,AcademicPapers.scinet,PROTECTED,200,784,,DDoS-Guard
2026-10-01T07:59:23.080986+00:00,AcademicPapers,AcademicPapers.scinet,PROTECTED,200,396,,DDoS-Guard
2026-10-01T08:00:23.422584+00:00,AcademicPapers,AcademicPapers.scinet,PROTECTED,200,697,,DDoS-Guard
2026-10-01T08:01:24.032643+00:00,AcademicPapers,AcademicPapers.scinet,PROTECTED,200,390,,DDoS-Guard
2026-10-01T08:02:25.010134+00:00,AcademicPapers,AcademicPapers.scinet,PROTECTED,200,333,,DDoS-Guard
2026-10-01T08:03:26.077461+00:00,AcademicPapers,AcademicPapers.scinet,PROTECTED,200,755,,DDoS-Guard
2026-10-01T08:04:26.522566+00:00,AcademicPapers,AcademicPapers.scinet,PROTECTED,200,714,,DDoS-Guard
2026-10-01T08:05:27.331521+00:00,AcademicPapers,AcademicPapers.scinet,PROTECTED,200,318,,DDoS-Guard
2026-10-01T08:06:27.838863+00:00,AcademicPapers,AcademicPapers.scinet,PROTECTED,200,799,,DDoS-Guard
2026-10-01T08:07:27.686624+00:00,AcademicPapers,AcademicPapers.scinet,PROTECTED,200,707,,DDoS-Guard
2026-10-01T08:08:28.240226+00:00,AcademicPapers,AcademicPapers.scinet,PROTECTED,200,849,,DDoS-Guard
2026-10-01T08:09:27.907570+00:00,AcademicPapers,AcademicPapers.scinet,PROTECTED,200,391,,DDoS-Guard
2026-10-01T08:10:29.021735+00:00,AcademicPapers,AcademicPapers.scinet,PROTECTED,200,428,,DDoS-Guard
2026-10-01T08:11:29.668684+00:00,AcademicPapers,AcademicPapers.scinet,PROTECTED,200,908,,DDoS-Guard
2026-10-01T08:12:29.188572+00:00,AcademicPapers,AcademicPapers.scinet,PROTECTED,200,692,,DDoS-Guard
2026-10-01T08:13:30.593628+00:00,AcademicPapers,AcademicPapers.scinet,PROTECTED,200,807,,DDoS-Guard
2026-10-01T08:14:31.547669+00:00,AcademicPapers,AcademicPapers.scinet,PROTECTED,200,785,,DDoS-Guard
2026-10-01T08:15:31.485591+00:00,AcademicPapers,AcademicPapers.scinet,PROTECTED,200,415,,DDoS-Guard
2026-10-01T08:16:31.649582+00:00,AcademicPapers,AcademicPapers.scinet,PROTECTED,200,396,,DDoS-Guard
2026-10-01T08:17:32.964804+00:00,AcademicPapers,AcademicPapers.scinet,PROTECTED,200,779,,DDoS-Guard
2026-10-01T08:18:33.771647+00:00,AcademicPapers,AcademicPapers.scinet,PROTECTED,200,708,,DDoS-Guard
2026-10-01T08:19:34.792994+00:00,AcademicPapers,AcademicPapers.scinet,PROTECTED,200,814,,DDoS-Guard
2026-10-01T08:20:35.260999+00:00,AcademicPapers,AcademicPapers.scinet,PROTECTED,200,320,,DDoS-Guard
2026-10-01T08:21:36.188782+00:00,AcademicPapers,AcademicPapers.scinet,PROTECTED,200,309,,DDoS-Guard
2026-10-01T08:22:36.596654+00:00,AcademicPapers,AcademicPapers.scinet,PROTECTED,200,353,,DDoS-Guard
2026-10-01T08:23:38.062926+00:00,AcademicPapers,AcademicPapers.scinet,PROTECTED,200,712,,DDoS-Guard
2026-10-01T08:24:38.923433+00:00,AcademicPapers,AcademicPapers.scinet,PROTECTED,200,784,,DDoS-Guard
2026-10-01T08:25:39.346740+00:00,AcademicPapers,AcademicPapers.scinet,PROTECTED,200,850,,DDoS-Guard
2026-10-01T08:26:39.719579+00:00,AcademicPapers,AcademicPapers.scinet,PROTECTED,200,323,,DDoS-Guard
2026-10-01T08:27:40.668758+00:00,AcademicPapers,AcademicPapers.scinet,PROTECTED,200,398,,DDoS-Guard
2026-10-01T08:28:41.012143+00:00,AcademicPapers,AcademicPapers.scinet,PROTECTED,200,304,,DDoS-Guard
2026-10-01T08:29:42.024116+00:00,AcademicPapers,AcademicPapers.scinet,PROTECTED,200,374,,DDoS-Guard
2026-10-01T08:30:43.183145+00:00,AcademicPapers,AcademicPapers.scinet,PROTECTED,200,382,,DDoS-Guard
2026-10-01T08:31:42.810596+00:00,AcademicPapers,AcademicPapers.scinet,PROTECTED,200,217,,DDoS-Guard
2026-10-01T08:32:43.515623+00:00,AcademicPapers,AcademicPapers.scinet,PROTECTED,200,391,,DDoS-Guard
2026-10-01T08:33:44.829840+00:00,AcademicPapers,AcademicPapers.scinet,PROTECTED,200,795,,DDoS-Guard
2026-10-01T08:34:45.303691+00:00,AcademicPapers,AcademicPapers.scinet,PROTECTED,200,408,,DDoS-Guard
2026-10-01T08:35:46.213294+00:00,AcademicPapers,AcademicPapers.scinet,PROTECTED,200,385,,DDoS-Guard
2026-10-01T08:36:47.537144+00:00,AcademicPapers,AcademicPapers.scinet,PROTECTED,200,802,,DDoS-Guard
2026-10-01T08:37:48.477892+00:00,AcademicPapers,AcademicPapers.scinet,PROTECTED,200,781,,DDoS-Guard
2026-10-01T08:38:48.473814+00:00,AcademicPapers,AcademicPapers.scinet,PROTECTED,200,316,,DDoS-Guard
2026-10-01T08:39:48.771621+00:00,AcademicPapers,AcademicPapers.scinet,PROTECTED,200,505,,DDoS-Guard
2026-10-01T08:40:49.601748+00:00,AcademicPapers,AcademicPapers.scinet,PROTECTED,200,340,,DDoS-Guard
2026-10-01T08:41:50.531873+00:00,AcademicPapers,AcademicPapers.scinet,PROTECTED,200,405,,DDoS-Guard
2026-10-01T08:42:50.095502+00:00,AcademicPapers,AcademicPapers.scinet,PROTECTED,200,184,,DDoS-Guard
2026-10-01T08:43:51.493842+00:00,AcademicPapers,AcademicPapers.scinet,PROTECTED,200,396,,DDoS-Guard
2026-10-01T08:44:52.384373+00:00,AcademicPapers,AcademicPapers.scinet,PROTECTED,200,299,,DDoS-Guard
2026-10-01T08:45:53.319758+00:00,AcademicPapers,AcademicPapers.scinet,PROTECTED,200,802,,DDoS-Guard
2026-10-01T08:46:53.422136+00:00,AcademicPapers,AcademicPapers.scinet,PROTECTED,200,788,,DDoS-Guard
2026-10-01T08:47:52.865207+00:00,AcademicPapers,AcademicPapers.scinet,PROTECTED,200,567,,DDoS-Guard
2026-10-01T08:48:53.567959+00:00,AcademicPapers,AcademicPapers.scinet,PROTECTED,200,306,,DDoS-Guard
2026-10-01T08:49:53.526584+00:00,AcademicPapers,AcademicPapers.scinet,PROTECTED,200,310,,DDoS-Guard
2026-10-01T08:50:54.522678+00:00,AcademicPapers,AcademicPapers.scinet,PROTECTED,200,320,,DDoS-Guard
2026-10-01T08:51:55.515045+00:00,AcademicPapers,AcademicPapers.scinet,PROTECTED,200,395,,DDoS-Guard
2026-10-01T08:52:56.861847+00:00,AcademicPapers,AcademicPapers.scinet,PROTECTED,200,784,,DDoS-Guard
2026-10-01T08:53:57.215972+00:00,AcademicPapers,AcademicPapers.scinet,PROTECTED,200,348,,DDoS-Guard
2026-10-01T08:54:58.314840+00:00,AcademicPapers,AcademicPapers.scinet,PROTECTED,200,393,,DDoS-Guard
2026-10-01T08:55:58.427807+00:00,AcademicPapers,AcademicPapers.scinet,PROTECTED,200,386,,DDoS-Guard
2026-10-01T08:56:59.202719+00:00,AcademicPapers,AcademicPapers.scinet,PROTECTED,200,536,,DDoS-Guard
2026-10-01T08:58:00.332811+00:00,AcademicPapers,AcademicPapers.scinet,PROTECTED,200,323,,DDoS-Guard
2026-10-01T08:59:01.299627+00:00,AcademicPapers,AcademicPapers.scinet,PROTECTED,200,302,,DDoS-Guard
2026-10-01T09:00:03.126493+00:00,AcademicPapers,AcademicPapers.scinet,PROTECTED,200,1521,,DDoS-Guard
2026-10-01T09:01:02.999236+00:00,AcademicPapers,AcademicPapers.scinet,PROTECTED,200,446,,DDoS-Guard
2026-10-01T09:02:03.354033+00:00,AcademicPapers,AcademicPapers.scinet,PROTECTED,200,414,,DDoS-Guard
2026-10-01T09:03:03.414768+00:00,AcademicPapers,AcademicPapers.scinet,PROTECTED,200,430,,DDoS-Guard
2026-10-01T09:04:03.536487+00:00,AcademicPapers,AcademicPapers.scinet,PROTECTED,200,390,,DDoS-Guard
2026-10-01T09:05:03.125905+00:00,AcademicPapers,AcademicPapers.scinet,PROTECTED,200,199,,DDoS-Guard
2026-10-01T09:06:04.006473+00:00,AcademicPapers,AcademicPapers.scinet,PROTECTED,200,782,,DDoS-Guard
2026-10-01T09:07:04.298508+00:00,AcademicPapers,AcademicPapers.scinet,PROTECTED,200,605,,DDoS-Guard
2026-10-01T09:08:05.180308+00:00,AcademicPapers,AcademicPapers.scinet,PROTECTED,200,388,,DDoS-Guard
2026-10-01T09:09:05.108140+00:00,AcademicPapers,AcademicPapers.scinet,PROTECTED,200,304,,DDoS-Guard
2026-10-01T09:10:06.115194+00:00,AcademicPapers,AcademicPapers.scinet,PROTECTED,200,320,,DDoS-Guard
2026-10-01T09:11:07.089217+00:00,AcademicPapers,AcademicPapers.scinet,PROTECTED,200,768,,DDoS-Guard
2026-10-01T09:12:07.358581+00:00,AcademicPapers,AcademicPapers.scinet,PROTECTED,200,831,,DDoS-Guard
2026-10-01T09:13:08.148092+00:00,AcademicPapers,AcademicPapers.scinet,PROTECTED,200,717,,DDoS-Guard
2026-10-01T09:14:08.623145+00:00,AcademicPapers,AcademicPapers.scinet,PROTECTED,200,783,,DDoS-Guard
2026-10-01T09:15:08.406646+00:00,AcademicPapers,AcademicPapers.scinet,PROTECTED,200,396,,DDoS-Guard
2026-10-01T09:16:08.738625+00:00,AcademicPapers,AcademicPapers.scinet,PROTECTED,200,735,,DDoS-Guard
2026-10-01T09:17:09.340257+00:00,AcademicPapers,AcademicPapers.scinet,PROTECTED,200,417,,DDoS-Guard
2026-10-01T09:18:10.750112+00:00,AcademicPapers,AcademicPapers.scinet,PROTECTED,200,734,,DDoS-Guard
2026-10-01T09:19:11.167610+00:00,AcademicPapers,AcademicPapers.scinet,PROTECTED,200,386,,DDoS-Guard
2026-10-01T09:20:12.496594+00:00,AcademicPapers,AcademicPapers.scinet,PROTECTED,200,710,,DDoS-Guard
2026-10-01T09:21:12.697694+00:00,AcademicPapers,AcademicPapers.scinet,PROTECTED,200,402,,DDoS-Guard
2026-10-01T09:22:12.512973+00:00,AcademicPapers,AcademicPapers.scinet,PROTECTED,200,293,,DDoS-Guard
2026-10-01T09:23:12.589481+00:00,AcademicPapers,AcademicPapers.scinet,PROTECTED,200,308,,DDoS-Guard
2026-10-01T09:24:13.667949+00:00,AcademicPapers,AcademicPapers.scinet,PROTECTED,200,791,,DDoS-Guard
2026-10-01T09:25:13.340088+00:00,AcademicPapers,AcademicPapers.scinet,PROTECTED,200,314,,DDoS-Guard
2026-10-01T09:26:13.536041+00:00,AcademicPapers,AcademicPapers.scinet,PROTECTED,200,309,,DDoS-Guard
2026-10-01T09:27:14.099967+00:00,AcademicPapers,AcademicPapers.scinet,PROTECTED,200,430,,DDoS-Guard
2026-10-01T09:28:14.717627+00:00,AcademicPapers,AcademicPapers.scinet,PROTECTED,200,796,,DDoS-Guard
2026-10-01T09:29:15.198892+00:00,AcademicPapers,AcademicPapers.scinet,PROTECTED,200,389,,DDoS-Guard
2026-10-01T09:30:16.191252+00:00,AcademicPapers,AcademicPapers.scinet,PROTECTED,200,419,,DDoS-Guard
2026-10-01T09:31:16.065461+00:00,AcademicPapers,AcademicPapers.scinet,PROTECTED,200,348,,DDoS-Guard
2026-10-01T09:32:16.534436+00:00,AcademicPapers,AcademicPapers.scinet,PROTECTED,200,710,,DDoS-Guard
2026-10-01T09:33:17.174952+00:00,AcademicPapers,AcademicPapers.scinet,PROTECTED,200,402,,DDoS-Guard
2026-10-01T09:34:18.462353+00:00,AcademicPapers,AcademicPapers.scinet,PROTECTED,200,678,,DDoS-Guard
2026-10-01T09:35:19.144619+00:00,AcademicPapers,AcademicPapers.scinet,PROTECTED,200,942,,DDoS-Guard
2026-10-01T09:36:18.415048+00:00,AcademicPapers,AcademicPapers.scinet,PROTECTED,200,439,,DDoS-Guard
2026-10-01T09:37:20.137504+00:00,AcademicPapers,AcademicPapers.scinet,PROTECTED,200,802,,DDoS-Guard
2026-10-01T09:38:21.048607+00:00,AcademicPapers,AcademicPapers.scinet,PROTECTED,200,767,,DDoS-Guard
2026-10-01T09:39:21.468205+00:00,AcademicPapers,AcademicPapers.scinet,PROTECTED,200,360,,DDoS-Guard
2026-10-01T09:40:22.871161+00:00,AcademicPapers,AcademicPapers.scinet,PROTECTED,200,708,,DDoS-Guard
2026-10-01T09:41:23.086988+00:00,AcademicPapers,AcademicPapers.scinet,PROTECTED,200,394,,DDoS-Guard
2026-10-01T09:42:22.937652+00:00,AcademicPapers,AcademicPapers.scinet,PROTECTED,200,302,,DDoS-Guard
2026-10-01T09:43:23.070328+00:00,AcademicPapers,AcademicPapers.scinet,PROTECTED,200,308,,DDoS-Guard
2026-10-01T09:44:23.644524+00:00,AcademicPapers,AcademicPapers.scinet,PROTECTED,200,379,,DDoS-Guard
2026-10-01T09:45:23.819842+00:00,AcademicPapers,AcademicPapers.scinet,PROTECTED,200,416,,DDoS-Guard
2026-10-01T09:46:23.601513+00:00,AcademicPapers,AcademicPapers.scinet,PROTECTED,200,310,,DDoS-Guard
2026-10-01T09:47:24.068377+00:00,AcademicPapers,AcademicPapers.scinet,PROTECTED,200,796,,DDoS-Guard
2026-10-01T09:48:24.168924+00:00,AcademicPapers,AcademicPapers.scinet,PROTECTED,200,391,,DDoS-Guard
2026-10-01T09:49:24.165534+00:00,AcademicPapers,AcademicPapers.scinet,PROTECTED,200,352,,DDoS-Guard
2026-10-01T09:50:24.487779+00:00,AcademicPapers,AcademicPapers.scinet,PROTECTED,200,413,,DDoS-Guard
2026-10-01T09:51:24.438611+00:00,AcademicPapers,AcademicPapers.scinet,PROTECTED,200,297,,DDoS-Guard
2026-10-01T09:52:25.322106+00:00,AcademicPapers,AcademicPapers.scinet,PROTECTED,200,828,,DDoS-Guard
2026-10-01T09:53:25.215212+00:00,AcademicPapers,AcademicPapers.scinet,PROTECTED,200,701,,DDoS-Guard
2026-10-01T09:54:25.736735+00:00,AcademicPapers,AcademicPapers.scinet,PROTECTED,200,385,,DDoS-Guard
2026-10-01T09:55:26.201212+00:00,AcademicPapers,AcademicPapers.scinet,PROTECTED,200,793,,DDoS-Guard
2026-10-01T09:56:26.725065+00:00,AcademicPapers,AcademicPapers.scinet,PROTECTED,200,799,,DDoS-Guard
2026-10-01T09:57:26.485813+00:00,AcademicPapers,AcademicPapers.scinet,PROTECTED,200,442,,DDoS-Guard
2026-10-01T09:58:27.899867+00:00,AcademicPapers,AcademicPapers.scinet,PROTECTED,200,809,,DDoS-Guard
2026-10-01T09:59:27.441785+00:00,AcademicPapers,AcademicPapers.scinet,PROTECTED,200,302,,DDoS-Guard
2026-10-01T10:00:28.201852+00:00,AcademicPapers,AcademicPapers.scinet,PROTECTED,200,415,,DDoS-Guard
2026-10-01T10:01:28.849003+00:00,AcademicPapers,AcademicPapers.scinet,PROTECTED,200,1000,,DDoS-Guard
2026-10-01T10:02:29.537138+00:00,AcademicPapers,AcademicPapers.scinet,PROTECTED,200,936,,DDoS-Guard
2026-10-01T10:03:29.762161+00:00,AcademicPapers,AcademicPapers.scinet,PROTECTED,200,385,,DDoS-Guard
2026-10-01T10:04:29.819053+00:00,AcademicPapers,AcademicPapers.scinet,PROTECTED,200,646,,DDoS-Guard
2026-10-01T10:05:30.912606+00:00,AcademicPapers,AcademicPapers.scinet,PROTECTED,200,841,,DDoS-Guard
2026-10-01T10:06:30.948655+00:00,AcademicPapers,AcademicPapers.scinet,PROTECTED,200,407,,DDoS-Guard
2026-10-01T10:07:30.966196+00:00,AcademicPapers,AcademicPapers.scinet,PROTECTED,200,557,,DDoS-Guard
2026-10-01T10:08:32.408403+00:00,AcademicPapers,AcademicPapers.scinet,PROTECTED,200,809,,DDoS-Guard
2026-10-01T10:09:32.420698+00:00,AcademicPapers,AcademicPapers.scinet,PROTECTED,200,411,,DDoS-Guard
2026-10-01T10:10:32.596163+00:00,AcademicPapers,AcademicPapers.scinet,PROTECTED,200,383,,DDoS-Guard
2026-10-01T10:11:33.473795+00:00,AcademicPapers,AcademicPapers.scinet,PROTECTED,200,329,,DDoS-Guard
2026-10-01T10:12:34.008240+00:00,AcademicPapers,AcademicPapers.scinet,PROTECTED,200,785,,DDoS-Guard
2026-10-01T10:13:34.132179+00:00,AcademicPapers,AcademicPapers.scinet,PROTECTED,200,447,,DDoS-Guard
2026-10-01T10:14:34.450587+00:00,AcademicPapers,AcademicPapers.scinet,PROTECTED,200,564,,DDoS-Guard
2026-10-01T10:15:34.866685+00:00,AcademicPapers,AcademicPapers.scinet,PROTECTED,200,739,,DDoS-Guard
2026-10-01T10:16:35.611258+00:00,AcademicPapers,AcademicPapers.scinet,PROTECTED,200,810,,DDoS-Guard
2026-10-01T10:17:35.583547+00:00,AcademicPapers,AcademicPapers.scinet,PROTECTED,200,383,,DDoS-Guard
2026-10-01T10:18:36.077025+00:00,AcademicPapers,AcademicPapers.scinet,PROTECTED,200,458,,DDoS-Guard
2026-10-01T10:19:36.612252+00:00,AcademicPapers,AcademicPapers.scinet,PROTECTED,200,770,,DDoS-Guard
2026-10-01T10:20:36.094053+00:00,AcademicPapers,AcademicPapers.scinet,PROTECTED,200,336,,DDoS-Guard
2026-10-01T10:21:36.874600+00:00,AcademicPapers,AcademicPapers.scinet,PROTECTED,200,391,,DDoS-Guard
2026-10-01T10:22:37.112011+00:00,AcademicPapers,AcademicPapers.scinet,PROTECTED,200,392,,DDoS-Guard
2026-10-01T10:23:38.357823+00:00,AcademicPapers,AcademicPapers.scinet,PROTECTED,200,566,,DDoS-Guard
2026-10-01T10:24:38.360343+00:00,AcademicPapers,AcademicPapers.scinet,PROTECTED,200,390,,DDoS-Guard
2026-10-01T10:25:39.032314+00:00,AcademicPapers,AcademicPapers.scinet,PROTECTED,200,895,,DDoS-Guard
2026-10-01T10:26:39.729141+00:00,AcademicPapers,AcademicPapers.scinet,PROTECTED,200,710,,DDoS-Guard
2026-10-01T10:27:39.840673+00:00,AcademicPapers,AcademicPapers.scinet,PROTECTED,200,296,,DDoS-Guard
2026-10-01T10:28:41.469224+00:00,AcademicPapers,AcademicPapers.scinet,PROTECTED,200,878,,DDoS-Guard
2026-10-01T10:29:41.642846+00:00,AcademicPapers,AcademicPapers.scinet,PROTECTED,200,876,,DDoS-Guard
2026-10-01T10:30:41.257341+00:00,AcademicPapers,AcademicPapers.scinet,PROTECTED,200,392,,DDoS-Guard
2026-10-01T10:31:41.942605+00:00,AcademicPapers,AcademicPapers.scinet,PROTECTED,200,732,,DDoS-Guard
2026-10-01T10:32:41.730233+00:00,AcademicPapers,AcademicPapers.scinet,PROTECTED,200,313,,DDoS-Guard
2026-10-01T10:33:42.535619+00:00,AcademicPapers,AcademicPapers.scinet,PROTECTED,200,788,,DDoS-Guard
2026-10-01T10:34:42.431366+00:00,AcademicPapers,AcademicPapers.scinet,PROTECTED,200,395,,DDoS-Guard
2026-10-01T10:35:42.753657+00:00,AcademicPapers,AcademicPapers.scinet,PROTECTED,200,387,,DDoS-Guard
2026-10-01T10:36:43.018322+00:00,AcademicPapers,AcademicPapers.scinet,PROTECTED,200,709,,DDoS-Guard
2026-10-01T10:37:43.328175+00:00,AcademicPapers,AcademicPapers.scinet,PROTECTED,200,467,,DDoS-Guard
2026-10-01T10:38:43.950145+00:00,AcademicPapers,AcademicPapers.scinet,PROTECTED,200,784,,DDoS-Guard
2026-10-01T10:39:43.681943+00:00,AcademicPapers,AcademicPapers.scinet,PROTECTED,200,410,,DDoS-Guard
2026-10-01T10:40:43.666966+00:00,AcademicPapers,AcademicPapers.scinet,PROTECTED,200,330,,DDoS-Guard
2026-10-01T10:41:44.348262+00:00,AcademicPapers,AcademicPapers.scinet,PROTECTED,200,408,,DDoS-Guard
2026-10-01T10:42:44.777098+00:00,AcademicPapers,AcademicPapers.scinet,PROTECTED,200,420,,DDoS-Guard
2026-10-01T10:43:45.696373+00:00,AcademicPapers,AcademicPapers.scinet,PROTECTED,200,398,,DDoS-Guard
2026-10-01T10:44:45.988165+00:00,AcademicPapers,AcademicPapers.scinet,PROTECTED,200,759,,DDoS-Guard
2026-10-01T10:45:45.818780+00:00,AcademicPapers,AcademicPapers.scinet,PROTECTED,200,469,,DDoS-Guard
2026-10-01T10:46:45.770930+00:00,AcademicPapers,AcademicPapers.scinet,PROTECTED,200,319,,DDoS-Guard
2026-10-01T10:47:45.926589+00:00,AcademicPapers,AcademicPapers.scinet,PROTECTED,200,404,,DDoS-Guard
2026-10-01T10:48:47.160527+00:00,AcademicPapers,AcademicPapers.scinet,PROTECTED,200,399,,DDoS-Guard
2026-10-01T10:49:46.940623+00:00,AcademicPapers,AcademicPapers.scinet,PROTECTED,200,307,,DDoS-Guard
2026-10-01T10:50:47.902239+00:00,AcademicPapers,AcademicPapers.scinet,PROTECTED,200,784,,DDoS-Guard
2026-10-01T10:51:47.964843+00:00,AcademicPapers,AcademicPapers.scinet,PROTECTED,200,427,,DDoS-Guard
2026-10-01T10:52:48.074684+00:00,AcademicPapers,AcademicPapers.scinet,PROTECTED,200,429,,DDoS-Guard
2026-10-01T10:53:47.923892+00:00,AcademicPapers,AcademicPapers.scinet,PROTECTED,200,342,,DDoS-Guard
2026-10-01T10:54:48.831669+00:00,AcademicPapers,AcademicPapers.scinet,PROTECTED,200,521,,DDoS-Guard
2026-10-01T10:55:48.654313+00:00,AcademicPapers,AcademicPapers.scinet,PROTECTED,200,298,,DDoS-Guard
2026-10-01T10:56:48.575196+00:00,AcademicPapers,AcademicPapers.scinet,PROTECTED,200,195,,DDoS-Guard
2026-10-01T10:57:48.873020+00:00,AcademicPapers,AcademicPapers.scinet,PROTECTED,200,416,,DDoS-Guard
2026-10-01T10:58:49.725194+00:00,AcademicPapers,AcademicPapers.scinet,PROTECTED,200,814,,DDoS-Guard
2026-10-01T10:59:50.482608+00:00,AcademicPapers,AcademicPapers.scinet,PROTECTED,200,1195,,DDoS-Guard
2026-10-01T11:00:50.221703+00:00,AcademicPapers,AcademicPapers.scinet,PROTECTED,200,829,,DDoS-Guard
2026-10-01T11:01:49.923003+00:00,AcademicPapers,AcademicPapers.scinet,PROTECTED,200,403,,DDoS-Guard
2026-10-01T11:02:50.039173+00:00,AcademicPapers,AcademicPapers.scinet,PROTECTED,200,339,,DDoS-Guard
2026-10-01T11:03:51.589709+00:00,AcademicPapers,AcademicPapers.scinet,PROTECTED,200,773,,DDoS-Guard
2026-10-01T11:04:51.642367+00:00,AcademicPapers,AcademicPapers.scinet,PROTECTED,200,434,,DDoS-Guard
2026-10-01T11:05:52.566388+00:00,AcademicPapers,AcademicPapers.scinet,PROTECTED,200,320,,DDoS-Guard
2026-10-01T11:06:52.827773+00:00,AcademicPapers,AcademicPapers.scinet,PROTECTED,200,524,,DDoS-Guard
2026-10-01T11:07:53.032165+00:00,AcademicPapers,AcademicPapers.scinet,PROTECTED,200,434,,DDoS-Guard
2026-10-01T11:08:53.324085+00:00,AcademicPapers,AcademicPapers.scinet,PROTECTED,200,700,,DDoS-Guard
2026-10-01T11:09:53.017381+00:00,AcademicPapers,AcademicPapers.scinet,PROTECTED,200,415,,DDoS-Guard
2026-10-01T11:10:54.092435+00:00,AcademicPapers,AcademicPapers.scinet,PROTECTED,200,701,,DDoS-Guard
2026-10-01T11:11:53.984527+00:00,AcademicPapers,AcademicPapers.scinet,PROTECTED,200,338,,DDoS-Guard
2026-10-01T11:12:54.222386+00:00,AcademicPapers,AcademicPapers.scinet,PROTECTED,200,397,,DDoS-Guard
2026-10-01T11:13:55.012087+00:00,AcademicPapers,AcademicPapers.scinet,PROTECTED,200,345,,DDoS-Guard
2026-10-01T11:14:55.313827+00:00,AcademicPapers,AcademicPapers.scinet,PROTECTED,200,315,,DDoS-Guard
2026-10-01T11:15:55.840131+00:00,AcademicPapers,AcademicPapers.scinet,PROTECTED,200,846,,DDoS-Guard
2026-10-01T11:16:56.061107+00:00,AcademicPapers,AcademicPapers.scinet,PROTECTED,200,429,,DDoS-Guard
2026-10-01T11:17:56.248613+00:00,AcademicPapers,AcademicPapers.scinet,PROTECTED,200,306,,DDoS-Guard
2026-10-01T11:18:56.812016+00:00,AcademicPapers,AcademicPapers.scinet,PROTECTED,200,745,,DDoS-Guard
2026-10-01T11:19:56.315366+00:00,AcademicPapers,AcademicPapers.scinet,PROTECTED,200,316,,DDoS-Guard
2026-10-01T11:20:57.310763+00:00,AcademicPapers,AcademicPapers.scinet,PROTECTED,200,743,,DDoS-Guard
2026-10-01T11:21:57.848793+00:00,AcademicPapers,AcademicPapers.scinet,PROTECTED,200,764,,DDoS-Guard
2026-10-01T11:22:57.267071+00:00,AcademicPapers,AcademicPapers.scinet,PROTECTED,200,190,,DDoS-Guard
2026-10-01T11:23:58.396667+00:00,AcademicPapers,AcademicPapers.scinet,PROTECTED,200,923,,DDoS-Guard
2026-10-01T11:24:58.962858+00:00,AcademicPapers,AcademicPapers.scinet,PROTECTED,200,837,,DDoS-Guard
2026-10-01T11:25:58.349416+00:00,AcademicPapers,AcademicPapers.scinet,PROTECTED,200,287,,DDoS-Guard
2026-10-01T11:26:59.599715+00:00,AcademicPapers,AcademicPapers.scinet,PROTECTED,200,732,,DDoS-Guard
2026-10-01T11:27:59.697196+00:00,AcademicPapers,AcademicPapers.scinet,PROTECTED,200,726,,DDoS-Guard
2026-10-01T11:28:59.743444+00:00,AcademicPapers,AcademicPapers.scinet,PROTECTED,200,719,,DDoS-Guard
2026-10-01T11:29:59.617713+00:00,AcademicPapers,AcademicPapers.scinet,PROTECTED,200,780,,DDoS-Guard
2026-10-01T11:30:59.618139+00:00,AcademicPapers,AcademicPapers.scinet,PROTECTED,200,322,,DDoS-Guard
2026-10-01T11:32:00.257412+00:00,AcademicPapers,AcademicPapers.scinet,PROTECTED,200,417,,DDoS-Guard
2026-10-01T11:33:01.563679+00:00,AcademicPapers,AcademicPapers.scinet,PROTECTED,200,831,,DDoS-Guard
2026-10-01T11:34:00.982299+00:00,AcademicPapers,AcademicPapers.scinet,PROTECTED,200,381,,DDoS-Guard
2026-10-01T11:35:01.659696+00:00,AcademicPapers,AcademicPapers.scinet,PROTECTED,200,713,,DDoS-Guard
2026-10-01T11:36:02.662479+00:00,AcademicPapers,AcademicPapers.scinet,PROTECTED,200,942,,DDoS-Guard
2026-10-01T11:37:02.344513+00:00,AcademicPapers,AcademicPapers.scinet,PROTECTED,200,406,,DDoS-Guard
2026-10-01T11:38:03.136697+00:00,AcademicPapers,AcademicPapers.scinet,PROTECTED,200,557,,DDoS-Guard
2026-10-01T11:39:03.512017+00:00,AcademicPapers,AcademicPapers.scinet,PROTECTED,200,323,,DDoS-Guard
2026-10-01T11:40:03.201840+00:00,AcademicPapers,AcademicPapers.scinet,PROTECTED,200,224,,DDoS-Guard
2026-10-01T11:41:03.901659+00:00,AcademicPapers,AcademicPapers.scinet,PROTECTED,200,396,,DDoS-Guard
2026-10-01T11:42:03.894933+00:00,AcademicPapers,AcademicPapers.scinet,PROTECTED,200,363,,DDoS-Guard
2026-10-01T11:43:05.118169+00:00,AcademicPapers,AcademicPapers.scinet,PROTECTED,200,1043,,DDoS-Guard
2026-10-01T11:44:04.609761+00:00,AcademicPapers,AcademicPapers.scinet,PROTECTED,200,388,,DDoS-Guard
2026-10-01T11:45:05.147688+00:00,AcademicPapers,AcademicPapers.scinet,PROTECTED,200,723,,DDoS-Guard
2026-10-01T11:46:05.043751+00:00,AcademicPapers,AcademicPapers.scinet,PROTECTED,200,492,,DDoS-Guard
2026-10-01T11:47:05.620494+00:00,AcademicPapers,AcademicPapers.scinet,PROTECTED,200,333,,DDoS-Guard
2026-10-01T11:48:05.984201+00:00,AcademicPapers,AcademicPapers.scinet,PROTECTED,200,402,,DDoS-Guard
2026-10-01T11:49:06.055888+00:00,AcademicPapers,AcademicPapers.scinet,PROTECTED,200,385,,DDoS-Guard
2026-10-01T11:50:05.600507+00:00,AcademicPapers,AcademicPapers.scinet,PROTECTED,200,194,,DDoS-Guard
2026-10-01T11:51:06.614165+00:00,AcademicPapers,AcademicPapers.scinet,PROTECTED,200,328,,DDoS-Guard
2026-10-01T11:52:06.832619+00:00,AcademicPapers,AcademicPapers.scinet,PROTECTED,200,409,,DDoS-Guard
2026-10-01T11:53:07.447593+00:00,AcademicPapers,AcademicPapers.scinet,PROTECTED,200,823,,DDoS-Guard
2026-10-01T11:54:06.964740+00:00,AcademicPapers,AcademicPapers.scinet,PROTECTED,200,297,,DDoS-Guard
2026-10-01T11:55:07.891847+00:00,AcademicPapers,AcademicPapers.scinet,PROTECTED,200,532,,DDoS-Guard
2026-10-01T11:56:08.699583+00:00,AcademicPapers,AcademicPapers.scinet,PROTECTED,200,863,,DDoS-Guard
2026-10-01T11:57:08.084800+00:00,AcademicPapers,AcademicPapers.scinet,PROTECTED,200,313,,DDoS-Guard
2026-10-01T11:58:09.102901+00:00,AcademicPapers,AcademicPapers.scinet,PROTECTED,200,794,,DDoS-Guard
2026-10-01T11:59:09.358662+00:00,AcademicPapers,AcademicPapers.scinet,PROTECTED,200,737,,DDoS-Guard
2026-10-01T12:00:10.043084+00:00,AcademicPapers,AcademicPapers.scinet,PROTECTED,200,893,,DDoS-Guard
2026-10-01T12:01:10.746669+00:00,AcademicPapers,AcademicPapers.scinet,PROTECTED,200,765,,DDoS-Guard
2026-10-01T12:02:10.679548+00:00,AcademicPapers,AcademicPapers.scinet,DOWN,,,connection_refused,
2026-10-01T12:03:11.526151+00:00,AcademicPapers,AcademicPapers.scinet,PROTECTED,200,794,,DDoS-Guard
2026-10-01T12:04:11.343183+00:00,AcademicPapers,AcademicPapers.scinet,PROTECTED,200,332,,DDoS-Guard
2026-10-01T12:05:11.692061+00:00,AcademicPapers,AcademicPapers.scinet,PROTECTED,200,407,,DDoS-Guard
2026-10-01T12:06:12.561928+00:00,AcademicPapers,AcademicPapers.scinet,PROTECTED,200,401,,DDoS-Guard
2026-10-01T12:07:13.080651+00:00,AcademicPapers,AcademicPapers.scinet,PROTECTED,200,441,,DDoS-Guard
2026-10-01T12:08:13.311396+00:00,AcademicPapers,AcademicPapers.scinet,PROTECTED,200,401,,DDoS-Guard
2026-10-01T12:09:14.146018+00:00,AcademicPapers,AcademicPapers.scinet,PROTECTED,200,998,,DDoS-Guard
2026-10-01T12:10:13.889672+00:00,AcademicPapers,AcademicPapers.scinet,PROTECTED,200,361,,DDoS-Guard
2026-10-01T12:11:14.589789+00:00,AcademicPapers,AcademicPapers.scinet,PROTECTED,200,361,,DDoS-Guard
2026-10-01T12:12:14.816881+00:00,AcademicPapers,AcademicPapers.scinet,PROTECTED,200,346,,DDoS-Guard
2026-10-01T12:13:14.828755+00:00,AcademicPapers,AcademicPapers.scinet,PROTECTED,200,388,,DDoS-Guard
2026-10-01T12:14:15.848861+00:00,AcademicPapers,AcademicPapers.scinet,PROTECTED,200,798,,DDoS-Guard
2026-10-01T12:15:16.288174+00:00,AcademicPapers,AcademicPapers.scinet,PROTECTED,200,836,,DDoS-Guard
2026-10-01T12:16:16.035808+00:00,AcademicPapers,AcademicPapers.scinet,PROTECTED,200,336,,DDoS-Guard
2026-10-01T12:17:16.524528+00:00,AcademicPapers,AcademicPapers.scinet,PROTECTED,200,453,,DDoS-Guard
2026-10-01T12:18:16.553899+00:00,AcademicPapers,AcademicPapers.scinet,PROTECTED,200,454,,DDoS-Guard
2026-10-01T12:19:17.468646+00:00,AcademicPapers,AcademicPapers.scinet,PROTECTED,200,808,,DDoS-Guard
2026-10-01T12:20:17.329758+00:00,AcademicPapers,AcademicPapers.scinet,PROTECTED,200,410,,DDoS-Guard
2026-10-01T12:21:17.668968+00:00,AcademicPapers,AcademicPapers.scinet,PROTECTED,200,689,,DDoS-Guard
2026-10-01T12:22:17.788418+00:00,AcademicPapers,AcademicPapers.scinet,PROTECTED,200,799,,DDoS-Guard
2026-10-01T12:23:18.193904+00:00,AcademicPapers,AcademicPapers.scinet,PROTECTED,200,692,,DDoS-Guard
2026-10-01T12:24:17.816666+00:00,AcademicPapers,AcademicPapers.scinet,PROTECTED,200,320,,DDoS-Guard
2026-10-01T12:25:18.412651+00:00,AcademicPapers,AcademicPapers.scinet,PROTECTED,200,815,,DDoS-Guard
2026-10-01T12:26:19.029723+00:00,AcademicPapers,AcademicPapers.scinet,PROTECTED,200,775,,DDoS-Guard
2026-10-01T12:27:18.836010+00:00,AcademicPapers,AcademicPapers.scinet,PROTECTED,200,333,,DDoS-Guard
2026-10-01T12:28:18.889691+00:00,AcademicPapers,AcademicPapers.scinet,PROTECTED,200,313,,DDoS-Guard
2026-10-01T12:29:19.267585+00:00,AcademicPapers,AcademicPapers.scinet,PROTECTED,200,727,,DDoS-Guard
2026-10-01T12:30:20.222831+00:00,AcademicPapers,AcademicPapers.scinet,PROTECTED,200,818,,DDoS-Guard
2026-10-01T12:31:20.526672+00:00,AcademicPapers,AcademicPapers.scinet,PROTECTED,200,324,,DDoS-Guard
2026-10-01T12:32:20.716686+00:00,AcademicPapers,AcademicPapers.scinet,PROTECTED,200,381,,DDoS-Guard
2026-10-01T12:33:21.316122+00:00,AcademicPapers,AcademicPapers.scinet,PROTECTED,200,464,,DDoS-Guard
2026-10-01T12:34:22.072035+00:00,AcademicPapers,AcademicPapers.scinet,PROTECTED,200,335,,DDoS-Guard
2026-10-01T12:35:22.171685+00:00,AcademicPapers,AcademicPapers.scinet,PROTECTED,200,382,,DDoS-Guard
2026-10-01T12:36:22.230013+00:00,AcademicPapers,AcademicPapers.scinet,PROTECTED,200,182,,DDoS-Guard
2026-10-01T12:37:22.659764+00:00,AcademicPapers,AcademicPapers.scinet,PROTECTED,200,402,,DDoS-Guard
2026-10-01T12:38:22.822791+00:00,AcademicPapers,AcademicPapers.scinet,PROTECTED,200,310,,DDoS-Guard
2026-10-01T12:39:22.780595+00:00,AcademicPapers,AcademicPapers.scinet,PROTECTED,200,309,,DDoS-Guard
2026-10-01T12:40:23.286076+00:00,AcademicPapers,AcademicPapers.scinet,PROTECTED,200,330,,DDoS-Guard
2026-10-01T12:41:23.865840+00:00,AcademicPapers,AcademicPapers.scinet,PROTECTED,200,385,,DDoS-Guard
2026-10-01T12:42:23.777917+00:00,AcademicPapers,AcademicPapers.scinet,PROTECTED,200,313,,DDoS-Guard
2026-10-01T12:43:24.655914+00:00,AcademicPapers,AcademicPapers.scinet,PROTECTED,200,350,,DDoS-Guard
2026-10-01T12:44:24.882929+00:00,AcademicPapers,AcademicPapers.scinet,PROTECTED,200,428,,DDoS-Guard
2026-10-01T12:45:25.769761+00:00,AcademicPapers,AcademicPapers.scinet,PROTECTED,200,870,,DDoS-Guard
2026-10-01T12:46:25.654246+00:00,AcademicPapers,AcademicPapers.scinet,PROTECTED,200,345,,DDoS-Guard
2026-10-01T12:47:26.273935+00:00,AcademicPapers,AcademicPapers.scinet,PROTECTED,200,395,,DDoS-Guard
2026-10-01T12:48:26.628725+00:00,AcademicPapers,AcademicPapers.scinet,PROTECTED,200,335,,DDoS-Guard
2026-10-01T12:49:26.848785+00:00,AcademicPapers,AcademicPapers.scinet,PROTECTED,200,380,,DDoS-Guard
2026-10-01T12:50:27.749716+00:00,AcademicPapers,AcademicPapers.scinet,PROTECTED,200,794,,DDoS-Guard
2026-10-01T12:51:27.838734+00:00,AcademicPapers,AcademicPapers.scinet,PROTECTED,200,322,,DDoS-Guard
2026-10-01T12:52:28.119717+00:00,AcademicPapers,AcademicPapers.scinet,PROTECTED,200,304,,DDoS-Guard
2026-10-01T12:53:28.283609+00:00,AcademicPapers,AcademicPapers.scinet,PROTECTED,200,637,,DDoS-Guard
2026-10-01T12:54:28.816583+00:00,AcademicPapers,AcademicPapers.scinet,PROTECTED,200,416,,DDoS-Guard
2026-10-01T12:55:29.118693+00:00,AcademicPapers,AcademicPapers.scinet,PROTECTED,200,347,,DDoS-Guard
2026-10-01T12:56:30.376141+00:00,AcademicPapers,AcademicPapers.scinet,PROTECTED,200,759,,DDoS-Guard
2026-10-01T12:57:29.891721+00:00,AcademicPapers,AcademicPapers.scinet,PROTECTED,200,338,,DDoS-Guard
2026-10-01T12:58:30.417370+00:00,AcademicPapers,AcademicPapers.scinet,PROTECTED,200,701,,DDoS-Guard
2026-10-01T12:59:30.361942+00:00,AcademicPapers,AcademicPapers.scinet,PROTECTED,200,439,,DDoS-Guard
2026-10-01T13:00:31.669551+00:00,AcademicPapers,AcademicPapers.scinet,PROTECTED,200,783,,DDoS-Guard
2026-10-01T13:01:31.594931+00:00,AcademicPapers,AcademicPapers.scinet,PROTECTED,200,686,,DDoS-Guard
2026-10-01T13:02:31.855788+00:00,AcademicPapers,AcademicPapers.scinet,PROTECTED,200,814,,DDoS-Guard
2026-10-01T13:03:31.344231+00:00,AcademicPapers,AcademicPapers.scinet,PROTECTED,200,313,,DDoS-Guard
2026-10-01T13:04:31.922929+00:00,AcademicPapers,AcademicPapers.scinet,PROTECTED,200,399,,DDoS-Guard
2026-10-01T13:05:32.426958+00:00,AcademicPapers,AcademicPapers.scinet,PROTECTED,200,401,,DDoS-Guard
2026-10-01T13:06:32.470769+00:00,AcademicPapers,AcademicPapers.scinet,PROTECTED,200,344,,DDoS-Guard
2026-10-01T13:07:33.035691+00:00,AcademicPapers,AcademicPapers.scinet,PROTECTED,200,846,,DDoS-Guard
2026-10-01T13:08:33.217578+00:00,AcademicPapers,AcademicPapers.scinet,PROTECTED,200,401,,DDoS-Guard
2026-10-01T13:09:33.451954+00:00,AcademicPapers,AcademicPapers.scinet,PROTECTED,200,428,,DDoS-Guard
2026-10-01T13:10:33.334456+00:00,AcademicPapers,AcademicPapers.scinet,PROTECTED,200,493,,DDoS-Guard
2026-10-01T13:11:33.754627+00:00,AcademicPapers,AcademicPapers.scinet,PROTECTED,200,311,,DDoS-Guard
2026-10-01T13:12:34.159675+00:00,AcademicPapers,AcademicPapers.scinet,PROTECTED,200,558,,DDoS-Guard
2026-10-01T13:13:34.735034+00:00,AcademicPapers,AcademicPapers.scinet,PROTECTED,200,895,,DDoS-Guard
2026-10-01T13:14:34.626740+00:00,AcademicPapers,AcademicPapers.scinet,PROTECTED,200,325,,DDoS-Guard
2026-10-01T13:15:34.907678+00:00,AcademicPapers,AcademicPapers.scinet,PROTECTED,200,345,,DDoS-Guard
2026-10-01T13:16:35.372803+00:00,AcademicPapers,AcademicPapers.scinet,PROTECTED,200,413,,DDoS-Guard
2026-10-01T13:17:36.332878+00:00,AcademicPapers,AcademicPapers.scinet,PROTECTED,200,778,,DDoS-Guard
2026-10-01T13:18:36.110682+00:00,AcademicPapers,AcademicPapers.scinet,PROTECTED,200,321,,DDoS-Guard
2026-10-01T13:19:35.966665+00:00,AcademicPapers,AcademicPapers.scinet,PROTECTED,200,293,,DDoS-Guard
2026-10-01T13:20:36.570647+00:00,AcademicPapers,AcademicPapers.scinet,PROTECTED,200,377,,DDoS-Guard
2026-10-01T13:21:37.093789+00:00,AcademicPapers,AcademicPapers.scinet,PROTECTED,200,376,,DDoS-Guard
2026-10-01T13:22:37.570866+00:00,AcademicPapers,AcademicPapers.scinet,PROTECTED,200,330,,DDoS-Guard
2026-10-01T13:23:37.902552+00:00,AcademicPapers,AcademicPapers.scinet,PROTECTED,200,329,,DDoS-Guard
2026-10-01T13:24:38.953190+00:00,AcademicPapers,AcademicPapers.scinet,PROTECTED,200,806,,DDoS-Guard
2026-10-01T13:25:39.095133+00:00,AcademicPapers,AcademicPapers.scinet,PROTECTED,200,584,,DDoS-Guard
2026-10-01T13:26:39.133604+00:00,AcademicPapers,AcademicPapers.scinet,PROTECTED,200,384,,DDoS-Guard
2026-10-01T13:27:40.540626+00:00,AcademicPapers,AcademicPapers.scinet,PROTECTED,200,683,,DDoS-Guard
2026-10-01T13:28:41.098361+00:00,AcademicPapers,AcademicPapers.scinet,PROTECTED,200,809,,DDoS-Guard
2026-10-01T13:29:40.644948+00:00,AcademicPapers,AcademicPapers.scinet,PROTECTED,200,548,,DDoS-Guard
2026-10-01T13:30:41.150166+00:00,AcademicPapers,AcademicPapers.scinet,PROTECTED,200,409,,DDoS-Guard
2026-10-01T13:31:42.012095+00:00,AcademicPapers,AcademicPapers.scinet,PROTECTED,200,774,,DDoS-Guard
2026-10-01T13:32:42.419024+00:00,AcademicPapers,AcademicPapers.scinet,PROTECTED,200,698,,DDoS-Guard
2026-10-01T13:33:42.683037+00:00,AcademicPapers,AcademicPapers.scinet,PROTECTED,200,786,,DDoS-Guard
2026-10-01T13:34:42.735420+00:00,AcademicPapers,AcademicPapers.scinet,PROTECTED,200,796,,DDoS-Guard
2026-10-01T13:35:43.618341+00:00,AcademicPapers,AcademicPapers.scinet,PROTECTED,200,842,,DDoS-Guard
2026-10-01T13:36:43.919845+00:00,AcademicPapers,AcademicPapers.scinet,PROTECTED,200,471,,DDoS-Guard
2026-10-01T13:37:44.321213+00:00,AcademicPapers,AcademicPapers.scinet,PROTECTED,200,387,,DDoS-Guard
2026-10-01T13:38:44.205822+00:00,AcademicPapers,AcademicPapers.scinet,PROTECTED,200,335,,DDoS-Guard
2026-10-01T13:39:44.087523+00:00,AcademicPapers,AcademicPapers.scinet,PROTECTED,200,177,,DDoS-Guard
2026-10-01T13:40:43.996681+00:00,AcademicPapers,AcademicPapers.scinet,PROTECTED,200,199,,DDoS-Guard
2026-10-01T13:41:44.554992+00:00,AcademicPapers,AcademicPapers.scinet,PROTECTED,200,326,,DDoS-Guard
2026-10-01T13:42:45.182491+00:00,AcademicPapers,AcademicPapers.scinet,PROTECTED,200,454,,DDoS-Guard
2026-10-01T13:43:45.570080+00:00,AcademicPapers,AcademicPapers.scinet,PROTECTED,200,436,,DDoS-Guard
2026-10-01T13:44:45.521334+00:00,AcademicPapers,AcademicPapers.scinet,PROTECTED,200,317,,DDoS-Guard
2026-10-01T13:45:46.081090+00:00,AcademicPapers,AcademicPapers.scinet,PROTECTED,200,328,,DDoS-Guard
2026-10-01T13:46:47.008209+00:00,AcademicPapers,AcademicPapers.scinet,PROTECTED,200,792,,DDoS-Guard
2026-10-01T13:47:47.273133+00:00,AcademicPapers,AcademicPapers.scinet,PROTECTED,200,692,,DDoS-Guard
2026-10-01T13:48:47.153600+00:00,AcademicPapers,AcademicPapers.scinet,PROTECTED,200,387,,DDoS-Guard
2026-10-01T13:49:47.975672+00:00,AcademicPapers,AcademicPapers.scinet,PROTECTED,200,414,,DDoS-Guard
2026-10-01T13:50:48.845170+00:00,AcademicPapers,AcademicPapers.scinet,PROTECTED,200,1041,,DDoS-Guard
2026-10-01T13:51:48.748571+00:00,AcademicPapers,AcademicPapers.scinet,PROTECTED,200,306,,DDoS-Guard
2026-10-01T13:52:48.915939+00:00,AcademicPapers,AcademicPapers.scinet,PROTECTED,200,425,,DDoS-Guard
2026-10-01T13:53:49.552640+00:00,AcademicPapers,AcademicPapers.scinet,PROTECTED,200,406,,DDoS-Guard
2026-10-01T13:54:50.066856+00:00,AcademicPapers,AcademicPapers.scinet,PROTECTED,200,467,,DDoS-Guard
2026-10-01T13:55:50.360658+00:00,AcademicPapers,AcademicPapers.scinet,PROTECTED,200,700,,DDoS-Guard
2026-10-01T13:56:50.156299+00:00,AcademicPapers,AcademicPapers.scinet,PROTECTED,200,378,,DDoS-Guard
2026-10-01T13:57:50.216427+00:00,AcademicPapers,AcademicPapers.scinet,PROTECTED,200,286,,DDoS-Guard
2026-10-01T13:58:50.858489+00:00,AcademicPapers,AcademicPapers.scinet,PROTECTED,200,400,,DDoS-Guard
2026-10-01T13:59:51.074435+00:00,AcademicPapers,AcademicPapers.scinet,PROTECTED,200,438,,DDoS-Guard
2026-10-01T14:00:51.428011+00:00,AcademicPapers,AcademicPapers.scinet,PROTECTED,200,351,,DDoS-Guard
2026-10-01T14:01:51.417067+00:00,AcademicPapers,AcademicPapers.scinet,PROTECTED,200,340,,DDoS-Guard
2026-10-01T14:02:51.932146+00:00,AcademicPapers,AcademicPapers.scinet,PROTECTED,200,411,,DDoS-Guard
2026-10-01T14:03:52.445799+00:00,AcademicPapers,AcademicPapers.scinet,PROTECTED,200,782,,DDoS-Guard
2026-10-01T14:04:52.539535+00:00,AcademicPapers,AcademicPapers.scinet,PROTECTED,200,387,,DDoS-Guard
2026-10-01T14:05:52.816565+00:00,AcademicPapers,AcademicPapers.scinet,PROTECTED,200,546,,DDoS-Guard
2026-10-01T14:06:53.602552+00:00,AcademicPapers,AcademicPapers.scinet,PROTECTED,200,407,,DDoS-Guard
2026-10-01T14:07:54.144417+00:00,AcademicPapers,AcademicPapers.scinet,PROTECTED,200,410,,DDoS-Guard
2026-10-01T14:08:54.306254+00:00,AcademicPapers,AcademicPapers.scinet,PROTECTED,200,390,,DDoS-Guard
2026-10-01T14:09:54.305181+00:00,AcademicPapers,AcademicPapers.scinet,PROTECTED,200,478,,DDoS-Guard
2026-10-01T14:10:55.075752+00:00,AcademicPapers,AcademicPapers.scinet,PROTECTED,200,865,,DDoS-Guard
2026-10-01T14:11:55.322313+00:00,AcademicPapers,AcademicPapers.scinet,PROTECTED,200,477,,DDoS-Guard
2026-10-01T14:12:55.402640+00:00,AcademicPapers,AcademicPapers.scinet,PROTECTED,200,353,,DDoS-Guard
2026-10-01T14:13:55.861121+00:00,AcademicPapers,AcademicPapers.scinet,PROTECTED,200,321,,DDoS-Guard
2026-10-01T14:14:55.824545+00:00,AcademicPapers,AcademicPapers.scinet,PROTECTED,200,292,,DDoS-Guard
2026-10-01T14:15:57.159773+00:00,AcademicPapers,AcademicPapers.scinet,PROTECTED,200,841,,DDoS-Guard
2026-10-01T14:16:57.066543+00:00,AcademicPapers,AcademicPapers.scinet,PROTECTED,200,349,,DDoS-Guard
2026-10-01T14:17:57.409950+00:00,AcademicPapers,AcademicPapers.scinet,PROTECTED,200,385,,DDoS-Guard
2026-10-01T14:18:58.132321+00:00,AcademicPapers,AcademicPapers.scinet,PROTECTED,200,326,,DDoS-Guard
2026-10-01T14:19:58.671744+00:00,AcademicPapers,AcademicPapers.scinet,PROTECTED,200,404,,DDoS-Guard
2026-10-01T14:20:59.394672+00:00,AcademicPapers,AcademicPapers.scinet,PROTECTED,200,388,,DDoS-Guard
2026-10-01T14:21:58.992135+00:00,AcademicPapers,AcademicPapers.scinet,PROTECTED,200,181,,DDoS-Guard
2026-10-01T14:23:00.017726+00:00,AcademicPapers,AcademicPapers.scinet,PROTECTED,200,318,,DDoS-Guard
2026-10-01T14:24:00.541552+00:00,AcademicPapers,AcademicPapers.scinet,PROTECTED,200,357,,DDoS-Guard
2026-10-01T14:25:01.229967+00:00,AcademicPapers,AcademicPapers.scinet,PROTECTED,200,509,,DDoS-Guard
2026-10-01T14:26:01.286455+00:00,AcademicPapers,AcademicPapers.scinet,PROTECTED,200,387,,DDoS-Guard
2026-10-01T14:27:01.398069+00:00,AcademicPapers,AcademicPapers.scinet,PROTECTED,200,495,,DDoS-Guard
2026-10-01T14:28:01.381073+00:00,AcademicPapers,AcademicPapers.scinet,PROTECTED,200,555,,DDoS-Guard
2026-10-01T14:29:02.240799+00:00,AcademicPapers,AcademicPapers.scinet,PROTECTED,200,412,,DDoS-Guard
2026-10-01T14:30:03.703596+00:00,AcademicPapers,AcademicPapers.scinet,PROTECTED,200,1219,,DDoS-Guard
2026-10-01T14:31:03.602543+00:00,AcademicPapers,AcademicPapers.scinet,PROTECTED,200,415,,DDoS-Guard
2026-10-01T14:32:03.137781+00:00,AcademicPapers,AcademicPapers.scinet,PROTECTED,200,199,,DDoS-Guard
2026-10-01T14:33:04.305327+00:00,AcademicPapers,AcademicPapers.scinet,PROTECTED,200,310,,DDoS-Guard
2026-10-01T14:34:04.714547+00:00,AcademicPapers,AcademicPapers.scinet,PROTECTED,200,441,,DDoS-Guard
2026-10-01T14:35:04.952030+00:00,AcademicPapers,AcademicPapers.scinet,PROTECTED,200,425,,DDoS-Guard
2026-10-01T14:36:05.512648+00:00,AcademicPapers,AcademicPapers.scinet,PROTECTED,200,346,,DDoS-Guard
2026-10-01T14:37:06.504802+00:00,AcademicPapers,AcademicPapers.scinet,PROTECTED,200,753,,DDoS-Guard
2026-10-01T14:38:06.720459+00:00,AcademicPapers,AcademicPapers.scinet,PROTECTED,200,797,,DDoS-Guard
2026-10-01T14:39:06.535806+00:00,AcademicPapers,AcademicPapers.scinet,PROTECTED,200,322,,DDoS-Guard
2026-10-01T14:40:07.562191+00:00,AcademicPapers,AcademicPapers.scinet,PROTECTED,200,857,,DDoS-Guard
2026-10-01T14:41:07.977466+00:00,AcademicPapers,AcademicPapers.scinet,PROTECTED,200,746,,DDoS-Guard
2026-10-01T14:42:08.142493+00:00,AcademicPapers,AcademicPapers.scinet,PROTECTED,200,391,,DDoS-Guard
2026-10-01T14:43:08.444850+00:00,AcademicPapers,AcademicPapers.scinet,PROTECTED,200,306,,DDoS-Guard
2026-10-01T14:44:08.752154+00:00,AcademicPapers,AcademicPapers.scinet,PROTECTED,200,449,,DDoS-Guard
2026-10-01T14:45:09.232242+00:00,AcademicPapers,AcademicPapers.scinet,PROTECTED,200,301,,DDoS-Guard
2026-10-01T14:46:09.048039+00:00,AcademicPapers,AcademicPapers.scinet,PROTECTED,200,188,,DDoS-Guard
2026-10-01T14:47:09.704305+00:00,AcademicPapers,AcademicPapers.scinet,PROTECTED,200,364,,DDoS-Guard
2026-10-01T14:48:09.861041+00:00,AcademicPapers,AcademicPapers.scinet,PROTECTED,200,378,,DDoS-Guard
2026-10-01T14:49:10.945906+00:00,AcademicPapers,AcademicPapers.scinet,PROTECTED,200,720,,DDoS-Guard
2026-10-01T14:50:11.369836+00:00,AcademicPapers,AcademicPapers.scinet,PROTECTED,200,505,,DDoS-Guard
2026-10-01T14:51:11.774708+00:00,AcademicPapers,AcademicPapers.scinet,PROTECTED,200,920,,DDoS-Guard
2026-10-01T14:52:12.249572+00:00,AcademicPapers,AcademicPapers.scinet,PROTECTED,200,779,,DDoS-Guard
2026-10-01T14:53:12.486856+00:00,AcademicPapers,AcademicPapers.scinet,PROTECTED,200,800,,DDoS-Guard
2026-10-01T14:54:13.090091+00:00,AcademicPapers,AcademicPapers.scinet,PROTECTED,200,824,,DDoS-Guard
2026-10-01T14:55:13.378074+00:00,AcademicPapers,AcademicPapers.scinet,PROTECTED,200,695,,DDoS-Guard
2026-10-01T14:56:13.519053+00:00,AcademicPapers,AcademicPapers.scinet,PROTECTED,200,306,,DDoS-Guard
2026-10-01T14:57:13.827742+00:00,AcademicPapers,AcademicPapers.scinet,PROTECTED,200,397,,DDoS-Guard
2026-10-01T14:58:13.774164+00:00,AcademicPapers,AcademicPapers.scinet,PROTECTED,200,300,,DDoS-Guard
2026-10-01T14:59:14.243948+00:00,AcademicPapers,AcademicPapers.scinet,PROTECTED,200,369,,DDoS-Guard
2026-10-01T15:00:15.054439+00:00,AcademicPapers,AcademicPapers.scinet,PROTECTED,200,835,,DDoS-Guard
2026-10-01T15:01:15.698768+00:00,AcademicPapers,AcademicPapers.scinet,PROTECTED,200,635,,DDoS-Guard
2026-10-01T15:02:16.244697+00:00,AcademicPapers,AcademicPapers.scinet,PROTECTED,200,317,,DDoS-Guard
2026-10-01T15:03:16.398550+00:00,AcademicPapers,AcademicPapers.scinet,PROTECTED,200,545,,DDoS-Guard
2026-10-01T15:04:16.655655+00:00,AcademicPapers,AcademicPapers.scinet,PROTECTED,200,352,,DDoS-Guard
2026-10-01T15:05:17.318604+00:00,AcademicPapers,AcademicPapers.scinet,PROTECTED,200,411,,DDoS-Guard
2026-10-01T15:06:17.693114+00:00,AcademicPapers,AcademicPapers.scinet,PROTECTED,200,306,,DDoS-Guard
2026-10-01T15:07:18.128264+00:00,AcademicPapers,AcademicPapers.scinet,PROTECTED,200,457,,DDoS-Guard
2026-10-01T15:08:18.226275+00:00,AcademicPapers,AcademicPapers.scinet,PROTECTED,200,311,,DDoS-Guard
2026-10-01T15:09:18.229758+00:00,AcademicPapers,AcademicPapers.scinet,PROTECTED,200,341,,DDoS-Guard
2026-10-01T15:10:18.961920+00:00,AcademicPapers,AcademicPapers.scinet,PROTECTED,200,483,,DDoS-Guard
2026-10-01T15:11:19.292741+00:00,AcademicPapers,AcademicPapers.scinet,PROTECTED,200,430,,DDoS-Guard
2026-10-01T15:12:20.112360+00:00,AcademicPapers,AcademicPapers.scinet,PROTECTED,200,726,,DDoS-Guard
2026-10-01T15:13:20.379701+00:00,AcademicPapers,AcademicPapers.scinet,PROTECTED,200,397,,DDoS-Guard
2026-10-01T15:14:20.712892+00:00,AcademicPapers,AcademicPapers.scinet,PROTECTED,200,323,,DDoS-Guard
2026-10-01T15:15:21.088969+00:00,AcademicPapers,AcademicPapers.scinet,PROTECTED,200,388,,DDoS-Guard
2026-10-01T15:16:21.455924+00:00,AcademicPapers,AcademicPapers.scinet,PROTECTED,200,324,,DDoS-Guard
2026-10-01T15:17:21.872680+00:00,AcademicPapers,AcademicPapers.scinet,PROTECTED,200,403,,DDoS-Guard
2026-10-01T15:18:22.359614+00:00,AcademicPapers,AcademicPapers.scinet,PROTECTED,200,400,,DDoS-Guard
2026-10-01T15:19:23.063475+00:00,AcademicPapers,AcademicPapers.scinet,PROTECTED,200,335,,DDoS-Guard
2026-10-01T15:20:23.110237+00:00,AcademicPapers,AcademicPapers.scinet,PROTECTED,200,334,,DDoS-Guard
2026-10-01T15:21:23.384859+00:00,AcademicPapers,AcademicPapers.scinet,PROTECTED,200,417,,DDoS-Guard
2026-10-01T15:22:24.089575+00:00,AcademicPapers,AcademicPapers.scinet,PROTECTED,200,335,,DDoS-Guard
2026-10-01T15:23:24.568599+00:00,AcademicPapers,AcademicPapers.scinet,PROTECTED,200,319,,DDoS-Guard
2026-10-01T15:24:24.937757+00:00,AcademicPapers,AcademicPapers.scinet,PROTECTED,200,386,,DDoS-Guard
2026-10-01T15:25:25.045080+00:00,AcademicPapers,AcademicPapers.scinet,PROTECTED,200,456,,DDoS-Guard
2026-10-01T15:26:25.059887+00:00,AcademicPapers,AcademicPapers.scinet,PROTECTED,200,174,,DDoS-Guard
2026-10-01T15:27:25.901136+00:00,AcademicPapers,AcademicPapers.scinet,PROTECTED,200,393,,DDoS-Guard
2026-10-01T15:28:27.059228+00:00,AcademicPapers,AcademicPapers.scinet,PROTECTED,200,810,,DDoS-Guard
2026-10-01T15:29:27.014941+00:00,AcademicPapers,AcademicPapers.scinet,PROTECTED,200,325,,DDoS-Guard
2026-10-01T15:30:27.361995+00:00,AcademicPapers,AcademicPapers.scinet,PROTECTED,200,428,,DDoS-Guard
2026-10-01T15:31:27.482227+00:00,AcademicPapers,AcademicPapers.scinet,PROTECTED,200,626,,DDoS-Guard
2026-10-01T15:32:28.437822+00:00,AcademicPapers,AcademicPapers.scinet,PROTECTED,200,800,,DDoS-Guard
2026-10-01T15:33:28.165860+00:00,AcademicPapers,AcademicPapers.scinet,PROTECTED,200,391,,DDoS-Guard
2026-10-01T15:34:28.840762+00:00,AcademicPapers,AcademicPapers.scinet,PROTECTED,200,462,,DDoS-Guard
2026-10-01T15:35:29.286676+00:00,AcademicPapers,AcademicPapers.scinet,PROTECTED,200,337,,DDoS-Guard
2026-10-01T15:36:29.441550+00:00,AcademicPapers,AcademicPapers.scinet,PROTECTED,200,314,,DDoS-Guard
2026-10-01T15:37:30.119794+00:00,AcademicPapers,AcademicPapers.scinet,PROTECTED,200,554,,DDoS-Guard
2026-10-01T15:38:30.450385+00:00,AcademicPapers,AcademicPapers.scinet,PROTECTED,200,335,,DDoS-Guard
2026-10-01T15:39:31.456907+00:00,AcademicPapers,AcademicPapers.scinet,PROTECTED,200,496,,DDoS-Guard
2026-10-01T15:40:31.295186+00:00,AcademicPapers,AcademicPapers.scinet,PROTECTED,200,320,,DDoS-Guard
2026-10-01T15:41:32.151013+00:00,AcademicPapers,AcademicPapers.scinet,PROTECTED,200,714,,DDoS-Guard
2026-10-01T15:42:32.202457+00:00,AcademicPapers,AcademicPapers.scinet,PROTECTED,200,298,,DDoS-Guard
2026-10-01T15:43:32.845864+00:00,AcademicPapers,AcademicPapers.scinet,PROTECTED,200,440,,DDoS-Guard
2026-10-01T15:44:32.766941+00:00,AcademicPapers,AcademicPapers.scinet,PROTECTED,200,308,,DDoS-Guard
2026-10-01T15:45:33.606274+00:00,AcademicPapers,AcademicPapers.scinet,PROTECTED,200,376,,DDoS-Guard
2026-10-01T15:46:33.270124+00:00,AcademicPapers,AcademicPapers.scinet,PROTECTED,200,192,,DDoS-Guard
2026-10-01T15:47:34.040368+00:00,AcademicPapers,AcademicPapers.scinet,PROTECTED,200,442,,DDoS-Guard
2026-10-01T15:48:34.543702+00:00,AcademicPapers,AcademicPapers.scinet,PROTECTED,200,311,,DDoS-Guard
2026-10-01T15:49:34.663744+00:00,AcademicPapers,AcademicPapers.scinet,PROTECTED,200,381,,DDoS-Guard
2026-10-01T15:50:35.856265+00:00,AcademicPapers,AcademicPapers.scinet,PROTECTED,200,876,,DDoS-Guard
2026-10-01T15:51:36.029560+00:00,AcademicPapers,AcademicPapers.scinet,PROTECTED,200,388,,DDoS-Guard
2026-10-01T15:52:36.578643+00:00,AcademicPapers,AcademicPapers.scinet,PROTECTED,200,793,,DDoS-Guard
2026-10-01T15:53:36.464842+00:00,AcademicPapers,AcademicPapers.scinet,PROTECTED,200,391,,DDoS-Guard
2026-10-01T15:54:36.771031+00:00,AcademicPapers,AcademicPapers.scinet,PROTECTED,200,404,,DDoS-Guard
2026-10-01T15:55:37.074790+00:00,AcademicPapers,AcademicPapers.scinet,PROTECTED,200,344,,DDoS-Guard
2026-10-01T15:56:37.905508+00:00,AcademicPapers,AcademicPapers.scinet,PROTECTED,200,790,,DDoS-Guard
2026-10-01T15:57:38.012141+00:00,AcademicPapers,AcademicPapers.scinet,PROTECTED,200,579,,DDoS-Guard
2026-10-01T15:58:38.014660+00:00,AcademicPapers,AcademicPapers.scinet,PROTECTED,200,439,,DDoS-Guard
2026-10-01T15:59:38.320860+00:00,AcademicPapers,AcademicPapers.scinet,PROTECTED,200,519,,DDoS-Guard
2026-10-01T16:00:38.957545+00:00,AcademicPapers,AcademicPapers.scinet,PROTECTED,200,306,,DDoS-Guard
2026-10-01T16:01:39.598919+00:00,AcademicPapers,AcademicPapers.scinet,PROTECTED,200,596,,DDoS-Guard
2026-10-01T16:02:40.190997+00:00,AcademicPapers,AcademicPapers.scinet,PROTECTED,200,417,,DDoS-Guard
2026-10-01T16:03:40.755668+00:00,AcademicPapers,AcademicPapers.scinet,PROTECTED,200,537,,DDoS-Guard
2026-10-01T16:04:41.634888+00:00,AcademicPapers,AcademicPapers.scinet,PROTECTED,200,820,,DDoS-Guard
2026-10-01T16:05:41.986965+00:00,AcademicPapers,AcademicPapers.scinet,PROTECTED,200,583,,DDoS-Guard
2026-10-01T16:06:42.696603+00:00,AcademicPapers,AcademicPapers.scinet,PROTECTED,200,436,,DDoS-Guard
2026-10-01T16:07:43.112891+00:00,AcademicPapers,AcademicPapers.scinet,PROTECTED,200,771,,DDoS-Guard
2026-10-01T16:08:42.999914+00:00,AcademicPapers,AcademicPapers.scinet,PROTECTED,200,402,,DDoS-Guard
2026-10-01T16:09:43.433846+00:00,AcademicPapers,AcademicPapers.scinet,PROTECTED,200,386,,DDoS-Guard
2026-10-01T16:10:43.586739+00:00,AcademicPapers,AcademicPapers.scinet,PROTECTED,200,426,,DDoS-Guard
2026-10-01T16:11:44.260067+00:00,AcademicPapers,AcademicPapers.scinet,PROTECTED,200,390,,DDoS-Guard
2026-10-01T16:12:43.991068+00:00,AcademicPapers,AcademicPapers.scinet,PROTECTED,200,175,,DDoS-Guard
2026-10-01T16:13:45.134902+00:00,AcademicPapers,AcademicPapers.scinet,PROTECTED,200,750,,DDoS-Guard
2026-10-01T16:14:45.895752+00:00,AcademicPapers,AcademicPapers.scinet,PROTECTED,200,699,,DDoS-Guard
2026-10-01T16:15:45.797794+00:00,AcademicPapers,AcademicPapers.scinet,PROTECTED,200,405,,DDoS-Guard
2026-10-01T16:16:46.467834+00:00,AcademicPapers,AcademicPapers.scinet,PROTECTED,200,456,,DDoS-Guard
2026-10-01T16:17:46.800676+00:00,AcademicPapers,AcademicPapers.scinet,PROTECTED,200,393,,DDoS-Guard
2026-10-01T16:18:47.352718+00:00,AcademicPapers,AcademicPapers.scinet,PROTECTED,200,336,,DDoS-Guard
2026-10-01T16:19:47.995834+00:00,AcademicPapers,AcademicPapers.scinet,PROTECTED,200,415,,DDoS-Guard
2026-10-01T16:20:48.594196+00:00,AcademicPapers,AcademicPapers.scinet,PROTECTED,200,400,,DDoS-Guard
2026-10-01T16:21:49.181560+00:00,AcademicPapers,AcademicPapers.scinet,PROTECTED,200,410,,DDoS-Guard
2026-10-01T16:22:49.870652+00:00,AcademicPapers,AcademicPapers.scinet,PROTECTED,200,505,,DDoS-Guard
2026-10-01T16:23:50.544227+00:00,AcademicPapers,AcademicPapers.scinet,PROTECTED,200,776,,DDoS-Guard
2026-10-01T16:24:50.869287+00:00,AcademicPapers,AcademicPapers.scinet,PROTECTED,200,390,,DDoS-Guard
2026-10-01T16:25:51.201695+00:00,AcademicPapers,AcademicPapers.scinet,PROTECTED,200,690,,DDoS-Guard
2026-10-01T16:26:50.771012+00:00,AcademicPapers,AcademicPapers.scinet,PROTECTED,200,386,,DDoS-Guard
2026-10-01T16:27:51.037983+00:00,AcademicPapers,AcademicPapers.scinet,PROTECTED,200,387,,DDoS-Guard
2026-10-01T16:28:51.683045+00:00,AcademicPapers,AcademicPapers.scinet,PROTECTED,200,406,,DDoS-Guard
2026-10-01T16:29:51.796015+00:00,AcademicPapers,AcademicPapers.scinet,PROTECTED,200,426,,DDoS-Guard
2026-10-01T16:30:52.181364+00:00,AcademicPapers,AcademicPapers.scinet,PROTECTED,200,802,,DDoS-Guard
2026-10-01T16:31:52.093814+00:00,AcademicPapers,AcademicPapers.scinet,PROTECTED,200,327,,DDoS-Guard
2026-10-01T16:32:52.572922+00:00,AcademicPapers,AcademicPapers.scinet,PROTECTED,200,764,,DDoS-Guard
2026-10-01T16:33:52.635980+00:00,AcademicPapers,AcademicPapers.scinet,PROTECTED,200,370,,DDoS-Guard
2026-10-01T16:34:53.301732+00:00,AcademicPapers,AcademicPapers.scinet,PROTECTED,200,392,,DDoS-Guard
2026-10-01T16:35:54.011622+00:00,AcademicPapers,AcademicPapers.scinet,PROTECTED,200,471,,DDoS-Guard
2026-10-01T16:36:54.131649+00:00,AcademicPapers,AcademicPapers.scinet,PROTECTED,200,398,,DDoS-Guard
2026-10-01T16:37:54.912528+00:00,AcademicPapers,AcademicPapers.scinet,PROTECTED,200,761,,DDoS-Guard
2026-10-01T16:38:55.071687+00:00,AcademicPapers,AcademicPapers.scinet,PROTECTED,200,430,,DDoS-Guard
2026-10-01T16:39:55.254236+00:00,AcademicPapers,AcademicPapers.scinet,PROTECTED,200,306,,DDoS-Guard
2026-10-01T16:40:55.868107+00:00,AcademicPapers,AcademicPapers.scinet,PROTECTED,200,505,,DDoS-Guard
2026-10-01T16:41:55.588813+00:00,AcademicPapers,AcademicPapers.scinet,PROTECTED,200,321,,DDoS-Guard
2026-10-01T16:42:56.294970+00:00,AcademicPapers,AcademicPapers.scinet,PROTECTED,200,356,,DDoS-Guard
2026-10-01T16:43:57.179591+00:00,AcademicPapers,AcademicPapers.scinet,PROTECTED,200,898,,DDoS-Guard
2026-10-01T16:44:57.620470+00:00,AcademicPapers,AcademicPapers.scinet,PROTECTED,200,450,,DDoS-Guard
2026-10-01T16:45:57.906697+00:00,AcademicPapers,AcademicPapers.scinet,PROTECTED,200,341,,DDoS-Guard
2026-10-01T16:46:58.650142+00:00,AcademicPapers,AcademicPapers.scinet,PROTECTED,200,394,,DDoS-Guard
2026-10-01T16:47:59.624517+00:00,AcademicPapers,AcademicPapers.scinet,PROTECTED,200,488,,DDoS-Guard
2026-10-01T16:48:59.852501+00:00,AcademicPapers,AcademicPapers.scinet,PROTECTED,200,447,,DDoS-Guard
2026-10-01T16:50:00.220700+00:00,AcademicPapers,AcademicPapers.scinet,PROTECTED,200,375,,DDoS-Guard
2026-10-01T16:51:01.168111+00:00,AcademicPapers,AcademicPapers.scinet,PROTECTED,200,526,,DDoS-Guard
2026-10-01T16:52:01.787748+00:00,AcademicPapers,AcademicPapers.scinet,PROTECTED,200,374,,DDoS-Guard
2026-10-01T16:53:02.501641+00:00,AcademicPapers,AcademicPapers.scinet,PROTECTED,200,391,,DDoS-Guard
2026-10-01T16:54:03.101445+00:00,AcademicPapers,AcademicPapers.scinet,PROTECTED,200,422,,DDoS-Guard
2026-10-01T16:55:03.829011+00:00,AcademicPapers,AcademicPapers.scinet,PROTECTED,200,477,,DDoS-Guard
2026-10-01T16:56:03.971898+00:00,AcademicPapers,AcademicPapers.scinet,PROTECTED,200,505,,DDoS-Guard
2026-10-01T16:57:03.371806+00:00,AcademicPapers,AcademicPapers.scinet,PROTECTED,200,194,,DDoS-Guard
2026-10-01T16:58:04.634094+00:00,AcademicPapers,AcademicPapers.scinet,PROTECTED,200,398,,DDoS-Guard
2026-10-01T16:59:05.274649+00:00,AcademicPapers,AcademicPapers.scinet,PROTECTED,200,426,,DDoS-Guard
2026-10-01T17:00:05.944826+00:00,AcademicPapers,AcademicPapers.scinet,PROTECTED,200,662,,DDoS-Guard
2026-10-01T17:01:06.612735+00:00,AcademicPapers,AcademicPapers.scinet,PROTECTED,200,522,,DDoS-Guard
2026-10-01T17:02:06.751474+00:00,AcademicPapers,AcademicPapers.scinet,PROTECTED,200,409,,DDoS-Guard
2026-10-01T17:03:07.303386+00:00,AcademicPapers,AcademicPapers.scinet,PROTECTED,200,425,,DDoS-Guard
2026-10-01T17:04:07.342134+00:00,AcademicPapers,AcademicPapers.scinet,PROTECTED,200,521,,DDoS-Guard
2026-10-01T17:05:07.753728+00:00,AcademicPapers,AcademicPapers.scinet,PROTECTED,200,422,,DDoS-Guard
2026-10-01T17:06:07.784176+00:00,AcademicPapers,AcademicPapers.scinet,PROTECTED,200,304,,DDoS-Guard
2026-10-01T17:07:08.331559+00:00,AcademicPapers,AcademicPapers.scinet,PROTECTED,200,404,,DDoS-Guard
2026-10-01T17:08:08.956127+00:00,AcademicPapers,AcademicPapers.scinet,PROTECTED,200,398,,DDoS-Guard
2026-10-01T17:09:09.669900+00:00,AcademicPapers,AcademicPapers.scinet,PROTECTED,200,389,,DDoS-Guard
2026-10-01T17:10:09.907956+00:00,AcademicPapers,AcademicPapers.scinet,PROTECTED,200,406,,DDoS-Guard
2026-10-01T17:11:10.062052+00:00,AcademicPapers,AcademicPapers.scinet,PROTECTED,200,384,,DDoS-Guard
2026-10-01T17:12:10.618745+00:00,AcademicPapers,AcademicPapers.scinet,PROTECTED,200,694,,DDoS-Guard
2026-10-01T17:13:10.789799+00:00,AcademicPapers,AcademicPapers.scinet,PROTECTED,200,385,,DDoS-Guard
2026-10-01T17:14:11.334000+00:00,AcademicPapers,AcademicPapers.scinet,PROTECTED,200,371,,DDoS-Guard
2026-10-01T17:15:12.099853+00:00,AcademicPapers,AcademicPapers.scinet,PROTECTED,200,468,,DDoS-Guard
2026-10-01T17:16:12.569332+00:00,AcademicPapers,AcademicPapers.scinet,PROTECTED,200,433,,DDoS-Guard
2026-10-01T17:17:13.009866+00:00,AcademicPapers,AcademicPapers.scinet,PROTECTED,200,330,,DDoS-Guard
2026-10-01T17:18:13.609691+00:00,AcademicPapers,AcademicPapers.scinet,PROTECTED,200,410,,DDoS-Guard
2026-10-01T17:19:14.150653+00:00,AcademicPapers,AcademicPapers.scinet,PROTECTED,200,399,,DDoS-Guard
2026-10-01T17:20:14.277017+00:00,AcademicPapers,AcademicPapers.scinet,PROTECTED,200,361,,DDoS-Guard
2026-10-01T17:21:14.607031+00:00,AcademicPapers,AcademicPapers.scinet,PROTECTED,200,444,,DDoS-Guard
2026-10-01T17:22:14.563003+00:00,AcademicPapers,AcademicPapers.scinet,PROTECTED,200,413,,DDoS-Guard
2026-10-01T17:23:14.806566+00:00,AcademicPapers,AcademicPapers.scinet,PROTECTED,200,437,,DDoS-Guard
2026-10-01T17:24:15.463151+00:00,AcademicPapers,AcademicPapers.scinet,PROTECTED,200,498,,DDoS-Guard
2026-10-01T17:25:15.708882+00:00,AcademicPapers,AcademicPapers.scinet,PROTECTED,200,397,,DDoS-Guard
2026-10-01T17:26:15.978107+00:00,AcademicPapers,AcademicPapers.scinet,PROTECTED,200,441,,DDoS-Guard
2026-10-01T17:27:16.492983+00:00,AcademicPapers,AcademicPapers.scinet,PROTECTED,200,399,,DDoS-Guard
2026-10-01T17:28:16.253227+00:00,AcademicPapers,AcademicPapers.scinet,PROTECTED,200,177,,DDoS-Guard
2026-10-01T17:29:16.906516+00:00,AcademicPapers,AcademicPapers.scinet,PROTECTED,200,403,,DDoS-Guard
2026-10-01T17:30:17.374658+00:00,AcademicPapers,AcademicPapers.scinet,PROTECTED,200,398,,DDoS-Guard
2026-10-01T17:31:18.195182+00:00,AcademicPapers,AcademicPapers.scinet,PROTECTED,200,340,,DDoS-Guard
2026-10-01T17:32:18.505807+00:00,AcademicPapers,AcademicPapers.scinet,PROTECTED,200,388,,DDoS-Guard
2026-10-01T17:33:18.888689+00:00,AcademicPapers,AcademicPapers.scinet,PROTECTED,200,389,,DDoS-Guard
2026-10-01T17:34:18.863806+00:00,AcademicPapers,AcademicPapers.scinet,PROTECTED,200,415,,DDoS-Guard
2026-10-01T17:35:19.126530+00:00,AcademicPapers,AcademicPapers.scinet,PROTECTED,200,434,,DDoS-Guard
2026-10-01T17:36:19.564898+00:00,AcademicPapers,AcademicPapers.scinet,PROTECTED,200,412,,DDoS-Guard
2026-10-01T17:37:20.357879+00:00,AcademicPapers,AcademicPapers.scinet,PROTECTED,200,394,,DDoS-Guard
2026-10-01T17:38:20.501005+00:00,AcademicPapers,AcademicPapers.scinet,PROTECTED,200,384,,DDoS-Guard
2026-10-01T17:39:20.548130+00:00,AcademicPapers,AcademicPapers.scinet,PROTECTED,200,172,,DDoS-Guard
2026-10-01T17:40:20.939834+00:00,AcademicPapers,AcademicPapers.scinet,PROTECTED,200,392,,DDoS-Guard
2026-10-01T17:41:21.535228+00:00,AcademicPapers,AcademicPapers.scinet,PROTECTED,200,400,,DDoS-Guard
2026-10-01T17:42:21.777190+00:00,AcademicPapers,AcademicPapers.scinet,PROTECTED,200,370,,DDoS-Guard
2026-10-01T17:43:22.456932+00:00,AcademicPapers,AcademicPapers.scinet,PROTECTED,200,949,,DDoS-Guard
2026-10-01T17:44:22.052653+00:00,AcademicPapers,AcademicPapers.scinet,PROTECTED,200,305,,DDoS-Guard
2026-10-01T17:45:22.444589+00:00,AcademicPapers,AcademicPapers.scinet,PROTECTED,200,471,,DDoS-Guard
2026-10-01T17:46:22.531101+00:00,AcademicPapers,AcademicPapers.scinet,PROTECTED,200,565,,DDoS-Guard
2026-10-01T17:47:23.464839+00:00,AcademicPapers,AcademicPapers.scinet,PROTECTED,200,429,,DDoS-Guard
2026-10-01T17:48:23.554026+00:00,AcademicPapers,AcademicPapers.scinet,PROTECTED,200,404,,DDoS-Guard
2026-10-01T17:49:23.846162+00:00,AcademicPapers,AcademicPapers.scinet,PROTECTED,200,378,,DDoS-Guard
2026-10-01T17:50:24.529862+00:00,AcademicPapers,AcademicPapers.scinet,PROTECTED,200,426,,DDoS-Guard
2026-10-01T17:51:25.343018+00:00,AcademicPapers,AcademicPapers.scinet,PROTECTED,200,926,,DDoS-Guard
2026-10-01T17:52:25.087612+00:00,AcademicPapers,AcademicPapers.scinet,PROTECTED,200,326,,DDoS-Guard
2026-10-01T17:53:25.611081+00:00,AcademicPapers,AcademicPapers.scinet,PROTECTED,200,320,,DDoS-Guard
2026-10-01T17:54:25.826815+00:00,AcademicPapers,AcademicPapers.scinet,PROTECTED,200,373,,DDoS-Guard
2026-10-01T17:55:25.802220+00:00,AcademicPapers,AcademicPapers.scinet,PROTECTED,200,329,,DDoS-Guard
2026-10-01T17:56:26.171229+00:00,AcademicPapers,AcademicPapers.scinet,PROTECTED,200,375,,DDoS-Guard
2026-10-01T17:57:26.831898+00:00,AcademicPapers,AcademicPapers.scinet,PROTECTED,200,418,,DDoS-Guard
2026-10-01T17:58:27.328948+00:00,AcademicPapers,AcademicPapers.scinet,PROTECTED,200,385,,DDoS-Guard
2026-10-01T17:59:27.740013+00:00,AcademicPapers,AcademicPapers.scinet,PROTECTED,200,389,,DDoS-Guard
2026-10-01T18:00:28.336999+00:00,AcademicPapers,AcademicPapers.scinet,PROTECTED,200,419,,DDoS-Guard
2026-10-01T18:01:29.312838+00:00,AcademicPapers,AcademicPapers.scinet,PROTECTED,200,380,,DDoS-Guard
2026-10-01T18:02:29.652082+00:00,AcademicPapers,AcademicPapers.scinet,PROTECTED,200,393,,DDoS-Guard
2026-10-01T18:03:29.888965+00:00,AcademicPapers,AcademicPapers.scinet,PROTECTED,200,426,,DDoS-Guard
2026-10-01T18:04:30.067243+00:00,AcademicPapers,AcademicPapers.scinet,PROTECTED,200,313,,DDoS-Guard
2026-10-01T18:05:30.741549+00:00,AcademicPapers,AcademicPapers.scinet,PROTECTED,200,434,,DDoS-Guard
2026-10-01T18:06:31.262274+00:00,AcademicPapers,AcademicPapers.scinet,PROTECTED,200,304,,DDoS-Guard
2026-10-01T18:07:31.686072+00:00,AcademicPapers,AcademicPapers.scinet,PROTECTED,200,564,,DDoS-Guard
2026-10-01T18:08:32.122325+00:00,AcademicPapers,AcademicPapers.scinet,PROTECTED,200,315,,DDoS-Guard
2026-10-01T18:09:32.678420+00:00,AcademicPapers,AcademicPapers.scinet,PROTECTED,200,418,,DDoS-Guard
2026-10-01T18:10:32.673917+00:00,AcademicPapers,AcademicPapers.scinet,PROTECTED,200,358,,DDoS-Guard
2026-10-01T18:11:32.930884+00:00,AcademicPapers,AcademicPapers.scinet,PROTECTED,200,569,,DDoS-Guard
2026-10-01T18:12:33.347322+00:00,AcademicPapers,AcademicPapers.scinet,PROTECTED,200,322,,DDoS-Guard
2026-10-01T18:13:33.694269+00:00,AcademicPapers,AcademicPapers.scinet,PROTECTED,200,395,,DDoS-Guard
2026-10-01T18:14:34.184741+00:00,AcademicPapers,AcademicPapers.scinet,PROTECTED,200,358,,DDoS-Guard
2026-10-01T18:15:34.812330+00:00,AcademicPapers,AcademicPapers.scinet,PROTECTED,200,358,,DDoS-Guard
2026-10-01T18:16:35.624289+00:00,AcademicPapers,AcademicPapers.scinet,PROTECTED,200,310,,DDoS-Guard
2026-10-01T18:17:35.784676+00:00,AcademicPapers,AcademicPapers.scinet,PROTECTED,200,314,,DDoS-Guard
2026-10-01T18:18:36.247194+00:00,AcademicPapers,AcademicPapers.scinet,PROTECTED,200,406,,DDoS-Guard
2026-10-01T18:19:36.737556+00:00,AcademicPapers,AcademicPapers.scinet,PROTECTED,200,384,,DDoS-Guard
2026-10-01T18:20:36.912701+00:00,AcademicPapers,AcademicPapers.scinet,PROTECTED,200,402,,DDoS-Guard
2026-10-01T18:21:36.996106+00:00,AcademicPapers,AcademicPapers.scinet,PROTECTED,200,345,,DDoS-Guard
2026-10-01T18:22:37.739371+00:00,AcademicPapers,AcademicPapers.scinet,PROTECTED,200,312,,DDoS-Guard
2026-10-01T18:23:38.349620+00:00,AcademicPapers,AcademicPapers.scinet,PROTECTED,200,427,,DDoS-Guard
2026-10-01T18:24:39.484923+00:00,AcademicPapers,AcademicPapers.scinet,PROTECTED,200,785,,DDoS-Guard
2026-10-01T18:25:39.728652+00:00,AcademicPapers,AcademicPapers.scinet,PROTECTED,200,319,,DDoS-Guard
2026-10-01T18:26:40.531732+00:00,AcademicPapers,AcademicPapers.scinet,PROTECTED,200,318,,DDoS-Guard
2026-10-01T18:27:40.856140+00:00,AcademicPapers,AcademicPapers.scinet,PROTECTED,200,389,,DDoS-Guard
2026-10-01T18:28:40.937087+00:00,AcademicPapers,AcademicPapers.scinet,PROTECTED,200,376,,DDoS-Guard
2026-10-01T18:29:41.545632+00:00,AcademicPapers,AcademicPapers.scinet,PROTECTED,200,389,,DDoS-Guard
2026-10-01T18:30:42.097826+00:00,AcademicPapers,AcademicPapers.scinet,PROTECTED,200,309,,DDoS-Guard
2026-10-01T18:31:41.715936+00:00,AcademicPapers,AcademicPapers.scinet,PROTECTED,200,194,,DDoS-Guard
2026-10-01T18:32:42.414794+00:00,AcademicPapers,AcademicPapers.scinet,PROTECTED,200,391,,DDoS-Guard
2026-10-01T18:33:43.233767+00:00,AcademicPapers,AcademicPapers.scinet,PROTECTED,200,391,,DDoS-Guard
2026-10-01T18:34:44.061812+00:00,AcademicPapers,AcademicPapers.scinet,PROTECTED,200,396,,DDoS-Guard
2026-10-01T18:35:44.436481+00:00,AcademicPapers,AcademicPapers.scinet,PROTECTED,200,329,,DDoS-Guard
2026-10-01T18:36:44.217694+00:00,AcademicPapers,AcademicPapers.scinet,PROTECTED,200,188,,DDoS-Guard
2026-10-01T18:37:45.382725+00:00,AcademicPapers,AcademicPapers.scinet,PROTECTED,200,394,,DDoS-Guard
2026-10-01T18:38:46.050327+00:00,AcademicPapers,AcademicPapers.scinet,PROTECTED,200,383,,DDoS-Guard
2026-10-01T18:39:46.309898+00:00,AcademicPapers,AcademicPapers.scinet,PROTECTED,200,408,,DDoS-Guard
2026-10-01T18:40:46.388633+00:00,AcademicPapers,AcademicPapers.scinet,PROTECTED,200,338,,DDoS-Guard
2026-10-01T18:41:46.653838+00:00,AcademicPapers,AcademicPapers.scinet,PROTECTED,200,308,,DDoS-Guard
2026-10-01T18:42:46.765576+00:00,AcademicPapers,AcademicPapers.scinet,PROTECTED,200,375,,DDoS-Guard
2026-10-01T18:43:47.298859+00:00,AcademicPapers,AcademicPapers.scinet,PROTECTED,200,320,,DDoS-Guard
2026-10-01T18:44:48.193178+00:00,AcademicPapers,AcademicPapers.scinet,PROTECTED,200,343,,DDoS-Guard
2026-10-01T18:45:48.453858+00:00,AcademicPapers,AcademicPapers.scinet,PROTECTED,200,492,,DDoS-Guard
2026-10-01T18:46:49.113122+00:00,AcademicPapers,AcademicPapers.scinet,PROTECTED,200,319,,DDoS-Guard
2026-10-01T18:47:49.842046+00:00,AcademicPapers,AcademicPapers.scinet,PROTECTED,200,426,,DDoS-Guard
2026-10-01T18:48:50.161892+00:00,AcademicPapers,AcademicPapers.scinet,PROTECTED,200,319,,DDoS-Guard
2026-10-01T18:49:50.644618+00:00,AcademicPapers,AcademicPapers.scinet,PROTECTED,200,381,,DDoS-Guard
2026-10-01T18:50:51.316678+00:00,AcademicPapers,AcademicPapers.scinet,PROTECTED,200,542,,DDoS-Guard
2026-10-01T18:51:51.045265+00:00,AcademicPapers,AcademicPapers.scinet,PROTECTED,200,287,,DDoS-Guard
2026-10-01T18:52:51.682426+00:00,AcademicPapers,AcademicPapers.scinet,PROTECTED,200,547,,DDoS-Guard
2026-10-01T18:53:51.462741+00:00,AcademicPapers,AcademicPapers.scinet,PROTECTED,200,484,,DDoS-Guard
2026-10-01T18:54:52.269625+00:00,AcademicPapers,AcademicPapers.scinet,PROTECTED,200,422,,DDoS-Guard
2026-10-01T18:55:52.415941+00:00,AcademicPapers,AcademicPapers.scinet,PROTECTED,200,334,,DDoS-Guard
2026-10-01T18:56:52.985975+00:00,AcademicPapers,AcademicPapers.scinet,PROTECTED,200,314,,DDoS-Guard
2026-10-01T18:57:53.263723+00:00,AcademicPapers,AcademicPapers.scinet,PROTECTED,200,435,,DDoS-Guard
2026-10-01T18:58:53.938118+00:00,AcademicPapers,AcademicPapers.scinet,PROTECTED,200,400,,DDoS-Guard
2026-10-01T18:59:54.657336+00:00,AcademicPapers,AcademicPapers.scinet,PROTECTED,200,420,,DDoS-Guard
2026-10-01T19:00:54.171700+00:00,AcademicPapers,AcademicPapers.scinet,PROTECTED,200,189,,DDoS-Guard
2026-10-01T19:01:55.335031+00:00,AcademicPapers,AcademicPapers.scinet,PROTECTED,200,412,,DDoS-Guard
2026-10-01T19:02:55.830140+00:00,AcademicPapers,AcademicPapers.scinet,PROTECTED,200,404,,DDoS-Guard
2026-10-01T19:03:55.985695+00:00,AcademicPapers,AcademicPapers.scinet,PROTECTED,200,360,,DDoS-Guard
2026-10-01T19:04:56.218384+00:00,AcademicPapers,AcademicPapers.scinet,PROTECTED,200,312,,DDoS-Guard
2026-10-01T19:05:56.033681+00:00,AcademicPapers,AcademicPapers.scinet,PROTECTED,200,200,,DDoS-Guard
2026-10-01T19:06:57.131817+00:00,AcademicPapers,AcademicPapers.scinet,PROTECTED,200,314,,DDoS-Guard
2026-10-01T19:07:57.714944+00:00,AcademicPapers,AcademicPapers.scinet,PROTECTED,200,433,,DDoS-Guard
2026-10-01T19:08:58.115543+00:00,AcademicPapers,AcademicPapers.scinet,PROTECTED,200,298,,DDoS-Guard
2026-10-01T19:09:59.187863+00:00,AcademicPapers,AcademicPapers.scinet,PROTECTED,200,393,,DDoS-Guard
2026-10-01T19:10:59.289355+00:00,AcademicPapers,AcademicPapers.scinet,PROTECTED,200,759,,DDoS-Guard
2026-10-01T19:11:59.379845+00:00,AcademicPapers,AcademicPapers.scinet,PROTECTED,200,311,,DDoS-Guard
2026-10-01T19:12:59.830823+00:00,AcademicPapers,AcademicPapers.scinet,PROTECTED,200,420,,DDoS-Guard
2026-10-01T19:14:00.300178+00:00,AcademicPapers,AcademicPapers.scinet,PROTECTED,200,451,,DDoS-Guard
2026-10-01T19:15:00.977995+00:00,AcademicPapers,AcademicPapers.scinet,PROTECTED,200,381,,DDoS-Guard
2026-10-01T19:16:01.562671+00:00,AcademicPapers,AcademicPapers.scinet,PROTECTED,200,353,,DDoS-Guard
2026-10-01T19:17:01.701426+00:00,AcademicPapers,AcademicPapers.scinet,PROTECTED,200,339,,DDoS-Guard
2026-10-01T19:18:02.036686+00:00,AcademicPapers,AcademicPapers.scinet,PROTECTED,200,429,,DDoS-Guard
2026-10-01T19:19:02.515710+00:00,AcademicPapers,AcademicPapers.scinet,PROTECTED,200,464,,DDoS-Guard
2026-10-01T19:20:03.593245+00:00,AcademicPapers,AcademicPapers.scinet,PROTECTED,200,582,,DDoS-Guard
2026-10-01T19:21:03.900464+00:00,AcademicPapers,AcademicPapers.scinet,PROTECTED,200,407,,DDoS-Guard
2026-10-01T19:22:03.886079+00:00,AcademicPapers,AcademicPapers.scinet,PROTECTED,200,321,,DDoS-Guard
2026-10-01T19:23:04.153704+00:00,AcademicPapers,AcademicPapers.scinet,PROTECTED,200,390,,DDoS-Guard
2026-10-01T19:24:04.785634+00:00,AcademicPapers,AcademicPapers.scinet,PROTECTED,200,417,,DDoS-Guard
2026-10-01T19:25:04.555200+00:00,AcademicPapers,AcademicPapers.scinet,PROTECTED,200,183,,DDoS-Guard
2026-10-01T19:26:05.615087+00:00,AcademicPapers,AcademicPapers.scinet,PROTECTED,200,324,,DDoS-Guard
2026-10-01T19:27:06.181671+00:00,AcademicPapers,AcademicPapers.scinet,PROTECTED,200,562,,DDoS-Guard
2026-10-01T19:28:06.667496+00:00,AcademicPapers,AcademicPapers.scinet,PROTECTED,200,417,,DDoS-Guard
2026-10-01T19:29:06.674295+00:00,AcademicPapers,AcademicPapers.scinet,PROTECTED,200,308,,DDoS-Guard
2026-10-01T19:30:07.624440+00:00,AcademicPapers,AcademicPapers.scinet,PROTECTED,200,427,,DDoS-Guard
2026-10-01T19:31:08.061625+00:00,AcademicPapers,AcademicPapers.scinet,PROTECTED,200,319,,DDoS-Guard
2026-10-01T19:32:08.773699+00:00,AcademicPapers,AcademicPapers.scinet,PROTECTED,200,805,,DDoS-Guard
2026-10-01T19:33:09.105601+00:00,AcademicPapers,AcademicPapers.scinet,PROTECTED,200,980,,DDoS-Guard
2026-10-01T19:34:09.100421+00:00,AcademicPapers,AcademicPapers.scinet,PROTECTED,200,393,,DDoS-Guard
2026-10-01T19:35:09.661710+00:00,AcademicPapers,AcademicPapers.scinet,PROTECTED,200,399,,DDoS-Guard
2026-10-01T19:36:10.240674+00:00,AcademicPapers,AcademicPapers.scinet,PROTECTED,200,393,,DDoS-Guard
2026-10-01T19:37:10.833619+00:00,AcademicPapers,AcademicPapers.scinet,PROTECTED,200,640,,DDoS-Guard
2026-10-01T19:38:10.983025+00:00,AcademicPapers,AcademicPapers.scinet,PROTECTED,200,464,,DDoS-Guard
2026-10-01T19:39:11.439624+00:00,AcademicPapers,AcademicPapers.scinet,PROTECTED,200,782,,DDoS-Guard
2026-10-01T19:40:11.484620+00:00,AcademicPapers,AcademicPapers.scinet,PROTECTED,200,321,,DDoS-Guard
2026-10-01T19:41:11.871615+00:00,AcademicPapers,AcademicPapers.scinet,PROTECTED,200,370,,DDoS-Guard
2026-10-01T19:42:12.151616+00:00,AcademicPapers,AcademicPapers.scinet,PROTECTED,200,412,,DDoS-Guard
2026-10-01T19:43:12.748072+00:00,AcademicPapers,AcademicPapers.scinet,PROTECTED,200,941,,DDoS-Guard
2026-10-01T19:44:12.478766+00:00,AcademicPapers,AcademicPapers.scinet,PROTECTED,200,335,,DDoS-Guard
2026-10-01T19:45:12.755987+00:00,AcademicPapers,AcademicPapers.scinet,PROTECTED,200,406,,DDoS-Guard
2026-10-01T19:46:12.406131+00:00,AcademicPapers,AcademicPapers.scinet,PROTECTED,200,178,,DDoS-Guard
2026-10-01T19:47:13.723976+00:00,AcademicPapers,AcademicPapers.scinet,PROTECTED,200,406,,DDoS-Guard
2026-10-01T19:48:14.683528+00:00,AcademicPapers,AcademicPapers.scinet,PROTECTED,200,382,,DDoS-Guard
2026-10-01T19:49:15.048531+00:00,AcademicPapers,AcademicPapers.scinet,PROTECTED,200,367,,DDoS-Guard
2026-10-01T19:50:16.435783+00:00,AcademicPapers,AcademicPapers.scinet,PROTECTED,200,998,,DDoS-Guard
2026-10-01T19:51:16.884919+00:00,AcademicPapers,AcademicPapers.scinet,PROTECTED,200,410,,DDoS-Guard
2026-10-01T19:52:17.560250+00:00,AcademicPapers,AcademicPapers.scinet,PROTECTED,200,372,,DDoS-Guard
2026-10-01T19:53:17.776515+00:00,AcademicPapers,AcademicPapers.scinet,PROTECTED,200,395,,DDoS-Guard
2026-10-01T19:54:18.351566+00:00,AcademicPapers,AcademicPapers.scinet,PROTECTED,200,408,,DDoS-Guard
2026-10-01T19:55:18.528564+00:00,AcademicPapers,AcademicPapers.scinet,PROTECTED,200,331,,DDoS-Guard
2026-10-01T19:56:19.277165+00:00,AcademicPapers,AcademicPapers.scinet,PROTECTED,200,780,,DDoS-Guard
2026-10-01T19:57:18.982568+00:00,AcademicPapers,AcademicPapers.scinet,PROTECTED,200,385,,DDoS-Guard
2026-10-01T19:58:19.258451+00:00,AcademicPapers,AcademicPapers.scinet,PROTECTED,200,409,,DDoS-Guard
2026-10-01T19:59:19.885005+00:00,AcademicPapers,AcademicPapers.scinet,PROTECTED,200,740,,DDoS-Guard
2026-10-01T20:00:19.840415+00:00,AcademicPapers,AcademicPapers.scinet,PROTECTED,200,723,,DDoS-Guard
2026-10-01T20:01:20.873215+00:00,AcademicPapers,AcademicPapers.scinet,PROTECTED,200,321,,DDoS-Guard
2026-10-01T20:02:21.453687+00:00,AcademicPapers,AcademicPapers.scinet,PROTECTED,200,422,,DDoS-Guard
2026-10-01T20:03:21.762560+00:00,AcademicPapers,AcademicPapers.scinet,PROTECTED,200,391,,DDoS-Guard
2026-10-01T20:04:21.810508+00:00,AcademicPapers,AcademicPapers.scinet,PROTECTED,200,310,,DDoS-Guard
2026-10-01T20:05:22.686737+00:00,AcademicPapers,AcademicPapers.scinet,PROTECTED,200,888,,DDoS-Guard
2026-10-01T20:06:22.972077+00:00,AcademicPapers,AcademicPapers.scinet,PROTECTED,200,392,,DDoS-Guard
2026-10-01T20:07:23.124007+00:00,AcademicPapers,AcademicPapers.scinet,PROTECTED,200,440,,DDoS-Guard
2026-10-01T20:08:23.679914+00:00,AcademicPapers,AcademicPapers.scinet,PROTECTED,200,393,,DDoS-Guard
2026-10-01T20:09:24.110806+00:00,AcademicPapers,AcademicPapers.scinet,PROTECTED,200,381,,DDoS-Guard
2026-10-01T20:10:24.375204+00:00,AcademicPapers,AcademicPapers.scinet,PROTECTED,200,325,,DDoS-Guard
2026-10-01T20:11:25.034137+00:00,AcademicPapers,AcademicPapers.scinet,PROTECTED,200,400,,DDoS-Guard
2026-10-01T20:12:25.898012+00:00,AcademicPapers,AcademicPapers.scinet,PROTECTED,200,790,,DDoS-Guard
2026-10-01T20:13:26.209773+00:00,AcademicPapers,AcademicPapers.scinet,PROTECTED,200,702,,DDoS-Guard
2026-10-01T20:14:26.069960+00:00,AcademicPapers,AcademicPapers.scinet,PROTECTED,200,358,,DDoS-Guard
2026-10-01T20:15:26.880778+00:00,AcademicPapers,AcademicPapers.scinet,PROTECTED,200,473,,DDoS-Guard
2026-10-01T20:16:27.359176+00:00,AcademicPapers,AcademicPapers.scinet,PROTECTED,200,344,,DDoS-Guard
2026-10-01T20:17:27.756784+00:00,AcademicPapers,AcademicPapers.scinet,PROTECTED,200,375,,DDoS-Guard
2026-10-01T20:18:28.539780+00:00,AcademicPapers,AcademicPapers.scinet,PROTECTED,200,535,,DDoS-Guard
2026-10-01T20:19:28.769052+00:00,AcademicPapers,AcademicPapers.scinet,PROTECTED,200,443,,DDoS-Guard
2026-10-01T20:20:29.151707+00:00,AcademicPapers,AcademicPapers.scinet,PROTECTED,200,379,,DDoS-Guard
2026-10-01T20:21:37.765547+00:00,AcademicPapers,AcademicPapers.scinet,PROTECTED,200,8217,,DDoS-Guard
2026-10-01T20:22:49.832028+00:00,AcademicPapers,AcademicPapers.scinet,TIMEOUT,,,timeout,
2026-10-01T20:23:30.476526+00:00,AcademicPapers,AcademicPapers.scinet,PROTECTED,200,414,,DDoS-Guard
2026-10-01T20:24:31.093515+00:00,AcademicPapers,AcademicPapers.scinet,PROTECTED,200,311,,DDoS-Guard
2026-10-01T20:25:32.023563+00:00,AcademicPapers,AcademicPapers.scinet,PROTECTED,200,613,,DDoS-Guard
2026-10-01T20:26:32.572066+00:00,AcademicPapers,AcademicPapers.scinet,PROTECTED,200,323,,DDoS-Guard
2026-10-01T20:27:33.199905+00:00,AcademicPapers,AcademicPapers.scinet,PROTECTED,200,416,,DDoS-Guard
2026-10-01T20:28:33.256532+00:00,AcademicPapers,AcademicPapers.scinet,PROTECTED,200,366,,DDoS-Guard
2026-10-01T20:29:33.397688+00:00,AcademicPapers,AcademicPapers.scinet,PROTECTED,200,388,,DDoS-Guard
2026-10-01T20:30:33.671713+00:00,AcademicPapers,AcademicPapers.scinet,PROTECTED,200,670,,DDoS-Guard
2026-10-01T20:31:34.308490+00:00,AcademicPapers,AcademicPapers.scinet,PROTECTED,200,433,,DDoS-Guard
2026-10-01T20:32:34.714671+00:00,AcademicPapers,AcademicPapers.scinet,PROTECTED,200,415,,DDoS-Guard
2026-10-01T20:33:34.905929+00:00,AcademicPapers,AcademicPapers.scinet,PROTECTED,200,308,,DDoS-Guard
2026-10-01T20:34:35.603475+00:00,AcademicPapers,AcademicPapers.scinet,PROTECTED,200,405,,DDoS-Guard
2026-10-01T20:35:36.411504+00:00,AcademicPapers,AcademicPapers.scinet,PROTECTED,200,391,,DDoS-Guard
2026-10-01T20:36:36.628589+00:00,AcademicPapers,AcademicPapers.scinet,PROTECTED,200,326,,DDoS-Guard
2026-10-01T20:37:37.472082+00:00,AcademicPapers,AcademicPapers.scinet,PROTECTED,200,722,,DDoS-Guard
2026-10-01T20:38:37.294430+00:00,AcademicPapers,AcademicPapers.scinet,PROTECTED,200,332,,DDoS-Guard
2026-10-01T20:39:37.627182+00:00,AcademicPapers,AcademicPapers.scinet,PROTECTED,200,374,,DDoS-Guard
2026-10-01T20:40:37.954500+00:00,AcademicPapers,AcademicPapers.scinet,PROTECTED,200,300,,DDoS-Guard
2026-10-01T20:41:38.001493+00:00,AcademicPapers,AcademicPapers.scinet,PROTECTED,200,298,,DDoS-Guard
2026-10-01T20:42:38.304609+00:00,AcademicPapers,AcademicPapers.scinet,PROTECTED,200,315,,DDoS-Guard
2026-10-01T20:43:38.713181+00:00,AcademicPapers,AcademicPapers.scinet,PROTECTED,200,757,,DDoS-Guard
2026-10-01T20:44:38.927142+00:00,AcademicPapers,AcademicPapers.scinet,PROTECTED,200,313,,DDoS-Guard
2026-10-01T20:45:39.465551+00:00,AcademicPapers,AcademicPapers.scinet,PROTECTED,200,314,,DDoS-Guard
2026-10-01T20:46:39.732458+00:00,AcademicPapers,AcademicPapers.scinet,PROTECTED,200,457,,DDoS-Guard
2026-10-01T20:47:40.686927+00:00,AcademicPapers,AcademicPapers.scinet,PROTECTED,200,800,,DDoS-Guard
2026-10-01T20:48:40.030274+00:00,AcademicPapers,AcademicPapers.scinet,PROTECTED,200,197,,DDoS-Guard
2026-10-01T20:49:40.902015+00:00,AcademicPapers,AcademicPapers.scinet,PROTECTED,200,353,,DDoS-Guard
2026-10-01T20:50:41.114936+00:00,AcademicPapers,AcademicPapers.scinet,PROTECTED,200,456,,DDoS-Guard
2026-10-01T20:51:41.225696+00:00,AcademicPapers,AcademicPapers.scinet,PROTECTED,200,405,,DDoS-Guard
2026-10-01T20:52:41.795787+00:00,AcademicPapers,AcademicPapers.scinet,PROTECTED,200,389,,DDoS-Guard
2026-10-01T20:53:41.971027+00:00,AcademicPapers,AcademicPapers.scinet,PROTECTED,200,386,,DDoS-Guard
2026-10-01T20:54:41.972747+00:00,AcademicPapers,AcademicPapers.scinet,PROTECTED,200,301,,DDoS-Guard
2026-10-01T20:55:42.565194+00:00,AcademicPapers,AcademicPapers.scinet,PROTECTED,200,313,,DDoS-Guard
2026-10-01T20:56:43.545551+00:00,AcademicPapers,AcademicPapers.scinet,PROTECTED,200,998,,DDoS-Guard
2026-10-01T20:57:42.843642+00:00,AcademicPapers,AcademicPapers.scinet,PROTECTED,200,288,,DDoS-Guard
2026-10-01T20:58:43.854176+00:00,AcademicPapers,AcademicPapers.scinet,PROTECTED,200,468,,DDoS-Guard
2026-10-01T21:00:02.987683+00:00,AcademicPapers,AcademicPapers.scinet,TIMEOUT,,,timeout,
2026-10-01T21:00:46.268837+00:00,AcademicPapers,AcademicPapers.scinet,PROTECTED,200,2822,,DDoS-Guard
2026-10-01T21:01:44.210670+00:00,AcademicPapers,AcademicPapers.scinet,PROTECTED,200,395,,DDoS-Guard
2026-10-01T21:02:44.787817+00:00,AcademicPapers,AcademicPapers.scinet,PROTECTED,200,782,,DDoS-Guard
2026-10-01T21:03:44.428662+00:00,AcademicPapers,AcademicPapers.scinet,PROTECTED,200,365,,DDoS-Guard
2026-10-01T21:04:44.791257+00:00,AcademicPapers,AcademicPapers.scinet,PROTECTED,200,321,,DDoS-Guard
2026-10-01T21:06:05.046443+00:00,AcademicPapers,AcademicPapers.scinet,TIMEOUT,,,timeout,
2026-10-01T21:06:46.023696+00:00,AcademicPapers,AcademicPapers.scinet,PROTECTED,200,465,,DDoS-Guard
2026-10-01T21:07:46.109574+00:00,AcademicPapers,AcademicPapers.scinet,PROTECTED,200,453,,DDoS-Guard
2026-10-01T21:08:47.052118+00:00,AcademicPapers,AcademicPapers.scinet,PROTECTED,200,818,,DDoS-Guard
2026-10-01T21:09:46.748478+00:00,AcademicPapers,AcademicPapers.scinet,PROTECTED,200,475,,DDoS-Guard
2026-10-01T21:10:47.285133+00:00,AcademicPapers,AcademicPapers.scinet,PROTECTED,200,343,,DDoS-Guard
2026-10-01T21:11:47.480343+00:00,AcademicPapers,AcademicPapers.scinet,PROTECTED,200,345,,DDoS-Guard
2026-10-01T21:12:47.945805+00:00,AcademicPapers,AcademicPapers.scinet,PROTECTED,200,314,,DDoS-Guard
2026-10-01T21:13:48.821128+00:00,AcademicPapers,AcademicPapers.scinet,PROTECTED,200,367,,DDoS-Guard
2026-10-01T21:14:49.131606+00:00,AcademicPapers,AcademicPapers.scinet,PROTECTED,200,427,,DDoS-Guard
2026-10-01T21:15:49.909387+00:00,AcademicPapers,AcademicPapers.scinet,PROTECTED,200,406,,DDoS-Guard
2026-10-01T21:16:50.376250+00:00,AcademicPapers,AcademicPapers.scinet,PROTECTED,200,815,,DDoS-Guard
2026-10-01T21:17:49.993544+00:00,AcademicPapers,AcademicPapers.scinet,PROTECTED,200,351,,DDoS-Guard
2026-10-01T21:18:50.402905+00:00,AcademicPapers,AcademicPapers.scinet,PROTECTED,200,444,,DDoS-Guard
2026-10-01T21:19:50.672077+00:00,AcademicPapers,AcademicPapers.scinet,PROTECTED,200,501,,DDoS-Guard
2026-10-01T21:21:08.947840+00:00,AcademicPapers,AcademicPapers.scinet,PROTECTED,200,18312,,DDoS-Guard
2026-10-01T21:21:51.355075+00:00,AcademicPapers,AcademicPapers.scinet,PROTECTED,200,473,,DDoS-Guard
2026-10-01T21:22:51.922866+00:00,AcademicPapers,AcademicPapers.scinet,PROTECTED,200,384,,DDoS-Guard
2026-10-01T21:23:52.162632+00:00,AcademicPapers,AcademicPapers.scinet,PROTECTED,200,384,,DDoS-Guard
2026-10-01T21:24:52.179446+00:00,AcademicPapers,AcademicPapers.scinet,PROTECTED,200,313,,DDoS-Guard
2026-10-01T21:25:52.917589+00:00,AcademicPapers,AcademicPapers.scinet,PROTECTED,200,652,,DDoS-Guard
2026-10-01T21:26:53.239591+00:00,AcademicPapers,AcademicPapers.scinet,PROTECTED,200,384,,DDoS-Guard
2026-10-01T21:27:53.235554+00:00,AcademicPapers,AcademicPapers.scinet,PROTECTED,200,319,,DDoS-Guard
2026-10-01T21:28:53.777031+00:00,AcademicPapers,AcademicPapers.scinet,PROTECTED,200,779,,DDoS-Guard
2026-10-01T21:29:53.508951+00:00,AcademicPapers,AcademicPapers.scinet,PROTECTED,200,334,,DDoS-Guard
2026-10-01T21:30:54.550922+00:00,AcademicPapers,AcademicPapers.scinet,PROTECTED,200,994,,DDoS-Guard
2026-10-01T21:31:54.567663+00:00,AcademicPapers,AcademicPapers.scinet,PROTECTED,200,305,,DDoS-Guard
2026-10-01T21:32:54.894057+00:00,AcademicPapers,AcademicPapers.scinet,PROTECTED,200,317,,DDoS-Guard
2026-10-01T21:33:55.422261+00:00,AcademicPapers,AcademicPapers.scinet,PROTECTED,200,313,,DDoS-Guard
2026-10-01T21:34:56.284534+00:00,AcademicPapers,AcademicPapers.scinet,PROTECTED,200,837,,DDoS-Guard
2026-10-01T21:35:55.980656+00:00,AcademicPapers,AcademicPapers.scinet,PROTECTED,200,349,,DDoS-Guard
2026-10-01T21:36:56.261502+00:00,AcademicPapers,AcademicPapers.scinet,PROTECTED,200,469,,DDoS-Guard
2026-10-01T21:37:56.688489+00:00,AcademicPapers,AcademicPapers.scinet,PROTECTED,200,429,,DDoS-Guard
2026-10-01T21:38:57.271483+00:00,AcademicPapers,AcademicPapers.scinet,PROTECTED,200,376,,DDoS-Guard
2026-10-01T21:39:58.213319+00:00,AcademicPapers,AcademicPapers.scinet,PROTECTED,200,736,,DDoS-Guard
2026-10-01T21:40:58.141575+00:00,AcademicPapers,AcademicPapers.scinet,PROTECTED,200,394,,DDoS-Guard
2026-10-01T21:41:58.957679+00:00,AcademicPapers,AcademicPapers.scinet,PROTECTED,200,433,,DDoS-Guard
2026-10-01T21:42:59.668862+00:00,AcademicPapers,AcademicPapers.scinet,PROTECTED,200,703,,DDoS-Guard
2026-10-01T21:44:00.092368+00:00,AcademicPapers,AcademicPapers.scinet,PROTECTED,200,690,,DDoS-Guard
2026-10-01T21:44:59.957074+00:00,AcademicPapers,AcademicPapers.scinet,PROTECTED,200,355,,DDoS-Guard
2026-10-01T21:46:01.271641+00:00,AcademicPapers,AcademicPapers.scinet,PROTECTED,200,443,,DDoS-Guard
2026-10-01T21:47:01.552475+00:00,AcademicPapers,AcademicPapers.scinet,PROTECTED,200,415,,DDoS-Guard
2026-10-01T21:48:02.082252+00:00,AcademicPapers,AcademicPapers.scinet,PROTECTED,200,338,,DDoS-Guard
2026-10-01T21:49:02.437010+00:00,AcademicPapers,AcademicPapers.scinet,PROTECTED,200,422,,DDoS-Guard
2026-10-01T21:50:03.289601+00:00,AcademicPapers,AcademicPapers.scinet,PROTECTED,200,796,,DDoS-Guard
2026-10-01T21:51:03.350804+00:00,AcademicPapers,AcademicPapers.scinet,PROTECTED,200,438,,DDoS-Guard
2026-10-01T21:52:03.905599+00:00,AcademicPapers,AcademicPapers.scinet,PROTECTED,200,431,,DDoS-Guard
2026-10-01T21:53:04.171218+00:00,AcademicPapers,AcademicPapers.scinet,PROTECTED,200,385,,DDoS-Guard
2026-10-01T21:54:04.652804+00:00,AcademicPapers,AcademicPapers.scinet,PROTECTED,200,433,,DDoS-Guard
2026-10-01T21:55:04.897245+00:00,AcademicPapers,AcademicPapers.scinet,PROTECTED,200,450,,DDoS-Guard
2026-10-01T21:56:05.348996+00:00,AcademicPapers,AcademicPapers.scinet,PROTECTED,200,807,,DDoS-Guard
2026-10-01T21:57:05.109936+00:00,AcademicPapers,AcademicPapers.scinet,PROTECTED,200,317,,DDoS-Guard
2026-10-01T21:58:05.778559+00:00,AcademicPapers,AcademicPapers.scinet,PROTECTED,200,386,,DDoS-Guard
2026-10-01T21:59:06.450121+00:00,AcademicPapers,AcademicPapers.scinet,PROTECTED,200,798,,DDoS-Guard
2026-10-01T22:00:06.822986+00:00,AcademicPapers,AcademicPapers.scinet,PROTECTED,200,535,,DDoS-Guard
2026-10-01T22:01:08.330846+00:00,AcademicPapers,AcademicPapers.scinet,PROTECTED,200,944,,DDoS-Guard
2026-10-01T22:02:08.052920+00:00,AcademicPapers,AcademicPapers.scinet,PROTECTED,200,430,,DDoS-Guard
2026-10-01T22:03:08.595020+00:00,AcademicPapers,AcademicPapers.scinet,PROTECTED,200,395,,DDoS-Guard
2026-10-01T22:04:09.030777+00:00,AcademicPapers,AcademicPapers.scinet,PROTECTED,200,406,,DDoS-Guard
2026-10-01T22:05:09.320764+00:00,AcademicPapers,AcademicPapers.scinet,PROTECTED,200,320,,DDoS-Guard
2026-10-01T22:06:29.315542+00:00,AcademicPapers,AcademicPapers.scinet,TIMEOUT,,,timeout,
2026-10-01T22:07:09.769828+00:00,AcademicPapers,AcademicPapers.scinet,PROTECTED,200,310,,DDoS-Guard
2026-10-01T22:08:10.169806+00:00,AcademicPapers,AcademicPapers.scinet,PROTECTED,200,389,,DDoS-Guard
2026-10-01T22:09:10.881200+00:00,AcademicPapers,AcademicPapers.scinet,PROTECTED,200,388,,DDoS-Guard
2026-10-01T22:10:11.168944+00:00,AcademicPapers,AcademicPapers.scinet,PROTECTED,200,384,,DDoS-Guard
2026-10-01T22:11:11.714333+00:00,AcademicPapers,AcademicPapers.scinet,PROTECTED,200,504,,DDoS-Guard
2026-10-01T22:12:11.994814+00:00,AcademicPapers,AcademicPapers.scinet,PROTECTED,200,332,,DDoS-Guard
2026-10-01T22:13:12.640164+00:00,AcademicPapers,AcademicPapers.scinet,PROTECTED,200,729,,DDoS-Guard
2026-10-01T22:14:12.791212+00:00,AcademicPapers,AcademicPapers.scinet,PROTECTED,200,695,,DDoS-Guard
2026-10-01T22:15:32.994811+00:00,AcademicPapers,AcademicPapers.scinet,TIMEOUT,,,timeout,
2026-10-01T22:16:13.613234+00:00,AcademicPapers,AcademicPapers.scinet,PROTECTED,200,386,,DDoS-Guard
2026-10-01T22:17:13.858078+00:00,AcademicPapers,AcademicPapers.scinet,PROTECTED,200,386,,DDoS-Guard
2026-10-01T22:18:14.037992+00:00,AcademicPapers,AcademicPapers.scinet,PROTECTED,200,297,,DDoS-Guard
2026-10-01T22:19:14.858680+00:00,AcademicPapers,AcademicPapers.scinet,PROTECTED,200,429,,DDoS-Guard
2026-10-01T22:20:18.836721+00:00,AcademicPapers,AcademicPapers.scinet,PROTECTED,200,3605,,DDoS-Guard
2026-10-01T22:21:15.509847+00:00,AcademicPapers,AcademicPapers.scinet,PROTECTED,200,569,,DDoS-Guard
2026-10-01T22:22:15.994853+00:00,AcademicPapers,AcademicPapers.scinet,PROTECTED,200,386,,DDoS-Guard
2026-10-01T22:23:16.727968+00:00,AcademicPapers,AcademicPapers.scinet,PROTECTED,200,475,,DDoS-Guard
2026-10-01T22:24:16.718944+00:00,AcademicPapers,AcademicPapers.scinet,PROTECTED,200,319,,DDoS-Guard
2026-10-01T22:25:17.552736+00:00,AcademicPapers,AcademicPapers.scinet,PROTECTED,200,772,,DDoS-Guard
2026-10-01T22:26:17.080755+00:00,AcademicPapers,AcademicPapers.scinet,PROTECTED,200,333,,DDoS-Guard
2026-10-01T22:27:18.182885+00:00,AcademicPapers,AcademicPapers.scinet,PROTECTED,200,780,,DDoS-Guard
2026-10-01T22:28:18.676235+00:00,AcademicPapers,AcademicPapers.scinet,PROTECTED,200,850,,DDoS-Guard
2026-10-01T22:29:18.348615+00:00,AcademicPapers,AcademicPapers.scinet,PROTECTED,200,420,,DDoS-Guard
2026-10-01T22:30:19.224885+00:00,AcademicPapers,AcademicPapers.scinet,PROTECTED,200,998,,DDoS-Guard
2026-10-01T22:31:20.199814+00:00,AcademicPapers,AcademicPapers.scinet,PROTECTED,200,833,,DDoS-Guard
2026-10-01T22:32:20.090656+00:00,AcademicPapers,AcademicPapers.scinet,PROTECTED,200,392,,DDoS-Guard
2026-10-01T22:33:20.572219+00:00,AcademicPapers,AcademicPapers.scinet,PROTECTED,200,315,,DDoS-Guard
2026-10-01T22:34:20.883158+00:00,AcademicPapers,AcademicPapers.scinet,PROTECTED,200,414,,DDoS-Guard
2026-10-01T22:35:21.184499+00:00,AcademicPapers,AcademicPapers.scinet,PROTECTED,200,385,,DDoS-Guard
2026-10-01T22:36:21.490407+00:00,AcademicPapers,AcademicPapers.scinet,PROTECTED,200,396,,DDoS-Guard
2026-10-01T22:37:22.183843+00:00,AcademicPapers,AcademicPapers.scinet,PROTECTED,200,393,,DDoS-Guard
2026-10-01T22:38:22.629027+00:00,AcademicPapers,AcademicPapers.scinet,PROTECTED,200,400,,DDoS-Guard
2026-10-01T22:39:22.800025+00:00,AcademicPapers,AcademicPapers.scinet,PROTECTED,200,382,,DDoS-Guard
2026-10-01T22:40:23.452006+00:00,AcademicPapers,AcademicPapers.scinet,PROTECTED,200,372,,DDoS-Guard
2026-10-01T22:41:23.857468+00:00,AcademicPapers,AcademicPapers.scinet,PROTECTED,200,382,,DDoS-Guard
2026-10-01T22:42:23.842153+00:00,AcademicPapers,AcademicPapers.scinet,PROTECTED,200,299,,DDoS-Guard
2026-10-01T22:43:24.026373+00:00,AcademicPapers,AcademicPapers.scinet,PROTECTED,200,397,,DDoS-Guard
2026-10-01T22:44:24.653772+00:00,AcademicPapers,AcademicPapers.scinet,PROTECTED,200,446,,DDoS-Guard
2026-10-01T22:45:24.752053+00:00,AcademicPapers,AcademicPapers.scinet,PROTECTED,200,183,,DDoS-Guard
2026-10-01T22:46:25.652390+00:00,AcademicPapers,AcademicPapers.scinet,PROTECTED,200,320,,DDoS-Guard
2026-10-01T22:47:26.443373+00:00,AcademicPapers,AcademicPapers.scinet,PROTECTED,200,842,,DDoS-Guard
2026-10-01T22:48:26.210610+00:00,AcademicPapers,AcademicPapers.scinet,PROTECTED,200,175,,DDoS-Guard
2026-10-01T22:49:26.934717+00:00,AcademicPapers,AcademicPapers.scinet,PROTECTED,200,306,,DDoS-Guard
2026-10-01T22:50:27.778630+00:00,AcademicPapers,AcademicPapers.scinet,PROTECTED,200,380,,DDoS-Guard
2026-10-01T22:51:28.104565+00:00,AcademicPapers,AcademicPapers.scinet,PROTECTED,200,356,,DDoS-Guard
2026-10-01T22:52:28.717519+00:00,AcademicPapers,AcademicPapers.scinet,PROTECTED,200,306,,DDoS-Guard
2026-10-01T22:53:29.265905+00:00,AcademicPapers,AcademicPapers.scinet,PROTECTED,200,449,,DDoS-Guard
2026-10-01T22:54:29.668752+00:00,AcademicPapers,AcademicPapers.scinet,PROTECTED,200,407,,DDoS-Guard
2026-10-01T22:55:29.847702+00:00,AcademicPapers,AcademicPapers.scinet,PROTECTED,200,411,,DDoS-Guard
2026-10-01T22:56:30.596130+00:00,AcademicPapers,AcademicPapers.scinet,PROTECTED,200,405,,DDoS-Guard
2026-10-01T22:57:31.036853+00:00,AcademicPapers,AcademicPapers.scinet,PROTECTED,200,607,,DDoS-Guard
2026-10-01T22:58:31.803690+00:00,AcademicPapers,AcademicPapers.scinet,PROTECTED,200,482,,DDoS-Guard
2026-10-01T22:59:32.106191+00:00,AcademicPapers,AcademicPapers.scinet,PROTECTED,200,396,,DDoS-Guard
2026-10-01T23:00:32.935034+00:00,AcademicPapers,AcademicPapers.scinet,PROTECTED,200,388,,DDoS-Guard
2026-10-01T23:01:33.912320+00:00,AcademicPapers,AcademicPapers.scinet,PROTECTED,200,838,,DDoS-Guard
2026-10-01T23:02:34.108464+00:00,AcademicPapers,AcademicPapers.scinet,PROTECTED,200,775,,DDoS-Guard
2026-10-01T23:03:33.978242+00:00,AcademicPapers,AcademicPapers.scinet,PROTECTED,200,430,,DDoS-Guard
2026-10-01T23:04:34.047472+00:00,AcademicPapers,AcademicPapers.scinet,PROTECTED,200,399,,DDoS-Guard
2026-10-01T23:05:34.815641+00:00,AcademicPapers,AcademicPapers.scinet,PROTECTED,200,403,,DDoS-Guard
2026-10-01T23:06:35.093935+00:00,AcademicPapers,AcademicPapers.scinet,PROTECTED,200,306,,DDoS-Guard
2026-10-01T23:07:35.285674+00:00,AcademicPapers,AcademicPapers.scinet,PROTECTED,200,320,,DDoS-Guard
2026-10-01T23:08:35.667181+00:00,AcademicPapers,AcademicPapers.scinet,PROTECTED,200,583,,DDoS-Guard
2026-10-01T23:09:36.552557+00:00,AcademicPapers,AcademicPapers.scinet,PROTECTED,200,835,,DDoS-Guard
2026-10-01T23:10:36.914697+00:00,AcademicPapers,AcademicPapers.scinet,PROTECTED,200,950,,DDoS-Guard
2026-10-01T23:11:36.580589+00:00,AcademicPapers,AcademicPapers.scinet,PROTECTED,200,382,,DDoS-Guard
2026-10-01T23:12:36.446700+00:00,AcademicPapers,AcademicPapers.scinet,PROTECTED,200,301,,DDoS-Guard
2026-10-01T23:13:37.123249+00:00,AcademicPapers,AcademicPapers.scinet,PROTECTED,200,308,,DDoS-Guard
2026-10-01T23:14:37.886730+00:00,AcademicPapers,AcademicPapers.scinet,PROTECTED,200,799,,DDoS-Guard
2026-10-01T23:15:37.923564+00:00,AcademicPapers,AcademicPapers.scinet,PROTECTED,200,418,,DDoS-Guard
2026-10-01T23:16:38.449871+00:00,AcademicPapers,AcademicPapers.scinet,PROTECTED,200,400,,DDoS-Guard
2026-10-01T23:17:38.945684+00:00,AcademicPapers,AcademicPapers.scinet,PROTECTED,200,303,,DDoS-Guard
2026-10-01T23:18:39.928656+00:00,AcademicPapers,AcademicPapers.scinet,PROTECTED,200,799,,DDoS-Guard
2026-10-01T23:19:40.009199+00:00,AcademicPapers,AcademicPapers.scinet,PROTECTED,200,304,,DDoS-Guard
2026-10-01T23:20:40.388570+00:00,AcademicPapers,AcademicPapers.scinet,PROTECTED,200,405,,DDoS-Guard
2026-10-01T23:21:41.030726+00:00,AcademicPapers,AcademicPapers.scinet,PROTECTED,200,383,,DDoS-Guard
2026-10-01T23:22:41.352148+00:00,AcademicPapers,AcademicPapers.scinet,PROTECTED,200,561,,DDoS-Guard
2026-10-01T23:23:40.865937+00:00,AcademicPapers,AcademicPapers.scinet,PROTECTED,200,183,,DDoS-Guard
2026-10-01T23:24:41.500175+00:00,AcademicPapers,AcademicPapers.scinet,PROTECTED,200,297,,DDoS-Guard
2026-10-01T23:25:42.325219+00:00,AcademicPapers,AcademicPapers.scinet,PROTECTED,200,389,,DDoS-Guard
2026-10-01T23:26:42.688681+00:00,AcademicPapers,AcademicPapers.scinet,PROTECTED,200,379,,DDoS-Guard
2026-10-01T23:27:42.970639+00:00,AcademicPapers,AcademicPapers.scinet,PROTECTED,200,406,,DDoS-Guard
2026-10-01T23:28:43.127204+00:00,AcademicPapers,AcademicPapers.scinet,PROTECTED,200,398,,DDoS-Guard
2026-10-01T23:29:44.134726+00:00,AcademicPapers,AcademicPapers.scinet,PROTECTED,200,858,,DDoS-Guard
2026-10-01T23:30:45.024833+00:00,AcademicPapers,AcademicPapers.scinet,PROTECTED,200,836,,DDoS-Guard
2026-10-01T23:31:44.922257+00:00,AcademicPapers,AcademicPapers.scinet,PROTECTED,200,335,,DDoS-Guard
2026-10-01T23:32:45.881465+00:00,AcademicPapers,AcademicPapers.scinet,PROTECTED,200,428,,DDoS-Guard
2026-10-01T23:33:46.212617+00:00,AcademicPapers,AcademicPapers.scinet,PROTECTED,200,404,,DDoS-Guard
2026-10-01T23:34:45.921664+00:00,AcademicPapers,AcademicPapers.scinet,PROTECTED,200,189,,DDoS-Guard
2026-10-01T23:35:46.599592+00:00,AcademicPapers,AcademicPapers.scinet,PROTECTED,200,415,,DDoS-Guard
2026-10-01T23:36:46.861651+00:00,AcademicPapers,AcademicPapers.scinet,PROTECTED,200,370,,DDoS-Guard
2026-10-01T23:37:46.459719+00:00,AcademicPapers,AcademicPapers.scinet,PROTECTED,200,192,,DDoS-Guard
2026-10-01T23:38:47.704818+00:00,AcademicPapers,AcademicPapers.scinet,PROTECTED,200,420,,DDoS-Guard
2026-10-01T23:39:47.944741+00:00,AcademicPapers,AcademicPapers.scinet,PROTECTED,200,390,,DDoS-Guard
2026-10-01T23:40:48.230838+00:00,AcademicPapers,AcademicPapers.scinet,PROTECTED,200,454,,DDoS-Guard
2026-10-01T23:41:48.450765+00:00,AcademicPapers,AcademicPapers.scinet,PROTECTED,200,393,,DDoS-Guard
2026-10-01T23:42:49.029570+00:00,AcademicPapers,AcademicPapers.scinet,PROTECTED,200,397,,DDoS-Guard
2026-10-01T23:43:49.387204+00:00,AcademicPapers,AcademicPapers.scinet,PROTECTED,200,422,,DDoS-Guard
2026-10-01T23:44:49.544787+00:00,AcademicPapers,AcademicPapers.scinet,PROTECTED,200,328,,DDoS-Guard
2026-10-01T23:45:50.351618+00:00,AcademicPapers,AcademicPapers.scinet,PROTECTED,200,848,,DDoS-Guard
2026-10-01T23:46:51.107517+00:00,AcademicPapers,AcademicPapers.scinet,PROTECTED,200,313,,DDoS-Guard
2026-10-01T23:47:51.534757+00:00,AcademicPapers,AcademicPapers.scinet,PROTECTED,200,329,,DDoS-Guard
2026-10-01T23:48:52.310543+00:00,AcademicPapers,AcademicPapers.scinet,PROTECTED,200,793,,DDoS-Guard
2026-10-01T23:49:52.426832+00:00,AcademicPapers,AcademicPapers.scinet,PROTECTED,200,711,,DDoS-Guard
2026-10-01T23:50:52.544630+00:00,AcademicPapers,AcademicPapers.scinet,PROTECTED,200,183,,DDoS-Guard
2026-10-01T23:51:53.080950+00:00,AcademicPapers,AcademicPapers.scinet,PROTECTED,200,307,,DDoS-Guard
2026-10-01T23:52:53.428618+00:00,AcademicPapers,AcademicPapers.scinet,PROTECTED,200,424,,DDoS-Guard
2026-10-01T23:53:53.572609+00:00,AcademicPapers,AcademicPapers.scinet,PROTECTED,200,343,,DDoS-Guard
2026-10-01T23:54:54.171581+00:00,AcademicPapers,AcademicPapers.scinet,PROTECTED,200,384,,DDoS-Guard
2026-10-01T23:55:54.565066+00:00,AcademicPapers,AcademicPapers.scinet,PROTECTED,200,377,,DDoS-Guard
2026-10-01T23:56:54.673572+00:00,AcademicPapers,AcademicPapers.scinet,PROTECTED,200,305,,DDoS-Guard
2026-10-01T23:57:54.962777+00:00,AcademicPapers,AcademicPapers.scinet,PROTECTED,200,382,,DDoS-Guard
2026-10-01T23:58:55.027836+00:00,AcademicPapers,AcademicPapers.scinet,PROTECTED,200,401,,DDoS-Guard
2026-10-01T23:59:55.286633+00:00,AcademicPapers,AcademicPapers.scinet,PROTECTED,200,389,,DDoS-Guard
2026-10-02T00:00:55.810005+00:00,AcademicPapers,AcademicPapers.scinet,PROTECTED,200,323,,DDoS-Guard
2026-10-02T00:01:56.534732+00:00,AcademicPapers,AcademicPapers.scinet,PROTECTED,200,409,,DDoS-Guard
2026-10-02T00:02:56.196299+00:00,AcademicPapers,AcademicPapers.scinet,PROTECTED,200,206,,DDoS-Guard
2026-10-02T00:03:57.299957+00:00,AcademicPapers,AcademicPapers.scinet,PROTECTED,200,783,,DDoS-Guard
2026-10-02T00:04:57.946223+00:00,AcademicPapers,AcademicPapers.scinet,PROTECTED,200,467,,DDoS-Guard
2026-10-02T00:05:58.318299+00:00,AcademicPapers,AcademicPapers.scinet,PROTECTED,200,396,,DDoS-Guard
2026-10-02T00:06:58.686973+00:00,AcademicPapers,AcademicPapers.scinet,PROTECTED,200,393,,DDoS-Guard
2026-10-02T00:07:58.673732+00:00,AcademicPapers,AcademicPapers.scinet,DOWN,,,connection_refused,
2026-10-02T00:08:59.849431+00:00,AcademicPapers,AcademicPapers.scinet,PROTECTED,200,310,,DDoS-Guard
2026-10-02T00:10:00.363709+00:00,AcademicPapers,AcademicPapers.scinet,PROTECTED,200,407,,DDoS-Guard
2026-10-02T00:11:00.721884+00:00,AcademicPapers,AcademicPapers.scinet,PROTECTED,200,476,,DDoS-Guard
2026-10-02T00:12:01.926583+00:00,AcademicPapers,AcademicPapers.scinet,PROTECTED,200,817,,DDoS-Guard
2026-10-02T00:13:02.156708+00:00,AcademicPapers,AcademicPapers.scinet,PROTECTED,200,484,,DDoS-Guard
2026-10-02T00:14:02.318921+00:00,AcademicPapers,AcademicPapers.scinet,PROTECTED,200,401,,DDoS-Guard
2026-10-02T00:15:03.319577+00:00,AcademicPapers,AcademicPapers.scinet,PROTECTED,200,650,,DDoS-Guard
2026-10-02T00:16:02.767618+00:00,AcademicPapers,AcademicPapers.scinet,PROTECTED,200,179,,DDoS-Guard
2026-10-02T00:17:04.022727+00:00,AcademicPapers,AcademicPapers.scinet,PROTECTED,200,407,,DDoS-Guard
2026-10-02T00:18:04.389853+00:00,AcademicPapers,AcademicPapers.scinet,PROTECTED,200,393,,DDoS-Guard
2026-10-02T00:19:04.967466+00:00,AcademicPapers,AcademicPapers.scinet,PROTECTED,200,427,,DDoS-Guard
2026-10-02T00:20:05.683703+00:00,AcademicPapers,AcademicPapers.scinet,PROTECTED,200,385,,DDoS-Guard
2026-10-02T00:21:05.952623+00:00,AcademicPapers,AcademicPapers.scinet,PROTECTED,200,371,,DDoS-Guard
2026-10-02T00:22:06.190712+00:00,AcademicPapers,AcademicPapers.scinet,PROTECTED,200,332,,DDoS-Guard
2026-10-02T00:23:06.392262+00:00,AcademicPapers,AcademicPapers.scinet,PROTECTED,200,424,,DDoS-Guard
2026-10-02T00:24:06.035701+00:00,AcademicPapers,AcademicPapers.scinet,PROTECTED,200,192,,DDoS-Guard
2026-10-02T00:25:07.187337+00:00,AcademicPapers,AcademicPapers.scinet,PROTECTED,200,324,,DDoS-Guard
2026-10-02T00:26:07.809905+00:00,AcademicPapers,AcademicPapers.scinet,PROTECTED,200,385,,DDoS-Guard
2026-10-02T00:27:07.948749+00:00,AcademicPapers,AcademicPapers.scinet,PROTECTED,200,593,,DDoS-Guard
2026-10-02T00:28:08.327690+00:00,AcademicPapers,AcademicPapers.scinet,PROTECTED,200,300,,DDoS-Guard
2026-10-02T00:29:09.160657+00:00,AcademicPapers,AcademicPapers.scinet,PROTECTED,200,413,,DDoS-Guard
2026-10-02T00:30:08.897400+00:00,AcademicPapers,AcademicPapers.scinet,PROTECTED,200,185,,DDoS-Guard
2026-10-02T00:31:09.809718+00:00,AcademicPapers,AcademicPapers.scinet,PROTECTED,200,385,,DDoS-Guard
2026-10-02T00:32:10.390007+00:00,AcademicPapers,AcademicPapers.scinet,PROTECTED,200,769,,DDoS-Guard
2026-10-02T00:33:10.775786+00:00,AcademicPapers,AcademicPapers.scinet,PROTECTED,200,568,,DDoS-Guard
2026-10-02T00:34:10.818031+00:00,AcademicPapers,AcademicPapers.scinet,PROTECTED,200,382,,DDoS-Guard
2026-10-02T00:35:12.085207+00:00,AcademicPapers,AcademicPapers.scinet,PROTECTED,200,810,,DDoS-Guard
2026-10-02T00:36:11.467620+00:00,AcademicPapers,AcademicPapers.scinet,PROTECTED,200,190,,DDoS-Guard
2026-10-02T00:37:12.119642+00:00,AcademicPapers,AcademicPapers.scinet,PROTECTED,200,412,,DDoS-Guard
2026-10-02T00:38:12.734960+00:00,AcademicPapers,AcademicPapers.scinet,PROTECTED,200,691,,DDoS-Guard
2026-10-02T00:39:12.863054+00:00,AcademicPapers,AcademicPapers.scinet,PROTECTED,200,405,,DDoS-Guard
2026-10-02T00:40:12.468651+00:00,AcademicPapers,AcademicPapers.scinet,PROTECTED,200,192,,DDoS-Guard
2026-10-02T00:41:13.984963+00:00,AcademicPapers,AcademicPapers.scinet,PROTECTED,200,403,,DDoS-Guard
2026-10-02T00:42:14.638093+00:00,AcademicPapers,AcademicPapers.scinet,PROTECTED,200,409,,DDoS-Guard
2026-10-02T00:43:14.870623+00:00,AcademicPapers,AcademicPapers.scinet,PROTECTED,200,506,,DDoS-Guard
2026-10-02T00:44:15.231643+00:00,AcademicPapers,AcademicPapers.scinet,PROTECTED,200,695,,DDoS-Guard
2026-10-02T00:45:15.353696+00:00,AcademicPapers,AcademicPapers.scinet,PROTECTED,200,204,,DDoS-Guard
2026-10-02T00:46:16.170618+00:00,AcademicPapers,AcademicPapers.scinet,PROTECTED,200,417,,DDoS-Guard
2026-10-02T00:47:16.087123+00:00,AcademicPapers,AcademicPapers.scinet,PROTECTED,200,319,,DDoS-Guard
2026-10-02T00:48:16.406008+00:00,AcademicPapers,AcademicPapers.scinet,PROTECTED,200,420,,DDoS-Guard
2026-10-02T00:49:17.013822+00:00,AcademicPapers,AcademicPapers.scinet,PROTECTED,200,395,,DDoS-Guard
2026-10-02T00:50:17.669237+00:00,AcademicPapers,AcademicPapers.scinet,PROTECTED,200,391,,DDoS-Guard
2026-10-02T00:51:17.628109+00:00,AcademicPapers,AcademicPapers.scinet,PROTECTED,200,343,,DDoS-Guard
2026-10-02T00:52:17.873799+00:00,AcademicPapers,AcademicPapers.scinet,PROTECTED,200,388,,DDoS-Guard
2026-10-02T00:53:18.529687+00:00,AcademicPapers,AcademicPapers.scinet,PROTECTED,200,496,,DDoS-Guard
2026-10-02T00:54:18.836914+00:00,AcademicPapers,AcademicPapers.scinet,PROTECTED,200,488,,DDoS-Guard
2026-10-02T00:55:19.258237+00:00,AcademicPapers,AcademicPapers.scinet,PROTECTED,200,433,,DDoS-Guard
2026-10-02T00:56:20.593981+00:00,AcademicPapers,AcademicPapers.scinet,PROTECTED,200,789,,DDoS-Guard
2026-10-02T00:57:20.680900+00:00,AcademicPapers,AcademicPapers.scinet,PROTECTED,200,462,,DDoS-Guard
2026-10-02T00:58:20.743131+00:00,AcademicPapers,AcademicPapers.scinet,PROTECTED,200,367,,DDoS-Guard
2026-10-02T00:59:21.521684+00:00,AcademicPapers,AcademicPapers.scinet,PROTECTED,200,305,,DDoS-Guard
2026-10-02T01:00:21.204573+00:00,AcademicPapers,AcademicPapers.scinet,PROTECTED,200,201,,DDoS-Guard
2026-10-02T01:01:22.588086+00:00,AcademicPapers,AcademicPapers.scinet,PROTECTED,200,702,,DDoS-Guard
2026-10-02T01:02:22.363605+00:00,AcademicPapers,AcademicPapers.scinet,PROTECTED,200,388,,DDoS-Guard
2026-10-02T01:03:23.036583+00:00,AcademicPapers,AcademicPapers.scinet,PROTECTED,200,379,,DDoS-Guard
2026-10-02T01:04:23.501692+00:00,AcademicPapers,AcademicPapers.scinet,PROTECTED,200,384,,DDoS-Guard
2026-10-02T01:05:24.031058+00:00,AcademicPapers,AcademicPapers.scinet,PROTECTED,200,385,,DDoS-Guard
2026-10-02T01:06:25.095903+00:00,AcademicPapers,AcademicPapers.scinet,PROTECTED,200,400,,DDoS-Guard
2026-10-02T01:07:25.695825+00:00,AcademicPapers,AcademicPapers.scinet,PROTECTED,200,372,,DDoS-Guard
2026-10-02T01:08:26.130230+00:00,AcademicPapers,AcademicPapers.scinet,PROTECTED,200,400,,DDoS-Guard
2026-10-02T01:09:26.412369+00:00,AcademicPapers,AcademicPapers.scinet,PROTECTED,200,384,,DDoS-Guard
2026-10-02T01:10:27.014729+00:00,AcademicPapers,AcademicPapers.scinet,PROTECTED,200,402,,DDoS-Guard
2026-10-02T01:11:27.642016+00:00,AcademicPapers,AcademicPapers.scinet,PROTECTED,200,393,,DDoS-Guard
2026-10-02T01:12:27.864291+00:00,AcademicPapers,AcademicPapers.scinet,PROTECTED,200,393,,DDoS-Guard
2026-10-02T01:13:28.395178+00:00,AcademicPapers,AcademicPapers.scinet,PROTECTED,200,763,,DDoS-Guard
2026-10-02T01:14:28.210633+00:00,AcademicPapers,AcademicPapers.scinet,PROTECTED,200,571,,DDoS-Guard
2026-10-02T01:15:28.659189+00:00,AcademicPapers,AcademicPapers.scinet,PROTECTED,200,370,,DDoS-Guard
2026-10-02T01:16:29.417807+00:00,AcademicPapers,AcademicPapers.scinet,PROTECTED,200,416,,DDoS-Guard
2026-10-02T01:17:30.390759+00:00,AcademicPapers,AcademicPapers.scinet,PROTECTED,200,838,,DDoS-Guard
2026-10-02T01:18:30.702346+00:00,AcademicPapers,AcademicPapers.scinet,PROTECTED,200,410,,DDoS-Guard
2026-10-02T01:19:31.260646+00:00,AcademicPapers,AcademicPapers.scinet,PROTECTED,200,398,,DDoS-Guard
2026-10-02T01:20:31.941740+00:00,AcademicPapers,AcademicPapers.scinet,PROTECTED,200,472,,DDoS-Guard
2026-10-02T01:21:32.671631+00:00,AcademicPapers,AcademicPapers.scinet,PROTECTED,200,408,,DDoS-Guard
2026-10-02T01:22:33.217191+00:00,AcademicPapers,AcademicPapers.scinet,PROTECTED,200,385,,DDoS-Guard
2026-10-02T01:23:33.739185+00:00,AcademicPapers,AcademicPapers.scinet,PROTECTED,200,404,,DDoS-Guard
2026-10-02T01:24:33.391581+00:00,AcademicPapers,AcademicPapers.scinet,PROTECTED,200,186,,DDoS-Guard
2026-10-02T01:25:34.489331+00:00,AcademicPapers,AcademicPapers.scinet,PROTECTED,200,348,,DDoS-Guard
2026-10-02T01:26:34.675491+00:00,AcademicPapers,AcademicPapers.scinet,PROTECTED,200,417,,DDoS-Guard
2026-10-02T01:27:34.880651+00:00,AcademicPapers,AcademicPapers.scinet,PROTECTED,200,379,,DDoS-Guard
2026-10-02T01:28:35.007921+00:00,AcademicPapers,AcademicPapers.scinet,PROTECTED,200,377,,DDoS-Guard
2026-10-02T01:29:35.701219+00:00,AcademicPapers,AcademicPapers.scinet,PROTECTED,200,400,,DDoS-Guard
2026-10-02T01:30:36.185578+00:00,AcademicPapers,AcademicPapers.scinet,PROTECTED,200,313,,DDoS-Guard
2026-10-02T01:31:37.110639+00:00,AcademicPapers,AcademicPapers.scinet,PROTECTED,200,425,,DDoS-Guard
2026-10-02T01:32:37.740099+00:00,AcademicPapers,AcademicPapers.scinet,PROTECTED,200,388,,DDoS-Guard
2026-10-02T01:33:38.203684+00:00,AcademicPapers,AcademicPapers.scinet,PROTECTED,200,427,,DDoS-Guard
2026-10-02T01:34:38.268207+00:00,AcademicPapers,AcademicPapers.scinet,PROTECTED,200,366,,DDoS-Guard
2026-10-02T01:35:38.852647+00:00,AcademicPapers,AcademicPapers.scinet,PROTECTED,200,397,,DDoS-Guard
2026-10-02T01:36:39.122586+00:00,AcademicPapers,AcademicPapers.scinet,PROTECTED,200,398,,DDoS-Guard
2026-10-02T01:37:39.311332+00:00,AcademicPapers,AcademicPapers.scinet,PROTECTED,200,408,,DDoS-Guard
