timestamp,site_id,domain_id,domain_status,http_status,latency_ms,failure_type,protection_type
2026-09-30T01:22:57.060754+00:00,LibGen,LibGen.bz,UP,200,997,,
2026-09-30T01:23:56.445425+00:00,LibGen,LibGen.bz,UP,200,685,,
2026-09-30T01:25:17.539591+00:00,LibGen,LibGen.bz,DOWN,,,connection_refused,
2026-09-30T01:25:56.938575+00:00,LibGen,LibGen.bz,UP,200,657,,
2026-09-30T01:26:59.025266+00:00,LibGen,LibGen.bz,UP,200,714,,
2026-09-30T01:27:58.025243+00:00,LibGen,LibGen.bz,UP,200,704,,
2026-09-30T01:28:58.582342+00:00,LibGen,LibGen.bz,UP,200,665,,
2026-09-30T01:29:59.084344+00:00,LibGen,LibGen.bz,UP,200,268,,
2026-09-30T01:30:59.430299+00:00,LibGen,LibGen.bz,UP,200,744,,
2026-09-30T01:31:59.950190+00:00,LibGen,LibGen.bz,UP,200,732,,
2026-09-30T01:33:00.751861+00:00,LibGen,LibGen.bz,UP,200,871,,
2026-09-30T01:34:01.258123+00:00,LibGen,LibGen.bz,UP,200,992,,
2026-09-30T01:35:01.946443+00:00,LibGen,LibGen.bz,UP,200,856,,
2026-09-30T01:36:02.116136+00:00,LibGen,LibGen.bz,UP,200,794,,
2026-09-30T01:37:02.648151+00:00,LibGen,LibGen.bz,UP,200,873,,
2026-09-30T01:38:02.781568+00:00,LibGen,LibGen.bz,UP,200,745,,
2026-09-30T01:39:03.658134+00:00,LibGen,LibGen.bz,UP,200,767,,
2026-09-30T01:40:04.396940+00:00,LibGen,LibGen.bz,UP,200,1121,,
2026-09-30T01:41:06.660558+00:00,LibGen,LibGen.bz,DEGRADED,200,3738,latency_high,
2026-09-30T01:42:03.544014+00:00,LibGen,LibGen.bz,UP,200,682,,
2026-09-30T01:43:04.100910+00:00,LibGen,LibGen.bz,UP,200,709,,
2026-09-30T01:44:04.161251+00:00,LibGen,LibGen.bz,UP,200,676,,
2026-09-30T01:45:04.378901+00:00,LibGen,LibGen.bz,UP,200,759,,
2026-09-30T01:46:05.368815+00:00,LibGen,LibGen.bz,UP,200,809,,
2026-09-30T01:47:04.997896+00:00,LibGen,LibGen.bz,UP,200,665,,
2026-09-30T01:48:05.627086+00:00,LibGen,LibGen.bz,UP,200,895,,
2026-09-30T01:49:05.730523+00:00,LibGen,LibGen.bz,UP,200,756,,
2026-09-30T01:50:07.135622+00:00,LibGen,LibGen.bz,UP,200,1706,,
2026-09-30T01:51:07.865489+00:00,LibGen,LibGen.bz,UP,200,756,,
2026-09-30T01:52:06.536951+00:00,LibGen,LibGen.bz,UP,200,666,,
2026-09-30T01:53:07.323787+00:00,LibGen,LibGen.bz,UP,200,780,,
2026-09-30T01:54:07.153317+00:00,LibGen,LibGen.bz,UP,200,282,,
2026-09-30T01:55:08.217036+00:00,LibGen,LibGen.bz,UP,200,677,,
2026-09-30T01:56:08.413075+00:00,LibGen,LibGen.bz,UP,200,587,,
2026-09-30T01:57:09.172811+00:00,LibGen,LibGen.bz,UP,200,786,,
2026-09-30T01:58:09.376833+00:00,LibGen,LibGen.bz,UP,200,688,,
2026-09-30T01:59:09.756444+00:00,LibGen,LibGen.bz,UP,200,615,,
2026-09-30T02:00:09.225593+00:00,LibGen,LibGen.bz,UP,200,235,,
2026-09-30T02:01:10.397506+00:00,LibGen,LibGen.bz,UP,200,616,,
2026-09-30T02:02:11.275541+00:00,LibGen,LibGen.bz,UP,200,1265,,
2026-09-30T02:03:11.553047+00:00,LibGen,LibGen.bz,UP,200,668,,
2026-09-30T02:04:31.316933+00:00,LibGen,LibGen.bz,DOWN,,,connection_refused,
2026-09-30T02:05:11.650779+00:00,LibGen,LibGen.bz,UP,200,748,,
2026-09-30T02:06:12.174036+00:00,LibGen,LibGen.bz,UP,200,750,,
2026-09-30T02:07:12.798562+00:00,LibGen,LibGen.bz,UP,200,741,,
2026-09-30T02:08:13.445661+00:00,LibGen,LibGen.bz,UP,200,643,,
2026-09-30T02:09:13.853970+00:00,LibGen,LibGen.bz,UP,200,600,,
2026-09-30T02:10:33.728400+00:00,LibGen,LibGen.bz,DOWN,,,connection_refused,
2026-09-30T02:11:15.544186+00:00,LibGen,LibGen.bz,UP,200,1690,,
2026-09-30T02:12:14.941429+00:00,LibGen,LibGen.bz,UP,200,704,,
2026-09-30T02:13:15.537222+00:00,LibGen,LibGen.bz,UP,200,677,,
2026-09-30T02:14:15.391550+00:00,LibGen,LibGen.bz,UP,200,671,,
2026-09-30T02:15:16.149810+00:00,LibGen,LibGen.bz,UP,200,964,,
2026-09-30T02:16:15.887415+00:00,LibGen,LibGen.bz,UP,200,744,,
2026-09-30T02:17:16.656409+00:00,LibGen,LibGen.bz,UP,200,899,,
2026-09-30T02:18:17.020382+00:00,LibGen,LibGen.bz,UP,200,773,,
2026-09-30T02:19:17.672449+00:00,LibGen,LibGen.bz,UP,200,975,,
2026-09-30T02:20:17.949532+00:00,LibGen,LibGen.bz,UP,200,752,,
2026-09-30T02:21:18.261083+00:00,LibGen,LibGen.bz,UP,200,669,,
2026-09-30T02:22:18.363015+00:00,LibGen,LibGen.bz,UP,200,631,,
2026-09-30T02:23:18.490069+00:00,LibGen,LibGen.bz,UP,200,608,,
2026-09-30T02:24:19.509748+00:00,LibGen,LibGen.bz,UP,200,867,,
2026-09-30T02:25:19.575905+00:00,LibGen,LibGen.bz,UP,200,743,,
2026-09-30T02:26:19.880179+00:00,LibGen,LibGen.bz,UP,200,719,,
2026-09-30T02:27:21.399853+00:00,LibGen,LibGen.bz,UP,200,1110,,
2026-09-30T02:28:20.749236+00:00,LibGen,LibGen.bz,UP,200,727,,
2026-09-30T02:29:21.455415+00:00,LibGen,LibGen.bz,UP,200,689,,
2026-09-30T02:30:21.452549+00:00,LibGen,LibGen.bz,UP,200,807,,
2026-09-30T02:31:21.700225+00:00,LibGen,LibGen.bz,UP,200,727,,
2026-09-30T02:32:22.150596+00:00,LibGen,LibGen.bz,UP,200,717,,
2026-09-30T02:33:22.851016+00:00,LibGen,LibGen.bz,UP,200,692,,
2026-09-30T02:34:23.808462+00:00,LibGen,LibGen.bz,UP,200,908,,
2026-09-30T02:35:23.621056+00:00,LibGen,LibGen.bz,UP,200,282,,
2026-09-30T02:36:24.317826+00:00,LibGen,LibGen.bz,UP,200,687,,
2026-09-30T02:37:25.311822+00:00,LibGen,LibGen.bz,UP,200,786,,
2026-09-30T02:38:25.472856+00:00,LibGen,LibGen.bz,UP,200,753,,
2026-09-30T02:39:25.637764+00:00,LibGen,LibGen.bz,UP,200,617,,
2026-09-30T02:40:25.913868+00:00,LibGen,LibGen.bz,UP,200,728,,
2026-09-30T02:41:26.908024+00:00,LibGen,LibGen.bz,UP,200,945,,
2026-09-30T02:42:46.431810+00:00,LibGen,LibGen.bz,TIMEOUT,,,timeout,
2026-09-30T02:43:46.748005+00:00,LibGen,LibGen.bz,TIMEOUT,,,timeout,
2026-09-30T02:44:27.782404+00:00,LibGen,LibGen.bz,UP,200,731,,
2026-09-30T02:45:28.194760+00:00,LibGen,LibGen.bz,UP,200,772,,
2026-09-30T02:46:29.326505+00:00,LibGen,LibGen.bz,UP,200,975,,
2026-09-30T02:47:29.079257+00:00,LibGen,LibGen.bz,UP,200,694,,
2026-09-30T02:48:29.303042+00:00,LibGen,LibGen.bz,UP,200,582,,
2026-09-30T02:49:30.167757+00:00,LibGen,LibGen.bz,UP,200,670,,
2026-09-30T02:50:30.491580+00:00,LibGen,LibGen.bz,UP,200,1021,,
2026-09-30T02:51:30.953481+00:00,LibGen,LibGen.bz,UP,200,1004,,
2026-09-30T02:52:32.106995+00:00,LibGen,LibGen.bz,UP,200,566,,
2026-09-30T02:53:31.261137+00:00,LibGen,LibGen.bz,UP,200,706,,
2026-09-30T02:54:32.471801+00:00,LibGen,LibGen.bz,UP,200,767,,
2026-09-30T02:55:32.103545+00:00,LibGen,LibGen.bz,UP,200,760,,
2026-09-30T02:56:33.135133+00:00,LibGen,LibGen.bz,UP,200,1039,,
2026-09-30T02:57:33.727957+00:00,LibGen,LibGen.bz,UP,200,1611,,
2026-09-30T02:58:32.840949+00:00,LibGen,LibGen.bz,UP,200,565,,
2026-09-30T02:59:33.621114+00:00,LibGen,LibGen.bz,UP,200,700,,
2026-09-30T03:00:34.835053+00:00,LibGen,LibGen.bz,UP,200,743,,
2026-09-30T03:01:34.709856+00:00,LibGen,LibGen.bz,UP,200,744,,
2026-09-30T03:02:36.542577+00:00,LibGen,LibGen.bz,UP,200,784,,
2026-09-30T03:03:35.719432+00:00,LibGen,LibGen.bz,UP,200,642,,
2026-09-30T03:04:36.915766+00:00,LibGen,LibGen.bz,UP,200,626,,
2026-09-30T03:05:36.575974+00:00,LibGen,LibGen.bz,UP,200,680,,
2026-09-30T03:06:37.483485+00:00,LibGen,LibGen.bz,UP,200,971,,
2026-09-30T03:07:37.471882+00:00,LibGen,LibGen.bz,UP,200,565,,
2026-09-30T03:08:58.133868+00:00,LibGen,LibGen.bz,DOWN,,,connection_refused,
2026-09-30T03:09:38.312474+00:00,LibGen,LibGen.bz,UP,200,538,,
2026-09-30T03:10:40.119944+00:00,LibGen,LibGen.bz,UP,200,1661,,
2026-09-30T03:11:39.340304+00:00,LibGen,LibGen.bz,UP,200,666,,
2026-09-30T03:12:39.990471+00:00,LibGen,LibGen.bz,UP,200,584,,
2026-09-30T03:13:40.795185+00:00,LibGen,LibGen.bz,UP,200,939,,
2026-09-30T03:14:41.476960+00:00,LibGen,LibGen.bz,UP,200,1027,,
2026-09-30T03:15:41.833160+00:00,LibGen,LibGen.bz,UP,200,786,,
2026-09-30T03:16:41.826770+00:00,LibGen,LibGen.bz,UP,200,661,,
2026-09-30T03:17:41.988234+00:00,LibGen,LibGen.bz,UP,200,727,,
2026-09-30T03:18:42.269156+00:00,LibGen,LibGen.bz,UP,200,746,,
2026-09-30T03:20:03.556736+00:00,LibGen,LibGen.bz,DOWN,,,connection_refused,
2026-09-30T03:20:44.146280+00:00,LibGen,LibGen.bz,UP,200,959,,
2026-09-30T03:21:43.910209+00:00,LibGen,LibGen.bz,UP,200,733,,
2026-09-30T03:22:44.599984+00:00,LibGen,LibGen.bz,UP,200,773,,
2026-09-30T03:23:46.422466+00:00,LibGen,LibGen.bz,UP,200,1660,,
2026-09-30T03:24:45.317179+00:00,LibGen,LibGen.bz,UP,200,682,,
2026-09-30T03:25:46.064892+00:00,LibGen,LibGen.bz,UP,200,751,,
2026-09-30T03:26:46.365999+00:00,LibGen,LibGen.bz,UP,200,626,,
2026-09-30T03:27:46.751669+00:00,LibGen,LibGen.bz,UP,200,702,,
2026-09-30T03:28:47.852850+00:00,LibGen,LibGen.bz,UP,200,267,,
2026-09-30T03:29:47.509028+00:00,LibGen,LibGen.bz,UP,200,741,,
2026-09-30T03:30:47.808418+00:00,LibGen,LibGen.bz,UP,200,651,,
2026-09-30T03:31:48.024901+00:00,LibGen,LibGen.bz,UP,200,577,,
2026-09-30T03:33:08.985965+00:00,LibGen,LibGen.bz,DOWN,,,connection_refused,
2026-09-30T03:33:50.249166+00:00,LibGen,LibGen.bz,UP,200,1363,,
2026-09-30T03:34:49.765455+00:00,LibGen,LibGen.bz,UP,200,655,,
2026-09-30T03:35:50.001178+00:00,LibGen,LibGen.bz,UP,200,758,,
2026-09-30T03:36:49.661530+00:00,LibGen,LibGen.bz,UP,200,620,,
2026-09-30T03:37:50.477389+00:00,LibGen,LibGen.bz,UP,200,679,,
2026-09-30T03:38:51.112741+00:00,LibGen,LibGen.bz,UP,200,1118,,
2026-09-30T03:39:51.230146+00:00,LibGen,LibGen.bz,UP,200,713,,
2026-09-30T03:40:51.341522+00:00,LibGen,LibGen.bz,UP,200,265,,
2026-09-30T03:41:51.968787+00:00,LibGen,LibGen.bz,UP,200,707,,
2026-09-30T03:42:53.663860+00:00,LibGen,LibGen.bz,UP,200,996,,
2026-09-30T03:43:52.430925+00:00,LibGen,LibGen.bz,UP,200,281,,
2026-09-30T03:44:53.348206+00:00,LibGen,LibGen.bz,UP,200,900,,
2026-09-30T03:45:53.324388+00:00,LibGen,LibGen.bz,UP,200,675,,
2026-09-30T03:46:53.204530+00:00,LibGen,LibGen.bz,UP,200,584,,
2026-09-30T03:47:54.026908+00:00,LibGen,LibGen.bz,UP,200,792,,
2026-09-30T03:48:55.639057+00:00,LibGen,LibGen.bz,UP,200,692,,
2026-09-30T03:49:54.629309+00:00,LibGen,LibGen.bz,UP,200,641,,
2026-09-30T03:50:55.091476+00:00,LibGen,LibGen.bz,UP,200,744,,
2026-09-30T03:51:55.061384+00:00,LibGen,LibGen.bz,UP,200,689,,
2026-09-30T03:52:55.220167+00:00,LibGen,LibGen.bz,UP,200,653,,
2026-09-30T03:53:56.892880+00:00,LibGen,LibGen.bz,UP,200,669,,
2026-09-30T03:54:57.007088+00:00,LibGen,LibGen.bz,UP,200,630,,
2026-09-30T03:55:56.280789+00:00,LibGen,LibGen.bz,UP,200,626,,
2026-09-30T03:56:59.206495+00:00,LibGen,LibGen.bz,UP,200,2781,,
2026-09-30T03:57:57.417951+00:00,LibGen,LibGen.bz,UP,200,744,,
2026-09-30T03:58:58.075539+00:00,LibGen,LibGen.bz,UP,200,742,,
2026-09-30T03:59:58.297775+00:00,LibGen,LibGen.bz,UP,200,708,,
2026-09-30T04:01:00.202532+00:00,LibGen,LibGen.bz,UP,200,817,,
2026-09-30T04:02:01.458214+00:00,LibGen,LibGen.bz,UP,200,1044,,
2026-09-30T04:03:00.621574+00:00,LibGen,LibGen.bz,UP,200,671,,
2026-09-30T04:04:01.484932+00:00,LibGen,LibGen.bz,UP,200,945,,
2026-09-30T04:05:01.138971+00:00,LibGen,LibGen.bz,UP,200,850,,
2026-09-30T04:06:02.233557+00:00,LibGen,LibGen.bz,UP,200,834,,
2026-09-30T04:07:03.308654+00:00,LibGen,LibGen.bz,UP,200,813,,
2026-09-30T04:08:04.472606+00:00,LibGen,LibGen.bz,UP,200,1209,,
2026-09-30T04:09:03.159015+00:00,LibGen,LibGen.bz,UP,200,785,,
2026-09-30T04:10:04.379905+00:00,LibGen,LibGen.bz,UP,200,1219,,
2026-09-30T04:11:05.557658+00:00,LibGen,LibGen.bz,UP,200,1096,,
2026-09-30T04:12:04.929319+00:00,LibGen,LibGen.bz,UP,200,714,,
2026-09-30T04:13:05.592525+00:00,LibGen,LibGen.bz,UP,200,773,,
2026-09-30T04:14:05.985092+00:00,LibGen,LibGen.bz,UP,200,560,,
2026-09-30T04:15:06.257626+00:00,LibGen,LibGen.bz,UP,200,571,,
2026-09-30T04:16:06.964501+00:00,LibGen,LibGen.bz,UP,200,629,,
2026-09-30T04:17:07.306263+00:00,LibGen,LibGen.bz,UP,200,609,,
2026-09-30T04:18:07.186508+00:00,LibGen,LibGen.bz,UP,200,635,,
2026-09-30T04:19:07.856484+00:00,LibGen,LibGen.bz,UP,200,690,,
2026-09-30T04:20:07.734573+00:00,LibGen,LibGen.bz,UP,200,286,,
2026-09-30T04:21:08.958940+00:00,LibGen,LibGen.bz,UP,200,740,,
2026-09-30T04:22:09.457349+00:00,LibGen,LibGen.bz,UP,200,696,,
2026-09-30T04:23:09.610485+00:00,LibGen,LibGen.bz,UP,200,886,,
2026-09-30T04:24:09.438797+00:00,LibGen,LibGen.bz,UP,200,661,,
2026-09-30T04:25:09.717730+00:00,LibGen,LibGen.bz,UP,200,689,,
2026-09-30T04:26:09.908401+00:00,LibGen,LibGen.bz,UP,200,608,,
2026-09-30T04:27:10.667535+00:00,LibGen,LibGen.bz,UP,200,766,,
2026-09-30T04:28:10.968504+00:00,LibGen,LibGen.bz,UP,200,732,,
2026-09-30T04:29:11.234162+00:00,LibGen,LibGen.bz,UP,200,601,,
2026-09-30T04:30:11.947711+00:00,LibGen,LibGen.bz,UP,200,858,,
2026-09-30T04:31:11.801649+00:00,LibGen,LibGen.bz,DOWN,,,connection_refused,
2026-09-30T04:32:12.867223+00:00,LibGen,LibGen.bz,UP,200,722,,
2026-09-30T04:33:14.663001+00:00,LibGen,LibGen.bz,UP,200,1641,,
2026-09-30T04:34:13.624804+00:00,LibGen,LibGen.bz,UP,200,654,,
2026-09-30T04:35:17.466492+00:00,LibGen,LibGen.bz,DEGRADED,200,3795,latency_high,
2026-09-30T04:36:14.304953+00:00,LibGen,LibGen.bz,UP,200,673,,
2026-09-30T04:37:14.561669+00:00,LibGen,LibGen.bz,UP,200,666,,
2026-09-30T04:38:15.151671+00:00,LibGen,LibGen.bz,UP,200,686,,
2026-09-30T04:39:15.434498+00:00,LibGen,LibGen.bz,UP,200,753,,
2026-09-30T04:40:16.733812+00:00,LibGen,LibGen.bz,UP,200,775,,
2026-09-30T04:41:15.778126+00:00,LibGen,LibGen.bz,UP,200,607,,
2026-09-30T04:42:16.432670+00:00,LibGen,LibGen.bz,UP,200,656,,
2026-09-30T04:43:16.632065+00:00,LibGen,LibGen.bz,UP,200,624,,
2026-09-30T04:44:17.843386+00:00,LibGen,LibGen.bz,UP,200,695,,
2026-09-30T04:45:18.510640+00:00,LibGen,LibGen.bz,UP,200,1041,,
2026-09-30T04:46:17.752558+00:00,LibGen,LibGen.bz,UP,200,694,,
2026-09-30T04:47:18.528190+00:00,LibGen,LibGen.bz,UP,200,714,,
2026-09-30T04:48:18.689128+00:00,LibGen,LibGen.bz,UP,200,646,,
2026-09-30T04:49:18.523422+00:00,LibGen,LibGen.bz,UP,200,745,,
2026-09-30T04:50:19.025700+00:00,LibGen,LibGen.bz,UP,200,690,,
2026-09-30T04:51:19.776049+00:00,LibGen,LibGen.bz,UP,200,733,,
2026-09-30T04:52:19.445772+00:00,LibGen,LibGen.bz,UP,200,666,,
2026-09-30T04:53:20.425479+00:00,LibGen,LibGen.bz,UP,200,1020,,
2026-09-30T04:54:19.968349+00:00,LibGen,LibGen.bz,UP,200,824,,
2026-09-30T04:55:20.006170+00:00,LibGen,LibGen.bz,UP,200,245,,
2026-09-30T04:56:20.896839+00:00,LibGen,LibGen.bz,UP,200,788,,
2026-09-30T04:57:22.011925+00:00,LibGen,LibGen.bz,UP,200,722,,
2026-09-30T04:58:21.120295+00:00,LibGen,LibGen.bz,UP,200,661,,
2026-09-30T04:59:21.926572+00:00,LibGen,LibGen.bz,UP,200,801,,
2026-09-30T05:00:22.239229+00:00,LibGen,LibGen.bz,UP,200,690,,
2026-09-30T05:01:23.918081+00:00,LibGen,LibGen.bz,UP,200,773,,
2026-09-30T05:02:23.081898+00:00,LibGen,LibGen.bz,UP,200,643,,
2026-09-30T05:03:23.770910+00:00,LibGen,LibGen.bz,UP,200,727,,
2026-09-30T05:04:24.590682+00:00,LibGen,LibGen.bz,UP,200,983,,
2026-09-30T05:05:24.347387+00:00,LibGen,LibGen.bz,UP,200,678,,
2026-09-30T05:06:24.953770+00:00,LibGen,LibGen.bz,UP,200,984,,
2026-09-30T05:07:25.389003+00:00,LibGen,LibGen.bz,UP,200,823,,
2026-09-30T05:08:26.811141+00:00,LibGen,LibGen.bz,UP,200,689,,
2026-09-30T05:09:26.245853+00:00,LibGen,LibGen.bz,UP,200,642,,
2026-09-30T05:10:26.389090+00:00,LibGen,LibGen.bz,UP,200,665,,
2026-09-30T05:11:27.360373+00:00,LibGen,LibGen.bz,UP,200,625,,
2026-09-30T05:12:27.228032+00:00,LibGen,LibGen.bz,UP,200,636,,
2026-09-30T05:13:27.044346+00:00,LibGen,LibGen.bz,UP,200,248,,
2026-09-30T05:14:27.923045+00:00,LibGen,LibGen.bz,UP,200,773,,
2026-09-30T05:15:28.478211+00:00,LibGen,LibGen.bz,UP,200,630,,
2026-09-30T05:16:29.008528+00:00,LibGen,LibGen.bz,UP,200,716,,
2026-09-30T05:17:31.835393+00:00,LibGen,LibGen.bz,UP,200,766,,
2026-09-30T05:18:31.187178+00:00,LibGen,LibGen.bz,UP,200,1676,,
2026-09-30T05:19:29.975913+00:00,LibGen,LibGen.bz,UP,200,263,,
2026-09-30T05:20:31.249486+00:00,LibGen,LibGen.bz,UP,200,1019,,
2026-09-30T05:21:31.574314+00:00,LibGen,LibGen.bz,UP,200,688,,
2026-09-30T05:22:32.661527+00:00,LibGen,LibGen.bz,UP,200,1509,,
2026-09-30T05:23:32.216869+00:00,LibGen,LibGen.bz,UP,200,777,,
2026-09-30T05:24:33.635955+00:00,LibGen,LibGen.bz,UP,200,762,,
2026-09-30T05:25:32.811115+00:00,LibGen,LibGen.bz,UP,200,722,,
2026-09-30T05:26:32.796731+00:00,LibGen,LibGen.bz,DOWN,,,connection_refused,
2026-09-30T05:27:33.744777+00:00,LibGen,LibGen.bz,UP,200,732,,
2026-09-30T05:28:53.861591+00:00,LibGen,LibGen.bz,DOWN,,,connection_refused,
2026-09-30T05:29:34.580999+00:00,LibGen,LibGen.bz,UP,200,703,,
2026-09-30T05:30:34.759509+00:00,LibGen,LibGen.bz,UP,200,719,,
2026-09-30T05:31:35.353022+00:00,LibGen,LibGen.bz,UP,200,764,,
2026-09-30T05:32:35.391483+00:00,LibGen,LibGen.bz,UP,200,723,,
2026-09-30T05:33:35.862230+00:00,LibGen,LibGen.bz,UP,200,624,,
2026-09-30T05:34:36.162887+00:00,LibGen,LibGen.bz,UP,200,691,,
2026-09-30T05:35:38.308115+00:00,LibGen,LibGen.bz,UP,200,289,,
2026-09-30T05:36:57.168145+00:00,LibGen,LibGen.bz,DOWN,,,connection_refused,
2026-09-30T05:37:38.228508+00:00,LibGen,LibGen.bz,UP,200,906,,
2026-09-30T05:38:38.307598+00:00,LibGen,LibGen.bz,UP,200,643,,
2026-09-30T05:39:38.039916+00:00,LibGen,LibGen.bz,UP,200,727,,
2026-09-30T05:40:38.319502+00:00,LibGen,LibGen.bz,UP,200,727,,
2026-09-30T05:41:39.665069+00:00,LibGen,LibGen.bz,UP,200,1019,,
2026-09-30T05:42:39.843020+00:00,LibGen,LibGen.bz,UP,200,702,,
2026-09-30T05:43:39.657887+00:00,LibGen,LibGen.bz,UP,200,794,,
2026-09-30T05:44:40.111428+00:00,LibGen,LibGen.bz,UP,200,627,,
2026-09-30T05:45:40.810476+00:00,LibGen,LibGen.bz,UP,200,611,,
2026-09-30T05:46:41.089984+00:00,LibGen,LibGen.bz,UP,200,695,,
2026-09-30T05:47:41.535977+00:00,LibGen,LibGen.bz,UP,200,662,,
2026-09-30T05:49:01.919732+00:00,LibGen,LibGen.bz,DOWN,,,connection_refused,
2026-09-30T05:49:42.124864+00:00,LibGen,LibGen.bz,UP,200,739,,
2026-09-30T05:51:02.852698+00:00,LibGen,LibGen.bz,DOWN,,,connection_refused,
2026-09-30T05:51:43.221080+00:00,LibGen,LibGen.bz,UP,200,741,,
2026-09-30T05:52:43.564090+00:00,LibGen,LibGen.bz,UP,200,259,,
2026-09-30T05:53:45.638015+00:00,LibGen,LibGen.bz,UP,200,2923,,
2026-09-30T05:54:43.867115+00:00,LibGen,LibGen.bz,UP,200,649,,
2026-09-30T05:56:04.600952+00:00,LibGen,LibGen.bz,DOWN,,,connection_refused,
2026-09-30T05:56:44.435537+00:00,LibGen,LibGen.bz,UP,200,685,,
2026-09-30T05:57:45.103302+00:00,LibGen,LibGen.bz,UP,200,702,,
2026-09-30T05:58:44.874505+00:00,LibGen,LibGen.bz,UP,200,242,,
2026-09-30T05:59:47.007782+00:00,LibGen,LibGen.bz,UP,200,1650,,
2026-09-30T06:00:47.728385+00:00,LibGen,LibGen.bz,UP,200,701,,
2026-09-30T06:01:47.696542+00:00,LibGen,LibGen.bz,UP,200,1221,,
2026-09-30T06:02:47.986783+00:00,LibGen,LibGen.bz,UP,200,912,,
2026-09-30T06:03:48.041908+00:00,LibGen,LibGen.bz,UP,200,791,,
2026-09-30T06:04:49.002209+00:00,LibGen,LibGen.bz,UP,200,661,,
2026-09-30T06:05:49.585272+00:00,LibGen,LibGen.bz,UP,200,1033,,
2026-09-30T06:06:53.204389+00:00,LibGen,LibGen.bz,DEGRADED,200,3818,latency_high,
2026-09-30T06:07:50.385360+00:00,LibGen,LibGen.bz,UP,200,872,,
2026-09-30T06:08:53.795817+00:00,LibGen,LibGen.bz,DEGRADED,200,3712,latency_high,
2026-09-30T06:09:51.301896+00:00,LibGen,LibGen.bz,UP,200,728,,
2026-09-30T06:10:51.758275+00:00,LibGen,LibGen.bz,UP,200,733,,
2026-09-30T06:11:55.693172+00:00,LibGen,LibGen.bz,DEGRADED,200,3708,latency_high,
2026-09-30T06:12:53.758257+00:00,LibGen,LibGen.bz,UP,200,955,,
2026-09-30T06:13:53.795979+00:00,LibGen,LibGen.bz,UP,200,587,,
2026-09-30T06:14:56.533840+00:00,LibGen,LibGen.bz,UP,200,681,,
2026-09-30T06:15:54.480996+00:00,LibGen,LibGen.bz,UP,200,680,,
2026-09-30T06:16:54.818806+00:00,LibGen,LibGen.bz,UP,200,655,,
2026-09-30T06:17:58.567839+00:00,LibGen,LibGen.bz,DEGRADED,200,3768,latency_high,
2026-09-30T06:19:18.028615+00:00,LibGen,LibGen.bz,DOWN,,,connection_refused,
2026-09-30T06:19:58.425593+00:00,LibGen,LibGen.bz,UP,200,869,,
2026-09-30T06:21:18.592570+00:00,LibGen,LibGen.bz,DOWN,,,connection_refused,
2026-09-30T06:21:58.769404+00:00,LibGen,LibGen.bz,UP,200,1337,,
2026-09-30T06:22:58.522309+00:00,LibGen,LibGen.bz,UP,200,579,,
2026-09-30T06:23:59.832668+00:00,LibGen,LibGen.bz,UP,200,682,,
2026-09-30T06:25:20.034806+00:00,LibGen,LibGen.bz,DOWN,,,connection_refused,
2026-09-30T06:26:00.955890+00:00,LibGen,LibGen.bz,UP,200,786,,
2026-09-30T06:27:03.200105+00:00,LibGen,LibGen.bz,UP,200,1696,,
2026-09-30T06:28:01.961898+00:00,LibGen,LibGen.bz,UP,200,851,,
2026-09-30T06:29:02.774843+00:00,LibGen,LibGen.bz,UP,200,785,,
2026-09-30T06:30:05.430478+00:00,LibGen,LibGen.bz,UP,200,2090,,
2026-09-30T06:31:04.158140+00:00,LibGen,LibGen.bz,UP,200,842,,
2026-09-30T06:32:04.907551+00:00,LibGen,LibGen.bz,UP,200,966,,
2026-09-30T06:33:04.632768+00:00,LibGen,LibGen.bz,UP,200,856,,
2026-09-30T06:34:25.668509+00:00,LibGen,LibGen.bz,DOWN,,,connection_refused,
2026-09-30T06:35:05.730997+00:00,LibGen,LibGen.bz,UP,200,913,,
2026-09-30T06:36:06.459043+00:00,LibGen,LibGen.bz,UP,200,671,,
2026-09-30T06:37:07.195816+00:00,LibGen,LibGen.bz,UP,200,554,,
2026-09-30T06:37:46.047367+00:00,LibGen,LibGen.bz,UP,200,620,,
2026-09-30T06:38:46.149513+00:00,LibGen,LibGen.bz,UP,200,680,,
2026-09-30T06:39:47.384653+00:00,LibGen,LibGen.bz,UP,200,666,,
2026-09-30T06:40:48.278234+00:00,LibGen,LibGen.bz,UP,200,663,,
2026-09-30T06:41:48.787878+00:00,LibGen,LibGen.bz,UP,200,606,,
2026-09-30T06:42:49.661614+00:00,LibGen,LibGen.bz,UP,200,645,,
2026-09-30T06:43:52.640606+00:00,LibGen,LibGen.bz,UP,200,637,,
2026-09-30T06:44:51.431549+00:00,LibGen,LibGen.bz,UP,200,625,,
2026-09-30T06:45:53.220679+00:00,LibGen,LibGen.bz,UP,200,1235,,
2026-09-30T06:46:53.780073+00:00,LibGen,LibGen.bz,UP,200,664,,
2026-09-30T06:47:53.802744+00:00,LibGen,LibGen.bz,UP,200,594,,
2026-09-30T06:48:54.306233+00:00,LibGen,LibGen.bz,UP,200,627,,
2026-09-30T06:49:55.079609+00:00,LibGen,LibGen.bz,UP,200,593,,
2026-09-30T06:50:56.183215+00:00,LibGen,LibGen.bz,UP,200,992,,
2026-09-30T06:51:55.892565+00:00,LibGen,LibGen.bz,UP,200,750,,
2026-09-30T06:52:56.812823+00:00,LibGen,LibGen.bz,UP,200,692,,
2026-09-30T06:53:59.087780+00:00,LibGen,LibGen.bz,UP,200,664,,
2026-09-30T06:54:59.108340+00:00,LibGen,LibGen.bz,UP,200,266,,
2026-09-30T06:55:58.700306+00:00,LibGen,LibGen.bz,UP,200,651,,
2026-09-30T06:56:58.955444+00:00,LibGen,LibGen.bz,UP,200,656,,
2026-09-30T06:57:59.154123+00:00,LibGen,LibGen.bz,UP,200,649,,
2026-09-30T06:58:59.491910+00:00,LibGen,LibGen.bz,UP,200,687,,
2026-09-30T06:59:59.451250+00:00,LibGen,LibGen.bz,UP,200,265,,
2026-09-30T07:01:00.649361+00:00,LibGen,LibGen.bz,UP,200,802,,
2026-09-30T07:02:01.908605+00:00,LibGen,LibGen.bz,UP,200,696,,
2026-09-30T07:03:01.893299+00:00,LibGen,LibGen.bz,UP,200,684,,
2026-09-30T07:04:02.061713+00:00,LibGen,LibGen.bz,UP,200,765,,
2026-09-30T07:05:03.160951+00:00,LibGen,LibGen.bz,UP,200,881,,
2026-09-30T07:06:03.906211+00:00,LibGen,LibGen.bz,UP,200,643,,
2026-09-30T07:07:04.755843+00:00,LibGen,LibGen.bz,UP,200,654,,
2026-09-30T07:08:07.896124+00:00,LibGen,LibGen.bz,UP,200,689,,
2026-09-30T07:09:06.385547+00:00,LibGen,LibGen.bz,UP,200,611,,
2026-09-30T07:10:11.485883+00:00,LibGen,LibGen.bz,DEGRADED,200,4764,latency_high,
2026-09-30T07:11:07.476200+00:00,LibGen,LibGen.bz,UP,200,656,,
2026-09-30T07:12:07.483513+00:00,LibGen,LibGen.bz,UP,200,652,,
2026-09-30T07:13:07.393781+00:00,LibGen,LibGen.bz,DOWN,,,connection_refused,
2026-09-30T07:14:09.013857+00:00,LibGen,LibGen.bz,UP,200,642,,
2026-09-30T07:15:29.984147+00:00,LibGen,LibGen.bz,DOWN,,,connection_refused,
2026-09-30T07:16:10.878474+00:00,LibGen,LibGen.bz,UP,200,704,,
2026-09-30T07:17:13.979271+00:00,LibGen,LibGen.bz,UP,200,1336,,
2026-09-30T07:18:11.328059+00:00,LibGen,LibGen.bz,UP,200,269,,
2026-09-30T07:19:12.824453+00:00,LibGen,LibGen.bz,UP,200,726,,
2026-09-30T07:20:13.402320+00:00,LibGen,LibGen.bz,UP,200,606,,
2026-09-30T07:21:14.370008+00:00,LibGen,LibGen.bz,UP,200,661,,
2026-09-30T07:22:14.817631+00:00,LibGen,LibGen.bz,UP,200,687,,
2026-09-30T07:23:15.694825+00:00,LibGen,LibGen.bz,UP,200,676,,
2026-09-30T07:24:17.327966+00:00,LibGen,LibGen.bz,UP,200,593,,
2026-09-30T07:25:17.078915+00:00,LibGen,LibGen.bz,UP,200,930,,
2026-09-30T07:26:18.136108+00:00,LibGen,LibGen.bz,UP,200,691,,
2026-09-30T07:27:18.544746+00:00,LibGen,LibGen.bz,UP,200,667,,
2026-09-30T07:28:19.387045+00:00,LibGen,LibGen.bz,UP,200,667,,
2026-09-30T07:29:20.535374+00:00,LibGen,LibGen.bz,UP,200,613,,
2026-09-30T07:30:21.890709+00:00,LibGen,LibGen.bz,UP,200,636,,
2026-09-30T07:31:21.924459+00:00,LibGen,LibGen.bz,UP,200,670,,
2026-09-30T07:32:22.751453+00:00,LibGen,LibGen.bz,UP,200,635,,
2026-09-30T07:33:22.743790+00:00,LibGen,LibGen.bz,UP,200,617,,
2026-09-30T07:34:23.198912+00:00,LibGen,LibGen.bz,UP,200,616,,
2026-09-30T07:35:25.287219+00:00,LibGen,LibGen.bz,UP,200,1647,,
2026-09-30T07:36:24.203834+00:00,LibGen,LibGen.bz,UP,200,617,,
2026-09-30T07:37:45.622190+00:00,LibGen,LibGen.bz,DOWN,,,connection_refused,
2026-09-30T07:38:25.927418+00:00,LibGen,LibGen.bz,UP,200,627,,
2026-09-30T07:39:26.637517+00:00,LibGen,LibGen.bz,UP,200,547,,
2026-09-30T07:40:27.579862+00:00,LibGen,LibGen.bz,UP,200,619,,
2026-09-30T07:41:32.995040+00:00,LibGen,LibGen.bz,UP,200,2809,,
2026-09-30T07:42:29.782593+00:00,LibGen,LibGen.bz,UP,200,993,,
2026-09-30T07:43:30.377795+00:00,LibGen,LibGen.bz,UP,200,713,,
2026-09-30T07:44:31.217906+00:00,LibGen,LibGen.bz,UP,200,646,,
2026-09-30T07:45:31.882225+00:00,LibGen,LibGen.bz,UP,200,657,,
2026-09-30T07:46:31.704439+00:00,LibGen,LibGen.bz,UP,200,795,,
2026-09-30T07:47:32.428962+00:00,LibGen,LibGen.bz,UP,200,599,,
2026-09-30T07:48:33.493502+00:00,LibGen,LibGen.bz,UP,200,670,,
2026-09-30T07:49:34.130170+00:00,LibGen,LibGen.bz,UP,200,625,,
2026-09-30T07:50:34.556107+00:00,LibGen,LibGen.bz,UP,200,646,,
2026-09-30T07:51:35.513454+00:00,LibGen,LibGen.bz,UP,200,678,,
2026-09-30T07:52:37.007975+00:00,LibGen,LibGen.bz,UP,200,1098,,
2026-09-30T07:53:37.363629+00:00,LibGen,LibGen.bz,UP,200,1043,,
2026-09-30T07:54:38.525491+00:00,LibGen,LibGen.bz,UP,200,1748,,
2026-09-30T07:55:39.309063+00:00,LibGen,LibGen.bz,UP,200,930,,
2026-09-30T07:56:39.103173+00:00,LibGen,LibGen.bz,UP,200,668,,
2026-09-30T07:57:39.585740+00:00,LibGen,LibGen.bz,UP,200,674,,
2026-09-30T07:58:40.306124+00:00,LibGen,LibGen.bz,UP,200,893,,
2026-09-30T07:59:41.095515+00:00,LibGen,LibGen.bz,UP,200,594,,
2026-09-30T08:00:41.891467+00:00,LibGen,LibGen.bz,UP,200,847,,
2026-09-30T08:01:42.964705+00:00,LibGen,LibGen.bz,UP,200,655,,
2026-09-30T08:02:43.528877+00:00,LibGen,LibGen.bz,UP,200,698,,
2026-09-30T08:03:44.402365+00:00,LibGen,LibGen.bz,UP,200,705,,
2026-09-30T08:04:45.777450+00:00,LibGen,LibGen.bz,UP,200,709,,
2026-09-30T08:05:46.147359+00:00,LibGen,LibGen.bz,UP,200,616,,
2026-09-30T08:06:46.581829+00:00,LibGen,LibGen.bz,UP,200,621,,
2026-09-30T08:07:48.753534+00:00,LibGen,LibGen.bz,UP,200,718,,
2026-09-30T08:08:47.814951+00:00,LibGen,LibGen.bz,UP,200,276,,
2026-09-30T08:09:48.863846+00:00,LibGen,LibGen.bz,UP,200,673,,
2026-09-30T08:10:49.422815+00:00,LibGen,LibGen.bz,UP,200,726,,
2026-09-30T08:11:50.608519+00:00,LibGen,LibGen.bz,UP,200,664,,
2026-09-30T08:12:51.538821+00:00,LibGen,LibGen.bz,UP,200,686,,
2026-09-30T08:13:51.967450+00:00,LibGen,LibGen.bz,UP,200,651,,
2026-09-30T08:15:13.573992+00:00,LibGen,LibGen.bz,DOWN,,,connection_refused,
2026-09-30T08:15:54.331142+00:00,LibGen,LibGen.bz,UP,200,663,,
2026-09-30T08:16:54.790574+00:00,LibGen,LibGen.bz,UP,200,686,,
2026-09-30T08:17:55.162018+00:00,LibGen,LibGen.bz,UP,200,920,,
2026-09-30T08:18:56.601455+00:00,LibGen,LibGen.bz,UP,200,729,,
2026-09-30T08:19:57.940677+00:00,LibGen,LibGen.bz,UP,200,1678,,
2026-09-30T08:20:58.691573+00:00,LibGen,LibGen.bz,UP,200,819,,
2026-09-30T08:21:57.476752+00:00,LibGen,LibGen.bz,UP,200,258,,
2026-09-30T08:22:58.294432+00:00,LibGen,LibGen.bz,UP,200,627,,
2026-09-30T08:23:59.583917+00:00,LibGen,LibGen.bz,UP,200,604,,
2026-09-30T08:25:00.134085+00:00,LibGen,LibGen.bz,UP,200,646,,
2026-09-30T08:26:00.547898+00:00,LibGen,LibGen.bz,UP,200,751,,
2026-09-30T08:27:01.425853+00:00,LibGen,LibGen.bz,UP,200,712,,
2026-09-30T08:28:02.284222+00:00,LibGen,LibGen.bz,UP,200,720,,
2026-09-30T08:29:03.171936+00:00,LibGen,LibGen.bz,UP,200,1094,,
2026-09-30T08:30:03.624750+00:00,LibGen,LibGen.bz,UP,200,1219,,
2026-09-30T08:31:03.253257+00:00,LibGen,LibGen.bz,UP,200,740,,
2026-09-30T08:32:04.913882+00:00,LibGen,LibGen.bz,UP,200,991,,
2026-09-30T08:33:04.975423+00:00,LibGen,LibGen.bz,UP,200,1155,,
2026-09-30T08:34:06.066130+00:00,LibGen,LibGen.bz,UP,200,787,,
2026-09-30T08:35:06.090129+00:00,LibGen,LibGen.bz,UP,200,780,,
2026-09-30T08:36:06.462451+00:00,LibGen,LibGen.bz,UP,200,658,,
2026-09-30T08:37:07.401623+00:00,LibGen,LibGen.bz,UP,200,733,,
2026-09-30T08:38:08.136057+00:00,LibGen,LibGen.bz,UP,200,592,,
2026-09-30T08:39:09.032451+00:00,LibGen,LibGen.bz,UP,200,583,,
2026-09-30T08:40:10.351432+00:00,LibGen,LibGen.bz,UP,200,641,,
2026-09-30T08:41:10.790867+00:00,LibGen,LibGen.bz,UP,200,587,,
2026-09-30T08:42:12.369561+00:00,LibGen,LibGen.bz,UP,200,1262,,
2026-09-30T08:43:13.014832+00:00,LibGen,LibGen.bz,UP,200,599,,
2026-09-30T08:44:18.116225+00:00,LibGen,LibGen.bz,UP,200,573,,
2026-09-30T08:45:14.417914+00:00,LibGen,LibGen.bz,UP,200,731,,
2026-09-30T08:46:15.193340+00:00,LibGen,LibGen.bz,UP,200,667,,
2026-09-30T08:47:16.093860+00:00,LibGen,LibGen.bz,UP,200,689,,
2026-09-30T08:48:17.330193+00:00,LibGen,LibGen.bz,UP,200,620,,
2026-09-30T08:49:17.831570+00:00,LibGen,LibGen.bz,UP,200,754,,
2026-09-30T08:50:19.829303+00:00,LibGen,LibGen.bz,UP,200,1111,,
2026-09-30T08:51:19.607850+00:00,LibGen,LibGen.bz,UP,200,724,,
2026-09-30T08:52:20.308513+00:00,LibGen,LibGen.bz,UP,200,568,,
2026-09-30T08:53:22.155885+00:00,LibGen,LibGen.bz,UP,200,667,,
2026-09-30T08:54:22.982066+00:00,LibGen,LibGen.bz,UP,200,582,,
2026-09-30T08:55:23.455938+00:00,LibGen,LibGen.bz,UP,200,1077,,
2026-09-30T08:56:24.328562+00:00,LibGen,LibGen.bz,UP,200,1047,,
2026-09-30T08:57:24.823317+00:00,LibGen,LibGen.bz,UP,200,297,,
2026-09-30T08:58:26.042389+00:00,LibGen,LibGen.bz,UP,200,1030,,
2026-09-30T08:59:26.474709+00:00,LibGen,LibGen.bz,UP,200,653,,
2026-09-30T09:00:29.049223+00:00,LibGen,LibGen.bz,UP,200,2333,,
2026-09-30T09:01:27.910365+00:00,LibGen,LibGen.bz,UP,200,1041,,
2026-09-30T09:02:27.369221+00:00,LibGen,LibGen.bz,UP,200,599,,
2026-09-30T09:03:29.039212+00:00,LibGen,LibGen.bz,UP,200,2058,,
2026-09-30T09:04:28.437664+00:00,LibGen,LibGen.bz,UP,200,635,,
2026-09-30T09:05:29.384581+00:00,LibGen,LibGen.bz,UP,200,1019,,
2026-09-30T09:06:30.538442+00:00,LibGen,LibGen.bz,UP,200,1795,,
2026-09-30T09:07:30.611869+00:00,LibGen,LibGen.bz,UP,200,685,,
2026-09-30T09:08:31.656131+00:00,LibGen,LibGen.bz,UP,200,1083,,
2026-09-30T09:09:32.460270+00:00,LibGen,LibGen.bz,UP,200,660,,
2026-09-30T09:10:34.723834+00:00,LibGen,LibGen.bz,UP,200,1596,,
2026-09-30T09:11:33.297081+00:00,LibGen,LibGen.bz,UP,200,583,,
2026-09-30T09:12:33.791918+00:00,LibGen,LibGen.bz,UP,200,675,,
2026-09-30T09:13:34.587954+00:00,LibGen,LibGen.bz,UP,200,590,,
2026-09-30T09:14:35.110505+00:00,LibGen,LibGen.bz,UP,200,695,,
2026-09-30T09:15:36.026508+00:00,LibGen,LibGen.bz,UP,200,664,,
2026-09-30T09:16:36.969994+00:00,LibGen,LibGen.bz,UP,200,661,,
2026-09-30T09:17:38.313599+00:00,LibGen,LibGen.bz,UP,200,638,,
2026-09-30T09:18:38.308405+00:00,LibGen,LibGen.bz,UP,200,612,,
2026-09-30T09:19:41.424793+00:00,LibGen,LibGen.bz,UP,200,1001,,
2026-09-30T09:20:39.885801+00:00,LibGen,LibGen.bz,UP,200,793,,
2026-09-30T09:21:41.002218+00:00,LibGen,LibGen.bz,UP,200,629,,
2026-09-30T09:22:41.442433+00:00,LibGen,LibGen.bz,UP,200,565,,
2026-09-30T09:24:02.146789+00:00,LibGen,LibGen.bz,TIMEOUT,,,timeout,
2026-09-30T09:24:43.220243+00:00,LibGen,LibGen.bz,UP,200,627,,
2026-09-30T09:25:44.554274+00:00,LibGen,LibGen.bz,UP,200,653,,
2026-09-30T09:26:45.123461+00:00,LibGen,LibGen.bz,UP,200,733,,
2026-09-30T09:27:46.050080+00:00,LibGen,LibGen.bz,UP,200,805,,
2026-09-30T09:29:10.751878+00:00,LibGen,LibGen.bz,DOWN,,,connection_refused,
2026-09-30T09:29:46.827591+00:00,LibGen,LibGen.bz,UP,200,687,,
2026-09-30T09:30:48.054181+00:00,LibGen,LibGen.bz,UP,200,938,,
2026-09-30T09:31:49.600465+00:00,LibGen,LibGen.bz,UP,200,2781,,
2026-09-30T09:32:47.364604+00:00,LibGen,LibGen.bz,UP,200,597,,
2026-09-30T09:33:47.901257+00:00,LibGen,LibGen.bz,UP,200,694,,
2026-09-30T09:34:48.497997+00:00,LibGen,LibGen.bz,UP,200,744,,
2026-09-30T09:35:49.483630+00:00,LibGen,LibGen.bz,UP,200,772,,
2026-09-30T09:36:50.296299+00:00,LibGen,LibGen.bz,UP,200,698,,
2026-09-30T09:37:50.114385+00:00,LibGen,LibGen.bz,UP,200,698,,
2026-09-30T09:38:49.910514+00:00,LibGen,LibGen.bz,UP,200,650,,
2026-09-30T09:39:50.428693+00:00,LibGen,LibGen.bz,UP,200,683,,
2026-09-30T09:40:52.077669+00:00,LibGen,LibGen.bz,UP,200,1027,,
2026-09-30T09:41:53.076659+00:00,LibGen,LibGen.bz,UP,200,711,,
2026-09-30T09:42:53.362523+00:00,LibGen,LibGen.bz,UP,200,722,,
2026-09-30T09:43:52.574007+00:00,LibGen,LibGen.bz,UP,200,542,,
2026-09-30T09:44:53.986200+00:00,LibGen,LibGen.bz,UP,200,718,,
2026-09-30T09:45:54.751901+00:00,LibGen,LibGen.bz,UP,200,861,,
2026-09-30T09:46:55.571512+00:00,LibGen,LibGen.bz,UP,200,696,,
2026-09-30T09:47:56.959607+00:00,LibGen,LibGen.bz,UP,200,742,,
2026-09-30T09:48:59.704114+00:00,LibGen,LibGen.bz,UP,200,659,,
2026-09-30T09:49:58.632938+00:00,LibGen,LibGen.bz,UP,200,611,,
2026-09-30T09:50:58.337876+00:00,LibGen,LibGen.bz,UP,200,629,,
2026-09-30T09:51:58.946670+00:00,LibGen,LibGen.bz,UP,200,685,,
2026-09-30T09:52:59.073591+00:00,LibGen,LibGen.bz,UP,200,689,,
2026-09-30T09:53:58.718532+00:00,LibGen,LibGen.bz,UP,200,266,,
2026-09-30T09:54:59.171958+00:00,LibGen,LibGen.bz,UP,200,669,,
2026-09-30T09:55:59.916931+00:00,LibGen,LibGen.bz,UP,200,597,,
2026-09-30T09:57:04.135231+00:00,LibGen,LibGen.bz,DEGRADED,200,4209,latency_high,
2026-09-30T09:58:00.157045+00:00,LibGen,LibGen.bz,UP,200,715,,
2026-09-30T09:59:01.430230+00:00,LibGen,LibGen.bz,UP,200,267,,
2026-09-30T10:00:01.504338+00:00,LibGen,LibGen.bz,UP,200,1107,,
2026-09-30T10:01:03.113832+00:00,LibGen,LibGen.bz,UP,200,2294,,
2026-09-30T10:02:10.682769+00:00,LibGen,LibGen.bz,DEGRADED,200,9735,latency_high,
2026-09-30T10:03:02.054088+00:00,LibGen,LibGen.bz,UP,200,1152,,
2026-09-30T10:04:01.717338+00:00,LibGen,LibGen.bz,UP,200,770,,
2026-09-30T10:05:03.191750+00:00,LibGen,LibGen.bz,UP,200,1241,,
2026-09-30T10:06:02.850686+00:00,LibGen,LibGen.bz,UP,200,801,,
2026-09-30T10:07:03.731014+00:00,LibGen,LibGen.bz,UP,200,716,,
2026-09-30T10:08:04.488951+00:00,LibGen,LibGen.bz,UP,200,616,,
2026-09-30T10:09:05.312928+00:00,LibGen,LibGen.bz,UP,200,865,,
2026-09-30T10:10:03.825645+00:00,LibGen,LibGen.bz,UP,200,269,,
2026-09-30T10:11:05.113493+00:00,LibGen,LibGen.bz,UP,200,672,,
2026-09-30T10:12:25.251103+00:00,LibGen,LibGen.bz,DOWN,,,connection_refused,
2026-09-30T10:13:04.926015+00:00,LibGen,LibGen.bz,UP,200,700,,
2026-09-30T10:14:06.869201+00:00,LibGen,LibGen.bz,UP,200,715,,
2026-09-30T10:15:07.691919+00:00,LibGen,LibGen.bz,UP,200,1108,,
2026-09-30T10:16:08.520820+00:00,LibGen,LibGen.bz,UP,200,1601,,
2026-09-30T10:17:08.469414+00:00,LibGen,LibGen.bz,UP,200,769,,
2026-09-30T10:18:07.651559+00:00,LibGen,LibGen.bz,UP,200,648,,
2026-09-30T10:19:29.678390+00:00,LibGen,LibGen.bz,DOWN,,,connection_refused,
2026-09-30T10:20:09.717126+00:00,LibGen,LibGen.bz,UP,200,750,,
2026-09-30T10:21:09.757038+00:00,LibGen,LibGen.bz,UP,200,672,,
2026-09-30T10:22:11.592849+00:00,LibGen,LibGen.bz,UP,200,1057,,
2026-09-30T10:23:14.819666+00:00,LibGen,LibGen.bz,UP,200,1665,,
2026-09-30T10:24:11.538313+00:00,LibGen,LibGen.bz,UP,200,752,,
2026-09-30T10:25:13.299772+00:00,LibGen,LibGen.bz,UP,200,735,,
2026-09-30T10:26:11.795133+00:00,LibGen,LibGen.bz,UP,200,251,,
2026-09-30T10:27:13.427469+00:00,LibGen,LibGen.bz,UP,200,743,,
2026-09-30T10:28:33.219014+00:00,LibGen,LibGen.bz,DOWN,,,connection_refused,
2026-09-30T10:29:16.138934+00:00,LibGen,LibGen.bz,UP,200,2823,,
2026-09-30T10:30:15.279486+00:00,LibGen,LibGen.bz,UP,200,1690,,
2026-09-30T10:31:15.086585+00:00,LibGen,LibGen.bz,UP,200,1598,,
2026-09-30T10:32:35.147088+00:00,LibGen,LibGen.bz,DOWN,,,connection_refused,
2026-09-30T10:33:14.212502+00:00,LibGen,LibGen.bz,UP,200,759,,
2026-09-30T10:34:15.254012+00:00,LibGen,LibGen.bz,UP,200,833,,
2026-09-30T10:35:37.538312+00:00,LibGen,LibGen.bz,DOWN,,,connection_refused,
2026-09-30T10:36:16.399023+00:00,LibGen,LibGen.bz,UP,200,665,,
2026-09-30T10:37:16.428488+00:00,LibGen,LibGen.bz,UP,200,671,,
2026-09-30T10:38:16.949751+00:00,LibGen,LibGen.bz,UP,200,649,,
2026-09-30T10:39:16.984633+00:00,LibGen,LibGen.bz,UP,200,680,,
2026-09-30T10:40:16.979500+00:00,LibGen,LibGen.bz,UP,200,638,,
2026-09-30T10:41:19.745504+00:00,LibGen,LibGen.bz,UP,200,679,,
2026-09-30T10:42:18.426984+00:00,LibGen,LibGen.bz,UP,200,663,,
2026-09-30T10:43:19.673088+00:00,LibGen,LibGen.bz,UP,200,649,,
2026-09-30T10:44:18.593344+00:00,LibGen,LibGen.bz,UP,200,692,,
2026-09-30T10:45:19.707482+00:00,LibGen,LibGen.bz,UP,200,913,,
2026-09-30T10:46:20.863599+00:00,LibGen,LibGen.bz,UP,200,702,,
2026-09-30T10:47:26.346241+00:00,LibGen,LibGen.bz,UP,200,777,,
2026-09-30T10:48:22.022882+00:00,LibGen,LibGen.bz,UP,200,691,,
2026-09-30T10:49:52.052169+00:00,LibGen,LibGen.bz,DOWN,,,connection_refused,
2026-09-30T10:50:23.628017+00:00,LibGen,LibGen.bz,UP,200,789,,
2026-09-30T10:51:24.611898+00:00,LibGen,LibGen.bz,UP,200,699,,
2026-09-30T10:52:24.077403+00:00,LibGen,LibGen.bz,UP,200,261,,
2026-09-30T10:53:25.535121+00:00,LibGen,LibGen.bz,UP,200,750,,
2026-09-30T10:54:30.205522+00:00,LibGen,LibGen.bz,DEGRADED,200,4764,latency_high,
2026-09-30T10:55:47.353996+00:00,LibGen,LibGen.bz,DOWN,,,connection_refused,
2026-09-30T10:56:28.864981+00:00,LibGen,LibGen.bz,UP,200,1921,,
2026-09-30T10:57:29.184817+00:00,LibGen,LibGen.bz,UP,200,1741,,
2026-09-30T10:58:28.218868+00:00,LibGen,LibGen.bz,UP,200,665,,
2026-09-30T10:59:28.982592+00:00,LibGen,LibGen.bz,UP,200,748,,
2026-09-30T11:00:29.269776+00:00,LibGen,LibGen.bz,UP,200,743,,
2026-09-30T11:01:30.173935+00:00,LibGen,LibGen.bz,UP,200,707,,
2026-09-30T11:02:29.992553+00:00,LibGen,LibGen.bz,UP,200,739,,
2026-09-30T11:03:30.613464+00:00,LibGen,LibGen.bz,UP,200,775,,
2026-09-30T11:04:31.355508+00:00,LibGen,LibGen.bz,UP,200,859,,
2026-09-30T11:05:31.717957+00:00,LibGen,LibGen.bz,UP,200,1112,,
2026-09-30T11:06:31.866721+00:00,LibGen,LibGen.bz,UP,200,736,,
2026-09-30T11:07:32.296538+00:00,LibGen,LibGen.bz,UP,200,690,,
2026-09-30T11:08:33.106334+00:00,LibGen,LibGen.bz,UP,200,1036,,
2026-09-30T11:09:32.725154+00:00,LibGen,LibGen.bz,UP,200,746,,
2026-09-30T11:10:33.168595+00:00,LibGen,LibGen.bz,UP,200,652,,
2026-09-30T11:11:34.514919+00:00,LibGen,LibGen.bz,UP,200,699,,
2026-09-30T11:12:33.775418+00:00,LibGen,LibGen.bz,UP,200,683,,
2026-09-30T11:13:34.917191+00:00,LibGen,LibGen.bz,UP,200,647,,
2026-09-30T11:14:34.499637+00:00,LibGen,LibGen.bz,UP,200,834,,
2026-09-30T11:15:35.557902+00:00,LibGen,LibGen.bz,UP,200,302,,
2026-09-30T11:16:38.842708+00:00,LibGen,LibGen.bz,UP,200,2280,,
2026-09-30T11:17:35.075968+00:00,LibGen,LibGen.bz,UP,200,775,,
2026-09-30T11:18:35.556897+00:00,LibGen,LibGen.bz,UP,200,681,,
2026-09-30T11:19:35.720088+00:00,LibGen,LibGen.bz,UP,200,671,,
2026-09-30T11:20:36.482531+00:00,LibGen,LibGen.bz,UP,200,703,,
2026-09-30T11:21:36.949530+00:00,LibGen,LibGen.bz,UP,200,1238,,
2026-09-30T11:22:36.808807+00:00,LibGen,LibGen.bz,UP,200,732,,
2026-09-30T11:23:37.714040+00:00,LibGen,LibGen.bz,UP,200,1247,,
2026-09-30T11:24:36.846363+00:00,LibGen,LibGen.bz,UP,200,602,,
2026-09-30T11:25:37.344898+00:00,LibGen,LibGen.bz,UP,200,672,,
2026-09-30T11:26:57.297258+00:00,LibGen,LibGen.bz,DOWN,,,connection_refused,
2026-09-30T11:27:36.928229+00:00,LibGen,LibGen.bz,UP,200,642,,
2026-09-30T11:28:38.235492+00:00,LibGen,LibGen.bz,UP,200,724,,
2026-09-30T11:29:57.901576+00:00,LibGen,LibGen.bz,DOWN,,,connection_refused,
2026-09-30T11:30:38.174524+00:00,LibGen,LibGen.bz,UP,200,813,,
2026-09-30T11:31:40.152467+00:00,LibGen,LibGen.bz,UP,200,1860,,
2026-09-30T11:32:39.718108+00:00,LibGen,LibGen.bz,UP,200,669,,
2026-09-30T11:33:39.818537+00:00,LibGen,LibGen.bz,UP,200,668,,
2026-09-30T11:34:39.356758+00:00,LibGen,LibGen.bz,UP,200,656,,
2026-09-30T11:35:39.518605+00:00,LibGen,LibGen.bz,UP,200,718,,
2026-09-30T11:36:41.448538+00:00,LibGen,LibGen.bz,UP,200,718,,
2026-09-30T11:37:41.587223+00:00,LibGen,LibGen.bz,UP,200,270,,
2026-09-30T11:38:42.264397+00:00,LibGen,LibGen.bz,UP,200,677,,
2026-09-30T11:39:42.204889+00:00,LibGen,LibGen.bz,UP,200,713,,
2026-09-30T11:40:43.048541+00:00,LibGen,LibGen.bz,UP,200,1020,,
2026-09-30T11:41:43.627575+00:00,LibGen,LibGen.bz,UP,200,677,,
2026-09-30T11:42:43.598959+00:00,LibGen,LibGen.bz,UP,200,895,,
2026-09-30T11:43:44.002233+00:00,LibGen,LibGen.bz,UP,200,714,,
2026-09-30T11:44:44.060795+00:00,LibGen,LibGen.bz,UP,200,663,,
2026-09-30T11:45:44.248954+00:00,LibGen,LibGen.bz,UP,200,1131,,
2026-09-30T11:46:45.012648+00:00,LibGen,LibGen.bz,UP,200,852,,
2026-09-30T11:47:44.903065+00:00,LibGen,LibGen.bz,UP,200,778,,
2026-09-30T11:48:44.249983+00:00,LibGen,LibGen.bz,UP,200,608,,
2026-09-30T11:49:44.823174+00:00,LibGen,LibGen.bz,UP,200,624,,
2026-09-30T11:50:44.568590+00:00,LibGen,LibGen.bz,UP,200,282,,
2026-09-30T11:51:45.172448+00:00,LibGen,LibGen.bz,UP,200,753,,
2026-09-30T11:52:46.037009+00:00,LibGen,LibGen.bz,UP,200,766,,
2026-09-30T11:53:45.763771+00:00,LibGen,LibGen.bz,UP,200,749,,
2026-09-30T11:54:45.448993+00:00,LibGen,LibGen.bz,UP,200,544,,
2026-09-30T11:55:45.550432+00:00,LibGen,LibGen.bz,UP,200,673,,
2026-09-30T11:57:05.970316+00:00,LibGen,LibGen.bz,DOWN,,,connection_refused,
2026-09-30T11:57:46.660682+00:00,LibGen,LibGen.bz,UP,200,769,,
2026-09-30T11:58:46.005937+00:00,LibGen,LibGen.bz,UP,200,710,,
2026-09-30T11:59:46.116268+00:00,LibGen,LibGen.bz,UP,200,740,,
2026-09-30T12:00:47.021050+00:00,LibGen,LibGen.bz,UP,200,748,,
2026-09-30T12:01:47.038055+00:00,LibGen,LibGen.bz,UP,200,719,,
2026-09-30T12:02:48.037295+00:00,LibGen,LibGen.bz,UP,200,748,,
2026-09-30T12:03:48.881953+00:00,LibGen,LibGen.bz,UP,200,625,,
2026-09-30T12:04:49.114229+00:00,LibGen,LibGen.bz,UP,200,785,,
2026-09-30T12:05:50.139227+00:00,LibGen,LibGen.bz,UP,200,812,,
2026-09-30T12:06:51.040391+00:00,LibGen,LibGen.bz,UP,200,1238,,
2026-09-30T12:07:51.808387+00:00,LibGen,LibGen.bz,UP,200,639,,
2026-09-30T12:08:51.071159+00:00,LibGen,LibGen.bz,UP,200,697,,
2026-09-30T12:09:50.978693+00:00,LibGen,LibGen.bz,UP,200,661,,
2026-09-30T12:10:51.957934+00:00,LibGen,LibGen.bz,UP,200,710,,
2026-09-30T12:11:51.648357+00:00,LibGen,LibGen.bz,UP,200,930,,
2026-09-30T12:12:52.397608+00:00,LibGen,LibGen.bz,UP,200,295,,
2026-09-30T12:13:51.956439+00:00,LibGen,LibGen.bz,UP,200,778,,
2026-09-30T12:14:52.637177+00:00,LibGen,LibGen.bz,UP,200,1093,,
2026-09-30T12:15:52.358152+00:00,LibGen,LibGen.bz,UP,200,947,,
2026-09-30T12:16:53.916478+00:00,LibGen,LibGen.bz,UP,200,902,,
2026-09-30T12:17:53.014736+00:00,LibGen,LibGen.bz,UP,200,789,,
2026-09-30T12:18:53.565649+00:00,LibGen,LibGen.bz,UP,200,745,,
2026-09-30T12:19:52.785744+00:00,LibGen,LibGen.bz,UP,200,734,,
2026-09-30T12:20:53.459734+00:00,LibGen,LibGen.bz,UP,200,733,,
2026-09-30T12:21:53.840120+00:00,LibGen,LibGen.bz,UP,200,803,,
2026-09-30T12:22:53.444481+00:00,LibGen,LibGen.bz,UP,200,747,,
2026-09-30T12:23:53.769384+00:00,LibGen,LibGen.bz,UP,200,641,,
2026-09-30T12:24:53.831494+00:00,LibGen,LibGen.bz,UP,200,672,,
2026-09-30T12:25:54.637344+00:00,LibGen,LibGen.bz,UP,200,704,,
2026-09-30T12:26:55.334492+00:00,LibGen,LibGen.bz,UP,200,1101,,
2026-09-30T12:27:55.701626+00:00,LibGen,LibGen.bz,UP,200,239,,
2026-09-30T12:28:55.259889+00:00,LibGen,LibGen.bz,UP,200,764,,
2026-09-30T12:29:55.345305+00:00,LibGen,LibGen.bz,UP,200,793,,
2026-09-30T12:30:55.167658+00:00,LibGen,LibGen.bz,UP,200,281,,
2026-09-30T12:31:56.263074+00:00,LibGen,LibGen.bz,UP,200,816,,
2026-09-30T12:32:56.314792+00:00,LibGen,LibGen.bz,UP,200,285,,
2026-09-30T12:33:57.490218+00:00,LibGen,LibGen.bz,UP,200,965,,
2026-09-30T12:34:56.943234+00:00,LibGen,LibGen.bz,UP,200,725,,
2026-09-30T12:35:59.212673+00:00,LibGen,LibGen.bz,UP,200,2906,,
2026-09-30T12:36:56.992728+00:00,LibGen,LibGen.bz,UP,200,721,,
2026-09-30T12:37:57.145584+00:00,LibGen,LibGen.bz,UP,200,853,,
2026-09-30T12:38:56.940423+00:00,LibGen,LibGen.bz,UP,200,634,,
2026-09-30T12:39:57.344524+00:00,LibGen,LibGen.bz,UP,200,959,,
2026-09-30T12:40:57.631598+00:00,LibGen,LibGen.bz,UP,200,774,,
2026-09-30T12:41:57.596576+00:00,LibGen,LibGen.bz,UP,200,751,,
2026-09-30T12:42:57.602681+00:00,LibGen,LibGen.bz,UP,200,706,,
2026-09-30T12:43:57.523037+00:00,LibGen,LibGen.bz,UP,200,713,,
2026-09-30T12:44:57.493853+00:00,LibGen,LibGen.bz,UP,200,664,,
2026-09-30T12:45:57.939206+00:00,LibGen,LibGen.bz,UP,200,894,,
2026-09-30T12:47:01.010352+00:00,LibGen,LibGen.bz,DEGRADED,200,3335,latency_high,
2026-09-30T12:47:58.797242+00:00,LibGen,LibGen.bz,UP,200,783,,
2026-09-30T12:48:59.805681+00:00,LibGen,LibGen.bz,UP,200,861,,
2026-09-30T12:49:59.426197+00:00,LibGen,LibGen.bz,UP,200,671,,
2026-09-30T12:51:00.172671+00:00,LibGen,LibGen.bz,UP,200,676,,
2026-09-30T12:52:00.592600+00:00,LibGen,LibGen.bz,UP,200,628,,
2026-09-30T12:53:00.661248+00:00,LibGen,LibGen.bz,UP,200,791,,
2026-09-30T12:54:00.563396+00:00,LibGen,LibGen.bz,UP,200,650,,
2026-09-30T12:55:00.529858+00:00,LibGen,LibGen.bz,UP,200,813,,
2026-09-30T12:56:00.668545+00:00,LibGen,LibGen.bz,UP,200,877,,
2026-09-30T12:57:02.939741+00:00,LibGen,LibGen.bz,UP,200,818,,
2026-09-30T12:58:01.508487+00:00,LibGen,LibGen.bz,UP,200,827,,
2026-09-30T12:59:05.206931+00:00,LibGen,LibGen.bz,UP,200,349,,
2026-09-30T13:00:01.469819+00:00,LibGen,LibGen.bz,UP,200,1259,,
2026-09-30T13:01:01.395716+00:00,LibGen,LibGen.bz,UP,200,803,,
2026-09-30T13:02:01.954789+00:00,LibGen,LibGen.bz,UP,200,768,,
2026-09-30T13:03:02.652882+00:00,LibGen,LibGen.bz,UP,200,881,,
2026-09-30T13:04:02.958585+00:00,LibGen,LibGen.bz,UP,200,802,,
2026-09-30T13:05:04.005532+00:00,LibGen,LibGen.bz,UP,200,1034,,
2026-09-30T13:06:04.946132+00:00,LibGen,LibGen.bz,UP,200,1026,,
2026-09-30T13:07:03.840949+00:00,LibGen,LibGen.bz,UP,200,702,,
2026-09-30T13:08:03.847183+00:00,LibGen,LibGen.bz,UP,200,649,,
2026-09-30T13:09:04.336084+00:00,LibGen,LibGen.bz,UP,200,1054,,
2026-09-30T13:10:04.751851+00:00,LibGen,LibGen.bz,UP,200,996,,
2026-09-30T13:11:04.806098+00:00,LibGen,LibGen.bz,UP,200,746,,
2026-09-30T13:12:06.212555+00:00,LibGen,LibGen.bz,UP,200,808,,
2026-09-30T13:13:05.789971+00:00,LibGen,LibGen.bz,UP,200,734,,
2026-09-30T13:14:05.466449+00:00,LibGen,LibGen.bz,UP,200,707,,
2026-09-30T13:15:26.116096+00:00,LibGen,LibGen.bz,DOWN,,,connection_refused,
2026-09-30T13:16:06.754959+00:00,LibGen,LibGen.bz,UP,200,1667,,
2026-09-30T13:17:06.269774+00:00,LibGen,LibGen.bz,UP,200,1027,,
2026-09-30T13:18:06.158753+00:00,LibGen,LibGen.bz,UP,200,695,,
2026-09-30T13:19:06.027169+00:00,LibGen,LibGen.bz,UP,200,676,,
2026-09-30T13:20:06.333175+00:00,LibGen,LibGen.bz,UP,200,840,,
2026-09-30T13:21:06.652690+00:00,LibGen,LibGen.bz,UP,200,651,,
2026-09-30T13:22:06.852518+00:00,LibGen,LibGen.bz,UP,200,738,,
2026-09-30T13:23:06.976766+00:00,LibGen,LibGen.bz,UP,200,549,,
2026-09-30T13:24:07.353128+00:00,LibGen,LibGen.bz,UP,200,843,,
2026-09-30T13:25:07.620123+00:00,LibGen,LibGen.bz,UP,200,705,,
2026-09-30T13:26:07.640577+00:00,LibGen,LibGen.bz,UP,200,685,,
2026-09-30T13:27:08.221818+00:00,LibGen,LibGen.bz,UP,200,1312,,
2026-09-30T13:28:08.464213+00:00,LibGen,LibGen.bz,UP,200,887,,
2026-09-30T13:29:09.351593+00:00,LibGen,LibGen.bz,UP,200,790,,
2026-09-30T13:30:10.139832+00:00,LibGen,LibGen.bz,UP,200,811,,
2026-09-30T13:31:11.443896+00:00,LibGen,LibGen.bz,UP,200,708,,
2026-09-30T13:32:10.344961+00:00,LibGen,LibGen.bz,UP,200,789,,
2026-09-30T13:33:10.129677+00:00,LibGen,LibGen.bz,UP,200,269,,
2026-09-30T13:34:11.370058+00:00,LibGen,LibGen.bz,UP,200,869,,
2026-09-30T13:35:11.991910+00:00,LibGen,LibGen.bz,UP,200,1118,,
2026-09-30T13:36:11.857533+00:00,LibGen,LibGen.bz,UP,200,849,,
2026-09-30T13:37:12.450510+00:00,LibGen,LibGen.bz,UP,200,1016,,
2026-09-30T13:38:12.326580+00:00,LibGen,LibGen.bz,UP,200,596,,
2026-09-30T13:39:12.434626+00:00,LibGen,LibGen.bz,UP,200,730,,
2026-09-30T13:40:12.460225+00:00,LibGen,LibGen.bz,UP,200,634,,
2026-09-30T13:41:14.147720+00:00,LibGen,LibGen.bz,UP,200,730,,
2026-09-30T13:42:13.252928+00:00,LibGen,LibGen.bz,UP,200,718,,
2026-09-30T13:43:13.397200+00:00,LibGen,LibGen.bz,UP,200,719,,
2026-09-30T13:44:13.640990+00:00,LibGen,LibGen.bz,UP,200,940,,
2026-09-30T13:45:14.047764+00:00,LibGen,LibGen.bz,UP,200,849,,
2026-09-30T13:46:13.889650+00:00,LibGen,LibGen.bz,UP,200,262,,
2026-09-30T13:47:15.364073+00:00,LibGen,LibGen.bz,UP,200,996,,
2026-09-30T13:48:14.707542+00:00,LibGen,LibGen.bz,UP,200,238,,
2026-09-30T13:49:16.460654+00:00,LibGen,LibGen.bz,UP,200,901,,
2026-09-30T13:50:15.354646+00:00,LibGen,LibGen.bz,UP,200,741,,
2026-09-30T13:51:15.926415+00:00,LibGen,LibGen.bz,UP,200,743,,
2026-09-30T13:52:16.051685+00:00,LibGen,LibGen.bz,UP,200,626,,
2026-09-30T13:53:17.978682+00:00,LibGen,LibGen.bz,UP,200,620,,
2026-09-30T13:54:17.109365+00:00,LibGen,LibGen.bz,UP,200,272,,
2026-09-30T13:55:17.751854+00:00,LibGen,LibGen.bz,UP,200,745,,
2026-09-30T13:56:17.935526+00:00,LibGen,LibGen.bz,UP,200,708,,
2026-09-30T13:57:18.393602+00:00,LibGen,LibGen.bz,UP,200,700,,
2026-09-30T13:58:18.945266+00:00,LibGen,LibGen.bz,UP,200,679,,
2026-09-30T13:59:18.997619+00:00,LibGen,LibGen.bz,UP,200,689,,
2026-09-30T14:00:19.127221+00:00,LibGen,LibGen.bz,UP,200,861,,
2026-09-30T14:01:19.238727+00:00,LibGen,LibGen.bz,UP,200,747,,
2026-09-30T14:02:19.366973+00:00,LibGen,LibGen.bz,UP,200,742,,
2026-09-30T14:03:43.617741+00:00,LibGen,LibGen.bz,DOWN,,,connection_refused,
2026-09-30T14:04:19.970952+00:00,LibGen,LibGen.bz,UP,200,683,,
2026-09-30T14:05:20.909628+00:00,LibGen,LibGen.bz,UP,200,1750,,
2026-09-30T14:06:20.275340+00:00,LibGen,LibGen.bz,UP,200,729,,
2026-09-30T14:07:20.836579+00:00,LibGen,LibGen.bz,UP,200,739,,
2026-09-30T14:08:21.187772+00:00,LibGen,LibGen.bz,UP,200,700,,
2026-09-30T14:09:22.205231+00:00,LibGen,LibGen.bz,UP,200,755,,
2026-09-30T14:10:22.765054+00:00,LibGen,LibGen.bz,UP,200,721,,
2026-09-30T14:11:23.549479+00:00,LibGen,LibGen.bz,UP,200,730,,
2026-09-30T14:12:23.941584+00:00,LibGen,LibGen.bz,UP,200,741,,
2026-09-30T14:13:27.209847+00:00,LibGen,LibGen.bz,UP,200,1033,,
2026-09-30T14:14:46.899415+00:00,LibGen,LibGen.bz,DOWN,,,connection_refused,
2026-09-30T14:15:27.466529+00:00,LibGen,LibGen.bz,UP,200,709,,
2026-09-30T14:16:25.703703+00:00,LibGen,LibGen.bz,UP,200,781,,
2026-09-30T14:17:25.928033+00:00,LibGen,LibGen.bz,UP,200,832,,
2026-09-30T14:18:26.504940+00:00,LibGen,LibGen.bz,UP,200,758,,
2026-09-30T14:19:26.255906+00:00,LibGen,LibGen.bz,UP,200,685,,
2026-09-30T14:20:27.819556+00:00,LibGen,LibGen.bz,UP,200,802,,
2026-09-30T14:21:27.221465+00:00,LibGen,LibGen.bz,UP,200,806,,
2026-09-30T14:22:27.658567+00:00,LibGen,LibGen.bz,UP,200,1041,,
2026-09-30T14:23:27.863687+00:00,LibGen,LibGen.bz,UP,200,684,,
2026-09-30T14:24:27.833862+00:00,LibGen,LibGen.bz,UP,200,645,,
2026-09-30T14:25:28.550313+00:00,LibGen,LibGen.bz,UP,200,710,,
2026-09-30T14:26:29.373339+00:00,LibGen,LibGen.bz,UP,200,649,,
2026-09-30T14:27:28.561994+00:00,LibGen,LibGen.bz,UP,200,655,,
2026-09-30T14:28:29.659134+00:00,LibGen,LibGen.bz,UP,200,753,,
2026-09-30T14:29:29.502783+00:00,LibGen,LibGen.bz,UP,200,643,,
2026-09-30T14:30:30.030499+00:00,LibGen,LibGen.bz,UP,200,862,,
2026-09-30T14:31:30.513519+00:00,LibGen,LibGen.bz,UP,200,816,,
2026-09-30T14:32:31.210251+00:00,LibGen,LibGen.bz,UP,200,1017,,
2026-09-30T14:33:31.477419+00:00,LibGen,LibGen.bz,UP,200,689,,
2026-09-30T14:34:31.850253+00:00,LibGen,LibGen.bz,UP,200,839,,
2026-09-30T14:35:32.271619+00:00,LibGen,LibGen.bz,UP,200,681,,
2026-09-30T14:36:32.561780+00:00,LibGen,LibGen.bz,UP,200,722,,
2026-09-30T14:37:33.179908+00:00,LibGen,LibGen.bz,UP,200,710,,
2026-09-30T14:38:32.928383+00:00,LibGen,LibGen.bz,UP,200,705,,
2026-09-30T14:39:33.276179+00:00,LibGen,LibGen.bz,UP,200,655,,
2026-09-30T14:40:33.891965+00:00,LibGen,LibGen.bz,UP,200,701,,
2026-09-30T14:41:34.354489+00:00,LibGen,LibGen.bz,UP,200,786,,
2026-09-30T14:42:35.129676+00:00,LibGen,LibGen.bz,UP,200,840,,
2026-09-30T14:43:34.754579+00:00,LibGen,LibGen.bz,UP,200,775,,
2026-09-30T14:44:35.148663+00:00,LibGen,LibGen.bz,UP,200,711,,
2026-09-30T14:45:36.500468+00:00,LibGen,LibGen.bz,UP,200,926,,
2026-09-30T14:46:36.959213+00:00,LibGen,LibGen.bz,UP,200,769,,
2026-09-30T14:47:37.380350+00:00,LibGen,LibGen.bz,UP,200,1898,,
2026-09-30T14:48:36.824156+00:00,LibGen,LibGen.bz,UP,200,721,,
2026-09-30T14:49:38.311801+00:00,LibGen,LibGen.bz,UP,200,304,,
2026-09-30T14:50:36.867852+00:00,LibGen,LibGen.bz,UP,200,885,,
2026-09-30T14:51:37.238496+00:00,LibGen,LibGen.bz,UP,200,689,,
2026-09-30T14:52:37.219213+00:00,LibGen,LibGen.bz,UP,200,581,,
2026-09-30T14:53:37.918423+00:00,LibGen,LibGen.bz,UP,200,649,,
2026-09-30T14:54:41.090732+00:00,LibGen,LibGen.bz,DEGRADED,200,3638,latency_high,
2026-09-30T14:55:38.265201+00:00,LibGen,LibGen.bz,UP,200,736,,
2026-09-30T14:56:38.434028+00:00,LibGen,LibGen.bz,UP,200,796,,
2026-09-30T14:57:39.007644+00:00,LibGen,LibGen.bz,UP,200,719,,
2026-09-30T14:58:39.731942+00:00,LibGen,LibGen.bz,UP,200,1057,,
2026-09-30T14:59:38.988619+00:00,LibGen,LibGen.bz,UP,200,668,,
2026-09-30T15:00:39.631553+00:00,LibGen,LibGen.bz,UP,200,815,,
2026-09-30T15:01:40.435259+00:00,LibGen,LibGen.bz,UP,200,776,,
2026-09-30T15:02:40.201528+00:00,LibGen,LibGen.bz,UP,200,744,,
2026-09-30T15:03:40.169006+00:00,LibGen,LibGen.bz,UP,200,652,,
2026-09-30T15:04:40.308650+00:00,LibGen,LibGen.bz,UP,200,720,,
2026-09-30T15:05:40.995012+00:00,LibGen,LibGen.bz,UP,200,789,,
2026-09-30T15:06:41.872151+00:00,LibGen,LibGen.bz,UP,200,1034,,
2026-09-30T15:07:41.623733+00:00,LibGen,LibGen.bz,UP,200,723,,
2026-09-30T15:08:41.665674+00:00,LibGen,LibGen.bz,UP,200,650,,
2026-09-30T15:09:42.775553+00:00,LibGen,LibGen.bz,UP,200,692,,
2026-09-30T15:10:42.975386+00:00,LibGen,LibGen.bz,UP,200,699,,
2026-09-30T15:11:43.148536+00:00,LibGen,LibGen.bz,UP,200,689,,
2026-09-30T15:12:43.566342+00:00,LibGen,LibGen.bz,UP,200,655,,
2026-09-30T15:13:43.521268+00:00,LibGen,LibGen.bz,UP,200,678,,
2026-09-30T15:14:43.651989+00:00,LibGen,LibGen.bz,UP,200,771,,
2026-09-30T15:15:43.816112+00:00,LibGen,LibGen.bz,UP,200,770,,
2026-09-30T15:16:44.350964+00:00,LibGen,LibGen.bz,UP,200,748,,
2026-09-30T15:17:45.101511+00:00,LibGen,LibGen.bz,UP,200,689,,
2026-09-30T15:18:46.407235+00:00,LibGen,LibGen.bz,UP,200,758,,
2026-09-30T15:19:45.234403+00:00,LibGen,LibGen.bz,UP,200,779,,
2026-09-30T15:20:46.663156+00:00,LibGen,LibGen.bz,UP,200,961,,
2026-09-30T15:21:46.156074+00:00,LibGen,LibGen.bz,UP,200,714,,
2026-09-30T15:22:46.782798+00:00,LibGen,LibGen.bz,UP,200,759,,
2026-09-30T15:23:47.341265+00:00,LibGen,LibGen.bz,UP,200,1514,,
2026-09-30T15:24:46.936801+00:00,LibGen,LibGen.bz,UP,200,544,,
2026-09-30T15:25:47.989345+00:00,LibGen,LibGen.bz,UP,200,780,,
2026-09-30T15:26:48.157569+00:00,LibGen,LibGen.bz,UP,200,1284,,
2026-09-30T15:27:47.612461+00:00,LibGen,LibGen.bz,UP,200,679,,
2026-09-30T15:28:48.195615+00:00,LibGen,LibGen.bz,UP,200,644,,
2026-09-30T15:29:48.328123+00:00,LibGen,LibGen.bz,UP,200,671,,
2026-09-30T15:30:48.101733+00:00,LibGen,LibGen.bz,UP,200,810,,
2026-09-30T15:31:49.110880+00:00,LibGen,LibGen.bz,UP,200,767,,
2026-09-30T15:32:49.208488+00:00,LibGen,LibGen.bz,UP,200,737,,
2026-09-30T15:33:49.272624+00:00,LibGen,LibGen.bz,UP,200,759,,
2026-09-30T15:34:49.769592+00:00,LibGen,LibGen.bz,UP,200,761,,
2026-09-30T15:35:50.330395+00:00,LibGen,LibGen.bz,UP,200,703,,
2026-09-30T15:36:49.903146+00:00,LibGen,LibGen.bz,UP,200,265,,
2026-09-30T15:37:50.622005+00:00,LibGen,LibGen.bz,UP,200,816,,
2026-09-30T15:39:13.467326+00:00,LibGen,LibGen.bz,DOWN,,,connection_refused,
2026-09-30T15:39:52.361629+00:00,LibGen,LibGen.bz,UP,200,1084,,
2026-09-30T15:40:51.322891+00:00,LibGen,LibGen.bz,UP,200,629,,
2026-09-30T15:41:51.592517+00:00,LibGen,LibGen.bz,UP,200,776,,
2026-09-30T15:42:52.140174+00:00,LibGen,LibGen.bz,UP,200,674,,
2026-09-30T15:43:53.430193+00:00,LibGen,LibGen.bz,UP,200,814,,
2026-09-30T15:44:53.668457+00:00,LibGen,LibGen.bz,UP,200,1164,,
2026-09-30T15:45:53.362802+00:00,LibGen,LibGen.bz,UP,200,723,,
2026-09-30T15:46:53.603919+00:00,LibGen,LibGen.bz,UP,200,676,,
2026-09-30T15:47:54.218294+00:00,LibGen,LibGen.bz,UP,200,720,,
2026-09-30T15:48:54.615125+00:00,LibGen,LibGen.bz,UP,200,917,,
2026-09-30T15:49:56.349406+00:00,LibGen,LibGen.bz,UP,200,1056,,
2026-09-30T15:50:55.817738+00:00,LibGen,LibGen.bz,UP,200,267,,
2026-09-30T15:51:55.816678+00:00,LibGen,LibGen.bz,UP,200,291,,
2026-09-30T15:52:56.138737+00:00,LibGen,LibGen.bz,UP,200,715,,
2026-09-30T15:53:56.228731+00:00,LibGen,LibGen.bz,UP,200,673,,
2026-09-30T15:54:56.756761+00:00,LibGen,LibGen.bz,UP,200,764,,
2026-09-30T15:55:56.990539+00:00,LibGen,LibGen.bz,UP,200,705,,
2026-09-30T15:56:58.105808+00:00,LibGen,LibGen.bz,UP,200,735,,
2026-09-30T15:57:58.449861+00:00,LibGen,LibGen.bz,UP,200,806,,
2026-09-30T15:59:01.548794+00:00,LibGen,LibGen.bz,DEGRADED,200,3613,latency_high,
2026-09-30T15:59:59.433614+00:00,LibGen,LibGen.bz,UP,200,865,,
2026-09-30T16:00:59.821167+00:00,LibGen,LibGen.bz,UP,200,872,,
2026-09-30T16:02:20.099631+00:00,LibGen,LibGen.bz,DOWN,,,connection_refused,
2026-09-30T16:03:05.329249+00:00,LibGen,LibGen.bz,UP,200,656,,
2026-09-30T16:04:01.205561+00:00,LibGen,LibGen.bz,UP,200,1013,,
2026-09-30T16:05:02.625610+00:00,LibGen,LibGen.bz,UP,200,879,,
2026-09-30T16:06:01.633868+00:00,LibGen,LibGen.bz,UP,200,759,,
2026-09-30T16:07:02.416730+00:00,LibGen,LibGen.bz,UP,200,888,,
2026-09-30T16:08:03.202147+00:00,LibGen,LibGen.bz,UP,200,712,,
2026-09-30T16:09:03.212341+00:00,LibGen,LibGen.bz,UP,200,869,,
2026-09-30T16:10:04.084867+00:00,LibGen,LibGen.bz,UP,200,1439,,
2026-09-30T16:11:04.240574+00:00,LibGen,LibGen.bz,UP,200,783,,
2026-09-30T16:12:04.436196+00:00,LibGen,LibGen.bz,UP,200,750,,
2026-09-30T16:13:04.554651+00:00,LibGen,LibGen.bz,UP,200,600,,
2026-09-30T16:14:05.538829+00:00,LibGen,LibGen.bz,UP,200,1000,,
2026-09-30T16:15:25.334097+00:00,LibGen,LibGen.bz,DOWN,,,connection_refused,
2026-09-30T16:16:07.269701+00:00,LibGen,LibGen.bz,UP,200,704,,
2026-09-30T16:17:06.909785+00:00,LibGen,LibGen.bz,UP,200,943,,
2026-09-30T16:18:06.868514+00:00,LibGen,LibGen.bz,UP,200,788,,
2026-09-30T16:19:07.086183+00:00,LibGen,LibGen.bz,UP,200,658,,
2026-09-30T16:20:07.977559+00:00,LibGen,LibGen.bz,UP,200,698,,
2026-09-30T16:21:08.105127+00:00,LibGen,LibGen.bz,UP,200,741,,
2026-09-30T16:22:08.679163+00:00,LibGen,LibGen.bz,UP,200,662,,
2026-09-30T16:23:09.627142+00:00,LibGen,LibGen.bz,UP,200,620,,
2026-09-30T16:24:08.788780+00:00,LibGen,LibGen.bz,UP,200,619,,
2026-09-30T16:25:10.039618+00:00,LibGen,LibGen.bz,UP,200,737,,
2026-09-30T16:26:09.491580+00:00,LibGen,LibGen.bz,UP,200,256,,
2026-09-30T16:27:10.719721+00:00,LibGen,LibGen.bz,UP,200,797,,
2026-09-30T16:28:11.027564+00:00,LibGen,LibGen.bz,UP,200,756,,
2026-09-30T16:29:11.431215+00:00,LibGen,LibGen.bz,UP,200,733,,
2026-09-30T16:30:11.159266+00:00,LibGen,LibGen.bz,UP,200,313,,
2026-09-30T16:31:12.102691+00:00,LibGen,LibGen.bz,UP,200,725,,
2026-09-30T16:32:12.799123+00:00,LibGen,LibGen.bz,UP,200,830,,
2026-09-30T16:33:12.551226+00:00,LibGen,LibGen.bz,UP,200,705,,
2026-09-30T16:34:12.603040+00:00,LibGen,LibGen.bz,UP,200,701,,
2026-09-30T16:35:12.731857+00:00,LibGen,LibGen.bz,UP,200,683,,
2026-09-30T16:36:13.509883+00:00,LibGen,LibGen.bz,UP,200,676,,
2026-09-30T16:37:13.814500+00:00,LibGen,LibGen.bz,UP,200,278,,
2026-09-30T16:38:14.235807+00:00,LibGen,LibGen.bz,UP,200,892,,
2026-09-30T16:39:14.158520+00:00,LibGen,LibGen.bz,UP,200,727,,
2026-09-30T16:40:14.391145+00:00,LibGen,LibGen.bz,UP,200,805,,
2026-09-30T16:41:15.168312+00:00,LibGen,LibGen.bz,UP,200,1023,,
2026-09-30T16:42:14.989196+00:00,LibGen,LibGen.bz,UP,200,755,,
2026-09-30T16:43:16.581855+00:00,LibGen,LibGen.bz,UP,200,705,,
2026-09-30T16:44:15.413964+00:00,LibGen,LibGen.bz,UP,200,732,,
2026-09-30T16:45:15.396693+00:00,LibGen,LibGen.bz,UP,200,868,,
2026-09-30T16:46:16.173979+00:00,LibGen,LibGen.bz,UP,200,820,,
2026-09-30T16:47:16.349807+00:00,LibGen,LibGen.bz,UP,200,816,,
2026-09-30T16:48:15.997518+00:00,LibGen,LibGen.bz,UP,200,248,,
2026-09-30T16:49:17.994105+00:00,LibGen,LibGen.bz,UP,200,1072,,
2026-09-30T16:50:17.508196+00:00,LibGen,LibGen.bz,UP,200,789,,
2026-09-30T16:51:17.692526+00:00,LibGen,LibGen.bz,UP,200,742,,
2026-09-30T16:52:17.665946+00:00,LibGen,LibGen.bz,UP,200,255,,
2026-09-30T16:53:20.898872+00:00,LibGen,LibGen.bz,UP,200,720,,
2026-09-30T16:54:18.901640+00:00,LibGen,LibGen.bz,UP,200,708,,
2026-09-30T16:55:19.386781+00:00,LibGen,LibGen.bz,UP,200,1069,,
2026-09-30T16:56:19.584122+00:00,LibGen,LibGen.bz,UP,200,760,,
2026-09-30T16:57:19.735555+00:00,LibGen,LibGen.bz,UP,200,829,,
2026-09-30T16:58:20.190971+00:00,LibGen,LibGen.bz,UP,200,707,,
2026-09-30T16:59:20.445274+00:00,LibGen,LibGen.bz,UP,200,669,,
2026-09-30T17:00:20.844090+00:00,LibGen,LibGen.bz,UP,200,901,,
2026-09-30T17:01:26.416241+00:00,LibGen,LibGen.bz,DEGRADED,200,5465,latency_high,
2026-09-30T17:02:25.141713+00:00,LibGen,LibGen.bz,DEGRADED,200,3862,latency_high,
2026-09-30T17:03:22.602415+00:00,LibGen,LibGen.bz,UP,200,1062,,
2026-09-30T17:04:22.885742+00:00,LibGen,LibGen.bz,UP,200,737,,
2026-09-30T17:05:22.791710+00:00,LibGen,LibGen.bz,UP,200,284,,
2026-09-30T17:06:23.904845+00:00,LibGen,LibGen.bz,UP,200,940,,
2026-09-30T17:07:23.955325+00:00,LibGen,LibGen.bz,UP,200,754,,
2026-09-30T17:08:24.095792+00:00,LibGen,LibGen.bz,UP,200,714,,
2026-09-30T17:09:25.022782+00:00,LibGen,LibGen.bz,UP,200,265,,
2026-09-30T17:10:25.350998+00:00,LibGen,LibGen.bz,UP,200,771,,
2026-09-30T17:11:25.505156+00:00,LibGen,LibGen.bz,UP,200,747,,
2026-09-30T17:12:25.701895+00:00,LibGen,LibGen.bz,UP,200,293,,
2026-09-30T17:13:25.741300+00:00,LibGen,LibGen.bz,UP,200,701,,
2026-09-30T17:14:25.932988+00:00,LibGen,LibGen.bz,UP,200,767,,
2026-09-30T17:15:27.601476+00:00,LibGen,LibGen.bz,UP,200,696,,
2026-09-30T17:16:27.676793+00:00,LibGen,LibGen.bz,UP,200,754,,
2026-09-30T17:17:27.335783+00:00,LibGen,LibGen.bz,UP,200,691,,
2026-09-30T17:18:29.149104+00:00,LibGen,LibGen.bz,UP,200,763,,
2026-09-30T17:19:28.861701+00:00,LibGen,LibGen.bz,UP,200,726,,
2026-09-30T17:20:28.640333+00:00,LibGen,LibGen.bz,UP,200,714,,
2026-09-30T17:21:29.062975+00:00,LibGen,LibGen.bz,UP,200,990,,
2026-09-30T17:22:50.109982+00:00,LibGen,LibGen.bz,DOWN,,,connection_refused,
2026-09-30T17:23:30.678506+00:00,LibGen,LibGen.bz,UP,200,651,,
2026-09-30T17:24:30.248065+00:00,LibGen,LibGen.bz,UP,200,759,,
2026-09-30T17:25:30.405634+00:00,LibGen,LibGen.bz,UP,200,690,,
2026-09-30T17:26:35.961096+00:00,LibGen,LibGen.bz,DEGRADED,200,5220,latency_high,
2026-09-30T17:27:31.326388+00:00,LibGen,LibGen.bz,UP,200,642,,
2026-09-30T17:28:51.899770+00:00,LibGen,LibGen.bz,DOWN,,,connection_refused,
2026-09-30T17:29:51.642772+00:00,LibGen,LibGen.bz,DOWN,,,connection_refused,
2026-09-30T17:30:32.188309+00:00,LibGen,LibGen.bz,UP,200,749,,
2026-09-30T17:31:32.766497+00:00,LibGen,LibGen.bz,UP,200,859,,
2026-09-30T17:32:33.741555+00:00,LibGen,LibGen.bz,UP,200,748,,
2026-09-30T17:33:33.509683+00:00,LibGen,LibGen.bz,UP,200,702,,
2026-09-30T17:34:34.285221+00:00,LibGen,LibGen.bz,UP,200,671,,
2026-09-30T17:35:34.733882+00:00,LibGen,LibGen.bz,UP,200,863,,
2026-09-30T17:36:34.516993+00:00,LibGen,LibGen.bz,UP,200,854,,
2026-09-30T17:37:54.866042+00:00,LibGen,LibGen.bz,DOWN,,,connection_refused,
2026-09-30T17:38:38.135886+00:00,LibGen,LibGen.bz,DEGRADED,200,4140,latency_high,
2026-09-30T17:39:34.614515+00:00,LibGen,LibGen.bz,UP,200,726,,
2026-09-30T17:40:35.764610+00:00,LibGen,LibGen.bz,UP,200,837,,
2026-09-30T17:41:35.442785+00:00,LibGen,LibGen.bz,UP,200,678,,
2026-09-30T17:42:36.435652+00:00,LibGen,LibGen.bz,UP,200,987,,
2026-09-30T17:43:35.829586+00:00,LibGen,LibGen.bz,UP,200,733,,
2026-09-30T17:44:36.813531+00:00,LibGen,LibGen.bz,UP,200,685,,
2026-09-30T17:45:37.132497+00:00,LibGen,LibGen.bz,UP,200,684,,
2026-09-30T17:46:36.875544+00:00,LibGen,LibGen.bz,UP,200,762,,
2026-09-30T17:47:38.166451+00:00,LibGen,LibGen.bz,UP,200,925,,
2026-09-30T17:48:37.537567+00:00,LibGen,LibGen.bz,UP,200,724,,
2026-09-30T17:49:37.950367+00:00,LibGen,LibGen.bz,UP,200,637,,
2026-09-30T17:50:37.766964+00:00,LibGen,LibGen.bz,UP,200,742,,
2026-09-30T17:51:39.151131+00:00,LibGen,LibGen.bz,UP,200,949,,
2026-09-30T17:52:39.215146+00:00,LibGen,LibGen.bz,UP,200,789,,
2026-09-30T17:53:39.250849+00:00,LibGen,LibGen.bz,UP,200,705,,
2026-09-30T17:54:39.043565+00:00,LibGen,LibGen.bz,UP,200,675,,
2026-09-30T17:55:39.740767+00:00,LibGen,LibGen.bz,UP,200,697,,
2026-09-30T17:56:40.417646+00:00,LibGen,LibGen.bz,UP,200,723,,
2026-09-30T17:57:41.103640+00:00,LibGen,LibGen.bz,UP,200,682,,
2026-09-30T17:58:41.328586+00:00,LibGen,LibGen.bz,UP,200,1753,,
2026-09-30T17:59:40.124469+00:00,LibGen,LibGen.bz,UP,200,270,,
2026-09-30T18:00:42.721572+00:00,LibGen,LibGen.bz,UP,200,795,,
2026-09-30T18:01:41.342522+00:00,LibGen,LibGen.bz,UP,200,283,,
2026-09-30T18:02:41.620564+00:00,LibGen,LibGen.bz,UP,200,787,,
2026-09-30T18:03:41.766461+00:00,LibGen,LibGen.bz,UP,200,713,,
2026-09-30T18:04:42.371954+00:00,LibGen,LibGen.bz,UP,200,757,,
2026-09-30T18:05:43.009145+00:00,LibGen,LibGen.bz,UP,200,759,,
2026-09-30T18:06:43.917610+00:00,LibGen,LibGen.bz,UP,200,278,,
2026-09-30T18:07:43.945970+00:00,LibGen,LibGen.bz,UP,200,698,,
2026-09-30T18:08:44.263252+00:00,LibGen,LibGen.bz,UP,200,801,,
2026-09-30T18:09:45.142259+00:00,LibGen,LibGen.bz,UP,200,666,,
2026-09-30T18:10:44.642389+00:00,LibGen,LibGen.bz,UP,200,249,,
2026-09-30T18:11:45.590549+00:00,LibGen,LibGen.bz,UP,200,848,,
2026-09-30T18:12:46.175867+00:00,LibGen,LibGen.bz,UP,200,751,,
2026-09-30T18:13:46.889670+00:00,LibGen,LibGen.bz,UP,200,861,,
2026-09-30T18:14:48.394240+00:00,LibGen,LibGen.bz,UP,200,731,,
2026-09-30T18:15:50.592413+00:00,LibGen,LibGen.bz,DEGRADED,200,3766,latency_high,
2026-09-30T18:16:48.040088+00:00,LibGen,LibGen.bz,UP,200,708,,
2026-09-30T18:17:47.728818+00:00,LibGen,LibGen.bz,UP,200,331,,
2026-09-30T18:18:49.078629+00:00,LibGen,LibGen.bz,UP,200,805,,
2026-09-30T18:19:49.351197+00:00,LibGen,LibGen.bz,UP,200,673,,
2026-09-30T18:20:49.381572+00:00,LibGen,LibGen.bz,UP,200,762,,
2026-09-30T18:21:49.338746+00:00,LibGen,LibGen.bz,UP,200,698,,
2026-09-30T18:22:50.089542+00:00,LibGen,LibGen.bz,UP,200,770,,
2026-09-30T18:23:51.539466+00:00,LibGen,LibGen.bz,UP,200,774,,
2026-09-30T18:24:50.937179+00:00,LibGen,LibGen.bz,UP,200,949,,
2026-09-30T18:25:51.444294+00:00,LibGen,LibGen.bz,UP,200,780,,
2026-09-30T18:26:52.346767+00:00,LibGen,LibGen.bz,UP,200,740,,
2026-09-30T18:27:51.626304+00:00,LibGen,LibGen.bz,UP,200,290,,
2026-09-30T18:28:53.421465+00:00,LibGen,LibGen.bz,UP,200,1247,,
2026-09-30T18:29:52.846174+00:00,LibGen,LibGen.bz,UP,200,621,,
2026-09-30T18:31:16.417446+00:00,LibGen,LibGen.bz,DOWN,,,connection_refused,
2026-09-30T18:31:53.428457+00:00,LibGen,LibGen.bz,UP,200,617,,
2026-09-30T18:32:54.073693+00:00,LibGen,LibGen.bz,UP,200,711,,
2026-09-30T18:33:55.116116+00:00,LibGen,LibGen.bz,UP,200,781,,
2026-09-30T18:34:55.201578+00:00,LibGen,LibGen.bz,UP,200,757,,
2026-09-30T18:35:55.496028+00:00,LibGen,LibGen.bz,UP,200,777,,
2026-09-30T18:37:16.133943+00:00,LibGen,LibGen.bz,DOWN,,,connection_refused,
2026-09-30T18:37:56.679015+00:00,LibGen,LibGen.bz,UP,200,676,,
2026-09-30T18:38:56.903790+00:00,LibGen,LibGen.bz,UP,200,1002,,
2026-09-30T18:39:56.972157+00:00,LibGen,LibGen.bz,UP,200,794,,
2026-09-30T18:40:58.913702+00:00,LibGen,LibGen.bz,UP,200,988,,
2026-09-30T18:41:58.217438+00:00,LibGen,LibGen.bz,UP,200,1089,,
2026-09-30T18:42:57.993073+00:00,LibGen,LibGen.bz,UP,200,640,,
2026-09-30T18:43:59.001186+00:00,LibGen,LibGen.bz,UP,200,736,,
2026-09-30T18:44:58.423999+00:00,LibGen,LibGen.bz,UP,200,801,,
2026-09-30T18:45:58.896830+00:00,LibGen,LibGen.bz,UP,200,780,,
2026-09-30T18:47:00.914502+00:00,LibGen,LibGen.bz,UP,200,951,,
2026-09-30T18:48:01.717051+00:00,LibGen,LibGen.bz,UP,200,945,,
2026-09-30T18:49:02.776577+00:00,LibGen,LibGen.bz,UP,200,1707,,
2026-09-30T18:50:02.458728+00:00,LibGen,LibGen.bz,UP,200,1129,,
2026-09-30T18:51:02.264697+00:00,LibGen,LibGen.bz,UP,200,835,,
2026-09-30T18:52:03.130594+00:00,LibGen,LibGen.bz,UP,200,1065,,
2026-09-30T18:53:04.308264+00:00,LibGen,LibGen.bz,UP,200,1111,,
2026-09-30T18:54:03.794581+00:00,LibGen,LibGen.bz,UP,200,791,,
2026-09-30T18:55:04.328916+00:00,LibGen,LibGen.bz,UP,200,941,,
2026-09-30T18:56:04.936548+00:00,LibGen,LibGen.bz,UP,200,798,,
2026-09-30T18:57:05.087753+00:00,LibGen,LibGen.bz,UP,200,734,,
2026-09-30T18:58:06.552352+00:00,LibGen,LibGen.bz,UP,200,877,,
2026-09-30T18:59:06.524221+00:00,LibGen,LibGen.bz,UP,200,861,,
2026-09-30T19:00:06.160761+00:00,LibGen,LibGen.bz,UP,200,899,,
2026-09-30T19:01:06.485759+00:00,LibGen,LibGen.bz,UP,200,842,,
2026-09-30T19:02:27.680422+00:00,LibGen,LibGen.bz,DOWN,,,connection_refused,
2026-09-30T19:03:08.934648+00:00,LibGen,LibGen.bz,UP,200,916,,
2026-09-30T19:04:08.465772+00:00,LibGen,LibGen.bz,UP,200,1256,,
2026-09-30T19:05:08.752547+00:00,LibGen,LibGen.bz,UP,200,1008,,
2026-09-30T19:06:09.220543+00:00,LibGen,LibGen.bz,UP,200,911,,
2026-09-30T19:07:12.664893+00:00,LibGen,LibGen.bz,DEGRADED,200,4069,latency_high,
2026-09-30T19:08:09.789728+00:00,LibGen,LibGen.bz,UP,200,850,,
2026-09-30T19:09:10.356008+00:00,LibGen,LibGen.bz,UP,200,718,,
2026-09-30T19:10:10.630915+00:00,LibGen,LibGen.bz,UP,200,738,,
2026-09-30T19:11:11.039381+00:00,LibGen,LibGen.bz,UP,200,714,,
2026-09-30T19:12:12.125567+00:00,LibGen,LibGen.bz,UP,200,1128,,
2026-09-30T19:13:12.639268+00:00,LibGen,LibGen.bz,UP,200,325,,
2026-09-30T19:14:13.563310+00:00,LibGen,LibGen.bz,UP,200,787,,
2026-09-30T19:15:13.197031+00:00,LibGen,LibGen.bz,UP,200,773,,
2026-09-30T19:16:12.573853+00:00,LibGen,LibGen.bz,UP,200,247,,
2026-09-30T19:17:14.004055+00:00,LibGen,LibGen.bz,UP,200,990,,
2026-09-30T19:18:14.279501+00:00,LibGen,LibGen.bz,UP,200,748,,
2026-09-30T19:19:14.803556+00:00,LibGen,LibGen.bz,UP,200,302,,
2026-09-30T19:20:15.060970+00:00,LibGen,LibGen.bz,UP,200,826,,
2026-09-30T19:21:15.547063+00:00,LibGen,LibGen.bz,UP,200,1024,,
2026-09-30T19:22:15.557300+00:00,LibGen,LibGen.bz,UP,200,931,,
2026-09-30T19:23:16.080463+00:00,LibGen,LibGen.bz,UP,200,676,,
2026-09-30T19:24:16.811572+00:00,LibGen,LibGen.bz,UP,200,1225,,
2026-09-30T19:25:16.374532+00:00,LibGen,LibGen.bz,UP,200,690,,
2026-09-30T19:26:16.680820+00:00,LibGen,LibGen.bz,UP,200,828,,
2026-09-30T19:27:16.767733+00:00,LibGen,LibGen.bz,UP,200,267,,
2026-09-30T19:28:17.566803+00:00,LibGen,LibGen.bz,UP,200,755,,
2026-09-30T19:29:17.876594+00:00,LibGen,LibGen.bz,UP,200,769,,
2026-09-30T19:30:18.680673+00:00,LibGen,LibGen.bz,UP,200,1008,,
2026-09-30T19:31:19.174559+00:00,LibGen,LibGen.bz,UP,200,817,,
2026-09-30T19:32:19.964389+00:00,LibGen,LibGen.bz,UP,200,852,,
2026-09-30T19:33:21.703939+00:00,LibGen,LibGen.bz,UP,200,795,,
2026-09-30T19:34:40.987439+00:00,LibGen,LibGen.bz,DOWN,,,connection_refused,
2026-09-30T19:35:21.270498+00:00,LibGen,LibGen.bz,UP,200,1583,,
2026-09-30T19:36:20.839554+00:00,LibGen,LibGen.bz,UP,200,621,,
2026-09-30T19:37:21.999963+00:00,LibGen,LibGen.bz,UP,200,1020,,
2026-09-30T19:38:21.961562+00:00,LibGen,LibGen.bz,UP,200,764,,
2026-09-30T19:39:21.828011+00:00,LibGen,LibGen.bz,UP,200,742,,
2026-09-30T19:40:23.517871+00:00,LibGen,LibGen.bz,UP,200,1711,,
2026-09-30T19:41:23.524373+00:00,LibGen,LibGen.bz,UP,200,780,,
2026-09-30T19:42:23.895227+00:00,LibGen,LibGen.bz,UP,200,741,,
2026-09-30T19:43:24.689221+00:00,LibGen,LibGen.bz,UP,200,779,,
2026-09-30T19:44:24.087674+00:00,LibGen,LibGen.bz,UP,200,650,,
2026-09-30T19:45:25.233030+00:00,LibGen,LibGen.bz,UP,200,822,,
2026-09-30T19:46:24.785839+00:00,LibGen,LibGen.bz,UP,200,757,,
2026-09-30T19:47:25.655353+00:00,LibGen,LibGen.bz,UP,200,1210,,
2026-09-30T19:48:25.900877+00:00,LibGen,LibGen.bz,UP,200,904,,
2026-09-30T19:49:26.237913+00:00,LibGen,LibGen.bz,UP,200,718,,
2026-09-30T19:50:26.693934+00:00,LibGen,LibGen.bz,UP,200,833,,
2026-09-30T19:51:27.728778+00:00,LibGen,LibGen.bz,UP,200,997,,
2026-09-30T19:52:28.055432+00:00,LibGen,LibGen.bz,UP,200,776,,
2026-09-30T19:53:28.518426+00:00,LibGen,LibGen.bz,UP,200,761,,
2026-09-30T19:54:28.850051+00:00,LibGen,LibGen.bz,UP,200,840,,
2026-09-30T19:55:29.225492+00:00,LibGen,LibGen.bz,UP,200,770,,
2026-09-30T19:56:29.618136+00:00,LibGen,LibGen.bz,UP,200,787,,
2026-09-30T19:57:50.279007+00:00,LibGen,LibGen.bz,DOWN,,,connection_refused,
2026-09-30T19:58:30.111933+00:00,LibGen,LibGen.bz,UP,200,543,,
2026-09-30T19:59:30.664624+00:00,LibGen,LibGen.bz,UP,200,746,,
2026-09-30T20:00:31.659612+00:00,LibGen,LibGen.bz,UP,200,773,,
2026-09-30T20:01:32.894523+00:00,LibGen,LibGen.bz,UP,200,1153,,
2026-09-30T20:02:33.169473+00:00,LibGen,LibGen.bz,UP,200,788,,
2026-09-30T20:03:33.366980+00:00,LibGen,LibGen.bz,UP,200,891,,
2026-09-30T20:04:33.389439+00:00,LibGen,LibGen.bz,UP,200,710,,
2026-09-30T20:05:34.101102+00:00,LibGen,LibGen.bz,UP,200,849,,
2026-09-30T20:06:35.178357+00:00,LibGen,LibGen.bz,UP,200,1106,,
2026-09-30T20:07:35.213471+00:00,LibGen,LibGen.bz,UP,200,574,,
2026-09-30T20:08:35.521426+00:00,LibGen,LibGen.bz,UP,200,291,,
2026-09-30T20:09:35.852467+00:00,LibGen,LibGen.bz,UP,200,757,,
2026-09-30T20:10:36.117488+00:00,LibGen,LibGen.bz,UP,200,928,,
2026-09-30T20:11:37.158262+00:00,LibGen,LibGen.bz,UP,200,737,,
2026-09-30T20:12:36.525472+00:00,LibGen,LibGen.bz,UP,200,726,,
2026-09-30T20:13:37.150799+00:00,LibGen,LibGen.bz,UP,200,737,,
2026-09-30T20:14:36.959522+00:00,LibGen,LibGen.bz,UP,200,664,,
2026-09-30T20:15:37.273326+00:00,LibGen,LibGen.bz,UP,200,298,,
2026-09-30T20:16:40.083342+00:00,LibGen,LibGen.bz,UP,200,799,,
2026-09-30T20:17:38.314048+00:00,LibGen,LibGen.bz,UP,200,706,,
2026-09-30T20:18:38.489650+00:00,LibGen,LibGen.bz,UP,200,1026,,
2026-09-30T20:19:58.317879+00:00,LibGen,LibGen.bz,DOWN,,,connection_refused,
2026-09-30T20:20:39.701375+00:00,LibGen,LibGen.bz,UP,200,753,,
2026-09-30T20:21:39.608809+00:00,LibGen,LibGen.bz,UP,200,838,,
2026-09-30T20:22:40.009043+00:00,LibGen,LibGen.bz,UP,200,730,,
2026-09-30T20:23:40.534647+00:00,LibGen,LibGen.bz,UP,200,690,,
2026-09-30T20:24:40.540976+00:00,LibGen,LibGen.bz,UP,200,743,,
2026-09-30T20:25:40.734811+00:00,LibGen,LibGen.bz,UP,200,746,,
2026-09-30T20:26:40.666810+00:00,LibGen,LibGen.bz,UP,200,689,,
2026-09-30T20:27:40.831894+00:00,LibGen,LibGen.bz,UP,200,721,,
2026-09-30T20:29:01.348450+00:00,LibGen,LibGen.bz,DOWN,,,connection_refused,
2026-09-30T20:29:41.468505+00:00,LibGen,LibGen.bz,UP,200,630,,
2026-09-30T20:30:42.306738+00:00,LibGen,LibGen.bz,UP,200,770,,
2026-09-30T20:31:42.009583+00:00,LibGen,LibGen.bz,UP,200,609,,
2026-09-30T20:32:42.741776+00:00,LibGen,LibGen.bz,UP,200,792,,
2026-09-30T20:33:42.847074+00:00,LibGen,LibGen.bz,UP,200,662,,
2026-09-30T20:34:43.105675+00:00,LibGen,LibGen.bz,UP,200,684,,
2026-09-30T20:35:43.629523+00:00,LibGen,LibGen.bz,UP,200,675,,
2026-09-30T20:36:44.777539+00:00,LibGen,LibGen.bz,UP,200,1040,,
2026-09-30T20:37:44.367575+00:00,LibGen,LibGen.bz,UP,200,644,,
2026-09-30T20:38:44.180897+00:00,LibGen,LibGen.bz,UP,200,688,,
2026-09-30T20:39:44.306268+00:00,LibGen,LibGen.bz,UP,200,643,,
2026-09-30T20:40:46.415966+00:00,LibGen,LibGen.bz,UP,200,2123,,
2026-09-30T20:41:45.197490+00:00,LibGen,LibGen.bz,UP,200,747,,
2026-09-30T20:42:45.749594+00:00,LibGen,LibGen.bz,UP,200,1077,,
2026-09-30T20:43:46.218455+00:00,LibGen,LibGen.bz,UP,200,986,,
2026-09-30T20:44:46.398734+00:00,LibGen,LibGen.bz,UP,200,744,,
2026-09-30T20:45:47.064536+00:00,LibGen,LibGen.bz,UP,200,654,,
2026-09-30T20:46:46.400951+00:00,LibGen,LibGen.bz,UP,200,863,,
2026-09-30T20:47:46.372872+00:00,LibGen,LibGen.bz,UP,200,609,,
2026-09-30T20:48:46.946990+00:00,LibGen,LibGen.bz,UP,200,717,,
2026-09-30T20:49:46.661109+00:00,LibGen,LibGen.bz,UP,200,638,,
2026-09-30T20:50:48.249707+00:00,LibGen,LibGen.bz,UP,200,711,,
2026-09-30T20:51:47.445948+00:00,LibGen,LibGen.bz,UP,200,716,,
2026-09-30T20:52:48.644271+00:00,LibGen,LibGen.bz,UP,200,646,,
2026-09-30T20:53:48.939449+00:00,LibGen,LibGen.bz,UP,200,751,,
2026-09-30T20:54:48.936647+00:00,LibGen,LibGen.bz,UP,200,683,,
2026-09-30T20:55:49.134368+00:00,LibGen,LibGen.bz,UP,200,596,,
2026-09-30T20:56:49.609468+00:00,LibGen,LibGen.bz,UP,200,714,,
2026-09-30T20:57:49.886064+00:00,LibGen,LibGen.bz,UP,200,635,,
2026-09-30T20:58:50.108035+00:00,LibGen,LibGen.bz,UP,200,666,,
2026-09-30T20:59:50.678029+00:00,LibGen,LibGen.bz,UP,200,597,,
2026-09-30T21:00:50.252252+00:00,LibGen,LibGen.bz,UP,200,266,,
2026-09-30T21:01:51.463998+00:00,LibGen,LibGen.bz,UP,200,1000,,
2026-09-30T21:02:51.636232+00:00,LibGen,LibGen.bz,UP,200,716,,
2026-09-30T21:03:51.872431+00:00,LibGen,LibGen.bz,UP,200,765,,
2026-09-30T21:04:52.334458+00:00,LibGen,LibGen.bz,UP,200,527,,
2026-09-30T21:05:51.727830+00:00,LibGen,LibGen.bz,UP,200,274,,
2026-09-30T21:06:52.273747+00:00,LibGen,LibGen.bz,UP,200,641,,
2026-09-30T21:07:52.863380+00:00,LibGen,LibGen.bz,UP,200,704,,
2026-09-30T21:08:53.096868+00:00,LibGen,LibGen.bz,UP,200,779,,
2026-09-30T21:09:53.170196+00:00,LibGen,LibGen.bz,UP,200,669,,
2026-09-30T21:10:53.626969+00:00,LibGen,LibGen.bz,UP,200,654,,
2026-09-30T21:11:53.934781+00:00,LibGen,LibGen.bz,UP,200,711,,
2026-09-30T21:12:54.174868+00:00,LibGen,LibGen.bz,UP,200,258,,
2026-09-30T21:13:54.654357+00:00,LibGen,LibGen.bz,UP,200,667,,
2026-09-30T21:14:54.444153+00:00,LibGen,LibGen.bz,UP,200,720,,
2026-09-30T21:15:55.642342+00:00,LibGen,LibGen.bz,UP,200,739,,
2026-09-30T21:16:56.045444+00:00,LibGen,LibGen.bz,UP,200,1097,,
2026-09-30T21:17:56.961490+00:00,LibGen,LibGen.bz,UP,200,664,,
2026-09-30T21:18:56.893496+00:00,LibGen,LibGen.bz,UP,200,767,,
2026-09-30T21:19:56.705995+00:00,LibGen,LibGen.bz,UP,200,892,,
2026-09-30T21:20:59.953535+00:00,LibGen,LibGen.bz,DEGRADED,200,3657,latency_high,
2026-09-30T21:21:56.946355+00:00,LibGen,LibGen.bz,UP,200,611,,
2026-09-30T21:22:57.738537+00:00,LibGen,LibGen.bz,UP,200,696,,
2026-09-30T21:23:58.361660+00:00,LibGen,LibGen.bz,UP,200,1035,,
2026-09-30T21:24:57.986182+00:00,LibGen,LibGen.bz,UP,200,592,,
2026-09-30T21:25:58.760483+00:00,LibGen,LibGen.bz,UP,200,627,,
2026-09-30T21:26:59.441497+00:00,LibGen,LibGen.bz,UP,200,661,,
2026-09-30T21:28:19.407684+00:00,LibGen,LibGen.bz,DOWN,,,connection_refused,
2026-09-30T21:28:59.537219+00:00,LibGen,LibGen.bz,UP,200,627,,
2026-09-30T21:30:00.271963+00:00,LibGen,LibGen.bz,UP,200,662,,
2026-09-30T21:31:00.931838+00:00,LibGen,LibGen.bz,UP,200,750,,
2026-09-30T21:32:00.669318+00:00,LibGen,LibGen.bz,UP,200,265,,
2026-09-30T21:33:01.841499+00:00,LibGen,LibGen.bz,UP,200,800,,
2026-09-30T21:34:03.212407+00:00,LibGen,LibGen.bz,UP,200,711,,
2026-09-30T21:35:02.975669+00:00,LibGen,LibGen.bz,UP,200,913,,
2026-09-30T21:36:03.180779+00:00,LibGen,LibGen.bz,UP,200,897,,
2026-09-30T21:37:04.836405+00:00,LibGen,LibGen.bz,UP,200,878,,
2026-09-30T21:38:08.862227+00:00,LibGen,LibGen.bz,DEGRADED,200,5489,latency_high,
2026-09-30T21:39:03.905340+00:00,LibGen,LibGen.bz,UP,200,268,,
2026-09-30T21:40:04.729533+00:00,LibGen,LibGen.bz,UP,200,1092,,
2026-09-30T21:41:04.914545+00:00,LibGen,LibGen.bz,UP,200,677,,
2026-09-30T21:42:05.211569+00:00,LibGen,LibGen.bz,UP,200,768,,
2026-09-30T21:43:05.209673+00:00,LibGen,LibGen.bz,UP,200,640,,
2026-09-30T21:44:05.413552+00:00,LibGen,LibGen.bz,UP,200,679,,
2026-09-30T21:45:06.542266+00:00,LibGen,LibGen.bz,UP,200,1119,,
2026-09-30T21:46:06.681779+00:00,LibGen,LibGen.bz,UP,200,741,,
2026-09-30T21:47:08.102043+00:00,LibGen,LibGen.bz,UP,200,1502,,
2026-09-30T21:48:06.941616+00:00,LibGen,LibGen.bz,UP,200,687,,
2026-09-30T21:49:06.734476+00:00,LibGen,LibGen.bz,UP,200,267,,
2026-09-30T21:50:08.233612+00:00,LibGen,LibGen.bz,UP,200,1099,,
2026-09-30T21:51:08.491810+00:00,LibGen,LibGen.bz,UP,200,695,,
2026-09-30T21:52:08.272540+00:00,LibGen,LibGen.bz,UP,200,709,,
2026-09-30T21:53:08.418690+00:00,LibGen,LibGen.bz,UP,200,721,,
2026-09-30T21:54:08.598353+00:00,LibGen,LibGen.bz,UP,200,624,,
2026-09-30T21:55:09.153030+00:00,LibGen,LibGen.bz,UP,200,793,,
2026-09-30T21:56:10.241639+00:00,LibGen,LibGen.bz,UP,200,731,,
2026-09-30T21:57:10.469685+00:00,LibGen,LibGen.bz,UP,200,716,,
2026-09-30T21:58:10.366453+00:00,LibGen,LibGen.bz,UP,200,642,,
2026-09-30T21:59:10.556455+00:00,LibGen,LibGen.bz,UP,200,610,,
2026-09-30T22:00:11.193896+00:00,LibGen,LibGen.bz,UP,200,854,,
2026-09-30T22:01:11.287166+00:00,LibGen,LibGen.bz,UP,200,263,,
2026-09-30T22:02:11.613270+00:00,LibGen,LibGen.bz,UP,200,1247,,
2026-09-30T22:03:11.065540+00:00,LibGen,LibGen.bz,UP,200,259,,
2026-09-30T22:04:11.780578+00:00,LibGen,LibGen.bz,UP,200,717,,
2026-09-30T22:05:13.243192+00:00,LibGen,LibGen.bz,UP,200,824,,
2026-09-30T22:06:13.149745+00:00,LibGen,LibGen.bz,UP,200,754,,
2026-09-30T22:07:13.478250+00:00,LibGen,LibGen.bz,UP,200,1049,,
2026-09-30T22:08:13.340699+00:00,LibGen,LibGen.bz,UP,200,264,,
2026-09-30T22:09:15.611532+00:00,LibGen,LibGen.bz,UP,200,2635,,
2026-09-30T22:10:14.243508+00:00,LibGen,LibGen.bz,UP,200,690,,
2026-09-30T22:11:14.627092+00:00,LibGen,LibGen.bz,UP,200,748,,
2026-09-30T22:12:15.184448+00:00,LibGen,LibGen.bz,UP,200,1089,,
2026-09-30T22:13:15.211414+00:00,LibGen,LibGen.bz,UP,200,672,,
2026-09-30T22:14:35.901993+00:00,LibGen,LibGen.bz,DOWN,,,connection_refused,
2026-09-30T22:15:16.513385+00:00,LibGen,LibGen.bz,UP,200,1087,,
2026-09-30T22:16:16.218919+00:00,LibGen,LibGen.bz,UP,200,770,,
2026-09-30T22:17:17.226782+00:00,LibGen,LibGen.bz,UP,200,716,,
2026-09-30T22:18:17.521904+00:00,LibGen,LibGen.bz,UP,200,777,,
2026-09-30T22:19:19.909435+00:00,LibGen,LibGen.bz,UP,200,626,,
2026-09-30T22:20:18.209952+00:00,LibGen,LibGen.bz,UP,200,994,,
2026-09-30T22:21:19.003573+00:00,LibGen,LibGen.bz,UP,200,735,,
2026-09-30T22:22:19.143771+00:00,LibGen,LibGen.bz,UP,200,722,,
2026-09-30T22:23:19.278547+00:00,LibGen,LibGen.bz,UP,200,763,,
2026-09-30T22:24:22.253564+00:00,LibGen,LibGen.bz,UP,200,708,,
2026-09-30T22:25:19.017359+00:00,LibGen,LibGen.bz,UP,200,731,,
2026-09-30T22:26:19.461489+00:00,LibGen,LibGen.bz,UP,200,680,,
2026-09-30T22:27:20.640515+00:00,LibGen,LibGen.bz,UP,200,1025,,
2026-09-30T22:28:19.986908+00:00,LibGen,LibGen.bz,UP,200,701,,
2026-09-30T22:29:22.702841+00:00,LibGen,LibGen.bz,DEGRADED,200,3334,latency_high,
2026-09-30T22:30:20.259770+00:00,LibGen,LibGen.bz,UP,200,760,,
2026-09-30T22:31:21.342231+00:00,LibGen,LibGen.bz,UP,200,756,,
2026-09-30T22:32:21.554516+00:00,LibGen,LibGen.bz,UP,200,612,,
2026-09-30T22:33:21.707146+00:00,LibGen,LibGen.bz,UP,200,982,,
2026-09-30T22:34:21.436540+00:00,LibGen,LibGen.bz,UP,200,684,,
2026-09-30T22:35:22.464089+00:00,LibGen,LibGen.bz,UP,200,763,,
2026-09-30T22:36:22.916897+00:00,LibGen,LibGen.bz,UP,200,823,,
2026-09-30T22:37:23.886552+00:00,LibGen,LibGen.bz,UP,200,1248,,
2026-09-30T22:38:23.448734+00:00,LibGen,LibGen.bz,UP,200,594,,
2026-09-30T22:39:24.436122+00:00,LibGen,LibGen.bz,UP,200,964,,
2026-09-30T22:40:25.290736+00:00,LibGen,LibGen.bz,UP,200,869,,
2026-09-30T22:41:25.345575+00:00,LibGen,LibGen.bz,UP,200,1062,,
2026-09-30T22:42:26.002025+00:00,LibGen,LibGen.bz,UP,200,1072,,
2026-09-30T22:43:25.568682+00:00,LibGen,LibGen.bz,UP,200,638,,
2026-09-30T22:44:25.936908+00:00,LibGen,LibGen.bz,UP,200,929,,
2026-09-30T22:45:26.384212+00:00,LibGen,LibGen.bz,UP,200,759,,
2026-09-30T22:46:26.867546+00:00,LibGen,LibGen.bz,UP,200,693,,
2026-09-30T22:47:27.320997+00:00,LibGen,LibGen.bz,UP,200,808,,
2026-09-30T22:48:27.933623+00:00,LibGen,LibGen.bz,UP,200,707,,
2026-09-30T22:49:27.186819+00:00,LibGen,LibGen.bz,UP,200,685,,
2026-09-30T22:50:27.949261+00:00,LibGen,LibGen.bz,UP,200,668,,
2026-09-30T22:51:27.348408+00:00,LibGen,LibGen.bz,UP,200,273,,
2026-09-30T22:52:28.964051+00:00,LibGen,LibGen.bz,UP,200,941,,
2026-09-30T22:53:28.622686+00:00,LibGen,LibGen.bz,UP,200,653,,
2026-09-30T22:54:29.159711+00:00,LibGen,LibGen.bz,UP,200,797,,
2026-09-30T22:55:29.974379+00:00,LibGen,LibGen.bz,UP,200,711,,
2026-09-30T22:56:31.232693+00:00,LibGen,LibGen.bz,UP,200,732,,
2026-09-30T22:57:31.209406+00:00,LibGen,LibGen.bz,UP,200,1138,,
2026-09-30T22:58:31.406344+00:00,LibGen,LibGen.bz,UP,200,810,,
2026-09-30T22:59:32.094933+00:00,LibGen,LibGen.bz,UP,200,1725,,
2026-09-30T23:00:31.550848+00:00,LibGen,LibGen.bz,UP,200,765,,
2026-09-30T23:01:31.886724+00:00,LibGen,LibGen.bz,UP,200,731,,
2026-09-30T23:02:32.166496+00:00,LibGen,LibGen.bz,UP,200,805,,
2026-09-30T23:03:32.305238+00:00,LibGen,LibGen.bz,UP,200,750,,
2026-09-30T23:04:33.365782+00:00,LibGen,LibGen.bz,UP,200,730,,
2026-09-30T23:05:34.794595+00:00,LibGen,LibGen.bz,UP,200,1184,,
2026-09-30T23:06:34.511068+00:00,LibGen,LibGen.bz,UP,200,793,,
2026-09-30T23:07:34.106815+00:00,LibGen,LibGen.bz,UP,200,937,,
2026-09-30T23:08:34.781464+00:00,LibGen,LibGen.bz,UP,200,723,,
2026-09-30T23:09:34.894994+00:00,LibGen,LibGen.bz,UP,200,736,,
2026-09-30T23:10:35.175084+00:00,LibGen,LibGen.bz,UP,200,840,,
2026-09-30T23:11:36.187360+00:00,LibGen,LibGen.bz,UP,200,808,,
2026-09-30T23:12:36.127878+00:00,LibGen,LibGen.bz,UP,200,725,,
2026-09-30T23:13:38.140781+00:00,LibGen,LibGen.bz,DOWN,502,2645,http_error,
2026-09-30T23:14:37.468527+00:00,LibGen,LibGen.bz,UP,200,738,,
2026-09-30T23:15:36.600228+00:00,LibGen,LibGen.bz,UP,200,318,,
2026-09-30T23:16:37.657169+00:00,LibGen,LibGen.bz,UP,200,727,,
2026-09-30T23:17:37.222060+00:00,LibGen,LibGen.bz,UP,200,603,,
2026-09-30T23:18:40.593908+00:00,LibGen,LibGen.bz,DEGRADED,200,3816,latency_high,
2026-09-30T23:19:38.019689+00:00,LibGen,LibGen.bz,UP,200,977,,
2026-09-30T23:20:37.938138+00:00,LibGen,LibGen.bz,UP,200,817,,
2026-09-30T23:21:41.556949+00:00,LibGen,LibGen.bz,DEGRADED,200,3759,latency_high,
2026-09-30T23:22:38.800377+00:00,LibGen,LibGen.bz,UP,200,818,,
2026-09-30T23:23:39.430474+00:00,LibGen,LibGen.bz,UP,200,803,,
2026-09-30T23:24:40.999201+00:00,LibGen,LibGen.bz,UP,200,714,,
2026-09-30T23:25:40.145409+00:00,LibGen,LibGen.bz,UP,200,760,,
2026-09-30T23:26:41.266659+00:00,LibGen,LibGen.bz,UP,200,620,,
2026-09-30T23:27:40.996011+00:00,LibGen,LibGen.bz,UP,200,782,,
2026-09-30T23:28:41.652572+00:00,LibGen,LibGen.bz,UP,200,622,,
2026-09-30T23:29:41.277155+00:00,LibGen,LibGen.bz,UP,200,656,,
2026-09-30T23:30:42.059556+00:00,LibGen,LibGen.bz,UP,200,913,,
2026-09-30T23:31:42.027222+00:00,LibGen,LibGen.bz,UP,200,361,,
2026-09-30T23:32:42.578546+00:00,LibGen,LibGen.bz,UP,200,770,,
2026-09-30T23:33:43.647194+00:00,LibGen,LibGen.bz,UP,200,1113,,
2026-09-30T23:35:06.352067+00:00,LibGen,LibGen.bz,DOWN,,,connection_refused,
2026-09-30T23:35:43.937826+00:00,LibGen,LibGen.bz,UP,200,676,,
2026-09-30T23:36:44.460364+00:00,LibGen,LibGen.bz,UP,200,656,,
2026-09-30T23:37:44.400768+00:00,LibGen,LibGen.bz,DOWN,,,connection_refused,
2026-09-30T23:38:45.220728+00:00,LibGen,LibGen.bz,UP,200,735,,
2026-09-30T23:39:47.517327+00:00,LibGen,LibGen.bz,UP,200,2824,,
2026-09-30T23:40:45.457356+00:00,LibGen,LibGen.bz,UP,200,704,,
2026-09-30T23:41:45.448564+00:00,LibGen,LibGen.bz,UP,200,597,,
2026-09-30T23:42:46.580573+00:00,LibGen,LibGen.bz,UP,200,1512,,
2026-09-30T23:43:45.811435+00:00,LibGen,LibGen.bz,UP,200,754,,
2026-09-30T23:44:45.824440+00:00,LibGen,LibGen.bz,UP,200,706,,
2026-09-30T23:45:46.060498+00:00,LibGen,LibGen.bz,UP,200,728,,
2026-09-30T23:46:46.977861+00:00,LibGen,LibGen.bz,UP,200,828,,
2026-09-30T23:47:47.395126+00:00,LibGen,LibGen.bz,UP,200,725,,
2026-09-30T23:48:47.309420+00:00,LibGen,LibGen.bz,UP,200,745,,
2026-09-30T23:49:48.396066+00:00,LibGen,LibGen.bz,UP,200,1676,,
2026-09-30T23:50:47.731412+00:00,LibGen,LibGen.bz,UP,200,309,,
2026-09-30T23:51:48.245148+00:00,LibGen,LibGen.bz,UP,200,308,,
2026-09-30T23:52:48.264529+00:00,LibGen,LibGen.bz,UP,200,611,,
2026-09-30T23:53:48.394952+00:00,LibGen,LibGen.bz,UP,200,674,,
2026-09-30T23:54:48.615608+00:00,LibGen,LibGen.bz,UP,200,831,,
2026-09-30T23:55:50.120553+00:00,LibGen,LibGen.bz,UP,200,774,,
2026-09-30T23:56:49.394724+00:00,LibGen,LibGen.bz,UP,200,757,,
2026-09-30T23:57:49.881303+00:00,LibGen,LibGen.bz,UP,200,683,,
2026-09-30T23:58:49.919695+00:00,LibGen,LibGen.bz,UP,200,952,,
2026-10-01T00:00:10.146913+00:00,LibGen,LibGen.bz,DOWN,,,connection_refused,
2026-10-01T00:00:51.151661+00:00,LibGen,LibGen.bz,UP,200,1058,,
2026-10-01T00:01:50.995184+00:00,LibGen,LibGen.bz,UP,200,1014,,
2026-10-01T00:02:51.072251+00:00,LibGen,LibGen.bz,UP,200,506,,
2026-10-01T00:03:54.255783+00:00,LibGen,LibGen.bz,UP,200,1124,,
2026-10-01T00:04:51.891582+00:00,LibGen,LibGen.bz,UP,200,741,,
2026-10-01T00:05:52.892011+00:00,LibGen,LibGen.bz,UP,200,755,,
2026-10-01T00:06:52.683315+00:00,LibGen,LibGen.bz,UP,200,734,,
2026-10-01T00:07:52.901020+00:00,LibGen,LibGen.bz,UP,200,620,,
2026-10-01T00:08:53.202174+00:00,LibGen,LibGen.bz,UP,200,754,,
2026-10-01T00:09:54.137614+00:00,LibGen,LibGen.bz,UP,200,735,,
2026-10-01T00:10:56.845812+00:00,LibGen,LibGen.bz,UP,200,946,,
2026-10-01T00:11:54.672376+00:00,LibGen,LibGen.bz,UP,200,787,,
2026-10-01T00:12:54.861172+00:00,LibGen,LibGen.bz,UP,200,687,,
2026-10-01T00:13:54.771658+00:00,LibGen,LibGen.bz,UP,200,314,,
2026-10-01T00:14:55.722456+00:00,LibGen,LibGen.bz,UP,200,786,,
2026-10-01T00:15:56.521084+00:00,LibGen,LibGen.bz,UP,200,833,,
2026-10-01T00:16:57.347988+00:00,LibGen,LibGen.bz,UP,200,755,,
2026-10-01T00:17:57.176252+00:00,LibGen,LibGen.bz,UP,200,715,,
2026-10-01T00:18:57.556033+00:00,LibGen,LibGen.bz,UP,200,279,,
2026-10-01T00:19:58.108051+00:00,LibGen,LibGen.bz,UP,200,680,,
2026-10-01T00:20:59.418190+00:00,LibGen,LibGen.bz,UP,200,695,,
2026-10-01T00:21:59.741946+00:00,LibGen,LibGen.bz,UP,200,1167,,
2026-10-01T00:22:59.468565+00:00,LibGen,LibGen.bz,UP,200,651,,
2026-10-01T00:24:00.115503+00:00,LibGen,LibGen.bz,UP,200,733,,
2026-10-01T00:25:20.987307+00:00,LibGen,LibGen.bz,DOWN,,,connection_refused,
2026-10-01T00:26:02.398048+00:00,LibGen,LibGen.bz,UP,200,1251,,
2026-10-01T00:27:01.856153+00:00,LibGen,LibGen.bz,UP,200,701,,
2026-10-01T00:28:02.501836+00:00,LibGen,LibGen.bz,UP,200,754,,
2026-10-01T00:29:03.592846+00:00,LibGen,LibGen.bz,UP,200,705,,
2026-10-01T00:30:04.765069+00:00,LibGen,LibGen.bz,UP,200,1275,,
2026-10-01T00:31:23.618381+00:00,LibGen,LibGen.bz,DOWN,,,connection_refused,
2026-10-01T00:32:04.636921+00:00,LibGen,LibGen.bz,UP,200,886,,
2026-10-01T00:33:04.799415+00:00,LibGen,LibGen.bz,UP,200,875,,
2026-10-01T00:34:05.206007+00:00,LibGen,LibGen.bz,UP,200,710,,
2026-10-01T00:35:05.846606+00:00,LibGen,LibGen.bz,UP,200,1135,,
2026-10-01T00:36:05.618631+00:00,LibGen,LibGen.bz,UP,200,793,,
2026-10-01T00:37:06.304412+00:00,LibGen,LibGen.bz,UP,200,810,,
2026-10-01T00:38:09.905887+00:00,LibGen,LibGen.bz,DEGRADED,200,3706,latency_high,
2026-10-01T00:39:06.875616+00:00,LibGen,LibGen.bz,UP,200,764,,
2026-10-01T00:40:08.591348+00:00,LibGen,LibGen.bz,UP,200,1700,,
2026-10-01T00:41:08.113133+00:00,LibGen,LibGen.bz,UP,200,886,,
2026-10-01T00:42:08.287711+00:00,LibGen,LibGen.bz,UP,200,758,,
2026-10-01T00:43:09.028994+00:00,LibGen,LibGen.bz,UP,200,852,,
2026-10-01T00:44:08.618345+00:00,LibGen,LibGen.bz,UP,200,669,,
2026-10-01T00:45:09.402668+00:00,LibGen,LibGen.bz,UP,200,800,,
2026-10-01T00:46:09.562978+00:00,LibGen,LibGen.bz,UP,200,769,,
2026-10-01T00:47:10.295852+00:00,LibGen,LibGen.bz,UP,200,1044,,
2026-10-01T00:48:09.579453+00:00,LibGen,LibGen.bz,UP,200,297,,
2026-10-01T00:49:11.494576+00:00,LibGen,LibGen.bz,UP,200,1517,,
2026-10-01T00:50:11.517892+00:00,LibGen,LibGen.bz,UP,200,865,,
2026-10-01T00:51:11.451438+00:00,LibGen,LibGen.bz,UP,200,620,,
2026-10-01T00:52:11.655400+00:00,LibGen,LibGen.bz,UP,200,647,,
2026-10-01T00:53:32.230835+00:00,LibGen,LibGen.bz,DOWN,,,connection_refused,
2026-10-01T00:54:12.229956+00:00,LibGen,LibGen.bz,UP,200,686,,
2026-10-01T00:55:13.043757+00:00,LibGen,LibGen.bz,UP,200,1210,,
2026-10-01T00:56:13.138464+00:00,LibGen,LibGen.bz,UP,200,1202,,
2026-10-01T00:57:13.780490+00:00,LibGen,LibGen.bz,UP,200,811,,
2026-10-01T00:58:14.033516+00:00,LibGen,LibGen.bz,UP,200,710,,
2026-10-01T00:59:33.934336+00:00,LibGen,LibGen.bz,TIMEOUT,,,timeout,
2026-10-01T01:00:30.129890+00:00,LibGen,LibGen.bz,DEGRADED,200,16345,latency_high,
2026-10-01T01:01:14.912612+00:00,LibGen,LibGen.bz,UP,200,756,,
2026-10-01T01:02:15.612214+00:00,LibGen,LibGen.bz,UP,200,808,,
2026-10-01T01:03:16.747547+00:00,LibGen,LibGen.bz,UP,200,769,,
2026-10-01T01:04:16.169374+00:00,LibGen,LibGen.bz,UP,200,635,,
2026-10-01T01:05:16.577907+00:00,LibGen,LibGen.bz,UP,200,800,,
2026-10-01T01:06:16.648436+00:00,LibGen,LibGen.bz,UP,200,657,,
2026-10-01T01:07:16.973070+00:00,LibGen,LibGen.bz,UP,200,789,,
2026-10-01T01:08:17.542062+00:00,LibGen,LibGen.bz,UP,200,608,,
2026-10-01T01:09:21.079371+00:00,LibGen,LibGen.bz,DEGRADED,200,3707,latency_high,
2026-10-01T01:10:18.070481+00:00,LibGen,LibGen.bz,UP,200,1178,,
2026-10-01T01:11:17.802890+00:00,LibGen,LibGen.bz,UP,200,261,,
2026-10-01T01:12:19.428584+00:00,LibGen,LibGen.bz,UP,200,1275,,
2026-10-01T01:13:19.030080+00:00,LibGen,LibGen.bz,UP,200,775,,
2026-10-01T01:14:38.904251+00:00,LibGen,LibGen.bz,DOWN,,,connection_refused,
2026-10-01T01:15:20.309268+00:00,LibGen,LibGen.bz,UP,200,918,,
2026-10-01T01:16:20.118130+00:00,LibGen,LibGen.bz,UP,200,779,,
2026-10-01T01:17:20.677336+00:00,LibGen,LibGen.bz,UP,200,747,,
2026-10-01T01:18:20.657376+00:00,LibGen,LibGen.bz,UP,200,743,,
2026-10-01T01:19:22.222864+00:00,LibGen,LibGen.bz,UP,200,765,,
2026-10-01T01:20:21.269982+00:00,LibGen,LibGen.bz,UP,200,738,,
2026-10-01T01:21:22.271840+00:00,LibGen,LibGen.bz,UP,200,695,,
2026-10-01T01:22:22.232227+00:00,LibGen,LibGen.bz,UP,200,742,,
2026-10-01T01:23:23.673056+00:00,LibGen,LibGen.bz,UP,200,1049,,
2026-10-01T01:24:22.929657+00:00,LibGen,LibGen.bz,UP,200,722,,
2026-10-01T01:25:22.668999+00:00,LibGen,LibGen.bz,UP,200,717,,
2026-10-01T01:26:22.594708+00:00,LibGen,LibGen.bz,DOWN,,,connection_refused,
2026-10-01T01:27:25.970559+00:00,LibGen,LibGen.bz,UP,200,836,,
2026-10-01T01:28:24.623345+00:00,LibGen,LibGen.bz,UP,200,776,,
2026-10-01T01:29:25.014466+00:00,LibGen,LibGen.bz,UP,200,826,,
2026-10-01T01:30:26.279885+00:00,LibGen,LibGen.bz,UP,200,848,,
2026-10-01T01:31:25.631595+00:00,LibGen,LibGen.bz,UP,200,889,,
2026-10-01T01:32:26.209983+00:00,LibGen,LibGen.bz,UP,200,808,,
2026-10-01T01:33:26.471928+00:00,LibGen,LibGen.bz,UP,200,793,,
2026-10-01T01:34:26.751077+00:00,LibGen,LibGen.bz,UP,200,813,,
2026-10-01T01:35:26.848588+00:00,LibGen,LibGen.bz,UP,200,782,,
2026-10-01T01:36:48.250942+00:00,LibGen,LibGen.bz,DOWN,,,connection_refused,
2026-10-01T01:37:28.116499+00:00,LibGen,LibGen.bz,UP,200,731,,
2026-10-01T01:38:28.436405+00:00,LibGen,LibGen.bz,UP,200,659,,
2026-10-01T01:39:28.847673+00:00,LibGen,LibGen.bz,UP,200,313,,
2026-10-01T01:40:29.572324+00:00,LibGen,LibGen.bz,UP,200,817,,
2026-10-01T01:41:30.223211+00:00,LibGen,LibGen.bz,UP,200,714,,
2026-10-01T01:42:31.326482+00:00,LibGen,LibGen.bz,UP,200,1095,,
2026-10-01T01:43:31.523960+00:00,LibGen,LibGen.bz,UP,200,1239,,
2026-10-01T01:44:31.631168+00:00,LibGen,LibGen.bz,UP,200,818,,
2026-10-01T01:45:31.929007+00:00,LibGen,LibGen.bz,UP,200,883,,
2026-10-01T01:46:31.852457+00:00,LibGen,LibGen.bz,UP,200,260,,
2026-10-01T01:47:33.144123+00:00,LibGen,LibGen.bz,UP,200,787,,
2026-10-01T01:48:33.168365+00:00,LibGen,LibGen.bz,UP,200,742,,
2026-10-01T01:49:34.463474+00:00,LibGen,LibGen.bz,UP,200,978,,
2026-10-01T01:50:34.218155+00:00,LibGen,LibGen.bz,UP,200,729,,
2026-10-01T01:51:35.969034+00:00,LibGen,LibGen.bz,UP,200,1082,,
2026-10-01T01:52:35.994600+00:00,LibGen,LibGen.bz,UP,200,628,,
2026-10-01T01:53:35.379205+00:00,LibGen,LibGen.bz,UP,200,669,,
2026-10-01T01:54:35.689595+00:00,LibGen,LibGen.bz,UP,200,565,,
2026-10-01T01:55:35.643429+00:00,LibGen,LibGen.bz,UP,200,644,,
2026-10-01T01:56:36.392035+00:00,LibGen,LibGen.bz,UP,200,761,,
2026-10-01T01:57:36.514866+00:00,LibGen,LibGen.bz,UP,200,695,,
2026-10-01T01:58:37.021877+00:00,LibGen,LibGen.bz,UP,200,802,,
2026-10-01T01:59:42.112009+00:00,LibGen,LibGen.bz,DEGRADED,200,5334,latency_high,
2026-10-01T02:00:40.984603+00:00,LibGen,LibGen.bz,UP,200,2954,,
2026-10-01T02:01:41.964465+00:00,LibGen,LibGen.bz,DEGRADED,200,4015,latency_high,
2026-10-01T02:02:38.749778+00:00,LibGen,LibGen.bz,UP,200,653,,
2026-10-01T02:03:39.117939+00:00,LibGen,LibGen.bz,UP,200,747,,
2026-10-01T02:04:40.090438+00:00,LibGen,LibGen.bz,UP,200,1065,,
2026-10-01T02:05:43.769694+00:00,LibGen,LibGen.bz,DEGRADED,200,4969,latency_high,
2026-10-01T02:06:39.838351+00:00,LibGen,LibGen.bz,UP,200,829,,
2026-10-01T02:07:59.858811+00:00,LibGen,LibGen.bz,DOWN,,,connection_refused,
2026-10-01T02:08:40.222427+00:00,LibGen,LibGen.bz,UP,200,733,,
2026-10-01T02:09:40.821265+00:00,LibGen,LibGen.bz,UP,200,771,,
2026-10-01T02:10:41.380618+00:00,LibGen,LibGen.bz,UP,200,728,,
2026-10-01T02:11:41.391751+00:00,LibGen,LibGen.bz,UP,200,731,,
2026-10-01T02:12:42.263335+00:00,LibGen,LibGen.bz,UP,200,751,,
2026-10-01T02:13:41.996357+00:00,LibGen,LibGen.bz,UP,200,351,,
2026-10-01T02:14:42.813762+00:00,LibGen,LibGen.bz,UP,200,861,,
2026-10-01T02:15:42.993102+00:00,LibGen,LibGen.bz,UP,200,795,,
2026-10-01T02:17:03.700642+00:00,LibGen,LibGen.bz,DOWN,,,connection_refused,
2026-10-01T02:17:44.044932+00:00,LibGen,LibGen.bz,UP,200,767,,
2026-10-01T02:18:45.007496+00:00,LibGen,LibGen.bz,UP,200,1886,,
2026-10-01T02:19:43.608041+00:00,LibGen,LibGen.bz,UP,200,310,,
2026-10-01T02:20:44.813457+00:00,LibGen,LibGen.bz,UP,200,745,,
2026-10-01T02:21:45.639910+00:00,LibGen,LibGen.bz,UP,200,1071,,
2026-10-01T02:22:45.633690+00:00,LibGen,LibGen.bz,UP,200,624,,
2026-10-01T02:23:45.601243+00:00,LibGen,LibGen.bz,UP,200,913,,
2026-10-01T02:24:45.534208+00:00,LibGen,LibGen.bz,UP,200,819,,
2026-10-01T02:25:48.145136+00:00,LibGen,LibGen.bz,UP,200,1653,,
2026-10-01T02:26:47.329810+00:00,LibGen,LibGen.bz,UP,200,727,,
2026-10-01T02:28:07.422401+00:00,LibGen,LibGen.bz,DOWN,,,connection_refused,
2026-10-01T02:28:47.463394+00:00,LibGen,LibGen.bz,UP,200,857,,
2026-10-01T02:29:47.857653+00:00,LibGen,LibGen.bz,UP,200,649,,
2026-10-01T02:30:48.409859+00:00,LibGen,LibGen.bz,UP,200,929,,
2026-10-01T02:31:49.644412+00:00,LibGen,LibGen.bz,UP,200,1367,,
2026-10-01T02:32:48.904125+00:00,LibGen,LibGen.bz,UP,200,696,,
2026-10-01T02:33:49.607933+00:00,LibGen,LibGen.bz,UP,200,1013,,
2026-10-01T02:34:50.133180+00:00,LibGen,LibGen.bz,UP,200,1066,,
2026-10-01T02:35:50.069838+00:00,LibGen,LibGen.bz,UP,200,740,,
2026-10-01T02:36:50.216202+00:00,LibGen,LibGen.bz,UP,200,671,,
2026-10-01T02:37:51.110924+00:00,LibGen,LibGen.bz,UP,200,651,,
2026-10-01T02:38:50.875606+00:00,LibGen,LibGen.bz,UP,200,878,,
2026-10-01T02:39:51.281388+00:00,LibGen,LibGen.bz,UP,200,737,,
2026-10-01T02:40:52.084001+00:00,LibGen,LibGen.bz,UP,200,691,,
2026-10-01T02:41:53.146490+00:00,LibGen,LibGen.bz,UP,200,666,,
2026-10-01T02:42:52.443295+00:00,LibGen,LibGen.bz,UP,200,701,,
2026-10-01T02:43:52.841914+00:00,LibGen,LibGen.bz,UP,200,705,,
2026-10-01T02:44:52.444572+00:00,LibGen,LibGen.bz,UP,200,655,,
2026-10-01T02:45:53.890022+00:00,LibGen,LibGen.bz,UP,200,1529,,
2026-10-01T02:46:53.950265+00:00,LibGen,LibGen.bz,UP,200,727,,
2026-10-01T02:47:56.526361+00:00,LibGen,LibGen.bz,DEGRADED,200,3462,latency_high,
2026-10-01T02:48:54.132304+00:00,LibGen,LibGen.bz,UP,200,777,,
2026-10-01T02:49:54.966317+00:00,LibGen,LibGen.bz,UP,200,673,,
2026-10-01T02:50:55.226089+00:00,LibGen,LibGen.bz,UP,200,693,,
2026-10-01T02:51:55.460753+00:00,LibGen,LibGen.bz,UP,200,662,,
2026-10-01T02:52:55.668231+00:00,LibGen,LibGen.bz,UP,200,668,,
2026-10-01T02:53:55.957817+00:00,LibGen,LibGen.bz,UP,200,660,,
2026-10-01T02:54:56.687017+00:00,LibGen,LibGen.bz,UP,200,966,,
2026-10-01T02:55:56.371385+00:00,LibGen,LibGen.bz,UP,200,300,,
2026-10-01T02:56:57.428909+00:00,LibGen,LibGen.bz,UP,200,752,,
2026-10-01T02:57:57.280579+00:00,LibGen,LibGen.bz,UP,200,717,,
2026-10-01T02:58:58.179592+00:00,LibGen,LibGen.bz,UP,200,755,,
2026-10-01T02:59:59.627240+00:00,LibGen,LibGen.bz,UP,200,1085,,
2026-10-01T03:00:59.378012+00:00,LibGen,LibGen.bz,UP,200,949,,
2026-10-01T03:02:00.738075+00:00,LibGen,LibGen.bz,UP,200,1664,,
2026-10-01T03:03:00.511514+00:00,LibGen,LibGen.bz,UP,200,762,,
2026-10-01T03:04:01.299557+00:00,LibGen,LibGen.bz,UP,200,840,,
2026-10-01T03:05:02.135934+00:00,LibGen,LibGen.bz,UP,200,862,,
2026-10-01T03:06:02.757349+00:00,LibGen,LibGen.bz,UP,200,899,,
2026-10-01T03:07:02.728176+00:00,LibGen,LibGen.bz,UP,200,688,,
2026-10-01T03:08:03.020128+00:00,LibGen,LibGen.bz,UP,200,736,,
2026-10-01T03:09:23.826707+00:00,LibGen,LibGen.bz,DOWN,,,connection_refused,
2026-10-01T03:10:03.991504+00:00,LibGen,LibGen.bz,UP,200,931,,
2026-10-01T03:11:05.106412+00:00,LibGen,LibGen.bz,UP,200,785,,
2026-10-01T03:12:04.702601+00:00,LibGen,LibGen.bz,UP,200,414,,
2026-10-01T03:13:05.521321+00:00,LibGen,LibGen.bz,UP,200,938,,
2026-10-01T03:14:04.970062+00:00,LibGen,LibGen.bz,UP,200,688,,
2026-10-01T03:15:05.741924+00:00,LibGen,LibGen.bz,UP,200,891,,
2026-10-01T03:16:07.388387+00:00,LibGen,LibGen.bz,UP,200,798,,
2026-10-01T03:17:07.039728+00:00,LibGen,LibGen.bz,UP,200,1062,,
2026-10-01T03:18:07.381379+00:00,LibGen,LibGen.bz,UP,200,763,,
2026-10-01T03:19:07.816522+00:00,LibGen,LibGen.bz,UP,200,744,,
2026-10-01T03:20:08.101006+00:00,LibGen,LibGen.bz,UP,200,721,,
2026-10-01T03:21:08.355611+00:00,LibGen,LibGen.bz,UP,200,704,,
2026-10-01T03:22:09.506855+00:00,LibGen,LibGen.bz,UP,200,752,,
2026-10-01T03:23:09.257760+00:00,LibGen,LibGen.bz,UP,200,643,,
2026-10-01T03:24:09.845506+00:00,LibGen,LibGen.bz,UP,200,649,,
2026-10-01T03:25:09.984601+00:00,LibGen,LibGen.bz,UP,200,622,,
2026-10-01T03:26:11.193015+00:00,LibGen,LibGen.bz,UP,200,678,,
2026-10-01T03:27:11.393243+00:00,LibGen,LibGen.bz,UP,200,1079,,
2026-10-01T03:28:10.822086+00:00,LibGen,LibGen.bz,UP,200,817,,
2026-10-01T03:29:10.891548+00:00,LibGen,LibGen.bz,UP,200,619,,
2026-10-01T03:30:11.159182+00:00,LibGen,LibGen.bz,UP,200,708,,
2026-10-01T03:31:11.856609+00:00,LibGen,LibGen.bz,UP,200,696,,
2026-10-01T03:32:15.758495+00:00,LibGen,LibGen.bz,UP,200,2153,,
2026-10-01T03:33:12.930207+00:00,LibGen,LibGen.bz,UP,200,685,,
2026-10-01T03:34:13.580752+00:00,LibGen,LibGen.bz,UP,200,751,,
2026-10-01T03:35:14.351167+00:00,LibGen,LibGen.bz,UP,200,713,,
2026-10-01T03:36:13.930826+00:00,LibGen,LibGen.bz,UP,200,645,,
2026-10-01T03:37:13.809655+00:00,LibGen,LibGen.bz,UP,200,286,,
2026-10-01T03:38:14.051157+00:00,LibGen,LibGen.bz,UP,200,340,,
2026-10-01T03:39:14.542795+00:00,LibGen,LibGen.bz,UP,200,692,,
2026-10-01T03:40:15.632430+00:00,LibGen,LibGen.bz,UP,200,693,,
2026-10-01T03:41:17.092466+00:00,LibGen,LibGen.bz,UP,200,1345,,
2026-10-01T03:42:15.657963+00:00,LibGen,LibGen.bz,UP,200,268,,
2026-10-01T03:43:16.209094+00:00,LibGen,LibGen.bz,UP,200,980,,
2026-10-01T03:44:16.550125+00:00,LibGen,LibGen.bz,UP,200,789,,
2026-10-01T03:45:17.873041+00:00,LibGen,LibGen.bz,UP,200,1675,,
2026-10-01T03:46:17.576501+00:00,LibGen,LibGen.bz,UP,200,733,,
2026-10-01T03:47:17.190390+00:00,LibGen,LibGen.bz,UP,200,315,,
2026-10-01T03:48:19.148480+00:00,LibGen,LibGen.bz,UP,200,729,,
2026-10-01T03:49:18.994013+00:00,LibGen,LibGen.bz,UP,200,1149,,
2026-10-01T03:50:18.722047+00:00,LibGen,LibGen.bz,UP,200,769,,
2026-10-01T03:51:19.762973+00:00,LibGen,LibGen.bz,UP,200,696,,
2026-10-01T03:52:20.822794+00:00,LibGen,LibGen.bz,UP,200,834,,
2026-10-01T03:53:20.302519+00:00,LibGen,LibGen.bz,UP,200,626,,
2026-10-01T03:54:21.112700+00:00,LibGen,LibGen.bz,UP,200,771,,
2026-10-01T03:55:20.757680+00:00,LibGen,LibGen.bz,UP,200,702,,
2026-10-01T03:56:20.913199+00:00,LibGen,LibGen.bz,UP,200,645,,
2026-10-01T03:57:22.084202+00:00,LibGen,LibGen.bz,UP,200,783,,
2026-10-01T03:58:22.582074+00:00,LibGen,LibGen.bz,UP,200,1150,,
2026-10-01T03:59:23.200886+00:00,LibGen,LibGen.bz,UP,200,1599,,
2026-10-01T04:00:42.737357+00:00,LibGen,LibGen.bz,DOWN,,,connection_refused,
2026-10-01T04:01:22.855022+00:00,LibGen,LibGen.bz,UP,200,595,,
2026-10-01T04:02:42.987263+00:00,LibGen,LibGen.bz,DOWN,,,connection_refused,
2026-10-01T04:03:23.411588+00:00,LibGen,LibGen.bz,UP,200,663,,
2026-10-01T04:04:26.424665+00:00,LibGen,LibGen.bz,UP,200,2850,,
2026-10-01T04:05:24.531495+00:00,LibGen,LibGen.bz,UP,200,741,,
2026-10-01T04:06:25.119494+00:00,LibGen,LibGen.bz,UP,200,993,,
2026-10-01T04:07:25.990620+00:00,LibGen,LibGen.bz,UP,200,821,,
2026-10-01T04:08:46.002697+00:00,LibGen,LibGen.bz,DOWN,,,connection_refused,
2026-10-01T04:09:26.449750+00:00,LibGen,LibGen.bz,UP,200,651,,
2026-10-01T04:10:26.258798+00:00,LibGen,LibGen.bz,UP,200,678,,
2026-10-01T04:11:27.001850+00:00,LibGen,LibGen.bz,UP,200,911,,
2026-10-01T04:12:26.703545+00:00,LibGen,LibGen.bz,UP,200,347,,
2026-10-01T04:13:27.714773+00:00,LibGen,LibGen.bz,UP,200,776,,
2026-10-01T04:14:49.939811+00:00,LibGen,LibGen.bz,DOWN,,,connection_refused,
2026-10-01T04:15:28.599471+00:00,LibGen,LibGen.bz,UP,200,765,,
2026-10-01T04:16:29.345920+00:00,LibGen,LibGen.bz,UP,200,793,,
2026-10-01T04:17:29.491161+00:00,LibGen,LibGen.bz,UP,200,668,,
2026-10-01T04:18:29.471054+00:00,LibGen,LibGen.bz,UP,200,269,,
2026-10-01T04:19:32.954224+00:00,LibGen,LibGen.bz,UP,200,2068,,
2026-10-01T04:20:31.837931+00:00,LibGen,LibGen.bz,UP,200,702,,
2026-10-01T04:21:32.502871+00:00,LibGen,LibGen.bz,UP,200,1127,,
2026-10-01T04:22:32.237490+00:00,LibGen,LibGen.bz,UP,200,691,,
2026-10-01T04:23:32.690047+00:00,LibGen,LibGen.bz,UP,200,759,,
2026-10-01T04:24:33.207854+00:00,LibGen,LibGen.bz,UP,200,639,,
2026-10-01T04:25:33.212922+00:00,LibGen,LibGen.bz,UP,200,818,,
2026-10-01T04:26:33.809497+00:00,LibGen,LibGen.bz,UP,200,284,,
2026-10-01T04:27:35.469134+00:00,LibGen,LibGen.bz,UP,200,1671,,
2026-10-01T04:28:34.674717+00:00,LibGen,LibGen.bz,UP,200,671,,
2026-10-01T04:29:34.947115+00:00,LibGen,LibGen.bz,UP,200,675,,
2026-10-01T04:30:35.728937+00:00,LibGen,LibGen.bz,UP,200,710,,
2026-10-01T04:31:35.919884+00:00,LibGen,LibGen.bz,UP,200,645,,
2026-10-01T04:32:36.098007+00:00,LibGen,LibGen.bz,UP,200,588,,
2026-10-01T04:33:36.862594+00:00,LibGen,LibGen.bz,UP,200,677,,
2026-10-01T04:34:37.079587+00:00,LibGen,LibGen.bz,UP,200,707,,
2026-10-01T04:35:38.366326+00:00,LibGen,LibGen.bz,UP,200,747,,
2026-10-01T04:36:37.347809+00:00,LibGen,LibGen.bz,UP,200,296,,
2026-10-01T04:37:37.750655+00:00,LibGen,LibGen.bz,UP,200,556,,
2026-10-01T04:38:38.589414+00:00,LibGen,LibGen.bz,UP,200,738,,
2026-10-01T04:39:42.881971+00:00,LibGen,LibGen.bz,DEGRADED,200,4055,latency_high,
2026-10-01T04:40:39.709146+00:00,LibGen,LibGen.bz,UP,200,658,,
2026-10-01T04:41:40.478139+00:00,LibGen,LibGen.bz,UP,200,684,,
2026-10-01T04:42:42.408940+00:00,LibGen,LibGen.bz,UP,200,758,,
2026-10-01T04:43:40.366929+00:00,LibGen,LibGen.bz,UP,200,777,,
2026-10-01T04:44:40.489476+00:00,LibGen,LibGen.bz,UP,200,709,,
2026-10-01T04:45:40.838375+00:00,LibGen,LibGen.bz,UP,200,775,,
2026-10-01T04:46:41.179489+00:00,LibGen,LibGen.bz,UP,200,800,,
2026-10-01T04:47:42.093490+00:00,LibGen,LibGen.bz,UP,200,274,,
2026-10-01T04:48:41.913251+00:00,LibGen,LibGen.bz,UP,200,672,,
2026-10-01T04:49:42.187450+00:00,LibGen,LibGen.bz,UP,200,702,,
2026-10-01T04:50:42.560922+00:00,LibGen,LibGen.bz,UP,200,771,,
2026-10-01T04:51:42.398915+00:00,LibGen,LibGen.bz,DOWN,,,connection_refused,
2026-10-01T04:52:44.107358+00:00,LibGen,LibGen.bz,UP,200,632,,
2026-10-01T04:53:44.051113+00:00,LibGen,LibGen.bz,UP,200,938,,
2026-10-01T04:54:44.218431+00:00,LibGen,LibGen.bz,UP,200,609,,
2026-10-01T04:55:44.335515+00:00,LibGen,LibGen.bz,UP,200,699,,
2026-10-01T04:56:44.788385+00:00,LibGen,LibGen.bz,UP,200,686,,
2026-10-01T04:57:46.276114+00:00,LibGen,LibGen.bz,UP,200,805,,
2026-10-01T04:58:48.308001+00:00,LibGen,LibGen.bz,DEGRADED,200,3741,latency_high,
2026-10-01T04:59:45.483036+00:00,LibGen,LibGen.bz,UP,200,667,,
2026-10-01T05:00:46.301094+00:00,LibGen,LibGen.bz,UP,200,697,,
2026-10-01T05:01:46.358937+00:00,LibGen,LibGen.bz,UP,200,634,,
2026-10-01T05:02:49.840888+00:00,LibGen,LibGen.bz,DEGRADED,200,3862,latency_high,
2026-10-01T05:03:47.707248+00:00,LibGen,LibGen.bz,UP,200,1012,,
2026-10-01T05:04:47.488465+00:00,LibGen,LibGen.bz,UP,200,617,,
2026-10-01T05:05:48.161251+00:00,LibGen,LibGen.bz,UP,200,654,,
2026-10-01T05:06:49.502554+00:00,LibGen,LibGen.bz,UP,200,1233,,
2026-10-01T05:07:48.931391+00:00,LibGen,LibGen.bz,UP,200,602,,
2026-10-01T05:08:48.860850+00:00,LibGen,LibGen.bz,UP,200,685,,
2026-10-01T05:09:49.572443+00:00,LibGen,LibGen.bz,UP,200,639,,
2026-10-01T05:10:49.797178+00:00,LibGen,LibGen.bz,UP,200,755,,
2026-10-01T05:11:51.834868+00:00,LibGen,LibGen.bz,UP,200,593,,
2026-10-01T05:12:50.905994+00:00,LibGen,LibGen.bz,UP,200,611,,
2026-10-01T05:13:50.993057+00:00,LibGen,LibGen.bz,UP,200,754,,
2026-10-01T05:14:53.740966+00:00,LibGen,LibGen.bz,UP,200,1084,,
2026-10-01T05:15:51.639815+00:00,LibGen,LibGen.bz,UP,200,704,,
2026-10-01T05:16:54.502057+00:00,LibGen,LibGen.bz,UP,200,2851,,
2026-10-01T05:17:52.451503+00:00,LibGen,LibGen.bz,UP,200,741,,
2026-10-01T05:18:53.185841+00:00,LibGen,LibGen.bz,UP,200,774,,
2026-10-01T05:20:12.975731+00:00,LibGen,LibGen.bz,DOWN,,,connection_refused,
2026-10-01T05:20:53.566707+00:00,LibGen,LibGen.bz,UP,200,675,,
2026-10-01T05:21:53.334253+00:00,LibGen,LibGen.bz,UP,200,269,,
2026-10-01T05:22:54.563043+00:00,LibGen,LibGen.bz,UP,200,688,,
2026-10-01T05:23:55.325021+00:00,LibGen,LibGen.bz,UP,200,665,,
2026-10-01T05:24:54.880989+00:00,LibGen,LibGen.bz,UP,200,649,,
2026-10-01T05:25:55.308021+00:00,LibGen,LibGen.bz,UP,200,734,,
2026-10-01T05:27:15.403059+00:00,LibGen,LibGen.bz,DOWN,,,connection_refused,
2026-10-01T05:27:55.734793+00:00,LibGen,LibGen.bz,UP,200,636,,
2026-10-01T05:28:56.536374+00:00,LibGen,LibGen.bz,UP,200,685,,
2026-10-01T05:29:57.505256+00:00,LibGen,LibGen.bz,UP,200,577,,
2026-10-01T05:30:57.241629+00:00,LibGen,LibGen.bz,UP,200,730,,
2026-10-01T05:31:57.898011+00:00,LibGen,LibGen.bz,UP,200,297,,
2026-10-01T05:32:58.189124+00:00,LibGen,LibGen.bz,UP,200,1030,,
2026-10-01T05:33:58.605840+00:00,LibGen,LibGen.bz,UP,200,775,,
2026-10-01T05:34:58.995880+00:00,LibGen,LibGen.bz,UP,200,595,,
2026-10-01T05:35:59.190371+00:00,LibGen,LibGen.bz,UP,200,660,,
2026-10-01T05:37:00.103343+00:00,LibGen,LibGen.bz,UP,200,657,,
2026-10-01T05:37:59.760464+00:00,LibGen,LibGen.bz,UP,200,634,,
2026-10-01T05:39:00.499209+00:00,LibGen,LibGen.bz,UP,200,681,,
2026-10-01T05:40:00.996384+00:00,LibGen,LibGen.bz,UP,200,904,,
2026-10-01T05:41:01.536976+00:00,LibGen,LibGen.bz,UP,200,736,,
2026-10-01T05:42:02.142741+00:00,LibGen,LibGen.bz,UP,200,934,,
2026-10-01T05:43:02.584422+00:00,LibGen,LibGen.bz,UP,200,620,,
2026-10-01T05:44:07.445900+00:00,LibGen,LibGen.bz,DEGRADED,200,4188,latency_high,
2026-10-01T05:45:03.702338+00:00,LibGen,LibGen.bz,UP,200,811,,
2026-10-01T05:46:03.688511+00:00,LibGen,LibGen.bz,UP,200,821,,
2026-10-01T05:47:04.762541+00:00,LibGen,LibGen.bz,UP,200,256,,
2026-10-01T05:48:05.647771+00:00,LibGen,LibGen.bz,UP,200,668,,
2026-10-01T05:49:04.931705+00:00,LibGen,LibGen.bz,UP,200,607,,
2026-10-01T05:50:05.490858+00:00,LibGen,LibGen.bz,UP,200,730,,
2026-10-01T05:51:06.424938+00:00,LibGen,LibGen.bz,UP,200,740,,
2026-10-01T05:52:06.849450+00:00,LibGen,LibGen.bz,UP,200,902,,
2026-10-01T05:53:07.759956+00:00,LibGen,LibGen.bz,UP,200,654,,
2026-10-01T05:54:07.859071+00:00,LibGen,LibGen.bz,UP,200,789,,
2026-10-01T05:55:28.465915+00:00,LibGen,LibGen.bz,DOWN,,,connection_refused,
2026-10-01T05:56:09.012135+00:00,LibGen,LibGen.bz,UP,200,631,,
2026-10-01T05:57:08.857937+00:00,LibGen,LibGen.bz,UP,200,766,,
2026-10-01T05:58:09.368384+00:00,LibGen,LibGen.bz,UP,200,644,,
2026-10-01T05:59:09.615175+00:00,LibGen,LibGen.bz,UP,200,663,,
2026-10-01T06:00:11.263752+00:00,LibGen,LibGen.bz,UP,200,1972,,
2026-10-01T06:01:09.877564+00:00,LibGen,LibGen.bz,UP,200,336,,
2026-10-01T06:02:13.904632+00:00,LibGen,LibGen.bz,DEGRADED,200,3107,latency_high,
2026-10-01T06:03:32.706959+00:00,LibGen,LibGen.bz,DOWN,,,connection_refused,
2026-10-01T06:04:32.187578+00:00,LibGen,LibGen.bz,DOWN,,,connection_refused,
2026-10-01T06:05:11.993231+00:00,LibGen,LibGen.bz,UP,200,701,,
2026-10-01T06:06:13.837929+00:00,LibGen,LibGen.bz,UP,200,1794,,
2026-10-01T06:07:13.533950+00:00,LibGen,LibGen.bz,UP,200,690,,
2026-10-01T06:08:14.102862+00:00,LibGen,LibGen.bz,UP,200,905,,
2026-10-01T06:09:34.172032+00:00,LibGen,LibGen.bz,DOWN,,,connection_refused,
2026-10-01T06:10:14.752670+00:00,LibGen,LibGen.bz,UP,200,718,,
2026-10-01T06:11:15.321368+00:00,LibGen,LibGen.bz,UP,200,850,,
2026-10-01T06:12:15.836500+00:00,LibGen,LibGen.bz,UP,200,796,,
2026-10-01T06:13:16.045560+00:00,LibGen,LibGen.bz,UP,200,750,,
2026-10-01T06:14:16.251839+00:00,LibGen,LibGen.bz,UP,200,716,,
2026-10-01T06:15:18.373360+00:00,LibGen,LibGen.bz,UP,200,2450,,
2026-10-01T06:16:16.758000+00:00,LibGen,LibGen.bz,UP,200,654,,
2026-10-01T06:17:18.220447+00:00,LibGen,LibGen.bz,UP,200,1648,,
2026-10-01T06:18:17.648996+00:00,LibGen,LibGen.bz,UP,200,934,,
2026-10-01T06:19:17.783680+00:00,LibGen,LibGen.bz,UP,200,763,,
2026-10-01T06:20:18.684460+00:00,LibGen,LibGen.bz,UP,200,762,,
2026-10-01T06:21:19.365377+00:00,LibGen,LibGen.bz,UP,200,713,,
2026-10-01T06:22:19.147777+00:00,LibGen,LibGen.bz,UP,200,696,,
2026-10-01T06:23:19.127758+00:00,LibGen,LibGen.bz,UP,200,283,,
2026-10-01T06:24:19.751701+00:00,LibGen,LibGen.bz,UP,200,684,,
2026-10-01T06:25:20.267890+00:00,LibGen,LibGen.bz,UP,200,717,,
2026-10-01T06:26:21.003460+00:00,LibGen,LibGen.bz,UP,200,708,,
2026-10-01T06:27:23.056532+00:00,LibGen,LibGen.bz,UP,200,687,,
2026-10-01T06:28:21.856487+00:00,LibGen,LibGen.bz,UP,200,703,,
2026-10-01T06:29:21.521448+00:00,LibGen,LibGen.bz,UP,200,832,,
2026-10-01T06:30:21.953577+00:00,LibGen,LibGen.bz,UP,200,941,,
2026-10-01T06:31:22.078261+00:00,LibGen,LibGen.bz,UP,200,298,,
2026-10-01T06:32:22.718895+00:00,LibGen,LibGen.bz,UP,200,706,,
2026-10-01T06:33:23.633976+00:00,LibGen,LibGen.bz,UP,200,797,,
2026-10-01T06:34:24.045995+00:00,LibGen,LibGen.bz,UP,200,682,,
2026-10-01T06:35:24.417240+00:00,LibGen,LibGen.bz,UP,200,781,,
2026-10-01T06:36:25.058120+00:00,LibGen,LibGen.bz,UP,200,703,,
2026-10-01T06:37:26.043645+00:00,LibGen,LibGen.bz,UP,200,1572,,
2026-10-01T06:38:25.369374+00:00,LibGen,LibGen.bz,UP,200,664,,
2026-10-01T06:39:27.388900+00:00,LibGen,LibGen.bz,UP,200,659,,
2026-10-01T06:40:27.102537+00:00,LibGen,LibGen.bz,UP,200,767,,
2026-10-01T06:41:28.365455+00:00,LibGen,LibGen.bz,UP,200,718,,
2026-10-01T06:42:28.692711+00:00,LibGen,LibGen.bz,UP,200,711,,
2026-10-01T06:43:29.573511+00:00,LibGen,LibGen.bz,UP,200,701,,
2026-10-01T06:44:29.763530+00:00,LibGen,LibGen.bz,UP,200,767,,
2026-10-01T06:45:30.576063+00:00,LibGen,LibGen.bz,UP,200,755,,
2026-10-01T06:46:32.264964+00:00,LibGen,LibGen.bz,UP,200,688,,
2026-10-01T06:47:32.330432+00:00,LibGen,LibGen.bz,UP,200,691,,
2026-10-01T06:48:32.933941+00:00,LibGen,LibGen.bz,UP,200,708,,
2026-10-01T06:49:33.140728+00:00,LibGen,LibGen.bz,UP,200,767,,
2026-10-01T06:50:34.377960+00:00,LibGen,LibGen.bz,UP,200,653,,
2026-10-01T06:51:34.337108+00:00,LibGen,LibGen.bz,UP,200,700,,
2026-10-01T06:52:54.792860+00:00,LibGen,LibGen.bz,DOWN,,,connection_refused,
2026-10-01T06:53:35.064012+00:00,LibGen,LibGen.bz,UP,200,752,,
2026-10-01T06:54:35.965207+00:00,LibGen,LibGen.bz,UP,200,729,,
2026-10-01T06:55:37.376845+00:00,LibGen,LibGen.bz,UP,200,1140,,
2026-10-01T06:56:38.807181+00:00,LibGen,LibGen.bz,UP,200,702,,
2026-10-01T06:57:39.000039+00:00,LibGen,LibGen.bz,UP,200,656,,
2026-10-01T06:58:40.340463+00:00,LibGen,LibGen.bz,UP,200,1028,,
2026-10-01T06:59:40.374266+00:00,LibGen,LibGen.bz,UP,200,726,,
2026-10-01T07:00:41.059836+00:00,LibGen,LibGen.bz,UP,200,724,,
2026-10-01T07:01:40.918978+00:00,LibGen,LibGen.bz,UP,200,278,,
2026-10-01T07:02:41.396650+00:00,LibGen,LibGen.bz,UP,200,700,,
2026-10-01T07:03:42.213873+00:00,LibGen,LibGen.bz,UP,200,692,,
2026-10-01T07:04:42.755022+00:00,LibGen,LibGen.bz,UP,200,710,,
2026-10-01T07:05:43.061392+00:00,LibGen,LibGen.bz,UP,200,687,,
2026-10-01T07:06:43.958707+00:00,LibGen,LibGen.bz,UP,200,671,,
2026-10-01T07:07:45.308660+00:00,LibGen,LibGen.bz,UP,200,666,,
2026-10-01T07:08:48.405953+00:00,LibGen,LibGen.bz,DEGRADED,200,3772,latency_high,
2026-10-01T07:09:46.292802+00:00,LibGen,LibGen.bz,UP,200,673,,
2026-10-01T07:10:46.535811+00:00,LibGen,LibGen.bz,UP,200,872,,
2026-10-01T07:11:47.258755+00:00,LibGen,LibGen.bz,UP,200,669,,
2026-10-01T07:12:48.180300+00:00,LibGen,LibGen.bz,UP,200,692,,
2026-10-01T07:13:49.432923+00:00,LibGen,LibGen.bz,UP,200,625,,
2026-10-01T07:14:50.088965+00:00,LibGen,LibGen.bz,UP,200,777,,
2026-10-01T07:15:50.870490+00:00,LibGen,LibGen.bz,UP,200,709,,
2026-10-01T07:16:52.580369+00:00,LibGen,LibGen.bz,UP,200,1571,,
2026-10-01T07:17:52.437981+00:00,LibGen,LibGen.bz,UP,200,601,,
2026-10-01T07:18:53.353007+00:00,LibGen,LibGen.bz,UP,200,678,,
2026-10-01T07:19:54.249765+00:00,LibGen,LibGen.bz,UP,200,655,,
2026-10-01T07:20:58.210942+00:00,LibGen,LibGen.bz,UP,200,1091,,
2026-10-01T07:21:56.095610+00:00,LibGen,LibGen.bz,UP,200,259,,
2026-10-01T07:22:57.082879+00:00,LibGen,LibGen.bz,UP,200,697,,
2026-10-01T07:23:58.731809+00:00,LibGen,LibGen.bz,UP,200,1017,,
2026-10-01T07:24:58.289347+00:00,LibGen,LibGen.bz,UP,200,256,,
2026-10-01T07:25:59.079091+00:00,LibGen,LibGen.bz,UP,200,986,,
2026-10-01T07:26:58.902742+00:00,LibGen,LibGen.bz,UP,200,277,,
2026-10-01T07:27:59.715772+00:00,LibGen,LibGen.bz,UP,200,604,,
2026-10-01T07:29:00.807910+00:00,LibGen,LibGen.bz,UP,200,671,,
2026-10-01T07:30:00.775577+00:00,LibGen,LibGen.bz,UP,200,614,,
2026-10-01T07:31:01.694686+00:00,LibGen,LibGen.bz,UP,200,862,,
2026-10-01T07:32:02.572480+00:00,LibGen,LibGen.bz,UP,200,893,,
2026-10-01T07:33:03.314051+00:00,LibGen,LibGen.bz,UP,200,722,,
2026-10-01T07:34:04.764776+00:00,LibGen,LibGen.bz,UP,200,823,,
2026-10-01T07:35:03.831487+00:00,LibGen,LibGen.bz,UP,200,765,,
2026-10-01T07:36:04.629432+00:00,LibGen,LibGen.bz,UP,200,694,,
2026-10-01T07:37:06.990970+00:00,LibGen,LibGen.bz,UP,200,1068,,
2026-10-01T07:38:06.385111+00:00,LibGen,LibGen.bz,UP,200,736,,
2026-10-01T07:39:07.365037+00:00,LibGen,LibGen.bz,UP,200,781,,
2026-10-01T07:40:08.198897+00:00,LibGen,LibGen.bz,UP,200,714,,
2026-10-01T07:41:09.102836+00:00,LibGen,LibGen.bz,UP,200,739,,
2026-10-01T07:42:10.436379+00:00,LibGen,LibGen.bz,UP,200,695,,
2026-10-01T07:43:11.978862+00:00,LibGen,LibGen.bz,UP,200,1795,,
2026-10-01T07:44:11.695141+00:00,LibGen,LibGen.bz,UP,200,679,,
2026-10-01T07:45:14.073504+00:00,LibGen,LibGen.bz,UP,200,766,,
2026-10-01T07:46:13.110912+00:00,LibGen,LibGen.bz,UP,200,291,,
2026-10-01T07:47:13.598543+00:00,LibGen,LibGen.bz,UP,200,740,,
2026-10-01T07:48:14.460234+00:00,LibGen,LibGen.bz,UP,200,662,,
2026-10-01T07:49:34.637315+00:00,LibGen,LibGen.bz,TIMEOUT,,,timeout,
2026-10-01T07:50:31.040231+00:00,LibGen,LibGen.bz,DOWN,500,15900,http_error,
2026-10-01T07:51:19.912552+00:00,LibGen,LibGen.bz,DEGRADED,200,4533,latency_high,
2026-10-01T07:52:17.859691+00:00,LibGen,LibGen.bz,UP,200,1322,,
2026-10-01T07:53:27.231796+00:00,LibGen,LibGen.bz,UP,200,705,,
2026-10-01T07:54:18.796495+00:00,LibGen,LibGen.bz,UP,200,810,,
2026-10-01T07:55:19.677531+00:00,LibGen,LibGen.bz,UP,200,816,,
2026-10-01T07:56:20.686929+00:00,LibGen,LibGen.bz,UP,200,575,,
2026-10-01T07:57:21.509680+00:00,LibGen,LibGen.bz,UP,200,804,,
2026-10-01T07:58:22.985791+00:00,LibGen,LibGen.bz,UP,200,988,,
2026-10-01T07:59:23.203992+00:00,LibGen,LibGen.bz,UP,200,814,,
2026-10-01T08:00:23.727091+00:00,LibGen,LibGen.bz,UP,200,795,,
2026-10-01T08:01:27.649716+00:00,LibGen,LibGen.bz,DEGRADED,200,3799,latency_high,
2026-10-01T08:02:25.145432+00:00,LibGen,LibGen.bz,UP,200,882,,
2026-10-01T08:03:25.738103+00:00,LibGen,LibGen.bz,UP,200,624,,
2026-10-01T08:04:26.308188+00:00,LibGen,LibGen.bz,UP,200,719,,
2026-10-01T08:05:27.423533+00:00,LibGen,LibGen.bz,UP,200,847,,
2026-10-01T08:06:27.357905+00:00,LibGen,LibGen.bz,UP,200,749,,
2026-10-01T08:07:27.418136+00:00,LibGen,LibGen.bz,UP,200,745,,
2026-10-01T08:08:28.239877+00:00,LibGen,LibGen.bz,UP,200,640,,
2026-10-01T08:09:47.192422+00:00,LibGen,LibGen.bz,TIMEOUT,,,timeout,
2026-10-01T08:10:48.682891+00:00,LibGen,LibGen.bz,TIMEOUT,,,timeout,
2026-10-01T08:11:48.858797+00:00,LibGen,LibGen.bz,TIMEOUT,,,timeout,
2026-10-01T08:12:48.737121+00:00,LibGen,LibGen.bz,TIMEOUT,,,timeout,
2026-10-01T08:13:49.850227+00:00,LibGen,LibGen.bz,TIMEOUT,,,timeout,
2026-10-01T08:14:31.822829+00:00,LibGen,LibGen.bz,UP,200,1594,,
2026-10-01T08:15:35.624905+00:00,LibGen,LibGen.bz,DEGRADED,200,4900,latency_high,
2026-10-01T08:16:32.075652+00:00,LibGen,LibGen.bz,UP,200,695,,
2026-10-01T08:17:32.949249+00:00,LibGen,LibGen.bz,UP,200,1049,,
2026-10-01T08:18:33.509955+00:00,LibGen,LibGen.bz,UP,200,679,,
2026-10-01T08:19:35.670674+00:00,LibGen,LibGen.bz,UP,200,643,,
2026-10-01T08:20:39.144930+00:00,LibGen,LibGen.bz,DEGRADED,200,3979,latency_high,
2026-10-01T08:21:36.669814+00:00,LibGen,LibGen.bz,UP,200,1020,,
2026-10-01T08:22:36.721048+00:00,LibGen,LibGen.bz,UP,200,712,,
2026-10-01T08:23:38.042720+00:00,LibGen,LibGen.bz,UP,200,714,,
2026-10-01T08:24:40.924975+00:00,LibGen,LibGen.bz,UP,200,699,,
2026-10-01T08:25:39.361308+00:00,LibGen,LibGen.bz,UP,200,798,,
2026-10-01T08:26:40.298917+00:00,LibGen,LibGen.bz,UP,200,767,,
2026-10-01T08:27:40.787235+00:00,LibGen,LibGen.bz,UP,200,781,,
2026-10-01T08:28:41.923786+00:00,LibGen,LibGen.bz,UP,200,1035,,
2026-10-01T08:29:42.157274+00:00,LibGen,LibGen.bz,UP,200,792,,
2026-10-01T08:30:43.286451+00:00,LibGen,LibGen.bz,UP,200,763,,
2026-10-01T08:31:43.742341+00:00,LibGen,LibGen.bz,UP,200,701,,
2026-10-01T08:32:43.851738+00:00,LibGen,LibGen.bz,UP,200,766,,
2026-10-01T08:33:47.065448+00:00,LibGen,LibGen.bz,UP,200,2829,,
2026-10-01T08:34:45.398005+00:00,LibGen,LibGen.bz,UP,200,808,,
2026-10-01T08:35:47.417424+00:00,LibGen,LibGen.bz,UP,200,819,,
2026-10-01T08:36:47.101421+00:00,LibGen,LibGen.bz,UP,200,643,,
2026-10-01T08:37:49.268172+00:00,LibGen,LibGen.bz,UP,200,892,,
2026-10-01T08:38:48.542942+00:00,LibGen,LibGen.bz,UP,200,767,,
2026-10-01T08:39:49.612300+00:00,LibGen,LibGen.bz,UP,200,1145,,
2026-10-01T08:40:49.286068+00:00,LibGen,LibGen.bz,UP,200,365,,
2026-10-01T08:41:51.230152+00:00,LibGen,LibGen.bz,UP,200,774,,
2026-10-01T08:42:50.832600+00:00,LibGen,LibGen.bz,UP,200,337,,
2026-10-01T08:44:11.466764+00:00,LibGen,LibGen.bz,DOWN,,,connection_refused,
2026-10-01T08:44:52.574886+00:00,LibGen,LibGen.bz,UP,200,829,,
2026-10-01T08:45:55.455047+00:00,LibGen,LibGen.bz,UP,200,692,,
2026-10-01T08:46:53.535485+00:00,LibGen,LibGen.bz,UP,200,780,,
2026-10-01T08:47:53.036132+00:00,LibGen,LibGen.bz,UP,200,718,,
2026-10-01T08:48:54.023766+00:00,LibGen,LibGen.bz,UP,200,1093,,
2026-10-01T08:49:53.722525+00:00,LibGen,LibGen.bz,UP,200,763,,
2026-10-01T08:50:54.643642+00:00,LibGen,LibGen.bz,UP,200,753,,
2026-10-01T08:51:55.645126+00:00,LibGen,LibGen.bz,UP,200,798,,
2026-10-01T08:52:57.897139+00:00,LibGen,LibGen.bz,UP,200,1682,,
2026-10-01T08:53:57.769622+00:00,LibGen,LibGen.bz,UP,200,761,,
2026-10-01T08:54:58.975344+00:00,LibGen,LibGen.bz,UP,200,755,,
2026-10-01T08:55:58.748462+00:00,LibGen,LibGen.bz,UP,200,769,,
2026-10-01T08:56:59.895968+00:00,LibGen,LibGen.bz,UP,200,755,,
2026-10-01T08:58:01.033057+00:00,LibGen,LibGen.bz,UP,200,837,,
2026-10-01T08:59:01.754043+00:00,LibGen,LibGen.bz,UP,200,735,,
2026-10-01T09:00:03.502141+00:00,LibGen,LibGen.bz,UP,200,1387,,
2026-10-01T09:01:03.347216+00:00,LibGen,LibGen.bz,UP,200,985,,
2026-10-01T09:02:04.515197+00:00,LibGen,LibGen.bz,UP,200,755,,
2026-10-01T09:03:02.982084+00:00,LibGen,LibGen.bz,UP,200,303,,
2026-10-01T09:04:03.991022+00:00,LibGen,LibGen.bz,UP,200,1095,,
2026-10-01T09:05:04.313399+00:00,LibGen,LibGen.bz,UP,200,1000,,
2026-10-01T09:06:03.637818+00:00,LibGen,LibGen.bz,UP,200,712,,
2026-10-01T09:07:04.227130+00:00,LibGen,LibGen.bz,UP,200,768,,
2026-10-01T09:08:05.681172+00:00,LibGen,LibGen.bz,UP,200,824,,
2026-10-01T09:09:05.252527+00:00,LibGen,LibGen.bz,UP,200,743,,
2026-10-01T09:10:06.133381+00:00,LibGen,LibGen.bz,UP,200,647,,
2026-10-01T09:11:06.697991+00:00,LibGen,LibGen.bz,UP,200,782,,
2026-10-01T09:12:07.451674+00:00,LibGen,LibGen.bz,UP,200,825,,
2026-10-01T09:13:09.046437+00:00,LibGen,LibGen.bz,UP,200,850,,
2026-10-01T09:14:10.613846+00:00,LibGen,LibGen.bz,UP,200,2841,,
2026-10-01T09:15:13.421798+00:00,LibGen,LibGen.bz,DEGRADED,200,5819,latency_high,
2026-10-01T09:16:08.908360+00:00,LibGen,LibGen.bz,UP,200,783,,
2026-10-01T09:17:10.586662+00:00,LibGen,LibGen.bz,UP,200,776,,
2026-10-01T09:18:11.403063+00:00,LibGen,LibGen.bz,UP,200,1800,,
2026-10-01T09:19:11.177787+00:00,LibGen,LibGen.bz,UP,200,711,,
2026-10-01T09:20:13.394048+00:00,LibGen,LibGen.bz,UP,200,816,,
2026-10-01T09:21:13.122199+00:00,LibGen,LibGen.bz,UP,200,749,,
2026-10-01T09:22:14.510573+00:00,LibGen,LibGen.bz,UP,200,2586,,
2026-10-01T09:23:13.625666+00:00,LibGen,LibGen.bz,UP,200,1093,,
2026-10-01T09:24:14.317113+00:00,LibGen,LibGen.bz,UP,200,1209,,
2026-10-01T09:25:14.026537+00:00,LibGen,LibGen.bz,UP,200,865,,
2026-10-01T09:26:13.561099+00:00,LibGen,LibGen.bz,UP,200,844,,
2026-10-01T09:27:14.607660+00:00,LibGen,LibGen.bz,UP,200,1335,,
2026-10-01T09:28:18.467226+00:00,LibGen,LibGen.bz,DEGRADED,200,4947,latency_high,
2026-10-01T09:29:16.359037+00:00,LibGen,LibGen.bz,UP,200,746,,
2026-10-01T09:30:16.292249+00:00,LibGen,LibGen.bz,UP,200,858,,
2026-10-01T09:31:16.128527+00:00,LibGen,LibGen.bz,UP,200,691,,
2026-10-01T09:32:16.181070+00:00,LibGen,LibGen.bz,UP,200,657,,
2026-10-01T09:33:17.241851+00:00,LibGen,LibGen.bz,UP,200,768,,
2026-10-01T09:34:18.141356+00:00,LibGen,LibGen.bz,UP,200,732,,
2026-10-01T09:35:18.197567+00:00,LibGen,LibGen.bz,UP,200,294,,
2026-10-01T09:36:18.614170+00:00,LibGen,LibGen.bz,UP,200,661,,
2026-10-01T09:37:19.695408+00:00,LibGen,LibGen.bz,UP,200,749,,
2026-10-01T09:38:21.150139+00:00,LibGen,LibGen.bz,UP,200,1125,,
2026-10-01T09:39:21.735246+00:00,LibGen,LibGen.bz,UP,200,699,,
2026-10-01T09:40:22.530886+00:00,LibGen,LibGen.bz,UP,200,713,,
2026-10-01T09:41:23.009997+00:00,LibGen,LibGen.bz,UP,200,744,,
2026-10-01T09:42:23.360342+00:00,LibGen,LibGen.bz,UP,200,572,,
2026-10-01T09:43:23.141792+00:00,LibGen,LibGen.bz,UP,200,718,,
2026-10-01T09:44:23.838036+00:00,LibGen,LibGen.bz,UP,200,746,,
2026-10-01T09:45:23.849518+00:00,LibGen,LibGen.bz,UP,200,906,,
2026-10-01T09:46:23.662050+00:00,LibGen,LibGen.bz,UP,200,688,,
2026-10-01T09:47:23.650085+00:00,LibGen,LibGen.bz,UP,200,668,,
2026-10-01T09:48:24.915029+00:00,LibGen,LibGen.bz,UP,200,1315,,
2026-10-01T09:49:29.831002+00:00,LibGen,LibGen.bz,DEGRADED,200,5791,latency_high,
2026-10-01T09:50:25.481230+00:00,LibGen,LibGen.bz,UP,200,847,,
2026-10-01T09:51:24.473011+00:00,LibGen,LibGen.bz,UP,200,746,,
2026-10-01T09:52:25.377563+00:00,LibGen,LibGen.bz,UP,200,676,,
2026-10-01T09:53:45.362718+00:00,LibGen,LibGen.bz,DOWN,,,connection_refused,
2026-10-01T09:54:25.763944+00:00,LibGen,LibGen.bz,UP,200,675,,
2026-10-01T09:55:25.879670+00:00,LibGen,LibGen.bz,UP,200,794,,
2026-10-01T09:56:25.923070+00:00,LibGen,LibGen.bz,UP,200,309,,
2026-10-01T09:57:26.844453+00:00,LibGen,LibGen.bz,UP,200,645,,
2026-10-01T09:58:27.830593+00:00,LibGen,LibGen.bz,UP,200,688,,
2026-10-01T09:59:27.530133+00:00,LibGen,LibGen.bz,UP,200,706,,
2026-10-01T10:00:29.283658+00:00,LibGen,LibGen.bz,UP,200,864,,
2026-10-01T10:01:28.790080+00:00,LibGen,LibGen.bz,UP,200,918,,
2026-10-01T10:02:29.310337+00:00,LibGen,LibGen.bz,UP,200,294,,
2026-10-01T10:03:29.731437+00:00,LibGen,LibGen.bz,UP,200,698,,
2026-10-01T10:04:29.762316+00:00,LibGen,LibGen.bz,UP,200,610,,
2026-10-01T10:05:30.867535+00:00,LibGen,LibGen.bz,UP,200,680,,
2026-10-01T10:06:30.931863+00:00,LibGen,LibGen.bz,UP,200,832,,
2026-10-01T10:07:32.209044+00:00,LibGen,LibGen.bz,UP,200,1853,,
2026-10-01T10:08:33.396877+00:00,LibGen,LibGen.bz,UP,200,1069,,
2026-10-01T10:09:32.832416+00:00,LibGen,LibGen.bz,UP,200,668,,
2026-10-01T10:10:33.060782+00:00,LibGen,LibGen.bz,UP,200,1091,,
2026-10-01T10:11:33.901435+00:00,LibGen,LibGen.bz,UP,200,943,,
2026-10-01T10:12:33.725027+00:00,LibGen,LibGen.bz,UP,200,704,,
2026-10-01T10:13:34.740239+00:00,LibGen,LibGen.bz,UP,200,860,,
2026-10-01T10:14:34.650317+00:00,LibGen,LibGen.bz,UP,200,609,,
2026-10-01T10:15:35.300186+00:00,LibGen,LibGen.bz,UP,200,1035,,
2026-10-01T10:16:35.337440+00:00,LibGen,LibGen.bz,UP,200,919,,
2026-10-01T10:17:35.552978+00:00,LibGen,LibGen.bz,UP,200,758,,
2026-10-01T10:18:35.614510+00:00,LibGen,LibGen.bz,UP,200,311,,
2026-10-01T10:19:37.304439+00:00,LibGen,LibGen.bz,UP,200,838,,
2026-10-01T10:20:36.563751+00:00,LibGen,LibGen.bz,UP,200,635,,
2026-10-01T10:21:39.896768+00:00,LibGen,LibGen.bz,DEGRADED,200,3767,latency_high,
2026-10-01T10:22:37.051513+00:00,LibGen,LibGen.bz,UP,200,669,,
2026-10-01T10:23:38.229929+00:00,LibGen,LibGen.bz,UP,200,874,,
2026-10-01T10:24:38.293328+00:00,LibGen,LibGen.bz,UP,200,634,,
2026-10-01T10:25:38.533158+00:00,LibGen,LibGen.bz,UP,200,778,,
2026-10-01T10:26:39.380869+00:00,LibGen,LibGen.bz,UP,200,694,,
2026-10-01T10:27:40.061732+00:00,LibGen,LibGen.bz,UP,200,709,,
2026-10-01T10:28:41.350342+00:00,LibGen,LibGen.bz,UP,200,818,,
2026-10-01T10:29:42.002221+00:00,LibGen,LibGen.bz,UP,200,700,,
2026-10-01T10:31:00.916058+00:00,LibGen,LibGen.bz,TIMEOUT,,,timeout,
2026-10-01T10:31:41.552022+00:00,LibGen,LibGen.bz,UP,200,784,,
2026-10-01T10:32:42.092359+00:00,LibGen,LibGen.bz,UP,200,778,,
2026-10-01T10:33:41.977745+00:00,LibGen,LibGen.bz,UP,200,334,,
2026-10-01T10:34:42.808154+00:00,LibGen,LibGen.bz,UP,200,686,,
2026-10-01T10:35:42.796204+00:00,LibGen,LibGen.bz,UP,200,994,,
2026-10-01T10:36:42.621996+00:00,LibGen,LibGen.bz,UP,200,734,,
2026-10-01T10:37:44.284805+00:00,LibGen,LibGen.bz,UP,200,860,,
2026-10-01T10:38:43.494812+00:00,LibGen,LibGen.bz,UP,200,649,,
2026-10-01T10:39:43.631826+00:00,LibGen,LibGen.bz,UP,200,277,,
2026-10-01T10:40:44.169435+00:00,LibGen,LibGen.bz,UP,200,1034,,
2026-10-01T10:41:44.528192+00:00,LibGen,LibGen.bz,DOWN,500,1009,http_error,
2026-10-01T10:42:44.750686+00:00,LibGen,LibGen.bz,UP,200,842,,
2026-10-01T10:43:45.630135+00:00,LibGen,LibGen.bz,UP,200,761,,
2026-10-01T10:44:45.239488+00:00,LibGen,LibGen.bz,UP,200,310,,
2026-10-01T10:45:46.365522+00:00,LibGen,LibGen.bz,UP,200,286,,
2026-10-01T10:46:46.388858+00:00,LibGen,LibGen.bz,UP,200,1095,,
2026-10-01T10:47:45.877076+00:00,LibGen,LibGen.bz,UP,200,655,,
2026-10-01T10:48:47.166944+00:00,LibGen,LibGen.bz,UP,200,999,,
2026-10-01T10:49:47.458650+00:00,LibGen,LibGen.bz,UP,200,1166,,
2026-10-01T10:50:47.432183+00:00,LibGen,LibGen.bz,UP,200,335,,
2026-10-01T10:51:48.294781+00:00,LibGen,LibGen.bz,UP,200,848,,
2026-10-01T10:52:48.199573+00:00,LibGen,LibGen.bz,UP,200,980,,
2026-10-01T10:53:48.873994+00:00,LibGen,LibGen.bz,UP,200,587,,
2026-10-01T10:54:48.614838+00:00,LibGen,LibGen.bz,UP,200,827,,
2026-10-01T10:55:49.448770+00:00,LibGen,LibGen.bz,UP,200,1208,,
2026-10-01T10:56:48.816101+00:00,LibGen,LibGen.bz,UP,200,699,,
2026-10-01T10:57:49.339711+00:00,LibGen,LibGen.bz,UP,200,702,,
2026-10-01T10:59:08.626443+00:00,LibGen,LibGen.bz,TIMEOUT,,,timeout,
2026-10-01T10:59:49.620555+00:00,LibGen,LibGen.bz,UP,200,767,,
2026-10-01T11:00:50.038136+00:00,LibGen,LibGen.bz,UP,200,1004,,
2026-10-01T11:01:55.504807+00:00,LibGen,LibGen.bz,DEGRADED,200,4135,latency_high,
2026-10-01T11:02:50.204934+00:00,LibGen,LibGen.bz,UP,200,808,,
2026-10-01T11:03:51.165769+00:00,LibGen,LibGen.bz,UP,200,770,,
2026-10-01T11:04:51.292458+00:00,LibGen,LibGen.bz,UP,200,347,,
2026-10-01T11:06:12.629455+00:00,LibGen,LibGen.bz,DOWN,,,connection_refused,
2026-10-01T11:06:52.729881+00:00,LibGen,LibGen.bz,UP,200,724,,
2026-10-01T11:07:55.252926+00:00,LibGen,LibGen.bz,UP,200,797,,
2026-10-01T11:08:53.042126+00:00,LibGen,LibGen.bz,UP,200,792,,
2026-10-01T11:09:55.685880+00:00,LibGen,LibGen.bz,DEGRADED,200,3367,latency_high,
2026-10-01T11:10:54.230362+00:00,LibGen,LibGen.bz,UP,200,1223,,
2026-10-01T11:11:54.070907+00:00,LibGen,LibGen.bz,UP,200,738,,
2026-10-01T11:12:55.217327+00:00,LibGen,LibGen.bz,UP,200,620,,
2026-10-01T11:13:54.995605+00:00,LibGen,LibGen.bz,UP,200,939,,
2026-10-01T11:14:58.562909+00:00,LibGen,LibGen.bz,DEGRADED,200,4158,latency_high,
2026-10-01T11:15:55.380063+00:00,LibGen,LibGen.bz,UP,200,766,,
2026-10-01T11:16:55.985619+00:00,LibGen,LibGen.bz,UP,200,782,,
2026-10-01T11:17:56.272517+00:00,LibGen,LibGen.bz,UP,200,817,,
2026-10-01T11:19:13.613757+00:00,LibGen,LibGen.bz,DOWN,500,18097,http_error,
2026-10-01T11:19:56.408593+00:00,LibGen,LibGen.bz,UP,200,729,,
2026-10-01T11:20:57.356537+00:00,LibGen,LibGen.bz,UP,200,814,,
2026-10-01T11:21:57.431608+00:00,LibGen,LibGen.bz,UP,200,646,,
2026-10-01T11:23:01.471640+00:00,LibGen,LibGen.bz,DEGRADED,200,4407,latency_high,
2026-10-01T11:23:57.481831+00:00,LibGen,LibGen.bz,UP,200,297,,
2026-10-01T11:24:59.311804+00:00,LibGen,LibGen.bz,UP,200,909,,
2026-10-01T11:25:59.204538+00:00,LibGen,LibGen.bz,UP,200,751,,
2026-10-01T11:27:00.321668+00:00,LibGen,LibGen.bz,UP,200,737,,
2026-10-01T11:28:05.459677+00:00,LibGen,LibGen.bz,DEGRADED,200,6882,latency_high,
2026-10-01T11:28:59.521051+00:00,LibGen,LibGen.bz,UP,200,904,,
2026-10-01T11:29:59.893952+00:00,LibGen,LibGen.bz,UP,200,1291,,
2026-10-01T11:31:00.133610+00:00,LibGen,LibGen.bz,UP,200,742,,
2026-10-01T11:32:00.671659+00:00,LibGen,LibGen.bz,UP,200,692,,
2026-10-01T11:33:01.184578+00:00,LibGen,LibGen.bz,UP,200,1041,,
2026-10-01T11:34:00.924230+00:00,LibGen,LibGen.bz,UP,200,633,,
2026-10-01T11:35:03.351316+00:00,LibGen,LibGen.bz,UP,200,259,,
2026-10-01T11:36:02.348619+00:00,LibGen,LibGen.bz,UP,200,1156,,
2026-10-01T11:37:01.918816+00:00,LibGen,LibGen.bz,UP,200,321,,
2026-10-01T11:38:03.740599+00:00,LibGen,LibGen.bz,UP,200,1012,,
2026-10-01T11:39:03.755937+00:00,LibGen,LibGen.bz,UP,200,883,,
2026-10-01T11:40:04.129743+00:00,LibGen,LibGen.bz,UP,200,1094,,
2026-10-01T11:41:04.413950+00:00,LibGen,LibGen.bz,UP,200,906,,
2026-10-01T11:42:04.144251+00:00,LibGen,LibGen.bz,UP,200,767,,
2026-10-01T11:43:04.452509+00:00,LibGen,LibGen.bz,UP,200,709,,
2026-10-01T11:44:04.624482+00:00,LibGen,LibGen.bz,UP,200,684,,
2026-10-01T11:45:04.883849+00:00,LibGen,LibGen.bz,UP,200,906,,
2026-10-01T11:46:05.316693+00:00,LibGen,LibGen.bz,UP,200,1007,,
2026-10-01T11:47:05.593120+00:00,LibGen,LibGen.bz,UP,200,767,,
2026-10-01T11:48:06.417619+00:00,LibGen,LibGen.bz,UP,200,884,,
2026-10-01T11:49:09.095965+00:00,LibGen,LibGen.bz,DEGRADED,200,3825,latency_high,
2026-10-01T11:50:07.093733+00:00,LibGen,LibGen.bz,UP,200,1208,,
2026-10-01T11:51:06.807629+00:00,LibGen,LibGen.bz,UP,200,417,,
2026-10-01T11:52:07.679220+00:00,LibGen,LibGen.bz,UP,200,675,,
2026-10-01T11:53:06.622668+00:00,LibGen,LibGen.bz,UP,200,356,,
2026-10-01T11:54:09.628298+00:00,LibGen,LibGen.bz,UP,200,2795,,
2026-10-01T11:55:09.328101+00:00,LibGen,LibGen.bz,UP,200,1057,,
2026-10-01T11:56:08.190434+00:00,LibGen,LibGen.bz,UP,200,830,,
2026-10-01T11:57:09.560048+00:00,LibGen,LibGen.bz,UP,200,1698,,
2026-10-01T11:58:29.681801+00:00,LibGen,LibGen.bz,DOWN,,,connection_refused,
2026-10-01T11:59:09.446377+00:00,LibGen,LibGen.bz,UP,200,1019,,
2026-10-01T12:00:09.462607+00:00,LibGen,LibGen.bz,UP,200,383,,
2026-10-01T12:01:10.786846+00:00,LibGen,LibGen.bz,UP,200,768,,
2026-10-01T12:02:11.018031+00:00,LibGen,LibGen.bz,UP,200,867,,
2026-10-01T12:03:11.272446+00:00,LibGen,LibGen.bz,UP,200,852,,
2026-10-01T12:04:11.876194+00:00,LibGen,LibGen.bz,UP,200,1214,,
2026-10-01T12:05:11.761007+00:00,LibGen,LibGen.bz,UP,200,818,,
2026-10-01T12:06:12.479662+00:00,LibGen,LibGen.bz,UP,200,894,,
2026-10-01T12:07:13.119249+00:00,LibGen,LibGen.bz,UP,200,794,,
2026-10-01T12:08:13.372232+00:00,LibGen,LibGen.bz,UP,200,891,,
2026-10-01T12:09:14.066191+00:00,LibGen,LibGen.bz,UP,200,900,,
2026-10-01T12:10:14.009041+00:00,LibGen,LibGen.bz,UP,200,843,,
2026-10-01T12:11:15.976248+00:00,LibGen,LibGen.bz,UP,200,1832,,
2026-10-01T12:12:14.641252+00:00,LibGen,LibGen.bz,UP,200,288,,
2026-10-01T12:13:14.831446+00:00,LibGen,LibGen.bz,UP,200,731,,
2026-10-01T12:14:16.327697+00:00,LibGen,LibGen.bz,UP,200,1104,,
2026-10-01T12:15:15.882180+00:00,LibGen,LibGen.bz,UP,200,800,,
2026-10-01T12:16:16.094298+00:00,LibGen,LibGen.bz,UP,200,780,,
2026-10-01T12:17:17.044924+00:00,LibGen,LibGen.bz,UP,200,956,,
2026-10-01T12:18:16.642666+00:00,LibGen,LibGen.bz,UP,200,928,,
2026-10-01T12:19:16.656008+00:00,LibGen,LibGen.bz,UP,200,332,,
2026-10-01T12:20:17.751808+00:00,LibGen,LibGen.bz,UP,200,785,,
2026-10-01T12:21:38.388736+00:00,LibGen,LibGen.bz,DOWN,,,connection_refused,
2026-10-01T12:22:17.391399+00:00,LibGen,LibGen.bz,UP,200,695,,
2026-10-01T12:23:17.860711+00:00,LibGen,LibGen.bz,UP,200,707,,
2026-10-01T12:24:17.656576+00:00,LibGen,LibGen.bz,UP,200,256,,
2026-10-01T12:25:17.968520+00:00,LibGen,LibGen.bz,UP,200,697,,
2026-10-01T12:26:18.657482+00:00,LibGen,LibGen.bz,UP,200,809,,
2026-10-01T12:27:19.394578+00:00,LibGen,LibGen.bz,UP,200,889,,
2026-10-01T12:28:18.978056+00:00,LibGen,LibGen.bz,UP,200,838,,
2026-10-01T12:29:18.909960+00:00,LibGen,LibGen.bz,UP,200,677,,
2026-10-01T12:30:19.918631+00:00,LibGen,LibGen.bz,UP,200,1133,,
2026-10-01T12:31:20.577695+00:00,LibGen,LibGen.bz,UP,200,830,,
2026-10-01T12:32:20.686194+00:00,LibGen,LibGen.bz,UP,200,777,,
2026-10-01T12:33:21.242598+00:00,LibGen,LibGen.bz,UP,200,304,,
2026-10-01T12:34:22.182711+00:00,LibGen,LibGen.bz,UP,200,819,,
2026-10-01T12:35:22.276031+00:00,LibGen,LibGen.bz,UP,200,789,,
2026-10-01T12:36:23.004207+00:00,LibGen,LibGen.bz,UP,200,783,,
2026-10-01T12:37:43.162600+00:00,LibGen,LibGen.bz,DOWN,,,connection_refused,
2026-10-01T12:38:22.882620+00:00,LibGen,LibGen.bz,UP,200,864,,
2026-10-01T12:39:25.140067+00:00,LibGen,LibGen.bz,UP,200,2930,,
2026-10-01T12:40:24.473162+00:00,LibGen,LibGen.bz,UP,200,738,,
2026-10-01T12:41:23.928601+00:00,LibGen,LibGen.bz,UP,200,980,,
2026-10-01T12:42:24.130197+00:00,LibGen,LibGen.bz,UP,200,663,,
2026-10-01T12:43:24.546064+00:00,LibGen,LibGen.bz,DOWN,500,787,http_error,
2026-10-01T12:44:25.261487+00:00,LibGen,LibGen.bz,UP,200,772,,
2026-10-01T12:45:25.523958+00:00,LibGen,LibGen.bz,UP,200,965,,
2026-10-01T12:46:25.755794+00:00,LibGen,LibGen.bz,UP,200,886,,
2026-10-01T12:47:26.284526+00:00,LibGen,LibGen.bz,UP,200,335,,
2026-10-01T12:48:27.047799+00:00,LibGen,LibGen.bz,UP,200,722,,
2026-10-01T12:49:27.917272+00:00,LibGen,LibGen.bz,UP,200,772,,
2026-10-01T12:50:27.310145+00:00,LibGen,LibGen.bz,UP,200,732,,
2026-10-01T12:51:28.659487+00:00,LibGen,LibGen.bz,UP,200,1065,,
2026-10-01T12:52:29.067915+00:00,LibGen,LibGen.bz,UP,200,867,,
2026-10-01T12:53:30.519338+00:00,LibGen,LibGen.bz,UP,200,2788,,
2026-10-01T12:54:29.290094+00:00,LibGen,LibGen.bz,UP,200,847,,
2026-10-01T12:55:31.793513+00:00,LibGen,LibGen.bz,DEGRADED,200,3304,latency_high,
2026-10-01T12:56:30.404121+00:00,LibGen,LibGen.bz,UP,200,1008,,
2026-10-01T12:57:30.011891+00:00,LibGen,LibGen.bz,UP,200,736,,
2026-10-01T12:58:30.257537+00:00,LibGen,LibGen.bz,UP,200,810,,
2026-10-01T12:59:30.335774+00:00,LibGen,LibGen.bz,UP,200,770,,
2026-10-01T13:00:33.515062+00:00,LibGen,LibGen.bz,UP,200,1114,,
2026-10-01T13:01:31.273545+00:00,LibGen,LibGen.bz,UP,200,1004,,
2026-10-01T13:02:31.554461+00:00,LibGen,LibGen.bz,UP,200,1159,,
2026-10-01T13:03:32.429016+00:00,LibGen,LibGen.bz,UP,200,783,,
2026-10-01T13:04:31.957480+00:00,LibGen,LibGen.bz,UP,200,791,,
2026-10-01T13:05:32.593593+00:00,LibGen,LibGen.bz,UP,200,1005,,
2026-10-01T13:06:33.629345+00:00,LibGen,LibGen.bz,UP,200,777,,
2026-10-01T13:07:32.542873+00:00,LibGen,LibGen.bz,UP,200,686,,
2026-10-01T13:08:53.198606+00:00,LibGen,LibGen.bz,DOWN,,,connection_refused,
2026-10-01T13:09:34.397642+00:00,LibGen,LibGen.bz,UP,200,996,,
2026-10-01T13:10:32.836660+00:00,LibGen,LibGen.bz,UP,200,318,,
2026-10-01T13:11:33.798619+00:00,LibGen,LibGen.bz,UP,200,829,,
2026-10-01T13:12:33.598485+00:00,LibGen,LibGen.bz,DOWN,,,connection_refused,
2026-10-01T13:13:34.921195+00:00,LibGen,LibGen.bz,UP,200,690,,
2026-10-01T13:14:34.715560+00:00,LibGen,LibGen.bz,UP,200,764,,
2026-10-01T13:15:39.605685+00:00,LibGen,LibGen.bz,DEGRADED,200,5265,latency_high,
2026-10-01T13:16:35.565297+00:00,LibGen,LibGen.bz,UP,200,862,,
2026-10-01T13:17:36.362497+00:00,LibGen,LibGen.bz,UP,200,898,,
2026-10-01T13:18:36.676090+00:00,LibGen,LibGen.bz,UP,200,888,,
2026-10-01T13:19:36.044887+00:00,LibGen,LibGen.bz,UP,200,631,,
2026-10-01T13:20:37.098316+00:00,LibGen,LibGen.bz,UP,200,1322,,
2026-10-01T13:21:36.714464+00:00,LibGen,LibGen.bz,UP,200,292,,
2026-10-01T13:22:37.678948+00:00,LibGen,LibGen.bz,UP,200,783,,
2026-10-01T13:23:37.924582+00:00,LibGen,LibGen.bz,UP,200,707,,
2026-10-01T13:24:38.606102+00:00,LibGen,LibGen.bz,UP,200,821,,
2026-10-01T13:25:38.977601+00:00,LibGen,LibGen.bz,UP,200,776,,
2026-10-01T13:26:39.189491+00:00,LibGen,LibGen.bz,UP,200,819,,
2026-10-01T13:27:40.216136+00:00,LibGen,LibGen.bz,UP,200,797,,
2026-10-01T13:28:40.690968+00:00,LibGen,LibGen.bz,UP,200,768,,
2026-10-01T13:29:40.907481+00:00,LibGen,LibGen.bz,UP,200,839,,
2026-10-01T13:30:41.146365+00:00,LibGen,LibGen.bz,UP,200,850,,
2026-10-01T13:31:41.604957+00:00,LibGen,LibGen.bz,UP,200,691,,
2026-10-01T13:32:42.597858+00:00,LibGen,LibGen.bz,UP,200,1231,,
2026-10-01T13:33:42.743514+00:00,LibGen,LibGen.bz,UP,200,1154,,
2026-10-01T13:34:43.336154+00:00,LibGen,LibGen.bz,UP,200,1119,,
2026-10-01T13:35:43.127981+00:00,LibGen,LibGen.bz,UP,200,679,,
2026-10-01T13:36:44.023925+00:00,LibGen,LibGen.bz,UP,200,814,,
2026-10-01T13:37:44.784297+00:00,LibGen,LibGen.bz,UP,200,814,,
2026-10-01T13:38:44.293452+00:00,LibGen,LibGen.bz,UP,200,714,,
2026-10-01T13:39:46.277707+00:00,LibGen,LibGen.bz,UP,200,313,,
2026-10-01T13:40:45.038352+00:00,LibGen,LibGen.bz,UP,200,287,,
2026-10-01T13:41:45.029578+00:00,LibGen,LibGen.bz,UP,200,725,,
2026-10-01T13:42:45.209013+00:00,LibGen,LibGen.bz,UP,200,769,,
2026-10-01T13:43:45.453492+00:00,LibGen,LibGen.bz,UP,200,778,,
2026-10-01T13:44:45.957271+00:00,LibGen,LibGen.bz,UP,200,953,,
2026-10-01T13:45:47.028004+00:00,LibGen,LibGen.bz,UP,200,1152,,
2026-10-01T13:46:46.637120+00:00,LibGen,LibGen.bz,UP,200,748,,
2026-10-01T13:47:47.444436+00:00,LibGen,LibGen.bz,UP,200,868,,
2026-10-01T13:48:47.117859+00:00,LibGen,LibGen.bz,UP,200,813,,
2026-10-01T13:49:48.389948+00:00,LibGen,LibGen.bz,UP,200,844,,
2026-10-01T13:50:48.609262+00:00,LibGen,LibGen.bz,UP,200,868,,
2026-10-01T13:51:49.233486+00:00,LibGen,LibGen.bz,UP,200,902,,
2026-10-01T13:52:48.541504+00:00,LibGen,LibGen.bz,UP,200,327,,
2026-10-01T13:53:50.428097+00:00,LibGen,LibGen.bz,UP,200,1134,,
2026-10-01T13:54:50.049241+00:00,LibGen,LibGen.bz,UP,200,888,,
2026-10-01T13:55:50.555967+00:00,LibGen,LibGen.bz,UP,200,820,,
2026-10-01T13:56:50.566787+00:00,LibGen,LibGen.bz,UP,200,1034,,
2026-10-01T13:57:51.387211+00:00,LibGen,LibGen.bz,UP,200,733,,
2026-10-01T13:58:51.329938+00:00,LibGen,LibGen.bz,UP,200,707,,
2026-10-01T13:59:51.484667+00:00,LibGen,LibGen.bz,UP,200,1132,,
2026-10-01T14:00:51.474560+00:00,LibGen,LibGen.bz,UP,200,908,,
2026-10-01T14:01:51.425881+00:00,LibGen,LibGen.bz,UP,200,577,,
2026-10-01T14:02:52.872763+00:00,LibGen,LibGen.bz,UP,200,733,,
2026-10-01T14:03:52.540724+00:00,LibGen,LibGen.bz,UP,200,771,,
2026-10-01T14:04:53.636027+00:00,LibGen,LibGen.bz,UP,200,732,,
2026-10-01T14:05:53.447628+00:00,LibGen,LibGen.bz,UP,200,693,,
2026-10-01T14:06:53.592900+00:00,LibGen,LibGen.bz,UP,200,780,,
2026-10-01T14:07:54.490412+00:00,LibGen,LibGen.bz,UP,200,706,,
2026-10-01T14:08:54.347792+00:00,LibGen,LibGen.bz,UP,200,745,,
2026-10-01T14:09:54.474189+00:00,LibGen,LibGen.bz,UP,200,673,,
2026-10-01T14:10:54.207565+00:00,LibGen,LibGen.bz,UP,200,268,,
2026-10-01T14:12:15.201205+00:00,LibGen,LibGen.bz,DOWN,,,connection_refused,
2026-10-01T14:12:55.384301+00:00,LibGen,LibGen.bz,UP,200,665,,
2026-10-01T14:14:16.398521+00:00,LibGen,LibGen.bz,DOWN,,,connection_refused,
2026-10-01T14:14:55.894037+00:00,LibGen,LibGen.bz,UP,200,792,,
2026-10-01T14:15:57.073488+00:00,LibGen,LibGen.bz,UP,200,770,,
2026-10-01T14:16:57.200531+00:00,LibGen,LibGen.bz,UP,200,831,,
2026-10-01T14:17:57.367099+00:00,LibGen,LibGen.bz,UP,200,835,,
2026-10-01T14:18:58.383525+00:00,LibGen,LibGen.bz,UP,200,880,,
2026-10-01T14:19:58.681855+00:00,LibGen,LibGen.bz,UP,200,721,,
2026-10-01T14:20:59.726976+00:00,LibGen,LibGen.bz,UP,200,851,,
2026-10-01T14:22:00.589871+00:00,LibGen,LibGen.bz,UP,200,1671,,
2026-10-01T14:23:03.035846+00:00,LibGen,LibGen.bz,DEGRADED,200,3678,latency_high,
2026-10-01T14:24:00.569308+00:00,LibGen,LibGen.bz,UP,200,799,,
2026-10-01T14:25:01.567302+00:00,LibGen,LibGen.bz,UP,200,1084,,
2026-10-01T14:26:21.666784+00:00,LibGen,LibGen.bz,DOWN,,,connection_refused,
2026-10-01T14:27:01.562033+00:00,LibGen,LibGen.bz,UP,200,797,,
2026-10-01T14:28:01.184135+00:00,LibGen,LibGen.bz,UP,200,388,,
2026-10-01T14:29:02.331660+00:00,LibGen,LibGen.bz,UP,200,941,,
2026-10-01T14:30:03.699606+00:00,LibGen,LibGen.bz,UP,200,1711,,
2026-10-01T14:31:04.348719+00:00,LibGen,LibGen.bz,UP,200,931,,
2026-10-01T14:32:04.333054+00:00,LibGen,LibGen.bz,UP,200,1042,,
2026-10-01T14:33:04.764104+00:00,LibGen,LibGen.bz,UP,200,775,,
2026-10-01T14:34:04.649210+00:00,LibGen,LibGen.bz,UP,200,740,,
2026-10-01T14:35:04.891615+00:00,LibGen,LibGen.bz,UP,200,783,,
2026-10-01T14:36:06.581475+00:00,LibGen,LibGen.bz,UP,200,776,,
2026-10-01T14:37:06.406614+00:00,LibGen,LibGen.bz,UP,200,1036,,
2026-10-01T14:38:06.376936+00:00,LibGen,LibGen.bz,UP,200,848,,
2026-10-01T14:39:06.562807+00:00,LibGen,LibGen.bz,UP,200,838,,
2026-10-01T14:40:07.590495+00:00,LibGen,LibGen.bz,UP,200,985,,
2026-10-01T14:41:07.611944+00:00,LibGen,LibGen.bz,UP,200,812,,
2026-10-01T14:42:28.134111+00:00,LibGen,LibGen.bz,DOWN,,,connection_refused,
2026-10-01T14:43:08.584574+00:00,LibGen,LibGen.bz,UP,200,733,,
2026-10-01T14:44:09.150202+00:00,LibGen,LibGen.bz,UP,200,694,,
2026-10-01T14:45:09.295977+00:00,LibGen,LibGen.bz,UP,200,756,,
2026-10-01T14:46:09.583551+00:00,LibGen,LibGen.bz,UP,200,745,,
2026-10-01T14:47:10.043737+00:00,LibGen,LibGen.bz,UP,200,885,,
2026-10-01T14:48:09.812371+00:00,LibGen,LibGen.bz,UP,200,685,,
2026-10-01T14:49:10.564448+00:00,LibGen,LibGen.bz,UP,200,859,,
2026-10-01T14:50:12.290045+00:00,LibGen,LibGen.bz,UP,200,855,,
2026-10-01T14:51:12.973198+00:00,LibGen,LibGen.bz,UP,200,2001,,
2026-10-01T14:52:11.981112+00:00,LibGen,LibGen.bz,UP,200,355,,
2026-10-01T14:53:12.152031+00:00,LibGen,LibGen.bz,UP,200,758,,
2026-10-01T14:54:13.029482+00:00,LibGen,LibGen.bz,UP,200,635,,
2026-10-01T14:55:14.208686+00:00,LibGen,LibGen.bz,UP,200,1481,,
2026-10-01T14:56:13.973564+00:00,LibGen,LibGen.bz,UP,200,747,,
2026-10-01T14:57:16.533768+00:00,LibGen,LibGen.bz,DEGRADED,200,3521,latency_high,
2026-10-01T14:58:13.887532+00:00,LibGen,LibGen.bz,UP,200,680,,
2026-10-01T14:59:15.105374+00:00,LibGen,LibGen.bz,UP,200,1183,,
2026-10-01T15:00:14.547184+00:00,LibGen,LibGen.bz,UP,200,851,,
2026-10-01T15:01:15.392576+00:00,LibGen,LibGen.bz,UP,200,1019,,
2026-10-01T15:02:16.324574+00:00,LibGen,LibGen.bz,UP,200,971,,
2026-10-01T15:03:16.522559+00:00,LibGen,LibGen.bz,UP,200,970,,
2026-10-01T15:04:17.254387+00:00,LibGen,LibGen.bz,UP,200,310,,
2026-10-01T15:05:17.843268+00:00,LibGen,LibGen.bz,UP,200,913,,
2026-10-01T15:06:17.804723+00:00,LibGen,LibGen.bz,UP,200,797,,
2026-10-01T15:07:18.273620+00:00,LibGen,LibGen.bz,UP,200,731,,
2026-10-01T15:08:18.773804+00:00,LibGen,LibGen.bz,UP,200,848,,
2026-10-01T15:09:18.617405+00:00,LibGen,LibGen.bz,UP,200,615,,
2026-10-01T15:10:18.990537+00:00,LibGen,LibGen.bz,UP,200,859,,
2026-10-01T15:11:19.636821+00:00,LibGen,LibGen.bz,UP,200,678,,
2026-10-01T15:12:20.261407+00:00,LibGen,LibGen.bz,UP,200,760,,
2026-10-01T15:13:20.992251+00:00,LibGen,LibGen.bz,UP,200,1293,,
2026-10-01T15:14:21.243474+00:00,LibGen,LibGen.bz,UP,200,771,,
2026-10-01T15:15:21.152564+00:00,LibGen,LibGen.bz,UP,200,914,,
2026-10-01T15:16:21.424161+00:00,LibGen,LibGen.bz,UP,200,652,,
2026-10-01T15:17:22.349497+00:00,LibGen,LibGen.bz,UP,200,826,,
2026-10-01T15:18:22.789749+00:00,LibGen,LibGen.bz,UP,200,709,,
2026-10-01T15:19:23.261573+00:00,LibGen,LibGen.bz,UP,200,796,,
2026-10-01T15:20:27.598723+00:00,LibGen,LibGen.bz,DEGRADED,200,4564,latency_high,
2026-10-01T15:21:23.733754+00:00,LibGen,LibGen.bz,UP,200,642,,
2026-10-01T15:22:24.940353+00:00,LibGen,LibGen.bz,UP,200,1103,,
2026-10-01T15:23:25.760421+00:00,LibGen,LibGen.bz,UP,200,826,,
2026-10-01T15:24:25.376839+00:00,LibGen,LibGen.bz,UP,200,840,,
2026-10-01T15:25:25.033986+00:00,LibGen,LibGen.bz,UP,200,761,,
2026-10-01T15:26:25.113572+00:00,LibGen,LibGen.bz,UP,200,328,,
2026-10-01T15:27:25.967732+00:00,LibGen,LibGen.bz,UP,200,944,,
2026-10-01T15:28:26.640122+00:00,LibGen,LibGen.bz,UP,200,944,,
2026-10-01T15:29:47.667514+00:00,LibGen,LibGen.bz,DOWN,,,connection_refused,
2026-10-01T15:30:27.787891+00:00,LibGen,LibGen.bz,UP,200,861,,
2026-10-01T15:31:27.477556+00:00,LibGen,LibGen.bz,UP,200,643,,
2026-10-01T15:32:28.002074+00:00,LibGen,LibGen.bz,UP,200,345,,
2026-10-01T15:33:30.193822+00:00,LibGen,LibGen.bz,UP,200,2737,,
2026-10-01T15:34:29.266993+00:00,LibGen,LibGen.bz,UP,200,1117,,
2026-10-01T15:35:29.346073+00:00,LibGen,LibGen.bz,UP,200,795,,
2026-10-01T15:36:30.684090+00:00,LibGen,LibGen.bz,UP,200,764,,
2026-10-01T15:37:29.537907+00:00,LibGen,LibGen.bz,UP,200,297,,
2026-10-01T15:38:30.581607+00:00,LibGen,LibGen.bz,UP,200,810,,
2026-10-01T15:39:36.579031+00:00,LibGen,LibGen.bz,DEGRADED,200,3875,latency_high,
2026-10-01T15:40:31.934855+00:00,LibGen,LibGen.bz,UP,200,986,,
2026-10-01T15:41:32.344859+00:00,LibGen,LibGen.bz,UP,200,754,,
2026-10-01T15:42:32.260739+00:00,LibGen,LibGen.bz,UP,200,751,,
2026-10-01T15:43:32.402636+00:00,LibGen,LibGen.bz,UP,200,280,,
2026-10-01T15:44:33.318181+00:00,LibGen,LibGen.bz,UP,200,667,,
2026-10-01T15:45:34.099245+00:00,LibGen,LibGen.bz,UP,200,942,,
2026-10-01T15:46:33.750176+00:00,LibGen,LibGen.bz,UP,200,695,,
2026-10-01T15:47:34.268450+00:00,LibGen,LibGen.bz,UP,200,662,,
2026-10-01T15:48:35.386968+00:00,LibGen,LibGen.bz,UP,200,821,,
2026-10-01T15:49:35.361773+00:00,LibGen,LibGen.bz,UP,200,1004,,
2026-10-01T15:50:35.338722+00:00,LibGen,LibGen.bz,UP,200,833,,
2026-10-01T15:51:36.437498+00:00,LibGen,LibGen.bz,UP,200,802,,
2026-10-01T15:52:36.185240+00:00,LibGen,LibGen.bz,UP,200,781,,
2026-10-01T15:53:41.500230+00:00,LibGen,LibGen.bz,UP,200,1105,,
2026-10-01T15:54:36.787675+00:00,LibGen,LibGen.bz,UP,200,809,,
2026-10-01T15:55:37.945316+00:00,LibGen,LibGen.bz,UP,200,818,,
2026-10-01T15:56:37.686506+00:00,LibGen,LibGen.bz,UP,200,856,,
2026-10-01T15:57:37.761258+00:00,LibGen,LibGen.bz,UP,200,744,,
2026-10-01T15:58:37.884657+00:00,LibGen,LibGen.bz,UP,200,757,,
2026-10-01T15:59:38.409051+00:00,LibGen,LibGen.bz,UP,200,672,,
2026-10-01T16:00:38.897750+00:00,LibGen,LibGen.bz,UP,200,762,,
2026-10-01T16:01:38.998824+00:00,LibGen,LibGen.bz,DOWN,,,connection_refused,
2026-10-01T16:02:40.042675+00:00,LibGen,LibGen.bz,UP,200,787,,
2026-10-01T16:03:40.786895+00:00,LibGen,LibGen.bz,UP,200,865,,
2026-10-01T16:04:41.195762+00:00,LibGen,LibGen.bz,UP,200,799,,
2026-10-01T16:05:42.134936+00:00,LibGen,LibGen.bz,UP,200,1045,,
2026-10-01T16:06:42.505005+00:00,LibGen,LibGen.bz,UP,200,956,,
2026-10-01T16:07:42.719590+00:00,LibGen,LibGen.bz,UP,200,802,,
2026-10-01T16:08:43.006120+00:00,LibGen,LibGen.bz,UP,200,741,,
2026-10-01T16:09:43.550163+00:00,LibGen,LibGen.bz,UP,200,912,,
2026-10-01T16:10:43.359079+00:00,LibGen,LibGen.bz,UP,200,464,,
2026-10-01T16:11:44.747672+00:00,LibGen,LibGen.bz,UP,200,768,,
2026-10-01T16:12:44.425557+00:00,LibGen,LibGen.bz,UP,200,594,,
2026-10-01T16:13:45.333503+00:00,LibGen,LibGen.bz,UP,200,931,,
2026-10-01T16:14:45.578515+00:00,LibGen,LibGen.bz,UP,200,862,,
2026-10-01T16:15:48.781785+00:00,LibGen,LibGen.bz,DEGRADED,200,3748,latency_high,
2026-10-01T16:16:46.008226+00:00,LibGen,LibGen.bz,UP,200,291,,
2026-10-01T16:17:46.723727+00:00,LibGen,LibGen.bz,UP,200,733,,
2026-10-01T16:18:47.844845+00:00,LibGen,LibGen.bz,UP,200,753,,
2026-10-01T16:19:47.935621+00:00,LibGen,LibGen.bz,UP,200,614,,
2026-10-01T16:20:48.619994+00:00,LibGen,LibGen.bz,UP,200,890,,
2026-10-01T16:21:49.236872+00:00,LibGen,LibGen.bz,UP,200,808,,
2026-10-01T16:22:49.954566+00:00,LibGen,LibGen.bz,UP,200,953,,
2026-10-01T16:23:50.710850+00:00,LibGen,LibGen.bz,UP,200,748,,
2026-10-01T16:24:50.830205+00:00,LibGen,LibGen.bz,UP,200,804,,
2026-10-01T16:25:50.948489+00:00,LibGen,LibGen.bz,UP,200,667,,
2026-10-01T16:26:51.163930+00:00,LibGen,LibGen.bz,UP,200,592,,
2026-10-01T16:27:51.166940+00:00,LibGen,LibGen.bz,UP,200,910,,
2026-10-01T16:28:51.564623+00:00,LibGen,LibGen.bz,UP,200,788,,
2026-10-01T16:29:52.152081+00:00,LibGen,LibGen.bz,UP,200,789,,
2026-10-01T16:30:51.903764+00:00,LibGen,LibGen.bz,UP,200,986,,
2026-10-01T16:31:52.152271+00:00,LibGen,LibGen.bz,UP,200,770,,
2026-10-01T16:32:53.351483+00:00,LibGen,LibGen.bz,UP,200,696,,
2026-10-01T16:33:53.445210+00:00,LibGen,LibGen.bz,UP,200,796,,
2026-10-01T16:34:53.955643+00:00,LibGen,LibGen.bz,UP,200,1137,,
2026-10-01T16:35:54.567297+00:00,LibGen,LibGen.bz,UP,200,1218,,
2026-10-01T16:36:54.278618+00:00,LibGen,LibGen.bz,UP,200,315,,
2026-10-01T16:37:54.992625+00:00,LibGen,LibGen.bz,UP,200,764,,
2026-10-01T16:38:55.017256+00:00,LibGen,LibGen.bz,UP,200,689,,
2026-10-01T16:39:55.778995+00:00,LibGen,LibGen.bz,UP,200,709,,
2026-10-01T16:40:56.213011+00:00,LibGen,LibGen.bz,UP,200,955,,
2026-10-01T16:41:55.771570+00:00,LibGen,LibGen.bz,UP,200,764,,
2026-10-01T16:42:57.185499+00:00,LibGen,LibGen.bz,UP,200,751,,
2026-10-01T16:43:57.565940+00:00,LibGen,LibGen.bz,UP,200,820,,
2026-10-01T16:44:57.515636+00:00,LibGen,LibGen.bz,UP,200,894,,
2026-10-01T16:45:57.982341+00:00,LibGen,LibGen.bz,UP,200,918,,
2026-10-01T16:46:59.476391+00:00,LibGen,LibGen.bz,UP,200,823,,
2026-10-01T16:48:01.974754+00:00,LibGen,LibGen.bz,UP,200,864,,
2026-10-01T16:49:00.127904+00:00,LibGen,LibGen.bz,UP,200,835,,
2026-10-01T16:50:01.053537+00:00,LibGen,LibGen.bz,UP,200,715,,
2026-10-01T16:51:00.618027+00:00,LibGen,LibGen.bz,UP,200,314,,
2026-10-01T16:52:01.792074+00:00,LibGen,LibGen.bz,UP,200,811,,
2026-10-01T16:53:02.995437+00:00,LibGen,LibGen.bz,UP,200,881,,
2026-10-01T16:54:03.265903+00:00,LibGen,LibGen.bz,UP,200,1171,,
2026-10-01T16:55:04.715251+00:00,LibGen,LibGen.bz,UP,200,1448,,
2026-10-01T16:56:03.609522+00:00,LibGen,LibGen.bz,UP,200,369,,
2026-10-01T16:57:05.318346+00:00,LibGen,LibGen.bz,UP,200,814,,
2026-10-01T16:58:08.313813+00:00,LibGen,LibGen.bz,DEGRADED,200,4544,latency_high,
2026-10-01T16:59:05.237961+00:00,LibGen,LibGen.bz,UP,200,862,,
2026-10-01T17:00:06.621006+00:00,LibGen,LibGen.bz,UP,200,1556,,
2026-10-01T17:01:06.648931+00:00,LibGen,LibGen.bz,UP,200,968,,
2026-10-01T17:02:06.754218+00:00,LibGen,LibGen.bz,UP,200,800,,
2026-10-01T17:03:07.401529+00:00,LibGen,LibGen.bz,UP,200,813,,
2026-10-01T17:04:07.580166+00:00,LibGen,LibGen.bz,UP,200,743,,
2026-10-01T17:05:09.222429+00:00,LibGen,LibGen.bz,UP,200,2284,,
2026-10-01T17:06:08.082751+00:00,LibGen,LibGen.bz,UP,200,773,,
2026-10-01T17:07:08.426949+00:00,LibGen,LibGen.bz,UP,200,688,,
2026-10-01T17:08:09.012516+00:00,LibGen,LibGen.bz,UP,200,876,,
2026-10-01T17:09:15.014130+00:00,LibGen,LibGen.bz,UP,200,2987,,
2026-10-01T17:10:10.528441+00:00,LibGen,LibGen.bz,UP,200,880,,
2026-10-01T17:11:30.450918+00:00,LibGen,LibGen.bz,DOWN,,,connection_refused,
2026-10-01T17:12:10.289350+00:00,LibGen,LibGen.bz,UP,200,748,,
2026-10-01T17:13:11.362460+00:00,LibGen,LibGen.bz,UP,200,1207,,
2026-10-01T17:14:11.366541+00:00,LibGen,LibGen.bz,UP,200,753,,
2026-10-01T17:15:13.588010+00:00,LibGen,LibGen.bz,UP,200,868,,
2026-10-01T17:16:12.468201+00:00,LibGen,LibGen.bz,UP,200,303,,
2026-10-01T17:17:13.840347+00:00,LibGen,LibGen.bz,UP,200,1514,,
2026-10-01T17:18:14.105998+00:00,LibGen,LibGen.bz,UP,200,827,,
2026-10-01T17:19:14.538034+00:00,LibGen,LibGen.bz,UP,200,754,,
2026-10-01T17:20:14.873427+00:00,LibGen,LibGen.bz,UP,200,862,,
2026-10-01T17:21:14.529320+00:00,LibGen,LibGen.bz,UP,200,857,,
2026-10-01T17:22:16.953982+00:00,LibGen,LibGen.bz,DEGRADED,200,3045,latency_high,
2026-10-01T17:23:15.341437+00:00,LibGen,LibGen.bz,UP,200,871,,
2026-10-01T17:24:16.312206+00:00,LibGen,LibGen.bz,UP,200,976,,
2026-10-01T17:25:15.687790+00:00,LibGen,LibGen.bz,UP,200,786,,
2026-10-01T17:26:16.741749+00:00,LibGen,LibGen.bz,UP,200,895,,
2026-10-01T17:27:17.245887+00:00,LibGen,LibGen.bz,UP,200,1459,,
2026-10-01T17:28:16.365446+00:00,LibGen,LibGen.bz,UP,200,286,,
2026-10-01T17:29:16.916723+00:00,LibGen,LibGen.bz,UP,200,714,,
2026-10-01T17:30:17.495721+00:00,LibGen,LibGen.bz,UP,200,823,,
2026-10-01T17:31:18.314512+00:00,LibGen,LibGen.bz,UP,200,811,,
2026-10-01T17:32:39.021706+00:00,LibGen,LibGen.bz,DOWN,,,connection_refused,
2026-10-01T17:33:20.527571+00:00,LibGen,LibGen.bz,UP,200,2611,,
2026-10-01T17:34:18.963660+00:00,LibGen,LibGen.bz,UP,200,800,,
2026-10-01T17:35:39.490828+00:00,LibGen,LibGen.bz,DOWN,,,connection_refused,
2026-10-01T17:36:20.258633+00:00,LibGen,LibGen.bz,UP,200,1215,,
2026-10-01T17:37:20.331003+00:00,LibGen,LibGen.bz,UP,200,803,,
2026-10-01T17:38:20.966881+00:00,LibGen,LibGen.bz,UP,200,790,,
2026-10-01T17:39:20.874006+00:00,LibGen,LibGen.bz,UP,200,847,,
2026-10-01T17:40:20.916899+00:00,LibGen,LibGen.bz,UP,200,852,,
2026-10-01T17:41:22.109557+00:00,LibGen,LibGen.bz,UP,200,1155,,
2026-10-01T17:42:21.817568+00:00,LibGen,LibGen.bz,UP,200,728,,
2026-10-01T17:43:24.893994+00:00,LibGen,LibGen.bz,DEGRADED,200,3733,latency_high,
2026-10-01T17:44:22.724423+00:00,LibGen,LibGen.bz,UP,200,686,,
2026-10-01T17:45:23.130736+00:00,LibGen,LibGen.bz,UP,200,937,,
2026-10-01T17:46:23.839903+00:00,LibGen,LibGen.bz,UP,200,1884,,
2026-10-01T17:47:44.517574+00:00,LibGen,LibGen.bz,DOWN,,,connection_refused,
2026-10-01T17:48:23.842176+00:00,LibGen,LibGen.bz,UP,200,849,,
2026-10-01T17:49:24.237341+00:00,LibGen,LibGen.bz,UP,200,697,,
2026-10-01T17:50:25.151481+00:00,LibGen,LibGen.bz,UP,200,1120,,
2026-10-01T17:51:26.365222+00:00,LibGen,LibGen.bz,UP,200,840,,
2026-10-01T17:52:25.784169+00:00,LibGen,LibGen.bz,UP,200,878,,
2026-10-01T17:53:26.060681+00:00,LibGen,LibGen.bz,UP,200,713,,
2026-10-01T17:54:26.510724+00:00,LibGen,LibGen.bz,UP,200,1231,,
2026-10-01T17:55:25.896387+00:00,LibGen,LibGen.bz,UP,200,747,,
2026-10-01T17:56:46.507557+00:00,LibGen,LibGen.bz,DOWN,,,connection_refused,
2026-10-01T17:57:27.254237+00:00,LibGen,LibGen.bz,UP,200,804,,
2026-10-01T17:58:27.944579+00:00,LibGen,LibGen.bz,UP,200,780,,
2026-10-01T17:59:29.295312+00:00,LibGen,LibGen.bz,UP,200,1621,,
2026-10-01T18:00:48.531359+00:00,LibGen,LibGen.bz,DOWN,,,connection_refused,
2026-10-01T18:01:49.315493+00:00,LibGen,LibGen.bz,DOWN,,,connection_refused,
2026-10-01T18:02:30.642733+00:00,LibGen,LibGen.bz,UP,200,837,,
2026-10-01T18:03:29.844976+00:00,LibGen,LibGen.bz,UP,200,773,,
2026-10-01T18:04:30.232026+00:00,LibGen,LibGen.bz,UP,200,883,,
2026-10-01T18:05:30.750194+00:00,LibGen,LibGen.bz,UP,200,791,,
2026-10-01T18:06:32.941533+00:00,LibGen,LibGen.bz,UP,200,1917,,
2026-10-01T18:07:31.664065+00:00,LibGen,LibGen.bz,UP,200,808,,
2026-10-01T18:08:52.271853+00:00,LibGen,LibGen.bz,DOWN,,,connection_refused,
2026-10-01T18:09:32.720856+00:00,LibGen,LibGen.bz,UP,200,932,,
2026-10-01T18:10:32.816892+00:00,LibGen,LibGen.bz,UP,200,747,,
2026-10-01T18:11:34.077539+00:00,LibGen,LibGen.bz,UP,200,690,,
2026-10-01T18:12:33.772509+00:00,LibGen,LibGen.bz,UP,200,823,,
2026-10-01T18:13:33.384066+00:00,LibGen,LibGen.bz,UP,200,362,,
2026-10-01T18:14:34.210584+00:00,LibGen,LibGen.bz,UP,200,706,,
2026-10-01T18:15:35.047910+00:00,LibGen,LibGen.bz,UP,200,893,,
2026-10-01T18:16:55.815220+00:00,LibGen,LibGen.bz,DOWN,,,connection_refused,
2026-10-01T18:17:36.260655+00:00,LibGen,LibGen.bz,UP,200,1259,,
2026-10-01T18:18:39.328825+00:00,LibGen,LibGen.bz,DEGRADED,200,3811,latency_high,
2026-10-01T18:19:36.831367+00:00,LibGen,LibGen.bz,UP,200,927,,
2026-10-01T18:20:37.260238+00:00,LibGen,LibGen.bz,UP,200,756,,
2026-10-01T18:21:37.397894+00:00,LibGen,LibGen.bz,UP,200,704,,
2026-10-01T18:22:39.038503+00:00,LibGen,LibGen.bz,UP,200,1044,,
2026-10-01T18:23:38.364192+00:00,LibGen,LibGen.bz,UP,200,763,,
2026-10-01T18:24:39.683069+00:00,LibGen,LibGen.bz,UP,200,906,,
2026-10-01T18:25:39.825687+00:00,LibGen,LibGen.bz,UP,200,932,,
2026-10-01T18:26:41.781938+00:00,LibGen,LibGen.bz,UP,200,996,,
2026-10-01T18:27:40.921050+00:00,LibGen,LibGen.bz,UP,200,806,,
2026-10-01T18:28:40.877568+00:00,LibGen,LibGen.bz,UP,200,703,,
2026-10-01T18:29:41.647511+00:00,LibGen,LibGen.bz,UP,200,848,,
2026-10-01T18:30:42.263312+00:00,LibGen,LibGen.bz,UP,200,1059,,
2026-10-01T18:31:42.375577+00:00,LibGen,LibGen.bz,UP,200,881,,
2026-10-01T18:32:42.532929+00:00,LibGen,LibGen.bz,UP,200,710,,
2026-10-01T18:34:04.087786+00:00,LibGen,LibGen.bz,DOWN,,,connection_refused,
2026-10-01T18:34:46.569675+00:00,LibGen,LibGen.bz,DEGRADED,200,3012,latency_high,
2026-10-01T18:35:45.012711+00:00,LibGen,LibGen.bz,UP,200,796,,
2026-10-01T18:37:04.788055+00:00,LibGen,LibGen.bz,DOWN,,,connection_refused,
2026-10-01T18:37:45.437609+00:00,LibGen,LibGen.bz,UP,200,812,,
2026-10-01T18:38:46.495008+00:00,LibGen,LibGen.bz,UP,200,825,,
2026-10-01T18:39:46.371781+00:00,LibGen,LibGen.bz,UP,200,845,,
2026-10-01T18:40:46.810705+00:00,LibGen,LibGen.bz,UP,200,641,,
2026-10-01T18:41:46.807211+00:00,LibGen,LibGen.bz,UP,200,808,,
2026-10-01T18:42:46.894801+00:00,LibGen,LibGen.bz,UP,200,729,,
2026-10-01T18:44:08.366774+00:00,LibGen,LibGen.bz,DOWN,,,connection_refused,
2026-10-01T18:44:48.291885+00:00,LibGen,LibGen.bz,UP,200,908,,
2026-10-01T18:45:49.772988+00:00,LibGen,LibGen.bz,UP,200,954,,
2026-10-01T18:46:49.425324+00:00,LibGen,LibGen.bz,UP,200,647,,
2026-10-01T18:47:49.936137+00:00,LibGen,LibGen.bz,UP,200,795,,
2026-10-01T18:48:50.532823+00:00,LibGen,LibGen.bz,UP,200,783,,
2026-10-01T18:49:50.851116+00:00,LibGen,LibGen.bz,UP,200,775,,
2026-10-01T18:50:51.288820+00:00,LibGen,LibGen.bz,UP,200,834,,
2026-10-01T18:51:51.365833+00:00,LibGen,LibGen.bz,UP,200,595,,
2026-10-01T18:52:51.129962+00:00,LibGen,LibGen.bz,UP,200,250,,
2026-10-01T18:53:53.012712+00:00,LibGen,LibGen.bz,UP,200,762,,
2026-10-01T18:54:52.821590+00:00,LibGen,LibGen.bz,UP,200,731,,
2026-10-01T18:55:53.450712+00:00,LibGen,LibGen.bz,UP,200,753,,
2026-10-01T18:56:52.977899+00:00,LibGen,LibGen.bz,UP,200,754,,
2026-10-01T18:57:53.246854+00:00,LibGen,LibGen.bz,UP,200,718,,
2026-10-01T18:58:54.008988+00:00,LibGen,LibGen.bz,UP,200,842,,
2026-10-01T19:00:03.131493+00:00,LibGen,LibGen.bz,DEGRADED,200,6443,latency_high,
2026-10-01T19:00:54.868402+00:00,LibGen,LibGen.bz,UP,200,841,,
2026-10-01T19:01:55.269630+00:00,LibGen,LibGen.bz,UP,200,788,,
2026-10-01T19:02:55.794521+00:00,LibGen,LibGen.bz,UP,200,672,,
2026-10-01T19:03:56.114710+00:00,LibGen,LibGen.bz,UP,200,691,,
2026-10-01T19:04:57.208432+00:00,LibGen,LibGen.bz,UP,200,736,,
2026-10-01T19:05:56.537078+00:00,LibGen,LibGen.bz,UP,200,719,,
2026-10-01T19:06:57.923799+00:00,LibGen,LibGen.bz,UP,200,777,,
2026-10-01T19:07:58.215800+00:00,LibGen,LibGen.bz,UP,200,760,,
2026-10-01T19:08:59.578492+00:00,LibGen,LibGen.bz,UP,200,1220,,
2026-10-01T19:09:59.391714+00:00,LibGen,LibGen.bz,UP,200,1037,,
2026-10-01T19:10:59.711346+00:00,LibGen,LibGen.bz,UP,200,1310,,
2026-10-01T19:12:02.980338+00:00,LibGen,LibGen.bz,DEGRADED,200,3745,latency_high,
2026-10-01T19:13:00.607608+00:00,LibGen,LibGen.bz,UP,200,1032,,
2026-10-01T19:14:00.602419+00:00,LibGen,LibGen.bz,UP,200,463,,
2026-10-01T19:15:02.165735+00:00,LibGen,LibGen.bz,UP,200,1440,,
2026-10-01T19:16:01.573257+00:00,LibGen,LibGen.bz,UP,200,912,,
2026-10-01T19:17:02.115987+00:00,LibGen,LibGen.bz,UP,200,770,,
2026-10-01T19:18:02.136123+00:00,LibGen,LibGen.bz,UP,200,934,,
2026-10-01T19:19:02.945846+00:00,LibGen,LibGen.bz,UP,200,932,,
2026-10-01T19:20:04.923225+00:00,LibGen,LibGen.bz,UP,200,2215,,
2026-10-01T19:21:05.931675+00:00,LibGen,LibGen.bz,UP,200,1387,,
2026-10-01T19:22:04.061542+00:00,LibGen,LibGen.bz,UP,200,353,,
2026-10-01T19:23:05.556436+00:00,LibGen,LibGen.bz,UP,200,899,,
2026-10-01T19:24:04.935493+00:00,LibGen,LibGen.bz,UP,200,844,,
2026-10-01T19:25:05.232112+00:00,LibGen,LibGen.bz,UP,200,849,,
2026-10-01T19:26:05.793394+00:00,LibGen,LibGen.bz,UP,200,889,,
2026-10-01T19:27:06.151201+00:00,LibGen,LibGen.bz,UP,200,882,,
2026-10-01T19:28:07.032847+00:00,LibGen,LibGen.bz,UP,200,769,,
2026-10-01T19:29:06.891410+00:00,LibGen,LibGen.bz,UP,200,791,,
2026-10-01T19:30:07.657872+00:00,LibGen,LibGen.bz,UP,200,983,,
2026-10-01T19:31:08.077514+00:00,LibGen,LibGen.bz,UP,200,700,,
2026-10-01T19:32:08.900456+00:00,LibGen,LibGen.bz,UP,200,750,,
2026-10-01T19:33:28.583801+00:00,LibGen,LibGen.bz,DOWN,,,connection_refused,
2026-10-01T19:34:09.037063+00:00,LibGen,LibGen.bz,UP,200,985,,
2026-10-01T19:35:30.546947+00:00,LibGen,LibGen.bz,DOWN,,,connection_refused,
2026-10-01T19:36:10.817295+00:00,LibGen,LibGen.bz,UP,200,817,,
2026-10-01T19:37:11.496199+00:00,LibGen,LibGen.bz,UP,200,771,,
2026-10-01T19:38:11.391228+00:00,LibGen,LibGen.bz,UP,200,1047,,
2026-10-01T19:39:11.154657+00:00,LibGen,LibGen.bz,UP,200,731,,
2026-10-01T19:40:12.931596+00:00,LibGen,LibGen.bz,UP,200,897,,
2026-10-01T19:41:11.956157+00:00,LibGen,LibGen.bz,UP,200,759,,
2026-10-01T19:42:12.142635+00:00,LibGen,LibGen.bz,UP,200,716,,
2026-10-01T19:43:13.170791+00:00,LibGen,LibGen.bz,UP,200,663,,
2026-10-01T19:44:12.493914+00:00,LibGen,LibGen.bz,UP,200,657,,
2026-10-01T19:45:13.936630+00:00,LibGen,LibGen.bz,UP,200,1310,,
2026-10-01T19:46:12.828673+00:00,LibGen,LibGen.bz,UP,200,640,,
2026-10-01T19:47:15.155500+00:00,LibGen,LibGen.bz,UP,200,1905,,
2026-10-01T19:48:14.686689+00:00,LibGen,LibGen.bz,UP,200,776,,
2026-10-01T19:49:15.176804+00:00,LibGen,LibGen.bz,UP,200,762,,
2026-10-01T19:50:16.055052+00:00,LibGen,LibGen.bz,UP,200,946,,
2026-10-01T19:51:17.019615+00:00,LibGen,LibGen.bz,UP,200,1060,,
2026-10-01T19:52:17.930229+00:00,LibGen,LibGen.bz,UP,200,869,,
2026-10-01T19:53:18.454349+00:00,LibGen,LibGen.bz,UP,200,1097,,
2026-10-01T19:54:17.929930+00:00,LibGen,LibGen.bz,UP,200,271,,
2026-10-01T19:55:22.239719+00:00,LibGen,LibGen.bz,DEGRADED,200,3475,latency_high,
2026-10-01T19:56:20.124742+00:00,LibGen,LibGen.bz,UP,200,1074,,
2026-10-01T19:57:18.593761+00:00,LibGen,LibGen.bz,UP,200,277,,
2026-10-01T19:58:19.312631+00:00,LibGen,LibGen.bz,UP,200,799,,
2026-10-01T19:59:19.429516+00:00,LibGen,LibGen.bz,UP,200,621,,
2026-10-01T20:00:20.192813+00:00,LibGen,LibGen.bz,UP,200,1051,,
2026-10-01T20:01:21.598597+00:00,LibGen,LibGen.bz,UP,200,1016,,
2026-10-01T20:02:21.487479+00:00,LibGen,LibGen.bz,UP,200,805,,
2026-10-01T20:03:21.694767+00:00,LibGen,LibGen.bz,UP,200,770,,
2026-10-01T20:04:21.903884+00:00,LibGen,LibGen.bz,UP,200,777,,
2026-10-01T20:05:21.796750+00:00,LibGen,LibGen.bz,DOWN,,,connection_refused,
2026-10-01T20:06:23.311696+00:00,LibGen,LibGen.bz,UP,200,858,,
2026-10-01T20:07:23.066537+00:00,LibGen,LibGen.bz,UP,200,657,,
2026-10-01T20:08:24.274573+00:00,LibGen,LibGen.bz,UP,200,1050,,
2026-10-01T20:09:23.757324+00:00,LibGen,LibGen.bz,UP,200,298,,
2026-10-01T20:10:24.825374+00:00,LibGen,LibGen.bz,UP,200,840,,
2026-10-01T20:11:25.150190+00:00,LibGen,LibGen.bz,UP,200,798,,
2026-10-01T20:12:25.693877+00:00,LibGen,LibGen.bz,UP,200,811,,
2026-10-01T20:13:26.196378+00:00,LibGen,LibGen.bz,UP,200,820,,
2026-10-01T20:14:26.533854+00:00,LibGen,LibGen.bz,UP,200,645,,
2026-10-01T20:15:26.865689+00:00,LibGen,LibGen.bz,UP,200,767,,
2026-10-01T20:16:27.575735+00:00,LibGen,LibGen.bz,UP,200,852,,
2026-10-01T20:17:28.361170+00:00,LibGen,LibGen.bz,UP,200,832,,
2026-10-01T20:18:48.491182+00:00,LibGen,LibGen.bz,DOWN,,,connection_refused,
2026-10-01T20:19:28.744895+00:00,LibGen,LibGen.bz,UP,200,769,,
2026-10-01T20:20:28.789919+00:00,LibGen,LibGen.bz,UP,200,278,,
2026-10-01T20:21:30.113777+00:00,LibGen,LibGen.bz,UP,200,600,,
2026-10-01T20:22:30.188969+00:00,LibGen,LibGen.bz,UP,200,578,,
2026-10-01T20:23:30.899795+00:00,LibGen,LibGen.bz,UP,200,1171,,
2026-10-01T20:24:31.145411+00:00,LibGen,LibGen.bz,UP,200,893,,
2026-10-01T20:25:32.153624+00:00,LibGen,LibGen.bz,UP,200,907,,
2026-10-01T20:26:32.733572+00:00,LibGen,LibGen.bz,UP,200,922,,
2026-10-01T20:27:33.368252+00:00,LibGen,LibGen.bz,UP,200,688,,
2026-10-01T20:28:33.238832+00:00,LibGen,LibGen.bz,UP,200,631,,
2026-10-01T20:29:33.603839+00:00,LibGen,LibGen.bz,UP,200,867,,
2026-10-01T20:30:34.176096+00:00,LibGen,LibGen.bz,UP,200,882,,
2026-10-01T20:31:34.890528+00:00,LibGen,LibGen.bz,UP,200,727,,
2026-10-01T20:32:35.393971+00:00,LibGen,LibGen.bz,UP,200,609,,
2026-10-01T20:33:35.081550+00:00,LibGen,LibGen.bz,UP,200,878,,
2026-10-01T20:34:35.586346+00:00,LibGen,LibGen.bz,UP,200,857,,
2026-10-01T20:35:37.202581+00:00,LibGen,LibGen.bz,UP,200,1312,,
2026-10-01T20:36:36.764000+00:00,LibGen,LibGen.bz,UP,200,789,,
2026-10-01T20:37:37.104045+00:00,LibGen,LibGen.bz,UP,200,931,,
2026-10-01T20:38:37.606625+00:00,LibGen,LibGen.bz,UP,200,1173,,
2026-10-01T20:39:37.974797+00:00,LibGen,LibGen.bz,UP,200,613,,
2026-10-01T20:40:38.016025+00:00,LibGen,LibGen.bz,UP,200,697,,
2026-10-01T20:41:38.460747+00:00,LibGen,LibGen.bz,UP,200,637,,
2026-10-01T20:42:41.420907+00:00,LibGen,LibGen.bz,DEGRADED,200,3822,latency_high,
2026-10-01T20:43:38.737632+00:00,LibGen,LibGen.bz,UP,200,657,,
2026-10-01T20:44:40.186500+00:00,LibGen,LibGen.bz,UP,200,1594,,
2026-10-01T20:45:40.642555+00:00,LibGen,LibGen.bz,UP,200,858,,
2026-10-01T20:46:40.714320+00:00,LibGen,LibGen.bz,UP,200,725,,
2026-10-01T20:47:40.253623+00:00,LibGen,LibGen.bz,UP,200,734,,
2026-10-01T20:48:40.106387+00:00,LibGen,LibGen.bz,UP,200,266,,
2026-10-01T20:49:41.219526+00:00,LibGen,LibGen.bz,UP,200,720,,
2026-10-01T20:50:43.908081+00:00,LibGen,LibGen.bz,UP,200,1325,,
2026-10-01T20:51:41.191227+00:00,LibGen,LibGen.bz,UP,200,682,,
2026-10-01T20:52:41.752383+00:00,LibGen,LibGen.bz,UP,200,705,,
2026-10-01T20:53:41.984056+00:00,LibGen,LibGen.bz,UP,200,732,,
2026-10-01T20:54:42.092510+00:00,LibGen,LibGen.bz,UP,200,701,,
2026-10-01T20:55:43.071474+00:00,LibGen,LibGen.bz,UP,200,719,,
2026-10-01T20:56:43.907776+00:00,LibGen,LibGen.bz,UP,200,709,,
2026-10-01T20:57:43.454933+00:00,LibGen,LibGen.bz,UP,200,1035,,
2026-10-01T20:58:43.620437+00:00,LibGen,LibGen.bz,UP,200,749,,
2026-10-01T20:59:43.071105+00:00,LibGen,LibGen.bz,UP,200,539,,
2026-10-01T21:00:43.489507+00:00,LibGen,LibGen.bz,UP,200,602,,
2026-10-01T21:01:44.187830+00:00,LibGen,LibGen.bz,UP,200,801,,
2026-10-01T21:02:45.027321+00:00,LibGen,LibGen.bz,UP,200,841,,
2026-10-01T21:03:44.060340+00:00,LibGen,LibGen.bz,UP,200,282,,
2026-10-01T21:04:44.814149+00:00,LibGen,LibGen.bz,UP,200,838,,
2026-10-01T21:05:44.920224+00:00,LibGen,LibGen.bz,UP,200,329,,
2026-10-01T21:06:46.747598+00:00,LibGen,LibGen.bz,UP,200,702,,
2026-10-01T21:07:45.676579+00:00,LibGen,LibGen.bz,UP,200,307,,
2026-10-01T21:08:46.657019+00:00,LibGen,LibGen.bz,UP,200,744,,
2026-10-01T21:09:47.343078+00:00,LibGen,LibGen.bz,UP,200,699,,
2026-10-01T21:10:47.825076+00:00,LibGen,LibGen.bz,UP,200,1128,,
2026-10-01T21:11:48.549634+00:00,LibGen,LibGen.bz,UP,200,652,,
2026-10-01T21:12:47.952634+00:00,LibGen,LibGen.bz,UP,200,736,,
2026-10-01T21:13:49.331539+00:00,LibGen,LibGen.bz,UP,200,859,,
2026-10-01T21:14:49.057236+00:00,LibGen,LibGen.bz,UP,200,732,,
2026-10-01T21:15:49.902538+00:00,LibGen,LibGen.bz,UP,200,1011,,
2026-10-01T21:16:50.371446+00:00,LibGen,LibGen.bz,UP,200,755,,
2026-10-01T21:17:50.473603+00:00,LibGen,LibGen.bz,UP,200,756,,
2026-10-01T21:18:50.583051+00:00,LibGen,LibGen.bz,UP,200,260,,
2026-10-01T21:19:51.793832+00:00,LibGen,LibGen.bz,UP,200,1632,,
2026-10-01T21:20:50.748801+00:00,LibGen,LibGen.bz,UP,200,586,,
2026-10-01T21:21:51.408395+00:00,LibGen,LibGen.bz,UP,200,915,,
2026-10-01T21:22:52.942459+00:00,LibGen,LibGen.bz,UP,200,1696,,
2026-10-01T21:23:52.544922+00:00,LibGen,LibGen.bz,UP,200,1044,,
2026-10-01T21:24:52.691984+00:00,LibGen,LibGen.bz,UP,200,689,,
2026-10-01T21:25:53.019365+00:00,LibGen,LibGen.bz,UP,200,267,,
2026-10-01T21:26:53.408583+00:00,LibGen,LibGen.bz,UP,200,696,,
2026-10-01T21:27:53.491503+00:00,LibGen,LibGen.bz,UP,200,700,,
2026-10-01T21:28:53.351913+00:00,LibGen,LibGen.bz,UP,200,602,,
2026-10-01T21:29:54.332101+00:00,LibGen,LibGen.bz,DOWN,500,1578,http_error,
2026-10-01T21:30:55.331485+00:00,LibGen,LibGen.bz,UP,200,1336,,
2026-10-01T21:31:54.657609+00:00,LibGen,LibGen.bz,UP,200,711,,
2026-10-01T21:32:55.053455+00:00,LibGen,LibGen.bz,UP,200,700,,
2026-10-01T21:33:56.048031+00:00,LibGen,LibGen.bz,UP,200,706,,
2026-10-01T21:34:56.221506+00:00,LibGen,LibGen.bz,UP,200,1026,,
2026-10-01T21:35:55.926989+00:00,LibGen,LibGen.bz,UP,200,688,,
2026-10-01T21:36:56.864574+00:00,LibGen,LibGen.bz,UP,200,923,,
2026-10-01T21:37:56.459433+00:00,LibGen,LibGen.bz,UP,200,617,,
2026-10-01T21:38:58.283519+00:00,LibGen,LibGen.bz,UP,200,1737,,
2026-10-01T21:39:57.863405+00:00,LibGen,LibGen.bz,UP,200,950,,
2026-10-01T21:40:58.158050+00:00,LibGen,LibGen.bz,UP,200,726,,
2026-10-01T21:41:59.453920+00:00,LibGen,LibGen.bz,UP,200,757,,
2026-10-01T21:42:59.356062+00:00,LibGen,LibGen.bz,UP,200,710,,
2026-10-01T21:44:00.621630+00:00,LibGen,LibGen.bz,UP,200,1048,,
2026-10-01T21:44:59.598569+00:00,LibGen,LibGen.bz,UP,200,281,,
2026-10-01T21:46:02.279217+00:00,LibGen,LibGen.bz,UP,200,912,,
2026-10-01T21:47:01.148343+00:00,LibGen,LibGen.bz,UP,200,271,,
2026-10-01T21:48:02.130268+00:00,LibGen,LibGen.bz,UP,200,899,,
2026-10-01T21:49:02.008582+00:00,LibGen,LibGen.bz,UP,200,293,,
2026-10-01T21:50:03.503841+00:00,LibGen,LibGen.bz,UP,200,1386,,
2026-10-01T21:51:03.334079+00:00,LibGen,LibGen.bz,UP,200,777,,
2026-10-01T21:52:03.900797+00:00,LibGen,LibGen.bz,UP,200,712,,
2026-10-01T21:53:04.302122+00:00,LibGen,LibGen.bz,UP,200,891,,
2026-10-01T21:54:05.046755+00:00,LibGen,LibGen.bz,UP,200,936,,
2026-10-01T21:55:04.977496+00:00,LibGen,LibGen.bz,UP,200,861,,
2026-10-01T21:56:04.939109+00:00,LibGen,LibGen.bz,UP,200,664,,
2026-10-01T21:57:05.239984+00:00,LibGen,LibGen.bz,UP,200,735,,
2026-10-01T21:58:05.777085+00:00,LibGen,LibGen.bz,UP,200,737,,
2026-10-01T21:59:06.048830+00:00,LibGen,LibGen.bz,UP,200,696,,
2026-10-01T22:00:07.392957+00:00,LibGen,LibGen.bz,UP,200,966,,
2026-10-01T22:01:07.675709+00:00,LibGen,LibGen.bz,UP,200,726,,
2026-10-01T22:02:08.683996+00:00,LibGen,LibGen.bz,UP,200,1250,,
2026-10-01T22:03:08.580048+00:00,LibGen,LibGen.bz,UP,200,668,,
2026-10-01T22:04:10.115428+00:00,LibGen,LibGen.bz,UP,200,700,,
2026-10-01T22:05:09.779497+00:00,LibGen,LibGen.bz,UP,200,819,,
2026-10-01T22:06:09.989070+00:00,LibGen,LibGen.bz,UP,200,949,,
2026-10-01T22:07:09.954524+00:00,LibGen,LibGen.bz,UP,200,870,,
2026-10-01T22:08:10.153797+00:00,LibGen,LibGen.bz,UP,200,654,,
2026-10-01T22:09:13.962028+00:00,LibGen,LibGen.bz,DEGRADED,200,3800,latency_high,
2026-10-01T22:10:11.183350+00:00,LibGen,LibGen.bz,UP,200,723,,
2026-10-01T22:11:11.532362+00:00,LibGen,LibGen.bz,UP,200,849,,
2026-10-01T22:12:12.021300+00:00,LibGen,LibGen.bz,UP,200,726,,
2026-10-01T22:13:12.460526+00:00,LibGen,LibGen.bz,UP,200,886,,
2026-10-01T22:14:12.921366+00:00,LibGen,LibGen.bz,UP,200,1111,,
2026-10-01T22:15:12.875739+00:00,LibGen,LibGen.bz,UP,200,598,,
2026-10-01T22:16:13.617262+00:00,LibGen,LibGen.bz,UP,200,738,,
2026-10-01T22:17:14.817468+00:00,LibGen,LibGen.bz,UP,200,1755,,
2026-10-01T22:18:14.420379+00:00,LibGen,LibGen.bz,UP,200,722,,
2026-10-01T22:19:15.770999+00:00,LibGen,LibGen.bz,UP,200,740,,
2026-10-01T22:20:15.220959+00:00,LibGen,LibGen.bz,UP,200,872,,
2026-10-01T22:21:15.779864+00:00,LibGen,LibGen.bz,UP,200,895,,
2026-10-01T22:22:19.013944+00:00,LibGen,LibGen.bz,DEGRADED,200,3784,latency_high,
2026-10-01T22:23:16.791828+00:00,LibGen,LibGen.bz,UP,200,910,,
2026-10-01T22:24:16.731188+00:00,LibGen,LibGen.bz,UP,200,714,,
2026-10-01T22:25:17.653297+00:00,LibGen,LibGen.bz,UP,200,1211,,
2026-10-01T22:26:16.757605+00:00,LibGen,LibGen.bz,UP,200,283,,
2026-10-01T22:27:18.830083+00:00,LibGen,LibGen.bz,UP,200,707,,
2026-10-01T22:28:18.163530+00:00,LibGen,LibGen.bz,UP,200,768,,
2026-10-01T22:29:18.287006+00:00,LibGen,LibGen.bz,UP,200,641,,
2026-10-01T22:30:19.359746+00:00,LibGen,LibGen.bz,UP,200,726,,
2026-10-01T22:31:20.324133+00:00,LibGen,LibGen.bz,UP,200,823,,
2026-10-01T22:32:20.083557+00:00,LibGen,LibGen.bz,UP,200,799,,
2026-10-01T22:33:20.683658+00:00,LibGen,LibGen.bz,UP,200,312,,
2026-10-01T22:34:20.839189+00:00,LibGen,LibGen.bz,UP,200,610,,
2026-10-01T22:35:20.901819+00:00,LibGen,LibGen.bz,UP,200,271,,
2026-10-01T22:36:21.476971+00:00,LibGen,LibGen.bz,UP,200,675,,
2026-10-01T22:37:22.095420+00:00,LibGen,LibGen.bz,UP,200,658,,
2026-10-01T22:38:23.720089+00:00,LibGen,LibGen.bz,UP,200,754,,
2026-10-01T22:39:23.279116+00:00,LibGen,LibGen.bz,UP,200,695,,
2026-10-01T22:40:23.411209+00:00,LibGen,LibGen.bz,UP,200,739,,
2026-10-01T22:41:23.864403+00:00,LibGen,LibGen.bz,UP,200,712,,
2026-10-01T22:42:23.891534+00:00,LibGen,LibGen.bz,UP,200,621,,
2026-10-01T22:43:25.403386+00:00,LibGen,LibGen.bz,UP,200,959,,
2026-10-01T22:44:25.755565+00:00,LibGen,LibGen.bz,UP,200,749,,
2026-10-01T22:45:24.998557+00:00,LibGen,LibGen.bz,UP,200,780,,
2026-10-01T22:46:25.659463+00:00,LibGen,LibGen.bz,UP,200,816,,
2026-10-01T22:47:26.060142+00:00,LibGen,LibGen.bz,UP,200,771,,
2026-10-01T22:48:26.877262+00:00,LibGen,LibGen.bz,UP,200,762,,
2026-10-01T22:49:27.436710+00:00,LibGen,LibGen.bz,UP,200,764,,
2026-10-01T22:50:27.812479+00:00,LibGen,LibGen.bz,UP,200,773,,
2026-10-01T22:51:28.627152+00:00,LibGen,LibGen.bz,UP,200,724,,
2026-10-01T22:52:29.278884+00:00,LibGen,LibGen.bz,UP,200,1123,,
2026-10-01T22:53:28.811521+00:00,LibGen,LibGen.bz,UP,200,251,,
2026-10-01T22:54:29.632506+00:00,LibGen,LibGen.bz,UP,200,690,,
2026-10-01T22:55:29.904868+00:00,LibGen,LibGen.bz,UP,200,858,,
2026-10-01T22:56:30.973519+00:00,LibGen,LibGen.bz,UP,200,807,,
2026-10-01T22:57:31.731260+00:00,LibGen,LibGen.bz,UP,200,851,,
2026-10-01T22:58:31.844001+00:00,LibGen,LibGen.bz,UP,200,831,,
2026-10-01T22:59:52.456208+00:00,LibGen,LibGen.bz,DOWN,,,connection_refused,
2026-10-01T23:00:33.293603+00:00,LibGen,LibGen.bz,UP,200,867,,
2026-10-01T23:01:33.978737+00:00,LibGen,LibGen.bz,UP,200,1057,,
2026-10-01T23:02:34.181817+00:00,LibGen,LibGen.bz,UP,200,1045,,
2026-10-01T23:03:34.346073+00:00,LibGen,LibGen.bz,UP,200,643,,
2026-10-01T23:04:34.060943+00:00,LibGen,LibGen.bz,UP,200,693,,
2026-10-01T23:05:35.092213+00:00,LibGen,LibGen.bz,UP,200,877,,
2026-10-01T23:06:35.158159+00:00,LibGen,LibGen.bz,UP,200,715,,
2026-10-01T23:07:35.318142+00:00,LibGen,LibGen.bz,UP,200,675,,
2026-10-01T23:08:35.379507+00:00,LibGen,LibGen.bz,UP,200,606,,
2026-10-01T23:09:36.290654+00:00,LibGen,LibGen.bz,UP,200,720,,
2026-10-01T23:10:36.896614+00:00,LibGen,LibGen.bz,UP,200,1129,,
2026-10-01T23:11:37.094009+00:00,LibGen,LibGen.bz,UP,200,780,,
2026-10-01T23:12:36.502644+00:00,LibGen,LibGen.bz,UP,200,578,,
2026-10-01T23:13:37.191548+00:00,LibGen,LibGen.bz,UP,200,686,,
2026-10-01T23:14:37.907673+00:00,LibGen,LibGen.bz,UP,200,1090,,
2026-10-01T23:15:37.502013+00:00,LibGen,LibGen.bz,UP,200,329,,
2026-10-01T23:16:39.583639+00:00,LibGen,LibGen.bz,UP,200,816,,
2026-10-01T23:17:39.151418+00:00,LibGen,LibGen.bz,UP,200,641,,
2026-10-01T23:18:39.547494+00:00,LibGen,LibGen.bz,UP,200,812,,
2026-10-01T23:19:40.907668+00:00,LibGen,LibGen.bz,UP,200,659,,
2026-10-01T23:20:40.381975+00:00,LibGen,LibGen.bz,UP,200,620,,
2026-10-01T23:21:41.487477+00:00,LibGen,LibGen.bz,UP,200,642,,
2026-10-01T23:22:41.148996+00:00,LibGen,LibGen.bz,UP,200,653,,
2026-10-01T23:23:41.452620+00:00,LibGen,LibGen.bz,UP,200,606,,
2026-10-01T23:24:42.645480+00:00,LibGen,LibGen.bz,UP,200,683,,
2026-10-01T23:25:42.287194+00:00,LibGen,LibGen.bz,UP,200,752,,
2026-10-01T23:26:44.102359+00:00,LibGen,LibGen.bz,UP,200,971,,
2026-10-01T23:27:44.472727+00:00,LibGen,LibGen.bz,UP,200,1734,,
2026-10-01T23:28:43.521891+00:00,LibGen,LibGen.bz,UP,200,724,,
2026-10-01T23:29:46.854009+00:00,LibGen,LibGen.bz,DEGRADED,200,3907,latency_high,
2026-10-01T23:30:45.341414+00:00,LibGen,LibGen.bz,UP,200,939,,
2026-10-01T23:31:44.951876+00:00,LibGen,LibGen.bz,UP,200,886,,
2026-10-01T23:32:46.244649+00:00,LibGen,LibGen.bz,UP,200,811,,
2026-10-01T23:33:46.990170+00:00,LibGen,LibGen.bz,UP,200,1110,,
2026-10-01T23:34:46.832458+00:00,LibGen,LibGen.bz,UP,200,975,,
2026-10-01T23:35:46.529034+00:00,LibGen,LibGen.bz,UP,200,559,,
2026-10-01T23:36:46.818875+00:00,LibGen,LibGen.bz,UP,200,662,,
2026-10-01T23:37:46.906516+00:00,LibGen,LibGen.bz,UP,200,656,,
2026-10-01T23:38:48.001446+00:00,LibGen,LibGen.bz,UP,200,732,,
2026-10-01T23:39:51.336865+00:00,LibGen,LibGen.bz,DEGRADED,200,3661,latency_high,
2026-10-01T23:40:47.769035+00:00,LibGen,LibGen.bz,UP,200,290,,
2026-10-01T23:41:48.809715+00:00,LibGen,LibGen.bz,UP,200,623,,
2026-10-01T23:42:49.333914+00:00,LibGen,LibGen.bz,UP,200,277,,
2026-10-01T23:44:09.444415+00:00,LibGen,LibGen.bz,DOWN,,,connection_refused,
2026-10-01T23:44:49.600530+00:00,LibGen,LibGen.bz,UP,200,615,,
2026-10-01T23:45:52.884494+00:00,LibGen,LibGen.bz,UP,200,1031,,
2026-10-01T23:46:51.720723+00:00,LibGen,LibGen.bz,UP,200,850,,
2026-10-01T23:47:54.734594+00:00,LibGen,LibGen.bz,DEGRADED,200,3960,latency_high,
2026-10-01T23:48:52.257975+00:00,LibGen,LibGen.bz,UP,200,669,,
2026-10-01T23:49:52.070554+00:00,LibGen,LibGen.bz,UP,200,621,,
2026-10-01T23:50:53.149768+00:00,LibGen,LibGen.bz,UP,200,1006,,
2026-10-01T23:51:53.780698+00:00,LibGen,LibGen.bz,UP,200,802,,
2026-10-01T23:52:53.387609+00:00,LibGen,LibGen.bz,UP,200,675,,
2026-10-01T23:53:53.529245+00:00,LibGen,LibGen.bz,UP,200,609,,
2026-10-01T23:55:13.870902+00:00,LibGen,LibGen.bz,TIMEOUT,,,timeout,
2026-10-01T23:56:14.257830+00:00,LibGen,LibGen.bz,TIMEOUT,,,timeout,
2026-10-01T23:57:14.402855+00:00,LibGen,LibGen.bz,TIMEOUT,,,timeout,
2026-10-01T23:58:14.642857+00:00,LibGen,LibGen.bz,TIMEOUT,,,timeout,
2026-10-01T23:59:14.794894+00:00,LibGen,LibGen.bz,TIMEOUT,,,timeout,
2026-10-01T23:59:55.907600+00:00,LibGen,LibGen.bz,UP,200,1376,,
2026-10-02T00:00:55.767202+00:00,LibGen,LibGen.bz,DOWN,500,770,http_error,
2026-10-02T00:01:57.571400+00:00,LibGen,LibGen.bz,UP,200,762,,
2026-10-02T00:02:57.163113+00:00,LibGen,LibGen.bz,UP,200,698,,
2026-10-02T00:03:57.058957+00:00,LibGen,LibGen.bz,UP,200,634,,
2026-10-02T00:04:58.240240+00:00,LibGen,LibGen.bz,UP,200,786,,
2026-10-02T00:05:59.347018+00:00,LibGen,LibGen.bz,UP,200,1087,,
2026-10-02T00:06:58.656820+00:00,LibGen,LibGen.bz,UP,200,729,,
2026-10-02T00:07:58.663519+00:00,LibGen,LibGen.bz,UP,200,273,,
2026-10-02T00:09:00.302830+00:00,LibGen,LibGen.bz,UP,200,729,,
2026-10-02T00:10:00.750023+00:00,LibGen,LibGen.bz,UP,200,668,,
2026-10-02T00:11:00.625177+00:00,LibGen,LibGen.bz,UP,200,252,,
2026-10-02T00:12:01.417865+00:00,LibGen,LibGen.bz,UP,200,771,,
2026-10-02T00:13:02.479226+00:00,LibGen,LibGen.bz,UP,200,795,,
2026-10-02T00:14:02.269608+00:00,LibGen,LibGen.bz,UP,200,773,,
2026-10-02T00:15:02.995983+00:00,LibGen,LibGen.bz,UP,200,1191,,
2026-10-02T00:16:03.165577+00:00,LibGen,LibGen.bz,UP,200,610,,
2026-10-02T00:17:06.960512+00:00,LibGen,LibGen.bz,DEGRADED,200,3786,latency_high,
2026-10-02T00:18:07.357006+00:00,LibGen,LibGen.bz,DEGRADED,200,3773,latency_high,
2026-10-02T00:19:05.394978+00:00,LibGen,LibGen.bz,UP,200,788,,
2026-10-02T00:20:06.833007+00:00,LibGen,LibGen.bz,UP,200,1221,,
2026-10-02T00:21:06.125434+00:00,LibGen,LibGen.bz,UP,200,623,,
2026-10-02T00:22:06.219397+00:00,LibGen,LibGen.bz,UP,200,676,,
2026-10-02T00:23:26.842947+00:00,LibGen,LibGen.bz,DOWN,,,connection_refused,
2026-10-02T00:24:07.238421+00:00,LibGen,LibGen.bz,UP,200,1016,,
2026-10-02T00:25:10.668575+00:00,LibGen,LibGen.bz,DEGRADED,200,4113,latency_high,
2026-10-02T00:26:07.811048+00:00,LibGen,LibGen.bz,UP,200,731,,
2026-10-02T00:27:08.459940+00:00,LibGen,LibGen.bz,UP,200,678,,
2026-10-02T00:28:08.447472+00:00,LibGen,LibGen.bz,UP,200,728,,
2026-10-02T00:29:09.141449+00:00,LibGen,LibGen.bz,UP,200,793,,
2026-10-02T00:30:13.000821+00:00,LibGen,LibGen.bz,DEGRADED,200,4367,latency_high,
2026-10-02T00:31:09.788055+00:00,LibGen,LibGen.bz,UP,200,738,,
2026-10-02T00:32:10.745770+00:00,LibGen,LibGen.bz,UP,200,674,,
2026-10-02T00:33:10.601647+00:00,LibGen,LibGen.bz,UP,200,651,,
2026-10-02T00:34:11.212095+00:00,LibGen,LibGen.bz,UP,200,675,,
2026-10-02T00:35:11.866574+00:00,LibGen,LibGen.bz,UP,200,973,,
2026-10-02T00:36:12.325049+00:00,LibGen,LibGen.bz,UP,200,685,,
2026-10-02T00:37:12.756592+00:00,LibGen,LibGen.bz,UP,200,254,,
2026-10-02T00:38:32.948238+00:00,LibGen,LibGen.bz,DOWN,,,connection_refused,
2026-10-02T00:39:12.817381+00:00,LibGen,LibGen.bz,UP,200,755,,
2026-10-02T00:40:12.947505+00:00,LibGen,LibGen.bz,UP,200,705,,
2026-10-02T00:41:33.898920+00:00,LibGen,LibGen.bz,DOWN,,,connection_refused,
2026-10-02T00:42:15.457369+00:00,LibGen,LibGen.bz,UP,200,828,,
2026-10-02T00:43:14.689740+00:00,LibGen,LibGen.bz,UP,200,679,,
2026-10-02T00:44:15.317545+00:00,LibGen,LibGen.bz,UP,200,662,,
2026-10-02T00:45:15.599986+00:00,LibGen,LibGen.bz,UP,200,772,,
2026-10-02T00:46:16.149582+00:00,LibGen,LibGen.bz,UP,200,936,,
2026-10-02T00:47:17.132848+00:00,LibGen,LibGen.bz,UP,200,1139,,
2026-10-02T00:48:16.765397+00:00,LibGen,LibGen.bz,UP,200,667,,
2026-10-02T00:49:18.176455+00:00,LibGen,LibGen.bz,UP,200,763,,
2026-10-02T00:50:18.156093+00:00,LibGen,LibGen.bz,UP,200,1296,,
2026-10-02T00:51:38.105054+00:00,LibGen,LibGen.bz,DOWN,,,connection_refused,
2026-10-02T00:52:18.333135+00:00,LibGen,LibGen.bz,UP,200,676,,
2026-10-02T00:53:19.050950+00:00,LibGen,LibGen.bz,UP,200,863,,
2026-10-02T00:54:21.171715+00:00,LibGen,LibGen.bz,UP,200,817,,
2026-10-02T00:55:19.234186+00:00,LibGen,LibGen.bz,UP,200,724,,
2026-10-02T00:56:20.193600+00:00,LibGen,LibGen.bz,UP,200,758,,
2026-10-02T00:57:20.673316+00:00,LibGen,LibGen.bz,UP,200,926,,
2026-10-02T00:58:21.211974+00:00,LibGen,LibGen.bz,UP,200,1026,,
2026-10-02T00:59:21.423101+00:00,LibGen,LibGen.bz,UP,200,765,,
2026-10-02T01:00:26.069836+00:00,LibGen,LibGen.bz,DEGRADED,200,4613,latency_high,
2026-10-02T01:01:22.119263+00:00,LibGen,LibGen.bz,UP,200,299,,
2026-10-02T01:02:22.325859+00:00,LibGen,LibGen.bz,UP,200,626,,
2026-10-02T01:03:23.444235+00:00,LibGen,LibGen.bz,UP,200,758,,
2026-10-02T01:04:24.080860+00:00,LibGen,LibGen.bz,UP,200,914,,
2026-10-02T01:05:24.439953+00:00,LibGen,LibGen.bz,UP,200,707,,
2026-10-02T01:06:25.028551+00:00,LibGen,LibGen.bz,UP,200,973,,
2026-10-02T01:07:26.193060+00:00,LibGen,LibGen.bz,UP,200,809,,
2026-10-02T01:08:26.945466+00:00,LibGen,LibGen.bz,UP,200,818,,
2026-10-02T01:09:28.224861+00:00,LibGen,LibGen.bz,UP,200,1104,,
2026-10-02T01:10:27.444590+00:00,LibGen,LibGen.bz,UP,200,694,,
2026-10-02T01:11:27.648579+00:00,LibGen,LibGen.bz,UP,200,720,,
2026-10-02T01:12:28.899631+00:00,LibGen,LibGen.bz,UP,200,697,,
2026-10-02T01:13:47.988522+00:00,LibGen,LibGen.bz,DOWN,,,connection_refused,
2026-10-02T01:14:28.299587+00:00,LibGen,LibGen.bz,UP,200,669,,
2026-10-02T01:15:28.717577+00:00,LibGen,LibGen.bz,UP,200,758,,
2026-10-02T01:16:29.497816+00:00,LibGen,LibGen.bz,UP,200,868,,
2026-10-02T01:17:29.587778+00:00,LibGen,LibGen.bz,UP,200,331,,
2026-10-02T01:18:30.723530+00:00,LibGen,LibGen.bz,UP,200,859,,
2026-10-02T01:19:31.229883+00:00,LibGen,LibGen.bz,UP,200,1025,,
2026-10-02T01:20:31.651972+00:00,LibGen,LibGen.bz,UP,200,315,,
2026-10-02T01:21:32.617816+00:00,LibGen,LibGen.bz,UP,200,774,,
2026-10-02T01:22:33.556470+00:00,LibGen,LibGen.bz,UP,200,643,,
2026-10-02T01:23:54.146978+00:00,LibGen,LibGen.bz,DOWN,,,connection_refused,
2026-10-02T01:24:33.859927+00:00,LibGen,LibGen.bz,UP,200,650,,
2026-10-02T01:25:34.581263+00:00,LibGen,LibGen.bz,UP,200,752,,
2026-10-02T01:26:36.748606+00:00,LibGen,LibGen.bz,UP,200,1556,,
2026-10-02T01:27:34.897613+00:00,LibGen,LibGen.bz,UP,200,710,,
2026-10-02T01:28:35.021942+00:00,LibGen,LibGen.bz,UP,200,673,,
2026-10-02T01:29:39.511634+00:00,LibGen,LibGen.bz,UP,200,1021,,
2026-10-02T01:30:36.130464+00:00,LibGen,LibGen.bz,DOWN,500,688,http_error,
2026-10-02T01:31:37.513566+00:00,LibGen,LibGen.bz,UP,200,798,,
2026-10-02T01:32:37.776482+00:00,LibGen,LibGen.bz,UP,200,726,,
2026-10-02T01:33:38.093110+00:00,LibGen,LibGen.bz,UP,200,756,,
2026-10-02T01:34:38.314794+00:00,LibGen,LibGen.bz,UP,200,736,,
2026-10-02T01:35:38.809400+00:00,LibGen,LibGen.bz,UP,200,669,,
2026-10-02T01:36:40.596115+00:00,LibGen,LibGen.bz,UP,200,638,,
2026-10-02T01:37:39.254760+00:00,LibGen,LibGen.bz,UP,200,646,,
2026-10-02T01:38:39.522123+00:00,LibGen,LibGen.bz,UP,200,708,,
2026-10-02T01:39:39.802483+00:00,LibGen,LibGen.bz,UP,200,727,,
2026-10-02T01:40:40.405312+00:00,LibGen,LibGen.bz,UP,200,774,,
2026-10-02T01:41:41.754888+00:00,LibGen,LibGen.bz,UP,200,643,,
2026-10-02T01:42:44.011042+00:00,LibGen,LibGen.bz,DEGRADED,200,3725,latency_high,
2026-10-02T01:43:41.746912+00:00,LibGen,LibGen.bz,UP,200,1050,,
2026-10-02T01:44:41.847746+00:00,LibGen,LibGen.bz,UP,200,644,,
2026-10-02T01:45:42.322252+00:00,LibGen,LibGen.bz,UP,200,665,,
2026-10-02T01:46:44.092233+00:00,LibGen,LibGen.bz,UP,200,1665,,
2026-10-02T01:48:03.517117+00:00,LibGen,LibGen.bz,DOWN,,,connection_refused,
2026-10-02T01:48:43.136444+00:00,LibGen,LibGen.bz,UP,200,717,,
2026-10-02T01:49:44.217988+00:00,LibGen,LibGen.bz,UP,200,270,,
2026-10-02T01:50:43.571167+00:00,LibGen,LibGen.bz,UP,200,247,,
2026-10-02T01:51:44.691490+00:00,LibGen,LibGen.bz,UP,200,712,,
2026-10-02T01:52:44.944989+00:00,LibGen,LibGen.bz,UP,200,844,,
2026-10-02T01:53:45.322124+00:00,LibGen,LibGen.bz,UP,200,969,,
2026-10-02T01:54:45.273175+00:00,LibGen,LibGen.bz,UP,200,658,,
2026-10-02T01:55:45.538724+00:00,LibGen,LibGen.bz,UP,200,621,,
2026-10-02T01:56:45.911580+00:00,LibGen,LibGen.bz,UP,200,268,,
2026-10-02T01:57:48.559570+00:00,LibGen,LibGen.bz,UP,200,2915,,
2026-10-02T01:58:46.760475+00:00,LibGen,LibGen.bz,UP,200,687,,
2026-10-02T01:59:47.360125+00:00,LibGen,LibGen.bz,UP,200,690,,
2026-10-02T02:00:48.380102+00:00,LibGen,LibGen.bz,UP,200,801,,
2026-10-02T02:02:07.992531+00:00,LibGen,LibGen.bz,TIMEOUT,,,timeout,
2026-10-02T02:03:08.138731+00:00,LibGen,LibGen.bz,TIMEOUT,,,timeout,
2026-10-02T02:04:09.039186+00:00,LibGen,LibGen.bz,TIMEOUT,,,timeout,
2026-10-02T02:05:09.402773+00:00,LibGen,LibGen.bz,DOWN,,,connection_refused,
2026-10-02T02:05:50.653538+00:00,LibGen,LibGen.bz,UP,200,760,,
2026-10-02T02:07:10.330083+00:00,LibGen,LibGen.bz,DOWN,,,connection_refused,
2026-10-02T02:07:51.179288+00:00,LibGen,LibGen.bz,UP,200,718,,
2026-10-02T02:08:51.326864+00:00,LibGen,LibGen.bz,UP,200,700,,
2026-10-02T02:09:51.589254+00:00,LibGen,LibGen.bz,UP,200,643,,
2026-10-02T02:10:52.810020+00:00,LibGen,LibGen.bz,UP,200,681,,
2026-10-02T02:11:52.556326+00:00,LibGen,LibGen.bz,UP,200,634,,
2026-10-02T02:12:53.643190+00:00,LibGen,LibGen.bz,UP,200,650,,
2026-10-02T02:13:53.525786+00:00,LibGen,LibGen.bz,UP,200,636,,
2026-10-02T02:14:54.136335+00:00,LibGen,LibGen.bz,UP,200,608,,
2026-10-02T02:15:53.917052+00:00,LibGen,LibGen.bz,UP,200,622,,
2026-10-02T02:16:55.148356+00:00,LibGen,LibGen.bz,UP,200,715,,
2026-10-02T02:17:58.821623+00:00,LibGen,LibGen.bz,DEGRADED,200,3772,latency_high,
2026-10-02T02:18:55.544211+00:00,LibGen,LibGen.bz,UP,200,659,,
2026-10-02T02:20:16.547981+00:00,LibGen,LibGen.bz,DOWN,,,connection_refused,
2026-10-02T02:20:56.764309+00:00,LibGen,LibGen.bz,UP,200,703,,
2026-10-02T02:21:57.381549+00:00,LibGen,LibGen.bz,UP,200,665,,
2026-10-02T02:22:57.747494+00:00,LibGen,LibGen.bz,UP,200,714,,
2026-10-02T02:23:58.421424+00:00,LibGen,LibGen.bz,UP,200,736,,
2026-10-02T02:24:59.704927+00:00,LibGen,LibGen.bz,UP,200,1648,,
2026-10-02T02:25:59.550956+00:00,LibGen,LibGen.bz,UP,200,701,,
2026-10-02T02:27:00.123926+00:00,LibGen,LibGen.bz,UP,200,700,,
2026-10-02T02:28:00.942161+00:00,LibGen,LibGen.bz,UP,200,607,,
2026-10-02T02:29:02.114330+00:00,LibGen,LibGen.bz,UP,200,985,,
2026-10-02T02:30:01.907244+00:00,LibGen,LibGen.bz,UP,200,722,,
2026-10-02T02:31:01.639472+00:00,LibGen,LibGen.bz,UP,200,838,,
2026-10-02T02:32:03.050709+00:00,LibGen,LibGen.bz,UP,200,1850,,
2026-10-02T02:33:03.090952+00:00,LibGen,LibGen.bz,UP,200,892,,
2026-10-02T02:34:03.843425+00:00,LibGen,LibGen.bz,UP,200,821,,
2026-10-02T02:35:04.403681+00:00,LibGen,LibGen.bz,UP,200,1011,,
2026-10-02T02:36:04.142927+00:00,LibGen,LibGen.bz,UP,200,628,,
2026-10-02T02:37:04.785945+00:00,LibGen,LibGen.bz,UP,200,937,,
2026-10-02T02:38:25.578811+00:00,LibGen,LibGen.bz,DOWN,,,connection_refused,
2026-10-02T02:39:05.859926+00:00,LibGen,LibGen.bz,UP,200,661,,
2026-10-02T02:40:06.130060+00:00,LibGen,LibGen.bz,UP,200,717,,
2026-10-02T02:41:06.753225+00:00,LibGen,LibGen.bz,UP,200,1125,,
2026-10-02T02:42:06.717828+00:00,LibGen,LibGen.bz,UP,200,908,,
2026-10-02T02:43:09.890010+00:00,LibGen,LibGen.bz,UP,200,910,,
2026-10-02T02:44:07.774483+00:00,LibGen,LibGen.bz,UP,200,802,,
2026-10-02T02:45:08.455807+00:00,LibGen,LibGen.bz,UP,200,850,,
2026-10-02T02:46:09.197137+00:00,LibGen,LibGen.bz,UP,200,738,,
2026-10-02T02:47:12.363010+00:00,LibGen,LibGen.bz,DEGRADED,200,3753,latency_high,
2026-10-02T02:48:09.947642+00:00,LibGen,LibGen.bz,UP,200,1011,,
2026-10-02T02:49:10.183244+00:00,LibGen,LibGen.bz,UP,200,733,,
2026-10-02T02:50:10.342375+00:00,LibGen,LibGen.bz,UP,200,730,,
2026-10-02T02:51:10.710858+00:00,LibGen,LibGen.bz,UP,200,792,,
2026-10-02T02:52:10.563071+00:00,LibGen,LibGen.bz,UP,200,257,,
2026-10-02T02:53:13.676984+00:00,LibGen,LibGen.bz,UP,200,2991,,
2026-10-02T02:54:11.962225+00:00,LibGen,LibGen.bz,UP,200,667,,
2026-10-02T02:55:12.212675+00:00,LibGen,LibGen.bz,UP,200,280,,
2026-10-02T02:56:33.728346+00:00,LibGen,LibGen.bz,DOWN,,,connection_refused,
2026-10-02T02:57:14.834743+00:00,LibGen,LibGen.bz,UP,200,1624,,
2026-10-02T02:58:14.009462+00:00,LibGen,LibGen.bz,UP,200,760,,
2026-10-02T02:59:15.737688+00:00,LibGen,LibGen.bz,UP,200,960,,
2026-10-02T03:00:15.717896+00:00,LibGen,LibGen.bz,UP,200,1153,,
2026-10-02T03:01:15.311097+00:00,LibGen,LibGen.bz,UP,200,705,,
2026-10-02T03:02:16.163271+00:00,LibGen,LibGen.bz,UP,200,1233,,
2026-10-02T03:03:16.830570+00:00,LibGen,LibGen.bz,UP,200,768,,
2026-10-02T03:04:19.754371+00:00,LibGen,LibGen.bz,UP,200,2181,,
2026-10-02T03:05:17.984555+00:00,LibGen,LibGen.bz,UP,200,824,,
2026-10-02T03:06:18.876225+00:00,LibGen,LibGen.bz,UP,200,669,,
2026-10-02T03:07:19.789849+00:00,LibGen,LibGen.bz,UP,200,684,,
2026-10-02T03:08:19.589293+00:00,LibGen,LibGen.bz,UP,200,1004,,
2026-10-02T03:09:19.730159+00:00,LibGen,LibGen.bz,UP,200,788,,
2026-10-02T03:10:20.071455+00:00,LibGen,LibGen.bz,UP,200,752,,
2026-10-02T03:11:20.631701+00:00,LibGen,LibGen.bz,UP,200,690,,
2026-10-02T03:12:20.540994+00:00,LibGen,LibGen.bz,UP,200,269,,
2026-10-02T03:13:21.171982+00:00,LibGen,LibGen.bz,UP,200,698,,
2026-10-02T03:14:41.879751+00:00,LibGen,LibGen.bz,DOWN,,,connection_refused,
2026-10-02T03:15:21.944122+00:00,LibGen,LibGen.bz,UP,200,734,,
2026-10-02T03:16:22.406504+00:00,LibGen,LibGen.bz,UP,200,743,,
2026-10-02T03:17:23.085523+00:00,LibGen,LibGen.bz,UP,200,1078,,
2026-10-02T03:18:43.691364+00:00,LibGen,LibGen.bz,DOWN,,,connection_refused,
2026-10-02T03:19:24.331537+00:00,LibGen,LibGen.bz,UP,200,925,,
2026-10-02T03:20:24.446195+00:00,LibGen,LibGen.bz,UP,200,775,,
2026-10-02T03:21:25.008436+00:00,LibGen,LibGen.bz,UP,200,842,,
2026-10-02T03:22:25.549384+00:00,LibGen,LibGen.bz,UP,200,769,,
2026-10-02T03:23:25.954958+00:00,LibGen,LibGen.bz,UP,200,678,,
2026-10-02T03:24:26.666161+00:00,LibGen,LibGen.bz,UP,200,682,,
2026-10-02T03:25:26.908508+00:00,LibGen,LibGen.bz,UP,200,718,,
2026-10-02T03:26:27.939671+00:00,LibGen,LibGen.bz,UP,200,1063,,
2026-10-02T03:27:30.794794+00:00,LibGen,LibGen.bz,DEGRADED,200,3788,latency_high,
2026-10-02T03:28:28.027513+00:00,LibGen,LibGen.bz,UP,200,627,,
2026-10-02T03:29:28.727480+00:00,LibGen,LibGen.bz,UP,200,730,,
2026-10-02T03:30:29.255696+00:00,LibGen,LibGen.bz,UP,200,768,,
2026-10-02T03:31:30.935755+00:00,LibGen,LibGen.bz,UP,200,692,,
2026-10-02T03:32:30.799909+00:00,LibGen,LibGen.bz,UP,200,770,,
2026-10-02T03:33:31.800717+00:00,LibGen,LibGen.bz,UP,200,1069,,
2026-10-02T03:34:31.698034+00:00,LibGen,LibGen.bz,UP,200,684,,
2026-10-02T03:35:32.270314+00:00,LibGen,LibGen.bz,UP,200,682,,
2026-10-02T03:36:32.533821+00:00,LibGen,LibGen.bz,UP,200,722,,
2026-10-02T03:37:33.109087+00:00,LibGen,LibGen.bz,UP,200,665,,
2026-10-02T03:38:33.788503+00:00,LibGen,LibGen.bz,UP,200,684,,
2026-10-02T03:39:33.193024+00:00,LibGen,LibGen.bz,UP,200,260,,
2026-10-02T03:40:35.119260+00:00,LibGen,LibGen.bz,UP,200,1687,,
2026-10-02T03:41:35.127961+00:00,LibGen,LibGen.bz,UP,200,1095,,
2026-10-02T03:42:35.874269+00:00,LibGen,LibGen.bz,UP,200,731,,
2026-10-02T03:43:35.314090+00:00,LibGen,LibGen.bz,UP,200,699,,
2026-10-02T03:44:36.594364+00:00,LibGen,LibGen.bz,UP,200,722,,
2026-10-02T03:45:36.525177+00:00,LibGen,LibGen.bz,UP,200,956,,
2026-10-02T03:46:36.949315+00:00,LibGen,LibGen.bz,UP,200,761,,
2026-10-02T03:47:41.290947+00:00,LibGen,LibGen.bz,DEGRADED,200,5243,latency_high,
2026-10-02T03:48:37.035269+00:00,LibGen,LibGen.bz,UP,200,789,,
2026-10-02T03:49:37.619077+00:00,LibGen,LibGen.bz,UP,200,708,,
2026-10-02T03:50:38.231603+00:00,LibGen,LibGen.bz,UP,200,770,,
2026-10-02T03:51:37.784678+00:00,LibGen,LibGen.bz,UP,200,679,,
2026-10-02T03:52:38.494708+00:00,LibGen,LibGen.bz,UP,200,620,,
2026-10-02T03:53:42.145130+00:00,LibGen,LibGen.bz,DEGRADED,200,4030,latency_high,
2026-10-02T03:54:38.636367+00:00,LibGen,LibGen.bz,UP,200,627,,
2026-10-02T03:55:39.749317+00:00,LibGen,LibGen.bz,UP,200,747,,
2026-10-02T03:56:39.656814+00:00,LibGen,LibGen.bz,UP,200,624,,
2026-10-02T03:57:39.938192+00:00,LibGen,LibGen.bz,UP,200,656,,
2026-10-02T03:58:40.088509+00:00,LibGen,LibGen.bz,UP,200,608,,
2026-10-02T03:59:40.796190+00:00,LibGen,LibGen.bz,UP,200,707,,
2026-10-02T04:00:41.841096+00:00,LibGen,LibGen.bz,UP,200,772,,
2026-10-02T04:01:42.369471+00:00,LibGen,LibGen.bz,UP,200,684,,
2026-10-02T04:02:43.190927+00:00,LibGen,LibGen.bz,UP,200,772,,
2026-10-02T04:03:43.697667+00:00,LibGen,LibGen.bz,UP,200,718,,
2026-10-02T04:04:45.169001+00:00,LibGen,LibGen.bz,UP,200,999,,
2026-10-02T04:05:45.259611+00:00,LibGen,LibGen.bz,UP,200,713,,
2026-10-02T04:06:46.118667+00:00,LibGen,LibGen.bz,UP,200,893,,
2026-10-02T04:07:46.516449+00:00,LibGen,LibGen.bz,UP,200,625,,
2026-10-02T04:08:46.566577+00:00,LibGen,LibGen.bz,UP,200,754,,
2026-10-02T04:09:47.802853+00:00,LibGen,LibGen.bz,UP,200,687,,
2026-10-02T04:10:48.238871+00:00,LibGen,LibGen.bz,UP,200,722,,
2026-10-02T04:11:48.285149+00:00,LibGen,LibGen.bz,UP,200,658,,
2026-10-02T04:12:48.755773+00:00,LibGen,LibGen.bz,UP,200,670,,
2026-10-02T04:13:48.757414+00:00,LibGen,LibGen.bz,UP,200,312,,
2026-10-02T04:14:49.232880+00:00,LibGen,LibGen.bz,UP,200,604,,
2026-10-02T04:15:49.563558+00:00,LibGen,LibGen.bz,UP,200,732,,
2026-10-02T04:16:49.816790+00:00,LibGen,LibGen.bz,UP,200,749,,
2026-10-02T04:17:50.019021+00:00,LibGen,LibGen.bz,UP,200,281,,
2026-10-02T04:19:11.630905+00:00,LibGen,LibGen.bz,DOWN,,,connection_refused,
2026-10-02T04:19:51.128673+00:00,LibGen,LibGen.bz,UP,200,796,,
2026-10-02T04:20:51.787631+00:00,LibGen,LibGen.bz,UP,200,789,,
2026-10-02T04:21:52.266203+00:00,LibGen,LibGen.bz,UP,200,680,,
2026-10-02T04:22:52.692062+00:00,LibGen,LibGen.bz,UP,200,723,,
2026-10-02T04:23:53.725163+00:00,LibGen,LibGen.bz,UP,200,761,,
2026-10-02T04:24:53.677751+00:00,LibGen,LibGen.bz,UP,200,631,,
2026-10-02T04:25:53.920898+00:00,LibGen,LibGen.bz,UP,200,663,,
2026-10-02T04:26:54.286486+00:00,LibGen,LibGen.bz,UP,200,726,,
2026-10-02T04:27:54.953616+00:00,LibGen,LibGen.bz,UP,200,752,,
2026-10-02T04:28:55.100550+00:00,LibGen,LibGen.bz,UP,200,589,,
2026-10-02T04:29:56.575976+00:00,LibGen,LibGen.bz,UP,200,1565,,
2026-10-02T04:30:56.159882+00:00,LibGen,LibGen.bz,UP,200,898,,
2026-10-02T04:31:56.680506+00:00,LibGen,LibGen.bz,UP,200,693,,
2026-10-02T04:32:58.234355+00:00,LibGen,LibGen.bz,UP,200,797,,
2026-10-02T04:33:59.356570+00:00,LibGen,LibGen.bz,UP,200,1682,,
2026-10-02T04:34:58.807568+00:00,LibGen,LibGen.bz,UP,200,666,,
2026-10-02T04:36:00.199057+00:00,LibGen,LibGen.bz,UP,200,776,,
2026-10-02T04:37:00.226784+00:00,LibGen,LibGen.bz,UP,200,674,,
2026-10-02T04:38:01.070785+00:00,LibGen,LibGen.bz,UP,200,858,,
2026-10-02T04:39:01.342914+00:00,LibGen,LibGen.bz,UP,200,817,,
2026-10-02T04:40:01.929494+00:00,LibGen,LibGen.bz,UP,200,1065,,
2026-10-02T04:41:02.957988+00:00,LibGen,LibGen.bz,UP,200,930,,
2026-10-02T04:42:03.576346+00:00,LibGen,LibGen.bz,UP,200,619,,
2026-10-02T04:43:03.171434+00:00,LibGen,LibGen.bz,UP,200,274,,
2026-10-02T04:44:04.446632+00:00,LibGen,LibGen.bz,UP,200,776,,
2026-10-02T04:45:05.315992+00:00,LibGen,LibGen.bz,UP,200,990,,
2026-10-02T04:46:05.548236+00:00,LibGen,LibGen.bz,UP,200,653,,
2026-10-02T04:47:29.326715+00:00,LibGen,LibGen.bz,DOWN,,,connection_refused,
2026-10-02T04:48:06.373420+00:00,LibGen,LibGen.bz,UP,200,775,,
2026-10-02T04:49:06.537705+00:00,LibGen,LibGen.bz,UP,200,676,,
2026-10-02T04:50:06.408489+00:00,LibGen,LibGen.bz,UP,200,264,,
2026-10-02T04:51:07.684638+00:00,LibGen,LibGen.bz,UP,200,751,,
2026-10-02T04:52:08.222924+00:00,LibGen,LibGen.bz,UP,200,923,,
2026-10-02T04:53:08.171396+00:00,LibGen,LibGen.bz,UP,200,279,,
2026-10-02T04:54:08.589626+00:00,LibGen,LibGen.bz,UP,200,683,,
2026-10-02T04:55:09.072629+00:00,LibGen,LibGen.bz,UP,200,701,,
2026-10-02T04:56:12.324367+00:00,LibGen,LibGen.bz,UP,200,685,,
2026-10-02T04:57:10.436562+00:00,LibGen,LibGen.bz,UP,200,645,,
2026-10-02T04:58:11.277886+00:00,LibGen,LibGen.bz,UP,200,826,,
2026-10-02T04:59:11.653525+00:00,LibGen,LibGen.bz,UP,200,760,,
2026-10-02T05:00:11.889830+00:00,LibGen,LibGen.bz,UP,200,768,,
2026-10-02T05:01:13.361022+00:00,LibGen,LibGen.bz,UP,200,742,,
2026-10-02T05:02:14.436815+00:00,LibGen,LibGen.bz,UP,200,665,,
2026-10-02T05:03:13.563495+00:00,LibGen,LibGen.bz,UP,200,283,,
2026-10-02T05:04:14.469241+00:00,LibGen,LibGen.bz,UP,200,681,,
2026-10-02T05:05:15.759060+00:00,LibGen,LibGen.bz,UP,200,1518,,
2026-10-02T05:06:15.745530+00:00,LibGen,LibGen.bz,UP,200,747,,
2026-10-02T05:07:16.209099+00:00,LibGen,LibGen.bz,UP,200,864,,
2026-10-02T05:08:36.922899+00:00,LibGen,LibGen.bz,DOWN,,,connection_refused,
2026-10-02T05:09:17.826071+00:00,LibGen,LibGen.bz,UP,200,750,,
2026-10-02T05:10:18.176797+00:00,LibGen,LibGen.bz,UP,200,721,,
2026-10-02T05:11:19.006265+00:00,LibGen,LibGen.bz,UP,200,869,,
2026-10-02T05:12:19.251009+00:00,LibGen,LibGen.bz,UP,200,548,,
2026-10-02T05:13:19.360645+00:00,LibGen,LibGen.bz,UP,200,737,,
2026-10-02T05:14:20.287555+00:00,LibGen,LibGen.bz,UP,200,729,,
2026-10-02T05:15:20.508808+00:00,LibGen,LibGen.bz,UP,200,798,,
2026-10-02T05:16:21.137930+00:00,LibGen,LibGen.bz,UP,200,684,,
2026-10-02T05:17:21.776509+00:00,LibGen,LibGen.bz,UP,200,818,,
2026-10-02T05:18:22.824502+00:00,LibGen,LibGen.bz,UP,200,1015,,
2026-10-02T05:19:23.304285+00:00,LibGen,LibGen.bz,UP,200,259,,
2026-10-02T05:20:24.341310+00:00,LibGen,LibGen.bz,UP,200,697,,
2026-10-02T05:21:24.157618+00:00,LibGen,LibGen.bz,UP,200,683,,
2026-10-02T05:22:24.724191+00:00,LibGen,LibGen.bz,UP,200,881,,
2026-10-02T05:23:25.660524+00:00,LibGen,LibGen.bz,UP,200,656,,
2026-10-02T05:24:45.956250+00:00,LibGen,LibGen.bz,DOWN,,,connection_refused,
2026-10-02T05:25:26.552680+00:00,LibGen,LibGen.bz,UP,200,748,,
2026-10-02T05:26:26.964188+00:00,LibGen,LibGen.bz,UP,200,754,,
2026-10-02T05:27:28.314523+00:00,LibGen,LibGen.bz,UP,200,797,,
2026-10-02T05:28:28.270578+00:00,LibGen,LibGen.bz,UP,200,709,,
2026-10-02T05:29:29.386942+00:00,LibGen,LibGen.bz,UP,200,679,,
2026-10-02T05:30:29.212541+00:00,LibGen,LibGen.bz,UP,200,301,,
2026-10-02T05:31:31.203988+00:00,LibGen,LibGen.bz,UP,200,617,,
2026-10-02T05:32:31.198531+00:00,LibGen,LibGen.bz,UP,200,1128,,
2026-10-02T05:33:30.744805+00:00,LibGen,LibGen.bz,UP,200,563,,
2026-10-02T05:34:31.496166+00:00,LibGen,LibGen.bz,UP,200,946,,
2026-10-02T05:35:31.943611+00:00,LibGen,LibGen.bz,UP,200,732,,
2026-10-02T05:36:31.848940+00:00,LibGen,LibGen.bz,UP,200,725,,
2026-10-02T05:37:32.763982+00:00,LibGen,LibGen.bz,UP,200,965,,
2026-10-02T05:38:32.640998+00:00,LibGen,LibGen.bz,UP,200,247,,
2026-10-02T05:39:34.054317+00:00,LibGen,LibGen.bz,UP,200,723,,
2026-10-02T05:40:34.037579+00:00,LibGen,LibGen.bz,UP,200,670,,
2026-10-02T05:41:35.150816+00:00,LibGen,LibGen.bz,UP,200,717,,
2026-10-02T05:42:34.896515+00:00,LibGen,LibGen.bz,UP,200,680,,
2026-10-02T05:43:36.200725+00:00,LibGen,LibGen.bz,UP,200,1619,,
2026-10-02T05:44:35.350853+00:00,LibGen,LibGen.bz,UP,200,636,,
2026-10-02T05:45:37.682643+00:00,LibGen,LibGen.bz,UP,200,801,,
2026-10-02T05:46:37.426558+00:00,LibGen,LibGen.bz,UP,200,770,,
2026-10-02T05:47:37.839310+00:00,LibGen,LibGen.bz,UP,200,933,,
2026-10-02T05:48:37.803778+00:00,LibGen,LibGen.bz,UP,200,709,,
2026-10-02T05:49:38.858917+00:00,LibGen,LibGen.bz,UP,200,693,,
2026-10-02T05:50:41.196126+00:00,LibGen,LibGen.bz,UP,200,768,,
2026-10-02T05:51:39.424219+00:00,LibGen,LibGen.bz,UP,200,664,,
2026-10-02T05:52:39.406957+00:00,LibGen,LibGen.bz,DOWN,,,connection_refused,
2026-10-02T05:53:40.438120+00:00,LibGen,LibGen.bz,UP,200,570,,
2026-10-02T05:54:40.941663+00:00,LibGen,LibGen.bz,UP,200,813,,
2026-10-02T05:55:41.514886+00:00,LibGen,LibGen.bz,UP,200,747,,
2026-10-02T05:56:41.671544+00:00,LibGen,LibGen.bz,UP,200,627,,
2026-10-02T05:57:42.466188+00:00,LibGen,LibGen.bz,UP,200,611,,
2026-10-02T05:58:42.983166+00:00,LibGen,LibGen.bz,UP,200,737,,
2026-10-02T05:59:43.569514+00:00,LibGen,LibGen.bz,UP,200,687,,
2026-10-02T06:00:44.581484+00:00,LibGen,LibGen.bz,UP,200,968,,
2026-10-02T06:01:45.133898+00:00,LibGen,LibGen.bz,UP,200,744,,
2026-10-02T06:02:45.336997+00:00,LibGen,LibGen.bz,UP,200,678,,
2026-10-02T06:04:05.567433+00:00,LibGen,LibGen.bz,DOWN,,,connection_refused,
2026-10-02T06:04:45.899247+00:00,LibGen,LibGen.bz,UP,200,737,,
2026-10-02T06:05:46.208789+00:00,LibGen,LibGen.bz,UP,200,735,,
2026-10-02T06:06:47.277413+00:00,LibGen,LibGen.bz,UP,200,1015,,
2026-10-02T06:07:47.544236+00:00,LibGen,LibGen.bz,UP,200,731,,
2026-10-02T06:08:48.180735+00:00,LibGen,LibGen.bz,UP,200,699,,
2026-10-02T06:09:48.100958+00:00,LibGen,LibGen.bz,UP,200,724,,
2026-10-02T06:11:09.473347+00:00,LibGen,LibGen.bz,DOWN,,,connection_refused,
2026-10-02T06:11:50.348215+00:00,LibGen,LibGen.bz,UP,200,1574,,
2026-10-02T06:12:49.322164+00:00,LibGen,LibGen.bz,UP,200,703,,
2026-10-02T06:13:49.504209+00:00,LibGen,LibGen.bz,UP,200,652,,
2026-10-02T06:14:50.408244+00:00,LibGen,LibGen.bz,UP,200,753,,
2026-10-02T06:15:51.131731+00:00,LibGen,LibGen.bz,UP,200,871,,
2026-10-02T06:16:53.278820+00:00,LibGen,LibGen.bz,UP,200,2471,,
2026-10-02T06:17:52.067330+00:00,LibGen,LibGen.bz,UP,200,794,,
2026-10-02T06:18:52.831195+00:00,LibGen,LibGen.bz,UP,200,709,,
2026-10-02T06:19:53.858456+00:00,LibGen,LibGen.bz,UP,200,1087,,
2026-10-02T06:20:53.620470+00:00,LibGen,LibGen.bz,UP,200,640,,
2026-10-02T06:21:54.012747+00:00,LibGen,LibGen.bz,UP,200,687,,
2026-10-02T06:22:54.604890+00:00,LibGen,LibGen.bz,UP,200,628,,
2026-10-02T06:23:55.077008+00:00,LibGen,LibGen.bz,UP,200,729,,
2026-10-02T06:24:55.989944+00:00,LibGen,LibGen.bz,UP,200,642,,
2026-10-02T06:25:55.694858+00:00,LibGen,LibGen.bz,UP,200,728,,
2026-10-02T06:26:55.961176+00:00,LibGen,LibGen.bz,UP,200,269,,
2026-10-02T06:27:56.688752+00:00,LibGen,LibGen.bz,UP,200,729,,
2026-10-02T06:28:58.967699+00:00,LibGen,LibGen.bz,UP,200,720,,
2026-10-02T06:29:58.071697+00:00,LibGen,LibGen.bz,UP,200,680,,
2026-10-02T06:31:00.285337+00:00,LibGen,LibGen.bz,UP,200,1938,,
2026-10-02T06:32:01.353990+00:00,LibGen,LibGen.bz,UP,200,1124,,
2026-10-02T06:33:00.003590+00:00,LibGen,LibGen.bz,UP,200,694,,
2026-10-02T06:34:00.775977+00:00,LibGen,LibGen.bz,UP,200,797,,
2026-10-02T06:35:03.205627+00:00,LibGen,LibGen.bz,UP,200,1563,,
2026-10-02T06:36:21.858692+00:00,LibGen,LibGen.bz,DOWN,,,connection_refused,
2026-10-02T06:37:02.230698+00:00,LibGen,LibGen.bz,UP,200,734,,
2026-10-02T06:38:02.712008+00:00,LibGen,LibGen.bz,UP,200,791,,
2026-10-02T06:39:03.328906+00:00,LibGen,LibGen.bz,UP,200,1070,,
2026-10-02T06:40:03.776758+00:00,LibGen,LibGen.bz,UP,200,1344,,
2026-10-02T06:41:04.798028+00:00,LibGen,LibGen.bz,UP,200,806,,
2026-10-02T06:42:04.510950+00:00,LibGen,LibGen.bz,UP,200,989,,
2026-10-02T06:43:04.320344+00:00,LibGen,LibGen.bz,UP,200,754,,
2026-10-02T06:44:04.771252+00:00,LibGen,LibGen.bz,UP,200,683,,
2026-10-02T06:45:04.453515+00:00,LibGen,LibGen.bz,UP,200,298,,
2026-10-02T06:46:05.361053+00:00,LibGen,LibGen.bz,UP,200,738,,
2026-10-02T06:47:05.360548+00:00,LibGen,LibGen.bz,UP,200,672,,
2026-10-02T06:48:06.444335+00:00,LibGen,LibGen.bz,UP,200,775,,
2026-10-02T06:49:06.921810+00:00,LibGen,LibGen.bz,UP,200,762,,
2026-10-02T06:50:08.469914+00:00,LibGen,LibGen.bz,UP,200,1748,,
2026-10-02T06:51:08.373545+00:00,LibGen,LibGen.bz,UP,200,790,,
2026-10-02T06:52:09.652161+00:00,LibGen,LibGen.bz,UP,200,691,,
2026-10-02T06:53:10.254694+00:00,LibGen,LibGen.bz,UP,200,729,,
2026-10-02T06:54:11.628816+00:00,LibGen,LibGen.bz,UP,200,677,,
2026-10-02T06:55:12.755256+00:00,LibGen,LibGen.bz,UP,200,792,,
2026-10-02T06:56:12.621658+00:00,LibGen,LibGen.bz,UP,200,716,,
2026-10-02T06:57:12.902238+00:00,LibGen,LibGen.bz,UP,200,745,,
2026-10-02T06:58:15.547227+00:00,LibGen,LibGen.bz,UP,200,1762,,
2026-10-02T06:59:13.884670+00:00,LibGen,LibGen.bz,UP,200,712,,
2026-10-02T07:00:17.985867+00:00,LibGen,LibGen.bz,DEGRADED,200,3897,latency_high,
2026-10-02T07:01:15.084375+00:00,LibGen,LibGen.bz,UP,200,697,,
2026-10-02T07:02:14.995665+00:00,LibGen,LibGen.bz,DOWN,,,connection_refused,
2026-10-02T07:03:16.296464+00:00,LibGen,LibGen.bz,UP,200,764,,
2026-10-02T07:04:16.146208+00:00,LibGen,LibGen.bz,UP,200,754,,
2026-10-02T07:05:17.236885+00:00,LibGen,LibGen.bz,UP,200,1227,,
2026-10-02T07:06:16.990245+00:00,LibGen,LibGen.bz,UP,200,798,,
2026-10-02T07:07:16.836114+00:00,LibGen,LibGen.bz,UP,200,296,,
2026-10-02T07:08:18.254671+00:00,LibGen,LibGen.bz,UP,200,761,,
2026-10-02T07:09:20.472225+00:00,LibGen,LibGen.bz,UP,200,1186,,
2026-10-02T07:10:21.790460+00:00,LibGen,LibGen.bz,UP,200,972,,
2026-10-02T07:11:20.556327+00:00,LibGen,LibGen.bz,UP,200,1014,,
2026-10-02T07:12:22.307174+00:00,LibGen,LibGen.bz,UP,200,1680,,
2026-10-02T07:13:21.055106+00:00,LibGen,LibGen.bz,UP,200,1029,,
2026-10-02T07:14:21.966328+00:00,LibGen,LibGen.bz,UP,200,1050,,
2026-10-02T07:15:22.640062+00:00,LibGen,LibGen.bz,UP,200,734,,
2026-10-02T07:16:22.255592+00:00,LibGen,LibGen.bz,UP,200,318,,
2026-10-02T07:17:23.664400+00:00,LibGen,LibGen.bz,UP,200,1518,,
2026-10-02T07:18:43.858675+00:00,LibGen,LibGen.bz,DOWN,,,connection_refused,
2026-10-02T07:19:23.444857+00:00,LibGen,LibGen.bz,UP,200,758,,
2026-10-02T07:20:24.203781+00:00,LibGen,LibGen.bz,UP,200,764,,
2026-10-02T07:21:24.537517+00:00,LibGen,LibGen.bz,UP,200,760,,
2026-10-02T07:22:23.979549+00:00,LibGen,LibGen.bz,UP,200,737,,
2026-10-02T07:23:23.760884+00:00,LibGen,LibGen.bz,UP,200,300,,
2026-10-02T07:24:26.572450+00:00,LibGen,LibGen.bz,UP,200,794,,
2026-10-02T07:25:25.930476+00:00,LibGen,LibGen.bz,UP,200,672,,
2026-10-02T07:26:26.010980+00:00,LibGen,LibGen.bz,UP,200,749,,
2026-10-02T07:27:28.448164+00:00,LibGen,LibGen.bz,UP,200,1702,,
2026-10-02T07:28:27.552659+00:00,LibGen,LibGen.bz,UP,200,787,,
2026-10-02T07:29:28.142232+00:00,LibGen,LibGen.bz,UP,200,831,,
2026-10-02T07:30:29.205228+00:00,LibGen,LibGen.bz,UP,200,718,,
2026-10-02T07:31:29.477293+00:00,LibGen,LibGen.bz,UP,200,666,,
2026-10-02T07:32:29.269605+00:00,LibGen,LibGen.bz,UP,200,732,,
2026-10-02T07:33:29.162321+00:00,LibGen,LibGen.bz,UP,200,614,,
2026-10-02T07:34:30.162473+00:00,LibGen,LibGen.bz,UP,200,666,,
2026-10-02T07:35:30.146603+00:00,LibGen,LibGen.bz,UP,200,779,,
2026-10-02T07:36:30.249459+00:00,LibGen,LibGen.bz,UP,200,760,,
2026-10-02T07:37:31.691254+00:00,LibGen,LibGen.bz,UP,200,779,,
2026-10-02T07:38:32.016947+00:00,LibGen,LibGen.bz,UP,200,696,,
2026-10-02T07:39:32.157362+00:00,LibGen,LibGen.bz,UP,200,914,,
2026-10-02T07:40:32.396699+00:00,LibGen,LibGen.bz,UP,200,634,,
2026-10-02T07:41:32.435150+00:00,LibGen,LibGen.bz,UP,200,699,,
2026-10-02T07:42:33.372395+00:00,LibGen,LibGen.bz,UP,200,1789,,
2026-10-02T07:43:33.785995+00:00,LibGen,LibGen.bz,UP,200,713,,
2026-10-02T07:44:33.110367+00:00,LibGen,LibGen.bz,UP,200,673,,
2026-10-02T07:45:34.027673+00:00,LibGen,LibGen.bz,UP,200,938,,
2026-10-02T07:46:34.759597+00:00,LibGen,LibGen.bz,UP,200,767,,
2026-10-02T07:47:34.817515+00:00,LibGen,LibGen.bz,UP,200,303,,
2026-10-02T07:48:36.006555+00:00,LibGen,LibGen.bz,UP,200,655,,
2026-10-02T07:49:36.588669+00:00,LibGen,LibGen.bz,UP,200,666,,
2026-10-02T07:50:39.048213+00:00,LibGen,LibGen.bz,UP,200,710,,
2026-10-02T07:51:36.969062+00:00,LibGen,LibGen.bz,UP,200,254,,
2026-10-02T07:52:38.611418+00:00,LibGen,LibGen.bz,UP,200,628,,
2026-10-02T07:53:38.627050+00:00,LibGen,LibGen.bz,UP,200,723,,
2026-10-02T07:54:58.384876+00:00,LibGen,LibGen.bz,TIMEOUT,,,timeout,
2026-10-02T07:55:58.684493+00:00,LibGen,LibGen.bz,TIMEOUT,,,timeout,
2026-10-02T07:56:58.530786+00:00,LibGen,LibGen.bz,TIMEOUT,,,timeout,
2026-10-02T07:57:58.694165+00:00,LibGen,LibGen.bz,TIMEOUT,,,timeout,
2026-10-02T07:58:58.778396+00:00,LibGen,LibGen.bz,TIMEOUT,,,timeout,
2026-10-02T07:59:39.441649+00:00,LibGen,LibGen.bz,UP,200,959,,
2026-10-02T08:00:40.345838+00:00,LibGen,LibGen.bz,UP,200,885,,
2026-10-02T08:01:41.221525+00:00,LibGen,LibGen.bz,UP,200,749,,
2026-10-02T08:02:42.024991+00:00,LibGen,LibGen.bz,UP,200,1104,,
2026-10-02T08:03:41.090882+00:00,LibGen,LibGen.bz,UP,200,681,,
2026-10-02T08:04:41.197064+00:00,LibGen,LibGen.bz,UP,200,642,,
2026-10-02T08:05:41.880341+00:00,LibGen,LibGen.bz,UP,200,669,,
2026-10-02T08:06:42.327961+00:00,LibGen,LibGen.bz,UP,200,901,,
2026-10-02T08:07:42.622820+00:00,LibGen,LibGen.bz,UP,200,1002,,
2026-10-02T08:08:43.223522+00:00,LibGen,LibGen.bz,UP,200,737,,
2026-10-02T08:09:43.875221+00:00,LibGen,LibGen.bz,UP,200,939,,
2026-10-02T08:10:43.821954+00:00,LibGen,LibGen.bz,UP,200,701,,
2026-10-02T08:11:46.698188+00:00,LibGen,LibGen.bz,UP,200,614,,
2026-10-02T08:12:44.638998+00:00,LibGen,LibGen.bz,UP,200,847,,
2026-10-02T08:13:46.617664+00:00,LibGen,LibGen.bz,UP,200,1342,,
2026-10-02T08:14:45.117548+00:00,LibGen,LibGen.bz,UP,200,275,,
2026-10-02T08:15:46.023080+00:00,LibGen,LibGen.bz,UP,200,765,,
2026-10-02T08:16:45.717981+00:00,LibGen,LibGen.bz,UP,200,701,,
2026-10-02T08:17:46.636615+00:00,LibGen,LibGen.bz,UP,200,949,,
2026-10-02T08:18:46.751571+00:00,LibGen,LibGen.bz,UP,200,732,,
2026-10-02T08:19:47.898107+00:00,LibGen,LibGen.bz,UP,200,1720,,
2026-10-02T08:20:47.508614+00:00,LibGen,LibGen.bz,UP,200,859,,
2026-10-02T08:22:07.430949+00:00,LibGen,LibGen.bz,DOWN,,,connection_refused,
2026-10-02T08:22:47.423453+00:00,LibGen,LibGen.bz,UP,200,630,,
2026-10-02T08:23:47.599254+00:00,LibGen,LibGen.bz,UP,200,768,,
2026-10-02T08:24:48.668725+00:00,LibGen,LibGen.bz,UP,200,749,,
2026-10-02T08:25:48.897887+00:00,LibGen,LibGen.bz,UP,200,728,,
2026-10-02T08:26:48.430456+00:00,LibGen,LibGen.bz,UP,200,836,,
2026-10-02T08:27:48.518047+00:00,LibGen,LibGen.bz,UP,200,706,,
2026-10-02T08:28:49.776755+00:00,LibGen,LibGen.bz,UP,200,1010,,
2026-10-02T08:29:50.029001+00:00,LibGen,LibGen.bz,UP,200,684,,
2026-10-02T08:30:51.600688+00:00,LibGen,LibGen.bz,UP,200,936,,
2026-10-02T08:31:51.897002+00:00,LibGen,LibGen.bz,UP,200,1237,,
2026-10-02T08:32:52.115178+00:00,LibGen,LibGen.bz,UP,200,615,,
2026-10-02T08:33:51.573491+00:00,LibGen,LibGen.bz,UP,200,570,,
2026-10-02T08:34:52.327589+00:00,LibGen,LibGen.bz,UP,200,804,,
2026-10-02T08:35:53.563767+00:00,LibGen,LibGen.bz,UP,200,706,,
2026-10-02T08:36:56.226406+00:00,LibGen,LibGen.bz,UP,200,1731,,
2026-10-02T08:37:54.235684+00:00,LibGen,LibGen.bz,UP,200,607,,
2026-10-02T08:38:55.087568+00:00,LibGen,LibGen.bz,UP,200,726,,
2026-10-02T08:39:55.660703+00:00,LibGen,LibGen.bz,UP,200,648,,
2026-10-02T08:40:55.261086+00:00,LibGen,LibGen.bz,UP,200,746,,
2026-10-02T08:41:58.431942+00:00,LibGen,LibGen.bz,UP,200,1103,,
2026-10-02T08:42:56.784753+00:00,LibGen,LibGen.bz,UP,200,757,,
2026-10-02T08:43:57.031936+00:00,LibGen,LibGen.bz,UP,200,788,,
2026-10-02T08:44:56.866926+00:00,LibGen,LibGen.bz,UP,200,276,,
2026-10-02T08:45:57.442455+00:00,LibGen,LibGen.bz,UP,200,769,,
2026-10-02T08:46:57.469686+00:00,LibGen,LibGen.bz,UP,200,702,,
2026-10-02T08:47:59.490194+00:00,LibGen,LibGen.bz,UP,200,732,,
2026-10-02T08:49:19.714755+00:00,LibGen,LibGen.bz,DOWN,,,connection_refused,
2026-10-02T08:49:59.087177+00:00,LibGen,LibGen.bz,UP,200,768,,
2026-10-02T08:50:59.326511+00:00,LibGen,LibGen.bz,UP,200,683,,
2026-10-02T08:52:00.775539+00:00,LibGen,LibGen.bz,UP,200,709,,
2026-10-02T08:53:02.576983+00:00,LibGen,LibGen.bz,UP,200,1569,,
2026-10-02T08:54:02.387179+00:00,LibGen,LibGen.bz,UP,200,880,,
2026-10-02T08:55:03.172769+00:00,LibGen,LibGen.bz,UP,200,1020,,
2026-10-02T08:56:04.272372+00:00,LibGen,LibGen.bz,UP,200,1147,,
2026-10-02T08:57:23.809759+00:00,LibGen,LibGen.bz,DOWN,,,connection_refused,
2026-10-02T08:58:07.734884+00:00,LibGen,LibGen.bz,DEGRADED,200,3788,latency_high,
2026-10-02T08:59:26.386794+00:00,LibGen,LibGen.bz,DOWN,,,connection_refused,
2026-10-02T09:00:06.713091+00:00,LibGen,LibGen.bz,UP,200,915,,
2026-10-02T09:01:07.099090+00:00,LibGen,LibGen.bz,UP,200,965,,
2026-10-02T09:02:07.399405+00:00,LibGen,LibGen.bz,UP,200,775,,
2026-10-02T09:03:07.507557+00:00,LibGen,LibGen.bz,UP,200,291,,
2026-10-02T09:04:07.655107+00:00,LibGen,LibGen.bz,UP,200,716,,
2026-10-02T09:05:08.170092+00:00,LibGen,LibGen.bz,UP,200,789,,
2026-10-02T09:06:08.027016+00:00,LibGen,LibGen.bz,UP,200,805,,
2026-10-02T09:07:08.358212+00:00,LibGen,LibGen.bz,UP,200,1189,,
2026-10-02T09:08:09.497857+00:00,LibGen,LibGen.bz,UP,200,816,,
2026-10-02T09:09:08.895171+00:00,LibGen,LibGen.bz,UP,200,763,,
2026-10-02T09:10:08.723221+00:00,LibGen,LibGen.bz,UP,200,810,,
2026-10-02T09:11:09.704128+00:00,LibGen,LibGen.bz,UP,200,719,,
2026-10-02T09:12:09.310880+00:00,LibGen,LibGen.bz,UP,200,759,,
2026-10-02T09:13:09.310262+00:00,LibGen,LibGen.bz,UP,200,736,,
2026-10-02T09:14:10.245946+00:00,LibGen,LibGen.bz,UP,200,740,,
2026-10-02T09:15:11.006748+00:00,LibGen,LibGen.bz,UP,200,746,,
2026-10-02T09:16:11.220758+00:00,LibGen,LibGen.bz,UP,200,560,,
2026-10-02T09:17:11.609193+00:00,LibGen,LibGen.bz,UP,200,315,,
2026-10-02T09:18:11.747218+00:00,LibGen,LibGen.bz,UP,200,613,,
2026-10-02T09:19:12.768587+00:00,LibGen,LibGen.bz,UP,200,817,,
2026-10-02T09:20:12.935563+00:00,LibGen,LibGen.bz,UP,200,736,,
2026-10-02T09:21:12.901739+00:00,LibGen,LibGen.bz,UP,200,797,,
2026-10-02T09:22:13.092243+00:00,LibGen,LibGen.bz,UP,200,556,,
2026-10-02T09:23:14.089071+00:00,LibGen,LibGen.bz,UP,200,558,,
2026-10-02T09:24:14.741369+00:00,LibGen,LibGen.bz,UP,200,692,,
2026-10-02T09:25:14.029898+00:00,LibGen,LibGen.bz,UP,200,534,,
2026-10-02T09:26:15.246711+00:00,LibGen,LibGen.bz,UP,200,674,,
2026-10-02T09:27:17.004872+00:00,LibGen,LibGen.bz,UP,200,2283,,
2026-10-02T09:28:16.071638+00:00,LibGen,LibGen.bz,UP,200,1050,,
2026-10-02T09:29:15.926517+00:00,LibGen,LibGen.bz,UP,200,547,,
2026-10-02T09:30:17.865749+00:00,LibGen,LibGen.bz,UP,200,728,,
2026-10-02T09:31:17.660854+00:00,LibGen,LibGen.bz,UP,200,734,,
2026-10-02T09:32:17.758385+00:00,LibGen,LibGen.bz,UP,200,768,,
2026-10-02T09:33:18.565160+00:00,LibGen,LibGen.bz,UP,200,585,,
2026-10-02T09:34:18.384446+00:00,LibGen,LibGen.bz,UP,200,281,,
2026-10-02T09:35:19.167374+00:00,LibGen,LibGen.bz,UP,200,559,,
2026-10-02T09:36:18.839201+00:00,LibGen,LibGen.bz,UP,200,574,,
2026-10-02T09:37:20.377032+00:00,LibGen,LibGen.bz,UP,200,596,,
2026-10-02T09:38:20.865948+00:00,LibGen,LibGen.bz,UP,200,516,,
2026-10-02T09:39:40.312859+00:00,LibGen,LibGen.bz,DOWN,,,connection_refused,
2026-10-02T09:40:42.620182+00:00,LibGen,LibGen.bz,DOWN,,,connection_refused,
2026-10-02T09:41:22.837491+00:00,LibGen,LibGen.bz,UP,200,522,,
2026-10-02T09:42:22.551420+00:00,LibGen,LibGen.bz,UP,200,587,,
2026-10-02T09:43:42.946225+00:00,LibGen,LibGen.bz,DOWN,,,connection_refused,
2026-10-02T09:44:23.769235+00:00,LibGen,LibGen.bz,UP,200,775,,
2026-10-02T09:45:24.516590+00:00,LibGen,LibGen.bz,UP,200,534,,
2026-10-02T09:46:24.758980+00:00,LibGen,LibGen.bz,UP,200,535,,
2026-10-02T09:47:24.766340+00:00,LibGen,LibGen.bz,UP,200,630,,
2026-10-02T09:48:25.187134+00:00,LibGen,LibGen.bz,UP,200,692,,
2026-10-02T09:49:25.141123+00:00,LibGen,LibGen.bz,UP,200,558,,
2026-10-02T09:50:25.617262+00:00,LibGen,LibGen.bz,UP,200,669,,
2026-10-02T09:51:26.010696+00:00,LibGen,LibGen.bz,UP,200,627,,
2026-10-02T09:52:46.526649+00:00,LibGen,LibGen.bz,DOWN,,,connection_refused,
2026-10-02T09:53:26.141346+00:00,LibGen,LibGen.bz,UP,200,558,,
2026-10-02T09:54:28.008500+00:00,LibGen,LibGen.bz,UP,200,508,,
2026-10-02T09:55:28.477969+00:00,LibGen,LibGen.bz,UP,200,944,,
2026-10-02T09:56:28.011489+00:00,LibGen,LibGen.bz,UP,200,734,,
2026-10-02T09:57:30.345172+00:00,LibGen,LibGen.bz,UP,200,1556,,
2026-10-02T09:58:28.005973+00:00,LibGen,LibGen.bz,UP,200,262,,
2026-10-02T09:59:28.824254+00:00,LibGen,LibGen.bz,UP,200,663,,
2026-10-02T10:00:29.709816+00:00,LibGen,LibGen.bz,UP,200,764,,
2026-10-02T10:01:29.490305+00:00,LibGen,LibGen.bz,UP,200,779,,
2026-10-02T10:02:29.702206+00:00,LibGen,LibGen.bz,UP,200,442,,
2026-10-02T10:03:30.387880+00:00,LibGen,LibGen.bz,UP,200,665,,
2026-10-02T10:04:33.366177+00:00,LibGen,LibGen.bz,UP,200,797,,
2026-10-02T10:05:31.530603+00:00,LibGen,LibGen.bz,UP,200,572,,
2026-10-02T10:06:32.053797+00:00,LibGen,LibGen.bz,UP,200,615,,
2026-10-02T10:07:52.873155+00:00,LibGen,LibGen.bz,DOWN,,,connection_refused,
2026-10-02T10:08:31.831633+00:00,LibGen,LibGen.bz,UP,200,655,,
2026-10-02T10:09:34.534797+00:00,LibGen,LibGen.bz,UP,200,570,,
2026-10-02T10:10:33.348248+00:00,LibGen,LibGen.bz,UP,200,625,,
2026-10-02T10:11:33.789883+00:00,LibGen,LibGen.bz,UP,200,1074,,
2026-10-02T10:12:33.416498+00:00,LibGen,LibGen.bz,UP,200,774,,
2026-10-02T10:13:33.803917+00:00,LibGen,LibGen.bz,UP,200,692,,
2026-10-02T10:14:36.875712+00:00,LibGen,LibGen.bz,DEGRADED,200,3703,latency_high,
2026-10-02T10:15:33.908783+00:00,LibGen,LibGen.bz,UP,200,649,,
2026-10-02T10:16:33.609870+00:00,LibGen,LibGen.bz,UP,200,338,,
2026-10-02T10:17:34.958681+00:00,LibGen,LibGen.bz,UP,200,912,,
2026-10-02T10:18:34.762908+00:00,LibGen,LibGen.bz,UP,200,746,,
2026-10-02T10:19:35.046184+00:00,LibGen,LibGen.bz,UP,200,686,,
2026-10-02T10:20:35.697785+00:00,LibGen,LibGen.bz,UP,200,709,,
2026-10-02T10:21:35.914068+00:00,LibGen,LibGen.bz,UP,200,296,,
2026-10-02T10:22:37.022528+00:00,LibGen,LibGen.bz,UP,200,1057,,
2026-10-02T10:23:36.807922+00:00,LibGen,LibGen.bz,UP,200,638,,
2026-10-02T10:24:36.969237+00:00,LibGen,LibGen.bz,UP,200,748,,
2026-10-02T10:25:37.996505+00:00,LibGen,LibGen.bz,UP,200,634,,
2026-10-02T10:26:37.437819+00:00,LibGen,LibGen.bz,UP,200,672,,
2026-10-02T10:27:38.469010+00:00,LibGen,LibGen.bz,UP,200,789,,
2026-10-02T10:28:37.627044+00:00,LibGen,LibGen.bz,UP,200,715,,
2026-10-02T10:29:38.125979+00:00,LibGen,LibGen.bz,UP,200,698,,
2026-10-02T10:30:40.349683+00:00,LibGen,LibGen.bz,UP,200,1697,,
2026-10-02T10:31:41.543374+00:00,LibGen,LibGen.bz,DEGRADED,200,3819,latency_high,
2026-10-02T10:32:38.829620+00:00,LibGen,LibGen.bz,UP,200,697,,
2026-10-02T10:33:38.472526+00:00,LibGen,LibGen.bz,UP,200,696,,
2026-10-02T10:34:39.186345+00:00,LibGen,LibGen.bz,UP,200,735,,
2026-10-02T10:35:59.890082+00:00,LibGen,LibGen.bz,DOWN,,,connection_refused,
2026-10-02T10:36:39.072493+00:00,LibGen,LibGen.bz,UP,200,683,,
2026-10-02T10:37:39.778127+00:00,LibGen,LibGen.bz,UP,200,775,,
2026-10-02T10:38:40.125905+00:00,LibGen,LibGen.bz,UP,200,640,,
2026-10-02T10:39:40.622025+00:00,LibGen,LibGen.bz,UP,200,608,,
2026-10-02T10:40:40.866960+00:00,LibGen,LibGen.bz,UP,200,654,,
2026-10-02T10:41:41.022313+00:00,LibGen,LibGen.bz,UP,200,638,,
2026-10-02T10:42:42.936982+00:00,LibGen,LibGen.bz,UP,200,1179,,
2026-10-02T10:43:41.283414+00:00,LibGen,LibGen.bz,UP,200,619,,
2026-10-02T10:44:42.905767+00:00,LibGen,LibGen.bz,UP,200,608,,
2026-10-02T10:46:01.872901+00:00,LibGen,LibGen.bz,TIMEOUT,,,timeout,
2026-10-02T10:47:02.006100+00:00,LibGen,LibGen.bz,TIMEOUT,,,timeout,
2026-10-02T10:48:02.349257+00:00,LibGen,LibGen.bz,TIMEOUT,,,timeout,
2026-10-02T10:49:02.676235+00:00,LibGen,LibGen.bz,TIMEOUT,,,timeout,
2026-10-02T10:49:43.015416+00:00,LibGen,LibGen.bz,DOWN,500,662,http_error,
2026-10-02T10:50:43.755558+00:00,LibGen,LibGen.bz,UP,200,728,,
2026-10-02T10:51:43.938748+00:00,LibGen,LibGen.bz,UP,200,717,,
2026-10-02T10:53:04.228462+00:00,LibGen,LibGen.bz,DOWN,,,connection_refused,
2026-10-02T10:53:44.723171+00:00,LibGen,LibGen.bz,UP,200,1063,,
2026-10-02T10:54:45.833413+00:00,LibGen,LibGen.bz,UP,200,688,,
2026-10-02T10:55:45.045543+00:00,LibGen,LibGen.bz,UP,200,772,,
2026-10-02T10:56:45.190421+00:00,LibGen,LibGen.bz,UP,200,768,,
2026-10-02T10:58:06.746846+00:00,LibGen,LibGen.bz,DOWN,,,connection_refused,
2026-10-02T10:58:46.520648+00:00,LibGen,LibGen.bz,UP,200,1024,,
2026-10-02T11:00:06.440493+00:00,LibGen,LibGen.bz,DOWN,,,connection_refused,
2026-10-02T11:00:46.779648+00:00,LibGen,LibGen.bz,UP,200,666,,
2026-10-02T11:01:48.096542+00:00,LibGen,LibGen.bz,UP,200,2061,,
2026-10-02T11:02:46.917828+00:00,LibGen,LibGen.bz,UP,200,685,,
2026-10-02T11:04:07.058483+00:00,LibGen,LibGen.bz,DOWN,,,connection_refused,
2026-10-02T11:04:47.196370+00:00,LibGen,LibGen.bz,UP,200,740,,
2026-10-02T11:05:48.554486+00:00,LibGen,LibGen.bz,UP,200,1402,,
2026-10-02T11:06:48.801558+00:00,LibGen,LibGen.bz,UP,200,750,,
2026-10-02T11:07:48.974045+00:00,LibGen,LibGen.bz,UP,200,931,,
2026-10-02T11:08:48.268050+00:00,LibGen,LibGen.bz,UP,200,306,,
2026-10-02T11:09:49.913029+00:00,LibGen,LibGen.bz,UP,200,692,,
2026-10-02T11:10:49.795522+00:00,LibGen,LibGen.bz,UP,200,852,,
2026-10-02T11:11:50.458243+00:00,LibGen,LibGen.bz,UP,200,764,,
2026-10-02T11:12:50.993321+00:00,LibGen,LibGen.bz,UP,200,1137,,
2026-10-02T11:13:50.464493+00:00,LibGen,LibGen.bz,UP,200,688,,
2026-10-02T11:14:51.062089+00:00,LibGen,LibGen.bz,UP,200,1080,,
2026-10-02T11:15:51.780500+00:00,LibGen,LibGen.bz,UP,200,1174,,
2026-10-02T11:16:56.756805+00:00,LibGen,LibGen.bz,DEGRADED,200,5463,latency_high,
2026-10-02T11:17:53.274787+00:00,LibGen,LibGen.bz,UP,200,1146,,
2026-10-02T11:18:52.277548+00:00,LibGen,LibGen.bz,UP,200,711,,
2026-10-02T11:19:52.647694+00:00,LibGen,LibGen.bz,UP,200,670,,
2026-10-02T11:20:52.953918+00:00,LibGen,LibGen.bz,UP,200,646,,
2026-10-02T11:21:52.822506+00:00,LibGen,LibGen.bz,UP,200,742,,
2026-10-02T11:23:01.185102+00:00,LibGen,LibGen.bz,DEGRADED,200,7816,latency_high,
2026-10-02T11:23:53.892733+00:00,LibGen,LibGen.bz,UP,200,613,,
2026-10-02T11:24:53.995392+00:00,LibGen,LibGen.bz,UP,200,651,,
2026-10-02T11:25:54.097361+00:00,LibGen,LibGen.bz,UP,200,680,,
2026-10-02T11:26:54.653639+00:00,LibGen,LibGen.bz,UP,200,631,,
2026-10-02T11:27:56.934930+00:00,LibGen,LibGen.bz,UP,200,648,,
2026-10-02T11:28:56.860166+00:00,LibGen,LibGen.bz,UP,200,780,,
2026-10-02T11:29:56.193668+00:00,LibGen,LibGen.bz,UP,200,629,,
2026-10-02T11:30:56.821625+00:00,LibGen,LibGen.bz,UP,200,1164,,
2026-10-02T11:31:56.422299+00:00,LibGen,LibGen.bz,UP,200,661,,
2026-10-02T11:32:57.055378+00:00,LibGen,LibGen.bz,UP,200,1083,,
2026-10-02T11:33:56.858118+00:00,LibGen,LibGen.bz,UP,200,294,,
2026-10-02T11:34:57.643233+00:00,LibGen,LibGen.bz,UP,200,770,,
2026-10-02T11:35:58.196852+00:00,LibGen,LibGen.bz,UP,200,744,,
2026-10-02T11:36:58.819043+00:00,LibGen,LibGen.bz,UP,200,919,,
2026-10-02T11:37:59.507493+00:00,LibGen,LibGen.bz,UP,200,728,,
2026-10-02T11:38:59.676812+00:00,LibGen,LibGen.bz,UP,200,729,,
2026-10-02T11:39:59.806835+00:00,LibGen,LibGen.bz,UP,200,732,,
2026-10-02T11:41:01.007649+00:00,LibGen,LibGen.bz,UP,200,967,,
2026-10-02T11:42:01.522403+00:00,LibGen,LibGen.bz,UP,200,887,,
2026-10-02T11:43:01.629714+00:00,LibGen,LibGen.bz,UP,200,815,,
2026-10-02T11:44:02.390381+00:00,LibGen,LibGen.bz,UP,200,1194,,
2026-10-02T11:45:02.780615+00:00,LibGen,LibGen.bz,UP,200,1097,,
2026-10-02T11:46:02.963609+00:00,LibGen,LibGen.bz,UP,200,871,,
2026-10-02T11:47:03.419029+00:00,LibGen,LibGen.bz,UP,200,747,,
2026-10-02T11:48:04.548691+00:00,LibGen,LibGen.bz,UP,200,776,,
2026-10-02T11:49:04.137294+00:00,LibGen,LibGen.bz,UP,200,750,,
2026-10-02T11:50:08.487671+00:00,LibGen,LibGen.bz,DEGRADED,200,5352,latency_high,
2026-10-02T11:51:03.795491+00:00,LibGen,LibGen.bz,UP,200,734,,
2026-10-02T11:52:03.455047+00:00,LibGen,LibGen.bz,UP,200,257,,
2026-10-02T11:53:05.241035+00:00,LibGen,LibGen.bz,UP,200,841,,
2026-10-02T11:54:05.116339+00:00,LibGen,LibGen.bz,UP,200,727,,
2026-10-02T11:55:07.121702+00:00,LibGen,LibGen.bz,UP,200,2163,,
2026-10-02T11:56:05.839463+00:00,LibGen,LibGen.bz,UP,200,1149,,
2026-10-02T11:57:05.301150+00:00,LibGen,LibGen.bz,UP,200,263,,
2026-10-02T11:58:06.384815+00:00,LibGen,LibGen.bz,UP,200,678,,
2026-10-02T11:59:06.737507+00:00,LibGen,LibGen.bz,UP,200,764,,
2026-10-02T12:00:07.680008+00:00,LibGen,LibGen.bz,UP,200,1081,,
2026-10-02T12:01:07.846618+00:00,LibGen,LibGen.bz,UP,200,724,,
2026-10-02T12:02:08.020418+00:00,LibGen,LibGen.bz,UP,200,756,,
2026-10-02T12:03:08.122309+00:00,LibGen,LibGen.bz,UP,200,673,,
2026-10-02T12:04:08.815781+00:00,LibGen,LibGen.bz,UP,200,997,,
2026-10-02T12:05:08.621896+00:00,LibGen,LibGen.bz,UP,200,863,,
2026-10-02T12:06:09.718577+00:00,LibGen,LibGen.bz,UP,200,854,,
2026-10-02T12:07:09.929959+00:00,LibGen,LibGen.bz,UP,200,896,,
2026-10-02T12:08:10.571895+00:00,LibGen,LibGen.bz,UP,200,780,,
2026-10-02T12:09:10.297954+00:00,LibGen,LibGen.bz,UP,200,726,,
2026-10-02T12:10:11.249638+00:00,LibGen,LibGen.bz,UP,200,884,,
2026-10-02T12:11:10.972891+00:00,LibGen,LibGen.bz,UP,200,842,,
2026-10-02T12:12:11.023679+00:00,LibGen,LibGen.bz,UP,200,263,,
2026-10-02T12:13:12.148828+00:00,LibGen,LibGen.bz,UP,200,731,,
2026-10-02T12:14:12.550749+00:00,LibGen,LibGen.bz,UP,200,870,,
2026-10-02T12:15:13.084488+00:00,LibGen,LibGen.bz,UP,200,663,,
2026-10-02T12:16:13.226252+00:00,LibGen,LibGen.bz,UP,200,870,,
2026-10-02T12:17:13.456050+00:00,LibGen,LibGen.bz,UP,200,558,,
2026-10-02T12:18:14.031751+00:00,LibGen,LibGen.bz,UP,200,917,,
2026-10-02T12:19:14.541229+00:00,LibGen,LibGen.bz,UP,200,801,,
2026-10-02T12:20:17.661827+00:00,LibGen,LibGen.bz,DEGRADED,200,3608,latency_high,
2026-10-02T12:21:16.140181+00:00,LibGen,LibGen.bz,UP,200,1348,,
2026-10-02T12:22:14.871932+00:00,LibGen,LibGen.bz,UP,200,699,,
2026-10-02T12:23:16.449832+00:00,LibGen,LibGen.bz,UP,200,738,,
2026-10-02T12:24:15.600955+00:00,LibGen,LibGen.bz,UP,200,567,,
2026-10-02T12:25:15.752990+00:00,LibGen,LibGen.bz,UP,200,573,,
2026-10-02T12:26:17.668743+00:00,LibGen,LibGen.bz,UP,200,744,,
2026-10-02T12:27:16.668271+00:00,LibGen,LibGen.bz,UP,200,715,,
2026-10-02T12:28:17.055087+00:00,LibGen,LibGen.bz,UP,200,767,,
2026-10-02T12:29:17.234900+00:00,LibGen,LibGen.bz,UP,200,514,,
2026-10-02T12:30:20.620402+00:00,LibGen,LibGen.bz,DEGRADED,200,4067,latency_high,
2026-10-02T12:31:17.752090+00:00,LibGen,LibGen.bz,UP,200,771,,
2026-10-02T12:32:18.418465+00:00,LibGen,LibGen.bz,UP,200,725,,
2026-10-02T12:33:18.418186+00:00,LibGen,LibGen.bz,UP,200,271,,
2026-10-02T12:34:18.982226+00:00,LibGen,LibGen.bz,UP,200,641,,
2026-10-02T12:35:19.421787+00:00,LibGen,LibGen.bz,UP,200,557,,
2026-10-02T12:36:19.737628+00:00,LibGen,LibGen.bz,UP,200,769,,
2026-10-02T12:37:20.852071+00:00,LibGen,LibGen.bz,UP,200,1014,,
2026-10-02T12:38:20.013171+00:00,LibGen,LibGen.bz,UP,200,534,,
2026-10-02T12:39:20.638469+00:00,LibGen,LibGen.bz,UP,200,671,,
2026-10-02T12:40:20.873557+00:00,LibGen,LibGen.bz,UP,200,876,,
2026-10-02T12:41:20.803004+00:00,LibGen,LibGen.bz,UP,200,561,,
2026-10-02T12:42:21.296364+00:00,LibGen,LibGen.bz,UP,200,701,,
2026-10-02T12:43:21.641015+00:00,LibGen,LibGen.bz,UP,200,793,,
2026-10-02T12:44:21.475764+00:00,LibGen,LibGen.bz,UP,200,510,,
2026-10-02T12:45:21.565182+00:00,LibGen,LibGen.bz,UP,200,555,,
2026-10-02T12:46:21.925529+00:00,LibGen,LibGen.bz,UP,200,699,,
2026-10-02T12:47:22.375546+00:00,LibGen,LibGen.bz,UP,200,514,,
2026-10-02T12:48:23.660621+00:00,LibGen,LibGen.bz,UP,200,1647,,
2026-10-02T12:49:23.263898+00:00,LibGen,LibGen.bz,UP,200,776,,
2026-10-02T12:50:23.383139+00:00,LibGen,LibGen.bz,UP,200,762,,
2026-10-02T12:51:23.445821+00:00,LibGen,LibGen.bz,UP,200,578,,
2026-10-02T12:52:23.749926+00:00,LibGen,LibGen.bz,UP,200,548,,
2026-10-02T12:53:23.976465+00:00,LibGen,LibGen.bz,UP,200,733,,
2026-10-02T12:54:27.531678+00:00,LibGen,LibGen.bz,DEGRADED,200,3615,latency_high,
2026-10-02T12:55:25.357124+00:00,LibGen,LibGen.bz,UP,200,531,,
2026-10-02T12:56:25.347603+00:00,LibGen,LibGen.bz,UP,200,785,,
2026-10-02T12:57:25.598817+00:00,LibGen,LibGen.bz,UP,200,845,,
2026-10-02T12:58:27.335267+00:00,LibGen,LibGen.bz,UP,200,1487,,
2026-10-02T12:59:26.795425+00:00,LibGen,LibGen.bz,UP,200,658,,
2026-10-02T13:00:27.031823+00:00,LibGen,LibGen.bz,UP,200,738,,
2026-10-02T13:01:27.519333+00:00,LibGen,LibGen.bz,UP,200,818,,
2026-10-02T13:02:27.923917+00:00,LibGen,LibGen.bz,UP,200,286,,
2026-10-02T13:03:29.050454+00:00,LibGen,LibGen.bz,UP,200,828,,
2026-10-02T13:04:28.973133+00:00,LibGen,LibGen.bz,UP,200,780,,
2026-10-02T13:05:29.752748+00:00,LibGen,LibGen.bz,UP,200,843,,
2026-10-02T13:06:30.434782+00:00,LibGen,LibGen.bz,UP,200,859,,
2026-10-02T13:07:31.467326+00:00,LibGen,LibGen.bz,UP,200,1000,,
2026-10-02T13:08:31.505858+00:00,LibGen,LibGen.bz,UP,200,1140,,
2026-10-02T13:09:31.460537+00:00,LibGen,LibGen.bz,UP,200,663,,
2026-10-02T13:10:31.750114+00:00,LibGen,LibGen.bz,UP,200,712,,
2026-10-02T13:11:32.562685+00:00,LibGen,LibGen.bz,UP,200,739,,
2026-10-02T13:12:32.798722+00:00,LibGen,LibGen.bz,UP,200,817,,
2026-10-02T13:13:32.915836+00:00,LibGen,LibGen.bz,UP,200,620,,
2026-10-02T13:14:34.636978+00:00,LibGen,LibGen.bz,UP,200,650,,
2026-10-02T13:15:33.947166+00:00,LibGen,LibGen.bz,UP,200,669,,
2026-10-02T13:16:35.479503+00:00,LibGen,LibGen.bz,UP,200,1035,,
2026-10-02T13:17:35.851208+00:00,LibGen,LibGen.bz,UP,200,917,,
2026-10-02T13:18:35.754534+00:00,LibGen,LibGen.bz,UP,200,703,,
2026-10-02T13:19:36.516683+00:00,LibGen,LibGen.bz,UP,200,652,,
2026-10-02T13:20:36.593711+00:00,LibGen,LibGen.bz,UP,200,271,,
2026-10-02T13:21:37.244126+00:00,LibGen,LibGen.bz,UP,200,734,,
2026-10-02T13:22:37.853653+00:00,LibGen,LibGen.bz,UP,200,752,,
2026-10-02T13:23:38.772474+00:00,LibGen,LibGen.bz,UP,200,1001,,
2026-10-02T13:24:38.641728+00:00,LibGen,LibGen.bz,UP,200,602,,
2026-10-02T13:25:38.730983+00:00,LibGen,LibGen.bz,UP,200,268,,
2026-10-02T13:26:39.730154+00:00,LibGen,LibGen.bz,UP,200,729,,
2026-10-02T13:27:40.361509+00:00,LibGen,LibGen.bz,UP,200,638,,
2026-10-02T13:28:40.231723+00:00,LibGen,LibGen.bz,UP,200,711,,
2026-10-02T13:29:40.918506+00:00,LibGen,LibGen.bz,UP,200,656,,
2026-10-02T13:30:41.784133+00:00,LibGen,LibGen.bz,UP,200,1022,,
2026-10-02T13:31:41.665786+00:00,LibGen,LibGen.bz,UP,200,620,,
2026-10-02T13:32:41.778185+00:00,LibGen,LibGen.bz,UP,200,251,,
2026-10-02T13:33:43.933502+00:00,LibGen,LibGen.bz,UP,200,871,,
2026-10-02T13:34:42.805026+00:00,LibGen,LibGen.bz,UP,200,709,,
2026-10-02T13:35:43.031535+00:00,LibGen,LibGen.bz,UP,200,810,,
2026-10-02T13:36:44.539115+00:00,LibGen,LibGen.bz,UP,200,1110,,
2026-10-02T13:38:03.960796+00:00,LibGen,LibGen.bz,DOWN,,,connection_refused,
2026-10-02T13:38:44.260441+00:00,LibGen,LibGen.bz,UP,200,1027,,
2026-10-02T13:39:44.215552+00:00,LibGen,LibGen.bz,UP,200,773,,
2026-10-02T13:40:44.820604+00:00,LibGen,LibGen.bz,UP,200,898,,
2026-10-02T13:41:45.671395+00:00,LibGen,LibGen.bz,UP,200,697,,
2026-10-02T13:42:45.532534+00:00,LibGen,LibGen.bz,UP,200,719,,
2026-10-02T13:43:45.956207+00:00,LibGen,LibGen.bz,UP,200,981,,
2026-10-02T13:44:45.210910+00:00,LibGen,LibGen.bz,UP,200,269,,
2026-10-02T13:45:45.386569+00:00,LibGen,LibGen.bz,UP,200,241,,
2026-10-02T13:46:46.219093+00:00,LibGen,LibGen.bz,UP,200,557,,
2026-10-02T13:47:46.805153+00:00,LibGen,LibGen.bz,UP,200,740,,
2026-10-02T13:48:48.284557+00:00,LibGen,LibGen.bz,UP,200,739,,
2026-10-02T13:49:47.634356+00:00,LibGen,LibGen.bz,UP,200,546,,
2026-10-02T13:51:08.729579+00:00,LibGen,LibGen.bz,DOWN,,,connection_refused,
2026-10-02T13:51:49.261414+00:00,LibGen,LibGen.bz,UP,200,909,,
2026-10-02T13:52:49.491393+00:00,LibGen,LibGen.bz,UP,200,718,,
2026-10-02T13:53:50.819648+00:00,LibGen,LibGen.bz,UP,200,1747,,
2026-10-02T13:54:50.293152+00:00,LibGen,LibGen.bz,UP,200,546,,
2026-10-02T13:55:50.789514+00:00,LibGen,LibGen.bz,UP,200,717,,
2026-10-02T13:56:51.949327+00:00,LibGen,LibGen.bz,UP,200,506,,
2026-10-02T13:57:51.772780+00:00,LibGen,LibGen.bz,UP,200,718,,
2026-10-02T13:58:51.585175+00:00,LibGen,LibGen.bz,UP,200,711,,
2026-10-02T13:59:52.368402+00:00,LibGen,LibGen.bz,UP,200,524,,
2026-10-02T14:00:52.959240+00:00,LibGen,LibGen.bz,UP,200,674,,
2026-10-02T14:01:53.603191+00:00,LibGen,LibGen.bz,UP,200,619,,
2026-10-02T14:02:53.082978+00:00,LibGen,LibGen.bz,UP,200,742,,
2026-10-02T14:03:53.559721+00:00,LibGen,LibGen.bz,UP,200,546,,
2026-10-02T14:04:54.169123+00:00,LibGen,LibGen.bz,UP,200,968,,
2026-10-02T14:05:53.635980+00:00,LibGen,LibGen.bz,UP,200,762,,
2026-10-02T14:06:54.845833+00:00,LibGen,LibGen.bz,UP,200,761,,
2026-10-02T14:07:55.335100+00:00,LibGen,LibGen.bz,UP,200,1212,,
2026-10-02T14:08:55.940605+00:00,LibGen,LibGen.bz,UP,200,618,,
2026-10-02T14:09:55.272460+00:00,LibGen,LibGen.bz,UP,200,657,,
2026-10-02T14:10:55.651203+00:00,LibGen,LibGen.bz,UP,200,704,,
2026-10-02T14:11:58.561998+00:00,LibGen,LibGen.bz,DEGRADED,200,3264,latency_high,
2026-10-02T14:12:56.527491+00:00,LibGen,LibGen.bz,UP,200,685,,
2026-10-02T14:13:57.927220+00:00,LibGen,LibGen.bz,UP,200,969,,
2026-10-02T14:14:57.647567+00:00,LibGen,LibGen.bz,UP,200,575,,
2026-10-02T14:15:57.095919+00:00,LibGen,LibGen.bz,UP,200,245,,
2026-10-02T14:17:00.453247+00:00,LibGen,LibGen.bz,UP,200,672,,
2026-10-02T14:17:58.913832+00:00,LibGen,LibGen.bz,UP,200,787,,
2026-10-02T14:18:59.821560+00:00,LibGen,LibGen.bz,UP,200,1223,,
2026-10-02T14:19:59.796845+00:00,LibGen,LibGen.bz,UP,200,723,,
2026-10-02T14:21:20.853613+00:00,LibGen,LibGen.bz,DOWN,,,connection_refused,
2026-10-02T14:22:00.262887+00:00,LibGen,LibGen.bz,UP,200,662,,
2026-10-02T14:23:00.485404+00:00,LibGen,LibGen.bz,UP,200,704,,
2026-10-02T14:24:01.662871+00:00,LibGen,LibGen.bz,UP,200,868,,
2026-10-02T14:25:01.897533+00:00,LibGen,LibGen.bz,UP,200,929,,
2026-10-02T14:26:01.512070+00:00,LibGen,LibGen.bz,UP,200,766,,
2026-10-02T14:27:22.942818+00:00,LibGen,LibGen.bz,DOWN,,,connection_refused,
2026-10-02T14:28:03.000576+00:00,LibGen,LibGen.bz,UP,200,1055,,
2026-10-02T14:29:04.282312+00:00,LibGen,LibGen.bz,UP,200,1779,,
2026-10-02T14:30:04.577505+00:00,LibGen,LibGen.bz,UP,200,1755,,
2026-10-02T14:31:03.886657+00:00,LibGen,LibGen.bz,UP,200,956,,
2026-10-02T14:32:03.582696+00:00,LibGen,LibGen.bz,UP,200,822,,
2026-10-02T14:33:04.485540+00:00,LibGen,LibGen.bz,UP,200,748,,
2026-10-02T14:34:05.024115+00:00,LibGen,LibGen.bz,UP,200,808,,
2026-10-02T14:35:05.568676+00:00,LibGen,LibGen.bz,UP,200,812,,
2026-10-02T14:36:06.214929+00:00,LibGen,LibGen.bz,UP,200,1081,,
2026-10-02T14:37:05.636012+00:00,LibGen,LibGen.bz,UP,200,634,,
2026-10-02T14:38:12.585520+00:00,LibGen,LibGen.bz,DEGRADED,200,7537,latency_high,
2026-10-02T14:39:25.774865+00:00,LibGen,LibGen.bz,TIMEOUT,,,timeout,
2026-10-02T14:40:25.955180+00:00,LibGen,LibGen.bz,TIMEOUT,,,timeout,
2026-10-02T14:41:06.704977+00:00,LibGen,LibGen.bz,UP,200,820,,
2026-10-02T14:42:07.362387+00:00,LibGen,LibGen.bz,UP,200,767,,
2026-10-02T14:43:07.683260+00:00,LibGen,LibGen.bz,UP,200,666,,
2026-10-02T14:44:07.836642+00:00,LibGen,LibGen.bz,UP,200,679,,
2026-10-02T14:45:07.858546+00:00,LibGen,LibGen.bz,UP,200,289,,
2026-10-02T14:46:08.546840+00:00,LibGen,LibGen.bz,UP,200,715,,
2026-10-02T14:47:08.416128+00:00,LibGen,LibGen.bz,UP,200,289,,
2026-10-02T14:48:09.317871+00:00,LibGen,LibGen.bz,UP,200,785,,
2026-10-02T14:49:10.335661+00:00,LibGen,LibGen.bz,UP,200,1140,,
2026-10-02T14:50:10.321153+00:00,LibGen,LibGen.bz,UP,200,762,,
2026-10-02T14:51:11.424847+00:00,LibGen,LibGen.bz,UP,200,771,,
2026-10-02T14:52:11.230039+00:00,LibGen,LibGen.bz,UP,200,751,,
2026-10-02T14:53:11.275318+00:00,LibGen,LibGen.bz,UP,200,642,,
2026-10-02T14:54:12.028436+00:00,LibGen,LibGen.bz,UP,200,282,,
2026-10-02T14:55:12.309627+00:00,LibGen,LibGen.bz,UP,200,932,,
2026-10-02T14:56:12.433604+00:00,LibGen,LibGen.bz,UP,200,320,,
2026-10-02T14:57:33.297147+00:00,LibGen,LibGen.bz,DOWN,,,connection_refused,
2026-10-02T14:58:13.466378+00:00,LibGen,LibGen.bz,UP,200,659,,
2026-10-02T14:59:14.201693+00:00,LibGen,LibGen.bz,UP,200,835,,
2026-10-02T15:00:15.168314+00:00,LibGen,LibGen.bz,UP,200,844,,
2026-10-02T15:01:15.178317+00:00,LibGen,LibGen.bz,UP,200,719,,
2026-10-02T15:02:16.610978+00:00,LibGen,LibGen.bz,UP,200,1763,,
2026-10-02T15:03:15.582491+00:00,LibGen,LibGen.bz,UP,200,645,,
2026-10-02T15:04:16.882844+00:00,LibGen,LibGen.bz,UP,200,706,,
2026-10-02T15:05:16.386811+00:00,LibGen,LibGen.bz,UP,200,635,,
2026-10-02T15:06:17.202308+00:00,LibGen,LibGen.bz,UP,200,644,,
2026-10-02T15:07:36.786828+00:00,LibGen,LibGen.bz,DOWN,,,connection_refused,
2026-10-02T15:08:18.130143+00:00,LibGen,LibGen.bz,UP,200,688,,
2026-10-02T15:09:17.888857+00:00,LibGen,LibGen.bz,UP,200,780,,
2026-10-02T15:10:18.695184+00:00,LibGen,LibGen.bz,UP,200,803,,
2026-10-02T15:11:19.039959+00:00,LibGen,LibGen.bz,UP,200,700,,
2026-10-02T15:12:39.189402+00:00,LibGen,LibGen.bz,DOWN,,,connection_refused,
2026-10-02T15:13:38.746491+00:00,LibGen,LibGen.bz,TIMEOUT,,,timeout,
2026-10-02T15:14:38.918371+00:00,LibGen,LibGen.bz,TIMEOUT,,,timeout,
2026-10-02T15:15:19.599403+00:00,LibGen,LibGen.bz,UP,200,583,,
2026-10-02T15:16:40.314791+00:00,LibGen,LibGen.bz,DOWN,,,connection_refused,
2026-10-02T15:17:21.054359+00:00,LibGen,LibGen.bz,UP,200,529,,
2026-10-02T15:18:20.830906+00:00,LibGen,LibGen.bz,UP,200,710,,
2026-10-02T15:19:21.277228+00:00,LibGen,LibGen.bz,UP,200,794,,
2026-10-02T15:20:22.699602+00:00,LibGen,LibGen.bz,UP,200,758,,
2026-10-02T15:21:22.460342+00:00,LibGen,LibGen.bz,UP,200,656,,
2026-10-02T15:22:22.712655+00:00,LibGen,LibGen.bz,UP,200,579,,
2026-10-02T15:23:23.921464+00:00,LibGen,LibGen.bz,UP,200,1537,,
2026-10-02T15:24:23.776090+00:00,LibGen,LibGen.bz,UP,200,518,,
2026-10-02T15:25:23.913871+00:00,LibGen,LibGen.bz,UP,200,524,,
2026-10-02T15:26:24.224930+00:00,LibGen,LibGen.bz,UP,200,584,,
2026-10-02T15:27:24.270731+00:00,LibGen,LibGen.bz,UP,200,538,,
2026-10-02T15:28:24.199705+00:00,LibGen,LibGen.bz,DOWN,,,connection_refused,
2026-10-02T15:29:25.394921+00:00,LibGen,LibGen.bz,UP,200,569,,
2026-10-02T15:30:26.404813+00:00,LibGen,LibGen.bz,UP,200,553,,
2026-10-02T15:31:26.828252+00:00,LibGen,LibGen.bz,UP,200,546,,
2026-10-02T15:32:26.912761+00:00,LibGen,LibGen.bz,UP,200,530,,
2026-10-02T15:33:26.779530+00:00,LibGen,LibGen.bz,UP,200,222,,
2026-10-02T15:34:28.875716+00:00,LibGen,LibGen.bz,UP,200,833,,
2026-10-02T15:35:31.031322+00:00,LibGen,LibGen.bz,UP,200,713,,
2026-10-02T15:36:29.232999+00:00,LibGen,LibGen.bz,UP,200,661,,
2026-10-02T15:37:29.450615+00:00,LibGen,LibGen.bz,UP,200,621,,
2026-10-02T15:38:30.067621+00:00,LibGen,LibGen.bz,UP,200,672,,
2026-10-02T15:39:30.455623+00:00,LibGen,LibGen.bz,UP,200,537,,
2026-10-02T15:40:31.380025+00:00,LibGen,LibGen.bz,UP,200,641,,
2026-10-02T15:41:31.425211+00:00,LibGen,LibGen.bz,UP,200,629,,
2026-10-02T15:42:34.434182+00:00,LibGen,LibGen.bz,UP,200,1948,,
2026-10-02T15:43:32.228793+00:00,LibGen,LibGen.bz,UP,200,489,,
2026-10-02T15:44:32.415454+00:00,LibGen,LibGen.bz,UP,200,595,,
2026-10-02T15:45:32.507011+00:00,LibGen,LibGen.bz,UP,200,531,,
2026-10-02T15:46:33.009192+00:00,LibGen,LibGen.bz,UP,200,838,,
2026-10-02T15:47:33.454580+00:00,LibGen,LibGen.bz,UP,200,894,,
2026-10-02T15:48:54.093335+00:00,LibGen,LibGen.bz,DOWN,,,connection_refused,
2026-10-02T15:49:34.908159+00:00,LibGen,LibGen.bz,UP,200,794,,
2026-10-02T15:50:36.638155+00:00,LibGen,LibGen.bz,UP,200,1842,,
2026-10-02T15:51:36.479841+00:00,LibGen,LibGen.bz,UP,200,752,,
2026-10-02T15:52:36.002527+00:00,LibGen,LibGen.bz,UP,200,231,,
2026-10-02T15:53:36.651690+00:00,LibGen,LibGen.bz,UP,200,663,,
2026-10-02T15:54:36.719565+00:00,LibGen,LibGen.bz,UP,200,479,,
2026-10-02T15:55:37.771650+00:00,LibGen,LibGen.bz,UP,200,1002,,
2026-10-02T15:56:40.030736+00:00,LibGen,LibGen.bz,UP,200,2743,,
2026-10-02T15:57:38.094965+00:00,LibGen,LibGen.bz,UP,200,556,,
2026-10-02T15:58:38.690086+00:00,LibGen,LibGen.bz,UP,200,651,,
2026-10-02T15:59:38.203460+00:00,LibGen,LibGen.bz,UP,200,232,,
2026-10-02T16:00:58.841905+00:00,LibGen,LibGen.bz,DOWN,,,connection_refused,
2026-10-02T16:01:42.955802+00:00,LibGen,LibGen.bz,DEGRADED,200,3651,latency_high,
2026-10-02T16:02:40.764607+00:00,LibGen,LibGen.bz,UP,200,939,,
2026-10-02T16:03:40.415494+00:00,LibGen,LibGen.bz,UP,200,722,,
2026-10-02T16:04:40.657902+00:00,LibGen,LibGen.bz,UP,200,558,,
2026-10-02T16:05:41.378595+00:00,LibGen,LibGen.bz,UP,200,497,,
2026-10-02T16:06:41.286024+00:00,LibGen,LibGen.bz,UP,200,584,,
2026-10-02T16:07:43.282547+00:00,LibGen,LibGen.bz,UP,200,1607,,
2026-10-02T16:08:42.995547+00:00,LibGen,LibGen.bz,UP,200,662,,
2026-10-02T16:09:42.444244+00:00,LibGen,LibGen.bz,UP,200,246,,
2026-10-02T16:10:43.422436+00:00,LibGen,LibGen.bz,UP,200,919,,
2026-10-02T16:11:44.190501+00:00,LibGen,LibGen.bz,UP,200,961,,
2026-10-02T16:12:43.921535+00:00,LibGen,LibGen.bz,UP,200,631,,
2026-10-02T16:13:44.614189+00:00,LibGen,LibGen.bz,UP,200,670,,
2026-10-02T16:14:44.960980+00:00,LibGen,LibGen.bz,UP,200,622,,
2026-10-02T16:15:45.597473+00:00,LibGen,LibGen.bz,UP,200,737,,
2026-10-02T16:16:45.911974+00:00,LibGen,LibGen.bz,UP,200,705,,
2026-10-02T16:17:45.792720+00:00,LibGen,LibGen.bz,DOWN,,,connection_refused,
2026-10-02T16:18:47.222267+00:00,LibGen,LibGen.bz,UP,200,1039,,
2026-10-02T16:19:46.944649+00:00,LibGen,LibGen.bz,UP,200,495,,
2026-10-02T16:20:49.945090+00:00,LibGen,LibGen.bz,UP,200,897,,
2026-10-02T16:21:47.914256+00:00,LibGen,LibGen.bz,UP,200,630,,
2026-10-02T16:22:49.433928+00:00,LibGen,LibGen.bz,UP,200,766,,
2026-10-02T16:23:51.064531+00:00,LibGen,LibGen.bz,DEGRADED,200,3224,latency_high,
2026-10-02T16:24:49.390540+00:00,LibGen,LibGen.bz,UP,200,502,,
2026-10-02T16:25:50.280711+00:00,LibGen,LibGen.bz,UP,200,713,,
2026-10-02T16:26:50.178581+00:00,LibGen,LibGen.bz,UP,200,739,,
2026-10-02T16:27:52.353534+00:00,LibGen,LibGen.bz,UP,200,1529,,
2026-10-02T16:28:50.685017+00:00,LibGen,LibGen.bz,UP,200,235,,
2026-10-02T16:29:52.318235+00:00,LibGen,LibGen.bz,UP,200,850,,
2026-10-02T16:30:52.671627+00:00,LibGen,LibGen.bz,UP,200,685,,
2026-10-02T16:31:53.162758+00:00,LibGen,LibGen.bz,UP,200,542,,
2026-10-02T16:32:53.191701+00:00,LibGen,LibGen.bz,UP,200,513,,
2026-10-02T16:33:54.317215+00:00,LibGen,LibGen.bz,UP,200,283,,
2026-10-02T16:34:53.702078+00:00,LibGen,LibGen.bz,UP,200,205,,
2026-10-02T16:35:55.683908+00:00,LibGen,LibGen.bz,UP,200,764,,
2026-10-02T16:36:55.085658+00:00,LibGen,LibGen.bz,UP,200,534,,
2026-10-02T16:37:56.536446+00:00,LibGen,LibGen.bz,UP,200,1739,,
2026-10-02T16:38:56.273740+00:00,LibGen,LibGen.bz,UP,200,895,,
2026-10-02T16:40:00.286022+00:00,LibGen,LibGen.bz,DEGRADED,200,3935,latency_high,
2026-10-02T16:40:57.855890+00:00,LibGen,LibGen.bz,UP,200,644,,
2026-10-02T16:41:58.710432+00:00,LibGen,LibGen.bz,UP,200,695,,
2026-10-02T16:43:01.271343+00:00,LibGen,LibGen.bz,DEGRADED,200,3601,latency_high,
2026-10-02T16:43:58.933113+00:00,LibGen,LibGen.bz,UP,200,808,,
2026-10-02T16:44:58.637968+00:00,LibGen,LibGen.bz,UP,200,555,,
2026-10-02T16:46:20.266869+00:00,LibGen,LibGen.bz,DOWN,,,connection_refused,
2026-10-02T16:46:59.363976+00:00,LibGen,LibGen.bz,UP,200,566,,
2026-10-02T16:48:00.884680+00:00,LibGen,LibGen.bz,UP,200,687,,
2026-10-02T16:49:00.164130+00:00,LibGen,LibGen.bz,UP,200,589,,
2026-10-02T16:50:00.505841+00:00,LibGen,LibGen.bz,UP,200,805,,
2026-10-02T16:51:02.157296+00:00,LibGen,LibGen.bz,UP,200,1021,,
2026-10-02T16:52:01.897383+00:00,LibGen,LibGen.bz,UP,200,599,,
2026-10-02T16:53:03.676891+00:00,LibGen,LibGen.bz,UP,200,1931,,
2026-10-02T16:54:02.884116+00:00,LibGen,LibGen.bz,UP,200,496,,
2026-10-02T16:55:04.157126+00:00,LibGen,LibGen.bz,UP,200,823,,
2026-10-02T16:56:03.506468+00:00,LibGen,LibGen.bz,UP,200,931,,
2026-10-02T16:57:03.513164+00:00,LibGen,LibGen.bz,UP,200,571,,
2026-10-02T16:58:24.825442+00:00,LibGen,LibGen.bz,DOWN,,,connection_refused,
2026-10-02T16:59:05.362021+00:00,LibGen,LibGen.bz,UP,200,763,,
2026-10-02T17:00:05.162684+00:00,LibGen,LibGen.bz,UP,200,679,,
2026-10-02T17:01:06.483100+00:00,LibGen,LibGen.bz,UP,200,1491,,
2026-10-02T17:02:06.812379+00:00,LibGen,LibGen.bz,UP,200,479,,
2026-10-02T17:03:06.432798+00:00,LibGen,LibGen.bz,UP,200,773,,
2026-10-02T17:04:06.548059+00:00,LibGen,LibGen.bz,UP,200,507,,
2026-10-02T17:05:17.073675+00:00,LibGen,LibGen.bz,DEGRADED,200,10422,latency_high,
2026-10-02T17:06:07.093703+00:00,LibGen,LibGen.bz,UP,200,544,,
2026-10-02T17:07:08.497574+00:00,LibGen,LibGen.bz,UP,200,1289,,
2026-10-02T17:08:08.321160+00:00,LibGen,LibGen.bz,UP,200,522,,
2026-10-02T17:09:08.405957+00:00,LibGen,LibGen.bz,UP,200,522,,
2026-10-02T17:10:09.103324+00:00,LibGen,LibGen.bz,UP,200,825,,
2026-10-02T17:11:08.864503+00:00,LibGen,LibGen.bz,UP,200,481,,
2026-10-02T17:12:09.241019+00:00,LibGen,LibGen.bz,UP,200,649,,
2026-10-02T17:13:09.915659+00:00,LibGen,LibGen.bz,UP,200,590,,
2026-10-02T17:14:12.092939+00:00,LibGen,LibGen.bz,UP,200,265,,
2026-10-02T17:15:10.473208+00:00,LibGen,LibGen.bz,UP,200,547,,
2026-10-02T17:16:11.038311+00:00,LibGen,LibGen.bz,UP,200,487,,
2026-10-02T17:17:11.622748+00:00,LibGen,LibGen.bz,UP,200,796,,
2026-10-02T17:18:11.882900+00:00,LibGen,LibGen.bz,UP,200,459,,
2026-10-02T17:19:13.486068+00:00,LibGen,LibGen.bz,UP,200,1472,,
2026-10-02T17:20:12.652949+00:00,LibGen,LibGen.bz,UP,200,844,,
2026-10-02T17:21:13.180312+00:00,LibGen,LibGen.bz,UP,200,683,,
2026-10-02T17:22:14.009067+00:00,LibGen,LibGen.bz,UP,200,1479,,
2026-10-02T17:23:13.700665+00:00,LibGen,LibGen.bz,UP,200,518,,
2026-10-02T17:24:14.088601+00:00,LibGen,LibGen.bz,UP,200,490,,
2026-10-02T17:25:14.916185+00:00,LibGen,LibGen.bz,UP,200,835,,
2026-10-02T17:26:15.437108+00:00,LibGen,LibGen.bz,UP,200,866,,
2026-10-02T17:27:15.043130+00:00,LibGen,LibGen.bz,UP,200,772,,
2026-10-02T17:28:15.853758+00:00,LibGen,LibGen.bz,UP,200,937,,
2026-10-02T17:29:15.906547+00:00,LibGen,LibGen.bz,UP,200,247,,
2026-10-02T17:30:16.548267+00:00,LibGen,LibGen.bz,UP,200,889,,
2026-10-02T17:31:17.251722+00:00,LibGen,LibGen.bz,UP,200,754,,
2026-10-02T17:32:17.584124+00:00,LibGen,LibGen.bz,UP,200,838,,
2026-10-02T17:33:20.223561+00:00,LibGen,LibGen.bz,UP,200,601,,
2026-10-02T17:34:17.830169+00:00,LibGen,LibGen.bz,UP,200,363,,
2026-10-02T17:35:18.193805+00:00,LibGen,LibGen.bz,UP,200,506,,
2026-10-02T17:36:18.030472+00:00,LibGen,LibGen.bz,UP,200,323,,
2026-10-02T17:37:18.846254+00:00,LibGen,LibGen.bz,UP,200,524,,
2026-10-02T17:38:19.547224+00:00,LibGen,LibGen.bz,UP,200,617,,
2026-10-02T17:39:19.877444+00:00,LibGen,LibGen.bz,UP,200,785,,
2026-10-02T17:40:40.146841+00:00,LibGen,LibGen.bz,DOWN,,,connection_refused,
2026-10-02T17:41:20.650487+00:00,LibGen,LibGen.bz,UP,200,659,,
2026-10-02T17:42:21.654481+00:00,LibGen,LibGen.bz,UP,200,1096,,
2026-10-02T17:43:22.424447+00:00,LibGen,LibGen.bz,UP,200,702,,
2026-10-02T17:44:21.805024+00:00,LibGen,LibGen.bz,UP,200,496,,
2026-10-02T17:45:23.445763+00:00,LibGen,LibGen.bz,UP,200,651,,
2026-10-02T17:46:23.553200+00:00,LibGen,LibGen.bz,UP,200,595,,
2026-10-02T17:47:23.301051+00:00,LibGen,LibGen.bz,UP,200,839,,
2026-10-02T17:48:22.749531+00:00,LibGen,LibGen.bz,UP,200,218,,
2026-10-02T17:49:23.769889+00:00,LibGen,LibGen.bz,UP,200,568,,
2026-10-02T17:50:27.375696+00:00,LibGen,LibGen.bz,UP,200,2765,,
2026-10-02T17:51:25.714968+00:00,LibGen,LibGen.bz,UP,200,715,,
2026-10-02T17:52:26.309331+00:00,LibGen,LibGen.bz,UP,200,765,,
2026-10-02T17:53:27.160940+00:00,LibGen,LibGen.bz,UP,200,741,,
2026-10-02T17:54:27.469766+00:00,LibGen,LibGen.bz,UP,200,516,,
2026-10-02T17:55:28.003191+00:00,LibGen,LibGen.bz,UP,200,512,,
2026-10-02T17:56:28.050799+00:00,LibGen,LibGen.bz,UP,200,636,,
2026-10-02T17:57:48.071528+00:00,LibGen,LibGen.bz,DOWN,,,connection_refused,
2026-10-02T17:58:28.953134+00:00,LibGen,LibGen.bz,UP,200,591,,
2026-10-02T17:59:28.669210+00:00,LibGen,LibGen.bz,UP,200,523,,
2026-10-02T18:00:29.759922+00:00,LibGen,LibGen.bz,UP,200,1122,,
2026-10-02T18:01:29.932375+00:00,LibGen,LibGen.bz,UP,200,578,,
2026-10-02T18:02:30.627646+00:00,LibGen,LibGen.bz,UP,200,1349,,
2026-10-02T18:03:31.452600+00:00,LibGen,LibGen.bz,UP,200,698,,
2026-10-02T18:04:31.041464+00:00,LibGen,LibGen.bz,UP,200,968,,
2026-10-02T18:05:32.305704+00:00,LibGen,LibGen.bz,UP,200,1209,,
2026-10-02T18:06:34.893453+00:00,LibGen,LibGen.bz,DEGRADED,200,3654,latency_high,
2026-10-02T18:07:33.762489+00:00,LibGen,LibGen.bz,UP,200,491,,
2026-10-02T18:08:32.946468+00:00,LibGen,LibGen.bz,UP,200,580,,
2026-10-02T18:09:33.549608+00:00,LibGen,LibGen.bz,UP,200,484,,
2026-10-02T18:10:33.847714+00:00,LibGen,LibGen.bz,UP,200,597,,
2026-10-02T18:11:34.279197+00:00,LibGen,LibGen.bz,UP,200,727,,
2026-10-02T18:12:35.560672+00:00,LibGen,LibGen.bz,UP,200,531,,
2026-10-02T18:13:55.311038+00:00,LibGen,LibGen.bz,TIMEOUT,,,timeout,
2026-10-02T18:14:37.986644+00:00,LibGen,LibGen.bz,DEGRADED,200,3115,latency_high,
2026-10-02T18:15:35.665115+00:00,LibGen,LibGen.bz,UP,200,218,,
2026-10-02T18:16:36.414155+00:00,LibGen,LibGen.bz,UP,200,924,,
2026-10-02T18:17:37.191107+00:00,LibGen,LibGen.bz,UP,200,1092,,
2026-10-02T18:18:36.939363+00:00,LibGen,LibGen.bz,UP,200,683,,
2026-10-02T18:19:37.134638+00:00,LibGen,LibGen.bz,UP,200,849,,
2026-10-02T18:20:37.553073+00:00,LibGen,LibGen.bz,UP,200,664,,
2026-10-02T18:21:38.722477+00:00,LibGen,LibGen.bz,UP,200,593,,
2026-10-02T18:22:58.288686+00:00,LibGen,LibGen.bz,DOWN,,,connection_refused,
2026-10-02T18:23:40.604351+00:00,LibGen,LibGen.bz,UP,200,2185,,
2026-10-02T18:24:39.443235+00:00,LibGen,LibGen.bz,UP,200,559,,
2026-10-02T18:25:39.039543+00:00,LibGen,LibGen.bz,UP,200,264,,
2026-10-02T18:26:44.048784+00:00,LibGen,LibGen.bz,DEGRADED,200,3752,latency_high,
2026-10-02T18:27:40.600981+00:00,LibGen,LibGen.bz,UP,200,505,,
2026-10-02T18:28:43.988242+00:00,LibGen,LibGen.bz,DEGRADED,200,3646,latency_high,
2026-10-02T18:29:41.247826+00:00,LibGen,LibGen.bz,UP,200,584,,
2026-10-02T18:30:44.518885+00:00,LibGen,LibGen.bz,UP,200,942,,
2026-10-02T18:31:42.653170+00:00,LibGen,LibGen.bz,UP,200,657,,
2026-10-02T18:32:43.631377+00:00,LibGen,LibGen.bz,UP,200,665,,
2026-10-02T18:33:47.542785+00:00,LibGen,LibGen.bz,DEGRADED,200,4237,latency_high,
2026-10-02T18:34:43.794795+00:00,LibGen,LibGen.bz,UP,200,638,,
2026-10-02T18:35:43.960998+00:00,LibGen,LibGen.bz,UP,200,688,,
2026-10-02T18:36:48.463643+00:00,LibGen,LibGen.bz,DEGRADED,200,4507,latency_high,
2026-10-02T18:37:43.968610+00:00,LibGen,LibGen.bz,UP,200,224,,
2026-10-02T18:38:44.824781+00:00,LibGen,LibGen.bz,UP,200,576,,
2026-10-02T18:39:45.106177+00:00,LibGen,LibGen.bz,UP,200,534,,
2026-10-02T18:40:46.188243+00:00,LibGen,LibGen.bz,UP,200,703,,
2026-10-02T18:41:45.943417+00:00,LibGen,LibGen.bz,UP,200,656,,
2026-10-02T18:42:46.465306+00:00,LibGen,LibGen.bz,UP,200,960,,
2026-10-02T18:43:46.560658+00:00,LibGen,LibGen.bz,UP,200,679,,
2026-10-02T18:44:47.234893+00:00,LibGen,LibGen.bz,UP,200,994,,
2026-10-02T18:45:48.804938+00:00,LibGen,LibGen.bz,UP,200,1490,,
2026-10-02T18:46:47.919687+00:00,LibGen,LibGen.bz,UP,200,770,,
2026-10-02T18:47:48.778346+00:00,LibGen,LibGen.bz,UP,200,914,,
2026-10-02T18:48:48.278157+00:00,LibGen,LibGen.bz,UP,200,941,,
2026-10-02T18:49:48.979147+00:00,LibGen,LibGen.bz,UP,200,686,,
2026-10-02T18:51:09.215765+00:00,LibGen,LibGen.bz,DOWN,,,connection_refused,
2026-10-02T18:51:50.416460+00:00,LibGen,LibGen.bz,UP,200,736,,
2026-10-02T18:52:51.081448+00:00,LibGen,LibGen.bz,UP,200,1332,,
2026-10-02T18:53:49.602933+00:00,LibGen,LibGen.bz,UP,200,681,,
2026-10-02T18:55:11.664595+00:00,LibGen,LibGen.bz,DOWN,,,connection_refused,
2026-10-02T18:55:50.745955+00:00,LibGen,LibGen.bz,UP,200,948,,
2026-10-02T18:56:51.580866+00:00,LibGen,LibGen.bz,UP,200,995,,
2026-10-02T18:58:12.287406+00:00,LibGen,LibGen.bz,DOWN,,,connection_refused,
2026-10-02T18:58:51.592004+00:00,LibGen,LibGen.bz,UP,200,645,,
2026-10-02T18:59:52.351590+00:00,LibGen,LibGen.bz,UP,200,668,,
2026-10-02T19:00:55.804534+00:00,LibGen,LibGen.bz,DEGRADED,200,3824,latency_high,
2026-10-02T19:01:52.807026+00:00,LibGen,LibGen.bz,UP,200,678,,
2026-10-02T19:02:52.854105+00:00,LibGen,LibGen.bz,UP,200,355,,
2026-10-02T19:03:56.917344+00:00,LibGen,LibGen.bz,DEGRADED,200,3624,latency_high,
2026-10-02T19:04:55.025071+00:00,LibGen,LibGen.bz,UP,200,1560,,
2026-10-02T19:05:54.443139+00:00,LibGen,LibGen.bz,UP,200,755,,
2026-10-02T19:06:55.329260+00:00,LibGen,LibGen.bz,UP,200,981,,
2026-10-02T19:07:55.876492+00:00,LibGen,LibGen.bz,UP,200,673,,
2026-10-02T19:08:56.783663+00:00,LibGen,LibGen.bz,UP,200,777,,
2026-10-02T19:09:56.760032+00:00,LibGen,LibGen.bz,UP,200,675,,
2026-10-02T19:10:57.490801+00:00,LibGen,LibGen.bz,UP,200,1076,,
2026-10-02T19:11:56.932067+00:00,LibGen,LibGen.bz,UP,200,251,,
2026-10-02T19:12:58.520106+00:00,LibGen,LibGen.bz,UP,200,677,,
2026-10-02T19:13:58.589389+00:00,LibGen,LibGen.bz,UP,200,625,,
2026-10-02T19:14:58.540429+00:00,LibGen,LibGen.bz,UP,200,561,,
2026-10-02T19:15:59.279223+00:00,LibGen,LibGen.bz,UP,200,868,,
2026-10-02T19:16:59.841678+00:00,LibGen,LibGen.bz,UP,200,554,,
2026-10-02T19:18:02.882623+00:00,LibGen,LibGen.bz,DEGRADED,200,3814,latency_high,
2026-10-02T19:19:00.573588+00:00,LibGen,LibGen.bz,UP,200,657,,
2026-10-02T19:20:00.998190+00:00,LibGen,LibGen.bz,UP,200,641,,
2026-10-02T19:21:01.854735+00:00,LibGen,LibGen.bz,UP,200,864,,
2026-10-02T19:22:05.376828+00:00,LibGen,LibGen.bz,DEGRADED,200,3868,latency_high,
2026-10-02T19:23:03.054017+00:00,LibGen,LibGen.bz,UP,200,1508,,
2026-10-02T19:24:02.650959+00:00,LibGen,LibGen.bz,UP,200,835,,
2026-10-02T19:25:03.369823+00:00,LibGen,LibGen.bz,UP,200,1078,,
2026-10-02T19:26:04.016874+00:00,LibGen,LibGen.bz,UP,200,805,,
2026-10-02T19:27:04.814492+00:00,LibGen,LibGen.bz,UP,200,583,,
2026-10-02T19:28:05.232427+00:00,LibGen,LibGen.bz,UP,200,714,,
2026-10-02T19:29:05.247420+00:00,LibGen,LibGen.bz,UP,200,817,,
2026-10-02T19:30:06.476919+00:00,LibGen,LibGen.bz,UP,200,1351,,
2026-10-02T19:31:06.954028+00:00,LibGen,LibGen.bz,UP,200,775,,
2026-10-02T19:32:06.959173+00:00,LibGen,LibGen.bz,UP,200,235,,
2026-10-02T19:33:07.776662+00:00,LibGen,LibGen.bz,UP,200,1105,,
2026-10-02T19:34:10.911216+00:00,LibGen,LibGen.bz,UP,200,1465,,
2026-10-02T19:35:08.283466+00:00,LibGen,LibGen.bz,UP,200,508,,
2026-10-02T19:36:08.217477+00:00,LibGen,LibGen.bz,UP,200,609,,
2026-10-02T19:37:09.911974+00:00,LibGen,LibGen.bz,UP,200,1993,,
2026-10-02T19:38:08.924169+00:00,LibGen,LibGen.bz,UP,200,744,,
2026-10-02T19:39:30.066684+00:00,LibGen,LibGen.bz,DOWN,,,connection_refused,
2026-10-02T19:40:10.848911+00:00,LibGen,LibGen.bz,UP,200,1180,,
2026-10-02T19:41:11.681221+00:00,LibGen,LibGen.bz,UP,200,648,,
2026-10-02T19:42:11.482153+00:00,LibGen,LibGen.bz,UP,200,1079,,
2026-10-02T19:43:15.138585+00:00,LibGen,LibGen.bz,DEGRADED,200,3734,latency_high,
2026-10-02T19:44:11.849376+00:00,LibGen,LibGen.bz,UP,200,624,,
2026-10-02T19:45:12.776434+00:00,LibGen,LibGen.bz,UP,200,1094,,
2026-10-02T19:46:12.922037+00:00,LibGen,LibGen.bz,UP,200,706,,
2026-10-02T19:47:16.536491+00:00,LibGen,LibGen.bz,UP,200,2828,,
2026-10-02T19:48:17.909860+00:00,LibGen,LibGen.bz,DEGRADED,200,4313,latency_high,
2026-10-02T19:49:18.808599+00:00,LibGen,LibGen.bz,DEGRADED,200,3991,latency_high,
2026-10-02T19:50:18.141330+00:00,LibGen,LibGen.bz,UP,200,1619,,
2026-10-02T19:51:24.938483+00:00,LibGen,LibGen.bz,DEGRADED,200,9772,latency_high,
2026-10-02T19:52:19.861666+00:00,LibGen,LibGen.bz,DEGRADED,200,4589,latency_high,
2026-10-02T19:53:17.006232+00:00,LibGen,LibGen.bz,UP,200,536,,
2026-10-02T19:54:20.593955+00:00,LibGen,LibGen.bz,DEGRADED,200,3698,latency_high,
2026-10-02T19:55:18.857872+00:00,LibGen,LibGen.bz,UP,200,1795,,
2026-10-02T19:56:17.374099+00:00,LibGen,LibGen.bz,UP,200,635,,
2026-10-02T19:57:17.961478+00:00,LibGen,LibGen.bz,UP,200,994,,
2026-10-02T19:58:18.233466+00:00,LibGen,LibGen.bz,UP,200,1023,,
2026-10-02T19:59:18.827763+00:00,LibGen,LibGen.bz,UP,200,671,,
2026-10-02T20:00:19.111550+00:00,LibGen,LibGen.bz,UP,200,858,,
2026-10-02T20:01:19.960700+00:00,LibGen,LibGen.bz,UP,200,678,,
2026-10-02T20:02:20.282636+00:00,LibGen,LibGen.bz,UP,200,1011,,
2026-10-02T20:03:20.404320+00:00,LibGen,LibGen.bz,UP,200,669,,
2026-10-02T20:04:21.038723+00:00,LibGen,LibGen.bz,UP,200,579,,
2026-10-02T20:05:21.371089+00:00,LibGen,LibGen.bz,UP,200,394,,
2026-10-02T20:06:22.193832+00:00,LibGen,LibGen.bz,UP,200,752,,
2026-10-02T20:07:22.270890+00:00,LibGen,LibGen.bz,UP,200,733,,
2026-10-02T20:08:24.236573+00:00,LibGen,LibGen.bz,UP,200,1500,,
2026-10-02T20:09:22.889501+00:00,LibGen,LibGen.bz,UP,200,678,,
2026-10-02T20:10:23.576535+00:00,LibGen,LibGen.bz,UP,200,676,,
2026-10-02T20:11:24.116367+00:00,LibGen,LibGen.bz,UP,200,728,,
2026-10-02T20:12:24.155126+00:00,LibGen,LibGen.bz,UP,200,838,,
2026-10-02T20:13:25.011048+00:00,LibGen,LibGen.bz,UP,200,701,,
2026-10-02T20:14:25.439864+00:00,LibGen,LibGen.bz,UP,200,936,,
2026-10-02T20:15:26.435623+00:00,LibGen,LibGen.bz,UP,200,749,,
2026-10-02T20:16:26.371808+00:00,LibGen,LibGen.bz,UP,200,767,,
2026-10-02T20:17:26.526003+00:00,LibGen,LibGen.bz,UP,200,670,,
2026-10-02T20:18:28.734438+00:00,LibGen,LibGen.bz,UP,200,1590,,
2026-10-02T20:19:31.248013+00:00,LibGen,LibGen.bz,DEGRADED,200,3683,latency_high,
2026-10-02T20:20:30.010975+00:00,LibGen,LibGen.bz,UP,200,666,,
2026-10-02T20:21:31.473119+00:00,LibGen,LibGen.bz,UP,200,656,,
2026-10-02T20:22:30.517767+00:00,LibGen,LibGen.bz,UP,200,840,,
2026-10-02T20:23:31.824158+00:00,LibGen,LibGen.bz,UP,200,814,,
2026-10-02T20:24:32.235255+00:00,LibGen,LibGen.bz,UP,200,1421,,
2026-10-02T20:25:34.874925+00:00,LibGen,LibGen.bz,DEGRADED,200,3303,latency_high,
2026-10-02T20:26:34.424645+00:00,LibGen,LibGen.bz,UP,200,1057,,
2026-10-02T20:27:33.818655+00:00,LibGen,LibGen.bz,UP,200,691,,
2026-10-02T20:28:34.591236+00:00,LibGen,LibGen.bz,UP,200,1162,,
2026-10-02T20:29:34.744104+00:00,LibGen,LibGen.bz,UP,200,917,,
2026-10-02T20:30:35.325689+00:00,LibGen,LibGen.bz,UP,200,769,,
2026-10-02T20:31:39.852799+00:00,LibGen,LibGen.bz,DEGRADED,200,4941,latency_high,
2026-10-02T20:32:36.417001+00:00,LibGen,LibGen.bz,UP,200,858,,
2026-10-02T20:33:36.836713+00:00,LibGen,LibGen.bz,UP,200,1030,,
2026-10-02T20:34:36.653187+00:00,LibGen,LibGen.bz,UP,200,632,,
2026-10-02T20:35:38.218998+00:00,LibGen,LibGen.bz,UP,200,773,,
2026-10-02T20:36:38.107479+00:00,LibGen,LibGen.bz,UP,200,668,,
2026-10-02T20:37:38.387854+00:00,LibGen,LibGen.bz,UP,200,942,,
2026-10-02T20:38:38.675624+00:00,LibGen,LibGen.bz,UP,200,1050,,
2026-10-02T20:39:38.624867+00:00,LibGen,LibGen.bz,UP,200,535,,
2026-10-02T20:40:39.077030+00:00,LibGen,LibGen.bz,UP,200,802,,
2026-10-02T20:41:39.965787+00:00,LibGen,LibGen.bz,UP,200,695,,
2026-10-02T20:42:41.031670+00:00,LibGen,LibGen.bz,UP,200,1289,,
2026-10-02T20:43:40.294420+00:00,LibGen,LibGen.bz,UP,200,532,,
2026-10-02T20:44:40.694240+00:00,LibGen,LibGen.bz,UP,200,823,,
2026-10-02T20:45:41.300650+00:00,LibGen,LibGen.bz,UP,200,756,,
2026-10-02T20:46:42.059215+00:00,LibGen,LibGen.bz,UP,200,719,,
2026-10-02T20:47:42.896168+00:00,LibGen,LibGen.bz,UP,200,944,,
2026-10-02T20:48:42.280985+00:00,LibGen,LibGen.bz,UP,200,234,,
2026-10-02T20:49:43.457987+00:00,LibGen,LibGen.bz,UP,200,644,,
2026-10-02T20:50:43.930485+00:00,LibGen,LibGen.bz,UP,200,733,,
2026-10-02T20:51:44.172749+00:00,LibGen,LibGen.bz,UP,200,493,,
2026-10-02T20:52:44.714113+00:00,LibGen,LibGen.bz,UP,200,225,,
2026-10-02T20:53:45.291301+00:00,LibGen,LibGen.bz,UP,200,799,,
2026-10-02T20:54:45.789258+00:00,LibGen,LibGen.bz,UP,200,601,,
2026-10-02T20:55:46.060096+00:00,LibGen,LibGen.bz,UP,200,657,,
2026-10-02T20:56:45.918250+00:00,LibGen,LibGen.bz,UP,200,638,,
2026-10-02T20:57:47.171879+00:00,LibGen,LibGen.bz,UP,200,760,,
2026-10-02T20:58:50.592889+00:00,LibGen,LibGen.bz,DEGRADED,200,3810,latency_high,
2026-10-02T20:59:47.269264+00:00,LibGen,LibGen.bz,UP,200,753,,
2026-10-02T21:00:48.210584+00:00,LibGen,LibGen.bz,UP,200,885,,
2026-10-02T21:01:48.017928+00:00,LibGen,LibGen.bz,UP,200,219,,
2026-10-02T21:02:48.338327+00:00,LibGen,LibGen.bz,UP,200,709,,
2026-10-02T21:03:48.982811+00:00,LibGen,LibGen.bz,UP,200,895,,
2026-10-02T21:04:49.283425+00:00,LibGen,LibGen.bz,UP,200,617,,
2026-10-02T21:05:49.207437+00:00,LibGen,LibGen.bz,UP,200,652,,
2026-10-02T21:06:49.787192+00:00,LibGen,LibGen.bz,UP,200,688,,
2026-10-02T21:07:50.640912+00:00,LibGen,LibGen.bz,UP,200,988,,
2026-10-02T21:08:50.769259+00:00,LibGen,LibGen.bz,UP,200,1031,,
2026-10-02T21:09:50.669260+00:00,LibGen,LibGen.bz,UP,200,750,,
2026-10-02T21:10:51.949900+00:00,LibGen,LibGen.bz,UP,200,688,,
2026-10-02T21:11:52.296175+00:00,LibGen,LibGen.bz,UP,200,700,,
2026-10-02T21:12:52.755692+00:00,LibGen,LibGen.bz,UP,200,645,,
2026-10-02T21:13:53.271230+00:00,LibGen,LibGen.bz,UP,200,634,,
2026-10-02T21:14:53.516578+00:00,LibGen,LibGen.bz,UP,200,653,,
2026-10-02T21:15:53.686988+00:00,LibGen,LibGen.bz,UP,200,640,,
2026-10-02T21:16:57.800628+00:00,LibGen,LibGen.bz,DEGRADED,200,3666,latency_high,
2026-10-02T21:17:54.994850+00:00,LibGen,LibGen.bz,UP,200,570,,
2026-10-02T21:18:54.739239+00:00,LibGen,LibGen.bz,UP,200,540,,
2026-10-02T21:19:55.848774+00:00,LibGen,LibGen.bz,UP,200,836,,
2026-10-02T21:20:55.904387+00:00,LibGen,LibGen.bz,UP,200,734,,
2026-10-02T21:21:57.450353+00:00,LibGen,LibGen.bz,UP,200,1307,,
2026-10-02T21:22:56.658928+00:00,LibGen,LibGen.bz,UP,200,678,,
2026-10-02T21:23:57.541397+00:00,LibGen,LibGen.bz,UP,200,807,,
2026-10-02T21:24:58.350330+00:00,LibGen,LibGen.bz,UP,200,647,,
2026-10-02T21:25:58.189557+00:00,LibGen,LibGen.bz,UP,200,686,,
2026-10-02T21:27:00.972684+00:00,LibGen,LibGen.bz,DEGRADED,200,3236,latency_high,
2026-10-02T21:27:59.181028+00:00,LibGen,LibGen.bz,UP,200,577,,
2026-10-02T21:28:59.794546+00:00,LibGen,LibGen.bz,UP,200,857,,
2026-10-02T21:30:00.226802+00:00,LibGen,LibGen.bz,UP,200,608,,
2026-10-02T21:31:00.160894+00:00,LibGen,LibGen.bz,UP,200,737,,
2026-10-02T21:32:00.756235+00:00,LibGen,LibGen.bz,UP,200,679,,
2026-10-02T21:33:20.707932+00:00,LibGen,LibGen.bz,TIMEOUT,,,timeout,
2026-10-02T21:34:09.176770+00:00,LibGen,LibGen.bz,DEGRADED,200,8286,latency_high,
2026-10-02T21:35:01.938593+00:00,LibGen,LibGen.bz,UP,200,697,,
2026-10-02T21:36:02.268316+00:00,LibGen,LibGen.bz,UP,200,689,,
2026-10-02T21:37:02.549813+00:00,LibGen,LibGen.bz,UP,200,665,,
2026-10-02T21:38:02.977433+00:00,LibGen,LibGen.bz,UP,200,619,,
2026-10-02T21:39:03.111299+00:00,LibGen,LibGen.bz,UP,200,516,,
2026-10-02T21:40:04.158271+00:00,LibGen,LibGen.bz,UP,200,1048,,
2026-10-02T21:41:04.009611+00:00,LibGen,LibGen.bz,UP,200,505,,
2026-10-02T21:42:04.694155+00:00,LibGen,LibGen.bz,UP,200,601,,
2026-10-02T21:43:05.551139+00:00,LibGen,LibGen.bz,UP,200,662,,
2026-10-02T21:44:05.812477+00:00,LibGen,LibGen.bz,UP,200,725,,
2026-10-02T21:45:06.238559+00:00,LibGen,LibGen.bz,UP,200,722,,
2026-10-02T21:46:06.543191+00:00,LibGen,LibGen.bz,UP,200,531,,
2026-10-02T21:47:07.125601+00:00,LibGen,LibGen.bz,UP,200,948,,
2026-10-02T21:48:07.768568+00:00,LibGen,LibGen.bz,UP,200,672,,
2026-10-02T21:49:07.650481+00:00,LibGen,LibGen.bz,UP,200,671,,
2026-10-02T21:50:08.084063+00:00,LibGen,LibGen.bz,UP,200,472,,
2026-10-02T21:51:07.945904+00:00,LibGen,LibGen.bz,UP,200,597,,
2026-10-02T21:52:08.915149+00:00,LibGen,LibGen.bz,UP,200,575,,
2026-10-02T21:53:08.972805+00:00,LibGen,LibGen.bz,UP,200,681,,
2026-10-02T21:54:11.647605+00:00,LibGen,LibGen.bz,DEGRADED,200,3306,latency_high,
2026-10-02T21:55:09.555873+00:00,LibGen,LibGen.bz,UP,200,683,,
2026-10-02T21:56:10.040572+00:00,LibGen,LibGen.bz,UP,200,501,,
2026-10-02T21:57:11.470116+00:00,LibGen,LibGen.bz,UP,200,1582,,
2026-10-02T21:58:10.318744+00:00,LibGen,LibGen.bz,UP,200,517,,
2026-10-02T21:59:11.803189+00:00,LibGen,LibGen.bz,UP,200,689,,
2026-10-02T22:00:10.305441+00:00,LibGen,LibGen.bz,UP,200,273,,
2026-10-02T22:01:11.828833+00:00,LibGen,LibGen.bz,UP,200,604,,
2026-10-02T22:02:16.743461+00:00,LibGen,LibGen.bz,UP,200,751,,
2026-10-02T22:03:12.276513+00:00,LibGen,LibGen.bz,UP,200,666,,
2026-10-02T22:04:13.918478+00:00,LibGen,LibGen.bz,UP,200,1632,,
2026-10-02T22:05:13.262229+00:00,LibGen,LibGen.bz,UP,200,857,,
2026-10-02T22:06:13.682540+00:00,LibGen,LibGen.bz,UP,200,711,,
2026-10-02T22:07:13.925586+00:00,LibGen,LibGen.bz,UP,200,499,,
2026-10-02T22:08:14.241097+00:00,LibGen,LibGen.bz,UP,200,610,,
2026-10-02T22:09:15.287205+00:00,LibGen,LibGen.bz,UP,200,629,,
2026-10-02T22:10:15.761078+00:00,LibGen,LibGen.bz,UP,200,805,,
2026-10-02T22:11:17.084083+00:00,LibGen,LibGen.bz,UP,200,938,,
2026-10-02T22:12:17.052679+00:00,LibGen,LibGen.bz,UP,200,853,,
2026-10-02T22:13:16.714947+00:00,LibGen,LibGen.bz,UP,200,315,,
2026-10-02T22:14:17.246724+00:00,LibGen,LibGen.bz,UP,200,478,,
2026-10-02T22:15:18.408964+00:00,LibGen,LibGen.bz,UP,200,1512,,
2026-10-02T22:16:18.276638+00:00,LibGen,LibGen.bz,UP,200,521,,
2026-10-02T22:17:18.395917+00:00,LibGen,LibGen.bz,UP,200,482,,
2026-10-02T22:18:18.442179+00:00,LibGen,LibGen.bz,UP,200,212,,
2026-10-02T22:19:20.124628+00:00,LibGen,LibGen.bz,UP,200,503,,
2026-10-02T22:20:20.655074+00:00,LibGen,LibGen.bz,UP,200,665,,
2026-10-02T22:21:20.903415+00:00,LibGen,LibGen.bz,UP,200,602,,
2026-10-02T22:22:20.683574+00:00,LibGen,LibGen.bz,UP,200,644,,
2026-10-02T22:23:21.007253+00:00,LibGen,LibGen.bz,UP,200,654,,
2026-10-02T22:24:21.384377+00:00,LibGen,LibGen.bz,UP,200,468,,
2026-10-02T22:25:21.273076+00:00,LibGen,LibGen.bz,UP,200,663,,
2026-10-02T22:26:21.944046+00:00,LibGen,LibGen.bz,UP,200,664,,
2026-10-02T22:27:22.082840+00:00,LibGen,LibGen.bz,UP,200,519,,
2026-10-02T22:28:22.482999+00:00,LibGen,LibGen.bz,UP,200,652,,
2026-10-02T22:29:23.082996+00:00,LibGen,LibGen.bz,UP,200,621,,
2026-10-02T22:30:23.596456+00:00,LibGen,LibGen.bz,UP,200,844,,
2026-10-02T22:31:24.151217+00:00,LibGen,LibGen.bz,UP,200,828,,
2026-10-02T22:32:25.361408+00:00,LibGen,LibGen.bz,UP,200,759,,
2026-10-02T22:33:25.187943+00:00,LibGen,LibGen.bz,UP,200,524,,
2026-10-02T22:34:26.277405+00:00,LibGen,LibGen.bz,UP,200,593,,
2026-10-02T22:35:25.949580+00:00,LibGen,LibGen.bz,UP,200,786,,
2026-10-02T22:36:26.204703+00:00,LibGen,LibGen.bz,UP,200,740,,
2026-10-02T22:37:26.693118+00:00,LibGen,LibGen.bz,UP,200,227,,
2026-10-02T22:38:26.968555+00:00,LibGen,LibGen.bz,UP,200,669,,
2026-10-02T22:39:26.690586+00:00,LibGen,LibGen.bz,UP,200,246,,
2026-10-02T22:40:27.496622+00:00,LibGen,LibGen.bz,UP,200,668,,
2026-10-02T22:41:28.025669+00:00,LibGen,LibGen.bz,UP,200,544,,
2026-10-02T22:42:28.372390+00:00,LibGen,LibGen.bz,UP,200,597,,
2026-10-02T22:43:29.107599+00:00,LibGen,LibGen.bz,UP,200,607,,
2026-10-02T22:44:29.141251+00:00,LibGen,LibGen.bz,UP,200,594,,
2026-10-02T22:45:30.136522+00:00,LibGen,LibGen.bz,UP,200,525,,
2026-10-02T22:46:31.347005+00:00,LibGen,LibGen.bz,UP,200,920,,
2026-10-02T22:47:31.259125+00:00,LibGen,LibGen.bz,UP,200,517,,
2026-10-02T22:48:31.978223+00:00,LibGen,LibGen.bz,UP,200,699,,
2026-10-02T22:49:32.461817+00:00,LibGen,LibGen.bz,UP,200,518,,
2026-10-02T22:50:32.938629+00:00,LibGen,LibGen.bz,UP,200,709,,
2026-10-02T22:51:33.234929+00:00,LibGen,LibGen.bz,UP,200,746,,
2026-10-02T22:52:33.558396+00:00,LibGen,LibGen.bz,UP,200,697,,
2026-10-02T22:53:33.681386+00:00,LibGen,LibGen.bz,UP,200,593,,
2026-10-02T22:54:33.831944+00:00,LibGen,LibGen.bz,UP,200,490,,
2026-10-02T22:55:34.136792+00:00,LibGen,LibGen.bz,UP,200,668,,
2026-10-02T22:56:33.769109+00:00,LibGen,LibGen.bz,UP,200,202,,
2026-10-02T22:57:34.664983+00:00,LibGen,LibGen.bz,UP,200,571,,
2026-10-02T22:58:34.836767+00:00,LibGen,LibGen.bz,UP,200,504,,
2026-10-02T22:59:35.593503+00:00,LibGen,LibGen.bz,UP,200,705,,
2026-10-02T23:00:36.500673+00:00,LibGen,LibGen.bz,UP,200,897,,
2026-10-02T23:01:37.282835+00:00,LibGen,LibGen.bz,UP,200,1031,,
2026-10-02T23:02:36.976994+00:00,LibGen,LibGen.bz,UP,200,233,,
2026-10-02T23:03:37.906609+00:00,LibGen,LibGen.bz,UP,200,621,,
2026-10-02T23:04:39.096233+00:00,LibGen,LibGen.bz,UP,200,742,,
2026-10-02T23:05:41.095662+00:00,LibGen,LibGen.bz,UP,200,651,,
2026-10-02T23:06:38.919009+00:00,LibGen,LibGen.bz,UP,200,600,,
2026-10-02T23:07:39.555536+00:00,LibGen,LibGen.bz,UP,200,655,,
2026-10-02T23:08:39.948437+00:00,LibGen,LibGen.bz,UP,200,712,,
2026-10-02T23:09:40.106041+00:00,LibGen,LibGen.bz,UP,200,665,,
2026-10-02T23:10:41.130084+00:00,LibGen,LibGen.bz,UP,200,644,,
2026-10-02T23:11:41.026432+00:00,LibGen,LibGen.bz,UP,200,677,,
2026-10-02T23:12:41.577198+00:00,LibGen,LibGen.bz,UP,200,591,,
2026-10-02T23:13:41.766446+00:00,LibGen,LibGen.bz,UP,200,610,,
2026-10-02T23:14:42.441812+00:00,LibGen,LibGen.bz,UP,200,716,,
2026-10-02T23:15:46.096797+00:00,LibGen,LibGen.bz,DEGRADED,200,3797,latency_high,
2026-10-02T23:16:44.199327+00:00,LibGen,LibGen.bz,UP,200,673,,
2026-10-02T23:17:43.833606+00:00,LibGen,LibGen.bz,UP,200,561,,
2026-10-02T23:18:44.796548+00:00,LibGen,LibGen.bz,UP,200,593,,
2026-10-02T23:19:44.665086+00:00,LibGen,LibGen.bz,UP,200,637,,
2026-10-02T23:20:45.073987+00:00,LibGen,LibGen.bz,UP,200,515,,
2026-10-02T23:21:45.276936+00:00,LibGen,LibGen.bz,UP,200,623,,
2026-10-02T23:22:46.052480+00:00,LibGen,LibGen.bz,UP,200,767,,
2026-10-02T23:23:46.874101+00:00,LibGen,LibGen.bz,UP,200,707,,
2026-10-02T23:24:47.007808+00:00,LibGen,LibGen.bz,UP,200,612,,
2026-10-02T23:25:47.068625+00:00,LibGen,LibGen.bz,UP,200,530,,
2026-10-02T23:26:47.783080+00:00,LibGen,LibGen.bz,UP,200,550,,
2026-10-02T23:27:49.070159+00:00,LibGen,LibGen.bz,UP,200,1510,,
2026-10-02T23:28:48.684780+00:00,LibGen,LibGen.bz,UP,200,625,,
2026-10-02T23:29:48.988004+00:00,LibGen,LibGen.bz,UP,200,707,,
2026-10-02T23:30:49.720011+00:00,LibGen,LibGen.bz,UP,200,677,,
2026-10-02T23:31:51.985305+00:00,LibGen,LibGen.bz,UP,200,1597,,
2026-10-02T23:32:49.842062+00:00,LibGen,LibGen.bz,UP,200,507,,
2026-10-02T23:33:59.579501+00:00,LibGen,LibGen.bz,UP,200,654,,
2026-10-02T23:34:50.775679+00:00,LibGen,LibGen.bz,UP,200,625,,
2026-10-02T23:35:50.771528+00:00,LibGen,LibGen.bz,UP,200,689,,
2026-10-02T23:36:52.262063+00:00,LibGen,LibGen.bz,UP,200,582,,
2026-10-02T23:37:52.221467+00:00,LibGen,LibGen.bz,UP,200,861,,
2026-10-02T23:38:52.220107+00:00,LibGen,LibGen.bz,UP,200,642,,
2026-10-02T23:39:52.908868+00:00,LibGen,LibGen.bz,UP,200,721,,
2026-10-02T23:40:53.151288+00:00,LibGen,LibGen.bz,UP,200,616,,
2026-10-02T23:41:53.531678+00:00,LibGen,LibGen.bz,UP,200,594,,
2026-10-02T23:42:54.187946+00:00,LibGen,LibGen.bz,UP,200,582,,
2026-10-02T23:43:55.189805+00:00,LibGen,LibGen.bz,UP,200,1204,,
2026-10-02T23:44:54.894169+00:00,LibGen,LibGen.bz,UP,200,526,,
2026-10-02T23:45:55.620190+00:00,LibGen,LibGen.bz,UP,200,698,,
2026-10-02T23:46:56.135653+00:00,LibGen,LibGen.bz,UP,200,1103,,
2026-10-02T23:47:56.786103+00:00,LibGen,LibGen.bz,UP,200,1022,,
2026-10-02T23:48:57.691150+00:00,LibGen,LibGen.bz,UP,200,1260,,
2026-10-02T23:49:57.588896+00:00,LibGen,LibGen.bz,UP,200,662,,
2026-10-02T23:50:58.017079+00:00,LibGen,LibGen.bz,UP,200,611,,
2026-10-02T23:51:57.735583+00:00,LibGen,LibGen.bz,UP,200,254,,
2026-10-02T23:52:58.722508+00:00,LibGen,LibGen.bz,UP,200,610,,
2026-10-02T23:54:00.391139+00:00,LibGen,LibGen.bz,UP,200,598,,
2026-10-02T23:54:59.561970+00:00,LibGen,LibGen.bz,UP,200,571,,
2026-10-02T23:56:00.641112+00:00,LibGen,LibGen.bz,UP,200,798,,
2026-10-02T23:57:01.094038+00:00,LibGen,LibGen.bz,UP,200,660,,
2026-10-02T23:58:02.044776+00:00,LibGen,LibGen.bz,UP,200,627,,
2026-10-02T23:59:02.017149+00:00,LibGen,LibGen.bz,UP,200,804,,
2026-10-03T00:00:24.547803+00:00,LibGen,LibGen.bz,DOWN,,,connection_refused,
2026-10-03T00:01:02.934238+00:00,LibGen,LibGen.bz,UP,200,855,,
2026-10-03T00:02:03.493879+00:00,LibGen,LibGen.bz,UP,200,755,,
2026-10-03T00:03:03.493650+00:00,LibGen,LibGen.bz,UP,200,220,,
2026-10-03T00:04:04.347148+00:00,LibGen,LibGen.bz,UP,200,714,,
2026-10-03T00:05:05.737603+00:00,LibGen,LibGen.bz,UP,200,879,,
2026-10-03T00:06:06.135430+00:00,LibGen,LibGen.bz,UP,200,740,,
2026-10-03T00:07:06.452980+00:00,LibGen,LibGen.bz,UP,200,757,,
2026-10-03T00:08:06.589568+00:00,LibGen,LibGen.bz,UP,200,648,,
2026-10-03T00:09:09.773958+00:00,LibGen,LibGen.bz,DEGRADED,200,3067,latency_high,
2026-10-03T00:10:07.784040+00:00,LibGen,LibGen.bz,UP,200,791,,
2026-10-03T00:11:10.156386+00:00,LibGen,LibGen.bz,UP,200,1695,,
2026-10-03T00:12:09.226985+00:00,LibGen,LibGen.bz,UP,200,766,,
2026-10-03T00:13:09.503218+00:00,LibGen,LibGen.bz,UP,200,680,,
2026-10-03T00:14:09.717265+00:00,LibGen,LibGen.bz,UP,200,252,,
2026-10-03T00:15:11.677982+00:00,LibGen,LibGen.bz,UP,200,1671,,
2026-10-03T00:16:12.576788+00:00,LibGen,LibGen.bz,UP,200,1237,,
2026-10-03T00:17:11.373970+00:00,LibGen,LibGen.bz,UP,200,607,,
2026-10-03T00:18:12.437593+00:00,LibGen,LibGen.bz,UP,200,761,,
2026-10-03T00:19:13.266725+00:00,LibGen,LibGen.bz,UP,200,703,,
2026-10-03T00:20:14.110671+00:00,LibGen,LibGen.bz,UP,200,1225,,
2026-10-03T00:21:14.659565+00:00,LibGen,LibGen.bz,UP,200,762,,
2026-10-03T00:22:15.345359+00:00,LibGen,LibGen.bz,UP,200,1265,,
2026-10-03T00:23:15.435524+00:00,LibGen,LibGen.bz,UP,200,765,,
2026-10-03T00:24:16.486496+00:00,LibGen,LibGen.bz,UP,200,1434,,
2026-10-03T00:25:16.757489+00:00,LibGen,LibGen.bz,UP,200,1139,,
2026-10-03T00:26:16.977988+00:00,LibGen,LibGen.bz,UP,200,771,,
2026-10-03T00:27:18.342592+00:00,LibGen,LibGen.bz,UP,200,944,,
2026-10-03T00:28:18.464425+00:00,LibGen,LibGen.bz,UP,200,1096,,
2026-10-03T00:29:19.693711+00:00,LibGen,LibGen.bz,UP,200,1618,,
2026-10-03T00:30:19.354574+00:00,LibGen,LibGen.bz,UP,200,754,,
2026-10-03T00:31:19.929164+00:00,LibGen,LibGen.bz,UP,200,708,,
2026-10-03T00:32:20.091576+00:00,LibGen,LibGen.bz,UP,200,684,,
2026-10-03T00:33:21.344269+00:00,LibGen,LibGen.bz,UP,200,608,,
2026-10-03T00:34:21.255587+00:00,LibGen,LibGen.bz,UP,200,663,,
2026-10-03T00:35:41.146750+00:00,LibGen,LibGen.bz,DOWN,,,connection_refused,
2026-10-03T00:36:21.535401+00:00,LibGen,LibGen.bz,UP,200,704,,
2026-10-03T00:37:22.106939+00:00,LibGen,LibGen.bz,UP,200,622,,
2026-10-03T00:38:22.382482+00:00,LibGen,LibGen.bz,UP,200,644,,
2026-10-03T00:39:22.723608+00:00,LibGen,LibGen.bz,UP,200,711,,
2026-10-03T00:40:22.877267+00:00,LibGen,LibGen.bz,UP,200,670,,
2026-10-03T00:41:23.582419+00:00,LibGen,LibGen.bz,UP,200,637,,
2026-10-03T00:42:23.854855+00:00,LibGen,LibGen.bz,UP,200,632,,
2026-10-03T00:43:25.083979+00:00,LibGen,LibGen.bz,UP,200,754,,
2026-10-03T00:44:26.006581+00:00,LibGen,LibGen.bz,UP,200,1642,,
2026-10-03T00:45:25.238537+00:00,LibGen,LibGen.bz,UP,200,618,,
2026-10-03T00:46:25.755520+00:00,LibGen,LibGen.bz,UP,200,725,,
2026-10-03T00:47:26.976413+00:00,LibGen,LibGen.bz,UP,200,1072,,
2026-10-03T00:48:27.647417+00:00,LibGen,LibGen.bz,UP,200,739,,
2026-10-03T00:49:27.633782+00:00,LibGen,LibGen.bz,UP,200,727,,
2026-10-03T00:50:28.420189+00:00,LibGen,LibGen.bz,UP,200,710,,
2026-10-03T00:51:28.724268+00:00,LibGen,LibGen.bz,UP,200,595,,
2026-10-03T00:52:29.114787+00:00,LibGen,LibGen.bz,UP,200,676,,
2026-10-03T00:53:29.390080+00:00,LibGen,LibGen.bz,UP,200,655,,
2026-10-03T00:54:29.585802+00:00,LibGen,LibGen.bz,UP,200,692,,
2026-10-03T00:55:29.916916+00:00,LibGen,LibGen.bz,UP,200,700,,
2026-10-03T00:56:30.739242+00:00,LibGen,LibGen.bz,UP,200,813,,
2026-10-03T00:57:31.357125+00:00,LibGen,LibGen.bz,UP,200,700,,
2026-10-03T00:58:32.394670+00:00,LibGen,LibGen.bz,UP,200,903,,
2026-10-03T00:59:32.211254+00:00,LibGen,LibGen.bz,UP,200,600,,
2026-10-03T01:00:33.703701+00:00,LibGen,LibGen.bz,UP,200,752,,
2026-10-03T01:01:34.299699+00:00,LibGen,LibGen.bz,UP,200,951,,
2026-10-03T01:02:34.847649+00:00,LibGen,LibGen.bz,UP,200,780,,
2026-10-03T01:03:34.561919+00:00,LibGen,LibGen.bz,UP,200,609,,
2026-10-03T01:04:54.917946+00:00,LibGen,LibGen.bz,DOWN,,,connection_refused,
2026-10-03T01:05:35.494701+00:00,LibGen,LibGen.bz,UP,200,722,,
2026-10-03T01:06:36.008755+00:00,LibGen,LibGen.bz,UP,200,736,,
2026-10-03T01:07:37.731192+00:00,LibGen,LibGen.bz,UP,200,1670,,
2026-10-03T01:08:37.747534+00:00,LibGen,LibGen.bz,UP,200,755,,
2026-10-03T01:09:38.154867+00:00,LibGen,LibGen.bz,UP,200,747,,
2026-10-03T01:10:38.753907+00:00,LibGen,LibGen.bz,UP,200,779,,
2026-10-03T01:11:38.591021+00:00,LibGen,LibGen.bz,UP,200,274,,
2026-10-03T01:12:39.863775+00:00,LibGen,LibGen.bz,UP,200,651,,
2026-10-03T01:13:39.971164+00:00,LibGen,LibGen.bz,UP,200,630,,
2026-10-03T01:14:41.065713+00:00,LibGen,LibGen.bz,UP,200,1395,,
2026-10-03T01:15:41.962054+00:00,LibGen,LibGen.bz,UP,200,912,,
2026-10-03T01:16:42.311027+00:00,LibGen,LibGen.bz,UP,200,778,,
2026-10-03T01:17:41.824013+00:00,LibGen,LibGen.bz,UP,200,675,,
2026-10-03T01:18:42.250863+00:00,LibGen,LibGen.bz,UP,200,662,,
2026-10-03T01:19:43.524080+00:00,LibGen,LibGen.bz,UP,200,1021,,
2026-10-03T01:20:43.567218+00:00,LibGen,LibGen.bz,DOWN,500,638,http_error,
2026-10-03T01:21:44.251775+00:00,LibGen,LibGen.bz,DOWN,500,607,http_error,
2026-10-03T01:22:44.507779+00:00,LibGen,LibGen.bz,DOWN,500,635,http_error,
2026-10-03T01:23:44.596636+00:00,LibGen,LibGen.bz,DOWN,,,connection_refused,
2026-10-03T01:24:46.043307+00:00,LibGen,LibGen.bz,UP,200,735,,
2026-10-03T01:25:45.752453+00:00,LibGen,LibGen.bz,UP,200,245,,
2026-10-03T01:26:46.046666+00:00,LibGen,LibGen.bz,UP,200,623,,
2026-10-03T01:27:46.007275+00:00,LibGen,LibGen.bz,DOWN,,,connection_refused,
2026-10-03T01:28:48.126669+00:00,LibGen,LibGen.bz,UP,200,641,,
2026-10-03T01:29:47.613092+00:00,LibGen,LibGen.bz,UP,200,643,,
2026-10-03T01:30:48.545460+00:00,LibGen,LibGen.bz,UP,200,931,,
2026-10-03T01:31:49.074874+00:00,LibGen,LibGen.bz,UP,200,712,,
2026-10-03T01:32:49.883562+00:00,LibGen,LibGen.bz,UP,200,653,,
2026-10-03T01:33:50.974994+00:00,LibGen,LibGen.bz,UP,200,1801,,
2026-10-03T01:34:50.556411+00:00,LibGen,LibGen.bz,UP,200,887,,
2026-10-03T01:35:51.535909+00:00,LibGen,LibGen.bz,UP,200,1200,,
2026-10-03T01:36:50.945608+00:00,LibGen,LibGen.bz,UP,200,646,,
2026-10-03T01:37:51.095890+00:00,LibGen,LibGen.bz,UP,200,626,,
2026-10-03T01:38:52.948096+00:00,LibGen,LibGen.bz,UP,200,643,,
2026-10-03T01:39:52.242110+00:00,LibGen,LibGen.bz,UP,200,728,,
2026-10-03T01:40:52.681383+00:00,LibGen,LibGen.bz,UP,200,681,,
2026-10-03T01:41:52.701155+00:00,LibGen,LibGen.bz,DOWN,500,534,http_error,
2026-10-03T01:42:53.508081+00:00,LibGen,LibGen.bz,UP,200,668,,
2026-10-03T01:43:53.636003+00:00,LibGen,LibGen.bz,UP,200,666,,
2026-10-03T01:44:54.298671+00:00,LibGen,LibGen.bz,UP,200,660,,
2026-10-03T01:45:54.829565+00:00,LibGen,LibGen.bz,UP,200,600,,
2026-10-03T01:46:55.289083+00:00,LibGen,LibGen.bz,UP,200,833,,
2026-10-03T01:47:55.652947+00:00,LibGen,LibGen.bz,UP,200,724,,
2026-10-03T01:48:55.893232+00:00,LibGen,LibGen.bz,UP,200,637,,
2026-10-03T01:49:56.095597+00:00,LibGen,LibGen.bz,UP,200,743,,
2026-10-03T01:51:17.135460+00:00,LibGen,LibGen.bz,DOWN,,,connection_refused,
2026-10-03T01:51:56.973315+00:00,LibGen,LibGen.bz,UP,200,667,,
2026-10-03T01:52:57.995604+00:00,LibGen,LibGen.bz,UP,200,702,,
2026-10-03T01:53:58.020515+00:00,LibGen,LibGen.bz,UP,200,699,,
2026-10-03T01:54:57.949740+00:00,LibGen,LibGen.bz,UP,200,225,,
2026-10-03T01:55:58.877500+00:00,LibGen,LibGen.bz,UP,200,733,,
2026-10-03T01:56:59.993584+00:00,LibGen,LibGen.bz,UP,200,672,,
2026-10-03T01:58:00.688120+00:00,LibGen,LibGen.bz,UP,200,891,,
2026-10-03T01:59:01.134522+00:00,LibGen,LibGen.bz,UP,200,789,,
2026-10-03T02:00:02.724091+00:00,LibGen,LibGen.bz,UP,200,935,,
2026-10-03T02:01:02.688890+00:00,LibGen,LibGen.bz,UP,200,1099,,
2026-10-03T02:02:02.064883+00:00,LibGen,LibGen.bz,UP,200,333,,
2026-10-03T02:03:02.783907+00:00,LibGen,LibGen.bz,UP,200,560,,
2026-10-03T02:04:03.279246+00:00,LibGen,LibGen.bz,UP,200,681,,
2026-10-03T02:05:04.167056+00:00,LibGen,LibGen.bz,UP,200,899,,
2026-10-03T02:06:05.183539+00:00,LibGen,LibGen.bz,UP,200,580,,
2026-10-03T02:07:05.155738+00:00,LibGen,LibGen.bz,UP,200,315,,
2026-10-03T02:08:09.952644+00:00,LibGen,LibGen.bz,DEGRADED,200,4370,latency_high,
2026-10-03T02:09:06.564993+00:00,LibGen,LibGen.bz,UP,200,707,,
2026-10-03T02:10:07.902715+00:00,LibGen,LibGen.bz,UP,200,855,,
2026-10-03T02:11:08.033454+00:00,LibGen,LibGen.bz,UP,200,830,,
2026-10-03T02:12:08.253725+00:00,LibGen,LibGen.bz,UP,200,685,,
2026-10-03T02:13:08.470997+00:00,LibGen,LibGen.bz,UP,200,639,,
2026-10-03T02:14:09.256747+00:00,LibGen,LibGen.bz,UP,200,670,,
2026-10-03T02:15:09.874872+00:00,LibGen,LibGen.bz,UP,200,717,,
2026-10-03T02:16:10.188963+00:00,LibGen,LibGen.bz,UP,200,649,,
2026-10-03T02:17:10.634791+00:00,LibGen,LibGen.bz,UP,200,723,,
2026-10-03T02:18:11.262117+00:00,LibGen,LibGen.bz,UP,200,656,,
2026-10-03T02:19:11.615865+00:00,LibGen,LibGen.bz,UP,200,705,,
2026-10-03T02:20:12.706008+00:00,LibGen,LibGen.bz,UP,200,663,,
2026-10-03T02:21:12.641472+00:00,LibGen,LibGen.bz,UP,200,716,,
2026-10-03T02:22:13.205976+00:00,LibGen,LibGen.bz,UP,200,615,,
2026-10-03T02:23:14.010502+00:00,LibGen,LibGen.bz,UP,200,633,,
2026-10-03T02:24:13.920678+00:00,LibGen,LibGen.bz,UP,200,729,,
2026-10-03T02:25:14.248929+00:00,LibGen,LibGen.bz,UP,200,749,,
2026-10-03T02:26:14.190661+00:00,LibGen,LibGen.bz,DOWN,,,connection_refused,
2026-10-03T02:27:16.046046+00:00,LibGen,LibGen.bz,UP,200,1078,,
2026-10-03T02:28:16.068394+00:00,LibGen,LibGen.bz,UP,200,695,,
2026-10-03T02:29:16.548641+00:00,LibGen,LibGen.bz,UP,200,635,,
2026-10-03T02:30:17.740086+00:00,LibGen,LibGen.bz,UP,200,771,,
2026-10-03T02:31:17.214054+00:00,LibGen,LibGen.bz,DOWN,500,585,http_error,
2026-10-03T02:32:18.063400+00:00,LibGen,LibGen.bz,UP,200,740,,
2026-10-03T02:33:18.680424+00:00,LibGen,LibGen.bz,UP,200,783,,
2026-10-03T02:34:39.535200+00:00,LibGen,LibGen.bz,DOWN,,,connection_refused,
2026-10-03T02:35:20.213915+00:00,LibGen,LibGen.bz,UP,200,676,,
2026-10-03T02:36:20.268301+00:00,LibGen,LibGen.bz,UP,200,679,,
2026-10-03T02:37:20.833587+00:00,LibGen,LibGen.bz,UP,200,978,,
2026-10-03T02:38:21.199983+00:00,LibGen,LibGen.bz,UP,200,698,,
2026-10-03T02:39:21.877800+00:00,LibGen,LibGen.bz,UP,200,686,,
2026-10-03T02:40:22.139717+00:00,LibGen,LibGen.bz,UP,200,870,,
2026-10-03T02:41:22.298544+00:00,LibGen,LibGen.bz,UP,200,959,,
2026-10-03T02:42:22.236931+00:00,LibGen,LibGen.bz,UP,200,605,,
2026-10-03T02:43:23.496776+00:00,LibGen,LibGen.bz,UP,200,762,,
2026-10-03T02:44:23.410305+00:00,LibGen,LibGen.bz,UP,200,605,,
2026-10-03T02:45:23.932525+00:00,LibGen,LibGen.bz,UP,200,780,,
2026-10-03T02:46:24.815515+00:00,LibGen,LibGen.bz,UP,200,1129,,
2026-10-03T02:47:24.896513+00:00,LibGen,LibGen.bz,UP,200,896,,
2026-10-03T02:48:25.653210+00:00,LibGen,LibGen.bz,UP,200,812,,
2026-10-03T02:49:26.316964+00:00,LibGen,LibGen.bz,UP,200,822,,
2026-10-03T02:50:27.359379+00:00,LibGen,LibGen.bz,UP,200,903,,
2026-10-03T02:51:28.188136+00:00,LibGen,LibGen.bz,UP,200,608,,
2026-10-03T02:52:28.085411+00:00,LibGen,LibGen.bz,UP,200,352,,
2026-10-03T02:53:48.864550+00:00,LibGen,LibGen.bz,DOWN,,,connection_refused,
2026-10-03T02:54:29.647948+00:00,LibGen,LibGen.bz,UP,200,640,,
2026-10-03T02:55:50.223249+00:00,LibGen,LibGen.bz,DOWN,,,connection_refused,
2026-10-03T02:56:30.877078+00:00,LibGen,LibGen.bz,UP,200,738,,
2026-10-03T02:57:30.852863+00:00,LibGen,LibGen.bz,UP,200,813,,
2026-10-03T02:58:30.674147+00:00,LibGen,LibGen.bz,UP,200,285,,
2026-10-03T02:59:31.721264+00:00,LibGen,LibGen.bz,UP,200,701,,
2026-10-03T03:00:32.517941+00:00,LibGen,LibGen.bz,UP,200,596,,
2026-10-03T03:01:32.805147+00:00,LibGen,LibGen.bz,UP,200,652,,
2026-10-03T03:02:33.317747+00:00,LibGen,LibGen.bz,UP,200,239,,
2026-10-03T03:03:34.457620+00:00,LibGen,LibGen.bz,UP,200,709,,
2026-10-03T03:04:35.113042+00:00,LibGen,LibGen.bz,UP,200,1132,,
2026-10-03T03:05:35.084034+00:00,LibGen,LibGen.bz,UP,200,798,,
2026-10-03T03:06:38.788599+00:00,LibGen,LibGen.bz,DEGRADED,200,3814,latency_high,
2026-10-03T03:07:36.659592+00:00,LibGen,LibGen.bz,UP,200,633,,
2026-10-03T03:08:36.692729+00:00,LibGen,LibGen.bz,UP,200,682,,
2026-10-03T03:09:57.018870+00:00,LibGen,LibGen.bz,DOWN,,,connection_refused,
2026-10-03T03:10:36.781177+00:00,LibGen,LibGen.bz,UP,200,638,,
2026-10-03T03:11:37.282878+00:00,LibGen,LibGen.bz,UP,200,553,,
2026-10-03T03:12:37.635844+00:00,LibGen,LibGen.bz,UP,200,689,,
2026-10-03T03:13:37.980769+00:00,LibGen,LibGen.bz,UP,200,683,,
2026-10-03T03:14:38.640979+00:00,LibGen,LibGen.bz,UP,200,663,,
2026-10-03T03:15:39.239761+00:00,LibGen,LibGen.bz,UP,200,882,,
2026-10-03T03:16:40.214660+00:00,LibGen,LibGen.bz,UP,200,1061,,
2026-10-03T03:17:39.892552+00:00,LibGen,LibGen.bz,UP,200,570,,
2026-10-03T03:18:40.271103+00:00,LibGen,LibGen.bz,UP,200,229,,
2026-10-03T03:19:40.421207+00:00,LibGen,LibGen.bz,UP,200,571,,
2026-10-03T03:20:41.368883+00:00,LibGen,LibGen.bz,UP,200,664,,
2026-10-03T03:21:40.932453+00:00,LibGen,LibGen.bz,UP,200,670,,
2026-10-03T03:22:41.764757+00:00,LibGen,LibGen.bz,UP,200,1061,,
2026-10-03T03:23:41.416473+00:00,LibGen,LibGen.bz,UP,200,675,,
2026-10-03T03:24:42.188195+00:00,LibGen,LibGen.bz,UP,200,677,,
2026-10-03T03:25:44.090924+00:00,LibGen,LibGen.bz,UP,200,2265,,
2026-10-03T03:26:42.796068+00:00,LibGen,LibGen.bz,UP,200,665,,
2026-10-03T03:27:43.004796+00:00,LibGen,LibGen.bz,UP,200,520,,
2026-10-03T03:28:44.200114+00:00,LibGen,LibGen.bz,UP,200,728,,
2026-10-03T03:29:44.518743+00:00,LibGen,LibGen.bz,UP,200,652,,
2026-10-03T03:30:45.055698+00:00,LibGen,LibGen.bz,UP,200,642,,
2026-10-03T03:31:45.592930+00:00,LibGen,LibGen.bz,UP,200,689,,
2026-10-03T03:32:46.189577+00:00,LibGen,LibGen.bz,UP,200,637,,
2026-10-03T03:33:47.583607+00:00,LibGen,LibGen.bz,UP,200,707,,
2026-10-03T03:34:47.481479+00:00,LibGen,LibGen.bz,UP,200,653,,
2026-10-03T03:35:47.845580+00:00,LibGen,LibGen.bz,UP,200,664,,
2026-10-03T03:36:48.863566+00:00,LibGen,LibGen.bz,UP,200,696,,
2026-10-03T03:37:49.256080+00:00,LibGen,LibGen.bz,UP,200,594,,
2026-10-03T03:38:49.496049+00:00,LibGen,LibGen.bz,UP,200,580,,
2026-10-03T03:39:49.778808+00:00,LibGen,LibGen.bz,UP,200,610,,
2026-10-03T03:40:49.568330+00:00,LibGen,LibGen.bz,UP,200,596,,
2026-10-03T03:41:50.677132+00:00,LibGen,LibGen.bz,UP,200,636,,
2026-10-03T03:42:50.626135+00:00,LibGen,LibGen.bz,UP,200,698,,
2026-10-03T03:43:51.220390+00:00,LibGen,LibGen.bz,UP,200,533,,
2026-10-03T03:44:51.153949+00:00,LibGen,LibGen.bz,UP,200,563,,
2026-10-03T03:45:52.747645+00:00,LibGen,LibGen.bz,UP,200,716,,
2026-10-03T03:46:52.790446+00:00,LibGen,LibGen.bz,UP,200,668,,
2026-10-03T03:47:53.455487+00:00,LibGen,LibGen.bz,UP,200,756,,
2026-10-03T03:48:54.250449+00:00,LibGen,LibGen.bz,UP,200,1656,,
2026-10-03T03:49:54.259113+00:00,LibGen,LibGen.bz,UP,200,720,,
2026-10-03T03:51:14.558602+00:00,LibGen,LibGen.bz,DOWN,,,connection_refused,
2026-10-03T03:51:54.565411+00:00,LibGen,LibGen.bz,UP,200,652,,
2026-10-03T03:52:54.899535+00:00,LibGen,LibGen.bz,UP,200,706,,
2026-10-03T03:54:04.820658+00:00,LibGen,LibGen.bz,DEGRADED,200,10216,latency_high,
2026-10-03T03:54:56.417554+00:00,LibGen,LibGen.bz,UP,200,687,,
2026-10-03T03:55:56.687588+00:00,LibGen,LibGen.bz,UP,200,679,,
2026-10-03T03:56:57.692760+00:00,LibGen,LibGen.bz,UP,200,742,,
2026-10-03T03:57:57.013848+00:00,LibGen,LibGen.bz,UP,200,635,,
2026-10-03T03:58:57.830754+00:00,LibGen,LibGen.bz,UP,200,655,,
2026-10-03T03:59:58.562488+00:00,LibGen,LibGen.bz,UP,200,716,,
2026-10-03T04:00:58.671470+00:00,LibGen,LibGen.bz,UP,200,710,,
2026-10-03T04:01:59.098976+00:00,LibGen,LibGen.bz,UP,200,606,,
2026-10-03T04:02:59.797443+00:00,LibGen,LibGen.bz,UP,200,794,,
2026-10-03T04:04:00.519727+00:00,LibGen,LibGen.bz,UP,200,714,,
2026-10-03T04:05:00.411907+00:00,LibGen,LibGen.bz,DOWN,,,connection_refused,
2026-10-03T04:06:01.424537+00:00,LibGen,LibGen.bz,UP,200,948,,
2026-10-03T04:07:02.049991+00:00,LibGen,LibGen.bz,UP,200,1431,,
2026-10-03T04:08:03.233675+00:00,LibGen,LibGen.bz,UP,200,1631,,
2026-10-03T04:09:03.606895+00:00,LibGen,LibGen.bz,UP,200,855,,
2026-10-03T04:10:05.013149+00:00,LibGen,LibGen.bz,UP,200,854,,
2026-10-03T04:11:04.235024+00:00,LibGen,LibGen.bz,UP,200,653,,
2026-10-03T04:12:05.286779+00:00,LibGen,LibGen.bz,UP,200,640,,
2026-10-03T04:13:05.104503+00:00,LibGen,LibGen.bz,UP,200,217,,
2026-10-03T04:14:05.546099+00:00,LibGen,LibGen.bz,UP,200,686,,
2026-10-03T04:15:06.423685+00:00,LibGen,LibGen.bz,UP,200,751,,
2026-10-03T04:16:07.401074+00:00,LibGen,LibGen.bz,UP,200,1047,,
2026-10-03T04:17:08.297658+00:00,LibGen,LibGen.bz,UP,200,667,,
2026-10-03T04:18:08.220934+00:00,LibGen,LibGen.bz,UP,200,655,,
2026-10-03T04:19:08.943941+00:00,LibGen,LibGen.bz,UP,200,765,,
2026-10-03T04:20:13.758624+00:00,LibGen,LibGen.bz,DEGRADED,200,4836,latency_high,
2026-10-03T04:21:10.060372+00:00,LibGen,LibGen.bz,UP,200,818,,
2026-10-03T04:22:10.408249+00:00,LibGen,LibGen.bz,UP,200,650,,
2026-10-03T04:23:10.709616+00:00,LibGen,LibGen.bz,UP,200,633,,
2026-10-03T04:24:11.113780+00:00,LibGen,LibGen.bz,UP,200,696,,
2026-10-03T04:25:11.385777+00:00,LibGen,LibGen.bz,UP,200,586,,
2026-10-03T04:26:12.269263+00:00,LibGen,LibGen.bz,UP,200,682,,
2026-10-03T04:27:12.129256+00:00,LibGen,LibGen.bz,DOWN,500,187,http_error,
2026-10-03T04:28:16.976824+00:00,LibGen,LibGen.bz,DEGRADED,200,4236,latency_high,
2026-10-03T04:29:14.183499+00:00,LibGen,LibGen.bz,UP,200,1024,,
2026-10-03T04:30:14.236228+00:00,LibGen,LibGen.bz,UP,200,769,,
2026-10-03T04:31:15.107223+00:00,LibGen,LibGen.bz,UP,200,805,,
2026-10-03T04:32:17.343529+00:00,LibGen,LibGen.bz,UP,200,1443,,
2026-10-03T04:33:16.290532+00:00,LibGen,LibGen.bz,UP,200,769,,
2026-10-03T04:34:17.039731+00:00,LibGen,LibGen.bz,UP,200,748,,
2026-10-03T04:35:16.923708+00:00,LibGen,LibGen.bz,UP,200,814,,
2026-10-03T04:36:17.487616+00:00,LibGen,LibGen.bz,UP,200,757,,
2026-10-03T04:37:22.591082+00:00,LibGen,LibGen.bz,UP,200,1047,,
2026-10-03T04:38:17.786036+00:00,LibGen,LibGen.bz,UP,200,700,,
2026-10-03T04:39:19.415545+00:00,LibGen,LibGen.bz,UP,200,1629,,
2026-10-03T04:40:19.022994+00:00,LibGen,LibGen.bz,UP,200,894,,
2026-10-03T04:41:19.221660+00:00,LibGen,LibGen.bz,UP,200,740,,
2026-10-03T04:42:19.891355+00:00,LibGen,LibGen.bz,UP,200,659,,
2026-10-03T04:43:23.210182+00:00,LibGen,LibGen.bz,DEGRADED,200,3880,latency_high,
2026-10-03T04:44:20.093489+00:00,LibGen,LibGen.bz,UP,200,763,,
2026-10-03T04:45:21.153738+00:00,LibGen,LibGen.bz,UP,200,712,,
2026-10-03T04:46:22.513505+00:00,LibGen,LibGen.bz,UP,200,876,,
2026-10-03T04:47:22.238237+00:00,LibGen,LibGen.bz,UP,200,892,,
2026-10-03T04:48:42.783991+00:00,LibGen,LibGen.bz,DOWN,,,connection_refused,
2026-10-03T04:49:22.980957+00:00,LibGen,LibGen.bz,UP,200,734,,
2026-10-03T04:50:23.459501+00:00,LibGen,LibGen.bz,UP,200,875,,
2026-10-03T04:51:25.047087+00:00,LibGen,LibGen.bz,UP,200,679,,
2026-10-03T04:52:24.399107+00:00,LibGen,LibGen.bz,UP,200,989,,
2026-10-03T04:53:24.724127+00:00,LibGen,LibGen.bz,UP,200,642,,
2026-10-03T04:54:25.559487+00:00,LibGen,LibGen.bz,UP,200,808,,
2026-10-03T04:55:25.719578+00:00,LibGen,LibGen.bz,UP,200,649,,
2026-10-03T04:56:25.220833+00:00,LibGen,LibGen.bz,UP,200,294,,
2026-10-03T04:57:25.194839+00:00,LibGen,LibGen.bz,DOWN,,,connection_refused,
2026-10-03T04:58:27.054573+00:00,LibGen,LibGen.bz,UP,200,726,,
2026-10-03T04:59:27.210692+00:00,LibGen,LibGen.bz,UP,200,600,,
2026-10-03T05:00:28.248987+00:00,LibGen,LibGen.bz,UP,200,880,,
2026-10-03T05:01:28.170975+00:00,LibGen,LibGen.bz,UP,200,343,,
2026-10-03T05:02:29.400069+00:00,LibGen,LibGen.bz,UP,200,748,,
2026-10-03T05:03:29.390025+00:00,LibGen,LibGen.bz,UP,200,298,,
2026-10-03T05:04:30.579384+00:00,LibGen,LibGen.bz,UP,200,767,,
2026-10-03T05:05:31.521253+00:00,LibGen,LibGen.bz,UP,200,749,,
2026-10-03T05:06:31.672178+00:00,LibGen,LibGen.bz,UP,200,635,,
2026-10-03T05:07:32.498469+00:00,LibGen,LibGen.bz,UP,200,759,,
2026-10-03T05:08:33.086328+00:00,LibGen,LibGen.bz,UP,200,692,,
2026-10-03T05:09:33.501440+00:00,LibGen,LibGen.bz,UP,200,907,,
2026-10-03T05:10:34.177048+00:00,LibGen,LibGen.bz,UP,200,751,,
2026-10-03T05:11:35.221329+00:00,LibGen,LibGen.bz,UP,200,691,,
2026-10-03T05:12:34.681392+00:00,LibGen,LibGen.bz,UP,200,617,,
2026-10-03T05:13:35.044562+00:00,LibGen,LibGen.bz,UP,200,692,,
2026-10-03T05:14:35.608347+00:00,LibGen,LibGen.bz,UP,200,686,,
2026-10-03T05:15:36.387488+00:00,LibGen,LibGen.bz,UP,200,682,,
2026-10-03T05:16:37.839046+00:00,LibGen,LibGen.bz,UP,200,682,,
2026-10-03T05:17:36.897675+00:00,LibGen,LibGen.bz,UP,200,438,,
2026-10-03T05:18:38.988204+00:00,LibGen,LibGen.bz,UP,200,740,,
2026-10-03T05:19:38.843959+00:00,LibGen,LibGen.bz,UP,200,796,,
2026-10-03T05:20:39.621178+00:00,LibGen,LibGen.bz,UP,200,957,,
2026-10-03T05:21:43.181668+00:00,LibGen,LibGen.bz,DEGRADED,200,3844,latency_high,
2026-10-03T05:22:39.833908+00:00,LibGen,LibGen.bz,UP,200,621,,
2026-10-03T05:23:40.989051+00:00,LibGen,LibGen.bz,UP,200,623,,
2026-10-03T05:24:41.121676+00:00,LibGen,LibGen.bz,UP,200,664,,
2026-10-03T05:25:41.614470+00:00,LibGen,LibGen.bz,UP,200,813,,
2026-10-03T05:26:42.177057+00:00,LibGen,LibGen.bz,UP,200,669,,
2026-10-03T05:27:42.350759+00:00,LibGen,LibGen.bz,UP,200,727,,
2026-10-03T05:28:42.956371+00:00,LibGen,LibGen.bz,UP,200,951,,
2026-10-03T05:29:43.712748+00:00,LibGen,LibGen.bz,UP,200,740,,
2026-10-03T05:30:44.033004+00:00,LibGen,LibGen.bz,UP,200,730,,
2026-10-03T05:31:44.862517+00:00,LibGen,LibGen.bz,UP,200,820,,
2026-10-03T05:32:45.327329+00:00,LibGen,LibGen.bz,UP,200,679,,
2026-10-03T05:33:46.355468+00:00,LibGen,LibGen.bz,UP,200,608,,
2026-10-03T05:34:46.501539+00:00,LibGen,LibGen.bz,UP,200,795,,
2026-10-03T05:35:50.039633+00:00,LibGen,LibGen.bz,DEGRADED,200,3782,latency_high,
2026-10-03T05:36:47.766262+00:00,LibGen,LibGen.bz,UP,200,723,,
2026-10-03T05:37:48.308785+00:00,LibGen,LibGen.bz,UP,200,1020,,
2026-10-03T05:38:48.466144+00:00,LibGen,LibGen.bz,UP,200,739,,
2026-10-03T05:39:48.855673+00:00,LibGen,LibGen.bz,UP,200,668,,
2026-10-03T05:40:50.225530+00:00,LibGen,LibGen.bz,UP,200,860,,
2026-10-03T05:41:50.379969+00:00,LibGen,LibGen.bz,UP,200,614,,
2026-10-03T05:42:50.756077+00:00,LibGen,LibGen.bz,UP,200,709,,
2026-10-03T05:43:50.875033+00:00,LibGen,LibGen.bz,UP,200,595,,
2026-10-03T05:44:51.198865+00:00,LibGen,LibGen.bz,UP,200,565,,
2026-10-03T05:45:52.470134+00:00,LibGen,LibGen.bz,UP,200,1002,,
2026-10-03T05:46:52.813501+00:00,LibGen,LibGen.bz,UP,200,717,,
2026-10-03T05:47:52.643492+00:00,LibGen,LibGen.bz,UP,200,387,,
2026-10-03T05:48:54.307554+00:00,LibGen,LibGen.bz,UP,200,666,,
2026-10-03T05:49:54.331557+00:00,LibGen,LibGen.bz,UP,200,849,,
2026-10-03T05:50:54.514629+00:00,LibGen,LibGen.bz,UP,200,794,,
2026-10-03T05:51:55.129831+00:00,LibGen,LibGen.bz,UP,200,670,,
2026-10-03T05:52:57.053724+00:00,LibGen,LibGen.bz,UP,200,1750,,
2026-10-03T05:53:57.077745+00:00,LibGen,LibGen.bz,UP,200,1057,,
2026-10-03T05:54:56.812576+00:00,LibGen,LibGen.bz,UP,200,880,,
2026-10-03T05:55:58.619695+00:00,LibGen,LibGen.bz,UP,200,1251,,
2026-10-03T05:56:57.590931+00:00,LibGen,LibGen.bz,UP,200,635,,
2026-10-03T05:57:58.327526+00:00,LibGen,LibGen.bz,UP,200,716,,
2026-10-03T05:58:58.456865+00:00,LibGen,LibGen.bz,UP,200,731,,
2026-10-03T05:59:58.394637+00:00,LibGen,LibGen.bz,DOWN,,,connection_refused,
2026-10-03T06:00:59.877189+00:00,LibGen,LibGen.bz,UP,200,761,,
2026-10-03T06:02:01.013680+00:00,LibGen,LibGen.bz,UP,200,945,,
2026-10-03T06:03:01.225005+00:00,LibGen,LibGen.bz,UP,200,627,,
2026-10-03T06:04:04.494770+00:00,LibGen,LibGen.bz,DEGRADED,200,3092,latency_high,
2026-10-03T06:05:03.190574+00:00,LibGen,LibGen.bz,UP,200,1151,,
2026-10-03T06:06:04.285984+00:00,LibGen,LibGen.bz,UP,200,1107,,
2026-10-03T06:07:03.727185+00:00,LibGen,LibGen.bz,UP,200,849,,
2026-10-03T06:08:05.074333+00:00,LibGen,LibGen.bz,UP,200,1209,,
2026-10-03T06:09:05.005671+00:00,LibGen,LibGen.bz,UP,200,664,,
2026-10-03T06:10:26.075864+00:00,LibGen,LibGen.bz,DOWN,,,connection_refused,
2026-10-03T06:11:07.024042+00:00,LibGen,LibGen.bz,UP,200,790,,
2026-10-03T06:12:07.626508+00:00,LibGen,LibGen.bz,UP,200,816,,
2026-10-03T06:13:07.498527+00:00,LibGen,LibGen.bz,UP,200,679,,
2026-10-03T06:14:07.912521+00:00,LibGen,LibGen.bz,UP,200,675,,
2026-10-03T06:15:07.648540+00:00,LibGen,LibGen.bz,UP,200,256,,
2026-10-03T06:16:10.122587+00:00,LibGen,LibGen.bz,UP,200,1758,,
2026-10-03T06:17:09.784960+00:00,LibGen,LibGen.bz,UP,200,767,,
2026-10-03T06:18:11.402736+00:00,LibGen,LibGen.bz,UP,200,668,,
2026-10-03T06:19:10.879513+00:00,LibGen,LibGen.bz,UP,200,713,,
2026-10-03T06:20:11.813421+00:00,LibGen,LibGen.bz,UP,200,851,,
2026-10-03T06:21:12.664935+00:00,LibGen,LibGen.bz,UP,200,731,,
2026-10-03T06:22:13.825138+00:00,LibGen,LibGen.bz,UP,200,1145,,
2026-10-03T06:23:13.485671+00:00,LibGen,LibGen.bz,UP,200,970,,
2026-10-03T06:24:14.424461+00:00,LibGen,LibGen.bz,UP,200,739,,
2026-10-03T06:25:14.662173+00:00,LibGen,LibGen.bz,UP,200,815,,
2026-10-03T06:26:15.977556+00:00,LibGen,LibGen.bz,UP,200,881,,
2026-10-03T06:27:16.417317+00:00,LibGen,LibGen.bz,UP,200,1535,,
2026-10-03T06:28:16.476753+00:00,LibGen,LibGen.bz,UP,200,781,,
2026-10-03T06:29:18.102209+00:00,LibGen,LibGen.bz,UP,200,780,,
2026-10-03T06:30:19.181084+00:00,LibGen,LibGen.bz,UP,200,1030,,
2026-10-03T06:31:18.362561+00:00,LibGen,LibGen.bz,UP,200,716,,
2026-10-03T06:32:19.140378+00:00,LibGen,LibGen.bz,UP,200,726,,
2026-10-03T06:33:24.282543+00:00,LibGen,LibGen.bz,DEGRADED,200,4184,latency_high,
2026-10-03T06:34:20.209540+00:00,LibGen,LibGen.bz,UP,200,717,,
2026-10-03T06:35:20.755738+00:00,LibGen,LibGen.bz,UP,200,805,,
2026-10-03T06:36:21.050860+00:00,LibGen,LibGen.bz,UP,200,704,,
2026-10-03T06:37:22.288853+00:00,LibGen,LibGen.bz,UP,200,1202,,
2026-10-03T06:38:22.312525+00:00,LibGen,LibGen.bz,UP,200,807,,
2026-10-03T06:39:22.392544+00:00,LibGen,LibGen.bz,UP,200,873,,
2026-10-03T06:40:21.843916+00:00,LibGen,LibGen.bz,UP,200,287,,
2026-10-03T06:41:22.459062+00:00,LibGen,LibGen.bz,UP,200,856,,
2026-10-03T06:42:23.555526+00:00,LibGen,LibGen.bz,UP,200,847,,
2026-10-03T06:43:23.189467+00:00,LibGen,LibGen.bz,UP,200,915,,
2026-10-03T06:44:23.150467+00:00,LibGen,LibGen.bz,UP,200,630,,
2026-10-03T06:45:23.698717+00:00,LibGen,LibGen.bz,UP,200,592,,
2026-10-03T06:46:24.291369+00:00,LibGen,LibGen.bz,UP,200,715,,
2026-10-03T06:47:24.946528+00:00,LibGen,LibGen.bz,UP,200,908,,
2026-10-03T06:48:24.827604+00:00,LibGen,LibGen.bz,UP,200,634,,
2026-10-03T06:49:26.215752+00:00,LibGen,LibGen.bz,UP,200,729,,
2026-10-03T06:50:27.723454+00:00,LibGen,LibGen.bz,UP,200,1655,,
2026-10-03T06:51:27.967921+00:00,LibGen,LibGen.bz,UP,200,599,,
2026-10-03T06:52:28.599721+00:00,LibGen,LibGen.bz,UP,200,709,,
2026-10-03T06:53:30.276797+00:00,LibGen,LibGen.bz,UP,200,1726,,
2026-10-03T06:54:29.234556+00:00,LibGen,LibGen.bz,UP,200,690,,
2026-10-03T06:55:29.432976+00:00,LibGen,LibGen.bz,UP,200,688,,
2026-10-03T06:56:29.292698+00:00,LibGen,LibGen.bz,UP,200,665,,
2026-10-03T06:57:30.090683+00:00,LibGen,LibGen.bz,UP,200,627,,
2026-10-03T06:58:31.514097+00:00,LibGen,LibGen.bz,UP,200,843,,
2026-10-03T06:59:31.319166+00:00,LibGen,LibGen.bz,UP,200,696,,
2026-10-03T07:00:31.446141+00:00,LibGen,LibGen.bz,UP,200,807,,
2026-10-03T07:01:32.261777+00:00,LibGen,LibGen.bz,UP,200,654,,
2026-10-03T07:02:31.930513+00:00,LibGen,LibGen.bz,UP,200,645,,
2026-10-03T07:03:32.901027+00:00,LibGen,LibGen.bz,UP,200,731,,
2026-10-03T07:04:33.575237+00:00,LibGen,LibGen.bz,UP,200,544,,
2026-10-03T07:05:35.117471+00:00,LibGen,LibGen.bz,UP,200,1039,,
2026-10-03T07:06:35.220094+00:00,LibGen,LibGen.bz,UP,200,785,,
2026-10-03T07:07:36.076070+00:00,LibGen,LibGen.bz,UP,200,699,,
2026-10-03T07:08:36.045002+00:00,LibGen,LibGen.bz,UP,200,608,,
2026-10-03T07:09:36.052167+00:00,LibGen,LibGen.bz,UP,200,607,,
2026-10-03T07:10:37.118213+00:00,LibGen,LibGen.bz,UP,200,750,,
2026-10-03T07:11:37.482587+00:00,LibGen,LibGen.bz,UP,200,657,,
2026-10-03T07:12:37.428670+00:00,LibGen,LibGen.bz,UP,200,615,,
2026-10-03T07:13:38.490963+00:00,LibGen,LibGen.bz,UP,200,760,,
2026-10-03T07:14:38.915857+00:00,LibGen,LibGen.bz,UP,200,706,,
2026-10-03T07:15:39.492979+00:00,LibGen,LibGen.bz,UP,200,767,,
2026-10-03T07:16:40.775544+00:00,LibGen,LibGen.bz,UP,200,700,,
2026-10-03T07:17:41.669077+00:00,LibGen,LibGen.bz,UP,200,633,,
2026-10-03T07:18:43.128884+00:00,LibGen,LibGen.bz,UP,200,709,,
2026-10-03T07:19:46.777095+00:00,LibGen,LibGen.bz,UP,200,644,,
2026-10-03T07:20:44.142344+00:00,LibGen,LibGen.bz,UP,200,676,,
2026-10-03T07:21:44.645744+00:00,LibGen,LibGen.bz,UP,200,1025,,
2026-10-03T07:22:45.442242+00:00,LibGen,LibGen.bz,UP,200,996,,
2026-10-03T07:23:46.596766+00:00,LibGen,LibGen.bz,UP,200,663,,
2026-10-03T07:24:46.133962+00:00,LibGen,LibGen.bz,UP,200,686,,
2026-10-03T07:25:46.991950+00:00,LibGen,LibGen.bz,UP,200,695,,
2026-10-03T07:26:47.459994+00:00,LibGen,LibGen.bz,UP,200,604,,
2026-10-03T07:27:48.409885+00:00,LibGen,LibGen.bz,UP,200,632,,
2026-10-03T07:28:49.300640+00:00,LibGen,LibGen.bz,UP,200,637,,
2026-10-03T07:29:50.266146+00:00,LibGen,LibGen.bz,UP,200,708,,
2026-10-03T07:30:51.612346+00:00,LibGen,LibGen.bz,UP,200,694,,
2026-10-03T07:31:52.079544+00:00,LibGen,LibGen.bz,UP,200,640,,
2026-10-03T07:32:52.956846+00:00,LibGen,LibGen.bz,UP,200,639,,
2026-10-03T07:34:12.343394+00:00,LibGen,LibGen.bz,TIMEOUT,,,timeout,
2026-10-03T07:34:53.909323+00:00,LibGen,LibGen.bz,UP,200,979,,
2026-10-03T07:35:54.538865+00:00,LibGen,LibGen.bz,UP,200,679,,
2026-10-03T07:36:55.522007+00:00,LibGen,LibGen.bz,UP,200,698,,
2026-10-03T07:37:55.560608+00:00,LibGen,LibGen.bz,UP,200,681,,
2026-10-03T07:38:56.576328+00:00,LibGen,LibGen.bz,UP,200,817,,
2026-10-03T07:39:57.537024+00:00,LibGen,LibGen.bz,UP,200,843,,
2026-10-03T07:40:59.784570+00:00,LibGen,LibGen.bz,UP,200,628,,
2026-10-03T07:41:58.410715+00:00,LibGen,LibGen.bz,UP,200,653,,
2026-10-03T07:43:00.724228+00:00,LibGen,LibGen.bz,UP,200,705,,
2026-10-03T07:43:58.972060+00:00,LibGen,LibGen.bz,UP,200,253,,
2026-10-03T07:45:00.480185+00:00,LibGen,LibGen.bz,UP,200,856,,
2026-10-03T07:46:00.259762+00:00,LibGen,LibGen.bz,UP,200,536,,
2026-10-03T07:47:00.369831+00:00,LibGen,LibGen.bz,UP,200,706,,
2026-10-03T07:48:01.013368+00:00,LibGen,LibGen.bz,UP,200,910,,
2026-10-03T07:49:01.124797+00:00,LibGen,LibGen.bz,UP,200,817,,
2026-10-03T07:50:01.443030+00:00,LibGen,LibGen.bz,UP,200,847,,
2026-10-03T07:51:02.621905+00:00,LibGen,LibGen.bz,UP,200,2083,,
2026-10-03T07:52:02.661035+00:00,LibGen,LibGen.bz,UP,200,785,,
2026-10-03T07:53:02.215173+00:00,LibGen,LibGen.bz,UP,200,732,,
2026-10-03T07:54:02.840699+00:00,LibGen,LibGen.bz,UP,200,837,,
2026-10-03T07:55:03.624642+00:00,LibGen,LibGen.bz,UP,200,1231,,
2026-10-03T07:56:23.394809+00:00,LibGen,LibGen.bz,DOWN,,,connection_refused,
2026-10-03T07:57:04.390267+00:00,LibGen,LibGen.bz,UP,200,694,,
2026-10-03T07:58:04.822508+00:00,LibGen,LibGen.bz,UP,200,626,,
2026-10-03T07:59:06.151190+00:00,LibGen,LibGen.bz,UP,200,638,,
2026-10-03T08:00:09.478735+00:00,LibGen,LibGen.bz,DEGRADED,200,3912,latency_high,
2026-10-03T08:01:07.279391+00:00,LibGen,LibGen.bz,UP,200,725,,
2026-10-03T08:02:07.029170+00:00,LibGen,LibGen.bz,UP,200,855,,
2026-10-03T08:03:07.996676+00:00,LibGen,LibGen.bz,UP,200,1678,,
2026-10-03T08:04:07.306991+00:00,LibGen,LibGen.bz,UP,200,594,,
2026-10-03T08:05:06.999456+00:00,LibGen,LibGen.bz,UP,200,295,,
2026-10-03T08:06:08.449033+00:00,LibGen,LibGen.bz,UP,200,777,,
2026-10-03T08:07:10.046466+00:00,LibGen,LibGen.bz,UP,200,1044,,
2026-10-03T08:08:10.313962+00:00,LibGen,LibGen.bz,UP,200,731,,
2026-10-03T08:09:11.169274+00:00,LibGen,LibGen.bz,UP,200,664,,
2026-10-03T08:10:12.794538+00:00,LibGen,LibGen.bz,UP,200,968,,
2026-10-03T08:11:12.628347+00:00,LibGen,LibGen.bz,UP,200,701,,
2026-10-03T08:12:13.642317+00:00,LibGen,LibGen.bz,UP,200,1016,,
2026-10-03T08:13:13.399534+00:00,LibGen,LibGen.bz,UP,200,817,,
2026-10-03T08:14:34.218703+00:00,LibGen,LibGen.bz,DOWN,,,connection_refused,
2026-10-03T08:15:13.939418+00:00,LibGen,LibGen.bz,UP,200,795,,
2026-10-03T08:16:14.926591+00:00,LibGen,LibGen.bz,UP,200,796,,
2026-10-03T08:17:17.133438+00:00,LibGen,LibGen.bz,UP,200,2379,,
2026-10-03T08:18:17.038467+00:00,LibGen,LibGen.bz,UP,200,743,,
2026-10-03T08:19:16.016506+00:00,LibGen,LibGen.bz,UP,200,656,,
2026-10-03T08:20:16.016761+00:00,LibGen,LibGen.bz,UP,200,696,,
2026-10-03T08:21:17.854048+00:00,LibGen,LibGen.bz,UP,200,979,,
2026-10-03T08:22:17.045764+00:00,LibGen,LibGen.bz,UP,200,717,,
2026-10-03T08:23:17.736122+00:00,LibGen,LibGen.bz,UP,200,649,,
2026-10-03T08:24:17.728674+00:00,LibGen,LibGen.bz,UP,200,749,,
2026-10-03T08:25:19.665190+00:00,LibGen,LibGen.bz,UP,200,1669,,
2026-10-03T08:26:41.203115+00:00,LibGen,LibGen.bz,DOWN,,,connection_refused,
2026-10-03T08:27:19.856748+00:00,LibGen,LibGen.bz,UP,200,613,,
2026-10-03T08:28:19.793741+00:00,LibGen,LibGen.bz,DOWN,,,connection_refused,
2026-10-03T08:29:22.712518+00:00,LibGen,LibGen.bz,UP,200,1700,,
2026-10-03T08:30:20.953540+00:00,LibGen,LibGen.bz,UP,200,674,,
2026-10-03T08:31:22.059005+00:00,LibGen,LibGen.bz,UP,200,710,,
2026-10-03T08:32:22.454887+00:00,LibGen,LibGen.bz,UP,200,1131,,
2026-10-03T08:33:23.667631+00:00,LibGen,LibGen.bz,UP,200,1323,,
2026-10-03T08:34:22.062020+00:00,LibGen,LibGen.bz,UP,200,709,,
2026-10-03T08:35:43.477901+00:00,LibGen,LibGen.bz,DOWN,,,connection_refused,
2026-10-03T08:36:24.396904+00:00,LibGen,LibGen.bz,UP,200,622,,
2026-10-03T08:37:24.563757+00:00,LibGen,LibGen.bz,UP,200,315,,
2026-10-03T08:38:28.591786+00:00,LibGen,LibGen.bz,DEGRADED,200,3773,latency_high,
2026-10-03T08:39:25.742061+00:00,LibGen,LibGen.bz,UP,200,573,,
2026-10-03T08:40:27.442506+00:00,LibGen,LibGen.bz,UP,200,701,,
2026-10-03T08:41:27.703884+00:00,LibGen,LibGen.bz,UP,200,1567,,
2026-10-03T08:42:29.171596+00:00,LibGen,LibGen.bz,UP,200,1615,,
2026-10-03T08:43:28.475189+00:00,LibGen,LibGen.bz,UP,200,744,,
2026-10-03T08:44:28.898054+00:00,LibGen,LibGen.bz,UP,200,693,,
2026-10-03T08:45:29.076637+00:00,LibGen,LibGen.bz,UP,200,982,,
2026-10-03T08:46:29.394441+00:00,LibGen,LibGen.bz,UP,200,714,,
2026-10-03T08:47:29.599053+00:00,LibGen,LibGen.bz,UP,200,692,,
2026-10-03T08:48:30.305086+00:00,LibGen,LibGen.bz,UP,200,647,,
2026-10-03T08:49:30.540652+00:00,LibGen,LibGen.bz,UP,200,1242,,
2026-10-03T08:50:31.424209+00:00,LibGen,LibGen.bz,UP,200,845,,
2026-10-03T08:51:31.937657+00:00,LibGen,LibGen.bz,UP,200,775,,
2026-10-03T08:52:31.705195+00:00,LibGen,LibGen.bz,UP,200,632,,
2026-10-03T08:53:32.799843+00:00,LibGen,LibGen.bz,UP,200,775,,
2026-10-03T08:54:33.699939+00:00,LibGen,LibGen.bz,UP,200,708,,
2026-10-03T08:55:33.557083+00:00,LibGen,LibGen.bz,UP,200,561,,
2026-10-03T08:56:33.902866+00:00,LibGen,LibGen.bz,UP,200,736,,
2026-10-03T08:57:34.609164+00:00,LibGen,LibGen.bz,UP,200,666,,
2026-10-03T08:58:35.036849+00:00,LibGen,LibGen.bz,UP,200,628,,
2026-10-03T08:59:35.079750+00:00,LibGen,LibGen.bz,UP,200,653,,
2026-10-03T09:00:36.125133+00:00,LibGen,LibGen.bz,UP,200,681,,
2026-10-03T09:01:34.924403+00:00,LibGen,LibGen.bz,UP,200,210,,
2026-10-03T09:02:38.180949+00:00,LibGen,LibGen.bz,DEGRADED,200,3591,latency_high,
2026-10-03T09:03:35.788195+00:00,LibGen,LibGen.bz,UP,200,730,,
2026-10-03T09:04:36.007244+00:00,LibGen,LibGen.bz,UP,200,615,,
2026-10-03T09:05:37.330999+00:00,LibGen,LibGen.bz,UP,200,627,,
2026-10-03T09:06:36.586265+00:00,LibGen,LibGen.bz,UP,200,1080,,
2026-10-03T09:07:37.045548+00:00,LibGen,LibGen.bz,UP,200,669,,
2026-10-03T09:08:37.564913+00:00,LibGen,LibGen.bz,UP,200,593,,
2026-10-03T09:09:37.881823+00:00,LibGen,LibGen.bz,UP,200,620,,
2026-10-03T09:10:38.589250+00:00,LibGen,LibGen.bz,UP,200,711,,
2026-10-03T09:11:39.495309+00:00,LibGen,LibGen.bz,UP,200,735,,
2026-10-03T09:12:39.566925+00:00,LibGen,LibGen.bz,UP,200,697,,
2026-10-03T09:13:40.756898+00:00,LibGen,LibGen.bz,UP,200,854,,
2026-10-03T09:14:41.441964+00:00,LibGen,LibGen.bz,UP,200,684,,
2026-10-03T09:15:41.536193+00:00,LibGen,LibGen.bz,UP,200,680,,
2026-10-03T09:16:41.028924+00:00,LibGen,LibGen.bz,UP,200,571,,
2026-10-03T09:17:42.042192+00:00,LibGen,LibGen.bz,UP,200,1095,,
2026-10-03T09:18:41.462499+00:00,LibGen,LibGen.bz,UP,200,285,,
2026-10-03T09:19:42.943677+00:00,LibGen,LibGen.bz,UP,200,766,,
2026-10-03T09:20:43.503516+00:00,LibGen,LibGen.bz,UP,200,838,,
2026-10-03T09:21:43.585472+00:00,LibGen,LibGen.bz,UP,200,742,,
2026-10-03T09:22:44.519828+00:00,LibGen,LibGen.bz,UP,200,675,,
2026-10-03T09:23:47.601032+00:00,LibGen,LibGen.bz,DEGRADED,200,3344,latency_high,
2026-10-03T09:24:45.613830+00:00,LibGen,LibGen.bz,UP,200,744,,
2026-10-03T09:25:45.584679+00:00,LibGen,LibGen.bz,UP,200,228,,
2026-10-03T09:26:46.673914+00:00,LibGen,LibGen.bz,UP,200,1096,,
2026-10-03T09:27:46.168354+00:00,LibGen,LibGen.bz,UP,200,682,,
2026-10-03T09:28:47.145255+00:00,LibGen,LibGen.bz,UP,200,730,,
2026-10-03T09:29:47.130394+00:00,LibGen,LibGen.bz,UP,200,647,,
2026-10-03T09:30:48.693634+00:00,LibGen,LibGen.bz,UP,200,1111,,
2026-10-03T09:31:48.630514+00:00,LibGen,LibGen.bz,UP,200,264,,
2026-10-03T09:33:09.086245+00:00,LibGen,LibGen.bz,DOWN,,,connection_refused,
2026-10-03T09:33:49.824516+00:00,LibGen,LibGen.bz,UP,200,765,,
2026-10-03T09:34:49.786264+00:00,LibGen,LibGen.bz,UP,200,657,,
2026-10-03T09:35:50.906185+00:00,LibGen,LibGen.bz,UP,200,876,,
2026-10-03T09:36:51.137066+00:00,LibGen,LibGen.bz,UP,200,674,,
2026-10-03T09:37:51.772573+00:00,LibGen,LibGen.bz,UP,200,656,,
2026-10-03T09:38:52.318025+00:00,LibGen,LibGen.bz,UP,200,688,,
2026-10-03T09:39:53.264712+00:00,LibGen,LibGen.bz,UP,200,680,,
2026-10-03T09:40:53.419107+00:00,LibGen,LibGen.bz,UP,200,794,,
2026-10-03T09:41:54.491739+00:00,LibGen,LibGen.bz,UP,200,704,,
2026-10-03T09:42:55.755384+00:00,LibGen,LibGen.bz,UP,200,718,,
2026-10-03T09:43:56.295501+00:00,LibGen,LibGen.bz,UP,200,739,,
2026-10-03T09:44:57.541170+00:00,LibGen,LibGen.bz,UP,200,641,,
2026-10-03T09:45:57.437626+00:00,LibGen,LibGen.bz,UP,200,808,,
2026-10-03T09:46:57.503265+00:00,LibGen,LibGen.bz,UP,200,805,,
2026-10-03T09:47:58.124477+00:00,LibGen,LibGen.bz,UP,200,767,,
2026-10-03T09:48:58.033659+00:00,LibGen,LibGen.bz,UP,200,571,,
2026-10-03T09:49:58.569374+00:00,LibGen,LibGen.bz,UP,200,708,,
2026-10-03T09:50:59.346519+00:00,LibGen,LibGen.bz,UP,200,654,,
2026-10-03T09:51:58.406448+00:00,LibGen,LibGen.bz,UP,200,684,,
2026-10-03T09:52:58.389979+00:00,LibGen,LibGen.bz,DOWN,,,connection_refused,
2026-10-03T09:53:59.061174+00:00,LibGen,LibGen.bz,DOWN,500,630,http_error,
2026-10-03T09:54:59.612605+00:00,LibGen,LibGen.bz,UP,200,708,,
2026-10-03T09:55:59.998552+00:00,LibGen,LibGen.bz,UP,200,638,,
2026-10-03T09:57:04.098815+00:00,LibGen,LibGen.bz,DEGRADED,200,3723,latency_high,
2026-10-03T09:58:04.293356+00:00,LibGen,LibGen.bz,UP,200,2016,,
2026-10-03T09:59:01.076518+00:00,LibGen,LibGen.bz,UP,200,765,,
2026-10-03T10:00:02.286903+00:00,LibGen,LibGen.bz,UP,200,1054,,
2026-10-03T10:01:02.683108+00:00,LibGen,LibGen.bz,UP,200,1011,,
2026-10-03T10:02:03.069256+00:00,LibGen,LibGen.bz,UP,200,741,,
2026-10-03T10:03:03.548640+00:00,LibGen,LibGen.bz,UP,200,863,,
2026-10-03T10:04:04.094123+00:00,LibGen,LibGen.bz,UP,200,766,,
2026-10-03T10:05:05.272479+00:00,LibGen,LibGen.bz,UP,200,800,,
2026-10-03T10:06:04.621646+00:00,LibGen,LibGen.bz,UP,200,716,,
2026-10-03T10:07:04.945469+00:00,LibGen,LibGen.bz,UP,200,547,,
2026-10-03T10:08:25.185897+00:00,LibGen,LibGen.bz,DOWN,,,connection_refused,
2026-10-03T10:09:05.697366+00:00,LibGen,LibGen.bz,UP,200,742,,
2026-10-03T10:10:05.961589+00:00,LibGen,LibGen.bz,UP,200,913,,
2026-10-03T10:11:05.659401+00:00,LibGen,LibGen.bz,UP,200,764,,
2026-10-03T10:12:06.102122+00:00,LibGen,LibGen.bz,UP,200,720,,
2026-10-03T10:13:07.070727+00:00,LibGen,LibGen.bz,UP,200,294,,
2026-10-03T10:14:26.512942+00:00,LibGen,LibGen.bz,DOWN,,,connection_refused,
2026-10-03T10:15:27.555890+00:00,LibGen,LibGen.bz,DOWN,,,connection_refused,
2026-10-03T10:16:27.824310+00:00,LibGen,LibGen.bz,DOWN,,,connection_refused,
2026-10-03T10:17:09.858327+00:00,LibGen,LibGen.bz,UP,200,740,,
2026-10-03T10:18:08.071706+00:00,LibGen,LibGen.bz,UP,200,672,,
2026-10-03T10:19:08.997444+00:00,LibGen,LibGen.bz,UP,200,316,,
2026-10-03T10:20:09.164189+00:00,LibGen,LibGen.bz,UP,200,839,,
2026-10-03T10:21:10.124340+00:00,LibGen,LibGen.bz,UP,200,778,,
2026-10-03T10:22:09.160382+00:00,LibGen,LibGen.bz,UP,200,290,,
2026-10-03T10:23:11.009449+00:00,LibGen,LibGen.bz,UP,200,1054,,
2026-10-03T10:24:10.817695+00:00,LibGen,LibGen.bz,UP,200,824,,
2026-10-03T10:25:10.927082+00:00,LibGen,LibGen.bz,UP,200,828,,
2026-10-03T10:26:11.164092+00:00,LibGen,LibGen.bz,UP,200,761,,
2026-10-03T10:27:12.276914+00:00,LibGen,LibGen.bz,UP,200,871,,
2026-10-03T10:28:13.692189+00:00,LibGen,LibGen.bz,UP,200,1063,,
2026-10-03T10:29:14.462580+00:00,LibGen,LibGen.bz,UP,200,1121,,
2026-10-03T10:30:13.786449+00:00,LibGen,LibGen.bz,UP,200,1125,,
2026-10-03T10:31:13.715194+00:00,LibGen,LibGen.bz,UP,200,895,,
2026-10-03T10:32:14.465444+00:00,LibGen,LibGen.bz,UP,200,784,,
2026-10-03T10:33:14.328956+00:00,LibGen,LibGen.bz,UP,200,726,,
2026-10-03T10:34:15.422022+00:00,LibGen,LibGen.bz,UP,200,621,,
2026-10-03T10:35:15.164084+00:00,LibGen,LibGen.bz,UP,200,981,,
2026-10-03T10:36:15.141154+00:00,LibGen,LibGen.bz,UP,200,816,,
2026-10-03T10:37:16.856738+00:00,LibGen,LibGen.bz,UP,200,2275,,
2026-10-03T10:38:15.747945+00:00,LibGen,LibGen.bz,UP,200,685,,
2026-10-03T10:39:15.555668+00:00,LibGen,LibGen.bz,UP,200,774,,
2026-10-03T10:40:19.037564+00:00,LibGen,LibGen.bz,DEGRADED,200,3679,latency_high,
2026-10-03T10:41:16.512497+00:00,LibGen,LibGen.bz,UP,200,741,,
2026-10-03T10:42:17.783899+00:00,LibGen,LibGen.bz,UP,200,826,,
2026-10-03T10:43:18.897651+00:00,LibGen,LibGen.bz,UP,200,1460,,
2026-10-03T10:44:19.089633+00:00,LibGen,LibGen.bz,UP,200,778,,
2026-10-03T10:45:17.825075+00:00,LibGen,LibGen.bz,UP,200,308,,
2026-10-03T10:46:18.329328+00:00,LibGen,LibGen.bz,UP,200,724,,
2026-10-03T10:47:18.446950+00:00,LibGen,LibGen.bz,UP,200,825,,
2026-10-03T10:48:19.102302+00:00,LibGen,LibGen.bz,UP,200,685,,
2026-10-03T10:49:19.123116+00:00,LibGen,LibGen.bz,UP,200,838,,
2026-10-03T10:50:20.152002+00:00,LibGen,LibGen.bz,UP,200,1107,,
2026-10-03T10:51:20.402387+00:00,LibGen,LibGen.bz,UP,200,1016,,
2026-10-03T10:52:20.563557+00:00,LibGen,LibGen.bz,UP,200,1119,,
2026-10-03T10:53:20.850610+00:00,LibGen,LibGen.bz,UP,200,1018,,
2026-10-03T10:54:22.311818+00:00,LibGen,LibGen.bz,UP,200,1105,,
2026-10-03T10:55:22.542135+00:00,LibGen,LibGen.bz,UP,200,830,,
2026-10-03T10:56:22.466471+00:00,LibGen,LibGen.bz,UP,200,720,,
2026-10-03T10:57:24.368448+00:00,LibGen,LibGen.bz,UP,200,800,,
2026-10-03T10:58:23.210741+00:00,LibGen,LibGen.bz,UP,200,607,,
2026-10-03T10:59:23.462629+00:00,LibGen,LibGen.bz,UP,200,749,,
2026-10-03T11:00:25.321787+00:00,LibGen,LibGen.bz,UP,200,971,,
2026-10-03T11:01:24.483231+00:00,LibGen,LibGen.bz,UP,200,727,,
2026-10-03T11:02:25.059973+00:00,LibGen,LibGen.bz,UP,200,941,,
2026-10-03T11:03:25.196966+00:00,LibGen,LibGen.bz,UP,200,902,,
2026-10-03T11:04:25.155910+00:00,LibGen,LibGen.bz,UP,200,310,,
2026-10-03T11:05:26.178416+00:00,LibGen,LibGen.bz,UP,200,793,,
2026-10-03T11:06:25.854821+00:00,LibGen,LibGen.bz,UP,200,858,,
2026-10-03T11:07:28.089341+00:00,LibGen,LibGen.bz,UP,200,1717,,
2026-10-03T11:08:28.021853+00:00,LibGen,LibGen.bz,UP,200,628,,
2026-10-03T11:09:28.181539+00:00,LibGen,LibGen.bz,UP,200,814,,
2026-10-03T11:10:28.354602+00:00,LibGen,LibGen.bz,UP,200,933,,
2026-10-03T11:11:28.232076+00:00,LibGen,LibGen.bz,UP,200,656,,
2026-10-03T11:12:28.762378+00:00,LibGen,LibGen.bz,UP,200,679,,
2026-10-03T11:13:29.636266+00:00,LibGen,LibGen.bz,UP,200,843,,
2026-10-03T11:14:29.272557+00:00,LibGen,LibGen.bz,UP,200,719,,
2026-10-03T11:15:30.968458+00:00,LibGen,LibGen.bz,UP,200,1649,,
2026-10-03T11:16:33.039373+00:00,LibGen,LibGen.bz,DOWN,500,3646,http_error,
2026-10-03T11:17:31.850911+00:00,LibGen,LibGen.bz,UP,200,1854,,
2026-10-03T11:18:30.589165+00:00,LibGen,LibGen.bz,UP,200,336,,
2026-10-03T11:19:31.064996+00:00,LibGen,LibGen.bz,UP,200,876,,
2026-10-03T11:20:30.953529+00:00,LibGen,LibGen.bz,UP,200,292,,
2026-10-03T11:21:32.681940+00:00,LibGen,LibGen.bz,UP,200,702,,
2026-10-03T11:22:32.151195+00:00,LibGen,LibGen.bz,UP,200,888,,
2026-10-03T11:23:32.246085+00:00,LibGen,LibGen.bz,UP,200,830,,
2026-10-03T11:24:31.903547+00:00,LibGen,LibGen.bz,UP,200,364,,
2026-10-03T11:25:32.879387+00:00,LibGen,LibGen.bz,UP,200,827,,
2026-10-03T11:26:33.314944+00:00,LibGen,LibGen.bz,UP,200,708,,
2026-10-03T11:27:34.546345+00:00,LibGen,LibGen.bz,UP,200,830,,
2026-10-03T11:28:54.521587+00:00,LibGen,LibGen.bz,DOWN,,,connection_refused,
2026-10-03T11:29:34.077037+00:00,LibGen,LibGen.bz,UP,200,807,,
2026-10-03T11:30:34.283879+00:00,LibGen,LibGen.bz,UP,200,936,,
2026-10-03T11:31:35.141466+00:00,LibGen,LibGen.bz,UP,200,1055,,
2026-10-03T11:32:34.988005+00:00,LibGen,LibGen.bz,UP,200,686,,
2026-10-03T11:33:36.130165+00:00,LibGen,LibGen.bz,UP,200,713,,
2026-10-03T11:34:55.943152+00:00,LibGen,LibGen.bz,DOWN,,,connection_refused,
2026-10-03T11:35:36.573859+00:00,LibGen,LibGen.bz,UP,200,886,,
2026-10-03T11:36:36.879128+00:00,LibGen,LibGen.bz,UP,200,764,,
2026-10-03T11:37:38.726139+00:00,LibGen,LibGen.bz,UP,200,1839,,
2026-10-03T11:38:37.920567+00:00,LibGen,LibGen.bz,UP,200,733,,
2026-10-03T11:39:39.152768+00:00,LibGen,LibGen.bz,UP,200,604,,
2026-10-03T11:40:39.948453+00:00,LibGen,LibGen.bz,UP,200,699,,
2026-10-03T11:41:41.248362+00:00,LibGen,LibGen.bz,UP,200,671,,
2026-10-03T11:42:40.825998+00:00,LibGen,LibGen.bz,UP,200,751,,
2026-10-03T11:43:41.129728+00:00,LibGen,LibGen.bz,UP,200,677,,
2026-10-03T11:44:40.888119+00:00,LibGen,LibGen.bz,UP,200,657,,
2026-10-03T11:45:41.638989+00:00,LibGen,LibGen.bz,UP,200,729,,
2026-10-03T11:46:41.431678+00:00,LibGen,LibGen.bz,UP,200,272,,
2026-10-03T11:47:42.237773+00:00,LibGen,LibGen.bz,UP,200,654,,
2026-10-03T11:48:42.860496+00:00,LibGen,LibGen.bz,UP,200,920,,
2026-10-03T11:49:42.678426+00:00,LibGen,LibGen.bz,UP,200,586,,
2026-10-03T11:50:43.173036+00:00,LibGen,LibGen.bz,UP,200,642,,
2026-10-03T11:51:47.052512+00:00,LibGen,LibGen.bz,DEGRADED,200,3211,latency_high,
2026-10-03T11:52:44.490880+00:00,LibGen,LibGen.bz,UP,200,995,,
2026-10-03T11:53:46.286962+00:00,LibGen,LibGen.bz,UP,200,713,,
2026-10-03T11:54:45.017642+00:00,LibGen,LibGen.bz,UP,200,647,,
2026-10-03T11:55:45.131780+00:00,LibGen,LibGen.bz,DOWN,500,673,http_error,
2026-10-03T11:56:46.806430+00:00,LibGen,LibGen.bz,DOWN,500,979,http_error,
2026-10-03T11:57:47.289167+00:00,LibGen,LibGen.bz,UP,200,690,,
2026-10-03T11:58:47.497322+00:00,LibGen,LibGen.bz,UP,200,677,,
2026-10-03T11:59:47.631932+00:00,LibGen,LibGen.bz,UP,200,680,,
2026-10-03T12:00:47.797914+00:00,LibGen,LibGen.bz,UP,200,586,,
2026-10-03T12:01:48.228777+00:00,LibGen,LibGen.bz,UP,200,732,,
2026-10-03T12:02:48.314556+00:00,LibGen,LibGen.bz,UP,200,328,,
2026-10-03T12:03:49.391923+00:00,LibGen,LibGen.bz,UP,200,840,,
2026-10-03T12:04:48.955897+00:00,LibGen,LibGen.bz,UP,200,691,,
2026-10-03T12:05:49.098037+00:00,LibGen,LibGen.bz,UP,200,765,,
2026-10-03T12:06:49.656183+00:00,LibGen,LibGen.bz,UP,200,710,,
2026-10-03T12:07:50.309404+00:00,LibGen,LibGen.bz,UP,200,742,,
2026-10-03T12:08:50.231770+00:00,LibGen,LibGen.bz,UP,200,768,,
2026-10-03T12:09:50.217945+00:00,LibGen,LibGen.bz,UP,200,675,,
2026-10-03T12:10:51.581746+00:00,LibGen,LibGen.bz,UP,200,1215,,
2026-10-03T12:11:52.321729+00:00,LibGen,LibGen.bz,UP,200,813,,
2026-10-03T12:12:52.254757+00:00,LibGen,LibGen.bz,UP,200,923,,
2026-10-03T12:13:52.835616+00:00,LibGen,LibGen.bz,UP,200,922,,
2026-10-03T12:14:53.270369+00:00,LibGen,LibGen.bz,UP,200,636,,
2026-10-03T12:15:52.803153+00:00,LibGen,LibGen.bz,UP,200,710,,
2026-10-03T12:16:53.558969+00:00,LibGen,LibGen.bz,UP,200,908,,
2026-10-03T12:17:53.353066+00:00,LibGen,LibGen.bz,UP,200,759,,
2026-10-03T12:18:54.193529+00:00,LibGen,LibGen.bz,UP,200,858,,
2026-10-03T12:19:54.402235+00:00,LibGen,LibGen.bz,UP,200,694,,
2026-10-03T12:20:54.953533+00:00,LibGen,LibGen.bz,UP,200,924,,
2026-10-03T12:21:55.272808+00:00,LibGen,LibGen.bz,UP,200,689,,
2026-10-03T12:22:55.952836+00:00,LibGen,LibGen.bz,UP,200,704,,
2026-10-03T12:24:15.681152+00:00,LibGen,LibGen.bz,DOWN,,,connection_refused,
2026-10-03T12:24:55.651659+00:00,LibGen,LibGen.bz,UP,200,738,,
2026-10-03T12:25:55.713748+00:00,LibGen,LibGen.bz,UP,200,732,,
2026-10-03T12:26:56.447095+00:00,LibGen,LibGen.bz,UP,200,873,,
2026-10-03T12:27:58.362754+00:00,LibGen,LibGen.bz,UP,200,1911,,
2026-10-03T12:28:57.212503+00:00,LibGen,LibGen.bz,UP,200,715,,
2026-10-03T12:29:57.938988+00:00,LibGen,LibGen.bz,UP,200,798,,
2026-10-03T12:30:58.170958+00:00,LibGen,LibGen.bz,UP,200,763,,
2026-10-03T12:31:58.212895+00:00,LibGen,LibGen.bz,DOWN,500,681,http_error,
2026-10-03T12:32:59.530527+00:00,LibGen,LibGen.bz,UP,200,1186,,
2026-10-03T12:33:59.995592+00:00,LibGen,LibGen.bz,UP,200,811,,
2026-10-03T12:35:00.446273+00:00,LibGen,LibGen.bz,UP,200,682,,
2026-10-03T12:36:00.426294+00:00,LibGen,LibGen.bz,UP,200,845,,
2026-10-03T12:37:00.303700+00:00,LibGen,LibGen.bz,UP,200,701,,
2026-10-03T12:38:00.197328+00:00,LibGen,LibGen.bz,DOWN,,,connection_refused,
2026-10-03T12:39:21.629445+00:00,LibGen,LibGen.bz,DOWN,,,connection_refused,
2026-10-03T12:40:02.393540+00:00,LibGen,LibGen.bz,UP,200,1268,,
2026-10-03T12:41:02.149927+00:00,LibGen,LibGen.bz,UP,200,841,,
2026-10-03T12:42:05.575685+00:00,LibGen,LibGen.bz,DEGRADED,200,4125,latency_high,
2026-10-03T12:43:01.785240+00:00,LibGen,LibGen.bz,UP,200,331,,
2026-10-03T12:44:02.707942+00:00,LibGen,LibGen.bz,UP,200,764,,
2026-10-03T12:45:02.993715+00:00,LibGen,LibGen.bz,UP,200,381,,
2026-10-03T12:46:03.194049+00:00,LibGen,LibGen.bz,UP,200,836,,
2026-10-03T12:47:03.371615+00:00,LibGen,LibGen.bz,UP,200,753,,
2026-10-03T12:48:03.935471+00:00,LibGen,LibGen.bz,UP,200,706,,
2026-10-03T12:49:04.326615+00:00,LibGen,LibGen.bz,UP,200,982,,
2026-10-03T12:50:04.065215+00:00,LibGen,LibGen.bz,UP,200,339,,
2026-10-03T12:51:06.024268+00:00,LibGen,LibGen.bz,UP,200,1472,,
2026-10-03T12:52:05.361041+00:00,LibGen,LibGen.bz,UP,200,719,,
2026-10-03T12:53:05.838366+00:00,LibGen,LibGen.bz,UP,200,681,,
2026-10-03T12:54:06.178123+00:00,LibGen,LibGen.bz,UP,200,856,,
2026-10-03T12:55:06.785684+00:00,LibGen,LibGen.bz,UP,200,1090,,
2026-10-03T12:56:06.310918+00:00,LibGen,LibGen.bz,UP,200,651,,
2026-10-03T12:57:06.859990+00:00,LibGen,LibGen.bz,UP,200,1008,,
2026-10-03T12:58:07.425465+00:00,LibGen,LibGen.bz,UP,200,713,,
2026-10-03T12:59:09.881873+00:00,LibGen,LibGen.bz,DEGRADED,200,3848,latency_high,
2026-10-03T13:00:07.625426+00:00,LibGen,LibGen.bz,UP,200,1034,,
2026-10-03T13:01:09.578018+00:00,LibGen,LibGen.bz,UP,200,2466,,
2026-10-03T13:02:08.309208+00:00,LibGen,LibGen.bz,UP,200,674,,
2026-10-03T13:03:08.341960+00:00,LibGen,LibGen.bz,UP,200,741,,
2026-10-03T13:04:08.470981+00:00,LibGen,LibGen.bz,UP,200,553,,
2026-10-03T13:05:09.101479+00:00,LibGen,LibGen.bz,UP,200,821,,
2026-10-03T13:06:11.325810+00:00,LibGen,LibGen.bz,UP,200,2494,,
2026-10-03T13:07:08.828385+00:00,LibGen,LibGen.bz,UP,200,251,,
2026-10-03T13:08:09.917527+00:00,LibGen,LibGen.bz,UP,200,1001,,
2026-10-03T13:09:19.206679+00:00,LibGen,LibGen.bz,DEGRADED,200,9739,latency_high,
2026-10-03T13:10:11.158258+00:00,LibGen,LibGen.bz,UP,200,1221,,
2026-10-03T13:11:11.273505+00:00,LibGen,LibGen.bz,UP,200,315,,
2026-10-03T13:12:11.778770+00:00,LibGen,LibGen.bz,UP,200,1745,,
2026-10-03T13:13:11.808323+00:00,LibGen,LibGen.bz,UP,200,616,,
2026-10-03T13:14:14.044933+00:00,LibGen,LibGen.bz,DEGRADED,200,3206,latency_high,
2026-10-03T13:15:11.695848+00:00,LibGen,LibGen.bz,UP,200,858,,
2026-10-03T13:16:16.346845+00:00,LibGen,LibGen.bz,DEGRADED,200,5304,latency_high,
2026-10-03T13:17:12.945117+00:00,LibGen,LibGen.bz,UP,200,1466,,
2026-10-03T13:18:12.345951+00:00,LibGen,LibGen.bz,UP,200,616,,
2026-10-03T13:19:13.049337+00:00,LibGen,LibGen.bz,UP,200,941,,
2026-10-03T13:20:12.929954+00:00,LibGen,LibGen.bz,UP,200,885,,
2026-10-03T13:21:15.972183+00:00,LibGen,LibGen.bz,UP,200,2977,,
2026-10-03T13:22:14.325617+00:00,LibGen,LibGen.bz,UP,200,898,,
2026-10-03T13:23:14.445990+00:00,LibGen,LibGen.bz,UP,200,793,,
2026-10-03T13:24:14.966363+00:00,LibGen,LibGen.bz,UP,200,689,,
2026-10-03T13:25:15.518732+00:00,LibGen,LibGen.bz,UP,200,639,,
2026-10-03T13:26:35.247171+00:00,LibGen,LibGen.bz,DOWN,,,connection_refused,
2026-10-03T13:27:15.397493+00:00,LibGen,LibGen.bz,UP,200,778,,
2026-10-03T13:28:19.532195+00:00,LibGen,LibGen.bz,DEGRADED,200,4812,latency_high,
2026-10-03T13:29:18.028971+00:00,LibGen,LibGen.bz,DEGRADED,200,3189,latency_high,
2026-10-03T13:30:17.077664+00:00,LibGen,LibGen.bz,UP,200,843,,
2026-10-03T13:31:17.146138+00:00,LibGen,LibGen.bz,UP,200,1019,,
2026-10-03T13:32:16.845245+00:00,LibGen,LibGen.bz,UP,200,691,,
2026-10-03T13:33:17.154628+00:00,LibGen,LibGen.bz,UP,200,884,,
2026-10-03T13:34:16.900026+00:00,LibGen,LibGen.bz,UP,200,587,,
2026-10-03T13:35:17.589268+00:00,LibGen,LibGen.bz,UP,200,724,,
2026-10-03T13:36:23.955846+00:00,LibGen,LibGen.bz,DEGRADED,200,6255,latency_high,
2026-10-03T13:37:19.744094+00:00,LibGen,LibGen.bz,UP,200,1708,,
2026-10-03T13:38:19.340198+00:00,LibGen,LibGen.bz,UP,200,983,,
2026-10-03T13:39:19.508466+00:00,LibGen,LibGen.bz,UP,200,317,,
2026-10-03T13:40:19.994777+00:00,LibGen,LibGen.bz,UP,200,865,,
2026-10-03T13:41:20.367328+00:00,LibGen,LibGen.bz,UP,200,910,,
2026-10-03T13:42:20.039464+00:00,LibGen,LibGen.bz,UP,200,397,,
2026-10-03T13:43:20.999676+00:00,LibGen,LibGen.bz,UP,200,793,,
2026-10-03T13:44:21.140701+00:00,LibGen,LibGen.bz,UP,200,802,,
2026-10-03T13:45:29.273919+00:00,LibGen,LibGen.bz,DEGRADED,200,8615,latency_high,
2026-10-03T13:46:22.565630+00:00,LibGen,LibGen.bz,UP,200,1321,,
2026-10-03T13:47:22.702532+00:00,LibGen,LibGen.bz,UP,200,615,,
2026-10-03T13:48:27.069368+00:00,LibGen,LibGen.bz,DEGRADED,200,5259,latency_high,
2026-10-03T13:49:22.635550+00:00,LibGen,LibGen.bz,UP,200,726,,
2026-10-03T13:50:23.395776+00:00,LibGen,LibGen.bz,UP,200,823,,
2026-10-03T13:51:24.585566+00:00,LibGen,LibGen.bz,UP,200,764,,
2026-10-03T13:52:24.290531+00:00,LibGen,LibGen.bz,UP,200,680,,
2026-10-03T13:53:28.940816+00:00,LibGen,LibGen.bz,DEGRADED,200,4603,latency_high,
2026-10-03T13:54:25.294874+00:00,LibGen,LibGen.bz,UP,200,765,,
2026-10-03T13:55:42.561526+00:00,LibGen,LibGen.bz,DEGRADED,200,17771,latency_high,
2026-10-03T13:56:59.417545+00:00,LibGen,LibGen.bz,DOWN,,,connection_refused,
2026-10-03T13:57:26.316671+00:00,LibGen,LibGen.bz,UP,200,848,,
2026-10-03T13:58:26.613105+00:00,LibGen,LibGen.bz,UP,200,739,,
2026-10-03T13:59:27.392580+00:00,LibGen,LibGen.bz,UP,200,847,,
2026-10-03T14:00:27.435588+00:00,LibGen,LibGen.bz,UP,200,750,,
2026-10-03T14:01:35.526890+00:00,LibGen,LibGen.bz,DEGRADED,200,8847,latency_high,
2026-10-03T14:02:28.263177+00:00,LibGen,LibGen.bz,UP,200,790,,
2026-10-03T14:03:28.449363+00:00,LibGen,LibGen.bz,UP,200,846,,
2026-10-03T14:04:38.084559+00:00,LibGen,LibGen.bz,DEGRADED,200,9331,latency_high,
2026-10-03T14:05:31.100642+00:00,LibGen,LibGen.bz,UP,200,1844,,
2026-10-03T14:06:30.233462+00:00,LibGen,LibGen.bz,UP,200,700,,
2026-10-03T14:07:30.202589+00:00,LibGen,LibGen.bz,UP,200,811,,
2026-10-03T14:08:30.905660+00:00,LibGen,LibGen.bz,UP,200,996,,
2026-10-03T14:09:31.511457+00:00,LibGen,LibGen.bz,UP,200,879,,
2026-10-03T14:10:31.470785+00:00,LibGen,LibGen.bz,UP,200,748,,
2026-10-03T14:11:33.785929+00:00,LibGen,LibGen.bz,UP,200,1984,,
2026-10-03T14:12:33.950139+00:00,LibGen,LibGen.bz,UP,200,720,,
2026-10-03T14:13:33.477431+00:00,LibGen,LibGen.bz,UP,200,733,,
2026-10-03T14:14:34.963164+00:00,LibGen,LibGen.bz,UP,200,1653,,
2026-10-03T14:15:34.227563+00:00,LibGen,LibGen.bz,UP,200,966,,
2026-10-03T14:16:34.884776+00:00,LibGen,LibGen.bz,UP,200,807,,
2026-10-03T14:17:35.952248+00:00,LibGen,LibGen.bz,UP,200,865,,
2026-10-03T14:18:36.692913+00:00,LibGen,LibGen.bz,UP,200,781,,
2026-10-03T14:19:36.186677+00:00,LibGen,LibGen.bz,UP,200,289,,
2026-10-03T14:20:36.673745+00:00,LibGen,LibGen.bz,UP,200,832,,
2026-10-03T14:21:36.432955+00:00,LibGen,LibGen.bz,UP,200,725,,
2026-10-03T14:22:36.951762+00:00,LibGen,LibGen.bz,UP,200,632,,
2026-10-03T14:23:56.770717+00:00,LibGen,LibGen.bz,DOWN,,,connection_refused,
2026-10-03T14:24:37.163982+00:00,LibGen,LibGen.bz,UP,200,701,,
2026-10-03T14:25:37.865108+00:00,LibGen,LibGen.bz,UP,200,849,,
2026-10-03T14:26:39.260643+00:00,LibGen,LibGen.bz,UP,200,738,,
2026-10-03T14:27:38.592523+00:00,LibGen,LibGen.bz,UP,200,800,,
2026-10-03T14:28:38.632078+00:00,LibGen,LibGen.bz,UP,200,692,,
2026-10-03T14:29:39.129639+00:00,LibGen,LibGen.bz,UP,200,713,,
2026-10-03T14:30:39.366333+00:00,LibGen,LibGen.bz,UP,200,759,,
2026-10-03T14:31:40.263440+00:00,LibGen,LibGen.bz,UP,200,811,,
2026-10-03T14:32:42.154631+00:00,LibGen,LibGen.bz,UP,200,636,,
2026-10-03T14:33:40.074485+00:00,LibGen,LibGen.bz,UP,200,754,,
2026-10-03T14:34:41.023446+00:00,LibGen,LibGen.bz,UP,200,725,,
2026-10-03T14:35:41.328473+00:00,LibGen,LibGen.bz,UP,200,667,,
2026-10-03T14:36:41.729770+00:00,LibGen,LibGen.bz,UP,200,829,,
2026-10-03T14:37:42.211928+00:00,LibGen,LibGen.bz,UP,200,689,,
2026-10-03T14:38:43.201554+00:00,LibGen,LibGen.bz,UP,200,850,,
2026-10-03T14:39:44.360669+00:00,LibGen,LibGen.bz,UP,200,626,,
2026-10-03T14:41:03.826997+00:00,LibGen,LibGen.bz,DOWN,,,connection_refused,
2026-10-03T14:41:43.803339+00:00,LibGen,LibGen.bz,UP,200,763,,
2026-10-03T14:42:44.138517+00:00,LibGen,LibGen.bz,UP,200,815,,
2026-10-03T14:43:44.375536+00:00,LibGen,LibGen.bz,UP,200,961,,
2026-10-03T14:44:44.343111+00:00,LibGen,LibGen.bz,UP,200,746,,
2026-10-03T14:45:45.679130+00:00,LibGen,LibGen.bz,UP,200,724,,
2026-10-03T14:46:45.100954+00:00,LibGen,LibGen.bz,UP,200,789,,
2026-10-03T14:47:45.468493+00:00,LibGen,LibGen.bz,UP,200,734,,
2026-10-03T14:48:46.096004+00:00,LibGen,LibGen.bz,UP,200,732,,
2026-10-03T14:49:47.111547+00:00,LibGen,LibGen.bz,UP,200,942,,
2026-10-03T14:50:47.056701+00:00,LibGen,LibGen.bz,UP,200,1046,,
2026-10-03T14:51:47.900850+00:00,LibGen,LibGen.bz,UP,200,913,,
2026-10-03T14:52:48.768059+00:00,LibGen,LibGen.bz,UP,200,982,,
2026-10-03T14:53:47.999965+00:00,LibGen,LibGen.bz,UP,200,687,,
2026-10-03T14:54:48.726512+00:00,LibGen,LibGen.bz,UP,200,692,,
2026-10-03T14:55:48.923233+00:00,LibGen,LibGen.bz,UP,200,774,,
2026-10-03T14:56:48.606071+00:00,LibGen,LibGen.bz,UP,200,646,,
2026-10-03T14:57:49.229371+00:00,LibGen,LibGen.bz,UP,200,729,,
2026-10-03T14:58:49.402693+00:00,LibGen,LibGen.bz,UP,200,862,,
2026-10-03T14:59:51.194733+00:00,LibGen,LibGen.bz,UP,200,282,,
2026-10-03T15:00:49.655681+00:00,LibGen,LibGen.bz,UP,200,772,,
2026-10-03T15:01:50.552713+00:00,LibGen,LibGen.bz,UP,200,286,,
2026-10-03T15:02:50.053541+00:00,LibGen,LibGen.bz,UP,200,289,,
2026-10-03T15:03:50.737204+00:00,LibGen,LibGen.bz,UP,200,641,,
2026-10-03T15:04:50.948533+00:00,LibGen,LibGen.bz,UP,200,688,,
2026-10-03T15:05:51.538331+00:00,LibGen,LibGen.bz,UP,200,757,,
2026-10-03T15:06:51.377085+00:00,LibGen,LibGen.bz,UP,200,777,,
2026-10-03T15:07:52.095513+00:00,LibGen,LibGen.bz,UP,200,627,,
2026-10-03T15:08:52.188089+00:00,LibGen,LibGen.bz,UP,200,694,,
2026-10-03T15:09:55.495503+00:00,LibGen,LibGen.bz,DEGRADED,200,3821,latency_high,
2026-10-03T15:10:52.604858+00:00,LibGen,LibGen.bz,UP,200,422,,
2026-10-03T15:11:53.679327+00:00,LibGen,LibGen.bz,UP,200,705,,
2026-10-03T15:12:53.642800+00:00,LibGen,LibGen.bz,UP,200,768,,
2026-10-03T15:13:53.784672+00:00,LibGen,LibGen.bz,UP,200,867,,
2026-10-03T15:14:54.263518+00:00,LibGen,LibGen.bz,UP,200,773,,
2026-10-03T15:15:55.109517+00:00,LibGen,LibGen.bz,UP,200,874,,
2026-10-03T15:16:55.738314+00:00,LibGen,LibGen.bz,UP,200,877,,
2026-10-03T15:17:55.516035+00:00,LibGen,LibGen.bz,UP,200,782,,
2026-10-03T15:18:56.134713+00:00,LibGen,LibGen.bz,UP,200,728,,
2026-10-03T15:19:56.092198+00:00,LibGen,LibGen.bz,UP,200,683,,
2026-10-03T15:20:57.728653+00:00,LibGen,LibGen.bz,UP,200,1692,,
2026-10-03T15:22:17.442827+00:00,LibGen,LibGen.bz,DOWN,,,connection_refused,
2026-10-03T15:22:57.510503+00:00,LibGen,LibGen.bz,UP,200,920,,
2026-10-03T15:23:57.839001+00:00,LibGen,LibGen.bz,UP,200,819,,
2026-10-03T15:24:58.734186+00:00,LibGen,LibGen.bz,UP,200,722,,
2026-10-03T15:25:58.546743+00:00,LibGen,LibGen.bz,UP,200,809,,
2026-10-03T15:26:59.079811+00:00,LibGen,LibGen.bz,UP,200,624,,
2026-10-03T15:27:59.628371+00:00,LibGen,LibGen.bz,UP,200,688,,
2026-10-03T15:29:00.160205+00:00,LibGen,LibGen.bz,UP,200,710,,
2026-10-03T15:30:00.930745+00:00,LibGen,LibGen.bz,UP,200,1170,,
2026-10-03T15:31:03.931622+00:00,LibGen,LibGen.bz,UP,200,1020,,
2026-10-03T15:32:01.821042+00:00,LibGen,LibGen.bz,UP,200,844,,
2026-10-03T15:33:03.483064+00:00,LibGen,LibGen.bz,UP,200,980,,
2026-10-03T15:34:02.714024+00:00,LibGen,LibGen.bz,UP,200,755,,
2026-10-03T15:35:03.512591+00:00,LibGen,LibGen.bz,UP,200,1206,,
2026-10-03T15:36:03.490104+00:00,LibGen,LibGen.bz,UP,200,780,,
2026-10-03T15:37:04.051421+00:00,LibGen,LibGen.bz,UP,200,755,,
2026-10-03T15:38:04.180591+00:00,LibGen,LibGen.bz,UP,200,774,,
2026-10-03T15:39:05.254550+00:00,LibGen,LibGen.bz,UP,200,1134,,
2026-10-03T15:40:05.322762+00:00,LibGen,LibGen.bz,UP,200,331,,
2026-10-03T15:41:06.554374+00:00,LibGen,LibGen.bz,UP,200,1182,,
2026-10-03T15:42:05.804490+00:00,LibGen,LibGen.bz,UP,200,699,,
2026-10-03T15:43:05.404863+00:00,LibGen,LibGen.bz,UP,200,273,,
2026-10-03T15:44:06.358501+00:00,LibGen,LibGen.bz,UP,200,707,,
2026-10-03T15:45:06.675668+00:00,LibGen,LibGen.bz,UP,200,689,,
2026-10-03T15:46:07.604583+00:00,LibGen,LibGen.bz,UP,200,741,,
2026-10-03T15:47:07.038650+00:00,LibGen,LibGen.bz,UP,200,685,,
2026-10-03T15:48:07.649968+00:00,LibGen,LibGen.bz,UP,200,900,,
2026-10-03T15:49:08.555579+00:00,LibGen,LibGen.bz,UP,200,981,,
2026-10-03T15:50:08.048016+00:00,LibGen,LibGen.bz,UP,200,257,,
2026-10-03T15:51:08.909082+00:00,LibGen,LibGen.bz,UP,200,781,,
2026-10-03T15:52:08.796640+00:00,LibGen,LibGen.bz,DOWN,,,connection_refused,
2026-10-03T15:53:09.804458+00:00,LibGen,LibGen.bz,UP,200,870,,
2026-10-03T15:54:09.710313+00:00,LibGen,LibGen.bz,UP,200,681,,
2026-10-03T15:55:09.819687+00:00,LibGen,LibGen.bz,UP,200,737,,
2026-10-03T15:56:10.248246+00:00,LibGen,LibGen.bz,UP,200,646,,
2026-10-03T15:57:10.527790+00:00,LibGen,LibGen.bz,UP,200,715,,
2026-10-03T15:58:10.639120+00:00,LibGen,LibGen.bz,UP,200,667,,
2026-10-03T15:59:11.465341+00:00,LibGen,LibGen.bz,UP,200,842,,
2026-10-03T16:00:10.627573+00:00,LibGen,LibGen.bz,UP,200,330,,
2026-10-03T16:01:12.138873+00:00,LibGen,LibGen.bz,UP,200,838,,
2026-10-03T16:02:12.454701+00:00,LibGen,LibGen.bz,UP,200,802,,
2026-10-03T16:03:13.481334+00:00,LibGen,LibGen.bz,UP,200,709,,
2026-10-03T16:04:12.889672+00:00,LibGen,LibGen.bz,UP,200,308,,
2026-10-03T16:05:14.580529+00:00,LibGen,LibGen.bz,UP,200,789,,
2026-10-03T16:06:14.217829+00:00,LibGen,LibGen.bz,UP,200,763,,
2026-10-03T16:07:14.215315+00:00,LibGen,LibGen.bz,UP,200,503,,
2026-10-03T16:08:14.683462+00:00,LibGen,LibGen.bz,UP,200,642,,
2026-10-03T16:09:18.154652+00:00,LibGen,LibGen.bz,DEGRADED,200,3973,latency_high,
2026-10-03T16:10:15.353737+00:00,LibGen,LibGen.bz,UP,200,736,,
2026-10-03T16:11:15.688706+00:00,LibGen,LibGen.bz,UP,200,815,,
2026-10-03T16:12:17.558147+00:00,LibGen,LibGen.bz,UP,200,1937,,
2026-10-03T16:13:16.576546+00:00,LibGen,LibGen.bz,UP,200,815,,
2026-10-03T16:14:17.329427+00:00,LibGen,LibGen.bz,UP,200,1368,,
2026-10-03T16:15:17.395109+00:00,LibGen,LibGen.bz,UP,200,886,,
2026-10-03T16:16:17.897768+00:00,LibGen,LibGen.bz,UP,200,709,,
2026-10-03T16:17:18.451946+00:00,LibGen,LibGen.bz,UP,200,847,,
2026-10-03T16:18:20.035618+00:00,LibGen,LibGen.bz,UP,200,765,,
2026-10-03T16:19:18.930629+00:00,LibGen,LibGen.bz,UP,200,832,,
2026-10-03T16:20:19.936085+00:00,LibGen,LibGen.bz,UP,200,1284,,
2026-10-03T16:21:19.593539+00:00,LibGen,LibGen.bz,UP,200,818,,
2026-10-03T16:22:22.442444+00:00,LibGen,LibGen.bz,UP,200,785,,
2026-10-03T16:23:21.191306+00:00,LibGen,LibGen.bz,UP,200,731,,
2026-10-03T16:24:24.012046+00:00,LibGen,LibGen.bz,DEGRADED,200,3750,latency_high,
2026-10-03T16:25:21.507157+00:00,LibGen,LibGen.bz,UP,200,628,,
2026-10-03T16:26:22.234665+00:00,LibGen,LibGen.bz,UP,200,1057,,
2026-10-03T16:27:23.351890+00:00,LibGen,LibGen.bz,UP,200,1035,,
2026-10-03T16:28:22.287636+00:00,LibGen,LibGen.bz,UP,200,726,,
2026-10-03T16:29:23.145497+00:00,LibGen,LibGen.bz,UP,200,722,,
2026-10-03T16:30:43.139664+00:00,LibGen,LibGen.bz,DOWN,,,connection_refused,
2026-10-03T16:31:23.722908+00:00,LibGen,LibGen.bz,UP,200,673,,
2026-10-03T16:32:23.968123+00:00,LibGen,LibGen.bz,UP,200,1059,,
2026-10-03T16:33:24.726348+00:00,LibGen,LibGen.bz,UP,200,660,,
2026-10-03T16:34:24.814886+00:00,LibGen,LibGen.bz,UP,200,376,,
2026-10-03T16:35:25.415044+00:00,LibGen,LibGen.bz,UP,200,860,,
2026-10-03T16:36:25.668474+00:00,LibGen,LibGen.bz,UP,200,677,,
2026-10-03T16:37:26.588510+00:00,LibGen,LibGen.bz,UP,200,1154,,
2026-10-03T16:38:26.316807+00:00,LibGen,LibGen.bz,UP,200,750,,
2026-10-03T16:39:26.185653+00:00,LibGen,LibGen.bz,UP,200,775,,
2026-10-03T16:40:26.973486+00:00,LibGen,LibGen.bz,UP,200,836,,
2026-10-03T16:41:27.846339+00:00,LibGen,LibGen.bz,UP,200,804,,
2026-10-03T16:42:27.817272+00:00,LibGen,LibGen.bz,UP,200,1079,,
2026-10-03T16:43:28.302195+00:00,LibGen,LibGen.bz,UP,200,1240,,
2026-10-03T16:44:28.240723+00:00,LibGen,LibGen.bz,UP,200,906,,
2026-10-03T16:45:30.130004+00:00,LibGen,LibGen.bz,UP,200,902,,
2026-10-03T16:46:29.703056+00:00,LibGen,LibGen.bz,UP,200,839,,
2026-10-03T16:47:33.874745+00:00,LibGen,LibGen.bz,DEGRADED,200,3882,latency_high,
2026-10-03T16:48:32.260087+00:00,LibGen,LibGen.bz,UP,200,1052,,
2026-10-03T16:49:31.060076+00:00,LibGen,LibGen.bz,UP,200,1001,,
2026-10-03T16:50:31.231690+00:00,LibGen,LibGen.bz,UP,200,855,,
2026-10-03T16:51:32.498259+00:00,LibGen,LibGen.bz,UP,200,1821,,
2026-10-03T16:52:32.028303+00:00,LibGen,LibGen.bz,UP,200,779,,
2026-10-03T16:53:32.023636+00:00,LibGen,LibGen.bz,UP,200,726,,
2026-10-03T16:54:33.372707+00:00,LibGen,LibGen.bz,UP,200,825,,
2026-10-03T16:55:33.674389+00:00,LibGen,LibGen.bz,UP,200,955,,
2026-10-03T16:56:33.696228+00:00,LibGen,LibGen.bz,UP,200,723,,
2026-10-03T16:57:33.903957+00:00,LibGen,LibGen.bz,UP,200,660,,
2026-10-03T16:58:34.922149+00:00,LibGen,LibGen.bz,UP,200,659,,
2026-10-03T16:59:34.726020+00:00,LibGen,LibGen.bz,UP,200,701,,
2026-10-03T17:00:35.551065+00:00,LibGen,LibGen.bz,UP,200,1135,,
2026-10-03T17:01:37.638305+00:00,LibGen,LibGen.bz,UP,200,792,,
2026-10-03T17:02:36.184877+00:00,LibGen,LibGen.bz,UP,200,664,,
2026-10-03T17:03:36.431107+00:00,LibGen,LibGen.bz,UP,200,885,,
2026-10-03T17:04:36.921582+00:00,LibGen,LibGen.bz,UP,200,970,,
2026-10-03T17:05:37.092509+00:00,LibGen,LibGen.bz,UP,200,903,,
2026-10-03T17:06:37.209666+00:00,LibGen,LibGen.bz,UP,200,891,,
2026-10-03T17:07:37.563809+00:00,LibGen,LibGen.bz,UP,200,967,,
2026-10-03T17:08:37.755252+00:00,LibGen,LibGen.bz,UP,200,797,,
2026-10-03T17:09:37.829478+00:00,LibGen,LibGen.bz,UP,200,636,,
2026-10-03T17:10:38.491116+00:00,LibGen,LibGen.bz,UP,200,669,,
2026-10-03T17:11:38.142150+00:00,LibGen,LibGen.bz,UP,200,709,,
2026-10-03T17:12:39.101711+00:00,LibGen,LibGen.bz,UP,200,769,,
2026-10-03T17:13:39.026906+00:00,LibGen,LibGen.bz,UP,200,746,,
2026-10-03T17:14:39.668192+00:00,LibGen,LibGen.bz,UP,200,1306,,
2026-10-03T17:15:39.555375+00:00,LibGen,LibGen.bz,UP,200,632,,
2026-10-03T17:16:40.705943+00:00,LibGen,LibGen.bz,UP,200,812,,
2026-10-03T17:17:40.944731+00:00,LibGen,LibGen.bz,UP,200,815,,
2026-10-03T17:18:40.846702+00:00,LibGen,LibGen.bz,UP,200,852,,
2026-10-03T17:19:41.623195+00:00,LibGen,LibGen.bz,UP,200,881,,
2026-10-03T17:20:41.942694+00:00,LibGen,LibGen.bz,UP,200,785,,
2026-10-03T17:21:42.071091+00:00,LibGen,LibGen.bz,UP,200,685,,
2026-10-03T17:22:42.154362+00:00,LibGen,LibGen.bz,UP,200,662,,
2026-10-03T17:24:03.232422+00:00,LibGen,LibGen.bz,DOWN,,,connection_refused,
2026-10-03T17:24:43.038194+00:00,LibGen,LibGen.bz,UP,200,735,,
2026-10-03T17:25:43.066195+00:00,LibGen,LibGen.bz,UP,200,630,,
2026-10-03T17:26:43.459487+00:00,LibGen,LibGen.bz,UP,200,716,,
2026-10-03T17:27:44.526363+00:00,LibGen,LibGen.bz,UP,200,757,,
2026-10-03T17:28:44.570511+00:00,LibGen,LibGen.bz,UP,200,684,,
2026-10-03T17:29:48.582973+00:00,LibGen,LibGen.bz,DEGRADED,200,4318,latency_high,
2026-10-03T17:30:45.461127+00:00,LibGen,LibGen.bz,UP,200,811,,
2026-10-03T17:31:45.853902+00:00,LibGen,LibGen.bz,UP,200,856,,
2026-10-03T17:32:45.983682+00:00,LibGen,LibGen.bz,UP,200,800,,
2026-10-03T17:33:46.645058+00:00,LibGen,LibGen.bz,UP,200,887,,
2026-10-03T17:34:47.081935+00:00,LibGen,LibGen.bz,UP,200,869,,
2026-10-03T17:35:46.869843+00:00,LibGen,LibGen.bz,UP,200,327,,
2026-10-03T17:36:47.151849+00:00,LibGen,LibGen.bz,UP,200,631,,
2026-10-03T17:37:48.816794+00:00,LibGen,LibGen.bz,UP,200,1640,,
2026-10-03T17:38:47.755245+00:00,LibGen,LibGen.bz,UP,200,410,,
2026-10-03T17:39:48.226159+00:00,LibGen,LibGen.bz,UP,200,680,,
2026-10-03T17:40:49.802908+00:00,LibGen,LibGen.bz,UP,200,926,,
2026-10-03T17:41:49.377640+00:00,LibGen,LibGen.bz,UP,200,778,,
2026-10-03T17:42:49.923206+00:00,LibGen,LibGen.bz,UP,200,1164,,
2026-10-03T17:43:49.713482+00:00,LibGen,LibGen.bz,UP,200,812,,
2026-10-03T17:44:50.438197+00:00,LibGen,LibGen.bz,UP,200,709,,
2026-10-03T17:45:50.131501+00:00,LibGen,LibGen.bz,UP,200,659,,
2026-10-03T17:46:50.703886+00:00,LibGen,LibGen.bz,UP,200,980,,
2026-10-03T17:47:51.342153+00:00,LibGen,LibGen.bz,UP,200,835,,
2026-10-03T17:48:54.326712+00:00,LibGen,LibGen.bz,DEGRADED,200,3986,latency_high,
2026-10-03T17:49:51.429844+00:00,LibGen,LibGen.bz,UP,200,729,,
2026-10-03T17:50:51.738059+00:00,LibGen,LibGen.bz,UP,200,1069,,
2026-10-03T17:51:51.406908+00:00,LibGen,LibGen.bz,UP,200,695,,
2026-10-03T17:52:52.853484+00:00,LibGen,LibGen.bz,UP,200,683,,
2026-10-03T17:53:52.995516+00:00,LibGen,LibGen.bz,UP,200,852,,
2026-10-03T17:54:52.968679+00:00,LibGen,LibGen.bz,UP,200,799,,
2026-10-03T17:55:53.282748+00:00,LibGen,LibGen.bz,UP,200,807,,
2026-10-03T17:56:53.037577+00:00,LibGen,LibGen.bz,UP,200,786,,
2026-10-03T17:57:53.979689+00:00,LibGen,LibGen.bz,UP,200,849,,
2026-10-03T17:58:54.393551+00:00,LibGen,LibGen.bz,UP,200,724,,
2026-10-03T17:59:54.725554+00:00,LibGen,LibGen.bz,UP,200,687,,
2026-10-03T18:00:55.557060+00:00,LibGen,LibGen.bz,UP,200,730,,
2026-10-03T18:01:56.249186+00:00,LibGen,LibGen.bz,UP,200,689,,
2026-10-03T18:02:56.359822+00:00,LibGen,LibGen.bz,UP,200,962,,
2026-10-03T18:03:56.439455+00:00,LibGen,LibGen.bz,UP,200,787,,
2026-10-03T18:04:56.721319+00:00,LibGen,LibGen.bz,UP,200,792,,
2026-10-03T18:05:56.965656+00:00,LibGen,LibGen.bz,UP,200,466,,
2026-10-03T18:06:58.221005+00:00,LibGen,LibGen.bz,UP,200,777,,
2026-10-03T18:07:58.712548+00:00,LibGen,LibGen.bz,UP,200,852,,
2026-10-03T18:09:00.278466+00:00,LibGen,LibGen.bz,UP,200,814,,
2026-10-03T18:09:59.937491+00:00,LibGen,LibGen.bz,UP,200,825,,
2026-10-03T18:11:01.405804+00:00,LibGen,LibGen.bz,UP,200,885,,
2026-10-03T18:12:01.062344+00:00,LibGen,LibGen.bz,UP,200,939,,
2026-10-03T18:13:02.616203+00:00,LibGen,LibGen.bz,UP,200,1198,,
2026-10-03T18:14:02.081576+00:00,LibGen,LibGen.bz,UP,200,947,,
2026-10-03T18:15:03.077556+00:00,LibGen,LibGen.bz,UP,200,1453,,
2026-10-03T18:16:03.768707+00:00,LibGen,LibGen.bz,UP,200,759,,
2026-10-03T18:17:03.724958+00:00,LibGen,LibGen.bz,UP,200,832,,
2026-10-03T18:18:04.812535+00:00,LibGen,LibGen.bz,UP,200,1477,,
2026-10-03T18:19:04.789931+00:00,LibGen,LibGen.bz,UP,200,711,,
2026-10-03T18:20:10.150039+00:00,LibGen,LibGen.bz,UP,200,928,,
2026-10-03T18:21:05.288647+00:00,LibGen,LibGen.bz,UP,200,781,,
2026-10-03T18:22:06.293098+00:00,LibGen,LibGen.bz,UP,200,755,,
2026-10-03T18:23:06.468963+00:00,LibGen,LibGen.bz,UP,200,1007,,
2026-10-03T18:24:06.850915+00:00,LibGen,LibGen.bz,UP,200,812,,
2026-10-03T18:25:07.547817+00:00,LibGen,LibGen.bz,UP,200,969,,
2026-10-03T18:26:08.398488+00:00,LibGen,LibGen.bz,UP,200,814,,
2026-10-03T18:27:08.471403+00:00,LibGen,LibGen.bz,UP,200,272,,
2026-10-03T18:28:08.957545+00:00,LibGen,LibGen.bz,UP,200,773,,
2026-10-03T18:29:09.277456+00:00,LibGen,LibGen.bz,UP,200,800,,
2026-10-03T18:30:09.884780+00:00,LibGen,LibGen.bz,UP,200,861,,
2026-10-03T18:31:10.319993+00:00,LibGen,LibGen.bz,UP,200,827,,
2026-10-03T18:32:10.671339+00:00,LibGen,LibGen.bz,UP,200,805,,
2026-10-03T18:33:12.483555+00:00,LibGen,LibGen.bz,UP,200,741,,
2026-10-03T18:34:14.636592+00:00,LibGen,LibGen.bz,DEGRADED,200,3772,latency_high,
2026-10-03T18:35:31.874869+00:00,LibGen,LibGen.bz,DOWN,,,connection_refused,
2026-10-03T18:36:13.149689+00:00,LibGen,LibGen.bz,UP,200,1654,,
2026-10-03T18:37:13.215810+00:00,LibGen,LibGen.bz,UP,200,771,,
2026-10-03T18:38:14.089741+00:00,LibGen,LibGen.bz,UP,200,1089,,
2026-10-03T18:39:14.523766+00:00,LibGen,LibGen.bz,UP,200,1217,,
2026-10-03T18:40:14.964557+00:00,LibGen,LibGen.bz,UP,200,1133,,
2026-10-03T18:41:15.397354+00:00,LibGen,LibGen.bz,UP,200,799,,
2026-10-03T18:42:14.953797+00:00,LibGen,LibGen.bz,UP,200,1137,,
2026-10-03T18:43:14.725694+00:00,LibGen,LibGen.bz,UP,200,348,,
2026-10-03T18:44:15.560506+00:00,LibGen,LibGen.bz,UP,200,707,,
2026-10-03T18:45:16.235481+00:00,LibGen,LibGen.bz,UP,200,884,,
2026-10-03T18:46:17.203982+00:00,LibGen,LibGen.bz,UP,200,1751,,
2026-10-03T18:47:17.081520+00:00,LibGen,LibGen.bz,UP,200,833,,
2026-10-03T18:48:17.635869+00:00,LibGen,LibGen.bz,UP,200,706,,
2026-10-03T18:49:20.624370+00:00,LibGen,LibGen.bz,DEGRADED,200,3038,latency_high,
2026-10-03T18:50:18.003595+00:00,LibGen,LibGen.bz,UP,200,294,,
2026-10-03T18:51:19.314002+00:00,LibGen,LibGen.bz,UP,200,689,,
2026-10-03T18:52:19.292365+00:00,LibGen,LibGen.bz,UP,200,687,,
2026-10-03T18:53:19.693873+00:00,LibGen,LibGen.bz,UP,200,873,,
2026-10-03T18:54:20.641619+00:00,LibGen,LibGen.bz,UP,200,633,,
2026-10-03T18:55:20.220971+00:00,LibGen,LibGen.bz,UP,200,709,,
2026-10-03T18:56:20.430735+00:00,LibGen,LibGen.bz,UP,200,763,,
2026-10-03T18:57:20.720667+00:00,LibGen,LibGen.bz,UP,200,770,,
2026-10-03T18:58:21.357566+00:00,LibGen,LibGen.bz,UP,200,746,,
2026-10-03T18:59:23.240189+00:00,LibGen,LibGen.bz,UP,200,1818,,
2026-10-03T19:00:22.236622+00:00,LibGen,LibGen.bz,UP,200,1128,,
2026-10-03T19:01:22.319515+00:00,LibGen,LibGen.bz,UP,200,718,,
2026-10-03T19:02:22.907973+00:00,LibGen,LibGen.bz,UP,200,667,,
2026-10-03T19:03:23.793730+00:00,LibGen,LibGen.bz,UP,200,794,,
2026-10-03T19:04:44.043996+00:00,LibGen,LibGen.bz,DOWN,,,connection_refused,
2026-10-03T19:05:24.990993+00:00,LibGen,LibGen.bz,UP,200,1052,,
2026-10-03T19:06:25.118161+00:00,LibGen,LibGen.bz,UP,200,797,,
2026-10-03T19:07:25.180467+00:00,LibGen,LibGen.bz,UP,200,845,,
2026-10-03T19:08:25.787817+00:00,LibGen,LibGen.bz,UP,200,746,,
2026-10-03T19:09:25.368307+00:00,LibGen,LibGen.bz,UP,200,461,,
2026-10-03T19:10:26.860197+00:00,LibGen,LibGen.bz,UP,200,1373,,
2026-10-03T19:11:27.683339+00:00,LibGen,LibGen.bz,UP,200,901,,
2026-10-03T19:12:27.577637+00:00,LibGen,LibGen.bz,UP,200,1162,,
2026-10-03T19:13:27.815935+00:00,LibGen,LibGen.bz,UP,200,1025,,
2026-10-03T19:14:27.766100+00:00,LibGen,LibGen.bz,UP,200,758,,
2026-10-03T19:15:28.933842+00:00,LibGen,LibGen.bz,UP,200,1087,,
2026-10-03T19:16:29.335204+00:00,LibGen,LibGen.bz,UP,200,892,,
2026-10-03T19:17:29.779591+00:00,LibGen,LibGen.bz,UP,200,805,,
2026-10-03T19:18:30.806955+00:00,LibGen,LibGen.bz,UP,200,1248,,
2026-10-03T19:19:31.704786+00:00,LibGen,LibGen.bz,UP,200,1318,,
2026-10-03T19:20:31.250618+00:00,LibGen,LibGen.bz,UP,200,867,,
2026-10-03T19:21:33.154667+00:00,LibGen,LibGen.bz,UP,200,823,,
2026-10-03T19:22:32.578695+00:00,LibGen,LibGen.bz,UP,200,760,,
2026-10-03T19:23:33.249705+00:00,LibGen,LibGen.bz,UP,200,914,,
2026-10-03T19:24:32.729013+00:00,LibGen,LibGen.bz,UP,200,616,,
2026-10-03T19:25:33.029434+00:00,LibGen,LibGen.bz,UP,200,650,,
2026-10-03T19:26:33.405481+00:00,LibGen,LibGen.bz,UP,200,784,,
2026-10-03T19:27:34.354243+00:00,LibGen,LibGen.bz,UP,200,694,,
2026-10-03T19:28:34.127946+00:00,LibGen,LibGen.bz,UP,200,628,,
2026-10-03T19:29:37.704456+00:00,LibGen,LibGen.bz,DEGRADED,200,3729,latency_high,
2026-10-03T19:30:34.968081+00:00,LibGen,LibGen.bz,UP,200,722,,
2026-10-03T19:31:36.992174+00:00,LibGen,LibGen.bz,UP,200,697,,
2026-10-03T19:32:36.191550+00:00,LibGen,LibGen.bz,UP,200,689,,
2026-10-03T19:33:36.293967+00:00,LibGen,LibGen.bz,UP,200,613,,
2026-10-03T19:34:37.215270+00:00,LibGen,LibGen.bz,UP,200,849,,
2026-10-03T19:35:37.388713+00:00,LibGen,LibGen.bz,UP,200,762,,
2026-10-03T19:36:37.137055+00:00,LibGen,LibGen.bz,UP,200,323,,
2026-10-03T19:37:38.128013+00:00,LibGen,LibGen.bz,UP,200,724,,
2026-10-03T19:38:38.243153+00:00,LibGen,LibGen.bz,UP,200,717,,
2026-10-03T19:39:38.536840+00:00,LibGen,LibGen.bz,UP,200,785,,
2026-10-03T19:40:38.689623+00:00,LibGen,LibGen.bz,UP,200,693,,
2026-10-03T19:41:39.189657+00:00,LibGen,LibGen.bz,UP,200,599,,
2026-10-03T19:42:40.580252+00:00,LibGen,LibGen.bz,UP,200,1731,,
2026-10-03T19:43:39.725533+00:00,LibGen,LibGen.bz,UP,200,760,,
2026-10-03T19:44:40.013093+00:00,LibGen,LibGen.bz,UP,200,845,,
2026-10-03T19:45:40.195464+00:00,LibGen,LibGen.bz,UP,200,781,,
2026-10-03T19:46:40.807063+00:00,LibGen,LibGen.bz,UP,200,711,,
2026-10-03T19:47:41.764974+00:00,LibGen,LibGen.bz,UP,200,779,,
2026-10-03T19:48:41.611224+00:00,LibGen,LibGen.bz,UP,200,869,,
2026-10-03T19:49:42.392796+00:00,LibGen,LibGen.bz,UP,200,659,,
2026-10-03T19:50:42.245910+00:00,LibGen,LibGen.bz,UP,200,816,,
2026-10-03T19:51:43.215313+00:00,LibGen,LibGen.bz,UP,200,1202,,
2026-10-03T19:52:43.008820+00:00,LibGen,LibGen.bz,UP,200,610,,
2026-10-03T19:53:42.839538+00:00,LibGen,LibGen.bz,DOWN,500,335,http_error,
2026-10-03T19:54:43.417543+00:00,LibGen,LibGen.bz,UP,200,681,,
2026-10-03T19:55:44.950078+00:00,LibGen,LibGen.bz,UP,200,933,,
2026-10-03T19:56:44.887496+00:00,LibGen,LibGen.bz,UP,200,745,,
2026-10-03T19:57:46.948109+00:00,LibGen,LibGen.bz,UP,200,1666,,
2026-10-03T19:58:45.636590+00:00,LibGen,LibGen.bz,UP,200,821,,
2026-10-03T19:59:46.005467+00:00,LibGen,LibGen.bz,UP,200,921,,
2026-10-03T20:00:46.585380+00:00,LibGen,LibGen.bz,UP,200,703,,
2026-10-03T20:01:48.763716+00:00,LibGen,LibGen.bz,UP,200,2835,,
2026-10-03T20:02:47.159509+00:00,LibGen,LibGen.bz,UP,200,742,,
2026-10-03T20:03:47.824221+00:00,LibGen,LibGen.bz,UP,200,710,,
2026-10-03T20:04:48.988570+00:00,LibGen,LibGen.bz,UP,200,1051,,
2026-10-03T20:05:49.008129+00:00,LibGen,LibGen.bz,UP,200,732,,
2026-10-03T20:06:49.642767+00:00,LibGen,LibGen.bz,UP,200,757,,
2026-10-03T20:07:49.810044+00:00,LibGen,LibGen.bz,UP,200,744,,
2026-10-03T20:08:49.993023+00:00,LibGen,LibGen.bz,UP,200,332,,
2026-10-03T20:09:50.140522+00:00,LibGen,LibGen.bz,UP,200,815,,
2026-10-03T20:10:50.346767+00:00,LibGen,LibGen.bz,UP,200,805,,
2026-10-03T20:11:51.784133+00:00,LibGen,LibGen.bz,UP,200,687,,
2026-10-03T20:12:51.630753+00:00,LibGen,LibGen.bz,UP,200,839,,
2026-10-03T20:13:51.242704+00:00,LibGen,LibGen.bz,UP,200,773,,
2026-10-03T20:14:51.741942+00:00,LibGen,LibGen.bz,UP,200,727,,
2026-10-03T20:15:53.047930+00:00,LibGen,LibGen.bz,UP,200,994,,
2026-10-03T20:16:54.066540+00:00,LibGen,LibGen.bz,UP,200,1945,,
2026-10-03T20:17:53.125677+00:00,LibGen,LibGen.bz,UP,200,618,,
2026-10-03T20:18:53.605450+00:00,LibGen,LibGen.bz,UP,200,759,,
2026-10-03T20:19:54.352606+00:00,LibGen,LibGen.bz,UP,200,783,,
2026-10-03T20:20:54.947956+00:00,LibGen,LibGen.bz,UP,200,941,,
2026-10-03T20:21:54.535383+00:00,LibGen,LibGen.bz,UP,200,257,,
2026-10-03T20:22:55.686094+00:00,LibGen,LibGen.bz,UP,200,744,,
2026-10-03T20:23:56.507968+00:00,LibGen,LibGen.bz,UP,200,1239,,
2026-10-03T20:24:56.052373+00:00,LibGen,LibGen.bz,UP,200,722,,
2026-10-03T20:25:57.403218+00:00,LibGen,LibGen.bz,UP,200,1278,,
2026-10-03T20:27:16.919941+00:00,LibGen,LibGen.bz,DOWN,,,connection_refused,
2026-10-03T20:27:58.361672+00:00,LibGen,LibGen.bz,UP,200,1220,,
2026-10-03T20:28:58.084219+00:00,LibGen,LibGen.bz,UP,200,279,,
2026-10-03T20:29:58.815085+00:00,LibGen,LibGen.bz,UP,200,727,,
2026-10-03T20:30:59.725307+00:00,LibGen,LibGen.bz,UP,200,850,,
2026-10-03T20:32:00.117636+00:00,LibGen,LibGen.bz,UP,200,773,,
2026-10-03T20:33:01.216880+00:00,LibGen,LibGen.bz,UP,200,859,,
2026-10-03T20:34:01.891001+00:00,LibGen,LibGen.bz,UP,200,1013,,
2026-10-03T20:35:01.470715+00:00,LibGen,LibGen.bz,UP,200,303,,
2026-10-03T20:36:02.209588+00:00,LibGen,LibGen.bz,UP,200,803,,
2026-10-03T20:37:03.354614+00:00,LibGen,LibGen.bz,UP,200,1154,,
2026-10-03T20:38:03.188275+00:00,LibGen,LibGen.bz,UP,200,264,,
2026-10-03T20:39:03.647133+00:00,LibGen,LibGen.bz,UP,200,835,,
2026-10-03T20:40:03.549897+00:00,LibGen,LibGen.bz,UP,200,273,,
2026-10-03T20:41:05.441476+00:00,LibGen,LibGen.bz,UP,200,1271,,
2026-10-03T20:42:05.789886+00:00,LibGen,LibGen.bz,UP,200,725,,
2026-10-03T20:43:06.160033+00:00,LibGen,LibGen.bz,UP,200,791,,
2026-10-03T20:44:06.362548+00:00,LibGen,LibGen.bz,UP,200,767,,
2026-10-03T20:45:06.858846+00:00,LibGen,LibGen.bz,UP,200,1131,,
2026-10-03T20:46:06.873733+00:00,LibGen,LibGen.bz,UP,200,333,,
2026-10-03T20:47:08.288835+00:00,LibGen,LibGen.bz,DOWN,500,1466,http_error,
2026-10-03T20:48:28.679421+00:00,LibGen,LibGen.bz,DOWN,,,connection_refused,
2026-10-03T20:49:09.039722+00:00,LibGen,LibGen.bz,UP,200,790,,
2026-10-03T20:50:09.540993+00:00,LibGen,LibGen.bz,UP,200,921,,
2026-10-03T20:51:09.482595+00:00,LibGen,LibGen.bz,UP,200,809,,
2026-10-03T20:52:10.466577+00:00,LibGen,LibGen.bz,UP,200,775,,
2026-10-03T20:53:10.847877+00:00,LibGen,LibGen.bz,UP,200,1016,,
2026-10-03T20:54:11.011526+00:00,LibGen,LibGen.bz,UP,200,708,,
2026-10-03T20:55:11.337858+00:00,LibGen,LibGen.bz,UP,200,721,,
2026-10-03T20:56:11.632421+00:00,LibGen,LibGen.bz,UP,200,924,,
2026-10-03T20:57:11.560970+00:00,LibGen,LibGen.bz,UP,200,669,,
2026-10-03T20:58:12.585103+00:00,LibGen,LibGen.bz,UP,200,611,,
2026-10-03T20:59:12.322483+00:00,LibGen,LibGen.bz,UP,200,602,,
2026-10-03T21:00:12.238678+00:00,LibGen,LibGen.bz,UP,200,292,,
2026-10-03T21:01:13.558215+00:00,LibGen,LibGen.bz,UP,200,784,,
2026-10-03T21:02:14.459703+00:00,LibGen,LibGen.bz,UP,200,1002,,
2026-10-03T21:03:14.759272+00:00,LibGen,LibGen.bz,UP,200,818,,
2026-10-03T21:04:15.267213+00:00,LibGen,LibGen.bz,UP,200,715,,
2026-10-03T21:05:15.536546+00:00,LibGen,LibGen.bz,UP,200,854,,
2026-10-03T21:06:17.251621+00:00,LibGen,LibGen.bz,UP,200,715,,
2026-10-03T21:07:16.918027+00:00,LibGen,LibGen.bz,UP,200,729,,
2026-10-03T21:08:17.226638+00:00,LibGen,LibGen.bz,UP,200,856,,
2026-10-03T21:09:17.418045+00:00,LibGen,LibGen.bz,UP,200,824,,
2026-10-03T21:10:18.144037+00:00,LibGen,LibGen.bz,UP,200,810,,
2026-10-03T21:11:17.978900+00:00,LibGen,LibGen.bz,UP,200,707,,
2026-10-03T21:12:18.455598+00:00,LibGen,LibGen.bz,UP,200,726,,
2026-10-03T21:13:19.431057+00:00,LibGen,LibGen.bz,UP,200,695,,
2026-10-03T21:14:23.106782+00:00,LibGen,LibGen.bz,DEGRADED,200,3869,latency_high,
2026-10-03T21:15:21.183978+00:00,LibGen,LibGen.bz,UP,200,738,,
2026-10-03T21:16:19.980463+00:00,LibGen,LibGen.bz,UP,200,643,,
2026-10-03T21:17:21.131328+00:00,LibGen,LibGen.bz,UP,200,1023,,
2026-10-03T21:18:21.098004+00:00,LibGen,LibGen.bz,UP,200,802,,
2026-10-03T21:19:21.718201+00:00,LibGen,LibGen.bz,UP,200,833,,
2026-10-03T21:20:21.816935+00:00,LibGen,LibGen.bz,UP,200,757,,
2026-10-03T21:21:22.086568+00:00,LibGen,LibGen.bz,UP,200,600,,
2026-10-03T21:22:22.171645+00:00,LibGen,LibGen.bz,UP,200,592,,
2026-10-03T21:23:23.313402+00:00,LibGen,LibGen.bz,UP,200,961,,
2026-10-03T21:24:24.606000+00:00,LibGen,LibGen.bz,UP,200,806,,
2026-10-03T21:25:24.501750+00:00,LibGen,LibGen.bz,UP,200,924,,
2026-10-03T21:26:25.075920+00:00,LibGen,LibGen.bz,UP,200,641,,
2026-10-03T21:27:25.303628+00:00,LibGen,LibGen.bz,UP,200,656,,
2026-10-03T21:28:28.694972+00:00,LibGen,LibGen.bz,DEGRADED,200,3859,latency_high,
2026-10-03T21:29:25.660544+00:00,LibGen,LibGen.bz,UP,200,678,,
2026-10-03T21:30:26.694991+00:00,LibGen,LibGen.bz,UP,200,713,,
2026-10-03T21:31:27.041155+00:00,LibGen,LibGen.bz,UP,200,710,,
2026-10-03T21:32:27.709496+00:00,LibGen,LibGen.bz,UP,200,698,,
2026-10-03T21:33:28.378164+00:00,LibGen,LibGen.bz,UP,200,739,,
2026-10-03T21:34:29.054868+00:00,LibGen,LibGen.bz,UP,200,780,,
2026-10-03T21:35:29.941201+00:00,LibGen,LibGen.bz,UP,200,612,,
2026-10-03T21:36:31.114459+00:00,LibGen,LibGen.bz,UP,200,803,,
2026-10-03T21:37:31.190959+00:00,LibGen,LibGen.bz,UP,200,945,,
2026-10-03T21:38:31.854667+00:00,LibGen,LibGen.bz,UP,200,565,,
2026-10-03T21:39:31.783886+00:00,LibGen,LibGen.bz,UP,200,710,,
2026-10-03T21:40:37.369540+00:00,LibGen,LibGen.bz,DEGRADED,200,5292,latency_high,
2026-10-03T21:41:32.957969+00:00,LibGen,LibGen.bz,UP,200,746,,
2026-10-03T21:42:33.039248+00:00,LibGen,LibGen.bz,UP,200,571,,
2026-10-03T21:43:33.439590+00:00,LibGen,LibGen.bz,UP,200,648,,
2026-10-03T21:44:34.200767+00:00,LibGen,LibGen.bz,UP,200,719,,
2026-10-03T21:45:34.319140+00:00,LibGen,LibGen.bz,UP,200,711,,
2026-10-03T21:46:35.209588+00:00,LibGen,LibGen.bz,UP,200,1182,,
2026-10-03T21:47:34.900024+00:00,LibGen,LibGen.bz,DOWN,500,244,http_error,
2026-10-03T21:48:36.288077+00:00,LibGen,LibGen.bz,UP,200,812,,
2026-10-03T21:49:36.231241+00:00,LibGen,LibGen.bz,DOWN,500,651,http_error,
2026-10-03T21:50:37.420987+00:00,LibGen,LibGen.bz,UP,200,1464,,
2026-10-03T21:51:37.229776+00:00,LibGen,LibGen.bz,UP,200,663,,
2026-10-03T21:52:37.473803+00:00,LibGen,LibGen.bz,UP,200,826,,
2026-10-03T21:53:37.895491+00:00,LibGen,LibGen.bz,UP,200,949,,
2026-10-03T21:54:37.785375+00:00,LibGen,LibGen.bz,DOWN,500,617,http_error,
2026-10-03T21:55:38.444849+00:00,LibGen,LibGen.bz,UP,200,654,,
2026-10-03T21:56:39.138171+00:00,LibGen,LibGen.bz,UP,200,773,,
2026-10-03T21:57:40.080648+00:00,LibGen,LibGen.bz,UP,200,811,,
2026-10-03T21:58:40.267020+00:00,LibGen,LibGen.bz,UP,200,687,,
2026-10-03T21:59:41.125532+00:00,LibGen,LibGen.bz,UP,200,1174,,
2026-10-03T22:00:40.271511+00:00,LibGen,LibGen.bz,UP,200,297,,
2026-10-03T22:01:40.602791+00:00,LibGen,LibGen.bz,UP,200,257,,
2026-10-03T22:02:43.789352+00:00,LibGen,LibGen.bz,UP,200,588,,
2026-10-03T22:03:42.307091+00:00,LibGen,LibGen.bz,UP,200,736,,
2026-10-03T22:04:42.566512+00:00,LibGen,LibGen.bz,UP,200,825,,
2026-10-03T22:05:43.757966+00:00,LibGen,LibGen.bz,UP,200,828,,
2026-10-03T22:06:43.424389+00:00,LibGen,LibGen.bz,DOWN,500,680,http_error,
2026-10-03T22:07:44.343272+00:00,LibGen,LibGen.bz,UP,200,760,,
2026-10-03T22:08:47.276776+00:00,LibGen,LibGen.bz,UP,200,662,,
2026-10-03T22:09:45.364272+00:00,LibGen,LibGen.bz,UP,200,747,,
2026-10-03T22:10:45.692605+00:00,LibGen,LibGen.bz,UP,200,811,,
2026-10-03T22:11:45.819103+00:00,LibGen,LibGen.bz,UP,200,664,,
2026-10-03T22:12:46.614372+00:00,LibGen,LibGen.bz,UP,200,1007,,
2026-10-03T22:13:46.813919+00:00,LibGen,LibGen.bz,UP,200,743,,
2026-10-03T22:14:47.013257+00:00,LibGen,LibGen.bz,UP,200,582,,
2026-10-03T22:15:47.729389+00:00,LibGen,LibGen.bz,UP,200,914,,
2026-10-03T22:16:48.776684+00:00,LibGen,LibGen.bz,UP,200,820,,
2026-10-03T22:17:49.153495+00:00,LibGen,LibGen.bz,UP,200,946,,
2026-10-03T22:19:10.534324+00:00,LibGen,LibGen.bz,DOWN,,,connection_refused,
2026-10-03T22:19:50.124102+00:00,LibGen,LibGen.bz,UP,200,617,,
2026-10-03T22:20:50.581455+00:00,LibGen,LibGen.bz,UP,200,731,,
2026-10-03T22:21:51.880143+00:00,LibGen,LibGen.bz,UP,200,802,,
2026-10-03T22:22:51.045149+00:00,LibGen,LibGen.bz,UP,200,735,,
2026-10-03T22:23:51.380446+00:00,LibGen,LibGen.bz,UP,200,839,,
2026-10-03T22:24:51.881987+00:00,LibGen,LibGen.bz,UP,200,722,,
2026-10-03T22:25:52.747795+00:00,LibGen,LibGen.bz,UP,200,760,,
2026-10-03T22:26:52.857244+00:00,LibGen,LibGen.bz,UP,200,991,,
2026-10-03T22:27:55.109809+00:00,LibGen,LibGen.bz,UP,200,683,,
2026-10-03T22:29:13.314872+00:00,LibGen,LibGen.bz,DOWN,,,connection_refused,
2026-10-03T22:29:54.086516+00:00,LibGen,LibGen.bz,UP,200,680,,
2026-10-03T22:31:14.957884+00:00,LibGen,LibGen.bz,DOWN,,,connection_refused,
2026-10-03T22:31:55.406851+00:00,LibGen,LibGen.bz,UP,200,672,,
2026-10-03T22:32:55.811952+00:00,LibGen,LibGen.bz,UP,200,709,,
2026-10-03T22:33:56.383678+00:00,LibGen,LibGen.bz,UP,200,779,,
2026-10-03T22:34:57.211323+00:00,LibGen,LibGen.bz,UP,200,860,,
2026-10-03T22:35:57.292620+00:00,LibGen,LibGen.bz,UP,200,666,,
2026-10-03T22:36:58.102358+00:00,LibGen,LibGen.bz,UP,200,751,,
2026-10-03T22:37:58.632591+00:00,LibGen,LibGen.bz,UP,200,845,,
2026-10-03T22:38:59.441492+00:00,LibGen,LibGen.bz,UP,200,1090,,
2026-10-03T22:39:59.222766+00:00,LibGen,LibGen.bz,UP,200,696,,
2026-10-03T22:41:00.191414+00:00,LibGen,LibGen.bz,UP,200,639,,
2026-10-03T22:42:00.232849+00:00,LibGen,LibGen.bz,UP,200,970,,
2026-10-03T22:43:00.407522+00:00,LibGen,LibGen.bz,UP,200,673,,
2026-10-03T22:44:01.212236+00:00,LibGen,LibGen.bz,UP,200,746,,
2026-10-03T22:45:01.640274+00:00,LibGen,LibGen.bz,UP,200,1067,,
2026-10-03T22:46:02.575087+00:00,LibGen,LibGen.bz,UP,200,1463,,
2026-10-03T22:47:23.592403+00:00,LibGen,LibGen.bz,DOWN,,,connection_refused,
2026-10-03T22:48:03.129708+00:00,LibGen,LibGen.bz,UP,200,969,,
2026-10-03T22:49:03.446176+00:00,LibGen,LibGen.bz,UP,200,881,,
2026-10-03T22:50:04.598542+00:00,LibGen,LibGen.bz,UP,200,918,,
2026-10-03T22:51:04.135531+00:00,LibGen,LibGen.bz,UP,200,770,,
2026-10-03T22:52:04.872520+00:00,LibGen,LibGen.bz,UP,200,748,,
2026-10-03T22:53:05.263476+00:00,LibGen,LibGen.bz,UP,200,678,,
2026-10-03T22:54:07.475181+00:00,LibGen,LibGen.bz,UP,200,1028,,
2026-10-03T22:55:07.812104+00:00,LibGen,LibGen.bz,UP,200,1227,,
2026-10-03T22:56:07.661106+00:00,LibGen,LibGen.bz,UP,200,725,,
2026-10-03T22:57:07.505186+00:00,LibGen,LibGen.bz,UP,200,735,,
2026-10-03T22:58:07.658603+00:00,LibGen,LibGen.bz,UP,200,688,,
2026-10-03T22:59:08.304064+00:00,LibGen,LibGen.bz,UP,200,736,,
2026-10-03T23:00:08.796579+00:00,LibGen,LibGen.bz,UP,200,970,,
2026-10-03T23:01:09.343623+00:00,LibGen,LibGen.bz,UP,200,664,,
2026-10-03T23:02:10.665260+00:00,LibGen,LibGen.bz,UP,200,668,,
2026-10-03T23:03:10.414576+00:00,LibGen,LibGen.bz,UP,200,839,,
2026-10-03T23:04:11.428467+00:00,LibGen,LibGen.bz,UP,200,1160,,
2026-10-03T23:05:11.889564+00:00,LibGen,LibGen.bz,UP,200,1139,,
2026-10-03T23:06:14.484625+00:00,LibGen,LibGen.bz,UP,200,868,,
2026-10-03T23:07:13.219773+00:00,LibGen,LibGen.bz,UP,200,1025,,
2026-10-03T23:08:14.374071+00:00,LibGen,LibGen.bz,UP,200,797,,
2026-10-03T23:09:15.366996+00:00,LibGen,LibGen.bz,UP,200,1701,,
2026-10-03T23:10:15.487504+00:00,LibGen,LibGen.bz,UP,200,1355,,
2026-10-03T23:11:14.801562+00:00,LibGen,LibGen.bz,UP,200,795,,
2026-10-03T23:12:15.327688+00:00,LibGen,LibGen.bz,UP,200,673,,
2026-10-03T23:13:15.732964+00:00,LibGen,LibGen.bz,UP,200,802,,
2026-10-03T23:14:16.096658+00:00,LibGen,LibGen.bz,UP,200,760,,
2026-10-03T23:15:15.995829+00:00,LibGen,LibGen.bz,DOWN,,,connection_refused,
2026-10-03T23:16:17.289942+00:00,LibGen,LibGen.bz,UP,200,751,,
2026-10-03T23:17:18.144259+00:00,LibGen,LibGen.bz,DOWN,500,985,http_error,
2026-10-03T23:18:18.735208+00:00,LibGen,LibGen.bz,UP,200,782,,
2026-10-03T23:19:19.906385+00:00,LibGen,LibGen.bz,UP,200,1231,,
2026-10-03T23:20:19.103607+00:00,LibGen,LibGen.bz,UP,200,294,,
2026-10-03T23:21:20.679021+00:00,LibGen,LibGen.bz,UP,200,1087,,
2026-10-03T23:22:20.862813+00:00,LibGen,LibGen.bz,UP,200,687,,
2026-10-03T23:23:20.865213+00:00,LibGen,LibGen.bz,UP,200,728,,
2026-10-03T23:24:20.954597+00:00,LibGen,LibGen.bz,UP,200,629,,
2026-10-03T23:25:21.795769+00:00,LibGen,LibGen.bz,UP,200,1143,,
2026-10-03T23:26:41.873644+00:00,LibGen,LibGen.bz,DOWN,,,connection_refused,
2026-10-03T23:27:22.287523+00:00,LibGen,LibGen.bz,UP,200,996,,
2026-10-03T23:28:22.973259+00:00,LibGen,LibGen.bz,UP,200,1210,,
2026-10-03T23:29:22.999096+00:00,LibGen,LibGen.bz,UP,200,684,,
2026-10-03T23:30:24.014918+00:00,LibGen,LibGen.bz,UP,200,1211,,
2026-10-03T23:31:24.878483+00:00,LibGen,LibGen.bz,UP,200,617,,
2026-10-03T23:32:24.564134+00:00,LibGen,LibGen.bz,UP,200,871,,
2026-10-03T23:33:25.293825+00:00,LibGen,LibGen.bz,UP,200,864,,
2026-10-03T23:34:25.882605+00:00,LibGen,LibGen.bz,UP,200,757,,
2026-10-03T23:35:26.135741+00:00,LibGen,LibGen.bz,UP,200,731,,
2026-10-03T23:36:26.468727+00:00,LibGen,LibGen.bz,UP,200,765,,
2026-10-03T23:37:27.111187+00:00,LibGen,LibGen.bz,UP,200,912,,
2026-10-03T23:38:27.344223+00:00,LibGen,LibGen.bz,UP,200,774,,
2026-10-03T23:39:29.060016+00:00,LibGen,LibGen.bz,UP,200,1023,,
2026-10-03T23:40:28.965318+00:00,LibGen,LibGen.bz,UP,200,978,,
2026-10-03T23:41:29.837876+00:00,LibGen,LibGen.bz,UP,200,963,,
2026-10-03T23:42:30.547955+00:00,LibGen,LibGen.bz,UP,200,726,,
2026-10-03T23:43:31.031785+00:00,LibGen,LibGen.bz,UP,200,798,,
2026-10-03T23:44:31.567874+00:00,LibGen,LibGen.bz,UP,200,968,,
2026-10-03T23:45:32.611079+00:00,LibGen,LibGen.bz,UP,200,1172,,
2026-10-03T23:46:32.686632+00:00,LibGen,LibGen.bz,UP,200,767,,
2026-10-03T23:47:33.240994+00:00,LibGen,LibGen.bz,UP,200,831,,
2026-10-03T23:48:32.898952+00:00,LibGen,LibGen.bz,UP,200,260,,
2026-10-03T23:49:34.021760+00:00,LibGen,LibGen.bz,UP,200,764,,
2026-10-03T23:50:34.651427+00:00,LibGen,LibGen.bz,UP,200,766,,
2026-10-03T23:51:34.352968+00:00,LibGen,LibGen.bz,DOWN,500,691,http_error,
2026-10-03T23:52:36.102978+00:00,LibGen,LibGen.bz,UP,200,703,,
2026-10-03T23:53:38.597560+00:00,LibGen,LibGen.bz,DOWN,500,3702,http_error,
2026-10-03T23:54:36.497160+00:00,LibGen,LibGen.bz,DOWN,500,969,http_error,
2026-10-03T23:55:36.673002+00:00,LibGen,LibGen.bz,UP,200,772,,
2026-10-03T23:56:37.611502+00:00,LibGen,LibGen.bz,UP,200,734,,
2026-10-03T23:57:37.819447+00:00,LibGen,LibGen.bz,UP,200,770,,
2026-10-03T23:58:37.868147+00:00,LibGen,LibGen.bz,UP,200,679,,
2026-10-03T23:59:58.482731+00:00,LibGen,LibGen.bz,DOWN,,,connection_refused,
2026-10-04T00:00:39.649912+00:00,LibGen,LibGen.bz,UP,200,901,,
2026-10-04T00:01:41.222388+00:00,LibGen,LibGen.bz,UP,200,1321,,
2026-10-04T00:02:41.022706+00:00,LibGen,LibGen.bz,DOWN,500,1102,http_error,
2026-10-04T00:03:41.796956+00:00,LibGen,LibGen.bz,UP,200,1432,,
2026-10-04T00:04:41.692805+00:00,LibGen,LibGen.bz,UP,200,860,,
2026-10-04T00:05:41.541185+00:00,LibGen,LibGen.bz,UP,200,306,,
2026-10-04T00:06:42.382446+00:00,LibGen,LibGen.bz,UP,200,713,,
2026-10-04T00:07:43.308042+00:00,LibGen,LibGen.bz,UP,200,852,,
2026-10-04T00:08:43.638927+00:00,LibGen,LibGen.bz,UP,200,785,,
2026-10-04T00:09:44.998325+00:00,LibGen,LibGen.bz,UP,200,1329,,
2026-10-04T00:10:45.355146+00:00,LibGen,LibGen.bz,UP,200,816,,
2026-10-04T00:11:45.591104+00:00,LibGen,LibGen.bz,UP,200,951,,
2026-10-04T00:12:46.104631+00:00,LibGen,LibGen.bz,UP,200,790,,
2026-10-04T00:13:46.165606+00:00,LibGen,LibGen.bz,DOWN,500,259,http_error,
2026-10-04T00:14:47.815851+00:00,LibGen,LibGen.bz,UP,200,888,,
2026-10-04T00:15:48.503708+00:00,LibGen,LibGen.bz,UP,200,928,,
2026-10-04T00:16:48.611579+00:00,LibGen,LibGen.bz,UP,200,807,,
2026-10-04T00:17:49.387365+00:00,LibGen,LibGen.bz,DOWN,500,815,http_error,
2026-10-04T00:18:49.905642+00:00,LibGen,LibGen.bz,UP,200,1049,,
2026-10-04T00:19:49.889003+00:00,LibGen,LibGen.bz,UP,200,738,,
2026-10-04T00:20:51.185827+00:00,LibGen,LibGen.bz,UP,200,1667,,
2026-10-04T00:21:50.044842+00:00,LibGen,LibGen.bz,UP,200,276,,
2026-10-04T00:22:51.611617+00:00,LibGen,LibGen.bz,UP,200,706,,
2026-10-04T00:23:53.133859+00:00,LibGen,LibGen.bz,UP,200,1033,,
2026-10-04T00:24:51.785200+00:00,LibGen,LibGen.bz,UP,200,399,,
2026-10-04T00:25:53.641727+00:00,LibGen,LibGen.bz,UP,200,846,,
2026-10-04T00:26:53.848496+00:00,LibGen,LibGen.bz,UP,200,1003,,
2026-10-04T00:27:54.151457+00:00,LibGen,LibGen.bz,UP,200,946,,
2026-10-04T00:28:54.359856+00:00,LibGen,LibGen.bz,UP,200,821,,
2026-10-04T00:29:55.197497+00:00,LibGen,LibGen.bz,UP,200,1047,,
2026-10-04T00:30:55.532808+00:00,LibGen,LibGen.bz,UP,200,820,,
2026-10-04T00:31:55.908160+00:00,LibGen,LibGen.bz,UP,200,844,,
2026-10-04T00:32:55.534968+00:00,LibGen,LibGen.bz,UP,200,324,,
2026-10-04T00:33:57.489565+00:00,LibGen,LibGen.bz,UP,200,1224,,
2026-10-04T00:34:57.772059+00:00,LibGen,LibGen.bz,UP,200,851,,
2026-10-04T00:35:58.690742+00:00,LibGen,LibGen.bz,UP,200,839,,
2026-10-04T00:37:01.757106+00:00,LibGen,LibGen.bz,DEGRADED,200,3718,latency_high,
2026-10-04T00:37:58.631487+00:00,LibGen,LibGen.bz,UP,200,730,,
2026-10-04T00:38:59.635521+00:00,LibGen,LibGen.bz,UP,200,769,,
2026-10-04T00:39:59.974645+00:00,LibGen,LibGen.bz,UP,200,275,,
2026-10-04T00:41:00.289457+00:00,LibGen,LibGen.bz,UP,200,668,,
2026-10-04T00:42:00.921892+00:00,LibGen,LibGen.bz,DOWN,500,746,http_error,
2026-10-04T00:43:01.916138+00:00,LibGen,LibGen.bz,UP,200,1040,,
2026-10-04T00:44:01.367261+00:00,LibGen,LibGen.bz,UP,200,309,,
2026-10-04T00:45:03.223605+00:00,LibGen,LibGen.bz,UP,200,1464,,
2026-10-04T00:46:02.958532+00:00,LibGen,LibGen.bz,UP,200,316,,
2026-10-04T00:47:03.792481+00:00,LibGen,LibGen.bz,UP,200,782,,
2026-10-04T00:48:04.362692+00:00,LibGen,LibGen.bz,UP,200,1000,,
2026-10-04T00:49:04.039002+00:00,LibGen,LibGen.bz,UP,200,802,,
2026-10-04T00:50:05.171324+00:00,LibGen,LibGen.bz,UP,200,1207,,
2026-10-04T00:51:04.870488+00:00,LibGen,LibGen.bz,UP,200,995,,
2026-10-04T00:52:05.265929+00:00,LibGen,LibGen.bz,UP,200,768,,
2026-10-04T00:53:06.505081+00:00,LibGen,LibGen.bz,UP,200,686,,
2026-10-04T00:54:09.349835+00:00,LibGen,LibGen.bz,DEGRADED,200,4325,latency_high,
2026-10-04T00:55:26.558756+00:00,LibGen,LibGen.bz,DOWN,,,connection_refused,
2026-10-04T00:56:06.989787+00:00,LibGen,LibGen.bz,UP,200,1070,,
2026-10-04T00:57:26.672210+00:00,LibGen,LibGen.bz,TIMEOUT,,,timeout,
2026-10-04T00:58:27.520083+00:00,LibGen,LibGen.bz,TIMEOUT,,,timeout,
2026-10-04T00:59:09.829430+00:00,LibGen,LibGen.bz,UP,200,2444,,
2026-10-04T01:00:08.829748+00:00,LibGen,LibGen.bz,UP,200,1062,,
2026-10-04T01:01:09.772304+00:00,LibGen,LibGen.bz,UP,200,760,,
2026-10-04T01:02:09.868330+00:00,LibGen,LibGen.bz,UP,200,753,,
2026-10-04T01:03:10.753954+00:00,LibGen,LibGen.bz,UP,200,987,,
2026-10-04T01:04:10.645967+00:00,LibGen,LibGen.bz,UP,200,795,,
2026-10-04T01:05:11.462603+00:00,LibGen,LibGen.bz,UP,200,931,,
2026-10-04T01:06:12.119751+00:00,LibGen,LibGen.bz,UP,200,698,,
2026-10-04T01:07:13.083730+00:00,LibGen,LibGen.bz,UP,200,838,,
2026-10-04T01:08:13.493641+00:00,LibGen,LibGen.bz,UP,200,729,,
2026-10-04T01:09:13.904810+00:00,LibGen,LibGen.bz,UP,200,773,,
2026-10-04T01:10:19.505703+00:00,LibGen,LibGen.bz,DEGRADED,200,3916,latency_high,
2026-10-04T01:11:14.363494+00:00,LibGen,LibGen.bz,UP,200,712,,
2026-10-04T01:12:15.474370+00:00,LibGen,LibGen.bz,UP,200,729,,
2026-10-04T01:13:20.253832+00:00,LibGen,LibGen.bz,DEGRADED,200,5423,latency_high,
2026-10-04T01:14:15.654537+00:00,LibGen,LibGen.bz,UP,200,711,,
2026-10-04T01:15:15.902749+00:00,LibGen,LibGen.bz,UP,200,287,,
2026-10-04T01:16:17.081580+00:00,LibGen,LibGen.bz,UP,200,966,,
2026-10-04T01:17:17.611048+00:00,LibGen,LibGen.bz,UP,200,1139,,
2026-10-04T01:18:18.579928+00:00,LibGen,LibGen.bz,UP,200,830,,
2026-10-04T01:19:19.094557+00:00,LibGen,LibGen.bz,UP,200,930,,
2026-10-04T01:20:19.208097+00:00,LibGen,LibGen.bz,DOWN,500,738,http_error,
2026-10-04T01:21:19.530726+00:00,LibGen,LibGen.bz,DOWN,500,706,http_error,
2026-10-04T01:22:19.697004+00:00,LibGen,LibGen.bz,DOWN,500,664,http_error,
2026-10-04T01:23:20.008493+00:00,LibGen,LibGen.bz,DOWN,500,604,http_error,
2026-10-04T01:24:40.933918+00:00,LibGen,LibGen.bz,DOWN,,,connection_refused,
2026-10-04T01:25:21.171785+00:00,LibGen,LibGen.bz,UP,200,739,,
2026-10-04T01:26:21.775691+00:00,LibGen,LibGen.bz,UP,200,745,,
2026-10-04T01:27:22.834753+00:00,LibGen,LibGen.bz,UP,200,743,,
2026-10-04T01:28:23.211612+00:00,LibGen,LibGen.bz,UP,200,707,,
2026-10-04T01:29:25.150216+00:00,LibGen,LibGen.bz,UP,200,1935,,
2026-10-04T01:30:24.578660+00:00,LibGen,LibGen.bz,UP,200,1027,,
2026-10-04T01:31:25.051474+00:00,LibGen,LibGen.bz,UP,200,952,,
2026-10-04T01:32:26.262054+00:00,LibGen,LibGen.bz,UP,200,881,,
2026-10-04T01:33:26.821714+00:00,LibGen,LibGen.bz,UP,200,858,,
2026-10-04T01:34:26.711577+00:00,LibGen,LibGen.bz,UP,200,835,,
2026-10-04T01:35:27.345677+00:00,LibGen,LibGen.bz,UP,200,1134,,
2026-10-04T01:36:27.991366+00:00,LibGen,LibGen.bz,UP,200,1154,,
2026-10-04T01:37:48.752738+00:00,LibGen,LibGen.bz,DOWN,,,connection_refused,
2026-10-04T01:38:28.921721+00:00,LibGen,LibGen.bz,UP,200,779,,
2026-10-04T01:39:29.859443+00:00,LibGen,LibGen.bz,UP,200,852,,
2026-10-04T01:40:29.990686+00:00,LibGen,LibGen.bz,UP,200,831,,
2026-10-04T01:41:30.027261+00:00,LibGen,LibGen.bz,UP,200,782,,
2026-10-04T01:42:33.202681+00:00,LibGen,LibGen.bz,DEGRADED,200,3712,latency_high,
2026-10-04T01:43:31.566800+00:00,LibGen,LibGen.bz,UP,200,1724,,
2026-10-04T01:44:31.067642+00:00,LibGen,LibGen.bz,UP,200,710,,
2026-10-04T01:45:31.334512+00:00,LibGen,LibGen.bz,UP,200,735,,
2026-10-04T01:46:35.455913+00:00,LibGen,LibGen.bz,DOWN,500,4339,http_error,
2026-10-04T01:47:32.345726+00:00,LibGen,LibGen.bz,UP,200,819,,
2026-10-04T01:48:33.324695+00:00,LibGen,LibGen.bz,UP,200,893,,
2026-10-04T01:49:33.444920+00:00,LibGen,LibGen.bz,UP,200,757,,
2026-10-04T01:50:34.122719+00:00,LibGen,LibGen.bz,UP,200,713,,
2026-10-04T01:51:57.210705+00:00,LibGen,LibGen.bz,DOWN,,,connection_refused,
2026-10-04T01:52:35.144027+00:00,LibGen,LibGen.bz,UP,200,663,,
2026-10-04T01:53:35.668604+00:00,LibGen,LibGen.bz,UP,200,713,,
2026-10-04T01:54:39.382528+00:00,LibGen,LibGen.bz,DEGRADED,200,4076,latency_high,
2026-10-04T01:55:36.644002+00:00,LibGen,LibGen.bz,UP,200,698,,
2026-10-04T01:56:36.493902+00:00,LibGen,LibGen.bz,DOWN,500,729,http_error,
2026-10-04T01:57:37.594620+00:00,LibGen,LibGen.bz,UP,200,700,,
2026-10-04T01:58:38.024699+00:00,LibGen,LibGen.bz,UP,200,892,,
2026-10-04T01:59:37.665407+00:00,LibGen,LibGen.bz,UP,200,357,,
2026-10-04T02:00:38.356812+00:00,LibGen,LibGen.bz,UP,200,853,,
2026-10-04T02:01:39.275173+00:00,LibGen,LibGen.bz,UP,200,791,,
2026-10-04T02:02:39.975913+00:00,LibGen,LibGen.bz,UP,200,903,,
2026-10-04T02:03:40.570385+00:00,LibGen,LibGen.bz,UP,200,1009,,
2026-10-04T02:04:41.421579+00:00,LibGen,LibGen.bz,UP,200,747,,
2026-10-04T02:05:42.601881+00:00,LibGen,LibGen.bz,UP,200,1154,,
2026-10-04T02:06:42.605654+00:00,LibGen,LibGen.bz,UP,200,758,,
2026-10-04T02:07:43.805240+00:00,LibGen,LibGen.bz,UP,200,283,,
2026-10-04T02:08:43.820697+00:00,LibGen,LibGen.bz,UP,200,742,,
2026-10-04T02:09:44.048500+00:00,LibGen,LibGen.bz,UP,200,291,,
2026-10-04T02:10:45.367812+00:00,LibGen,LibGen.bz,UP,200,1314,,
2026-10-04T02:11:45.763702+00:00,LibGen,LibGen.bz,UP,200,939,,
2026-10-04T02:12:45.771180+00:00,LibGen,LibGen.bz,UP,200,689,,
2026-10-04T02:13:45.450127+00:00,LibGen,LibGen.bz,UP,200,474,,
2026-10-04T02:14:46.934810+00:00,LibGen,LibGen.bz,UP,200,926,,
2026-10-04T02:15:46.993850+00:00,LibGen,LibGen.bz,UP,200,944,,
2026-10-04T02:16:46.513444+00:00,LibGen,LibGen.bz,UP,200,417,,
2026-10-04T02:17:47.907197+00:00,LibGen,LibGen.bz,UP,200,908,,
2026-10-04T02:18:48.617227+00:00,LibGen,LibGen.bz,UP,200,1086,,
2026-10-04T02:19:49.275638+00:00,LibGen,LibGen.bz,UP,200,1026,,
2026-10-04T02:20:49.617273+00:00,LibGen,LibGen.bz,UP,200,834,,
2026-10-04T02:21:49.724465+00:00,LibGen,LibGen.bz,UP,200,697,,
2026-10-04T02:22:51.406242+00:00,LibGen,LibGen.bz,UP,200,718,,
2026-10-04T02:23:50.681625+00:00,LibGen,LibGen.bz,UP,200,750,,
2026-10-04T02:24:51.310326+00:00,LibGen,LibGen.bz,UP,200,756,,
2026-10-04T02:25:52.270229+00:00,LibGen,LibGen.bz,UP,200,851,,
2026-10-04T02:26:52.313953+00:00,LibGen,LibGen.bz,UP,200,599,,
2026-10-04T02:27:53.616971+00:00,LibGen,LibGen.bz,UP,200,1609,,
2026-10-04T02:28:53.339213+00:00,LibGen,LibGen.bz,UP,200,769,,
2026-10-04T02:29:53.195221+00:00,LibGen,LibGen.bz,DOWN,,,connection_refused,
2026-10-04T02:30:55.169202+00:00,LibGen,LibGen.bz,UP,200,954,,
2026-10-04T02:31:55.385365+00:00,LibGen,LibGen.bz,UP,200,806,,
2026-10-04T02:32:55.865887+00:00,LibGen,LibGen.bz,UP,200,749,,
2026-10-04T02:33:56.399950+00:00,LibGen,LibGen.bz,UP,200,1019,,
2026-10-04T02:34:58.866023+00:00,LibGen,LibGen.bz,UP,200,2336,,
2026-10-04T02:35:57.442621+00:00,LibGen,LibGen.bz,UP,200,776,,
2026-10-04T02:36:58.405471+00:00,LibGen,LibGen.bz,UP,200,838,,
2026-10-04T02:38:00.161622+00:00,LibGen,LibGen.bz,UP,200,2189,,
2026-10-04T02:38:59.746721+00:00,LibGen,LibGen.bz,UP,200,998,,
2026-10-04T02:40:00.339808+00:00,LibGen,LibGen.bz,UP,200,787,,
2026-10-04T02:41:02.199036+00:00,LibGen,LibGen.bz,UP,200,1670,,
2026-10-04T02:42:01.572813+00:00,LibGen,LibGen.bz,UP,200,871,,
2026-10-04T02:43:04.462160+00:00,LibGen,LibGen.bz,DEGRADED,200,3011,latency_high,
2026-10-04T02:44:04.202308+00:00,LibGen,LibGen.bz,UP,200,1912,,
2026-10-04T02:45:03.631728+00:00,LibGen,LibGen.bz,UP,200,1458,,
2026-10-04T02:46:06.712472+00:00,LibGen,LibGen.bz,DEGRADED,200,4100,latency_high,
2026-10-04T02:47:04.423363+00:00,LibGen,LibGen.bz,UP,200,804,,
2026-10-04T02:48:08.288802+00:00,LibGen,LibGen.bz,DEGRADED,200,4354,latency_high,
2026-10-04T02:49:08.857856+00:00,LibGen,LibGen.bz,DEGRADED,200,4022,latency_high,
2026-10-04T02:50:07.979428+00:00,LibGen,LibGen.bz,UP,200,1206,,
2026-10-04T02:51:07.820430+00:00,LibGen,LibGen.bz,UP,200,1119,,
2026-10-04T02:52:07.488467+00:00,LibGen,LibGen.bz,UP,200,779,,
2026-10-04T02:53:08.002999+00:00,LibGen,LibGen.bz,UP,200,997,,
2026-10-04T02:54:28.530566+00:00,LibGen,LibGen.bz,DOWN,,,connection_refused,
2026-10-04T02:55:09.782215+00:00,LibGen,LibGen.bz,UP,200,1115,,
2026-10-04T02:56:08.999544+00:00,LibGen,LibGen.bz,UP,200,754,,
2026-10-04T02:57:09.067769+00:00,LibGen,LibGen.bz,UP,200,498,,
2026-10-04T02:58:10.579581+00:00,LibGen,LibGen.bz,UP,200,1310,,
2026-10-04T02:59:10.901426+00:00,LibGen,LibGen.bz,UP,200,1152,,
2026-10-04T03:00:10.878557+00:00,LibGen,LibGen.bz,UP,200,1137,,
2026-10-04T03:01:10.966817+00:00,LibGen,LibGen.bz,UP,200,377,,
2026-10-04T03:02:14.140529+00:00,LibGen,LibGen.bz,UP,200,947,,
2026-10-04T03:03:12.907109+00:00,LibGen,LibGen.bz,UP,200,933,,
2026-10-04T03:04:13.999171+00:00,LibGen,LibGen.bz,UP,200,1147,,
2026-10-04T03:05:33.846758+00:00,LibGen,LibGen.bz,TIMEOUT,,,timeout,
2026-10-04T03:06:34.386550+00:00,LibGen,LibGen.bz,TIMEOUT,,,timeout,
2026-10-04T03:07:34.851867+00:00,LibGen,LibGen.bz,TIMEOUT,,,timeout,
2026-10-04T03:08:35.501937+00:00,LibGen,LibGen.bz,TIMEOUT,,,timeout,
2026-10-04T03:09:17.279776+00:00,LibGen,LibGen.bz,DOWN,502,1639,http_error,
2026-10-04T03:10:36.424275+00:00,LibGen,LibGen.bz,TIMEOUT,,,timeout,
2026-10-04T03:11:36.990907+00:00,LibGen,LibGen.bz,TIMEOUT,,,timeout,
2026-10-04T03:12:37.349992+00:00,LibGen,LibGen.bz,TIMEOUT,,,timeout,
2026-10-04T03:13:17.854970+00:00,LibGen,LibGen.bz,DOWN,500,783,http_error,
2026-10-04T03:14:18.453545+00:00,LibGen,LibGen.bz,UP,200,654,,
2026-10-04T03:15:18.830461+00:00,LibGen,LibGen.bz,UP,200,679,,
2026-10-04T03:16:19.400241+00:00,LibGen,LibGen.bz,UP,200,717,,
2026-10-04T03:17:20.111403+00:00,LibGen,LibGen.bz,UP,200,845,,
2026-10-04T03:18:21.206929+00:00,LibGen,LibGen.bz,UP,200,629,,
2026-10-04T03:19:21.831035+00:00,LibGen,LibGen.bz,UP,200,695,,
2026-10-04T03:20:21.642837+00:00,LibGen,LibGen.bz,UP,200,792,,
2026-10-04T03:21:24.988093+00:00,LibGen,LibGen.bz,UP,200,652,,
2026-10-04T03:22:23.538389+00:00,LibGen,LibGen.bz,UP,200,704,,
2026-10-04T03:23:23.168672+00:00,LibGen,LibGen.bz,UP,200,679,,
2026-10-04T03:24:23.967823+00:00,LibGen,LibGen.bz,UP,200,797,,
2026-10-04T03:25:23.577498+00:00,LibGen,LibGen.bz,UP,200,288,,
2026-10-04T03:26:24.587699+00:00,LibGen,LibGen.bz,UP,200,647,,
2026-10-04T03:27:25.447472+00:00,LibGen,LibGen.bz,UP,200,752,,
2026-10-04T03:28:25.293609+00:00,LibGen,LibGen.bz,UP,200,657,,
2026-10-04T03:29:25.983883+00:00,LibGen,LibGen.bz,UP,200,731,,
2026-10-04T03:30:26.871811+00:00,LibGen,LibGen.bz,UP,200,1059,,
2026-10-04T03:31:28.372939+00:00,LibGen,LibGen.bz,UP,200,749,,
2026-10-04T03:32:27.419986+00:00,LibGen,LibGen.bz,UP,200,757,,
2026-10-04T03:33:27.641679+00:00,LibGen,LibGen.bz,UP,200,647,,
2026-10-04T03:34:28.944193+00:00,LibGen,LibGen.bz,UP,200,740,,
2026-10-04T03:35:29.716424+00:00,LibGen,LibGen.bz,UP,200,765,,
2026-10-04T03:36:29.250992+00:00,LibGen,LibGen.bz,UP,200,663,,
2026-10-04T03:37:30.311631+00:00,LibGen,LibGen.bz,UP,200,710,,
2026-10-04T03:38:30.954452+00:00,LibGen,LibGen.bz,UP,200,803,,
2026-10-04T03:39:32.191670+00:00,LibGen,LibGen.bz,UP,200,1439,,
2026-10-04T03:40:31.858022+00:00,LibGen,LibGen.bz,UP,200,822,,
2026-10-04T03:41:32.333028+00:00,LibGen,LibGen.bz,UP,200,757,,
2026-10-04T03:42:33.425572+00:00,LibGen,LibGen.bz,UP,200,737,,
2026-10-04T03:43:35.675958+00:00,LibGen,LibGen.bz,UP,200,695,,
2026-10-04T03:44:35.109819+00:00,LibGen,LibGen.bz,UP,200,1161,,
2026-10-04T03:45:34.789402+00:00,LibGen,LibGen.bz,UP,200,770,,
2026-10-04T03:46:36.231793+00:00,LibGen,LibGen.bz,UP,200,780,,
2026-10-04T03:47:57.018724+00:00,LibGen,LibGen.bz,DOWN,,,connection_refused,
2026-10-04T03:48:37.243022+00:00,LibGen,LibGen.bz,UP,200,680,,
2026-10-04T03:49:37.740620+00:00,LibGen,LibGen.bz,UP,200,697,,
2026-10-04T03:50:37.790533+00:00,LibGen,LibGen.bz,UP,200,268,,
2026-10-04T03:51:38.412404+00:00,LibGen,LibGen.bz,UP,200,709,,
2026-10-04T03:52:38.656345+00:00,LibGen,LibGen.bz,UP,200,683,,
2026-10-04T03:53:39.355352+00:00,LibGen,LibGen.bz,UP,200,1073,,
2026-10-04T03:54:40.768157+00:00,LibGen,LibGen.bz,UP,200,795,,
2026-10-04T03:55:40.440470+00:00,LibGen,LibGen.bz,UP,200,764,,
2026-10-04T03:56:41.625971+00:00,LibGen,LibGen.bz,UP,200,1052,,
2026-10-04T03:57:42.077903+00:00,LibGen,LibGen.bz,UP,200,1101,,
2026-10-04T03:58:42.319879+00:00,LibGen,LibGen.bz,UP,200,678,,
2026-10-04T03:59:44.880054+00:00,LibGen,LibGen.bz,UP,200,2808,,
2026-10-04T04:00:43.665206+00:00,LibGen,LibGen.bz,UP,200,863,,
2026-10-04T04:01:43.726386+00:00,LibGen,LibGen.bz,UP,200,460,,
2026-10-04T04:02:43.595443+00:00,LibGen,LibGen.bz,DOWN,,,connection_refused,
2026-10-04T04:03:44.841215+00:00,LibGen,LibGen.bz,UP,200,680,,
2026-10-04T04:04:45.898870+00:00,LibGen,LibGen.bz,UP,200,725,,
2026-10-04T04:05:45.458190+00:00,LibGen,LibGen.bz,UP,200,283,,
2026-10-04T04:07:07.666730+00:00,LibGen,LibGen.bz,DOWN,,,connection_refused,
2026-10-04T04:07:48.083560+00:00,LibGen,LibGen.bz,UP,200,1071,,
2026-10-04T04:08:47.595069+00:00,LibGen,LibGen.bz,UP,200,734,,
2026-10-04T04:09:48.415937+00:00,LibGen,LibGen.bz,UP,200,1115,,
2026-10-04T04:10:48.849118+00:00,LibGen,LibGen.bz,UP,200,698,,
2026-10-04T04:11:49.669844+00:00,LibGen,LibGen.bz,UP,200,755,,
2026-10-04T04:12:49.922408+00:00,LibGen,LibGen.bz,UP,200,660,,
2026-10-04T04:13:49.801486+00:00,LibGen,LibGen.bz,UP,200,683,,
2026-10-04T04:14:53.529956+00:00,LibGen,LibGen.bz,DEGRADED,200,3815,latency_high,
2026-10-04T04:15:51.058925+00:00,LibGen,LibGen.bz,UP,200,712,,
2026-10-04T04:16:51.674880+00:00,LibGen,LibGen.bz,UP,200,1098,,
2026-10-04T04:17:52.460111+00:00,LibGen,LibGen.bz,UP,200,1140,,
2026-10-04T04:18:52.538335+00:00,LibGen,LibGen.bz,UP,200,711,,
2026-10-04T04:19:52.889539+00:00,LibGen,LibGen.bz,UP,200,686,,
2026-10-04T04:20:55.079198+00:00,LibGen,LibGen.bz,UP,200,750,,
2026-10-04T04:21:54.325960+00:00,LibGen,LibGen.bz,UP,200,637,,
2026-10-04T04:22:56.488403+00:00,LibGen,LibGen.bz,UP,200,720,,
2026-10-04T04:23:54.819153+00:00,LibGen,LibGen.bz,UP,200,615,,
2026-10-04T04:24:55.340030+00:00,LibGen,LibGen.bz,UP,200,872,,
2026-10-04T04:25:55.405301+00:00,LibGen,LibGen.bz,UP,200,384,,
2026-10-04T04:26:56.520515+00:00,LibGen,LibGen.bz,UP,200,801,,
2026-10-04T04:27:57.542619+00:00,LibGen,LibGen.bz,UP,200,699,,
2026-10-04T04:28:58.403774+00:00,LibGen,LibGen.bz,UP,200,1177,,
2026-10-04T04:29:57.868009+00:00,LibGen,LibGen.bz,UP,200,297,,
2026-10-04T04:30:58.842569+00:00,LibGen,LibGen.bz,UP,200,706,,
2026-10-04T04:31:58.943654+00:00,LibGen,LibGen.bz,UP,200,724,,
2026-10-04T04:33:00.719649+00:00,LibGen,LibGen.bz,UP,200,664,,
2026-10-04T04:34:00.309794+00:00,LibGen,LibGen.bz,UP,200,679,,
2026-10-04T04:35:00.389855+00:00,LibGen,LibGen.bz,UP,200,774,,
2026-10-04T04:36:02.293540+00:00,LibGen,LibGen.bz,UP,200,1920,,
2026-10-04T04:37:01.968152+00:00,LibGen,LibGen.bz,UP,200,974,,
2026-10-04T04:38:06.387008+00:00,LibGen,LibGen.bz,DEGRADED,200,4397,latency_high,
2026-10-04T04:39:03.494700+00:00,LibGen,LibGen.bz,UP,200,1212,,
2026-10-04T04:40:03.455516+00:00,LibGen,LibGen.bz,UP,200,1144,,
2026-10-04T04:41:04.181804+00:00,LibGen,LibGen.bz,UP,200,1087,,
2026-10-04T04:42:05.480836+00:00,LibGen,LibGen.bz,UP,200,1032,,
2026-10-04T04:43:05.249080+00:00,LibGen,LibGen.bz,UP,200,658,,
2026-10-04T04:44:07.956879+00:00,LibGen,LibGen.bz,UP,200,2911,,
2026-10-04T04:45:06.003712+00:00,LibGen,LibGen.bz,UP,200,776,,
2026-10-04T04:46:06.838370+00:00,LibGen,LibGen.bz,UP,200,934,,
2026-10-04T04:47:07.175915+00:00,LibGen,LibGen.bz,UP,200,822,,
2026-10-04T04:48:08.172126+00:00,LibGen,LibGen.bz,UP,200,1023,,
2026-10-04T04:49:07.691068+00:00,LibGen,LibGen.bz,UP,200,716,,
2026-10-04T04:50:09.068787+00:00,LibGen,LibGen.bz,UP,200,828,,
2026-10-04T04:51:09.642517+00:00,LibGen,LibGen.bz,UP,200,1170,,
2026-10-04T04:52:09.066264+00:00,LibGen,LibGen.bz,UP,200,259,,
2026-10-04T04:53:10.831204+00:00,LibGen,LibGen.bz,UP,200,774,,
2026-10-04T04:54:11.086994+00:00,LibGen,LibGen.bz,UP,200,1092,,
2026-10-04T04:55:11.013662+00:00,LibGen,LibGen.bz,UP,200,693,,
2026-10-04T04:56:12.382852+00:00,LibGen,LibGen.bz,UP,200,686,,
2026-10-04T04:57:13.204085+00:00,LibGen,LibGen.bz,UP,200,1643,,
2026-10-04T04:58:12.675321+00:00,LibGen,LibGen.bz,UP,200,656,,
2026-10-04T04:59:13.049575+00:00,LibGen,LibGen.bz,UP,200,749,,
2026-10-04T05:00:13.386021+00:00,LibGen,LibGen.bz,UP,200,736,,
2026-10-04T05:01:13.704909+00:00,LibGen,LibGen.bz,UP,200,1007,,
2026-10-04T05:02:34.153543+00:00,LibGen,LibGen.bz,TIMEOUT,,,timeout,
2026-10-04T05:03:34.464860+00:00,LibGen,LibGen.bz,TIMEOUT,,,timeout,
2026-10-04T05:04:15.830152+00:00,LibGen,LibGen.bz,UP,200,1130,,
2026-10-04T05:05:36.603942+00:00,LibGen,LibGen.bz,DOWN,,,connection_refused,
2026-10-04T05:06:17.129077+00:00,LibGen,LibGen.bz,UP,200,1307,,
2026-10-04T05:07:17.387270+00:00,LibGen,LibGen.bz,UP,200,902,,
2026-10-04T05:08:17.576254+00:00,LibGen,LibGen.bz,UP,200,278,,
2026-10-04T05:09:18.711557+00:00,LibGen,LibGen.bz,UP,200,919,,
2026-10-04T05:10:21.459607+00:00,LibGen,LibGen.bz,UP,200,2924,,
2026-10-04T05:11:19.044254+00:00,LibGen,LibGen.bz,UP,200,702,,
2026-10-04T05:12:18.965746+00:00,LibGen,LibGen.bz,UP,200,261,,
2026-10-04T05:13:40.619892+00:00,LibGen,LibGen.bz,DOWN,,,connection_refused,
2026-10-04T05:14:20.627839+00:00,LibGen,LibGen.bz,UP,200,934,,
2026-10-04T05:15:20.778865+00:00,LibGen,LibGen.bz,UP,200,859,,
2026-10-04T05:16:22.079487+00:00,LibGen,LibGen.bz,UP,200,607,,
2026-10-04T05:17:21.176530+00:00,LibGen,LibGen.bz,UP,200,728,,
2026-10-04T05:18:21.541187+00:00,LibGen,LibGen.bz,DOWN,500,644,http_error,
2026-10-04T05:19:27.912268+00:00,LibGen,LibGen.bz,UP,200,1105,,
2026-10-04T05:20:23.548862+00:00,LibGen,LibGen.bz,UP,200,665,,
2026-10-04T05:21:23.677770+00:00,LibGen,LibGen.bz,UP,200,665,,
2026-10-04T05:22:27.593618+00:00,LibGen,LibGen.bz,UP,200,1226,,
2026-10-04T05:23:44.370751+00:00,LibGen,LibGen.bz,TIMEOUT,,,timeout,
2026-10-04T05:24:24.989730+00:00,LibGen,LibGen.bz,UP,200,714,,
2026-10-04T05:25:25.548808+00:00,LibGen,LibGen.bz,UP,200,729,,
2026-10-04T05:26:26.305755+00:00,LibGen,LibGen.bz,UP,200,766,,
2026-10-04T05:27:27.675789+00:00,LibGen,LibGen.bz,UP,200,1215,,
2026-10-04T05:28:27.249132+00:00,LibGen,LibGen.bz,UP,200,938,,
2026-10-04T05:29:27.587598+00:00,LibGen,LibGen.bz,UP,200,700,,
2026-10-04T05:30:28.832508+00:00,LibGen,LibGen.bz,UP,200,790,,
2026-10-04T05:31:29.482025+00:00,LibGen,LibGen.bz,UP,200,806,,
2026-10-04T05:32:30.762008+00:00,LibGen,LibGen.bz,UP,200,1000,,
2026-10-04T05:33:30.151952+00:00,LibGen,LibGen.bz,UP,200,704,,
2026-10-04T05:34:31.585275+00:00,LibGen,LibGen.bz,UP,200,1529,,
2026-10-04T05:35:31.545552+00:00,LibGen,LibGen.bz,UP,200,796,,
2026-10-04T05:36:32.490163+00:00,LibGen,LibGen.bz,UP,200,635,,
2026-10-04T05:37:33.064205+00:00,LibGen,LibGen.bz,UP,200,1150,,
2026-10-04T05:38:33.264860+00:00,LibGen,LibGen.bz,UP,200,758,,
2026-10-04T05:39:34.196969+00:00,LibGen,LibGen.bz,UP,200,868,,
2026-10-04T05:40:34.488777+00:00,LibGen,LibGen.bz,UP,200,1204,,
2026-10-04T05:41:34.616193+00:00,LibGen,LibGen.bz,UP,200,816,,
2026-10-04T05:42:35.040330+00:00,LibGen,LibGen.bz,UP,200,605,,
2026-10-04T05:43:36.241796+00:00,LibGen,LibGen.bz,UP,200,1297,,
2026-10-04T05:44:35.871915+00:00,LibGen,LibGen.bz,UP,200,695,,
2026-10-04T05:45:36.160964+00:00,LibGen,LibGen.bz,UP,200,699,,
2026-10-04T05:46:36.958996+00:00,LibGen,LibGen.bz,UP,200,865,,
2026-10-04T05:47:38.396192+00:00,LibGen,LibGen.bz,UP,200,1227,,
2026-10-04T05:48:38.338593+00:00,LibGen,LibGen.bz,UP,200,759,,
2026-10-04T05:49:39.717674+00:00,LibGen,LibGen.bz,UP,200,797,,
2026-10-04T05:50:40.477644+00:00,LibGen,LibGen.bz,UP,200,1156,,
2026-10-04T05:51:40.454909+00:00,LibGen,LibGen.bz,UP,200,583,,
2026-10-04T05:52:42.823627+00:00,LibGen,LibGen.bz,UP,200,1873,,
2026-10-04T05:53:42.522405+00:00,LibGen,LibGen.bz,UP,200,1177,,
2026-10-04T05:54:42.519890+00:00,LibGen,LibGen.bz,UP,200,924,,
2026-10-04T05:55:42.777246+00:00,LibGen,LibGen.bz,UP,200,1164,,
2026-10-04T05:56:43.015321+00:00,LibGen,LibGen.bz,DOWN,500,664,http_error,
2026-10-04T05:57:43.577666+00:00,LibGen,LibGen.bz,UP,200,771,,
2026-10-04T05:58:44.011706+00:00,LibGen,LibGen.bz,UP,200,809,,
2026-10-04T05:59:45.517818+00:00,LibGen,LibGen.bz,UP,200,857,,
2026-10-04T06:00:46.169502+00:00,LibGen,LibGen.bz,UP,200,1376,,
2026-10-04T06:01:47.744666+00:00,LibGen,LibGen.bz,UP,200,848,,
2026-10-04T06:02:46.901802+00:00,LibGen,LibGen.bz,UP,200,589,,
2026-10-04T06:03:48.128727+00:00,LibGen,LibGen.bz,UP,200,1110,,
2026-10-04T06:04:47.728593+00:00,LibGen,LibGen.bz,UP,200,299,,
2026-10-04T06:05:48.768768+00:00,LibGen,LibGen.bz,UP,200,815,,
2026-10-04T06:06:51.561909+00:00,LibGen,LibGen.bz,UP,200,759,,
2026-10-04T06:07:50.504955+00:00,LibGen,LibGen.bz,UP,200,1047,,
2026-10-04T06:08:51.253518+00:00,LibGen,LibGen.bz,UP,200,825,,
2026-10-04T06:09:51.481961+00:00,LibGen,LibGen.bz,UP,200,668,,
2026-10-04T06:10:52.132794+00:00,LibGen,LibGen.bz,UP,200,813,,
2026-10-04T06:11:55.036542+00:00,LibGen,LibGen.bz,UP,200,2295,,
2026-10-04T06:12:53.157250+00:00,LibGen,LibGen.bz,UP,200,939,,
2026-10-04T06:13:53.881851+00:00,LibGen,LibGen.bz,UP,200,753,,
2026-10-04T06:14:54.633746+00:00,LibGen,LibGen.bz,UP,200,799,,
2026-10-04T06:15:55.440892+00:00,LibGen,LibGen.bz,UP,200,730,,
2026-10-04T06:16:55.615808+00:00,LibGen,LibGen.bz,UP,200,467,,
2026-10-04T06:17:56.293544+00:00,LibGen,LibGen.bz,UP,200,807,,
2026-10-04T06:18:56.143140+00:00,LibGen,LibGen.bz,DOWN,500,254,http_error,
2026-10-04T06:20:01.971009+00:00,LibGen,LibGen.bz,DEGRADED,200,5208,latency_high,
2026-10-04T06:20:57.605546+00:00,LibGen,LibGen.bz,UP,200,811,,
2026-10-04T06:21:58.723560+00:00,LibGen,LibGen.bz,UP,200,775,,
2026-10-04T06:22:58.410390+00:00,LibGen,LibGen.bz,UP,200,341,,
2026-10-04T06:23:59.854901+00:00,LibGen,LibGen.bz,UP,200,1165,,
2026-10-04T06:25:00.051605+00:00,LibGen,LibGen.bz,UP,200,727,,
2026-10-04T06:26:02.155503+00:00,LibGen,LibGen.bz,UP,200,2010,,
2026-10-04T06:27:01.637025+00:00,LibGen,LibGen.bz,UP,200,1012,,
2026-10-04T06:28:01.646882+00:00,LibGen,LibGen.bz,UP,200,1030,,
2026-10-04T06:29:02.648551+00:00,LibGen,LibGen.bz,UP,200,839,,
2026-10-04T06:30:02.428552+00:00,LibGen,LibGen.bz,UP,200,345,,
2026-10-04T06:31:03.674738+00:00,LibGen,LibGen.bz,UP,200,1295,,
2026-10-04T06:32:03.510702+00:00,LibGen,LibGen.bz,DOWN,500,708,http_error,
2026-10-04T06:33:07.250708+00:00,LibGen,LibGen.bz,DOWN,500,3784,http_error,
2026-10-04T06:34:04.928186+00:00,LibGen,LibGen.bz,UP,200,733,,
2026-10-04T06:35:06.839301+00:00,LibGen,LibGen.bz,UP,200,833,,
2026-10-04T06:36:07.466595+00:00,LibGen,LibGen.bz,UP,200,1985,,
2026-10-04T06:37:07.017602+00:00,LibGen,LibGen.bz,DOWN,500,881,http_error,
2026-10-04T06:38:07.633432+00:00,LibGen,LibGen.bz,UP,200,729,,
2026-10-04T06:39:07.716051+00:00,LibGen,LibGen.bz,UP,200,602,,
2026-10-04T06:40:08.952689+00:00,LibGen,LibGen.bz,UP,200,1022,,
2026-10-04T06:41:08.762429+00:00,LibGen,LibGen.bz,UP,200,751,,
2026-10-04T06:42:10.686672+00:00,LibGen,LibGen.bz,UP,200,1821,,
2026-10-04T06:43:30.179675+00:00,LibGen,LibGen.bz,TIMEOUT,,,timeout,
2026-10-04T06:44:18.350074+00:00,LibGen,LibGen.bz,DOWN,500,7708,http_error,
2026-10-04T06:45:11.594753+00:00,LibGen,LibGen.bz,UP,200,823,,
2026-10-04T06:46:11.743719+00:00,LibGen,LibGen.bz,UP,200,765,,
2026-10-04T06:47:13.173728+00:00,LibGen,LibGen.bz,UP,200,796,,
2026-10-04T06:48:12.224772+00:00,LibGen,LibGen.bz,UP,200,784,,
2026-10-04T06:49:12.377045+00:00,LibGen,LibGen.bz,UP,200,776,,
2026-10-04T06:50:32.418725+00:00,LibGen,LibGen.bz,DOWN,,,connection_refused,
2026-10-04T06:51:13.506950+00:00,LibGen,LibGen.bz,UP,200,889,,
2026-10-04T06:52:14.697097+00:00,LibGen,LibGen.bz,UP,200,700,,
2026-10-04T06:53:16.528767+00:00,LibGen,LibGen.bz,UP,200,1266,,
2026-10-04T06:54:16.367150+00:00,LibGen,LibGen.bz,UP,200,810,,
2026-10-04T06:55:16.806932+00:00,LibGen,LibGen.bz,UP,200,956,,
2026-10-04T06:56:16.379729+00:00,LibGen,LibGen.bz,UP,200,888,,
2026-10-04T06:57:17.772080+00:00,LibGen,LibGen.bz,UP,200,1176,,
2026-10-04T06:58:17.843493+00:00,LibGen,LibGen.bz,UP,200,788,,
2026-10-04T06:59:17.979652+00:00,LibGen,LibGen.bz,UP,200,899,,
2026-10-04T07:00:18.894524+00:00,LibGen,LibGen.bz,UP,200,891,,
2026-10-04T07:01:18.936648+00:00,LibGen,LibGen.bz,UP,200,666,,
2026-10-04T07:02:20.936866+00:00,LibGen,LibGen.bz,UP,200,798,,
2026-10-04T07:03:20.466846+00:00,LibGen,LibGen.bz,UP,200,1157,,
2026-10-04T07:04:20.668414+00:00,LibGen,LibGen.bz,UP,200,939,,
2026-10-04T07:05:22.097862+00:00,LibGen,LibGen.bz,UP,200,2369,,
2026-10-04T07:06:21.532021+00:00,LibGen,LibGen.bz,UP,200,667,,
2026-10-04T07:07:22.903223+00:00,LibGen,LibGen.bz,UP,200,775,,
2026-10-04T07:08:22.705805+00:00,LibGen,LibGen.bz,UP,200,786,,
2026-10-04T07:09:23.535599+00:00,LibGen,LibGen.bz,UP,200,781,,
2026-10-04T07:10:24.514054+00:00,LibGen,LibGen.bz,UP,200,784,,
2026-10-04T07:11:25.634234+00:00,LibGen,LibGen.bz,UP,200,887,,
2026-10-04T07:12:25.154018+00:00,LibGen,LibGen.bz,UP,200,838,,
2026-10-04T07:13:26.336062+00:00,LibGen,LibGen.bz,UP,200,1099,,
2026-10-04T07:14:28.639998+00:00,LibGen,LibGen.bz,UP,200,1020,,
2026-10-04T07:15:27.091227+00:00,LibGen,LibGen.bz,UP,200,895,,
2026-10-04T07:16:27.136621+00:00,LibGen,LibGen.bz,UP,200,783,,
2026-10-04T07:17:27.793467+00:00,LibGen,LibGen.bz,UP,200,823,,
2026-10-04T07:18:31.372094+00:00,LibGen,LibGen.bz,DEGRADED,200,3949,latency_high,
2026-10-04T07:19:36.425640+00:00,LibGen,LibGen.bz,DEGRADED,200,8348,latency_high,
2026-10-04T07:20:29.653980+00:00,LibGen,LibGen.bz,UP,200,837,,
2026-10-04T07:21:29.202254+00:00,LibGen,LibGen.bz,UP,200,826,,
2026-10-04T07:22:28.959585+00:00,LibGen,LibGen.bz,UP,200,524,,
2026-10-04T07:23:30.197583+00:00,LibGen,LibGen.bz,UP,200,774,,
2026-10-04T07:24:32.405289+00:00,LibGen,LibGen.bz,UP,200,2500,,
2026-10-04T07:25:31.925751+00:00,LibGen,LibGen.bz,UP,200,990,,
2026-10-04T07:26:32.385743+00:00,LibGen,LibGen.bz,UP,200,666,,
2026-10-04T07:27:32.943650+00:00,LibGen,LibGen.bz,UP,200,723,,
2026-10-04T07:28:53.762275+00:00,LibGen,LibGen.bz,DOWN,,,connection_refused,
2026-10-04T07:29:34.800490+00:00,LibGen,LibGen.bz,UP,200,1068,,
2026-10-04T07:30:34.189489+00:00,LibGen,LibGen.bz,UP,200,734,,
2026-10-04T07:31:34.808431+00:00,LibGen,LibGen.bz,UP,200,898,,
2026-10-04T07:32:35.266490+00:00,LibGen,LibGen.bz,UP,200,1116,,
2026-10-04T07:33:34.996237+00:00,LibGen,LibGen.bz,UP,200,616,,
2026-10-04T07:34:35.146255+00:00,LibGen,LibGen.bz,UP,200,750,,
2026-10-04T07:35:35.563273+00:00,LibGen,LibGen.bz,UP,200,715,,
2026-10-04T07:36:36.274068+00:00,LibGen,LibGen.bz,UP,200,760,,
2026-10-04T07:37:36.140077+00:00,LibGen,LibGen.bz,UP,200,700,,
2026-10-04T07:38:37.266762+00:00,LibGen,LibGen.bz,UP,200,885,,
2026-10-04T07:39:37.358898+00:00,LibGen,LibGen.bz,UP,200,893,,
2026-10-04T07:40:37.218906+00:00,LibGen,LibGen.bz,UP,200,677,,
2026-10-04T07:41:48.601982+00:00,LibGen,LibGen.bz,UP,200,647,,
2026-10-04T07:42:37.972891+00:00,LibGen,LibGen.bz,UP,200,791,,
2026-10-04T07:43:38.849988+00:00,LibGen,LibGen.bz,UP,200,771,,
2026-10-04T07:44:39.748030+00:00,LibGen,LibGen.bz,UP,200,718,,
2026-10-04T07:45:39.832737+00:00,LibGen,LibGen.bz,UP,200,807,,
2026-10-04T07:46:41.028170+00:00,LibGen,LibGen.bz,UP,200,1009,,
2026-10-04T07:47:41.698654+00:00,LibGen,LibGen.bz,UP,200,700,,
2026-10-04T07:48:42.725546+00:00,LibGen,LibGen.bz,UP,200,1170,,
2026-10-04T07:49:43.392393+00:00,LibGen,LibGen.bz,UP,200,831,,
2026-10-04T07:50:43.588158+00:00,LibGen,LibGen.bz,UP,200,825,,
2026-10-04T07:51:43.687395+00:00,LibGen,LibGen.bz,UP,200,875,,
2026-10-04T07:52:43.932686+00:00,LibGen,LibGen.bz,UP,200,807,,
2026-10-04T07:53:44.417808+00:00,LibGen,LibGen.bz,UP,200,951,,
2026-10-04T07:54:44.726829+00:00,LibGen,LibGen.bz,UP,200,658,,
2026-10-04T07:55:44.624602+00:00,LibGen,LibGen.bz,UP,200,747,,
2026-10-04T07:56:45.136531+00:00,LibGen,LibGen.bz,UP,200,763,,
2026-10-04T07:57:45.145190+00:00,LibGen,LibGen.bz,UP,200,259,,
2026-10-04T07:58:46.093497+00:00,LibGen,LibGen.bz,UP,200,700,,
2026-10-04T07:59:47.578964+00:00,LibGen,LibGen.bz,UP,200,821,,
2026-10-04T08:00:47.235620+00:00,LibGen,LibGen.bz,UP,200,680,,
2026-10-04T08:01:48.150394+00:00,LibGen,LibGen.bz,UP,200,904,,
2026-10-04T08:02:48.375484+00:00,LibGen,LibGen.bz,UP,200,742,,
2026-10-04T08:03:48.840729+00:00,LibGen,LibGen.bz,UP,200,929,,
2026-10-04T08:04:49.254547+00:00,LibGen,LibGen.bz,UP,200,726,,
2026-10-04T08:05:49.457026+00:00,LibGen,LibGen.bz,UP,200,721,,
2026-10-04T08:06:50.482491+00:00,LibGen,LibGen.bz,UP,200,778,,
2026-10-04T08:07:49.966966+00:00,LibGen,LibGen.bz,UP,200,641,,
2026-10-04T08:08:50.941562+00:00,LibGen,LibGen.bz,UP,200,723,,
2026-10-04T08:09:52.098267+00:00,LibGen,LibGen.bz,UP,200,912,,
2026-10-04T08:10:52.917172+00:00,LibGen,LibGen.bz,UP,200,825,,
2026-10-04T08:11:53.116662+00:00,LibGen,LibGen.bz,UP,200,948,,
2026-10-04T08:12:53.899210+00:00,LibGen,LibGen.bz,UP,200,1065,,
2026-10-04T08:13:53.481115+00:00,LibGen,LibGen.bz,UP,200,723,,
2026-10-04T08:14:53.553177+00:00,LibGen,LibGen.bz,UP,200,723,,
2026-10-04T08:15:54.095373+00:00,LibGen,LibGen.bz,UP,200,700,,
2026-10-04T08:16:54.853669+00:00,LibGen,LibGen.bz,UP,200,1227,,
2026-10-04T08:17:55.006103+00:00,LibGen,LibGen.bz,UP,200,1119,,
2026-10-04T08:18:54.183168+00:00,LibGen,LibGen.bz,UP,200,312,,
2026-10-04T08:19:56.578393+00:00,LibGen,LibGen.bz,UP,200,719,,
2026-10-04T08:20:55.838129+00:00,LibGen,LibGen.bz,UP,200,1010,,
2026-10-04T08:21:56.253554+00:00,LibGen,LibGen.bz,UP,200,835,,
2026-10-04T08:22:57.108866+00:00,LibGen,LibGen.bz,UP,200,724,,
2026-10-04T08:23:58.222388+00:00,LibGen,LibGen.bz,UP,200,732,,
2026-10-04T08:24:57.287573+00:00,LibGen,LibGen.bz,UP,200,681,,
2026-10-04T08:25:57.787552+00:00,LibGen,LibGen.bz,UP,200,852,,
2026-10-04T08:26:58.567582+00:00,LibGen,LibGen.bz,UP,200,774,,
2026-10-04T08:27:59.089172+00:00,LibGen,LibGen.bz,UP,200,1078,,
2026-10-04T08:28:59.189200+00:00,LibGen,LibGen.bz,UP,200,788,,
2026-10-04T08:30:01.697538+00:00,LibGen,LibGen.bz,DEGRADED,200,3784,latency_high,
2026-10-04T08:30:58.905478+00:00,LibGen,LibGen.bz,UP,200,754,,
2026-10-04T08:32:00.386797+00:00,LibGen,LibGen.bz,UP,200,1164,,
2026-10-04T08:33:00.835216+00:00,LibGen,LibGen.bz,UP,200,792,,
2026-10-04T08:34:01.478567+00:00,LibGen,LibGen.bz,UP,200,882,,
2026-10-04T08:35:03.157767+00:00,LibGen,LibGen.bz,UP,200,1274,,
2026-10-04T08:36:04.125153+00:00,LibGen,LibGen.bz,UP,200,1451,,
2026-10-04T08:37:22.827266+00:00,LibGen,LibGen.bz,DOWN,,,connection_refused,
2026-10-04T08:38:04.045030+00:00,LibGen,LibGen.bz,UP,200,1296,,
2026-10-04T08:39:04.274675+00:00,LibGen,LibGen.bz,UP,200,1064,,
2026-10-04T08:40:04.719919+00:00,LibGen,LibGen.bz,UP,200,1308,,
2026-10-04T08:41:04.534679+00:00,LibGen,LibGen.bz,UP,200,995,,
2026-10-04T08:42:24.769988+00:00,LibGen,LibGen.bz,DOWN,,,connection_refused,
2026-10-04T08:43:05.221946+00:00,LibGen,LibGen.bz,UP,200,701,,
2026-10-04T08:44:05.822504+00:00,LibGen,LibGen.bz,UP,200,858,,
2026-10-04T08:45:25.497987+00:00,LibGen,LibGen.bz,TIMEOUT,,,timeout,
2026-10-04T08:46:25.666856+00:00,LibGen,LibGen.bz,TIMEOUT,,,timeout,
2026-10-04T08:47:25.881925+00:00,LibGen,LibGen.bz,TIMEOUT,,,timeout,
2026-10-04T08:48:25.782309+00:00,LibGen,LibGen.bz,TIMEOUT,,,timeout,
2026-10-04T08:49:15.440929+00:00,LibGen,LibGen.bz,DEGRADED,200,9135,latency_high,
2026-10-04T08:50:07.446088+00:00,LibGen,LibGen.bz,UP,200,582,,
2026-10-04T08:51:08.325823+00:00,LibGen,LibGen.bz,UP,200,853,,
2026-10-04T08:52:07.751945+00:00,LibGen,LibGen.bz,UP,200,881,,
2026-10-04T08:53:07.828720+00:00,LibGen,LibGen.bz,UP,200,828,,
2026-10-04T08:54:08.517176+00:00,LibGen,LibGen.bz,UP,200,982,,
2026-10-04T08:55:08.778701+00:00,LibGen,LibGen.bz,UP,200,925,,
2026-10-04T08:56:08.764044+00:00,LibGen,LibGen.bz,UP,200,761,,
2026-10-04T08:57:10.484315+00:00,LibGen,LibGen.bz,UP,200,980,,
2026-10-04T08:58:10.897899+00:00,LibGen,LibGen.bz,UP,200,973,,
2026-10-04T08:59:11.714516+00:00,LibGen,LibGen.bz,UP,200,1262,,
2026-10-04T09:00:12.012201+00:00,LibGen,LibGen.bz,UP,200,1075,,
2026-10-04T09:01:12.376462+00:00,LibGen,LibGen.bz,UP,200,1001,,
2026-10-04T09:02:11.895952+00:00,LibGen,LibGen.bz,UP,200,883,,
2026-10-04T09:03:13.586415+00:00,LibGen,LibGen.bz,UP,200,592,,
2026-10-04T09:04:13.432560+00:00,LibGen,LibGen.bz,UP,200,679,,
2026-10-04T09:05:33.410804+00:00,LibGen,LibGen.bz,DOWN,,,connection_refused,
2026-10-04T09:06:33.034354+00:00,LibGen,LibGen.bz,TIMEOUT,,,timeout,
2026-10-04T09:07:33.225162+00:00,LibGen,LibGen.bz,TIMEOUT,,,timeout,
2026-10-04T09:08:34.429694+00:00,LibGen,LibGen.bz,TIMEOUT,,,timeout,
2026-10-04T09:09:15.942504+00:00,LibGen,LibGen.bz,UP,200,1941,,
2026-10-04T09:10:15.871570+00:00,LibGen,LibGen.bz,UP,200,1124,,
2026-10-04T09:11:15.981547+00:00,LibGen,LibGen.bz,UP,200,729,,
2026-10-04T09:12:16.144538+00:00,LibGen,LibGen.bz,UP,200,1171,,
2026-10-04T09:13:16.626766+00:00,LibGen,LibGen.bz,UP,200,1102,,
2026-10-04T09:14:16.438761+00:00,LibGen,LibGen.bz,UP,200,637,,
2026-10-04T09:15:18.238262+00:00,LibGen,LibGen.bz,UP,200,1015,,
2026-10-04T09:16:17.552468+00:00,LibGen,LibGen.bz,UP,200,707,,
2026-10-04T09:17:18.109888+00:00,LibGen,LibGen.bz,UP,200,1151,,
2026-10-04T09:18:19.106537+00:00,LibGen,LibGen.bz,UP,200,1212,,
2026-10-04T09:19:38.684234+00:00,LibGen,LibGen.bz,DOWN,,,connection_refused,
2026-10-04T09:20:21.025775+00:00,LibGen,LibGen.bz,UP,200,1067,,
2026-10-04T09:21:20.132350+00:00,LibGen,LibGen.bz,UP,200,936,,
2026-10-04T09:22:20.085920+00:00,LibGen,LibGen.bz,UP,200,431,,
2026-10-04T09:23:21.069257+00:00,LibGen,LibGen.bz,UP,200,858,,
2026-10-04T09:24:21.143861+00:00,LibGen,LibGen.bz,UP,200,816,,
2026-10-04T09:25:21.668403+00:00,LibGen,LibGen.bz,UP,200,760,,
2026-10-04T09:26:21.879053+00:00,LibGen,LibGen.bz,UP,200,807,,
2026-10-04T09:27:23.843138+00:00,LibGen,LibGen.bz,UP,200,802,,
2026-10-04T09:28:23.411933+00:00,LibGen,LibGen.bz,UP,200,729,,
2026-10-04T09:29:24.267129+00:00,LibGen,LibGen.bz,UP,200,1057,,
2026-10-04T09:30:25.096402+00:00,LibGen,LibGen.bz,UP,200,1121,,
2026-10-04T09:31:23.776398+00:00,LibGen,LibGen.bz,UP,200,663,,
2026-10-04T09:32:25.390261+00:00,LibGen,LibGen.bz,UP,200,1667,,
2026-10-04T09:33:28.097780+00:00,LibGen,LibGen.bz,UP,200,950,,
2026-10-04T09:34:25.436464+00:00,LibGen,LibGen.bz,UP,200,868,,
2026-10-04T09:35:26.346523+00:00,LibGen,LibGen.bz,UP,200,1062,,
2026-10-04T09:36:26.533267+00:00,LibGen,LibGen.bz,UP,200,773,,
2026-10-04T09:37:26.072910+00:00,LibGen,LibGen.bz,UP,200,722,,
2026-10-04T09:38:25.657139+00:00,LibGen,LibGen.bz,UP,200,285,,
2026-10-04T09:39:27.105158+00:00,LibGen,LibGen.bz,UP,200,796,,
2026-10-04T09:40:27.204773+00:00,LibGen,LibGen.bz,UP,200,775,,
2026-10-04T09:41:27.816415+00:00,LibGen,LibGen.bz,UP,200,806,,
2026-10-04T09:42:27.743528+00:00,LibGen,LibGen.bz,UP,200,740,,
2026-10-04T09:43:27.950273+00:00,LibGen,LibGen.bz,UP,200,726,,
2026-10-04T09:44:28.612602+00:00,LibGen,LibGen.bz,UP,200,825,,
2026-10-04T09:45:28.857266+00:00,LibGen,LibGen.bz,UP,200,1156,,
2026-10-04T09:46:29.756664+00:00,LibGen,LibGen.bz,UP,200,827,,
2026-10-04T09:47:29.303601+00:00,LibGen,LibGen.bz,UP,200,889,,
2026-10-04T09:48:29.797112+00:00,LibGen,LibGen.bz,UP,200,826,,
2026-10-04T09:49:29.803333+00:00,LibGen,LibGen.bz,UP,200,744,,
2026-10-04T09:50:29.963511+00:00,LibGen,LibGen.bz,UP,200,290,,
2026-10-04T09:51:30.752525+00:00,LibGen,LibGen.bz,UP,200,920,,
2026-10-04T09:52:31.716047+00:00,LibGen,LibGen.bz,UP,200,902,,
2026-10-04T09:53:32.314863+00:00,LibGen,LibGen.bz,UP,200,568,,
2026-10-04T09:54:32.523154+00:00,LibGen,LibGen.bz,UP,200,722,,
2026-10-04T09:55:33.020122+00:00,LibGen,LibGen.bz,UP,200,718,,
2026-10-04T09:56:32.874867+00:00,LibGen,LibGen.bz,UP,200,795,,
2026-10-04T09:57:53.358889+00:00,LibGen,LibGen.bz,DOWN,,,connection_refused,
2026-10-04T09:58:34.466007+00:00,LibGen,LibGen.bz,UP,200,1333,,
2026-10-04T09:59:34.728522+00:00,LibGen,LibGen.bz,UP,200,1049,,
2026-10-04T10:00:34.554722+00:00,LibGen,LibGen.bz,UP,200,675,,
2026-10-04T10:01:35.317944+00:00,LibGen,LibGen.bz,UP,200,923,,
2026-10-04T10:02:35.330509+00:00,LibGen,LibGen.bz,UP,200,771,,
2026-10-04T10:03:36.979249+00:00,LibGen,LibGen.bz,UP,200,944,,
2026-10-04T10:04:36.091599+00:00,LibGen,LibGen.bz,UP,200,752,,
2026-10-04T10:05:37.402072+00:00,LibGen,LibGen.bz,UP,200,732,,
2026-10-04T10:06:36.946650+00:00,LibGen,LibGen.bz,UP,200,873,,
2026-10-04T10:07:36.737748+00:00,LibGen,LibGen.bz,UP,200,880,,
2026-10-04T10:08:37.194506+00:00,LibGen,LibGen.bz,UP,200,826,,
2026-10-04T10:09:37.849519+00:00,LibGen,LibGen.bz,UP,200,954,,
2026-10-04T10:10:37.459899+00:00,LibGen,LibGen.bz,UP,200,849,,
2026-10-04T10:11:37.434517+00:00,LibGen,LibGen.bz,UP,200,826,,
2026-10-04T10:12:37.848746+00:00,LibGen,LibGen.bz,UP,200,302,,
2026-10-04T10:13:39.437379+00:00,LibGen,LibGen.bz,UP,200,796,,
2026-10-04T10:14:59.991511+00:00,LibGen,LibGen.bz,DOWN,,,connection_refused,
2026-10-04T10:15:39.875035+00:00,LibGen,LibGen.bz,UP,200,868,,
2026-10-04T10:16:40.101257+00:00,LibGen,LibGen.bz,UP,200,941,,
2026-10-04T10:17:41.709466+00:00,LibGen,LibGen.bz,UP,200,981,,
2026-10-04T10:18:40.906486+00:00,LibGen,LibGen.bz,UP,200,827,,
2026-10-04T10:19:41.234431+00:00,LibGen,LibGen.bz,UP,200,656,,
2026-10-04T10:20:41.789477+00:00,LibGen,LibGen.bz,UP,200,661,,
2026-10-04T10:21:41.766864+00:00,LibGen,LibGen.bz,UP,200,900,,
2026-10-04T10:22:42.976973+00:00,LibGen,LibGen.bz,UP,200,1147,,
2026-10-04T10:23:42.666499+00:00,LibGen,LibGen.bz,UP,200,828,,
2026-10-04T10:24:43.016597+00:00,LibGen,LibGen.bz,UP,200,697,,
2026-10-04T10:25:43.565831+00:00,LibGen,LibGen.bz,UP,200,1172,,
2026-10-04T10:26:43.286598+00:00,LibGen,LibGen.bz,UP,200,675,,
2026-10-04T10:27:43.837792+00:00,LibGen,LibGen.bz,UP,200,983,,
2026-10-04T10:28:44.086256+00:00,LibGen,LibGen.bz,UP,200,744,,
2026-10-04T10:29:44.372407+00:00,LibGen,LibGen.bz,UP,200,758,,
2026-10-04T10:30:44.722448+00:00,LibGen,LibGen.bz,UP,200,821,,
2026-10-04T10:31:45.042501+00:00,LibGen,LibGen.bz,UP,200,961,,
2026-10-04T10:32:45.089446+00:00,LibGen,LibGen.bz,UP,200,991,,
2026-10-04T10:33:44.907585+00:00,LibGen,LibGen.bz,UP,200,316,,
2026-10-04T10:34:46.162538+00:00,LibGen,LibGen.bz,UP,200,661,,
2026-10-04T10:35:49.096806+00:00,LibGen,LibGen.bz,DEGRADED,200,3547,latency_high,
2026-10-04T10:36:46.593065+00:00,LibGen,LibGen.bz,UP,200,892,,
2026-10-04T10:38:07.211949+00:00,LibGen,LibGen.bz,DOWN,,,connection_refused,
2026-10-04T10:38:47.945918+00:00,LibGen,LibGen.bz,UP,200,989,,
2026-10-04T10:39:47.606787+00:00,LibGen,LibGen.bz,UP,200,914,,
2026-10-04T10:40:47.338656+00:00,LibGen,LibGen.bz,UP,200,491,,
2026-10-04T10:41:48.038362+00:00,LibGen,LibGen.bz,UP,200,704,,
2026-10-04T10:42:48.686014+00:00,LibGen,LibGen.bz,UP,200,1276,,
2026-10-04T10:43:48.569397+00:00,LibGen,LibGen.bz,UP,200,751,,
2026-10-04T10:44:49.097261+00:00,LibGen,LibGen.bz,UP,200,746,,
2026-10-04T10:45:49.365193+00:00,LibGen,LibGen.bz,UP,200,681,,
2026-10-04T10:47:12.936581+00:00,LibGen,LibGen.bz,DOWN,,,connection_refused,
2026-10-04T10:47:50.527503+00:00,LibGen,LibGen.bz,UP,200,869,,
2026-10-04T10:48:50.596938+00:00,LibGen,LibGen.bz,UP,200,889,,
2026-10-04T10:49:50.787174+00:00,LibGen,LibGen.bz,UP,200,944,,
2026-10-04T10:50:51.403705+00:00,LibGen,LibGen.bz,UP,200,1177,,
2026-10-04T10:51:51.422436+00:00,LibGen,LibGen.bz,UP,200,722,,
2026-10-04T10:52:52.210513+00:00,LibGen,LibGen.bz,UP,200,1489,,
2026-10-04T10:53:52.450482+00:00,LibGen,LibGen.bz,UP,200,765,,
2026-10-04T10:54:53.445528+00:00,LibGen,LibGen.bz,UP,200,766,,
2026-10-04T10:55:53.961490+00:00,LibGen,LibGen.bz,UP,200,815,,
2026-10-04T10:56:53.599798+00:00,LibGen,LibGen.bz,UP,200,813,,
2026-10-04T10:57:55.128752+00:00,LibGen,LibGen.bz,UP,200,1166,,
2026-10-04T10:58:54.398659+00:00,LibGen,LibGen.bz,UP,200,994,,
2026-10-04T10:59:54.788102+00:00,LibGen,LibGen.bz,UP,200,869,,
2026-10-04T11:00:54.706652+00:00,LibGen,LibGen.bz,UP,200,890,,
2026-10-04T11:01:54.615029+00:00,LibGen,LibGen.bz,UP,200,473,,
2026-10-04T11:02:55.701564+00:00,LibGen,LibGen.bz,UP,200,914,,
2026-10-04T11:03:55.742440+00:00,LibGen,LibGen.bz,UP,200,935,,
2026-10-04T11:05:16.233809+00:00,LibGen,LibGen.bz,DOWN,,,connection_refused,
2026-10-04T11:05:56.264931+00:00,LibGen,LibGen.bz,UP,200,906,,
2026-10-04T11:06:56.717399+00:00,LibGen,LibGen.bz,UP,200,730,,
2026-10-04T11:07:56.838710+00:00,LibGen,LibGen.bz,DOWN,500,668,http_error,
2026-10-04T11:08:58.358006+00:00,LibGen,LibGen.bz,UP,200,751,,
2026-10-04T11:09:58.544735+00:00,LibGen,LibGen.bz,UP,200,1097,,
2026-10-04T11:10:59.340546+00:00,LibGen,LibGen.bz,UP,200,1189,,
2026-10-04T11:11:59.718307+00:00,LibGen,LibGen.bz,UP,200,896,,
2026-10-04T11:13:01.948265+00:00,LibGen,LibGen.bz,UP,200,1597,,
2026-10-04T11:14:01.414942+00:00,LibGen,LibGen.bz,UP,200,1122,,
2026-10-04T11:15:00.524497+00:00,LibGen,LibGen.bz,UP,200,719,,
2026-10-04T11:16:10.084850+00:00,LibGen,LibGen.bz,DEGRADED,200,10146,latency_high,
2026-10-04T11:17:00.824658+00:00,LibGen,LibGen.bz,UP,200,767,,
2026-10-04T11:18:01.893188+00:00,LibGen,LibGen.bz,UP,200,1394,,
2026-10-04T11:19:02.061974+00:00,LibGen,LibGen.bz,UP,200,1770,,
2026-10-04T11:20:02.121565+00:00,LibGen,LibGen.bz,UP,200,1239,,
2026-10-04T11:21:02.411432+00:00,LibGen,LibGen.bz,UP,200,1183,,
2026-10-04T11:22:02.865550+00:00,LibGen,LibGen.bz,UP,200,1207,,
2026-10-04T11:23:03.798810+00:00,LibGen,LibGen.bz,UP,200,855,,
2026-10-04T11:24:02.744415+00:00,LibGen,LibGen.bz,UP,200,759,,
2026-10-04T11:25:23.922852+00:00,LibGen,LibGen.bz,DOWN,,,connection_refused,
2026-10-04T11:26:03.593786+00:00,LibGen,LibGen.bz,UP,200,1120,,
2026-10-04T11:27:03.499137+00:00,LibGen,LibGen.bz,UP,200,326,,
2026-10-04T11:28:24.224038+00:00,LibGen,LibGen.bz,DOWN,,,connection_refused,
2026-10-04T11:29:24.418737+00:00,LibGen,LibGen.bz,DOWN,,,connection_refused,
2026-10-04T11:30:04.553683+00:00,LibGen,LibGen.bz,UP,200,924,,
2026-10-04T11:31:05.167918+00:00,LibGen,LibGen.bz,UP,200,773,,
2026-10-04T11:32:05.218145+00:00,LibGen,LibGen.bz,UP,200,721,,
2026-10-04T11:33:05.201457+00:00,LibGen,LibGen.bz,UP,200,832,,
2026-10-04T11:34:06.111568+00:00,LibGen,LibGen.bz,UP,200,886,,
2026-10-04T11:35:06.062500+00:00,LibGen,LibGen.bz,UP,200,922,,
2026-10-04T11:36:06.124566+00:00,LibGen,LibGen.bz,UP,200,821,,
2026-10-04T11:37:06.488574+00:00,LibGen,LibGen.bz,UP,200,914,,
2026-10-04T11:38:06.781321+00:00,LibGen,LibGen.bz,UP,200,1022,,
2026-10-04T11:39:07.460187+00:00,LibGen,LibGen.bz,UP,200,852,,
2026-10-04T11:40:08.315553+00:00,LibGen,LibGen.bz,UP,200,966,,
2026-10-04T11:41:07.103725+00:00,LibGen,LibGen.bz,UP,200,715,,
2026-10-04T11:42:07.039041+00:00,LibGen,LibGen.bz,UP,200,459,,
2026-10-04T11:43:07.616953+00:00,LibGen,LibGen.bz,UP,200,599,,
2026-10-04T11:44:08.381923+00:00,LibGen,LibGen.bz,UP,200,795,,
2026-10-04T11:45:08.535875+00:00,LibGen,LibGen.bz,UP,200,874,,
2026-10-04T11:46:08.683438+00:00,LibGen,LibGen.bz,UP,200,825,,
2026-10-04T11:47:08.839625+00:00,LibGen,LibGen.bz,UP,200,783,,
2026-10-04T11:48:10.537544+00:00,LibGen,LibGen.bz,UP,200,1687,,
2026-10-04T11:49:09.391990+00:00,LibGen,LibGen.bz,UP,200,376,,
2026-10-04T11:50:10.234560+00:00,LibGen,LibGen.bz,UP,200,1059,,
2026-10-04T11:51:09.935016+00:00,LibGen,LibGen.bz,UP,200,743,,
2026-10-04T11:52:09.933896+00:00,LibGen,LibGen.bz,UP,200,686,,
2026-10-04T11:53:11.163246+00:00,LibGen,LibGen.bz,UP,200,943,,
2026-10-04T11:54:13.592113+00:00,LibGen,LibGen.bz,UP,200,711,,
2026-10-04T11:55:11.602230+00:00,LibGen,LibGen.bz,UP,200,831,,
2026-10-04T11:56:11.433963+00:00,LibGen,LibGen.bz,UP,200,767,,
2026-10-04T11:57:13.019293+00:00,LibGen,LibGen.bz,UP,200,1677,,
2026-10-04T11:58:12.099549+00:00,LibGen,LibGen.bz,UP,200,728,,
2026-10-04T11:59:17.585656+00:00,LibGen,LibGen.bz,DEGRADED,200,5627,latency_high,
2026-10-04T12:00:12.455392+00:00,LibGen,LibGen.bz,UP,200,790,,
2026-10-04T12:01:13.441881+00:00,LibGen,LibGen.bz,UP,200,689,,
2026-10-04T12:02:13.851651+00:00,LibGen,LibGen.bz,UP,200,839,,
2026-10-04T12:03:13.359262+00:00,LibGen,LibGen.bz,UP,200,628,,
2026-10-04T12:04:14.096902+00:00,LibGen,LibGen.bz,UP,200,770,,
2026-10-04T12:05:14.470853+00:00,LibGen,LibGen.bz,UP,200,779,,
2026-10-04T12:06:15.731935+00:00,LibGen,LibGen.bz,UP,200,1194,,
2026-10-04T12:07:15.530744+00:00,LibGen,LibGen.bz,UP,200,1095,,
2026-10-04T12:08:15.561273+00:00,LibGen,LibGen.bz,UP,200,889,,
2026-10-04T12:09:16.462275+00:00,LibGen,LibGen.bz,UP,200,902,,
2026-10-04T12:10:16.544609+00:00,LibGen,LibGen.bz,UP,200,824,,
2026-10-04T12:11:17.247543+00:00,LibGen,LibGen.bz,UP,200,1240,,
2026-10-04T12:12:17.761265+00:00,LibGen,LibGen.bz,UP,200,894,,
2026-10-04T12:13:17.786150+00:00,LibGen,LibGen.bz,UP,200,664,,
2026-10-04T12:14:17.355119+00:00,LibGen,LibGen.bz,UP,200,445,,
2026-10-04T12:15:19.733882+00:00,LibGen,LibGen.bz,UP,200,781,,
2026-10-04T12:16:18.845944+00:00,LibGen,LibGen.bz,UP,200,870,,
2026-10-04T12:17:18.474691+00:00,LibGen,LibGen.bz,UP,200,290,,
2026-10-04T12:18:19.051510+00:00,LibGen,LibGen.bz,UP,200,769,,
2026-10-04T12:19:20.016624+00:00,LibGen,LibGen.bz,UP,200,682,,
2026-10-04T12:20:41.016157+00:00,LibGen,LibGen.bz,DOWN,,,connection_refused,
2026-10-04T12:21:20.610554+00:00,LibGen,LibGen.bz,UP,200,827,,
2026-10-04T12:22:20.851106+00:00,LibGen,LibGen.bz,UP,200,967,,
2026-10-04T12:23:41.132659+00:00,LibGen,LibGen.bz,DOWN,,,connection_refused,
2026-10-04T12:24:21.783878+00:00,LibGen,LibGen.bz,UP,200,632,,
2026-10-04T12:25:21.787882+00:00,LibGen,LibGen.bz,UP,200,882,,
2026-10-04T12:26:22.400672+00:00,LibGen,LibGen.bz,UP,200,908,,
2026-10-04T12:27:22.151451+00:00,LibGen,LibGen.bz,UP,200,857,,
2026-10-04T12:28:22.586684+00:00,LibGen,LibGen.bz,UP,200,695,,
2026-10-04T12:29:28.025510+00:00,LibGen,LibGen.bz,UP,200,882,,
2026-10-04T12:30:22.897600+00:00,LibGen,LibGen.bz,UP,200,780,,
2026-10-04T12:31:23.369219+00:00,LibGen,LibGen.bz,UP,200,870,,
2026-10-04T12:32:24.772848+00:00,LibGen,LibGen.bz,UP,200,2001,,
2026-10-04T12:33:23.903931+00:00,LibGen,LibGen.bz,UP,200,713,,
2026-10-04T12:34:24.217221+00:00,LibGen,LibGen.bz,UP,200,1188,,
2026-10-04T12:35:25.319588+00:00,LibGen,LibGen.bz,UP,200,838,,
2026-10-04T12:36:24.674013+00:00,LibGen,LibGen.bz,UP,200,900,,
2026-10-04T12:37:25.332838+00:00,LibGen,LibGen.bz,UP,200,915,,
2026-10-04T12:38:25.712316+00:00,LibGen,LibGen.bz,UP,200,733,,
2026-10-04T12:39:42.576305+00:00,LibGen,LibGen.bz,DEGRADED,200,17345,latency_high,
2026-10-04T12:40:26.161333+00:00,LibGen,LibGen.bz,UP,200,898,,
2026-10-04T12:41:29.905412+00:00,LibGen,LibGen.bz,DEGRADED,200,3917,latency_high,
2026-10-04T12:42:27.125485+00:00,LibGen,LibGen.bz,UP,200,739,,
2026-10-04T12:43:47.846222+00:00,LibGen,LibGen.bz,DOWN,,,connection_refused,
2026-10-04T12:44:26.871574+00:00,LibGen,LibGen.bz,UP,200,757,,
2026-10-04T12:45:28.834289+00:00,LibGen,LibGen.bz,UP,200,1105,,
2026-10-04T12:46:28.367881+00:00,LibGen,LibGen.bz,UP,200,940,,
2026-10-04T12:47:48.579030+00:00,LibGen,LibGen.bz,DOWN,,,connection_refused,
2026-10-04T12:48:29.596677+00:00,LibGen,LibGen.bz,UP,200,1216,,
2026-10-04T12:49:31.461219+00:00,LibGen,LibGen.bz,UP,200,1900,,
2026-10-04T12:50:30.689948+00:00,LibGen,LibGen.bz,DOWN,500,838,http_error,
2026-10-04T12:51:31.311086+00:00,LibGen,LibGen.bz,UP,200,1096,,
2026-10-04T12:52:32.301066+00:00,LibGen,LibGen.bz,UP,200,1121,,
2026-10-04T12:53:32.529407+00:00,LibGen,LibGen.bz,UP,200,1058,,
2026-10-04T12:54:31.994407+00:00,LibGen,LibGen.bz,UP,200,942,,
2026-10-04T12:55:37.418952+00:00,LibGen,LibGen.bz,DEGRADED,200,5357,latency_high,
2026-10-04T12:56:32.654828+00:00,LibGen,LibGen.bz,UP,200,917,,
2026-10-04T12:57:32.660522+00:00,LibGen,LibGen.bz,UP,200,871,,
2026-10-04T12:58:33.456290+00:00,LibGen,LibGen.bz,UP,200,949,,
2026-10-04T12:59:32.945963+00:00,LibGen,LibGen.bz,UP,200,721,,
2026-10-04T13:00:35.650490+00:00,LibGen,LibGen.bz,UP,200,886,,
2026-10-04T13:01:33.695296+00:00,LibGen,LibGen.bz,UP,200,789,,
2026-10-04T13:02:34.968829+00:00,LibGen,LibGen.bz,UP,200,785,,
2026-10-04T13:03:34.979996+00:00,LibGen,LibGen.bz,UP,200,806,,
2026-10-04T13:04:34.763126+00:00,LibGen,LibGen.bz,UP,200,762,,
2026-10-04T13:05:34.640873+00:00,LibGen,LibGen.bz,UP,200,333,,
2026-10-04T13:06:36.029595+00:00,LibGen,LibGen.bz,UP,200,966,,
2026-10-04T13:07:36.566203+00:00,LibGen,LibGen.bz,UP,200,1059,,
2026-10-04T13:08:36.449656+00:00,LibGen,LibGen.bz,UP,200,957,,
2026-10-04T13:09:36.857994+00:00,LibGen,LibGen.bz,UP,200,774,,
2026-10-04T13:10:37.701008+00:00,LibGen,LibGen.bz,UP,200,763,,
2026-10-04T13:11:38.303156+00:00,LibGen,LibGen.bz,UP,200,1069,,
2026-10-04T13:12:38.990516+00:00,LibGen,LibGen.bz,UP,200,631,,
2026-10-04T13:13:39.428788+00:00,LibGen,LibGen.bz,UP,200,1463,,
2026-10-04T13:14:39.255683+00:00,LibGen,LibGen.bz,UP,200,1004,,
2026-10-04T13:15:39.188509+00:00,LibGen,LibGen.bz,UP,200,838,,
2026-10-04T13:16:40.219227+00:00,LibGen,LibGen.bz,UP,200,904,,
2026-10-04T13:17:42.850044+00:00,LibGen,LibGen.bz,UP,200,1121,,
2026-10-04T13:18:39.626235+00:00,LibGen,LibGen.bz,UP,200,267,,
2026-10-04T13:19:40.315519+00:00,LibGen,LibGen.bz,UP,200,750,,
2026-10-04T13:20:41.512675+00:00,LibGen,LibGen.bz,UP,200,873,,
2026-10-04T13:21:41.631770+00:00,LibGen,LibGen.bz,UP,200,781,,
2026-10-04T13:22:42.439568+00:00,LibGen,LibGen.bz,UP,200,757,,
2026-10-04T13:23:42.037323+00:00,LibGen,LibGen.bz,UP,200,671,,
2026-10-04T13:24:43.070498+00:00,LibGen,LibGen.bz,UP,200,768,,
2026-10-04T13:25:43.093023+00:00,LibGen,LibGen.bz,UP,200,653,,
2026-10-04T13:26:46.540411+00:00,LibGen,LibGen.bz,DEGRADED,200,3744,latency_high,
2026-10-04T13:27:43.289879+00:00,LibGen,LibGen.bz,UP,200,654,,
2026-10-04T13:29:03.554758+00:00,LibGen,LibGen.bz,TIMEOUT,,,timeout,
2026-10-04T13:29:44.388701+00:00,LibGen,LibGen.bz,UP,200,820,,
2026-10-04T13:30:44.924454+00:00,LibGen,LibGen.bz,UP,200,834,,
2026-10-04T13:31:48.747149+00:00,LibGen,LibGen.bz,DEGRADED,200,3871,latency_high,
2026-10-04T13:32:46.346519+00:00,LibGen,LibGen.bz,UP,200,867,,
2026-10-04T13:33:46.404329+00:00,LibGen,LibGen.bz,UP,200,744,,
2026-10-04T13:34:47.059486+00:00,LibGen,LibGen.bz,UP,200,791,,
2026-10-04T13:35:47.615220+00:00,LibGen,LibGen.bz,UP,200,784,,
2026-10-04T13:36:47.678144+00:00,LibGen,LibGen.bz,UP,200,688,,
2026-10-04T13:37:47.727309+00:00,LibGen,LibGen.bz,UP,200,770,,
2026-10-04T13:38:48.309076+00:00,LibGen,LibGen.bz,UP,200,699,,
2026-10-04T13:39:48.520660+00:00,LibGen,LibGen.bz,UP,200,740,,
2026-10-04T13:40:49.249115+00:00,LibGen,LibGen.bz,UP,200,739,,
2026-10-04T13:41:49.209970+00:00,LibGen,LibGen.bz,UP,200,647,,
2026-10-04T13:42:49.251862+00:00,LibGen,LibGen.bz,UP,200,655,,
2026-10-04T13:43:49.586709+00:00,LibGen,LibGen.bz,UP,200,783,,
2026-10-04T13:44:50.902203+00:00,LibGen,LibGen.bz,UP,200,941,,
2026-10-04T13:45:50.420104+00:00,LibGen,LibGen.bz,UP,200,752,,
2026-10-04T13:46:50.552400+00:00,LibGen,LibGen.bz,UP,200,705,,
2026-10-04T13:47:50.802767+00:00,LibGen,LibGen.bz,UP,200,706,,
2026-10-04T13:49:11.505514+00:00,LibGen,LibGen.bz,DOWN,,,connection_refused,
2026-10-04T13:49:51.490743+00:00,LibGen,LibGen.bz,UP,200,670,,
2026-10-04T13:50:50.885599+00:00,LibGen,LibGen.bz,UP,200,281,,
2026-10-04T13:51:52.495084+00:00,LibGen,LibGen.bz,UP,200,691,,
2026-10-04T13:52:54.040069+00:00,LibGen,LibGen.bz,UP,200,833,,
2026-10-04T13:53:52.182198+00:00,LibGen,LibGen.bz,UP,200,420,,
2026-10-04T13:54:53.198321+00:00,LibGen,LibGen.bz,UP,200,732,,
2026-10-04T13:55:53.554185+00:00,LibGen,LibGen.bz,UP,200,778,,
2026-10-04T13:56:56.861483+00:00,LibGen,LibGen.bz,DEGRADED,200,3795,latency_high,
2026-10-04T13:57:55.225667+00:00,LibGen,LibGen.bz,UP,200,1238,,
2026-10-04T13:58:55.325107+00:00,LibGen,LibGen.bz,UP,200,787,,
2026-10-04T13:59:55.876096+00:00,LibGen,LibGen.bz,UP,200,810,,
2026-10-04T14:00:56.907946+00:00,LibGen,LibGen.bz,UP,200,904,,
2026-10-04T14:01:57.652970+00:00,LibGen,LibGen.bz,UP,200,880,,
2026-10-04T14:02:56.882444+00:00,LibGen,LibGen.bz,UP,200,807,,
2026-10-04T14:03:57.140360+00:00,LibGen,LibGen.bz,UP,200,804,,
2026-10-04T14:04:58.584808+00:00,LibGen,LibGen.bz,UP,200,743,,
2026-10-04T14:05:58.456416+00:00,LibGen,LibGen.bz,UP,200,954,,
2026-10-04T14:06:58.962781+00:00,LibGen,LibGen.bz,UP,200,834,,
2026-10-04T14:07:59.593596+00:00,LibGen,LibGen.bz,UP,200,737,,
2026-10-04T14:09:01.469450+00:00,LibGen,LibGen.bz,UP,200,847,,
2026-10-04T14:10:02.343749+00:00,LibGen,LibGen.bz,UP,200,2030,,
2026-10-04T14:11:01.537977+00:00,LibGen,LibGen.bz,UP,200,811,,
2026-10-04T14:12:21.658834+00:00,LibGen,LibGen.bz,DOWN,,,connection_refused,
2026-10-04T14:13:02.437045+00:00,LibGen,LibGen.bz,UP,200,832,,
2026-10-04T14:14:03.130912+00:00,LibGen,LibGen.bz,UP,200,819,,
2026-10-04T14:15:03.394864+00:00,LibGen,LibGen.bz,UP,200,1468,,
2026-10-04T14:16:03.911806+00:00,LibGen,LibGen.bz,UP,200,862,,
2026-10-04T14:17:04.191605+00:00,LibGen,LibGen.bz,UP,200,973,,
2026-10-04T14:18:04.879520+00:00,LibGen,LibGen.bz,UP,200,944,,
2026-10-04T14:19:05.463984+00:00,LibGen,LibGen.bz,UP,200,986,,
2026-10-04T14:20:06.221072+00:00,LibGen,LibGen.bz,UP,200,943,,
2026-10-04T14:21:09.334622+00:00,LibGen,LibGen.bz,UP,200,2871,,
2026-10-04T14:22:07.672108+00:00,LibGen,LibGen.bz,UP,200,1704,,
2026-10-04T14:23:07.145848+00:00,LibGen,LibGen.bz,UP,200,753,,
2026-10-04T14:24:07.874083+00:00,LibGen,LibGen.bz,UP,200,683,,
2026-10-04T14:25:07.732860+00:00,LibGen,LibGen.bz,UP,200,881,,
2026-10-04T14:26:08.014632+00:00,LibGen,LibGen.bz,UP,200,879,,
2026-10-04T14:27:08.248922+00:00,LibGen,LibGen.bz,UP,200,703,,
2026-10-04T14:28:08.781854+00:00,LibGen,LibGen.bz,UP,200,1068,,
2026-10-04T14:29:09.037267+00:00,LibGen,LibGen.bz,UP,200,791,,
2026-10-04T14:30:09.868923+00:00,LibGen,LibGen.bz,UP,200,1069,,
2026-10-04T14:31:09.976634+00:00,LibGen,LibGen.bz,UP,200,885,,
2026-10-04T14:32:10.746746+00:00,LibGen,LibGen.bz,UP,200,694,,
2026-10-04T14:33:11.081596+00:00,LibGen,LibGen.bz,UP,200,778,,
2026-10-04T14:34:10.890958+00:00,LibGen,LibGen.bz,UP,200,849,,
2026-10-04T14:35:11.118491+00:00,LibGen,LibGen.bz,UP,200,653,,
2026-10-04T14:36:11.984432+00:00,LibGen,LibGen.bz,UP,200,763,,
2026-10-04T14:37:12.483914+00:00,LibGen,LibGen.bz,UP,200,739,,
2026-10-04T14:38:12.398258+00:00,LibGen,LibGen.bz,UP,200,714,,
2026-10-04T14:39:12.752243+00:00,LibGen,LibGen.bz,UP,200,645,,
2026-10-04T14:40:13.676405+00:00,LibGen,LibGen.bz,UP,200,810,,
2026-10-04T14:41:13.450702+00:00,LibGen,LibGen.bz,UP,200,647,,
2026-10-04T14:42:13.923116+00:00,LibGen,LibGen.bz,UP,200,848,,
2026-10-04T14:43:14.218451+00:00,LibGen,LibGen.bz,UP,200,295,,
2026-10-04T14:44:14.948077+00:00,LibGen,LibGen.bz,UP,200,915,,
2026-10-04T14:45:15.598368+00:00,LibGen,LibGen.bz,UP,200,809,,
2026-10-04T14:46:16.165382+00:00,LibGen,LibGen.bz,UP,200,1305,,
2026-10-04T14:47:16.370914+00:00,LibGen,LibGen.bz,UP,200,953,,
2026-10-04T14:48:19.382347+00:00,LibGen,LibGen.bz,DEGRADED,200,3200,latency_high,
2026-10-04T14:49:17.308170+00:00,LibGen,LibGen.bz,UP,200,1017,,
2026-10-04T14:50:19.709887+00:00,LibGen,LibGen.bz,DEGRADED,200,3073,latency_high,
2026-10-04T14:51:17.552123+00:00,LibGen,LibGen.bz,UP,200,805,,
2026-10-04T14:52:18.072663+00:00,LibGen,LibGen.bz,UP,200,708,,
2026-10-04T14:53:18.562598+00:00,LibGen,LibGen.bz,UP,200,938,,
2026-10-04T14:54:19.006928+00:00,LibGen,LibGen.bz,UP,200,1082,,
2026-10-04T14:55:19.215954+00:00,LibGen,LibGen.bz,UP,200,727,,
2026-10-04T14:56:19.522269+00:00,LibGen,LibGen.bz,UP,200,1095,,
2026-10-04T14:57:20.561541+00:00,LibGen,LibGen.bz,UP,200,832,,
2026-10-04T14:58:20.859465+00:00,LibGen,LibGen.bz,UP,200,1124,,
2026-10-04T14:59:19.930523+00:00,LibGen,LibGen.bz,UP,200,307,,
2026-10-04T15:00:22.074610+00:00,LibGen,LibGen.bz,UP,200,871,,
2026-10-04T15:01:21.231174+00:00,LibGen,LibGen.bz,UP,200,323,,
2026-10-04T15:02:22.814503+00:00,LibGen,LibGen.bz,UP,200,1101,,
2026-10-04T15:03:22.579520+00:00,LibGen,LibGen.bz,UP,200,701,,
2026-10-04T15:04:22.940769+00:00,LibGen,LibGen.bz,UP,200,774,,
2026-10-04T15:05:23.349980+00:00,LibGen,LibGen.bz,UP,200,810,,
2026-10-04T15:06:25.573546+00:00,LibGen,LibGen.bz,UP,200,861,,
2026-10-04T15:07:25.286591+00:00,LibGen,LibGen.bz,UP,200,1295,,
2026-10-04T15:08:25.261375+00:00,LibGen,LibGen.bz,UP,200,897,,
2026-10-04T15:09:25.573497+00:00,LibGen,LibGen.bz,UP,200,1011,,
2026-10-04T15:10:26.139684+00:00,LibGen,LibGen.bz,UP,200,842,,
2026-10-04T15:11:27.293424+00:00,LibGen,LibGen.bz,UP,200,1416,,
2026-10-04T15:12:28.106404+00:00,LibGen,LibGen.bz,UP,200,789,,
2026-10-04T15:13:27.851684+00:00,LibGen,LibGen.bz,UP,200,866,,
2026-10-04T15:14:27.929427+00:00,LibGen,LibGen.bz,UP,200,809,,
2026-10-04T15:15:29.293515+00:00,LibGen,LibGen.bz,UP,200,1882,,
2026-10-04T15:16:29.100665+00:00,LibGen,LibGen.bz,UP,200,887,,
2026-10-04T15:17:30.115248+00:00,LibGen,LibGen.bz,UP,200,1132,,
2026-10-04T15:18:33.116073+00:00,LibGen,LibGen.bz,UP,200,1136,,
2026-10-04T15:19:31.405755+00:00,LibGen,LibGen.bz,UP,200,1003,,
2026-10-04T15:20:32.606235+00:00,LibGen,LibGen.bz,UP,200,1484,,
2026-10-04T15:21:32.807317+00:00,LibGen,LibGen.bz,UP,200,776,,
2026-10-04T15:22:32.764144+00:00,LibGen,LibGen.bz,UP,200,787,,
2026-10-04T15:23:33.094661+00:00,LibGen,LibGen.bz,UP,200,898,,
2026-10-04T15:24:34.186455+00:00,LibGen,LibGen.bz,UP,200,831,,
2026-10-04T15:25:37.186454+00:00,LibGen,LibGen.bz,DEGRADED,200,4006,latency_high,
2026-10-04T15:26:33.799153+00:00,LibGen,LibGen.bz,UP,200,769,,
2026-10-04T15:27:34.380887+00:00,LibGen,LibGen.bz,UP,200,925,,
2026-10-04T15:28:34.575364+00:00,LibGen,LibGen.bz,UP,200,695,,
2026-10-04T15:29:35.305834+00:00,LibGen,LibGen.bz,UP,200,767,,
2026-10-04T15:30:36.171811+00:00,LibGen,LibGen.bz,UP,200,1025,,
2026-10-04T15:31:36.805373+00:00,LibGen,LibGen.bz,UP,200,777,,
2026-10-04T15:32:40.041220+00:00,LibGen,LibGen.bz,DEGRADED,200,3961,latency_high,
2026-10-04T15:33:37.624491+00:00,LibGen,LibGen.bz,UP,200,946,,
2026-10-04T15:34:37.327713+00:00,LibGen,LibGen.bz,UP,200,752,,
2026-10-04T15:35:38.441626+00:00,LibGen,LibGen.bz,UP,200,1319,,
2026-10-04T15:36:38.910092+00:00,LibGen,LibGen.bz,UP,200,956,,
2026-10-04T15:37:39.016477+00:00,LibGen,LibGen.bz,UP,200,737,,
2026-10-04T15:38:41.286640+00:00,LibGen,LibGen.bz,DEGRADED,200,3043,latency_high,
2026-10-04T15:39:39.315268+00:00,LibGen,LibGen.bz,UP,200,906,,
2026-10-04T15:40:39.768589+00:00,LibGen,LibGen.bz,UP,200,766,,
2026-10-04T15:41:40.485594+00:00,LibGen,LibGen.bz,UP,200,913,,
2026-10-04T15:42:41.031389+00:00,LibGen,LibGen.bz,UP,200,791,,
2026-10-04T15:43:41.627099+00:00,LibGen,LibGen.bz,UP,200,1158,,
2026-10-04T15:44:41.982557+00:00,LibGen,LibGen.bz,UP,200,1602,,
2026-10-04T15:45:42.372607+00:00,LibGen,LibGen.bz,UP,200,1192,,
2026-10-04T15:46:41.798189+00:00,LibGen,LibGen.bz,UP,200,734,,
2026-10-04T15:47:42.109631+00:00,LibGen,LibGen.bz,UP,200,727,,
2026-10-04T15:48:42.752884+00:00,LibGen,LibGen.bz,UP,200,729,,
2026-10-04T15:49:44.216509+00:00,LibGen,LibGen.bz,UP,200,1013,,
2026-10-04T15:50:42.905090+00:00,LibGen,LibGen.bz,UP,200,855,,
2026-10-04T15:51:42.865847+00:00,LibGen,LibGen.bz,UP,200,389,,
2026-10-04T15:52:44.362590+00:00,LibGen,LibGen.bz,UP,200,1003,,
2026-10-04T15:53:45.098745+00:00,LibGen,LibGen.bz,UP,200,744,,
2026-10-04T15:54:45.290337+00:00,LibGen,LibGen.bz,UP,200,1030,,
2026-10-04T15:55:45.893411+00:00,LibGen,LibGen.bz,UP,200,766,,
2026-10-04T15:56:46.204420+00:00,LibGen,LibGen.bz,UP,200,1078,,
2026-10-04T15:57:46.535513+00:00,LibGen,LibGen.bz,UP,200,837,,
2026-10-04T15:58:47.948432+00:00,LibGen,LibGen.bz,UP,200,1831,,
2026-10-04T15:59:47.583020+00:00,LibGen,LibGen.bz,UP,200,924,,
2026-10-04T16:00:47.378445+00:00,LibGen,LibGen.bz,UP,200,813,,
2026-10-04T16:01:48.060926+00:00,LibGen,LibGen.bz,UP,200,733,,
2026-10-04T16:02:48.399907+00:00,LibGen,LibGen.bz,UP,200,312,,
2026-10-04T16:03:49.809563+00:00,LibGen,LibGen.bz,UP,200,1261,,
2026-10-04T16:04:53.922011+00:00,LibGen,LibGen.bz,DEGRADED,200,5608,latency_high,
2026-10-04T16:05:50.333704+00:00,LibGen,LibGen.bz,UP,200,1436,,
2026-10-04T16:06:51.249596+00:00,LibGen,LibGen.bz,UP,200,1016,,
2026-10-04T16:07:50.990461+00:00,LibGen,LibGen.bz,UP,200,659,,
2026-10-04T16:08:52.290688+00:00,LibGen,LibGen.bz,UP,200,1039,,
2026-10-04T16:10:22.942989+00:00,LibGen,LibGen.bz,TIMEOUT,,,timeout,
2026-10-04T16:10:52.566525+00:00,LibGen,LibGen.bz,UP,200,712,,
2026-10-04T16:11:53.298092+00:00,LibGen,LibGen.bz,UP,200,1288,,
2026-10-04T16:12:53.308879+00:00,LibGen,LibGen.bz,UP,200,1144,,
2026-10-04T16:13:53.777759+00:00,LibGen,LibGen.bz,UP,200,1013,,
2026-10-04T16:14:54.070445+00:00,LibGen,LibGen.bz,UP,200,946,,
2026-10-04T16:15:54.913893+00:00,LibGen,LibGen.bz,UP,200,349,,
2026-10-04T16:16:54.676251+00:00,LibGen,LibGen.bz,UP,200,870,,
2026-10-04T16:17:55.221999+00:00,LibGen,LibGen.bz,UP,200,442,,
2026-10-04T16:18:55.828487+00:00,LibGen,LibGen.bz,UP,200,912,,
2026-10-04T16:20:01.295640+00:00,LibGen,LibGen.bz,DEGRADED,200,6540,latency_high,
2026-10-04T16:20:56.029033+00:00,LibGen,LibGen.bz,UP,200,955,,
2026-10-04T16:21:56.855223+00:00,LibGen,LibGen.bz,UP,200,838,,
2026-10-04T16:22:57.251639+00:00,LibGen,LibGen.bz,UP,200,748,,
2026-10-04T16:23:57.837903+00:00,LibGen,LibGen.bz,UP,200,723,,
2026-10-04T16:25:14.334952+00:00,LibGen,LibGen.bz,DEGRADED,200,16961,latency_high,
2026-10-04T16:25:58.973697+00:00,LibGen,LibGen.bz,UP,200,761,,
2026-10-04T16:26:58.471165+00:00,LibGen,LibGen.bz,UP,200,742,,
2026-10-04T16:28:04.506957+00:00,LibGen,LibGen.bz,DEGRADED,200,6065,latency_high,
2026-10-04T16:28:59.885886+00:00,LibGen,LibGen.bz,UP,200,873,,
2026-10-04T16:30:00.231901+00:00,LibGen,LibGen.bz,UP,200,759,,
2026-10-04T16:31:01.026845+00:00,LibGen,LibGen.bz,UP,200,886,,
2026-10-04T16:32:01.928711+00:00,LibGen,LibGen.bz,UP,200,780,,
2026-10-04T16:33:05.774649+00:00,LibGen,LibGen.bz,DEGRADED,200,4565,latency_high,
2026-10-04T16:34:02.556498+00:00,LibGen,LibGen.bz,UP,200,787,,
2026-10-04T16:35:02.956870+00:00,LibGen,LibGen.bz,UP,200,1145,,
2026-10-04T16:36:02.939913+00:00,LibGen,LibGen.bz,UP,200,958,,
2026-10-04T16:37:06.087768+00:00,LibGen,LibGen.bz,DEGRADED,200,3054,latency_high,
2026-10-04T16:38:04.392497+00:00,LibGen,LibGen.bz,UP,200,945,,
2026-10-04T16:39:04.766081+00:00,LibGen,LibGen.bz,UP,200,969,,
2026-10-04T16:40:04.447618+00:00,LibGen,LibGen.bz,UP,200,798,,
2026-10-04T16:41:05.250472+00:00,LibGen,LibGen.bz,UP,200,799,,
2026-10-04T16:42:05.076029+00:00,LibGen,LibGen.bz,UP,200,774,,
2026-10-04T16:43:05.819024+00:00,LibGen,LibGen.bz,UP,200,995,,
2026-10-04T16:44:05.969068+00:00,LibGen,LibGen.bz,UP,200,960,,
2026-10-04T16:45:08.367600+00:00,LibGen,LibGen.bz,UP,200,2963,,
2026-10-04T16:46:08.229074+00:00,LibGen,LibGen.bz,UP,200,2660,,
2026-10-04T16:47:10.109724+00:00,LibGen,LibGen.bz,DEGRADED,200,3302,latency_high,
2026-10-04T16:48:07.347407+00:00,LibGen,LibGen.bz,UP,200,896,,
2026-10-04T16:49:07.416609+00:00,LibGen,LibGen.bz,UP,200,1091,,
2026-10-04T16:50:17.586782+00:00,LibGen,LibGen.bz,DEGRADED,200,10978,latency_high,
2026-10-04T16:51:08.643006+00:00,LibGen,LibGen.bz,UP,200,1912,,
2026-10-04T16:52:08.015834+00:00,LibGen,LibGen.bz,UP,200,746,,
2026-10-04T16:53:08.034016+00:00,LibGen,LibGen.bz,UP,200,611,,
2026-10-04T16:54:08.122930+00:00,LibGen,LibGen.bz,UP,200,579,,
2026-10-04T16:55:08.899768+00:00,LibGen,LibGen.bz,UP,200,272,,
2026-10-04T16:56:08.684252+00:00,LibGen,LibGen.bz,UP,200,734,,
2026-10-04T16:57:09.088870+00:00,LibGen,LibGen.bz,UP,200,289,,
2026-10-04T16:58:08.968739+00:00,LibGen,LibGen.bz,UP,200,317,,
2026-10-04T16:59:10.098059+00:00,LibGen,LibGen.bz,UP,200,674,,
2026-10-04T17:00:11.118108+00:00,LibGen,LibGen.bz,UP,200,1994,,
2026-10-04T17:01:14.802869+00:00,LibGen,LibGen.bz,DEGRADED,200,4846,latency_high,
2026-10-04T17:02:12.555219+00:00,LibGen,LibGen.bz,UP,200,2165,,
2026-10-04T17:03:13.028415+00:00,LibGen,LibGen.bz,UP,200,1907,,
2026-10-04T17:04:11.807043+00:00,LibGen,LibGen.bz,UP,200,874,,
2026-10-04T17:05:12.034005+00:00,LibGen,LibGen.bz,UP,200,850,,
2026-10-04T17:06:16.064578+00:00,LibGen,LibGen.bz,DEGRADED,200,4067,latency_high,
2026-10-04T17:07:14.213392+00:00,LibGen,LibGen.bz,UP,200,2124,,
2026-10-04T17:08:13.626525+00:00,LibGen,LibGen.bz,UP,200,726,,
2026-10-04T17:09:13.431545+00:00,LibGen,LibGen.bz,UP,200,702,,
2026-10-04T17:10:17.133511+00:00,LibGen,LibGen.bz,DEGRADED,200,3449,latency_high,
2026-10-04T17:11:15.981452+00:00,LibGen,LibGen.bz,UP,200,1882,,
2026-10-04T17:12:15.081133+00:00,LibGen,LibGen.bz,UP,200,754,,
2026-10-04T17:13:16.727416+00:00,LibGen,LibGen.bz,UP,200,1232,,
2026-10-04T17:14:16.251582+00:00,LibGen,LibGen.bz,UP,200,671,,
2026-10-04T17:15:16.473700+00:00,LibGen,LibGen.bz,UP,200,725,,
2026-10-04T17:16:17.841176+00:00,LibGen,LibGen.bz,UP,200,1288,,
2026-10-04T17:17:17.347142+00:00,LibGen,LibGen.bz,UP,200,647,,
2026-10-04T17:18:38.289259+00:00,LibGen,LibGen.bz,TIMEOUT,,,timeout,
2026-10-04T17:19:17.874482+00:00,LibGen,LibGen.bz,UP,200,937,,
2026-10-04T17:20:18.008862+00:00,LibGen,LibGen.bz,UP,200,367,,
2026-10-04T17:21:19.261072+00:00,LibGen,LibGen.bz,UP,200,860,,
2026-10-04T17:22:21.031543+00:00,LibGen,LibGen.bz,UP,200,2507,,
2026-10-04T17:23:21.252442+00:00,LibGen,LibGen.bz,UP,200,2351,,
2026-10-04T17:24:20.077425+00:00,LibGen,LibGen.bz,UP,200,1106,,
2026-10-04T17:25:19.793086+00:00,LibGen,LibGen.bz,UP,200,387,,
2026-10-04T17:26:21.314053+00:00,LibGen,LibGen.bz,UP,200,981,,
2026-10-04T17:27:21.217536+00:00,LibGen,LibGen.bz,UP,200,757,,
2026-10-04T17:28:21.398623+00:00,LibGen,LibGen.bz,UP,200,737,,
2026-10-04T17:29:21.732520+00:00,LibGen,LibGen.bz,UP,200,925,,
2026-10-04T17:30:23.671555+00:00,LibGen,LibGen.bz,UP,200,2323,,
2026-10-04T17:31:22.523534+00:00,LibGen,LibGen.bz,UP,200,722,,
2026-10-04T17:32:22.752789+00:00,LibGen,LibGen.bz,UP,200,822,,
2026-10-04T17:33:23.156203+00:00,LibGen,LibGen.bz,UP,200,489,,
2026-10-04T17:34:23.759953+00:00,LibGen,LibGen.bz,UP,200,1169,,
2026-10-04T17:35:28.076468+00:00,LibGen,LibGen.bz,DEGRADED,200,5041,latency_high,
2026-10-04T17:36:23.674526+00:00,LibGen,LibGen.bz,UP,200,401,,
2026-10-04T17:37:28.696505+00:00,LibGen,LibGen.bz,DEGRADED,200,5676,latency_high,
2026-10-04T17:38:43.401668+00:00,LibGen,LibGen.bz,TIMEOUT,,,timeout,
2026-10-04T17:39:24.250487+00:00,LibGen,LibGen.bz,UP,200,789,,
2026-10-04T17:40:25.915857+00:00,LibGen,LibGen.bz,UP,200,2025,,
2026-10-04T17:41:25.452609+00:00,LibGen,LibGen.bz,UP,200,679,,
2026-10-04T17:42:27.951857+00:00,LibGen,LibGen.bz,UP,200,2873,,
2026-10-04T17:43:26.505687+00:00,LibGen,LibGen.bz,UP,200,1067,,
2026-10-04T17:44:27.477732+00:00,LibGen,LibGen.bz,UP,200,1195,,
2026-10-04T17:45:26.832571+00:00,LibGen,LibGen.bz,UP,200,1095,,
2026-10-04T17:46:26.768023+00:00,LibGen,LibGen.bz,UP,200,795,,
2026-10-04T17:47:28.978083+00:00,LibGen,LibGen.bz,UP,200,1858,,
2026-10-04T17:48:28.785574+00:00,LibGen,LibGen.bz,UP,200,662,,
2026-10-04T17:49:29.911221+00:00,LibGen,LibGen.bz,UP,200,1712,,
2026-10-04T17:50:29.421593+00:00,LibGen,LibGen.bz,UP,200,998,,
2026-10-04T17:51:29.673074+00:00,LibGen,LibGen.bz,UP,200,807,,
2026-10-04T17:52:30.204477+00:00,LibGen,LibGen.bz,UP,200,618,,
2026-10-04T17:53:31.240426+00:00,LibGen,LibGen.bz,UP,200,989,,
2026-10-04T17:54:30.576348+00:00,LibGen,LibGen.bz,UP,200,707,,
2026-10-04T17:55:31.057908+00:00,LibGen,LibGen.bz,UP,200,873,,
2026-10-04T17:56:31.930491+00:00,LibGen,LibGen.bz,UP,200,908,,
2026-10-04T17:57:31.975812+00:00,LibGen,LibGen.bz,UP,200,903,,
2026-10-04T17:58:32.414917+00:00,LibGen,LibGen.bz,UP,200,832,,
2026-10-04T17:59:32.578915+00:00,LibGen,LibGen.bz,UP,200,742,,
2026-10-04T18:00:33.591092+00:00,LibGen,LibGen.bz,UP,200,965,,
2026-10-04T18:01:34.438979+00:00,LibGen,LibGen.bz,UP,200,1343,,
2026-10-04T18:02:34.843371+00:00,LibGen,LibGen.bz,UP,200,1277,,
2026-10-04T18:03:35.069198+00:00,LibGen,LibGen.bz,UP,200,784,,
2026-10-04T18:04:35.546405+00:00,LibGen,LibGen.bz,UP,200,1125,,
2026-10-04T18:05:35.376105+00:00,LibGen,LibGen.bz,UP,200,862,,
2026-10-04T18:06:36.228883+00:00,LibGen,LibGen.bz,UP,200,899,,
2026-10-04T18:07:36.210472+00:00,LibGen,LibGen.bz,UP,200,1116,,
2026-10-04T18:08:37.256340+00:00,LibGen,LibGen.bz,UP,200,1062,,
2026-10-04T18:09:37.366396+00:00,LibGen,LibGen.bz,UP,200,1345,,
2026-10-04T18:10:37.719781+00:00,LibGen,LibGen.bz,UP,200,931,,
2026-10-04T18:11:39.248866+00:00,LibGen,LibGen.bz,UP,200,1689,,
2026-10-04T18:12:38.411528+00:00,LibGen,LibGen.bz,UP,200,1003,,
2026-10-04T18:13:38.660541+00:00,LibGen,LibGen.bz,UP,200,859,,
2026-10-04T18:14:42.665645+00:00,LibGen,LibGen.bz,DEGRADED,200,4358,latency_high,
2026-10-04T18:15:39.454930+00:00,LibGen,LibGen.bz,UP,200,837,,
2026-10-04T18:16:39.641444+00:00,LibGen,LibGen.bz,UP,200,817,,
2026-10-04T18:17:40.887038+00:00,LibGen,LibGen.bz,UP,200,912,,
2026-10-04T18:18:41.760633+00:00,LibGen,LibGen.bz,UP,200,1555,,
2026-10-04T18:19:41.205427+00:00,LibGen,LibGen.bz,UP,200,1070,,
2026-10-04T18:20:41.040508+00:00,LibGen,LibGen.bz,UP,200,1051,,
2026-10-04T18:21:41.950889+00:00,LibGen,LibGen.bz,UP,200,783,,
2026-10-04T18:22:41.831364+00:00,LibGen,LibGen.bz,UP,200,807,,
2026-10-04T18:24:01.878508+00:00,LibGen,LibGen.bz,DOWN,,,connection_refused,
2026-10-04T18:24:42.728135+00:00,LibGen,LibGen.bz,UP,200,827,,
2026-10-04T18:25:43.659258+00:00,LibGen,LibGen.bz,UP,200,1230,,
2026-10-04T18:26:43.775806+00:00,LibGen,LibGen.bz,UP,200,987,,
2026-10-04T18:27:43.502421+00:00,LibGen,LibGen.bz,UP,200,905,,
2026-10-04T18:28:46.433939+00:00,LibGen,LibGen.bz,DEGRADED,200,3468,latency_high,
2026-10-04T18:29:49.480229+00:00,LibGen,LibGen.bz,UP,200,1183,,
2026-10-04T18:30:44.614501+00:00,LibGen,LibGen.bz,UP,200,862,,
2026-10-04T18:31:45.059868+00:00,LibGen,LibGen.bz,UP,200,835,,
2026-10-04T18:32:45.792908+00:00,LibGen,LibGen.bz,UP,200,804,,
2026-10-04T18:33:47.674850+00:00,LibGen,LibGen.bz,UP,200,860,,
2026-10-04T18:34:49.651089+00:00,LibGen,LibGen.bz,DEGRADED,200,3717,latency_high,
2026-10-04T18:36:06.907190+00:00,LibGen,LibGen.bz,DOWN,,,connection_refused,
2026-10-04T18:36:47.550362+00:00,LibGen,LibGen.bz,UP,200,1187,,
2026-10-04T18:37:48.710467+00:00,LibGen,LibGen.bz,UP,200,646,,
2026-10-04T18:38:48.549232+00:00,LibGen,LibGen.bz,UP,200,1408,,
2026-10-04T18:39:48.191081+00:00,LibGen,LibGen.bz,UP,200,848,,
2026-10-04T18:40:47.716109+00:00,LibGen,LibGen.bz,UP,200,709,,
2026-10-04T18:41:49.163200+00:00,LibGen,LibGen.bz,UP,200,1667,,
2026-10-04T18:42:49.979326+00:00,LibGen,LibGen.bz,UP,200,1720,,
2026-10-04T18:43:49.227850+00:00,LibGen,LibGen.bz,UP,200,1209,,
2026-10-04T18:45:08.739141+00:00,LibGen,LibGen.bz,DOWN,,,connection_refused,
2026-10-04T18:45:49.484671+00:00,LibGen,LibGen.bz,UP,200,1056,,
2026-10-04T18:46:50.013867+00:00,LibGen,LibGen.bz,UP,200,750,,
2026-10-04T18:47:51.061735+00:00,LibGen,LibGen.bz,UP,200,835,,
2026-10-04T18:48:51.095154+00:00,LibGen,LibGen.bz,UP,200,1350,,
2026-10-04T18:49:52.294052+00:00,LibGen,LibGen.bz,UP,200,1542,,
2026-10-04T18:50:54.534858+00:00,LibGen,LibGen.bz,DEGRADED,200,3779,latency_high,
2026-10-04T18:51:51.897860+00:00,LibGen,LibGen.bz,UP,200,1044,,
2026-10-04T18:52:52.071562+00:00,LibGen,LibGen.bz,UP,200,982,,
2026-10-04T18:53:53.982118+00:00,LibGen,LibGen.bz,UP,200,2547,,
2026-10-04T18:54:51.863246+00:00,LibGen,LibGen.bz,UP,200,417,,
2026-10-04T18:55:52.647772+00:00,LibGen,LibGen.bz,UP,200,1024,,
2026-10-04T18:56:56.225148+00:00,LibGen,LibGen.bz,UP,200,936,,
2026-10-04T18:57:53.894476+00:00,LibGen,LibGen.bz,UP,200,920,,
2026-10-04T18:58:53.409090+00:00,LibGen,LibGen.bz,UP,200,369,,
2026-10-04T18:59:54.229083+00:00,LibGen,LibGen.bz,UP,200,817,,
2026-10-04T19:00:56.043071+00:00,LibGen,LibGen.bz,UP,200,1118,,
2026-10-04T19:01:55.855962+00:00,LibGen,LibGen.bz,UP,200,1120,,
2026-10-04T19:02:56.154980+00:00,LibGen,LibGen.bz,UP,200,762,,
2026-10-04T19:03:56.383344+00:00,LibGen,LibGen.bz,UP,200,894,,
2026-10-04T19:04:56.979843+00:00,LibGen,LibGen.bz,UP,200,870,,
2026-10-04T19:05:58.140809+00:00,LibGen,LibGen.bz,UP,200,1339,,
2026-10-04T19:06:58.098015+00:00,LibGen,LibGen.bz,UP,200,939,,
2026-10-04T19:07:58.305492+00:00,LibGen,LibGen.bz,UP,200,1002,,
2026-10-04T19:08:58.704022+00:00,LibGen,LibGen.bz,UP,200,904,,
2026-10-04T19:09:59.992390+00:00,LibGen,LibGen.bz,UP,200,1018,,
2026-10-04T19:11:01.344531+00:00,LibGen,LibGen.bz,UP,200,1404,,
2026-10-04T19:12:02.088681+00:00,LibGen,LibGen.bz,UP,200,1259,,
2026-10-04T19:13:21.938805+00:00,LibGen,LibGen.bz,DOWN,,,connection_refused,
2026-10-04T19:14:02.327322+00:00,LibGen,LibGen.bz,UP,200,774,,
2026-10-04T19:15:03.740469+00:00,LibGen,LibGen.bz,UP,200,2108,,
2026-10-04T19:16:01.746978+00:00,LibGen,LibGen.bz,DOWN,500,997,http_error,
2026-10-04T19:17:02.256069+00:00,LibGen,LibGen.bz,UP,200,870,,
2026-10-04T19:18:04.302034+00:00,LibGen,LibGen.bz,UP,200,1835,,
2026-10-04T19:19:02.759385+00:00,LibGen,LibGen.bz,UP,200,417,,
2026-10-04T19:20:04.738988+00:00,LibGen,LibGen.bz,UP,200,1668,,
2026-10-04T19:21:04.148720+00:00,LibGen,LibGen.bz,UP,200,496,,
2026-10-04T19:22:04.796898+00:00,LibGen,LibGen.bz,UP,200,890,,
2026-10-04T19:23:05.951159+00:00,LibGen,LibGen.bz,UP,200,1063,,
2026-10-04T19:24:06.005145+00:00,LibGen,LibGen.bz,UP,200,1455,,
2026-10-04T19:25:05.505577+00:00,LibGen,LibGen.bz,UP,200,839,,
2026-10-04T19:26:05.929579+00:00,LibGen,LibGen.bz,UP,200,1056,,
2026-10-04T19:27:07.111915+00:00,LibGen,LibGen.bz,UP,200,1191,,
2026-10-04T19:28:05.942221+00:00,LibGen,LibGen.bz,UP,200,342,,
2026-10-04T19:29:08.124497+00:00,LibGen,LibGen.bz,UP,200,2224,,
2026-10-04T19:30:06.716827+00:00,LibGen,LibGen.bz,UP,200,677,,
2026-10-04T19:31:09.547215+00:00,LibGen,LibGen.bz,UP,200,2136,,
2026-10-04T19:32:09.776708+00:00,LibGen,LibGen.bz,UP,200,959,,
2026-10-04T19:33:09.653394+00:00,LibGen,LibGen.bz,UP,200,1001,,
2026-10-04T19:34:09.326118+00:00,LibGen,LibGen.bz,UP,200,1163,,
2026-10-04T19:35:09.948130+00:00,LibGen,LibGen.bz,UP,200,742,,
2026-10-04T19:36:09.876742+00:00,LibGen,LibGen.bz,UP,200,828,,
2026-10-04T19:37:10.192201+00:00,LibGen,LibGen.bz,UP,200,868,,
2026-10-04T19:38:11.371386+00:00,LibGen,LibGen.bz,UP,200,1280,,
2026-10-04T19:39:11.517000+00:00,LibGen,LibGen.bz,UP,200,1241,,
2026-10-04T19:40:11.431406+00:00,LibGen,LibGen.bz,UP,200,874,,
2026-10-04T19:41:12.321164+00:00,LibGen,LibGen.bz,UP,200,918,,
2026-10-04T19:42:32.410743+00:00,LibGen,LibGen.bz,DOWN,,,connection_refused,
2026-10-04T19:43:13.021356+00:00,LibGen,LibGen.bz,UP,200,1067,,
2026-10-04T19:44:13.393499+00:00,LibGen,LibGen.bz,UP,200,897,,
2026-10-04T19:45:12.788919+00:00,LibGen,LibGen.bz,UP,200,245,,
2026-10-04T19:46:15.172588+00:00,LibGen,LibGen.bz,UP,200,1323,,
2026-10-04T19:47:15.708340+00:00,LibGen,LibGen.bz,UP,200,989,,
2026-10-04T19:48:15.467474+00:00,LibGen,LibGen.bz,UP,200,1085,,
2026-10-04T19:49:15.399229+00:00,LibGen,LibGen.bz,UP,200,922,,
2026-10-04T19:50:15.556399+00:00,LibGen,LibGen.bz,UP,200,904,,
2026-10-04T19:51:16.696571+00:00,LibGen,LibGen.bz,UP,200,1714,,
2026-10-04T19:52:16.175889+00:00,LibGen,LibGen.bz,UP,200,861,,
2026-10-04T19:53:17.614461+00:00,LibGen,LibGen.bz,UP,200,1766,,
2026-10-04T19:54:17.670930+00:00,LibGen,LibGen.bz,UP,200,747,,
2026-10-04T19:55:18.252960+00:00,LibGen,LibGen.bz,UP,200,853,,
2026-10-04T19:56:18.204238+00:00,LibGen,LibGen.bz,UP,200,1075,,
2026-10-04T19:57:18.410904+00:00,LibGen,LibGen.bz,UP,200,926,,
2026-10-04T19:58:18.766796+00:00,LibGen,LibGen.bz,UP,200,757,,
2026-10-04T19:59:19.193959+00:00,LibGen,LibGen.bz,UP,200,979,,
2026-10-04T20:00:19.625994+00:00,LibGen,LibGen.bz,UP,200,877,,
2026-10-04T20:01:20.397439+00:00,LibGen,LibGen.bz,UP,200,754,,
2026-10-04T20:02:20.757589+00:00,LibGen,LibGen.bz,UP,200,969,,
2026-10-04T20:03:21.012710+00:00,LibGen,LibGen.bz,UP,200,1074,,
2026-10-04T20:04:21.160688+00:00,LibGen,LibGen.bz,DOWN,500,761,http_error,
2026-10-04T20:05:21.838087+00:00,LibGen,LibGen.bz,UP,200,985,,
2026-10-04T20:06:21.886890+00:00,LibGen,LibGen.bz,UP,200,863,,
2026-10-04T20:07:22.933933+00:00,LibGen,LibGen.bz,UP,200,1032,,
2026-10-04T20:08:23.212045+00:00,LibGen,LibGen.bz,UP,200,634,,
2026-10-04T20:09:24.565850+00:00,LibGen,LibGen.bz,UP,200,1034,,
2026-10-04T20:10:24.394355+00:00,LibGen,LibGen.bz,UP,200,760,,
2026-10-04T20:11:24.493155+00:00,LibGen,LibGen.bz,UP,200,1081,,
2026-10-04T20:12:25.736589+00:00,LibGen,LibGen.bz,UP,200,1197,,
2026-10-04T20:13:25.667225+00:00,LibGen,LibGen.bz,UP,200,860,,
2026-10-04T20:14:25.541908+00:00,LibGen,LibGen.bz,UP,200,886,,
2026-10-04T20:15:27.082755+00:00,LibGen,LibGen.bz,UP,200,996,,
2026-10-04T20:16:28.263490+00:00,LibGen,LibGen.bz,UP,200,1034,,
2026-10-04T20:17:48.033755+00:00,LibGen,LibGen.bz,DOWN,,,connection_refused,
2026-10-04T20:18:48.575265+00:00,LibGen,LibGen.bz,DOWN,,,connection_refused,
2026-10-04T20:19:31.737602+00:00,LibGen,LibGen.bz,UP,200,1149,,
2026-10-04T20:20:29.865493+00:00,LibGen,LibGen.bz,UP,200,1062,,
2026-10-04T20:21:30.303269+00:00,LibGen,LibGen.bz,DOWN,500,766,http_error,
2026-10-04T20:22:31.770424+00:00,LibGen,LibGen.bz,UP,200,986,,
2026-10-04T20:23:31.205055+00:00,LibGen,LibGen.bz,UP,200,611,,
2026-10-04T20:24:31.520887+00:00,LibGen,LibGen.bz,UP,200,758,,
2026-10-04T20:25:31.398076+00:00,LibGen,LibGen.bz,DOWN,,,connection_refused,
2026-10-04T20:26:32.866242+00:00,LibGen,LibGen.bz,UP,200,959,,
2026-10-04T20:27:33.045031+00:00,LibGen,LibGen.bz,DOWN,500,888,http_error,
2026-10-04T20:28:33.399626+00:00,LibGen,LibGen.bz,UP,200,696,,
2026-10-04T20:29:33.121137+00:00,LibGen,LibGen.bz,DOWN,500,250,http_error,
2026-10-04T20:30:34.986644+00:00,LibGen,LibGen.bz,UP,200,958,,
2026-10-04T20:31:34.802745+00:00,LibGen,LibGen.bz,UP,200,777,,
2026-10-04T20:32:35.565488+00:00,LibGen,LibGen.bz,UP,200,704,,
2026-10-04T20:33:36.405597+00:00,LibGen,LibGen.bz,UP,200,746,,
2026-10-04T20:34:36.195941+00:00,LibGen,LibGen.bz,UP,200,823,,
2026-10-04T20:35:43.624222+00:00,LibGen,LibGen.bz,DOWN,500,7995,http_error,
2026-10-04T20:36:36.677968+00:00,LibGen,LibGen.bz,DOWN,500,839,http_error,
2026-10-04T20:37:37.345739+00:00,LibGen,LibGen.bz,UP,200,775,,
2026-10-04T20:38:40.938706+00:00,LibGen,LibGen.bz,DEGRADED,200,3792,latency_high,
2026-10-04T20:39:38.528072+00:00,LibGen,LibGen.bz,UP,200,842,,
2026-10-04T20:40:38.881908+00:00,LibGen,LibGen.bz,UP,200,813,,
2026-10-04T20:41:40.257229+00:00,LibGen,LibGen.bz,UP,200,696,,
2026-10-04T20:42:39.753711+00:00,LibGen,LibGen.bz,UP,200,1015,,
2026-10-04T20:43:40.497688+00:00,LibGen,LibGen.bz,UP,200,1143,,
2026-10-04T20:44:39.523591+00:00,LibGen,LibGen.bz,UP,200,363,,
2026-10-04T20:46:01.144157+00:00,LibGen,LibGen.bz,DOWN,,,connection_refused,
2026-10-04T20:46:42.102348+00:00,LibGen,LibGen.bz,UP,200,1158,,
2026-10-04T20:47:41.162904+00:00,LibGen,LibGen.bz,UP,200,340,,
2026-10-04T20:48:42.617339+00:00,LibGen,LibGen.bz,UP,200,813,,
2026-10-04T20:49:43.088954+00:00,LibGen,LibGen.bz,UP,200,789,,
2026-10-04T20:50:43.977409+00:00,LibGen,LibGen.bz,UP,200,861,,
2026-10-04T20:51:43.966675+00:00,LibGen,LibGen.bz,UP,200,871,,
2026-10-04T20:52:46.125213+00:00,LibGen,LibGen.bz,UP,200,1377,,
2026-10-04T20:53:45.721733+00:00,LibGen,LibGen.bz,UP,200,827,,
2026-10-04T20:54:45.388011+00:00,LibGen,LibGen.bz,UP,200,994,,
2026-10-04T20:55:45.218616+00:00,LibGen,LibGen.bz,UP,200,782,,
2026-10-04T20:56:52.833780+00:00,LibGen,LibGen.bz,DEGRADED,200,8166,latency_high,
2026-10-04T20:57:45.931517+00:00,LibGen,LibGen.bz,UP,200,1072,,
2026-10-04T20:58:46.958667+00:00,LibGen,LibGen.bz,UP,200,1124,,
2026-10-04T20:59:46.886619+00:00,LibGen,LibGen.bz,UP,200,1042,,
2026-10-04T21:00:47.473751+00:00,LibGen,LibGen.bz,UP,200,820,,
2026-10-04T21:01:47.085179+00:00,LibGen,LibGen.bz,UP,200,351,,
2026-10-04T21:02:48.231525+00:00,LibGen,LibGen.bz,UP,200,762,,
2026-10-04T21:03:48.301963+00:00,LibGen,LibGen.bz,UP,200,537,,
2026-10-04T21:04:49.582772+00:00,LibGen,LibGen.bz,UP,200,1513,,
2026-10-04T21:05:49.414857+00:00,LibGen,LibGen.bz,UP,200,721,,
2026-10-04T21:06:49.973349+00:00,LibGen,LibGen.bz,UP,200,734,,
2026-10-04T21:07:50.369511+00:00,LibGen,LibGen.bz,UP,200,1013,,
2026-10-04T21:08:50.736547+00:00,LibGen,LibGen.bz,UP,200,1027,,
2026-10-04T21:09:50.409898+00:00,LibGen,LibGen.bz,UP,200,638,,
2026-10-04T21:10:51.175724+00:00,LibGen,LibGen.bz,UP,200,785,,
2026-10-04T21:11:51.592844+00:00,LibGen,LibGen.bz,UP,200,586,,
2026-10-04T21:12:52.889523+00:00,LibGen,LibGen.bz,UP,200,1132,,
2026-10-04T21:13:52.854451+00:00,LibGen,LibGen.bz,UP,200,891,,
2026-10-04T21:14:52.974966+00:00,LibGen,LibGen.bz,UP,200,1003,,
2026-10-04T21:15:53.837090+00:00,LibGen,LibGen.bz,UP,200,1140,,
2026-10-04T21:16:53.697058+00:00,LibGen,LibGen.bz,UP,200,701,,
2026-10-04T21:17:54.060423+00:00,LibGen,LibGen.bz,UP,200,326,,
2026-10-04T21:18:54.439649+00:00,LibGen,LibGen.bz,UP,200,946,,
2026-10-04T21:19:54.615508+00:00,LibGen,LibGen.bz,UP,200,899,,
2026-10-04T21:20:55.607142+00:00,LibGen,LibGen.bz,UP,200,1329,,
2026-10-04T21:21:56.187418+00:00,LibGen,LibGen.bz,UP,200,1039,,
2026-10-04T21:22:56.464423+00:00,LibGen,LibGen.bz,UP,200,1144,,
2026-10-04T21:23:56.960327+00:00,LibGen,LibGen.bz,UP,200,1264,,
2026-10-04T21:25:16.453193+00:00,LibGen,LibGen.bz,TIMEOUT,,,timeout,
2026-10-04T21:26:16.920115+00:00,LibGen,LibGen.bz,TIMEOUT,,,timeout,
2026-10-04T21:27:17.345201+00:00,LibGen,LibGen.bz,TIMEOUT,,,timeout,
2026-10-04T21:28:17.754970+00:00,LibGen,LibGen.bz,TIMEOUT,,,timeout,
2026-10-04T21:29:14.100126+00:00,LibGen,LibGen.bz,DEGRADED,200,16462,latency_high,
2026-10-04T21:29:59.086498+00:00,LibGen,LibGen.bz,UP,200,702,,
2026-10-04T21:31:20.031759+00:00,LibGen,LibGen.bz,DOWN,,,connection_refused,
2026-10-04T21:32:01.959576+00:00,LibGen,LibGen.bz,UP,200,939,,
2026-10-04T21:33:00.844085+00:00,LibGen,LibGen.bz,UP,200,896,,
2026-10-04T21:34:18.118934+00:00,LibGen,LibGen.bz,DEGRADED,200,18009,latency_high,
2026-10-04T21:35:00.766955+00:00,LibGen,LibGen.bz,UP,200,292,,
2026-10-04T21:36:02.270505+00:00,LibGen,LibGen.bz,UP,200,897,,
2026-10-04T21:37:02.763426+00:00,LibGen,LibGen.bz,UP,200,903,,
2026-10-04T21:38:03.832533+00:00,LibGen,LibGen.bz,UP,200,818,,
2026-10-04T21:39:06.047024+00:00,LibGen,LibGen.bz,UP,200,1289,,
2026-10-04T21:40:04.281872+00:00,LibGen,LibGen.bz,UP,200,1125,,
2026-10-04T21:41:05.503672+00:00,LibGen,LibGen.bz,UP,200,1434,,
2026-10-04T21:42:05.084506+00:00,LibGen,LibGen.bz,UP,200,825,,
2026-10-04T21:43:05.637357+00:00,LibGen,LibGen.bz,UP,200,758,,
2026-10-04T21:44:07.085816+00:00,LibGen,LibGen.bz,UP,200,1506,,
2026-10-04T21:45:06.060184+00:00,LibGen,LibGen.bz,UP,200,912,,
2026-10-04T21:46:07.629761+00:00,LibGen,LibGen.bz,UP,200,1303,,
2026-10-04T21:47:06.788235+00:00,LibGen,LibGen.bz,UP,200,705,,
2026-10-04T21:48:07.570067+00:00,LibGen,LibGen.bz,UP,200,770,,
2026-10-04T21:49:07.156644+00:00,LibGen,LibGen.bz,UP,200,405,,
2026-10-04T21:50:09.480516+00:00,LibGen,LibGen.bz,UP,200,1649,,
2026-10-04T21:51:09.048088+00:00,LibGen,LibGen.bz,UP,200,773,,
2026-10-04T21:52:09.243727+00:00,LibGen,LibGen.bz,UP,200,762,,
2026-10-04T21:53:10.615587+00:00,LibGen,LibGen.bz,UP,200,871,,
2026-10-04T21:54:10.707220+00:00,LibGen,LibGen.bz,UP,200,1246,,
2026-10-04T21:55:13.201711+00:00,LibGen,LibGen.bz,UP,200,877,,
2026-10-04T21:56:12.018835+00:00,LibGen,LibGen.bz,UP,200,1052,,
2026-10-04T21:57:12.197942+00:00,LibGen,LibGen.bz,UP,200,1203,,
2026-10-04T21:58:12.089977+00:00,LibGen,LibGen.bz,UP,200,779,,
2026-10-04T21:59:11.905719+00:00,LibGen,LibGen.bz,UP,200,939,,
2026-10-04T22:00:12.779896+00:00,LibGen,LibGen.bz,UP,200,853,,
2026-10-04T22:01:13.529274+00:00,LibGen,LibGen.bz,UP,200,1911,,
2026-10-04T22:02:14.017178+00:00,LibGen,LibGen.bz,UP,200,1052,,
2026-10-04T22:03:12.813072+00:00,LibGen,LibGen.bz,UP,200,727,,
2026-10-04T22:04:13.594568+00:00,LibGen,LibGen.bz,UP,200,915,,
2026-10-04T22:05:14.654247+00:00,LibGen,LibGen.bz,UP,200,1160,,
2026-10-04T22:06:15.006224+00:00,LibGen,LibGen.bz,UP,200,1012,,
2026-10-04T22:07:15.441676+00:00,LibGen,LibGen.bz,UP,200,1163,,
2026-10-04T22:08:16.077172+00:00,LibGen,LibGen.bz,UP,200,760,,
2026-10-04T22:09:16.784750+00:00,LibGen,LibGen.bz,UP,200,1273,,
2026-10-04T22:10:37.077128+00:00,LibGen,LibGen.bz,DOWN,,,connection_refused,
2026-10-04T22:11:20.115772+00:00,LibGen,LibGen.bz,DEGRADED,200,3963,latency_high,
2026-10-04T22:12:17.188496+00:00,LibGen,LibGen.bz,UP,200,618,,
2026-10-04T22:13:18.900635+00:00,LibGen,LibGen.bz,UP,200,761,,
2026-10-04T22:14:19.568066+00:00,LibGen,LibGen.bz,UP,200,1591,,
2026-10-04T22:15:18.959481+00:00,LibGen,LibGen.bz,UP,200,1234,,
2026-10-04T22:16:19.560957+00:00,LibGen,LibGen.bz,UP,200,1127,,
2026-10-04T22:17:19.805505+00:00,LibGen,LibGen.bz,UP,200,852,,
2026-10-04T22:18:20.687270+00:00,LibGen,LibGen.bz,UP,200,778,,
2026-10-04T22:19:21.063436+00:00,LibGen,LibGen.bz,UP,200,762,,
2026-10-04T22:20:24.490932+00:00,LibGen,LibGen.bz,DEGRADED,200,3946,latency_high,
2026-10-04T22:21:22.245514+00:00,LibGen,LibGen.bz,UP,200,849,,
2026-10-04T22:22:23.570356+00:00,LibGen,LibGen.bz,UP,200,833,,
2026-10-04T22:23:23.019789+00:00,LibGen,LibGen.bz,UP,200,944,,
2026-10-04T22:24:23.255804+00:00,LibGen,LibGen.bz,UP,200,991,,
2026-10-04T22:25:23.857072+00:00,LibGen,LibGen.bz,UP,200,935,,
2026-10-04T22:26:23.140209+00:00,LibGen,LibGen.bz,UP,200,306,,
2026-10-04T22:27:25.337550+00:00,LibGen,LibGen.bz,UP,200,1204,,
2026-10-04T22:28:25.700305+00:00,LibGen,LibGen.bz,UP,200,1518,,
2026-10-04T22:29:28.625900+00:00,LibGen,LibGen.bz,DEGRADED,200,4089,latency_high,
2026-10-04T22:30:26.264125+00:00,LibGen,LibGen.bz,UP,200,1489,,
2026-10-04T22:31:26.499740+00:00,LibGen,LibGen.bz,UP,200,973,,
2026-10-04T22:32:27.064450+00:00,LibGen,LibGen.bz,UP,200,804,,
2026-10-04T22:33:28.236665+00:00,LibGen,LibGen.bz,UP,200,725,,
2026-10-04T22:34:29.485204+00:00,LibGen,LibGen.bz,UP,200,730,,
2026-10-04T22:35:28.805883+00:00,LibGen,LibGen.bz,UP,200,851,,
2026-10-04T22:36:49.027938+00:00,LibGen,LibGen.bz,DOWN,,,connection_refused,
2026-10-04T22:37:29.105753+00:00,LibGen,LibGen.bz,DOWN,500,736,http_error,
2026-10-04T22:38:33.128988+00:00,LibGen,LibGen.bz,DEGRADED,200,3978,latency_high,
2026-10-04T22:39:30.841615+00:00,LibGen,LibGen.bz,UP,200,973,,
2026-10-04T22:40:31.464263+00:00,LibGen,LibGen.bz,DOWN,500,761,http_error,
2026-10-04T22:41:32.719517+00:00,LibGen,LibGen.bz,UP,200,1115,,
2026-10-04T22:42:35.025919+00:00,LibGen,LibGen.bz,UP,200,2201,,
2026-10-04T22:43:33.720959+00:00,LibGen,LibGen.bz,UP,200,729,,
2026-10-04T22:44:34.486465+00:00,LibGen,LibGen.bz,UP,200,1144,,
2026-10-04T22:45:34.388460+00:00,LibGen,LibGen.bz,UP,200,833,,
2026-10-04T22:46:35.822553+00:00,LibGen,LibGen.bz,UP,200,1716,,
2026-10-04T22:47:35.280425+00:00,LibGen,LibGen.bz,UP,200,967,,
2026-10-04T22:48:35.355938+00:00,LibGen,LibGen.bz,UP,200,849,,
2026-10-04T22:49:56.178788+00:00,LibGen,LibGen.bz,DOWN,,,connection_refused,
2026-10-04T22:50:39.319680+00:00,LibGen,LibGen.bz,DEGRADED,200,4226,latency_high,
2026-10-04T22:51:37.031678+00:00,LibGen,LibGen.bz,UP,200,1031,,
2026-10-04T22:52:38.214834+00:00,LibGen,LibGen.bz,UP,200,1495,,
2026-10-04T22:53:37.605601+00:00,LibGen,LibGen.bz,UP,200,704,,
2026-10-04T22:54:38.926225+00:00,LibGen,LibGen.bz,UP,200,1719,,
2026-10-04T22:55:58.786080+00:00,LibGen,LibGen.bz,DOWN,,,connection_refused,
2026-10-04T22:56:40.097311+00:00,LibGen,LibGen.bz,UP,200,1280,,
2026-10-04T22:57:39.234469+00:00,LibGen,LibGen.bz,UP,200,617,,
2026-10-04T22:58:39.943409+00:00,LibGen,LibGen.bz,UP,200,747,,
2026-10-04T22:59:39.707460+00:00,LibGen,LibGen.bz,UP,200,687,,
2026-10-04T23:00:40.932552+00:00,LibGen,LibGen.bz,UP,200,1333,,
2026-10-04T23:01:41.158927+00:00,LibGen,LibGen.bz,UP,200,798,,
2026-10-04T23:03:02.177575+00:00,LibGen,LibGen.bz,DOWN,,,connection_refused,
2026-10-04T23:03:42.085728+00:00,LibGen,LibGen.bz,UP,200,888,,
2026-10-04T23:04:44.360862+00:00,LibGen,LibGen.bz,UP,200,943,,
2026-10-04T23:05:44.041649+00:00,LibGen,LibGen.bz,UP,200,1312,,
2026-10-04T23:06:44.273693+00:00,LibGen,LibGen.bz,UP,200,1053,,
2026-10-04T23:07:44.411588+00:00,LibGen,LibGen.bz,UP,200,824,,
2026-10-04T23:08:45.244311+00:00,LibGen,LibGen.bz,UP,200,1323,,
2026-10-04T23:09:46.091753+00:00,LibGen,LibGen.bz,UP,200,1251,,
2026-10-04T23:10:46.316625+00:00,LibGen,LibGen.bz,UP,200,1143,,
2026-10-04T23:11:46.853938+00:00,LibGen,LibGen.bz,UP,200,659,,
2026-10-04T23:12:47.243975+00:00,LibGen,LibGen.bz,UP,200,963,,
2026-10-04T23:13:48.576528+00:00,LibGen,LibGen.bz,UP,200,1820,,
2026-10-04T23:14:48.133958+00:00,LibGen,LibGen.bz,UP,200,1158,,
2026-10-04T23:16:08.477356+00:00,LibGen,LibGen.bz,DOWN,,,connection_refused,
2026-10-04T23:17:09.250396+00:00,LibGen,LibGen.bz,DOWN,,,connection_refused,
2026-10-04T23:17:51.473476+00:00,LibGen,LibGen.bz,UP,200,2932,,
2026-10-04T23:18:50.162121+00:00,LibGen,LibGen.bz,UP,200,1151,,
2026-10-04T23:19:49.785438+00:00,LibGen,LibGen.bz,DOWN,500,670,http_error,
2026-10-04T23:20:50.723082+00:00,LibGen,LibGen.bz,UP,200,898,,
2026-10-04T23:21:50.903734+00:00,LibGen,LibGen.bz,UP,200,656,,
2026-10-04T23:22:52.503592+00:00,LibGen,LibGen.bz,UP,200,2018,,
2026-10-04T23:23:53.374755+00:00,LibGen,LibGen.bz,UP,200,1386,,
2026-10-04T23:24:52.196465+00:00,LibGen,LibGen.bz,UP,200,820,,
2026-10-04T23:25:53.521326+00:00,LibGen,LibGen.bz,UP,200,1237,,
2026-10-04T23:26:53.589890+00:00,LibGen,LibGen.bz,UP,200,1257,,
2026-10-04T23:27:54.527165+00:00,LibGen,LibGen.bz,UP,200,1499,,
2026-10-04T23:28:55.886480+00:00,LibGen,LibGen.bz,UP,200,1283,,
2026-10-04T23:29:55.810895+00:00,LibGen,LibGen.bz,UP,200,1014,,
2026-10-04T23:30:56.201837+00:00,LibGen,LibGen.bz,UP,200,1143,,
2026-10-04T23:31:56.573116+00:00,LibGen,LibGen.bz,UP,200,1247,,
2026-10-04T23:32:56.781872+00:00,LibGen,LibGen.bz,UP,200,942,,
2026-10-04T23:33:57.584528+00:00,LibGen,LibGen.bz,UP,200,1096,,
2026-10-04T23:34:57.702397+00:00,LibGen,LibGen.bz,UP,200,1277,,
2026-10-04T23:35:57.911806+00:00,LibGen,LibGen.bz,UP,200,853,,
2026-10-04T23:36:59.137794+00:00,LibGen,LibGen.bz,UP,200,1144,,
2026-10-04T23:37:58.601800+00:00,LibGen,LibGen.bz,UP,200,319,,
2026-10-04T23:38:59.985639+00:00,LibGen,LibGen.bz,UP,200,904,,
2026-10-04T23:40:00.654441+00:00,LibGen,LibGen.bz,UP,200,1200,,
2026-10-04T23:41:01.445712+00:00,LibGen,LibGen.bz,UP,200,1203,,
2026-10-04T23:42:03.465787+00:00,LibGen,LibGen.bz,UP,200,2498,,
2026-10-04T23:43:04.359469+00:00,LibGen,LibGen.bz,UP,200,2806,,
2026-10-04T23:44:17.881081+00:00,LibGen,LibGen.bz,DOWN,500,16241,http_error,
2026-10-04T23:45:04.359631+00:00,LibGen,LibGen.bz,UP,200,2353,,
2026-10-04T23:46:04.015185+00:00,LibGen,LibGen.bz,UP,200,1484,,
2026-10-04T23:47:03.672486+00:00,LibGen,LibGen.bz,UP,200,512,,
2026-10-04T23:48:04.637889+00:00,LibGen,LibGen.bz,UP,200,746,,
2026-10-04T23:49:05.223947+00:00,LibGen,LibGen.bz,UP,200,931,,
2026-10-04T23:50:05.735275+00:00,LibGen,LibGen.bz,UP,200,1519,,
2026-10-04T23:51:26.459149+00:00,LibGen,LibGen.bz,DOWN,,,connection_refused,
2026-10-04T23:52:05.989237+00:00,LibGen,LibGen.bz,UP,200,946,,
2026-10-04T23:53:08.795554+00:00,LibGen,LibGen.bz,UP,200,1543,,
2026-10-04T23:54:07.848226+00:00,LibGen,LibGen.bz,UP,200,1464,,
2026-10-04T23:55:07.896269+00:00,LibGen,LibGen.bz,UP,200,1118,,
2026-10-04T23:56:08.842829+00:00,LibGen,LibGen.bz,UP,200,1656,,
2026-10-04T23:57:09.533577+00:00,LibGen,LibGen.bz,UP,200,1494,,
2026-10-04T23:58:09.046312+00:00,LibGen,LibGen.bz,UP,200,689,,
2026-10-04T23:59:08.907988+00:00,LibGen,LibGen.bz,UP,200,820,,
2026-10-05T00:00:10.630150+00:00,LibGen,LibGen.bz,UP,200,1961,,
2026-10-05T00:01:10.024554+00:00,LibGen,LibGen.bz,UP,200,1107,,
2026-10-05T00:02:11.062569+00:00,LibGen,LibGen.bz,UP,200,1194,,
2026-10-05T00:03:12.249246+00:00,LibGen,LibGen.bz,UP,200,991,,
2026-10-05T00:04:12.257474+00:00,LibGen,LibGen.bz,UP,200,1132,,
2026-10-05T00:05:11.846002+00:00,LibGen,LibGen.bz,DOWN,500,912,http_error,
2026-10-05T00:06:14.213400+00:00,LibGen,LibGen.bz,UP,200,2316,,
2026-10-05T00:07:13.066101+00:00,LibGen,LibGen.bz,UP,200,369,,
2026-10-05T00:08:13.835983+00:00,LibGen,LibGen.bz,UP,200,875,,
2026-10-05T00:09:13.898910+00:00,LibGen,LibGen.bz,UP,200,832,,
2026-10-05T00:10:14.413910+00:00,LibGen,LibGen.bz,UP,200,1053,,
2026-10-05T00:11:15.531495+00:00,LibGen,LibGen.bz,UP,200,1407,,
2026-10-05T00:12:16.661698+00:00,LibGen,LibGen.bz,UP,200,1212,,
2026-10-05T00:13:18.581940+00:00,LibGen,LibGen.bz,UP,200,2558,,
2026-10-05T00:14:18.175063+00:00,LibGen,LibGen.bz,UP,200,1150,,
2026-10-05T00:15:20.712693+00:00,LibGen,LibGen.bz,DEGRADED,200,3964,latency_high,
2026-10-05T00:16:17.875039+00:00,LibGen,LibGen.bz,UP,200,860,,
2026-10-05T00:17:18.441784+00:00,LibGen,LibGen.bz,UP,200,936,,
2026-10-05T00:18:18.937552+00:00,LibGen,LibGen.bz,UP,200,371,,
2026-10-05T00:19:40.984208+00:00,LibGen,LibGen.bz,DOWN,,,connection_refused,
2026-10-05T00:20:20.407994+00:00,LibGen,LibGen.bz,UP,200,966,,
2026-10-05T00:21:21.138622+00:00,LibGen,LibGen.bz,UP,200,791,,
2026-10-05T00:22:20.989602+00:00,LibGen,LibGen.bz,UP,200,669,,
2026-10-05T00:23:21.483114+00:00,LibGen,LibGen.bz,UP,200,997,,
2026-10-05T00:24:22.377982+00:00,LibGen,LibGen.bz,UP,200,1185,,
2026-10-05T00:25:22.811268+00:00,LibGen,LibGen.bz,UP,200,944,,
2026-10-05T00:26:24.053955+00:00,LibGen,LibGen.bz,DOWN,500,1822,http_error,
2026-10-05T00:27:24.202541+00:00,LibGen,LibGen.bz,UP,200,1192,,
2026-10-05T00:28:25.116546+00:00,LibGen,LibGen.bz,UP,200,1168,,
2026-10-05T00:29:25.580325+00:00,LibGen,LibGen.bz,UP,200,705,,
2026-10-05T00:30:46.268371+00:00,LibGen,LibGen.bz,DOWN,,,connection_refused,
2026-10-05T00:31:27.021941+00:00,LibGen,LibGen.bz,UP,200,1114,,
2026-10-05T00:32:27.155253+00:00,LibGen,LibGen.bz,UP,200,953,,
2026-10-05T00:33:27.693185+00:00,LibGen,LibGen.bz,UP,200,773,,
2026-10-05T00:34:28.828348+00:00,LibGen,LibGen.bz,UP,200,1208,,
2026-10-05T00:35:28.916181+00:00,LibGen,LibGen.bz,UP,200,717,,
2026-10-05T00:36:29.876175+00:00,LibGen,LibGen.bz,UP,200,1209,,
2026-10-05T00:37:30.284070+00:00,LibGen,LibGen.bz,UP,200,1257,,
2026-10-05T00:38:30.681150+00:00,LibGen,LibGen.bz,UP,200,1463,,
2026-10-05T00:39:50.054845+00:00,LibGen,LibGen.bz,TIMEOUT,,,timeout,
2026-10-05T00:40:50.569519+00:00,LibGen,LibGen.bz,TIMEOUT,,,timeout,
2026-10-05T00:41:50.849545+00:00,LibGen,LibGen.bz,TIMEOUT,,,timeout,
2026-10-05T00:42:50.894638+00:00,LibGen,LibGen.bz,TIMEOUT,,,timeout,
2026-10-05T00:43:51.204404+00:00,LibGen,LibGen.bz,TIMEOUT,,,timeout,
2026-10-05T00:44:52.276952+00:00,LibGen,LibGen.bz,DOWN,,,connection_refused,
2026-10-05T00:45:32.918997+00:00,LibGen,LibGen.bz,UP,200,1019,,
2026-10-05T00:46:33.192834+00:00,LibGen,LibGen.bz,UP,200,1027,,
2026-10-05T00:47:33.110809+00:00,LibGen,LibGen.bz,UP,200,799,,
2026-10-05T00:48:33.582180+00:00,LibGen,LibGen.bz,UP,200,855,,
2026-10-05T00:49:44.238385+00:00,LibGen,LibGen.bz,UP,200,1282,,
2026-10-05T00:50:36.204716+00:00,LibGen,LibGen.bz,UP,200,1026,,
2026-10-05T00:51:35.523517+00:00,LibGen,LibGen.bz,UP,200,985,,
2026-10-05T00:52:55.528704+00:00,LibGen,LibGen.bz,DOWN,,,connection_refused,
2026-10-05T00:53:36.627165+00:00,LibGen,LibGen.bz,UP,200,1131,,
2026-10-05T00:54:36.227896+00:00,LibGen,LibGen.bz,UP,200,942,,
2026-10-05T00:55:36.845477+00:00,LibGen,LibGen.bz,UP,200,920,,
2026-10-05T00:56:37.744988+00:00,LibGen,LibGen.bz,UP,200,831,,
2026-10-05T00:57:37.853339+00:00,LibGen,LibGen.bz,UP,200,822,,
2026-10-05T00:58:38.396258+00:00,LibGen,LibGen.bz,UP,200,958,,
2026-10-05T00:59:39.317461+00:00,LibGen,LibGen.bz,UP,200,1301,,
2026-10-05T01:00:39.750092+00:00,LibGen,LibGen.bz,UP,200,1521,,
2026-10-05T01:01:40.001425+00:00,LibGen,LibGen.bz,UP,200,684,,
2026-10-05T01:02:44.216433+00:00,LibGen,LibGen.bz,DEGRADED,200,4674,latency_high,
2026-10-05T01:03:40.976453+00:00,LibGen,LibGen.bz,UP,200,795,,
2026-10-05T01:04:41.450653+00:00,LibGen,LibGen.bz,UP,200,777,,
2026-10-05T01:05:41.690690+00:00,LibGen,LibGen.bz,UP,200,749,,
2026-10-05T01:06:42.411084+00:00,LibGen,LibGen.bz,UP,200,744,,
2026-10-05T01:07:43.777195+00:00,LibGen,LibGen.bz,UP,200,929,,
2026-10-05T01:08:43.689535+00:00,LibGen,LibGen.bz,UP,200,844,,
2026-10-05T01:09:49.504899+00:00,LibGen,LibGen.bz,DEGRADED,200,6059,latency_high,
2026-10-05T01:10:44.417964+00:00,LibGen,LibGen.bz,UP,200,682,,
2026-10-05T01:11:44.901121+00:00,LibGen,LibGen.bz,UP,200,737,,
2026-10-05T01:12:45.431140+00:00,LibGen,LibGen.bz,UP,200,660,,
2026-10-05T01:13:46.761405+00:00,LibGen,LibGen.bz,UP,200,912,,
2026-10-05T01:14:46.738531+00:00,LibGen,LibGen.bz,UP,200,877,,
2026-10-05T01:15:47.643576+00:00,LibGen,LibGen.bz,UP,200,786,,
2026-10-05T01:16:48.739865+00:00,LibGen,LibGen.bz,UP,200,1082,,
2026-10-05T01:17:49.484229+00:00,LibGen,LibGen.bz,UP,200,1640,,
2026-10-05T01:18:51.107506+00:00,LibGen,LibGen.bz,UP,200,1689,,
2026-10-05T01:19:49.368317+00:00,LibGen,LibGen.bz,DOWN,500,641,http_error,
2026-10-05T01:20:50.377363+00:00,LibGen,LibGen.bz,DOWN,500,783,http_error,
2026-10-05T01:21:50.881910+00:00,LibGen,LibGen.bz,DOWN,500,936,http_error,
2026-10-05T01:22:51.258976+00:00,LibGen,LibGen.bz,DOWN,500,934,http_error,
2026-10-05T01:23:51.634486+00:00,LibGen,LibGen.bz,UP,200,862,,
2026-10-05T01:24:52.175743+00:00,LibGen,LibGen.bz,UP,200,783,,
2026-10-05T01:25:53.262099+00:00,LibGen,LibGen.bz,UP,200,1395,,
2026-10-05T01:26:53.077440+00:00,LibGen,LibGen.bz,UP,200,794,,
2026-10-05T01:27:53.459943+00:00,LibGen,LibGen.bz,UP,200,705,,
2026-10-05T01:28:54.639074+00:00,LibGen,LibGen.bz,UP,200,790,,
2026-10-05T01:29:55.595067+00:00,LibGen,LibGen.bz,UP,200,994,,
2026-10-05T01:30:55.688917+00:00,LibGen,LibGen.bz,UP,200,837,,
2026-10-05T01:31:56.606008+00:00,LibGen,LibGen.bz,UP,200,740,,
2026-10-05T01:32:57.687165+00:00,LibGen,LibGen.bz,UP,200,759,,
2026-10-05T01:33:57.267782+00:00,LibGen,LibGen.bz,UP,200,931,,
2026-10-05T01:34:57.496998+00:00,LibGen,LibGen.bz,UP,200,646,,
2026-10-05T01:35:58.020996+00:00,LibGen,LibGen.bz,UP,200,825,,
2026-10-05T01:36:58.921050+00:00,LibGen,LibGen.bz,UP,200,972,,
2026-10-05T01:37:59.305452+00:00,LibGen,LibGen.bz,UP,200,769,,
2026-10-05T01:39:02.852170+00:00,LibGen,LibGen.bz,UP,200,1020,,
2026-10-05T01:40:00.349665+00:00,LibGen,LibGen.bz,UP,200,793,,
2026-10-05T01:41:01.505995+00:00,LibGen,LibGen.bz,UP,200,961,,
2026-10-05T01:42:01.552406+00:00,LibGen,LibGen.bz,UP,200,784,,
2026-10-05T01:43:02.110636+00:00,LibGen,LibGen.bz,UP,200,781,,
2026-10-05T01:44:02.580046+00:00,LibGen,LibGen.bz,UP,200,872,,
2026-10-05T01:45:03.125651+00:00,LibGen,LibGen.bz,UP,200,1160,,
2026-10-05T01:46:02.577603+00:00,LibGen,LibGen.bz,UP,200,316,,
2026-10-05T01:47:03.720458+00:00,LibGen,LibGen.bz,UP,200,711,,
2026-10-05T01:48:04.074565+00:00,LibGen,LibGen.bz,UP,200,645,,
2026-10-05T01:49:08.328384+00:00,LibGen,LibGen.bz,DEGRADED,200,4572,latency_high,
2026-10-05T01:50:05.585592+00:00,LibGen,LibGen.bz,UP,200,953,,
2026-10-05T01:51:05.763465+00:00,LibGen,LibGen.bz,UP,200,788,,
2026-10-05T01:52:06.896727+00:00,LibGen,LibGen.bz,UP,200,859,,
2026-10-05T01:53:10.051139+00:00,LibGen,LibGen.bz,DEGRADED,200,4078,latency_high,
2026-10-05T01:54:07.612208+00:00,LibGen,LibGen.bz,UP,200,947,,
2026-10-05T01:55:07.560556+00:00,LibGen,LibGen.bz,UP,200,1002,,
2026-10-05T01:56:27.642826+00:00,LibGen,LibGen.bz,TIMEOUT,,,timeout,
2026-10-05T01:57:28.124520+00:00,LibGen,LibGen.bz,TIMEOUT,,,timeout,
2026-10-05T01:58:28.420958+00:00,LibGen,LibGen.bz,TIMEOUT,,,timeout,
2026-10-05T01:59:16.266591+00:00,LibGen,LibGen.bz,DEGRADED,200,7975,latency_high,
2026-10-05T02:00:09.731305+00:00,LibGen,LibGen.bz,UP,200,830,,
2026-10-05T02:01:11.015757+00:00,LibGen,LibGen.bz,UP,200,1305,,
2026-10-05T02:02:11.359988+00:00,LibGen,LibGen.bz,UP,200,1000,,
2026-10-05T02:03:13.296819+00:00,LibGen,LibGen.bz,UP,200,356,,
2026-10-05T02:04:11.980971+00:00,LibGen,LibGen.bz,UP,200,763,,
2026-10-05T02:05:12.387105+00:00,LibGen,LibGen.bz,UP,200,746,,
2026-10-05T02:06:12.972592+00:00,LibGen,LibGen.bz,UP,200,756,,
2026-10-05T02:07:14.140210+00:00,LibGen,LibGen.bz,UP,200,760,,
2026-10-05T02:08:15.202110+00:00,LibGen,LibGen.bz,UP,200,1414,,
2026-10-05T02:09:14.835486+00:00,LibGen,LibGen.bz,UP,200,685,,
2026-10-05T02:10:36.962034+00:00,LibGen,LibGen.bz,DOWN,,,connection_refused,
2026-10-05T02:11:15.906428+00:00,LibGen,LibGen.bz,UP,200,795,,
2026-10-05T02:12:16.979257+00:00,LibGen,LibGen.bz,UP,200,1030,,
2026-10-05T02:13:18.501099+00:00,LibGen,LibGen.bz,UP,200,737,,
2026-10-05T02:14:17.755149+00:00,LibGen,LibGen.bz,UP,200,1260,,
2026-10-05T02:15:37.970938+00:00,LibGen,LibGen.bz,DOWN,,,connection_refused,
2026-10-05T02:16:18.597700+00:00,LibGen,LibGen.bz,UP,200,857,,
2026-10-05T02:17:19.032197+00:00,LibGen,LibGen.bz,UP,200,830,,
2026-10-05T02:18:20.161978+00:00,LibGen,LibGen.bz,UP,200,1209,,
2026-10-05T02:19:20.417567+00:00,LibGen,LibGen.bz,UP,200,1081,,
2026-10-05T02:20:22.785085+00:00,LibGen,LibGen.bz,UP,200,308,,
2026-10-05T02:21:21.538184+00:00,LibGen,LibGen.bz,UP,200,850,,
2026-10-05T02:22:22.126456+00:00,LibGen,LibGen.bz,UP,200,1204,,
2026-10-05T02:23:21.848521+00:00,LibGen,LibGen.bz,UP,200,672,,
2026-10-05T02:24:23.050329+00:00,LibGen,LibGen.bz,UP,200,820,,
2026-10-05T02:25:23.949862+00:00,LibGen,LibGen.bz,UP,200,1056,,
2026-10-05T02:26:24.135329+00:00,LibGen,LibGen.bz,UP,200,938,,
2026-10-05T02:27:24.725763+00:00,LibGen,LibGen.bz,UP,200,1051,,
2026-10-05T02:28:25.161078+00:00,LibGen,LibGen.bz,UP,200,1020,,
2026-10-05T02:29:26.352496+00:00,LibGen,LibGen.bz,UP,200,759,,
2026-10-05T02:30:26.683428+00:00,LibGen,LibGen.bz,UP,200,808,,
2026-10-05T02:31:27.333211+00:00,LibGen,LibGen.bz,UP,200,726,,
2026-10-05T02:32:30.521483+00:00,LibGen,LibGen.bz,DEGRADED,200,3821,latency_high,
2026-10-05T02:33:29.481517+00:00,LibGen,LibGen.bz,UP,200,1694,,
2026-10-05T02:34:49.343564+00:00,LibGen,LibGen.bz,DOWN,,,connection_refused,
2026-10-05T02:35:29.143702+00:00,LibGen,LibGen.bz,UP,200,940,,
2026-10-05T02:36:30.621578+00:00,LibGen,LibGen.bz,UP,200,1127,,
2026-10-05T02:37:32.734026+00:00,LibGen,LibGen.bz,UP,200,811,,
2026-10-05T02:38:30.898080+00:00,LibGen,LibGen.bz,UP,200,720,,
2026-10-05T02:39:31.643108+00:00,LibGen,LibGen.bz,UP,200,996,,
2026-10-05T02:40:52.680962+00:00,LibGen,LibGen.bz,DOWN,,,connection_refused,
2026-10-05T02:41:32.952620+00:00,LibGen,LibGen.bz,UP,200,900,,
2026-10-05T02:42:33.818462+00:00,LibGen,LibGen.bz,UP,200,1080,,
2026-10-05T02:43:34.512547+00:00,LibGen,LibGen.bz,UP,200,1016,,
2026-10-05T02:44:35.651957+00:00,LibGen,LibGen.bz,UP,200,733,,
2026-10-05T02:45:34.856182+00:00,LibGen,LibGen.bz,UP,200,814,,
2026-10-05T02:46:57.532814+00:00,LibGen,LibGen.bz,DOWN,,,connection_refused,
2026-10-05T02:47:35.992419+00:00,LibGen,LibGen.bz,UP,200,845,,
2026-10-05T02:48:36.907616+00:00,LibGen,LibGen.bz,UP,200,1009,,
2026-10-05T02:49:37.385837+00:00,LibGen,LibGen.bz,UP,200,823,,
2026-10-05T02:50:38.416744+00:00,LibGen,LibGen.bz,UP,200,1192,,
2026-10-05T02:51:38.527824+00:00,LibGen,LibGen.bz,UP,200,921,,
2026-10-05T02:52:39.298822+00:00,LibGen,LibGen.bz,UP,200,1269,,
2026-10-05T02:53:38.985452+00:00,LibGen,LibGen.bz,UP,200,788,,
2026-10-05T02:54:39.641735+00:00,LibGen,LibGen.bz,UP,200,791,,
2026-10-05T02:55:40.390536+00:00,LibGen,LibGen.bz,UP,200,718,,
2026-10-05T02:56:40.713572+00:00,LibGen,LibGen.bz,UP,200,1026,,
2026-10-05T02:57:41.304755+00:00,LibGen,LibGen.bz,UP,200,635,,
2026-10-05T02:58:41.209598+00:00,LibGen,LibGen.bz,UP,200,927,,
2026-10-05T03:00:01.634970+00:00,LibGen,LibGen.bz,DOWN,,,connection_refused,
2026-10-05T03:00:42.940691+00:00,LibGen,LibGen.bz,UP,200,1158,,
2026-10-05T03:01:43.386216+00:00,LibGen,LibGen.bz,UP,200,1146,,
2026-10-05T03:02:43.177099+00:00,LibGen,LibGen.bz,UP,200,302,,
2026-10-05T03:03:45.163941+00:00,LibGen,LibGen.bz,UP,200,797,,
2026-10-05T03:04:44.898983+00:00,LibGen,LibGen.bz,UP,200,995,,
2026-10-05T03:05:45.571415+00:00,LibGen,LibGen.bz,UP,200,749,,
2026-10-05T03:06:48.626367+00:00,LibGen,LibGen.bz,UP,200,2067,,
2026-10-05T03:07:46.603497+00:00,LibGen,LibGen.bz,UP,200,923,,
2026-10-05T03:08:46.844583+00:00,LibGen,LibGen.bz,UP,200,891,,
2026-10-05T03:09:47.577699+00:00,LibGen,LibGen.bz,UP,200,1225,,
2026-10-05T03:10:47.647894+00:00,LibGen,LibGen.bz,UP,200,291,,
2026-10-05T03:11:48.929431+00:00,LibGen,LibGen.bz,UP,200,1033,,
2026-10-05T03:12:49.285506+00:00,LibGen,LibGen.bz,UP,200,1197,,
2026-10-05T03:13:49.105551+00:00,LibGen,LibGen.bz,UP,200,762,,
2026-10-05T03:14:49.785489+00:00,LibGen,LibGen.bz,UP,200,802,,
2026-10-05T03:15:55.878914+00:00,LibGen,LibGen.bz,DEGRADED,200,3933,latency_high,
2026-10-05T03:16:51.233493+00:00,LibGen,LibGen.bz,UP,200,1306,,
2026-10-05T03:17:51.591689+00:00,LibGen,LibGen.bz,UP,200,1367,,
2026-10-05T03:18:52.022802+00:00,LibGen,LibGen.bz,UP,200,748,,
2026-10-05T03:19:52.234759+00:00,LibGen,LibGen.bz,UP,200,816,,
2026-10-05T03:20:53.470515+00:00,LibGen,LibGen.bz,UP,200,789,,
2026-10-05T03:21:53.487203+00:00,LibGen,LibGen.bz,UP,200,854,,
2026-10-05T03:22:54.537778+00:00,LibGen,LibGen.bz,UP,200,1261,,
2026-10-05T03:23:55.056085+00:00,LibGen,LibGen.bz,UP,200,1089,,
2026-10-05T03:24:55.566211+00:00,LibGen,LibGen.bz,UP,200,862,,
2026-10-05T03:25:55.310463+00:00,LibGen,LibGen.bz,UP,200,298,,
2026-10-05T03:26:56.759882+00:00,LibGen,LibGen.bz,UP,200,1115,,
2026-10-05T03:27:56.943842+00:00,LibGen,LibGen.bz,UP,200,607,,
2026-10-05T03:28:57.544860+00:00,LibGen,LibGen.bz,UP,200,767,,
2026-10-05T03:29:59.077091+00:00,LibGen,LibGen.bz,UP,200,983,,
2026-10-05T03:30:58.376055+00:00,LibGen,LibGen.bz,UP,200,844,,
2026-10-05T03:31:59.989801+00:00,LibGen,LibGen.bz,UP,200,1130,,
2026-10-05T03:33:01.812994+00:00,LibGen,LibGen.bz,UP,200,1777,,
2026-10-05T03:34:01.074668+00:00,LibGen,LibGen.bz,UP,200,841,,
2026-10-05T03:35:01.103185+00:00,LibGen,LibGen.bz,UP,200,932,,
2026-10-05T03:36:01.898850+00:00,LibGen,LibGen.bz,UP,200,882,,
2026-10-05T03:37:02.656244+00:00,LibGen,LibGen.bz,UP,200,899,,
2026-10-05T03:38:04.884180+00:00,LibGen,LibGen.bz,UP,200,2029,,
2026-10-05T03:39:03.270910+00:00,LibGen,LibGen.bz,UP,200,1097,,
2026-10-05T03:40:03.704172+00:00,LibGen,LibGen.bz,UP,200,1160,,
2026-10-05T03:41:04.362908+00:00,LibGen,LibGen.bz,UP,200,944,,
2026-10-05T03:42:04.999315+00:00,LibGen,LibGen.bz,UP,200,1438,,
2026-10-05T03:43:05.486070+00:00,LibGen,LibGen.bz,UP,200,1662,,
2026-10-05T03:44:06.008958+00:00,LibGen,LibGen.bz,UP,200,961,,
2026-10-05T03:45:04.869506+00:00,LibGen,LibGen.bz,UP,200,335,,
2026-10-05T03:46:05.759978+00:00,LibGen,LibGen.bz,UP,200,827,,
2026-10-05T03:47:06.941536+00:00,LibGen,LibGen.bz,UP,200,1272,,
2026-10-05T03:48:08.874554+00:00,LibGen,LibGen.bz,UP,200,1454,,
2026-10-05T03:49:07.630833+00:00,LibGen,LibGen.bz,UP,200,775,,
2026-10-05T03:50:09.001318+00:00,LibGen,LibGen.bz,UP,200,937,,
2026-10-05T03:51:08.234534+00:00,LibGen,LibGen.bz,UP,200,666,,
2026-10-05T03:52:08.101511+00:00,LibGen,LibGen.bz,UP,200,313,,
2026-10-05T03:53:10.610766+00:00,LibGen,LibGen.bz,UP,200,1561,,
2026-10-05T03:54:09.941760+00:00,LibGen,LibGen.bz,UP,200,959,,
2026-10-05T03:55:10.340094+00:00,LibGen,LibGen.bz,UP,200,1023,,
2026-10-05T03:56:11.390320+00:00,LibGen,LibGen.bz,UP,200,1174,,
2026-10-05T03:57:11.372760+00:00,LibGen,LibGen.bz,UP,200,925,,
2026-10-05T03:58:11.459136+00:00,LibGen,LibGen.bz,UP,200,800,,
2026-10-05T03:59:11.782198+00:00,LibGen,LibGen.bz,UP,200,740,,
2026-10-05T04:00:12.816704+00:00,LibGen,LibGen.bz,UP,200,1128,,
2026-10-05T04:01:12.477796+00:00,LibGen,LibGen.bz,UP,200,716,,
2026-10-05T04:02:12.946867+00:00,LibGen,LibGen.bz,UP,200,787,,
2026-10-05T04:03:14.118701+00:00,LibGen,LibGen.bz,UP,200,1170,,
2026-10-05T04:04:14.596645+00:00,LibGen,LibGen.bz,UP,200,832,,
2026-10-05T04:05:16.031539+00:00,LibGen,LibGen.bz,UP,200,1400,,
2026-10-05T04:06:15.912931+00:00,LibGen,LibGen.bz,UP,200,854,,
2026-10-05T04:07:16.074193+00:00,LibGen,LibGen.bz,UP,200,515,,
2026-10-05T04:08:18.107643+00:00,LibGen,LibGen.bz,UP,200,1148,,
2026-10-05T04:09:19.823679+00:00,LibGen,LibGen.bz,DEGRADED,200,3073,latency_high,
2026-10-05T04:10:18.547074+00:00,LibGen,LibGen.bz,UP,200,829,,
2026-10-05T04:11:18.668971+00:00,LibGen,LibGen.bz,UP,200,1175,,
2026-10-05T04:12:18.558219+00:00,LibGen,LibGen.bz,UP,200,864,,
2026-10-05T04:13:19.555080+00:00,LibGen,LibGen.bz,UP,200,1008,,
2026-10-05T04:14:20.194847+00:00,LibGen,LibGen.bz,UP,200,853,,
2026-10-05T04:15:21.188226+00:00,LibGen,LibGen.bz,UP,200,1014,,
2026-10-05T04:16:22.029879+00:00,LibGen,LibGen.bz,UP,200,1552,,
2026-10-05T04:17:23.455758+00:00,LibGen,LibGen.bz,UP,200,1487,,
2026-10-05T04:18:22.934144+00:00,LibGen,LibGen.bz,UP,200,812,,
2026-10-05T04:19:24.243424+00:00,LibGen,LibGen.bz,UP,200,999,,
2026-10-05T04:20:24.284447+00:00,LibGen,LibGen.bz,UP,200,871,,
2026-10-05T04:21:25.637419+00:00,LibGen,LibGen.bz,UP,200,749,,
2026-10-05T04:22:26.893096+00:00,LibGen,LibGen.bz,UP,200,1278,,
2026-10-05T04:23:25.852333+00:00,LibGen,LibGen.bz,UP,200,793,,
2026-10-05T04:24:29.671429+00:00,LibGen,LibGen.bz,UP,200,1270,,
2026-10-05T04:25:27.439498+00:00,LibGen,LibGen.bz,UP,200,1263,,
2026-10-05T04:26:28.120870+00:00,LibGen,LibGen.bz,UP,200,1188,,
2026-10-05T04:27:27.957649+00:00,LibGen,LibGen.bz,UP,200,704,,
2026-10-05T04:28:29.455164+00:00,LibGen,LibGen.bz,UP,200,1103,,
2026-10-05T04:29:29.439570+00:00,LibGen,LibGen.bz,UP,200,835,,
2026-10-05T04:30:30.574715+00:00,LibGen,LibGen.bz,UP,200,887,,
2026-10-05T04:31:31.170832+00:00,LibGen,LibGen.bz,UP,200,1023,,
2026-10-05T04:32:30.758311+00:00,LibGen,LibGen.bz,UP,200,896,,
2026-10-05T04:33:31.817045+00:00,LibGen,LibGen.bz,UP,200,323,,
2026-10-05T04:34:32.386552+00:00,LibGen,LibGen.bz,UP,200,1168,,
2026-10-05T04:35:32.797595+00:00,LibGen,LibGen.bz,UP,200,1060,,
2026-10-05T04:36:34.755953+00:00,LibGen,LibGen.bz,UP,200,2455,,
2026-10-05T04:37:33.306551+00:00,LibGen,LibGen.bz,UP,200,714,,
2026-10-05T04:38:33.430692+00:00,LibGen,LibGen.bz,UP,200,390,,
2026-10-05T04:39:34.655430+00:00,LibGen,LibGen.bz,UP,200,1137,,
2026-10-05T04:40:35.254725+00:00,LibGen,LibGen.bz,UP,200,831,,
2026-10-05T04:41:35.678365+00:00,LibGen,LibGen.bz,UP,200,1152,,
2026-10-05T04:42:36.795183+00:00,LibGen,LibGen.bz,UP,200,1328,,
2026-10-05T04:43:37.799002+00:00,LibGen,LibGen.bz,UP,200,1468,,
2026-10-05T04:44:36.948885+00:00,LibGen,LibGen.bz,UP,200,681,,
2026-10-05T04:45:37.939164+00:00,LibGen,LibGen.bz,UP,200,615,,
2026-10-05T04:46:38.412561+00:00,LibGen,LibGen.bz,UP,200,782,,
2026-10-05T04:47:40.450659+00:00,LibGen,LibGen.bz,UP,200,1407,,
2026-10-05T04:48:40.794952+00:00,LibGen,LibGen.bz,UP,200,2062,,
2026-10-05T04:49:40.160758+00:00,LibGen,LibGen.bz,UP,200,1343,,
2026-10-05T04:50:41.847429+00:00,LibGen,LibGen.bz,UP,200,1523,,
2026-10-05T04:51:41.920197+00:00,LibGen,LibGen.bz,UP,200,2192,,
2026-10-05T04:52:41.974844+00:00,LibGen,LibGen.bz,UP,200,1377,,
2026-10-05T04:53:41.883757+00:00,LibGen,LibGen.bz,UP,200,1061,,
2026-10-05T04:54:42.930400+00:00,LibGen,LibGen.bz,UP,200,1166,,
2026-10-05T04:55:43.159459+00:00,LibGen,LibGen.bz,UP,200,791,,
2026-10-05T04:56:43.926993+00:00,LibGen,LibGen.bz,UP,200,879,,
2026-10-05T04:57:44.885234+00:00,LibGen,LibGen.bz,UP,200,1038,,
2026-10-05T04:58:46.262677+00:00,LibGen,LibGen.bz,UP,200,1600,,
2026-10-05T04:59:45.680646+00:00,LibGen,LibGen.bz,UP,200,681,,
2026-10-05T05:00:45.861672+00:00,LibGen,LibGen.bz,UP,200,786,,
2026-10-05T05:01:47.288781+00:00,LibGen,LibGen.bz,UP,200,931,,
2026-10-05T05:02:48.591599+00:00,LibGen,LibGen.bz,UP,200,840,,
2026-10-05T05:03:48.732222+00:00,LibGen,LibGen.bz,UP,200,1663,,
2026-10-05T05:04:49.090711+00:00,LibGen,LibGen.bz,UP,200,948,,
2026-10-05T05:05:50.084810+00:00,LibGen,LibGen.bz,UP,200,850,,
2026-10-05T05:06:49.860770+00:00,LibGen,LibGen.bz,UP,200,738,,
2026-10-05T05:07:51.590810+00:00,LibGen,LibGen.bz,UP,200,1123,,
2026-10-05T05:08:50.728839+00:00,LibGen,LibGen.bz,UP,200,815,,
2026-10-05T05:09:51.189135+00:00,LibGen,LibGen.bz,UP,200,732,,
2026-10-05T05:10:51.801010+00:00,LibGen,LibGen.bz,UP,200,971,,
2026-10-05T05:11:52.123708+00:00,LibGen,LibGen.bz,UP,200,878,,
2026-10-05T05:12:52.812563+00:00,LibGen,LibGen.bz,UP,200,962,,
2026-10-05T05:13:54.919083+00:00,LibGen,LibGen.bz,UP,200,1435,,
2026-10-05T05:15:14.176116+00:00,LibGen,LibGen.bz,DOWN,,,connection_refused,
2026-10-05T05:15:55.388317+00:00,LibGen,LibGen.bz,UP,200,1857,,
2026-10-05T05:16:58.835532+00:00,LibGen,LibGen.bz,DEGRADED,200,4179,latency_high,
2026-10-05T05:17:55.968229+00:00,LibGen,LibGen.bz,UP,200,814,,
2026-10-05T05:18:56.291045+00:00,LibGen,LibGen.bz,UP,200,693,,
2026-10-05T05:19:56.602451+00:00,LibGen,LibGen.bz,UP,200,691,,
2026-10-05T05:20:57.924976+00:00,LibGen,LibGen.bz,UP,200,1118,,
2026-10-05T05:21:58.644524+00:00,LibGen,LibGen.bz,UP,200,783,,
2026-10-05T05:22:58.715959+00:00,LibGen,LibGen.bz,UP,200,983,,
2026-10-05T05:23:59.437488+00:00,LibGen,LibGen.bz,UP,200,970,,
2026-10-05T05:25:00.866645+00:00,LibGen,LibGen.bz,UP,200,1591,,
2026-10-05T05:26:04.007725+00:00,LibGen,LibGen.bz,UP,200,1620,,
2026-10-05T05:27:02.058798+00:00,LibGen,LibGen.bz,UP,200,1204,,
2026-10-05T05:28:01.464139+00:00,LibGen,LibGen.bz,DOWN,500,256,http_error,
2026-10-05T05:29:04.407061+00:00,LibGen,LibGen.bz,UP,200,1294,,
2026-10-05T05:30:04.474686+00:00,LibGen,LibGen.bz,UP,200,1275,,
2026-10-05T05:31:04.696980+00:00,LibGen,LibGen.bz,UP,200,1282,,
2026-10-05T05:32:04.606196+00:00,LibGen,LibGen.bz,UP,200,670,,
2026-10-05T05:33:05.859628+00:00,LibGen,LibGen.bz,UP,200,952,,
2026-10-05T05:34:06.088670+00:00,LibGen,LibGen.bz,UP,200,939,,
2026-10-05T05:35:06.165386+00:00,LibGen,LibGen.bz,UP,200,674,,
2026-10-05T05:36:07.128401+00:00,LibGen,LibGen.bz,UP,200,881,,
2026-10-05T05:37:07.891679+00:00,LibGen,LibGen.bz,UP,200,1010,,
2026-10-05T05:38:08.165581+00:00,LibGen,LibGen.bz,UP,200,1082,,
2026-10-05T05:39:08.456731+00:00,LibGen,LibGen.bz,UP,200,881,,
2026-10-05T05:40:09.294596+00:00,LibGen,LibGen.bz,UP,200,886,,
2026-10-05T05:41:09.739031+00:00,LibGen,LibGen.bz,UP,200,744,,
2026-10-05T05:42:30.131653+00:00,LibGen,LibGen.bz,DOWN,,,connection_refused,
2026-10-05T05:43:10.266909+00:00,LibGen,LibGen.bz,UP,200,890,,
2026-10-05T05:44:10.955807+00:00,LibGen,LibGen.bz,UP,200,900,,
2026-10-05T05:45:11.537545+00:00,LibGen,LibGen.bz,UP,200,1359,,
2026-10-05T05:46:11.529811+00:00,LibGen,LibGen.bz,UP,200,660,,
2026-10-05T05:47:12.682666+00:00,LibGen,LibGen.bz,UP,200,1322,,
2026-10-05T05:48:12.468550+00:00,LibGen,LibGen.bz,UP,200,812,,
2026-10-05T05:49:13.135494+00:00,LibGen,LibGen.bz,UP,200,742,,
2026-10-05T05:50:13.951544+00:00,LibGen,LibGen.bz,UP,200,916,,
2026-10-05T05:51:17.370782+00:00,LibGen,LibGen.bz,DEGRADED,200,3348,latency_high,
2026-10-05T05:52:15.270782+00:00,LibGen,LibGen.bz,UP,200,1128,,
2026-10-05T05:53:15.713703+00:00,LibGen,LibGen.bz,UP,200,1136,,
2026-10-05T05:54:16.040392+00:00,LibGen,LibGen.bz,UP,200,786,,
2026-10-05T05:55:16.711470+00:00,LibGen,LibGen.bz,UP,200,761,,
2026-10-05T05:56:17.674053+00:00,LibGen,LibGen.bz,UP,200,1100,,
2026-10-05T05:57:17.997845+00:00,LibGen,LibGen.bz,UP,200,771,,
2026-10-05T05:58:18.284516+00:00,LibGen,LibGen.bz,UP,200,681,,
2026-10-05T05:59:19.541154+00:00,LibGen,LibGen.bz,UP,200,1329,,
2026-10-05T06:00:19.921642+00:00,LibGen,LibGen.bz,UP,200,1161,,
2026-10-05T06:01:19.595674+00:00,LibGen,LibGen.bz,UP,200,740,,
2026-10-05T06:02:21.214294+00:00,LibGen,LibGen.bz,UP,200,907,,
2026-10-05T06:03:21.949343+00:00,LibGen,LibGen.bz,UP,200,1304,,
2026-10-05T06:04:22.168924+00:00,LibGen,LibGen.bz,UP,200,1456,,
2026-10-05T06:05:22.420873+00:00,LibGen,LibGen.bz,UP,200,1117,,
2026-10-05T06:06:22.728290+00:00,LibGen,LibGen.bz,UP,200,836,,
2026-10-05T06:07:23.341993+00:00,LibGen,LibGen.bz,UP,200,918,,
2026-10-05T06:08:23.193997+00:00,LibGen,LibGen.bz,DOWN,,,connection_refused,
2026-10-05T06:09:25.166531+00:00,LibGen,LibGen.bz,UP,200,1841,,
2026-10-05T06:10:25.054620+00:00,LibGen,LibGen.bz,UP,200,989,,
2026-10-05T06:11:26.198527+00:00,LibGen,LibGen.bz,UP,200,1015,,
2026-10-05T06:12:26.944847+00:00,LibGen,LibGen.bz,UP,200,1241,,
2026-10-05T06:13:26.281368+00:00,LibGen,LibGen.bz,UP,200,783,,
2026-10-05T06:14:27.438527+00:00,LibGen,LibGen.bz,UP,200,1227,,
2026-10-05T06:15:27.141470+00:00,LibGen,LibGen.bz,UP,200,426,,
2026-10-05T06:16:27.195859+00:00,LibGen,LibGen.bz,DOWN,,,connection_refused,
2026-10-05T06:17:28.858644+00:00,LibGen,LibGen.bz,UP,200,883,,
2026-10-05T06:18:29.553469+00:00,LibGen,LibGen.bz,UP,200,1188,,
2026-10-05T06:19:30.349540+00:00,LibGen,LibGen.bz,UP,200,1348,,
2026-10-05T06:20:30.945263+00:00,LibGen,LibGen.bz,UP,200,1079,,
2026-10-05T06:21:30.833214+00:00,LibGen,LibGen.bz,UP,200,770,,
2026-10-05T06:22:32.484455+00:00,LibGen,LibGen.bz,UP,200,1020,,
2026-10-05T06:23:31.944535+00:00,LibGen,LibGen.bz,UP,200,340,,
2026-10-05T06:24:33.409589+00:00,LibGen,LibGen.bz,UP,200,1626,,
2026-10-05T06:25:34.080191+00:00,LibGen,LibGen.bz,UP,200,688,,
2026-10-05T06:26:34.703436+00:00,LibGen,LibGen.bz,UP,200,1181,,
2026-10-05T06:27:35.093220+00:00,LibGen,LibGen.bz,UP,200,963,,
2026-10-05T06:28:34.938081+00:00,LibGen,LibGen.bz,UP,200,787,,
2026-10-05T06:29:35.594120+00:00,LibGen,LibGen.bz,UP,200,701,,
2026-10-05T06:30:57.521837+00:00,LibGen,LibGen.bz,DOWN,,,connection_refused,
2026-10-05T06:31:37.708689+00:00,LibGen,LibGen.bz,UP,200,1278,,
2026-10-05T06:32:39.298364+00:00,LibGen,LibGen.bz,UP,200,2394,,
2026-10-05T06:33:58.642847+00:00,LibGen,LibGen.bz,DOWN,,,connection_refused,
2026-10-05T06:34:39.360405+00:00,LibGen,LibGen.bz,UP,200,948,,
2026-10-05T06:36:00.032616+00:00,LibGen,LibGen.bz,DOWN,,,connection_refused,
2026-10-05T06:36:40.569209+00:00,LibGen,LibGen.bz,UP,200,995,,
2026-10-05T06:37:41.244721+00:00,LibGen,LibGen.bz,UP,200,1275,,
2026-10-05T06:38:41.151650+00:00,LibGen,LibGen.bz,DOWN,500,780,http_error,
2026-10-05T06:39:42.175128+00:00,LibGen,LibGen.bz,UP,200,1685,,
2026-10-05T06:40:41.693237+00:00,LibGen,LibGen.bz,UP,200,1101,,
2026-10-05T06:41:42.993677+00:00,LibGen,LibGen.bz,UP,200,1297,,
2026-10-05T06:42:42.735483+00:00,LibGen,LibGen.bz,UP,200,664,,
2026-10-05T06:43:43.015249+00:00,LibGen,LibGen.bz,UP,200,850,,
2026-10-05T06:44:44.010152+00:00,LibGen,LibGen.bz,UP,200,1653,,
2026-10-05T06:45:43.664493+00:00,LibGen,LibGen.bz,UP,200,970,,
2026-10-05T06:46:44.018479+00:00,LibGen,LibGen.bz,UP,200,790,,
2026-10-05T06:47:45.423533+00:00,LibGen,LibGen.bz,UP,200,1023,,
2026-10-05T06:48:45.848258+00:00,LibGen,LibGen.bz,UP,200,693,,
2026-10-05T06:49:46.110623+00:00,LibGen,LibGen.bz,UP,200,905,,
2026-10-05T06:50:48.091595+00:00,LibGen,LibGen.bz,UP,200,1480,,
2026-10-05T06:51:47.633031+00:00,LibGen,LibGen.bz,UP,200,945,,
2026-10-05T06:52:48.824917+00:00,LibGen,LibGen.bz,UP,200,1424,,
2026-10-05T06:53:47.937558+00:00,LibGen,LibGen.bz,UP,200,972,,
2026-10-05T06:54:49.783990+00:00,LibGen,LibGen.bz,UP,200,2337,,
2026-10-05T06:56:08.474723+00:00,LibGen,LibGen.bz,DOWN,,,connection_refused,
2026-10-05T06:56:49.400411+00:00,LibGen,LibGen.bz,UP,200,747,,
2026-10-05T06:57:51.387067+00:00,LibGen,LibGen.bz,UP,200,1240,,
2026-10-05T06:58:56.864823+00:00,LibGen,LibGen.bz,DEGRADED,200,5828,latency_high,
2026-10-05T06:59:51.564535+00:00,LibGen,LibGen.bz,UP,200,1042,,
2026-10-05T07:00:53.051961+00:00,LibGen,LibGen.bz,UP,200,1867,,
2026-10-05T07:01:52.446302+00:00,LibGen,LibGen.bz,UP,200,1102,,
2026-10-05T07:02:53.214946+00:00,LibGen,LibGen.bz,UP,200,1203,,
2026-10-05T07:03:52.801993+00:00,LibGen,LibGen.bz,UP,200,1104,,
2026-10-05T07:04:53.843815+00:00,LibGen,LibGen.bz,UP,200,1484,,
2026-10-05T07:05:54.353354+00:00,LibGen,LibGen.bz,UP,200,1852,,
2026-10-05T07:06:53.471574+00:00,LibGen,LibGen.bz,UP,200,430,,
2026-10-05T07:07:53.987976+00:00,LibGen,LibGen.bz,UP,200,1308,,
2026-10-05T07:08:54.397750+00:00,LibGen,LibGen.bz,UP,200,1202,,
2026-10-05T07:09:54.904798+00:00,LibGen,LibGen.bz,UP,200,1692,,
2026-10-05T07:10:54.603665+00:00,LibGen,LibGen.bz,UP,200,1225,,
2026-10-05T07:11:55.398801+00:00,LibGen,LibGen.bz,UP,200,899,,
2026-10-05T07:12:55.391171+00:00,LibGen,LibGen.bz,UP,200,1042,,
2026-10-05T07:13:54.937344+00:00,LibGen,LibGen.bz,UP,200,852,,
2026-10-05T07:14:55.432221+00:00,LibGen,LibGen.bz,UP,200,749,,
2026-10-05T07:15:55.838209+00:00,LibGen,LibGen.bz,UP,200,1047,,
2026-10-05T07:16:56.703464+00:00,LibGen,LibGen.bz,UP,200,1652,,
2026-10-05T07:17:57.419706+00:00,LibGen,LibGen.bz,UP,200,1920,,
2026-10-05T07:18:58.459959+00:00,LibGen,LibGen.bz,UP,200,1670,,
2026-10-05T07:19:58.101695+00:00,LibGen,LibGen.bz,UP,200,1232,,
2026-10-05T07:20:58.172516+00:00,LibGen,LibGen.bz,UP,200,943,,
2026-10-05T07:21:57.683202+00:00,LibGen,LibGen.bz,UP,200,752,,
2026-10-05T07:22:59.295016+00:00,LibGen,LibGen.bz,UP,200,1391,,
2026-10-05T07:23:59.138609+00:00,LibGen,LibGen.bz,UP,200,1129,,
2026-10-05T07:25:19.075218+00:00,LibGen,LibGen.bz,TIMEOUT,,,timeout,
2026-10-05T07:26:19.471992+00:00,LibGen,LibGen.bz,TIMEOUT,,,timeout,
2026-10-05T07:27:19.589934+00:00,LibGen,LibGen.bz,TIMEOUT,,,timeout,
2026-10-05T07:28:19.761619+00:00,LibGen,LibGen.bz,TIMEOUT,,,timeout,
2026-10-05T07:29:15.463418+00:00,LibGen,LibGen.bz,DOWN,500,16288,http_error,
2026-10-05T07:30:01.460339+00:00,LibGen,LibGen.bz,UP,200,1267,,
2026-10-05T07:31:01.658380+00:00,LibGen,LibGen.bz,UP,200,348,,
2026-10-05T07:32:01.902510+00:00,LibGen,LibGen.bz,UP,200,1054,,
2026-10-05T07:33:02.239114+00:00,LibGen,LibGen.bz,UP,200,1095,,
2026-10-05T07:34:02.248590+00:00,LibGen,LibGen.bz,UP,200,1068,,
2026-10-05T07:35:23.034794+00:00,LibGen,LibGen.bz,TIMEOUT,,,timeout,
2026-10-05T07:36:22.731453+00:00,LibGen,LibGen.bz,TIMEOUT,,,timeout,
2026-10-05T07:37:22.642728+00:00,LibGen,LibGen.bz,TIMEOUT,,,timeout,
2026-10-05T07:38:22.818714+00:00,LibGen,LibGen.bz,TIMEOUT,,,timeout,
2026-10-05T07:39:18.743710+00:00,LibGen,LibGen.bz,DEGRADED,200,16209,latency_high,
2026-10-05T07:40:04.297985+00:00,LibGen,LibGen.bz,UP,200,1427,,
2026-10-05T07:41:04.135780+00:00,LibGen,LibGen.bz,UP,200,927,,
2026-10-05T07:42:06.048001+00:00,LibGen,LibGen.bz,UP,200,2292,,
2026-10-05T07:43:06.368360+00:00,LibGen,LibGen.bz,UP,200,1272,,
2026-10-05T07:44:06.838442+00:00,LibGen,LibGen.bz,UP,200,1754,,
2026-10-05T07:45:07.075203+00:00,LibGen,LibGen.bz,UP,200,1022,,
2026-10-05T07:46:06.970446+00:00,LibGen,LibGen.bz,UP,200,845,,
2026-10-05T07:47:11.103020+00:00,LibGen,LibGen.bz,DEGRADED,200,3656,latency_high,
2026-10-05T07:48:08.318412+00:00,LibGen,LibGen.bz,UP,200,1277,,
2026-10-05T07:49:09.028974+00:00,LibGen,LibGen.bz,UP,200,1105,,
2026-10-05T07:50:08.785168+00:00,LibGen,LibGen.bz,UP,200,854,,
2026-10-05T07:51:09.117265+00:00,LibGen,LibGen.bz,UP,200,885,,
2026-10-05T07:52:09.294944+00:00,LibGen,LibGen.bz,UP,200,1635,,
2026-10-05T07:53:09.718141+00:00,LibGen,LibGen.bz,UP,200,1047,,
2026-10-05T07:54:10.300173+00:00,LibGen,LibGen.bz,UP,200,1151,,
2026-10-05T07:55:10.630124+00:00,LibGen,LibGen.bz,UP,200,1654,,
2026-10-05T07:56:10.634869+00:00,LibGen,LibGen.bz,UP,200,1318,,
2026-10-05T07:57:10.706893+00:00,LibGen,LibGen.bz,UP,200,1279,,
2026-10-05T07:58:11.113989+00:00,LibGen,LibGen.bz,UP,200,1567,,
2026-10-05T07:59:11.591915+00:00,LibGen,LibGen.bz,UP,200,1555,,
2026-10-05T08:00:11.569983+00:00,LibGen,LibGen.bz,UP,200,1656,,
2026-10-05T08:01:11.730010+00:00,LibGen,LibGen.bz,UP,200,1109,,
2026-10-05T08:02:11.563757+00:00,LibGen,LibGen.bz,UP,200,1174,,
2026-10-05T08:03:12.713094+00:00,LibGen,LibGen.bz,UP,200,1178,,
2026-10-05T08:04:12.601414+00:00,LibGen,LibGen.bz,UP,200,860,,
2026-10-05T08:05:12.963543+00:00,LibGen,LibGen.bz,UP,200,873,,
2026-10-05T08:06:16.028659+00:00,LibGen,LibGen.bz,UP,200,1360,,
2026-10-05T08:07:14.503239+00:00,LibGen,LibGen.bz,UP,200,1300,,
2026-10-05T08:08:14.994523+00:00,LibGen,LibGen.bz,UP,200,915,,
2026-10-05T08:09:16.071217+00:00,LibGen,LibGen.bz,UP,200,1150,,
2026-10-05T08:10:34.978888+00:00,LibGen,LibGen.bz,DOWN,,,connection_refused,
2026-10-05T08:11:16.182977+00:00,LibGen,LibGen.bz,UP,200,1620,,
2026-10-05T08:12:15.889024+00:00,LibGen,LibGen.bz,UP,200,1168,,
2026-10-05T08:13:16.685595+00:00,LibGen,LibGen.bz,UP,200,1334,,
2026-10-05T08:14:16.577776+00:00,LibGen,LibGen.bz,UP,200,1064,,
2026-10-05T08:15:16.711604+00:00,LibGen,LibGen.bz,UP,200,1009,,
2026-10-05T08:16:18.041549+00:00,LibGen,LibGen.bz,UP,200,1274,,
2026-10-05T08:17:18.256476+00:00,LibGen,LibGen.bz,UP,200,1063,,
2026-10-05T08:18:19.930950+00:00,LibGen,LibGen.bz,UP,200,613,,
2026-10-05T08:19:17.982484+00:00,LibGen,LibGen.bz,DOWN,500,825,http_error,
2026-10-05T08:20:38.367845+00:00,LibGen,LibGen.bz,TIMEOUT,,,timeout,
2026-10-05T08:21:38.805364+00:00,LibGen,LibGen.bz,TIMEOUT,,,timeout,
2026-10-05T08:22:38.973512+00:00,LibGen,LibGen.bz,TIMEOUT,,,timeout,
2026-10-05T08:23:39.133820+00:00,LibGen,LibGen.bz,TIMEOUT,,,timeout,
2026-10-05T08:24:21.090367+00:00,LibGen,LibGen.bz,UP,200,2379,,
2026-10-05T08:25:20.190964+00:00,LibGen,LibGen.bz,UP,200,1382,,
2026-10-05T08:26:20.989049+00:00,LibGen,LibGen.bz,UP,200,1426,,
2026-10-05T08:27:23.222406+00:00,LibGen,LibGen.bz,UP,200,1067,,
2026-10-05T08:28:21.438020+00:00,LibGen,LibGen.bz,UP,200,1297,,
2026-10-05T08:29:21.568462+00:00,LibGen,LibGen.bz,UP,200,1080,,
2026-10-05T08:30:21.472521+00:00,LibGen,LibGen.bz,UP,200,519,,
2026-10-05T08:31:21.878248+00:00,LibGen,LibGen.bz,UP,200,331,,
2026-10-05T08:32:22.373457+00:00,LibGen,LibGen.bz,UP,200,815,,
2026-10-05T08:33:24.159554+00:00,LibGen,LibGen.bz,UP,200,1145,,
2026-10-05T08:34:23.462477+00:00,LibGen,LibGen.bz,UP,200,711,,
2026-10-05T08:35:25.241878+00:00,LibGen,LibGen.bz,UP,200,986,,
2026-10-05T08:36:24.049010+00:00,LibGen,LibGen.bz,UP,200,656,,
2026-10-05T08:37:25.481576+00:00,LibGen,LibGen.bz,UP,200,1894,,
2026-10-05T08:38:25.121144+00:00,LibGen,LibGen.bz,DOWN,500,710,http_error,
2026-10-05T08:39:45.134828+00:00,LibGen,LibGen.bz,TIMEOUT,,,timeout,
2026-10-05T08:40:45.897674+00:00,LibGen,LibGen.bz,TIMEOUT,,,timeout,
2026-10-05T08:41:45.894939+00:00,LibGen,LibGen.bz,TIMEOUT,,,timeout,
2026-10-05T08:42:46.099263+00:00,LibGen,LibGen.bz,TIMEOUT,,,timeout,
2026-10-05T08:43:46.226862+00:00,LibGen,LibGen.bz,TIMEOUT,,,timeout,
2026-10-05T08:44:27.238713+00:00,LibGen,LibGen.bz,UP,200,1391,,
2026-10-05T08:45:28.336203+00:00,LibGen,LibGen.bz,UP,200,1538,,
2026-10-05T08:46:28.544234+00:00,LibGen,LibGen.bz,UP,200,1105,,
2026-10-05T08:47:27.867921+00:00,LibGen,LibGen.bz,UP,200,956,,
2026-10-05T08:48:27.958423+00:00,LibGen,LibGen.bz,UP,200,312,,
2026-10-05T08:49:29.730604+00:00,LibGen,LibGen.bz,UP,200,1499,,
2026-10-05T08:50:29.718047+00:00,LibGen,LibGen.bz,UP,200,1441,,
2026-10-05T08:51:30.323345+00:00,LibGen,LibGen.bz,UP,200,1703,,
2026-10-05T08:52:30.274057+00:00,LibGen,LibGen.bz,UP,200,1330,,
2026-10-05T08:53:30.693457+00:00,LibGen,LibGen.bz,UP,200,1239,,
2026-10-05T08:54:31.444614+00:00,LibGen,LibGen.bz,UP,200,1378,,
2026-10-05T08:55:32.034263+00:00,LibGen,LibGen.bz,UP,200,1541,,
2026-10-05T08:56:31.390526+00:00,LibGen,LibGen.bz,UP,200,895,,
2026-10-05T08:57:33.103727+00:00,LibGen,LibGen.bz,UP,200,1632,,
2026-10-05T08:58:32.250937+00:00,LibGen,LibGen.bz,UP,200,1079,,
2026-10-05T08:59:32.841919+00:00,LibGen,LibGen.bz,UP,200,1164,,
2026-10-05T09:00:33.404306+00:00,LibGen,LibGen.bz,UP,200,1223,,
2026-10-05T09:01:33.021531+00:00,LibGen,LibGen.bz,UP,200,812,,
2026-10-05T09:02:33.425029+00:00,LibGen,LibGen.bz,UP,200,753,,
2026-10-05T09:03:33.845924+00:00,LibGen,LibGen.bz,UP,200,1542,,
2026-10-05T09:04:34.828989+00:00,LibGen,LibGen.bz,UP,200,1614,,
2026-10-05T09:05:35.710924+00:00,LibGen,LibGen.bz,UP,200,2235,,
2026-10-05T09:06:35.434054+00:00,LibGen,LibGen.bz,UP,200,1582,,
2026-10-05T09:07:35.220657+00:00,LibGen,LibGen.bz,UP,200,1163,,
2026-10-05T09:08:36.749978+00:00,LibGen,LibGen.bz,UP,200,1839,,
2026-10-05T09:09:36.740373+00:00,LibGen,LibGen.bz,UP,200,621,,
2026-10-05T09:10:37.484211+00:00,LibGen,LibGen.bz,UP,200,1733,,
2026-10-05T09:11:36.293120+00:00,LibGen,LibGen.bz,UP,200,904,,
2026-10-05T09:12:38.968402+00:00,LibGen,LibGen.bz,UP,200,2137,,
2026-10-05T09:13:38.523986+00:00,LibGen,LibGen.bz,UP,200,1195,,
2026-10-05T09:14:38.246333+00:00,LibGen,LibGen.bz,UP,200,913,,
2026-10-05T09:15:39.995351+00:00,LibGen,LibGen.bz,UP,200,1464,,
2026-10-05T09:16:39.970703+00:00,LibGen,LibGen.bz,UP,200,651,,
2026-10-05T09:17:40.203505+00:00,LibGen,LibGen.bz,UP,200,1179,,
2026-10-05T09:18:39.730450+00:00,LibGen,LibGen.bz,DOWN,500,724,http_error,
2026-10-05T09:19:41.953333+00:00,LibGen,LibGen.bz,UP,200,2327,,
2026-10-05T09:20:40.426219+00:00,LibGen,LibGen.bz,DOWN,500,704,http_error,
2026-10-05T09:21:42.237708+00:00,LibGen,LibGen.bz,UP,200,1681,,
2026-10-05T09:23:00.741993+00:00,LibGen,LibGen.bz,TIMEOUT,,,timeout,
2026-10-05T09:24:01.838547+00:00,LibGen,LibGen.bz,TIMEOUT,,,timeout,
2026-10-05T09:24:44.130608+00:00,LibGen,LibGen.bz,UP,200,2304,,
2026-10-05T09:25:42.415792+00:00,LibGen,LibGen.bz,UP,200,997,,
2026-10-05T09:26:43.361219+00:00,LibGen,LibGen.bz,UP,200,1648,,
2026-10-05T09:27:43.586968+00:00,LibGen,LibGen.bz,UP,200,1931,,
2026-10-05T09:28:43.272496+00:00,LibGen,LibGen.bz,UP,200,1212,,
2026-10-05T09:29:44.042728+00:00,LibGen,LibGen.bz,UP,200,1219,,
2026-10-05T09:30:44.336136+00:00,LibGen,LibGen.bz,UP,200,723,,
2026-10-05T09:31:44.572013+00:00,LibGen,LibGen.bz,UP,200,1683,,
2026-10-05T09:32:45.383800+00:00,LibGen,LibGen.bz,UP,200,1796,,
2026-10-05T09:33:45.304009+00:00,LibGen,LibGen.bz,UP,200,1572,,
2026-10-05T09:34:47.556721+00:00,LibGen,LibGen.bz,DEGRADED,200,3869,latency_high,
2026-10-05T09:35:45.668980+00:00,LibGen,LibGen.bz,UP,200,832,,
2026-10-05T09:36:45.870950+00:00,LibGen,LibGen.bz,UP,200,1741,,
2026-10-05T09:37:45.810723+00:00,LibGen,LibGen.bz,UP,200,1001,,
2026-10-05T09:39:05.635030+00:00,LibGen,LibGen.bz,DOWN,,,connection_refused,
2026-10-05T09:39:46.402906+00:00,LibGen,LibGen.bz,UP,200,1330,,
2026-10-05T09:40:46.879425+00:00,LibGen,LibGen.bz,UP,200,1169,,
2026-10-05T09:41:46.898564+00:00,LibGen,LibGen.bz,UP,200,1175,,
2026-10-05T09:42:47.526853+00:00,LibGen,LibGen.bz,UP,200,1366,,
2026-10-05T09:43:47.107738+00:00,LibGen,LibGen.bz,UP,200,833,,
2026-10-05T09:44:47.790525+00:00,LibGen,LibGen.bz,UP,200,948,,
2026-10-05T09:45:47.639312+00:00,LibGen,LibGen.bz,UP,200,960,,
2026-10-05T09:46:48.662148+00:00,LibGen,LibGen.bz,UP,200,1434,,
2026-10-05T09:47:49.120195+00:00,LibGen,LibGen.bz,UP,200,1404,,
2026-10-05T09:48:47.885127+00:00,LibGen,LibGen.bz,UP,200,751,,
2026-10-05T09:49:49.552470+00:00,LibGen,LibGen.bz,UP,200,1635,,
2026-10-05T09:50:49.833870+00:00,LibGen,LibGen.bz,UP,200,1177,,
2026-10-05T09:51:49.568621+00:00,LibGen,LibGen.bz,UP,200,914,,
2026-10-05T09:52:50.822232+00:00,LibGen,LibGen.bz,UP,200,1054,,
2026-10-05T09:53:50.161613+00:00,LibGen,LibGen.bz,UP,200,955,,
2026-10-05T09:54:53.423472+00:00,LibGen,LibGen.bz,DEGRADED,200,3967,latency_high,
2026-10-05T09:55:52.204459+00:00,LibGen,LibGen.bz,UP,200,2152,,
2026-10-05T09:56:50.736311+00:00,LibGen,LibGen.bz,UP,200,974,,
2026-10-05T09:57:51.403240+00:00,LibGen,LibGen.bz,UP,200,1145,,
2026-10-05T09:58:51.567543+00:00,LibGen,LibGen.bz,UP,200,1059,,
2026-10-05T09:59:53.011678+00:00,LibGen,LibGen.bz,UP,200,2284,,
2026-10-05T10:00:52.251788+00:00,LibGen,LibGen.bz,UP,200,896,,
2026-10-05T10:01:53.246690+00:00,LibGen,LibGen.bz,UP,200,2010,,
2026-10-05T10:02:52.726200+00:00,LibGen,LibGen.bz,UP,200,779,,
2026-10-05T10:03:54.227549+00:00,LibGen,LibGen.bz,UP,200,2066,,
2026-10-05T10:04:54.161853+00:00,LibGen,LibGen.bz,UP,200,1536,,
2026-10-05T10:05:54.048259+00:00,LibGen,LibGen.bz,DOWN,500,1196,http_error,
2026-10-05T10:06:55.410416+00:00,LibGen,LibGen.bz,UP,200,2164,,
2026-10-05T10:07:54.325471+00:00,LibGen,LibGen.bz,UP,200,453,,
2026-10-05T10:08:55.498213+00:00,LibGen,LibGen.bz,UP,200,1467,,
2026-10-05T10:09:54.666252+00:00,LibGen,LibGen.bz,DOWN,500,622,http_error,
2026-10-05T10:10:55.307004+00:00,LibGen,LibGen.bz,DOWN,500,703,http_error,
2026-10-05T10:11:56.556527+00:00,LibGen,LibGen.bz,UP,200,1233,,
2026-10-05T10:12:57.628113+00:00,LibGen,LibGen.bz,UP,200,2149,,
2026-10-05T10:13:57.874973+00:00,LibGen,LibGen.bz,UP,200,1980,,
2026-10-05T10:14:58.170189+00:00,LibGen,LibGen.bz,UP,200,1749,,
2026-10-05T10:15:57.993500+00:00,LibGen,LibGen.bz,UP,200,1461,,
2026-10-05T10:16:57.798246+00:00,LibGen,LibGen.bz,UP,200,805,,
2026-10-05T10:17:59.181912+00:00,LibGen,LibGen.bz,UP,200,2272,,
2026-10-05T10:18:58.642365+00:00,LibGen,LibGen.bz,UP,200,1274,,
2026-10-05T10:20:19.250798+00:00,LibGen,LibGen.bz,DOWN,,,connection_refused,
2026-10-05T10:21:00.040729+00:00,LibGen,LibGen.bz,UP,200,1426,,
2026-10-05T10:22:01.843163+00:00,LibGen,LibGen.bz,UP,200,1866,,
2026-10-05T10:23:02.460625+00:00,LibGen,LibGen.bz,DEGRADED,200,3008,latency_high,
2026-10-05T10:24:00.171482+00:00,LibGen,LibGen.bz,DOWN,500,706,http_error,
2026-10-05T10:25:02.453176+00:00,LibGen,LibGen.bz,UP,200,1175,,
2026-10-05T10:26:04.195902+00:00,LibGen,LibGen.bz,DEGRADED,200,3037,latency_high,
2026-10-05T10:27:02.163257+00:00,LibGen,LibGen.bz,UP,200,1008,,
2026-10-05T10:28:02.564796+00:00,LibGen,LibGen.bz,UP,200,1207,,
2026-10-05T10:29:03.194655+00:00,LibGen,LibGen.bz,UP,200,1029,,
2026-10-05T10:30:03.378785+00:00,LibGen,LibGen.bz,UP,200,1148,,
2026-10-05T10:31:05.110166+00:00,LibGen,LibGen.bz,UP,200,1553,,
2026-10-05T10:32:04.662516+00:00,LibGen,LibGen.bz,UP,200,1645,,
2026-10-05T10:33:04.946000+00:00,LibGen,LibGen.bz,UP,200,1233,,
2026-10-05T10:34:04.898636+00:00,LibGen,LibGen.bz,UP,200,1066,,
2026-10-05T10:35:05.074766+00:00,LibGen,LibGen.bz,UP,200,899,,
2026-10-05T10:36:09.822906+00:00,LibGen,LibGen.bz,DEGRADED,200,5025,latency_high,
2026-10-05T10:37:06.846410+00:00,LibGen,LibGen.bz,UP,200,1548,,
2026-10-05T10:38:06.110404+00:00,LibGen,LibGen.bz,UP,200,716,,
2026-10-05T10:39:07.214669+00:00,LibGen,LibGen.bz,UP,200,1409,,
2026-10-05T10:40:07.340692+00:00,LibGen,LibGen.bz,UP,200,1330,,
2026-10-05T10:41:09.114180+00:00,LibGen,LibGen.bz,UP,200,1554,,
2026-10-05T10:42:07.933516+00:00,LibGen,LibGen.bz,UP,200,1517,,
2026-10-05T10:43:08.598545+00:00,LibGen,LibGen.bz,UP,200,1368,,
2026-10-05T10:44:07.213815+00:00,LibGen,LibGen.bz,DOWN,500,701,http_error,
2026-10-05T10:45:11.623109+00:00,LibGen,LibGen.bz,UP,200,2313,,
2026-10-05T10:46:09.527153+00:00,LibGen,LibGen.bz,UP,200,1969,,
2026-10-05T10:47:09.886892+00:00,LibGen,LibGen.bz,UP,200,1544,,
2026-10-05T10:48:10.731977+00:00,LibGen,LibGen.bz,UP,200,2207,,
2026-10-05T10:49:09.901164+00:00,LibGen,LibGen.bz,UP,200,1268,,
2026-10-05T10:50:10.919058+00:00,LibGen,LibGen.bz,UP,200,1452,,
2026-10-05T10:51:11.966688+00:00,LibGen,LibGen.bz,UP,200,1168,,
2026-10-05T10:52:11.263562+00:00,LibGen,LibGen.bz,UP,200,1245,,
2026-10-05T10:53:12.117973+00:00,LibGen,LibGen.bz,UP,200,1106,,
2026-10-05T10:54:11.512626+00:00,LibGen,LibGen.bz,DOWN,500,630,http_error,
2026-10-05T10:55:13.069400+00:00,LibGen,LibGen.bz,UP,200,1433,,
2026-10-05T10:56:13.355479+00:00,LibGen,LibGen.bz,UP,200,956,,
2026-10-05T10:57:12.442173+00:00,LibGen,LibGen.bz,UP,200,670,,
2026-10-05T10:58:15.285410+00:00,LibGen,LibGen.bz,UP,200,1462,,
2026-10-05T10:59:13.344795+00:00,LibGen,LibGen.bz,UP,200,829,,
2026-10-05T11:00:15.440830+00:00,LibGen,LibGen.bz,UP,200,1575,,
2026-10-05T11:01:14.238460+00:00,LibGen,LibGen.bz,UP,200,985,,
2026-10-05T11:02:15.113470+00:00,LibGen,LibGen.bz,UP,200,1485,,
2026-10-05T11:03:15.807571+00:00,LibGen,LibGen.bz,UP,200,1345,,
2026-10-05T11:04:16.893583+00:00,LibGen,LibGen.bz,UP,200,1566,,
2026-10-05T11:05:17.172254+00:00,LibGen,LibGen.bz,UP,200,1581,,
2026-10-05T11:06:17.229265+00:00,LibGen,LibGen.bz,UP,200,1168,,
2026-10-05T11:07:17.550879+00:00,LibGen,LibGen.bz,UP,200,813,,
2026-10-05T11:08:19.427627+00:00,LibGen,LibGen.bz,UP,200,1433,,
2026-10-05T11:09:17.861360+00:00,LibGen,LibGen.bz,DOWN,500,711,http_error,
2026-10-05T11:10:17.795199+00:00,LibGen,LibGen.bz,DOWN,,,connection_refused,
2026-10-05T11:11:20.092559+00:00,LibGen,LibGen.bz,UP,200,1242,,
2026-10-05T11:12:20.292750+00:00,LibGen,LibGen.bz,UP,200,1944,,
2026-10-05T11:13:19.259724+00:00,LibGen,LibGen.bz,UP,200,832,,
2026-10-05T11:14:18.957951+00:00,LibGen,LibGen.bz,UP,200,438,,
2026-10-05T11:15:21.179664+00:00,LibGen,LibGen.bz,UP,200,2142,,
2026-10-05T11:16:20.780854+00:00,LibGen,LibGen.bz,UP,200,1264,,
2026-10-05T11:17:21.339874+00:00,LibGen,LibGen.bz,UP,200,1567,,
2026-10-05T11:18:21.039610+00:00,LibGen,LibGen.bz,UP,200,1189,,
2026-10-05T11:19:22.742086+00:00,LibGen,LibGen.bz,UP,200,2262,,
2026-10-05T11:20:22.009261+00:00,LibGen,LibGen.bz,UP,200,1252,,
2026-10-05T11:21:26.920230+00:00,LibGen,LibGen.bz,DEGRADED,200,5358,latency_high,
2026-10-05T11:22:44.325849+00:00,LibGen,LibGen.bz,DOWN,,,connection_refused,
2026-10-05T11:23:24.810759+00:00,LibGen,LibGen.bz,UP,200,1956,,
2026-10-05T11:24:25.125089+00:00,LibGen,LibGen.bz,UP,200,2181,,
2026-10-05T11:25:23.759408+00:00,LibGen,LibGen.bz,UP,200,1124,,
2026-10-05T11:26:23.368589+00:00,LibGen,LibGen.bz,UP,200,255,,
2026-10-05T11:27:25.277027+00:00,LibGen,LibGen.bz,UP,200,1865,,
2026-10-05T11:28:27.145548+00:00,LibGen,LibGen.bz,DEGRADED,200,3192,latency_high,
2026-10-05T11:29:25.203503+00:00,LibGen,LibGen.bz,UP,200,1115,,
2026-10-05T11:30:25.400471+00:00,LibGen,LibGen.bz,UP,200,1096,,
2026-10-05T11:31:25.840512+00:00,LibGen,LibGen.bz,UP,200,864,,
2026-10-05T11:32:28.090134+00:00,LibGen,LibGen.bz,UP,200,2030,,
2026-10-05T11:33:27.192741+00:00,LibGen,LibGen.bz,UP,200,981,,
2026-10-05T11:34:26.873258+00:00,LibGen,LibGen.bz,UP,200,327,,
2026-10-05T11:35:28.694081+00:00,LibGen,LibGen.bz,UP,200,1444,,
2026-10-05T11:36:30.261871+00:00,LibGen,LibGen.bz,UP,200,2078,,
2026-10-05T11:37:33.066015+00:00,LibGen,LibGen.bz,DEGRADED,200,4894,latency_high,
2026-10-05T11:38:29.799520+00:00,LibGen,LibGen.bz,DOWN,500,1222,http_error,
2026-10-05T11:39:50.091240+00:00,LibGen,LibGen.bz,DOWN,,,connection_refused,
2026-10-05T11:40:31.673380+00:00,LibGen,LibGen.bz,UP,200,1260,,
2026-10-05T11:41:31.531486+00:00,LibGen,LibGen.bz,UP,200,1158,,
2026-10-05T11:42:32.911465+00:00,LibGen,LibGen.bz,UP,200,810,,
2026-10-05T11:43:33.218254+00:00,LibGen,LibGen.bz,UP,200,1233,,
2026-10-05T11:44:34.407696+00:00,LibGen,LibGen.bz,UP,200,648,,
2026-10-05T11:45:34.258762+00:00,LibGen,LibGen.bz,UP,200,2017,,
2026-10-05T11:46:34.830042+00:00,LibGen,LibGen.bz,UP,200,1666,,
2026-10-05T11:47:33.629373+00:00,LibGen,LibGen.bz,UP,200,701,,
2026-10-05T11:48:33.982523+00:00,LibGen,LibGen.bz,UP,200,332,,
2026-10-05T11:49:35.021161+00:00,LibGen,LibGen.bz,UP,200,1128,,
2026-10-05T11:50:34.546993+00:00,LibGen,LibGen.bz,UP,200,669,,
2026-10-05T11:51:36.042478+00:00,LibGen,LibGen.bz,UP,200,1411,,
2026-10-05T11:52:36.058590+00:00,LibGen,LibGen.bz,UP,200,1190,,
2026-10-05T11:53:36.723256+00:00,LibGen,LibGen.bz,UP,200,731,,
2026-10-05T11:54:36.352329+00:00,LibGen,LibGen.bz,DOWN,500,711,http_error,
2026-10-05T11:55:37.345415+00:00,LibGen,LibGen.bz,UP,200,1231,,
2026-10-05T11:56:38.263575+00:00,LibGen,LibGen.bz,UP,200,988,,
2026-10-05T11:57:37.071760+00:00,LibGen,LibGen.bz,UP,200,621,,
2026-10-05T11:58:37.233888+00:00,LibGen,LibGen.bz,UP,200,687,,
2026-10-05T11:59:39.525317+00:00,LibGen,LibGen.bz,UP,200,2071,,
2026-10-05T12:00:39.195392+00:00,LibGen,LibGen.bz,UP,200,1425,,
2026-10-05T12:01:38.739934+00:00,LibGen,LibGen.bz,UP,200,727,,
2026-10-05T12:02:39.014229+00:00,LibGen,LibGen.bz,UP,200,747,,
2026-10-05T12:03:40.633236+00:00,LibGen,LibGen.bz,UP,200,1924,,
2026-10-05T12:04:39.857168+00:00,LibGen,LibGen.bz,UP,200,521,,
2026-10-05T12:05:41.093847+00:00,LibGen,LibGen.bz,UP,200,1232,,
2026-10-05T12:06:41.890625+00:00,LibGen,LibGen.bz,UP,200,1172,,
2026-10-05T12:07:42.751824+00:00,LibGen,LibGen.bz,UP,200,1241,,
2026-10-05T12:08:42.343105+00:00,LibGen,LibGen.bz,UP,200,953,,
2026-10-05T12:09:44.565249+00:00,LibGen,LibGen.bz,UP,200,2032,,
2026-10-05T12:10:45.712269+00:00,LibGen,LibGen.bz,UP,200,1747,,
2026-10-05T12:11:44.536419+00:00,LibGen,LibGen.bz,UP,200,1225,,
2026-10-05T12:12:44.763072+00:00,LibGen,LibGen.bz,UP,200,1015,,
2026-10-05T12:13:45.185599+00:00,LibGen,LibGen.bz,UP,200,854,,
2026-10-05T12:14:46.190914+00:00,LibGen,LibGen.bz,UP,200,872,,
2026-10-05T12:15:47.982350+00:00,LibGen,LibGen.bz,UP,200,1455,,
2026-10-05T12:16:48.753617+00:00,LibGen,LibGen.bz,UP,200,1175,,
2026-10-05T12:17:49.340606+00:00,LibGen,LibGen.bz,UP,200,1952,,
2026-10-05T12:18:48.011610+00:00,LibGen,LibGen.bz,UP,200,831,,
2026-10-05T12:19:50.845367+00:00,LibGen,LibGen.bz,UP,200,2436,,
2026-10-05T12:20:49.006801+00:00,LibGen,LibGen.bz,UP,200,1261,,
2026-10-05T12:21:50.243586+00:00,LibGen,LibGen.bz,UP,200,1796,,
2026-10-05T12:22:49.456115+00:00,LibGen,LibGen.bz,UP,200,718,,
2026-10-05T12:23:50.747030+00:00,LibGen,LibGen.bz,UP,200,1450,,
2026-10-05T12:24:51.258211+00:00,LibGen,LibGen.bz,UP,200,1699,,
2026-10-05T12:25:52.388035+00:00,LibGen,LibGen.bz,UP,200,2071,,
2026-10-05T12:26:51.756337+00:00,LibGen,LibGen.bz,UP,200,1259,,
2026-10-05T12:27:53.339857+00:00,LibGen,LibGen.bz,UP,200,1547,,
2026-10-05T12:28:53.383408+00:00,LibGen,LibGen.bz,UP,200,1618,,
2026-10-05T12:29:54.194075+00:00,LibGen,LibGen.bz,UP,200,1948,,
2026-10-05T12:30:53.422212+00:00,LibGen,LibGen.bz,DOWN,500,758,http_error,
2026-10-05T12:31:53.395683+00:00,LibGen,LibGen.bz,DOWN,,,connection_refused,
2026-10-05T12:32:55.566516+00:00,LibGen,LibGen.bz,UP,200,856,,
2026-10-05T12:33:54.895221+00:00,LibGen,LibGen.bz,UP,200,1084,,
2026-10-05T12:34:55.464405+00:00,LibGen,LibGen.bz,UP,200,903,,
2026-10-05T12:35:57.451527+00:00,LibGen,LibGen.bz,UP,200,2342,,
2026-10-05T12:36:56.623212+00:00,LibGen,LibGen.bz,UP,200,1091,,
2026-10-05T12:37:57.870012+00:00,LibGen,LibGen.bz,UP,200,1210,,
2026-10-05T12:39:17.439156+00:00,LibGen,LibGen.bz,DOWN,,,connection_refused,
2026-10-05T12:39:58.805891+00:00,LibGen,LibGen.bz,UP,200,998,,
2026-10-05T12:41:18.636506+00:00,LibGen,LibGen.bz,DOWN,,,connection_refused,
2026-10-05T12:41:58.602041+00:00,LibGen,LibGen.bz,UP,200,676,,
2026-10-05T12:42:59.688501+00:00,LibGen,LibGen.bz,UP,200,1244,,
2026-10-05T12:43:59.926766+00:00,LibGen,LibGen.bz,UP,200,1213,,
2026-10-05T12:45:00.262909+00:00,LibGen,LibGen.bz,UP,200,721,,
2026-10-05T12:46:00.093639+00:00,LibGen,LibGen.bz,UP,200,867,,
2026-10-05T12:47:02.147845+00:00,LibGen,LibGen.bz,UP,200,2450,,
2026-10-05T12:48:01.538514+00:00,LibGen,LibGen.bz,UP,200,1419,,
2026-10-05T12:49:01.628741+00:00,LibGen,LibGen.bz,UP,200,1143,,
2026-10-05T12:50:02.971456+00:00,LibGen,LibGen.bz,UP,200,1508,,
2026-10-05T12:51:03.428508+00:00,LibGen,LibGen.bz,UP,200,2039,,
2026-10-05T12:52:03.397925+00:00,LibGen,LibGen.bz,UP,200,1298,,
2026-10-05T12:53:02.702861+00:00,LibGen,LibGen.bz,DOWN,500,847,http_error,
2026-10-05T12:54:06.085017+00:00,LibGen,LibGen.bz,DEGRADED,200,3220,latency_high,
2026-10-05T12:55:25.431240+00:00,LibGen,LibGen.bz,DOWN,,,connection_refused,
2026-10-05T12:56:06.886379+00:00,LibGen,LibGen.bz,UP,200,2440,,
2026-10-05T12:57:25.377423+00:00,LibGen,LibGen.bz,DOWN,,,connection_refused,
2026-10-05T12:58:06.460533+00:00,LibGen,LibGen.bz,UP,200,1306,,
2026-10-05T12:59:05.157631+00:00,LibGen,LibGen.bz,UP,200,541,,
2026-10-05T13:00:06.516297+00:00,LibGen,LibGen.bz,UP,200,1382,,
2026-10-05T13:01:08.133829+00:00,LibGen,LibGen.bz,UP,200,2150,,
2026-10-05T13:02:07.389242+00:00,LibGen,LibGen.bz,UP,200,1009,,
2026-10-05T13:03:08.389539+00:00,LibGen,LibGen.bz,UP,200,1372,,
2026-10-05T13:04:13.735922+00:00,LibGen,LibGen.bz,DEGRADED,200,5695,latency_high,
2026-10-05T13:05:31.509642+00:00,LibGen,LibGen.bz,DOWN,,,connection_refused,
2026-10-05T13:06:28.991898+00:00,LibGen,LibGen.bz,TIMEOUT,,,timeout,
2026-10-05T13:07:29.299214+00:00,LibGen,LibGen.bz,TIMEOUT,,,timeout,
2026-10-05T13:08:29.561719+00:00,LibGen,LibGen.bz,TIMEOUT,,,timeout,
2026-10-05T13:09:20.058030+00:00,LibGen,LibGen.bz,DEGRADED,200,10179,latency_high,
2026-10-05T13:10:10.987705+00:00,LibGen,LibGen.bz,UP,200,1333,,
2026-10-05T13:11:10.978569+00:00,LibGen,LibGen.bz,DOWN,500,731,http_error,
2026-10-05T13:12:11.507967+00:00,LibGen,LibGen.bz,UP,200,835,,
2026-10-05T13:13:12.101459+00:00,LibGen,LibGen.bz,UP,200,1114,,
2026-10-05T13:14:13.748693+00:00,LibGen,LibGen.bz,UP,200,2362,,
2026-10-05T13:15:34.559035+00:00,LibGen,LibGen.bz,DOWN,,,connection_refused,
2026-10-05T13:16:13.803727+00:00,LibGen,LibGen.bz,UP,200,1471,,
2026-10-05T13:17:14.330713+00:00,LibGen,LibGen.bz,UP,200,1788,,
2026-10-05T13:18:14.389076+00:00,LibGen,LibGen.bz,UP,200,1154,,
2026-10-05T13:19:17.083040+00:00,LibGen,LibGen.bz,UP,200,743,,
2026-10-05T13:20:15.236270+00:00,LibGen,LibGen.bz,DOWN,500,1052,http_error,
2026-10-05T13:21:16.686190+00:00,LibGen,LibGen.bz,UP,200,2042,,
2026-10-05T13:22:15.879663+00:00,LibGen,LibGen.bz,UP,200,1108,,
2026-10-05T13:23:16.418822+00:00,LibGen,LibGen.bz,UP,200,977,,
2026-10-05T13:24:17.319479+00:00,LibGen,LibGen.bz,UP,200,1558,,
2026-10-05T13:25:18.200159+00:00,LibGen,LibGen.bz,UP,200,2354,,
2026-10-05T13:26:17.652063+00:00,LibGen,LibGen.bz,UP,200,1750,,
2026-10-05T13:27:18.405592+00:00,LibGen,LibGen.bz,UP,200,1996,,
2026-10-05T13:28:18.173797+00:00,LibGen,LibGen.bz,UP,200,1096,,
2026-10-05T13:29:20.041149+00:00,LibGen,LibGen.bz,UP,200,2269,,
2026-10-05T13:30:20.021413+00:00,LibGen,LibGen.bz,UP,200,410,,
2026-10-05T13:31:19.746147+00:00,LibGen,LibGen.bz,DOWN,500,815,http_error,
2026-10-05T13:32:20.967725+00:00,LibGen,LibGen.bz,UP,200,1218,,
2026-10-05T13:33:21.414902+00:00,LibGen,LibGen.bz,UP,200,1320,,
2026-10-05T13:34:22.555197+00:00,LibGen,LibGen.bz,UP,200,1667,,
2026-10-05T13:35:23.124787+00:00,LibGen,LibGen.bz,UP,200,1881,,
2026-10-05T13:36:21.881159+00:00,LibGen,LibGen.bz,UP,200,654,,
2026-10-05T13:37:23.154329+00:00,LibGen,LibGen.bz,UP,200,785,,
2026-10-05T13:38:23.486555+00:00,LibGen,LibGen.bz,UP,200,946,,
2026-10-05T13:39:25.195035+00:00,LibGen,LibGen.bz,UP,200,2071,,
2026-10-05T13:40:24.597522+00:00,LibGen,LibGen.bz,UP,200,879,,
2026-10-05T13:41:26.262513+00:00,LibGen,LibGen.bz,UP,200,740,,
2026-10-05T13:42:26.268789+00:00,LibGen,LibGen.bz,UP,200,1344,,
2026-10-05T13:43:27.205604+00:00,LibGen,LibGen.bz,UP,200,1719,,
2026-10-05T13:44:28.304142+00:00,LibGen,LibGen.bz,UP,200,1383,,
2026-10-05T13:45:28.097661+00:00,LibGen,LibGen.bz,UP,200,1493,,
2026-10-05T13:46:28.405894+00:00,LibGen,LibGen.bz,UP,200,1429,,
2026-10-05T13:47:28.981087+00:00,LibGen,LibGen.bz,UP,200,1221,,
2026-10-05T13:48:28.494760+00:00,LibGen,LibGen.bz,DOWN,500,695,http_error,
2026-10-05T13:49:30.215500+00:00,LibGen,LibGen.bz,UP,200,1611,,
2026-10-05T13:50:29.388590+00:00,LibGen,LibGen.bz,UP,200,851,,
2026-10-05T13:51:30.186107+00:00,LibGen,LibGen.bz,UP,200,876,,
2026-10-05T13:52:30.001520+00:00,LibGen,LibGen.bz,DOWN,,,connection_refused,
2026-10-05T13:53:31.832888+00:00,LibGen,LibGen.bz,UP,200,1481,,
2026-10-05T13:54:32.413846+00:00,LibGen,LibGen.bz,UP,200,836,,
2026-10-05T13:55:32.846955+00:00,LibGen,LibGen.bz,UP,200,1419,,
2026-10-05T13:56:33.923606+00:00,LibGen,LibGen.bz,UP,200,1000,,
2026-10-05T13:57:35.340063+00:00,LibGen,LibGen.bz,UP,200,919,,
2026-10-05T13:58:54.770469+00:00,LibGen,LibGen.bz,DOWN,,,connection_refused,
2026-10-05T13:59:33.763050+00:00,LibGen,LibGen.bz,DOWN,500,998,http_error,
2026-10-05T14:00:33.467137+00:00,LibGen,LibGen.bz,DOWN,500,237,http_error,
2026-10-05T14:01:36.210766+00:00,LibGen,LibGen.bz,UP,200,2391,,
2026-10-05T14:02:36.353340+00:00,LibGen,LibGen.bz,UP,200,1927,,
2026-10-05T14:03:36.496500+00:00,LibGen,LibGen.bz,UP,200,1568,,
2026-10-05T14:04:36.313341+00:00,LibGen,LibGen.bz,UP,200,791,,
2026-10-05T14:05:38.209538+00:00,LibGen,LibGen.bz,UP,200,1306,,
2026-10-05T14:06:38.954901+00:00,LibGen,LibGen.bz,UP,200,1618,,
2026-10-05T14:07:38.782549+00:00,LibGen,LibGen.bz,UP,200,1202,,
2026-10-05T14:08:40.499614+00:00,LibGen,LibGen.bz,UP,200,1400,,
2026-10-05T14:09:39.119152+00:00,LibGen,LibGen.bz,UP,200,391,,
2026-10-05T14:10:40.374088+00:00,LibGen,LibGen.bz,UP,200,1280,,
2026-10-05T14:11:42.065561+00:00,LibGen,LibGen.bz,UP,200,2212,,
2026-10-05T14:12:41.165947+00:00,LibGen,LibGen.bz,UP,200,833,,
2026-10-05T14:13:40.577062+00:00,LibGen,LibGen.bz,UP,200,261,,
2026-10-05T14:14:41.558186+00:00,LibGen,LibGen.bz,UP,200,1028,,
2026-10-05T14:15:43.094016+00:00,LibGen,LibGen.bz,UP,200,2022,,
2026-10-05T14:16:44.206043+00:00,LibGen,LibGen.bz,UP,200,1344,,
2026-10-05T14:17:45.044757+00:00,LibGen,LibGen.bz,UP,200,1054,,
2026-10-05T14:18:44.033636+00:00,LibGen,LibGen.bz,UP,200,775,,
2026-10-05T14:19:47.049859+00:00,LibGen,LibGen.bz,DEGRADED,200,3017,latency_high,
2026-10-05T14:20:44.803700+00:00,LibGen,LibGen.bz,DOWN,500,865,http_error,
2026-10-05T14:21:45.315223+00:00,LibGen,LibGen.bz,UP,200,827,,
2026-10-05T14:22:46.578843+00:00,LibGen,LibGen.bz,UP,200,1682,,
2026-10-05T14:23:47.404081+00:00,LibGen,LibGen.bz,UP,200,1820,,
2026-10-05T14:24:47.506012+00:00,LibGen,LibGen.bz,UP,200,1181,,
2026-10-05T14:25:48.041194+00:00,LibGen,LibGen.bz,UP,200,1719,,
2026-10-05T14:26:48.713202+00:00,LibGen,LibGen.bz,UP,200,1749,,
2026-10-05T14:27:49.288758+00:00,LibGen,LibGen.bz,UP,200,1765,,
2026-10-05T14:28:50.145417+00:00,LibGen,LibGen.bz,UP,200,841,,
2026-10-05T14:29:49.372768+00:00,LibGen,LibGen.bz,UP,200,1280,,
2026-10-05T14:30:49.514518+00:00,LibGen,LibGen.bz,UP,200,806,,
2026-10-05T14:31:50.087620+00:00,LibGen,LibGen.bz,UP,200,722,,
2026-10-05T14:32:51.227776+00:00,LibGen,LibGen.bz,UP,200,1149,,
2026-10-05T14:33:51.813670+00:00,LibGen,LibGen.bz,UP,200,898,,
2026-10-05T14:34:51.486682+00:00,LibGen,LibGen.bz,UP,200,984,,
2026-10-05T14:35:52.157192+00:00,LibGen,LibGen.bz,UP,200,1588,,
2026-10-05T14:36:51.543756+00:00,LibGen,LibGen.bz,UP,200,860,,
2026-10-05T14:37:52.797843+00:00,LibGen,LibGen.bz,UP,200,1668,,
2026-10-05T14:38:53.902532+00:00,LibGen,LibGen.bz,UP,200,1198,,
2026-10-05T14:39:55.063608+00:00,LibGen,LibGen.bz,UP,200,2146,,
2026-10-05T14:40:54.134079+00:00,LibGen,LibGen.bz,UP,200,808,,
2026-10-05T14:41:54.393934+00:00,LibGen,LibGen.bz,DOWN,500,639,http_error,
2026-10-05T14:42:55.229829+00:00,LibGen,LibGen.bz,DOWN,500,967,http_error,
2026-10-05T14:43:56.243693+00:00,LibGen,LibGen.bz,UP,200,1268,,
2026-10-05T14:44:58.209395+00:00,LibGen,LibGen.bz,UP,200,2617,,
2026-10-05T14:45:56.895179+00:00,LibGen,LibGen.bz,DOWN,500,1080,http_error,
2026-10-05T14:47:02.355034+00:00,LibGen,LibGen.bz,UP,200,1340,,
2026-10-05T14:47:58.063973+00:00,LibGen,LibGen.bz,UP,200,1076,,
2026-10-05T14:48:58.794268+00:00,LibGen,LibGen.bz,UP,200,1135,,
2026-10-05T14:49:59.557527+00:00,LibGen,LibGen.bz,UP,200,1249,,
2026-10-05T14:51:01.687036+00:00,LibGen,LibGen.bz,UP,200,2171,,
2026-10-05T14:52:00.628906+00:00,LibGen,LibGen.bz,DOWN,500,892,http_error,
2026-10-05T14:53:02.450492+00:00,LibGen,LibGen.bz,UP,200,1920,,
2026-10-05T14:54:01.966621+00:00,LibGen,LibGen.bz,UP,200,1283,,
2026-10-05T14:55:02.616952+00:00,LibGen,LibGen.bz,UP,200,1594,,
2026-10-05T14:56:01.811969+00:00,LibGen,LibGen.bz,DOWN,500,834,http_error,
2026-10-05T14:57:01.967126+00:00,LibGen,LibGen.bz,DOWN,500,950,http_error,
2026-10-05T14:58:03.370017+00:00,LibGen,LibGen.bz,UP,200,1794,,
2026-10-05T14:59:03.796567+00:00,LibGen,LibGen.bz,UP,200,1316,,
2026-10-05T15:00:04.620676+00:00,LibGen,LibGen.bz,UP,200,1899,,
2026-10-05T15:01:03.263720+00:00,LibGen,LibGen.bz,UP,200,543,,
2026-10-05T15:02:04.168104+00:00,LibGen,LibGen.bz,UP,200,876,,
2026-10-05T15:03:04.925002+00:00,LibGen,LibGen.bz,UP,200,1028,,
2026-10-05T15:04:05.780661+00:00,LibGen,LibGen.bz,UP,200,983,,
2026-10-05T15:05:06.324823+00:00,LibGen,LibGen.bz,UP,200,1158,,
2026-10-05T15:06:07.486700+00:00,LibGen,LibGen.bz,UP,200,1585,,
2026-10-05T15:07:07.581000+00:00,LibGen,LibGen.bz,UP,200,1071,,
2026-10-05T15:08:09.672487+00:00,LibGen,LibGen.bz,UP,200,2060,,
2026-10-05T15:09:08.949921+00:00,LibGen,LibGen.bz,UP,200,1260,,
2026-10-05T15:10:09.402257+00:00,LibGen,LibGen.bz,UP,200,1442,,
2026-10-05T15:11:09.406009+00:00,LibGen,LibGen.bz,UP,200,1027,,
2026-10-05T15:12:10.479075+00:00,LibGen,LibGen.bz,UP,200,1793,,
2026-10-05T15:13:10.997511+00:00,LibGen,LibGen.bz,UP,200,1590,,
2026-10-05T15:14:10.594617+00:00,LibGen,LibGen.bz,UP,200,974,,
2026-10-05T15:15:10.874834+00:00,LibGen,LibGen.bz,UP,200,1074,,
2026-10-05T15:16:11.954362+00:00,LibGen,LibGen.bz,UP,200,1791,,
2026-10-05T15:17:31.592618+00:00,LibGen,LibGen.bz,DOWN,,,connection_refused,
2026-10-05T15:18:17.378402+00:00,LibGen,LibGen.bz,DEGRADED,200,6293,latency_high,
2026-10-05T15:19:12.789654+00:00,LibGen,LibGen.bz,UP,200,860,,
2026-10-05T15:20:13.360532+00:00,LibGen,LibGen.bz,UP,200,941,,
2026-10-05T15:21:14.558533+00:00,LibGen,LibGen.bz,UP,200,1298,,
2026-10-05T15:22:15.364817+00:00,LibGen,LibGen.bz,UP,200,1587,,
2026-10-05T15:23:14.957173+00:00,LibGen,LibGen.bz,UP,200,927,,
2026-10-05T15:24:15.619172+00:00,LibGen,LibGen.bz,UP,200,858,,
2026-10-05T15:25:16.184543+00:00,LibGen,LibGen.bz,UP,200,936,,
2026-10-05T15:26:16.772853+00:00,LibGen,LibGen.bz,UP,200,1189,,
2026-10-05T15:27:17.065939+00:00,LibGen,LibGen.bz,UP,200,1146,,
2026-10-05T15:28:17.989160+00:00,LibGen,LibGen.bz,UP,200,1825,,
2026-10-05T15:29:17.665338+00:00,LibGen,LibGen.bz,UP,200,815,,
2026-10-05T15:30:18.508610+00:00,LibGen,LibGen.bz,UP,200,1326,,
2026-10-05T15:31:18.326965+00:00,LibGen,LibGen.bz,DOWN,500,760,http_error,
2026-10-05T15:32:20.284362+00:00,LibGen,LibGen.bz,UP,200,1796,,
2026-10-05T15:33:20.377657+00:00,LibGen,LibGen.bz,UP,200,1507,,
2026-10-05T15:34:20.573758+00:00,LibGen,LibGen.bz,UP,200,1285,,
2026-10-05T15:35:20.346597+00:00,LibGen,LibGen.bz,UP,200,986,,
2026-10-05T15:36:20.935418+00:00,LibGen,LibGen.bz,UP,200,785,,
2026-10-05T15:37:21.329204+00:00,LibGen,LibGen.bz,UP,200,938,,
2026-10-05T15:38:21.794493+00:00,LibGen,LibGen.bz,UP,200,1028,,
2026-10-05T15:39:23.374297+00:00,LibGen,LibGen.bz,UP,200,2345,,
2026-10-05T15:40:23.033604+00:00,LibGen,LibGen.bz,UP,200,1701,,
2026-10-05T15:41:22.766585+00:00,LibGen,LibGen.bz,UP,200,832,,
2026-10-05T15:42:26.568781+00:00,LibGen,LibGen.bz,UP,200,2562,,
2026-10-05T15:43:24.688776+00:00,LibGen,LibGen.bz,UP,200,1316,,
2026-10-05T15:44:24.470154+00:00,LibGen,LibGen.bz,UP,200,859,,
2026-10-05T15:45:24.141378+00:00,LibGen,LibGen.bz,DOWN,500,742,http_error,
2026-10-05T15:46:27.300471+00:00,LibGen,LibGen.bz,UP,200,2971,,
2026-10-05T15:47:26.675346+00:00,LibGen,LibGen.bz,UP,200,2510,,
2026-10-05T15:48:26.790360+00:00,LibGen,LibGen.bz,UP,200,1872,,
2026-10-05T15:49:27.142627+00:00,LibGen,LibGen.bz,UP,200,1960,,
2026-10-05T15:50:30.171917+00:00,LibGen,LibGen.bz,DEGRADED,200,4344,latency_high,
2026-10-05T15:51:28.288553+00:00,LibGen,LibGen.bz,UP,200,1744,,
2026-10-05T15:52:28.497119+00:00,LibGen,LibGen.bz,UP,200,1657,,
2026-10-05T15:53:48.779953+00:00,LibGen,LibGen.bz,DOWN,,,connection_refused,
2026-10-05T15:54:30.780927+00:00,LibGen,LibGen.bz,UP,200,2651,,
2026-10-05T15:55:29.568546+00:00,LibGen,LibGen.bz,UP,200,991,,
2026-10-05T15:56:29.594591+00:00,LibGen,LibGen.bz,UP,200,522,,
2026-10-05T15:57:31.489201+00:00,LibGen,LibGen.bz,UP,200,1755,,
2026-10-05T15:58:31.709174+00:00,LibGen,LibGen.bz,UP,200,1732,,
2026-10-05T15:59:32.690188+00:00,LibGen,LibGen.bz,UP,200,2540,,
2026-10-05T16:00:32.800538+00:00,LibGen,LibGen.bz,UP,200,1665,,
2026-10-05T16:01:32.937261+00:00,LibGen,LibGen.bz,UP,200,1477,,
2026-10-05T16:02:33.352512+00:00,LibGen,LibGen.bz,UP,200,1128,,
2026-10-05T16:03:33.997672+00:00,LibGen,LibGen.bz,UP,200,1109,,
2026-10-05T16:04:34.884170+00:00,LibGen,LibGen.bz,UP,200,1393,,
2026-10-05T16:05:35.432911+00:00,LibGen,LibGen.bz,UP,200,1653,,
2026-10-05T16:06:35.114874+00:00,LibGen,LibGen.bz,DOWN,500,804,http_error,
2026-10-05T16:07:36.842215+00:00,LibGen,LibGen.bz,UP,200,1733,,
2026-10-05T16:08:37.606723+00:00,LibGen,LibGen.bz,UP,200,1568,,
2026-10-05T16:09:37.055178+00:00,LibGen,LibGen.bz,UP,200,1093,,
2026-10-05T16:10:37.967234+00:00,LibGen,LibGen.bz,UP,200,796,,
2026-10-05T16:11:38.774213+00:00,LibGen,LibGen.bz,UP,200,926,,
2026-10-05T16:12:39.162384+00:00,LibGen,LibGen.bz,UP,200,1181,,
2026-10-05T16:13:41.362005+00:00,LibGen,LibGen.bz,DEGRADED,200,3388,latency_high,
2026-10-05T16:14:39.724447+00:00,LibGen,LibGen.bz,UP,200,1234,,
2026-10-05T16:15:41.495462+00:00,LibGen,LibGen.bz,UP,200,2446,,
2026-10-05T16:16:40.337049+00:00,LibGen,LibGen.bz,UP,200,965,,
2026-10-05T16:18:01.695056+00:00,LibGen,LibGen.bz,DOWN,,,connection_refused,
2026-10-05T16:18:41.931585+00:00,LibGen,LibGen.bz,UP,200,1192,,
2026-10-05T16:19:42.698679+00:00,LibGen,LibGen.bz,UP,200,1817,,
2026-10-05T16:20:43.185613+00:00,LibGen,LibGen.bz,UP,200,1328,,
2026-10-05T16:21:44.171134+00:00,LibGen,LibGen.bz,UP,200,2113,,
2026-10-05T16:22:43.808230+00:00,LibGen,LibGen.bz,UP,200,1408,,
2026-10-05T16:23:44.961183+00:00,LibGen,LibGen.bz,UP,200,2141,,
2026-10-05T16:24:46.631545+00:00,LibGen,LibGen.bz,UP,200,2641,,
2026-10-05T16:25:45.642376+00:00,LibGen,LibGen.bz,UP,200,1017,,
2026-10-05T16:26:45.384218+00:00,LibGen,LibGen.bz,UP,200,639,,
2026-10-05T16:27:47.135915+00:00,LibGen,LibGen.bz,UP,200,1532,,
2026-10-05T16:28:51.454053+00:00,LibGen,LibGen.bz,DEGRADED,200,5023,latency_high,
2026-10-05T16:29:48.352074+00:00,LibGen,LibGen.bz,UP,200,1720,,
2026-10-05T16:30:49.262513+00:00,LibGen,LibGen.bz,UP,200,1860,,
2026-10-05T16:31:49.763980+00:00,LibGen,LibGen.bz,UP,200,1842,,
2026-10-05T16:33:09.893411+00:00,LibGen,LibGen.bz,DOWN,,,connection_refused,
2026-10-05T16:33:50.504661+00:00,LibGen,LibGen.bz,UP,200,1459,,
2026-10-05T16:34:50.340198+00:00,LibGen,LibGen.bz,UP,200,775,,
2026-10-05T16:35:51.703407+00:00,LibGen,LibGen.bz,UP,200,1833,,
2026-10-05T16:36:51.465732+00:00,LibGen,LibGen.bz,UP,200,1070,,
2026-10-05T16:37:51.892553+00:00,LibGen,LibGen.bz,UP,200,781,,
2026-10-05T16:38:52.691566+00:00,LibGen,LibGen.bz,UP,200,1385,,
2026-10-05T16:39:52.546653+00:00,LibGen,LibGen.bz,DOWN,500,780,http_error,
2026-10-05T16:40:53.439249+00:00,LibGen,LibGen.bz,UP,200,670,,
2026-10-05T16:41:54.952468+00:00,LibGen,LibGen.bz,UP,200,1786,,
2026-10-05T16:42:54.536268+00:00,LibGen,LibGen.bz,DOWN,500,836,http_error,
2026-10-05T16:43:56.602215+00:00,LibGen,LibGen.bz,UP,200,1991,,
2026-10-05T16:44:57.068825+00:00,LibGen,LibGen.bz,UP,200,1738,,
2026-10-05T16:45:57.483697+00:00,LibGen,LibGen.bz,UP,200,2370,,
2026-10-05T16:46:55.907382+00:00,LibGen,LibGen.bz,DOWN,500,254,http_error,
2026-10-05T16:47:56.926912+00:00,LibGen,LibGen.bz,UP,200,698,,
2026-10-05T16:48:56.709218+00:00,LibGen,LibGen.bz,DOWN,500,265,http_error,
2026-10-05T16:49:58.618047+00:00,LibGen,LibGen.bz,UP,200,1576,,
2026-10-05T16:50:59.461358+00:00,LibGen,LibGen.bz,UP,200,1328,,
2026-10-05T16:51:59.942664+00:00,LibGen,LibGen.bz,UP,200,1147,,
2026-10-05T16:53:01.280520+00:00,LibGen,LibGen.bz,UP,200,1693,,
2026-10-05T16:54:00.887115+00:00,LibGen,LibGen.bz,UP,200,1518,,
2026-10-05T16:55:01.018732+00:00,LibGen,LibGen.bz,UP,200,1189,,
2026-10-05T16:56:02.176560+00:00,LibGen,LibGen.bz,UP,200,1805,,
2026-10-05T16:57:01.576685+00:00,LibGen,LibGen.bz,UP,200,504,,
2026-10-05T16:58:03.927695+00:00,LibGen,LibGen.bz,UP,200,2020,,
2026-10-05T16:59:07.599782+00:00,LibGen,LibGen.bz,DEGRADED,200,3777,latency_high,
2026-10-05T17:00:05.594918+00:00,LibGen,LibGen.bz,UP,200,2458,,
2026-10-05T17:01:05.018023+00:00,LibGen,LibGen.bz,UP,200,1811,,
2026-10-05T17:02:04.178594+00:00,LibGen,LibGen.bz,DOWN,500,794,http_error,
2026-10-05T17:03:05.237129+00:00,LibGen,LibGen.bz,UP,200,1174,,
2026-10-05T17:04:05.268711+00:00,LibGen,LibGen.bz,UP,200,863,,
2026-10-05T17:05:07.484136+00:00,LibGen,LibGen.bz,UP,200,1172,,
2026-10-05T17:06:08.317410+00:00,LibGen,LibGen.bz,UP,200,2008,,
2026-10-05T17:07:07.986513+00:00,LibGen,LibGen.bz,UP,200,1054,,
2026-10-05T17:08:09.956079+00:00,LibGen,LibGen.bz,UP,200,2216,,
2026-10-05T17:09:08.956393+00:00,LibGen,LibGen.bz,UP,200,911,,
2026-10-05T17:10:09.925338+00:00,LibGen,LibGen.bz,UP,200,1576,,
2026-10-05T17:11:10.012977+00:00,LibGen,LibGen.bz,UP,200,813,,
2026-10-05T17:12:10.305686+00:00,LibGen,LibGen.bz,UP,200,469,,
2026-10-05T17:13:11.786152+00:00,LibGen,LibGen.bz,UP,200,1251,,
2026-10-05T17:14:11.004860+00:00,LibGen,LibGen.bz,DOWN,500,807,http_error,
2026-10-05T17:15:12.892686+00:00,LibGen,LibGen.bz,UP,200,1728,,
2026-10-05T17:16:12.249473+00:00,LibGen,LibGen.bz,UP,200,795,,
2026-10-05T17:17:13.807128+00:00,LibGen,LibGen.bz,UP,200,1709,,
2026-10-05T17:18:14.614107+00:00,LibGen,LibGen.bz,UP,200,1991,,
2026-10-05T17:19:13.813072+00:00,LibGen,LibGen.bz,UP,200,803,,
2026-10-05T17:20:16.207924+00:00,LibGen,LibGen.bz,UP,200,2316,,
2026-10-05T17:21:18.087904+00:00,LibGen,LibGen.bz,DEGRADED,200,3975,latency_high,
2026-10-05T17:22:16.354315+00:00,LibGen,LibGen.bz,UP,200,992,,
2026-10-05T17:23:15.691039+00:00,LibGen,LibGen.bz,UP,200,862,,
2026-10-05T17:24:16.873530+00:00,LibGen,LibGen.bz,UP,200,1695,,
2026-10-05T17:25:17.887869+00:00,LibGen,LibGen.bz,UP,200,1300,,
2026-10-05T17:26:17.401397+00:00,LibGen,LibGen.bz,UP,200,1464,,
2026-10-05T17:27:17.826793+00:00,LibGen,LibGen.bz,UP,200,1313,,
2026-10-05T17:28:18.300537+00:00,LibGen,LibGen.bz,UP,200,1214,,
2026-10-05T17:29:17.685223+00:00,LibGen,LibGen.bz,DOWN,500,757,http_error,
2026-10-05T17:30:18.983826+00:00,LibGen,LibGen.bz,UP,200,1479,,
2026-10-05T17:31:19.565364+00:00,LibGen,LibGen.bz,UP,200,1350,,
2026-10-05T17:32:22.753731+00:00,LibGen,LibGen.bz,DEGRADED,200,3163,latency_high,
2026-10-05T17:33:20.283373+00:00,LibGen,LibGen.bz,UP,200,1328,,
2026-10-05T17:34:21.260950+00:00,LibGen,LibGen.bz,UP,200,1872,,
2026-10-05T17:35:24.637710+00:00,LibGen,LibGen.bz,DEGRADED,200,4512,latency_high,
2026-10-05T17:36:24.261092+00:00,LibGen,LibGen.bz,UP,200,2304,,
2026-10-05T17:37:23.990412+00:00,LibGen,LibGen.bz,UP,200,2591,,
2026-10-05T17:38:26.883806+00:00,LibGen,LibGen.bz,DEGRADED,200,4999,latency_high,
2026-10-05T17:39:22.343056+00:00,LibGen,LibGen.bz,DOWN,500,262,http_error,
2026-10-05T17:40:24.264552+00:00,LibGen,LibGen.bz,UP,200,1740,,
2026-10-05T17:41:25.107015+00:00,LibGen,LibGen.bz,UP,200,2087,,
2026-10-05T17:42:25.550528+00:00,LibGen,LibGen.bz,UP,200,1192,,
2026-10-05T17:43:24.916270+00:00,LibGen,LibGen.bz,UP,200,639,,
2026-10-05T17:44:25.504636+00:00,LibGen,LibGen.bz,UP,200,1530,,
2026-10-05T17:45:25.157596+00:00,LibGen,LibGen.bz,DOWN,500,821,http_error,
2026-10-05T17:46:26.314679+00:00,LibGen,LibGen.bz,UP,200,1095,,
2026-10-05T17:47:26.540551+00:00,LibGen,LibGen.bz,UP,200,354,,
2026-10-05T17:48:27.375454+00:00,LibGen,LibGen.bz,UP,200,1112,,
2026-10-05T17:49:27.771475+00:00,LibGen,LibGen.bz,UP,200,943,,
2026-10-05T17:50:28.547661+00:00,LibGen,LibGen.bz,UP,200,1003,,
2026-10-05T17:51:30.153739+00:00,LibGen,LibGen.bz,UP,200,1662,,
2026-10-05T17:52:30.645783+00:00,LibGen,LibGen.bz,UP,200,1612,,
2026-10-05T17:53:31.137968+00:00,LibGen,LibGen.bz,UP,200,1449,,
2026-10-05T17:54:31.268184+00:00,LibGen,LibGen.bz,UP,200,1163,,
2026-10-05T17:55:31.383712+00:00,LibGen,LibGen.bz,UP,200,956,,
2026-10-05T17:56:31.931402+00:00,LibGen,LibGen.bz,UP,200,1175,,
2026-10-05T17:57:32.572025+00:00,LibGen,LibGen.bz,UP,200,771,,
2026-10-05T17:58:33.494940+00:00,LibGen,LibGen.bz,UP,200,1947,,
2026-10-05T17:59:32.317535+00:00,LibGen,LibGen.bz,UP,200,539,,
2026-10-05T18:00:32.961921+00:00,LibGen,LibGen.bz,DOWN,500,817,http_error,
2026-10-05T18:01:35.181093+00:00,LibGen,LibGen.bz,UP,200,1838,,
2026-10-05T18:02:34.280178+00:00,LibGen,LibGen.bz,DOWN,500,871,http_error,
2026-10-05T18:03:36.622499+00:00,LibGen,LibGen.bz,UP,200,1669,,
2026-10-05T18:04:36.148933+00:00,LibGen,LibGen.bz,UP,200,1426,,
2026-10-05T18:05:36.967092+00:00,LibGen,LibGen.bz,UP,200,1727,,
2026-10-05T18:06:38.121159+00:00,LibGen,LibGen.bz,UP,200,1025,,
2026-10-05T18:07:38.595703+00:00,LibGen,LibGen.bz,UP,200,1834,,
2026-10-05T18:08:38.185329+00:00,LibGen,LibGen.bz,UP,200,946,,
2026-10-05T18:09:39.891463+00:00,LibGen,LibGen.bz,UP,200,1565,,
2026-10-05T18:10:59.772704+00:00,LibGen,LibGen.bz,DOWN,,,connection_refused,
2026-10-05T18:12:00.586085+00:00,LibGen,LibGen.bz,DOWN,,,connection_refused,
2026-10-05T18:13:00.735916+00:00,LibGen,LibGen.bz,DOWN,,,connection_refused,
2026-10-05T18:13:40.639255+00:00,LibGen,LibGen.bz,UP,200,842,,
2026-10-05T18:14:40.468407+00:00,LibGen,LibGen.bz,UP,200,878,,
2026-10-05T18:15:44.852430+00:00,LibGen,LibGen.bz,DEGRADED,200,4213,latency_high,
2026-10-05T18:16:44.739600+00:00,LibGen,LibGen.bz,DOWN,500,4037,http_error,
2026-10-05T18:17:41.872048+00:00,LibGen,LibGen.bz,DOWN,500,766,http_error,
2026-10-05T18:18:43.851339+00:00,LibGen,LibGen.bz,UP,200,2363,,
2026-10-05T18:19:42.948664+00:00,LibGen,LibGen.bz,UP,200,630,,
2026-10-05T18:20:44.043526+00:00,LibGen,LibGen.bz,UP,200,1095,,
2026-10-05T18:21:46.166334+00:00,LibGen,LibGen.bz,UP,200,1665,,
2026-10-05T18:22:47.581116+00:00,LibGen,LibGen.bz,UP,200,1247,,
2026-10-05T18:23:45.847921+00:00,LibGen,LibGen.bz,UP,200,1541,,
2026-10-05T18:24:47.418635+00:00,LibGen,LibGen.bz,UP,200,1831,,
2026-10-05T18:25:48.605268+00:00,LibGen,LibGen.bz,UP,200,2329,,
2026-10-05T18:26:46.787746+00:00,LibGen,LibGen.bz,DOWN,500,789,http_error,
2026-10-05T18:27:47.777398+00:00,LibGen,LibGen.bz,UP,200,1390,,
2026-10-05T18:28:47.507215+00:00,LibGen,LibGen.bz,DOWN,500,937,http_error,
2026-10-05T18:29:48.126991+00:00,LibGen,LibGen.bz,DOWN,500,900,http_error,
2026-10-05T18:30:49.898056+00:00,LibGen,LibGen.bz,UP,200,1750,,
2026-10-05T18:31:49.545183+00:00,LibGen,LibGen.bz,UP,200,1262,,
2026-10-05T18:32:50.067639+00:00,LibGen,LibGen.bz,UP,200,1093,,
2026-10-05T18:33:51.269027+00:00,LibGen,LibGen.bz,UP,200,1153,,
2026-10-05T18:34:51.448761+00:00,LibGen,LibGen.bz,UP,200,915,,
2026-10-05T18:35:51.426563+00:00,LibGen,LibGen.bz,DOWN,500,1008,http_error,
2026-10-05T18:36:52.017858+00:00,LibGen,LibGen.bz,DOWN,500,961,http_error,
2026-10-05T18:37:53.482360+00:00,LibGen,LibGen.bz,UP,200,1825,,
2026-10-05T18:38:52.658153+00:00,LibGen,LibGen.bz,DOWN,500,719,http_error,
2026-10-05T18:39:55.358712+00:00,LibGen,LibGen.bz,UP,200,1534,,
2026-10-05T18:40:55.676167+00:00,LibGen,LibGen.bz,UP,200,1593,,
2026-10-05T18:41:54.570788+00:00,LibGen,LibGen.bz,UP,200,703,,
2026-10-05T18:42:55.075418+00:00,LibGen,LibGen.bz,UP,200,1400,,
2026-10-05T18:43:56.296894+00:00,LibGen,LibGen.bz,UP,200,1666,,
2026-10-05T18:44:55.762935+00:00,LibGen,LibGen.bz,UP,200,519,,
2026-10-05T18:45:58.022374+00:00,LibGen,LibGen.bz,UP,200,2184,,
2026-10-05T18:46:56.562600+00:00,LibGen,LibGen.bz,DOWN,500,838,http_error,
2026-10-05T18:47:58.584031+00:00,LibGen,LibGen.bz,UP,200,1652,,
2026-10-05T18:48:58.146483+00:00,LibGen,LibGen.bz,DOWN,500,893,http_error,
2026-10-05T18:50:21.386772+00:00,LibGen,LibGen.bz,DOWN,,,connection_refused,
2026-10-05T18:51:01.204677+00:00,LibGen,LibGen.bz,UP,200,1495,,
2026-10-05T18:52:00.390773+00:00,LibGen,LibGen.bz,UP,200,765,,
2026-10-05T18:53:01.965789+00:00,LibGen,LibGen.bz,UP,200,1555,,
2026-10-05T18:54:02.615581+00:00,LibGen,LibGen.bz,UP,200,1075,,
2026-10-05T18:55:05.244406+00:00,LibGen,LibGen.bz,DEGRADED,200,3173,latency_high,
2026-10-05T18:56:04.208271+00:00,LibGen,LibGen.bz,UP,200,1550,,
2026-10-05T18:57:24.544774+00:00,LibGen,LibGen.bz,DOWN,,,connection_refused,
2026-10-05T18:58:03.938166+00:00,LibGen,LibGen.bz,DOWN,500,761,http_error,
2026-10-05T18:59:06.820694+00:00,LibGen,LibGen.bz,UP,200,2899,,
2026-10-05T19:00:06.145697+00:00,LibGen,LibGen.bz,UP,200,2063,,
2026-10-05T19:01:04.997898+00:00,LibGen,LibGen.bz,UP,200,841,,
2026-10-05T19:02:07.553835+00:00,LibGen,LibGen.bz,UP,200,1306,,
2026-10-05T19:03:07.545741+00:00,LibGen,LibGen.bz,UP,200,1196,,
2026-10-05T19:04:06.448180+00:00,LibGen,LibGen.bz,DOWN,500,981,http_error,
2026-10-05T19:05:07.648449+00:00,LibGen,LibGen.bz,UP,200,953,,
2026-10-05T19:06:08.825209+00:00,LibGen,LibGen.bz,UP,200,1803,,
2026-10-05T19:07:08.306217+00:00,LibGen,LibGen.bz,UP,200,957,,
2026-10-05T19:08:12.577984+00:00,LibGen,LibGen.bz,DEGRADED,200,4061,latency_high,
2026-10-05T19:09:11.466155+00:00,LibGen,LibGen.bz,UP,200,1337,,
2026-10-05T19:10:11.111818+00:00,LibGen,LibGen.bz,UP,200,1465,,
2026-10-05T19:11:11.709642+00:00,LibGen,LibGen.bz,UP,200,1772,,
2026-10-05T19:12:30.878259+00:00,LibGen,LibGen.bz,TIMEOUT,,,timeout,
2026-10-05T19:13:31.642871+00:00,LibGen,LibGen.bz,TIMEOUT,,,timeout,
2026-10-05T19:14:32.021896+00:00,LibGen,LibGen.bz,TIMEOUT,,,timeout,
2026-10-05T19:15:32.501970+00:00,LibGen,LibGen.bz,TIMEOUT,,,timeout,
2026-10-05T19:16:32.905922+00:00,LibGen,LibGen.bz,TIMEOUT,,,timeout,
2026-10-05T19:17:33.225747+00:00,LibGen,LibGen.bz,TIMEOUT,,,timeout,
2026-10-05T19:18:33.603314+00:00,LibGen,LibGen.bz,TIMEOUT,,,timeout,
2026-10-05T19:19:33.818973+00:00,LibGen,LibGen.bz,TIMEOUT,,,timeout,
2026-10-05T19:20:34.263011+00:00,LibGen,LibGen.bz,TIMEOUT,,,timeout,
2026-10-05T19:21:34.738153+00:00,LibGen,LibGen.bz,TIMEOUT,,,timeout,
2026-10-05T19:22:35.124821+00:00,LibGen,LibGen.bz,TIMEOUT,,,timeout,
2026-10-05T19:23:35.539092+00:00,LibGen,LibGen.bz,TIMEOUT,,,timeout,
2026-10-05T19:24:36.189983+00:00,LibGen,LibGen.bz,TIMEOUT,,,timeout,
2026-10-05T19:25:36.766974+00:00,LibGen,LibGen.bz,TIMEOUT,,,timeout,
2026-10-05T19:26:37.225966+00:00,LibGen,LibGen.bz,TIMEOUT,,,timeout,
2026-10-05T19:27:37.442737+00:00,LibGen,LibGen.bz,TIMEOUT,,,timeout,
2026-10-05T19:28:37.813877+00:00,LibGen,LibGen.bz,TIMEOUT,,,timeout,
2026-10-05T19:29:37.962772+00:00,LibGen,LibGen.bz,TIMEOUT,,,timeout,
2026-10-05T19:30:38.626771+00:00,LibGen,LibGen.bz,TIMEOUT,,,timeout,
2026-10-05T19:31:39.084468+00:00,LibGen,LibGen.bz,TIMEOUT,,,timeout,
2026-10-05T19:32:39.484801+00:00,LibGen,LibGen.bz,TIMEOUT,,,timeout,
2026-10-05T19:33:40.229931+00:00,LibGen,LibGen.bz,TIMEOUT,,,timeout,
2026-10-05T19:34:40.907796+00:00,LibGen,LibGen.bz,TIMEOUT,,,timeout,
2026-10-05T19:35:41.331157+00:00,LibGen,LibGen.bz,TIMEOUT,,,timeout,
2026-10-05T19:36:41.873727+00:00,LibGen,LibGen.bz,TIMEOUT,,,timeout,
2026-10-05T19:37:42.457887+00:00,LibGen,LibGen.bz,TIMEOUT,,,timeout,
2026-10-05T19:38:42.796844+00:00,LibGen,LibGen.bz,TIMEOUT,,,timeout,
2026-10-05T19:39:43.172510+00:00,LibGen,LibGen.bz,TIMEOUT,,,timeout,
2026-10-05T19:40:43.619917+00:00,LibGen,LibGen.bz,TIMEOUT,,,timeout,
2026-10-05T19:41:44.361880+00:00,LibGen,LibGen.bz,TIMEOUT,,,timeout,
2026-10-05T19:42:44.770708+00:00,LibGen,LibGen.bz,TIMEOUT,,,timeout,
2026-10-05T19:43:45.258757+00:00,LibGen,LibGen.bz,TIMEOUT,,,timeout,
2026-10-05T19:44:45.728465+00:00,LibGen,LibGen.bz,TIMEOUT,,,timeout,
2026-10-05T19:45:46.525956+00:00,LibGen,LibGen.bz,TIMEOUT,,,timeout,
2026-10-05T19:46:47.056146+00:00,LibGen,LibGen.bz,TIMEOUT,,,timeout,
2026-10-05T19:47:47.322788+00:00,LibGen,LibGen.bz,TIMEOUT,,,timeout,
2026-10-05T19:48:48.046524+00:00,LibGen,LibGen.bz,TIMEOUT,,,timeout,
2026-10-05T19:49:48.199146+00:00,LibGen,LibGen.bz,TIMEOUT,,,timeout,
2026-10-05T19:50:48.686507+00:00,LibGen,LibGen.bz,TIMEOUT,,,timeout,
2026-10-05T19:51:48.864214+00:00,LibGen,LibGen.bz,TIMEOUT,,,timeout,
2026-10-05T19:52:49.090973+00:00,LibGen,LibGen.bz,TIMEOUT,,,timeout,
2026-10-05T19:53:49.457771+00:00,LibGen,LibGen.bz,TIMEOUT,,,timeout,
2026-10-05T19:54:49.977457+00:00,LibGen,LibGen.bz,TIMEOUT,,,timeout,
2026-10-05T19:55:50.830528+00:00,LibGen,LibGen.bz,TIMEOUT,,,timeout,
2026-10-05T19:56:50.771595+00:00,LibGen,LibGen.bz,TIMEOUT,,,timeout,
2026-10-05T19:57:51.076940+00:00,LibGen,LibGen.bz,TIMEOUT,,,timeout,
2026-10-05T19:58:51.448188+00:00,LibGen,LibGen.bz,TIMEOUT,,,timeout,
2026-10-05T19:59:51.759866+00:00,LibGen,LibGen.bz,TIMEOUT,,,timeout,
2026-10-05T20:00:52.444887+00:00,LibGen,LibGen.bz,TIMEOUT,,,timeout,
2026-10-05T20:01:52.684914+00:00,LibGen,LibGen.bz,TIMEOUT,,,timeout,
2026-10-05T20:02:53.471017+00:00,LibGen,LibGen.bz,TIMEOUT,,,timeout,
2026-10-05T20:03:53.843245+00:00,LibGen,LibGen.bz,TIMEOUT,,,timeout,
2026-10-05T20:04:53.989025+00:00,LibGen,LibGen.bz,TIMEOUT,,,timeout,
2026-10-05T20:05:54.750374+00:00,LibGen,LibGen.bz,TIMEOUT,,,timeout,
2026-10-05T20:06:55.067667+00:00,LibGen,LibGen.bz,TIMEOUT,,,timeout,
2026-10-05T20:07:55.621604+00:00,LibGen,LibGen.bz,TIMEOUT,,,timeout,
2026-10-05T20:08:56.097033+00:00,LibGen,LibGen.bz,TIMEOUT,,,timeout,
2026-10-05T20:09:56.493570+00:00,LibGen,LibGen.bz,TIMEOUT,,,timeout,
2026-10-05T20:10:56.908972+00:00,LibGen,LibGen.bz,TIMEOUT,,,timeout,
2026-10-05T20:11:57.211855+00:00,LibGen,LibGen.bz,TIMEOUT,,,timeout,
2026-10-05T20:12:57.524220+00:00,LibGen,LibGen.bz,TIMEOUT,,,timeout,
2026-10-05T20:13:57.890788+00:00,LibGen,LibGen.bz,TIMEOUT,,,timeout,
2026-10-05T20:14:58.125864+00:00,LibGen,LibGen.bz,TIMEOUT,,,timeout,
2026-10-05T20:15:58.698160+00:00,LibGen,LibGen.bz,TIMEOUT,,,timeout,
2026-10-05T20:16:58.690912+00:00,LibGen,LibGen.bz,TIMEOUT,,,timeout,
2026-10-05T20:17:59.120908+00:00,LibGen,LibGen.bz,TIMEOUT,,,timeout,
2026-10-05T20:18:59.592462+00:00,LibGen,LibGen.bz,TIMEOUT,,,timeout,
2026-10-05T20:19:59.643473+00:00,LibGen,LibGen.bz,TIMEOUT,,,timeout,
2026-10-05T20:21:00.062047+00:00,LibGen,LibGen.bz,TIMEOUT,,,timeout,
2026-10-05T20:22:00.482642+00:00,LibGen,LibGen.bz,TIMEOUT,,,timeout,
2026-10-05T20:23:00.755086+00:00,LibGen,LibGen.bz,TIMEOUT,,,timeout,
2026-10-05T20:24:01.117114+00:00,LibGen,LibGen.bz,TIMEOUT,,,timeout,
2026-10-05T20:25:01.322925+00:00,LibGen,LibGen.bz,TIMEOUT,,,timeout,
2026-10-05T20:26:01.680058+00:00,LibGen,LibGen.bz,TIMEOUT,,,timeout,
2026-10-05T20:27:01.851254+00:00,LibGen,LibGen.bz,TIMEOUT,,,timeout,
2026-10-05T20:28:02.030458+00:00,LibGen,LibGen.bz,TIMEOUT,,,timeout,
2026-10-05T20:29:02.290201+00:00,LibGen,LibGen.bz,TIMEOUT,,,timeout,
2026-10-05T20:30:02.626336+00:00,LibGen,LibGen.bz,TIMEOUT,,,timeout,
2026-10-05T20:31:03.619322+00:00,LibGen,LibGen.bz,TIMEOUT,,,timeout,
2026-10-05T20:32:03.873359+00:00,LibGen,LibGen.bz,TIMEOUT,,,timeout,
2026-10-05T20:33:04.549909+00:00,LibGen,LibGen.bz,TIMEOUT,,,timeout,
2026-10-05T20:34:05.146764+00:00,LibGen,LibGen.bz,TIMEOUT,,,timeout,
2026-10-05T20:35:05.570764+00:00,LibGen,LibGen.bz,TIMEOUT,,,timeout,
2026-10-05T20:36:06.013761+00:00,LibGen,LibGen.bz,TIMEOUT,,,timeout,
2026-10-05T20:37:06.259943+00:00,LibGen,LibGen.bz,TIMEOUT,,,timeout,
2026-10-05T20:38:06.908242+00:00,LibGen,LibGen.bz,TIMEOUT,,,timeout,
2026-10-05T20:39:07.322535+00:00,LibGen,LibGen.bz,TIMEOUT,,,timeout,
2026-10-05T20:40:07.592471+00:00,LibGen,LibGen.bz,TIMEOUT,,,timeout,
2026-10-05T20:41:07.886125+00:00,LibGen,LibGen.bz,TIMEOUT,,,timeout,
2026-10-05T20:42:08.222652+00:00,LibGen,LibGen.bz,TIMEOUT,,,timeout,
2026-10-05T20:43:08.610819+00:00,LibGen,LibGen.bz,TIMEOUT,,,timeout,
2026-10-05T20:44:08.748065+00:00,LibGen,LibGen.bz,TIMEOUT,,,timeout,
2026-10-05T20:45:08.937038+00:00,LibGen,LibGen.bz,TIMEOUT,,,timeout,
2026-10-05T20:46:09.378799+00:00,LibGen,LibGen.bz,TIMEOUT,,,timeout,
2026-10-05T20:47:09.683785+00:00,LibGen,LibGen.bz,TIMEOUT,,,timeout,
2026-10-05T20:48:10.129949+00:00,LibGen,LibGen.bz,TIMEOUT,,,timeout,
2026-10-05T20:49:10.530716+00:00,LibGen,LibGen.bz,TIMEOUT,,,timeout,
2026-10-05T20:50:10.850852+00:00,LibGen,LibGen.bz,TIMEOUT,,,timeout,
2026-10-05T20:51:11.592464+00:00,LibGen,LibGen.bz,TIMEOUT,,,timeout,
2026-10-05T20:52:11.874801+00:00,LibGen,LibGen.bz,TIMEOUT,,,timeout,
2026-10-05T20:53:12.188574+00:00,LibGen,LibGen.bz,TIMEOUT,,,timeout,
2026-10-05T20:54:12.547368+00:00,LibGen,LibGen.bz,TIMEOUT,,,timeout,
2026-10-05T20:55:12.837757+00:00,LibGen,LibGen.bz,TIMEOUT,,,timeout,
2026-10-05T20:56:13.147160+00:00,LibGen,LibGen.bz,TIMEOUT,,,timeout,
2026-10-05T20:57:13.311488+00:00,LibGen,LibGen.bz,TIMEOUT,,,timeout,
2026-10-05T20:58:13.558248+00:00,LibGen,LibGen.bz,TIMEOUT,,,timeout,
2026-10-05T20:59:14.219726+00:00,LibGen,LibGen.bz,TIMEOUT,,,timeout,
2026-10-05T21:00:14.416939+00:00,LibGen,LibGen.bz,TIMEOUT,,,timeout,
2026-10-05T21:01:14.869955+00:00,LibGen,LibGen.bz,TIMEOUT,,,timeout,
2026-10-05T21:02:15.299319+00:00,LibGen,LibGen.bz,TIMEOUT,,,timeout,
2026-10-05T21:03:15.489802+00:00,LibGen,LibGen.bz,TIMEOUT,,,timeout,
2026-10-05T21:04:15.841130+00:00,LibGen,LibGen.bz,TIMEOUT,,,timeout,
2026-10-05T21:05:16.348601+00:00,LibGen,LibGen.bz,TIMEOUT,,,timeout,
2026-10-05T21:06:17.142114+00:00,LibGen,LibGen.bz,TIMEOUT,,,timeout,
2026-10-05T21:06:58.035667+00:00,LibGen,LibGen.bz,UP,200,778,,
2026-10-05T21:07:59.362911+00:00,LibGen,LibGen.bz,UP,200,983,,
2026-10-05T21:08:59.325233+00:00,LibGen,LibGen.bz,UP,200,626,,
2026-10-05T21:09:58.922422+00:00,LibGen,LibGen.bz,UP,200,245,,
2026-10-05T21:11:00.245582+00:00,LibGen,LibGen.bz,UP,200,801,,
2026-10-05T21:12:00.420012+00:00,LibGen,LibGen.bz,UP,200,272,,
2026-10-05T21:13:00.444617+00:00,LibGen,LibGen.bz,UP,200,261,,
2026-10-05T21:14:01.135957+00:00,LibGen,LibGen.bz,UP,200,605,,
2026-10-05T21:15:03.569634+00:00,LibGen,LibGen.bz,UP,200,1823,,
2026-10-05T21:16:02.888541+00:00,LibGen,LibGen.bz,UP,200,854,,
2026-10-05T21:17:04.732812+00:00,LibGen,LibGen.bz,UP,200,745,,
2026-10-05T21:18:04.011925+00:00,LibGen,LibGen.bz,UP,200,707,,
2026-10-05T21:19:06.555088+00:00,LibGen,LibGen.bz,UP,200,715,,
2026-10-05T21:20:04.736493+00:00,LibGen,LibGen.bz,UP,200,763,,
2026-10-05T21:21:05.878500+00:00,LibGen,LibGen.bz,UP,200,722,,
2026-10-05T21:22:06.514730+00:00,LibGen,LibGen.bz,UP,200,755,,
2026-10-05T21:23:06.080050+00:00,LibGen,LibGen.bz,UP,200,623,,
2026-10-05T21:24:10.507632+00:00,LibGen,LibGen.bz,DEGRADED,200,4481,latency_high,
2026-10-05T21:25:07.784226+00:00,LibGen,LibGen.bz,UP,200,845,,
2026-10-05T21:26:07.458314+00:00,LibGen,LibGen.bz,UP,200,630,,
2026-10-05T21:27:08.570514+00:00,LibGen,LibGen.bz,UP,200,599,,
2026-10-05T21:28:08.537951+00:00,LibGen,LibGen.bz,UP,200,455,,
2026-10-05T21:29:08.472491+00:00,LibGen,LibGen.bz,UP,200,274,,
2026-10-05T21:30:09.657364+00:00,LibGen,LibGen.bz,UP,200,777,,
2026-10-05T21:31:10.125159+00:00,LibGen,LibGen.bz,UP,200,742,,
2026-10-05T21:32:10.365752+00:00,LibGen,LibGen.bz,UP,200,677,,
2026-10-05T21:33:10.368446+00:00,LibGen,LibGen.bz,UP,200,659,,
2026-10-05T21:34:13.188800+00:00,LibGen,LibGen.bz,DEGRADED,200,3469,latency_high,
2026-10-05T21:35:10.652936+00:00,LibGen,LibGen.bz,UP,200,645,,
2026-10-05T21:36:11.521405+00:00,LibGen,LibGen.bz,UP,200,787,,
2026-10-05T21:37:12.227116+00:00,LibGen,LibGen.bz,UP,200,646,,
2026-10-05T21:38:12.141606+00:00,LibGen,LibGen.bz,UP,200,594,,
2026-10-05T21:39:12.759279+00:00,LibGen,LibGen.bz,UP,200,700,,
2026-10-05T21:40:13.274893+00:00,LibGen,LibGen.bz,UP,200,865,,
2026-10-05T21:41:13.306157+00:00,LibGen,LibGen.bz,UP,200,854,,
2026-10-05T21:42:13.979549+00:00,LibGen,LibGen.bz,UP,200,1141,,
2026-10-05T21:43:13.779045+00:00,LibGen,LibGen.bz,UP,200,707,,
2026-10-05T21:44:14.730968+00:00,LibGen,LibGen.bz,UP,200,938,,
2026-10-05T21:45:14.761046+00:00,LibGen,LibGen.bz,UP,200,778,,
2026-10-05T21:46:15.307731+00:00,LibGen,LibGen.bz,UP,200,728,,
2026-10-05T21:47:15.731468+00:00,LibGen,LibGen.bz,UP,200,856,,
2026-10-05T21:48:16.583126+00:00,LibGen,LibGen.bz,UP,200,661,,
2026-10-05T21:49:16.066688+00:00,LibGen,LibGen.bz,UP,200,268,,
2026-10-05T21:50:17.326109+00:00,LibGen,LibGen.bz,UP,200,847,,
2026-10-05T21:51:18.169318+00:00,LibGen,LibGen.bz,UP,200,653,,
2026-10-05T21:52:18.618363+00:00,LibGen,LibGen.bz,UP,200,723,,
2026-10-05T21:53:19.010681+00:00,LibGen,LibGen.bz,UP,200,620,,
2026-10-05T21:54:19.367884+00:00,LibGen,LibGen.bz,UP,200,613,,
2026-10-05T21:55:19.492268+00:00,LibGen,LibGen.bz,UP,200,729,,
2026-10-05T21:56:20.384639+00:00,LibGen,LibGen.bz,UP,200,795,,
2026-10-05T21:57:20.695161+00:00,LibGen,LibGen.bz,UP,200,776,,
2026-10-05T21:58:20.597664+00:00,LibGen,LibGen.bz,DOWN,,,connection_refused,
2026-10-05T21:59:21.609048+00:00,LibGen,LibGen.bz,UP,200,644,,
2026-10-05T22:00:21.959069+00:00,LibGen,LibGen.bz,UP,200,680,,
2026-10-05T22:01:23.038484+00:00,LibGen,LibGen.bz,UP,200,766,,
2026-10-05T22:02:44.488389+00:00,LibGen,LibGen.bz,DOWN,,,connection_refused,
2026-10-05T22:03:24.477953+00:00,LibGen,LibGen.bz,UP,200,621,,
2026-10-05T22:04:24.109184+00:00,LibGen,LibGen.bz,UP,200,586,,
2026-10-05T22:05:24.587641+00:00,LibGen,LibGen.bz,UP,200,717,,
2026-10-05T22:06:25.692433+00:00,LibGen,LibGen.bz,UP,200,704,,
2026-10-05T22:07:25.718707+00:00,LibGen,LibGen.bz,UP,200,575,,
2026-10-05T22:08:25.966168+00:00,LibGen,LibGen.bz,UP,200,761,,
2026-10-05T22:09:26.133118+00:00,LibGen,LibGen.bz,UP,200,715,,
2026-10-05T22:10:27.408609+00:00,LibGen,LibGen.bz,UP,200,1125,,
2026-10-05T22:11:27.917446+00:00,LibGen,LibGen.bz,UP,200,747,,
2026-10-05T22:12:47.680123+00:00,LibGen,LibGen.bz,DOWN,,,connection_refused,
2026-10-05T22:13:28.921122+00:00,LibGen,LibGen.bz,UP,200,1035,,
2026-10-05T22:14:28.647943+00:00,LibGen,LibGen.bz,UP,200,607,,
2026-10-05T22:15:29.189788+00:00,LibGen,LibGen.bz,UP,200,279,,
2026-10-05T22:16:31.129704+00:00,LibGen,LibGen.bz,UP,200,1639,,
2026-10-05T22:17:30.907162+00:00,LibGen,LibGen.bz,UP,200,782,,
2026-10-05T22:18:30.979110+00:00,LibGen,LibGen.bz,UP,200,273,,
2026-10-05T22:19:31.709540+00:00,LibGen,LibGen.bz,UP,200,728,,
2026-10-05T22:20:32.568631+00:00,LibGen,LibGen.bz,UP,200,650,,
2026-10-05T22:21:32.427860+00:00,LibGen,LibGen.bz,UP,200,257,,
2026-10-05T22:22:33.475515+00:00,LibGen,LibGen.bz,UP,200,616,,
2026-10-05T22:23:33.846504+00:00,LibGen,LibGen.bz,UP,200,1229,,
2026-10-05T22:24:33.705169+00:00,LibGen,LibGen.bz,UP,200,700,,
2026-10-05T22:25:33.897764+00:00,LibGen,LibGen.bz,UP,200,251,,
2026-10-05T22:26:33.995858+00:00,LibGen,LibGen.bz,DOWN,,,connection_refused,
2026-10-05T22:27:35.184572+00:00,LibGen,LibGen.bz,UP,200,810,,
2026-10-05T22:28:35.496130+00:00,LibGen,LibGen.bz,UP,200,720,,
2026-10-05T22:29:36.261840+00:00,LibGen,LibGen.bz,UP,200,736,,
2026-10-05T22:30:37.248138+00:00,LibGen,LibGen.bz,UP,200,762,,
2026-10-05T22:31:38.415950+00:00,LibGen,LibGen.bz,UP,200,706,,
2026-10-05T22:32:38.318224+00:00,LibGen,LibGen.bz,UP,200,624,,
2026-10-05T22:33:38.647624+00:00,LibGen,LibGen.bz,UP,200,708,,
2026-10-05T22:34:39.232249+00:00,LibGen,LibGen.bz,UP,200,686,,
2026-10-05T22:35:39.667009+00:00,LibGen,LibGen.bz,UP,200,810,,
2026-10-05T22:36:40.081403+00:00,LibGen,LibGen.bz,UP,200,770,,
2026-10-05T22:37:40.971930+00:00,LibGen,LibGen.bz,UP,200,711,,
2026-10-05T22:38:40.685614+00:00,LibGen,LibGen.bz,UP,200,270,,
2026-10-05T22:39:42.347442+00:00,LibGen,LibGen.bz,UP,200,1082,,
2026-10-05T22:40:44.716009+00:00,LibGen,LibGen.bz,UP,200,1158,,
2026-10-05T22:41:42.781367+00:00,LibGen,LibGen.bz,UP,200,747,,
2026-10-05T22:42:43.503591+00:00,LibGen,LibGen.bz,UP,200,889,,
2026-10-05T22:43:44.652944+00:00,LibGen,LibGen.bz,UP,200,747,,
2026-10-05T22:44:44.114456+00:00,LibGen,LibGen.bz,UP,200,614,,
2026-10-05T22:45:44.536048+00:00,LibGen,LibGen.bz,UP,200,713,,
2026-10-05T22:46:45.744743+00:00,LibGen,LibGen.bz,UP,200,793,,
2026-10-05T22:47:46.053233+00:00,LibGen,LibGen.bz,UP,200,798,,
2026-10-05T22:48:46.536995+00:00,LibGen,LibGen.bz,UP,200,667,,
2026-10-05T22:49:46.791388+00:00,LibGen,LibGen.bz,UP,200,677,,
2026-10-05T22:50:47.641585+00:00,LibGen,LibGen.bz,UP,200,726,,
2026-10-05T22:51:47.768208+00:00,LibGen,LibGen.bz,UP,200,249,,
2026-10-05T22:52:48.073196+00:00,LibGen,LibGen.bz,UP,200,732,,
2026-10-05T22:53:48.212061+00:00,LibGen,LibGen.bz,UP,200,665,,
2026-10-05T22:54:49.082016+00:00,LibGen,LibGen.bz,UP,200,847,,
2026-10-05T22:55:50.187706+00:00,LibGen,LibGen.bz,UP,200,1028,,
2026-10-05T22:56:49.744542+00:00,LibGen,LibGen.bz,UP,200,755,,
2026-10-05T22:57:50.218802+00:00,LibGen,LibGen.bz,UP,200,844,,
2026-10-05T22:58:50.732299+00:00,LibGen,LibGen.bz,UP,200,698,,
2026-10-05T22:59:50.398602+00:00,LibGen,LibGen.bz,UP,200,632,,
2026-10-05T23:00:51.387513+00:00,LibGen,LibGen.bz,UP,200,735,,
2026-10-05T23:01:51.478082+00:00,LibGen,LibGen.bz,DOWN,500,595,http_error,
2026-10-05T23:02:53.106022+00:00,LibGen,LibGen.bz,UP,200,698,,
2026-10-05T23:03:51.661844+00:00,LibGen,LibGen.bz,UP,200,274,,
2026-10-05T23:04:53.172129+00:00,LibGen,LibGen.bz,UP,200,712,,
2026-10-05T23:05:53.773182+00:00,LibGen,LibGen.bz,UP,200,967,,
2026-10-05T23:06:53.328498+00:00,LibGen,LibGen.bz,UP,200,242,,
2026-10-05T23:07:54.121142+00:00,LibGen,LibGen.bz,UP,200,739,,
2026-10-05T23:08:54.000049+00:00,LibGen,LibGen.bz,DOWN,,,connection_refused,
2026-10-05T23:09:55.026434+00:00,LibGen,LibGen.bz,UP,200,683,,
2026-10-05T23:10:56.781158+00:00,LibGen,LibGen.bz,UP,200,1542,,
2026-10-05T23:11:56.088482+00:00,LibGen,LibGen.bz,UP,200,743,,
2026-10-05T23:12:56.158619+00:00,LibGen,LibGen.bz,UP,200,614,,
2026-10-05T23:13:56.586502+00:00,LibGen,LibGen.bz,UP,200,582,,
2026-10-05T23:14:57.206611+00:00,LibGen,LibGen.bz,UP,200,746,,
2026-10-05T23:15:58.286873+00:00,LibGen,LibGen.bz,UP,200,917,,
2026-10-05T23:16:58.208161+00:00,LibGen,LibGen.bz,UP,200,825,,
2026-10-05T23:17:58.252779+00:00,LibGen,LibGen.bz,UP,200,585,,
2026-10-05T23:19:19.251062+00:00,LibGen,LibGen.bz,DOWN,,,connection_refused,
2026-10-05T23:20:00.377935+00:00,LibGen,LibGen.bz,UP,200,1081,,
2026-10-05T23:20:59.979793+00:00,LibGen,LibGen.bz,UP,200,566,,
2026-10-05T23:22:02.084135+00:00,LibGen,LibGen.bz,UP,200,1901,,
2026-10-05T23:23:01.545537+00:00,LibGen,LibGen.bz,UP,200,767,,
2026-10-05T23:24:02.259918+00:00,LibGen,LibGen.bz,UP,200,821,,
2026-10-05T23:25:03.562126+00:00,LibGen,LibGen.bz,UP,200,1456,,
2026-10-05T23:26:02.735359+00:00,LibGen,LibGen.bz,UP,200,949,,
2026-10-05T23:27:02.782823+00:00,LibGen,LibGen.bz,UP,200,623,,
2026-10-05T23:28:03.863445+00:00,LibGen,LibGen.bz,UP,200,944,,
2026-10-05T23:29:04.339888+00:00,LibGen,LibGen.bz,UP,200,750,,
2026-10-05T23:30:05.132741+00:00,LibGen,LibGen.bz,UP,200,1220,,
2026-10-05T23:31:05.699054+00:00,LibGen,LibGen.bz,UP,200,734,,
2026-10-05T23:32:05.515173+00:00,LibGen,LibGen.bz,DOWN,500,222,http_error,
2026-10-05T23:33:06.689831+00:00,LibGen,LibGen.bz,UP,200,719,,
2026-10-05T23:34:07.581987+00:00,LibGen,LibGen.bz,UP,200,1334,,
2026-10-05T23:35:07.315565+00:00,LibGen,LibGen.bz,UP,200,845,,
2026-10-05T23:36:07.837123+00:00,LibGen,LibGen.bz,UP,200,721,,
2026-10-05T23:37:09.626562+00:00,LibGen,LibGen.bz,UP,200,1629,,
2026-10-05T23:38:08.647671+00:00,LibGen,LibGen.bz,UP,200,655,,
2026-10-05T23:39:09.397319+00:00,LibGen,LibGen.bz,UP,200,731,,
2026-10-05T23:40:13.163885+00:00,LibGen,LibGen.bz,UP,200,884,,
2026-10-05T23:41:10.847731+00:00,LibGen,LibGen.bz,UP,200,978,,
2026-10-05T23:42:11.088919+00:00,LibGen,LibGen.bz,UP,200,794,,
2026-10-05T23:43:11.199694+00:00,LibGen,LibGen.bz,UP,200,261,,
2026-10-05T23:44:12.797376+00:00,LibGen,LibGen.bz,UP,200,701,,
2026-10-05T23:45:12.756151+00:00,LibGen,LibGen.bz,UP,200,895,,
2026-10-05T23:46:15.926828+00:00,LibGen,LibGen.bz,DEGRADED,200,3769,latency_high,
2026-10-05T23:47:33.728486+00:00,LibGen,LibGen.bz,DOWN,,,connection_refused,
2026-10-05T23:48:13.539950+00:00,LibGen,LibGen.bz,UP,200,664,,
2026-10-05T23:49:34.828481+00:00,LibGen,LibGen.bz,DOWN,,,connection_refused,
2026-10-05T23:50:14.495675+00:00,LibGen,LibGen.bz,UP,200,562,,
2026-10-05T23:51:15.332930+00:00,LibGen,LibGen.bz,UP,200,1047,,
2026-10-05T23:52:14.840815+00:00,LibGen,LibGen.bz,UP,200,730,,
2026-10-05T23:53:16.039208+00:00,LibGen,LibGen.bz,UP,200,857,,
2026-10-05T23:54:16.612469+00:00,LibGen,LibGen.bz,UP,200,727,,
2026-10-05T23:55:17.000093+00:00,LibGen,LibGen.bz,UP,200,1058,,
2026-10-05T23:56:17.442696+00:00,LibGen,LibGen.bz,UP,200,777,,
2026-10-05T23:57:17.416566+00:00,LibGen,LibGen.bz,UP,200,723,,
2026-10-05T23:58:20.397789+00:00,LibGen,LibGen.bz,UP,200,719,,
2026-10-05T23:59:18.236263+00:00,LibGen,LibGen.bz,UP,200,257,,
2026-10-06T00:00:19.371596+00:00,LibGen,LibGen.bz,UP,200,1007,,
2026-10-06T00:01:19.822158+00:00,LibGen,LibGen.bz,UP,200,737,,
2026-10-06T00:02:20.243865+00:00,LibGen,LibGen.bz,UP,200,731,,
2026-10-06T00:03:21.096051+00:00,LibGen,LibGen.bz,UP,200,851,,
2026-10-06T00:04:21.833914+00:00,LibGen,LibGen.bz,UP,200,655,,
2026-10-06T00:05:22.187023+00:00,LibGen,LibGen.bz,UP,200,971,,
2026-10-06T00:06:22.455564+00:00,LibGen,LibGen.bz,UP,200,708,,
2026-10-06T00:07:22.788490+00:00,LibGen,LibGen.bz,UP,200,750,,
2026-10-06T00:08:23.380411+00:00,LibGen,LibGen.bz,UP,200,774,,
2026-10-06T00:09:24.096435+00:00,LibGen,LibGen.bz,UP,200,711,,
2026-10-06T00:10:24.701333+00:00,LibGen,LibGen.bz,UP,200,329,,
2026-10-06T00:11:25.044906+00:00,LibGen,LibGen.bz,UP,200,885,,
2026-10-06T00:12:25.597074+00:00,LibGen,LibGen.bz,UP,200,756,,
2026-10-06T00:13:26.008509+00:00,LibGen,LibGen.bz,UP,200,816,,
2026-10-06T00:14:27.262436+00:00,LibGen,LibGen.bz,UP,200,1111,,
2026-10-06T00:15:27.554361+00:00,LibGen,LibGen.bz,UP,200,819,,
2026-10-06T00:16:28.797261+00:00,LibGen,LibGen.bz,UP,200,616,,
2026-10-06T00:17:28.695681+00:00,LibGen,LibGen.bz,UP,200,743,,
2026-10-06T00:18:29.286662+00:00,LibGen,LibGen.bz,UP,200,757,,
2026-10-06T00:19:30.484698+00:00,LibGen,LibGen.bz,UP,200,746,,
2026-10-06T00:20:29.913981+00:00,LibGen,LibGen.bz,UP,200,702,,
2026-10-06T00:21:30.396049+00:00,LibGen,LibGen.bz,UP,200,666,,
2026-10-06T00:22:31.104842+00:00,LibGen,LibGen.bz,UP,200,778,,
2026-10-06T00:23:31.529529+00:00,LibGen,LibGen.bz,UP,200,737,,
2026-10-06T00:24:31.397708+00:00,LibGen,LibGen.bz,DOWN,,,connection_refused,
2026-10-06T00:25:32.539551+00:00,LibGen,LibGen.bz,UP,200,660,,
2026-10-06T00:26:33.270850+00:00,LibGen,LibGen.bz,UP,200,714,,
2026-10-06T00:27:33.696810+00:00,LibGen,LibGen.bz,UP,200,762,,
2026-10-06T00:28:54.111474+00:00,LibGen,LibGen.bz,DOWN,,,connection_refused,
2026-10-06T00:29:34.412486+00:00,LibGen,LibGen.bz,UP,200,677,,
2026-10-06T00:30:35.485039+00:00,LibGen,LibGen.bz,UP,200,599,,
2026-10-06T00:31:35.499814+00:00,LibGen,LibGen.bz,UP,200,627,,
2026-10-06T00:32:36.219435+00:00,LibGen,LibGen.bz,UP,200,1008,,
2026-10-06T00:33:37.490158+00:00,LibGen,LibGen.bz,UP,200,663,,
2026-10-06T00:34:36.819459+00:00,LibGen,LibGen.bz,UP,200,643,,
2026-10-06T00:35:40.616866+00:00,LibGen,LibGen.bz,DEGRADED,200,4078,latency_high,
2026-10-06T00:36:37.963460+00:00,LibGen,LibGen.bz,UP,200,660,,
2026-10-06T00:37:39.306499+00:00,LibGen,LibGen.bz,UP,200,971,,
2026-10-06T00:38:40.293080+00:00,LibGen,LibGen.bz,UP,200,726,,
2026-10-06T00:39:39.834026+00:00,LibGen,LibGen.bz,UP,200,921,,
2026-10-06T00:40:40.181572+00:00,LibGen,LibGen.bz,UP,200,797,,
2026-10-06T00:41:41.224101+00:00,LibGen,LibGen.bz,UP,200,731,,
2026-10-06T00:42:41.450174+00:00,LibGen,LibGen.bz,UP,200,544,,
2026-10-06T00:43:41.654650+00:00,LibGen,LibGen.bz,UP,200,855,,
2026-10-06T00:44:42.540144+00:00,LibGen,LibGen.bz,UP,200,951,,
2026-10-06T00:45:42.483257+00:00,LibGen,LibGen.bz,UP,200,665,,
2026-10-06T00:46:43.075808+00:00,LibGen,LibGen.bz,UP,200,700,,
2026-10-06T00:47:43.524202+00:00,LibGen,LibGen.bz,UP,200,644,,
2026-10-06T00:48:43.728002+00:00,LibGen,LibGen.bz,UP,200,547,,
2026-10-06T00:49:44.431294+00:00,LibGen,LibGen.bz,UP,200,713,,
2026-10-06T00:50:44.340623+00:00,LibGen,LibGen.bz,UP,200,288,,
2026-10-06T00:51:45.804523+00:00,LibGen,LibGen.bz,UP,200,653,,
2026-10-06T00:52:46.364513+00:00,LibGen,LibGen.bz,UP,200,692,,
2026-10-06T00:53:46.636755+00:00,LibGen,LibGen.bz,UP,200,681,,
2026-10-06T00:54:47.046302+00:00,LibGen,LibGen.bz,UP,200,745,,
2026-10-06T00:55:47.404518+00:00,LibGen,LibGen.bz,UP,200,836,,
2026-10-06T00:56:48.274296+00:00,LibGen,LibGen.bz,UP,200,691,,
2026-10-06T00:57:48.266161+00:00,LibGen,LibGen.bz,UP,200,741,,
2026-10-06T00:58:48.898781+00:00,LibGen,LibGen.bz,UP,200,666,,
2026-10-06T00:59:50.118777+00:00,LibGen,LibGen.bz,UP,200,693,,
2026-10-06T01:00:50.060504+00:00,LibGen,LibGen.bz,UP,200,694,,
2026-10-06T01:01:50.974633+00:00,LibGen,LibGen.bz,UP,200,981,,
2026-10-06T01:02:51.755264+00:00,LibGen,LibGen.bz,UP,200,1068,,
2026-10-06T01:03:51.852668+00:00,LibGen,LibGen.bz,UP,200,707,,
2026-10-06T01:04:52.172385+00:00,LibGen,LibGen.bz,UP,200,708,,
2026-10-06T01:05:53.080554+00:00,LibGen,LibGen.bz,UP,200,777,,
2026-10-06T01:06:53.371036+00:00,LibGen,LibGen.bz,UP,200,613,,
2026-10-06T01:07:53.194850+00:00,LibGen,LibGen.bz,DOWN,,,connection_refused,
2026-10-06T01:08:55.743882+00:00,LibGen,LibGen.bz,UP,200,1688,,
2026-10-06T01:09:55.356345+00:00,LibGen,LibGen.bz,UP,200,713,,
2026-10-06T01:10:55.923161+00:00,LibGen,LibGen.bz,UP,200,712,,
2026-10-06T01:11:56.532106+00:00,LibGen,LibGen.bz,UP,200,715,,
2026-10-06T01:12:57.405487+00:00,LibGen,LibGen.bz,UP,200,628,,
2026-10-06T01:13:57.307911+00:00,LibGen,LibGen.bz,UP,200,575,,
2026-10-06T01:14:58.231954+00:00,LibGen,LibGen.bz,UP,200,249,,
2026-10-06T01:15:58.629389+00:00,LibGen,LibGen.bz,UP,200,716,,
2026-10-06T01:16:59.318826+00:00,LibGen,LibGen.bz,UP,200,737,,
2026-10-06T01:18:00.755607+00:00,LibGen,LibGen.bz,UP,200,1701,,
2026-10-06T01:19:01.595987+00:00,LibGen,LibGen.bz,UP,200,636,,
2026-10-06T01:20:00.901056+00:00,LibGen,LibGen.bz,UP,200,961,,
2026-10-06T01:21:01.459401+00:00,LibGen,LibGen.bz,UP,200,948,,
2026-10-06T01:22:01.909821+00:00,LibGen,LibGen.bz,UP,200,995,,
2026-10-06T01:23:02.307418+00:00,LibGen,LibGen.bz,UP,200,651,,
2026-10-06T01:24:04.056221+00:00,LibGen,LibGen.bz,UP,200,829,,
2026-10-06T01:25:06.054745+00:00,LibGen,LibGen.bz,UP,200,1293,,
2026-10-06T01:26:05.027829+00:00,LibGen,LibGen.bz,UP,200,291,,
2026-10-06T01:27:05.704489+00:00,LibGen,LibGen.bz,UP,200,705,,
2026-10-06T01:28:06.714917+00:00,LibGen,LibGen.bz,UP,200,1070,,
2026-10-06T01:29:07.350321+00:00,LibGen,LibGen.bz,UP,200,762,,
2026-10-06T01:30:07.384590+00:00,LibGen,LibGen.bz,UP,200,891,,
2026-10-06T01:31:08.356663+00:00,LibGen,LibGen.bz,UP,200,1654,,
2026-10-06T01:32:07.994824+00:00,LibGen,LibGen.bz,UP,200,784,,
2026-10-06T01:33:08.481545+00:00,LibGen,LibGen.bz,UP,200,614,,
2026-10-06T01:34:09.183808+00:00,LibGen,LibGen.bz,UP,200,764,,
2026-10-06T01:35:09.359026+00:00,LibGen,LibGen.bz,UP,200,584,,
2026-10-06T01:36:11.860066+00:00,LibGen,LibGen.bz,UP,200,1866,,
2026-10-06T01:37:11.048759+00:00,LibGen,LibGen.bz,UP,200,670,,
2026-10-06T01:38:30.711640+00:00,LibGen,LibGen.bz,TIMEOUT,,,timeout,
2026-10-06T01:39:18.594963+00:00,LibGen,LibGen.bz,DEGRADED,200,8048,latency_high,
2026-10-06T01:40:11.590686+00:00,LibGen,LibGen.bz,UP,200,723,,
2026-10-06T01:41:11.947744+00:00,LibGen,LibGen.bz,UP,200,678,,
2026-10-06T01:42:13.532526+00:00,LibGen,LibGen.bz,UP,200,1646,,
2026-10-06T01:43:12.976395+00:00,LibGen,LibGen.bz,UP,200,649,,
2026-10-06T01:44:13.387240+00:00,LibGen,LibGen.bz,UP,200,665,,
2026-10-06T01:45:14.420367+00:00,LibGen,LibGen.bz,UP,200,873,,
2026-10-06T01:46:16.836518+00:00,LibGen,LibGen.bz,UP,200,700,,
2026-10-06T01:47:15.917539+00:00,LibGen,LibGen.bz,UP,200,928,,
2026-10-06T01:48:18.764559+00:00,LibGen,LibGen.bz,DEGRADED,200,3717,latency_high,
2026-10-06T01:49:17.022887+00:00,LibGen,LibGen.bz,UP,200,633,,
2026-10-06T01:50:16.918686+00:00,LibGen,LibGen.bz,UP,200,783,,
2026-10-06T01:51:18.104097+00:00,LibGen,LibGen.bz,UP,200,686,,
2026-10-06T01:52:17.535260+00:00,LibGen,LibGen.bz,UP,200,630,,
2026-10-06T01:53:17.738675+00:00,LibGen,LibGen.bz,UP,200,591,,
2026-10-06T01:54:18.873503+00:00,LibGen,LibGen.bz,UP,200,832,,
2026-10-06T01:55:19.051764+00:00,LibGen,LibGen.bz,UP,200,682,,
2026-10-06T01:56:19.005461+00:00,LibGen,LibGen.bz,DOWN,,,connection_refused,
2026-10-06T01:57:20.046806+00:00,LibGen,LibGen.bz,UP,200,643,,
2026-10-06T01:58:20.861225+00:00,LibGen,LibGen.bz,UP,200,684,,
2026-10-06T01:59:40.707221+00:00,LibGen,LibGen.bz,TIMEOUT,,,timeout,
2026-10-06T02:00:41.256521+00:00,LibGen,LibGen.bz,TIMEOUT,,,timeout,
2026-10-06T02:01:41.564352+00:00,LibGen,LibGen.bz,TIMEOUT,,,timeout,
2026-10-06T02:02:41.849180+00:00,LibGen,LibGen.bz,TIMEOUT,,,timeout,
2026-10-06T02:03:42.314723+00:00,LibGen,LibGen.bz,TIMEOUT,,,timeout,
2026-10-06T02:04:23.032342+00:00,LibGen,LibGen.bz,UP,200,989,,
2026-10-06T02:05:23.189491+00:00,LibGen,LibGen.bz,UP,200,719,,
2026-10-06T02:06:23.940535+00:00,LibGen,LibGen.bz,UP,200,621,,
2026-10-06T02:07:24.908848+00:00,LibGen,LibGen.bz,UP,200,814,,
2026-10-06T02:08:25.581014+00:00,LibGen,LibGen.bz,UP,200,755,,
2026-10-06T02:09:26.340759+00:00,LibGen,LibGen.bz,UP,200,751,,
2026-10-06T02:10:26.214993+00:00,LibGen,LibGen.bz,UP,200,814,,
2026-10-06T02:11:26.778953+00:00,LibGen,LibGen.bz,UP,200,747,,
2026-10-06T02:12:27.404536+00:00,LibGen,LibGen.bz,UP,200,649,,
2026-10-06T02:13:28.779633+00:00,LibGen,LibGen.bz,UP,200,1197,,
2026-10-06T02:14:28.084150+00:00,LibGen,LibGen.bz,UP,200,622,,
2026-10-06T02:15:28.360406+00:00,LibGen,LibGen.bz,UP,200,762,,
2026-10-06T02:16:29.254146+00:00,LibGen,LibGen.bz,UP,200,751,,
2026-10-06T02:17:29.570112+00:00,LibGen,LibGen.bz,UP,200,717,,
2026-10-06T02:18:30.003586+00:00,LibGen,LibGen.bz,UP,200,772,,
2026-10-06T02:19:30.838100+00:00,LibGen,LibGen.bz,UP,200,840,,
2026-10-06T02:20:31.545334+00:00,LibGen,LibGen.bz,UP,200,896,,
2026-10-06T02:21:31.875589+00:00,LibGen,LibGen.bz,UP,200,655,,
2026-10-06T02:22:32.855894+00:00,LibGen,LibGen.bz,UP,200,1053,,
2026-10-06T02:23:33.297398+00:00,LibGen,LibGen.bz,UP,200,696,,
2026-10-06T02:24:33.754592+00:00,LibGen,LibGen.bz,UP,200,709,,
2026-10-06T02:25:34.158388+00:00,LibGen,LibGen.bz,UP,200,692,,
2026-10-06T02:26:34.424506+00:00,LibGen,LibGen.bz,UP,200,673,,
2026-10-06T02:27:35.655252+00:00,LibGen,LibGen.bz,UP,200,248,,
2026-10-06T02:28:35.914181+00:00,LibGen,LibGen.bz,UP,200,731,,
2026-10-06T02:29:36.350751+00:00,LibGen,LibGen.bz,UP,200,1072,,
2026-10-06T02:30:37.109181+00:00,LibGen,LibGen.bz,UP,200,1212,,
2026-10-06T02:31:37.745522+00:00,LibGen,LibGen.bz,UP,200,702,,
2026-10-06T02:32:38.373996+00:00,LibGen,LibGen.bz,UP,200,646,,
2026-10-06T02:33:39.698984+00:00,LibGen,LibGen.bz,UP,200,661,,
2026-10-06T02:34:39.047419+00:00,LibGen,LibGen.bz,UP,200,684,,
2026-10-06T02:35:39.325981+00:00,LibGen,LibGen.bz,UP,200,583,,
2026-10-06T02:36:39.700395+00:00,LibGen,LibGen.bz,UP,200,630,,
2026-10-06T02:37:40.606871+00:00,LibGen,LibGen.bz,UP,200,980,,
2026-10-06T02:39:01.642903+00:00,LibGen,LibGen.bz,DOWN,,,connection_refused,
2026-10-06T02:39:41.558551+00:00,LibGen,LibGen.bz,UP,200,618,,
2026-10-06T02:40:42.696740+00:00,LibGen,LibGen.bz,UP,200,792,,
2026-10-06T02:41:43.616468+00:00,LibGen,LibGen.bz,UP,200,780,,
2026-10-06T02:42:46.399745+00:00,LibGen,LibGen.bz,UP,200,2828,,
2026-10-06T02:43:44.947973+00:00,LibGen,LibGen.bz,UP,200,721,,
2026-10-06T02:44:44.995553+00:00,LibGen,LibGen.bz,UP,200,689,,
2026-10-06T02:46:05.493466+00:00,LibGen,LibGen.bz,DOWN,,,connection_refused,
2026-10-06T02:47:05.634816+00:00,LibGen,LibGen.bz,DOWN,,,connection_refused,
2026-10-06T02:47:46.964934+00:00,LibGen,LibGen.bz,UP,200,2014,,
2026-10-06T02:49:05.458353+00:00,LibGen,LibGen.bz,TIMEOUT,,,timeout,
2026-10-06T02:49:46.100557+00:00,LibGen,LibGen.bz,UP,200,666,,
2026-10-06T02:50:47.509309+00:00,LibGen,LibGen.bz,UP,200,853,,
2026-10-06T02:51:47.247580+00:00,LibGen,LibGen.bz,UP,200,268,,
2026-10-06T02:52:48.370358+00:00,LibGen,LibGen.bz,UP,200,617,,
2026-10-06T02:53:48.908150+00:00,LibGen,LibGen.bz,UP,200,668,,
2026-10-06T02:54:50.242412+00:00,LibGen,LibGen.bz,UP,200,642,,
2026-10-06T02:55:49.623053+00:00,LibGen,LibGen.bz,UP,200,698,,
2026-10-06T02:57:10.314689+00:00,LibGen,LibGen.bz,DOWN,,,connection_refused,
2026-10-06T02:57:50.899189+00:00,LibGen,LibGen.bz,UP,200,798,,
2026-10-06T02:58:50.830494+00:00,LibGen,LibGen.bz,UP,200,627,,
2026-10-06T02:59:51.543373+00:00,LibGen,LibGen.bz,UP,200,637,,
2026-10-06T03:00:52.050267+00:00,LibGen,LibGen.bz,UP,200,559,,
2026-10-06T03:01:52.224503+00:00,LibGen,LibGen.bz,UP,200,676,,
2026-10-06T03:02:53.089555+00:00,LibGen,LibGen.bz,UP,200,785,,
2026-10-06T03:03:53.516990+00:00,LibGen,LibGen.bz,UP,200,654,,
2026-10-06T03:04:53.762703+00:00,LibGen,LibGen.bz,UP,200,879,,
2026-10-06T03:05:54.683572+00:00,LibGen,LibGen.bz,UP,200,804,,
2026-10-06T03:06:55.474152+00:00,LibGen,LibGen.bz,UP,200,906,,
2026-10-06T03:07:55.445281+00:00,LibGen,LibGen.bz,UP,200,720,,
2026-10-06T03:08:56.273123+00:00,LibGen,LibGen.bz,UP,200,822,,
2026-10-06T03:09:59.604692+00:00,LibGen,LibGen.bz,DEGRADED,200,3695,latency_high,
2026-10-06T03:10:57.197415+00:00,LibGen,LibGen.bz,UP,200,294,,
2026-10-06T03:12:18.442689+00:00,LibGen,LibGen.bz,DOWN,,,connection_refused,
2026-10-06T03:12:58.885655+00:00,LibGen,LibGen.bz,UP,200,674,,
2026-10-06T03:13:59.794721+00:00,LibGen,LibGen.bz,UP,200,678,,
2026-10-06T03:15:00.169716+00:00,LibGen,LibGen.bz,UP,200,605,,
2026-10-06T03:16:01.963607+00:00,LibGen,LibGen.bz,UP,200,1126,,
2026-10-06T03:17:01.899793+00:00,LibGen,LibGen.bz,UP,200,970,,
2026-10-06T03:18:01.794816+00:00,LibGen,LibGen.bz,DOWN,,,connection_refused,
2026-10-06T03:19:04.636473+00:00,LibGen,LibGen.bz,UP,200,1027,,
2026-10-06T03:20:04.485602+00:00,LibGen,LibGen.bz,UP,200,1285,,
2026-10-06T03:21:04.337520+00:00,LibGen,LibGen.bz,UP,200,638,,
2026-10-06T03:22:04.878171+00:00,LibGen,LibGen.bz,UP,200,902,,
2026-10-06T03:23:05.320936+00:00,LibGen,LibGen.bz,UP,200,678,,
2026-10-06T03:24:06.498739+00:00,LibGen,LibGen.bz,UP,200,603,,
2026-10-06T03:25:06.793235+00:00,LibGen,LibGen.bz,UP,200,604,,
2026-10-06T03:26:06.790703+00:00,LibGen,LibGen.bz,UP,200,722,,
2026-10-06T03:27:07.559304+00:00,LibGen,LibGen.bz,UP,200,609,,
2026-10-06T03:28:08.139488+00:00,LibGen,LibGen.bz,UP,200,920,,
2026-10-06T03:29:09.058242+00:00,LibGen,LibGen.bz,UP,200,688,,
2026-10-06T03:30:09.144440+00:00,LibGen,LibGen.bz,UP,200,760,,
2026-10-06T03:31:10.153185+00:00,LibGen,LibGen.bz,UP,200,816,,
2026-10-06T03:32:12.677305+00:00,LibGen,LibGen.bz,UP,200,723,,
2026-10-06T03:33:11.381444+00:00,LibGen,LibGen.bz,UP,200,1089,,
2026-10-06T03:34:11.947101+00:00,LibGen,LibGen.bz,UP,200,813,,
2026-10-06T03:35:11.637685+00:00,LibGen,LibGen.bz,UP,200,620,,
2026-10-06T03:36:12.784434+00:00,LibGen,LibGen.bz,UP,200,702,,
2026-10-06T03:37:13.762499+00:00,LibGen,LibGen.bz,UP,200,281,,
2026-10-06T03:38:13.894974+00:00,LibGen,LibGen.bz,UP,200,746,,
2026-10-06T03:39:14.226788+00:00,LibGen,LibGen.bz,UP,200,676,,
2026-10-06T03:40:14.838578+00:00,LibGen,LibGen.bz,UP,200,715,,
2026-10-06T03:41:15.225024+00:00,LibGen,LibGen.bz,UP,200,580,,
2026-10-06T03:42:16.064805+00:00,LibGen,LibGen.bz,UP,200,635,,
2026-10-06T03:43:16.414728+00:00,LibGen,LibGen.bz,UP,200,702,,
2026-10-06T03:44:16.623480+00:00,LibGen,LibGen.bz,UP,200,541,,
2026-10-06T03:45:17.491096+00:00,LibGen,LibGen.bz,UP,200,838,,
2026-10-06T03:46:18.770016+00:00,LibGen,LibGen.bz,UP,200,735,,
2026-10-06T03:47:18.426015+00:00,LibGen,LibGen.bz,UP,200,686,,
2026-10-06T03:48:18.439596+00:00,LibGen,LibGen.bz,UP,200,242,,
2026-10-06T03:49:19.846254+00:00,LibGen,LibGen.bz,UP,200,950,,
2026-10-06T03:50:20.071678+00:00,LibGen,LibGen.bz,UP,200,1011,,
2026-10-06T03:51:20.770873+00:00,LibGen,LibGen.bz,UP,200,937,,
2026-10-06T03:52:41.242675+00:00,LibGen,LibGen.bz,DOWN,,,connection_refused,
2026-10-06T03:53:22.148213+00:00,LibGen,LibGen.bz,UP,200,786,,
2026-10-06T03:54:23.803404+00:00,LibGen,LibGen.bz,UP,200,1009,,
2026-10-06T03:55:22.853585+00:00,LibGen,LibGen.bz,UP,200,740,,
2026-10-06T03:56:23.614126+00:00,LibGen,LibGen.bz,UP,200,581,,
2026-10-06T03:57:24.601850+00:00,LibGen,LibGen.bz,UP,200,1518,,
2026-10-06T03:58:24.105817+00:00,LibGen,LibGen.bz,UP,200,817,,
2026-10-06T03:59:24.544898+00:00,LibGen,LibGen.bz,UP,200,697,,
2026-10-06T04:00:44.997846+00:00,LibGen,LibGen.bz,DOWN,,,connection_refused,
2026-10-06T04:01:26.136374+00:00,LibGen,LibGen.bz,UP,200,732,,
2026-10-06T04:02:26.785301+00:00,LibGen,LibGen.bz,UP,200,690,,
2026-10-06T04:03:27.361887+00:00,LibGen,LibGen.bz,UP,200,889,,
2026-10-06T04:04:27.824651+00:00,LibGen,LibGen.bz,UP,200,771,,
2026-10-06T04:05:28.584480+00:00,LibGen,LibGen.bz,UP,200,935,,
2026-10-06T04:06:29.505475+00:00,LibGen,LibGen.bz,UP,200,813,,
2026-10-06T04:07:29.974869+00:00,LibGen,LibGen.bz,UP,200,773,,
2026-10-06T04:08:31.117522+00:00,LibGen,LibGen.bz,UP,200,1095,,
2026-10-06T04:09:31.659201+00:00,LibGen,LibGen.bz,UP,200,829,,
2026-10-06T04:10:31.804658+00:00,LibGen,LibGen.bz,UP,200,826,,
2026-10-06T04:11:33.795088+00:00,LibGen,LibGen.bz,UP,200,1150,,
2026-10-06T04:12:33.479479+00:00,LibGen,LibGen.bz,UP,200,736,,
2026-10-06T04:13:53.739875+00:00,LibGen,LibGen.bz,DOWN,,,connection_refused,
2026-10-06T04:14:34.142188+00:00,LibGen,LibGen.bz,UP,200,663,,
2026-10-06T04:15:34.357644+00:00,LibGen,LibGen.bz,UP,200,701,,
2026-10-06T04:16:35.375526+00:00,LibGen,LibGen.bz,UP,200,995,,
2026-10-06T04:17:35.778947+00:00,LibGen,LibGen.bz,UP,200,791,,
2026-10-06T04:18:36.197245+00:00,LibGen,LibGen.bz,UP,200,797,,
2026-10-06T04:19:37.053132+00:00,LibGen,LibGen.bz,UP,200,795,,
2026-10-06T04:20:37.526519+00:00,LibGen,LibGen.bz,UP,200,826,,
2026-10-06T04:21:41.014927+00:00,LibGen,LibGen.bz,DEGRADED,200,3693,latency_high,
2026-10-06T04:22:37.990878+00:00,LibGen,LibGen.bz,UP,200,268,,
2026-10-06T04:23:39.088862+00:00,LibGen,LibGen.bz,UP,200,664,,
2026-10-06T04:24:39.797519+00:00,LibGen,LibGen.bz,UP,200,711,,
2026-10-06T04:25:40.594500+00:00,LibGen,LibGen.bz,UP,200,903,,
2026-10-06T04:26:40.397725+00:00,LibGen,LibGen.bz,DOWN,,,connection_refused,
2026-10-06T04:27:41.555062+00:00,LibGen,LibGen.bz,UP,200,706,,
2026-10-06T04:28:42.502534+00:00,LibGen,LibGen.bz,UP,200,780,,
2026-10-06T04:29:42.830504+00:00,LibGen,LibGen.bz,UP,200,707,,
2026-10-06T04:30:43.426975+00:00,LibGen,LibGen.bz,UP,200,699,,
2026-10-06T04:31:44.278439+00:00,LibGen,LibGen.bz,UP,200,702,,
2026-10-06T04:33:04.642830+00:00,LibGen,LibGen.bz,DOWN,,,connection_refused,
2026-10-06T04:33:45.174109+00:00,LibGen,LibGen.bz,UP,200,777,,
2026-10-06T04:34:45.537597+00:00,LibGen,LibGen.bz,UP,200,678,,
2026-10-06T04:35:46.545589+00:00,LibGen,LibGen.bz,UP,200,751,,
2026-10-06T04:36:46.233064+00:00,LibGen,LibGen.bz,UP,200,235,,
2026-10-06T04:37:47.254123+00:00,LibGen,LibGen.bz,UP,200,606,,
2026-10-06T04:38:48.056889+00:00,LibGen,LibGen.bz,UP,200,729,,
2026-10-06T04:39:48.659662+00:00,LibGen,LibGen.bz,UP,200,701,,
2026-10-06T04:40:48.808503+00:00,LibGen,LibGen.bz,UP,200,801,,
2026-10-06T04:41:49.504429+00:00,LibGen,LibGen.bz,UP,200,724,,
2026-10-06T04:42:49.917078+00:00,LibGen,LibGen.bz,UP,200,631,,
2026-10-06T04:43:50.373255+00:00,LibGen,LibGen.bz,UP,200,816,,
2026-10-06T04:44:51.282302+00:00,LibGen,LibGen.bz,UP,200,1183,,
2026-10-06T04:45:52.558337+00:00,LibGen,LibGen.bz,UP,200,1902,,
2026-10-06T04:46:51.189575+00:00,LibGen,LibGen.bz,UP,200,638,,
2026-10-06T04:47:51.840905+00:00,LibGen,LibGen.bz,UP,200,763,,
2026-10-06T04:48:53.431271+00:00,LibGen,LibGen.bz,UP,200,783,,
2026-10-06T04:49:54.302048+00:00,LibGen,LibGen.bz,UP,200,842,,
2026-10-06T04:50:54.553464+00:00,LibGen,LibGen.bz,UP,200,806,,
2026-10-06T04:51:55.096212+00:00,LibGen,LibGen.bz,UP,200,683,,
2026-10-06T04:52:56.012649+00:00,LibGen,LibGen.bz,UP,200,626,,
2026-10-06T04:53:56.634724+00:00,LibGen,LibGen.bz,UP,200,1008,,
2026-10-06T04:54:56.760600+00:00,LibGen,LibGen.bz,UP,200,1012,,
2026-10-06T04:55:56.112604+00:00,LibGen,LibGen.bz,UP,200,260,,
2026-10-06T04:56:57.338766+00:00,LibGen,LibGen.bz,UP,200,635,,
2026-10-06T04:57:57.452120+00:00,LibGen,LibGen.bz,UP,200,661,,
2026-10-06T04:58:58.013664+00:00,LibGen,LibGen.bz,UP,200,751,,
2026-10-06T04:59:58.058524+00:00,LibGen,LibGen.bz,UP,200,774,,
2026-10-06T05:01:19.026791+00:00,LibGen,LibGen.bz,DOWN,,,connection_refused,
2026-10-06T05:01:59.843468+00:00,LibGen,LibGen.bz,UP,200,766,,
2026-10-06T05:03:20.354761+00:00,LibGen,LibGen.bz,DOWN,,,connection_refused,
2026-10-06T05:04:01.096631+00:00,LibGen,LibGen.bz,UP,200,834,,
2026-10-06T05:05:01.224643+00:00,LibGen,LibGen.bz,UP,200,289,,
2026-10-06T05:06:02.182690+00:00,LibGen,LibGen.bz,UP,200,925,,
2026-10-06T05:07:03.279716+00:00,LibGen,LibGen.bz,UP,200,720,,
2026-10-06T05:08:05.872973+00:00,LibGen,LibGen.bz,DEGRADED,200,3289,latency_high,
2026-10-06T05:09:06.614300+00:00,LibGen,LibGen.bz,DEGRADED,200,3117,latency_high,
2026-10-06T05:10:04.861330+00:00,LibGen,LibGen.bz,UP,200,1022,,
2026-10-06T05:11:05.052446+00:00,LibGen,LibGen.bz,UP,200,788,,
2026-10-06T05:12:06.738038+00:00,LibGen,LibGen.bz,UP,200,640,,
2026-10-06T05:13:06.211382+00:00,LibGen,LibGen.bz,UP,200,732,,
2026-10-06T05:14:07.545666+00:00,LibGen,LibGen.bz,UP,200,1242,,
2026-10-06T05:15:09.230808+00:00,LibGen,LibGen.bz,UP,200,2933,,
2026-10-06T05:16:08.722408+00:00,LibGen,LibGen.bz,UP,200,659,,
2026-10-06T05:17:08.491130+00:00,LibGen,LibGen.bz,UP,200,720,,
2026-10-06T05:18:09.207242+00:00,LibGen,LibGen.bz,UP,200,653,,
2026-10-06T05:19:09.346203+00:00,LibGen,LibGen.bz,UP,200,710,,
2026-10-06T05:20:10.059136+00:00,LibGen,LibGen.bz,UP,200,946,,
2026-10-06T05:21:09.998691+00:00,LibGen,LibGen.bz,DOWN,,,connection_refused,
2026-10-06T05:22:11.533926+00:00,LibGen,LibGen.bz,UP,200,803,,
2026-10-06T05:23:14.516611+00:00,LibGen,LibGen.bz,UP,200,1011,,
2026-10-06T05:24:12.991256+00:00,LibGen,LibGen.bz,UP,200,932,,
2026-10-06T05:25:15.393834+00:00,LibGen,LibGen.bz,UP,200,696,,
2026-10-06T05:26:13.650890+00:00,LibGen,LibGen.bz,UP,200,717,,
2026-10-06T05:27:15.122464+00:00,LibGen,LibGen.bz,UP,200,1612,,
2026-10-06T05:28:15.524798+00:00,LibGen,LibGen.bz,UP,200,772,,
2026-10-06T05:29:15.071266+00:00,LibGen,LibGen.bz,UP,200,720,,
2026-10-06T05:30:15.583708+00:00,LibGen,LibGen.bz,UP,200,693,,
2026-10-06T05:31:17.057524+00:00,LibGen,LibGen.bz,UP,200,1084,,
2026-10-06T05:32:17.960702+00:00,LibGen,LibGen.bz,UP,200,1221,,
2026-10-06T05:33:17.838916+00:00,LibGen,LibGen.bz,UP,200,655,,
2026-10-06T05:34:17.888036+00:00,LibGen,LibGen.bz,UP,200,292,,
2026-10-06T05:35:18.807208+00:00,LibGen,LibGen.bz,UP,200,743,,
2026-10-06T05:36:19.405925+00:00,LibGen,LibGen.bz,UP,200,761,,
2026-10-06T05:37:20.498913+00:00,LibGen,LibGen.bz,UP,200,728,,
2026-10-06T05:38:20.547527+00:00,LibGen,LibGen.bz,UP,200,772,,
2026-10-06T05:39:20.544556+00:00,LibGen,LibGen.bz,UP,200,773,,
2026-10-06T05:40:21.729203+00:00,LibGen,LibGen.bz,UP,200,707,,
2026-10-06T05:41:22.027236+00:00,LibGen,LibGen.bz,UP,200,779,,
2026-10-06T05:42:21.966982+00:00,LibGen,LibGen.bz,UP,200,277,,
2026-10-06T05:43:22.846924+00:00,LibGen,LibGen.bz,UP,200,665,,
2026-10-06T05:44:23.843640+00:00,LibGen,LibGen.bz,UP,200,639,,
2026-10-06T05:45:25.071311+00:00,LibGen,LibGen.bz,UP,200,1046,,
2026-10-06T05:46:24.488485+00:00,LibGen,LibGen.bz,UP,200,710,,
2026-10-06T05:47:25.033572+00:00,LibGen,LibGen.bz,UP,200,767,,
2026-10-06T05:48:26.011475+00:00,LibGen,LibGen.bz,UP,200,620,,
2026-10-06T05:49:26.388512+00:00,LibGen,LibGen.bz,UP,200,798,,
2026-10-06T05:50:28.294506+00:00,LibGen,LibGen.bz,UP,200,1988,,
2026-10-06T05:51:28.375775+00:00,LibGen,LibGen.bz,UP,200,734,,
2026-10-06T05:52:30.413115+00:00,LibGen,LibGen.bz,UP,200,306,,
2026-10-06T05:53:30.416341+00:00,LibGen,LibGen.bz,UP,200,1794,,
2026-10-06T05:54:30.647602+00:00,LibGen,LibGen.bz,UP,200,708,,
2026-10-06T05:55:30.424809+00:00,LibGen,LibGen.bz,UP,200,695,,
2026-10-06T05:56:30.432763+00:00,LibGen,LibGen.bz,DOWN,,,connection_refused,
2026-10-06T05:57:31.987775+00:00,LibGen,LibGen.bz,UP,200,849,,
2026-10-06T05:58:32.595257+00:00,LibGen,LibGen.bz,UP,200,1015,,
2026-10-06T05:59:32.563979+00:00,LibGen,LibGen.bz,UP,200,649,,
2026-10-06T06:00:34.113625+00:00,LibGen,LibGen.bz,UP,200,766,,
2026-10-06T06:01:33.715307+00:00,LibGen,LibGen.bz,UP,200,795,,
2026-10-06T06:02:35.398732+00:00,LibGen,LibGen.bz,UP,200,756,,
2026-10-06T06:03:37.650118+00:00,LibGen,LibGen.bz,UP,200,698,,
2026-10-06T06:04:36.250188+00:00,LibGen,LibGen.bz,UP,200,829,,
2026-10-06T06:05:36.663922+00:00,LibGen,LibGen.bz,UP,200,290,,
2026-10-06T06:06:38.331033+00:00,LibGen,LibGen.bz,UP,200,1170,,
2026-10-06T06:07:38.305147+00:00,LibGen,LibGen.bz,UP,200,809,,
2026-10-06T06:08:38.552857+00:00,LibGen,LibGen.bz,UP,200,259,,
2026-10-06T06:09:38.950109+00:00,LibGen,LibGen.bz,UP,200,278,,
2026-10-06T06:10:39.805148+00:00,LibGen,LibGen.bz,UP,200,724,,
2026-10-06T06:11:39.795726+00:00,LibGen,LibGen.bz,DOWN,,,connection_refused,
2026-10-06T06:12:41.550702+00:00,LibGen,LibGen.bz,UP,200,785,,
2026-10-06T06:13:42.056803+00:00,LibGen,LibGen.bz,UP,200,731,,
2026-10-06T06:14:44.497810+00:00,LibGen,LibGen.bz,UP,200,1949,,
2026-10-06T06:15:42.806516+00:00,LibGen,LibGen.bz,UP,200,275,,
2026-10-06T06:16:44.353566+00:00,LibGen,LibGen.bz,UP,200,991,,
2026-10-06T06:17:44.475263+00:00,LibGen,LibGen.bz,UP,200,715,,
2026-10-06T06:18:46.603863+00:00,LibGen,LibGen.bz,UP,200,769,,
2026-10-06T06:19:46.972978+00:00,LibGen,LibGen.bz,UP,200,1191,,
2026-10-06T06:20:46.352823+00:00,LibGen,LibGen.bz,UP,200,721,,
2026-10-06T06:21:47.228229+00:00,LibGen,LibGen.bz,UP,200,769,,
2026-10-06T06:22:47.198753+00:00,LibGen,LibGen.bz,DOWN,,,connection_refused,
2026-10-06T06:23:49.057452+00:00,LibGen,LibGen.bz,UP,200,797,,
2026-10-06T06:24:49.525857+00:00,LibGen,LibGen.bz,UP,200,774,,
2026-10-06T06:25:59.532854+00:00,LibGen,LibGen.bz,DEGRADED,200,10359,latency_high,
2026-10-06T06:26:50.610557+00:00,LibGen,LibGen.bz,UP,200,786,,
2026-10-06T06:27:51.313989+00:00,LibGen,LibGen.bz,UP,200,690,,
2026-10-06T06:28:52.392348+00:00,LibGen,LibGen.bz,UP,200,765,,
2026-10-06T06:29:52.940598+00:00,LibGen,LibGen.bz,UP,200,660,,
2026-10-06T06:30:55.610473+00:00,LibGen,LibGen.bz,UP,200,836,,
2026-10-06T06:31:56.476808+00:00,LibGen,LibGen.bz,UP,200,1635,,
2026-10-06T06:32:54.953648+00:00,LibGen,LibGen.bz,UP,200,860,,
2026-10-06T06:33:55.695460+00:00,LibGen,LibGen.bz,UP,200,971,,
2026-10-06T06:34:56.619118+00:00,LibGen,LibGen.bz,UP,200,282,,
2026-10-06T06:35:57.492657+00:00,LibGen,LibGen.bz,UP,200,831,,
2026-10-06T06:36:58.312411+00:00,LibGen,LibGen.bz,UP,200,789,,
2026-10-06T06:37:58.236502+00:00,LibGen,LibGen.bz,UP,200,737,,
2026-10-06T06:39:00.878866+00:00,LibGen,LibGen.bz,DEGRADED,200,3774,latency_high,
2026-10-06T06:39:57.950886+00:00,LibGen,LibGen.bz,UP,200,747,,
2026-10-06T06:40:58.104144+00:00,LibGen,LibGen.bz,UP,200,663,,
2026-10-06T06:41:58.622548+00:00,LibGen,LibGen.bz,UP,200,736,,
2026-10-06T06:42:59.471046+00:00,LibGen,LibGen.bz,UP,200,1130,,
2026-10-06T06:43:59.059967+00:00,LibGen,LibGen.bz,UP,200,732,,
2026-10-06T06:44:59.833256+00:00,LibGen,LibGen.bz,UP,200,815,,
2026-10-06T06:45:59.393266+00:00,LibGen,LibGen.bz,UP,200,274,,
2026-10-06T06:47:00.287464+00:00,LibGen,LibGen.bz,UP,200,803,,
2026-10-06T06:48:00.592248+00:00,LibGen,LibGen.bz,UP,200,655,,
2026-10-06T06:49:01.300562+00:00,LibGen,LibGen.bz,UP,200,1778,,
2026-10-06T06:50:00.206260+00:00,LibGen,LibGen.bz,UP,200,667,,
2026-10-06T06:51:03.935362+00:00,LibGen,LibGen.bz,UP,200,1143,,
2026-10-06T06:52:01.727879+00:00,LibGen,LibGen.bz,UP,200,1210,,
2026-10-06T06:53:02.089663+00:00,LibGen,LibGen.bz,UP,200,780,,
2026-10-06T06:54:02.279260+00:00,LibGen,LibGen.bz,UP,200,886,,
2026-10-06T06:55:04.192504+00:00,LibGen,LibGen.bz,UP,200,1372,,
2026-10-06T06:56:03.168695+00:00,LibGen,LibGen.bz,UP,200,286,,
2026-10-06T06:57:03.879503+00:00,LibGen,LibGen.bz,UP,200,762,,
2026-10-06T06:58:04.478227+00:00,LibGen,LibGen.bz,UP,200,658,,
2026-10-06T06:59:06.539207+00:00,LibGen,LibGen.bz,UP,200,319,,
2026-10-06T07:00:05.938526+00:00,LibGen,LibGen.bz,UP,200,1147,,
2026-10-06T07:01:06.227517+00:00,LibGen,LibGen.bz,UP,200,298,,
2026-10-06T07:02:07.027336+00:00,LibGen,LibGen.bz,UP,200,683,,
2026-10-06T07:03:07.963184+00:00,LibGen,LibGen.bz,UP,200,654,,
2026-10-06T07:04:09.490651+00:00,LibGen,LibGen.bz,UP,200,1133,,
2026-10-06T07:05:11.758020+00:00,LibGen,LibGen.bz,DEGRADED,200,3413,latency_high,
2026-10-06T07:06:08.670762+00:00,LibGen,LibGen.bz,UP,200,680,,
2026-10-06T07:07:09.279848+00:00,LibGen,LibGen.bz,UP,200,789,,
2026-10-06T07:08:09.329846+00:00,LibGen,LibGen.bz,UP,200,552,,
2026-10-06T07:09:10.195736+00:00,LibGen,LibGen.bz,UP,200,650,,
2026-10-06T07:10:10.823195+00:00,LibGen,LibGen.bz,UP,200,804,,
2026-10-06T07:11:11.851554+00:00,LibGen,LibGen.bz,UP,200,819,,
2026-10-06T07:12:15.206341+00:00,LibGen,LibGen.bz,UP,200,2986,,
2026-10-06T07:13:13.078478+00:00,LibGen,LibGen.bz,UP,200,648,,
2026-10-06T07:14:12.858988+00:00,LibGen,LibGen.bz,UP,200,807,,
2026-10-06T07:15:13.014977+00:00,LibGen,LibGen.bz,UP,200,787,,
2026-10-06T07:16:13.482519+00:00,LibGen,LibGen.bz,UP,200,708,,
2026-10-06T07:17:14.322088+00:00,LibGen,LibGen.bz,UP,200,689,,
2026-10-06T07:18:14.191787+00:00,LibGen,LibGen.bz,UP,200,994,,
2026-10-06T07:19:17.205976+00:00,LibGen,LibGen.bz,DEGRADED,200,3799,latency_high,
2026-10-06T07:20:15.323729+00:00,LibGen,LibGen.bz,UP,200,749,,
2026-10-06T07:21:15.631935+00:00,LibGen,LibGen.bz,UP,200,731,,
2026-10-06T07:22:35.670654+00:00,LibGen,LibGen.bz,DOWN,,,connection_refused,
2026-10-06T07:23:17.147542+00:00,LibGen,LibGen.bz,UP,200,1142,,
2026-10-06T07:24:16.924473+00:00,LibGen,LibGen.bz,UP,200,644,,
2026-10-06T07:25:17.063152+00:00,LibGen,LibGen.bz,UP,200,733,,
2026-10-06T07:26:17.217961+00:00,LibGen,LibGen.bz,UP,200,783,,
2026-10-06T07:27:17.181858+00:00,LibGen,LibGen.bz,UP,200,691,,
2026-10-06T07:28:17.744200+00:00,LibGen,LibGen.bz,UP,200,719,,
2026-10-06T07:29:17.922705+00:00,LibGen,LibGen.bz,UP,200,806,,
2026-10-06T07:30:17.439081+00:00,LibGen,LibGen.bz,UP,200,249,,
2026-10-06T07:31:17.968510+00:00,LibGen,LibGen.bz,UP,200,678,,
2026-10-06T07:32:18.486051+00:00,LibGen,LibGen.bz,UP,200,652,,
2026-10-06T07:33:19.615402+00:00,LibGen,LibGen.bz,UP,200,766,,
2026-10-06T07:34:20.473847+00:00,LibGen,LibGen.bz,UP,200,635,,
2026-10-06T07:35:20.804204+00:00,LibGen,LibGen.bz,UP,200,919,,
2026-10-06T07:36:20.710807+00:00,LibGen,LibGen.bz,UP,200,784,,
2026-10-06T07:37:24.243485+00:00,LibGen,LibGen.bz,DEGRADED,200,3738,latency_high,
2026-10-06T07:38:41.394911+00:00,LibGen,LibGen.bz,DOWN,,,connection_refused,
2026-10-06T07:39:23.208105+00:00,LibGen,LibGen.bz,UP,200,1753,,
2026-10-06T07:40:21.790422+00:00,LibGen,LibGen.bz,UP,200,737,,
2026-10-06T07:41:21.340086+00:00,LibGen,LibGen.bz,UP,200,718,,
2026-10-06T07:42:22.340896+00:00,LibGen,LibGen.bz,UP,200,1067,,
2026-10-06T07:43:21.807044+00:00,LibGen,LibGen.bz,UP,200,633,,
2026-10-06T07:44:23.003966+00:00,LibGen,LibGen.bz,UP,200,891,,
2026-10-06T07:45:24.065937+00:00,LibGen,LibGen.bz,UP,200,641,,
2026-10-06T07:46:24.872350+00:00,LibGen,LibGen.bz,UP,200,896,,
2026-10-06T07:47:26.378627+00:00,LibGen,LibGen.bz,UP,200,1739,,
2026-10-06T07:48:25.786023+00:00,LibGen,LibGen.bz,UP,200,722,,
2026-10-06T07:49:25.853154+00:00,LibGen,LibGen.bz,UP,200,337,,
2026-10-06T07:50:26.297884+00:00,LibGen,LibGen.bz,UP,200,915,,
2026-10-06T07:51:26.778419+00:00,LibGen,LibGen.bz,UP,200,680,,
2026-10-06T07:52:27.642341+00:00,LibGen,LibGen.bz,UP,200,1322,,
2026-10-06T07:53:28.428082+00:00,LibGen,LibGen.bz,UP,200,866,,
2026-10-06T07:54:28.372846+00:00,LibGen,LibGen.bz,UP,200,628,,
2026-10-06T07:55:29.265446+00:00,LibGen,LibGen.bz,UP,200,740,,
2026-10-06T07:56:29.016868+00:00,LibGen,LibGen.bz,UP,200,717,,
2026-10-06T07:57:29.924797+00:00,LibGen,LibGen.bz,UP,200,705,,
2026-10-06T07:58:32.077298+00:00,LibGen,LibGen.bz,UP,200,1103,,
2026-10-06T07:59:31.277033+00:00,LibGen,LibGen.bz,UP,200,699,,
2026-10-06T08:00:31.926361+00:00,LibGen,LibGen.bz,UP,200,835,,
2026-10-06T08:01:32.042335+00:00,LibGen,LibGen.bz,UP,200,671,,
2026-10-06T08:02:32.154036+00:00,LibGen,LibGen.bz,UP,200,268,,
2026-10-06T08:03:33.313568+00:00,LibGen,LibGen.bz,UP,200,759,,
2026-10-06T08:04:57.987838+00:00,LibGen,LibGen.bz,DOWN,,,connection_refused,
2026-10-06T08:05:34.503943+00:00,LibGen,LibGen.bz,UP,200,1628,,
2026-10-06T08:06:36.163082+00:00,LibGen,LibGen.bz,DEGRADED,200,3595,latency_high,
2026-10-06T08:07:34.308322+00:00,LibGen,LibGen.bz,UP,200,690,,
2026-10-06T08:08:36.400984+00:00,LibGen,LibGen.bz,DEGRADED,200,3179,latency_high,
2026-10-06T08:09:34.074197+00:00,LibGen,LibGen.bz,UP,200,721,,
2026-10-06T08:10:35.480704+00:00,LibGen,LibGen.bz,UP,200,793,,
2026-10-06T08:11:36.870109+00:00,LibGen,LibGen.bz,UP,200,727,,
2026-10-06T08:12:39.226039+00:00,LibGen,LibGen.bz,DEGRADED,200,5349,latency_high,
2026-10-06T08:13:35.358910+00:00,LibGen,LibGen.bz,UP,200,736,,
2026-10-06T08:14:35.406857+00:00,LibGen,LibGen.bz,UP,200,686,,
2026-10-06T08:15:37.134550+00:00,LibGen,LibGen.bz,UP,200,1857,,
2026-10-06T08:16:36.077243+00:00,LibGen,LibGen.bz,UP,200,669,,
2026-10-06T08:17:36.683673+00:00,LibGen,LibGen.bz,UP,200,747,,
2026-10-06T08:18:40.735443+00:00,LibGen,LibGen.bz,DEGRADED,200,4660,latency_high,
2026-10-06T08:19:36.866925+00:00,LibGen,LibGen.bz,UP,200,1061,,
2026-10-06T08:20:37.038381+00:00,LibGen,LibGen.bz,UP,200,853,,
2026-10-06T08:21:36.732066+00:00,LibGen,LibGen.bz,UP,200,290,,
2026-10-06T08:22:37.662584+00:00,LibGen,LibGen.bz,UP,200,688,,
2026-10-06T08:23:37.551540+00:00,LibGen,LibGen.bz,UP,200,688,,
2026-10-06T08:24:38.315640+00:00,LibGen,LibGen.bz,UP,200,700,,
2026-10-06T08:25:38.935248+00:00,LibGen,LibGen.bz,UP,200,819,,
2026-10-06T08:26:40.067988+00:00,LibGen,LibGen.bz,UP,200,1671,,
2026-10-06T08:27:39.566334+00:00,LibGen,LibGen.bz,UP,200,639,,
2026-10-06T08:28:40.103884+00:00,LibGen,LibGen.bz,UP,200,606,,
2026-10-06T08:29:41.023881+00:00,LibGen,LibGen.bz,UP,200,724,,
2026-10-06T08:30:41.276415+00:00,LibGen,LibGen.bz,UP,200,879,,
2026-10-06T08:31:41.199003+00:00,LibGen,LibGen.bz,UP,200,263,,
2026-10-06T08:32:42.216045+00:00,LibGen,LibGen.bz,UP,200,824,,
2026-10-06T08:34:02.643030+00:00,LibGen,LibGen.bz,DOWN,,,connection_refused,
2026-10-06T08:34:42.351487+00:00,LibGen,LibGen.bz,UP,200,782,,
2026-10-06T08:35:42.611722+00:00,LibGen,LibGen.bz,UP,200,716,,
2026-10-06T08:37:04.239749+00:00,LibGen,LibGen.bz,DOWN,,,connection_refused,
2026-10-06T08:37:43.014429+00:00,LibGen,LibGen.bz,UP,200,720,,
2026-10-06T08:38:42.634157+00:00,LibGen,LibGen.bz,UP,200,703,,
2026-10-06T08:39:43.260764+00:00,LibGen,LibGen.bz,UP,200,731,,
2026-10-06T08:40:43.346930+00:00,LibGen,LibGen.bz,UP,200,723,,
2026-10-06T08:41:43.383701+00:00,LibGen,LibGen.bz,UP,200,716,,
2026-10-06T08:42:45.537435+00:00,LibGen,LibGen.bz,UP,200,679,,
2026-10-06T08:43:45.917469+00:00,LibGen,LibGen.bz,UP,200,2728,,
2026-10-06T08:44:43.908769+00:00,LibGen,LibGen.bz,UP,200,690,,
2026-10-06T08:45:44.914220+00:00,LibGen,LibGen.bz,UP,200,680,,
2026-10-06T08:46:44.589821+00:00,LibGen,LibGen.bz,UP,200,733,,
2026-10-06T08:47:44.655354+00:00,LibGen,LibGen.bz,UP,200,694,,
2026-10-06T08:48:45.433732+00:00,LibGen,LibGen.bz,UP,200,1441,,
2026-10-06T08:49:46.604330+00:00,LibGen,LibGen.bz,UP,200,2318,,
2026-10-06T08:50:46.164296+00:00,LibGen,LibGen.bz,UP,200,1040,,
2026-10-06T08:51:46.072026+00:00,LibGen,LibGen.bz,UP,200,847,,
2026-10-06T08:52:47.424002+00:00,LibGen,LibGen.bz,UP,200,1938,,
2026-10-06T08:53:47.858652+00:00,LibGen,LibGen.bz,UP,200,1875,,
2026-10-06T08:54:48.190387+00:00,LibGen,LibGen.bz,UP,200,2013,,
2026-10-06T08:55:46.946974+00:00,LibGen,LibGen.bz,UP,200,751,,
2026-10-06T08:56:47.541531+00:00,LibGen,LibGen.bz,UP,200,1309,,
2026-10-06T08:57:47.980787+00:00,LibGen,LibGen.bz,UP,200,775,,
2026-10-06T08:58:48.467242+00:00,LibGen,LibGen.bz,UP,200,1151,,
2026-10-06T08:59:48.224256+00:00,LibGen,LibGen.bz,UP,200,936,,
2026-10-06T09:01:07.458788+00:00,LibGen,LibGen.bz,TIMEOUT,,,timeout,
2026-10-06T09:02:08.043191+00:00,LibGen,LibGen.bz,TIMEOUT,,,timeout,
2026-10-06T09:03:08.323142+00:00,LibGen,LibGen.bz,TIMEOUT,,,timeout,
2026-10-06T09:04:09.356270+00:00,LibGen,LibGen.bz,TIMEOUT,,,timeout,
2026-10-06T09:04:52.359203+00:00,LibGen,LibGen.bz,UP,200,2886,,
2026-10-06T09:05:49.768449+00:00,LibGen,LibGen.bz,UP,200,669,,
2026-10-06T09:06:50.894541+00:00,LibGen,LibGen.bz,UP,200,771,,
2026-10-06T09:07:51.842754+00:00,LibGen,LibGen.bz,UP,200,753,,
2026-10-06T09:08:51.785253+00:00,LibGen,LibGen.bz,UP,200,642,,
2026-10-06T09:09:51.875046+00:00,LibGen,LibGen.bz,UP,200,756,,
2026-10-06T09:10:52.409467+00:00,LibGen,LibGen.bz,UP,200,755,,
2026-10-06T09:11:52.743667+00:00,LibGen,LibGen.bz,UP,200,716,,
2026-10-06T09:12:52.711259+00:00,LibGen,LibGen.bz,UP,200,624,,
2026-10-06T09:13:53.152577+00:00,LibGen,LibGen.bz,UP,200,547,,
2026-10-06T09:14:54.349201+00:00,LibGen,LibGen.bz,UP,200,760,,
2026-10-06T09:16:17.945426+00:00,LibGen,LibGen.bz,DOWN,,,connection_refused,
2026-10-06T09:16:54.733794+00:00,LibGen,LibGen.bz,UP,200,858,,
2026-10-06T09:17:54.661308+00:00,LibGen,LibGen.bz,UP,200,733,,
2026-10-06T09:18:56.537309+00:00,LibGen,LibGen.bz,UP,200,2135,,
2026-10-06T09:19:54.819783+00:00,LibGen,LibGen.bz,UP,200,732,,
2026-10-06T09:21:15.878705+00:00,LibGen,LibGen.bz,DOWN,,,connection_refused,
2026-10-06T09:21:56.591054+00:00,LibGen,LibGen.bz,UP,200,1091,,
2026-10-06T09:22:57.302151+00:00,LibGen,LibGen.bz,UP,200,696,,
2026-10-06T09:23:56.906619+00:00,LibGen,LibGen.bz,UP,200,810,,
2026-10-06T09:24:56.907595+00:00,LibGen,LibGen.bz,UP,200,1057,,
2026-10-06T09:25:57.492980+00:00,LibGen,LibGen.bz,UP,200,766,,
2026-10-06T09:26:59.010153+00:00,LibGen,LibGen.bz,UP,200,2023,,
2026-10-06T09:28:02.295969+00:00,LibGen,LibGen.bz,DEGRADED,200,4238,latency_high,
2026-10-06T09:28:58.680815+00:00,LibGen,LibGen.bz,UP,200,1080,,
2026-10-06T09:29:58.175643+00:00,LibGen,LibGen.bz,UP,200,744,,
2026-10-06T09:30:59.116661+00:00,LibGen,LibGen.bz,UP,200,849,,
2026-10-06T09:31:59.879088+00:00,LibGen,LibGen.bz,UP,200,690,,
2026-10-06T09:32:59.924200+00:00,LibGen,LibGen.bz,UP,200,725,,
2026-10-06T09:34:00.003120+00:00,LibGen,LibGen.bz,UP,200,794,,
2026-10-06T09:35:20.481161+00:00,LibGen,LibGen.bz,DOWN,,,connection_refused,
2026-10-06T09:36:01.493252+00:00,LibGen,LibGen.bz,UP,200,719,,
2026-10-06T09:37:03.205168+00:00,LibGen,LibGen.bz,UP,200,2864,,
2026-10-06T09:38:01.444153+00:00,LibGen,LibGen.bz,UP,200,280,,
2026-10-06T09:39:03.214169+00:00,LibGen,LibGen.bz,UP,200,873,,
2026-10-06T09:40:02.947129+00:00,LibGen,LibGen.bz,UP,200,1224,,
2026-10-06T09:41:03.774542+00:00,LibGen,LibGen.bz,UP,200,813,,
2026-10-06T09:42:04.848656+00:00,LibGen,LibGen.bz,UP,200,608,,
2026-10-06T09:43:03.668537+00:00,LibGen,LibGen.bz,UP,200,284,,
2026-10-06T09:44:04.429709+00:00,LibGen,LibGen.bz,UP,200,722,,
2026-10-06T09:45:04.966236+00:00,LibGen,LibGen.bz,UP,200,1051,,
2026-10-06T09:46:08.268881+00:00,LibGen,LibGen.bz,UP,200,760,,
2026-10-06T09:47:06.060822+00:00,LibGen,LibGen.bz,UP,200,786,,
2026-10-06T09:48:05.168981+00:00,LibGen,LibGen.bz,UP,200,287,,
2026-10-06T09:49:06.507963+00:00,LibGen,LibGen.bz,UP,200,739,,
2026-10-06T09:50:06.377637+00:00,LibGen,LibGen.bz,UP,200,913,,
2026-10-06T09:51:08.219156+00:00,LibGen,LibGen.bz,UP,200,719,,
2026-10-06T09:52:07.332915+00:00,LibGen,LibGen.bz,UP,200,1136,,
2026-10-06T09:53:10.210608+00:00,LibGen,LibGen.bz,DEGRADED,200,3912,latency_high,
2026-10-06T09:54:07.105575+00:00,LibGen,LibGen.bz,UP,200,653,,
2026-10-06T09:55:09.234798+00:00,LibGen,LibGen.bz,UP,200,2694,,
2026-10-06T09:56:08.930301+00:00,LibGen,LibGen.bz,UP,200,1182,,
2026-10-06T09:57:07.861068+00:00,LibGen,LibGen.bz,UP,200,685,,
2026-10-06T09:58:08.314262+00:00,LibGen,LibGen.bz,UP,200,695,,
2026-10-06T09:59:08.711383+00:00,LibGen,LibGen.bz,UP,200,677,,
2026-10-06T10:00:08.527603+00:00,LibGen,LibGen.bz,UP,200,836,,
2026-10-06T10:01:09.450552+00:00,LibGen,LibGen.bz,UP,200,771,,
2026-10-06T10:02:09.236791+00:00,LibGen,LibGen.bz,UP,200,620,,
2026-10-06T10:03:10.484052+00:00,LibGen,LibGen.bz,UP,200,694,,
2026-10-06T10:04:09.533336+00:00,LibGen,LibGen.bz,UP,200,616,,
2026-10-06T10:05:10.665159+00:00,LibGen,LibGen.bz,UP,200,1307,,
2026-10-06T10:06:09.915218+00:00,LibGen,LibGen.bz,UP,200,673,,
2026-10-06T10:07:11.817168+00:00,LibGen,LibGen.bz,UP,200,899,,
2026-10-06T10:08:31.866438+00:00,LibGen,LibGen.bz,DOWN,,,connection_refused,
2026-10-06T10:09:10.940330+00:00,LibGen,LibGen.bz,UP,200,641,,
2026-10-06T10:10:11.670522+00:00,LibGen,LibGen.bz,UP,200,857,,
2026-10-06T10:11:11.757388+00:00,LibGen,LibGen.bz,UP,200,701,,
2026-10-06T10:12:12.057342+00:00,LibGen,LibGen.bz,UP,200,868,,
2026-10-06T10:13:12.681972+00:00,LibGen,LibGen.bz,UP,200,272,,
2026-10-06T10:14:12.162040+00:00,LibGen,LibGen.bz,UP,200,616,,
2026-10-06T10:15:12.487515+00:00,LibGen,LibGen.bz,UP,200,695,,
2026-10-06T10:16:12.820370+00:00,LibGen,LibGen.bz,UP,200,979,,
2026-10-06T10:17:12.852792+00:00,LibGen,LibGen.bz,UP,200,641,,
2026-10-06T10:18:13.411245+00:00,LibGen,LibGen.bz,UP,200,646,,
2026-10-06T10:19:14.169740+00:00,LibGen,LibGen.bz,UP,200,1328,,
2026-10-06T10:20:13.390110+00:00,LibGen,LibGen.bz,UP,200,815,,
2026-10-06T10:21:14.388317+00:00,LibGen,LibGen.bz,UP,200,959,,
2026-10-06T10:22:14.428120+00:00,LibGen,LibGen.bz,UP,200,833,,
2026-10-06T10:23:14.967868+00:00,LibGen,LibGen.bz,UP,200,680,,
2026-10-06T10:24:14.713480+00:00,LibGen,LibGen.bz,UP,200,646,,
2026-10-06T10:25:15.894620+00:00,LibGen,LibGen.bz,UP,200,966,,
2026-10-06T10:26:15.687325+00:00,LibGen,LibGen.bz,UP,200,786,,
2026-10-06T10:27:16.022911+00:00,LibGen,LibGen.bz,UP,200,610,,
2026-10-06T10:28:15.782432+00:00,LibGen,LibGen.bz,UP,200,637,,
2026-10-06T10:29:17.026526+00:00,LibGen,LibGen.bz,UP,200,1337,,
2026-10-06T10:30:16.820705+00:00,LibGen,LibGen.bz,UP,200,848,,
2026-10-06T10:31:18.409173+00:00,LibGen,LibGen.bz,UP,200,2097,,
2026-10-06T10:32:17.684111+00:00,LibGen,LibGen.bz,UP,200,1315,,
2026-10-06T10:33:17.202182+00:00,LibGen,LibGen.bz,UP,200,715,,
2026-10-06T10:34:17.686520+00:00,LibGen,LibGen.bz,UP,200,697,,
2026-10-06T10:35:17.608740+00:00,LibGen,LibGen.bz,UP,200,619,,
2026-10-06T10:36:19.004764+00:00,LibGen,LibGen.bz,UP,200,685,,
2026-10-06T10:37:17.923601+00:00,LibGen,LibGen.bz,UP,200,479,,
2026-10-06T10:38:19.313035+00:00,LibGen,LibGen.bz,UP,200,1261,,
2026-10-06T10:39:18.979420+00:00,LibGen,LibGen.bz,UP,200,793,,
2026-10-06T10:40:19.481128+00:00,LibGen,LibGen.bz,UP,200,745,,
2026-10-06T10:41:19.855977+00:00,LibGen,LibGen.bz,DOWN,500,732,http_error,
2026-10-06T10:42:22.721517+00:00,LibGen,LibGen.bz,UP,200,2581,,
2026-10-06T10:43:20.988383+00:00,LibGen,LibGen.bz,UP,200,654,,
2026-10-06T10:44:22.357268+00:00,LibGen,LibGen.bz,UP,200,1006,,
2026-10-06T10:45:21.965271+00:00,LibGen,LibGen.bz,UP,200,874,,
2026-10-06T10:46:42.473478+00:00,LibGen,LibGen.bz,DOWN,,,connection_refused,
2026-10-06T10:47:22.810236+00:00,LibGen,LibGen.bz,UP,200,1536,,
2026-10-06T10:48:23.933567+00:00,LibGen,LibGen.bz,UP,200,1021,,
2026-10-06T10:49:22.704846+00:00,LibGen,LibGen.bz,UP,200,630,,
2026-10-06T10:50:23.199701+00:00,LibGen,LibGen.bz,UP,200,1546,,
2026-10-06T10:51:23.072548+00:00,LibGen,LibGen.bz,UP,200,769,,
2026-10-06T10:52:23.225822+00:00,LibGen,LibGen.bz,UP,200,654,,
2026-10-06T10:53:24.047850+00:00,LibGen,LibGen.bz,UP,200,686,,
2026-10-06T10:54:24.050943+00:00,LibGen,LibGen.bz,UP,200,840,,
2026-10-06T10:55:24.677088+00:00,LibGen,LibGen.bz,UP,200,646,,
2026-10-06T10:56:24.577111+00:00,LibGen,LibGen.bz,UP,200,857,,
2026-10-06T10:57:26.719134+00:00,LibGen,LibGen.bz,UP,200,2048,,
2026-10-06T10:58:26.767680+00:00,LibGen,LibGen.bz,UP,200,1195,,
2026-10-06T10:59:26.163432+00:00,LibGen,LibGen.bz,UP,200,729,,
2026-10-06T11:00:26.418895+00:00,LibGen,LibGen.bz,UP,200,944,,
2026-10-06T11:01:26.580066+00:00,LibGen,LibGen.bz,UP,200,942,,
2026-10-06T11:02:26.517449+00:00,LibGen,LibGen.bz,UP,200,357,,
2026-10-06T11:03:28.276349+00:00,LibGen,LibGen.bz,UP,200,964,,
2026-10-06T11:04:28.542435+00:00,LibGen,LibGen.bz,UP,200,754,,
2026-10-06T11:05:28.633237+00:00,LibGen,LibGen.bz,UP,200,828,,
2026-10-06T11:06:29.082996+00:00,LibGen,LibGen.bz,UP,200,885,,
2026-10-06T11:07:29.581344+00:00,LibGen,LibGen.bz,UP,200,721,,
2026-10-06T11:08:30.264721+00:00,LibGen,LibGen.bz,UP,200,893,,
2026-10-06T11:09:31.025635+00:00,LibGen,LibGen.bz,UP,200,798,,
2026-10-06T11:10:31.239698+00:00,LibGen,LibGen.bz,UP,200,877,,
2026-10-06T11:11:31.765630+00:00,LibGen,LibGen.bz,UP,200,879,,
2026-10-06T11:12:31.856162+00:00,LibGen,LibGen.bz,UP,200,729,,
2026-10-06T11:13:32.338852+00:00,LibGen,LibGen.bz,UP,200,366,,
2026-10-06T11:14:34.905786+00:00,LibGen,LibGen.bz,DEGRADED,200,3398,latency_high,
2026-10-06T11:15:32.767028+00:00,LibGen,LibGen.bz,UP,200,826,,
2026-10-06T11:16:37.186071+00:00,LibGen,LibGen.bz,DEGRADED,200,4887,latency_high,
2026-10-06T11:17:32.796251+00:00,LibGen,LibGen.bz,UP,200,766,,
2026-10-06T11:18:34.232138+00:00,LibGen,LibGen.bz,UP,200,1645,,
2026-10-06T11:19:34.062484+00:00,LibGen,LibGen.bz,UP,200,999,,
2026-10-06T11:20:34.775646+00:00,LibGen,LibGen.bz,UP,200,905,,
2026-10-06T11:21:35.036645+00:00,LibGen,LibGen.bz,UP,200,1046,,
2026-10-06T11:22:35.014051+00:00,LibGen,LibGen.bz,UP,200,786,,
2026-10-06T11:23:36.101531+00:00,LibGen,LibGen.bz,UP,200,787,,
2026-10-06T11:24:36.387380+00:00,LibGen,LibGen.bz,UP,200,952,,
2026-10-06T11:25:37.172910+00:00,LibGen,LibGen.bz,UP,200,833,,
2026-10-06T11:26:38.020816+00:00,LibGen,LibGen.bz,UP,200,1209,,
2026-10-06T11:27:38.080131+00:00,LibGen,LibGen.bz,UP,200,795,,
2026-10-06T11:28:58.471733+00:00,LibGen,LibGen.bz,DOWN,,,connection_refused,
2026-10-06T11:29:38.551068+00:00,LibGen,LibGen.bz,UP,200,698,,
2026-10-06T11:30:38.320557+00:00,LibGen,LibGen.bz,UP,200,656,,
2026-10-06T11:31:39.101688+00:00,LibGen,LibGen.bz,UP,200,836,,
2026-10-06T11:32:40.080343+00:00,LibGen,LibGen.bz,UP,200,897,,
2026-10-06T11:33:39.924347+00:00,LibGen,LibGen.bz,UP,200,660,,
2026-10-06T11:34:40.580104+00:00,LibGen,LibGen.bz,UP,200,939,,
2026-10-06T11:35:41.057067+00:00,LibGen,LibGen.bz,UP,200,680,,
2026-10-06T11:36:41.543072+00:00,LibGen,LibGen.bz,UP,200,693,,
2026-10-06T11:37:42.053213+00:00,LibGen,LibGen.bz,UP,200,921,,
2026-10-06T11:38:42.531351+00:00,LibGen,LibGen.bz,UP,200,1121,,
2026-10-06T11:39:44.354848+00:00,LibGen,LibGen.bz,UP,200,2492,,
2026-10-06T11:40:43.084934+00:00,LibGen,LibGen.bz,UP,200,842,,
2026-10-06T11:41:43.241055+00:00,LibGen,LibGen.bz,UP,200,722,,
2026-10-06T11:42:43.824471+00:00,LibGen,LibGen.bz,UP,200,981,,
2026-10-06T11:43:44.451989+00:00,LibGen,LibGen.bz,UP,200,969,,
2026-10-06T11:44:45.157894+00:00,LibGen,LibGen.bz,UP,200,897,,
2026-10-06T11:45:45.100603+00:00,LibGen,LibGen.bz,UP,200,982,,
2026-10-06T11:46:45.945748+00:00,LibGen,LibGen.bz,UP,200,952,,
2026-10-06T11:47:46.753529+00:00,LibGen,LibGen.bz,UP,200,738,,
2026-10-06T11:48:46.972075+00:00,LibGen,LibGen.bz,UP,200,899,,
2026-10-06T11:49:47.621171+00:00,LibGen,LibGen.bz,UP,200,901,,
2026-10-06T11:51:07.368416+00:00,LibGen,LibGen.bz,DOWN,,,connection_refused,
2026-10-06T11:51:47.788699+00:00,LibGen,LibGen.bz,UP,200,770,,
2026-10-06T11:52:49.386465+00:00,LibGen,LibGen.bz,UP,200,953,,
2026-10-06T11:53:49.127854+00:00,LibGen,LibGen.bz,UP,200,827,,
2026-10-06T11:54:49.345614+00:00,LibGen,LibGen.bz,UP,200,848,,
2026-10-06T11:55:50.378865+00:00,LibGen,LibGen.bz,UP,200,1782,,
2026-10-06T11:56:50.289141+00:00,LibGen,LibGen.bz,UP,200,1150,,
2026-10-06T11:58:00.541805+00:00,LibGen,LibGen.bz,DEGRADED,200,10124,latency_high,
2026-10-06T11:58:50.267253+00:00,LibGen,LibGen.bz,UP,200,716,,
2026-10-06T11:59:51.149928+00:00,LibGen,LibGen.bz,UP,200,850,,
2026-10-06T12:00:52.401657+00:00,LibGen,LibGen.bz,UP,200,971,,
2026-10-06T12:01:52.172981+00:00,LibGen,LibGen.bz,UP,200,883,,
2026-10-06T12:02:53.298035+00:00,LibGen,LibGen.bz,UP,200,1069,,
2026-10-06T12:03:53.070475+00:00,LibGen,LibGen.bz,UP,200,767,,
2026-10-06T12:04:52.881160+00:00,LibGen,LibGen.bz,UP,200,275,,
2026-10-06T12:05:55.839638+00:00,LibGen,LibGen.bz,UP,200,2141,,
2026-10-06T12:06:54.512779+00:00,LibGen,LibGen.bz,UP,200,754,,
2026-10-06T12:07:54.713456+00:00,LibGen,LibGen.bz,UP,200,422,,
2026-10-06T12:08:56.472850+00:00,LibGen,LibGen.bz,UP,200,818,,
2026-10-06T12:09:56.627558+00:00,LibGen,LibGen.bz,UP,200,1161,,
2026-10-06T12:10:57.164434+00:00,LibGen,LibGen.bz,UP,200,959,,
2026-10-06T12:11:57.897700+00:00,LibGen,LibGen.bz,UP,200,902,,
2026-10-06T12:12:58.388591+00:00,LibGen,LibGen.bz,UP,200,834,,
2026-10-06T12:13:59.334705+00:00,LibGen,LibGen.bz,UP,200,1182,,
2026-10-06T12:15:00.211487+00:00,LibGen,LibGen.bz,UP,200,798,,
2026-10-06T12:16:00.005843+00:00,LibGen,LibGen.bz,UP,200,863,,
2026-10-06T12:17:00.750150+00:00,LibGen,LibGen.bz,UP,200,933,,
2026-10-06T12:18:02.119068+00:00,LibGen,LibGen.bz,UP,200,1499,,
2026-10-06T12:19:02.073581+00:00,LibGen,LibGen.bz,UP,200,1083,,
2026-10-06T12:20:03.044191+00:00,LibGen,LibGen.bz,UP,200,1572,,
2026-10-06T12:21:02.873794+00:00,LibGen,LibGen.bz,UP,200,1074,,
2026-10-06T12:22:03.618669+00:00,LibGen,LibGen.bz,UP,200,925,,
2026-10-06T12:23:04.083403+00:00,LibGen,LibGen.bz,UP,200,1036,,
2026-10-06T12:24:04.662904+00:00,LibGen,LibGen.bz,UP,200,919,,
2026-10-06T12:25:05.181830+00:00,LibGen,LibGen.bz,UP,200,1177,,
2026-10-06T12:26:06.254351+00:00,LibGen,LibGen.bz,UP,200,1392,,
2026-10-06T12:27:25.859143+00:00,LibGen,LibGen.bz,DOWN,,,connection_refused,
2026-10-06T12:28:06.904863+00:00,LibGen,LibGen.bz,UP,200,766,,
2026-10-06T12:29:07.246889+00:00,LibGen,LibGen.bz,UP,200,863,,
2026-10-06T12:30:08.167630+00:00,LibGen,LibGen.bz,UP,200,1122,,
2026-10-06T12:31:08.210824+00:00,LibGen,LibGen.bz,UP,200,762,,
2026-10-06T12:32:08.978868+00:00,LibGen,LibGen.bz,UP,200,810,,
2026-10-06T12:33:10.065414+00:00,LibGen,LibGen.bz,UP,200,772,,
2026-10-06T12:34:09.768527+00:00,LibGen,LibGen.bz,UP,200,1383,,
2026-10-06T12:35:10.020451+00:00,LibGen,LibGen.bz,UP,200,1030,,
2026-10-06T12:36:09.637876+00:00,LibGen,LibGen.bz,UP,200,718,,
2026-10-06T12:37:31.340745+00:00,LibGen,LibGen.bz,DOWN,,,connection_refused,
2026-10-06T12:38:10.960504+00:00,LibGen,LibGen.bz,UP,200,1124,,
2026-10-06T12:39:11.738700+00:00,LibGen,LibGen.bz,UP,200,902,,
2026-10-06T12:40:11.373755+00:00,LibGen,LibGen.bz,UP,200,1001,,
2026-10-06T12:41:12.185570+00:00,LibGen,LibGen.bz,UP,200,1354,,
2026-10-06T12:42:12.129153+00:00,LibGen,LibGen.bz,UP,200,694,,
2026-10-06T12:43:12.950058+00:00,LibGen,LibGen.bz,UP,200,1062,,
2026-10-06T12:44:12.803398+00:00,LibGen,LibGen.bz,UP,200,753,,
2026-10-06T12:45:13.488080+00:00,LibGen,LibGen.bz,UP,200,889,,
2026-10-06T12:46:14.016065+00:00,LibGen,LibGen.bz,UP,200,842,,
2026-10-06T12:47:15.697609+00:00,LibGen,LibGen.bz,UP,200,1357,,
2026-10-06T12:48:35.401914+00:00,LibGen,LibGen.bz,DOWN,,,connection_refused,
2026-10-06T12:49:15.409224+00:00,LibGen,LibGen.bz,UP,200,709,,
2026-10-06T12:50:15.735569+00:00,LibGen,LibGen.bz,UP,200,754,,
2026-10-06T12:51:16.803889+00:00,LibGen,LibGen.bz,UP,200,927,,
2026-10-06T12:52:18.071021+00:00,LibGen,LibGen.bz,UP,200,768,,
2026-10-06T12:53:17.697108+00:00,LibGen,LibGen.bz,UP,200,718,,
2026-10-06T12:54:18.614045+00:00,LibGen,LibGen.bz,UP,200,1113,,
2026-10-06T12:55:18.006715+00:00,LibGen,LibGen.bz,UP,200,745,,
2026-10-06T12:56:19.101258+00:00,LibGen,LibGen.bz,UP,200,1550,,
2026-10-06T12:57:18.861308+00:00,LibGen,LibGen.bz,UP,200,736,,
2026-10-06T12:58:19.999508+00:00,LibGen,LibGen.bz,UP,200,1170,,
2026-10-06T12:59:19.480812+00:00,LibGen,LibGen.bz,UP,200,733,,
2026-10-06T13:00:23.376699+00:00,LibGen,LibGen.bz,DEGRADED,200,3988,latency_high,
2026-10-06T13:01:20.297144+00:00,LibGen,LibGen.bz,UP,200,919,,
2026-10-06T13:02:21.981443+00:00,LibGen,LibGen.bz,UP,200,829,,
2026-10-06T13:03:21.832703+00:00,LibGen,LibGen.bz,UP,200,937,,
2026-10-06T13:04:22.147909+00:00,LibGen,LibGen.bz,UP,200,975,,
2026-10-06T13:05:27.922805+00:00,LibGen,LibGen.bz,UP,200,883,,
2026-10-06T13:06:22.340617+00:00,LibGen,LibGen.bz,UP,200,289,,
2026-10-06T13:07:23.657004+00:00,LibGen,LibGen.bz,UP,200,775,,
2026-10-06T13:08:25.167091+00:00,LibGen,LibGen.bz,UP,200,1196,,
2026-10-06T13:09:25.668734+00:00,LibGen,LibGen.bz,UP,200,1174,,
2026-10-06T13:10:26.026853+00:00,LibGen,LibGen.bz,UP,200,1159,,
2026-10-06T13:11:27.189734+00:00,LibGen,LibGen.bz,UP,200,1712,,
2026-10-06T13:12:27.176574+00:00,LibGen,LibGen.bz,UP,200,744,,
2026-10-06T13:13:27.300336+00:00,LibGen,LibGen.bz,UP,200,881,,
2026-10-06T13:14:26.892804+00:00,LibGen,LibGen.bz,UP,200,283,,
2026-10-06T13:15:28.341162+00:00,LibGen,LibGen.bz,UP,200,1218,,
2026-10-06T13:16:32.535222+00:00,LibGen,LibGen.bz,DEGRADED,200,3836,latency_high,
2026-10-06T13:17:28.900565+00:00,LibGen,LibGen.bz,UP,200,915,,
2026-10-06T13:18:29.501262+00:00,LibGen,LibGen.bz,UP,200,864,,
2026-10-06T13:19:29.396832+00:00,LibGen,LibGen.bz,DOWN,,,connection_refused,
2026-10-06T13:20:30.901510+00:00,LibGen,LibGen.bz,UP,200,1078,,
2026-10-06T13:21:31.553893+00:00,LibGen,LibGen.bz,UP,200,993,,
2026-10-06T13:22:31.933519+00:00,LibGen,LibGen.bz,UP,200,1211,,
2026-10-06T13:23:31.745601+00:00,LibGen,LibGen.bz,UP,200,704,,
2026-10-06T13:24:52.993949+00:00,LibGen,LibGen.bz,DOWN,,,connection_refused,
2026-10-06T13:25:33.033162+00:00,LibGen,LibGen.bz,UP,200,814,,
2026-10-06T13:26:33.430160+00:00,LibGen,LibGen.bz,UP,200,814,,
2026-10-06T13:27:34.295148+00:00,LibGen,LibGen.bz,UP,200,792,,
2026-10-06T13:28:34.262115+00:00,LibGen,LibGen.bz,UP,200,712,,
2026-10-06T13:29:34.524579+00:00,LibGen,LibGen.bz,UP,200,779,,
2026-10-06T13:30:35.567583+00:00,LibGen,LibGen.bz,UP,200,996,,
2026-10-06T13:31:36.134109+00:00,LibGen,LibGen.bz,UP,200,994,,
2026-10-06T13:32:36.505152+00:00,LibGen,LibGen.bz,UP,200,911,,
2026-10-06T13:33:36.845867+00:00,LibGen,LibGen.bz,UP,200,695,,
2026-10-06T13:34:37.882851+00:00,LibGen,LibGen.bz,UP,200,1100,,
2026-10-06T13:35:38.231733+00:00,LibGen,LibGen.bz,UP,200,939,,
2026-10-06T13:36:39.517638+00:00,LibGen,LibGen.bz,UP,200,1287,,
2026-10-06T13:37:39.970945+00:00,LibGen,LibGen.bz,UP,200,824,,
2026-10-06T13:38:40.272699+00:00,LibGen,LibGen.bz,UP,200,901,,
2026-10-06T13:39:40.444575+00:00,LibGen,LibGen.bz,UP,200,713,,
2026-10-06T13:40:40.608994+00:00,LibGen,LibGen.bz,UP,200,743,,
2026-10-06T13:41:41.037863+00:00,LibGen,LibGen.bz,UP,200,764,,
2026-10-06T13:42:41.671219+00:00,LibGen,LibGen.bz,UP,200,1157,,
2026-10-06T13:43:41.430137+00:00,LibGen,LibGen.bz,UP,200,742,,
2026-10-06T13:44:42.375056+00:00,LibGen,LibGen.bz,UP,200,648,,
2026-10-06T13:45:41.909012+00:00,LibGen,LibGen.bz,UP,200,319,,
2026-10-06T13:46:43.225530+00:00,LibGen,LibGen.bz,UP,200,885,,
2026-10-06T13:47:43.985238+00:00,LibGen,LibGen.bz,UP,200,932,,
2026-10-06T13:48:44.558901+00:00,LibGen,LibGen.bz,UP,200,1014,,
2026-10-06T13:49:45.060574+00:00,LibGen,LibGen.bz,UP,200,756,,
2026-10-06T13:50:45.865370+00:00,LibGen,LibGen.bz,UP,200,945,,
2026-10-06T13:51:45.251527+00:00,LibGen,LibGen.bz,UP,200,274,,
2026-10-06T13:52:46.938510+00:00,LibGen,LibGen.bz,UP,200,799,,
2026-10-06T13:53:46.835625+00:00,LibGen,LibGen.bz,UP,200,855,,
2026-10-06T13:54:47.741961+00:00,LibGen,LibGen.bz,UP,200,1351,,
2026-10-06T13:55:48.487062+00:00,LibGen,LibGen.bz,UP,200,1305,,
2026-10-06T13:56:47.971168+00:00,LibGen,LibGen.bz,UP,200,969,,
2026-10-06T13:57:53.567519+00:00,LibGen,LibGen.bz,DEGRADED,200,5442,latency_high,
2026-10-06T13:58:49.012647+00:00,LibGen,LibGen.bz,UP,200,942,,
2026-10-06T13:59:49.040657+00:00,LibGen,LibGen.bz,UP,200,265,,
2026-10-06T14:00:49.426364+00:00,LibGen,LibGen.bz,UP,200,816,,
2026-10-06T14:01:49.974650+00:00,LibGen,LibGen.bz,UP,200,305,,
2026-10-06T14:02:50.797376+00:00,LibGen,LibGen.bz,UP,200,1008,,
2026-10-06T14:03:51.866971+00:00,LibGen,LibGen.bz,UP,200,1168,,
2026-10-06T14:04:52.772664+00:00,LibGen,LibGen.bz,UP,200,1097,,
2026-10-06T14:05:53.619272+00:00,LibGen,LibGen.bz,UP,200,902,,
2026-10-06T14:06:53.399000+00:00,LibGen,LibGen.bz,UP,200,817,,
2026-10-06T14:07:54.283999+00:00,LibGen,LibGen.bz,UP,200,728,,
2026-10-06T14:08:54.773510+00:00,LibGen,LibGen.bz,UP,200,826,,
2026-10-06T14:09:54.740514+00:00,LibGen,LibGen.bz,UP,200,337,,
2026-10-06T14:10:56.465174+00:00,LibGen,LibGen.bz,UP,200,1365,,
2026-10-06T14:11:56.465069+00:00,LibGen,LibGen.bz,UP,200,803,,
2026-10-06T14:12:57.169624+00:00,LibGen,LibGen.bz,UP,200,769,,
2026-10-06T14:13:57.572002+00:00,LibGen,LibGen.bz,UP,200,824,,
2026-10-06T14:14:57.571081+00:00,LibGen,LibGen.bz,UP,200,777,,
2026-10-06T14:15:58.684048+00:00,LibGen,LibGen.bz,UP,200,927,,
2026-10-06T14:16:59.342812+00:00,LibGen,LibGen.bz,UP,200,838,,
2026-10-06T14:18:01.005930+00:00,LibGen,LibGen.bz,UP,200,899,,
2026-10-06T14:19:00.797337+00:00,LibGen,LibGen.bz,UP,200,932,,
2026-10-06T14:20:01.019730+00:00,LibGen,LibGen.bz,UP,200,418,,
2026-10-06T14:21:02.331817+00:00,LibGen,LibGen.bz,UP,200,924,,
2026-10-06T14:22:03.581691+00:00,LibGen,LibGen.bz,UP,200,1307,,
2026-10-06T14:23:03.614453+00:00,LibGen,LibGen.bz,UP,200,777,,
2026-10-06T14:24:04.585790+00:00,LibGen,LibGen.bz,UP,200,1067,,
2026-10-06T14:25:05.154905+00:00,LibGen,LibGen.bz,UP,200,1204,,
2026-10-06T14:26:04.948760+00:00,LibGen,LibGen.bz,UP,200,801,,
2026-10-06T14:27:05.346637+00:00,LibGen,LibGen.bz,UP,200,708,,
2026-10-06T14:28:08.247686+00:00,LibGen,LibGen.bz,UP,200,778,,
2026-10-06T14:29:06.736636+00:00,LibGen,LibGen.bz,UP,200,826,,
2026-10-06T14:30:07.514165+00:00,LibGen,LibGen.bz,UP,200,1042,,
2026-10-06T14:31:08.369376+00:00,LibGen,LibGen.bz,UP,200,981,,
2026-10-06T14:32:08.066579+00:00,LibGen,LibGen.bz,UP,200,720,,
2026-10-06T14:33:09.545018+00:00,LibGen,LibGen.bz,UP,200,934,,
2026-10-06T14:34:10.355195+00:00,LibGen,LibGen.bz,UP,200,1239,,
2026-10-06T14:35:10.842076+00:00,LibGen,LibGen.bz,UP,200,1866,,
2026-10-06T14:36:10.406758+00:00,LibGen,LibGen.bz,UP,200,780,,
2026-10-06T14:37:10.344035+00:00,LibGen,LibGen.bz,UP,200,698,,
2026-10-06T14:38:11.460375+00:00,LibGen,LibGen.bz,UP,200,889,,
2026-10-06T14:39:12.242556+00:00,LibGen,LibGen.bz,UP,200,1294,,
2026-10-06T14:40:12.268282+00:00,LibGen,LibGen.bz,UP,200,951,,
2026-10-06T14:41:12.634150+00:00,LibGen,LibGen.bz,UP,200,733,,
2026-10-06T14:42:14.076450+00:00,LibGen,LibGen.bz,UP,200,979,,
2026-10-06T14:43:14.122647+00:00,LibGen,LibGen.bz,UP,200,777,,
2026-10-06T14:44:16.853934+00:00,LibGen,LibGen.bz,DEGRADED,200,3733,latency_high,
2026-10-06T14:45:15.567215+00:00,LibGen,LibGen.bz,UP,200,935,,
2026-10-06T14:46:16.042122+00:00,LibGen,LibGen.bz,UP,200,955,,
2026-10-06T14:47:16.204690+00:00,LibGen,LibGen.bz,UP,200,888,,
2026-10-06T14:48:15.956957+00:00,LibGen,LibGen.bz,UP,200,900,,
2026-10-06T14:49:19.274940+00:00,LibGen,LibGen.bz,DEGRADED,200,3799,latency_high,
2026-10-06T14:50:17.281253+00:00,LibGen,LibGen.bz,UP,200,1278,,
2026-10-06T14:51:17.861473+00:00,LibGen,LibGen.bz,UP,200,947,,
2026-10-06T14:52:18.302651+00:00,LibGen,LibGen.bz,UP,200,728,,
2026-10-06T14:53:19.177318+00:00,LibGen,LibGen.bz,UP,200,943,,
2026-10-06T14:54:18.888458+00:00,LibGen,LibGen.bz,UP,200,790,,
2026-10-06T14:55:19.079192+00:00,LibGen,LibGen.bz,UP,200,805,,
2026-10-06T14:56:18.928483+00:00,LibGen,LibGen.bz,UP,200,315,,
2026-10-06T14:57:20.148930+00:00,LibGen,LibGen.bz,UP,200,892,,
2026-10-06T14:58:19.817137+00:00,LibGen,LibGen.bz,UP,200,793,,
2026-10-06T14:59:21.429707+00:00,LibGen,LibGen.bz,UP,200,1239,,
2026-10-06T15:00:20.742597+00:00,LibGen,LibGen.bz,UP,200,808,,
2026-10-06T15:01:21.939046+00:00,LibGen,LibGen.bz,UP,200,1049,,
2026-10-06T15:02:21.849670+00:00,LibGen,LibGen.bz,UP,200,953,,
2026-10-06T15:03:23.164135+00:00,LibGen,LibGen.bz,UP,200,1418,,
2026-10-06T15:04:22.808208+00:00,LibGen,LibGen.bz,UP,200,1072,,
2026-10-06T15:05:23.766144+00:00,LibGen,LibGen.bz,UP,200,691,,
2026-10-06T15:06:23.701858+00:00,LibGen,LibGen.bz,UP,200,816,,
2026-10-06T15:07:25.216706+00:00,LibGen,LibGen.bz,UP,200,1473,,
2026-10-06T15:08:26.410962+00:00,LibGen,LibGen.bz,UP,200,891,,
2026-10-06T15:09:28.414420+00:00,LibGen,LibGen.bz,UP,200,1117,,
2026-10-06T15:10:25.754501+00:00,LibGen,LibGen.bz,UP,200,859,,
2026-10-06T15:11:26.842147+00:00,LibGen,LibGen.bz,UP,200,808,,
2026-10-06T15:12:26.735135+00:00,LibGen,LibGen.bz,UP,200,891,,
2026-10-06T15:13:27.228739+00:00,LibGen,LibGen.bz,UP,200,771,,
2026-10-06T15:14:48.079991+00:00,LibGen,LibGen.bz,DOWN,,,connection_refused,
2026-10-06T15:15:27.952062+00:00,LibGen,LibGen.bz,UP,200,1048,,
2026-10-06T15:16:27.923226+00:00,LibGen,LibGen.bz,UP,200,305,,
2026-10-06T15:17:29.164884+00:00,LibGen,LibGen.bz,UP,200,884,,
2026-10-06T15:18:28.996761+00:00,LibGen,LibGen.bz,DOWN,,,connection_refused,
2026-10-06T15:19:30.956326+00:00,LibGen,LibGen.bz,UP,200,814,,
2026-10-06T15:20:31.213959+00:00,LibGen,LibGen.bz,UP,200,922,,
2026-10-06T15:21:31.818640+00:00,LibGen,LibGen.bz,UP,200,779,,
2026-10-06T15:22:32.259748+00:00,LibGen,LibGen.bz,UP,200,847,,
2026-10-06T15:23:32.733534+00:00,LibGen,LibGen.bz,UP,200,781,,
2026-10-06T15:24:32.768733+00:00,LibGen,LibGen.bz,UP,200,993,,
2026-10-06T15:25:33.520160+00:00,LibGen,LibGen.bz,UP,200,1122,,
2026-10-06T15:26:34.182468+00:00,LibGen,LibGen.bz,UP,200,919,,
2026-10-06T15:27:35.040131+00:00,LibGen,LibGen.bz,UP,200,1242,,
2026-10-06T15:28:33.930323+00:00,LibGen,LibGen.bz,UP,200,333,,
2026-10-06T15:29:34.691474+00:00,LibGen,LibGen.bz,UP,200,775,,
2026-10-06T15:30:35.832086+00:00,LibGen,LibGen.bz,UP,200,844,,
2026-10-06T15:31:37.567016+00:00,LibGen,LibGen.bz,UP,200,950,,
2026-10-06T15:32:36.735784+00:00,LibGen,LibGen.bz,UP,200,881,,
2026-10-06T15:33:37.177998+00:00,LibGen,LibGen.bz,UP,200,995,,
2026-10-06T15:34:37.055612+00:00,LibGen,LibGen.bz,UP,200,647,,
2026-10-06T15:35:37.633727+00:00,LibGen,LibGen.bz,UP,200,637,,
2026-10-06T15:36:38.943389+00:00,LibGen,LibGen.bz,UP,200,756,,
2026-10-06T15:37:39.078803+00:00,LibGen,LibGen.bz,UP,200,1043,,
2026-10-06T15:38:39.643211+00:00,LibGen,LibGen.bz,UP,200,916,,
2026-10-06T15:39:41.851093+00:00,LibGen,LibGen.bz,UP,200,382,,
2026-10-06T15:40:40.442522+00:00,LibGen,LibGen.bz,UP,200,890,,
2026-10-06T15:41:40.942268+00:00,LibGen,LibGen.bz,UP,200,760,,
2026-10-06T15:42:41.805769+00:00,LibGen,LibGen.bz,UP,200,1046,,
2026-10-06T15:43:41.743046+00:00,LibGen,LibGen.bz,UP,200,794,,
2026-10-06T15:44:42.880762+00:00,LibGen,LibGen.bz,UP,200,1019,,
2026-10-06T15:45:42.985265+00:00,LibGen,LibGen.bz,UP,200,1008,,
2026-10-06T15:46:43.921636+00:00,LibGen,LibGen.bz,UP,200,966,,
2026-10-06T15:47:43.756498+00:00,LibGen,LibGen.bz,UP,200,708,,
2026-10-06T15:48:44.724359+00:00,LibGen,LibGen.bz,UP,200,964,,
2026-10-06T15:49:44.302402+00:00,LibGen,LibGen.bz,UP,200,321,,
2026-10-06T15:50:45.202112+00:00,LibGen,LibGen.bz,UP,200,857,,
2026-10-06T15:51:45.887117+00:00,LibGen,LibGen.bz,UP,200,833,,
2026-10-06T15:52:46.009410+00:00,LibGen,LibGen.bz,UP,200,734,,
2026-10-06T15:53:46.825063+00:00,LibGen,LibGen.bz,UP,200,911,,
2026-10-06T15:54:47.146088+00:00,LibGen,LibGen.bz,UP,200,894,,
2026-10-06T15:55:47.130962+00:00,LibGen,LibGen.bz,UP,200,643,,
2026-10-06T15:56:47.981182+00:00,LibGen,LibGen.bz,UP,200,1104,,
2026-10-06T15:57:50.026131+00:00,LibGen,LibGen.bz,UP,200,2569,,
2026-10-06T15:58:48.414581+00:00,LibGen,LibGen.bz,UP,200,825,,
2026-10-06T15:59:49.193816+00:00,LibGen,LibGen.bz,UP,200,1172,,
2026-10-06T16:00:49.515845+00:00,LibGen,LibGen.bz,UP,200,899,,
2026-10-06T16:01:50.164701+00:00,LibGen,LibGen.bz,UP,200,1009,,
2026-10-06T16:02:51.032547+00:00,LibGen,LibGen.bz,UP,200,1137,,
2026-10-06T16:03:52.889242+00:00,LibGen,LibGen.bz,UP,200,1081,,
2026-10-06T16:04:52.188749+00:00,LibGen,LibGen.bz,UP,200,978,,
2026-10-06T16:05:53.032771+00:00,LibGen,LibGen.bz,UP,200,1313,,
2026-10-06T16:06:55.040676+00:00,LibGen,LibGen.bz,UP,200,2673,,
2026-10-06T16:07:54.270649+00:00,LibGen,LibGen.bz,UP,200,562,,
2026-10-06T16:08:54.166545+00:00,LibGen,LibGen.bz,UP,200,251,,
2026-10-06T16:09:56.872576+00:00,LibGen,LibGen.bz,UP,200,2355,,
2026-10-06T16:10:55.831662+00:00,LibGen,LibGen.bz,UP,200,974,,
2026-10-06T16:11:56.513570+00:00,LibGen,LibGen.bz,UP,200,945,,
2026-10-06T16:12:57.201570+00:00,LibGen,LibGen.bz,UP,200,934,,
2026-10-06T16:13:57.612069+00:00,LibGen,LibGen.bz,UP,200,751,,
2026-10-06T16:14:58.819468+00:00,LibGen,LibGen.bz,UP,200,1034,,
2026-10-06T16:15:59.330182+00:00,LibGen,LibGen.bz,UP,200,1190,,
2026-10-06T16:16:59.454670+00:00,LibGen,LibGen.bz,UP,200,975,,
2026-10-06T16:18:00.230738+00:00,LibGen,LibGen.bz,UP,200,822,,
2026-10-06T16:19:00.808910+00:00,LibGen,LibGen.bz,UP,200,935,,
2026-10-06T16:20:02.197612+00:00,LibGen,LibGen.bz,UP,200,1333,,
2026-10-06T16:21:01.861659+00:00,LibGen,LibGen.bz,UP,200,921,,
2026-10-06T16:22:02.793074+00:00,LibGen,LibGen.bz,UP,200,1285,,
2026-10-06T16:23:04.291379+00:00,LibGen,LibGen.bz,UP,200,1317,,
2026-10-06T16:24:04.366106+00:00,LibGen,LibGen.bz,UP,200,1210,,
2026-10-06T16:25:04.784546+00:00,LibGen,LibGen.bz,UP,200,886,,
2026-10-06T16:26:05.381858+00:00,LibGen,LibGen.bz,UP,200,1207,,
2026-10-06T16:27:05.472624+00:00,LibGen,LibGen.bz,UP,200,672,,
2026-10-06T16:28:05.489555+00:00,LibGen,LibGen.bz,UP,200,280,,
2026-10-06T16:29:07.813818+00:00,LibGen,LibGen.bz,UP,200,981,,
2026-10-06T16:30:07.247775+00:00,LibGen,LibGen.bz,UP,200,886,,
2026-10-06T16:31:08.210874+00:00,LibGen,LibGen.bz,UP,200,902,,
2026-10-06T16:32:07.921505+00:00,LibGen,LibGen.bz,UP,200,335,,
2026-10-06T16:33:09.164595+00:00,LibGen,LibGen.bz,UP,200,776,,
2026-10-06T16:34:09.589457+00:00,LibGen,LibGen.bz,UP,200,1291,,
2026-10-06T16:35:10.037689+00:00,LibGen,LibGen.bz,UP,200,880,,
2026-10-06T16:36:10.562877+00:00,LibGen,LibGen.bz,UP,200,767,,
2026-10-06T16:37:12.285827+00:00,LibGen,LibGen.bz,UP,200,1340,,
2026-10-06T16:38:11.244783+00:00,LibGen,LibGen.bz,UP,200,788,,
2026-10-06T16:39:12.012084+00:00,LibGen,LibGen.bz,UP,200,907,,
2026-10-06T16:40:14.270622+00:00,LibGen,LibGen.bz,UP,200,2234,,
2026-10-06T16:41:33.347737+00:00,LibGen,LibGen.bz,DOWN,,,connection_refused,
2026-10-06T16:42:13.877489+00:00,LibGen,LibGen.bz,UP,200,846,,
2026-10-06T16:43:13.931122+00:00,LibGen,LibGen.bz,UP,200,855,,
2026-10-06T16:44:14.650886+00:00,LibGen,LibGen.bz,UP,200,882,,
2026-10-06T16:45:15.256537+00:00,LibGen,LibGen.bz,UP,200,853,,
2026-10-06T16:46:16.511414+00:00,LibGen,LibGen.bz,UP,200,1178,,
2026-10-06T16:47:15.509190+00:00,LibGen,LibGen.bz,UP,200,311,,
2026-10-06T16:48:16.187643+00:00,LibGen,LibGen.bz,UP,200,767,,
2026-10-06T16:49:17.715860+00:00,LibGen,LibGen.bz,UP,200,1338,,
2026-10-06T16:50:17.500018+00:00,LibGen,LibGen.bz,UP,200,1052,,
2026-10-06T16:51:18.624799+00:00,LibGen,LibGen.bz,UP,200,1209,,
2026-10-06T16:52:21.867880+00:00,LibGen,LibGen.bz,DEGRADED,200,3923,latency_high,
2026-10-06T16:53:20.480625+00:00,LibGen,LibGen.bz,UP,200,714,,
2026-10-06T16:54:20.337998+00:00,LibGen,LibGen.bz,UP,200,753,,
2026-10-06T16:55:20.566782+00:00,LibGen,LibGen.bz,UP,200,855,,
2026-10-06T16:56:20.876081+00:00,LibGen,LibGen.bz,UP,200,720,,
2026-10-06T16:57:21.287609+00:00,LibGen,LibGen.bz,UP,200,1028,,
2026-10-06T16:58:44.059022+00:00,LibGen,LibGen.bz,DOWN,,,connection_refused,
2026-10-06T16:59:22.129243+00:00,LibGen,LibGen.bz,UP,200,743,,
2026-10-06T17:00:22.948531+00:00,LibGen,LibGen.bz,UP,200,810,,
2026-10-06T17:01:22.597381+00:00,LibGen,LibGen.bz,UP,200,269,,
2026-10-06T17:02:24.099828+00:00,LibGen,LibGen.bz,UP,200,972,,
2026-10-06T17:03:24.856638+00:00,LibGen,LibGen.bz,UP,200,879,,
2026-10-06T17:04:25.541242+00:00,LibGen,LibGen.bz,UP,200,784,,
2026-10-06T17:05:26.606013+00:00,LibGen,LibGen.bz,UP,200,884,,
2026-10-06T17:06:26.424676+00:00,LibGen,LibGen.bz,UP,200,783,,
2026-10-06T17:07:28.206395+00:00,LibGen,LibGen.bz,UP,200,1022,,
2026-10-06T17:08:27.776615+00:00,LibGen,LibGen.bz,UP,200,864,,
2026-10-06T17:09:28.375029+00:00,LibGen,LibGen.bz,UP,200,726,,
2026-10-06T17:10:29.031736+00:00,LibGen,LibGen.bz,UP,200,972,,
2026-10-06T17:11:29.065360+00:00,LibGen,LibGen.bz,UP,200,847,,
2026-10-06T17:12:32.743914+00:00,LibGen,LibGen.bz,DEGRADED,200,3806,latency_high,
2026-10-06T17:13:30.967061+00:00,LibGen,LibGen.bz,UP,200,1056,,
2026-10-06T17:14:31.367821+00:00,LibGen,LibGen.bz,UP,200,1094,,
2026-10-06T17:15:32.035623+00:00,LibGen,LibGen.bz,UP,200,1018,,
2026-10-06T17:16:32.808125+00:00,LibGen,LibGen.bz,UP,200,853,,
2026-10-06T17:17:34.136193+00:00,LibGen,LibGen.bz,UP,200,894,,
2026-10-06T17:18:34.979197+00:00,LibGen,LibGen.bz,UP,200,685,,
2026-10-06T17:19:34.792673+00:00,LibGen,LibGen.bz,UP,200,853,,
2026-10-06T17:20:36.164270+00:00,LibGen,LibGen.bz,UP,200,1320,,
2026-10-06T17:21:36.164631+00:00,LibGen,LibGen.bz,UP,200,877,,
2026-10-06T17:22:36.677111+00:00,LibGen,LibGen.bz,UP,200,1004,,
2026-10-06T17:23:37.112939+00:00,LibGen,LibGen.bz,UP,200,768,,
2026-10-06T17:24:38.147568+00:00,LibGen,LibGen.bz,UP,200,1166,,
2026-10-06T17:25:39.053994+00:00,LibGen,LibGen.bz,UP,200,1243,,
2026-10-06T17:26:39.309858+00:00,LibGen,LibGen.bz,UP,200,883,,
2026-10-06T17:27:40.864914+00:00,LibGen,LibGen.bz,UP,200,1232,,
2026-10-06T17:28:41.248994+00:00,LibGen,LibGen.bz,UP,200,902,,
2026-10-06T17:29:41.519347+00:00,LibGen,LibGen.bz,UP,200,1078,,
2026-10-06T17:30:42.453253+00:00,LibGen,LibGen.bz,UP,200,1300,,
2026-10-06T17:31:43.487584+00:00,LibGen,LibGen.bz,UP,200,1472,,
2026-10-06T17:32:43.856570+00:00,LibGen,LibGen.bz,UP,200,823,,
2026-10-06T17:33:44.234246+00:00,LibGen,LibGen.bz,UP,200,873,,
2026-10-06T17:34:44.961099+00:00,LibGen,LibGen.bz,UP,200,927,,
2026-10-06T17:35:45.706107+00:00,LibGen,LibGen.bz,UP,200,1004,,
2026-10-06T17:36:45.567691+00:00,LibGen,LibGen.bz,UP,200,804,,
2026-10-06T17:37:49.974388+00:00,LibGen,LibGen.bz,DEGRADED,200,4586,latency_high,
2026-10-06T17:38:47.318608+00:00,LibGen,LibGen.bz,UP,200,1288,,
2026-10-06T17:39:47.889901+00:00,LibGen,LibGen.bz,UP,200,982,,
2026-10-06T17:40:58.412540+00:00,LibGen,LibGen.bz,DEGRADED,200,8571,latency_high,
2026-10-06T17:41:48.908494+00:00,LibGen,LibGen.bz,UP,200,852,,
2026-10-06T17:42:49.042040+00:00,LibGen,LibGen.bz,UP,200,827,,
2026-10-06T17:43:52.788615+00:00,LibGen,LibGen.bz,UP,200,891,,
2026-10-06T17:45:10.001788+00:00,LibGen,LibGen.bz,DOWN,,,connection_refused,
2026-10-06T17:46:10.803634+00:00,LibGen,LibGen.bz,DOWN,,,connection_refused,
2026-10-06T17:46:51.238593+00:00,LibGen,LibGen.bz,UP,200,910,,
2026-10-06T17:47:51.289689+00:00,LibGen,LibGen.bz,UP,200,753,,
2026-10-06T17:48:52.024267+00:00,LibGen,LibGen.bz,UP,200,886,,
2026-10-06T17:49:54.253649+00:00,LibGen,LibGen.bz,UP,200,2015,,
2026-10-06T17:50:55.920189+00:00,LibGen,LibGen.bz,DEGRADED,200,3451,latency_high,
2026-10-06T17:51:54.544462+00:00,LibGen,LibGen.bz,UP,200,902,,
2026-10-06T17:52:55.008214+00:00,LibGen,LibGen.bz,UP,200,1181,,
2026-10-06T17:53:54.918964+00:00,LibGen,LibGen.bz,UP,200,891,,
2026-10-06T17:54:58.968506+00:00,LibGen,LibGen.bz,DEGRADED,200,4617,latency_high,
2026-10-06T17:55:55.952468+00:00,LibGen,LibGen.bz,UP,200,812,,
2026-10-06T17:56:58.659056+00:00,LibGen,LibGen.bz,UP,200,962,,
2026-10-06T17:57:57.166639+00:00,LibGen,LibGen.bz,UP,200,928,,
2026-10-06T17:58:57.870100+00:00,LibGen,LibGen.bz,UP,200,827,,
2026-10-06T17:59:58.639615+00:00,LibGen,LibGen.bz,UP,200,1079,,
2026-10-06T18:00:58.642969+00:00,LibGen,LibGen.bz,UP,200,1024,,
2026-10-06T18:01:59.300349+00:00,LibGen,LibGen.bz,UP,200,805,,
2026-10-06T18:03:00.088887+00:00,LibGen,LibGen.bz,UP,200,844,,
2026-10-06T18:04:00.188701+00:00,LibGen,LibGen.bz,UP,200,847,,
2026-10-06T18:05:01.548089+00:00,LibGen,LibGen.bz,UP,200,1711,,
2026-10-06T18:06:02.306078+00:00,LibGen,LibGen.bz,UP,200,1702,,
2026-10-06T18:07:02.400186+00:00,LibGen,LibGen.bz,UP,200,1032,,
2026-10-06T18:08:03.608016+00:00,LibGen,LibGen.bz,UP,200,1380,,
2026-10-06T18:09:04.192554+00:00,LibGen,LibGen.bz,UP,200,935,,
2026-10-06T18:10:04.779865+00:00,LibGen,LibGen.bz,UP,200,1244,,
2026-10-06T18:11:04.603533+00:00,LibGen,LibGen.bz,UP,200,946,,
2026-10-06T18:12:08.079858+00:00,LibGen,LibGen.bz,DEGRADED,200,3039,latency_high,
2026-10-06T18:13:06.686834+00:00,LibGen,LibGen.bz,UP,200,884,,
2026-10-06T18:14:06.772127+00:00,LibGen,LibGen.bz,UP,200,986,,
2026-10-06T18:15:06.898932+00:00,LibGen,LibGen.bz,UP,200,533,,
2026-10-06T18:16:08.831018+00:00,LibGen,LibGen.bz,UP,200,1460,,
2026-10-06T18:17:28.870052+00:00,LibGen,LibGen.bz,DEGRADED,200,20201,latency_high,
2026-10-06T18:18:09.887524+00:00,LibGen,LibGen.bz,UP,200,931,,
2026-10-06T18:19:10.914375+00:00,LibGen,LibGen.bz,UP,200,1088,,
2026-10-06T18:20:11.861607+00:00,LibGen,LibGen.bz,UP,200,1409,,
2026-10-06T18:21:13.132921+00:00,LibGen,LibGen.bz,UP,200,1037,,
2026-10-06T18:22:13.535706+00:00,LibGen,LibGen.bz,UP,200,1138,,
2026-10-06T18:23:13.824053+00:00,LibGen,LibGen.bz,UP,200,1015,,
2026-10-06T18:24:14.724780+00:00,LibGen,LibGen.bz,UP,200,790,,
2026-10-06T18:25:14.903546+00:00,LibGen,LibGen.bz,UP,200,1061,,
2026-10-06T18:26:15.983951+00:00,LibGen,LibGen.bz,UP,200,766,,
2026-10-06T18:27:16.064031+00:00,LibGen,LibGen.bz,UP,200,715,,
2026-10-06T18:28:16.943611+00:00,LibGen,LibGen.bz,UP,200,778,,
2026-10-06T18:29:17.089545+00:00,LibGen,LibGen.bz,UP,200,927,,
2026-10-06T18:30:19.004157+00:00,LibGen,LibGen.bz,UP,200,1917,,
2026-10-06T18:31:18.912721+00:00,LibGen,LibGen.bz,UP,200,1090,,
2026-10-06T18:32:19.218666+00:00,LibGen,LibGen.bz,UP,200,862,,
2026-10-06T18:33:19.808425+00:00,LibGen,LibGen.bz,UP,200,771,,
2026-10-06T18:34:22.688573+00:00,LibGen,LibGen.bz,UP,200,973,,
2026-10-06T18:35:25.827243+00:00,LibGen,LibGen.bz,DEGRADED,200,4635,latency_high,
2026-10-06T18:36:23.848170+00:00,LibGen,LibGen.bz,DEGRADED,200,3139,latency_high,
2026-10-06T18:37:23.571730+00:00,LibGen,LibGen.bz,UP,200,1831,,
2026-10-06T18:38:24.691914+00:00,LibGen,LibGen.bz,UP,200,2877,,
2026-10-06T18:39:23.886941+00:00,LibGen,LibGen.bz,UP,200,1072,,
2026-10-06T18:40:24.177627+00:00,LibGen,LibGen.bz,UP,200,1052,,
2026-10-06T18:41:24.645823+00:00,LibGen,LibGen.bz,UP,200,912,,
2026-10-06T18:42:47.059157+00:00,LibGen,LibGen.bz,DOWN,,,connection_refused,
2026-10-06T18:43:25.509848+00:00,LibGen,LibGen.bz,UP,200,797,,
2026-10-06T18:44:26.895998+00:00,LibGen,LibGen.bz,UP,200,879,,
2026-10-06T18:45:27.296832+00:00,LibGen,LibGen.bz,UP,200,960,,
2026-10-06T18:46:30.117612+00:00,LibGen,LibGen.bz,UP,200,1941,,
2026-10-06T18:47:29.105368+00:00,LibGen,LibGen.bz,UP,200,975,,
2026-10-06T18:48:27.902187+00:00,LibGen,LibGen.bz,UP,200,799,,
2026-10-06T18:49:28.206654+00:00,LibGen,LibGen.bz,UP,200,277,,
2026-10-06T18:50:30.068261+00:00,LibGen,LibGen.bz,UP,200,1149,,
2026-10-06T18:51:30.644793+00:00,LibGen,LibGen.bz,UP,200,826,,
2026-10-06T18:52:32.130049+00:00,LibGen,LibGen.bz,UP,200,1317,,
2026-10-06T18:53:32.146727+00:00,LibGen,LibGen.bz,UP,200,761,,
2026-10-06T18:54:32.489241+00:00,LibGen,LibGen.bz,UP,200,828,,
2026-10-06T18:55:33.108471+00:00,LibGen,LibGen.bz,UP,200,894,,
2026-10-06T18:56:33.505916+00:00,LibGen,LibGen.bz,UP,200,673,,
2026-10-06T18:57:33.741513+00:00,LibGen,LibGen.bz,UP,200,768,,
2026-10-06T18:58:34.350959+00:00,LibGen,LibGen.bz,UP,200,747,,
2026-10-06T18:59:35.282870+00:00,LibGen,LibGen.bz,UP,200,846,,
2026-10-06T19:00:36.105726+00:00,LibGen,LibGen.bz,UP,200,867,,
2026-10-06T19:01:36.834607+00:00,LibGen,LibGen.bz,UP,200,921,,
2026-10-06T19:02:37.392023+00:00,LibGen,LibGen.bz,UP,200,361,,
2026-10-06T19:03:37.861036+00:00,LibGen,LibGen.bz,UP,200,853,,
2026-10-06T19:04:40.726962+00:00,LibGen,LibGen.bz,DEGRADED,200,3398,latency_high,
2026-10-06T19:05:39.134272+00:00,LibGen,LibGen.bz,UP,200,1064,,
2026-10-06T19:06:39.976957+00:00,LibGen,LibGen.bz,UP,200,943,,
2026-10-06T19:08:01.057352+00:00,LibGen,LibGen.bz,DOWN,,,connection_refused,
2026-10-06T19:08:41.445991+00:00,LibGen,LibGen.bz,UP,200,998,,
2026-10-06T19:09:41.481520+00:00,LibGen,LibGen.bz,UP,200,986,,
2026-10-06T19:10:41.792698+00:00,LibGen,LibGen.bz,UP,200,1026,,
2026-10-06T19:11:42.726401+00:00,LibGen,LibGen.bz,UP,200,882,,
2026-10-06T19:12:43.516072+00:00,LibGen,LibGen.bz,UP,200,1189,,
2026-10-06T19:13:42.685080+00:00,LibGen,LibGen.bz,UP,200,360,,
2026-10-06T19:14:44.336013+00:00,LibGen,LibGen.bz,UP,200,790,,
2026-10-06T19:16:05.419062+00:00,LibGen,LibGen.bz,DOWN,,,connection_refused,
2026-10-06T19:16:45.049255+00:00,LibGen,LibGen.bz,UP,200,756,,
2026-10-06T19:17:45.662411+00:00,LibGen,LibGen.bz,UP,200,847,,
2026-10-06T19:18:48.646448+00:00,LibGen,LibGen.bz,UP,200,1173,,
2026-10-06T19:19:46.659202+00:00,LibGen,LibGen.bz,UP,200,801,,
2026-10-06T19:20:47.805813+00:00,LibGen,LibGen.bz,UP,200,893,,
2026-10-06T19:21:47.997222+00:00,LibGen,LibGen.bz,UP,200,893,,
2026-10-06T19:22:48.564350+00:00,LibGen,LibGen.bz,UP,200,861,,
2026-10-06T19:23:49.942458+00:00,LibGen,LibGen.bz,UP,200,804,,
2026-10-06T19:24:50.620590+00:00,LibGen,LibGen.bz,UP,200,801,,
2026-10-06T19:25:50.946467+00:00,LibGen,LibGen.bz,UP,200,778,,
2026-10-06T19:26:51.367771+00:00,LibGen,LibGen.bz,UP,200,857,,
2026-10-06T19:27:54.042598+00:00,LibGen,LibGen.bz,UP,200,1800,,
2026-10-06T19:28:52.910382+00:00,LibGen,LibGen.bz,UP,200,373,,
2026-10-06T19:29:52.974618+00:00,LibGen,LibGen.bz,UP,200,675,,
2026-10-06T19:30:53.771976+00:00,LibGen,LibGen.bz,UP,200,778,,
2026-10-06T19:31:55.205697+00:00,LibGen,LibGen.bz,UP,200,1102,,
2026-10-06T19:32:55.114485+00:00,LibGen,LibGen.bz,UP,200,909,,
2026-10-06T19:33:55.400868+00:00,LibGen,LibGen.bz,UP,200,744,,
2026-10-06T19:34:56.358044+00:00,LibGen,LibGen.bz,UP,200,1073,,
2026-10-06T19:35:57.649511+00:00,LibGen,LibGen.bz,UP,200,1050,,
2026-10-06T19:36:57.769666+00:00,LibGen,LibGen.bz,UP,200,1047,,
2026-10-06T19:37:58.163462+00:00,LibGen,LibGen.bz,UP,200,959,,
2026-10-06T19:38:59.180161+00:00,LibGen,LibGen.bz,UP,200,836,,
2026-10-06T19:39:59.756336+00:00,LibGen,LibGen.bz,UP,200,983,,
2026-10-06T19:41:00.135898+00:00,LibGen,LibGen.bz,UP,200,1039,,
2026-10-06T19:41:59.577968+00:00,LibGen,LibGen.bz,UP,200,762,,
2026-10-06T19:42:59.399826+00:00,LibGen,LibGen.bz,DOWN,,,connection_refused,
2026-10-06T19:44:21.333031+00:00,LibGen,LibGen.bz,DOWN,,,connection_refused,
2026-10-06T19:45:01.846547+00:00,LibGen,LibGen.bz,UP,200,1311,,
2026-10-06T19:46:01.812461+00:00,LibGen,LibGen.bz,UP,200,1114,,
2026-10-06T19:47:02.282424+00:00,LibGen,LibGen.bz,UP,200,1095,,
2026-10-06T19:48:03.937960+00:00,LibGen,LibGen.bz,UP,200,1400,,
2026-10-06T19:49:04.050516+00:00,LibGen,LibGen.bz,UP,200,1110,,
2026-10-06T19:50:05.209438+00:00,LibGen,LibGen.bz,UP,200,1309,,
2026-10-06T19:51:05.512668+00:00,LibGen,LibGen.bz,UP,200,1116,,
2026-10-06T19:52:05.846875+00:00,LibGen,LibGen.bz,UP,200,923,,
2026-10-06T19:53:06.597634+00:00,LibGen,LibGen.bz,UP,200,1030,,
2026-10-06T19:54:06.711202+00:00,LibGen,LibGen.bz,UP,200,916,,
2026-10-06T19:55:07.195937+00:00,LibGen,LibGen.bz,UP,200,1070,,
2026-10-06T19:56:08.064602+00:00,LibGen,LibGen.bz,UP,200,988,,
2026-10-06T19:57:09.207960+00:00,LibGen,LibGen.bz,UP,200,1845,,
2026-10-06T19:58:09.251364+00:00,LibGen,LibGen.bz,UP,200,918,,
2026-10-06T19:59:09.127917+00:00,LibGen,LibGen.bz,UP,200,995,,
2026-10-06T20:00:09.688936+00:00,LibGen,LibGen.bz,UP,200,1069,,
2026-10-06T20:01:13.071444+00:00,LibGen,LibGen.bz,DEGRADED,200,4069,latency_high,
2026-10-06T20:02:11.226164+00:00,LibGen,LibGen.bz,UP,200,1811,,
2026-10-06T20:03:10.019299+00:00,LibGen,LibGen.bz,UP,200,774,,
2026-10-06T20:04:10.422665+00:00,LibGen,LibGen.bz,UP,200,801,,
2026-10-06T20:05:11.037778+00:00,LibGen,LibGen.bz,UP,200,994,,
2026-10-06T20:06:11.353116+00:00,LibGen,LibGen.bz,UP,200,746,,
2026-10-06T20:07:11.389819+00:00,LibGen,LibGen.bz,UP,200,332,,
2026-10-06T20:08:12.889260+00:00,LibGen,LibGen.bz,UP,200,1001,,
2026-10-06T20:09:13.499093+00:00,LibGen,LibGen.bz,UP,200,797,,
2026-10-06T20:10:14.627075+00:00,LibGen,LibGen.bz,UP,200,1423,,
2026-10-06T20:11:14.831506+00:00,LibGen,LibGen.bz,UP,200,864,,
2026-10-06T20:12:15.501444+00:00,LibGen,LibGen.bz,UP,200,987,,
2026-10-06T20:13:16.815006+00:00,LibGen,LibGen.bz,UP,200,917,,
2026-10-06T20:14:16.749836+00:00,LibGen,LibGen.bz,UP,200,657,,
2026-10-06T20:15:17.785603+00:00,LibGen,LibGen.bz,UP,200,1208,,
2026-10-06T20:16:17.762465+00:00,LibGen,LibGen.bz,UP,200,827,,
2026-10-06T20:17:19.170715+00:00,LibGen,LibGen.bz,UP,200,795,,
2026-10-06T20:18:19.975198+00:00,LibGen,LibGen.bz,UP,200,788,,
2026-10-06T20:19:20.220959+00:00,LibGen,LibGen.bz,UP,200,923,,
2026-10-06T20:20:21.919131+00:00,LibGen,LibGen.bz,UP,200,2101,,
2026-10-06T20:21:20.645988+00:00,LibGen,LibGen.bz,UP,200,789,,
2026-10-06T20:22:21.697966+00:00,LibGen,LibGen.bz,UP,200,954,,
2026-10-06T20:23:22.748012+00:00,LibGen,LibGen.bz,UP,200,967,,
2026-10-06T20:24:23.048559+00:00,LibGen,LibGen.bz,UP,200,872,,
2026-10-06T20:25:23.619830+00:00,LibGen,LibGen.bz,UP,200,934,,
2026-10-06T20:26:44.146712+00:00,LibGen,LibGen.bz,DOWN,,,connection_refused,
2026-10-06T20:27:23.827659+00:00,LibGen,LibGen.bz,UP,200,809,,
2026-10-06T20:28:23.635251+00:00,LibGen,LibGen.bz,UP,200,727,,
2026-10-06T20:29:25.720305+00:00,LibGen,LibGen.bz,UP,200,1093,,
2026-10-06T20:30:25.058958+00:00,LibGen,LibGen.bz,UP,200,1173,,
2026-10-06T20:31:25.333475+00:00,LibGen,LibGen.bz,UP,200,831,,
2026-10-06T20:32:26.469339+00:00,LibGen,LibGen.bz,UP,200,1054,,
2026-10-06T20:33:26.726581+00:00,LibGen,LibGen.bz,UP,200,953,,
2026-10-06T20:34:27.702822+00:00,LibGen,LibGen.bz,UP,200,1058,,
2026-10-06T20:35:28.644092+00:00,LibGen,LibGen.bz,UP,200,1156,,
2026-10-06T20:36:29.299813+00:00,LibGen,LibGen.bz,UP,200,787,,
2026-10-06T20:37:30.290688+00:00,LibGen,LibGen.bz,UP,200,375,,
2026-10-06T20:38:30.476761+00:00,LibGen,LibGen.bz,UP,200,875,,
2026-10-06T20:39:31.185448+00:00,LibGen,LibGen.bz,UP,200,1321,,
2026-10-06T20:40:32.592787+00:00,LibGen,LibGen.bz,UP,200,862,,
2026-10-06T20:41:32.179305+00:00,LibGen,LibGen.bz,UP,200,802,,
2026-10-06T20:42:32.532909+00:00,LibGen,LibGen.bz,UP,200,694,,
2026-10-06T20:43:32.970567+00:00,LibGen,LibGen.bz,UP,200,693,,
2026-10-06T20:44:33.498437+00:00,LibGen,LibGen.bz,UP,200,754,,
2026-10-06T20:45:33.744469+00:00,LibGen,LibGen.bz,UP,200,805,,
2026-10-06T20:46:34.371082+00:00,LibGen,LibGen.bz,UP,200,763,,
2026-10-06T20:47:34.670543+00:00,LibGen,LibGen.bz,UP,200,639,,
2026-10-06T20:48:35.832128+00:00,LibGen,LibGen.bz,UP,200,1129,,
2026-10-06T20:49:35.747248+00:00,LibGen,LibGen.bz,UP,200,314,,
2026-10-06T20:50:36.975049+00:00,LibGen,LibGen.bz,UP,200,911,,
2026-10-06T20:51:36.948703+00:00,LibGen,LibGen.bz,UP,200,1078,,
2026-10-06T20:52:37.352819+00:00,LibGen,LibGen.bz,UP,200,730,,
2026-10-06T20:53:37.464348+00:00,LibGen,LibGen.bz,UP,200,995,,
2026-10-06T20:54:37.685636+00:00,LibGen,LibGen.bz,UP,200,726,,
2026-10-06T20:55:38.443685+00:00,LibGen,LibGen.bz,UP,200,1092,,
2026-10-06T20:56:39.387796+00:00,LibGen,LibGen.bz,UP,200,709,,
2026-10-06T20:57:39.061315+00:00,LibGen,LibGen.bz,UP,200,690,,
2026-10-06T20:58:39.262223+00:00,LibGen,LibGen.bz,UP,200,815,,
2026-10-06T20:59:39.459637+00:00,LibGen,LibGen.bz,UP,200,720,,
2026-10-06T21:00:40.177644+00:00,LibGen,LibGen.bz,UP,200,820,,
2026-10-06T21:01:41.614608+00:00,LibGen,LibGen.bz,UP,200,776,,
2026-10-06T21:02:41.065045+00:00,LibGen,LibGen.bz,UP,200,768,,
2026-10-06T21:03:41.427165+00:00,LibGen,LibGen.bz,UP,200,321,,
2026-10-06T21:04:42.011953+00:00,LibGen,LibGen.bz,UP,200,736,,
2026-10-06T21:05:45.058340+00:00,LibGen,LibGen.bz,UP,200,923,,
2026-10-06T21:06:43.290436+00:00,LibGen,LibGen.bz,UP,200,810,,
2026-10-06T21:07:43.345084+00:00,LibGen,LibGen.bz,UP,200,652,,
2026-10-06T21:08:44.438253+00:00,LibGen,LibGen.bz,UP,200,1389,,
2026-10-06T21:09:44.605624+00:00,LibGen,LibGen.bz,UP,200,1014,,
2026-10-06T21:10:45.209511+00:00,LibGen,LibGen.bz,UP,200,682,,
2026-10-06T21:11:45.956057+00:00,LibGen,LibGen.bz,UP,200,678,,
2026-10-06T21:12:45.782337+00:00,LibGen,LibGen.bz,UP,200,251,,
2026-10-06T21:13:46.201223+00:00,LibGen,LibGen.bz,UP,200,848,,
2026-10-06T21:14:48.139236+00:00,LibGen,LibGen.bz,UP,200,1845,,
2026-10-06T21:15:47.903663+00:00,LibGen,LibGen.bz,UP,200,1015,,
2026-10-06T21:16:48.390261+00:00,LibGen,LibGen.bz,UP,200,757,,
2026-10-06T21:17:48.385543+00:00,LibGen,LibGen.bz,UP,200,767,,
2026-10-06T21:18:48.971030+00:00,LibGen,LibGen.bz,UP,200,749,,
2026-10-06T21:19:49.747211+00:00,LibGen,LibGen.bz,UP,200,745,,
2026-10-06T21:20:50.407002+00:00,LibGen,LibGen.bz,UP,200,793,,
2026-10-06T21:21:50.926269+00:00,LibGen,LibGen.bz,UP,200,829,,
2026-10-06T21:22:51.351600+00:00,LibGen,LibGen.bz,UP,200,364,,
2026-10-06T21:23:53.143609+00:00,LibGen,LibGen.bz,UP,200,726,,
2026-10-06T21:24:52.887577+00:00,LibGen,LibGen.bz,UP,200,753,,
2026-10-06T21:25:53.500022+00:00,LibGen,LibGen.bz,UP,200,816,,
2026-10-06T21:26:54.483701+00:00,LibGen,LibGen.bz,UP,200,749,,
2026-10-06T21:27:57.850773+00:00,LibGen,LibGen.bz,DEGRADED,200,3829,latency_high,
2026-10-06T21:28:55.812381+00:00,LibGen,LibGen.bz,UP,200,812,,
2026-10-06T21:29:56.010367+00:00,LibGen,LibGen.bz,UP,200,287,,
2026-10-06T21:30:57.340992+00:00,LibGen,LibGen.bz,UP,200,959,,
2026-10-06T21:31:57.400867+00:00,LibGen,LibGen.bz,UP,200,829,,
2026-10-06T21:32:57.512565+00:00,LibGen,LibGen.bz,UP,200,923,,
2026-10-06T21:33:58.484442+00:00,LibGen,LibGen.bz,UP,200,632,,
2026-10-06T21:34:58.681612+00:00,LibGen,LibGen.bz,UP,200,777,,
2026-10-06T21:36:18.541722+00:00,LibGen,LibGen.bz,DOWN,,,connection_refused,
2026-10-06T21:36:59.486771+00:00,LibGen,LibGen.bz,UP,200,643,,
2026-10-06T21:38:00.909996+00:00,LibGen,LibGen.bz,UP,200,1910,,
2026-10-06T21:39:00.741538+00:00,LibGen,LibGen.bz,UP,200,1094,,
2026-10-06T21:40:01.077841+00:00,LibGen,LibGen.bz,UP,200,904,,
2026-10-06T21:41:01.785612+00:00,LibGen,LibGen.bz,UP,200,745,,
2026-10-06T21:42:01.666096+00:00,LibGen,LibGen.bz,DOWN,,,connection_refused,
2026-10-06T21:43:02.880908+00:00,LibGen,LibGen.bz,UP,200,825,,
2026-10-06T21:44:04.099856+00:00,LibGen,LibGen.bz,UP,200,953,,
2026-10-06T21:45:04.389028+00:00,LibGen,LibGen.bz,UP,200,820,,
2026-10-06T21:46:04.494068+00:00,LibGen,LibGen.bz,UP,200,822,,
2026-10-06T21:47:05.235054+00:00,LibGen,LibGen.bz,UP,200,779,,
2026-10-06T21:48:06.555956+00:00,LibGen,LibGen.bz,UP,200,803,,
2026-10-06T21:49:26.218951+00:00,LibGen,LibGen.bz,TIMEOUT,,,timeout,
2026-10-06T21:50:27.120233+00:00,LibGen,LibGen.bz,TIMEOUT,,,timeout,
2026-10-06T21:51:27.448803+00:00,LibGen,LibGen.bz,TIMEOUT,,,timeout,
2026-10-06T21:52:27.887838+00:00,LibGen,LibGen.bz,TIMEOUT,,,timeout,
2026-10-06T21:53:28.469332+00:00,LibGen,LibGen.bz,TIMEOUT,,,timeout,
2026-10-06T21:54:24.446056+00:00,LibGen,LibGen.bz,DEGRADED,200,16072,latency_high,
2026-10-06T21:55:09.854953+00:00,LibGen,LibGen.bz,UP,200,914,,
2026-10-06T21:56:11.249335+00:00,LibGen,LibGen.bz,UP,200,752,,
2026-10-06T21:57:11.377406+00:00,LibGen,LibGen.bz,UP,200,715,,
2026-10-06T21:58:12.560248+00:00,LibGen,LibGen.bz,UP,200,1408,,
2026-10-06T21:59:12.267967+00:00,LibGen,LibGen.bz,UP,200,775,,
2026-10-06T22:00:12.716650+00:00,LibGen,LibGen.bz,UP,200,812,,
2026-10-06T22:01:13.873383+00:00,LibGen,LibGen.bz,UP,200,840,,
2026-10-06T22:02:14.450242+00:00,LibGen,LibGen.bz,UP,200,851,,
2026-10-06T22:03:14.991717+00:00,LibGen,LibGen.bz,UP,200,750,,
2026-10-06T22:04:14.853376+00:00,LibGen,LibGen.bz,DOWN,,,connection_refused,
2026-10-06T22:05:17.262549+00:00,LibGen,LibGen.bz,UP,200,803,,
2026-10-06T22:06:16.857415+00:00,LibGen,LibGen.bz,UP,200,809,,
2026-10-06T22:07:17.470488+00:00,LibGen,LibGen.bz,UP,200,668,,
2026-10-06T22:08:17.877568+00:00,LibGen,LibGen.bz,UP,200,692,,
2026-10-06T22:09:22.377727+00:00,LibGen,LibGen.bz,DEGRADED,200,4508,latency_high,
2026-10-06T22:10:19.762063+00:00,LibGen,LibGen.bz,UP,200,840,,
2026-10-06T22:11:19.537242+00:00,LibGen,LibGen.bz,UP,200,805,,
2026-10-06T22:12:19.949190+00:00,LibGen,LibGen.bz,UP,200,880,,
2026-10-06T22:13:20.562995+00:00,LibGen,LibGen.bz,UP,200,780,,
2026-10-06T22:14:20.427632+00:00,LibGen,LibGen.bz,DOWN,,,connection_refused,
2026-10-06T22:15:21.855928+00:00,LibGen,LibGen.bz,UP,200,926,,
2026-10-06T22:16:22.243709+00:00,LibGen,LibGen.bz,UP,200,736,,
2026-10-06T22:17:22.032665+00:00,LibGen,LibGen.bz,DOWN,,,connection_refused,
2026-10-06T22:18:23.990606+00:00,LibGen,LibGen.bz,UP,200,815,,
2026-10-06T22:19:24.448796+00:00,LibGen,LibGen.bz,UP,200,745,,
2026-10-06T22:20:24.766859+00:00,LibGen,LibGen.bz,UP,200,666,,
2026-10-06T22:21:25.656639+00:00,LibGen,LibGen.bz,UP,200,843,,
2026-10-06T22:22:25.908943+00:00,LibGen,LibGen.bz,UP,200,765,,
2026-10-06T22:23:26.620195+00:00,LibGen,LibGen.bz,UP,200,888,,
2026-10-06T22:24:27.232611+00:00,LibGen,LibGen.bz,UP,200,696,,
2026-10-06T22:25:27.837062+00:00,LibGen,LibGen.bz,UP,200,725,,
2026-10-06T22:26:27.889483+00:00,LibGen,LibGen.bz,UP,200,258,,
2026-10-06T22:27:29.167040+00:00,LibGen,LibGen.bz,UP,200,751,,
2026-10-06T22:28:29.986708+00:00,LibGen,LibGen.bz,UP,200,801,,
2026-10-06T22:29:30.628350+00:00,LibGen,LibGen.bz,UP,200,885,,
2026-10-06T22:30:31.449256+00:00,LibGen,LibGen.bz,UP,200,935,,
2026-10-06T22:31:31.309806+00:00,LibGen,LibGen.bz,UP,200,822,,
2026-10-06T22:32:32.200368+00:00,LibGen,LibGen.bz,UP,200,926,,
2026-10-06T22:33:32.151539+00:00,LibGen,LibGen.bz,UP,200,844,,
2026-10-06T22:34:32.844666+00:00,LibGen,LibGen.bz,UP,200,712,,
2026-10-06T22:35:33.446527+00:00,LibGen,LibGen.bz,UP,200,734,,
2026-10-06T22:36:34.092688+00:00,LibGen,LibGen.bz,UP,200,639,,
2026-10-06T22:37:34.901934+00:00,LibGen,LibGen.bz,UP,200,739,,
2026-10-06T22:38:35.569350+00:00,LibGen,LibGen.bz,UP,200,858,,
2026-10-06T22:39:36.352564+00:00,LibGen,LibGen.bz,UP,200,838,,
2026-10-06T22:40:37.192500+00:00,LibGen,LibGen.bz,UP,200,816,,
2026-10-06T22:41:37.759035+00:00,LibGen,LibGen.bz,UP,200,720,,
2026-10-06T22:42:38.506168+00:00,LibGen,LibGen.bz,UP,200,670,,
2026-10-06T22:43:40.064377+00:00,LibGen,LibGen.bz,UP,200,1795,,
2026-10-06T22:44:39.237967+00:00,LibGen,LibGen.bz,UP,200,248,,
2026-10-06T22:45:39.831132+00:00,LibGen,LibGen.bz,UP,200,622,,
2026-10-06T22:46:39.992205+00:00,LibGen,LibGen.bz,UP,200,771,,
2026-10-06T22:47:40.398254+00:00,LibGen,LibGen.bz,UP,200,751,,
2026-10-06T22:48:40.459157+00:00,LibGen,LibGen.bz,DOWN,,,connection_refused,
2026-10-06T22:49:42.087529+00:00,LibGen,LibGen.bz,UP,200,726,,
2026-10-06T22:50:42.314693+00:00,LibGen,LibGen.bz,UP,200,793,,
2026-10-06T22:51:42.951684+00:00,LibGen,LibGen.bz,UP,200,711,,
2026-10-06T22:52:43.704421+00:00,LibGen,LibGen.bz,UP,200,755,,
2026-10-06T22:53:44.383222+00:00,LibGen,LibGen.bz,UP,200,619,,
2026-10-06T22:54:44.233708+00:00,LibGen,LibGen.bz,DOWN,,,connection_refused,
2026-10-06T22:55:45.479044+00:00,LibGen,LibGen.bz,UP,200,704,,
2026-10-06T22:56:45.888808+00:00,LibGen,LibGen.bz,UP,200,673,,
2026-10-06T22:57:47.040051+00:00,LibGen,LibGen.bz,UP,200,746,,
2026-10-06T22:58:47.897714+00:00,LibGen,LibGen.bz,UP,200,965,,
2026-10-06T22:59:47.836991+00:00,LibGen,LibGen.bz,UP,200,893,,
2026-10-06T23:00:48.577500+00:00,LibGen,LibGen.bz,UP,200,903,,
2026-10-06T23:01:49.263536+00:00,LibGen,LibGen.bz,UP,200,840,,
2026-10-06T23:02:50.135749+00:00,LibGen,LibGen.bz,UP,200,910,,
2026-10-06T23:03:50.349762+00:00,LibGen,LibGen.bz,UP,200,911,,
2026-10-06T23:04:50.954637+00:00,LibGen,LibGen.bz,UP,200,815,,
2026-10-06T23:05:52.000538+00:00,LibGen,LibGen.bz,UP,200,1228,,
2026-10-06T23:06:52.672486+00:00,LibGen,LibGen.bz,UP,200,983,,
2026-10-06T23:08:12.250785+00:00,LibGen,LibGen.bz,DOWN,,,connection_refused,
2026-10-06T23:08:54.935236+00:00,LibGen,LibGen.bz,UP,200,2740,,
2026-10-06T23:09:53.669529+00:00,LibGen,LibGen.bz,UP,200,772,,
2026-10-06T23:10:54.151387+00:00,LibGen,LibGen.bz,UP,200,609,,
2026-10-06T23:11:55.019660+00:00,LibGen,LibGen.bz,UP,200,985,,
2026-10-06T23:12:56.065675+00:00,LibGen,LibGen.bz,UP,200,928,,
2026-10-06T23:13:56.071897+00:00,LibGen,LibGen.bz,UP,200,820,,
2026-10-06T23:14:57.785504+00:00,LibGen,LibGen.bz,UP,200,1015,,
2026-10-06T23:15:57.435088+00:00,LibGen,LibGen.bz,UP,200,796,,
2026-10-06T23:16:58.140775+00:00,LibGen,LibGen.bz,UP,200,830,,
2026-10-06T23:17:59.079700+00:00,LibGen,LibGen.bz,UP,200,780,,
2026-10-06T23:18:59.842863+00:00,LibGen,LibGen.bz,UP,200,887,,
2026-10-06T23:20:00.447568+00:00,LibGen,LibGen.bz,UP,200,760,,
2026-10-06T23:21:01.315051+00:00,LibGen,LibGen.bz,UP,200,1371,,
2026-10-06T23:22:02.584481+00:00,LibGen,LibGen.bz,UP,200,806,,
2026-10-06T23:23:02.977874+00:00,LibGen,LibGen.bz,UP,200,897,,
2026-10-06T23:24:03.573415+00:00,LibGen,LibGen.bz,UP,200,1323,,
2026-10-06T23:25:08.595859+00:00,LibGen,LibGen.bz,DEGRADED,200,4990,latency_high,
2026-10-06T23:26:04.151521+00:00,LibGen,LibGen.bz,UP,200,843,,
2026-10-06T23:27:05.014957+00:00,LibGen,LibGen.bz,UP,200,1284,,
2026-10-06T23:28:05.328440+00:00,LibGen,LibGen.bz,UP,200,897,,
2026-10-06T23:29:06.308230+00:00,LibGen,LibGen.bz,UP,200,998,,
2026-10-06T23:30:08.752752+00:00,LibGen,LibGen.bz,UP,200,1019,,
2026-10-06T23:31:07.327079+00:00,LibGen,LibGen.bz,UP,200,331,,
2026-10-06T23:32:09.030389+00:00,LibGen,LibGen.bz,UP,200,827,,
2026-10-06T23:33:08.486590+00:00,LibGen,LibGen.bz,UP,200,875,,
2026-10-06T23:34:09.109722+00:00,LibGen,LibGen.bz,UP,200,835,,
2026-10-06T23:35:10.413561+00:00,LibGen,LibGen.bz,UP,200,1195,,
2026-10-06T23:36:10.652168+00:00,LibGen,LibGen.bz,UP,200,1214,,
2026-10-06T23:37:10.953721+00:00,LibGen,LibGen.bz,UP,200,860,,
2026-10-06T23:38:11.831974+00:00,LibGen,LibGen.bz,UP,200,891,,
2026-10-06T23:39:11.806047+00:00,LibGen,LibGen.bz,UP,200,920,,
2026-10-06T23:40:13.342157+00:00,LibGen,LibGen.bz,UP,200,1036,,
2026-10-06T23:41:13.464260+00:00,LibGen,LibGen.bz,UP,200,849,,
2026-10-06T23:42:14.214791+00:00,LibGen,LibGen.bz,UP,200,1062,,
2026-10-06T23:43:14.591462+00:00,LibGen,LibGen.bz,UP,200,1027,,
2026-10-06T23:44:14.423171+00:00,LibGen,LibGen.bz,UP,200,850,,
2026-10-06T23:45:15.329060+00:00,LibGen,LibGen.bz,UP,200,968,,
2026-10-06T23:46:15.503476+00:00,LibGen,LibGen.bz,UP,200,1002,,
2026-10-06T23:47:16.406845+00:00,LibGen,LibGen.bz,UP,200,1247,,
2026-10-06T23:48:16.563031+00:00,LibGen,LibGen.bz,UP,200,802,,
2026-10-06T23:49:17.284907+00:00,LibGen,LibGen.bz,UP,200,819,,
2026-10-06T23:50:17.966714+00:00,LibGen,LibGen.bz,UP,200,912,,
2026-10-06T23:51:18.595482+00:00,LibGen,LibGen.bz,UP,200,863,,
2026-10-06T23:52:19.098350+00:00,LibGen,LibGen.bz,UP,200,1059,,
2026-10-06T23:53:19.398841+00:00,LibGen,LibGen.bz,UP,200,883,,
2026-10-06T23:54:19.835997+00:00,LibGen,LibGen.bz,UP,200,930,,
2026-10-06T23:55:21.407901+00:00,LibGen,LibGen.bz,UP,200,870,,
2026-10-06T23:56:20.859320+00:00,LibGen,LibGen.bz,UP,200,930,,
2026-10-06T23:57:21.670750+00:00,LibGen,LibGen.bz,UP,200,799,,
2026-10-06T23:58:22.623087+00:00,LibGen,LibGen.bz,UP,200,862,,
2026-10-06T23:59:23.565544+00:00,LibGen,LibGen.bz,UP,200,748,,
2026-10-07T00:00:24.088425+00:00,LibGen,LibGen.bz,UP,200,704,,
2026-10-07T00:01:24.786104+00:00,LibGen,LibGen.bz,UP,200,640,,
2026-10-07T00:02:26.876628+00:00,LibGen,LibGen.bz,UP,200,2070,,
2026-10-07T00:03:26.852078+00:00,LibGen,LibGen.bz,UP,200,1365,,
2026-10-07T00:04:27.246891+00:00,LibGen,LibGen.bz,UP,200,769,,
2026-10-07T00:05:27.517610+00:00,LibGen,LibGen.bz,UP,200,837,,
2026-10-07T00:06:27.805010+00:00,LibGen,LibGen.bz,UP,200,1026,,
2026-10-07T00:07:28.224618+00:00,LibGen,LibGen.bz,UP,200,856,,
2026-10-07T00:08:29.326984+00:00,LibGen,LibGen.bz,UP,200,829,,
2026-10-07T00:09:29.726362+00:00,LibGen,LibGen.bz,UP,200,822,,
2026-10-07T00:10:30.554255+00:00,LibGen,LibGen.bz,UP,200,781,,
2026-10-07T00:11:41.122327+00:00,LibGen,LibGen.bz,UP,200,1272,,
2026-10-07T00:12:31.888934+00:00,LibGen,LibGen.bz,UP,200,732,,
2026-10-07T00:13:31.966073+00:00,LibGen,LibGen.bz,UP,200,717,,
2026-10-07T00:14:36.031386+00:00,LibGen,LibGen.bz,UP,200,856,,
2026-10-07T00:15:34.131211+00:00,LibGen,LibGen.bz,UP,200,1144,,
2026-10-07T00:16:34.204168+00:00,LibGen,LibGen.bz,UP,200,694,,
2026-10-07T00:17:35.003328+00:00,LibGen,LibGen.bz,UP,200,870,,
2026-10-07T00:18:35.931924+00:00,LibGen,LibGen.bz,UP,200,923,,
2026-10-07T00:19:38.028985+00:00,LibGen,LibGen.bz,UP,200,2027,,
2026-10-07T00:20:36.655195+00:00,LibGen,LibGen.bz,UP,200,938,,
2026-10-07T00:21:37.856869+00:00,LibGen,LibGen.bz,UP,200,817,,
2026-10-07T00:22:38.810018+00:00,LibGen,LibGen.bz,UP,200,1178,,
2026-10-07T00:23:38.375824+00:00,LibGen,LibGen.bz,UP,200,792,,
2026-10-07T00:24:39.388681+00:00,LibGen,LibGen.bz,UP,200,1064,,
2026-10-07T00:25:40.258114+00:00,LibGen,LibGen.bz,UP,200,1246,,
2026-10-07T00:26:40.732170+00:00,LibGen,LibGen.bz,UP,200,1128,,
2026-10-07T00:27:41.245443+00:00,LibGen,LibGen.bz,UP,200,896,,
2026-10-07T00:28:41.758327+00:00,LibGen,LibGen.bz,UP,200,791,,
2026-10-07T00:29:41.595823+00:00,LibGen,LibGen.bz,DOWN,,,connection_refused,
2026-10-07T00:30:43.215524+00:00,LibGen,LibGen.bz,UP,200,897,,
2026-10-07T00:31:44.341574+00:00,LibGen,LibGen.bz,UP,200,639,,
2026-10-07T00:32:44.653154+00:00,LibGen,LibGen.bz,UP,200,791,,
2026-10-07T00:33:45.346633+00:00,LibGen,LibGen.bz,UP,200,823,,
2026-10-07T00:34:46.197653+00:00,LibGen,LibGen.bz,UP,200,1179,,
2026-10-07T00:35:46.517051+00:00,LibGen,LibGen.bz,UP,200,832,,
2026-10-07T00:36:47.025503+00:00,LibGen,LibGen.bz,UP,200,818,,
2026-10-07T00:37:47.442683+00:00,LibGen,LibGen.bz,UP,200,746,,
2026-10-07T00:38:48.614679+00:00,LibGen,LibGen.bz,UP,200,981,,
2026-10-07T00:39:49.467712+00:00,LibGen,LibGen.bz,UP,200,949,,
2026-10-07T00:40:50.925382+00:00,LibGen,LibGen.bz,UP,200,1353,,
2026-10-07T00:41:51.908461+00:00,LibGen,LibGen.bz,UP,200,859,,
2026-10-07T00:42:51.462243+00:00,LibGen,LibGen.bz,UP,200,743,,
2026-10-07T00:43:51.998546+00:00,LibGen,LibGen.bz,UP,200,731,,
2026-10-07T00:44:52.885840+00:00,LibGen,LibGen.bz,UP,200,842,,
2026-10-07T00:45:53.649432+00:00,LibGen,LibGen.bz,UP,200,843,,
2026-10-07T00:46:53.485926+00:00,LibGen,LibGen.bz,UP,200,861,,
2026-10-07T00:47:53.397746+00:00,LibGen,LibGen.bz,DOWN,,,connection_refused,
2026-10-07T00:48:55.618146+00:00,LibGen,LibGen.bz,UP,200,1150,,
2026-10-07T00:49:55.545478+00:00,LibGen,LibGen.bz,UP,200,806,,
2026-10-07T00:50:57.414412+00:00,LibGen,LibGen.bz,UP,200,1995,,
2026-10-07T00:51:57.594557+00:00,LibGen,LibGen.bz,UP,200,865,,
2026-10-07T00:52:57.162749+00:00,LibGen,LibGen.bz,UP,200,339,,
2026-10-07T00:53:58.230031+00:00,LibGen,LibGen.bz,UP,200,869,,
2026-10-07T00:54:58.559686+00:00,LibGen,LibGen.bz,UP,200,759,,
2026-10-07T00:55:59.740568+00:00,LibGen,LibGen.bz,UP,200,848,,
2026-10-07T00:56:59.529871+00:00,LibGen,LibGen.bz,UP,200,331,,
2026-10-07T00:58:00.716737+00:00,LibGen,LibGen.bz,UP,200,751,,
2026-10-07T00:59:01.786699+00:00,LibGen,LibGen.bz,UP,200,851,,
2026-10-07T01:00:02.071669+00:00,LibGen,LibGen.bz,UP,200,1019,,
2026-10-07T01:01:02.764108+00:00,LibGen,LibGen.bz,UP,200,870,,
2026-10-07T01:02:03.899884+00:00,LibGen,LibGen.bz,UP,200,884,,
2026-10-07T01:03:04.110114+00:00,LibGen,LibGen.bz,UP,200,753,,
2026-10-07T01:04:04.758947+00:00,LibGen,LibGen.bz,UP,200,611,,
2026-10-07T01:05:05.772861+00:00,LibGen,LibGen.bz,UP,200,865,,
2026-10-07T01:06:05.598065+00:00,LibGen,LibGen.bz,DOWN,,,connection_refused,
2026-10-07T01:07:07.297974+00:00,LibGen,LibGen.bz,UP,200,908,,
2026-10-07T01:08:08.310140+00:00,LibGen,LibGen.bz,UP,200,1019,,
2026-10-07T01:09:09.922371+00:00,LibGen,LibGen.bz,UP,200,1046,,
2026-10-07T01:10:09.632674+00:00,LibGen,LibGen.bz,UP,200,955,,
2026-10-07T01:11:10.238594+00:00,LibGen,LibGen.bz,UP,200,840,,
2026-10-07T01:12:11.065954+00:00,LibGen,LibGen.bz,UP,200,1121,,
2026-10-07T01:13:10.676693+00:00,LibGen,LibGen.bz,UP,200,404,,
2026-10-07T01:14:11.520359+00:00,LibGen,LibGen.bz,UP,200,790,,
2026-10-07T01:15:11.406609+00:00,LibGen,LibGen.bz,DOWN,,,connection_refused,
2026-10-07T01:16:14.433608+00:00,LibGen,LibGen.bz,UP,200,1615,,
2026-10-07T01:17:14.474299+00:00,LibGen,LibGen.bz,UP,200,357,,
2026-10-07T01:18:15.096828+00:00,LibGen,LibGen.bz,UP,200,1401,,
2026-10-07T01:19:15.213702+00:00,LibGen,LibGen.bz,UP,200,990,,
2026-10-07T01:20:15.713502+00:00,LibGen,LibGen.bz,UP,200,983,,
2026-10-07T01:21:16.422724+00:00,LibGen,LibGen.bz,UP,200,746,,
2026-10-07T01:22:17.134431+00:00,LibGen,LibGen.bz,UP,200,916,,
2026-10-07T01:23:17.560854+00:00,LibGen,LibGen.bz,UP,200,801,,
2026-10-07T01:24:18.872676+00:00,LibGen,LibGen.bz,UP,200,736,,
2026-10-07T01:25:18.375929+00:00,LibGen,LibGen.bz,UP,200,353,,
2026-10-07T01:26:19.702188+00:00,LibGen,LibGen.bz,UP,200,872,,
2026-10-07T01:27:20.147346+00:00,LibGen,LibGen.bz,UP,200,845,,
2026-10-07T01:28:20.884379+00:00,LibGen,LibGen.bz,UP,200,989,,
2026-10-07T01:29:21.359055+00:00,LibGen,LibGen.bz,UP,200,962,,
2026-10-07T01:30:22.010884+00:00,LibGen,LibGen.bz,UP,200,822,,
2026-10-07T01:31:22.363616+00:00,LibGen,LibGen.bz,UP,200,351,,
2026-10-07T01:32:23.930646+00:00,LibGen,LibGen.bz,UP,200,906,,
2026-10-07T01:33:24.561674+00:00,LibGen,LibGen.bz,UP,200,1064,,
2026-10-07T01:34:25.175573+00:00,LibGen,LibGen.bz,UP,200,1106,,
2026-10-07T01:35:26.387684+00:00,LibGen,LibGen.bz,UP,200,1027,,
2026-10-07T01:36:27.390019+00:00,LibGen,LibGen.bz,UP,200,1519,,
2026-10-07T01:37:27.601186+00:00,LibGen,LibGen.bz,UP,200,954,,
2026-10-07T01:38:28.347966+00:00,LibGen,LibGen.bz,UP,200,978,,
2026-10-07T01:39:28.615191+00:00,LibGen,LibGen.bz,UP,200,861,,
2026-10-07T01:40:29.132122+00:00,LibGen,LibGen.bz,UP,200,1104,,
2026-10-07T01:41:33.880714+00:00,LibGen,LibGen.bz,DEGRADED,200,5397,latency_high,
2026-10-07T01:42:30.173417+00:00,LibGen,LibGen.bz,UP,200,839,,
2026-10-07T01:43:30.491192+00:00,LibGen,LibGen.bz,UP,200,1139,,
2026-10-07T01:44:30.355712+00:00,LibGen,LibGen.bz,UP,200,534,,
2026-10-07T01:45:32.366577+00:00,LibGen,LibGen.bz,UP,200,1420,,
2026-10-07T01:46:32.160316+00:00,LibGen,LibGen.bz,UP,200,882,,
2026-10-07T01:47:33.515095+00:00,LibGen,LibGen.bz,UP,200,932,,
2026-10-07T01:48:34.062406+00:00,LibGen,LibGen.bz,UP,200,936,,
2026-10-07T01:49:34.246354+00:00,LibGen,LibGen.bz,UP,200,811,,
2026-10-07T01:50:35.206547+00:00,LibGen,LibGen.bz,UP,200,882,,
2026-10-07T01:51:35.708436+00:00,LibGen,LibGen.bz,UP,200,1015,,
2026-10-07T01:52:36.416854+00:00,LibGen,LibGen.bz,UP,200,970,,
2026-10-07T01:53:37.729766+00:00,LibGen,LibGen.bz,UP,200,1326,,
2026-10-07T01:54:37.782862+00:00,LibGen,LibGen.bz,UP,200,779,,
2026-10-07T01:55:38.404144+00:00,LibGen,LibGen.bz,UP,200,709,,
2026-10-07T01:56:39.526833+00:00,LibGen,LibGen.bz,UP,200,1225,,
2026-10-07T01:57:40.066144+00:00,LibGen,LibGen.bz,UP,200,1210,,
2026-10-07T01:58:40.584851+00:00,LibGen,LibGen.bz,UP,200,1051,,
2026-10-07T01:59:41.211599+00:00,LibGen,LibGen.bz,UP,200,941,,
2026-10-07T02:00:41.445562+00:00,LibGen,LibGen.bz,UP,200,825,,
2026-10-07T02:01:42.674623+00:00,LibGen,LibGen.bz,UP,200,1193,,
2026-10-07T02:02:42.589975+00:00,LibGen,LibGen.bz,UP,200,1059,,
2026-10-07T02:03:43.401564+00:00,LibGen,LibGen.bz,UP,200,1157,,
2026-10-07T02:04:44.411950+00:00,LibGen,LibGen.bz,UP,200,1700,,
2026-10-07T02:05:44.888458+00:00,LibGen,LibGen.bz,UP,200,1238,,
2026-10-07T02:06:44.475021+00:00,LibGen,LibGen.bz,UP,200,752,,
2026-10-07T02:07:45.878564+00:00,LibGen,LibGen.bz,UP,200,1412,,
2026-10-07T02:08:45.433099+00:00,LibGen,LibGen.bz,UP,200,905,,
2026-10-07T02:09:46.198475+00:00,LibGen,LibGen.bz,UP,200,1222,,
2026-10-07T02:10:46.425627+00:00,LibGen,LibGen.bz,UP,200,415,,
2026-10-07T02:11:48.747789+00:00,LibGen,LibGen.bz,UP,200,1709,,
2026-10-07T02:12:48.322723+00:00,LibGen,LibGen.bz,UP,200,1391,,
2026-10-07T02:13:51.575783+00:00,LibGen,LibGen.bz,DEGRADED,200,4078,latency_high,
2026-10-07T02:14:48.841895+00:00,LibGen,LibGen.bz,UP,200,935,,
2026-10-07T02:15:53.237564+00:00,LibGen,LibGen.bz,DEGRADED,200,4548,latency_high,
2026-10-07T02:16:50.836400+00:00,LibGen,LibGen.bz,UP,200,1189,,
2026-10-07T02:17:50.489508+00:00,LibGen,LibGen.bz,UP,200,785,,
2026-10-07T02:18:50.399705+00:00,LibGen,LibGen.bz,DOWN,,,connection_refused,
2026-10-07T02:19:53.097013+00:00,LibGen,LibGen.bz,UP,200,836,,
2026-10-07T02:20:53.769570+00:00,LibGen,LibGen.bz,UP,200,1622,,
2026-10-07T02:21:55.058104+00:00,LibGen,LibGen.bz,UP,200,2012,,
2026-10-07T02:22:55.282054+00:00,LibGen,LibGen.bz,UP,200,1658,,
2026-10-07T02:23:55.143646+00:00,LibGen,LibGen.bz,UP,200,874,,
2026-10-07T02:24:57.464493+00:00,LibGen,LibGen.bz,DOWN,500,2507,http_error,
2026-10-07T02:25:56.638310+00:00,LibGen,LibGen.bz,UP,200,748,,
2026-10-07T02:26:57.507960+00:00,LibGen,LibGen.bz,UP,200,1131,,
2026-10-07T02:27:59.887317+00:00,LibGen,LibGen.bz,UP,200,2938,,
2026-10-07T02:29:00.429415+00:00,LibGen,LibGen.bz,DOWN,500,3076,http_error,
2026-10-07T02:30:00.969516+00:00,LibGen,LibGen.bz,UP,200,800,,
2026-10-07T02:30:58.608519+00:00,LibGen,LibGen.bz,UP,200,371,,
2026-10-07T02:32:00.110409+00:00,LibGen,LibGen.bz,UP,200,1207,,
2026-10-07T02:33:00.361448+00:00,LibGen,LibGen.bz,UP,200,1057,,
2026-10-07T02:34:05.390011+00:00,LibGen,LibGen.bz,DEGRADED,200,5108,latency_high,
2026-10-07T02:35:04.828424+00:00,LibGen,LibGen.bz,DEGRADED,200,3581,latency_high,
2026-10-07T02:36:04.242408+00:00,LibGen,LibGen.bz,UP,200,2338,,
2026-10-07T02:37:03.418496+00:00,LibGen,LibGen.bz,UP,200,837,,
2026-10-07T02:38:05.390982+00:00,LibGen,LibGen.bz,UP,200,918,,
2026-10-07T02:39:24.890866+00:00,LibGen,LibGen.bz,DOWN,,,connection_refused,
2026-10-07T02:40:05.833522+00:00,LibGen,LibGen.bz,UP,200,764,,
2026-10-07T02:41:06.025442+00:00,LibGen,LibGen.bz,UP,200,586,,
2026-10-07T02:42:06.438435+00:00,LibGen,LibGen.bz,UP,200,886,,
2026-10-07T02:43:07.466855+00:00,LibGen,LibGen.bz,UP,200,1315,,
2026-10-07T02:44:07.685275+00:00,LibGen,LibGen.bz,UP,200,988,,
2026-10-07T02:45:07.596805+00:00,LibGen,LibGen.bz,DOWN,,,connection_refused,
2026-10-07T02:46:09.510070+00:00,LibGen,LibGen.bz,UP,200,795,,
2026-10-07T02:47:09.591959+00:00,LibGen,LibGen.bz,UP,200,809,,
2026-10-07T02:48:10.299505+00:00,LibGen,LibGen.bz,UP,200,746,,
2026-10-07T02:49:12.350350+00:00,LibGen,LibGen.bz,UP,200,1076,,
2026-10-07T02:50:11.787267+00:00,LibGen,LibGen.bz,UP,200,1174,,
2026-10-07T02:51:12.083043+00:00,LibGen,LibGen.bz,UP,200,718,,
2026-10-07T02:52:13.012395+00:00,LibGen,LibGen.bz,UP,200,1098,,
2026-10-07T02:53:13.853184+00:00,LibGen,LibGen.bz,UP,200,855,,
2026-10-07T02:54:15.276337+00:00,LibGen,LibGen.bz,UP,200,1283,,
2026-10-07T02:55:14.853692+00:00,LibGen,LibGen.bz,UP,200,901,,
2026-10-07T02:56:15.300629+00:00,LibGen,LibGen.bz,UP,200,838,,
2026-10-07T02:57:15.828083+00:00,LibGen,LibGen.bz,UP,200,815,,
2026-10-07T02:58:15.882899+00:00,LibGen,LibGen.bz,UP,200,384,,
2026-10-07T02:59:17.055320+00:00,LibGen,LibGen.bz,UP,200,1052,,
2026-10-07T03:00:18.043813+00:00,LibGen,LibGen.bz,UP,200,1486,,
2026-10-07T03:01:17.809574+00:00,LibGen,LibGen.bz,UP,200,335,,
2026-10-07T03:02:19.042151+00:00,LibGen,LibGen.bz,DOWN,500,796,http_error,
2026-10-07T03:03:19.669161+00:00,LibGen,LibGen.bz,DOWN,500,733,http_error,
2026-10-07T03:04:20.431376+00:00,LibGen,LibGen.bz,DOWN,500,721,http_error,
2026-10-07T03:05:20.929008+00:00,LibGen,LibGen.bz,DOWN,500,689,http_error,
2026-10-07T03:06:21.626671+00:00,LibGen,LibGen.bz,UP,200,647,,
2026-10-07T03:07:42.299241+00:00,LibGen,LibGen.bz,TIMEOUT,,,timeout,
2026-10-07T03:08:42.531484+00:00,LibGen,LibGen.bz,TIMEOUT,,,timeout,
2026-10-07T03:09:24.172455+00:00,LibGen,LibGen.bz,UP,200,2149,,
2026-10-07T03:10:23.590550+00:00,LibGen,LibGen.bz,UP,200,904,,
2026-10-07T03:11:24.436496+00:00,LibGen,LibGen.bz,UP,200,927,,
2026-10-07T03:12:24.169068+00:00,LibGen,LibGen.bz,UP,200,483,,
2026-10-07T03:13:25.604045+00:00,LibGen,LibGen.bz,UP,200,1093,,
2026-10-07T03:14:25.885251+00:00,LibGen,LibGen.bz,UP,200,877,,
2026-10-07T03:15:26.802607+00:00,LibGen,LibGen.bz,UP,200,841,,
2026-10-07T03:16:27.482375+00:00,LibGen,LibGen.bz,UP,200,867,,
2026-10-07T03:17:28.473136+00:00,LibGen,LibGen.bz,UP,200,1242,,
2026-10-07T03:18:28.768777+00:00,LibGen,LibGen.bz,UP,200,729,,
2026-10-07T03:19:29.815642+00:00,LibGen,LibGen.bz,UP,200,907,,
2026-10-07T03:20:29.741345+00:00,LibGen,LibGen.bz,UP,200,810,,
2026-10-07T03:21:30.471190+00:00,LibGen,LibGen.bz,UP,200,829,,
2026-10-07T03:22:31.286814+00:00,LibGen,LibGen.bz,UP,200,924,,
2026-10-07T03:23:32.428759+00:00,LibGen,LibGen.bz,UP,200,1098,,
2026-10-07T03:24:33.693762+00:00,LibGen,LibGen.bz,UP,200,1582,,
2026-10-07T03:25:33.879513+00:00,LibGen,LibGen.bz,UP,200,900,,
2026-10-07T03:26:35.034625+00:00,LibGen,LibGen.bz,UP,200,949,,
2026-10-07T03:27:35.099751+00:00,LibGen,LibGen.bz,UP,200,1283,,
2026-10-07T03:28:35.547705+00:00,LibGen,LibGen.bz,UP,200,890,,
2026-10-07T03:29:36.269830+00:00,LibGen,LibGen.bz,UP,200,847,,
2026-10-07T03:30:37.240775+00:00,LibGen,LibGen.bz,UP,200,874,,
2026-10-07T03:31:39.346033+00:00,LibGen,LibGen.bz,UP,200,1952,,
2026-10-07T03:32:39.089370+00:00,LibGen,LibGen.bz,UP,200,651,,
2026-10-07T03:33:40.338590+00:00,LibGen,LibGen.bz,UP,200,901,,
2026-10-07T03:34:41.161835+00:00,LibGen,LibGen.bz,UP,200,925,,
2026-10-07T03:35:41.581907+00:00,LibGen,LibGen.bz,UP,200,968,,
2026-10-07T03:36:41.905557+00:00,LibGen,LibGen.bz,UP,200,781,,
2026-10-07T03:37:42.706130+00:00,LibGen,LibGen.bz,UP,200,807,,
2026-10-07T03:38:43.537534+00:00,LibGen,LibGen.bz,UP,200,810,,
2026-10-07T03:39:43.619987+00:00,LibGen,LibGen.bz,UP,200,321,,
2026-10-07T03:40:44.791038+00:00,LibGen,LibGen.bz,UP,200,798,,
2026-10-07T03:42:06.154837+00:00,LibGen,LibGen.bz,DOWN,,,connection_refused,
2026-10-07T03:42:47.199316+00:00,LibGen,LibGen.bz,UP,200,825,,
2026-10-07T03:43:47.146638+00:00,LibGen,LibGen.bz,UP,200,785,,
2026-10-07T03:44:47.863313+00:00,LibGen,LibGen.bz,UP,200,920,,
2026-10-07T03:45:47.802990+00:00,LibGen,LibGen.bz,DOWN,,,connection_refused,
2026-10-07T03:46:49.154397+00:00,LibGen,LibGen.bz,UP,200,729,,
2026-10-07T03:47:49.981600+00:00,LibGen,LibGen.bz,UP,200,871,,
2026-10-07T03:48:51.286958+00:00,LibGen,LibGen.bz,UP,200,945,,
2026-10-07T03:49:51.792917+00:00,LibGen,LibGen.bz,UP,200,940,,
2026-10-07T03:50:52.437390+00:00,LibGen,LibGen.bz,UP,200,820,,
2026-10-07T03:51:53.319688+00:00,LibGen,LibGen.bz,UP,200,831,,
2026-10-07T03:52:54.400230+00:00,LibGen,LibGen.bz,UP,200,973,,
2026-10-07T03:53:55.144551+00:00,LibGen,LibGen.bz,UP,200,796,,
2026-10-07T03:54:55.858212+00:00,LibGen,LibGen.bz,UP,200,915,,
2026-10-07T03:55:56.661639+00:00,LibGen,LibGen.bz,UP,200,800,,
2026-10-07T03:56:57.548450+00:00,LibGen,LibGen.bz,UP,200,888,,
2026-10-07T03:57:57.631149+00:00,LibGen,LibGen.bz,UP,200,281,,
2026-10-07T03:58:58.891083+00:00,LibGen,LibGen.bz,UP,200,922,,
2026-10-07T03:59:59.570771+00:00,LibGen,LibGen.bz,UP,200,817,,
2026-10-07T04:00:59.722885+00:00,LibGen,LibGen.bz,UP,200,868,,
2026-10-07T04:02:00.215982+00:00,LibGen,LibGen.bz,UP,200,351,,
2026-10-07T04:03:01.225396+00:00,LibGen,LibGen.bz,UP,200,897,,
2026-10-07T04:04:01.897974+00:00,LibGen,LibGen.bz,UP,200,959,,
2026-10-07T04:05:02.218615+00:00,LibGen,LibGen.bz,UP,200,1065,,
2026-10-07T04:06:01.590644+00:00,LibGen,LibGen.bz,UP,200,435,,
2026-10-07T04:07:02.830828+00:00,LibGen,LibGen.bz,UP,200,909,,
2026-10-07T04:08:03.310432+00:00,LibGen,LibGen.bz,UP,200,832,,
2026-10-07T04:09:03.901048+00:00,LibGen,LibGen.bz,UP,200,880,,
2026-10-07T04:10:04.728238+00:00,LibGen,LibGen.bz,UP,200,1119,,
2026-10-07T04:11:26.314245+00:00,LibGen,LibGen.bz,DOWN,,,connection_refused,
2026-10-07T04:12:05.681203+00:00,LibGen,LibGen.bz,UP,200,729,,
2026-10-07T04:13:06.692535+00:00,LibGen,LibGen.bz,UP,200,934,,
2026-10-07T04:14:07.224649+00:00,LibGen,LibGen.bz,UP,200,809,,
2026-10-07T04:15:07.383533+00:00,LibGen,LibGen.bz,UP,200,380,,
2026-10-07T04:16:08.516082+00:00,LibGen,LibGen.bz,UP,200,836,,
2026-10-07T04:17:08.728215+00:00,LibGen,LibGen.bz,UP,200,365,,
2026-10-07T04:18:10.001482+00:00,LibGen,LibGen.bz,UP,200,878,,
2026-10-07T04:19:09.998501+00:00,LibGen,LibGen.bz,DOWN,,,connection_refused,
2026-10-07T04:20:11.771597+00:00,LibGen,LibGen.bz,UP,200,972,,
2026-10-07T04:21:11.930591+00:00,LibGen,LibGen.bz,UP,200,932,,
2026-10-07T04:22:11.925478+00:00,LibGen,LibGen.bz,UP,200,908,,
2026-10-07T04:23:12.855666+00:00,LibGen,LibGen.bz,UP,200,933,,
2026-10-07T04:24:13.688194+00:00,LibGen,LibGen.bz,UP,200,884,,
2026-10-07T04:25:14.348632+00:00,LibGen,LibGen.bz,UP,200,945,,
2026-10-07T04:26:14.830188+00:00,LibGen,LibGen.bz,UP,200,811,,
2026-10-07T04:27:16.214400+00:00,LibGen,LibGen.bz,UP,200,847,,
2026-10-07T04:28:16.948685+00:00,LibGen,LibGen.bz,UP,200,1194,,
2026-10-07T04:29:17.362772+00:00,LibGen,LibGen.bz,UP,200,780,,
2026-10-07T04:30:18.140404+00:00,LibGen,LibGen.bz,UP,200,822,,
2026-10-07T04:31:19.101845+00:00,LibGen,LibGen.bz,UP,200,864,,
2026-10-07T04:32:19.350236+00:00,LibGen,LibGen.bz,UP,200,802,,
2026-10-07T04:33:20.217732+00:00,LibGen,LibGen.bz,UP,200,891,,
2026-10-07T04:34:20.994150+00:00,LibGen,LibGen.bz,UP,200,841,,
2026-10-07T04:35:21.858917+00:00,LibGen,LibGen.bz,UP,200,877,,
2026-10-07T04:36:22.313983+00:00,LibGen,LibGen.bz,UP,200,691,,
2026-10-07T04:37:23.177403+00:00,LibGen,LibGen.bz,UP,200,868,,
2026-10-07T04:38:24.013368+00:00,LibGen,LibGen.bz,UP,200,813,,
2026-10-07T04:39:25.039366+00:00,LibGen,LibGen.bz,UP,200,854,,
2026-10-07T04:40:25.705693+00:00,LibGen,LibGen.bz,UP,200,920,,
2026-10-07T04:41:26.291003+00:00,LibGen,LibGen.bz,UP,200,897,,
2026-10-07T04:42:27.171485+00:00,LibGen,LibGen.bz,UP,200,908,,
2026-10-07T04:43:27.577082+00:00,LibGen,LibGen.bz,UP,200,803,,
2026-10-07T04:44:27.994333+00:00,LibGen,LibGen.bz,UP,200,907,,
2026-10-07T04:45:28.381552+00:00,LibGen,LibGen.bz,UP,200,803,,
2026-10-07T04:46:29.265551+00:00,LibGen,LibGen.bz,UP,200,806,,
2026-10-07T04:47:30.200549+00:00,LibGen,LibGen.bz,UP,200,898,,
2026-10-07T04:48:31.501645+00:00,LibGen,LibGen.bz,UP,200,973,,
2026-10-07T04:49:31.600834+00:00,LibGen,LibGen.bz,UP,200,796,,
2026-10-07T04:50:32.553450+00:00,LibGen,LibGen.bz,UP,200,912,,
2026-10-07T04:51:33.349403+00:00,LibGen,LibGen.bz,UP,200,842,,
2026-10-07T04:52:34.619931+00:00,LibGen,LibGen.bz,UP,200,828,,
2026-10-07T04:53:35.011830+00:00,LibGen,LibGen.bz,UP,200,816,,
2026-10-07T04:54:35.562188+00:00,LibGen,LibGen.bz,UP,200,791,,
2026-10-07T04:55:36.376381+00:00,LibGen,LibGen.bz,UP,200,886,,
2026-10-07T04:56:37.140519+00:00,LibGen,LibGen.bz,UP,200,884,,
2026-10-07T04:57:38.100220+00:00,LibGen,LibGen.bz,UP,200,947,,
2026-10-07T04:58:38.761064+00:00,LibGen,LibGen.bz,UP,200,942,,
2026-10-07T04:59:39.519665+00:00,LibGen,LibGen.bz,UP,200,836,,
2026-10-07T05:00:40.693686+00:00,LibGen,LibGen.bz,UP,200,1129,,
2026-10-07T05:01:40.365547+00:00,LibGen,LibGen.bz,UP,200,882,,
2026-10-07T05:02:41.639225+00:00,LibGen,LibGen.bz,UP,200,1192,,
2026-10-07T05:03:43.060462+00:00,LibGen,LibGen.bz,UP,200,1924,,
2026-10-07T05:04:42.617228+00:00,LibGen,LibGen.bz,UP,200,921,,
2026-10-07T05:05:42.699797+00:00,LibGen,LibGen.bz,UP,200,408,,
2026-10-07T05:06:43.524451+00:00,LibGen,LibGen.bz,UP,200,761,,
2026-10-07T05:07:43.904029+00:00,LibGen,LibGen.bz,UP,200,790,,
2026-10-07T05:08:43.793792+00:00,LibGen,LibGen.bz,DOWN,,,connection_refused,
2026-10-07T05:09:45.243339+00:00,LibGen,LibGen.bz,UP,200,823,,
2026-10-07T05:10:46.010052+00:00,LibGen,LibGen.bz,UP,200,857,,
2026-10-07T05:11:46.769718+00:00,LibGen,LibGen.bz,UP,200,814,,
2026-10-07T05:12:46.890445+00:00,LibGen,LibGen.bz,UP,200,331,,
2026-10-07T05:13:48.070851+00:00,LibGen,LibGen.bz,UP,200,892,,
2026-10-07T05:14:48.496800+00:00,LibGen,LibGen.bz,UP,200,761,,
2026-10-07T05:15:49.612589+00:00,LibGen,LibGen.bz,UP,200,1013,,
2026-10-07T05:16:50.272182+00:00,LibGen,LibGen.bz,UP,200,781,,
2026-10-07T05:17:51.084772+00:00,LibGen,LibGen.bz,UP,200,772,,
2026-10-07T05:18:51.700667+00:00,LibGen,LibGen.bz,UP,200,411,,
2026-10-07T05:19:52.744908+00:00,LibGen,LibGen.bz,UP,200,766,,
2026-10-07T05:21:14.006376+00:00,LibGen,LibGen.bz,DOWN,,,connection_refused,
2026-10-07T05:21:54.321304+00:00,LibGen,LibGen.bz,UP,200,826,,
2026-10-07T05:22:54.761449+00:00,LibGen,LibGen.bz,UP,200,708,,
2026-10-07T05:23:55.620757+00:00,LibGen,LibGen.bz,UP,200,807,,
2026-10-07T05:24:56.614564+00:00,LibGen,LibGen.bz,UP,200,781,,
2026-10-07T05:25:56.721185+00:00,LibGen,LibGen.bz,UP,200,411,,
2026-10-07T05:26:57.760967+00:00,LibGen,LibGen.bz,UP,200,789,,
2026-10-07T05:27:58.781453+00:00,LibGen,LibGen.bz,UP,200,1005,,
2026-10-07T05:28:59.560926+00:00,LibGen,LibGen.bz,UP,200,932,,
2026-10-07T05:30:00.197350+00:00,LibGen,LibGen.bz,UP,200,828,,
2026-10-07T05:31:00.424054+00:00,LibGen,LibGen.bz,UP,200,829,,
2026-10-07T05:32:01.379971+00:00,LibGen,LibGen.bz,UP,200,883,,
2026-10-07T05:33:01.506686+00:00,LibGen,LibGen.bz,UP,200,928,,
2026-10-07T05:34:02.218409+00:00,LibGen,LibGen.bz,UP,200,952,,
2026-10-07T05:35:03.420535+00:00,LibGen,LibGen.bz,UP,200,1200,,
2026-10-07T05:36:04.006461+00:00,LibGen,LibGen.bz,UP,200,885,,
2026-10-07T05:37:04.878699+00:00,LibGen,LibGen.bz,UP,200,924,,
2026-10-07T05:38:05.574265+00:00,LibGen,LibGen.bz,UP,200,774,,
2026-10-07T05:39:06.238506+00:00,LibGen,LibGen.bz,UP,200,753,,
2026-10-07T05:40:07.018595+00:00,LibGen,LibGen.bz,UP,200,1007,,
2026-10-07T05:41:07.770219+00:00,LibGen,LibGen.bz,UP,200,782,,
2026-10-07T05:42:08.748511+00:00,LibGen,LibGen.bz,UP,200,989,,
2026-10-07T05:43:09.125199+00:00,LibGen,LibGen.bz,UP,200,776,,
2026-10-07T05:44:09.918721+00:00,LibGen,LibGen.bz,UP,200,847,,
2026-10-07T05:45:10.772598+00:00,LibGen,LibGen.bz,UP,200,895,,
2026-10-07T05:46:11.482624+00:00,LibGen,LibGen.bz,UP,200,783,,
2026-10-07T05:47:11.741143+00:00,LibGen,LibGen.bz,UP,200,521,,
2026-10-07T05:48:12.788133+00:00,LibGen,LibGen.bz,UP,200,795,,
2026-10-07T05:49:13.629132+00:00,LibGen,LibGen.bz,UP,200,785,,
2026-10-07T05:50:14.612771+00:00,LibGen,LibGen.bz,UP,200,854,,
2026-10-07T05:51:14.811597+00:00,LibGen,LibGen.bz,UP,200,301,,
2026-10-07T05:52:15.945638+00:00,LibGen,LibGen.bz,UP,200,820,,
2026-10-07T05:53:16.726441+00:00,LibGen,LibGen.bz,UP,200,865,,
2026-10-07T05:54:17.644007+00:00,LibGen,LibGen.bz,UP,200,1035,,
2026-10-07T05:55:26.327957+00:00,LibGen,LibGen.bz,DEGRADED,200,9086,latency_high,
2026-10-07T05:56:22.312499+00:00,LibGen,LibGen.bz,DEGRADED,200,3817,latency_high,
2026-10-07T05:57:19.522844+00:00,LibGen,LibGen.bz,UP,200,805,,
2026-10-07T05:58:20.131248+00:00,LibGen,LibGen.bz,UP,200,808,,
2026-10-07T05:59:20.927509+00:00,LibGen,LibGen.bz,UP,200,790,,
2026-10-07T06:00:22.093507+00:00,LibGen,LibGen.bz,UP,200,1076,,
2026-10-07T06:01:22.867835+00:00,LibGen,LibGen.bz,UP,200,918,,
2026-10-07T06:02:23.747970+00:00,LibGen,LibGen.bz,UP,200,892,,
2026-10-07T06:03:24.682548+00:00,LibGen,LibGen.bz,UP,200,960,,
2026-10-07T06:04:25.480475+00:00,LibGen,LibGen.bz,UP,200,850,,
2026-10-07T06:05:26.270628+00:00,LibGen,LibGen.bz,UP,200,899,,
2026-10-07T06:06:27.638666+00:00,LibGen,LibGen.bz,UP,200,1399,,
2026-10-07T06:07:27.895576+00:00,LibGen,LibGen.bz,UP,200,845,,
2026-10-07T06:08:28.532745+00:00,LibGen,LibGen.bz,UP,200,799,,
2026-10-07T06:09:29.433213+00:00,LibGen,LibGen.bz,UP,200,817,,
2026-10-07T06:10:29.889168+00:00,LibGen,LibGen.bz,UP,200,813,,
2026-10-07T06:11:30.117413+00:00,LibGen,LibGen.bz,UP,200,326,,
2026-10-07T06:12:32.412470+00:00,LibGen,LibGen.bz,UP,200,1871,,
2026-10-07T06:13:33.206051+00:00,LibGen,LibGen.bz,UP,200,1926,,
2026-10-07T06:14:33.039980+00:00,LibGen,LibGen.bz,UP,200,1029,,
2026-10-07T06:15:33.041608+00:00,LibGen,LibGen.bz,UP,200,904,,
2026-10-07T06:16:33.839319+00:00,LibGen,LibGen.bz,UP,200,903,,
2026-10-07T06:17:34.734639+00:00,LibGen,LibGen.bz,UP,200,952,,
2026-10-07T06:18:35.490826+00:00,LibGen,LibGen.bz,UP,200,828,,
2026-10-07T06:19:36.674789+00:00,LibGen,LibGen.bz,UP,200,1038,,
2026-10-07T06:20:37.497806+00:00,LibGen,LibGen.bz,UP,200,1006,,
2026-10-07T06:21:37.657162+00:00,LibGen,LibGen.bz,UP,200,1023,,
2026-10-07T06:22:38.692911+00:00,LibGen,LibGen.bz,UP,200,1137,,
2026-10-07T06:23:39.435511+00:00,LibGen,LibGen.bz,UP,200,925,,
2026-10-07T06:24:40.189609+00:00,LibGen,LibGen.bz,UP,200,843,,
2026-10-07T06:25:40.901067+00:00,LibGen,LibGen.bz,UP,200,807,,
2026-10-07T06:26:41.911508+00:00,LibGen,LibGen.bz,UP,200,986,,
2026-10-07T06:27:42.070080+00:00,LibGen,LibGen.bz,UP,200,943,,
2026-10-07T06:28:42.926907+00:00,LibGen,LibGen.bz,UP,200,969,,
2026-10-07T06:29:43.162466+00:00,LibGen,LibGen.bz,UP,200,806,,
2026-10-07T06:30:44.267563+00:00,LibGen,LibGen.bz,UP,200,1004,,
2026-10-07T06:31:45.122871+00:00,LibGen,LibGen.bz,UP,200,884,,
2026-10-07T06:32:45.596957+00:00,LibGen,LibGen.bz,UP,200,751,,
2026-10-07T06:33:45.596768+00:00,LibGen,LibGen.bz,DOWN,,,connection_refused,
2026-10-07T06:34:47.047455+00:00,LibGen,LibGen.bz,UP,200,717,,
2026-10-07T06:35:47.938570+00:00,LibGen,LibGen.bz,UP,200,855,,
2026-10-07T06:36:48.621199+00:00,LibGen,LibGen.bz,UP,200,926,,
2026-10-07T06:37:49.312607+00:00,LibGen,LibGen.bz,UP,200,944,,
2026-10-07T06:38:49.451098+00:00,LibGen,LibGen.bz,UP,200,939,,
2026-10-07T06:39:49.551744+00:00,LibGen,LibGen.bz,UP,200,936,,
2026-10-07T06:40:50.429204+00:00,LibGen,LibGen.bz,UP,200,945,,
2026-10-07T06:41:51.078570+00:00,LibGen,LibGen.bz,UP,200,848,,
2026-10-07T06:42:51.328739+00:00,LibGen,LibGen.bz,UP,200,742,,
2026-10-07T06:43:52.167717+00:00,LibGen,LibGen.bz,UP,200,830,,
2026-10-07T06:44:53.020079+00:00,LibGen,LibGen.bz,UP,200,911,,
2026-10-07T06:45:53.886617+00:00,LibGen,LibGen.bz,UP,200,811,,
2026-10-07T06:46:54.829714+00:00,LibGen,LibGen.bz,UP,200,879,,
2026-10-07T06:47:55.790917+00:00,LibGen,LibGen.bz,UP,200,853,,
2026-10-07T06:48:55.940372+00:00,LibGen,LibGen.bz,UP,200,929,,
2026-10-07T06:49:56.825567+00:00,LibGen,LibGen.bz,UP,200,1124,,
2026-10-07T06:50:57.505098+00:00,LibGen,LibGen.bz,UP,200,1034,,
2026-10-07T06:51:59.024671+00:00,LibGen,LibGen.bz,UP,200,995,,
2026-10-07T06:52:59.222605+00:00,LibGen,LibGen.bz,UP,200,1057,,
2026-10-07T06:53:59.872097+00:00,LibGen,LibGen.bz,UP,200,870,,
2026-10-07T06:55:00.929499+00:00,LibGen,LibGen.bz,UP,200,1097,,
2026-10-07T06:56:01.126581+00:00,LibGen,LibGen.bz,UP,200,764,,
2026-10-07T06:57:03.347799+00:00,LibGen,LibGen.bz,UP,200,2152,,
2026-10-07T06:58:02.326566+00:00,LibGen,LibGen.bz,UP,200,973,,
2026-10-07T06:59:02.998040+00:00,LibGen,LibGen.bz,UP,200,898,,
2026-10-07T07:00:04.534362+00:00,LibGen,LibGen.bz,UP,200,1346,,
2026-10-07T07:01:04.111854+00:00,LibGen,LibGen.bz,UP,200,908,,
2026-10-07T07:02:05.141949+00:00,LibGen,LibGen.bz,UP,200,1157,,
2026-10-07T07:03:05.601802+00:00,LibGen,LibGen.bz,UP,200,813,,
2026-10-07T07:04:06.043913+00:00,LibGen,LibGen.bz,UP,200,900,,
2026-10-07T07:05:07.581527+00:00,LibGen,LibGen.bz,UP,200,1037,,
2026-10-07T07:06:07.150903+00:00,LibGen,LibGen.bz,UP,200,760,,
2026-10-07T07:07:08.189850+00:00,LibGen,LibGen.bz,UP,200,985,,
2026-10-07T07:08:08.816210+00:00,LibGen,LibGen.bz,UP,200,872,,
2026-10-07T07:09:10.270500+00:00,LibGen,LibGen.bz,UP,200,1037,,
2026-10-07T07:10:10.587941+00:00,LibGen,LibGen.bz,UP,200,1049,,
2026-10-07T07:11:11.231204+00:00,LibGen,LibGen.bz,UP,200,827,,
2026-10-07T07:12:11.762012+00:00,LibGen,LibGen.bz,UP,200,649,,
2026-10-07T07:13:14.277740+00:00,LibGen,LibGen.bz,UP,200,2407,,
2026-10-07T07:14:13.367559+00:00,LibGen,LibGen.bz,UP,200,828,,
2026-10-07T07:15:14.162043+00:00,LibGen,LibGen.bz,UP,200,886,,
2026-10-07T07:16:14.930216+00:00,LibGen,LibGen.bz,UP,200,802,,
2026-10-07T07:17:15.891710+00:00,LibGen,LibGen.bz,UP,200,968,,
2026-10-07T07:18:16.589134+00:00,LibGen,LibGen.bz,UP,200,931,,
2026-10-07T07:19:17.500732+00:00,LibGen,LibGen.bz,UP,200,1007,,
2026-10-07T07:20:18.188892+00:00,LibGen,LibGen.bz,UP,200,899,,
2026-10-07T07:21:18.697681+00:00,LibGen,LibGen.bz,UP,200,1027,,
2026-10-07T07:22:19.284831+00:00,LibGen,LibGen.bz,UP,200,771,,
2026-10-07T07:23:20.206144+00:00,LibGen,LibGen.bz,UP,200,914,,
2026-10-07T07:24:20.883631+00:00,LibGen,LibGen.bz,UP,200,830,,
2026-10-07T07:25:22.527164+00:00,LibGen,LibGen.bz,UP,200,1103,,
2026-10-07T07:26:22.050006+00:00,LibGen,LibGen.bz,UP,200,972,,
2026-10-07T07:27:22.816320+00:00,LibGen,LibGen.bz,UP,200,1018,,
2026-10-07T07:28:23.129343+00:00,LibGen,LibGen.bz,UP,200,508,,
2026-10-07T07:29:23.837063+00:00,LibGen,LibGen.bz,UP,200,856,,
2026-10-07T07:30:24.888535+00:00,LibGen,LibGen.bz,UP,200,938,,
2026-10-07T07:31:25.110535+00:00,LibGen,LibGen.bz,UP,200,918,,
2026-10-07T07:32:26.956160+00:00,LibGen,LibGen.bz,UP,200,1933,,
2026-10-07T07:33:27.222569+00:00,LibGen,LibGen.bz,UP,200,1433,,
2026-10-07T07:34:27.221251+00:00,LibGen,LibGen.bz,UP,200,756,,
2026-10-07T07:35:28.139521+00:00,LibGen,LibGen.bz,UP,200,934,,
2026-10-07T07:36:28.873968+00:00,LibGen,LibGen.bz,UP,200,908,,
2026-10-07T07:37:29.578547+00:00,LibGen,LibGen.bz,UP,200,1178,,
2026-10-07T07:38:30.332608+00:00,LibGen,LibGen.bz,UP,200,861,,
2026-10-07T07:39:31.188582+00:00,LibGen,LibGen.bz,UP,200,1171,,
2026-10-07T07:40:31.741619+00:00,LibGen,LibGen.bz,UP,200,844,,
2026-10-07T07:41:32.589790+00:00,LibGen,LibGen.bz,UP,200,916,,
2026-10-07T07:42:33.635191+00:00,LibGen,LibGen.bz,UP,200,1088,,
2026-10-07T07:43:34.212744+00:00,LibGen,LibGen.bz,UP,200,781,,
2026-10-07T07:44:35.275551+00:00,LibGen,LibGen.bz,UP,200,1003,,
2026-10-07T07:45:35.958081+00:00,LibGen,LibGen.bz,UP,200,923,,
2026-10-07T07:46:36.176755+00:00,LibGen,LibGen.bz,UP,200,760,,
2026-10-07T07:47:36.850483+00:00,LibGen,LibGen.bz,UP,200,1303,,
2026-10-07T07:48:37.263093+00:00,LibGen,LibGen.bz,UP,200,868,,
2026-10-07T07:49:37.536435+00:00,LibGen,LibGen.bz,UP,200,423,,
2026-10-07T07:50:38.902517+00:00,LibGen,LibGen.bz,UP,200,883,,
2026-10-07T07:51:38.795156+00:00,LibGen,LibGen.bz,DOWN,,,connection_refused,
2026-10-07T07:52:40.290181+00:00,LibGen,LibGen.bz,UP,200,770,,
2026-10-07T07:53:41.002210+00:00,LibGen,LibGen.bz,UP,200,737,,
2026-10-07T07:54:41.983666+00:00,LibGen,LibGen.bz,UP,200,906,,
2026-10-07T07:55:42.744096+00:00,LibGen,LibGen.bz,UP,200,877,,
2026-10-07T07:56:43.779456+00:00,LibGen,LibGen.bz,UP,200,777,,
2026-10-07T07:57:44.538387+00:00,LibGen,LibGen.bz,UP,200,1242,,
2026-10-07T07:58:44.535224+00:00,LibGen,LibGen.bz,UP,200,471,,
2026-10-07T07:59:45.811410+00:00,LibGen,LibGen.bz,UP,200,968,,
2026-10-07T08:00:46.629865+00:00,LibGen,LibGen.bz,UP,200,987,,
2026-10-07T08:01:47.416609+00:00,LibGen,LibGen.bz,UP,200,965,,
2026-10-07T08:02:48.476397+00:00,LibGen,LibGen.bz,UP,200,1199,,
2026-10-07T08:03:48.861038+00:00,LibGen,LibGen.bz,UP,200,847,,
2026-10-07T08:04:49.654746+00:00,LibGen,LibGen.bz,UP,200,828,,
2026-10-07T08:05:50.431416+00:00,LibGen,LibGen.bz,UP,200,882,,
2026-10-07T08:06:51.151620+00:00,LibGen,LibGen.bz,UP,200,919,,
2026-10-07T08:07:51.874663+00:00,LibGen,LibGen.bz,UP,200,916,,
2026-10-07T08:08:52.672502+00:00,LibGen,LibGen.bz,UP,200,983,,
2026-10-07T08:09:52.831685+00:00,LibGen,LibGen.bz,UP,200,398,,
2026-10-07T08:10:54.063034+00:00,LibGen,LibGen.bz,UP,200,859,,
2026-10-07T08:11:54.963527+00:00,LibGen,LibGen.bz,UP,200,903,,
2026-10-07T08:12:55.691017+00:00,LibGen,LibGen.bz,UP,200,833,,
2026-10-07T08:13:56.449984+00:00,LibGen,LibGen.bz,UP,200,850,,
2026-10-07T08:14:57.046340+00:00,LibGen,LibGen.bz,UP,200,746,,
2026-10-07T08:15:57.945536+00:00,LibGen,LibGen.bz,UP,200,862,,
2026-10-07T08:16:59.969676+00:00,LibGen,LibGen.bz,UP,200,2148,,
2026-10-07T08:18:00.051856+00:00,LibGen,LibGen.bz,UP,200,792,,
2026-10-07T08:19:00.727920+00:00,LibGen,LibGen.bz,UP,200,1043,,
2026-10-07T08:20:01.694957+00:00,LibGen,LibGen.bz,UP,200,1246,,
2026-10-07T08:21:01.911035+00:00,LibGen,LibGen.bz,UP,200,893,,
2026-10-07T08:22:02.767627+00:00,LibGen,LibGen.bz,UP,200,979,,
2026-10-07T08:23:03.684939+00:00,LibGen,LibGen.bz,UP,200,1097,,
2026-10-07T08:24:23.784526+00:00,LibGen,LibGen.bz,TIMEOUT,,,timeout,
2026-10-07T08:25:05.226398+00:00,LibGen,LibGen.bz,UP,200,1005,,
2026-10-07T08:26:06.236199+00:00,LibGen,LibGen.bz,UP,200,1127,,
2026-10-07T08:27:06.915542+00:00,LibGen,LibGen.bz,UP,200,911,,
2026-10-07T08:28:08.019205+00:00,LibGen,LibGen.bz,UP,200,1281,,
2026-10-07T08:29:08.418595+00:00,LibGen,LibGen.bz,UP,200,1238,,
2026-10-07T08:30:08.529617+00:00,LibGen,LibGen.bz,UP,200,986,,
2026-10-07T08:31:09.338581+00:00,LibGen,LibGen.bz,UP,200,1015,,
2026-10-07T08:32:09.980220+00:00,LibGen,LibGen.bz,UP,200,873,,
2026-10-07T08:33:10.611401+00:00,LibGen,LibGen.bz,UP,200,1053,,
2026-10-07T08:34:11.237129+00:00,LibGen,LibGen.bz,UP,200,865,,
2026-10-07T08:35:12.796468+00:00,LibGen,LibGen.bz,UP,200,1161,,
2026-10-07T08:36:12.833896+00:00,LibGen,LibGen.bz,UP,200,886,,
2026-10-07T08:37:13.418050+00:00,LibGen,LibGen.bz,UP,200,1039,,
2026-10-07T08:38:14.190139+00:00,LibGen,LibGen.bz,UP,200,1014,,
2026-10-07T08:39:14.001993+00:00,LibGen,LibGen.bz,DOWN,,,connection_refused,
2026-10-07T08:40:15.695838+00:00,LibGen,LibGen.bz,UP,200,966,,
2026-10-07T08:41:16.971418+00:00,LibGen,LibGen.bz,UP,200,966,,
2026-10-07T08:42:17.158007+00:00,LibGen,LibGen.bz,UP,200,890,,
2026-10-07T08:43:17.970885+00:00,LibGen,LibGen.bz,UP,200,994,,
2026-10-07T08:44:21.113911+00:00,LibGen,LibGen.bz,DEGRADED,200,3781,latency_high,
2026-10-07T08:45:19.048514+00:00,LibGen,LibGen.bz,UP,200,996,,
2026-10-07T08:46:19.869671+00:00,LibGen,LibGen.bz,UP,200,940,,
2026-10-07T08:47:20.060866+00:00,LibGen,LibGen.bz,UP,200,891,,
2026-10-07T08:48:20.749219+00:00,LibGen,LibGen.bz,UP,200,816,,
2026-10-07T08:49:21.725082+00:00,LibGen,LibGen.bz,UP,200,1048,,
2026-10-07T08:50:21.943233+00:00,LibGen,LibGen.bz,UP,200,430,,
2026-10-07T08:51:25.788416+00:00,LibGen,LibGen.bz,DEGRADED,200,3054,latency_high,
2026-10-07T08:52:23.917679+00:00,LibGen,LibGen.bz,UP,200,878,,
2026-10-07T08:53:24.603530+00:00,LibGen,LibGen.bz,UP,200,815,,
2026-10-07T08:54:25.135652+00:00,LibGen,LibGen.bz,UP,200,849,,
2026-10-07T08:55:26.110969+00:00,LibGen,LibGen.bz,UP,200,905,,
2026-10-07T08:56:26.120110+00:00,LibGen,LibGen.bz,UP,200,833,,
2026-10-07T08:57:26.906829+00:00,LibGen,LibGen.bz,UP,200,906,,
2026-10-07T08:58:27.875618+00:00,LibGen,LibGen.bz,UP,200,1047,,
2026-10-07T08:59:28.658323+00:00,LibGen,LibGen.bz,UP,200,960,,
2026-10-07T09:00:29.537502+00:00,LibGen,LibGen.bz,UP,200,949,,
2026-10-07T09:01:30.338369+00:00,LibGen,LibGen.bz,UP,200,865,,
2026-10-07T09:02:31.207493+00:00,LibGen,LibGen.bz,UP,200,902,,
2026-10-07T09:03:31.936748+00:00,LibGen,LibGen.bz,UP,200,816,,
2026-10-07T09:04:32.614975+00:00,LibGen,LibGen.bz,UP,200,719,,
2026-10-07T09:05:33.751591+00:00,LibGen,LibGen.bz,UP,200,904,,
2026-10-07T09:06:34.575353+00:00,LibGen,LibGen.bz,UP,200,958,,
2026-10-07T09:07:35.262634+00:00,LibGen,LibGen.bz,UP,200,809,,
2026-10-07T09:08:36.082657+00:00,LibGen,LibGen.bz,UP,200,768,,
2026-10-07T09:09:37.013700+00:00,LibGen,LibGen.bz,UP,200,966,,
2026-10-07T09:10:38.748336+00:00,LibGen,LibGen.bz,UP,200,1755,,
2026-10-07T09:11:38.002179+00:00,LibGen,LibGen.bz,UP,200,981,,
2026-10-07T09:12:38.763461+00:00,LibGen,LibGen.bz,UP,200,981,,
2026-10-07T09:13:39.800133+00:00,LibGen,LibGen.bz,UP,200,1155,,
2026-10-07T09:14:39.954162+00:00,LibGen,LibGen.bz,UP,200,927,,
2026-10-07T09:15:40.052438+00:00,LibGen,LibGen.bz,UP,200,956,,
2026-10-07T09:16:40.920492+00:00,LibGen,LibGen.bz,UP,200,984,,
2026-10-07T09:17:41.710186+00:00,LibGen,LibGen.bz,UP,200,988,,
2026-10-07T09:18:42.383566+00:00,LibGen,LibGen.bz,UP,200,849,,
2026-10-07T09:19:43.284839+00:00,LibGen,LibGen.bz,UP,200,948,,
2026-10-07T09:20:44.474275+00:00,LibGen,LibGen.bz,UP,200,893,,
2026-10-07T09:21:44.971569+00:00,LibGen,LibGen.bz,UP,200,907,,
2026-10-07T09:22:45.757550+00:00,LibGen,LibGen.bz,UP,200,853,,
2026-10-07T09:23:46.448293+00:00,LibGen,LibGen.bz,UP,200,792,,
2026-10-07T09:24:47.217818+00:00,LibGen,LibGen.bz,UP,200,808,,
2026-10-07T09:25:48.014880+00:00,LibGen,LibGen.bz,UP,200,851,,
2026-10-07T09:26:48.758557+00:00,LibGen,LibGen.bz,UP,200,847,,
2026-10-07T09:27:49.608012+00:00,LibGen,LibGen.bz,UP,200,877,,
2026-10-07T09:28:50.785031+00:00,LibGen,LibGen.bz,UP,200,932,,
2026-10-07T09:29:51.184139+00:00,LibGen,LibGen.bz,UP,200,842,,
2026-10-07T09:30:51.195896+00:00,LibGen,LibGen.bz,UP,200,843,,
2026-10-07T09:31:52.450085+00:00,LibGen,LibGen.bz,UP,200,809,,
2026-10-07T09:32:52.259976+00:00,LibGen,LibGen.bz,UP,200,355,,
2026-10-07T09:33:53.932076+00:00,LibGen,LibGen.bz,UP,200,769,,
2026-10-07T09:34:53.540040+00:00,LibGen,LibGen.bz,UP,200,399,,
2026-10-07T09:35:54.962887+00:00,LibGen,LibGen.bz,UP,200,930,,
2026-10-07T09:36:57.000864+00:00,LibGen,LibGen.bz,UP,200,2009,,
2026-10-07T09:37:56.127773+00:00,LibGen,LibGen.bz,UP,200,1023,,
2026-10-07T09:38:56.830006+00:00,LibGen,LibGen.bz,UP,200,959,,
2026-10-07T09:39:57.497901+00:00,LibGen,LibGen.bz,UP,200,854,,
2026-10-07T09:40:58.561676+00:00,LibGen,LibGen.bz,UP,200,993,,
2026-10-07T09:41:59.116478+00:00,LibGen,LibGen.bz,UP,200,725,,
2026-10-07T09:42:59.725489+00:00,LibGen,LibGen.bz,UP,200,956,,
2026-10-07T09:44:00.000042+00:00,LibGen,LibGen.bz,UP,200,1170,,
2026-10-07T09:45:00.491675+00:00,LibGen,LibGen.bz,UP,200,854,,
2026-10-07T09:46:01.519522+00:00,LibGen,LibGen.bz,UP,200,941,,
2026-10-07T09:47:01.848529+00:00,LibGen,LibGen.bz,UP,200,851,,
2026-10-07T09:48:01.902024+00:00,LibGen,LibGen.bz,UP,200,842,,
2026-10-07T09:49:02.853029+00:00,LibGen,LibGen.bz,UP,200,973,,
2026-10-07T09:50:04.152851+00:00,LibGen,LibGen.bz,UP,200,1418,,
2026-10-07T09:51:04.056538+00:00,LibGen,LibGen.bz,UP,200,959,,
2026-10-07T09:52:04.838240+00:00,LibGen,LibGen.bz,UP,200,842,,
2026-10-07T09:53:05.557167+00:00,LibGen,LibGen.bz,UP,200,737,,
2026-10-07T09:54:07.051264+00:00,LibGen,LibGen.bz,UP,200,967,,
2026-10-07T09:55:07.533550+00:00,LibGen,LibGen.bz,UP,200,1243,,
2026-10-07T09:56:07.479437+00:00,LibGen,LibGen.bz,UP,200,1079,,
2026-10-07T09:57:07.901723+00:00,LibGen,LibGen.bz,UP,200,881,,
2026-10-07T09:58:08.721957+00:00,LibGen,LibGen.bz,UP,200,845,,
2026-10-07T09:59:09.651692+00:00,LibGen,LibGen.bz,UP,200,940,,
2026-10-07T10:00:10.789225+00:00,LibGen,LibGen.bz,UP,200,1126,,
2026-10-07T10:01:11.266401+00:00,LibGen,LibGen.bz,UP,200,786,,
2026-10-07T10:02:12.187792+00:00,LibGen,LibGen.bz,UP,200,794,,
2026-10-07T10:03:13.131693+00:00,LibGen,LibGen.bz,UP,200,918,,
2026-10-07T10:04:14.028568+00:00,LibGen,LibGen.bz,UP,200,919,,
2026-10-07T10:05:15.952744+00:00,LibGen,LibGen.bz,UP,200,1947,,
2026-10-07T10:06:15.778593+00:00,LibGen,LibGen.bz,UP,200,924,,
2026-10-07T10:07:16.349583+00:00,LibGen,LibGen.bz,UP,200,1087,,
2026-10-07T10:08:16.231921+00:00,LibGen,LibGen.bz,UP,200,822,,
2026-10-07T10:09:17.233675+00:00,LibGen,LibGen.bz,UP,200,922,,
2026-10-07T10:10:18.459195+00:00,LibGen,LibGen.bz,UP,200,885,,
2026-10-07T10:11:18.863152+00:00,LibGen,LibGen.bz,UP,200,997,,
2026-10-07T10:12:19.638845+00:00,LibGen,LibGen.bz,UP,200,916,,
2026-10-07T10:13:20.487993+00:00,LibGen,LibGen.bz,UP,200,907,,
2026-10-07T10:14:20.352522+00:00,LibGen,LibGen.bz,UP,200,750,,
2026-10-07T10:15:21.211354+00:00,LibGen,LibGen.bz,UP,200,802,,
2026-10-07T10:16:22.273324+00:00,LibGen,LibGen.bz,UP,200,1071,,
2026-10-07T10:17:23.037545+00:00,LibGen,LibGen.bz,UP,200,1000,,
2026-10-07T10:18:23.809548+00:00,LibGen,LibGen.bz,UP,200,904,,
2026-10-07T10:19:23.794365+00:00,LibGen,LibGen.bz,DOWN,,,connection_refused,
2026-10-07T10:20:25.623621+00:00,LibGen,LibGen.bz,UP,200,1087,,
2026-10-07T10:21:26.126583+00:00,LibGen,LibGen.bz,UP,200,779,,
2026-10-07T10:22:26.737085+00:00,LibGen,LibGen.bz,UP,200,984,,
2026-10-07T10:23:26.769519+00:00,LibGen,LibGen.bz,UP,200,1004,,
2026-10-07T10:24:27.548563+00:00,LibGen,LibGen.bz,UP,200,960,,
2026-10-07T10:25:28.212075+00:00,LibGen,LibGen.bz,UP,200,863,,
2026-10-07T10:26:28.969667+00:00,LibGen,LibGen.bz,UP,200,841,,
2026-10-07T10:27:29.800612+00:00,LibGen,LibGen.bz,UP,200,845,,
2026-10-07T10:28:30.730566+00:00,LibGen,LibGen.bz,UP,200,941,,
2026-10-07T10:29:31.512509+00:00,LibGen,LibGen.bz,UP,200,881,,
2026-10-07T10:30:32.230507+00:00,LibGen,LibGen.bz,UP,200,829,,
2026-10-07T10:31:33.333105+00:00,LibGen,LibGen.bz,UP,200,1085,,
2026-10-07T10:32:33.980949+00:00,LibGen,LibGen.bz,UP,200,891,,
2026-10-07T10:33:34.807820+00:00,LibGen,LibGen.bz,UP,200,891,,
2026-10-07T10:34:35.633656+00:00,LibGen,LibGen.bz,UP,200,860,,
2026-10-07T10:35:36.627050+00:00,LibGen,LibGen.bz,UP,200,905,,
2026-10-07T10:36:37.420515+00:00,LibGen,LibGen.bz,UP,200,742,,
2026-10-07T10:37:38.035677+00:00,LibGen,LibGen.bz,UP,200,976,,
2026-10-07T10:38:38.220405+00:00,LibGen,LibGen.bz,UP,200,1018,,
2026-10-07T10:39:39.288157+00:00,LibGen,LibGen.bz,UP,200,1358,,
2026-10-07T10:40:39.704804+00:00,LibGen,LibGen.bz,UP,200,806,,
2026-10-07T10:41:40.705019+00:00,LibGen,LibGen.bz,UP,200,842,,
2026-10-07T10:42:41.445369+00:00,LibGen,LibGen.bz,UP,200,923,,
2026-10-07T10:43:42.551761+00:00,LibGen,LibGen.bz,UP,200,672,,
2026-10-07T10:44:43.111667+00:00,LibGen,LibGen.bz,UP,200,898,,
2026-10-07T10:45:44.142372+00:00,LibGen,LibGen.bz,UP,200,1053,,
2026-10-07T10:46:43.995734+00:00,LibGen,LibGen.bz,DOWN,,,connection_refused,
2026-10-07T10:47:45.324253+00:00,LibGen,LibGen.bz,UP,200,1307,,
2026-10-07T10:48:45.892145+00:00,LibGen,LibGen.bz,UP,200,1017,,
2026-10-07T10:49:46.402496+00:00,LibGen,LibGen.bz,UP,200,732,,
2026-10-07T10:50:47.518196+00:00,LibGen,LibGen.bz,UP,200,985,,
2026-10-07T10:51:47.115029+00:00,LibGen,LibGen.bz,UP,200,806,,
2026-10-07T10:52:47.640991+00:00,LibGen,LibGen.bz,UP,200,791,,
2026-10-07T10:53:48.396059+00:00,LibGen,LibGen.bz,UP,200,768,,
2026-10-07T10:54:49.180552+00:00,LibGen,LibGen.bz,UP,200,746,,
2026-10-07T10:55:50.198787+00:00,LibGen,LibGen.bz,UP,200,891,,
2026-10-07T10:56:51.182825+00:00,LibGen,LibGen.bz,UP,200,1035,,
2026-10-07T10:57:54.464039+00:00,LibGen,LibGen.bz,DEGRADED,200,3424,latency_high,
2026-10-07T10:58:52.892163+00:00,LibGen,LibGen.bz,UP,200,904,,
2026-10-07T10:59:53.807014+00:00,LibGen,LibGen.bz,UP,200,1045,,
2026-10-07T11:00:54.656942+00:00,LibGen,LibGen.bz,UP,200,980,,
2026-10-07T11:01:55.651951+00:00,LibGen,LibGen.bz,UP,200,1106,,
2026-10-07T11:02:56.390517+00:00,LibGen,LibGen.bz,UP,200,911,,
2026-10-07T11:03:57.430657+00:00,LibGen,LibGen.bz,UP,200,1013,,
2026-10-07T11:04:58.578906+00:00,LibGen,LibGen.bz,UP,200,911,,
2026-10-07T11:05:58.934505+00:00,LibGen,LibGen.bz,UP,200,873,,
2026-10-07T11:06:59.926772+00:00,LibGen,LibGen.bz,UP,200,929,,
2026-10-07T11:08:01.181525+00:00,LibGen,LibGen.bz,UP,200,1250,,
2026-10-07T11:09:01.760317+00:00,LibGen,LibGen.bz,UP,200,909,,
2026-10-07T11:10:02.956041+00:00,LibGen,LibGen.bz,UP,200,1240,,
2026-10-07T11:11:03.066838+00:00,LibGen,LibGen.bz,UP,200,796,,
2026-10-07T11:12:03.482114+00:00,LibGen,LibGen.bz,UP,200,1043,,
2026-10-07T11:13:03.155574+00:00,LibGen,LibGen.bz,UP,200,690,,
2026-10-07T11:14:04.502483+00:00,LibGen,LibGen.bz,UP,200,1196,,
2026-10-07T11:15:05.189444+00:00,LibGen,LibGen.bz,UP,200,963,,
2026-10-07T11:16:06.355576+00:00,LibGen,LibGen.bz,UP,200,1145,,
2026-10-07T11:17:07.201385+00:00,LibGen,LibGen.bz,UP,200,1011,,
2026-10-07T11:18:07.938126+00:00,LibGen,LibGen.bz,UP,200,893,,
2026-10-07T11:19:08.808803+00:00,LibGen,LibGen.bz,UP,200,918,,
2026-10-07T11:20:09.871572+00:00,LibGen,LibGen.bz,UP,200,1107,,
2026-10-07T11:21:10.709757+00:00,LibGen,LibGen.bz,UP,200,1028,,
2026-10-07T11:22:11.416538+00:00,LibGen,LibGen.bz,UP,200,879,,
2026-10-07T11:23:12.452472+00:00,LibGen,LibGen.bz,UP,200,931,,
2026-10-07T11:24:12.902524+00:00,LibGen,LibGen.bz,UP,200,930,,
2026-10-07T11:25:14.193445+00:00,LibGen,LibGen.bz,UP,200,1991,,
2026-10-07T11:26:14.163570+00:00,LibGen,LibGen.bz,UP,200,1052,,
2026-10-07T11:27:14.880760+00:00,LibGen,LibGen.bz,UP,200,891,,
2026-10-07T11:28:15.869921+00:00,LibGen,LibGen.bz,UP,200,1023,,
2026-10-07T11:29:17.351111+00:00,LibGen,LibGen.bz,UP,200,1091,,
2026-10-07T11:30:17.105553+00:00,LibGen,LibGen.bz,UP,200,400,,
2026-10-07T11:31:18.357360+00:00,LibGen,LibGen.bz,UP,200,1610,,
2026-10-07T11:32:18.539549+00:00,LibGen,LibGen.bz,UP,200,841,,
2026-10-07T11:33:19.171010+00:00,LibGen,LibGen.bz,UP,200,995,,
2026-10-07T11:34:18.752012+00:00,LibGen,LibGen.bz,UP,200,428,,
2026-10-07T11:35:19.730636+00:00,LibGen,LibGen.bz,UP,200,937,,
2026-10-07T11:36:19.387056+00:00,LibGen,LibGen.bz,UP,200,401,,
2026-10-07T11:37:20.688597+00:00,LibGen,LibGen.bz,UP,200,848,,
2026-10-07T11:38:21.682556+00:00,LibGen,LibGen.bz,UP,200,1002,,
2026-10-07T11:39:21.554979+00:00,LibGen,LibGen.bz,UP,200,363,,
2026-10-07T11:40:22.974261+00:00,LibGen,LibGen.bz,UP,200,954,,
2026-10-07T11:41:22.956046+00:00,LibGen,LibGen.bz,UP,200,805,,
2026-10-07T11:42:24.458202+00:00,LibGen,LibGen.bz,UP,200,906,,
2026-10-07T11:43:25.444846+00:00,LibGen,LibGen.bz,UP,200,993,,
2026-10-07T11:44:25.178053+00:00,LibGen,LibGen.bz,UP,200,986,,
2026-10-07T11:45:25.939372+00:00,LibGen,LibGen.bz,UP,200,919,,
2026-10-07T11:46:27.089499+00:00,LibGen,LibGen.bz,UP,200,774,,
2026-10-07T11:47:26.777168+00:00,LibGen,LibGen.bz,UP,200,830,,
2026-10-07T11:48:27.332491+00:00,LibGen,LibGen.bz,UP,200,904,,
2026-10-07T11:49:27.244670+00:00,LibGen,LibGen.bz,UP,200,773,,
2026-10-07T11:50:28.345484+00:00,LibGen,LibGen.bz,UP,200,935,,
2026-10-07T11:51:29.151759+00:00,LibGen,LibGen.bz,UP,200,839,,
2026-10-07T11:52:30.184114+00:00,LibGen,LibGen.bz,UP,200,930,,
2026-10-07T11:53:31.091053+00:00,LibGen,LibGen.bz,UP,200,890,,
2026-10-07T11:54:31.918233+00:00,LibGen,LibGen.bz,UP,200,879,,
2026-10-07T11:55:32.570951+00:00,LibGen,LibGen.bz,UP,200,1011,,
2026-10-07T11:56:32.343911+00:00,LibGen,LibGen.bz,UP,200,311,,
2026-10-07T11:57:33.036722+00:00,LibGen,LibGen.bz,UP,200,922,,
2026-10-07T11:58:33.874836+00:00,LibGen,LibGen.bz,UP,200,838,,
2026-10-07T11:59:34.865245+00:00,LibGen,LibGen.bz,UP,200,972,,
2026-10-07T12:00:34.731184+00:00,LibGen,LibGen.bz,UP,200,390,,
2026-10-07T12:01:35.519896+00:00,LibGen,LibGen.bz,UP,200,1004,,
2026-10-07T12:02:36.442685+00:00,LibGen,LibGen.bz,UP,200,992,,
2026-10-07T12:03:37.174449+00:00,LibGen,LibGen.bz,UP,200,838,,
2026-10-07T12:04:38.144391+00:00,LibGen,LibGen.bz,UP,200,819,,
2026-10-07T12:05:38.248039+00:00,LibGen,LibGen.bz,UP,200,909,,
2026-10-07T12:06:39.177553+00:00,LibGen,LibGen.bz,UP,200,928,,
2026-10-07T12:07:40.100258+00:00,LibGen,LibGen.bz,UP,200,854,,
2026-10-07T12:08:40.561138+00:00,LibGen,LibGen.bz,UP,200,891,,
2026-10-07T12:09:41.483641+00:00,LibGen,LibGen.bz,UP,200,820,,
2026-10-07T12:10:42.312026+00:00,LibGen,LibGen.bz,UP,200,915,,
2026-10-07T12:11:42.351230+00:00,LibGen,LibGen.bz,UP,200,885,,
2026-10-07T12:12:42.935055+00:00,LibGen,LibGen.bz,UP,200,767,,
2026-10-07T12:13:44.061478+00:00,LibGen,LibGen.bz,UP,200,1101,,
2026-10-07T12:14:44.791196+00:00,LibGen,LibGen.bz,UP,200,875,,
2026-10-07T12:15:45.635025+00:00,LibGen,LibGen.bz,UP,200,951,,
2026-10-07T12:16:46.429387+00:00,LibGen,LibGen.bz,UP,200,809,,
2026-10-07T12:17:46.850904+00:00,LibGen,LibGen.bz,UP,200,793,,
2026-10-07T12:18:47.264529+00:00,LibGen,LibGen.bz,UP,200,1031,,
2026-10-07T12:19:47.913235+00:00,LibGen,LibGen.bz,UP,200,792,,
2026-10-07T12:20:48.868584+00:00,LibGen,LibGen.bz,UP,200,809,,
2026-10-07T12:21:50.127665+00:00,LibGen,LibGen.bz,UP,200,1195,,
2026-10-07T12:22:50.714517+00:00,LibGen,LibGen.bz,UP,200,905,,
2026-10-07T12:23:52.005814+00:00,LibGen,LibGen.bz,UP,200,844,,
2026-10-07T12:24:52.352353+00:00,LibGen,LibGen.bz,UP,200,822,,
2026-10-07T12:25:52.926953+00:00,LibGen,LibGen.bz,UP,200,948,,
2026-10-07T12:26:52.867835+00:00,LibGen,LibGen.bz,UP,200,723,,
2026-10-07T12:27:53.132634+00:00,LibGen,LibGen.bz,UP,200,856,,
2026-10-07T12:28:53.395126+00:00,LibGen,LibGen.bz,UP,200,967,,
2026-10-07T12:29:54.550501+00:00,LibGen,LibGen.bz,UP,200,773,,
2026-10-07T12:30:53.697990+00:00,LibGen,LibGen.bz,UP,200,299,,
2026-10-07T12:31:54.828892+00:00,LibGen,LibGen.bz,UP,200,828,,
2026-10-07T12:32:55.284908+00:00,LibGen,LibGen.bz,UP,200,969,,
2026-10-07T12:33:56.234522+00:00,LibGen,LibGen.bz,UP,200,966,,
2026-10-07T12:34:57.277898+00:00,LibGen,LibGen.bz,UP,200,1011,,
2026-10-07T12:35:57.444635+00:00,LibGen,LibGen.bz,UP,200,268,,
2026-10-07T12:36:58.783114+00:00,LibGen,LibGen.bz,UP,200,711,,
2026-10-07T12:37:59.841264+00:00,LibGen,LibGen.bz,UP,200,857,,
2026-10-07T12:39:00.614562+00:00,LibGen,LibGen.bz,UP,200,817,,
2026-10-07T12:40:00.199989+00:00,LibGen,LibGen.bz,UP,200,333,,
2026-10-07T12:41:01.061605+00:00,LibGen,LibGen.bz,UP,200,972,,
2026-10-07T12:42:01.412324+00:00,LibGen,LibGen.bz,UP,200,843,,
2026-10-07T12:43:01.584109+00:00,LibGen,LibGen.bz,UP,200,844,,
2026-10-07T12:44:03.127417+00:00,LibGen,LibGen.bz,UP,200,953,,
2026-10-07T12:45:03.061657+00:00,LibGen,LibGen.bz,UP,200,1299,,
2026-10-07T12:46:02.897646+00:00,LibGen,LibGen.bz,UP,200,901,,
2026-10-07T12:47:02.871979+00:00,LibGen,LibGen.bz,UP,200,850,,
2026-10-07T12:48:03.402030+00:00,LibGen,LibGen.bz,UP,200,885,,
2026-10-07T12:49:03.649806+00:00,LibGen,LibGen.bz,UP,200,984,,
2026-10-07T12:50:03.952061+00:00,LibGen,LibGen.bz,UP,200,1250,,
2026-10-07T12:51:03.654121+00:00,LibGen,LibGen.bz,UP,200,888,,
2026-10-07T12:52:04.265554+00:00,LibGen,LibGen.bz,UP,200,982,,
2026-10-07T12:53:04.505706+00:00,LibGen,LibGen.bz,UP,200,825,,
2026-10-07T12:54:05.587800+00:00,LibGen,LibGen.bz,UP,200,950,,
2026-10-07T12:55:05.725250+00:00,LibGen,LibGen.bz,UP,200,919,,
2026-10-07T12:56:05.647231+00:00,LibGen,LibGen.bz,UP,200,812,,
2026-10-07T12:57:06.733009+00:00,LibGen,LibGen.bz,UP,200,973,,
2026-10-07T12:58:06.222960+00:00,LibGen,LibGen.bz,UP,200,375,,
2026-10-07T12:59:07.287819+00:00,LibGen,LibGen.bz,UP,200,886,,
2026-10-07T13:00:07.864193+00:00,LibGen,LibGen.bz,UP,200,1506,,
2026-10-07T13:01:08.313765+00:00,LibGen,LibGen.bz,UP,200,1001,,
2026-10-07T13:02:08.171529+00:00,LibGen,LibGen.bz,UP,200,847,,
2026-10-07T13:03:09.268892+00:00,LibGen,LibGen.bz,UP,200,966,,
2026-10-07T13:04:09.452912+00:00,LibGen,LibGen.bz,UP,200,1059,,
2026-10-07T13:05:10.862108+00:00,LibGen,LibGen.bz,UP,200,1379,,
2026-10-07T13:06:11.751051+00:00,LibGen,LibGen.bz,UP,200,1009,,
2026-10-07T13:07:11.789855+00:00,LibGen,LibGen.bz,UP,200,969,,
2026-10-07T13:08:12.010627+00:00,LibGen,LibGen.bz,UP,200,932,,
2026-10-07T13:09:12.066696+00:00,LibGen,LibGen.bz,UP,200,968,,
2026-10-07T13:10:12.615623+00:00,LibGen,LibGen.bz,UP,200,980,,
2026-10-07T13:11:13.154130+00:00,LibGen,LibGen.bz,UP,200,935,,
2026-10-07T13:12:13.996990+00:00,LibGen,LibGen.bz,UP,200,803,,
2026-10-07T13:13:14.230612+00:00,LibGen,LibGen.bz,UP,200,960,,
2026-10-07T13:14:14.047868+00:00,LibGen,LibGen.bz,UP,200,710,,
2026-10-07T13:15:14.595752+00:00,LibGen,LibGen.bz,UP,200,1167,,
2026-10-07T13:16:14.632574+00:00,LibGen,LibGen.bz,UP,200,572,,
2026-10-07T13:17:15.017411+00:00,LibGen,LibGen.bz,UP,200,935,,
2026-10-07T13:18:15.010751+00:00,LibGen,LibGen.bz,UP,200,741,,
2026-10-07T13:19:16.144634+00:00,LibGen,LibGen.bz,UP,200,970,,
2026-10-07T13:20:17.201557+00:00,LibGen,LibGen.bz,UP,200,1033,,
2026-10-07T13:21:17.186274+00:00,LibGen,LibGen.bz,UP,200,919,,
2026-10-07T13:22:17.068321+00:00,LibGen,LibGen.bz,UP,200,289,,
2026-10-07T13:23:17.406527+00:00,LibGen,LibGen.bz,UP,200,414,,
2026-10-07T13:24:18.791032+00:00,LibGen,LibGen.bz,UP,200,877,,
2026-10-07T13:25:19.860545+00:00,LibGen,LibGen.bz,UP,200,978,,
2026-10-07T13:26:20.698555+00:00,LibGen,LibGen.bz,UP,200,860,,
2026-10-07T13:27:20.929798+00:00,LibGen,LibGen.bz,UP,200,915,,
2026-10-07T13:28:21.577144+00:00,LibGen,LibGen.bz,UP,200,1053,,
2026-10-07T13:29:21.778226+00:00,LibGen,LibGen.bz,UP,200,812,,
2026-10-07T13:30:22.613239+00:00,LibGen,LibGen.bz,UP,200,936,,
2026-10-07T13:31:22.396785+00:00,LibGen,LibGen.bz,DOWN,,,connection_refused,
2026-10-07T13:32:23.480421+00:00,LibGen,LibGen.bz,UP,200,1010,,
2026-10-07T13:33:23.560589+00:00,LibGen,LibGen.bz,UP,200,950,,
2026-10-07T13:34:24.341558+00:00,LibGen,LibGen.bz,UP,200,1114,,
2026-10-07T13:35:24.894883+00:00,LibGen,LibGen.bz,UP,200,850,,
2026-10-07T13:36:24.665607+00:00,LibGen,LibGen.bz,UP,200,951,,
2026-10-07T13:37:25.070819+00:00,LibGen,LibGen.bz,UP,200,864,,
2026-10-07T13:38:25.515444+00:00,LibGen,LibGen.bz,UP,200,987,,
2026-10-07T13:39:26.469395+00:00,LibGen,LibGen.bz,UP,200,954,,
2026-10-07T13:40:26.547180+00:00,LibGen,LibGen.bz,UP,200,929,,
2026-10-07T13:41:27.089975+00:00,LibGen,LibGen.bz,UP,200,901,,
2026-10-07T13:42:27.440265+00:00,LibGen,LibGen.bz,UP,200,854,,
2026-10-07T13:43:28.577069+00:00,LibGen,LibGen.bz,UP,200,998,,
2026-10-07T13:44:28.888696+00:00,LibGen,LibGen.bz,UP,200,800,,
2026-10-07T13:45:29.088195+00:00,LibGen,LibGen.bz,UP,200,812,,
2026-10-07T13:46:29.183027+00:00,LibGen,LibGen.bz,UP,200,862,,
2026-10-07T13:47:29.626764+00:00,LibGen,LibGen.bz,UP,200,1248,,
2026-10-07T13:48:29.271602+00:00,LibGen,LibGen.bz,UP,200,369,,
2026-10-07T13:49:30.034137+00:00,LibGen,LibGen.bz,UP,200,891,,
2026-10-07T13:50:30.243474+00:00,LibGen,LibGen.bz,UP,200,861,,
2026-10-07T13:51:30.731315+00:00,LibGen,LibGen.bz,UP,200,865,,
2026-10-07T13:52:31.247381+00:00,LibGen,LibGen.bz,UP,200,1111,,
2026-10-07T13:53:31.099972+00:00,LibGen,LibGen.bz,DOWN,500,826,http_error,
2026-10-07T13:54:32.015146+00:00,LibGen,LibGen.bz,DOWN,500,778,http_error,
2026-10-07T13:55:32.927832+00:00,LibGen,LibGen.bz,UP,200,1084,,
2026-10-07T13:56:32.428682+00:00,LibGen,LibGen.bz,UP,200,284,,
2026-10-07T13:57:33.545472+00:00,LibGen,LibGen.bz,UP,200,925,,
2026-10-07T13:58:33.651981+00:00,LibGen,LibGen.bz,UP,200,839,,
2026-10-07T13:59:33.533647+00:00,LibGen,LibGen.bz,UP,200,675,,
2026-10-07T14:00:34.032556+00:00,LibGen,LibGen.bz,UP,200,930,,
2026-10-07T14:01:33.634585+00:00,LibGen,LibGen.bz,UP,200,344,,
2026-10-07T14:02:35.076883+00:00,LibGen,LibGen.bz,UP,200,845,,
2026-10-07T14:03:35.113410+00:00,LibGen,LibGen.bz,UP,200,360,,
2026-10-07T14:04:36.474512+00:00,LibGen,LibGen.bz,UP,200,901,,
2026-10-07T14:05:36.177768+00:00,LibGen,LibGen.bz,UP,200,916,,
2026-10-07T14:06:36.659246+00:00,LibGen,LibGen.bz,UP,200,1223,,
2026-10-07T14:07:36.523648+00:00,LibGen,LibGen.bz,UP,200,725,,
2026-10-07T14:08:36.829063+00:00,LibGen,LibGen.bz,UP,200,893,,
2026-10-07T14:09:36.940640+00:00,LibGen,LibGen.bz,UP,200,980,,
2026-10-07T14:10:37.384775+00:00,LibGen,LibGen.bz,UP,200,931,,
2026-10-07T14:11:37.378003+00:00,LibGen,LibGen.bz,UP,200,803,,
2026-10-07T14:12:37.287764+00:00,LibGen,LibGen.bz,UP,200,690,,
2026-10-07T14:13:38.454183+00:00,LibGen,LibGen.bz,UP,200,872,,
2026-10-07T14:14:38.940743+00:00,LibGen,LibGen.bz,UP,200,851,,
2026-10-07T14:15:38.699653+00:00,LibGen,LibGen.bz,UP,200,339,,
2026-10-07T14:16:40.202651+00:00,LibGen,LibGen.bz,UP,200,886,,
2026-10-07T14:17:40.163258+00:00,LibGen,LibGen.bz,UP,200,821,,
2026-10-07T14:18:40.280786+00:00,LibGen,LibGen.bz,UP,200,720,,
2026-10-07T14:19:40.998837+00:00,LibGen,LibGen.bz,UP,200,924,,
2026-10-07T14:20:41.205649+00:00,LibGen,LibGen.bz,UP,200,908,,
2026-10-07T14:21:41.163379+00:00,LibGen,LibGen.bz,UP,200,824,,
2026-10-07T14:22:41.287146+00:00,LibGen,LibGen.bz,UP,200,945,,
2026-10-07T14:23:41.918066+00:00,LibGen,LibGen.bz,UP,200,995,,
2026-10-07T14:24:41.954617+00:00,LibGen,LibGen.bz,UP,200,860,,
2026-10-07T14:25:42.020018+00:00,LibGen,LibGen.bz,UP,200,786,,
2026-10-07T14:26:42.986815+00:00,LibGen,LibGen.bz,UP,200,902,,
2026-10-07T14:27:43.477527+00:00,LibGen,LibGen.bz,UP,200,1669,,
2026-10-07T14:28:42.952244+00:00,LibGen,LibGen.bz,UP,200,763,,
2026-10-07T14:29:42.917767+00:00,LibGen,LibGen.bz,UP,200,731,,
2026-10-07T14:30:42.992536+00:00,LibGen,LibGen.bz,UP,200,760,,
2026-10-07T14:31:43.552251+00:00,LibGen,LibGen.bz,UP,200,823,,
2026-10-07T14:32:44.134470+00:00,LibGen,LibGen.bz,UP,200,955,,
2026-10-07T14:33:44.377679+00:00,LibGen,LibGen.bz,UP,200,1066,,
2026-10-07T14:34:44.981631+00:00,LibGen,LibGen.bz,UP,200,1160,,
2026-10-07T14:35:45.101497+00:00,LibGen,LibGen.bz,UP,200,1027,,
2026-10-07T14:36:45.041046+00:00,LibGen,LibGen.bz,UP,200,903,,
2026-10-07T14:37:45.014261+00:00,LibGen,LibGen.bz,UP,200,859,,
2026-10-07T14:38:45.818744+00:00,LibGen,LibGen.bz,UP,200,1117,,
2026-10-07T14:39:46.241233+00:00,LibGen,LibGen.bz,UP,200,1073,,
2026-10-07T14:40:46.629906+00:00,LibGen,LibGen.bz,UP,200,1421,,
2026-10-07T14:41:46.936904+00:00,LibGen,LibGen.bz,UP,200,773,,
2026-10-07T14:42:47.289747+00:00,LibGen,LibGen.bz,UP,200,610,,
2026-10-07T14:43:47.745432+00:00,LibGen,LibGen.bz,UP,200,1037,,
2026-10-07T14:44:47.309226+00:00,LibGen,LibGen.bz,UP,200,603,,
2026-10-07T14:45:48.568601+00:00,LibGen,LibGen.bz,DOWN,500,925,http_error,
2026-10-07T14:46:48.515116+00:00,LibGen,LibGen.bz,UP,200,795,,
2026-10-07T14:47:49.254021+00:00,LibGen,LibGen.bz,UP,200,1038,,
2026-10-07T14:48:49.724746+00:00,LibGen,LibGen.bz,UP,200,984,,
2026-10-07T14:49:50.608506+00:00,LibGen,LibGen.bz,UP,200,941,,
2026-10-07T14:50:50.926796+00:00,LibGen,LibGen.bz,UP,200,790,,
2026-10-07T14:51:50.666873+00:00,LibGen,LibGen.bz,UP,200,964,,
2026-10-07T14:52:51.172965+00:00,LibGen,LibGen.bz,UP,200,1050,,
2026-10-07T14:53:51.527196+00:00,LibGen,LibGen.bz,UP,200,841,,
2026-10-07T14:54:51.676651+00:00,LibGen,LibGen.bz,UP,200,828,,
2026-10-07T14:55:51.755609+00:00,LibGen,LibGen.bz,UP,200,809,,
2026-10-07T14:56:51.892390+00:00,LibGen,LibGen.bz,UP,200,778,,
2026-10-07T14:57:52.221640+00:00,LibGen,LibGen.bz,UP,200,1018,,
2026-10-07T14:58:52.108506+00:00,LibGen,LibGen.bz,UP,200,858,,
2026-10-07T14:59:52.583453+00:00,LibGen,LibGen.bz,UP,200,824,,
2026-10-07T15:00:52.860494+00:00,LibGen,LibGen.bz,UP,200,840,,
2026-10-07T15:01:53.861544+00:00,LibGen,LibGen.bz,UP,200,847,,
2026-10-07T15:02:54.206188+00:00,LibGen,LibGen.bz,UP,200,1012,,
2026-10-07T15:03:54.501644+00:00,LibGen,LibGen.bz,UP,200,797,,
2026-10-07T15:04:54.811561+00:00,LibGen,LibGen.bz,UP,200,931,,
2026-10-07T15:05:54.787170+00:00,LibGen,LibGen.bz,UP,200,875,,
2026-10-07T15:06:55.278598+00:00,LibGen,LibGen.bz,UP,200,798,,
2026-10-07T15:07:56.004440+00:00,LibGen,LibGen.bz,UP,200,878,,
2026-10-07T15:08:55.908218+00:00,LibGen,LibGen.bz,UP,200,792,,
2026-10-07T15:09:56.138522+00:00,LibGen,LibGen.bz,UP,200,964,,
2026-10-07T15:10:56.245624+00:00,LibGen,LibGen.bz,UP,200,909,,
2026-10-07T15:11:57.619121+00:00,LibGen,LibGen.bz,UP,200,839,,
2026-10-07T15:12:57.365339+00:00,LibGen,LibGen.bz,UP,200,936,,
2026-10-07T15:13:58.038590+00:00,LibGen,LibGen.bz,UP,200,1014,,
2026-10-07T15:14:58.510853+00:00,LibGen,LibGen.bz,UP,200,863,,
2026-10-07T15:15:58.166536+00:00,LibGen,LibGen.bz,UP,200,327,,
2026-10-07T15:16:58.002877+00:00,LibGen,LibGen.bz,DOWN,,,connection_refused,
2026-10-07T15:17:59.310516+00:00,LibGen,LibGen.bz,UP,200,941,,
2026-10-07T15:18:59.155024+00:00,LibGen,LibGen.bz,UP,200,789,,
2026-10-07T15:19:59.736144+00:00,LibGen,LibGen.bz,UP,200,872,,
2026-10-07T15:21:00.180100+00:00,LibGen,LibGen.bz,UP,200,940,,
2026-10-07T15:22:00.293348+00:00,LibGen,LibGen.bz,UP,200,862,,
2026-10-07T15:23:00.161572+00:00,LibGen,LibGen.bz,UP,200,278,,
2026-10-07T15:24:00.578460+00:00,LibGen,LibGen.bz,UP,200,965,,
2026-10-07T15:25:00.987511+00:00,LibGen,LibGen.bz,UP,200,896,,
2026-10-07T15:26:01.404504+00:00,LibGen,LibGen.bz,UP,200,1068,,
2026-10-07T15:27:02.602627+00:00,LibGen,LibGen.bz,UP,200,859,,
2026-10-07T15:28:03.352190+00:00,LibGen,LibGen.bz,UP,200,1054,,
2026-10-07T15:29:03.729759+00:00,LibGen,LibGen.bz,UP,200,913,,
2026-10-07T15:30:04.501700+00:00,LibGen,LibGen.bz,UP,200,1579,,
2026-10-07T15:31:04.313867+00:00,LibGen,LibGen.bz,UP,200,834,,
2026-10-07T15:32:27.776875+00:00,LibGen,LibGen.bz,DOWN,,,connection_refused,
2026-10-07T15:33:04.934513+00:00,LibGen,LibGen.bz,UP,200,969,,
2026-10-07T15:34:05.002872+00:00,LibGen,LibGen.bz,UP,200,800,,
2026-10-07T15:35:06.136004+00:00,LibGen,LibGen.bz,UP,200,1655,,
2026-10-07T15:36:05.432558+00:00,LibGen,LibGen.bz,UP,200,628,,
2026-10-07T15:37:05.163598+00:00,LibGen,LibGen.bz,UP,200,309,,
2026-10-07T15:38:07.317493+00:00,LibGen,LibGen.bz,UP,200,899,,
2026-10-07T15:39:07.950752+00:00,LibGen,LibGen.bz,UP,200,1162,,
2026-10-07T15:40:11.564714+00:00,LibGen,LibGen.bz,DEGRADED,200,4277,latency_high,
2026-10-07T15:41:07.901320+00:00,LibGen,LibGen.bz,UP,200,887,,
2026-10-07T15:42:07.135499+00:00,LibGen,LibGen.bz,UP,200,853,,
2026-10-07T15:43:07.675925+00:00,LibGen,LibGen.bz,UP,200,946,,
2026-10-07T15:44:08.132783+00:00,LibGen,LibGen.bz,UP,200,781,,
2026-10-07T15:45:08.036923+00:00,LibGen,LibGen.bz,UP,200,1089,,
2026-10-07T15:46:09.384721+00:00,LibGen,LibGen.bz,UP,200,1404,,
2026-10-07T15:47:09.438595+00:00,LibGen,LibGen.bz,UP,200,967,,
2026-10-07T15:48:09.459635+00:00,LibGen,LibGen.bz,UP,200,849,,
2026-10-07T15:49:10.411747+00:00,LibGen,LibGen.bz,UP,200,843,,
2026-10-07T15:50:11.857688+00:00,LibGen,LibGen.bz,UP,200,1235,,
2026-10-07T15:51:10.186720+00:00,LibGen,LibGen.bz,UP,200,949,,
2026-10-07T15:52:10.596552+00:00,LibGen,LibGen.bz,UP,200,833,,
2026-10-07T15:53:10.979722+00:00,LibGen,LibGen.bz,UP,200,825,,
2026-10-07T15:54:12.055424+00:00,LibGen,LibGen.bz,UP,200,927,,
2026-10-07T15:55:11.891640+00:00,LibGen,LibGen.bz,UP,200,1037,,
2026-10-07T15:56:12.269760+00:00,LibGen,LibGen.bz,UP,200,797,,
2026-10-07T15:57:12.324638+00:00,LibGen,LibGen.bz,UP,200,821,,
2026-10-07T15:58:12.396589+00:00,LibGen,LibGen.bz,UP,200,882,,
2026-10-07T15:59:13.121132+00:00,LibGen,LibGen.bz,UP,200,1250,,
2026-10-07T16:00:13.702818+00:00,LibGen,LibGen.bz,UP,200,896,,
2026-10-07T16:01:13.694180+00:00,LibGen,LibGen.bz,UP,200,843,,
2026-10-07T16:02:14.518242+00:00,LibGen,LibGen.bz,UP,200,948,,
2026-10-07T16:03:14.653563+00:00,LibGen,LibGen.bz,UP,200,1069,,
2026-10-07T16:04:14.832608+00:00,LibGen,LibGen.bz,UP,200,681,,
2026-10-07T16:05:15.380485+00:00,LibGen,LibGen.bz,UP,200,922,,
2026-10-07T16:06:15.573533+00:00,LibGen,LibGen.bz,UP,200,904,,
2026-10-07T16:07:15.217498+00:00,LibGen,LibGen.bz,UP,200,890,,
2026-10-07T16:08:15.564818+00:00,LibGen,LibGen.bz,UP,200,990,,
2026-10-07T16:09:16.192577+00:00,LibGen,LibGen.bz,UP,200,856,,
2026-10-07T16:10:17.452578+00:00,LibGen,LibGen.bz,UP,200,1139,,
2026-10-07T16:11:16.825901+00:00,LibGen,LibGen.bz,UP,200,858,,
2026-10-07T16:12:16.438585+00:00,LibGen,LibGen.bz,UP,200,275,,
2026-10-07T16:13:18.117026+00:00,LibGen,LibGen.bz,UP,200,857,,
2026-10-07T16:14:17.267589+00:00,LibGen,LibGen.bz,UP,200,867,,
2026-10-07T16:15:18.068931+00:00,LibGen,LibGen.bz,UP,200,1024,,
2026-10-07T16:16:19.296348+00:00,LibGen,LibGen.bz,UP,200,761,,
2026-10-07T16:17:18.369480+00:00,LibGen,LibGen.bz,UP,200,888,,
2026-10-07T16:18:19.116272+00:00,LibGen,LibGen.bz,UP,200,1171,,
2026-10-07T16:19:19.037572+00:00,LibGen,LibGen.bz,UP,200,926,,
2026-10-07T16:20:19.504658+00:00,LibGen,LibGen.bz,UP,200,299,,
2026-10-07T16:21:20.145208+00:00,LibGen,LibGen.bz,UP,200,1148,,
2026-10-07T16:22:19.578709+00:00,LibGen,LibGen.bz,UP,200,992,,
2026-10-07T16:23:19.522974+00:00,LibGen,LibGen.bz,UP,200,876,,
2026-10-07T16:24:20.125625+00:00,LibGen,LibGen.bz,UP,200,887,,
2026-10-07T16:25:20.572580+00:00,LibGen,LibGen.bz,UP,200,824,,
2026-10-07T16:26:20.578742+00:00,LibGen,LibGen.bz,UP,200,817,,
2026-10-07T16:27:20.132562+00:00,LibGen,LibGen.bz,UP,200,269,,
2026-10-07T16:28:21.894429+00:00,LibGen,LibGen.bz,UP,200,1030,,
2026-10-07T16:29:22.093806+00:00,LibGen,LibGen.bz,UP,200,1159,,
2026-10-07T16:30:21.835121+00:00,LibGen,LibGen.bz,UP,200,771,,
2026-10-07T16:31:22.037581+00:00,LibGen,LibGen.bz,UP,200,794,,
2026-10-07T16:32:22.789739+00:00,LibGen,LibGen.bz,UP,200,837,,
2026-10-07T16:33:23.340807+00:00,LibGen,LibGen.bz,UP,200,1012,,
2026-10-07T16:34:23.247428+00:00,LibGen,LibGen.bz,UP,200,925,,
2026-10-07T16:35:22.829808+00:00,LibGen,LibGen.bz,UP,200,283,,
2026-10-07T16:36:23.427248+00:00,LibGen,LibGen.bz,UP,200,293,,
2026-10-07T16:37:24.183617+00:00,LibGen,LibGen.bz,UP,200,883,,
2026-10-07T16:38:25.025602+00:00,LibGen,LibGen.bz,UP,200,863,,
2026-10-07T16:39:24.907209+00:00,LibGen,LibGen.bz,UP,200,959,,
2026-10-07T16:40:24.946265+00:00,LibGen,LibGen.bz,UP,200,885,,
2026-10-07T16:41:25.862975+00:00,LibGen,LibGen.bz,UP,200,763,,
2026-10-07T16:42:46.595821+00:00,LibGen,LibGen.bz,DOWN,,,connection_refused,
2026-10-07T16:43:26.374032+00:00,LibGen,LibGen.bz,UP,200,942,,
2026-10-07T16:44:26.446612+00:00,LibGen,LibGen.bz,UP,200,986,,
2026-10-07T16:45:26.725793+00:00,LibGen,LibGen.bz,UP,200,981,,
2026-10-07T16:46:28.560249+00:00,LibGen,LibGen.bz,UP,200,1297,,
2026-10-07T16:47:27.119636+00:00,LibGen,LibGen.bz,UP,200,319,,
2026-10-07T16:48:27.914099+00:00,LibGen,LibGen.bz,UP,200,919,,
2026-10-07T16:49:29.019697+00:00,LibGen,LibGen.bz,UP,200,1379,,
2026-10-07T16:50:29.174467+00:00,LibGen,LibGen.bz,UP,200,759,,
2026-10-07T16:51:29.707943+00:00,LibGen,LibGen.bz,UP,200,1059,,
2026-10-07T16:52:29.624432+00:00,LibGen,LibGen.bz,UP,200,948,,
2026-10-07T16:53:29.506554+00:00,LibGen,LibGen.bz,UP,200,743,,
2026-10-07T16:54:30.142117+00:00,LibGen,LibGen.bz,UP,200,852,,
2026-10-07T16:55:30.499494+00:00,LibGen,LibGen.bz,UP,200,844,,
2026-10-07T16:56:31.305214+00:00,LibGen,LibGen.bz,UP,200,877,,
2026-10-07T16:57:30.632586+00:00,LibGen,LibGen.bz,UP,200,860,,
2026-10-07T16:58:30.379586+00:00,LibGen,LibGen.bz,UP,200,820,,
2026-10-07T16:59:31.080789+00:00,LibGen,LibGen.bz,UP,200,843,,
2026-10-07T17:00:32.076360+00:00,LibGen,LibGen.bz,UP,200,742,,
2026-10-07T17:01:32.200801+00:00,LibGen,LibGen.bz,UP,200,861,,
2026-10-07T17:02:31.752179+00:00,LibGen,LibGen.bz,UP,200,307,,
2026-10-07T17:03:32.399868+00:00,LibGen,LibGen.bz,UP,200,801,,
2026-10-07T17:04:34.620485+00:00,LibGen,LibGen.bz,UP,200,865,,
2026-10-07T17:05:44.903859+00:00,LibGen,LibGen.bz,DEGRADED,200,12422,latency_high,
2026-10-07T17:06:33.619774+00:00,LibGen,LibGen.bz,UP,200,834,,
2026-10-07T17:07:36.494439+00:00,LibGen,LibGen.bz,UP,200,2900,,
2026-10-07T17:08:35.354480+00:00,LibGen,LibGen.bz,UP,200,896,,
2026-10-07T17:09:35.412190+00:00,LibGen,LibGen.bz,UP,200,334,,
2026-10-07T17:10:35.650618+00:00,LibGen,LibGen.bz,UP,200,1039,,
2026-10-07T17:11:56.190938+00:00,LibGen,LibGen.bz,DOWN,,,connection_refused,
2026-10-07T17:12:35.890901+00:00,LibGen,LibGen.bz,UP,200,991,,
2026-10-07T17:13:36.050654+00:00,LibGen,LibGen.bz,UP,200,952,,
2026-10-07T17:14:36.584651+00:00,LibGen,LibGen.bz,UP,200,1230,,
2026-10-07T17:15:39.629985+00:00,LibGen,LibGen.bz,DEGRADED,200,3806,latency_high,
2026-10-07T17:16:37.083674+00:00,LibGen,LibGen.bz,UP,200,880,,
2026-10-07T17:17:38.214382+00:00,LibGen,LibGen.bz,UP,200,1904,,
2026-10-07T17:18:37.728170+00:00,LibGen,LibGen.bz,UP,200,924,,
2026-10-07T17:19:38.256232+00:00,LibGen,LibGen.bz,UP,200,883,,
2026-10-07T17:20:38.315975+00:00,LibGen,LibGen.bz,UP,200,1067,,
2026-10-07T17:21:58.323498+00:00,LibGen,LibGen.bz,DOWN,,,connection_refused,
2026-10-07T17:22:38.304119+00:00,LibGen,LibGen.bz,UP,200,904,,
2026-10-07T17:23:41.473622+00:00,LibGen,LibGen.bz,DEGRADED,200,4013,latency_high,
2026-10-07T17:24:38.680648+00:00,LibGen,LibGen.bz,UP,200,730,,
2026-10-07T17:25:39.261191+00:00,LibGen,LibGen.bz,UP,200,874,,
2026-10-07T17:26:39.432832+00:00,LibGen,LibGen.bz,UP,200,836,,
2026-10-07T17:27:44.391681+00:00,LibGen,LibGen.bz,DEGRADED,200,4751,latency_high,
2026-10-07T17:28:40.343200+00:00,LibGen,LibGen.bz,UP,200,949,,
2026-10-07T17:29:41.031645+00:00,LibGen,LibGen.bz,UP,200,1301,,
2026-10-07T17:30:45.506094+00:00,LibGen,LibGen.bz,DEGRADED,200,4948,latency_high,
2026-10-07T17:31:41.575162+00:00,LibGen,LibGen.bz,UP,200,825,,
2026-10-07T17:32:42.261567+00:00,LibGen,LibGen.bz,UP,200,880,,
2026-10-07T17:33:41.959111+00:00,LibGen,LibGen.bz,UP,200,858,,
2026-10-07T17:34:43.131573+00:00,LibGen,LibGen.bz,UP,200,910,,
2026-10-07T17:35:43.064408+00:00,LibGen,LibGen.bz,UP,200,297,,
2026-10-07T17:36:43.314429+00:00,LibGen,LibGen.bz,UP,200,944,,
2026-10-07T17:37:43.348168+00:00,LibGen,LibGen.bz,UP,200,766,,
2026-10-07T17:38:43.501530+00:00,LibGen,LibGen.bz,UP,200,863,,
2026-10-07T17:39:46.899791+00:00,LibGen,LibGen.bz,DEGRADED,200,3488,latency_high,
2026-10-07T17:40:44.630369+00:00,LibGen,LibGen.bz,UP,200,805,,
2026-10-07T17:41:47.101461+00:00,LibGen,LibGen.bz,UP,200,863,,
2026-10-07T17:42:45.078648+00:00,LibGen,LibGen.bz,UP,200,900,,
2026-10-07T17:43:53.332911+00:00,LibGen,LibGen.bz,DEGRADED,200,8549,latency_high,
2026-10-07T17:44:46.050202+00:00,LibGen,LibGen.bz,UP,200,1048,,
2026-10-07T17:45:46.724543+00:00,LibGen,LibGen.bz,UP,200,930,,
2026-10-07T17:46:46.358080+00:00,LibGen,LibGen.bz,UP,200,899,,
2026-10-07T17:47:46.954916+00:00,LibGen,LibGen.bz,UP,200,947,,
2026-10-07T17:48:47.864203+00:00,LibGen,LibGen.bz,UP,200,885,,
2026-10-07T17:49:47.298725+00:00,LibGen,LibGen.bz,UP,200,281,,
2026-10-07T17:50:47.864102+00:00,LibGen,LibGen.bz,UP,200,829,,
2026-10-07T17:51:48.583767+00:00,LibGen,LibGen.bz,UP,200,947,,
2026-10-07T17:52:50.129423+00:00,LibGen,LibGen.bz,UP,200,1064,,
2026-10-07T17:53:48.578090+00:00,LibGen,LibGen.bz,UP,200,633,,
2026-10-07T17:54:49.436222+00:00,LibGen,LibGen.bz,UP,200,821,,
2026-10-07T17:55:49.303219+00:00,LibGen,LibGen.bz,UP,200,930,,
2026-10-07T17:56:49.753398+00:00,LibGen,LibGen.bz,UP,200,795,,
2026-10-07T17:57:50.372316+00:00,LibGen,LibGen.bz,UP,200,858,,
2026-10-07T17:58:50.432537+00:00,LibGen,LibGen.bz,UP,200,299,,
2026-10-07T17:59:51.624392+00:00,LibGen,LibGen.bz,UP,200,889,,
2026-10-07T18:00:52.308956+00:00,LibGen,LibGen.bz,UP,200,951,,
2026-10-07T18:01:51.687819+00:00,LibGen,LibGen.bz,UP,200,803,,
2026-10-07T18:02:51.648264+00:00,LibGen,LibGen.bz,UP,200,831,,
2026-10-07T18:04:12.210122+00:00,LibGen,LibGen.bz,DOWN,,,connection_refused,
2026-10-07T18:04:52.086498+00:00,LibGen,LibGen.bz,UP,200,900,,
2026-10-07T18:05:53.885605+00:00,LibGen,LibGen.bz,UP,200,1019,,
2026-10-07T18:06:52.620602+00:00,LibGen,LibGen.bz,UP,200,771,,
2026-10-07T18:07:52.993026+00:00,LibGen,LibGen.bz,UP,200,947,,
2026-10-07T18:08:52.925928+00:00,LibGen,LibGen.bz,UP,200,839,,
2026-10-07T18:09:53.660611+00:00,LibGen,LibGen.bz,UP,200,1002,,
2026-10-07T18:10:54.587186+00:00,LibGen,LibGen.bz,UP,200,873,,
2026-10-07T18:11:58.759893+00:00,LibGen,LibGen.bz,DEGRADED,200,4358,latency_high,
2026-10-07T18:12:57.076341+00:00,LibGen,LibGen.bz,UP,200,1433,,
2026-10-07T18:13:56.887347+00:00,LibGen,LibGen.bz,UP,200,883,,
2026-10-07T18:14:56.278104+00:00,LibGen,LibGen.bz,UP,200,1008,,
2026-10-07T18:15:56.550425+00:00,LibGen,LibGen.bz,UP,200,918,,
2026-10-07T18:16:57.587580+00:00,LibGen,LibGen.bz,UP,200,829,,
2026-10-07T18:17:56.658894+00:00,LibGen,LibGen.bz,UP,200,370,,
2026-10-07T18:18:56.650862+00:00,LibGen,LibGen.bz,UP,200,321,,
2026-10-07T18:19:57.655786+00:00,LibGen,LibGen.bz,UP,200,843,,
2026-10-07T18:20:58.155599+00:00,LibGen,LibGen.bz,UP,200,916,,
2026-10-07T18:21:58.636894+00:00,LibGen,LibGen.bz,UP,200,864,,
2026-10-07T18:22:58.724679+00:00,LibGen,LibGen.bz,UP,200,768,,
2026-10-07T18:24:00.682135+00:00,LibGen,LibGen.bz,UP,200,1023,,
2026-10-07T18:24:59.751166+00:00,LibGen,LibGen.bz,UP,200,901,,
2026-10-07T18:26:00.335459+00:00,LibGen,LibGen.bz,UP,200,974,,
2026-10-07T18:27:00.413574+00:00,LibGen,LibGen.bz,UP,200,868,,
2026-10-07T18:28:01.359182+00:00,LibGen,LibGen.bz,UP,200,907,,
2026-10-07T18:29:01.701954+00:00,LibGen,LibGen.bz,UP,200,870,,
2026-10-07T18:30:01.458974+00:00,LibGen,LibGen.bz,UP,200,997,,
2026-10-07T18:31:01.945890+00:00,LibGen,LibGen.bz,UP,200,319,,
2026-10-07T18:32:03.879094+00:00,LibGen,LibGen.bz,UP,200,2408,,
2026-10-07T18:33:02.835001+00:00,LibGen,LibGen.bz,UP,200,848,,
2026-10-07T18:34:03.624518+00:00,LibGen,LibGen.bz,UP,200,1116,,
2026-10-07T18:35:04.273692+00:00,LibGen,LibGen.bz,UP,200,330,,
2026-10-07T18:36:03.620267+00:00,LibGen,LibGen.bz,UP,200,799,,
2026-10-07T18:37:04.696385+00:00,LibGen,LibGen.bz,UP,200,1161,,
2026-10-07T18:38:06.103479+00:00,LibGen,LibGen.bz,UP,200,1888,,
2026-10-07T18:39:05.404028+00:00,LibGen,LibGen.bz,UP,200,923,,
2026-10-07T18:40:05.533959+00:00,LibGen,LibGen.bz,UP,200,1278,,
2026-10-07T18:41:06.048944+00:00,LibGen,LibGen.bz,UP,200,777,,
2026-10-07T18:42:05.938917+00:00,LibGen,LibGen.bz,UP,200,822,,
2026-10-07T18:43:07.466667+00:00,LibGen,LibGen.bz,UP,200,1016,,
2026-10-07T18:44:07.481777+00:00,LibGen,LibGen.bz,UP,200,969,,
2026-10-07T18:45:07.156618+00:00,LibGen,LibGen.bz,UP,200,1093,,
2026-10-07T18:46:08.240168+00:00,LibGen,LibGen.bz,UP,200,959,,
2026-10-07T18:47:07.974225+00:00,LibGen,LibGen.bz,UP,200,1021,,
2026-10-07T18:48:08.082620+00:00,LibGen,LibGen.bz,UP,200,885,,
2026-10-07T18:49:08.719723+00:00,LibGen,LibGen.bz,UP,200,1201,,
2026-10-07T18:50:09.027637+00:00,LibGen,LibGen.bz,UP,200,1081,,
2026-10-07T18:51:11.687831+00:00,LibGen,LibGen.bz,UP,200,938,,
2026-10-07T18:52:09.512439+00:00,LibGen,LibGen.bz,UP,200,888,,
2026-10-07T18:53:09.483739+00:00,LibGen,LibGen.bz,UP,200,812,,
2026-10-07T18:54:10.291067+00:00,LibGen,LibGen.bz,UP,200,383,,
2026-10-07T18:55:10.512264+00:00,LibGen,LibGen.bz,UP,200,896,,
2026-10-07T18:56:10.528058+00:00,LibGen,LibGen.bz,UP,200,766,,
2026-10-07T18:57:11.404255+00:00,LibGen,LibGen.bz,UP,200,957,,
2026-10-07T18:58:11.445424+00:00,LibGen,LibGen.bz,UP,200,953,,
2026-10-07T18:59:11.804453+00:00,LibGen,LibGen.bz,UP,200,879,,
2026-10-07T19:00:12.114665+00:00,LibGen,LibGen.bz,UP,200,1003,,
2026-10-07T19:01:13.098740+00:00,LibGen,LibGen.bz,UP,200,1338,,
2026-10-07T19:02:13.200684+00:00,LibGen,LibGen.bz,UP,200,925,,
2026-10-07T19:03:14.030593+00:00,LibGen,LibGen.bz,UP,200,922,,
2026-10-07T19:04:14.273176+00:00,LibGen,LibGen.bz,UP,200,846,,
2026-10-07T19:05:14.055516+00:00,LibGen,LibGen.bz,UP,200,877,,
2026-10-07T19:06:13.614119+00:00,LibGen,LibGen.bz,UP,200,341,,
2026-10-07T19:07:14.347609+00:00,LibGen,LibGen.bz,UP,200,911,,
2026-10-07T19:08:14.831381+00:00,LibGen,LibGen.bz,UP,200,881,,
2026-10-07T19:09:15.562090+00:00,LibGen,LibGen.bz,UP,200,835,,
2026-10-07T19:10:16.054761+00:00,LibGen,LibGen.bz,UP,200,1003,,
2026-10-07T19:11:16.510950+00:00,LibGen,LibGen.bz,UP,200,1066,,
2026-10-07T19:12:16.212146+00:00,LibGen,LibGen.bz,UP,200,634,,
2026-10-07T19:13:17.376308+00:00,LibGen,LibGen.bz,UP,200,924,,
2026-10-07T19:14:16.558159+00:00,LibGen,LibGen.bz,UP,200,751,,
2026-10-07T19:15:17.468578+00:00,LibGen,LibGen.bz,UP,200,1018,,
2026-10-07T19:16:21.588081+00:00,LibGen,LibGen.bz,DEGRADED,200,3952,latency_high,
2026-10-07T19:17:18.533747+00:00,LibGen,LibGen.bz,UP,200,888,,
2026-10-07T19:18:18.918068+00:00,LibGen,LibGen.bz,UP,200,919,,
2026-10-07T19:19:20.898647+00:00,LibGen,LibGen.bz,UP,200,941,,
2026-10-07T19:20:20.815267+00:00,LibGen,LibGen.bz,UP,200,944,,
2026-10-07T19:21:20.577640+00:00,LibGen,LibGen.bz,UP,200,955,,
2026-10-07T19:22:20.638774+00:00,LibGen,LibGen.bz,UP,200,848,,
2026-10-07T19:23:20.851586+00:00,LibGen,LibGen.bz,UP,200,889,,
2026-10-07T19:24:21.299113+00:00,LibGen,LibGen.bz,UP,200,827,,
2026-10-07T19:25:21.003842+00:00,LibGen,LibGen.bz,UP,200,307,,
2026-10-07T19:26:22.053798+00:00,LibGen,LibGen.bz,UP,200,1099,,
2026-10-07T19:27:22.422407+00:00,LibGen,LibGen.bz,UP,200,967,,
2026-10-07T19:28:23.435448+00:00,LibGen,LibGen.bz,UP,200,1063,,
2026-10-07T19:29:23.200655+00:00,LibGen,LibGen.bz,UP,200,728,,
2026-10-07T19:30:24.623541+00:00,LibGen,LibGen.bz,UP,200,1943,,
2026-10-07T19:31:23.585107+00:00,LibGen,LibGen.bz,UP,200,352,,
2026-10-07T19:32:44.441429+00:00,LibGen,LibGen.bz,DOWN,,,connection_refused,
2026-10-07T19:33:24.302843+00:00,LibGen,LibGen.bz,UP,200,750,,
2026-10-07T19:34:24.722821+00:00,LibGen,LibGen.bz,UP,200,650,,
2026-10-07T19:35:24.868447+00:00,LibGen,LibGen.bz,UP,200,896,,
2026-10-07T19:36:25.517509+00:00,LibGen,LibGen.bz,UP,200,773,,
2026-10-07T19:37:25.369749+00:00,LibGen,LibGen.bz,UP,200,920,,
2026-10-07T19:38:24.893004+00:00,LibGen,LibGen.bz,UP,200,374,,
2026-10-07T19:39:27.154127+00:00,LibGen,LibGen.bz,UP,200,982,,
2026-10-07T19:40:27.702883+00:00,LibGen,LibGen.bz,UP,200,960,,
2026-10-07T19:41:26.639978+00:00,LibGen,LibGen.bz,UP,200,875,,
2026-10-07T19:42:27.148878+00:00,LibGen,LibGen.bz,UP,200,954,,
2026-10-07T19:43:27.714328+00:00,LibGen,LibGen.bz,UP,200,764,,
2026-10-07T19:44:27.783529+00:00,LibGen,LibGen.bz,UP,200,1114,,
2026-10-07T19:45:28.494165+00:00,LibGen,LibGen.bz,UP,200,861,,
2026-10-07T19:46:29.551714+00:00,LibGen,LibGen.bz,UP,200,1480,,
2026-10-07T19:47:30.064466+00:00,LibGen,LibGen.bz,UP,200,909,,
2026-10-07T19:48:31.052304+00:00,LibGen,LibGen.bz,UP,200,1687,,
2026-10-07T19:49:30.864542+00:00,LibGen,LibGen.bz,UP,200,984,,
2026-10-07T19:50:30.396132+00:00,LibGen,LibGen.bz,UP,200,797,,
2026-10-07T19:51:30.477737+00:00,LibGen,LibGen.bz,UP,200,743,,
2026-10-07T19:52:31.307526+00:00,LibGen,LibGen.bz,UP,200,783,,
2026-10-07T19:53:31.844576+00:00,LibGen,LibGen.bz,UP,200,1141,,
2026-10-07T19:54:31.832667+00:00,LibGen,LibGen.bz,UP,200,948,,
2026-10-07T19:55:32.221545+00:00,LibGen,LibGen.bz,UP,200,1137,,
2026-10-07T19:56:32.230178+00:00,LibGen,LibGen.bz,UP,200,910,,
2026-10-07T19:57:52.287449+00:00,LibGen,LibGen.bz,DOWN,,,connection_refused,
2026-10-07T19:58:32.399137+00:00,LibGen,LibGen.bz,UP,200,694,,
2026-10-07T19:59:32.785319+00:00,LibGen,LibGen.bz,UP,200,902,,
2026-10-07T20:00:33.910655+00:00,LibGen,LibGen.bz,UP,200,1246,,
2026-10-07T20:01:33.732191+00:00,LibGen,LibGen.bz,UP,200,741,,
2026-10-07T20:02:37.189593+00:00,LibGen,LibGen.bz,DEGRADED,200,3914,latency_high,
2026-10-07T20:03:35.261613+00:00,LibGen,LibGen.bz,UP,200,748,,
2026-10-07T20:04:35.442771+00:00,LibGen,LibGen.bz,UP,200,1267,,
2026-10-07T20:05:35.680820+00:00,LibGen,LibGen.bz,UP,200,1085,,
2026-10-07T20:06:35.706587+00:00,LibGen,LibGen.bz,UP,200,1126,,
2026-10-07T20:07:35.694165+00:00,LibGen,LibGen.bz,UP,200,688,,
2026-10-07T20:08:36.042261+00:00,LibGen,LibGen.bz,UP,200,1016,,
2026-10-07T20:09:36.443024+00:00,LibGen,LibGen.bz,UP,200,852,,
2026-10-07T20:10:37.047921+00:00,LibGen,LibGen.bz,UP,200,677,,
2026-10-07T20:11:37.088479+00:00,LibGen,LibGen.bz,UP,200,982,,
2026-10-07T20:12:36.831212+00:00,LibGen,LibGen.bz,UP,200,744,,
2026-10-07T20:13:57.971539+00:00,LibGen,LibGen.bz,DOWN,,,connection_refused,
2026-10-07T20:14:38.313089+00:00,LibGen,LibGen.bz,UP,200,825,,
2026-10-07T20:15:38.963107+00:00,LibGen,LibGen.bz,UP,200,866,,
2026-10-07T20:16:38.808511+00:00,LibGen,LibGen.bz,UP,200,846,,
2026-10-07T20:17:39.232730+00:00,LibGen,LibGen.bz,UP,200,915,,
2026-10-07T20:18:40.325002+00:00,LibGen,LibGen.bz,UP,200,1896,,
2026-10-07T20:19:39.966787+00:00,LibGen,LibGen.bz,UP,200,792,,
2026-10-07T20:20:40.433963+00:00,LibGen,LibGen.bz,UP,200,880,,
2026-10-07T20:21:40.927598+00:00,LibGen,LibGen.bz,UP,200,926,,
2026-10-07T20:22:40.988257+00:00,LibGen,LibGen.bz,UP,200,315,,
2026-10-07T20:23:41.872699+00:00,LibGen,LibGen.bz,UP,200,894,,
2026-10-07T20:24:41.601819+00:00,LibGen,LibGen.bz,UP,200,854,,
2026-10-07T20:25:42.193936+00:00,LibGen,LibGen.bz,UP,200,828,,
2026-10-07T20:26:42.642460+00:00,LibGen,LibGen.bz,UP,200,883,,
2026-10-07T20:27:42.894858+00:00,LibGen,LibGen.bz,UP,200,853,,
2026-10-07T20:28:43.124572+00:00,LibGen,LibGen.bz,UP,200,840,,
2026-10-07T20:29:43.694455+00:00,LibGen,LibGen.bz,UP,200,832,,
2026-10-07T20:30:44.416960+00:00,LibGen,LibGen.bz,UP,200,1065,,
2026-10-07T20:31:43.814576+00:00,LibGen,LibGen.bz,UP,200,318,,
2026-10-07T20:32:44.731752+00:00,LibGen,LibGen.bz,UP,200,754,,
2026-10-07T20:33:45.300353+00:00,LibGen,LibGen.bz,UP,200,319,,
2026-10-07T20:34:46.024581+00:00,LibGen,LibGen.bz,UP,200,802,,
2026-10-07T20:35:46.993084+00:00,LibGen,LibGen.bz,UP,200,2111,,
2026-10-07T20:36:46.178423+00:00,LibGen,LibGen.bz,UP,200,887,,
2026-10-07T20:37:46.348163+00:00,LibGen,LibGen.bz,UP,200,838,,
2026-10-07T20:38:49.311950+00:00,LibGen,LibGen.bz,UP,200,917,,
2026-10-07T20:39:47.794380+00:00,LibGen,LibGen.bz,UP,200,658,,
2026-10-07T20:40:48.049727+00:00,LibGen,LibGen.bz,UP,200,764,,
2026-10-07T20:41:49.003958+00:00,LibGen,LibGen.bz,UP,200,781,,
2026-10-07T20:42:49.127574+00:00,LibGen,LibGen.bz,UP,200,901,,
2026-10-07T20:43:49.303480+00:00,LibGen,LibGen.bz,UP,200,786,,
2026-10-07T20:44:49.923944+00:00,LibGen,LibGen.bz,UP,200,850,,
2026-10-07T20:45:49.639220+00:00,LibGen,LibGen.bz,UP,200,310,,
2026-10-07T20:46:50.833130+00:00,LibGen,LibGen.bz,UP,200,926,,
2026-10-07T20:47:50.631929+00:00,LibGen,LibGen.bz,UP,200,879,,
2026-10-07T20:48:51.441854+00:00,LibGen,LibGen.bz,UP,200,294,,
2026-10-07T20:49:51.718441+00:00,LibGen,LibGen.bz,UP,200,968,,
2026-10-07T20:50:51.409592+00:00,LibGen,LibGen.bz,UP,200,821,,
2026-10-07T20:51:52.177942+00:00,LibGen,LibGen.bz,UP,200,680,,
2026-10-07T20:52:52.415425+00:00,LibGen,LibGen.bz,UP,200,937,,
2026-10-07T20:53:53.383264+00:00,LibGen,LibGen.bz,UP,200,1272,,
2026-10-07T20:54:51.943896+00:00,LibGen,LibGen.bz,UP,200,283,,
2026-10-07T20:55:53.234570+00:00,LibGen,LibGen.bz,UP,200,905,,
2026-10-07T20:56:53.655802+00:00,LibGen,LibGen.bz,UP,200,886,,
2026-10-07T20:58:13.706139+00:00,LibGen,LibGen.bz,DOWN,,,connection_refused,
2026-10-07T20:58:53.928431+00:00,LibGen,LibGen.bz,UP,200,768,,
2026-10-07T20:59:54.475217+00:00,LibGen,LibGen.bz,UP,200,791,,
2026-10-07T21:00:54.856124+00:00,LibGen,LibGen.bz,UP,200,732,,
2026-10-07T21:01:55.150086+00:00,LibGen,LibGen.bz,UP,200,873,,
2026-10-07T21:02:59.279358+00:00,LibGen,LibGen.bz,DEGRADED,200,4746,latency_high,
2026-10-07T21:03:55.428518+00:00,LibGen,LibGen.bz,UP,200,712,,
2026-10-07T21:04:55.467265+00:00,LibGen,LibGen.bz,UP,200,842,,
2026-10-07T21:05:55.711842+00:00,LibGen,LibGen.bz,UP,200,851,,
2026-10-07T21:06:56.309899+00:00,LibGen,LibGen.bz,UP,200,875,,
2026-10-07T21:07:56.641871+00:00,LibGen,LibGen.bz,UP,200,918,,
2026-10-07T21:08:56.176594+00:00,LibGen,LibGen.bz,UP,200,307,,
2026-10-07T21:10:00.095887+00:00,LibGen,LibGen.bz,DEGRADED,200,3994,latency_high,
2026-10-07T21:11:17.444561+00:00,LibGen,LibGen.bz,DOWN,,,connection_refused,
2026-10-07T21:11:58.152086+00:00,LibGen,LibGen.bz,UP,200,1046,,
2026-10-07T21:12:58.125143+00:00,LibGen,LibGen.bz,UP,200,846,,
2026-10-07T21:13:57.718093+00:00,LibGen,LibGen.bz,UP,200,771,,
2026-10-07T21:14:58.099266+00:00,LibGen,LibGen.bz,UP,200,1020,,
2026-10-07T21:15:58.938270+00:00,LibGen,LibGen.bz,UP,200,888,,
2026-10-07T21:16:59.537813+00:00,LibGen,LibGen.bz,UP,200,866,,
2026-10-07T21:17:59.552667+00:00,LibGen,LibGen.bz,UP,200,751,,
2026-10-07T21:19:00.455377+00:00,LibGen,LibGen.bz,UP,200,809,,
2026-10-07T21:20:00.212915+00:00,LibGen,LibGen.bz,UP,200,805,,
2026-10-07T21:21:00.862509+00:00,LibGen,LibGen.bz,UP,200,806,,
2026-10-07T21:22:01.040792+00:00,LibGen,LibGen.bz,UP,200,837,,
2026-10-07T21:23:01.464032+00:00,LibGen,LibGen.bz,UP,200,609,,
2026-10-07T21:24:01.526932+00:00,LibGen,LibGen.bz,UP,200,959,,
2026-10-07T21:25:02.989597+00:00,LibGen,LibGen.bz,UP,200,1542,,
2026-10-07T21:26:02.141234+00:00,LibGen,LibGen.bz,UP,200,785,,
2026-10-07T21:27:03.129933+00:00,LibGen,LibGen.bz,UP,200,1146,,
2026-10-07T21:28:03.810655+00:00,LibGen,LibGen.bz,UP,200,1183,,
2026-10-07T21:29:04.520769+00:00,LibGen,LibGen.bz,UP,200,1270,,
2026-10-07T21:30:04.553608+00:00,LibGen,LibGen.bz,UP,200,1205,,
2026-10-07T21:31:04.260709+00:00,LibGen,LibGen.bz,UP,200,618,,
2026-10-07T21:32:05.143821+00:00,LibGen,LibGen.bz,UP,200,909,,
2026-10-07T21:33:04.971360+00:00,LibGen,LibGen.bz,UP,200,891,,
2026-10-07T21:34:05.331879+00:00,LibGen,LibGen.bz,UP,200,644,,
2026-10-07T21:35:05.913758+00:00,LibGen,LibGen.bz,UP,200,899,,
2026-10-07T21:36:06.138357+00:00,LibGen,LibGen.bz,UP,200,886,,
2026-10-07T21:37:07.613199+00:00,LibGen,LibGen.bz,UP,200,1123,,
2026-10-07T21:38:06.849600+00:00,LibGen,LibGen.bz,UP,200,1021,,
2026-10-07T21:39:06.931049+00:00,LibGen,LibGen.bz,UP,200,935,,
2026-10-07T21:40:07.426575+00:00,LibGen,LibGen.bz,UP,200,907,,
2026-10-07T21:41:08.240613+00:00,LibGen,LibGen.bz,UP,200,1132,,
2026-10-07T21:42:07.864743+00:00,LibGen,LibGen.bz,UP,200,278,,
2026-10-07T21:43:09.480024+00:00,LibGen,LibGen.bz,UP,200,779,,
2026-10-07T21:44:10.368362+00:00,LibGen,LibGen.bz,UP,200,899,,
2026-10-07T21:45:09.772605+00:00,LibGen,LibGen.bz,UP,200,817,,
2026-10-07T21:46:10.404469+00:00,LibGen,LibGen.bz,UP,200,905,,
2026-10-07T21:47:11.429700+00:00,LibGen,LibGen.bz,UP,200,790,,
2026-10-07T21:48:10.753755+00:00,LibGen,LibGen.bz,UP,200,790,,
2026-10-07T21:49:11.219706+00:00,LibGen,LibGen.bz,UP,200,948,,
2026-10-07T21:50:12.149248+00:00,LibGen,LibGen.bz,UP,200,1399,,
2026-10-07T21:51:12.016029+00:00,LibGen,LibGen.bz,UP,200,739,,
2026-10-07T21:52:11.862029+00:00,LibGen,LibGen.bz,UP,200,844,,
2026-10-07T21:53:12.529566+00:00,LibGen,LibGen.bz,UP,200,817,,
2026-10-07T21:54:13.067652+00:00,LibGen,LibGen.bz,UP,200,878,,
2026-10-07T21:55:33.586853+00:00,LibGen,LibGen.bz,DOWN,,,connection_refused,
2026-10-07T21:56:13.353370+00:00,LibGen,LibGen.bz,UP,200,680,,
2026-10-07T21:57:14.529605+00:00,LibGen,LibGen.bz,UP,200,1122,,
2026-10-07T21:58:15.059067+00:00,LibGen,LibGen.bz,UP,200,881,,
2026-10-07T21:59:14.637450+00:00,LibGen,LibGen.bz,UP,200,835,,
2026-10-07T22:00:14.983610+00:00,LibGen,LibGen.bz,UP,200,1016,,
2026-10-07T22:01:15.467324+00:00,LibGen,LibGen.bz,UP,200,1030,,
2026-10-07T22:02:16.167400+00:00,LibGen,LibGen.bz,UP,200,764,,
2026-10-07T22:03:17.812720+00:00,LibGen,LibGen.bz,UP,200,1838,,
2026-10-07T22:04:16.811380+00:00,LibGen,LibGen.bz,UP,200,779,,
2026-10-07T22:05:17.071641+00:00,LibGen,LibGen.bz,UP,200,889,,
2026-10-07T22:06:16.694565+00:00,LibGen,LibGen.bz,UP,200,858,,
2026-10-07T22:07:17.137587+00:00,LibGen,LibGen.bz,UP,200,748,,
2026-10-07T22:08:17.690764+00:00,LibGen,LibGen.bz,UP,200,697,,
2026-10-07T22:09:17.759086+00:00,LibGen,LibGen.bz,UP,200,783,,
2026-10-07T22:10:18.065517+00:00,LibGen,LibGen.bz,UP,200,866,,
2026-10-07T22:11:18.638523+00:00,LibGen,LibGen.bz,UP,200,924,,
2026-10-07T22:12:19.425614+00:00,LibGen,LibGen.bz,UP,200,1031,,
2026-10-07T22:13:19.168199+00:00,LibGen,LibGen.bz,UP,200,819,,
2026-10-07T22:14:19.313955+00:00,LibGen,LibGen.bz,UP,200,782,,
2026-10-07T22:15:19.179738+00:00,LibGen,LibGen.bz,UP,200,946,,
2026-10-07T22:16:19.656672+00:00,LibGen,LibGen.bz,UP,200,735,,
2026-10-07T22:17:20.018047+00:00,LibGen,LibGen.bz,UP,200,765,,
2026-10-07T22:18:20.147226+00:00,LibGen,LibGen.bz,UP,200,791,,
2026-10-07T22:19:20.522833+00:00,LibGen,LibGen.bz,UP,200,967,,
2026-10-07T22:20:20.351872+00:00,LibGen,LibGen.bz,UP,200,786,,
2026-10-07T22:21:20.599770+00:00,LibGen,LibGen.bz,UP,200,870,,
2026-10-07T22:22:21.627512+00:00,LibGen,LibGen.bz,UP,200,862,,
2026-10-07T22:23:22.518740+00:00,LibGen,LibGen.bz,UP,200,1854,,
2026-10-07T22:24:20.885799+00:00,LibGen,LibGen.bz,UP,200,271,,
2026-10-07T22:25:21.539098+00:00,LibGen,LibGen.bz,UP,200,857,,
2026-10-07T22:26:22.141327+00:00,LibGen,LibGen.bz,UP,200,837,,
2026-10-07T22:27:23.026580+00:00,LibGen,LibGen.bz,UP,200,749,,
2026-10-07T22:28:22.665852+00:00,LibGen,LibGen.bz,UP,200,774,,
2026-10-07T22:29:23.404171+00:00,LibGen,LibGen.bz,UP,200,812,,
2026-10-07T22:30:23.751238+00:00,LibGen,LibGen.bz,UP,200,805,,
2026-10-07T22:31:24.133541+00:00,LibGen,LibGen.bz,UP,200,897,,
2026-10-07T22:32:24.387191+00:00,LibGen,LibGen.bz,UP,200,755,,
2026-10-07T22:33:24.542806+00:00,LibGen,LibGen.bz,UP,200,693,,
2026-10-07T22:34:24.702783+00:00,LibGen,LibGen.bz,UP,200,807,,
2026-10-07T22:35:26.057639+00:00,LibGen,LibGen.bz,UP,200,938,,
2026-10-07T22:36:26.054012+00:00,LibGen,LibGen.bz,UP,200,856,,
2026-10-07T22:37:26.121104+00:00,LibGen,LibGen.bz,UP,200,859,,
2026-10-07T22:38:26.161198+00:00,LibGen,LibGen.bz,UP,200,834,,
2026-10-07T22:39:26.732572+00:00,LibGen,LibGen.bz,UP,200,838,,
2026-10-07T22:40:47.549961+00:00,LibGen,LibGen.bz,DOWN,,,connection_refused,
2026-10-07T22:41:27.123851+00:00,LibGen,LibGen.bz,UP,200,847,,
2026-10-07T22:42:27.591392+00:00,LibGen,LibGen.bz,UP,200,865,,
2026-10-07T22:43:27.705460+00:00,LibGen,LibGen.bz,UP,200,770,,
2026-10-07T22:44:28.027592+00:00,LibGen,LibGen.bz,UP,200,833,,
2026-10-07T22:45:28.472708+00:00,LibGen,LibGen.bz,UP,200,796,,
2026-10-07T22:46:28.018564+00:00,LibGen,LibGen.bz,UP,200,282,,
2026-10-07T22:47:29.061755+00:00,LibGen,LibGen.bz,UP,200,759,,
2026-10-07T22:48:30.524719+00:00,LibGen,LibGen.bz,UP,200,771,,
2026-10-07T22:49:30.139413+00:00,LibGen,LibGen.bz,UP,200,924,,
2026-10-07T22:50:30.175948+00:00,LibGen,LibGen.bz,UP,200,677,,
2026-10-07T22:51:30.865947+00:00,LibGen,LibGen.bz,UP,200,772,,
2026-10-07T22:52:31.746420+00:00,LibGen,LibGen.bz,UP,200,770,,
2026-10-07T22:53:31.921838+00:00,LibGen,LibGen.bz,UP,200,911,,
2026-10-07T22:54:31.801350+00:00,LibGen,LibGen.bz,UP,200,686,,
2026-10-07T22:55:32.376985+00:00,LibGen,LibGen.bz,UP,200,677,,
2026-10-07T22:56:33.156019+00:00,LibGen,LibGen.bz,UP,200,832,,
2026-10-07T22:57:32.940757+00:00,LibGen,LibGen.bz,UP,200,650,,
2026-10-07T22:58:33.988406+00:00,LibGen,LibGen.bz,UP,200,1010,,
2026-10-07T22:59:33.586154+00:00,LibGen,LibGen.bz,UP,200,899,,
2026-10-07T23:00:34.008622+00:00,LibGen,LibGen.bz,UP,200,807,,
2026-10-07T23:01:34.343459+00:00,LibGen,LibGen.bz,UP,200,839,,
2026-10-07T23:02:34.445029+00:00,LibGen,LibGen.bz,UP,200,403,,
2026-10-07T23:03:34.929426+00:00,LibGen,LibGen.bz,UP,200,460,,
2026-10-07T23:04:35.095435+00:00,LibGen,LibGen.bz,UP,200,924,,
2026-10-07T23:05:35.282645+00:00,LibGen,LibGen.bz,UP,200,773,,
2026-10-07T23:06:35.916105+00:00,LibGen,LibGen.bz,UP,200,750,,
2026-10-07T23:07:36.172900+00:00,LibGen,LibGen.bz,UP,200,867,,
2026-10-07T23:08:36.729930+00:00,LibGen,LibGen.bz,UP,200,269,,
2026-10-07T23:09:36.740538+00:00,LibGen,LibGen.bz,UP,200,819,,
2026-10-07T23:10:37.282595+00:00,LibGen,LibGen.bz,UP,200,746,,
2026-10-07T23:11:37.429723+00:00,LibGen,LibGen.bz,UP,200,798,,
2026-10-07T23:12:37.834460+00:00,LibGen,LibGen.bz,UP,200,672,,
2026-10-07T23:13:37.584016+00:00,LibGen,LibGen.bz,UP,200,756,,
2026-10-07T23:14:38.012159+00:00,LibGen,LibGen.bz,UP,200,287,,
2026-10-07T23:15:38.625595+00:00,LibGen,LibGen.bz,UP,200,885,,
2026-10-07T23:16:38.215417+00:00,LibGen,LibGen.bz,UP,200,313,,
2026-10-07T23:17:39.489126+00:00,LibGen,LibGen.bz,UP,200,987,,
2026-10-07T23:18:40.030943+00:00,LibGen,LibGen.bz,UP,200,666,,
2026-10-07T23:19:39.916067+00:00,LibGen,LibGen.bz,UP,200,321,,
2026-10-07T23:20:40.325022+00:00,LibGen,LibGen.bz,UP,200,1023,,
2026-10-07T23:21:40.798811+00:00,LibGen,LibGen.bz,UP,200,841,,
2026-10-07T23:22:41.121431+00:00,LibGen,LibGen.bz,UP,200,909,,
2026-10-07T23:23:41.640047+00:00,LibGen,LibGen.bz,UP,200,958,,
2026-10-07T23:24:41.792997+00:00,LibGen,LibGen.bz,UP,200,750,,
2026-10-07T23:25:42.718669+00:00,LibGen,LibGen.bz,UP,200,842,,
2026-10-07T23:26:42.808798+00:00,LibGen,LibGen.bz,UP,200,874,,
2026-10-07T23:27:42.867194+00:00,LibGen,LibGen.bz,UP,200,1121,,
2026-10-07T23:28:42.717777+00:00,LibGen,LibGen.bz,UP,200,776,,
2026-10-07T23:30:03.011258+00:00,LibGen,LibGen.bz,DOWN,,,connection_refused,
2026-10-07T23:30:44.095830+00:00,LibGen,LibGen.bz,UP,200,1077,,
2026-10-07T23:31:44.126661+00:00,LibGen,LibGen.bz,UP,200,1016,,
2026-10-07T23:32:44.281121+00:00,LibGen,LibGen.bz,UP,200,878,,
2026-10-07T23:33:44.348513+00:00,LibGen,LibGen.bz,UP,200,834,,
2026-10-07T23:34:45.528111+00:00,LibGen,LibGen.bz,UP,200,1279,,
2026-10-07T23:35:45.535264+00:00,LibGen,LibGen.bz,UP,200,901,,
2026-10-07T23:36:45.448525+00:00,LibGen,LibGen.bz,UP,200,792,,
2026-10-07T23:37:46.546678+00:00,LibGen,LibGen.bz,UP,200,903,,
2026-10-07T23:39:06.532693+00:00,LibGen,LibGen.bz,DOWN,,,connection_refused,
2026-10-07T23:39:47.287462+00:00,LibGen,LibGen.bz,UP,200,994,,
2026-10-07T23:40:47.547180+00:00,LibGen,LibGen.bz,UP,200,1152,,
2026-10-07T23:41:47.158976+00:00,LibGen,LibGen.bz,UP,200,363,,
2026-10-07T23:42:49.125833+00:00,LibGen,LibGen.bz,UP,200,2178,,
2026-10-07T23:43:48.420258+00:00,LibGen,LibGen.bz,UP,200,822,,
2026-10-07T23:44:48.103602+00:00,LibGen,LibGen.bz,UP,200,826,,
2026-10-07T23:45:49.134972+00:00,LibGen,LibGen.bz,UP,200,776,,
2026-10-07T23:46:49.183210+00:00,LibGen,LibGen.bz,UP,200,971,,
2026-10-07T23:47:49.286323+00:00,LibGen,LibGen.bz,UP,200,764,,
2026-10-07T23:48:50.528202+00:00,LibGen,LibGen.bz,UP,200,836,,
2026-10-07T23:49:50.501594+00:00,LibGen,LibGen.bz,UP,200,773,,
2026-10-07T23:50:51.086495+00:00,LibGen,LibGen.bz,UP,200,995,,
2026-10-07T23:51:50.499677+00:00,LibGen,LibGen.bz,UP,200,380,,
2026-10-07T23:52:50.729143+00:00,LibGen,LibGen.bz,UP,200,960,,
2026-10-07T23:53:51.500491+00:00,LibGen,LibGen.bz,UP,200,816,,
2026-10-07T23:54:51.481396+00:00,LibGen,LibGen.bz,UP,200,895,,
2026-10-07T23:55:52.793872+00:00,LibGen,LibGen.bz,UP,200,1035,,
2026-10-07T23:56:52.238528+00:00,LibGen,LibGen.bz,UP,200,967,,
2026-10-07T23:57:52.380785+00:00,LibGen,LibGen.bz,UP,200,367,,
2026-10-07T23:58:53.070026+00:00,LibGen,LibGen.bz,UP,200,970,,
2026-10-07T23:59:52.583450+00:00,LibGen,LibGen.bz,UP,200,844,,
2026-10-08T00:00:53.055778+00:00,LibGen,LibGen.bz,UP,200,861,,
2026-10-08T00:01:53.673783+00:00,LibGen,LibGen.bz,UP,200,946,,
2026-10-08T00:02:53.463878+00:00,LibGen,LibGen.bz,UP,200,868,,
2026-10-08T00:03:53.837549+00:00,LibGen,LibGen.bz,UP,200,948,,
2026-10-08T00:04:54.138583+00:00,LibGen,LibGen.bz,UP,200,829,,
2026-10-08T00:05:54.276363+00:00,LibGen,LibGen.bz,UP,200,846,,
2026-10-08T00:06:54.527156+00:00,LibGen,LibGen.bz,UP,200,968,,
2026-10-08T00:07:54.240945+00:00,LibGen,LibGen.bz,UP,200,488,,
2026-10-08T00:08:55.192956+00:00,LibGen,LibGen.bz,UP,200,838,,
2026-10-08T00:09:55.471876+00:00,LibGen,LibGen.bz,UP,200,801,,
2026-10-08T00:10:55.809149+00:00,LibGen,LibGen.bz,UP,200,1001,,
2026-10-08T00:11:56.573328+00:00,LibGen,LibGen.bz,UP,200,1115,,
2026-10-08T00:12:56.283525+00:00,LibGen,LibGen.bz,UP,200,843,,
2026-10-08T00:13:56.585796+00:00,LibGen,LibGen.bz,UP,200,770,,
2026-10-08T00:14:56.774244+00:00,LibGen,LibGen.bz,UP,200,810,,
2026-10-08T00:15:57.671825+00:00,LibGen,LibGen.bz,UP,200,997,,
2026-10-08T00:16:58.370028+00:00,LibGen,LibGen.bz,UP,200,890,,
2026-10-08T00:17:58.407707+00:00,LibGen,LibGen.bz,UP,200,635,,
2026-10-08T00:18:57.956522+00:00,LibGen,LibGen.bz,UP,200,272,,
2026-10-08T00:19:59.064766+00:00,LibGen,LibGen.bz,UP,200,767,,
2026-10-08T00:20:59.594643+00:00,LibGen,LibGen.bz,UP,200,950,,
2026-10-08T00:22:00.838526+00:00,LibGen,LibGen.bz,UP,200,751,,
2026-10-08T00:23:00.072674+00:00,LibGen,LibGen.bz,UP,200,877,,
2026-10-08T00:24:00.921121+00:00,LibGen,LibGen.bz,UP,200,861,,
2026-10-08T00:25:01.369128+00:00,LibGen,LibGen.bz,UP,200,726,,
2026-10-08T00:26:03.661079+00:00,LibGen,LibGen.bz,UP,200,838,,
2026-10-08T00:27:01.827660+00:00,LibGen,LibGen.bz,UP,200,1166,,
2026-10-08T00:28:01.956450+00:00,LibGen,LibGen.bz,UP,200,815,,
2026-10-08T00:29:03.571365+00:00,LibGen,LibGen.bz,UP,200,946,,
2026-10-08T00:30:03.297524+00:00,LibGen,LibGen.bz,UP,200,1455,,
2026-10-08T00:31:04.389440+00:00,LibGen,LibGen.bz,UP,200,1711,,
2026-10-08T00:32:04.046047+00:00,LibGen,LibGen.bz,UP,200,797,,
2026-10-08T00:33:05.250487+00:00,LibGen,LibGen.bz,UP,200,978,,
2026-10-08T00:34:04.795667+00:00,LibGen,LibGen.bz,UP,200,929,,
2026-10-08T00:35:04.961198+00:00,LibGen,LibGen.bz,UP,200,1001,,
2026-10-08T00:36:05.709362+00:00,LibGen,LibGen.bz,UP,200,1107,,
2026-10-08T00:37:05.838681+00:00,LibGen,LibGen.bz,UP,200,948,,
2026-10-08T00:38:06.175130+00:00,LibGen,LibGen.bz,UP,200,839,,
2026-10-08T00:39:06.243650+00:00,LibGen,LibGen.bz,UP,200,1043,,
2026-10-08T00:40:06.933574+00:00,LibGen,LibGen.bz,UP,200,1100,,
2026-10-08T00:41:07.169878+00:00,LibGen,LibGen.bz,UP,200,1156,,
2026-10-08T00:42:07.160687+00:00,LibGen,LibGen.bz,UP,200,956,,
2026-10-08T00:43:08.176529+00:00,LibGen,LibGen.bz,UP,200,1123,,
2026-10-08T00:44:08.675720+00:00,LibGen,LibGen.bz,UP,200,1198,,
2026-10-08T00:45:08.873683+00:00,LibGen,LibGen.bz,UP,200,936,,
2026-10-08T00:46:08.805587+00:00,LibGen,LibGen.bz,UP,200,907,,
2026-10-08T00:47:09.533523+00:00,LibGen,LibGen.bz,UP,200,865,,
2026-10-08T00:48:10.361737+00:00,LibGen,LibGen.bz,UP,200,901,,
2026-10-08T00:49:10.692667+00:00,LibGen,LibGen.bz,UP,200,899,,
2026-10-08T00:50:10.882450+00:00,LibGen,LibGen.bz,UP,200,1099,,
2026-10-08T00:51:31.341894+00:00,LibGen,LibGen.bz,DOWN,,,connection_refused,
2026-10-08T00:52:12.097497+00:00,LibGen,LibGen.bz,UP,200,945,,
2026-10-08T00:53:12.833311+00:00,LibGen,LibGen.bz,UP,200,2033,,
2026-10-08T00:54:12.755756+00:00,LibGen,LibGen.bz,UP,200,898,,
2026-10-08T00:55:12.879735+00:00,LibGen,LibGen.bz,UP,200,943,,
2026-10-08T00:56:13.080251+00:00,LibGen,LibGen.bz,UP,200,891,,
2026-10-08T00:57:13.335874+00:00,LibGen,LibGen.bz,UP,200,850,,
2026-10-08T00:58:14.342513+00:00,LibGen,LibGen.bz,UP,200,1656,,
2026-10-08T00:59:13.882591+00:00,LibGen,LibGen.bz,UP,200,774,,
2026-10-08T01:00:14.345109+00:00,LibGen,LibGen.bz,UP,200,1316,,
2026-10-08T01:01:14.794998+00:00,LibGen,LibGen.bz,UP,200,797,,
2026-10-08T01:02:14.729632+00:00,LibGen,LibGen.bz,UP,200,837,,
2026-10-08T01:03:14.653073+00:00,LibGen,LibGen.bz,UP,200,675,,
2026-10-08T01:04:15.016858+00:00,LibGen,LibGen.bz,UP,200,734,,
2026-10-08T01:05:15.857510+00:00,LibGen,LibGen.bz,UP,200,844,,
2026-10-08T01:06:16.170595+00:00,LibGen,LibGen.bz,UP,200,871,,
2026-10-08T01:07:16.791228+00:00,LibGen,LibGen.bz,UP,200,949,,
2026-10-08T01:08:16.957390+00:00,LibGen,LibGen.bz,UP,200,848,,
2026-10-08T01:09:16.886040+00:00,LibGen,LibGen.bz,UP,200,278,,
2026-10-08T01:10:17.786589+00:00,LibGen,LibGen.bz,UP,200,1140,,
2026-10-08T01:11:17.995520+00:00,LibGen,LibGen.bz,UP,200,818,,
2026-10-08T01:12:18.578396+00:00,LibGen,LibGen.bz,UP,200,1141,,
2026-10-08T01:13:18.895153+00:00,LibGen,LibGen.bz,UP,200,877,,
2026-10-08T01:14:18.700060+00:00,LibGen,LibGen.bz,UP,200,1038,,
2026-10-08T01:15:19.178920+00:00,LibGen,LibGen.bz,UP,200,826,,
2026-10-08T01:16:19.519556+00:00,LibGen,LibGen.bz,UP,200,715,,
2026-10-08T01:17:25.140786+00:00,LibGen,LibGen.bz,DEGRADED,200,6034,latency_high,
2026-10-08T01:18:20.536768+00:00,LibGen,LibGen.bz,UP,200,790,,
2026-10-08T01:19:20.111738+00:00,LibGen,LibGen.bz,UP,200,801,,
2026-10-08T01:20:21.172032+00:00,LibGen,LibGen.bz,UP,200,958,,
2026-10-08T01:21:22.179342+00:00,LibGen,LibGen.bz,UP,200,843,,
2026-10-08T01:22:21.555578+00:00,LibGen,LibGen.bz,UP,200,837,,
2026-10-08T01:23:23.162201+00:00,LibGen,LibGen.bz,DOWN,500,1899,http_error,
2026-10-08T01:24:22.734759+00:00,LibGen,LibGen.bz,DOWN,500,848,http_error,
2026-10-08T01:25:22.822221+00:00,LibGen,LibGen.bz,DOWN,500,746,http_error,
2026-10-08T01:26:23.653166+00:00,LibGen,LibGen.bz,UP,200,877,,
2026-10-08T01:27:23.305749+00:00,LibGen,LibGen.bz,UP,200,365,,
2026-10-08T01:28:23.452508+00:00,LibGen,LibGen.bz,UP,200,319,,
2026-10-08T01:29:24.095509+00:00,LibGen,LibGen.bz,UP,200,852,,
2026-10-08T01:30:24.754801+00:00,LibGen,LibGen.bz,UP,200,909,,
2026-10-08T01:31:25.557653+00:00,LibGen,LibGen.bz,UP,200,907,,
2026-10-08T01:32:26.649630+00:00,LibGen,LibGen.bz,UP,200,1367,,
2026-10-08T01:33:26.255164+00:00,LibGen,LibGen.bz,UP,200,990,,
2026-10-08T01:34:27.716808+00:00,LibGen,LibGen.bz,UP,200,883,,
2026-10-08T01:35:27.575681+00:00,LibGen,LibGen.bz,UP,200,947,,
2026-10-08T01:36:27.688915+00:00,LibGen,LibGen.bz,UP,200,953,,
2026-10-08T01:37:28.052910+00:00,LibGen,LibGen.bz,UP,200,758,,
2026-10-08T01:38:28.388947+00:00,LibGen,LibGen.bz,UP,200,950,,
2026-10-08T01:39:29.245948+00:00,LibGen,LibGen.bz,UP,200,851,,
2026-10-08T01:40:29.198824+00:00,LibGen,LibGen.bz,DOWN,,,connection_refused,
2026-10-08T01:41:50.315234+00:00,LibGen,LibGen.bz,DOWN,,,connection_refused,
2026-10-08T01:42:31.707170+00:00,LibGen,LibGen.bz,UP,200,960,,
2026-10-08T01:43:51.592571+00:00,LibGen,LibGen.bz,DOWN,,,connection_refused,
2026-10-08T01:44:31.610506+00:00,LibGen,LibGen.bz,UP,200,900,,
2026-10-08T01:45:32.221953+00:00,LibGen,LibGen.bz,UP,200,861,,
2026-10-08T01:46:35.837745+00:00,LibGen,LibGen.bz,DEGRADED,200,3828,latency_high,
2026-10-08T01:47:32.665376+00:00,LibGen,LibGen.bz,UP,200,721,,
2026-10-08T01:48:33.023671+00:00,LibGen,LibGen.bz,UP,200,879,,
2026-10-08T01:49:33.545085+00:00,LibGen,LibGen.bz,UP,200,821,,
2026-10-08T01:50:34.394770+00:00,LibGen,LibGen.bz,UP,200,861,,
2026-10-08T01:51:34.564418+00:00,LibGen,LibGen.bz,UP,200,908,,
2026-10-08T01:52:35.597089+00:00,LibGen,LibGen.bz,UP,200,742,,
2026-10-08T01:53:34.682856+00:00,LibGen,LibGen.bz,UP,200,280,,
2026-10-08T01:54:35.837937+00:00,LibGen,LibGen.bz,UP,200,822,,
2026-10-08T01:55:39.421493+00:00,LibGen,LibGen.bz,DEGRADED,200,4320,latency_high,
2026-10-08T01:56:36.336785+00:00,LibGen,LibGen.bz,UP,200,842,,
2026-10-08T01:57:36.591464+00:00,LibGen,LibGen.bz,UP,200,849,,
2026-10-08T01:58:36.403630+00:00,LibGen,LibGen.bz,UP,200,887,,
2026-10-08T01:59:36.498857+00:00,LibGen,LibGen.bz,UP,200,771,,
2026-10-08T02:00:37.291644+00:00,LibGen,LibGen.bz,UP,200,1040,,
2026-10-08T02:01:38.755739+00:00,LibGen,LibGen.bz,UP,200,825,,
2026-10-08T02:02:38.246546+00:00,LibGen,LibGen.bz,UP,200,1008,,
2026-10-08T02:03:39.076934+00:00,LibGen,LibGen.bz,UP,200,1267,,
2026-10-08T02:04:39.166387+00:00,LibGen,LibGen.bz,UP,200,931,,
2026-10-08T02:05:42.837467+00:00,LibGen,LibGen.bz,DEGRADED,200,3987,latency_high,
2026-10-08T02:06:41.044714+00:00,LibGen,LibGen.bz,UP,200,1214,,
2026-10-08T02:07:40.294637+00:00,LibGen,LibGen.bz,UP,200,899,,
2026-10-08T02:08:42.259658+00:00,LibGen,LibGen.bz,UP,200,927,,
2026-10-08T02:09:41.181089+00:00,LibGen,LibGen.bz,UP,200,876,,
2026-10-08T02:10:41.560062+00:00,LibGen,LibGen.bz,UP,200,979,,
2026-10-08T02:11:42.130023+00:00,LibGen,LibGen.bz,UP,200,977,,
2026-10-08T02:12:41.925608+00:00,LibGen,LibGen.bz,UP,200,839,,
2026-10-08T02:13:42.101439+00:00,LibGen,LibGen.bz,UP,200,833,,
2026-10-08T02:14:43.191785+00:00,LibGen,LibGen.bz,UP,200,901,,
2026-10-08T02:15:43.356237+00:00,LibGen,LibGen.bz,UP,200,879,,
2026-10-08T02:16:43.890803+00:00,LibGen,LibGen.bz,UP,200,987,,
2026-10-08T02:17:44.574309+00:00,LibGen,LibGen.bz,UP,200,781,,
2026-10-08T02:18:44.878671+00:00,LibGen,LibGen.bz,UP,200,912,,
2026-10-08T02:19:45.490580+00:00,LibGen,LibGen.bz,UP,200,894,,
2026-10-08T02:20:45.151642+00:00,LibGen,LibGen.bz,UP,200,367,,
2026-10-08T02:21:46.250046+00:00,LibGen,LibGen.bz,UP,200,875,,
2026-10-08T02:22:46.602700+00:00,LibGen,LibGen.bz,UP,200,837,,
2026-10-08T02:23:46.393512+00:00,LibGen,LibGen.bz,UP,200,421,,
2026-10-08T02:24:48.180639+00:00,LibGen,LibGen.bz,UP,200,1087,,
2026-10-08T02:25:47.981548+00:00,LibGen,LibGen.bz,UP,200,1004,,
2026-10-08T02:27:07.984330+00:00,LibGen,LibGen.bz,DOWN,,,connection_refused,
2026-10-08T02:27:48.529929+00:00,LibGen,LibGen.bz,UP,200,1044,,
2026-10-08T02:28:49.201480+00:00,LibGen,LibGen.bz,UP,200,943,,
2026-10-08T02:29:49.984055+00:00,LibGen,LibGen.bz,UP,200,780,,
2026-10-08T02:30:50.821363+00:00,LibGen,LibGen.bz,UP,200,1241,,
2026-10-08T02:31:50.552965+00:00,LibGen,LibGen.bz,UP,200,881,,
2026-10-08T02:32:51.001153+00:00,LibGen,LibGen.bz,UP,200,718,,
2026-10-08T02:33:51.439509+00:00,LibGen,LibGen.bz,UP,200,869,,
2026-10-08T02:34:52.500356+00:00,LibGen,LibGen.bz,UP,200,911,,
2026-10-08T02:35:52.003802+00:00,LibGen,LibGen.bz,UP,200,769,,
2026-10-08T02:36:52.572879+00:00,LibGen,LibGen.bz,UP,200,928,,
2026-10-08T02:37:52.652566+00:00,LibGen,LibGen.bz,UP,200,824,,
2026-10-08T02:38:53.952631+00:00,LibGen,LibGen.bz,UP,200,1359,,
2026-10-08T02:39:53.688374+00:00,LibGen,LibGen.bz,UP,200,862,,
2026-10-08T02:40:53.898544+00:00,LibGen,LibGen.bz,UP,200,749,,
2026-10-08T02:41:54.967575+00:00,LibGen,LibGen.bz,UP,200,965,,
2026-10-08T02:42:55.642741+00:00,LibGen,LibGen.bz,UP,200,943,,
2026-10-08T02:43:56.079544+00:00,LibGen,LibGen.bz,UP,200,888,,
2026-10-08T02:44:56.382703+00:00,LibGen,LibGen.bz,UP,200,346,,
2026-10-08T02:45:56.630321+00:00,LibGen,LibGen.bz,UP,200,917,,
2026-10-08T02:46:57.596740+00:00,LibGen,LibGen.bz,UP,200,942,,
2026-10-08T02:47:57.652505+00:00,LibGen,LibGen.bz,UP,200,935,,
2026-10-08T02:48:57.986413+00:00,LibGen,LibGen.bz,UP,200,922,,
2026-10-08T02:49:58.725166+00:00,LibGen,LibGen.bz,UP,200,991,,
2026-10-08T02:50:59.590006+00:00,LibGen,LibGen.bz,UP,200,1213,,
2026-10-08T02:52:09.486614+00:00,LibGen,LibGen.bz,DEGRADED,200,10396,latency_high,
2026-10-08T02:53:00.227824+00:00,LibGen,LibGen.bz,UP,200,1172,,
2026-10-08T02:53:59.894661+00:00,LibGen,LibGen.bz,UP,200,324,,
2026-10-08T02:55:01.147899+00:00,LibGen,LibGen.bz,UP,200,1275,,
2026-10-08T02:56:01.474112+00:00,LibGen,LibGen.bz,UP,200,985,,
2026-10-08T02:57:02.392774+00:00,LibGen,LibGen.bz,UP,200,976,,
2026-10-08T02:58:03.109655+00:00,LibGen,LibGen.bz,UP,200,891,,
2026-10-08T02:59:02.979723+00:00,LibGen,LibGen.bz,UP,200,769,,
2026-10-08T03:00:03.997676+00:00,LibGen,LibGen.bz,UP,200,1741,,
2026-10-08T03:01:04.018561+00:00,LibGen,LibGen.bz,UP,200,1080,,
2026-10-08T03:02:06.445027+00:00,LibGen,LibGen.bz,UP,200,1376,,
2026-10-08T03:03:05.714543+00:00,LibGen,LibGen.bz,UP,200,1378,,
2026-10-08T03:04:05.753153+00:00,LibGen,LibGen.bz,UP,200,1090,,
2026-10-08T03:05:05.962029+00:00,LibGen,LibGen.bz,UP,200,1028,,
2026-10-08T03:06:07.332499+00:00,LibGen,LibGen.bz,UP,200,1840,,
2026-10-08T03:07:06.757580+00:00,LibGen,LibGen.bz,UP,200,1008,,
2026-10-08T03:08:10.325408+00:00,LibGen,LibGen.bz,DEGRADED,200,3931,latency_high,
2026-10-08T03:09:08.829190+00:00,LibGen,LibGen.bz,UP,200,1481,,
2026-10-08T03:10:29.097641+00:00,LibGen,LibGen.bz,DOWN,,,connection_refused,
2026-10-08T03:11:09.240757+00:00,LibGen,LibGen.bz,UP,200,1085,,
2026-10-08T03:12:08.365747+00:00,LibGen,LibGen.bz,UP,200,438,,
2026-10-08T03:13:09.700873+00:00,LibGen,LibGen.bz,UP,200,1296,,
2026-10-08T03:14:09.874080+00:00,LibGen,LibGen.bz,UP,200,816,,
2026-10-08T03:15:11.622760+00:00,LibGen,LibGen.bz,UP,200,2196,,
2026-10-08T03:16:10.672905+00:00,LibGen,LibGen.bz,UP,200,985,,
2026-10-08T03:17:11.109408+00:00,LibGen,LibGen.bz,UP,200,913,,
2026-10-08T03:18:11.203252+00:00,LibGen,LibGen.bz,UP,200,1516,,
2026-10-08T03:19:10.928476+00:00,LibGen,LibGen.bz,UP,200,896,,
2026-10-08T03:20:12.749105+00:00,LibGen,LibGen.bz,UP,200,898,,
2026-10-08T03:21:12.388319+00:00,LibGen,LibGen.bz,UP,200,1033,,
2026-10-08T03:22:13.375491+00:00,LibGen,LibGen.bz,UP,200,1243,,
2026-10-08T03:23:13.744514+00:00,LibGen,LibGen.bz,UP,200,1173,,
2026-10-08T03:24:14.223453+00:00,LibGen,LibGen.bz,UP,200,1210,,
2026-10-08T03:25:14.845265+00:00,LibGen,LibGen.bz,UP,200,1498,,
2026-10-08T03:26:14.430932+00:00,LibGen,LibGen.bz,UP,200,357,,
2026-10-08T03:27:15.560569+00:00,LibGen,LibGen.bz,UP,200,1043,,
2026-10-08T03:28:15.904580+00:00,LibGen,LibGen.bz,UP,200,992,,
2026-10-08T03:29:16.901516+00:00,LibGen,LibGen.bz,UP,200,937,,
2026-10-08T03:30:17.422551+00:00,LibGen,LibGen.bz,UP,200,1257,,
2026-10-08T03:31:18.039211+00:00,LibGen,LibGen.bz,UP,200,935,,
2026-10-08T03:32:17.799938+00:00,LibGen,LibGen.bz,UP,200,872,,
2026-10-08T03:33:18.801602+00:00,LibGen,LibGen.bz,UP,200,1169,,
2026-10-08T03:34:18.538677+00:00,LibGen,LibGen.bz,UP,200,320,,
2026-10-08T03:35:20.537067+00:00,LibGen,LibGen.bz,UP,200,1986,,
2026-10-08T03:36:19.670700+00:00,LibGen,LibGen.bz,UP,200,874,,
2026-10-08T03:37:20.478595+00:00,LibGen,LibGen.bz,UP,200,1048,,
2026-10-08T03:38:21.603567+00:00,LibGen,LibGen.bz,UP,200,974,,
2026-10-08T03:39:21.784589+00:00,LibGen,LibGen.bz,UP,200,900,,
2026-10-08T03:40:22.458218+00:00,LibGen,LibGen.bz,UP,200,1136,,
2026-10-08T03:41:41.880829+00:00,LibGen,LibGen.bz,DOWN,,,connection_refused,
2026-10-08T03:42:23.232629+00:00,LibGen,LibGen.bz,UP,200,790,,
2026-10-08T03:43:23.884461+00:00,LibGen,LibGen.bz,UP,200,1000,,
2026-10-08T03:44:24.189248+00:00,LibGen,LibGen.bz,UP,200,923,,
2026-10-08T03:45:25.128382+00:00,LibGen,LibGen.bz,UP,200,1088,,
2026-10-08T03:46:26.091808+00:00,LibGen,LibGen.bz,UP,200,987,,
2026-10-08T03:47:25.863625+00:00,LibGen,LibGen.bz,UP,200,895,,
2026-10-08T03:48:26.079131+00:00,LibGen,LibGen.bz,UP,200,894,,
2026-10-08T03:49:25.998893+00:00,LibGen,LibGen.bz,DOWN,,,connection_refused,
2026-10-08T03:50:27.767175+00:00,LibGen,LibGen.bz,UP,200,1093,,
2026-10-08T03:51:28.409565+00:00,LibGen,LibGen.bz,UP,200,1209,,
2026-10-08T03:52:28.268172+00:00,LibGen,LibGen.bz,UP,200,926,,
2026-10-08T03:53:29.546488+00:00,LibGen,LibGen.bz,UP,200,1556,,
2026-10-08T03:54:29.291714+00:00,LibGen,LibGen.bz,UP,200,1012,,
2026-10-08T03:55:29.644902+00:00,LibGen,LibGen.bz,UP,200,806,,
2026-10-08T03:56:29.472578+00:00,LibGen,LibGen.bz,UP,200,505,,
2026-10-08T03:57:30.498682+00:00,LibGen,LibGen.bz,UP,200,834,,
2026-10-08T03:58:31.114129+00:00,LibGen,LibGen.bz,UP,200,436,,
2026-10-08T03:59:31.440930+00:00,LibGen,LibGen.bz,UP,200,939,,
2026-10-08T04:00:32.767121+00:00,LibGen,LibGen.bz,UP,200,1130,,
2026-10-08T04:01:33.118513+00:00,LibGen,LibGen.bz,UP,200,1427,,
2026-10-08T04:02:33.397558+00:00,LibGen,LibGen.bz,UP,200,962,,
2026-10-08T04:03:33.940349+00:00,LibGen,LibGen.bz,UP,200,869,,
2026-10-08T04:04:34.360672+00:00,LibGen,LibGen.bz,UP,200,994,,
2026-10-08T04:05:35.182667+00:00,LibGen,LibGen.bz,UP,200,994,,
2026-10-08T04:06:36.483925+00:00,LibGen,LibGen.bz,UP,200,1404,,
2026-10-08T04:07:36.373680+00:00,LibGen,LibGen.bz,UP,200,1026,,
2026-10-08T04:08:36.922562+00:00,LibGen,LibGen.bz,UP,200,1193,,
2026-10-08T04:09:38.142535+00:00,LibGen,LibGen.bz,UP,200,1099,,
2026-10-08T04:10:38.263376+00:00,LibGen,LibGen.bz,UP,200,974,,
2026-10-08T04:11:39.179916+00:00,LibGen,LibGen.bz,UP,200,991,,
2026-10-08T04:12:39.279357+00:00,LibGen,LibGen.bz,UP,200,1159,,
2026-10-08T04:13:39.410185+00:00,LibGen,LibGen.bz,UP,200,948,,
2026-10-08T04:14:40.475177+00:00,LibGen,LibGen.bz,UP,200,807,,
2026-10-08T04:15:40.843382+00:00,LibGen,LibGen.bz,UP,200,1099,,
2026-10-08T04:16:41.575386+00:00,LibGen,LibGen.bz,UP,200,1070,,
2026-10-08T04:17:42.060006+00:00,LibGen,LibGen.bz,UP,200,1566,,
2026-10-08T04:18:42.928235+00:00,LibGen,LibGen.bz,UP,200,1939,,
2026-10-08T04:19:41.705641+00:00,LibGen,LibGen.bz,UP,200,433,,
2026-10-08T04:20:42.570719+00:00,LibGen,LibGen.bz,UP,200,812,,
2026-10-08T04:21:43.695369+00:00,LibGen,LibGen.bz,UP,200,878,,
2026-10-08T04:22:44.390257+00:00,LibGen,LibGen.bz,UP,200,849,,
2026-10-08T04:23:44.905986+00:00,LibGen,LibGen.bz,UP,200,1161,,
2026-10-08T04:24:44.856760+00:00,LibGen,LibGen.bz,UP,200,835,,
2026-10-08T04:25:46.262648+00:00,LibGen,LibGen.bz,UP,200,1373,,
2026-10-08T04:26:46.725573+00:00,LibGen,LibGen.bz,UP,200,1062,,
2026-10-08T04:27:47.742567+00:00,LibGen,LibGen.bz,UP,200,1337,,
2026-10-08T04:29:07.353814+00:00,LibGen,LibGen.bz,DOWN,,,connection_refused,
2026-10-08T04:29:47.512196+00:00,LibGen,LibGen.bz,UP,200,896,,
2026-10-08T04:30:48.188497+00:00,LibGen,LibGen.bz,UP,200,875,,
2026-10-08T04:31:48.789574+00:00,LibGen,LibGen.bz,UP,200,986,,
2026-10-08T04:32:48.840685+00:00,LibGen,LibGen.bz,UP,200,833,,
2026-10-08T04:33:51.066906+00:00,LibGen,LibGen.bz,UP,200,2641,,
2026-10-08T04:34:49.949567+00:00,LibGen,LibGen.bz,UP,200,1203,,
2026-10-08T04:35:50.444097+00:00,LibGen,LibGen.bz,UP,200,809,,
2026-10-08T04:36:50.744595+00:00,LibGen,LibGen.bz,UP,200,1067,,
2026-10-08T04:37:52.580516+00:00,LibGen,LibGen.bz,UP,200,2344,,
2026-10-08T04:38:51.762480+00:00,LibGen,LibGen.bz,UP,200,1639,,
2026-10-08T04:39:52.100322+00:00,LibGen,LibGen.bz,UP,200,1139,,
2026-10-08T04:40:51.771329+00:00,LibGen,LibGen.bz,UP,200,364,,
2026-10-08T04:41:53.289200+00:00,LibGen,LibGen.bz,UP,200,927,,
2026-10-08T04:42:54.454610+00:00,LibGen,LibGen.bz,UP,200,1546,,
2026-10-08T04:43:53.934985+00:00,LibGen,LibGen.bz,UP,200,824,,
2026-10-08T04:44:54.565400+00:00,LibGen,LibGen.bz,UP,200,1631,,
2026-10-08T04:45:53.975666+00:00,LibGen,LibGen.bz,UP,200,727,,
2026-10-08T04:46:58.805798+00:00,LibGen,LibGen.bz,DEGRADED,200,4389,latency_high,
2026-10-08T04:47:56.244714+00:00,LibGen,LibGen.bz,UP,200,1180,,
2026-10-08T04:48:56.225050+00:00,LibGen,LibGen.bz,UP,200,975,,
2026-10-08T04:50:00.191433+00:00,LibGen,LibGen.bz,DEGRADED,200,4508,latency_high,
2026-10-08T04:50:57.270658+00:00,LibGen,LibGen.bz,UP,200,1040,,
2026-10-08T04:51:58.183550+00:00,LibGen,LibGen.bz,UP,200,973,,
2026-10-08T04:52:58.376179+00:00,LibGen,LibGen.bz,UP,200,921,,
2026-10-08T04:53:59.028994+00:00,LibGen,LibGen.bz,UP,200,820,,
2026-10-08T04:54:59.066572+00:00,LibGen,LibGen.bz,UP,200,836,,
2026-10-08T04:55:59.799497+00:00,LibGen,LibGen.bz,UP,200,949,,
2026-10-08T04:57:00.573068+00:00,LibGen,LibGen.bz,UP,200,922,,
2026-10-08T04:58:01.218983+00:00,LibGen,LibGen.bz,UP,200,1040,,
2026-10-08T04:59:01.734531+00:00,LibGen,LibGen.bz,UP,200,1072,,
2026-10-08T05:00:02.459518+00:00,LibGen,LibGen.bz,UP,200,1328,,
2026-10-08T05:01:03.040821+00:00,LibGen,LibGen.bz,UP,200,1076,,
2026-10-08T05:02:03.446856+00:00,LibGen,LibGen.bz,UP,200,1006,,
2026-10-08T05:03:03.407817+00:00,LibGen,LibGen.bz,UP,200,597,,
2026-10-08T05:04:04.898252+00:00,LibGen,LibGen.bz,UP,200,780,,
2026-10-08T05:05:08.093729+00:00,LibGen,LibGen.bz,DEGRADED,200,3952,latency_high,
2026-10-08T05:06:06.972100+00:00,LibGen,LibGen.bz,UP,200,1884,,
2026-10-08T05:07:06.738943+00:00,LibGen,LibGen.bz,UP,200,1675,,
2026-10-08T05:08:07.503698+00:00,LibGen,LibGen.bz,UP,200,1668,,
2026-10-08T05:09:07.730539+00:00,LibGen,LibGen.bz,UP,200,1029,,
2026-10-08T05:10:08.530997+00:00,LibGen,LibGen.bz,UP,200,1073,,
2026-10-08T05:11:08.369041+00:00,LibGen,LibGen.bz,UP,200,873,,
2026-10-08T05:12:08.943389+00:00,LibGen,LibGen.bz,UP,200,1028,,
2026-10-08T05:13:09.487874+00:00,LibGen,LibGen.bz,UP,200,934,,
2026-10-08T05:14:10.257871+00:00,LibGen,LibGen.bz,UP,200,996,,
2026-10-08T05:15:12.144933+00:00,LibGen,LibGen.bz,UP,200,1504,,
2026-10-08T05:16:11.626779+00:00,LibGen,LibGen.bz,UP,200,941,,
2026-10-08T05:17:11.981367+00:00,LibGen,LibGen.bz,UP,200,906,,
2026-10-08T05:18:13.605034+00:00,LibGen,LibGen.bz,UP,200,1017,,
2026-10-08T05:19:14.495049+00:00,LibGen,LibGen.bz,UP,200,1605,,
2026-10-08T05:20:14.042835+00:00,LibGen,LibGen.bz,UP,200,914,,
2026-10-08T05:21:14.798409+00:00,LibGen,LibGen.bz,UP,200,1019,,
2026-10-08T05:22:16.075701+00:00,LibGen,LibGen.bz,UP,200,1650,,
2026-10-08T05:23:15.752151+00:00,LibGen,LibGen.bz,UP,200,998,,
2026-10-08T05:24:16.141565+00:00,LibGen,LibGen.bz,UP,200,923,,
2026-10-08T05:25:17.875127+00:00,LibGen,LibGen.bz,UP,200,1879,,
2026-10-08T05:26:17.426062+00:00,LibGen,LibGen.bz,UP,200,1014,,
2026-10-08T05:27:17.782603+00:00,LibGen,LibGen.bz,UP,200,972,,
2026-10-08T05:28:17.854493+00:00,LibGen,LibGen.bz,UP,200,369,,
2026-10-08T05:29:18.956533+00:00,LibGen,LibGen.bz,UP,200,801,,
2026-10-08T05:30:22.419260+00:00,LibGen,LibGen.bz,DEGRADED,200,3946,latency_high,
2026-10-08T05:31:19.872495+00:00,LibGen,LibGen.bz,UP,200,954,,
2026-10-08T05:32:21.457666+00:00,LibGen,LibGen.bz,UP,200,1007,,
2026-10-08T05:33:21.459645+00:00,LibGen,LibGen.bz,UP,200,919,,
2026-10-08T05:34:21.131963+00:00,LibGen,LibGen.bz,UP,200,274,,
2026-10-08T05:35:22.438155+00:00,LibGen,LibGen.bz,UP,200,847,,
2026-10-08T05:36:23.197575+00:00,LibGen,LibGen.bz,UP,200,957,,
2026-10-08T05:37:22.663190+00:00,LibGen,LibGen.bz,UP,200,306,,
2026-10-08T05:38:23.777119+00:00,LibGen,LibGen.bz,UP,200,950,,
2026-10-08T05:39:26.895959+00:00,LibGen,LibGen.bz,DEGRADED,200,3794,latency_high,
2026-10-08T05:40:24.568050+00:00,LibGen,LibGen.bz,UP,200,913,,
2026-10-08T05:41:24.976963+00:00,LibGen,LibGen.bz,UP,200,641,,
2026-10-08T05:42:25.902684+00:00,LibGen,LibGen.bz,UP,200,1055,,
2026-10-08T05:43:27.515204+00:00,LibGen,LibGen.bz,UP,200,1937,,
2026-10-08T05:44:26.482707+00:00,LibGen,LibGen.bz,UP,200,1032,,
2026-10-08T05:45:27.352534+00:00,LibGen,LibGen.bz,UP,200,939,,
2026-10-08T05:46:27.616692+00:00,LibGen,LibGen.bz,UP,200,1187,,
2026-10-08T05:47:28.179519+00:00,LibGen,LibGen.bz,UP,200,1015,,
2026-10-08T05:48:28.691556+00:00,LibGen,LibGen.bz,UP,200,886,,
2026-10-08T05:49:29.866094+00:00,LibGen,LibGen.bz,UP,200,800,,
2026-10-08T05:50:30.915254+00:00,LibGen,LibGen.bz,UP,200,961,,
2026-10-08T05:51:30.439378+00:00,LibGen,LibGen.bz,UP,200,1180,,
2026-10-08T05:52:31.078415+00:00,LibGen,LibGen.bz,UP,200,1080,,
2026-10-08T05:53:31.362729+00:00,LibGen,LibGen.bz,UP,200,1026,,
2026-10-08T05:54:31.029519+00:00,LibGen,LibGen.bz,UP,200,459,,
2026-10-08T05:55:31.990850+00:00,LibGen,LibGen.bz,UP,200,959,,
2026-10-08T05:56:32.737159+00:00,LibGen,LibGen.bz,UP,200,848,,
2026-10-08T05:57:34.180788+00:00,LibGen,LibGen.bz,UP,200,897,,
2026-10-08T05:58:33.410231+00:00,LibGen,LibGen.bz,UP,200,693,,
2026-10-08T05:59:34.452870+00:00,LibGen,LibGen.bz,UP,200,969,,
2026-10-08T06:00:35.467125+00:00,LibGen,LibGen.bz,UP,200,1440,,
2026-10-08T06:01:34.776588+00:00,LibGen,LibGen.bz,UP,200,492,,
2026-10-08T06:02:35.637955+00:00,LibGen,LibGen.bz,UP,200,1200,,
2026-10-08T06:03:36.398037+00:00,LibGen,LibGen.bz,UP,200,951,,
2026-10-08T06:04:36.335597+00:00,LibGen,LibGen.bz,UP,200,970,,
2026-10-08T06:05:37.782580+00:00,LibGen,LibGen.bz,UP,200,973,,
2026-10-08T06:06:37.470497+00:00,LibGen,LibGen.bz,UP,200,981,,
2026-10-08T06:07:38.697898+00:00,LibGen,LibGen.bz,UP,200,856,,
2026-10-08T06:08:38.509617+00:00,LibGen,LibGen.bz,UP,200,778,,
2026-10-08T06:09:39.045588+00:00,LibGen,LibGen.bz,UP,200,945,,
2026-10-08T06:10:39.631719+00:00,LibGen,LibGen.bz,UP,200,1058,,
2026-10-08T06:11:40.950257+00:00,LibGen,LibGen.bz,UP,200,1474,,
2026-10-08T06:12:41.139829+00:00,LibGen,LibGen.bz,UP,200,414,,
2026-10-08T06:13:42.054155+00:00,LibGen,LibGen.bz,UP,200,945,,
2026-10-08T06:14:41.614000+00:00,LibGen,LibGen.bz,UP,200,447,,
2026-10-08T06:15:43.222275+00:00,LibGen,LibGen.bz,UP,200,961,,
2026-10-08T06:16:43.076183+00:00,LibGen,LibGen.bz,UP,200,879,,
2026-10-08T06:17:43.747644+00:00,LibGen,LibGen.bz,UP,200,821,,
2026-10-08T06:18:46.554086+00:00,LibGen,LibGen.bz,UP,200,1016,,
2026-10-08T06:19:45.460542+00:00,LibGen,LibGen.bz,UP,200,1228,,
2026-10-08T06:20:46.262350+00:00,LibGen,LibGen.bz,UP,200,968,,
2026-10-08T06:21:46.283725+00:00,LibGen,LibGen.bz,UP,200,1364,,
2026-10-08T06:22:46.096910+00:00,LibGen,LibGen.bz,UP,200,847,,
2026-10-08T06:23:47.781341+00:00,LibGen,LibGen.bz,UP,200,1353,,
2026-10-08T06:24:47.320605+00:00,LibGen,LibGen.bz,UP,200,1282,,
2026-10-08T06:25:48.444455+00:00,LibGen,LibGen.bz,UP,200,1273,,
2026-10-08T06:26:48.751753+00:00,LibGen,LibGen.bz,UP,200,1072,,
2026-10-08T06:27:50.021905+00:00,LibGen,LibGen.bz,UP,200,1459,,
2026-10-08T06:28:49.968595+00:00,LibGen,LibGen.bz,UP,200,1373,,
2026-10-08T06:29:49.551880+00:00,LibGen,LibGen.bz,UP,200,1045,,
2026-10-08T06:30:50.810721+00:00,LibGen,LibGen.bz,UP,200,974,,
2026-10-08T06:31:51.604726+00:00,LibGen,LibGen.bz,UP,200,948,,
2026-10-08T06:32:53.930644+00:00,LibGen,LibGen.bz,UP,200,1162,,
2026-10-08T06:33:51.676937+00:00,LibGen,LibGen.bz,UP,200,768,,
2026-10-08T06:34:52.913379+00:00,LibGen,LibGen.bz,UP,200,1077,,
2026-10-08T06:35:52.988654+00:00,LibGen,LibGen.bz,UP,200,835,,
2026-10-08T06:36:53.808840+00:00,LibGen,LibGen.bz,UP,200,989,,
2026-10-08T06:37:54.153612+00:00,LibGen,LibGen.bz,UP,200,1078,,
2026-10-08T06:38:55.000047+00:00,LibGen,LibGen.bz,UP,200,986,,
2026-10-08T06:39:54.753543+00:00,LibGen,LibGen.bz,UP,200,1030,,
2026-10-08T06:40:55.792681+00:00,LibGen,LibGen.bz,UP,200,1185,,
2026-10-08T06:41:56.057854+00:00,LibGen,LibGen.bz,UP,200,1360,,
2026-10-08T06:42:56.620387+00:00,LibGen,LibGen.bz,UP,200,1102,,
2026-10-08T06:43:57.433933+00:00,LibGen,LibGen.bz,UP,200,1073,,
2026-10-08T06:44:57.740435+00:00,LibGen,LibGen.bz,UP,200,922,,
2026-10-08T06:45:58.850393+00:00,LibGen,LibGen.bz,UP,200,1071,,
2026-10-08T06:46:59.119594+00:00,LibGen,LibGen.bz,UP,200,1226,,
2026-10-08T06:47:59.735686+00:00,LibGen,LibGen.bz,UP,200,1009,,
2026-10-08T06:49:04.552779+00:00,LibGen,LibGen.bz,DEGRADED,200,4052,latency_high,
2026-10-08T06:50:05.141157+00:00,LibGen,LibGen.bz,DEGRADED,200,4245,latency_high,
2026-10-08T06:51:02.606681+00:00,LibGen,LibGen.bz,UP,200,1474,,
2026-10-08T06:52:03.989803+00:00,LibGen,LibGen.bz,UP,200,913,,
2026-10-08T06:53:03.908341+00:00,LibGen,LibGen.bz,UP,200,1022,,
2026-10-08T06:54:04.895797+00:00,LibGen,LibGen.bz,UP,200,1075,,
2026-10-08T06:55:06.524136+00:00,LibGen,LibGen.bz,UP,200,949,,
2026-10-08T06:56:05.946424+00:00,LibGen,LibGen.bz,UP,200,807,,
2026-10-08T06:57:07.194638+00:00,LibGen,LibGen.bz,UP,200,1075,,
2026-10-08T06:58:07.653115+00:00,LibGen,LibGen.bz,UP,200,1108,,
2026-10-08T06:59:08.198729+00:00,LibGen,LibGen.bz,UP,200,363,,
2026-10-08T07:00:10.383582+00:00,LibGen,LibGen.bz,UP,200,1614,,
2026-10-08T07:01:10.772483+00:00,LibGen,LibGen.bz,UP,200,1330,,
2026-10-08T07:02:10.218817+00:00,LibGen,LibGen.bz,UP,200,1001,,
2026-10-08T07:03:11.071829+00:00,LibGen,LibGen.bz,UP,200,901,,
2026-10-08T07:04:12.013750+00:00,LibGen,LibGen.bz,UP,200,972,,
2026-10-08T07:05:12.588108+00:00,LibGen,LibGen.bz,UP,200,1116,,
2026-10-08T07:06:12.567434+00:00,LibGen,LibGen.bz,UP,200,970,,
2026-10-08T07:07:13.581408+00:00,LibGen,LibGen.bz,UP,200,463,,
2026-10-08T07:08:16.063563+00:00,LibGen,LibGen.bz,UP,200,1309,,
2026-10-08T07:09:14.717137+00:00,LibGen,LibGen.bz,UP,200,1561,,
2026-10-08T07:10:13.715828+00:00,LibGen,LibGen.bz,UP,200,381,,
2026-10-08T07:11:14.431686+00:00,LibGen,LibGen.bz,UP,200,1078,,
2026-10-08T07:12:15.664629+00:00,LibGen,LibGen.bz,UP,200,1336,,
2026-10-08T07:13:15.303326+00:00,LibGen,LibGen.bz,UP,200,814,,
2026-10-08T07:14:16.771114+00:00,LibGen,LibGen.bz,UP,200,1063,,
2026-10-08T07:15:18.461009+00:00,LibGen,LibGen.bz,UP,200,1753,,
2026-10-08T07:16:17.530564+00:00,LibGen,LibGen.bz,UP,200,1273,,
2026-10-08T07:17:18.521434+00:00,LibGen,LibGen.bz,UP,200,1108,,
2026-10-08T07:18:19.045945+00:00,LibGen,LibGen.bz,UP,200,476,,
2026-10-08T07:19:21.665501+00:00,LibGen,LibGen.bz,UP,200,1469,,
2026-10-08T07:20:19.836023+00:00,LibGen,LibGen.bz,UP,200,299,,
2026-10-08T07:21:21.050603+00:00,LibGen,LibGen.bz,UP,200,938,,
2026-10-08T07:22:23.432606+00:00,LibGen,LibGen.bz,UP,200,572,,
2026-10-08T07:23:23.175724+00:00,LibGen,LibGen.bz,UP,200,1900,,
2026-10-08T07:24:25.786882+00:00,LibGen,LibGen.bz,DEGRADED,200,4128,latency_high,
2026-10-08T07:25:23.887162+00:00,LibGen,LibGen.bz,UP,200,1266,,
2026-10-08T07:26:24.010304+00:00,LibGen,LibGen.bz,UP,200,879,,
2026-10-08T07:27:24.569456+00:00,LibGen,LibGen.bz,UP,200,584,,
2026-10-08T07:28:24.613500+00:00,LibGen,LibGen.bz,UP,200,1013,,
2026-10-08T07:29:24.529662+00:00,LibGen,LibGen.bz,UP,200,431,,
2026-10-08T07:30:25.683874+00:00,LibGen,LibGen.bz,UP,200,1161,,
2026-10-08T07:31:27.015980+00:00,LibGen,LibGen.bz,UP,200,1506,,
2026-10-08T07:32:27.871676+00:00,LibGen,LibGen.bz,UP,200,1857,,
2026-10-08T07:33:27.901853+00:00,LibGen,LibGen.bz,UP,200,996,,
2026-10-08T07:34:27.794742+00:00,LibGen,LibGen.bz,DOWN,,,connection_refused,
2026-10-08T07:35:29.538568+00:00,LibGen,LibGen.bz,UP,200,848,,
2026-10-08T07:36:30.709998+00:00,LibGen,LibGen.bz,UP,200,1084,,
2026-10-08T07:37:31.826480+00:00,LibGen,LibGen.bz,UP,200,1298,,
2026-10-08T07:38:32.472233+00:00,LibGen,LibGen.bz,UP,200,1062,,
2026-10-08T07:39:33.650065+00:00,LibGen,LibGen.bz,UP,200,1280,,
2026-10-08T07:40:34.426573+00:00,LibGen,LibGen.bz,UP,200,1138,,
2026-10-08T07:41:34.857726+00:00,LibGen,LibGen.bz,UP,200,856,,
2026-10-08T07:42:36.085595+00:00,LibGen,LibGen.bz,UP,200,1225,,
2026-10-08T07:43:37.035931+00:00,LibGen,LibGen.bz,UP,200,1135,,
2026-10-08T07:44:57.000484+00:00,LibGen,LibGen.bz,DOWN,,,connection_refused,
2026-10-08T07:45:37.103416+00:00,LibGen,LibGen.bz,UP,200,1386,,
2026-10-08T07:46:57.294578+00:00,LibGen,LibGen.bz,DOWN,,,connection_refused,
2026-10-08T07:47:37.730562+00:00,LibGen,LibGen.bz,UP,200,1015,,
2026-10-08T07:48:37.731381+00:00,LibGen,LibGen.bz,UP,200,576,,
2026-10-08T07:49:39.563029+00:00,LibGen,LibGen.bz,UP,200,1633,,
2026-10-08T07:50:40.124895+00:00,LibGen,LibGen.bz,UP,200,835,,
2026-10-08T07:51:40.155375+00:00,LibGen,LibGen.bz,UP,200,1244,,
2026-10-08T07:52:41.031527+00:00,LibGen,LibGen.bz,UP,200,1218,,
2026-10-08T07:53:41.788647+00:00,LibGen,LibGen.bz,UP,200,1196,,
2026-10-08T07:54:43.466805+00:00,LibGen,LibGen.bz,UP,200,1970,,
2026-10-08T07:55:43.281977+00:00,LibGen,LibGen.bz,UP,200,1256,,
2026-10-08T07:56:44.750998+00:00,LibGen,LibGen.bz,UP,200,1159,,
2026-10-08T07:57:44.680271+00:00,LibGen,LibGen.bz,UP,200,1172,,
2026-10-08T07:58:45.988623+00:00,LibGen,LibGen.bz,UP,200,2063,,
2026-10-08T07:59:46.738384+00:00,LibGen,LibGen.bz,UP,200,1554,,
2026-10-08T08:00:46.776403+00:00,LibGen,LibGen.bz,UP,200,1087,,
2026-10-08T08:01:47.813643+00:00,LibGen,LibGen.bz,UP,200,1194,,
2026-10-08T08:02:47.858842+00:00,LibGen,LibGen.bz,UP,200,385,,
2026-10-08T08:03:49.939605+00:00,LibGen,LibGen.bz,UP,200,1189,,
2026-10-08T08:04:50.876417+00:00,LibGen,LibGen.bz,UP,200,1283,,
2026-10-08T08:05:50.942774+00:00,LibGen,LibGen.bz,UP,200,782,,
2026-10-08T08:06:52.068923+00:00,LibGen,LibGen.bz,UP,200,1093,,
2026-10-08T08:07:52.609589+00:00,LibGen,LibGen.bz,UP,200,916,,
2026-10-08T08:08:52.992728+00:00,LibGen,LibGen.bz,UP,200,1151,,
2026-10-08T08:09:53.763554+00:00,LibGen,LibGen.bz,UP,200,413,,
2026-10-08T08:10:54.569363+00:00,LibGen,LibGen.bz,UP,200,923,,
2026-10-08T08:11:55.770251+00:00,LibGen,LibGen.bz,UP,200,1039,,
2026-10-08T08:12:56.832035+00:00,LibGen,LibGen.bz,UP,200,1544,,
2026-10-08T08:13:58.005995+00:00,LibGen,LibGen.bz,UP,200,1817,,
2026-10-08T08:14:58.251338+00:00,LibGen,LibGen.bz,UP,200,1294,,
2026-10-08T08:16:00.043065+00:00,LibGen,LibGen.bz,UP,200,1197,,
2026-10-08T08:16:58.861968+00:00,LibGen,LibGen.bz,UP,200,1064,,
2026-10-08T08:18:00.203704+00:00,LibGen,LibGen.bz,UP,200,1959,,
2026-10-08T08:19:01.007858+00:00,LibGen,LibGen.bz,UP,200,1804,,
2026-10-08T08:20:01.394635+00:00,LibGen,LibGen.bz,UP,200,1192,,
2026-10-08T08:21:01.412871+00:00,LibGen,LibGen.bz,UP,200,811,,
2026-10-08T08:22:02.124513+00:00,LibGen,LibGen.bz,UP,200,1050,,
2026-10-08T08:23:02.768610+00:00,LibGen,LibGen.bz,UP,200,961,,
2026-10-08T08:24:23.844044+00:00,LibGen,LibGen.bz,DOWN,,,connection_refused,
2026-10-08T08:25:03.745693+00:00,LibGen,LibGen.bz,UP,200,1116,,
2026-10-08T08:26:05.268617+00:00,LibGen,LibGen.bz,UP,200,1554,,
2026-10-08T08:27:06.109938+00:00,LibGen,LibGen.bz,UP,200,1527,,
2026-10-08T08:28:06.448594+00:00,LibGen,LibGen.bz,UP,200,1196,,
2026-10-08T08:29:06.704883+00:00,LibGen,LibGen.bz,UP,200,1650,,
2026-10-08T08:30:07.718906+00:00,LibGen,LibGen.bz,UP,200,1612,,
2026-10-08T08:31:07.324657+00:00,LibGen,LibGen.bz,UP,200,895,,
2026-10-08T08:32:07.366331+00:00,LibGen,LibGen.bz,UP,200,937,,
2026-10-08T08:33:07.681778+00:00,LibGen,LibGen.bz,UP,200,1009,,
2026-10-08T08:34:08.807422+00:00,LibGen,LibGen.bz,UP,200,1343,,
2026-10-08T08:35:09.785008+00:00,LibGen,LibGen.bz,UP,200,1505,,
2026-10-08T08:36:10.336957+00:00,LibGen,LibGen.bz,UP,200,1006,,
2026-10-08T08:37:11.491264+00:00,LibGen,LibGen.bz,UP,200,1061,,
2026-10-08T08:38:11.610004+00:00,LibGen,LibGen.bz,UP,200,702,,
2026-10-08T08:39:13.446372+00:00,LibGen,LibGen.bz,UP,200,1139,,
2026-10-08T08:40:14.252917+00:00,LibGen,LibGen.bz,UP,200,1021,,
2026-10-08T08:41:15.160208+00:00,LibGen,LibGen.bz,UP,200,935,,
2026-10-08T08:42:17.447195+00:00,LibGen,LibGen.bz,UP,200,2267,,
2026-10-08T08:43:16.447553+00:00,LibGen,LibGen.bz,UP,200,920,,
2026-10-08T08:44:17.814103+00:00,LibGen,LibGen.bz,UP,200,1310,,
2026-10-08T08:45:18.740686+00:00,LibGen,LibGen.bz,UP,200,1500,,
2026-10-08T08:46:19.274584+00:00,LibGen,LibGen.bz,UP,200,1091,,
2026-10-08T08:47:20.264022+00:00,LibGen,LibGen.bz,UP,200,1226,,
2026-10-08T08:48:20.847173+00:00,LibGen,LibGen.bz,UP,200,894,,
2026-10-08T08:49:20.798184+00:00,LibGen,LibGen.bz,DOWN,,,connection_refused,
2026-10-08T08:50:23.237184+00:00,LibGen,LibGen.bz,UP,200,1444,,
2026-10-08T08:51:25.025528+00:00,LibGen,LibGen.bz,UP,200,1870,,
2026-10-08T08:52:33.019239+00:00,LibGen,LibGen.bz,DEGRADED,200,8246,latency_high,
2026-10-08T08:53:25.594658+00:00,LibGen,LibGen.bz,UP,200,974,,
2026-10-08T08:54:30.108562+00:00,LibGen,LibGen.bz,DEGRADED,200,4188,latency_high,
2026-10-08T08:55:27.832177+00:00,LibGen,LibGen.bz,UP,200,1334,,
2026-10-08T08:56:28.282786+00:00,LibGen,LibGen.bz,UP,200,507,,
2026-10-08T08:57:29.883813+00:00,LibGen,LibGen.bz,UP,200,1275,,
2026-10-08T08:58:30.229430+00:00,LibGen,LibGen.bz,UP,200,1052,,
2026-10-08T08:59:31.361724+00:00,LibGen,LibGen.bz,UP,200,832,,
2026-10-08T09:00:31.695691+00:00,LibGen,LibGen.bz,UP,200,1150,,
2026-10-08T09:01:32.851922+00:00,LibGen,LibGen.bz,UP,200,942,,
2026-10-08T09:02:33.410542+00:00,LibGen,LibGen.bz,UP,200,1805,,
2026-10-08T09:03:33.266354+00:00,LibGen,LibGen.bz,UP,200,1070,,
2026-10-08T09:04:33.917254+00:00,LibGen,LibGen.bz,UP,200,1058,,
2026-10-08T09:05:34.583101+00:00,LibGen,LibGen.bz,UP,200,1249,,
2026-10-08T09:06:35.923574+00:00,LibGen,LibGen.bz,UP,200,1941,,
2026-10-08T09:07:35.963172+00:00,LibGen,LibGen.bz,UP,200,1193,,
2026-10-08T09:08:37.157626+00:00,LibGen,LibGen.bz,UP,200,1024,,
2026-10-08T09:09:37.834581+00:00,LibGen,LibGen.bz,UP,200,1531,,
2026-10-08T09:10:58.013084+00:00,LibGen,LibGen.bz,DOWN,,,connection_refused,
2026-10-08T09:11:39.519259+00:00,LibGen,LibGen.bz,UP,200,1558,,
2026-10-08T09:12:40.852242+00:00,LibGen,LibGen.bz,UP,200,990,,
2026-10-08T09:13:41.566960+00:00,LibGen,LibGen.bz,UP,200,1381,,
2026-10-08T09:14:42.411420+00:00,LibGen,LibGen.bz,UP,200,1747,,
2026-10-08T09:15:42.698538+00:00,LibGen,LibGen.bz,UP,200,1097,,
2026-10-08T09:16:43.771066+00:00,LibGen,LibGen.bz,UP,200,1256,,
2026-10-08T09:17:44.591044+00:00,LibGen,LibGen.bz,UP,200,1104,,
2026-10-08T09:18:46.092717+00:00,LibGen,LibGen.bz,UP,200,1230,,
2026-10-08T09:19:46.128957+00:00,LibGen,LibGen.bz,UP,200,414,,
2026-10-08T09:20:46.268854+00:00,LibGen,LibGen.bz,UP,200,932,,
2026-10-08T09:21:51.552587+00:00,LibGen,LibGen.bz,DEGRADED,200,4865,latency_high,
2026-10-08T09:22:47.284731+00:00,LibGen,LibGen.bz,UP,200,905,,
2026-10-08T09:23:48.160574+00:00,LibGen,LibGen.bz,UP,200,882,,
2026-10-08T09:24:49.095432+00:00,LibGen,LibGen.bz,UP,200,930,,
2026-10-08T09:25:50.165967+00:00,LibGen,LibGen.bz,UP,200,1057,,
2026-10-08T09:26:49.995182+00:00,LibGen,LibGen.bz,DOWN,,,connection_refused,
2026-10-08T09:27:51.966776+00:00,LibGen,LibGen.bz,UP,200,1023,,
2026-10-08T09:28:53.200332+00:00,LibGen,LibGen.bz,UP,200,831,,
2026-10-08T09:29:54.107207+00:00,LibGen,LibGen.bz,UP,200,1311,,
2026-10-08T09:30:54.374190+00:00,LibGen,LibGen.bz,UP,200,824,,
2026-10-08T09:31:56.149335+00:00,LibGen,LibGen.bz,UP,200,2084,,
2026-10-08T09:32:54.825823+00:00,LibGen,LibGen.bz,UP,200,532,,
2026-10-08T09:34:14.852972+00:00,LibGen,LibGen.bz,TIMEOUT,,,timeout,
2026-10-08T09:34:56.120058+00:00,LibGen,LibGen.bz,UP,200,904,,
2026-10-08T09:35:57.224984+00:00,LibGen,LibGen.bz,UP,200,854,,
2026-10-08T09:36:57.778165+00:00,LibGen,LibGen.bz,UP,200,929,,
2026-10-08T09:37:58.508181+00:00,LibGen,LibGen.bz,UP,200,828,,
2026-10-08T09:38:59.576232+00:00,LibGen,LibGen.bz,UP,200,1032,,
2026-10-08T09:39:59.462531+00:00,LibGen,LibGen.bz,UP,200,749,,
2026-10-08T09:40:59.204013+00:00,LibGen,LibGen.bz,UP,200,956,,
2026-10-08T09:41:59.899179+00:00,LibGen,LibGen.bz,UP,200,845,,
2026-10-08T09:43:00.353177+00:00,LibGen,LibGen.bz,UP,200,871,,
2026-10-08T09:44:00.956829+00:00,LibGen,LibGen.bz,UP,200,940,,
2026-10-08T09:45:01.403938+00:00,LibGen,LibGen.bz,UP,200,397,,
2026-10-08T09:46:02.519103+00:00,LibGen,LibGen.bz,UP,200,947,,
2026-10-08T09:47:03.137750+00:00,LibGen,LibGen.bz,UP,200,535,,
2026-10-08T09:48:03.087773+00:00,LibGen,LibGen.bz,UP,200,1156,,
2026-10-08T09:49:04.097224+00:00,LibGen,LibGen.bz,UP,200,1215,,
2026-10-08T09:50:05.255323+00:00,LibGen,LibGen.bz,UP,200,1062,,
2026-10-08T09:51:04.135129+00:00,LibGen,LibGen.bz,UP,200,372,,
2026-10-08T09:52:05.909014+00:00,LibGen,LibGen.bz,UP,200,1167,,
2026-10-08T09:53:07.556458+00:00,LibGen,LibGen.bz,UP,200,1864,,
2026-10-08T09:54:07.851776+00:00,LibGen,LibGen.bz,UP,200,936,,
2026-10-08T09:55:08.545701+00:00,LibGen,LibGen.bz,UP,200,1217,,
2026-10-08T09:56:28.834474+00:00,LibGen,LibGen.bz,TIMEOUT,,,timeout,
2026-10-08T09:57:29.582894+00:00,LibGen,LibGen.bz,TIMEOUT,,,timeout,
2026-10-08T09:58:30.619884+00:00,LibGen,LibGen.bz,TIMEOUT,,,timeout,
2026-10-08T09:59:47.778702+00:00,LibGen,LibGen.bz,DOWN,,,connection_refused,
2026-10-08T10:00:13.351806+00:00,LibGen,LibGen.bz,UP,200,1149,,
2026-10-08T10:01:12.938219+00:00,LibGen,LibGen.bz,UP,200,1065,,
2026-10-08T10:02:12.796797+00:00,LibGen,LibGen.bz,DOWN,,,connection_refused,
2026-10-08T10:03:15.715673+00:00,LibGen,LibGen.bz,UP,200,972,,
2026-10-08T10:04:14.746483+00:00,LibGen,LibGen.bz,UP,200,640,,
2026-10-08T10:05:15.769983+00:00,LibGen,LibGen.bz,UP,200,819,,
2026-10-08T10:06:16.056857+00:00,LibGen,LibGen.bz,UP,200,921,,
2026-10-08T10:07:17.163717+00:00,LibGen,LibGen.bz,UP,200,899,,
2026-10-08T10:08:18.154470+00:00,LibGen,LibGen.bz,UP,200,1222,,
2026-10-08T10:09:18.688214+00:00,LibGen,LibGen.bz,UP,200,957,,
2026-10-08T10:10:19.680570+00:00,LibGen,LibGen.bz,UP,200,1055,,
2026-10-08T10:11:21.162922+00:00,LibGen,LibGen.bz,UP,200,1159,,
2026-10-08T10:12:21.727271+00:00,LibGen,LibGen.bz,UP,200,942,,
2026-10-08T10:13:21.917851+00:00,LibGen,LibGen.bz,UP,200,662,,
2026-10-08T10:14:22.937532+00:00,LibGen,LibGen.bz,UP,200,877,,
2026-10-08T10:15:23.265600+00:00,LibGen,LibGen.bz,UP,200,354,,
2026-10-08T10:16:25.207488+00:00,LibGen,LibGen.bz,UP,200,953,,
2026-10-08T10:17:26.581929+00:00,LibGen,LibGen.bz,UP,200,825,,
2026-10-08T10:18:26.569731+00:00,LibGen,LibGen.bz,UP,200,904,,
2026-10-08T10:19:27.311695+00:00,LibGen,LibGen.bz,UP,200,844,,
2026-10-08T10:20:30.694729+00:00,LibGen,LibGen.bz,UP,200,2936,,
2026-10-08T10:21:29.707043+00:00,LibGen,LibGen.bz,UP,200,1031,,
2026-10-08T10:22:30.092723+00:00,LibGen,LibGen.bz,UP,200,873,,
2026-10-08T10:23:32.558133+00:00,LibGen,LibGen.bz,UP,200,897,,
2026-10-08T10:24:32.466688+00:00,LibGen,LibGen.bz,UP,200,1261,,
2026-10-08T10:25:35.373891+00:00,LibGen,LibGen.bz,UP,200,2903,,
2026-10-08T10:26:34.046219+00:00,LibGen,LibGen.bz,UP,200,1037,,
2026-10-08T10:27:33.378873+00:00,LibGen,LibGen.bz,UP,200,777,,
2026-10-08T10:28:34.578601+00:00,LibGen,LibGen.bz,UP,200,1003,,
2026-10-08T10:29:35.384571+00:00,LibGen,LibGen.bz,UP,200,881,,
2026-10-08T10:30:35.839369+00:00,LibGen,LibGen.bz,UP,200,853,,
2026-10-08T10:31:34.999377+00:00,LibGen,LibGen.bz,UP,200,417,,
2026-10-08T10:32:35.667202+00:00,LibGen,LibGen.bz,UP,200,976,,
2026-10-08T10:33:36.554445+00:00,LibGen,LibGen.bz,UP,200,925,,
2026-10-08T10:34:36.025711+00:00,LibGen,LibGen.bz,UP,200,371,,
2026-10-08T10:35:35.966676+00:00,LibGen,LibGen.bz,UP,200,268,,
2026-10-08T10:36:37.494509+00:00,LibGen,LibGen.bz,UP,200,939,,
2026-10-08T10:37:38.338721+00:00,LibGen,LibGen.bz,UP,200,906,,
2026-10-08T10:38:38.693093+00:00,LibGen,LibGen.bz,UP,200,835,,
2026-10-08T10:39:39.988664+00:00,LibGen,LibGen.bz,UP,200,796,,
2026-10-08T10:40:40.357986+00:00,LibGen,LibGen.bz,UP,200,884,,
2026-10-08T10:41:50.218577+00:00,LibGen,LibGen.bz,UP,200,723,,
2026-10-08T10:42:41.820602+00:00,LibGen,LibGen.bz,UP,200,956,,
2026-10-08T10:43:43.025413+00:00,LibGen,LibGen.bz,UP,200,1196,,
2026-10-08T10:44:43.623845+00:00,LibGen,LibGen.bz,UP,200,945,,
2026-10-08T10:45:46.034551+00:00,LibGen,LibGen.bz,UP,200,2311,,
2026-10-08T10:46:45.428690+00:00,LibGen,LibGen.bz,UP,200,847,,
2026-10-08T10:47:46.965951+00:00,LibGen,LibGen.bz,UP,200,1054,,
2026-10-08T10:48:47.375695+00:00,LibGen,LibGen.bz,UP,200,979,,
2026-10-08T10:49:48.519939+00:00,LibGen,LibGen.bz,UP,200,852,,
2026-10-08T10:50:48.179089+00:00,LibGen,LibGen.bz,UP,200,872,,
2026-10-08T10:51:49.113789+00:00,LibGen,LibGen.bz,UP,200,926,,
2026-10-08T10:52:52.148229+00:00,LibGen,LibGen.bz,UP,200,749,,
2026-10-08T10:54:10.483428+00:00,LibGen,LibGen.bz,TIMEOUT,,,timeout,
2026-10-08T10:54:51.788176+00:00,LibGen,LibGen.bz,UP,200,915,,
2026-10-08T10:56:12.642757+00:00,LibGen,LibGen.bz,DOWN,,,connection_refused,
2026-10-08T10:56:54.006789+00:00,LibGen,LibGen.bz,UP,200,816,,
2026-10-08T10:58:15.019014+00:00,LibGen,LibGen.bz,DOWN,,,connection_refused,
2026-10-08T10:58:56.032081+00:00,LibGen,LibGen.bz,UP,200,1001,,
2026-10-08T10:59:57.244199+00:00,LibGen,LibGen.bz,UP,200,859,,
2026-10-08T11:00:56.727155+00:00,LibGen,LibGen.bz,UP,200,357,,
2026-10-08T11:02:01.677722+00:00,LibGen,LibGen.bz,DEGRADED,200,4303,latency_high,
2026-10-08T11:02:57.762520+00:00,LibGen,LibGen.bz,UP,200,276,,
2026-10-08T11:03:59.422949+00:00,LibGen,LibGen.bz,UP,200,1033,,
2026-10-08T11:04:59.739607+00:00,LibGen,LibGen.bz,UP,200,364,,
2026-10-08T11:06:00.716083+00:00,LibGen,LibGen.bz,UP,200,846,,
2026-10-08T11:07:01.366125+00:00,LibGen,LibGen.bz,UP,200,1344,,
2026-10-08T11:08:01.857088+00:00,LibGen,LibGen.bz,UP,200,977,,
2026-10-08T11:09:02.134635+00:00,LibGen,LibGen.bz,UP,200,848,,
2026-10-08T11:10:02.949950+00:00,LibGen,LibGen.bz,UP,200,891,,
2026-10-08T11:11:02.839484+00:00,LibGen,LibGen.bz,UP,200,1414,,
2026-10-08T11:12:05.143414+00:00,LibGen,LibGen.bz,DEGRADED,200,3247,latency_high,
2026-10-08T11:13:03.722519+00:00,LibGen,LibGen.bz,UP,200,865,,
2026-10-08T11:14:03.379990+00:00,LibGen,LibGen.bz,UP,200,390,,
2026-10-08T11:15:05.473767+00:00,LibGen,LibGen.bz,UP,200,1159,,
2026-10-08T11:16:06.427765+00:00,LibGen,LibGen.bz,UP,200,1048,,
2026-10-08T11:17:07.034360+00:00,LibGen,LibGen.bz,UP,200,1271,,
2026-10-08T11:18:06.646494+00:00,LibGen,LibGen.bz,UP,200,950,,
2026-10-08T11:19:07.564063+00:00,LibGen,LibGen.bz,UP,200,966,,
2026-10-08T11:20:28.876760+00:00,LibGen,LibGen.bz,DOWN,,,connection_refused,
2026-10-08T11:21:08.468384+00:00,LibGen,LibGen.bz,UP,200,944,,
2026-10-08T11:22:10.290735+00:00,LibGen,LibGen.bz,UP,200,838,,
2026-10-08T11:23:11.615316+00:00,LibGen,LibGen.bz,UP,200,1282,,
2026-10-08T11:24:11.002378+00:00,LibGen,LibGen.bz,UP,200,796,,
2026-10-08T11:25:12.027353+00:00,LibGen,LibGen.bz,UP,200,1338,,
2026-10-08T11:26:11.799420+00:00,LibGen,LibGen.bz,UP,200,1080,,
2026-10-08T11:27:12.304714+00:00,LibGen,LibGen.bz,UP,200,792,,
2026-10-08T11:28:13.239084+00:00,LibGen,LibGen.bz,UP,200,857,,
2026-10-08T11:29:14.132112+00:00,LibGen,LibGen.bz,UP,200,857,,
2026-10-08T11:30:14.374824+00:00,LibGen,LibGen.bz,UP,200,1021,,
2026-10-08T11:31:14.834098+00:00,LibGen,LibGen.bz,UP,200,960,,
2026-10-08T11:32:15.893873+00:00,LibGen,LibGen.bz,UP,200,1938,,
2026-10-08T11:33:15.949314+00:00,LibGen,LibGen.bz,UP,200,1290,,
2026-10-08T11:34:15.636944+00:00,LibGen,LibGen.bz,UP,200,803,,
2026-10-08T11:35:17.129365+00:00,LibGen,LibGen.bz,UP,200,1200,,
2026-10-08T11:36:17.776569+00:00,LibGen,LibGen.bz,UP,200,803,,
2026-10-08T11:37:18.327105+00:00,LibGen,LibGen.bz,UP,200,889,,
2026-10-08T11:38:19.830821+00:00,LibGen,LibGen.bz,UP,200,1307,,
2026-10-08T11:39:20.765948+00:00,LibGen,LibGen.bz,UP,200,909,,
2026-10-08T11:40:20.519621+00:00,LibGen,LibGen.bz,UP,200,1135,,
2026-10-08T11:41:21.410583+00:00,LibGen,LibGen.bz,UP,200,972,,
2026-10-08T11:42:21.196807+00:00,LibGen,LibGen.bz,DOWN,,,connection_refused,
2026-10-08T11:43:42.874195+00:00,LibGen,LibGen.bz,DOWN,,,connection_refused,
2026-10-08T11:44:24.909922+00:00,LibGen,LibGen.bz,UP,200,840,,
2026-10-08T11:45:25.127639+00:00,LibGen,LibGen.bz,UP,200,993,,
2026-10-08T11:46:26.876458+00:00,LibGen,LibGen.bz,UP,200,1143,,
2026-10-08T11:47:27.905411+00:00,LibGen,LibGen.bz,UP,200,2016,,
2026-10-08T11:48:26.853091+00:00,LibGen,LibGen.bz,UP,200,908,,
2026-10-08T11:49:47.058777+00:00,LibGen,LibGen.bz,DOWN,,,connection_refused,
2026-10-08T11:50:28.352652+00:00,LibGen,LibGen.bz,UP,200,961,,
2026-10-08T11:51:28.304582+00:00,LibGen,LibGen.bz,UP,200,921,,
2026-10-08T11:52:30.986491+00:00,LibGen,LibGen.bz,DEGRADED,200,3020,latency_high,
2026-10-08T11:53:29.657995+00:00,LibGen,LibGen.bz,UP,200,813,,
2026-10-08T11:54:33.950634+00:00,LibGen,LibGen.bz,DEGRADED,200,5174,latency_high,
2026-10-08T11:55:29.632706+00:00,LibGen,LibGen.bz,UP,200,869,,
2026-10-08T11:56:33.075698+00:00,LibGen,LibGen.bz,DEGRADED,200,3881,latency_high,
2026-10-08T11:57:30.605785+00:00,LibGen,LibGen.bz,UP,200,873,,
2026-10-08T11:58:31.881406+00:00,LibGen,LibGen.bz,UP,200,849,,
2026-10-08T11:59:53.533684+00:00,LibGen,LibGen.bz,DOWN,,,connection_refused,
2026-10-08T12:00:33.177327+00:00,LibGen,LibGen.bz,UP,200,971,,
2026-10-08T12:01:35.190677+00:00,LibGen,LibGen.bz,DEGRADED,200,3144,latency_high,
2026-10-08T12:02:32.948638+00:00,LibGen,LibGen.bz,UP,200,968,,
2026-10-08T12:03:33.125719+00:00,LibGen,LibGen.bz,UP,200,263,,
2026-10-08T12:04:33.850511+00:00,LibGen,LibGen.bz,UP,200,950,,
2026-10-08T12:05:34.071669+00:00,LibGen,LibGen.bz,UP,200,825,,
2026-10-08T12:06:34.087246+00:00,LibGen,LibGen.bz,UP,200,646,,
2026-10-08T12:07:34.275332+00:00,LibGen,LibGen.bz,UP,200,826,,
2026-10-08T12:08:35.553515+00:00,LibGen,LibGen.bz,UP,200,856,,
2026-10-08T12:09:35.898566+00:00,LibGen,LibGen.bz,UP,200,974,,
2026-10-08T12:10:36.291142+00:00,LibGen,LibGen.bz,UP,200,920,,
2026-10-08T12:11:36.377817+00:00,LibGen,LibGen.bz,UP,200,927,,
2026-10-08T12:12:37.798668+00:00,LibGen,LibGen.bz,UP,200,932,,
2026-10-08T12:13:38.649592+00:00,LibGen,LibGen.bz,UP,200,886,,
2026-10-08T12:14:40.381387+00:00,LibGen,LibGen.bz,UP,200,261,,
2026-10-08T12:15:39.527805+00:00,LibGen,LibGen.bz,UP,200,934,,
2026-10-08T12:16:40.090141+00:00,LibGen,LibGen.bz,UP,200,964,,
2026-10-08T12:17:42.056252+00:00,LibGen,LibGen.bz,UP,200,800,,
2026-10-08T12:18:41.913899+00:00,LibGen,LibGen.bz,UP,200,858,,
2026-10-08T12:19:42.352674+00:00,LibGen,LibGen.bz,UP,200,841,,
2026-10-08T12:20:42.138761+00:00,LibGen,LibGen.bz,UP,200,921,,
2026-10-08T12:21:42.168360+00:00,LibGen,LibGen.bz,UP,200,720,,
2026-10-08T12:22:42.923708+00:00,LibGen,LibGen.bz,UP,200,933,,
2026-10-08T12:23:42.718738+00:00,LibGen,LibGen.bz,UP,200,806,,
2026-10-08T12:24:44.736195+00:00,LibGen,LibGen.bz,UP,200,895,,
2026-10-08T12:25:44.890009+00:00,LibGen,LibGen.bz,UP,200,826,,
2026-10-08T12:26:45.048222+00:00,LibGen,LibGen.bz,UP,200,1189,,
2026-10-08T12:27:44.590904+00:00,LibGen,LibGen.bz,UP,200,893,,
2026-10-08T12:29:05.874804+00:00,LibGen,LibGen.bz,DOWN,,,connection_refused,
2026-10-08T12:29:45.577665+00:00,LibGen,LibGen.bz,UP,200,890,,
2026-10-08T12:30:46.766660+00:00,LibGen,LibGen.bz,UP,200,1356,,
2026-10-08T12:31:46.576925+00:00,LibGen,LibGen.bz,UP,200,806,,
2026-10-08T12:32:47.524854+00:00,LibGen,LibGen.bz,UP,200,1009,,
2026-10-08T12:33:47.736397+00:00,LibGen,LibGen.bz,UP,200,837,,
2026-10-08T12:34:48.039610+00:00,LibGen,LibGen.bz,UP,200,980,,
2026-10-08T12:35:48.333010+00:00,LibGen,LibGen.bz,UP,200,380,,
2026-10-08T12:36:47.794009+00:00,LibGen,LibGen.bz,UP,200,342,,
2026-10-08T12:37:49.318836+00:00,LibGen,LibGen.bz,UP,200,918,,
2026-10-08T12:38:49.387735+00:00,LibGen,LibGen.bz,UP,200,937,,
2026-10-08T12:39:50.197710+00:00,LibGen,LibGen.bz,UP,200,849,,
2026-10-08T12:40:49.893150+00:00,LibGen,LibGen.bz,UP,200,896,,
2026-10-08T12:41:51.331552+00:00,LibGen,LibGen.bz,UP,200,878,,
2026-10-08T12:42:50.974934+00:00,LibGen,LibGen.bz,UP,200,882,,
2026-10-08T12:43:51.071210+00:00,LibGen,LibGen.bz,UP,200,878,,
2026-10-08T12:44:51.335645+00:00,LibGen,LibGen.bz,UP,200,286,,
2026-10-08T12:45:51.793563+00:00,LibGen,LibGen.bz,UP,200,863,,
2026-10-08T12:46:53.877673+00:00,LibGen,LibGen.bz,UP,200,1087,,
2026-10-08T12:47:53.844920+00:00,LibGen,LibGen.bz,UP,200,886,,
2026-10-08T12:48:53.421971+00:00,LibGen,LibGen.bz,UP,200,799,,
2026-10-08T12:49:53.696920+00:00,LibGen,LibGen.bz,UP,200,954,,
2026-10-08T12:50:54.012577+00:00,LibGen,LibGen.bz,UP,200,840,,
2026-10-08T12:51:54.717466+00:00,LibGen,LibGen.bz,UP,200,946,,
2026-10-08T12:52:54.471550+00:00,LibGen,LibGen.bz,UP,200,1069,,
2026-10-08T12:53:54.861883+00:00,LibGen,LibGen.bz,UP,200,928,,
2026-10-08T12:54:54.783417+00:00,LibGen,LibGen.bz,UP,200,1159,,
2026-10-08T12:55:54.776628+00:00,LibGen,LibGen.bz,UP,200,355,,
2026-10-08T12:56:56.535684+00:00,LibGen,LibGen.bz,UP,200,805,,
2026-10-08T12:57:56.675896+00:00,LibGen,LibGen.bz,UP,200,1089,,
2026-10-08T12:58:57.811403+00:00,LibGen,LibGen.bz,UP,200,979,,
2026-10-08T12:59:57.722712+00:00,LibGen,LibGen.bz,UP,200,682,,
2026-10-08T13:00:58.088426+00:00,LibGen,LibGen.bz,UP,200,983,,
2026-10-08T13:01:57.987952+00:00,LibGen,LibGen.bz,UP,200,771,,
2026-10-08T13:02:58.621055+00:00,LibGen,LibGen.bz,UP,200,874,,
2026-10-08T13:03:58.453665+00:00,LibGen,LibGen.bz,UP,200,947,,
2026-10-08T13:04:58.829717+00:00,LibGen,LibGen.bz,UP,200,803,,
2026-10-08T13:05:59.250778+00:00,LibGen,LibGen.bz,UP,200,914,,
2026-10-08T13:06:59.681520+00:00,LibGen,LibGen.bz,UP,200,1031,,
2026-10-08T13:08:00.884811+00:00,LibGen,LibGen.bz,UP,200,1176,,
2026-10-08T13:09:00.909623+00:00,LibGen,LibGen.bz,UP,200,846,,
2026-10-08T13:10:00.611250+00:00,LibGen,LibGen.bz,UP,200,849,,
2026-10-08T13:11:00.935810+00:00,LibGen,LibGen.bz,UP,200,1045,,
2026-10-08T13:12:01.356606+00:00,LibGen,LibGen.bz,UP,200,875,,
2026-10-08T13:13:01.740710+00:00,LibGen,LibGen.bz,UP,200,817,,
2026-10-08T13:14:01.635557+00:00,LibGen,LibGen.bz,UP,200,873,,
2026-10-08T13:15:02.025721+00:00,LibGen,LibGen.bz,UP,200,949,,
2026-10-08T13:16:02.595327+00:00,LibGen,LibGen.bz,UP,200,1298,,
2026-10-08T13:17:05.825820+00:00,LibGen,LibGen.bz,DEGRADED,200,4127,latency_high,
2026-10-08T13:18:03.130114+00:00,LibGen,LibGen.bz,UP,200,869,,
2026-10-08T13:19:03.605434+00:00,LibGen,LibGen.bz,UP,200,1137,,
2026-10-08T13:20:23.634895+00:00,LibGen,LibGen.bz,DOWN,,,connection_refused,
2026-10-08T13:21:03.616172+00:00,LibGen,LibGen.bz,UP,200,732,,
2026-10-08T13:22:03.853994+00:00,LibGen,LibGen.bz,UP,200,769,,
2026-10-08T13:23:03.932686+00:00,LibGen,LibGen.bz,UP,200,726,,
2026-10-08T13:24:04.105536+00:00,LibGen,LibGen.bz,UP,200,681,,
2026-10-08T13:25:04.936404+00:00,LibGen,LibGen.bz,UP,200,897,,
2026-10-08T13:26:05.472962+00:00,LibGen,LibGen.bz,UP,200,920,,
2026-10-08T13:27:06.116155+00:00,LibGen,LibGen.bz,UP,200,928,,
2026-10-08T13:28:05.587617+00:00,LibGen,LibGen.bz,UP,200,828,,
2026-10-08T13:29:08.963654+00:00,LibGen,LibGen.bz,UP,200,1077,,
2026-10-08T13:30:27.641621+00:00,LibGen,LibGen.bz,DOWN,,,connection_refused,
2026-10-08T13:31:08.222731+00:00,LibGen,LibGen.bz,UP,200,1067,,
2026-10-08T13:32:27.848056+00:00,LibGen,LibGen.bz,DOWN,,,connection_refused,
2026-10-08T13:33:11.251864+00:00,LibGen,LibGen.bz,UP,200,2967,,
2026-10-08T13:34:09.515010+00:00,LibGen,LibGen.bz,UP,200,822,,
2026-10-08T13:35:09.857929+00:00,LibGen,LibGen.bz,UP,200,920,,
2026-10-08T13:36:10.086549+00:00,LibGen,LibGen.bz,UP,200,836,,
2026-10-08T13:37:09.855726+00:00,LibGen,LibGen.bz,UP,200,863,,
2026-10-08T13:38:09.604650+00:00,LibGen,LibGen.bz,UP,200,911,,
2026-10-08T13:39:10.045323+00:00,LibGen,LibGen.bz,UP,200,861,,
2026-10-08T13:40:10.622108+00:00,LibGen,LibGen.bz,UP,200,1061,,
2026-10-08T13:41:10.563841+00:00,LibGen,LibGen.bz,UP,200,877,,
2026-10-08T13:42:11.861083+00:00,LibGen,LibGen.bz,UP,200,854,,
2026-10-08T13:43:11.899024+00:00,LibGen,LibGen.bz,UP,200,808,,
2026-10-08T13:44:32.092082+00:00,LibGen,LibGen.bz,DOWN,,,connection_refused,
2026-10-08T13:45:32.823472+00:00,LibGen,LibGen.bz,DOWN,,,connection_refused,
2026-10-08T13:46:13.225535+00:00,LibGen,LibGen.bz,UP,200,949,,
2026-10-08T13:47:13.094248+00:00,LibGen,LibGen.bz,UP,200,766,,
2026-10-08T13:48:12.341930+00:00,LibGen,LibGen.bz,UP,200,293,,
2026-10-08T13:49:33.900907+00:00,LibGen,LibGen.bz,DOWN,,,connection_refused,
2026-10-08T13:50:14.509667+00:00,LibGen,LibGen.bz,UP,200,1014,,
2026-10-08T13:51:13.986208+00:00,LibGen,LibGen.bz,UP,200,859,,
2026-10-08T13:52:16.018852+00:00,LibGen,LibGen.bz,UP,200,868,,
2026-10-08T13:53:21.326827+00:00,LibGen,LibGen.bz,DEGRADED,200,6134,latency_high,
2026-10-08T13:54:16.863553+00:00,LibGen,LibGen.bz,UP,200,1025,,
2026-10-08T13:55:16.736853+00:00,LibGen,LibGen.bz,UP,200,663,,
2026-10-08T13:56:16.690145+00:00,LibGen,LibGen.bz,UP,200,950,,
2026-10-08T13:57:21.393567+00:00,LibGen,LibGen.bz,DEGRADED,200,4057,latency_high,
2026-10-08T13:58:17.333394+00:00,LibGen,LibGen.bz,UP,200,896,,
2026-10-08T13:59:17.806216+00:00,LibGen,LibGen.bz,UP,200,842,,
2026-10-08T14:00:17.385178+00:00,LibGen,LibGen.bz,UP,200,371,,
2026-10-08T14:01:27.962622+00:00,LibGen,LibGen.bz,UP,200,1268,,
2026-10-08T14:02:17.981372+00:00,LibGen,LibGen.bz,UP,200,892,,
2026-10-08T14:03:18.519149+00:00,LibGen,LibGen.bz,UP,200,1217,,
2026-10-08T14:04:39.181702+00:00,LibGen,LibGen.bz,DOWN,,,connection_refused,
2026-10-08T14:05:20.170683+00:00,LibGen,LibGen.bz,UP,200,941,,
2026-10-08T14:06:39.867911+00:00,LibGen,LibGen.bz,DOWN,,,connection_refused,
2026-10-08T14:07:19.509155+00:00,LibGen,LibGen.bz,UP,200,1005,,
2026-10-08T14:08:19.917104+00:00,LibGen,LibGen.bz,UP,200,920,,
2026-10-08T14:09:20.922157+00:00,LibGen,LibGen.bz,UP,200,949,,
2026-10-08T14:10:19.936401+00:00,LibGen,LibGen.bz,UP,200,301,,
2026-10-08T14:11:20.968048+00:00,LibGen,LibGen.bz,UP,200,878,,
2026-10-08T14:12:21.144550+00:00,LibGen,LibGen.bz,UP,200,934,,
2026-10-08T14:13:22.380577+00:00,LibGen,LibGen.bz,UP,200,738,,
2026-10-08T14:14:22.518245+00:00,LibGen,LibGen.bz,UP,200,948,,
2026-10-08T14:15:22.341541+00:00,LibGen,LibGen.bz,UP,200,1013,,
2026-10-08T14:16:22.806659+00:00,LibGen,LibGen.bz,UP,200,882,,
2026-10-08T14:17:23.233610+00:00,LibGen,LibGen.bz,UP,200,777,,
2026-10-08T14:18:23.373161+00:00,LibGen,LibGen.bz,UP,200,1002,,
2026-10-08T14:19:24.211568+00:00,LibGen,LibGen.bz,UP,200,814,,
2026-10-08T14:20:24.895507+00:00,LibGen,LibGen.bz,UP,200,602,,
2026-10-08T14:21:26.991606+00:00,LibGen,LibGen.bz,UP,200,315,,
2026-10-08T14:22:25.404724+00:00,LibGen,LibGen.bz,UP,200,947,,
2026-10-08T14:23:25.802020+00:00,LibGen,LibGen.bz,UP,200,851,,
2026-10-08T14:24:25.301641+00:00,LibGen,LibGen.bz,UP,200,352,,
2026-10-08T14:25:26.118925+00:00,LibGen,LibGen.bz,UP,200,928,,
2026-10-08T14:26:26.819755+00:00,LibGen,LibGen.bz,UP,200,943,,
2026-10-08T14:27:27.291378+00:00,LibGen,LibGen.bz,UP,200,974,,
2026-10-08T14:28:27.204591+00:00,LibGen,LibGen.bz,UP,200,973,,
2026-10-08T14:29:27.247846+00:00,LibGen,LibGen.bz,UP,200,945,,
2026-10-08T14:30:27.839562+00:00,LibGen,LibGen.bz,UP,200,1032,,
2026-10-08T14:31:28.906270+00:00,LibGen,LibGen.bz,UP,200,966,,
2026-10-08T14:32:29.118351+00:00,LibGen,LibGen.bz,UP,200,847,,
2026-10-08T14:33:29.364618+00:00,LibGen,LibGen.bz,UP,200,889,,
2026-10-08T14:34:28.526548+00:00,LibGen,LibGen.bz,UP,200,282,,
2026-10-08T14:35:30.159748+00:00,LibGen,LibGen.bz,UP,200,946,,
2026-10-08T14:36:30.046682+00:00,LibGen,LibGen.bz,UP,200,831,,
2026-10-08T14:37:30.137589+00:00,LibGen,LibGen.bz,UP,200,851,,
2026-10-08T14:38:30.833082+00:00,LibGen,LibGen.bz,UP,200,1195,,
2026-10-08T14:39:30.694968+00:00,LibGen,LibGen.bz,UP,200,895,,
2026-10-08T14:40:30.630448+00:00,LibGen,LibGen.bz,UP,200,283,,
2026-10-08T14:41:31.435510+00:00,LibGen,LibGen.bz,UP,200,925,,
2026-10-08T14:42:31.810578+00:00,LibGen,LibGen.bz,UP,200,814,,
2026-10-08T14:43:31.643989+00:00,LibGen,LibGen.bz,UP,200,865,,
2026-10-08T14:44:31.597770+00:00,LibGen,LibGen.bz,UP,200,799,,
2026-10-08T14:45:32.672119+00:00,LibGen,LibGen.bz,UP,200,832,,
2026-10-08T14:46:32.113671+00:00,LibGen,LibGen.bz,UP,200,275,,
2026-10-08T14:47:34.170925+00:00,LibGen,LibGen.bz,UP,200,906,,
2026-10-08T14:48:33.427747+00:00,LibGen,LibGen.bz,UP,200,899,,
2026-10-08T14:49:35.908434+00:00,LibGen,LibGen.bz,UP,200,816,,
2026-10-08T14:50:34.925542+00:00,LibGen,LibGen.bz,UP,200,925,,
2026-10-08T14:51:34.564251+00:00,LibGen,LibGen.bz,UP,200,928,,
2026-10-08T14:52:35.704232+00:00,LibGen,LibGen.bz,UP,200,1160,,
2026-10-08T14:53:35.395498+00:00,LibGen,LibGen.bz,UP,200,885,,
2026-10-08T14:54:35.496870+00:00,LibGen,LibGen.bz,UP,200,976,,
2026-10-08T14:55:35.581630+00:00,LibGen,LibGen.bz,UP,200,879,,
2026-10-08T14:56:36.551029+00:00,LibGen,LibGen.bz,UP,200,1200,,
2026-10-08T14:57:56.319467+00:00,LibGen,LibGen.bz,DOWN,,,connection_refused,
2026-10-08T14:58:37.626032+00:00,LibGen,LibGen.bz,UP,200,1078,,
2026-10-08T14:59:46.587548+00:00,LibGen,LibGen.bz,DEGRADED,200,9963,latency_high,
2026-10-08T15:00:37.389536+00:00,LibGen,LibGen.bz,UP,200,1013,,
2026-10-08T15:01:38.217606+00:00,LibGen,LibGen.bz,UP,200,834,,
2026-10-08T15:02:38.153642+00:00,LibGen,LibGen.bz,UP,200,864,,
2026-10-08T15:03:38.799317+00:00,LibGen,LibGen.bz,UP,200,1315,,
2026-10-08T15:04:40.984250+00:00,LibGen,LibGen.bz,DEGRADED,200,3124,latency_high,
2026-10-08T15:05:38.616572+00:00,LibGen,LibGen.bz,UP,200,917,,
2026-10-08T15:06:38.591638+00:00,LibGen,LibGen.bz,UP,200,964,,
2026-10-08T15:07:38.612657+00:00,LibGen,LibGen.bz,UP,200,823,,
2026-10-08T15:08:39.428683+00:00,LibGen,LibGen.bz,UP,200,978,,
2026-10-08T15:09:40.341999+00:00,LibGen,LibGen.bz,UP,200,791,,
2026-10-08T15:10:40.715707+00:00,LibGen,LibGen.bz,UP,200,947,,
2026-10-08T15:11:40.390859+00:00,LibGen,LibGen.bz,UP,200,793,,
2026-10-08T15:12:40.454475+00:00,LibGen,LibGen.bz,UP,200,853,,
2026-10-08T15:13:41.163562+00:00,LibGen,LibGen.bz,UP,200,916,,
2026-10-08T15:14:41.918546+00:00,LibGen,LibGen.bz,UP,200,1064,,
2026-10-08T15:15:41.852500+00:00,LibGen,LibGen.bz,UP,200,963,,
2026-10-08T15:16:42.421009+00:00,LibGen,LibGen.bz,UP,200,907,,
2026-10-08T15:17:42.522209+00:00,LibGen,LibGen.bz,UP,200,847,,
2026-10-08T15:18:45.199675+00:00,LibGen,LibGen.bz,UP,200,889,,
2026-10-08T15:19:43.840127+00:00,LibGen,LibGen.bz,UP,200,1194,,
2026-10-08T15:20:43.602666+00:00,LibGen,LibGen.bz,UP,200,280,,
2026-10-08T15:21:43.757055+00:00,LibGen,LibGen.bz,UP,200,812,,
2026-10-08T15:22:44.247110+00:00,LibGen,LibGen.bz,UP,200,1034,,
2026-10-08T15:23:44.288034+00:00,LibGen,LibGen.bz,UP,200,842,,
2026-10-08T15:24:44.441468+00:00,LibGen,LibGen.bz,UP,200,279,,
2026-10-08T15:25:44.944254+00:00,LibGen,LibGen.bz,UP,200,881,,
2026-10-08T15:26:47.088009+00:00,LibGen,LibGen.bz,UP,200,838,,
2026-10-08T15:27:45.895428+00:00,LibGen,LibGen.bz,UP,200,929,,
2026-10-08T15:28:45.459495+00:00,LibGen,LibGen.bz,UP,200,349,,
2026-10-08T15:29:45.429587+00:00,LibGen,LibGen.bz,UP,200,318,,
2026-10-08T15:30:47.547657+00:00,LibGen,LibGen.bz,UP,200,936,,
2026-10-08T15:31:46.056626+00:00,LibGen,LibGen.bz,UP,200,804,,
2026-10-08T15:32:50.186310+00:00,LibGen,LibGen.bz,DEGRADED,200,4661,latency_high,
2026-10-08T15:33:47.154688+00:00,LibGen,LibGen.bz,UP,200,859,,
2026-10-08T15:34:47.100727+00:00,LibGen,LibGen.bz,UP,200,963,,
2026-10-08T15:35:47.469144+00:00,LibGen,LibGen.bz,UP,200,1179,,
2026-10-08T15:36:47.137757+00:00,LibGen,LibGen.bz,UP,200,900,,
2026-10-08T15:37:48.249161+00:00,LibGen,LibGen.bz,UP,200,887,,
2026-10-08T15:38:48.108921+00:00,LibGen,LibGen.bz,UP,200,1144,,
2026-10-08T15:39:48.023491+00:00,LibGen,LibGen.bz,UP,200,812,,
2026-10-08T15:40:49.086429+00:00,LibGen,LibGen.bz,UP,200,1268,,
2026-10-08T15:41:49.112562+00:00,LibGen,LibGen.bz,UP,200,914,,
2026-10-08T15:42:48.874878+00:00,LibGen,LibGen.bz,UP,200,857,,
2026-10-08T15:43:48.943776+00:00,LibGen,LibGen.bz,UP,200,779,,
2026-10-08T15:45:09.003341+00:00,LibGen,LibGen.bz,DOWN,,,connection_refused,
2026-10-08T15:45:49.657344+00:00,LibGen,LibGen.bz,UP,200,946,,
2026-10-08T15:46:49.114712+00:00,LibGen,LibGen.bz,UP,200,298,,
2026-10-08T15:47:52.212854+00:00,LibGen,LibGen.bz,UP,200,917,,
2026-10-08T15:48:50.401390+00:00,LibGen,LibGen.bz,UP,200,852,,
2026-10-08T15:49:52.095398+00:00,LibGen,LibGen.bz,UP,200,779,,
2026-10-08T15:50:50.552649+00:00,LibGen,LibGen.bz,UP,200,885,,
2026-10-08T15:51:51.687260+00:00,LibGen,LibGen.bz,UP,200,808,,
2026-10-08T15:52:51.481485+00:00,LibGen,LibGen.bz,UP,200,775,,
2026-10-08T15:53:51.018746+00:00,LibGen,LibGen.bz,UP,200,857,,
2026-10-08T15:54:51.477282+00:00,LibGen,LibGen.bz,UP,200,749,,
2026-10-08T15:55:52.038811+00:00,LibGen,LibGen.bz,UP,200,856,,
2026-10-08T15:56:51.993487+00:00,LibGen,LibGen.bz,UP,200,747,,
2026-10-08T15:57:52.622417+00:00,LibGen,LibGen.bz,UP,200,803,,
2026-10-08T15:58:53.243878+00:00,LibGen,LibGen.bz,UP,200,1228,,
2026-10-08T15:59:55.905790+00:00,LibGen,LibGen.bz,UP,200,1863,,
2026-10-08T16:00:56.405618+00:00,LibGen,LibGen.bz,DEGRADED,200,3937,latency_high,
2026-10-08T16:01:52.866657+00:00,LibGen,LibGen.bz,UP,200,259,,
2026-10-08T16:02:53.411798+00:00,LibGen,LibGen.bz,UP,200,781,,
2026-10-08T16:03:53.614840+00:00,LibGen,LibGen.bz,UP,200,860,,
2026-10-08T16:04:54.051064+00:00,LibGen,LibGen.bz,UP,200,1147,,
2026-10-08T16:05:54.009843+00:00,LibGen,LibGen.bz,UP,200,973,,
2026-10-08T16:06:54.129205+00:00,LibGen,LibGen.bz,UP,200,279,,
2026-10-08T16:07:54.767085+00:00,LibGen,LibGen.bz,UP,200,848,,
2026-10-08T16:08:55.790496+00:00,LibGen,LibGen.bz,UP,200,799,,
2026-10-08T16:09:56.806916+00:00,LibGen,LibGen.bz,UP,200,880,,
2026-10-08T16:10:55.665484+00:00,LibGen,LibGen.bz,UP,200,838,,
2026-10-08T16:11:55.884559+00:00,LibGen,LibGen.bz,UP,200,1026,,
2026-10-08T16:12:56.023503+00:00,LibGen,LibGen.bz,UP,200,884,,
2026-10-08T16:13:55.813996+00:00,LibGen,LibGen.bz,UP,200,838,,
2026-10-08T16:14:56.163662+00:00,LibGen,LibGen.bz,UP,200,889,,
2026-10-08T16:15:56.097638+00:00,LibGen,LibGen.bz,UP,200,881,,
2026-10-08T16:16:56.615700+00:00,LibGen,LibGen.bz,UP,200,815,,
2026-10-08T16:17:57.042672+00:00,LibGen,LibGen.bz,UP,200,918,,
2026-10-08T16:18:56.952185+00:00,LibGen,LibGen.bz,UP,200,907,,
2026-10-08T16:19:56.790947+00:00,LibGen,LibGen.bz,UP,200,719,,
2026-10-08T16:20:56.937573+00:00,LibGen,LibGen.bz,UP,200,712,,
2026-10-08T16:21:57.641129+00:00,LibGen,LibGen.bz,UP,200,765,,
2026-10-08T16:22:58.272550+00:00,LibGen,LibGen.bz,UP,200,948,,
2026-10-08T16:24:00.871793+00:00,LibGen,LibGen.bz,DEGRADED,200,3409,latency_high,
2026-10-08T16:24:58.742584+00:00,LibGen,LibGen.bz,UP,200,839,,
2026-10-08T16:25:58.691927+00:00,LibGen,LibGen.bz,UP,200,1088,,
2026-10-08T16:26:59.664884+00:00,LibGen,LibGen.bz,UP,200,1179,,
2026-10-08T16:27:59.567624+00:00,LibGen,LibGen.bz,UP,200,960,,
2026-10-08T16:28:59.926512+00:00,LibGen,LibGen.bz,UP,200,842,,
2026-10-08T16:30:01.299716+00:00,LibGen,LibGen.bz,UP,200,967,,
2026-10-08T16:31:01.663777+00:00,LibGen,LibGen.bz,UP,200,910,,
2026-10-08T16:32:01.428270+00:00,LibGen,LibGen.bz,UP,200,981,,
2026-10-08T16:33:02.615628+00:00,LibGen,LibGen.bz,UP,200,1161,,
2026-10-08T16:34:01.986599+00:00,LibGen,LibGen.bz,UP,200,809,,
2026-10-08T16:35:02.941885+00:00,LibGen,LibGen.bz,UP,200,1275,,
2026-10-08T16:36:02.118899+00:00,LibGen,LibGen.bz,UP,200,347,,
2026-10-08T16:37:03.531837+00:00,LibGen,LibGen.bz,UP,200,852,,
2026-10-08T16:38:04.462232+00:00,LibGen,LibGen.bz,UP,200,1229,,
2026-10-08T16:39:03.879270+00:00,LibGen,LibGen.bz,UP,200,820,,
2026-10-08T16:40:04.456187+00:00,LibGen,LibGen.bz,UP,200,1041,,
2026-10-08T16:41:04.864417+00:00,LibGen,LibGen.bz,UP,200,882,,
2026-10-08T16:42:04.971436+00:00,LibGen,LibGen.bz,UP,200,718,,
2026-10-08T16:43:05.379315+00:00,LibGen,LibGen.bz,UP,200,1031,,
2026-10-08T16:44:05.410685+00:00,LibGen,LibGen.bz,UP,200,873,,
2026-10-08T16:45:06.027803+00:00,LibGen,LibGen.bz,UP,200,982,,
2026-10-08T16:46:07.492999+00:00,LibGen,LibGen.bz,UP,200,955,,
2026-10-08T16:47:09.637366+00:00,LibGen,LibGen.bz,DEGRADED,200,3148,latency_high,
2026-10-08T16:48:07.806653+00:00,LibGen,LibGen.bz,UP,200,915,,
2026-10-08T16:49:08.558028+00:00,LibGen,LibGen.bz,UP,200,833,,
2026-10-08T16:50:08.851464+00:00,LibGen,LibGen.bz,UP,200,1199,,
2026-10-08T16:51:08.717130+00:00,LibGen,LibGen.bz,UP,200,774,,
2026-10-08T16:52:08.926356+00:00,LibGen,LibGen.bz,UP,200,890,,
2026-10-08T16:53:09.129860+00:00,LibGen,LibGen.bz,UP,200,934,,
2026-10-08T16:54:08.333576+00:00,LibGen,LibGen.bz,UP,200,340,,
2026-10-08T16:55:09.576868+00:00,LibGen,LibGen.bz,UP,200,1058,,
2026-10-08T16:56:09.746305+00:00,LibGen,LibGen.bz,UP,200,722,,
2026-10-08T16:57:10.095987+00:00,LibGen,LibGen.bz,UP,200,853,,
2026-10-08T16:58:10.337956+00:00,LibGen,LibGen.bz,UP,200,830,,
2026-10-08T16:59:12.347739+00:00,LibGen,LibGen.bz,UP,200,1892,,
2026-10-08T17:00:11.728601+00:00,LibGen,LibGen.bz,UP,200,1000,,
2026-10-08T17:01:11.136954+00:00,LibGen,LibGen.bz,UP,200,328,,
2026-10-08T17:02:11.337837+00:00,LibGen,LibGen.bz,UP,200,831,,
2026-10-08T17:03:12.142916+00:00,LibGen,LibGen.bz,UP,200,684,,
2026-10-08T17:04:13.966966+00:00,LibGen,LibGen.bz,UP,200,1284,,
2026-10-08T17:05:12.914091+00:00,LibGen,LibGen.bz,UP,200,1000,,
2026-10-08T17:06:13.697024+00:00,LibGen,LibGen.bz,UP,200,910,,
2026-10-08T17:07:12.822894+00:00,LibGen,LibGen.bz,UP,200,786,,
2026-10-08T17:08:13.059892+00:00,LibGen,LibGen.bz,UP,200,891,,
2026-10-08T17:09:13.573157+00:00,LibGen,LibGen.bz,UP,200,1252,,
2026-10-08T17:10:13.112865+00:00,LibGen,LibGen.bz,UP,200,339,,
2026-10-08T17:11:14.487693+00:00,LibGen,LibGen.bz,UP,200,877,,
2026-10-08T17:12:16.077460+00:00,LibGen,LibGen.bz,UP,200,778,,
2026-10-08T17:13:14.171712+00:00,LibGen,LibGen.bz,UP,200,789,,
2026-10-08T17:14:13.647555+00:00,LibGen,LibGen.bz,UP,200,301,,
2026-10-08T17:15:15.235088+00:00,LibGen,LibGen.bz,UP,200,836,,
2026-10-08T17:16:15.041004+00:00,LibGen,LibGen.bz,UP,200,811,,
2026-10-08T17:17:15.357436+00:00,LibGen,LibGen.bz,UP,200,689,,
2026-10-08T17:18:16.729019+00:00,LibGen,LibGen.bz,UP,200,1174,,
2026-10-08T17:19:18.411155+00:00,LibGen,LibGen.bz,UP,200,1207,,
2026-10-08T17:20:17.538850+00:00,LibGen,LibGen.bz,UP,200,984,,
2026-10-08T17:21:18.103087+00:00,LibGen,LibGen.bz,UP,200,978,,
2026-10-08T17:22:19.041647+00:00,LibGen,LibGen.bz,UP,200,820,,
2026-10-08T17:23:18.667071+00:00,LibGen,LibGen.bz,UP,200,711,,
2026-10-08T17:24:18.849769+00:00,LibGen,LibGen.bz,UP,200,283,,
2026-10-08T17:25:19.741186+00:00,LibGen,LibGen.bz,UP,200,914,,
2026-10-08T17:26:19.976730+00:00,LibGen,LibGen.bz,UP,200,1247,,
2026-10-08T17:27:40.455217+00:00,LibGen,LibGen.bz,DOWN,,,connection_refused,
2026-10-08T17:28:20.273449+00:00,LibGen,LibGen.bz,UP,200,796,,
2026-10-08T17:29:20.286913+00:00,LibGen,LibGen.bz,UP,200,739,,
2026-10-08T17:30:20.476712+00:00,LibGen,LibGen.bz,UP,200,941,,
2026-10-08T17:31:21.136061+00:00,LibGen,LibGen.bz,UP,200,966,,
2026-10-08T17:32:20.434563+00:00,LibGen,LibGen.bz,UP,200,765,,
2026-10-08T17:33:21.094523+00:00,LibGen,LibGen.bz,UP,200,771,,
2026-10-08T17:34:23.535678+00:00,LibGen,LibGen.bz,UP,200,900,,
2026-10-08T17:35:22.218032+00:00,LibGen,LibGen.bz,UP,200,938,,
2026-10-08T17:36:22.202843+00:00,LibGen,LibGen.bz,UP,200,843,,
2026-10-08T17:37:23.446609+00:00,LibGen,LibGen.bz,UP,200,763,,
2026-10-08T17:38:23.284756+00:00,LibGen,LibGen.bz,UP,200,785,,
2026-10-08T17:39:23.518915+00:00,LibGen,LibGen.bz,UP,200,735,,
2026-10-08T17:40:44.083418+00:00,LibGen,LibGen.bz,DOWN,,,connection_refused,
2026-10-08T17:41:24.658787+00:00,LibGen,LibGen.bz,UP,200,917,,
2026-10-08T17:42:25.164124+00:00,LibGen,LibGen.bz,UP,200,823,,
2026-10-08T17:43:24.878327+00:00,LibGen,LibGen.bz,UP,200,861,,
2026-10-08T17:44:25.613571+00:00,LibGen,LibGen.bz,UP,200,870,,
2026-10-08T17:45:26.904129+00:00,LibGen,LibGen.bz,UP,200,978,,
2026-10-08T17:46:26.736743+00:00,LibGen,LibGen.bz,UP,200,1190,,
2026-10-08T17:47:27.026808+00:00,LibGen,LibGen.bz,UP,200,876,,
2026-10-08T17:48:28.209388+00:00,LibGen,LibGen.bz,UP,200,1906,,
2026-10-08T17:49:28.177693+00:00,LibGen,LibGen.bz,UP,200,769,,
2026-10-08T17:50:27.653822+00:00,LibGen,LibGen.bz,UP,200,869,,
2026-10-08T17:51:27.731228+00:00,LibGen,LibGen.bz,UP,200,848,,
2026-10-08T17:52:28.437040+00:00,LibGen,LibGen.bz,DOWN,502,1059,http_error,
2026-10-08T17:53:29.286385+00:00,LibGen,LibGen.bz,UP,200,860,,
2026-10-08T17:54:29.650722+00:00,LibGen,LibGen.bz,UP,200,767,,
2026-10-08T17:55:30.467326+00:00,LibGen,LibGen.bz,UP,200,1219,,
2026-10-08T17:56:30.882260+00:00,LibGen,LibGen.bz,UP,200,1264,,
2026-10-08T17:57:29.861351+00:00,LibGen,LibGen.bz,UP,200,915,,
2026-10-08T17:58:30.051596+00:00,LibGen,LibGen.bz,UP,200,839,,
2026-10-08T17:59:30.693912+00:00,LibGen,LibGen.bz,UP,200,785,,
2026-10-08T18:00:31.070030+00:00,LibGen,LibGen.bz,UP,200,915,,
2026-10-08T18:01:31.479427+00:00,LibGen,LibGen.bz,UP,200,828,,
2026-10-08T18:02:31.806343+00:00,LibGen,LibGen.bz,UP,200,789,,
2026-10-08T18:03:31.360660+00:00,LibGen,LibGen.bz,UP,200,802,,
2026-10-08T18:04:31.686357+00:00,LibGen,LibGen.bz,UP,200,843,,
2026-10-08T18:05:32.440898+00:00,LibGen,LibGen.bz,UP,200,962,,
2026-10-08T18:06:31.876773+00:00,LibGen,LibGen.bz,UP,200,836,,
2026-10-08T18:07:32.096947+00:00,LibGen,LibGen.bz,UP,200,766,,
2026-10-08T18:08:32.937840+00:00,LibGen,LibGen.bz,UP,200,464,,
2026-10-08T18:09:33.379106+00:00,LibGen,LibGen.bz,UP,200,836,,
2026-10-08T18:10:33.181548+00:00,LibGen,LibGen.bz,UP,200,860,,
2026-10-08T18:11:33.380889+00:00,LibGen,LibGen.bz,UP,200,940,,
2026-10-08T18:12:33.563478+00:00,LibGen,LibGen.bz,UP,200,968,,
2026-10-08T18:13:33.883090+00:00,LibGen,LibGen.bz,UP,200,783,,
2026-10-08T18:14:34.474357+00:00,LibGen,LibGen.bz,UP,200,732,,
2026-10-08T18:15:34.561797+00:00,LibGen,LibGen.bz,UP,200,903,,
2026-10-08T18:16:34.798780+00:00,LibGen,LibGen.bz,UP,200,1026,,
2026-10-08T18:17:35.806570+00:00,LibGen,LibGen.bz,UP,200,847,,
2026-10-08T18:18:35.353732+00:00,LibGen,LibGen.bz,UP,200,368,,
2026-10-08T18:19:35.928370+00:00,LibGen,LibGen.bz,UP,200,789,,
2026-10-08T18:20:36.048053+00:00,LibGen,LibGen.bz,UP,200,301,,
2026-10-08T18:21:37.556559+00:00,LibGen,LibGen.bz,UP,200,1013,,
2026-10-08T18:22:57.068705+00:00,LibGen,LibGen.bz,DOWN,,,connection_refused,
2026-10-08T18:23:37.000717+00:00,LibGen,LibGen.bz,UP,200,714,,
2026-10-08T18:24:37.365572+00:00,LibGen,LibGen.bz,UP,200,971,,
2026-10-08T18:25:38.243517+00:00,LibGen,LibGen.bz,UP,200,905,,
2026-10-08T18:26:38.516842+00:00,LibGen,LibGen.bz,UP,200,869,,
2026-10-08T18:27:38.617454+00:00,LibGen,LibGen.bz,UP,200,882,,
2026-10-08T18:28:39.310084+00:00,LibGen,LibGen.bz,UP,200,865,,
2026-10-08T18:29:39.335690+00:00,LibGen,LibGen.bz,UP,200,885,,
2026-10-08T18:30:40.518545+00:00,LibGen,LibGen.bz,UP,200,905,,
2026-10-08T18:31:40.216599+00:00,LibGen,LibGen.bz,UP,200,828,,
2026-10-08T18:32:41.367121+00:00,LibGen,LibGen.bz,UP,200,1891,,
2026-10-08T18:33:40.996605+00:00,LibGen,LibGen.bz,UP,200,906,,
2026-10-08T18:34:41.578807+00:00,LibGen,LibGen.bz,UP,200,990,,
2026-10-08T18:35:41.860491+00:00,LibGen,LibGen.bz,UP,200,736,,
2026-10-08T18:36:42.199543+00:00,LibGen,LibGen.bz,UP,200,976,,
2026-10-08T18:37:42.119249+00:00,LibGen,LibGen.bz,UP,200,1134,,
2026-10-08T18:39:02.944022+00:00,LibGen,LibGen.bz,DOWN,,,connection_refused,
2026-10-08T18:39:43.058618+00:00,LibGen,LibGen.bz,UP,200,1017,,
2026-10-08T18:40:47.343968+00:00,LibGen,LibGen.bz,DEGRADED,200,4382,latency_high,
2026-10-08T18:41:43.291616+00:00,LibGen,LibGen.bz,UP,200,860,,
2026-10-08T18:42:44.548626+00:00,LibGen,LibGen.bz,UP,200,931,,
2026-10-08T18:43:44.499860+00:00,LibGen,LibGen.bz,UP,200,326,,
2026-10-08T18:44:44.818362+00:00,LibGen,LibGen.bz,UP,200,318,,
2026-10-08T18:45:45.175772+00:00,LibGen,LibGen.bz,UP,200,876,,
2026-10-08T18:46:45.840726+00:00,LibGen,LibGen.bz,UP,200,963,,
2026-10-08T18:47:46.874874+00:00,LibGen,LibGen.bz,UP,200,928,,
2026-10-08T18:48:46.935923+00:00,LibGen,LibGen.bz,UP,200,1044,,
2026-10-08T18:49:46.896533+00:00,LibGen,LibGen.bz,UP,200,882,,
2026-10-08T18:50:47.318077+00:00,LibGen,LibGen.bz,UP,200,923,,
2026-10-08T18:51:47.996114+00:00,LibGen,LibGen.bz,UP,200,930,,
2026-10-08T18:52:47.463469+00:00,LibGen,LibGen.bz,UP,200,277,,
2026-10-08T18:53:48.305537+00:00,LibGen,LibGen.bz,UP,200,878,,
2026-10-08T18:54:49.368604+00:00,LibGen,LibGen.bz,UP,200,1303,,
2026-10-08T18:55:49.209124+00:00,LibGen,LibGen.bz,UP,200,837,,
2026-10-08T18:56:50.731515+00:00,LibGen,LibGen.bz,UP,200,1081,,
2026-10-08T18:57:49.547104+00:00,LibGen,LibGen.bz,UP,200,919,,
2026-10-08T18:58:50.622582+00:00,LibGen,LibGen.bz,UP,200,967,,
2026-10-08T18:59:50.783487+00:00,LibGen,LibGen.bz,UP,200,953,,
2026-10-08T19:00:54.506155+00:00,LibGen,LibGen.bz,DEGRADED,200,4055,latency_high,
2026-10-08T19:01:51.141223+00:00,LibGen,LibGen.bz,UP,200,906,,
2026-10-08T19:02:51.048589+00:00,LibGen,LibGen.bz,UP,200,757,,
2026-10-08T19:03:51.615365+00:00,LibGen,LibGen.bz,UP,200,1170,,
2026-10-08T19:04:50.784110+00:00,LibGen,LibGen.bz,UP,200,286,,
2026-10-08T19:06:11.714890+00:00,LibGen,LibGen.bz,DOWN,,,connection_refused,
2026-10-08T19:06:52.866849+00:00,LibGen,LibGen.bz,UP,200,842,,
2026-10-08T19:07:53.134590+00:00,LibGen,LibGen.bz,UP,200,1130,,
2026-10-08T19:09:12.959619+00:00,LibGen,LibGen.bz,DOWN,,,connection_refused,
2026-10-08T19:09:53.365772+00:00,LibGen,LibGen.bz,UP,200,1021,,
2026-10-08T19:10:55.081742+00:00,LibGen,LibGen.bz,UP,200,751,,
2026-10-08T19:11:54.053179+00:00,LibGen,LibGen.bz,UP,200,883,,
2026-10-08T19:13:14.524999+00:00,LibGen,LibGen.bz,DOWN,,,connection_refused,
2026-10-08T19:13:54.168269+00:00,LibGen,LibGen.bz,UP,200,748,,
2026-10-08T19:14:54.257913+00:00,LibGen,LibGen.bz,UP,200,824,,
2026-10-08T19:15:54.300692+00:00,LibGen,LibGen.bz,UP,200,363,,
2026-10-08T19:16:55.736637+00:00,LibGen,LibGen.bz,UP,200,964,,
2026-10-08T19:17:56.124119+00:00,LibGen,LibGen.bz,UP,200,1175,,
2026-10-08T19:18:55.881538+00:00,LibGen,LibGen.bz,UP,200,1040,,
2026-10-08T19:19:56.932156+00:00,LibGen,LibGen.bz,UP,200,733,,
2026-10-08T19:20:56.628662+00:00,LibGen,LibGen.bz,UP,200,802,,
2026-10-08T19:21:57.060952+00:00,LibGen,LibGen.bz,UP,200,1003,,
2026-10-08T19:22:57.468582+00:00,LibGen,LibGen.bz,UP,200,1033,,
2026-10-08T19:24:17.240273+00:00,LibGen,LibGen.bz,DOWN,,,connection_refused,
2026-10-08T19:24:57.351849+00:00,LibGen,LibGen.bz,UP,200,838,,
2026-10-08T19:25:57.704187+00:00,LibGen,LibGen.bz,UP,200,920,,
2026-10-08T19:26:57.555840+00:00,LibGen,LibGen.bz,UP,200,760,,
2026-10-08T19:27:58.892526+00:00,LibGen,LibGen.bz,UP,200,1540,,
2026-10-08T19:28:58.624028+00:00,LibGen,LibGen.bz,UP,200,991,,
2026-10-08T19:29:58.558699+00:00,LibGen,LibGen.bz,UP,200,843,,
2026-10-08T19:30:58.482862+00:00,LibGen,LibGen.bz,UP,200,375,,
2026-10-08T19:31:59.801757+00:00,LibGen,LibGen.bz,UP,200,771,,
2026-10-08T19:32:59.783493+00:00,LibGen,LibGen.bz,UP,200,816,,
2026-10-08T19:33:59.816014+00:00,LibGen,LibGen.bz,UP,200,770,,
2026-10-08T19:35:00.099725+00:00,LibGen,LibGen.bz,UP,200,883,,
2026-10-08T19:36:00.970188+00:00,LibGen,LibGen.bz,UP,200,1007,,
2026-10-08T19:37:01.924722+00:00,LibGen,LibGen.bz,UP,200,903,,
2026-10-08T19:38:01.670854+00:00,LibGen,LibGen.bz,UP,200,903,,
2026-10-08T19:39:02.619218+00:00,LibGen,LibGen.bz,UP,200,984,,
2026-10-08T19:40:02.954241+00:00,LibGen,LibGen.bz,UP,200,1277,,
2026-10-08T19:41:02.829663+00:00,LibGen,LibGen.bz,UP,200,888,,
2026-10-08T19:42:03.508581+00:00,LibGen,LibGen.bz,UP,200,915,,
2026-10-08T19:43:03.627001+00:00,LibGen,LibGen.bz,UP,200,684,,
2026-10-08T19:44:05.097008+00:00,LibGen,LibGen.bz,UP,200,894,,
2026-10-08T19:45:04.326805+00:00,LibGen,LibGen.bz,UP,200,355,,
2026-10-08T19:46:04.159592+00:00,LibGen,LibGen.bz,UP,200,349,,
2026-10-08T19:47:04.945595+00:00,LibGen,LibGen.bz,UP,200,929,,
2026-10-08T19:48:05.844790+00:00,LibGen,LibGen.bz,UP,200,802,,
2026-10-08T19:49:07.112097+00:00,LibGen,LibGen.bz,UP,200,848,,
2026-10-08T19:50:06.585777+00:00,LibGen,LibGen.bz,UP,200,1078,,
2026-10-08T19:51:06.714629+00:00,LibGen,LibGen.bz,UP,200,1073,,
2026-10-08T19:52:06.899944+00:00,LibGen,LibGen.bz,UP,200,1063,,
2026-10-08T19:53:06.857699+00:00,LibGen,LibGen.bz,UP,200,825,,
2026-10-08T19:54:07.721161+00:00,LibGen,LibGen.bz,UP,200,867,,
2026-10-08T19:55:08.272669+00:00,LibGen,LibGen.bz,UP,200,955,,
2026-10-08T19:56:09.838435+00:00,LibGen,LibGen.bz,UP,200,1321,,
2026-10-08T19:57:09.181266+00:00,LibGen,LibGen.bz,UP,200,1009,,
2026-10-08T19:58:09.977485+00:00,LibGen,LibGen.bz,UP,200,952,,
2026-10-08T19:59:09.900990+00:00,LibGen,LibGen.bz,UP,200,851,,
2026-10-08T20:00:09.470889+00:00,LibGen,LibGen.bz,UP,200,347,,
2026-10-08T20:01:10.411423+00:00,LibGen,LibGen.bz,UP,200,877,,
2026-10-08T20:02:11.897959+00:00,LibGen,LibGen.bz,UP,200,1759,,
2026-10-08T20:03:11.547581+00:00,LibGen,LibGen.bz,UP,200,824,,
2026-10-08T20:04:11.141516+00:00,LibGen,LibGen.bz,UP,200,828,,
2026-10-08T20:05:11.876520+00:00,LibGen,LibGen.bz,UP,200,894,,
2026-10-08T20:06:12.624010+00:00,LibGen,LibGen.bz,UP,200,928,,
2026-10-08T20:07:15.962675+00:00,LibGen,LibGen.bz,DEGRADED,200,4026,latency_high,
2026-10-08T20:08:13.406918+00:00,LibGen,LibGen.bz,UP,200,310,,
2026-10-08T20:09:14.095591+00:00,LibGen,LibGen.bz,UP,200,1192,,
2026-10-08T20:10:14.199922+00:00,LibGen,LibGen.bz,UP,200,971,,
2026-10-08T20:11:14.917019+00:00,LibGen,LibGen.bz,UP,200,1221,,
2026-10-08T20:12:14.971735+00:00,LibGen,LibGen.bz,UP,200,289,,
2026-10-08T20:13:15.651686+00:00,LibGen,LibGen.bz,UP,200,870,,
2026-10-08T20:14:16.869171+00:00,LibGen,LibGen.bz,UP,200,1100,,
2026-10-08T20:15:16.881215+00:00,LibGen,LibGen.bz,UP,200,812,,
2026-10-08T20:16:16.757702+00:00,LibGen,LibGen.bz,UP,200,341,,
2026-10-08T20:17:17.773089+00:00,LibGen,LibGen.bz,UP,200,883,,
2026-10-08T20:18:17.865731+00:00,LibGen,LibGen.bz,UP,200,886,,
2026-10-08T20:19:21.453743+00:00,LibGen,LibGen.bz,DEGRADED,200,3946,latency_high,
2026-10-08T20:20:18.587501+00:00,LibGen,LibGen.bz,UP,200,1021,,
2026-10-08T20:21:20.154992+00:00,LibGen,LibGen.bz,UP,200,916,,
2026-10-08T20:22:18.750570+00:00,LibGen,LibGen.bz,UP,200,783,,
2026-10-08T20:23:19.455604+00:00,LibGen,LibGen.bz,UP,200,911,,
2026-10-08T20:24:20.093721+00:00,LibGen,LibGen.bz,UP,200,885,,
2026-10-08T20:25:19.831258+00:00,LibGen,LibGen.bz,UP,200,860,,
2026-10-08T20:26:19.918858+00:00,LibGen,LibGen.bz,UP,200,821,,
2026-10-08T20:27:23.542832+00:00,LibGen,LibGen.bz,UP,200,1211,,
2026-10-08T20:28:21.396950+00:00,LibGen,LibGen.bz,UP,200,945,,
2026-10-08T20:29:21.462836+00:00,LibGen,LibGen.bz,UP,200,1263,,
2026-10-08T20:30:21.613841+00:00,LibGen,LibGen.bz,UP,200,887,,
2026-10-08T20:31:21.468667+00:00,LibGen,LibGen.bz,UP,200,653,,
2026-10-08T20:32:21.894246+00:00,LibGen,LibGen.bz,UP,200,751,,
2026-10-08T20:33:22.286792+00:00,LibGen,LibGen.bz,UP,200,927,,
2026-10-08T20:34:22.589306+00:00,LibGen,LibGen.bz,UP,200,729,,
2026-10-08T20:35:23.485862+00:00,LibGen,LibGen.bz,UP,200,1322,,
2026-10-08T20:36:23.815666+00:00,LibGen,LibGen.bz,UP,200,1165,,
2026-10-08T20:37:23.211946+00:00,LibGen,LibGen.bz,UP,200,793,,
2026-10-08T20:38:25.836099+00:00,LibGen,LibGen.bz,UP,200,1785,,
2026-10-08T20:39:24.134228+00:00,LibGen,LibGen.bz,UP,200,293,,
2026-10-08T20:40:44.931012+00:00,LibGen,LibGen.bz,DOWN,,,connection_refused,
2026-10-08T20:41:24.578948+00:00,LibGen,LibGen.bz,UP,200,770,,
2026-10-08T20:42:24.777566+00:00,LibGen,LibGen.bz,UP,200,862,,
2026-10-08T20:43:25.971599+00:00,LibGen,LibGen.bz,UP,200,1367,,
2026-10-08T20:44:27.044511+00:00,LibGen,LibGen.bz,UP,200,1272,,
2026-10-08T20:45:26.788411+00:00,LibGen,LibGen.bz,UP,200,937,,
2026-10-08T20:46:26.320172+00:00,LibGen,LibGen.bz,UP,200,858,,
2026-10-08T20:47:27.251500+00:00,LibGen,LibGen.bz,UP,200,873,,
2026-10-08T20:48:27.428758+00:00,LibGen,LibGen.bz,UP,200,928,,
2026-10-08T20:49:27.800725+00:00,LibGen,LibGen.bz,UP,200,784,,
2026-10-08T20:50:27.312643+00:00,LibGen,LibGen.bz,UP,200,325,,
2026-10-08T20:51:29.649035+00:00,LibGen,LibGen.bz,UP,200,874,,
2026-10-08T20:52:28.688163+00:00,LibGen,LibGen.bz,UP,200,744,,
2026-10-08T20:53:29.368882+00:00,LibGen,LibGen.bz,UP,200,763,,
2026-10-08T20:54:30.066014+00:00,LibGen,LibGen.bz,UP,200,901,,
2026-10-08T20:55:30.361857+00:00,LibGen,LibGen.bz,UP,200,750,,
2026-10-08T20:56:30.930234+00:00,LibGen,LibGen.bz,UP,200,824,,
2026-10-08T20:57:30.995554+00:00,LibGen,LibGen.bz,UP,200,829,,
2026-10-08T20:58:31.243516+00:00,LibGen,LibGen.bz,UP,200,943,,
2026-10-08T20:59:31.205709+00:00,LibGen,LibGen.bz,UP,200,773,,
2026-10-08T21:00:31.754401+00:00,LibGen,LibGen.bz,UP,200,966,,
2026-10-08T21:01:31.975442+00:00,LibGen,LibGen.bz,UP,200,960,,
2026-10-08T21:02:31.848112+00:00,LibGen,LibGen.bz,UP,200,762,,
2026-10-08T21:03:32.580005+00:00,LibGen,LibGen.bz,UP,200,1216,,
2026-10-08T21:04:33.164245+00:00,LibGen,LibGen.bz,UP,200,614,,
2026-10-08T21:05:33.849676+00:00,LibGen,LibGen.bz,UP,200,718,,
2026-10-08T21:06:34.268962+00:00,LibGen,LibGen.bz,UP,200,1491,,
2026-10-08T21:07:33.923475+00:00,LibGen,LibGen.bz,UP,200,906,,
2026-10-08T21:08:34.355221+00:00,LibGen,LibGen.bz,UP,200,774,,
2026-10-08T21:09:34.494885+00:00,LibGen,LibGen.bz,UP,200,748,,
2026-10-08T21:10:35.575563+00:00,LibGen,LibGen.bz,UP,200,1236,,
2026-10-08T21:11:34.762253+00:00,LibGen,LibGen.bz,UP,200,709,,
2026-10-08T21:12:35.517382+00:00,LibGen,LibGen.bz,UP,200,1111,,
2026-10-08T21:13:35.221354+00:00,LibGen,LibGen.bz,UP,200,826,,
2026-10-08T21:14:36.942467+00:00,LibGen,LibGen.bz,UP,200,827,,
2026-10-08T21:15:37.399062+00:00,LibGen,LibGen.bz,UP,200,1154,,
2026-10-08T21:16:37.489529+00:00,LibGen,LibGen.bz,UP,200,911,,
2026-10-08T21:17:37.551061+00:00,LibGen,LibGen.bz,UP,200,745,,
2026-10-08T21:18:38.143791+00:00,LibGen,LibGen.bz,UP,200,861,,
2026-10-08T21:19:37.884675+00:00,LibGen,LibGen.bz,UP,200,770,,
2026-10-08T21:20:38.868365+00:00,LibGen,LibGen.bz,UP,200,1194,,
2026-10-08T21:21:37.908028+00:00,LibGen,LibGen.bz,UP,200,290,,
2026-10-08T21:22:38.488323+00:00,LibGen,LibGen.bz,UP,200,804,,
2026-10-08T21:23:38.520721+00:00,LibGen,LibGen.bz,UP,200,792,,
2026-10-08T21:24:39.025404+00:00,LibGen,LibGen.bz,UP,200,793,,
2026-10-08T21:25:39.697954+00:00,LibGen,LibGen.bz,UP,200,820,,
2026-10-08T21:26:39.274522+00:00,LibGen,LibGen.bz,UP,200,266,,
2026-10-08T21:27:40.056241+00:00,LibGen,LibGen.bz,UP,200,1008,,
2026-10-08T21:28:40.001625+00:00,LibGen,LibGen.bz,UP,200,417,,
2026-10-08T21:29:41.151640+00:00,LibGen,LibGen.bz,UP,200,766,,
2026-10-08T21:30:41.178962+00:00,LibGen,LibGen.bz,UP,200,899,,
2026-10-08T21:31:41.379449+00:00,LibGen,LibGen.bz,UP,200,849,,
2026-10-08T21:32:41.933254+00:00,LibGen,LibGen.bz,UP,200,813,,
2026-10-08T21:33:42.050586+00:00,LibGen,LibGen.bz,UP,200,686,,
2026-10-08T21:34:42.234694+00:00,LibGen,LibGen.bz,UP,200,842,,
2026-10-08T21:35:43.277275+00:00,LibGen,LibGen.bz,UP,200,1699,,
2026-10-08T21:36:42.623363+00:00,LibGen,LibGen.bz,UP,200,893,,
2026-10-08T21:37:43.104420+00:00,LibGen,LibGen.bz,UP,200,844,,
2026-10-08T21:38:43.393652+00:00,LibGen,LibGen.bz,UP,200,873,,
2026-10-08T21:39:43.307983+00:00,LibGen,LibGen.bz,UP,200,727,,
2026-10-08T21:40:43.888764+00:00,LibGen,LibGen.bz,UP,200,739,,
2026-10-08T21:41:44.082546+00:00,LibGen,LibGen.bz,UP,200,819,,
2026-10-08T21:42:44.341143+00:00,LibGen,LibGen.bz,UP,200,822,,
2026-10-08T21:43:43.998534+00:00,LibGen,LibGen.bz,UP,200,278,,
2026-10-08T21:44:45.498863+00:00,LibGen,LibGen.bz,UP,200,809,,
2026-10-08T21:45:45.719719+00:00,LibGen,LibGen.bz,UP,200,663,,
2026-10-08T21:46:46.597697+00:00,LibGen,LibGen.bz,UP,200,790,,
2026-10-08T21:47:45.844850+00:00,LibGen,LibGen.bz,UP,200,344,,
2026-10-08T21:48:46.194003+00:00,LibGen,LibGen.bz,UP,200,701,,
2026-10-08T21:49:47.319542+00:00,LibGen,LibGen.bz,UP,200,751,,
2026-10-08T21:50:47.307579+00:00,LibGen,LibGen.bz,UP,200,863,,
2026-10-08T21:51:47.274656+00:00,LibGen,LibGen.bz,UP,200,779,,
2026-10-08T21:52:47.553547+00:00,LibGen,LibGen.bz,UP,200,842,,
2026-10-08T21:53:48.463644+00:00,LibGen,LibGen.bz,UP,200,1124,,
2026-10-08T21:54:48.654681+00:00,LibGen,LibGen.bz,UP,200,932,,
2026-10-08T21:55:49.342648+00:00,LibGen,LibGen.bz,UP,200,899,,
2026-10-08T21:56:49.902598+00:00,LibGen,LibGen.bz,UP,200,700,,
2026-10-08T21:57:50.042164+00:00,LibGen,LibGen.bz,UP,200,1362,,
2026-10-08T21:58:50.888571+00:00,LibGen,LibGen.bz,UP,200,1624,,
2026-10-08T21:59:50.124167+00:00,LibGen,LibGen.bz,UP,200,676,,
2026-10-08T22:00:50.311113+00:00,LibGen,LibGen.bz,UP,200,720,,
2026-10-08T22:01:50.689634+00:00,LibGen,LibGen.bz,UP,200,930,,
2026-10-08T22:02:50.528786+00:00,LibGen,LibGen.bz,UP,200,726,,
2026-10-08T22:03:51.889558+00:00,LibGen,LibGen.bz,UP,200,1066,,
2026-10-08T22:04:51.056772+00:00,LibGen,LibGen.bz,UP,200,954,,
2026-10-08T22:05:51.858610+00:00,LibGen,LibGen.bz,UP,200,720,,
2026-10-08T22:06:51.724426+00:00,LibGen,LibGen.bz,UP,200,935,,
2026-10-08T22:07:52.758317+00:00,LibGen,LibGen.bz,UP,200,857,,
2026-10-08T22:08:51.941652+00:00,LibGen,LibGen.bz,UP,200,259,,
2026-10-08T22:09:52.540493+00:00,LibGen,LibGen.bz,UP,200,787,,
2026-10-08T22:10:53.180742+00:00,LibGen,LibGen.bz,UP,200,809,,
2026-10-08T22:11:52.780536+00:00,LibGen,LibGen.bz,UP,200,682,,
2026-10-08T22:12:53.841254+00:00,LibGen,LibGen.bz,UP,200,756,,
2026-10-08T22:13:54.017466+00:00,LibGen,LibGen.bz,UP,200,784,,
2026-10-08T22:14:54.177236+00:00,LibGen,LibGen.bz,UP,200,816,,
2026-10-08T22:15:54.294891+00:00,LibGen,LibGen.bz,UP,200,789,,
2026-10-08T22:16:54.409223+00:00,LibGen,LibGen.bz,UP,200,295,,
2026-10-08T22:17:55.245847+00:00,LibGen,LibGen.bz,UP,200,889,,
2026-10-08T22:18:54.785756+00:00,LibGen,LibGen.bz,UP,200,309,,
2026-10-08T22:19:55.217394+00:00,LibGen,LibGen.bz,UP,200,705,,
2026-10-08T22:20:55.772976+00:00,LibGen,LibGen.bz,UP,200,1036,,
2026-10-08T22:21:55.711939+00:00,LibGen,LibGen.bz,UP,200,758,,
2026-10-08T22:22:56.496566+00:00,LibGen,LibGen.bz,UP,200,897,,
2026-10-08T22:23:56.892358+00:00,LibGen,LibGen.bz,UP,200,754,,
2026-10-08T22:24:56.698908+00:00,LibGen,LibGen.bz,UP,200,268,,
2026-10-08T22:25:57.191396+00:00,LibGen,LibGen.bz,UP,200,1001,,
2026-10-08T22:26:57.098517+00:00,LibGen,LibGen.bz,UP,200,752,,
2026-10-08T22:27:57.801393+00:00,LibGen,LibGen.bz,UP,200,818,,
2026-10-08T22:28:58.190478+00:00,LibGen,LibGen.bz,UP,200,835,,
2026-10-08T22:29:58.241564+00:00,LibGen,LibGen.bz,UP,200,672,,
2026-10-08T22:30:58.968602+00:00,LibGen,LibGen.bz,UP,200,1189,,
2026-10-08T22:31:59.357892+00:00,LibGen,LibGen.bz,UP,200,831,,
2026-10-08T22:33:02.591956+00:00,LibGen,LibGen.bz,DEGRADED,200,3948,latency_high,
2026-10-08T22:34:01.067992+00:00,LibGen,LibGen.bz,UP,200,751,,
2026-10-08T22:35:00.330636+00:00,LibGen,LibGen.bz,UP,200,817,,
2026-10-08T22:36:00.836497+00:00,LibGen,LibGen.bz,UP,200,903,,
2026-10-08T22:37:01.244938+00:00,LibGen,LibGen.bz,UP,200,849,,
2026-10-08T22:38:01.310070+00:00,LibGen,LibGen.bz,UP,200,798,,
2026-10-08T22:39:01.437936+00:00,LibGen,LibGen.bz,UP,200,736,,
2026-10-08T22:40:01.910690+00:00,LibGen,LibGen.bz,UP,200,881,,
2026-10-08T22:41:02.872264+00:00,LibGen,LibGen.bz,UP,200,1136,,
2026-10-08T22:42:03.650108+00:00,LibGen,LibGen.bz,UP,200,1021,,
2026-10-08T22:43:03.567014+00:00,LibGen,LibGen.bz,UP,200,713,,
2026-10-08T22:44:04.429433+00:00,LibGen,LibGen.bz,UP,200,838,,
2026-10-08T22:45:04.878597+00:00,LibGen,LibGen.bz,UP,200,1048,,
2026-10-08T22:46:04.744748+00:00,LibGen,LibGen.bz,UP,200,638,,
2026-10-08T22:47:25.026819+00:00,LibGen,LibGen.bz,DOWN,,,connection_refused,
2026-10-08T22:48:06.093262+00:00,LibGen,LibGen.bz,UP,200,922,,
2026-10-08T22:49:06.500419+00:00,LibGen,LibGen.bz,UP,200,1124,,
2026-10-08T22:50:26.891708+00:00,LibGen,LibGen.bz,DOWN,,,connection_refused,
2026-10-08T22:51:07.159644+00:00,LibGen,LibGen.bz,UP,200,777,,
2026-10-08T22:52:07.874525+00:00,LibGen,LibGen.bz,UP,200,939,,
2026-10-08T22:53:08.070918+00:00,LibGen,LibGen.bz,UP,200,850,,
2026-10-08T22:54:07.731450+00:00,LibGen,LibGen.bz,UP,200,818,,
2026-10-08T22:55:09.648309+00:00,LibGen,LibGen.bz,UP,200,1342,,
2026-10-08T22:56:08.501066+00:00,LibGen,LibGen.bz,UP,200,1077,,
2026-10-08T22:57:27.970864+00:00,LibGen,LibGen.bz,DOWN,,,connection_refused,
2026-10-08T22:58:08.976565+00:00,LibGen,LibGen.bz,UP,200,726,,
2026-10-08T22:59:09.842026+00:00,LibGen,LibGen.bz,UP,200,908,,
2026-10-08T23:00:09.696764+00:00,LibGen,LibGen.bz,UP,200,1103,,
2026-10-08T23:01:09.466535+00:00,LibGen,LibGen.bz,UP,200,808,,
2026-10-08T23:02:10.209886+00:00,LibGen,LibGen.bz,UP,200,849,,
2026-10-08T23:03:10.501269+00:00,LibGen,LibGen.bz,UP,200,983,,
2026-10-08T23:04:10.854507+00:00,LibGen,LibGen.bz,UP,200,697,,
2026-10-08T23:05:11.104815+00:00,LibGen,LibGen.bz,UP,200,829,,
2026-10-08T23:06:11.417561+00:00,LibGen,LibGen.bz,UP,200,779,,
2026-10-08T23:07:12.064542+00:00,LibGen,LibGen.bz,UP,200,819,,
2026-10-08T23:08:12.258912+00:00,LibGen,LibGen.bz,UP,200,945,,
2026-10-08T23:09:13.243890+00:00,LibGen,LibGen.bz,UP,200,809,,
2026-10-08T23:10:12.267989+00:00,LibGen,LibGen.bz,UP,200,804,,
2026-10-08T23:11:12.360176+00:00,LibGen,LibGen.bz,UP,200,252,,
2026-10-08T23:12:12.885712+00:00,LibGen,LibGen.bz,UP,200,631,,
2026-10-08T23:13:12.647525+00:00,LibGen,LibGen.bz,UP,200,309,,
2026-10-08T23:14:13.849511+00:00,LibGen,LibGen.bz,UP,200,886,,
2026-10-08T23:15:14.142522+00:00,LibGen,LibGen.bz,UP,200,830,,
2026-10-08T23:16:15.373146+00:00,LibGen,LibGen.bz,UP,200,1794,,
2026-10-08T23:17:14.337111+00:00,LibGen,LibGen.bz,UP,200,746,,
2026-10-08T23:18:15.197730+00:00,LibGen,LibGen.bz,UP,200,895,,
2026-10-08T23:19:15.767642+00:00,LibGen,LibGen.bz,UP,200,763,,
2026-10-08T23:20:35.798934+00:00,LibGen,LibGen.bz,DOWN,,,connection_refused,
2026-10-08T23:21:15.809617+00:00,LibGen,LibGen.bz,UP,200,691,,
2026-10-08T23:22:16.088938+00:00,LibGen,LibGen.bz,UP,200,810,,
2026-10-08T23:23:16.635600+00:00,LibGen,LibGen.bz,UP,200,767,,
2026-10-08T23:24:17.208507+00:00,LibGen,LibGen.bz,UP,200,950,,
2026-10-08T23:25:17.242404+00:00,LibGen,LibGen.bz,UP,200,837,,
2026-10-08T23:26:17.514396+00:00,LibGen,LibGen.bz,UP,200,810,,
2026-10-08T23:27:18.386130+00:00,LibGen,LibGen.bz,UP,200,1133,,
2026-10-08T23:28:18.722423+00:00,LibGen,LibGen.bz,UP,200,864,,
2026-10-08T23:29:18.439510+00:00,LibGen,LibGen.bz,UP,200,827,,
2026-10-08T23:30:18.491491+00:00,LibGen,LibGen.bz,UP,200,269,,
2026-10-08T23:31:18.597722+00:00,LibGen,LibGen.bz,UP,200,733,,
2026-10-08T23:32:19.959482+00:00,LibGen,LibGen.bz,UP,200,1064,,
2026-10-08T23:33:39.401998+00:00,LibGen,LibGen.bz,DOWN,,,connection_refused,
2026-10-08T23:34:19.739604+00:00,LibGen,LibGen.bz,UP,200,990,,
2026-10-08T23:35:19.606363+00:00,LibGen,LibGen.bz,UP,200,762,,
2026-10-08T23:36:19.950368+00:00,LibGen,LibGen.bz,UP,200,801,,
2026-10-08T23:37:20.034564+00:00,LibGen,LibGen.bz,UP,200,856,,
2026-10-08T23:38:20.620261+00:00,LibGen,LibGen.bz,UP,200,816,,
2026-10-08T23:39:21.665960+00:00,LibGen,LibGen.bz,UP,200,1058,,
2026-10-08T23:40:21.214521+00:00,LibGen,LibGen.bz,UP,200,890,,
2026-10-08T23:41:21.323505+00:00,LibGen,LibGen.bz,UP,200,879,,
2026-10-08T23:42:21.838489+00:00,LibGen,LibGen.bz,UP,200,784,,
2026-10-08T23:43:22.043102+00:00,LibGen,LibGen.bz,UP,200,775,,
2026-10-08T23:44:22.472668+00:00,LibGen,LibGen.bz,UP,200,925,,
2026-10-08T23:45:22.464455+00:00,LibGen,LibGen.bz,UP,200,746,,
2026-10-08T23:46:23.339181+00:00,LibGen,LibGen.bz,UP,200,868,,
2026-10-08T23:47:23.862494+00:00,LibGen,LibGen.bz,UP,200,902,,
2026-10-08T23:48:24.425833+00:00,LibGen,LibGen.bz,UP,200,942,,
2026-10-08T23:49:24.211377+00:00,LibGen,LibGen.bz,UP,200,685,,
2026-10-08T23:50:25.022677+00:00,LibGen,LibGen.bz,UP,200,731,,
2026-10-08T23:51:25.551580+00:00,LibGen,LibGen.bz,UP,200,721,,
2026-10-08T23:52:26.108156+00:00,LibGen,LibGen.bz,UP,200,1271,,
2026-10-08T23:53:26.011414+00:00,LibGen,LibGen.bz,UP,200,1030,,
2026-10-08T23:54:25.712218+00:00,LibGen,LibGen.bz,UP,200,358,,
2026-10-08T23:55:26.550541+00:00,LibGen,LibGen.bz,UP,200,993,,
2026-10-08T23:56:26.728025+00:00,LibGen,LibGen.bz,UP,200,825,,
2026-10-08T23:57:26.640270+00:00,LibGen,LibGen.bz,UP,200,714,,
2026-10-08T23:58:27.203497+00:00,LibGen,LibGen.bz,UP,200,888,,
2026-10-08T23:59:26.880000+00:00,LibGen,LibGen.bz,UP,200,697,,
2026-10-09T00:00:28.030054+00:00,LibGen,LibGen.bz,UP,200,1119,,
2026-10-09T00:01:28.499014+00:00,LibGen,LibGen.bz,UP,200,909,,
2026-10-09T00:02:29.170720+00:00,LibGen,LibGen.bz,UP,200,1268,,
2026-10-09T00:03:29.711668+00:00,LibGen,LibGen.bz,UP,200,724,,
2026-10-09T00:04:28.337520+00:00,LibGen,LibGen.bz,UP,200,253,,
2026-10-09T00:05:29.970614+00:00,LibGen,LibGen.bz,UP,200,797,,
2026-10-09T00:06:29.646576+00:00,LibGen,LibGen.bz,UP,200,660,,
2026-10-09T00:07:30.619507+00:00,LibGen,LibGen.bz,UP,200,1090,,
2026-10-09T00:08:30.178591+00:00,LibGen,LibGen.bz,UP,200,837,,
2026-10-09T00:09:30.631975+00:00,LibGen,LibGen.bz,UP,200,724,,
2026-10-09T00:10:30.410741+00:00,LibGen,LibGen.bz,UP,200,694,,
2026-10-09T00:11:31.438772+00:00,LibGen,LibGen.bz,UP,200,1101,,
2026-10-09T00:12:30.865565+00:00,LibGen,LibGen.bz,UP,200,273,,
2026-10-09T00:13:32.691497+00:00,LibGen,LibGen.bz,UP,200,1073,,
2026-10-09T00:14:31.668440+00:00,LibGen,LibGen.bz,UP,200,863,,
2026-10-09T00:15:31.648556+00:00,LibGen,LibGen.bz,UP,200,273,,
2026-10-09T00:16:32.486897+00:00,LibGen,LibGen.bz,UP,200,762,,
2026-10-09T00:17:32.577482+00:00,LibGen,LibGen.bz,UP,200,707,,
2026-10-09T00:18:32.828652+00:00,LibGen,LibGen.bz,UP,200,701,,
2026-10-09T00:19:33.512510+00:00,LibGen,LibGen.bz,UP,200,1137,,
2026-10-09T00:20:34.035534+00:00,LibGen,LibGen.bz,UP,200,819,,
2026-10-09T00:21:33.961236+00:00,LibGen,LibGen.bz,UP,200,750,,
2026-10-09T00:22:34.939742+00:00,LibGen,LibGen.bz,UP,200,869,,
2026-10-09T00:23:34.734396+00:00,LibGen,LibGen.bz,UP,200,883,,
2026-10-09T00:24:35.639165+00:00,LibGen,LibGen.bz,UP,200,1075,,
2026-10-09T00:25:35.680547+00:00,LibGen,LibGen.bz,UP,200,906,,
2026-10-09T00:26:56.131797+00:00,LibGen,LibGen.bz,DOWN,,,connection_refused,
2026-10-09T00:27:36.320409+00:00,LibGen,LibGen.bz,UP,200,890,,
2026-10-09T00:28:37.601158+00:00,LibGen,LibGen.bz,UP,200,732,,
2026-10-09T00:29:36.701439+00:00,LibGen,LibGen.bz,UP,200,804,,
2026-10-09T00:30:37.548634+00:00,LibGen,LibGen.bz,UP,200,1072,,
2026-10-09T00:31:37.704576+00:00,LibGen,LibGen.bz,UP,200,828,,
2026-10-09T00:32:38.314543+00:00,LibGen,LibGen.bz,UP,200,690,,
2026-10-09T00:33:38.550713+00:00,LibGen,LibGen.bz,UP,200,777,,
2026-10-09T00:34:38.400708+00:00,LibGen,LibGen.bz,UP,200,827,,
2026-10-09T00:35:38.664025+00:00,LibGen,LibGen.bz,UP,200,881,,
2026-10-09T00:36:39.043714+00:00,LibGen,LibGen.bz,UP,200,621,,
2026-10-09T00:37:39.777527+00:00,LibGen,LibGen.bz,UP,200,812,,
2026-10-09T00:38:39.983133+00:00,LibGen,LibGen.bz,UP,200,764,,
2026-10-09T00:39:40.910369+00:00,LibGen,LibGen.bz,UP,200,861,,
2026-10-09T00:40:40.962601+00:00,LibGen,LibGen.bz,UP,200,819,,
2026-10-09T00:41:40.636451+00:00,LibGen,LibGen.bz,UP,200,322,,
2026-10-09T00:42:41.666022+00:00,LibGen,LibGen.bz,UP,200,926,,
2026-10-09T00:43:41.399546+00:00,LibGen,LibGen.bz,UP,200,710,,
2026-10-09T00:44:41.863594+00:00,LibGen,LibGen.bz,UP,200,1017,,
2026-10-09T00:45:42.652933+00:00,LibGen,LibGen.bz,UP,200,768,,
2026-10-09T00:46:43.456533+00:00,LibGen,LibGen.bz,UP,200,785,,
2026-10-09T00:47:42.695103+00:00,LibGen,LibGen.bz,UP,200,847,,
2026-10-09T00:48:43.304388+00:00,LibGen,LibGen.bz,UP,200,852,,
2026-10-09T00:49:43.732662+00:00,LibGen,LibGen.bz,UP,200,824,,
2026-10-09T00:50:45.604463+00:00,LibGen,LibGen.bz,UP,200,1056,,
2026-10-09T00:51:44.573717+00:00,LibGen,LibGen.bz,UP,200,836,,
2026-10-09T00:52:45.400521+00:00,LibGen,LibGen.bz,UP,200,752,,
2026-10-09T00:53:45.469422+00:00,LibGen,LibGen.bz,UP,200,831,,
2026-10-09T00:54:46.024355+00:00,LibGen,LibGen.bz,UP,200,856,,
2026-10-09T00:55:45.301244+00:00,LibGen,LibGen.bz,UP,200,299,,
2026-10-09T00:56:46.563558+00:00,LibGen,LibGen.bz,UP,200,1038,,
2026-10-09T00:57:46.759813+00:00,LibGen,LibGen.bz,UP,200,783,,
2026-10-09T00:58:48.608065+00:00,LibGen,LibGen.bz,UP,200,891,,
2026-10-09T00:59:47.625483+00:00,LibGen,LibGen.bz,UP,200,859,,
2026-10-09T01:00:48.182613+00:00,LibGen,LibGen.bz,UP,200,1127,,
2026-10-09T01:01:48.098234+00:00,LibGen,LibGen.bz,UP,200,883,,
2026-10-09T01:02:48.304156+00:00,LibGen,LibGen.bz,UP,200,298,,
2026-10-09T01:03:48.940778+00:00,LibGen,LibGen.bz,UP,200,763,,
2026-10-09T01:04:49.669962+00:00,LibGen,LibGen.bz,UP,200,1749,,
2026-10-09T01:05:50.027641+00:00,LibGen,LibGen.bz,UP,200,795,,
2026-10-09T01:06:49.844143+00:00,LibGen,LibGen.bz,UP,200,720,,
2026-10-09T01:07:49.391783+00:00,LibGen,LibGen.bz,UP,200,841,,
2026-10-09T01:08:49.837477+00:00,LibGen,LibGen.bz,UP,200,600,,
2026-10-09T01:09:49.673315+00:00,LibGen,LibGen.bz,UP,200,803,,
2026-10-09T01:10:49.883508+00:00,LibGen,LibGen.bz,UP,200,667,,
2026-10-09T01:11:49.884036+00:00,LibGen,LibGen.bz,UP,200,713,,
2026-10-09T01:13:10.107365+00:00,LibGen,LibGen.bz,DOWN,,,connection_refused,
2026-10-09T01:13:50.770337+00:00,LibGen,LibGen.bz,UP,200,759,,
2026-10-09T01:14:50.569556+00:00,LibGen,LibGen.bz,UP,200,801,,
2026-10-09T01:15:50.683673+00:00,LibGen,LibGen.bz,UP,200,766,,
2026-10-09T01:16:50.677697+00:00,LibGen,LibGen.bz,UP,200,239,,
2026-10-09T01:17:51.973762+00:00,LibGen,LibGen.bz,UP,200,798,,
2026-10-09T01:19:11.825023+00:00,LibGen,LibGen.bz,DOWN,,,connection_refused,
2026-10-09T01:19:52.783629+00:00,LibGen,LibGen.bz,UP,200,1068,,
2026-10-09T01:20:52.734584+00:00,LibGen,LibGen.bz,UP,200,828,,
2026-10-09T01:21:52.523332+00:00,LibGen,LibGen.bz,UP,200,753,,
2026-10-09T01:22:52.667556+00:00,LibGen,LibGen.bz,UP,200,696,,
2026-10-09T01:23:54.324587+00:00,LibGen,LibGen.bz,UP,200,765,,
2026-10-09T01:24:53.940319+00:00,LibGen,LibGen.bz,UP,200,832,,
2026-10-09T01:25:53.318847+00:00,LibGen,LibGen.bz,UP,200,654,,
2026-10-09T01:26:53.003908+00:00,LibGen,LibGen.bz,UP,200,275,,
2026-10-09T01:27:54.218212+00:00,LibGen,LibGen.bz,UP,200,859,,
2026-10-09T01:28:53.887009+00:00,LibGen,LibGen.bz,UP,200,781,,
2026-10-09T01:29:54.437796+00:00,LibGen,LibGen.bz,UP,200,811,,
2026-10-09T01:30:55.094852+00:00,LibGen,LibGen.bz,UP,200,466,,
2026-10-09T01:31:55.116309+00:00,LibGen,LibGen.bz,UP,200,832,,
2026-10-09T01:32:56.205643+00:00,LibGen,LibGen.bz,UP,200,763,,
2026-10-09T01:33:55.403101+00:00,LibGen,LibGen.bz,UP,200,382,,
2026-10-09T01:34:55.250801+00:00,LibGen,LibGen.bz,UP,200,289,,
2026-10-09T01:35:56.736244+00:00,LibGen,LibGen.bz,UP,200,1025,,
2026-10-09T01:36:56.277353+00:00,LibGen,LibGen.bz,UP,200,994,,
