timestamp,site_id,domain_id,domain_status,http_status,latency_ms,failure_type,protection_type
2026-09-30T01:22:56.085462+00:00,LibGen,LibGen.la,PROTECTED,200,492,,Cloudflare
2026-09-30T01:23:56.301737+00:00,LibGen,LibGen.la,PROTECTED,200,538,,Cloudflare
2026-09-30T01:24:56.564831+00:00,LibGen,LibGen.la,PROTECTED,200,366,,Cloudflare
2026-09-30T01:25:56.564205+00:00,LibGen,LibGen.la,PROTECTED,200,293,,Cloudflare
2026-09-30T01:26:57.466978+00:00,LibGen,LibGen.la,PROTECTED,200,502,,Cloudflare
2026-09-30T01:27:57.620680+00:00,LibGen,LibGen.la,PROTECTED,200,280,,Cloudflare
2026-09-30T01:28:58.061385+00:00,LibGen,LibGen.la,PROTECTED,200,548,,Cloudflare
2026-09-30T01:29:58.621318+00:00,LibGen,LibGen.la,PROTECTED,200,445,,Cloudflare
2026-09-30T01:30:59.491309+00:00,LibGen,LibGen.la,PROTECTED,200,466,,Cloudflare
2026-09-30T01:31:59.981780+00:00,LibGen,LibGen.la,PROTECTED,200,770,,Cloudflare
2026-09-30T01:33:00.226894+00:00,LibGen,LibGen.la,PROTECTED,200,350,,Cloudflare
2026-09-30T01:34:01.131662+00:00,LibGen,LibGen.la,PROTECTED,200,866,,Cloudflare
2026-09-30T01:35:01.796781+00:00,LibGen,LibGen.la,PROTECTED,200,1092,,Cloudflare
2026-09-30T01:36:02.074521+00:00,LibGen,LibGen.la,PROTECTED,200,718,,Cloudflare
2026-09-30T01:37:02.874362+00:00,LibGen,LibGen.la,PROTECTED,200,885,,Cloudflare
2026-09-30T01:38:02.544456+00:00,LibGen,LibGen.la,PROTECTED,200,533,,Cloudflare
2026-09-30T01:39:02.697258+00:00,LibGen,LibGen.la,PROTECTED,200,523,,Cloudflare
2026-09-30T01:40:03.284772+00:00,LibGen,LibGen.la,PROTECTED,200,981,,Cloudflare
2026-09-30T01:41:03.530192+00:00,LibGen,LibGen.la,PROTECTED,200,663,,Cloudflare
2026-09-30T01:42:03.607755+00:00,LibGen,LibGen.la,PROTECTED,200,568,,Cloudflare
2026-09-30T01:43:03.577804+00:00,LibGen,LibGen.la,PROTECTED,200,416,,Cloudflare
2026-09-30T01:44:07.204934+00:00,LibGen,LibGen.la,PROTECTED,200,3313,,Cloudflare
2026-09-30T01:45:03.930673+00:00,LibGen,LibGen.la,PROTECTED,200,331,,Cloudflare
2026-09-30T01:46:04.194718+00:00,LibGen,LibGen.la,PROTECTED,200,434,,Cloudflare
2026-09-30T01:47:04.334169+00:00,LibGen,LibGen.la,PROTECTED,200,413,,Cloudflare
2026-09-30T01:48:04.573797+00:00,LibGen,LibGen.la,PROTECTED,200,384,,Cloudflare
2026-09-30T01:49:05.624725+00:00,LibGen,LibGen.la,PROTECTED,200,661,,Cloudflare
2026-09-30T01:50:07.140161+00:00,LibGen,LibGen.la,PROTECTED,200,1700,,Cloudflare
2026-09-30T01:51:06.220606+00:00,LibGen,LibGen.la,PROTECTED,200,529,,Cloudflare
2026-09-30T01:52:06.190781+00:00,LibGen,LibGen.la,PROTECTED,200,339,,Cloudflare
2026-09-30T01:53:07.042325+00:00,LibGen,LibGen.la,PROTECTED,200,493,,Cloudflare
2026-09-30T01:54:07.380117+00:00,LibGen,LibGen.la,PROTECTED,200,571,,Cloudflare
2026-09-30T01:55:07.873229+00:00,LibGen,LibGen.la,PROTECTED,200,327,,Cloudflare
2026-09-30T01:56:08.098944+00:00,LibGen,LibGen.la,PROTECTED,200,277,,Cloudflare
2026-09-30T01:57:08.357713+00:00,LibGen,LibGen.la,PROTECTED,200,322,,Cloudflare
2026-09-30T01:58:08.690445+00:00,LibGen,LibGen.la,PROTECTED,200,498,,Cloudflare
2026-09-30T01:59:09.150571+00:00,LibGen,LibGen.la,PROTECTED,200,372,,Cloudflare
2026-09-30T02:00:09.774695+00:00,LibGen,LibGen.la,PROTECTED,200,412,,Cloudflare
2026-09-30T02:01:09.866075+00:00,LibGen,LibGen.la,PROTECTED,200,493,,Cloudflare
2026-09-30T02:02:10.436181+00:00,LibGen,LibGen.la,PROTECTED,200,432,,Cloudflare
2026-09-30T02:03:10.479626+00:00,LibGen,LibGen.la,PROTECTED,200,319,,Cloudflare
2026-09-30T02:04:11.046435+00:00,LibGen,LibGen.la,PROTECTED,200,610,,Cloudflare
2026-09-30T02:05:11.048830+00:00,LibGen,LibGen.la,PROTECTED,200,383,,Cloudflare
2026-09-30T02:06:11.852797+00:00,LibGen,LibGen.la,PROTECTED,200,442,,Cloudflare
2026-09-30T02:07:12.944557+00:00,LibGen,LibGen.la,PROTECTED,200,484,,Cloudflare
2026-09-30T02:08:13.097936+00:00,LibGen,LibGen.la,PROTECTED,200,457,,Cloudflare
2026-09-30T02:09:13.154656+00:00,LibGen,LibGen.la,PROTECTED,200,310,,Cloudflare
2026-09-30T02:10:13.929667+00:00,LibGen,LibGen.la,PROTECTED,200,490,,Cloudflare
2026-09-30T02:11:14.837416+00:00,LibGen,LibGen.la,PROTECTED,200,1027,,Cloudflare
2026-09-30T02:12:14.229801+00:00,LibGen,LibGen.la,PROTECTED,200,345,,Cloudflare
2026-09-30T02:13:15.929466+00:00,LibGen,LibGen.la,PROTECTED,200,1434,,Cloudflare
2026-09-30T02:14:15.963629+00:00,LibGen,LibGen.la,PROTECTED,200,1248,,Cloudflare
2026-09-30T02:15:15.857606+00:00,LibGen,LibGen.la,PROTECTED,200,603,,Cloudflare
2026-09-30T02:16:16.586217+00:00,LibGen,LibGen.la,PROTECTED,200,1435,,Cloudflare
2026-09-30T02:17:16.738790+00:00,LibGen,LibGen.la,PROTECTED,200,997,,Cloudflare
2026-09-30T02:18:16.895766+00:00,LibGen,LibGen.la,PROTECTED,200,640,,Cloudflare
2026-09-30T02:19:17.049761+00:00,LibGen,LibGen.la,PROTECTED,200,551,,Cloudflare
2026-09-30T02:20:17.714129+00:00,LibGen,LibGen.la,PROTECTED,200,537,,Cloudflare
2026-09-30T02:21:18.146248+00:00,LibGen,LibGen.la,PROTECTED,200,553,,Cloudflare
2026-09-30T02:22:18.483909+00:00,LibGen,LibGen.la,PROTECTED,200,748,,Cloudflare
2026-09-30T02:23:18.596845+00:00,LibGen,LibGen.la,PROTECTED,200,721,,Cloudflare
2026-09-30T02:24:18.987933+00:00,LibGen,LibGen.la,PROTECTED,200,768,,Cloudflare
2026-09-30T02:25:19.157983+00:00,LibGen,LibGen.la,PROTECTED,200,318,,Cloudflare
2026-09-30T02:26:19.467420+00:00,LibGen,LibGen.la,PROTECTED,200,315,,Cloudflare
2026-09-30T02:27:19.936327+00:00,LibGen,LibGen.la,PROTECTED,200,543,,Cloudflare
2026-09-30T02:28:20.827575+00:00,LibGen,LibGen.la,PROTECTED,200,803,,Cloudflare
2026-09-30T02:29:21.164969+00:00,LibGen,LibGen.la,PROTECTED,200,739,,Cloudflare
2026-09-30T02:30:23.210251+00:00,LibGen,LibGen.la,PROTECTED,200,345,,Cloudflare
2026-09-30T02:31:21.761692+00:00,LibGen,LibGen.la,PROTECTED,200,350,,Cloudflare
2026-09-30T02:32:22.535524+00:00,LibGen,LibGen.la,PROTECTED,200,1277,,Cloudflare
2026-09-30T02:33:23.970154+00:00,LibGen,LibGen.la,PROTECTED,200,1839,,Cloudflare
2026-09-30T02:34:23.547939+00:00,LibGen,LibGen.la,PROTECTED,200,1034,,Cloudflare
2026-09-30T02:35:24.015129+00:00,LibGen,LibGen.la,PROTECTED,200,734,,Cloudflare
2026-09-30T02:36:24.041195+00:00,LibGen,LibGen.la,PROTECTED,200,475,,Cloudflare
2026-09-30T02:37:25.180718+00:00,LibGen,LibGen.la,PROTECTED,200,665,,Cloudflare
2026-09-30T02:38:45.381154+00:00,LibGen,LibGen.la,DOWN,,,connection_refused,
2026-09-30T02:39:25.664676+00:00,LibGen,LibGen.la,PROTECTED,200,649,,Cloudflare
2026-09-30T02:40:25.506585+00:00,LibGen,LibGen.la,PROTECTED,200,324,,Cloudflare
2026-09-30T02:41:26.283599+00:00,LibGen,LibGen.la,PROTECTED,200,493,,Cloudflare
2026-09-30T02:42:46.034775+00:00,LibGen,LibGen.la,TIMEOUT,,,timeout,
2026-09-30T02:43:46.592208+00:00,LibGen,LibGen.la,TIMEOUT,,,timeout,
2026-09-30T02:44:28.225002+00:00,LibGen,LibGen.la,PROTECTED,200,1532,,Cloudflare
2026-09-30T02:45:28.296602+00:00,LibGen,LibGen.la,PROTECTED,200,1021,,Cloudflare
2026-09-30T02:46:31.311824+00:00,LibGen,LibGen.la,PROTECTED,200,3394,,Cloudflare
2026-09-30T02:47:28.826106+00:00,LibGen,LibGen.la,PROTECTED,200,450,,Cloudflare
2026-09-30T02:48:29.067742+00:00,LibGen,LibGen.la,PROTECTED,200,334,,Cloudflare
2026-09-30T02:49:30.215406+00:00,LibGen,LibGen.la,PROTECTED,200,491,,Cloudflare
2026-09-30T02:50:29.892692+00:00,LibGen,LibGen.la,PROTECTED,200,523,,Cloudflare
2026-09-30T02:51:30.562412+00:00,LibGen,LibGen.la,PROTECTED,200,605,,Cloudflare
2026-09-30T02:52:31.106203+00:00,LibGen,LibGen.la,PROTECTED,200,684,,Cloudflare
2026-09-30T02:53:30.833657+00:00,LibGen,LibGen.la,PROTECTED,200,287,,Cloudflare
2026-09-30T02:54:31.581959+00:00,LibGen,LibGen.la,PROTECTED,200,899,,Cloudflare
2026-09-30T02:55:31.666708+00:00,LibGen,LibGen.la,PROTECTED,200,325,,Cloudflare
2026-09-30T02:56:32.370758+00:00,LibGen,LibGen.la,PROTECTED,200,317,,Cloudflare
2026-09-30T02:57:32.511063+00:00,LibGen,LibGen.la,PROTECTED,200,529,,Cloudflare
2026-09-30T02:58:33.416340+00:00,LibGen,LibGen.la,PROTECTED,200,707,,Cloudflare
2026-09-30T02:59:33.487874+00:00,LibGen,LibGen.la,PROTECTED,200,574,,Cloudflare
2026-09-30T03:00:34.010770+00:00,LibGen,LibGen.la,PROTECTED,200,292,,Cloudflare
2026-09-30T03:01:34.714530+00:00,LibGen,LibGen.la,PROTECTED,200,344,,Cloudflare
2026-09-30T03:02:35.388743+00:00,LibGen,LibGen.la,PROTECTED,200,704,,Cloudflare
2026-09-30T03:03:35.483061+00:00,LibGen,LibGen.la,PROTECTED,200,477,,Cloudflare
2026-09-30T03:04:36.232193+00:00,LibGen,LibGen.la,PROTECTED,200,998,,Cloudflare
2026-09-30T03:05:36.159568+00:00,LibGen,LibGen.la,PROTECTED,200,434,,Cloudflare
2026-09-30T03:06:37.322820+00:00,LibGen,LibGen.la,PROTECTED,200,417,,Cloudflare
2026-09-30T03:07:37.393649+00:00,LibGen,LibGen.la,PROTECTED,200,658,,Cloudflare
2026-09-30T03:08:38.374858+00:00,LibGen,LibGen.la,PROTECTED,200,988,,Cloudflare
2026-09-30T03:09:38.172226+00:00,LibGen,LibGen.la,PROTECTED,200,393,,Cloudflare
2026-09-30T03:10:39.246873+00:00,LibGen,LibGen.la,PROTECTED,200,512,,Cloudflare
2026-09-30T03:11:39.070627+00:00,LibGen,LibGen.la,PROTECTED,200,397,,Cloudflare
2026-09-30T03:12:40.029782+00:00,LibGen,LibGen.la,PROTECTED,200,789,,Cloudflare
2026-09-30T03:13:40.569614+00:00,LibGen,LibGen.la,PROTECTED,200,820,,Cloudflare
2026-09-30T03:14:40.234084+00:00,LibGen,LibGen.la,PROTECTED,200,293,,Cloudflare
2026-09-30T03:15:40.808595+00:00,LibGen,LibGen.la,PROTECTED,200,290,,Cloudflare
2026-09-30T03:16:41.327273+00:00,LibGen,LibGen.la,PROTECTED,200,519,,Cloudflare
2026-09-30T03:17:42.211776+00:00,LibGen,LibGen.la,PROTECTED,200,550,,Cloudflare
2026-09-30T03:18:42.476816+00:00,LibGen,LibGen.la,PROTECTED,200,584,,Cloudflare
2026-09-30T03:19:42.738783+00:00,LibGen,LibGen.la,PROTECTED,200,594,,Cloudflare
2026-09-30T03:20:43.050099+00:00,LibGen,LibGen.la,PROTECTED,200,310,,Cloudflare
2026-09-30T03:21:44.043319+00:00,LibGen,LibGen.la,PROTECTED,200,866,,Cloudflare
2026-09-30T03:22:44.338245+00:00,LibGen,LibGen.la,PROTECTED,200,513,,Cloudflare
2026-09-30T03:23:44.817557+00:00,LibGen,LibGen.la,PROTECTED,200,558,,Cloudflare
2026-09-30T03:24:45.252549+00:00,LibGen,LibGen.la,PROTECTED,200,571,,Cloudflare
2026-09-30T03:25:46.350148+00:00,LibGen,LibGen.la,PROTECTED,200,1037,,Cloudflare
2026-09-30T03:26:46.894863+00:00,LibGen,LibGen.la,PROTECTED,200,1160,,Cloudflare
2026-09-30T03:27:46.192686+00:00,LibGen,LibGen.la,PROTECTED,200,312,,Cloudflare
2026-09-30T03:28:46.461860+00:00,LibGen,LibGen.la,PROTECTED,200,292,,Cloudflare
2026-09-30T03:29:47.353170+00:00,LibGen,LibGen.la,PROTECTED,200,584,,Cloudflare
2026-09-30T03:30:47.533620+00:00,LibGen,LibGen.la,PROTECTED,200,379,,Cloudflare
2026-09-30T03:31:48.028154+00:00,LibGen,LibGen.la,PROTECTED,200,582,,Cloudflare
2026-09-30T03:32:49.382748+00:00,LibGen,LibGen.la,PROTECTED,200,970,,Cloudflare
2026-09-30T03:33:49.756100+00:00,LibGen,LibGen.la,PROTECTED,200,1251,,Cloudflare
2026-09-30T03:34:49.309471+00:00,LibGen,LibGen.la,PROTECTED,200,272,,Cloudflare
2026-09-30T03:35:49.173685+00:00,LibGen,LibGen.la,PROTECTED,200,307,,Cloudflare
2026-09-30T03:36:49.493908+00:00,LibGen,LibGen.la,PROTECTED,200,454,,Cloudflare
2026-09-30T03:37:50.611244+00:00,LibGen,LibGen.la,PROTECTED,200,546,,Cloudflare
2026-09-30T03:38:50.927577+00:00,LibGen,LibGen.la,PROTECTED,200,602,,Cloudflare
2026-09-30T03:39:50.600035+00:00,LibGen,LibGen.la,PROTECTED,200,534,,Cloudflare
2026-09-30T03:40:51.109750+00:00,LibGen,LibGen.la,PROTECTED,200,475,,Cloudflare
2026-09-30T03:41:51.786614+00:00,LibGen,LibGen.la,PROTECTED,200,531,,Cloudflare
2026-09-30T03:42:52.494782+00:00,LibGen,LibGen.la,PROTECTED,200,900,,Cloudflare
2026-09-30T03:43:53.396905+00:00,LibGen,LibGen.la,PROTECTED,200,268,,Cloudflare
2026-09-30T03:45:12.533367+00:00,LibGen,LibGen.la,TIMEOUT,,,timeout,
2026-09-30T03:45:52.948766+00:00,LibGen,LibGen.la,PROTECTED,200,309,,Cloudflare
2026-09-30T03:46:53.180835+00:00,LibGen,LibGen.la,PROTECTED,200,327,,Cloudflare
2026-09-30T03:47:54.132504+00:00,LibGen,LibGen.la,PROTECTED,200,1311,,Cloudflare
2026-09-30T03:48:54.458798+00:00,LibGen,LibGen.la,PROTECTED,200,568,,Cloudflare
2026-09-30T03:49:54.572395+00:00,LibGen,LibGen.la,PROTECTED,200,581,,Cloudflare
2026-09-30T03:50:55.130755+00:00,LibGen,LibGen.la,PROTECTED,200,626,,Cloudflare
2026-09-30T03:51:55.594665+00:00,LibGen,LibGen.la,PROTECTED,200,916,,Cloudflare
2026-09-30T03:52:54.897951+00:00,LibGen,LibGen.la,PROTECTED,200,332,,Cloudflare
2026-09-30T03:53:55.868061+00:00,LibGen,LibGen.la,PROTECTED,200,715,,Cloudflare
2026-09-30T03:54:55.825569+00:00,LibGen,LibGen.la,PROTECTED,200,483,,Cloudflare
2026-09-30T03:55:56.205722+00:00,LibGen,LibGen.la,PROTECTED,200,542,,Cloudflare
2026-09-30T03:56:56.807964+00:00,LibGen,LibGen.la,PROTECTED,200,506,,Cloudflare
2026-09-30T03:57:57.677949+00:00,LibGen,LibGen.la,PROTECTED,200,542,,Cloudflare
2026-09-30T03:58:58.549632+00:00,LibGen,LibGen.la,PROTECTED,200,775,,Cloudflare
2026-09-30T03:59:58.218834+00:00,LibGen,LibGen.la,PROTECTED,200,630,,Cloudflare
2026-09-30T04:00:59.039972+00:00,LibGen,LibGen.la,PROTECTED,200,653,,Cloudflare
2026-09-30T04:02:19.462554+00:00,LibGen,LibGen.la,DOWN,,,connection_refused,
2026-09-30T04:03:00.051173+00:00,LibGen,LibGen.la,PROTECTED,200,525,,Cloudflare
2026-09-30T04:04:20.662987+00:00,LibGen,LibGen.la,DOWN,,,connection_refused,
2026-09-30T04:05:01.429751+00:00,LibGen,LibGen.la,PROTECTED,200,723,,Cloudflare
2026-09-30T04:06:01.740833+00:00,LibGen,LibGen.la,PROTECTED,200,720,,Cloudflare
2026-09-30T04:07:02.190263+00:00,LibGen,LibGen.la,PROTECTED,200,358,,Cloudflare
2026-09-30T04:08:03.302770+00:00,LibGen,LibGen.la,PROTECTED,200,790,,Cloudflare
2026-09-30T04:09:03.012867+00:00,LibGen,LibGen.la,PROTECTED,200,644,,Cloudflare
2026-09-30T04:10:03.802194+00:00,LibGen,LibGen.la,PROTECTED,200,753,,Cloudflare
2026-09-30T04:11:05.719973+00:00,LibGen,LibGen.la,PROTECTED,200,653,,Cloudflare
2026-09-30T04:12:04.954957+00:00,LibGen,LibGen.la,PROTECTED,200,742,,Cloudflare
2026-09-30T04:13:05.569370+00:00,LibGen,LibGen.la,PROTECTED,200,752,,Cloudflare
2026-09-30T04:14:05.698441+00:00,LibGen,LibGen.la,PROTECTED,200,273,,Cloudflare
2026-09-30T04:15:06.005211+00:00,LibGen,LibGen.la,PROTECTED,200,321,,Cloudflare
2026-09-30T04:16:06.790085+00:00,LibGen,LibGen.la,PROTECTED,200,497,,Cloudflare
2026-09-30T04:17:06.572676+00:00,LibGen,LibGen.la,PROTECTED,200,287,,Cloudflare
2026-09-30T04:18:07.563693+00:00,LibGen,LibGen.la,PROTECTED,200,573,,Cloudflare
2026-09-30T04:19:07.860090+00:00,LibGen,LibGen.la,PROTECTED,200,317,,Cloudflare
2026-09-30T04:20:08.106976+00:00,LibGen,LibGen.la,PROTECTED,200,656,,Cloudflare
2026-09-30T04:21:08.658045+00:00,LibGen,LibGen.la,PROTECTED,200,453,,Cloudflare
2026-09-30T04:22:09.097054+00:00,LibGen,LibGen.la,PROTECTED,200,714,,Cloudflare
2026-09-30T04:23:09.438735+00:00,LibGen,LibGen.la,PROTECTED,200,410,,Cloudflare
2026-09-30T04:24:09.447108+00:00,LibGen,LibGen.la,PROTECTED,200,374,,Cloudflare
2026-09-30T04:25:10.043095+00:00,LibGen,LibGen.la,PROTECTED,200,1024,,Cloudflare
2026-09-30T04:26:10.484783+00:00,LibGen,LibGen.la,PROTECTED,200,842,,Cloudflare
2026-09-30T04:27:10.488081+00:00,LibGen,LibGen.la,PROTECTED,200,650,,Cloudflare
2026-09-30T04:28:10.744786+00:00,LibGen,LibGen.la,PROTECTED,200,532,,Cloudflare
2026-09-30T04:29:12.185119+00:00,LibGen,LibGen.la,PROTECTED,200,1718,,Cloudflare
2026-09-30T04:30:11.987550+00:00,LibGen,LibGen.la,PROTECTED,200,954,,Cloudflare
2026-09-30T04:31:12.465592+00:00,LibGen,LibGen.la,PROTECTED,200,641,,Cloudflare
2026-09-30T04:32:12.487638+00:00,LibGen,LibGen.la,PROTECTED,200,333,,Cloudflare
2026-09-30T04:33:12.698720+00:00,LibGen,LibGen.la,PROTECTED,200,282,,Cloudflare
2026-09-30T04:34:13.407752+00:00,LibGen,LibGen.la,PROTECTED,200,441,,Cloudflare
2026-09-30T04:35:14.127498+00:00,LibGen,LibGen.la,PROTECTED,200,814,,Cloudflare
2026-09-30T04:36:14.035270+00:00,LibGen,LibGen.la,PROTECTED,200,403,,Cloudflare
2026-09-30T04:37:14.943757+00:00,LibGen,LibGen.la,PROTECTED,200,636,,Cloudflare
2026-09-30T04:38:15.308537+00:00,LibGen,LibGen.la,PROTECTED,200,463,,Cloudflare
2026-09-30T04:39:15.218454+00:00,LibGen,LibGen.la,PROTECTED,200,543,,Cloudflare
2026-09-30T04:40:15.844725+00:00,LibGen,LibGen.la,PROTECTED,200,1005,,Cloudflare
2026-09-30T04:41:15.569370+00:00,LibGen,LibGen.la,PROTECTED,200,393,,Cloudflare
2026-09-30T04:42:16.069866+00:00,LibGen,LibGen.la,PROTECTED,200,295,,Cloudflare
2026-09-30T04:43:16.895379+00:00,LibGen,LibGen.la,PROTECTED,200,889,,Cloudflare
2026-09-30T04:44:16.480679+00:00,LibGen,LibGen.la,PROTECTED,200,351,,Cloudflare
2026-09-30T04:45:16.874095+00:00,LibGen,LibGen.la,PROTECTED,200,432,,Cloudflare
2026-09-30T04:46:18.399685+00:00,LibGen,LibGen.la,PROTECTED,200,298,,Cloudflare
2026-09-30T04:47:18.372364+00:00,LibGen,LibGen.la,PROTECTED,200,564,,Cloudflare
2026-09-30T04:48:18.283581+00:00,LibGen,LibGen.la,PROTECTED,200,272,,Cloudflare
2026-09-30T04:49:18.694911+00:00,LibGen,LibGen.la,PROTECTED,200,919,,Cloudflare
2026-09-30T04:50:18.828917+00:00,LibGen,LibGen.la,PROTECTED,200,497,,Cloudflare
2026-09-30T04:51:19.174568+00:00,LibGen,LibGen.la,PROTECTED,200,604,,Cloudflare
2026-09-30T04:52:41.289359+00:00,LibGen,LibGen.la,DOWN,,,connection_refused,
2026-09-30T04:53:19.296822+00:00,LibGen,LibGen.la,PROTECTED,200,375,,Cloudflare
2026-09-30T04:54:20.889723+00:00,LibGen,LibGen.la,PROTECTED,200,1321,,Cloudflare
2026-09-30T04:55:21.598430+00:00,LibGen,LibGen.la,PROTECTED,200,414,,Cloudflare
2026-09-30T04:56:20.727893+00:00,LibGen,LibGen.la,PROTECTED,200,627,,Cloudflare
2026-09-30T04:57:21.091957+00:00,LibGen,LibGen.la,PROTECTED,200,825,,Cloudflare
2026-09-30T04:58:20.737191+00:00,LibGen,LibGen.la,PROTECTED,200,291,,Cloudflare
2026-09-30T04:59:22.222384+00:00,LibGen,LibGen.la,PROTECTED,200,741,,Cloudflare
2026-09-30T05:00:22.626515+00:00,LibGen,LibGen.la,PROTECTED,200,765,,Cloudflare
2026-09-30T05:01:22.963454+00:00,LibGen,LibGen.la,PROTECTED,200,847,,Cloudflare
2026-09-30T05:02:23.256001+00:00,LibGen,LibGen.la,PROTECTED,200,817,,Cloudflare
2026-09-30T05:03:23.515775+00:00,LibGen,LibGen.la,PROTECTED,200,457,,Cloudflare
2026-09-30T05:04:24.867173+00:00,LibGen,LibGen.la,PROTECTED,200,327,,Cloudflare
2026-09-30T05:05:25.543711+00:00,LibGen,LibGen.la,PROTECTED,200,1891,,Cloudflare
2026-09-30T05:06:24.634143+00:00,LibGen,LibGen.la,PROTECTED,200,408,,Cloudflare
2026-09-30T05:07:25.584329+00:00,LibGen,LibGen.la,PROTECTED,200,718,,Cloudflare
2026-09-30T05:08:26.103408+00:00,LibGen,LibGen.la,PROTECTED,200,1069,,Cloudflare
2026-09-30T05:09:25.546760+00:00,LibGen,LibGen.la,PROTECTED,200,295,,Cloudflare
2026-09-30T05:10:26.338729+00:00,LibGen,LibGen.la,PROTECTED,200,277,,Cloudflare
2026-09-30T05:11:28.149666+00:00,LibGen,LibGen.la,PROTECTED,200,1466,,Cloudflare
2026-09-30T05:12:27.724608+00:00,LibGen,LibGen.la,PROTECTED,200,295,,Cloudflare
2026-09-30T05:13:30.327556+00:00,LibGen,LibGen.la,PROTECTED,200,3586,,Cloudflare
2026-09-30T05:14:28.204006+00:00,LibGen,LibGen.la,PROTECTED,200,623,,Cloudflare
2026-09-30T05:15:28.115954+00:00,LibGen,LibGen.la,PROTECTED,200,284,,Cloudflare
2026-09-30T05:16:29.482933+00:00,LibGen,LibGen.la,PROTECTED,200,861,,Cloudflare
2026-09-30T05:17:30.030651+00:00,LibGen,LibGen.la,PROTECTED,200,833,,Cloudflare
2026-09-30T05:18:30.495082+00:00,LibGen,LibGen.la,PROTECTED,200,1395,,Cloudflare
2026-09-30T05:19:30.431736+00:00,LibGen,LibGen.la,PROTECTED,200,373,,Cloudflare
2026-09-30T05:20:31.529964+00:00,LibGen,LibGen.la,PROTECTED,200,893,,Cloudflare
2026-09-30T05:21:31.645977+00:00,LibGen,LibGen.la,PROTECTED,200,753,,Cloudflare
2026-09-30T05:22:32.414714+00:00,LibGen,LibGen.la,PROTECTED,200,1326,,Cloudflare
2026-09-30T05:23:32.043150+00:00,LibGen,LibGen.la,PROTECTED,200,620,,Cloudflare
2026-09-30T05:24:32.326526+00:00,LibGen,LibGen.la,PROTECTED,200,564,,Cloudflare
2026-09-30T05:25:32.983769+00:00,LibGen,LibGen.la,PROTECTED,200,887,,Cloudflare
2026-09-30T05:26:33.046679+00:00,LibGen,LibGen.la,PROTECTED,200,295,,Cloudflare
2026-09-30T05:27:33.602610+00:00,LibGen,LibGen.la,PROTECTED,200,598,,Cloudflare
2026-09-30T05:28:33.778400+00:00,LibGen,LibGen.la,PROTECTED,200,561,,Cloudflare
2026-09-30T05:29:33.991972+00:00,LibGen,LibGen.la,PROTECTED,200,557,,Cloudflare
2026-09-30T05:30:34.318577+00:00,LibGen,LibGen.la,PROTECTED,200,295,,Cloudflare
2026-09-30T05:31:37.881703+00:00,LibGen,LibGen.la,PROTECTED,200,3495,,Cloudflare
2026-09-30T05:32:35.485159+00:00,LibGen,LibGen.la,PROTECTED,200,826,,Cloudflare
2026-09-30T05:33:35.555808+00:00,LibGen,LibGen.la,PROTECTED,200,313,,Cloudflare
2026-09-30T05:34:36.114072+00:00,LibGen,LibGen.la,PROTECTED,200,301,,Cloudflare
2026-09-30T05:35:36.717059+00:00,LibGen,LibGen.la,PROTECTED,200,959,,Cloudflare
2026-09-30T05:36:38.044668+00:00,LibGen,LibGen.la,PROTECTED,200,633,,Cloudflare
2026-09-30T05:37:37.615476+00:00,LibGen,LibGen.la,PROTECTED,200,721,,Cloudflare
2026-09-30T05:38:38.152649+00:00,LibGen,LibGen.la,PROTECTED,200,581,,Cloudflare
2026-09-30T05:39:38.909544+00:00,LibGen,LibGen.la,PROTECTED,200,1615,,Cloudflare
2026-09-30T05:40:37.914135+00:00,LibGen,LibGen.la,PROTECTED,200,341,,Cloudflare
2026-09-30T05:41:38.531804+00:00,LibGen,LibGen.la,PROTECTED,200,321,,Cloudflare
2026-09-30T05:42:39.185588+00:00,LibGen,LibGen.la,PROTECTED,200,558,,Cloudflare
2026-09-30T05:43:39.933397+00:00,LibGen,LibGen.la,PROTECTED,200,646,,Cloudflare
2026-09-30T05:44:39.786801+00:00,LibGen,LibGen.la,PROTECTED,200,311,,Cloudflare
2026-09-30T05:45:40.344880+00:00,LibGen,LibGen.la,PROTECTED,200,264,,Cloudflare
2026-09-30T05:46:41.000610+00:00,LibGen,LibGen.la,PROTECTED,200,663,,Cloudflare
2026-09-30T05:47:40.723070+00:00,LibGen,LibGen.la,PROTECTED,200,309,,Cloudflare
2026-09-30T05:48:41.267878+00:00,LibGen,LibGen.la,PROTECTED,200,529,,Cloudflare
2026-09-30T05:49:41.589892+00:00,LibGen,LibGen.la,PROTECTED,200,622,,Cloudflare
2026-09-30T05:50:42.901585+00:00,LibGen,LibGen.la,PROTECTED,200,836,,Cloudflare
2026-09-30T05:51:42.665148+00:00,LibGen,LibGen.la,PROTECTED,200,568,,Cloudflare
2026-09-30T05:52:43.601269+00:00,LibGen,LibGen.la,PROTECTED,200,833,,Cloudflare
2026-09-30T05:53:43.181468+00:00,LibGen,LibGen.la,PROTECTED,200,591,,Cloudflare
2026-09-30T05:54:43.609804+00:00,LibGen,LibGen.la,PROTECTED,200,406,,Cloudflare
2026-09-30T05:55:44.095598+00:00,LibGen,LibGen.la,PROTECTED,200,601,,Cloudflare
2026-09-30T05:57:04.286744+00:00,LibGen,LibGen.la,DOWN,,,connection_refused,
2026-09-30T05:57:45.853638+00:00,LibGen,LibGen.la,PROTECTED,200,474,,Cloudflare
2026-09-30T05:58:45.197988+00:00,LibGen,LibGen.la,PROTECTED,200,572,,Cloudflare
2026-09-30T05:59:46.392306+00:00,LibGen,LibGen.la,PROTECTED,200,745,,Cloudflare
2026-09-30T06:00:46.270193+00:00,LibGen,LibGen.la,PROTECTED,200,344,,Cloudflare
2026-09-30T06:01:50.395975+00:00,LibGen,LibGen.la,PROTECTED,200,4049,,Cloudflare
2026-09-30T06:02:47.543622+00:00,LibGen,LibGen.la,PROTECTED,200,472,,Cloudflare
2026-09-30T06:03:47.568566+00:00,LibGen,LibGen.la,PROTECTED,200,326,,Cloudflare
2026-09-30T06:04:48.411038+00:00,LibGen,LibGen.la,PROTECTED,200,577,,Cloudflare
2026-09-30T06:05:49.424414+00:00,LibGen,LibGen.la,PROTECTED,200,935,,Cloudflare
2026-09-30T06:06:50.648485+00:00,LibGen,LibGen.la,PROTECTED,200,677,,Cloudflare
2026-09-30T06:07:49.988817+00:00,LibGen,LibGen.la,PROTECTED,200,477,,Cloudflare
2026-09-30T06:08:50.771188+00:00,LibGen,LibGen.la,PROTECTED,200,347,,Cloudflare
2026-09-30T06:09:53.270371+00:00,LibGen,LibGen.la,PROTECTED,200,419,,Cloudflare
2026-09-30T06:10:51.492642+00:00,LibGen,LibGen.la,PROTECTED,200,476,,Cloudflare
2026-09-30T06:11:52.226483+00:00,LibGen,LibGen.la,PROTECTED,200,275,,Cloudflare
2026-09-30T06:12:52.343680+00:00,LibGen,LibGen.la,PROTECTED,200,314,,Cloudflare
2026-09-30T06:13:53.115649+00:00,LibGen,LibGen.la,PROTECTED,200,411,,Cloudflare
2026-09-30T06:14:53.677247+00:00,LibGen,LibGen.la,PROTECTED,200,366,,Cloudflare
2026-09-30T06:15:54.160852+00:00,LibGen,LibGen.la,PROTECTED,200,416,,Cloudflare
2026-09-30T06:16:54.985083+00:00,LibGen,LibGen.la,PROTECTED,200,405,,Cloudflare
2026-09-30T06:17:56.188705+00:00,LibGen,LibGen.la,PROTECTED,200,423,,Cloudflare
2026-09-30T06:18:56.695069+00:00,LibGen,LibGen.la,PROTECTED,200,942,,Cloudflare
2026-09-30T06:19:56.902959+00:00,LibGen,LibGen.la,PROTECTED,200,318,,Cloudflare
2026-09-30T06:20:57.068985+00:00,LibGen,LibGen.la,PROTECTED,200,284,,Cloudflare
2026-09-30T06:21:58.638844+00:00,LibGen,LibGen.la,PROTECTED,200,1210,,Cloudflare
2026-09-30T06:22:58.162597+00:00,LibGen,LibGen.la,PROTECTED,200,347,,Cloudflare
2026-09-30T06:23:58.823257+00:00,LibGen,LibGen.la,PROTECTED,200,442,,Cloudflare
2026-09-30T06:25:00.295155+00:00,LibGen,LibGen.la,PROTECTED,200,957,,Cloudflare
2026-09-30T06:26:00.659622+00:00,LibGen,LibGen.la,PROTECTED,200,493,,Cloudflare
2026-09-30T06:27:02.817799+00:00,LibGen,LibGen.la,PROTECTED,200,1763,,Cloudflare
2026-09-30T06:28:01.564874+00:00,LibGen,LibGen.la,PROTECTED,200,469,,Cloudflare
2026-09-30T06:29:03.180649+00:00,LibGen,LibGen.la,PROTECTED,200,682,,Cloudflare
2026-09-30T06:30:03.250698+00:00,LibGen,LibGen.la,PROTECTED,200,351,,Cloudflare
2026-09-30T06:31:03.502456+00:00,LibGen,LibGen.la,PROTECTED,200,576,,Cloudflare
2026-09-30T06:32:09.564941+00:00,LibGen,LibGen.la,PROTECTED,200,6055,,Cloudflare
2026-09-30T06:33:04.900925+00:00,LibGen,LibGen.la,PROTECTED,200,699,,Cloudflare
2026-09-30T06:34:24.772611+00:00,LibGen,LibGen.la,DOWN,,,connection_refused,
2026-09-30T06:35:06.714147+00:00,LibGen,LibGen.la,PROTECTED,200,1014,,Cloudflare
2026-09-30T06:36:06.826568+00:00,LibGen,LibGen.la,PROTECTED,200,676,,Cloudflare
2026-09-30T06:37:07.933702+00:00,LibGen,LibGen.la,PROTECTED,200,1273,,Cloudflare
2026-09-30T06:37:46.097411+00:00,LibGen,LibGen.la,PROTECTED,200,676,,Cloudflare
2026-09-30T06:38:46.362665+00:00,LibGen,LibGen.la,PROTECTED,200,483,,Cloudflare
2026-09-30T06:39:46.989952+00:00,LibGen,LibGen.la,PROTECTED,200,696,,Cloudflare
2026-09-30T06:40:47.685431+00:00,LibGen,LibGen.la,PROTECTED,200,476,,Cloudflare
2026-09-30T06:41:48.543321+00:00,LibGen,LibGen.la,PROTECTED,200,368,,Cloudflare
2026-09-30T06:42:49.378765+00:00,LibGen,LibGen.la,PROTECTED,200,370,,Cloudflare
2026-09-30T06:43:50.578723+00:00,LibGen,LibGen.la,PROTECTED,200,304,,Cloudflare
2026-09-30T06:44:51.421569+00:00,LibGen,LibGen.la,PROTECTED,200,314,,Cloudflare
2026-09-30T06:45:53.273356+00:00,LibGen,LibGen.la,PROTECTED,200,1148,,Cloudflare
2026-09-30T06:46:53.004086+00:00,LibGen,LibGen.la,PROTECTED,200,299,,Cloudflare
2026-09-30T06:47:55.712319+00:00,LibGen,LibGen.la,PROTECTED,200,2559,,Cloudflare
2026-09-30T06:48:54.328337+00:00,LibGen,LibGen.la,PROTECTED,200,359,,Cloudflare
2026-09-30T06:49:54.494615+00:00,LibGen,LibGen.la,PROTECTED,200,383,,Cloudflare
2026-09-30T06:50:55.771658+00:00,LibGen,LibGen.la,PROTECTED,200,303,,Cloudflare
2026-09-30T06:51:55.779875+00:00,LibGen,LibGen.la,PROTECTED,200,638,,Cloudflare
2026-09-30T06:52:57.430373+00:00,LibGen,LibGen.la,PROTECTED,200,470,,Cloudflare
2026-09-30T06:53:57.695630+00:00,LibGen,LibGen.la,PROTECTED,200,321,,Cloudflare
2026-09-30T06:54:58.293827+00:00,LibGen,LibGen.la,PROTECTED,200,451,,Cloudflare
2026-09-30T06:55:58.718931+00:00,LibGen,LibGen.la,PROTECTED,200,855,,Cloudflare
2026-09-30T06:56:59.329905+00:00,LibGen,LibGen.la,PROTECTED,200,610,,Cloudflare
2026-09-30T06:57:59.927178+00:00,LibGen,LibGen.la,PROTECTED,200,1276,,Cloudflare
2026-09-30T06:58:59.253963+00:00,LibGen,LibGen.la,PROTECTED,200,816,,Cloudflare
2026-09-30T07:00:00.636183+00:00,LibGen,LibGen.la,PROTECTED,200,1453,,Cloudflare
2026-09-30T07:01:00.185764+00:00,LibGen,LibGen.la,PROTECTED,200,391,,Cloudflare
2026-09-30T07:02:00.776049+00:00,LibGen,LibGen.la,PROTECTED,200,523,,Cloudflare
2026-09-30T07:03:02.370616+00:00,LibGen,LibGen.la,PROTECTED,200,1200,,Cloudflare
2026-09-30T07:04:01.863185+00:00,LibGen,LibGen.la,PROTECTED,200,576,,Cloudflare
2026-09-30T07:05:03.479038+00:00,LibGen,LibGen.la,PROTECTED,200,1194,,Cloudflare
2026-09-30T07:06:03.624117+00:00,LibGen,LibGen.la,PROTECTED,200,364,,Cloudflare
2026-09-30T07:07:04.645850+00:00,LibGen,LibGen.la,PROTECTED,200,597,,Cloudflare
2026-09-30T07:08:05.269261+00:00,LibGen,LibGen.la,PROTECTED,200,315,,Cloudflare
2026-09-30T07:09:06.697196+00:00,LibGen,LibGen.la,PROTECTED,200,564,,Cloudflare
2026-09-30T07:10:07.067762+00:00,LibGen,LibGen.la,PROTECTED,200,346,,Cloudflare
2026-09-30T07:11:07.582936+00:00,LibGen,LibGen.la,PROTECTED,200,757,,Cloudflare
2026-09-30T07:12:07.228227+00:00,LibGen,LibGen.la,PROTECTED,200,396,,Cloudflare
2026-09-30T07:13:11.433156+00:00,LibGen,LibGen.la,PROTECTED,200,3568,,Cloudflare
2026-09-30T07:14:08.919967+00:00,LibGen,LibGen.la,PROTECTED,200,551,,Cloudflare
2026-09-30T07:15:09.612896+00:00,LibGen,LibGen.la,PROTECTED,200,364,,Cloudflare
2026-09-30T07:16:11.256640+00:00,LibGen,LibGen.la,PROTECTED,200,553,,Cloudflare
2026-09-30T07:17:10.665155+00:00,LibGen,LibGen.la,PROTECTED,200,471,,Cloudflare
2026-09-30T07:18:11.838611+00:00,LibGen,LibGen.la,PROTECTED,200,766,,Cloudflare
2026-09-30T07:19:12.409655+00:00,LibGen,LibGen.la,PROTECTED,200,523,,Cloudflare
2026-09-30T07:20:13.133596+00:00,LibGen,LibGen.la,PROTECTED,200,335,,Cloudflare
2026-09-30T07:21:14.617666+00:00,LibGen,LibGen.la,PROTECTED,200,549,,Cloudflare
2026-09-30T07:22:15.081862+00:00,LibGen,LibGen.la,PROTECTED,200,476,,Cloudflare
2026-09-30T07:23:15.316040+00:00,LibGen,LibGen.la,PROTECTED,200,301,,Cloudflare
2026-09-30T07:24:16.193668+00:00,LibGen,LibGen.la,PROTECTED,200,303,,Cloudflare
2026-09-30T07:25:16.315856+00:00,LibGen,LibGen.la,PROTECTED,200,356,,Cloudflare
2026-09-30T07:26:17.316309+00:00,LibGen,LibGen.la,PROTECTED,200,366,,Cloudflare
2026-09-30T07:27:20.653547+00:00,LibGen,LibGen.la,PROTECTED,200,549,,Cloudflare
2026-09-30T07:28:19.553674+00:00,LibGen,LibGen.la,PROTECTED,200,830,,Cloudflare
2026-09-30T07:29:20.088815+00:00,LibGen,LibGen.la,PROTECTED,200,519,,Cloudflare
2026-09-30T07:30:21.734593+00:00,LibGen,LibGen.la,PROTECTED,200,1300,,Cloudflare
2026-09-30T07:31:21.867829+00:00,LibGen,LibGen.la,PROTECTED,200,616,,Cloudflare
2026-09-30T07:32:23.061792+00:00,LibGen,LibGen.la,PROTECTED,200,891,,Cloudflare
2026-09-30T07:33:22.543599+00:00,LibGen,LibGen.la,PROTECTED,200,426,,Cloudflare
2026-09-30T07:34:24.300376+00:00,LibGen,LibGen.la,PROTECTED,200,352,,Cloudflare
2026-09-30T07:35:25.139747+00:00,LibGen,LibGen.la,PROTECTED,200,530,,Cloudflare
2026-09-30T07:36:24.380717+00:00,LibGen,LibGen.la,PROTECTED,200,298,,Cloudflare
2026-09-30T07:37:25.222596+00:00,LibGen,LibGen.la,PROTECTED,200,752,,Cloudflare
2026-09-30T07:38:28.685854+00:00,LibGen,LibGen.la,PROTECTED,200,3386,,Cloudflare
2026-09-30T07:39:26.501511+00:00,LibGen,LibGen.la,PROTECTED,200,403,,Cloudflare
2026-09-30T07:40:27.261031+00:00,LibGen,LibGen.la,PROTECTED,200,356,,Cloudflare
2026-09-30T07:41:29.222772+00:00,LibGen,LibGen.la,PROTECTED,200,292,,Cloudflare
2026-09-30T07:42:29.973608+00:00,LibGen,LibGen.la,PROTECTED,200,749,,Cloudflare
2026-09-30T07:43:29.979140+00:00,LibGen,LibGen.la,PROTECTED,200,315,,Cloudflare
2026-09-30T07:44:32.186739+00:00,LibGen,LibGen.la,PROTECTED,200,445,,Cloudflare
2026-09-30T07:45:31.214957+00:00,LibGen,LibGen.la,PROTECTED,200,394,,Cloudflare
2026-09-30T07:46:31.835588+00:00,LibGen,LibGen.la,PROTECTED,200,554,,Cloudflare
2026-09-30T07:47:32.111376+00:00,LibGen,LibGen.la,PROTECTED,200,285,,Cloudflare
2026-09-30T07:48:33.495874+00:00,LibGen,LibGen.la,PROTECTED,200,866,,Cloudflare
2026-09-30T07:49:34.088261+00:00,LibGen,LibGen.la,PROTECTED,200,599,,Cloudflare
2026-09-30T07:50:34.207561+00:00,LibGen,LibGen.la,PROTECTED,200,361,,Cloudflare
2026-09-30T07:51:35.725622+00:00,LibGen,LibGen.la,PROTECTED,200,474,,Cloudflare
2026-09-30T07:52:36.546421+00:00,LibGen,LibGen.la,PROTECTED,200,760,,Cloudflare
2026-09-30T07:53:37.334265+00:00,LibGen,LibGen.la,PROTECTED,200,495,,Cloudflare
2026-09-30T07:54:37.257690+00:00,LibGen,LibGen.la,PROTECTED,200,583,,Cloudflare
2026-09-30T07:55:58.345808+00:00,LibGen,LibGen.la,DOWN,,,connection_refused,
2026-09-30T07:56:39.475567+00:00,LibGen,LibGen.la,PROTECTED,200,1047,,Cloudflare
2026-09-30T07:57:38.945060+00:00,LibGen,LibGen.la,PROTECTED,200,569,,Cloudflare
2026-09-30T07:58:40.030613+00:00,LibGen,LibGen.la,PROTECTED,200,309,,Cloudflare
2026-09-30T07:59:43.338821+00:00,LibGen,LibGen.la,PROTECTED,200,1056,,Cloudflare
2026-09-30T08:00:42.216777+00:00,LibGen,LibGen.la,PROTECTED,200,1163,,Cloudflare
2026-09-30T08:01:42.457424+00:00,LibGen,LibGen.la,PROTECTED,200,526,,Cloudflare
2026-09-30T08:03:03.750848+00:00,LibGen,LibGen.la,DOWN,,,connection_refused,
2026-09-30T08:03:44.480593+00:00,LibGen,LibGen.la,PROTECTED,200,798,,Cloudflare
2026-09-30T08:04:44.972415+00:00,LibGen,LibGen.la,PROTECTED,200,311,,Cloudflare
2026-09-30T08:05:46.720684+00:00,LibGen,LibGen.la,PROTECTED,200,779,,Cloudflare
2026-09-30T08:07:06.602776+00:00,LibGen,LibGen.la,DOWN,,,connection_refused,
2026-09-30T08:07:48.354442+00:00,LibGen,LibGen.la,PROTECTED,200,1093,,Cloudflare
2026-09-30T08:09:07.732775+00:00,LibGen,LibGen.la,DOWN,,,connection_refused,
2026-09-30T08:09:48.261057+00:00,LibGen,LibGen.la,PROTECTED,200,489,,Cloudflare
2026-09-30T08:10:49.252569+00:00,LibGen,LibGen.la,PROTECTED,200,556,,Cloudflare
2026-09-30T08:11:51.031564+00:00,LibGen,LibGen.la,PROTECTED,200,1495,,Cloudflare
2026-09-30T08:12:51.143712+00:00,LibGen,LibGen.la,PROTECTED,200,319,,Cloudflare
2026-09-30T08:13:52.550547+00:00,LibGen,LibGen.la,PROTECTED,200,1247,,Cloudflare
2026-09-30T08:14:52.627552+00:00,LibGen,LibGen.la,PROTECTED,200,487,,Cloudflare
2026-09-30T08:15:54.208177+00:00,LibGen,LibGen.la,PROTECTED,200,719,,Cloudflare
2026-09-30T08:17:15.036261+00:00,LibGen,LibGen.la,DOWN,,,connection_refused,
2026-09-30T08:17:55.190946+00:00,LibGen,LibGen.la,PROTECTED,200,1076,,Cloudflare
2026-09-30T08:18:55.658148+00:00,LibGen,LibGen.la,PROTECTED,200,719,,Cloudflare
2026-09-30T08:20:16.126272+00:00,LibGen,LibGen.la,TIMEOUT,,,timeout,
2026-09-30T08:20:59.675081+00:00,LibGen,LibGen.la,PROTECTED,200,569,,Cloudflare
2026-09-30T08:21:57.670697+00:00,LibGen,LibGen.la,PROTECTED,200,831,,Cloudflare
2026-09-30T08:22:58.727274+00:00,LibGen,LibGen.la,PROTECTED,200,688,,Cloudflare
2026-09-30T08:24:19.237742+00:00,LibGen,LibGen.la,DOWN,,,connection_refused,
2026-09-30T08:25:00.195915+00:00,LibGen,LibGen.la,PROTECTED,200,720,,Cloudflare
2026-09-30T08:26:00.894749+00:00,LibGen,LibGen.la,PROTECTED,200,758,,Cloudflare
2026-09-30T08:27:23.939408+00:00,LibGen,LibGen.la,DOWN,,,connection_refused,
2026-09-30T08:28:02.368642+00:00,LibGen,LibGen.la,PROTECTED,200,864,,Cloudflare
2026-09-30T08:29:03.444702+00:00,LibGen,LibGen.la,PROTECTED,200,434,,Cloudflare
2026-09-30T08:30:04.214189+00:00,LibGen,LibGen.la,PROTECTED,200,2147,,Cloudflare
2026-09-30T08:31:03.292988+00:00,LibGen,LibGen.la,PROTECTED,200,402,,Cloudflare
2026-09-30T08:32:03.739080+00:00,LibGen,LibGen.la,PROTECTED,200,322,,Cloudflare
2026-09-30T08:33:05.840216+00:00,LibGen,LibGen.la,PROTECTED,200,1509,,Cloudflare
2026-09-30T08:34:09.052950+00:00,LibGen,LibGen.la,PROTECTED,200,3854,,Cloudflare
2026-09-30T08:35:05.512220+00:00,LibGen,LibGen.la,PROTECTED,200,726,,Cloudflare
2026-09-30T08:36:06.298189+00:00,LibGen,LibGen.la,PROTECTED,200,495,,Cloudflare
2026-09-30T08:37:07.469579+00:00,LibGen,LibGen.la,PROTECTED,200,785,,Cloudflare
2026-09-30T08:38:11.624653+00:00,LibGen,LibGen.la,PROTECTED,200,3710,,Cloudflare
2026-09-30T08:39:09.818684+00:00,LibGen,LibGen.la,PROTECTED,200,1373,,Cloudflare
2026-09-30T08:40:09.609650+00:00,LibGen,LibGen.la,PROTECTED,200,363,,Cloudflare
2026-09-30T08:41:10.480950+00:00,LibGen,LibGen.la,PROTECTED,200,277,,Cloudflare
2026-09-30T08:42:12.344366+00:00,LibGen,LibGen.la,PROTECTED,200,1252,,Cloudflare
2026-09-30T08:43:12.202679+00:00,LibGen,LibGen.la,PROTECTED,200,284,,Cloudflare
2026-09-30T08:44:14.145577+00:00,LibGen,LibGen.la,PROTECTED,200,1378,,Cloudflare
2026-09-30T08:45:14.663251+00:00,LibGen,LibGen.la,PROTECTED,200,986,,Cloudflare
2026-09-30T08:46:15.097658+00:00,LibGen,LibGen.la,PROTECTED,200,574,,Cloudflare
2026-09-30T08:47:15.742440+00:00,LibGen,LibGen.la,PROTECTED,200,344,,Cloudflare
2026-09-30T08:48:16.598049+00:00,LibGen,LibGen.la,PROTECTED,200,356,,Cloudflare
2026-09-30T08:49:17.635445+00:00,LibGen,LibGen.la,PROTECTED,200,558,,Cloudflare
2026-09-30T08:50:18.933482+00:00,LibGen,LibGen.la,PROTECTED,200,618,,Cloudflare
2026-09-30T08:51:19.956952+00:00,LibGen,LibGen.la,PROTECTED,200,651,,Cloudflare
2026-09-30T08:52:20.099866+00:00,LibGen,LibGen.la,PROTECTED,200,350,,Cloudflare
2026-09-30T08:53:21.176142+00:00,LibGen,LibGen.la,PROTECTED,200,603,,Cloudflare
2026-09-30T08:54:21.742612+00:00,LibGen,LibGen.la,PROTECTED,200,307,,Cloudflare
2026-09-30T08:55:23.039982+00:00,LibGen,LibGen.la,PROTECTED,200,763,,Cloudflare
2026-09-30T08:56:24.581157+00:00,LibGen,LibGen.la,PROTECTED,200,640,,Cloudflare
2026-09-30T08:57:24.691307+00:00,LibGen,LibGen.la,PROTECTED,200,595,,Cloudflare
2026-09-30T08:58:25.404413+00:00,LibGen,LibGen.la,PROTECTED,200,498,,Cloudflare
2026-09-30T08:59:26.120553+00:00,LibGen,LibGen.la,PROTECTED,200,301,,Cloudflare
2026-09-30T09:00:30.660180+00:00,LibGen,LibGen.la,PROTECTED,200,4002,,Cloudflare
2026-09-30T09:01:28.339207+00:00,LibGen,LibGen.la,PROTECTED,200,542,,Cloudflare
2026-09-30T09:02:27.254656+00:00,LibGen,LibGen.la,PROTECTED,200,491,,Cloudflare
2026-09-30T09:03:27.516960+00:00,LibGen,LibGen.la,PROTECTED,200,643,,Cloudflare
2026-09-30T09:04:30.811757+00:00,LibGen,LibGen.la,PROTECTED,200,2726,,Cloudflare
2026-09-30T09:05:28.544849+00:00,LibGen,LibGen.la,PROTECTED,200,318,,Cloudflare
2026-09-30T09:06:31.317237+00:00,LibGen,LibGen.la,PROTECTED,200,1722,,Cloudflare
2026-09-30T09:07:30.358943+00:00,LibGen,LibGen.la,PROTECTED,200,863,,Cloudflare
2026-09-30T09:08:31.003040+00:00,LibGen,LibGen.la,PROTECTED,200,541,,Cloudflare
2026-09-30T09:09:32.952946+00:00,LibGen,LibGen.la,PROTECTED,200,389,,Cloudflare
2026-09-30T09:10:33.685143+00:00,LibGen,LibGen.la,PROTECTED,200,364,,Cloudflare
2026-09-30T09:11:34.830542+00:00,LibGen,LibGen.la,PROTECTED,200,284,,Cloudflare
2026-09-30T09:12:33.624490+00:00,LibGen,LibGen.la,PROTECTED,200,508,,Cloudflare
2026-09-30T09:13:34.252801+00:00,LibGen,LibGen.la,PROTECTED,200,254,,Cloudflare
2026-09-30T09:14:34.783242+00:00,LibGen,LibGen.la,PROTECTED,200,367,,Cloudflare
2026-09-30T09:15:36.118517+00:00,LibGen,LibGen.la,PROTECTED,200,758,,Cloudflare
2026-09-30T09:16:36.585709+00:00,LibGen,LibGen.la,PROTECTED,200,274,,Cloudflare
2026-09-30T09:17:37.734409+00:00,LibGen,LibGen.la,PROTECTED,200,566,,Cloudflare
2026-09-30T09:18:37.580535+00:00,LibGen,LibGen.la,PROTECTED,200,309,,Cloudflare
2026-09-30T09:19:38.471370+00:00,LibGen,LibGen.la,PROTECTED,200,312,,Cloudflare
2026-09-30T09:20:40.130838+00:00,LibGen,LibGen.la,PROTECTED,200,620,,Cloudflare
2026-09-30T09:21:40.721985+00:00,LibGen,LibGen.la,PROTECTED,200,307,,Cloudflare
2026-09-30T09:22:43.782740+00:00,LibGen,LibGen.la,PROTECTED,200,442,,Cloudflare
2026-09-30T09:24:01.958357+00:00,LibGen,LibGen.la,TIMEOUT,,,timeout,
2026-09-30T09:24:42.983664+00:00,LibGen,LibGen.la,PROTECTED,200,400,,Cloudflare
2026-09-30T09:25:44.589666+00:00,LibGen,LibGen.la,PROTECTED,200,525,,Cloudflare
2026-09-30T09:26:45.574464+00:00,LibGen,LibGen.la,PROTECTED,200,768,,Cloudflare
2026-09-30T09:27:46.286218+00:00,LibGen,LibGen.la,PROTECTED,200,1039,,Cloudflare
2026-09-30T09:28:46.579157+00:00,LibGen,LibGen.la,PROTECTED,200,536,,Cloudflare
2026-09-30T09:29:47.177651+00:00,LibGen,LibGen.la,PROTECTED,200,1035,,Cloudflare
2026-09-30T09:30:47.280959+00:00,LibGen,LibGen.la,PROTECTED,200,742,,Cloudflare
2026-09-30T09:31:47.013600+00:00,LibGen,LibGen.la,PROTECTED,200,325,,Cloudflare
2026-09-30T09:32:47.069747+00:00,LibGen,LibGen.la,PROTECTED,200,310,,Cloudflare
2026-09-30T09:34:07.330716+00:00,LibGen,LibGen.la,DOWN,,,connection_refused,
2026-09-30T09:34:48.566003+00:00,LibGen,LibGen.la,PROTECTED,200,888,,Cloudflare
2026-09-30T09:35:52.000088+00:00,LibGen,LibGen.la,PROTECTED,200,608,,Cloudflare
2026-09-30T09:36:53.343388+00:00,LibGen,LibGen.la,PROTECTED,200,3405,,Cloudflare
2026-09-30T09:37:49.781659+00:00,LibGen,LibGen.la,PROTECTED,200,557,,Cloudflare
2026-09-30T09:38:49.578878+00:00,LibGen,LibGen.la,PROTECTED,200,323,,Cloudflare
2026-09-30T09:39:50.479693+00:00,LibGen,LibGen.la,PROTECTED,200,304,,Cloudflare
2026-09-30T09:40:51.639217+00:00,LibGen,LibGen.la,PROTECTED,200,590,,Cloudflare
2026-09-30T09:41:51.717307+00:00,LibGen,LibGen.la,PROTECTED,200,735,,Cloudflare
2026-09-30T09:42:53.536800+00:00,LibGen,LibGen.la,PROTECTED,200,656,,Cloudflare
2026-09-30T09:43:53.776014+00:00,LibGen,LibGen.la,PROTECTED,200,1447,,Cloudflare
2026-09-30T09:44:54.010637+00:00,LibGen,LibGen.la,PROTECTED,200,1037,,Cloudflare
2026-09-30T09:45:54.691923+00:00,LibGen,LibGen.la,PROTECTED,200,803,,Cloudflare
2026-09-30T09:47:15.178454+00:00,LibGen,LibGen.la,DOWN,,,connection_refused,
2026-09-30T09:47:56.182417+00:00,LibGen,LibGen.la,PROTECTED,200,428,,Cloudflare
2026-09-30T09:48:57.045254+00:00,LibGen,LibGen.la,PROTECTED,200,365,,Cloudflare
2026-09-30T09:49:57.943214+00:00,LibGen,LibGen.la,PROTECTED,200,292,,Cloudflare
2026-09-30T09:50:59.177933+00:00,LibGen,LibGen.la,PROTECTED,200,311,,Cloudflare
2026-09-30T09:51:59.049808+00:00,LibGen,LibGen.la,PROTECTED,200,299,,Cloudflare
2026-09-30T09:52:59.681912+00:00,LibGen,LibGen.la,PROTECTED,200,877,,Cloudflare
2026-09-30T09:53:58.717047+00:00,LibGen,LibGen.la,PROTECTED,200,269,,Cloudflare
2026-09-30T09:54:59.630584+00:00,LibGen,LibGen.la,PROTECTED,200,1121,,Cloudflare
2026-09-30T09:56:00.705564+00:00,LibGen,LibGen.la,PROTECTED,200,1332,,Cloudflare
2026-09-30T09:57:04.775996+00:00,LibGen,LibGen.la,PROTECTED,200,5285,,Cloudflare
2026-09-30T09:58:00.733019+00:00,LibGen,LibGen.la,PROTECTED,200,885,,Cloudflare
2026-09-30T09:59:00.061976+00:00,LibGen,LibGen.la,PROTECTED,200,536,,Cloudflare
2026-09-30T10:00:20.274061+00:00,LibGen,LibGen.la,DOWN,,,connection_refused,
2026-09-30T10:01:02.370602+00:00,LibGen,LibGen.la,PROTECTED,200,1709,,Cloudflare
2026-09-30T10:02:01.348872+00:00,LibGen,LibGen.la,PROTECTED,200,568,,Cloudflare
2026-09-30T10:03:01.235734+00:00,LibGen,LibGen.la,PROTECTED,200,335,,Cloudflare
2026-09-30T10:04:01.966044+00:00,LibGen,LibGen.la,PROTECTED,200,592,,Cloudflare
2026-09-30T10:05:03.752644+00:00,LibGen,LibGen.la,PROTECTED,200,1072,,Cloudflare
2026-09-30T10:06:02.870893+00:00,LibGen,LibGen.la,PROTECTED,200,817,,Cloudflare
2026-09-30T10:07:04.546200+00:00,LibGen,LibGen.la,PROTECTED,200,1534,,Cloudflare
2026-09-30T10:08:07.027673+00:00,LibGen,LibGen.la,PROTECTED,200,294,,Cloudflare
2026-09-30T10:09:04.529631+00:00,LibGen,LibGen.la,PROTECTED,200,666,,Cloudflare
2026-09-30T10:10:24.351402+00:00,LibGen,LibGen.la,DOWN,,,connection_refused,
2026-09-30T10:11:04.122120+00:00,LibGen,LibGen.la,PROTECTED,200,535,,Cloudflare
2026-09-30T10:12:06.874710+00:00,LibGen,LibGen.la,PROTECTED,200,594,,Cloudflare
2026-09-30T10:13:09.270973+00:00,LibGen,LibGen.la,PROTECTED,200,5052,,Cloudflare
2026-09-30T10:14:05.764138+00:00,LibGen,LibGen.la,PROTECTED,200,640,,Cloudflare
2026-09-30T10:15:06.952926+00:00,LibGen,LibGen.la,PROTECTED,200,855,,Cloudflare
2026-09-30T10:16:06.976139+00:00,LibGen,LibGen.la,PROTECTED,200,583,,Cloudflare
2026-09-30T10:17:07.500777+00:00,LibGen,LibGen.la,PROTECTED,200,595,,Cloudflare
2026-09-30T10:18:09.907516+00:00,LibGen,LibGen.la,PROTECTED,200,2906,,Cloudflare
2026-09-30T10:19:08.726547+00:00,LibGen,LibGen.la,PROTECTED,200,372,,Cloudflare
2026-09-30T10:20:29.274412+00:00,LibGen,LibGen.la,DOWN,,,connection_refused,
2026-09-30T10:21:12.422415+00:00,LibGen,LibGen.la,PROTECTED,200,3333,,Cloudflare
2026-09-30T10:22:10.628307+00:00,LibGen,LibGen.la,PROTECTED,200,578,,Cloudflare
2026-09-30T10:23:11.164688+00:00,LibGen,LibGen.la,PROTECTED,200,641,,Cloudflare
2026-09-30T10:24:12.190184+00:00,LibGen,LibGen.la,PROTECTED,200,564,,Cloudflare
2026-09-30T10:25:32.875162+00:00,LibGen,LibGen.la,DOWN,,,connection_refused,
2026-09-30T10:26:11.947767+00:00,LibGen,LibGen.la,PROTECTED,200,409,,Cloudflare
2026-09-30T10:27:12.668764+00:00,LibGen,LibGen.la,PROTECTED,200,718,,Cloudflare
2026-09-30T10:28:13.012227+00:00,LibGen,LibGen.la,PROTECTED,200,501,,Cloudflare
2026-09-30T10:29:12.832045+00:00,LibGen,LibGen.la,PROTECTED,200,319,,Cloudflare
2026-09-30T10:30:14.580703+00:00,LibGen,LibGen.la,PROTECTED,200,1584,,Cloudflare
2026-09-30T10:31:13.933697+00:00,LibGen,LibGen.la,PROTECTED,200,565,,Cloudflare
2026-09-30T10:32:14.819240+00:00,LibGen,LibGen.la,PROTECTED,200,1441,,Cloudflare
2026-09-30T10:33:14.006643+00:00,LibGen,LibGen.la,PROTECTED,200,616,,Cloudflare
2026-09-30T10:34:15.200047+00:00,LibGen,LibGen.la,PROTECTED,200,787,,Cloudflare
2026-09-30T10:35:16.428497+00:00,LibGen,LibGen.la,PROTECTED,200,767,,Cloudflare
2026-09-30T10:36:16.097965+00:00,LibGen,LibGen.la,PROTECTED,200,723,,Cloudflare
2026-09-30T10:37:16.384554+00:00,LibGen,LibGen.la,PROTECTED,200,984,,Cloudflare
2026-09-30T10:38:17.975794+00:00,LibGen,LibGen.la,PROTECTED,200,695,,Cloudflare
2026-09-30T10:39:36.855981+00:00,LibGen,LibGen.la,DOWN,,,connection_refused,
2026-09-30T10:40:17.775923+00:00,LibGen,LibGen.la,PROTECTED,200,334,,Cloudflare
2026-09-30T10:41:18.166213+00:00,LibGen,LibGen.la,PROTECTED,200,1337,,Cloudflare
2026-09-30T10:42:18.615041+00:00,LibGen,LibGen.la,PROTECTED,200,390,,Cloudflare
2026-09-30T10:43:18.816039+00:00,LibGen,LibGen.la,PROTECTED,200,906,,Cloudflare
2026-09-30T10:44:18.726887+00:00,LibGen,LibGen.la,PROTECTED,200,816,,Cloudflare
2026-09-30T10:45:19.097115+00:00,LibGen,LibGen.la,PROTECTED,200,308,,Cloudflare
2026-09-30T10:46:20.877855+00:00,LibGen,LibGen.la,PROTECTED,200,737,,Cloudflare
2026-09-30T10:47:21.858606+00:00,LibGen,LibGen.la,PROTECTED,200,633,,Cloudflare
2026-09-30T10:48:21.181990+00:00,LibGen,LibGen.la,PROTECTED,200,288,,Cloudflare
2026-09-30T10:49:22.173179+00:00,LibGen,LibGen.la,PROTECTED,200,284,,Cloudflare
2026-09-30T10:50:25.992061+00:00,LibGen,LibGen.la,PROTECTED,200,571,,Cloudflare
2026-09-30T10:51:24.526440+00:00,LibGen,LibGen.la,PROTECTED,200,1684,,Cloudflare
2026-09-30T10:52:24.128699+00:00,LibGen,LibGen.la,PROTECTED,200,344,,Cloudflare
2026-09-30T10:53:25.414754+00:00,LibGen,LibGen.la,PROTECTED,200,639,,Cloudflare
2026-09-30T10:54:27.095123+00:00,LibGen,LibGen.la,PROTECTED,200,1754,,Cloudflare
2026-09-30T10:55:28.023055+00:00,LibGen,LibGen.la,PROTECTED,200,1762,,Cloudflare
2026-09-30T10:56:27.319995+00:00,LibGen,LibGen.la,DOWN,502,927,http_error,
2026-09-30T10:57:29.211923+00:00,LibGen,LibGen.la,PROTECTED,200,1314,,Cloudflare
2026-09-30T10:58:27.889608+00:00,LibGen,LibGen.la,PROTECTED,200,330,,Cloudflare
2026-09-30T10:59:28.365676+00:00,LibGen,LibGen.la,PROTECTED,200,559,,Cloudflare
2026-09-30T11:00:28.874669+00:00,LibGen,LibGen.la,PROTECTED,200,567,,Cloudflare
2026-09-30T11:01:29.847122+00:00,LibGen,LibGen.la,PROTECTED,200,320,,Cloudflare
2026-09-30T11:02:30.206871+00:00,LibGen,LibGen.la,PROTECTED,200,973,,Cloudflare
2026-09-30T11:03:30.369273+00:00,LibGen,LibGen.la,PROTECTED,200,956,,Cloudflare
2026-09-30T11:04:34.742369+00:00,LibGen,LibGen.la,PROTECTED,200,3815,,Cloudflare
2026-09-30T11:05:31.331813+00:00,LibGen,LibGen.la,PROTECTED,200,782,,Cloudflare
2026-09-30T11:06:51.893148+00:00,LibGen,LibGen.la,DOWN,,,connection_refused,
2026-09-30T11:07:32.508960+00:00,LibGen,LibGen.la,PROTECTED,200,430,,Cloudflare
2026-09-30T11:08:32.878488+00:00,LibGen,LibGen.la,PROTECTED,200,487,,Cloudflare
2026-09-30T11:09:32.336735+00:00,LibGen,LibGen.la,PROTECTED,200,354,,Cloudflare
2026-09-30T11:10:33.283971+00:00,LibGen,LibGen.la,PROTECTED,200,309,,Cloudflare
2026-09-30T11:11:33.385828+00:00,LibGen,LibGen.la,PROTECTED,200,524,,Cloudflare
2026-09-30T11:12:34.008000+00:00,LibGen,LibGen.la,PROTECTED,200,816,,Cloudflare
2026-09-30T11:13:33.639969+00:00,LibGen,LibGen.la,PROTECTED,200,487,,Cloudflare
2026-09-30T11:14:34.335450+00:00,LibGen,LibGen.la,PROTECTED,200,680,,Cloudflare
2026-09-30T11:15:34.493145+00:00,LibGen,LibGen.la,PROTECTED,200,369,,Cloudflare
2026-09-30T11:16:35.008887+00:00,LibGen,LibGen.la,PROTECTED,200,714,,Cloudflare
2026-09-30T11:17:37.019327+00:00,LibGen,LibGen.la,PROTECTED,200,356,,Cloudflare
2026-09-30T11:18:43.850941+00:00,LibGen,LibGen.la,PROTECTED,200,8620,,Cloudflare
2026-09-30T11:19:36.435853+00:00,LibGen,LibGen.la,PROTECTED,200,951,,Cloudflare
2026-09-30T11:20:35.577735+00:00,LibGen,LibGen.la,PROTECTED,200,317,,Cloudflare
2026-09-30T11:21:36.577408+00:00,LibGen,LibGen.la,PROTECTED,200,1003,,Cloudflare
2026-09-30T11:22:36.286610+00:00,LibGen,LibGen.la,PROTECTED,200,680,,Cloudflare
2026-09-30T11:23:38.403538+00:00,LibGen,LibGen.la,PROTECTED,200,2722,,Cloudflare
2026-09-30T11:24:36.895971+00:00,LibGen,LibGen.la,PROTECTED,200,635,,Cloudflare
2026-09-30T11:25:36.585890+00:00,LibGen,LibGen.la,PROTECTED,200,320,,Cloudflare
2026-09-30T11:26:37.097798+00:00,LibGen,LibGen.la,PROTECTED,200,831,,Cloudflare
2026-09-30T11:27:36.887747+00:00,LibGen,LibGen.la,PROTECTED,200,601,,Cloudflare
2026-09-30T11:28:38.102678+00:00,LibGen,LibGen.la,PROTECTED,200,921,,Cloudflare
2026-09-30T11:29:37.894796+00:00,LibGen,LibGen.la,PROTECTED,200,622,,Cloudflare
2026-09-30T11:30:38.443472+00:00,LibGen,LibGen.la,PROTECTED,200,606,,Cloudflare
2026-09-30T11:31:39.422011+00:00,LibGen,LibGen.la,PROTECTED,200,1605,,Cloudflare
2026-09-30T11:32:39.104177+00:00,LibGen,LibGen.la,PROTECTED,200,483,,Cloudflare
2026-09-30T11:33:39.641360+00:00,LibGen,LibGen.la,PROTECTED,200,939,,Cloudflare
2026-09-30T11:34:39.039731+00:00,LibGen,LibGen.la,PROTECTED,200,342,,Cloudflare
2026-09-30T11:35:39.826983+00:00,LibGen,LibGen.la,PROTECTED,200,637,,Cloudflare
2026-09-30T11:36:39.647636+00:00,LibGen,LibGen.la,PROTECTED,200,313,,Cloudflare
2026-09-30T11:37:41.403692+00:00,LibGen,LibGen.la,PROTECTED,200,722,,Cloudflare
2026-09-30T11:38:41.418934+00:00,LibGen,LibGen.la,PROTECTED,200,533,,Cloudflare
2026-09-30T11:39:45.019695+00:00,LibGen,LibGen.la,PROTECTED,200,1266,,Cloudflare
2026-09-30T11:40:42.016996+00:00,LibGen,LibGen.la,PROTECTED,200,486,,Cloudflare
2026-09-30T11:41:42.595387+00:00,LibGen,LibGen.la,PROTECTED,200,504,,Cloudflare
2026-09-30T11:42:43.702791+00:00,LibGen,LibGen.la,PROTECTED,200,995,,Cloudflare
2026-09-30T11:43:43.343810+00:00,LibGen,LibGen.la,PROTECTED,200,401,,Cloudflare
2026-09-30T11:44:43.672042+00:00,LibGen,LibGen.la,PROTECTED,200,383,,Cloudflare
2026-09-30T11:45:43.878927+00:00,LibGen,LibGen.la,PROTECTED,200,882,,Cloudflare
2026-09-30T11:46:43.967905+00:00,LibGen,LibGen.la,PROTECTED,200,855,,Cloudflare
2026-09-30T11:47:43.708624+00:00,LibGen,LibGen.la,PROTECTED,200,568,,Cloudflare
2026-09-30T11:48:43.856227+00:00,LibGen,LibGen.la,PROTECTED,200,698,,Cloudflare
2026-09-30T11:49:45.640634+00:00,LibGen,LibGen.la,PROTECTED,200,308,,Cloudflare
2026-09-30T11:50:45.510130+00:00,LibGen,LibGen.la,PROTECTED,200,296,,Cloudflare
2026-09-30T11:51:45.148855+00:00,LibGen,LibGen.la,PROTECTED,200,323,,Cloudflare
2026-09-30T11:52:48.539213+00:00,LibGen,LibGen.la,PROTECTED,200,3679,,Cloudflare
2026-09-30T11:53:45.267430+00:00,LibGen,LibGen.la,PROTECTED,200,617,,Cloudflare
2026-09-30T11:54:45.117569+00:00,LibGen,LibGen.la,PROTECTED,200,380,,Cloudflare
2026-09-30T11:55:45.481803+00:00,LibGen,LibGen.la,PROTECTED,200,662,,Cloudflare
2026-09-30T11:56:45.663722+00:00,LibGen,LibGen.la,PROTECTED,200,281,,Cloudflare
2026-09-30T11:57:46.283696+00:00,LibGen,LibGen.la,PROTECTED,200,629,,Cloudflare
2026-09-30T11:58:46.433830+00:00,LibGen,LibGen.la,PROTECTED,200,1144,,Cloudflare
2026-09-30T11:59:45.841426+00:00,LibGen,LibGen.la,PROTECTED,200,471,,Cloudflare
2026-09-30T12:00:46.830933+00:00,LibGen,LibGen.la,PROTECTED,200,637,,Cloudflare
2026-09-30T12:01:47.343679+00:00,LibGen,LibGen.la,PROTECTED,200,1018,,Cloudflare
2026-09-30T12:02:48.113616+00:00,LibGen,LibGen.la,PROTECTED,200,825,,Cloudflare
2026-09-30T12:03:48.923143+00:00,LibGen,LibGen.la,PROTECTED,200,661,,Cloudflare
2026-09-30T12:04:48.988383+00:00,LibGen,LibGen.la,PROTECTED,200,311,,Cloudflare
2026-09-30T12:06:09.506806+00:00,LibGen,LibGen.la,DOWN,,,connection_refused,
2026-09-30T12:06:50.511902+00:00,LibGen,LibGen.la,PROTECTED,200,838,,Cloudflare
2026-09-30T12:07:50.596570+00:00,LibGen,LibGen.la,PROTECTED,200,721,,Cloudflare
2026-09-30T12:08:50.514720+00:00,LibGen,LibGen.la,PROTECTED,200,559,,Cloudflare
2026-09-30T12:09:51.194959+00:00,LibGen,LibGen.la,PROTECTED,200,1106,,Cloudflare
2026-09-30T12:10:50.626731+00:00,LibGen,LibGen.la,PROTECTED,200,415,,Cloudflare
2026-09-30T12:11:50.686087+00:00,LibGen,LibGen.la,PROTECTED,200,338,,Cloudflare
2026-09-30T12:12:51.392639+00:00,LibGen,LibGen.la,PROTECTED,200,498,,Cloudflare
2026-09-30T12:13:51.492677+00:00,LibGen,LibGen.la,PROTECTED,200,671,,Cloudflare
2026-09-30T12:14:51.841860+00:00,LibGen,LibGen.la,PROTECTED,200,534,,Cloudflare
2026-09-30T12:15:53.101101+00:00,LibGen,LibGen.la,PROTECTED,200,1401,,Cloudflare
2026-09-30T12:16:52.262059+00:00,LibGen,LibGen.la,PROTECTED,200,714,,Cloudflare
2026-09-30T12:17:52.070966+00:00,LibGen,LibGen.la,PROTECTED,200,362,,Cloudflare
2026-09-30T12:18:52.168832+00:00,LibGen,LibGen.la,PROTECTED,200,348,,Cloudflare
2026-09-30T12:19:52.885685+00:00,LibGen,LibGen.la,PROTECTED,200,430,,Cloudflare
2026-09-30T12:20:53.685137+00:00,LibGen,LibGen.la,PROTECTED,200,1145,,Cloudflare
2026-09-30T12:21:53.202811+00:00,LibGen,LibGen.la,PROTECTED,200,551,,Cloudflare
2026-09-30T12:22:53.554604+00:00,LibGen,LibGen.la,PROTECTED,200,848,,Cloudflare
2026-09-30T12:24:13.519934+00:00,LibGen,LibGen.la,DOWN,,,connection_refused,
2026-09-30T12:24:59.474492+00:00,LibGen,LibGen.la,PROTECTED,200,3774,,Cloudflare
2026-09-30T12:25:54.738040+00:00,LibGen,LibGen.la,PROTECTED,200,878,,Cloudflare
2026-09-30T12:26:55.515004+00:00,LibGen,LibGen.la,PROTECTED,200,356,,Cloudflare
2026-09-30T12:27:54.769603+00:00,LibGen,LibGen.la,PROTECTED,200,376,,Cloudflare
2026-09-30T12:28:55.913226+00:00,LibGen,LibGen.la,PROTECTED,200,699,,Cloudflare
2026-09-30T12:29:57.515304+00:00,LibGen,LibGen.la,PROTECTED,200,730,,Cloudflare
2026-09-30T12:30:55.029853+00:00,LibGen,LibGen.la,PROTECTED,200,320,,Cloudflare
2026-09-30T12:31:56.034785+00:00,LibGen,LibGen.la,PROTECTED,200,674,,Cloudflare
2026-09-30T12:32:55.941659+00:00,LibGen,LibGen.la,PROTECTED,200,708,,Cloudflare
2026-09-30T12:33:56.553511+00:00,LibGen,LibGen.la,PROTECTED,200,1052,,Cloudflare
2026-09-30T12:34:56.468738+00:00,LibGen,LibGen.la,PROTECTED,200,700,,Cloudflare
2026-09-30T12:35:56.506668+00:00,LibGen,LibGen.la,PROTECTED,200,327,,Cloudflare
2026-09-30T12:36:57.938094+00:00,LibGen,LibGen.la,PROTECTED,200,1671,,Cloudflare
2026-09-30T12:37:57.210642+00:00,LibGen,LibGen.la,PROTECTED,200,931,,Cloudflare
2026-09-30T12:38:57.159766+00:00,LibGen,LibGen.la,PROTECTED,200,482,,Cloudflare
2026-09-30T12:39:57.164506+00:00,LibGen,LibGen.la,PROTECTED,200,793,,Cloudflare
2026-09-30T12:40:57.716653+00:00,LibGen,LibGen.la,PROTECTED,200,338,,Cloudflare
2026-09-30T12:41:57.496911+00:00,LibGen,LibGen.la,PROTECTED,200,591,,Cloudflare
2026-09-30T12:42:59.280149+00:00,LibGen,LibGen.la,PROTECTED,200,577,,Cloudflare
2026-09-30T12:43:57.010616+00:00,LibGen,LibGen.la,PROTECTED,200,326,,Cloudflare
2026-09-30T12:44:57.126733+00:00,LibGen,LibGen.la,PROTECTED,200,353,,Cloudflare
2026-09-30T12:45:57.817266+00:00,LibGen,LibGen.la,PROTECTED,200,769,,Cloudflare
2026-09-30T12:47:02.032808+00:00,LibGen,LibGen.la,PROTECTED,200,3750,,Cloudflare
2026-09-30T12:48:21.947664+00:00,LibGen,LibGen.la,DOWN,,,connection_refused,
2026-09-30T12:48:58.860869+00:00,LibGen,LibGen.la,PROTECTED,200,327,,Cloudflare
2026-09-30T12:49:59.436787+00:00,LibGen,LibGen.la,PROTECTED,200,698,,Cloudflare
2026-09-30T12:51:00.811273+00:00,LibGen,LibGen.la,PROTECTED,200,742,,Cloudflare
2026-09-30T12:51:59.879707+00:00,LibGen,LibGen.la,PROTECTED,200,286,,Cloudflare
2026-09-30T12:53:00.631294+00:00,LibGen,LibGen.la,PROTECTED,200,826,,Cloudflare
2026-09-30T12:54:01.171483+00:00,LibGen,LibGen.la,PROTECTED,200,702,,Cloudflare
2026-09-30T12:55:01.087405+00:00,LibGen,LibGen.la,PROTECTED,200,1534,,Cloudflare
2026-09-30T12:56:00.801909+00:00,LibGen,LibGen.la,PROTECTED,200,720,,Cloudflare
2026-09-30T12:57:04.497706+00:00,LibGen,LibGen.la,PROTECTED,200,3608,,Cloudflare
2026-09-30T12:58:00.611247+00:00,LibGen,LibGen.la,PROTECTED,200,310,,Cloudflare
2026-09-30T12:59:00.776056+00:00,LibGen,LibGen.la,PROTECTED,200,664,,Cloudflare
2026-09-30T13:00:00.553825+00:00,LibGen,LibGen.la,PROTECTED,200,352,,Cloudflare
2026-09-30T13:01:01.283148+00:00,LibGen,LibGen.la,PROTECTED,200,351,,Cloudflare
2026-09-30T13:02:01.053820+00:00,LibGen,LibGen.la,PROTECTED,200,288,,Cloudflare
2026-09-30T13:03:02.441806+00:00,LibGen,LibGen.la,PROTECTED,200,678,,Cloudflare
2026-09-30T13:04:02.738246+00:00,LibGen,LibGen.la,PROTECTED,200,767,,Cloudflare
2026-09-30T13:05:04.165220+00:00,LibGen,LibGen.la,PROTECTED,200,898,,Cloudflare
2026-09-30T13:06:03.950632+00:00,LibGen,LibGen.la,PROTECTED,200,842,,Cloudflare
2026-09-30T13:07:03.996648+00:00,LibGen,LibGen.la,PROTECTED,200,515,,Cloudflare
2026-09-30T13:08:03.509822+00:00,LibGen,LibGen.la,PROTECTED,200,314,,Cloudflare
2026-09-30T13:09:04.340614+00:00,LibGen,LibGen.la,PROTECTED,200,692,,Cloudflare
2026-09-30T13:10:04.014890+00:00,LibGen,LibGen.la,PROTECTED,200,631,,Cloudflare
2026-09-30T13:11:04.724137+00:00,LibGen,LibGen.la,PROTECTED,200,660,,Cloudflare
2026-09-30T13:12:05.492594+00:00,LibGen,LibGen.la,PROTECTED,200,749,,Cloudflare
2026-09-30T13:13:05.275745+00:00,LibGen,LibGen.la,PROTECTED,200,648,,Cloudflare
2026-09-30T13:14:05.403501+00:00,LibGen,LibGen.la,PROTECTED,200,300,,Cloudflare
2026-09-30T13:15:05.656792+00:00,LibGen,LibGen.la,PROTECTED,200,313,,Cloudflare
2026-09-30T13:16:05.699876+00:00,LibGen,LibGen.la,PROTECTED,200,624,,Cloudflare
2026-09-30T13:17:06.074608+00:00,LibGen,LibGen.la,PROTECTED,200,839,,Cloudflare
2026-09-30T13:18:06.336675+00:00,LibGen,LibGen.la,PROTECTED,200,685,,Cloudflare
2026-09-30T13:19:05.786306+00:00,LibGen,LibGen.la,PROTECTED,200,442,,Cloudflare
2026-09-30T13:20:06.379938+00:00,LibGen,LibGen.la,PROTECTED,200,893,,Cloudflare
2026-09-30T13:21:06.703745+00:00,LibGen,LibGen.la,PROTECTED,200,698,,Cloudflare
2026-09-30T13:22:06.666500+00:00,LibGen,LibGen.la,PROTECTED,200,587,,Cloudflare
2026-09-30T13:23:07.115969+00:00,LibGen,LibGen.la,PROTECTED,200,816,,Cloudflare
2026-09-30T13:24:06.834694+00:00,LibGen,LibGen.la,PROTECTED,200,325,,Cloudflare
2026-09-30T13:25:06.886604+00:00,LibGen,LibGen.la,PROTECTED,200,341,,Cloudflare
2026-09-30T13:26:07.758784+00:00,LibGen,LibGen.la,PROTECTED,200,524,,Cloudflare
2026-09-30T13:27:07.246980+00:00,LibGen,LibGen.la,PROTECTED,200,365,,Cloudflare
2026-09-30T13:28:08.384002+00:00,LibGen,LibGen.la,PROTECTED,200,1233,,Cloudflare
2026-09-30T13:29:10.006982+00:00,LibGen,LibGen.la,PROTECTED,200,1860,,Cloudflare
2026-09-30T13:30:09.721811+00:00,LibGen,LibGen.la,PROTECTED,200,584,,Cloudflare
2026-09-30T13:31:09.917004+00:00,LibGen,LibGen.la,PROTECTED,200,528,,Cloudflare
2026-09-30T13:32:10.536646+00:00,LibGen,LibGen.la,PROTECTED,200,566,,Cloudflare
2026-09-30T13:33:10.570694+00:00,LibGen,LibGen.la,PROTECTED,200,331,,Cloudflare
2026-09-30T13:34:11.210663+00:00,LibGen,LibGen.la,PROTECTED,200,378,,Cloudflare
2026-09-30T13:35:11.539520+00:00,LibGen,LibGen.la,PROTECTED,200,693,,Cloudflare
2026-09-30T13:36:11.356971+00:00,LibGen,LibGen.la,PROTECTED,200,357,,Cloudflare
2026-09-30T13:37:12.935741+00:00,LibGen,LibGen.la,PROTECTED,200,301,,Cloudflare
2026-09-30T13:38:12.289665+00:00,LibGen,LibGen.la,PROTECTED,200,323,,Cloudflare
2026-09-30T13:39:13.090651+00:00,LibGen,LibGen.la,PROTECTED,200,305,,Cloudflare
2026-09-30T13:40:12.623227+00:00,LibGen,LibGen.la,PROTECTED,200,358,,Cloudflare
2026-09-30T13:41:12.920856+00:00,LibGen,LibGen.la,PROTECTED,200,465,,Cloudflare
2026-09-30T13:42:13.157114+00:00,LibGen,LibGen.la,PROTECTED,200,621,,Cloudflare
2026-09-30T13:43:13.391755+00:00,LibGen,LibGen.la,PROTECTED,200,341,,Cloudflare
2026-09-30T13:44:14.628066+00:00,LibGen,LibGen.la,PROTECTED,200,817,,Cloudflare
2026-09-30T13:45:13.854037+00:00,LibGen,LibGen.la,PROTECTED,200,670,,Cloudflare
2026-09-30T13:46:14.269613+00:00,LibGen,LibGen.la,PROTECTED,200,653,,Cloudflare
2026-09-30T13:47:17.013733+00:00,LibGen,LibGen.la,PROTECTED,200,895,,Cloudflare
2026-09-30T13:48:14.781581+00:00,LibGen,LibGen.la,PROTECTED,200,823,,Cloudflare
2026-09-30T13:49:15.475747+00:00,LibGen,LibGen.la,PROTECTED,200,1240,,Cloudflare
2026-09-30T13:50:19.201773+00:00,LibGen,LibGen.la,PROTECTED,200,4179,,Cloudflare
2026-09-30T13:51:17.895189+00:00,LibGen,LibGen.la,PROTECTED,200,2657,,Cloudflare
2026-09-30T13:52:15.717863+00:00,LibGen,LibGen.la,PROTECTED,200,298,,Cloudflare
2026-09-30T13:53:17.603632+00:00,LibGen,LibGen.la,PROTECTED,200,1202,,Cloudflare
2026-09-30T13:54:17.068473+00:00,LibGen,LibGen.la,PROTECTED,200,704,,Cloudflare
2026-09-30T13:55:17.501575+00:00,LibGen,LibGen.la,PROTECTED,200,576,,Cloudflare
2026-09-30T13:56:17.755814+00:00,LibGen,LibGen.la,PROTECTED,200,532,,Cloudflare
2026-09-30T13:57:18.329615+00:00,LibGen,LibGen.la,PROTECTED,200,586,,Cloudflare
2026-09-30T13:58:18.612690+00:00,LibGen,LibGen.la,PROTECTED,200,308,,Cloudflare
2026-09-30T13:59:18.911743+00:00,LibGen,LibGen.la,PROTECTED,200,1047,,Cloudflare
2026-09-30T14:00:18.835614+00:00,LibGen,LibGen.la,PROTECTED,200,603,,Cloudflare
2026-09-30T14:01:18.979662+00:00,LibGen,LibGen.la,PROTECTED,200,914,,Cloudflare
2026-09-30T14:02:19.282561+00:00,LibGen,LibGen.la,PROTECTED,200,309,,Cloudflare
2026-09-30T14:03:20.323444+00:00,LibGen,LibGen.la,PROTECTED,200,1144,,Cloudflare
2026-09-30T14:04:19.767785+00:00,LibGen,LibGen.la,PROTECTED,200,520,,Cloudflare
2026-09-30T14:05:19.776519+00:00,LibGen,LibGen.la,PROTECTED,200,764,,Cloudflare
2026-09-30T14:06:19.897715+00:00,LibGen,LibGen.la,PROTECTED,200,713,,Cloudflare
2026-09-30T14:07:22.237017+00:00,LibGen,LibGen.la,PROTECTED,200,1618,,Cloudflare
2026-09-30T14:08:20.899499+00:00,LibGen,LibGen.la,PROTECTED,200,768,,Cloudflare
2026-09-30T14:09:22.147108+00:00,LibGen,LibGen.la,PROTECTED,200,619,,Cloudflare
2026-09-30T14:10:22.495894+00:00,LibGen,LibGen.la,PROTECTED,200,446,,Cloudflare
2026-09-30T14:11:23.277957+00:00,LibGen,LibGen.la,PROTECTED,200,497,,Cloudflare
2026-09-30T14:12:23.501225+00:00,LibGen,LibGen.la,PROTECTED,200,312,,Cloudflare
2026-09-30T14:13:23.890252+00:00,LibGen,LibGen.la,PROTECTED,200,644,,Cloudflare
2026-09-30T14:14:23.673893+00:00,LibGen,LibGen.la,PROTECTED,200,359,,Cloudflare
2026-09-30T14:15:24.956572+00:00,LibGen,LibGen.la,PROTECTED,200,606,,Cloudflare
2026-09-30T14:16:25.482877+00:00,LibGen,LibGen.la,PROTECTED,200,550,,Cloudflare
2026-09-30T14:17:24.994975+00:00,LibGen,LibGen.la,PROTECTED,200,324,,Cloudflare
2026-09-30T14:18:45.708509+00:00,LibGen,LibGen.la,DOWN,,,connection_refused,
2026-09-30T14:19:26.782976+00:00,LibGen,LibGen.la,PROTECTED,200,475,,Cloudflare
2026-09-30T14:20:28.133734+00:00,LibGen,LibGen.la,PROTECTED,200,1831,,Cloudflare
2026-09-30T14:21:46.592346+00:00,LibGen,LibGen.la,DOWN,,,connection_refused,
2026-09-30T14:22:27.338466+00:00,LibGen,LibGen.la,PROTECTED,200,444,,Cloudflare
2026-09-30T14:23:27.159584+00:00,LibGen,LibGen.la,PROTECTED,200,419,,Cloudflare
2026-09-30T14:24:27.312391+00:00,LibGen,LibGen.la,PROTECTED,200,537,,Cloudflare
2026-09-30T14:25:28.661658+00:00,LibGen,LibGen.la,PROTECTED,200,326,,Cloudflare
2026-09-30T14:26:28.443714+00:00,LibGen,LibGen.la,PROTECTED,200,285,,Cloudflare
2026-09-30T14:27:48.610727+00:00,LibGen,LibGen.la,DOWN,,,connection_refused,
2026-09-30T14:28:30.508638+00:00,LibGen,LibGen.la,PROTECTED,200,1654,,Cloudflare
2026-09-30T14:29:28.895052+00:00,LibGen,LibGen.la,PROTECTED,200,421,,Cloudflare
2026-09-30T14:30:29.429674+00:00,LibGen,LibGen.la,PROTECTED,200,699,,Cloudflare
2026-09-30T14:31:31.570035+00:00,LibGen,LibGen.la,PROTECTED,200,912,,Cloudflare
2026-09-30T14:32:31.116727+00:00,LibGen,LibGen.la,PROTECTED,200,1069,,Cloudflare
2026-09-30T14:33:31.513110+00:00,LibGen,LibGen.la,PROTECTED,200,304,,Cloudflare
2026-09-30T14:34:34.475593+00:00,LibGen,LibGen.la,PROTECTED,200,3523,,Cloudflare
2026-09-30T14:35:31.712638+00:00,LibGen,LibGen.la,PROTECTED,200,330,,Cloudflare
2026-09-30T14:36:31.971577+00:00,LibGen,LibGen.la,PROTECTED,200,474,,Cloudflare
2026-09-30T14:37:32.331479+00:00,LibGen,LibGen.la,PROTECTED,200,314,,Cloudflare
2026-09-30T14:38:35.969026+00:00,LibGen,LibGen.la,PROTECTED,200,3754,,Cloudflare
2026-09-30T14:39:33.033138+00:00,LibGen,LibGen.la,PROTECTED,200,418,,Cloudflare
2026-09-30T14:40:34.512614+00:00,LibGen,LibGen.la,PROTECTED,200,1330,,Cloudflare
2026-09-30T14:41:54.615415+00:00,LibGen,LibGen.la,DOWN,,,connection_refused,
2026-09-30T14:42:34.460846+00:00,LibGen,LibGen.la,PROTECTED,200,674,,Cloudflare
2026-09-30T14:43:35.016764+00:00,LibGen,LibGen.la,PROTECTED,200,610,,Cloudflare
2026-09-30T14:44:34.599688+00:00,LibGen,LibGen.la,PROTECTED,200,528,,Cloudflare
2026-09-30T14:45:35.993496+00:00,LibGen,LibGen.la,PROTECTED,200,808,,Cloudflare
2026-09-30T14:46:36.755107+00:00,LibGen,LibGen.la,PROTECTED,200,567,,Cloudflare
2026-09-30T14:47:36.322991+00:00,LibGen,LibGen.la,PROTECTED,200,978,,Cloudflare
2026-09-30T14:48:38.269951+00:00,LibGen,LibGen.la,PROTECTED,200,2606,,Cloudflare
2026-09-30T14:49:36.487370+00:00,LibGen,LibGen.la,PROTECTED,200,306,,Cloudflare
2026-09-30T14:50:37.175889+00:00,LibGen,LibGen.la,PROTECTED,200,754,,Cloudflare
2026-09-30T14:51:37.253753+00:00,LibGen,LibGen.la,PROTECTED,200,320,,Cloudflare
2026-09-30T14:52:37.003373+00:00,LibGen,LibGen.la,PROTECTED,200,414,,Cloudflare
2026-09-30T14:53:37.132070+00:00,LibGen,LibGen.la,PROTECTED,200,316,,Cloudflare
2026-09-30T14:54:37.964765+00:00,LibGen,LibGen.la,PROTECTED,200,516,,Cloudflare
2026-09-30T14:55:38.106247+00:00,LibGen,LibGen.la,PROTECTED,200,634,,Cloudflare
2026-09-30T14:56:38.721522+00:00,LibGen,LibGen.la,PROTECTED,200,653,,Cloudflare
2026-09-30T14:57:38.417815+00:00,LibGen,LibGen.la,PROTECTED,200,304,,Cloudflare
2026-09-30T14:58:39.942109+00:00,LibGen,LibGen.la,PROTECTED,200,603,,Cloudflare
2026-09-30T14:59:39.418706+00:00,LibGen,LibGen.la,PROTECTED,200,1104,,Cloudflare
2026-09-30T15:00:40.443507+00:00,LibGen,LibGen.la,PROTECTED,200,1629,,Cloudflare
2026-09-30T15:01:39.903937+00:00,LibGen,LibGen.la,PROTECTED,200,612,,Cloudflare
2026-09-30T15:02:39.779793+00:00,LibGen,LibGen.la,PROTECTED,200,336,,Cloudflare
2026-09-30T15:03:40.212935+00:00,LibGen,LibGen.la,PROTECTED,200,697,,Cloudflare
2026-09-30T15:04:40.171207+00:00,LibGen,LibGen.la,PROTECTED,200,602,,Cloudflare
2026-09-30T15:05:40.965146+00:00,LibGen,LibGen.la,PROTECTED,200,322,,Cloudflare
2026-09-30T15:06:41.014782+00:00,LibGen,LibGen.la,PROTECTED,200,319,,Cloudflare
2026-09-30T15:07:41.336324+00:00,LibGen,LibGen.la,PROTECTED,200,448,,Cloudflare
2026-09-30T15:08:41.696635+00:00,LibGen,LibGen.la,PROTECTED,200,322,,Cloudflare
2026-09-30T15:09:42.037505+00:00,LibGen,LibGen.la,PROTECTED,200,392,,Cloudflare
2026-09-30T15:10:42.244860+00:00,LibGen,LibGen.la,PROTECTED,200,329,,Cloudflare
2026-09-30T15:11:42.338196+00:00,LibGen,LibGen.la,PROTECTED,200,410,,Cloudflare
2026-09-30T15:12:43.341626+00:00,LibGen,LibGen.la,PROTECTED,200,828,,Cloudflare
2026-09-30T15:13:43.741994+00:00,LibGen,LibGen.la,PROTECTED,200,906,,Cloudflare
2026-09-30T15:14:43.488587+00:00,LibGen,LibGen.la,PROTECTED,200,614,,Cloudflare
2026-09-30T15:15:43.680031+00:00,LibGen,LibGen.la,PROTECTED,200,627,,Cloudflare
2026-09-30T15:16:44.313865+00:00,LibGen,LibGen.la,PROTECTED,200,705,,Cloudflare
2026-09-30T15:17:44.959645+00:00,LibGen,LibGen.la,PROTECTED,200,678,,Cloudflare
2026-09-30T15:18:44.671727+00:00,LibGen,LibGen.la,PROTECTED,200,359,,Cloudflare
2026-09-30T15:19:45.403372+00:00,LibGen,LibGen.la,PROTECTED,200,528,,Cloudflare
2026-09-30T15:20:45.472916+00:00,LibGen,LibGen.la,PROTECTED,200,321,,Cloudflare
2026-09-30T15:21:46.076143+00:00,LibGen,LibGen.la,PROTECTED,200,633,,Cloudflare
2026-09-30T15:22:46.160852+00:00,LibGen,LibGen.la,PROTECTED,200,553,,Cloudflare
2026-09-30T15:23:46.483889+00:00,LibGen,LibGen.la,PROTECTED,200,342,,Cloudflare
2026-09-30T15:24:46.948816+00:00,LibGen,LibGen.la,PROTECTED,200,1078,,Cloudflare
2026-09-30T15:25:47.031989+00:00,LibGen,LibGen.la,PROTECTED,200,585,,Cloudflare
2026-09-30T15:26:47.435554+00:00,LibGen,LibGen.la,PROTECTED,200,759,,Cloudflare
2026-09-30T15:27:49.164102+00:00,LibGen,LibGen.la,PROTECTED,200,880,,Cloudflare
2026-09-30T15:28:47.399522+00:00,LibGen,LibGen.la,PROTECTED,200,286,,Cloudflare
2026-09-30T15:29:47.951844+00:00,LibGen,LibGen.la,PROTECTED,200,338,,Cloudflare
2026-09-30T15:30:47.571866+00:00,LibGen,LibGen.la,PROTECTED,200,309,,Cloudflare
2026-09-30T15:31:48.532933+00:00,LibGen,LibGen.la,PROTECTED,200,605,,Cloudflare
2026-09-30T15:32:49.374366+00:00,LibGen,LibGen.la,PROTECTED,200,912,,Cloudflare
2026-09-30T15:33:49.202766+00:00,LibGen,LibGen.la,PROTECTED,200,682,,Cloudflare
2026-09-30T15:34:48.956702+00:00,LibGen,LibGen.la,PROTECTED,200,302,,Cloudflare
2026-09-30T15:35:49.786536+00:00,LibGen,LibGen.la,PROTECTED,200,536,,Cloudflare
2026-09-30T15:36:50.146898+00:00,LibGen,LibGen.la,PROTECTED,200,711,,Cloudflare
2026-09-30T15:37:50.456973+00:00,LibGen,LibGen.la,PROTECTED,200,641,,Cloudflare
2026-09-30T15:38:50.631532+00:00,LibGen,LibGen.la,PROTECTED,200,389,,Cloudflare
2026-09-30T15:39:51.010762+00:00,LibGen,LibGen.la,PROTECTED,200,507,,Cloudflare
2026-09-30T15:40:50.909686+00:00,LibGen,LibGen.la,PROTECTED,200,284,,Cloudflare
2026-09-30T15:41:51.442532+00:00,LibGen,LibGen.la,PROTECTED,200,636,,Cloudflare
2026-09-30T15:42:51.763789+00:00,LibGen,LibGen.la,PROTECTED,200,315,,Cloudflare
2026-09-30T15:44:12.220091+00:00,LibGen,LibGen.la,DOWN,,,connection_refused,
2026-09-30T15:44:52.580913+00:00,LibGen,LibGen.la,PROTECTED,200,573,,Cloudflare
2026-09-30T15:45:53.023489+00:00,LibGen,LibGen.la,PROTECTED,200,389,,Cloudflare
2026-09-30T15:46:59.121228+00:00,LibGen,LibGen.la,PROTECTED,200,5853,,Cloudflare
2026-09-30T15:47:54.026705+00:00,LibGen,LibGen.la,PROTECTED,200,469,,Cloudflare
2026-09-30T15:48:54.295182+00:00,LibGen,LibGen.la,PROTECTED,200,593,,Cloudflare
2026-09-30T15:49:54.817500+00:00,LibGen,LibGen.la,PROTECTED,200,610,,Cloudflare
2026-09-30T15:50:55.258651+00:00,LibGen,LibGen.la,PROTECTED,200,696,,Cloudflare
2026-09-30T15:51:55.791978+00:00,LibGen,LibGen.la,PROTECTED,200,645,,Cloudflare
2026-09-30T15:52:56.090648+00:00,LibGen,LibGen.la,PROTECTED,200,673,,Cloudflare
2026-09-30T15:53:56.325397+00:00,LibGen,LibGen.la,PROTECTED,200,765,,Cloudflare
2026-09-30T15:54:56.143157+00:00,LibGen,LibGen.la,PROTECTED,200,525,,Cloudflare
2026-09-30T15:55:57.173743+00:00,LibGen,LibGen.la,PROTECTED,200,479,,Cloudflare
2026-09-30T15:56:57.526165+00:00,LibGen,LibGen.la,PROTECTED,200,573,,Cloudflare
2026-09-30T15:57:57.836036+00:00,LibGen,LibGen.la,PROTECTED,200,629,,Cloudflare
2026-09-30T15:58:58.325061+00:00,LibGen,LibGen.la,PROTECTED,200,497,,Cloudflare
2026-09-30T15:59:58.946730+00:00,LibGen,LibGen.la,PROTECTED,200,494,,Cloudflare
2026-09-30T16:00:59.686009+00:00,LibGen,LibGen.la,PROTECTED,200,736,,Cloudflare
2026-09-30T16:01:59.915939+00:00,LibGen,LibGen.la,PROTECTED,200,452,,Cloudflare
2026-09-30T16:03:02.133717+00:00,LibGen,LibGen.la,PROTECTED,200,1946,,Cloudflare
2026-09-30T16:04:00.758758+00:00,LibGen,LibGen.la,PROTECTED,200,604,,Cloudflare
2026-09-30T16:05:02.458901+00:00,LibGen,LibGen.la,PROTECTED,200,681,,Cloudflare
2026-09-30T16:06:01.844912+00:00,LibGen,LibGen.la,PROTECTED,200,536,,Cloudflare
2026-09-30T16:07:02.564329+00:00,LibGen,LibGen.la,PROTECTED,200,1043,,Cloudflare
2026-09-30T16:08:02.681451+00:00,LibGen,LibGen.la,PROTECTED,200,658,,Cloudflare
2026-09-30T16:09:23.866734+00:00,LibGen,LibGen.la,DOWN,,,connection_refused,
2026-09-30T16:10:03.313691+00:00,LibGen,LibGen.la,PROTECTED,200,375,,Cloudflare
2026-09-30T16:11:03.975841+00:00,LibGen,LibGen.la,PROTECTED,200,510,,Cloudflare
2026-09-30T16:12:05.132078+00:00,LibGen,LibGen.la,PROTECTED,200,366,,Cloudflare
2026-09-30T16:13:05.057385+00:00,LibGen,LibGen.la,PROTECTED,200,1110,,Cloudflare
2026-09-30T16:14:05.102801+00:00,LibGen,LibGen.la,PROTECTED,200,674,,Cloudflare
2026-09-30T16:15:05.816541+00:00,LibGen,LibGen.la,PROTECTED,200,810,,Cloudflare
2026-09-30T16:16:06.249693+00:00,LibGen,LibGen.la,PROTECTED,200,722,,Cloudflare
2026-09-30T16:17:06.308029+00:00,LibGen,LibGen.la,PROTECTED,200,353,,Cloudflare
2026-09-30T16:18:07.193058+00:00,LibGen,LibGen.la,PROTECTED,200,696,,Cloudflare
2026-09-30T16:19:07.354483+00:00,LibGen,LibGen.la,PROTECTED,200,471,,Cloudflare
2026-09-30T16:20:08.040967+00:00,LibGen,LibGen.la,PROTECTED,200,437,,Cloudflare
2026-09-30T16:21:07.667599+00:00,LibGen,LibGen.la,PROTECTED,200,361,,Cloudflare
2026-09-30T16:22:08.626817+00:00,LibGen,LibGen.la,PROTECTED,200,632,,Cloudflare
2026-09-30T16:23:08.491794+00:00,LibGen,LibGen.la,PROTECTED,200,457,,Cloudflare
2026-09-30T16:24:08.449848+00:00,LibGen,LibGen.la,PROTECTED,200,289,,Cloudflare
2026-09-30T16:25:09.302849+00:00,LibGen,LibGen.la,PROTECTED,200,516,,Cloudflare
2026-09-30T16:26:29.547075+00:00,LibGen,LibGen.la,DOWN,,,connection_refused,
2026-09-30T16:27:09.859960+00:00,LibGen,LibGen.la,PROTECTED,200,353,,Cloudflare
2026-09-30T16:28:13.381620+00:00,LibGen,LibGen.la,PROTECTED,200,3479,,Cloudflare
2026-09-30T16:29:10.934257+00:00,LibGen,LibGen.la,PROTECTED,200,326,,Cloudflare
2026-09-30T16:30:12.976084+00:00,LibGen,LibGen.la,PROTECTED,200,1120,,Cloudflare
2026-09-30T16:31:12.670193+00:00,LibGen,LibGen.la,PROTECTED,200,1203,,Cloudflare
2026-09-30T16:32:12.681830+00:00,LibGen,LibGen.la,PROTECTED,200,664,,Cloudflare
2026-09-30T16:33:12.947759+00:00,LibGen,LibGen.la,PROTECTED,200,1110,,Cloudflare
2026-09-30T16:34:13.202998+00:00,LibGen,LibGen.la,PROTECTED,200,1307,,Cloudflare
2026-09-30T16:35:12.746254+00:00,LibGen,LibGen.la,PROTECTED,200,347,,Cloudflare
2026-09-30T16:36:13.613542+00:00,LibGen,LibGen.la,PROTECTED,200,498,,Cloudflare
2026-09-30T16:37:13.855835+00:00,LibGen,LibGen.la,PROTECTED,200,689,,Cloudflare
2026-09-30T16:38:14.045245+00:00,LibGen,LibGen.la,PROTECTED,200,710,,Cloudflare
2026-09-30T16:39:14.573723+00:00,LibGen,LibGen.la,PROTECTED,200,493,,Cloudflare
2026-09-30T16:40:14.427103+00:00,LibGen,LibGen.la,PROTECTED,200,475,,Cloudflare
2026-09-30T16:41:14.038763+00:00,LibGen,LibGen.la,PROTECTED,200,326,,Cloudflare
2026-09-30T16:42:14.539787+00:00,LibGen,LibGen.la,PROTECTED,200,313,,Cloudflare
2026-09-30T16:43:35.210109+00:00,LibGen,LibGen.la,DOWN,,,connection_refused,
2026-09-30T16:44:16.046073+00:00,LibGen,LibGen.la,PROTECTED,200,534,,Cloudflare
2026-09-30T16:45:15.082314+00:00,LibGen,LibGen.la,PROTECTED,200,567,,Cloudflare
2026-09-30T16:46:16.263657+00:00,LibGen,LibGen.la,PROTECTED,200,660,,Cloudflare
2026-09-30T16:47:16.640991+00:00,LibGen,LibGen.la,PROTECTED,200,1116,,Cloudflare
2026-09-30T16:48:16.258594+00:00,LibGen,LibGen.la,PROTECTED,200,508,,Cloudflare
2026-09-30T16:49:18.215147+00:00,LibGen,LibGen.la,PROTECTED,200,812,,Cloudflare
2026-09-30T16:50:17.239786+00:00,LibGen,LibGen.la,PROTECTED,200,527,,Cloudflare
2026-09-30T16:51:19.897221+00:00,LibGen,LibGen.la,PROTECTED,200,2955,,Cloudflare
2026-09-30T16:52:17.593911+00:00,LibGen,LibGen.la,PROTECTED,200,541,,Cloudflare
2026-09-30T16:53:18.091037+00:00,LibGen,LibGen.la,PROTECTED,200,524,,Cloudflare
2026-09-30T16:54:18.083808+00:00,LibGen,LibGen.la,PROTECTED,200,355,,Cloudflare
2026-09-30T16:55:18.147571+00:00,LibGen,LibGen.la,PROTECTED,200,349,,Cloudflare
2026-09-30T16:56:19.804429+00:00,LibGen,LibGen.la,PROTECTED,200,700,,Cloudflare
2026-09-30T16:57:19.572986+00:00,LibGen,LibGen.la,PROTECTED,200,310,,Cloudflare
2026-09-30T16:58:40.170786+00:00,LibGen,LibGen.la,DOWN,,,connection_refused,
2026-09-30T16:59:20.619781+00:00,LibGen,LibGen.la,PROTECTED,200,424,,Cloudflare
2026-09-30T17:00:21.235745+00:00,LibGen,LibGen.la,PROTECTED,200,813,,Cloudflare
2026-09-30T17:01:21.221718+00:00,LibGen,LibGen.la,PROTECTED,200,380,,Cloudflare
2026-09-30T17:02:21.978792+00:00,LibGen,LibGen.la,PROTECTED,200,702,,Cloudflare
2026-09-30T17:03:22.056357+00:00,LibGen,LibGen.la,PROTECTED,200,642,,Cloudflare
2026-09-30T17:04:22.251974+00:00,LibGen,LibGen.la,PROTECTED,200,555,,Cloudflare
2026-09-30T17:05:23.669938+00:00,LibGen,LibGen.la,PROTECTED,200,861,,Cloudflare
2026-09-30T17:06:23.502471+00:00,LibGen,LibGen.la,PROTECTED,200,521,,Cloudflare
2026-09-30T17:07:43.524095+00:00,LibGen,LibGen.la,DOWN,,,connection_refused,
2026-09-30T17:08:23.729038+00:00,LibGen,LibGen.la,PROTECTED,200,355,,Cloudflare
2026-09-30T17:09:23.925731+00:00,LibGen,LibGen.la,PROTECTED,200,428,,Cloudflare
2026-09-30T17:10:25.506684+00:00,LibGen,LibGen.la,PROTECTED,200,305,,Cloudflare
2026-09-30T17:11:25.688245+00:00,LibGen,LibGen.la,PROTECTED,200,566,,Cloudflare
2026-09-30T17:12:25.828626+00:00,LibGen,LibGen.la,PROTECTED,200,861,,Cloudflare
2026-09-30T17:13:45.634750+00:00,LibGen,LibGen.la,DOWN,,,connection_refused,
2026-09-30T17:14:25.619561+00:00,LibGen,LibGen.la,PROTECTED,200,521,,Cloudflare
2026-09-30T17:15:27.303548+00:00,LibGen,LibGen.la,PROTECTED,200,1479,,Cloudflare
2026-09-30T17:16:46.934203+00:00,LibGen,LibGen.la,DOWN,,,connection_refused,
2026-09-30T17:17:27.165574+00:00,LibGen,LibGen.la,PROTECTED,200,461,,Cloudflare
2026-09-30T17:18:27.211655+00:00,LibGen,LibGen.la,PROTECTED,200,309,,Cloudflare
2026-09-30T17:19:27.867604+00:00,LibGen,LibGen.la,PROTECTED,200,282,,Cloudflare
2026-09-30T17:20:29.376215+00:00,LibGen,LibGen.la,PROTECTED,200,783,,Cloudflare
2026-09-30T17:21:28.915727+00:00,LibGen,LibGen.la,PROTECTED,200,858,,Cloudflare
2026-09-30T17:22:30.079877+00:00,LibGen,LibGen.la,PROTECTED,200,313,,Cloudflare
2026-09-30T17:23:29.696771+00:00,LibGen,LibGen.la,PROTECTED,200,396,,Cloudflare
2026-09-30T17:24:30.219614+00:00,LibGen,LibGen.la,PROTECTED,200,726,,Cloudflare
2026-09-30T17:25:30.457670+00:00,LibGen,LibGen.la,PROTECTED,200,308,,Cloudflare
2026-09-30T17:26:30.601613+00:00,LibGen,LibGen.la,PROTECTED,200,317,,Cloudflare
2026-09-30T17:27:32.837076+00:00,LibGen,LibGen.la,PROTECTED,200,1808,,Cloudflare
2026-09-30T17:28:31.346894+00:00,LibGen,LibGen.la,PROTECTED,200,625,,Cloudflare
2026-09-30T17:29:31.499841+00:00,LibGen,LibGen.la,PROTECTED,200,582,,Cloudflare
2026-09-30T17:30:31.989728+00:00,LibGen,LibGen.la,PROTECTED,200,324,,Cloudflare
2026-09-30T17:31:52.577621+00:00,LibGen,LibGen.la,DOWN,,,connection_refused,
2026-09-30T17:32:52.779270+00:00,LibGen,LibGen.la,TIMEOUT,,,timeout,
2026-09-30T17:33:33.735748+00:00,LibGen,LibGen.la,PROTECTED,200,622,,Cloudflare
2026-09-30T17:34:33.259201+00:00,LibGen,LibGen.la,PROTECTED,200,379,,Cloudflare
2026-09-30T17:35:34.016441+00:00,LibGen,LibGen.la,PROTECTED,200,635,,Cloudflare
2026-09-30T17:36:33.978216+00:00,LibGen,LibGen.la,PROTECTED,200,302,,Cloudflare
2026-09-30T17:37:34.519158+00:00,LibGen,LibGen.la,PROTECTED,200,817,,Cloudflare
2026-09-30T17:38:34.846599+00:00,LibGen,LibGen.la,PROTECTED,200,980,,Cloudflare
2026-09-30T17:39:34.585888+00:00,LibGen,LibGen.la,PROTECTED,200,701,,Cloudflare
2026-09-30T17:40:34.993718+00:00,LibGen,LibGen.la,PROTECTED,200,904,,Cloudflare
2026-09-30T17:41:35.848437+00:00,LibGen,LibGen.la,PROTECTED,200,1075,,Cloudflare
2026-09-30T17:42:35.738835+00:00,LibGen,LibGen.la,PROTECTED,200,311,,Cloudflare
2026-09-30T17:43:35.408929+00:00,LibGen,LibGen.la,PROTECTED,200,330,,Cloudflare
2026-09-30T17:44:36.312522+00:00,LibGen,LibGen.la,PROTECTED,200,311,,Cloudflare
2026-09-30T17:45:36.343171+00:00,LibGen,LibGen.la,PROTECTED,200,319,,Cloudflare
2026-09-30T17:46:36.706823+00:00,LibGen,LibGen.la,PROTECTED,200,606,,Cloudflare
2026-09-30T17:47:38.040688+00:00,LibGen,LibGen.la,PROTECTED,200,293,,Cloudflare
2026-09-30T17:48:38.575713+00:00,LibGen,LibGen.la,PROTECTED,200,1357,,Cloudflare
2026-09-30T17:49:37.337612+00:00,LibGen,LibGen.la,PROTECTED,200,448,,Cloudflare
2026-09-30T17:50:39.726235+00:00,LibGen,LibGen.la,PROTECTED,200,1698,,Cloudflare
2026-09-30T17:51:38.426793+00:00,LibGen,LibGen.la,PROTECTED,200,726,,Cloudflare
2026-09-30T17:52:38.772677+00:00,LibGen,LibGen.la,PROTECTED,200,721,,Cloudflare
2026-09-30T17:53:38.441320+00:00,LibGen,LibGen.la,PROTECTED,200,357,,Cloudflare
2026-09-30T17:54:38.886759+00:00,LibGen,LibGen.la,PROTECTED,200,520,,Cloudflare
2026-09-30T17:55:40.742232+00:00,LibGen,LibGen.la,PROTECTED,200,532,,Cloudflare
2026-09-30T17:56:40.271581+00:00,LibGen,LibGen.la,PROTECTED,200,1033,,Cloudflare
2026-09-30T17:57:41.011902+00:00,LibGen,LibGen.la,PROTECTED,200,1370,,Cloudflare
2026-09-30T17:58:40.066711+00:00,LibGen,LibGen.la,PROTECTED,200,710,,Cloudflare
2026-09-30T17:59:40.818985+00:00,LibGen,LibGen.la,PROTECTED,200,512,,Cloudflare
2026-09-30T18:00:40.639975+00:00,LibGen,LibGen.la,PROTECTED,200,381,,Cloudflare
2026-09-30T18:01:41.065831+00:00,LibGen,LibGen.la,PROTECTED,200,528,,Cloudflare
2026-09-30T18:02:41.871766+00:00,LibGen,LibGen.la,PROTECTED,200,558,,Cloudflare
2026-09-30T18:04:01.492597+00:00,LibGen,LibGen.la,DOWN,,,connection_refused,
2026-09-30T18:04:42.615046+00:00,LibGen,LibGen.la,PROTECTED,200,614,,Cloudflare
2026-09-30T18:05:42.944748+00:00,LibGen,LibGen.la,PROTECTED,200,669,,Cloudflare
2026-09-30T18:06:42.873548+00:00,LibGen,LibGen.la,PROTECTED,200,293,,Cloudflare
2026-09-30T18:07:43.357885+00:00,LibGen,LibGen.la,PROTECTED,200,507,,Cloudflare
2026-09-30T18:08:44.424917+00:00,LibGen,LibGen.la,PROTECTED,200,376,,Cloudflare
2026-09-30T18:09:44.564655+00:00,LibGen,LibGen.la,PROTECTED,200,613,,Cloudflare
2026-09-30T18:10:44.815676+00:00,LibGen,LibGen.la,PROTECTED,200,445,,Cloudflare
2026-09-30T18:11:45.950495+00:00,LibGen,LibGen.la,PROTECTED,200,749,,Cloudflare
2026-09-30T18:12:45.718881+00:00,LibGen,LibGen.la,PROTECTED,200,315,,Cloudflare
2026-09-30T18:13:46.798822+00:00,LibGen,LibGen.la,PROTECTED,200,820,,Cloudflare
2026-09-30T18:14:47.188236+00:00,LibGen,LibGen.la,PROTECTED,200,565,,Cloudflare
2026-09-30T18:15:48.113394+00:00,LibGen,LibGen.la,PROTECTED,200,761,,Cloudflare
2026-09-30T18:17:07.601375+00:00,LibGen,LibGen.la,DOWN,,,connection_refused,
2026-09-30T18:17:47.809502+00:00,LibGen,LibGen.la,PROTECTED,200,384,,Cloudflare
2026-09-30T18:18:48.482866+00:00,LibGen,LibGen.la,PROTECTED,200,603,,Cloudflare
2026-09-30T18:19:48.665274+00:00,LibGen,LibGen.la,PROTECTED,200,384,,Cloudflare
2026-09-30T18:20:50.936714+00:00,LibGen,LibGen.la,PROTECTED,200,2453,,Cloudflare
2026-09-30T18:21:49.102981+00:00,LibGen,LibGen.la,PROTECTED,200,439,,Cloudflare
2026-09-30T18:22:49.613897+00:00,LibGen,LibGen.la,PROTECTED,200,294,,Cloudflare
2026-09-30T18:23:50.201913+00:00,LibGen,LibGen.la,PROTECTED,200,557,,Cloudflare
2026-09-30T18:24:50.325985+00:00,LibGen,LibGen.la,PROTECTED,200,451,,Cloudflare
2026-09-30T18:25:54.422874+00:00,LibGen,LibGen.la,PROTECTED,200,3949,,Cloudflare
2026-09-30T18:26:51.913357+00:00,LibGen,LibGen.la,PROTECTED,200,860,,Cloudflare
2026-09-30T18:27:52.176122+00:00,LibGen,LibGen.la,PROTECTED,200,849,,Cloudflare
2026-09-30T18:28:52.533680+00:00,LibGen,LibGen.la,PROTECTED,200,638,,Cloudflare
2026-09-30T18:29:52.623637+00:00,LibGen,LibGen.la,PROTECTED,200,402,,Cloudflare
2026-09-30T18:30:53.176832+00:00,LibGen,LibGen.la,PROTECTED,200,607,,Cloudflare
2026-09-30T18:31:54.651789+00:00,LibGen,LibGen.la,PROTECTED,200,1395,,Cloudflare
2026-09-30T18:32:56.512729+00:00,LibGen,LibGen.la,PROTECTED,200,2767,,Cloudflare
2026-09-30T18:33:54.019703+00:00,LibGen,LibGen.la,PROTECTED,200,312,,Cloudflare
2026-09-30T18:34:54.618242+00:00,LibGen,LibGen.la,PROTECTED,200,615,,Cloudflare
2026-09-30T18:35:55.161987+00:00,LibGen,LibGen.la,PROTECTED,200,403,,Cloudflare
2026-09-30T18:36:56.292622+00:00,LibGen,LibGen.la,PROTECTED,200,498,,Cloudflare
2026-09-30T18:38:15.816568+00:00,LibGen,LibGen.la,DOWN,,,connection_refused,
2026-09-30T18:38:56.196221+00:00,LibGen,LibGen.la,PROTECTED,200,520,,Cloudflare
2026-09-30T18:39:56.693144+00:00,LibGen,LibGen.la,PROTECTED,200,555,,Cloudflare
2026-09-30T18:40:56.800183+00:00,LibGen,LibGen.la,PROTECTED,200,316,,Cloudflare
2026-09-30T18:41:57.141106+00:00,LibGen,LibGen.la,PROTECTED,200,517,,Cloudflare
2026-09-30T18:42:57.845620+00:00,LibGen,LibGen.la,PROTECTED,200,484,,Cloudflare
2026-09-30T18:43:57.809744+00:00,LibGen,LibGen.la,PROTECTED,200,301,,Cloudflare
2026-09-30T18:44:58.212706+00:00,LibGen,LibGen.la,PROTECTED,200,576,,Cloudflare
2026-09-30T18:46:00.218011+00:00,LibGen,LibGen.la,PROTECTED,200,656,,Cloudflare
2026-09-30T18:46:59.271112+00:00,LibGen,LibGen.la,PROTECTED,200,350,,Cloudflare
2026-09-30T18:48:00.462106+00:00,LibGen,LibGen.la,PROTECTED,200,536,,Cloudflare
2026-09-30T18:49:00.873119+00:00,LibGen,LibGen.la,PROTECTED,200,311,,Cloudflare
2026-09-30T18:50:02.175962+00:00,LibGen,LibGen.la,PROTECTED,200,908,,Cloudflare
2026-09-30T18:51:02.733811+00:00,LibGen,LibGen.la,PROTECTED,200,313,,Cloudflare
2026-09-30T18:52:03.675208+00:00,LibGen,LibGen.la,PROTECTED,200,939,,Cloudflare
2026-09-30T18:53:03.067707+00:00,LibGen,LibGen.la,PROTECTED,200,375,,Cloudflare
2026-09-30T18:54:03.314634+00:00,LibGen,LibGen.la,PROTECTED,200,328,,Cloudflare
2026-09-30T18:55:04.238726+00:00,LibGen,LibGen.la,PROTECTED,200,853,,Cloudflare
2026-09-30T18:56:24.381378+00:00,LibGen,LibGen.la,DOWN,,,connection_refused,
2026-09-30T18:57:04.773969+00:00,LibGen,LibGen.la,PROTECTED,200,846,,Cloudflare
2026-09-30T18:58:05.394728+00:00,LibGen,LibGen.la,PROTECTED,200,344,,Cloudflare
2026-09-30T18:59:06.127611+00:00,LibGen,LibGen.la,PROTECTED,200,619,,Cloudflare
2026-09-30T19:00:05.665916+00:00,LibGen,LibGen.la,PROTECTED,200,405,,Cloudflare
2026-09-30T19:01:06.620708+00:00,LibGen,LibGen.la,PROTECTED,200,973,,Cloudflare
2026-09-30T19:02:07.174826+00:00,LibGen,LibGen.la,PROTECTED,200,803,,Cloudflare
2026-09-30T19:03:27.578739+00:00,LibGen,LibGen.la,DOWN,,,connection_refused,
2026-09-30T19:04:08.255617+00:00,LibGen,LibGen.la,PROTECTED,200,753,,Cloudflare
2026-09-30T19:05:28.754415+00:00,LibGen,LibGen.la,DOWN,,,connection_refused,
2026-09-30T19:06:09.451436+00:00,LibGen,LibGen.la,PROTECTED,200,759,,Cloudflare
2026-09-30T19:07:13.541054+00:00,LibGen,LibGen.la,PROTECTED,200,4435,,Cloudflare
2026-09-30T19:08:10.049123+00:00,LibGen,LibGen.la,PROTECTED,200,1117,,Cloudflare
2026-09-30T19:09:10.252114+00:00,LibGen,LibGen.la,PROTECTED,200,638,,Cloudflare
2026-09-30T19:10:10.342757+00:00,LibGen,LibGen.la,PROTECTED,200,455,,Cloudflare
2026-09-30T19:11:10.899902+00:00,LibGen,LibGen.la,PROTECTED,200,571,,Cloudflare
2026-09-30T19:12:10.918040+00:00,LibGen,LibGen.la,PROTECTED,200,358,,Cloudflare
2026-09-30T19:13:12.039995+00:00,LibGen,LibGen.la,PROTECTED,200,642,,Cloudflare
2026-09-30T19:14:12.755719+00:00,LibGen,LibGen.la,PROTECTED,200,549,,Cloudflare
2026-09-30T19:15:12.581672+00:00,LibGen,LibGen.la,PROTECTED,200,617,,Cloudflare
2026-09-30T19:16:12.613707+00:00,LibGen,LibGen.la,PROTECTED,200,342,,Cloudflare
2026-09-30T19:17:13.192298+00:00,LibGen,LibGen.la,PROTECTED,200,315,,Cloudflare
2026-09-30T19:18:16.381951+00:00,LibGen,LibGen.la,PROTECTED,200,2850,,Cloudflare
2026-09-30T19:19:16.821770+00:00,LibGen,LibGen.la,PROTECTED,200,2912,,Cloudflare
2026-09-30T19:20:15.223542+00:00,LibGen,LibGen.la,PROTECTED,200,554,,Cloudflare
2026-09-30T19:21:15.337836+00:00,LibGen,LibGen.la,PROTECTED,200,489,,Cloudflare
2026-09-30T19:22:17.855150+00:00,LibGen,LibGen.la,PROTECTED,200,2724,,Cloudflare
2026-09-30T19:23:15.943871+00:00,LibGen,LibGen.la,PROTECTED,200,539,,Cloudflare
2026-09-30T19:24:15.882625+00:00,LibGen,LibGen.la,PROTECTED,200,292,,Cloudflare
2026-09-30T19:25:16.263891+00:00,LibGen,LibGen.la,PROTECTED,200,579,,Cloudflare
2026-09-30T19:26:16.150770+00:00,LibGen,LibGen.la,PROTECTED,200,291,,Cloudflare
2026-09-30T19:27:19.905287+00:00,LibGen,LibGen.la,PROTECTED,200,3404,,Cloudflare
2026-09-30T19:28:17.328774+00:00,LibGen,LibGen.la,PROTECTED,200,518,,Cloudflare
2026-09-30T19:29:17.410669+00:00,LibGen,LibGen.la,PROTECTED,200,303,,Cloudflare
2026-09-30T19:30:18.024063+00:00,LibGen,LibGen.la,PROTECTED,200,344,,Cloudflare
2026-09-30T19:31:18.648895+00:00,LibGen,LibGen.la,PROTECTED,200,286,,Cloudflare
2026-09-30T19:32:39.842954+00:00,LibGen,LibGen.la,DOWN,,,connection_refused,
2026-09-30T19:33:21.119412+00:00,LibGen,LibGen.la,PROTECTED,200,615,,Cloudflare
2026-09-30T19:34:20.518336+00:00,LibGen,LibGen.la,PROTECTED,200,975,,Cloudflare
2026-09-30T19:35:19.935206+00:00,LibGen,LibGen.la,PROTECTED,200,345,,Cloudflare
2026-09-30T19:36:21.299810+00:00,LibGen,LibGen.la,PROTECTED,200,302,,Cloudflare
2026-09-30T19:37:21.745123+00:00,LibGen,LibGen.la,PROTECTED,200,1376,,Cloudflare
2026-09-30T19:38:21.706749+00:00,LibGen,LibGen.la,PROTECTED,200,551,,Cloudflare
2026-09-30T19:39:21.393671+00:00,LibGen,LibGen.la,PROTECTED,200,323,,Cloudflare
2026-09-30T19:40:22.408452+00:00,LibGen,LibGen.la,PROTECTED,200,717,,Cloudflare
2026-09-30T19:41:23.179784+00:00,LibGen,LibGen.la,PROTECTED,200,370,,Cloudflare
2026-09-30T19:42:23.577859+00:00,LibGen,LibGen.la,PROTECTED,200,512,,Cloudflare
2026-09-30T19:43:23.357691+00:00,LibGen,LibGen.la,PROTECTED,200,494,,Cloudflare
2026-09-30T19:44:24.135691+00:00,LibGen,LibGen.la,PROTECTED,200,323,,Cloudflare
2026-09-30T19:45:24.506399+00:00,LibGen,LibGen.la,PROTECTED,200,659,,Cloudflare
2026-09-30T19:46:25.770981+00:00,LibGen,LibGen.la,PROTECTED,200,800,,Cloudflare
2026-09-30T19:47:25.039336+00:00,LibGen,LibGen.la,PROTECTED,200,338,,Cloudflare
2026-09-30T19:48:25.042558+00:00,LibGen,LibGen.la,PROTECTED,200,608,,Cloudflare
2026-09-30T19:49:26.234684+00:00,LibGen,LibGen.la,PROTECTED,200,1170,,Cloudflare
2026-09-30T19:50:26.379976+00:00,LibGen,LibGen.la,PROTECTED,200,547,,Cloudflare
2026-09-30T19:51:46.676034+00:00,LibGen,LibGen.la,DOWN,,,connection_refused,
2026-09-30T19:52:57.106519+00:00,LibGen,LibGen.la,DOWN,,,connection_refused,
2026-09-30T19:53:28.009219+00:00,LibGen,LibGen.la,PROTECTED,200,700,,Cloudflare
2026-09-30T19:54:29.171712+00:00,LibGen,LibGen.la,PROTECTED,200,704,,Cloudflare
2026-09-30T19:55:28.832500+00:00,LibGen,LibGen.la,PROTECTED,200,302,,Cloudflare
2026-09-30T19:56:29.751909+00:00,LibGen,LibGen.la,PROTECTED,200,674,,Cloudflare
2026-09-30T19:57:29.041647+00:00,LibGen,LibGen.la,PROTECTED,200,311,,Cloudflare
2026-09-30T19:58:29.976187+00:00,LibGen,LibGen.la,PROTECTED,200,790,,Cloudflare
2026-09-30T19:59:30.265254+00:00,LibGen,LibGen.la,PROTECTED,200,350,,Cloudflare
2026-09-30T20:00:31.965931+00:00,LibGen,LibGen.la,PROTECTED,200,534,,Cloudflare
2026-09-30T20:01:32.780213+00:00,LibGen,LibGen.la,PROTECTED,200,870,,Cloudflare
2026-09-30T20:02:32.894719+00:00,LibGen,LibGen.la,PROTECTED,200,673,,Cloudflare
2026-09-30T20:03:32.780966+00:00,LibGen,LibGen.la,PROTECTED,200,301,,Cloudflare
2026-09-30T20:04:33.595709+00:00,LibGen,LibGen.la,PROTECTED,200,506,,Cloudflare
2026-09-30T20:05:35.396065+00:00,LibGen,LibGen.la,PROTECTED,200,2146,,Cloudflare
2026-09-30T20:06:34.328453+00:00,LibGen,LibGen.la,PROTECTED,200,496,,Cloudflare
2026-09-30T20:07:35.019620+00:00,LibGen,LibGen.la,PROTECTED,200,536,,Cloudflare
2026-09-30T20:08:35.163488+00:00,LibGen,LibGen.la,PROTECTED,200,446,,Cloudflare
2026-09-30T20:09:56.084346+00:00,LibGen,LibGen.la,DOWN,,,connection_refused,
2026-09-30T20:10:39.492066+00:00,LibGen,LibGen.la,PROTECTED,200,3881,,Cloudflare
2026-09-30T20:11:35.972755+00:00,LibGen,LibGen.la,PROTECTED,200,644,,Cloudflare
2026-09-30T20:12:36.462539+00:00,LibGen,LibGen.la,PROTECTED,200,580,,Cloudflare
2026-09-30T20:13:39.534927+00:00,LibGen,LibGen.la,PROTECTED,200,3585,,Cloudflare
2026-09-30T20:14:37.073570+00:00,LibGen,LibGen.la,PROTECTED,200,319,,Cloudflare
2026-09-30T20:15:37.384398+00:00,LibGen,LibGen.la,PROTECTED,200,469,,Cloudflare
2026-09-30T20:16:36.979795+00:00,LibGen,LibGen.la,PROTECTED,200,331,,Cloudflare
2026-09-30T20:17:37.922660+00:00,LibGen,LibGen.la,PROTECTED,200,328,,Cloudflare
2026-09-30T20:18:38.152314+00:00,LibGen,LibGen.la,PROTECTED,200,687,,Cloudflare
2026-09-30T20:19:38.592471+00:00,LibGen,LibGen.la,PROTECTED,200,415,,Cloudflare
2026-09-30T20:20:38.801353+00:00,LibGen,LibGen.la,PROTECTED,200,312,,Cloudflare
2026-09-30T20:21:39.423659+00:00,LibGen,LibGen.la,PROTECTED,200,646,,Cloudflare
2026-09-30T20:22:39.602042+00:00,LibGen,LibGen.la,PROTECTED,200,372,,Cloudflare
2026-09-30T20:23:42.264721+00:00,LibGen,LibGen.la,PROTECTED,200,1856,,Cloudflare
2026-09-30T20:24:40.213556+00:00,LibGen,LibGen.la,PROTECTED,200,614,,Cloudflare
2026-09-30T20:25:41.488344+00:00,LibGen,LibGen.la,PROTECTED,200,634,,Cloudflare
2026-09-30T20:26:40.508753+00:00,LibGen,LibGen.la,PROTECTED,200,538,,Cloudflare
2026-09-30T20:27:40.958899+00:00,LibGen,LibGen.la,PROTECTED,200,772,,Cloudflare
2026-09-30T20:28:41.390177+00:00,LibGen,LibGen.la,PROTECTED,200,317,,Cloudflare
2026-09-30T20:29:41.471621+00:00,LibGen,LibGen.la,PROTECTED,200,644,,Cloudflare
2026-09-30T20:30:41.803217+00:00,LibGen,LibGen.la,PROTECTED,200,683,,Cloudflare
2026-09-30T20:31:41.688230+00:00,LibGen,LibGen.la,PROTECTED,200,347,,Cloudflare
2026-09-30T20:32:42.528939+00:00,LibGen,LibGen.la,PROTECTED,200,593,,Cloudflare
2026-09-30T20:33:43.173081+00:00,LibGen,LibGen.la,PROTECTED,200,542,,Cloudflare
2026-09-30T20:34:42.991503+00:00,LibGen,LibGen.la,PROTECTED,200,504,,Cloudflare
2026-09-30T20:35:43.843632+00:00,LibGen,LibGen.la,PROTECTED,200,453,,Cloudflare
2026-09-30T20:36:43.934570+00:00,LibGen,LibGen.la,PROTECTED,200,782,,Cloudflare
2026-09-30T20:37:43.533973+00:00,LibGen,LibGen.la,PROTECTED,200,336,,Cloudflare
2026-09-30T20:38:44.012302+00:00,LibGen,LibGen.la,PROTECTED,200,524,,Cloudflare
2026-09-30T20:39:44.747844+00:00,LibGen,LibGen.la,PROTECTED,200,295,,Cloudflare
2026-09-30T20:40:44.867431+00:00,LibGen,LibGen.la,PROTECTED,200,577,,Cloudflare
2026-09-30T20:41:45.456087+00:00,LibGen,LibGen.la,PROTECTED,200,1010,,Cloudflare
2026-09-30T20:42:45.106895+00:00,LibGen,LibGen.la,PROTECTED,200,544,,Cloudflare
2026-09-30T20:43:46.019883+00:00,LibGen,LibGen.la,PROTECTED,200,404,,Cloudflare
2026-09-30T20:44:45.915506+00:00,LibGen,LibGen.la,PROTECTED,200,662,,Cloudflare
2026-09-30T20:45:46.558497+00:00,LibGen,LibGen.la,PROTECTED,200,1147,,Cloudflare
2026-09-30T20:46:46.857723+00:00,LibGen,LibGen.la,PROTECTED,200,887,,Cloudflare
2026-09-30T20:47:46.524735+00:00,LibGen,LibGen.la,PROTECTED,200,383,,Cloudflare
2026-09-30T20:48:46.750098+00:00,LibGen,LibGen.la,PROTECTED,200,960,,Cloudflare
2026-09-30T20:49:46.317642+00:00,LibGen,LibGen.la,PROTECTED,200,298,,Cloudflare
2026-09-30T20:50:47.462574+00:00,LibGen,LibGen.la,PROTECTED,200,328,,Cloudflare
2026-09-30T20:51:47.051798+00:00,LibGen,LibGen.la,PROTECTED,200,327,,Cloudflare
2026-09-30T20:52:47.603757+00:00,LibGen,LibGen.la,PROTECTED,200,395,,Cloudflare
2026-09-30T20:53:48.356616+00:00,LibGen,LibGen.la,PROTECTED,200,609,,Cloudflare
2026-09-30T20:54:48.595153+00:00,LibGen,LibGen.la,PROTECTED,200,338,,Cloudflare
2026-09-30T20:55:49.375608+00:00,LibGen,LibGen.la,PROTECTED,200,354,,Cloudflare
2026-09-30T20:56:49.310432+00:00,LibGen,LibGen.la,PROTECTED,200,589,,Cloudflare
2026-09-30T20:57:49.975081+00:00,LibGen,LibGen.la,PROTECTED,200,727,,Cloudflare
2026-09-30T20:58:50.144724+00:00,LibGen,LibGen.la,PROTECTED,200,333,,Cloudflare
2026-09-30T20:59:51.155872+00:00,LibGen,LibGen.la,PROTECTED,200,1584,,Cloudflare
2026-09-30T21:00:50.553780+00:00,LibGen,LibGen.la,PROTECTED,200,566,,Cloudflare
2026-09-30T21:01:50.614930+00:00,LibGen,LibGen.la,PROTECTED,200,300,,Cloudflare
2026-09-30T21:02:50.876635+00:00,LibGen,LibGen.la,PROTECTED,200,383,,Cloudflare
2026-09-30T21:03:52.165607+00:00,LibGen,LibGen.la,PROTECTED,200,1057,,Cloudflare
2026-09-30T21:04:52.142631+00:00,LibGen,LibGen.la,PROTECTED,200,798,,Cloudflare
2026-09-30T21:05:51.717861+00:00,LibGen,LibGen.la,PROTECTED,200,269,,Cloudflare
2026-09-30T21:06:52.530991+00:00,LibGen,LibGen.la,PROTECTED,200,385,,Cloudflare
2026-09-30T21:08:12.699012+00:00,LibGen,LibGen.la,DOWN,,,connection_refused,
2026-09-30T21:08:52.636892+00:00,LibGen,LibGen.la,PROTECTED,200,371,,Cloudflare
2026-09-30T21:09:52.899828+00:00,LibGen,LibGen.la,PROTECTED,200,400,,Cloudflare
2026-09-30T21:10:52.861372+00:00,LibGen,LibGen.la,PROTECTED,200,312,,Cloudflare
2026-09-30T21:11:53.940952+00:00,LibGen,LibGen.la,PROTECTED,200,728,,Cloudflare
2026-09-30T21:12:53.830207+00:00,LibGen,LibGen.la,PROTECTED,200,349,,Cloudflare
2026-09-30T21:13:54.055084+00:00,LibGen,LibGen.la,PROTECTED,200,464,,Cloudflare
2026-09-30T21:14:54.763622+00:00,LibGen,LibGen.la,PROTECTED,200,727,,Cloudflare
2026-09-30T21:15:55.302963+00:00,LibGen,LibGen.la,PROTECTED,200,557,,Cloudflare
2026-09-30T21:16:55.300517+00:00,LibGen,LibGen.la,PROTECTED,200,463,,Cloudflare
2026-09-30T21:17:56.442818+00:00,LibGen,LibGen.la,PROTECTED,200,676,,Cloudflare
2026-09-30T21:18:56.472885+00:00,LibGen,LibGen.la,PROTECTED,200,325,,Cloudflare
2026-09-30T21:19:56.698810+00:00,LibGen,LibGen.la,PROTECTED,200,890,,Cloudflare
2026-09-30T21:20:56.756733+00:00,LibGen,LibGen.la,PROTECTED,200,456,,Cloudflare
2026-09-30T21:21:57.066974+00:00,LibGen,LibGen.la,PROTECTED,200,734,,Cloudflare
2026-09-30T21:22:57.501115+00:00,LibGen,LibGen.la,PROTECTED,200,527,,Cloudflare
2026-09-30T21:23:57.767561+00:00,LibGen,LibGen.la,PROTECTED,200,574,,Cloudflare
2026-09-30T21:24:57.719579+00:00,LibGen,LibGen.la,PROTECTED,200,326,,Cloudflare
2026-09-30T21:25:59.223508+00:00,LibGen,LibGen.la,PROTECTED,200,1618,,Cloudflare
2026-09-30T21:26:59.048856+00:00,LibGen,LibGen.la,PROTECTED,200,303,,Cloudflare
2026-09-30T21:27:59.487550+00:00,LibGen,LibGen.la,PROTECTED,200,764,,Cloudflare
2026-09-30T21:28:59.411184+00:00,LibGen,LibGen.la,PROTECTED,200,494,,Cloudflare
2026-09-30T21:29:59.920459+00:00,LibGen,LibGen.la,PROTECTED,200,328,,Cloudflare
2026-09-30T21:31:00.662972+00:00,LibGen,LibGen.la,PROTECTED,200,486,,Cloudflare
2026-09-30T21:32:01.278803+00:00,LibGen,LibGen.la,PROTECTED,200,882,,Cloudflare
2026-09-30T21:33:02.293806+00:00,LibGen,LibGen.la,PROTECTED,200,854,,Cloudflare
2026-09-30T21:34:02.197843+00:00,LibGen,LibGen.la,PROTECTED,200,405,,Cloudflare
2026-09-30T21:35:02.590269+00:00,LibGen,LibGen.la,PROTECTED,200,558,,Cloudflare
2026-09-30T21:36:03.058307+00:00,LibGen,LibGen.la,PROTECTED,200,835,,Cloudflare
2026-09-30T21:37:03.625790+00:00,LibGen,LibGen.la,PROTECTED,200,719,,Cloudflare
2026-09-30T21:38:04.044957+00:00,LibGen,LibGen.la,PROTECTED,200,372,,Cloudflare
2026-09-30T21:39:05.042118+00:00,LibGen,LibGen.la,PROTECTED,200,1594,,Cloudflare
2026-09-30T21:40:04.774718+00:00,LibGen,LibGen.la,PROTECTED,200,706,,Cloudflare
2026-09-30T21:41:06.913034+00:00,LibGen,LibGen.la,PROTECTED,200,2679,,Cloudflare
2026-09-30T21:42:05.323722+00:00,LibGen,LibGen.la,PROTECTED,200,591,,Cloudflare
2026-09-30T21:43:04.840622+00:00,LibGen,LibGen.la,PROTECTED,200,276,,Cloudflare
2026-09-30T21:44:05.530018+00:00,LibGen,LibGen.la,PROTECTED,200,302,,Cloudflare
2026-09-30T21:45:06.397701+00:00,LibGen,LibGen.la,PROTECTED,200,713,,Cloudflare
2026-09-30T21:46:06.516695+00:00,LibGen,LibGen.la,PROTECTED,200,580,,Cloudflare
2026-09-30T21:47:06.865513+00:00,LibGen,LibGen.la,PROTECTED,200,299,,Cloudflare
2026-09-30T21:48:27.256042+00:00,LibGen,LibGen.la,DOWN,,,connection_refused,
2026-09-30T21:49:06.942101+00:00,LibGen,LibGen.la,PROTECTED,200,474,,Cloudflare
2026-09-30T21:50:07.654455+00:00,LibGen,LibGen.la,PROTECTED,200,646,,Cloudflare
2026-09-30T21:51:07.957544+00:00,LibGen,LibGen.la,PROTECTED,200,562,,Cloudflare
2026-09-30T21:52:28.642777+00:00,LibGen,LibGen.la,DOWN,,,connection_refused,
2026-09-30T21:53:08.427144+00:00,LibGen,LibGen.la,PROTECTED,200,741,,Cloudflare
2026-09-30T21:54:08.070377+00:00,LibGen,LibGen.la,PROTECTED,200,290,,Cloudflare
2026-09-30T21:55:09.247728+00:00,LibGen,LibGen.la,PROTECTED,200,943,,Cloudflare
2026-09-30T21:56:08.810792+00:00,LibGen,LibGen.la,PROTECTED,200,320,,Cloudflare
2026-09-30T21:57:09.227162+00:00,LibGen,LibGen.la,PROTECTED,200,579,,Cloudflare
2026-09-30T21:58:09.976231+00:00,LibGen,LibGen.la,PROTECTED,200,772,,Cloudflare
2026-09-30T21:59:10.078520+00:00,LibGen,LibGen.la,PROTECTED,200,623,,Cloudflare
2026-09-30T22:00:10.233535+00:00,LibGen,LibGen.la,PROTECTED,200,655,,Cloudflare
2026-09-30T22:01:10.282723+00:00,LibGen,LibGen.la,PROTECTED,200,417,,Cloudflare
2026-09-30T22:02:10.916044+00:00,LibGen,LibGen.la,PROTECTED,200,347,,Cloudflare
2026-09-30T22:03:11.667836+00:00,LibGen,LibGen.la,PROTECTED,200,397,,Cloudflare
2026-09-30T22:04:12.022614+00:00,LibGen,LibGen.la,PROTECTED,200,601,,Cloudflare
2026-09-30T22:05:11.932941+00:00,LibGen,LibGen.la,PROTECTED,200,629,,Cloudflare
2026-09-30T22:06:12.775607+00:00,LibGen,LibGen.la,PROTECTED,200,819,,Cloudflare
2026-09-30T22:07:13.904706+00:00,LibGen,LibGen.la,PROTECTED,200,1595,,Cloudflare
2026-09-30T22:08:12.886907+00:00,LibGen,LibGen.la,PROTECTED,200,299,,Cloudflare
2026-09-30T22:09:13.516914+00:00,LibGen,LibGen.la,PROTECTED,200,548,,Cloudflare
2026-09-30T22:10:14.343763+00:00,LibGen,LibGen.la,PROTECTED,200,310,,Cloudflare
2026-09-30T22:11:34.744018+00:00,LibGen,LibGen.la,DOWN,,,connection_refused,
2026-09-30T22:12:14.569102+00:00,LibGen,LibGen.la,PROTECTED,200,610,,Cloudflare
2026-09-30T22:13:14.799029+00:00,LibGen,LibGen.la,PROTECTED,200,299,,Cloudflare
2026-09-30T22:14:15.598254+00:00,LibGen,LibGen.la,PROTECTED,200,871,,Cloudflare
2026-09-30T22:15:15.461686+00:00,LibGen,LibGen.la,PROTECTED,200,532,,Cloudflare
2026-09-30T22:16:15.897149+00:00,LibGen,LibGen.la,PROTECTED,200,456,,Cloudflare
2026-09-30T22:17:18.928380+00:00,LibGen,LibGen.la,PROTECTED,200,2820,,Cloudflare
2026-09-30T22:18:37.213089+00:00,LibGen,LibGen.la,DOWN,,,connection_refused,
2026-09-30T22:19:20.684562+00:00,LibGen,LibGen.la,PROTECTED,200,3661,,Cloudflare
2026-09-30T22:20:17.544077+00:00,LibGen,LibGen.la,PROTECTED,200,343,,Cloudflare
2026-09-30T22:21:19.185784+00:00,LibGen,LibGen.la,PROTECTED,200,591,,Cloudflare
2026-09-30T22:22:18.681573+00:00,LibGen,LibGen.la,PROTECTED,200,689,,Cloudflare
2026-09-30T22:23:18.974592+00:00,LibGen,LibGen.la,PROTECTED,200,562,,Cloudflare
2026-09-30T22:24:18.763647+00:00,LibGen,LibGen.la,PROTECTED,200,537,,Cloudflare
2026-09-30T22:25:18.861397+00:00,LibGen,LibGen.la,PROTECTED,200,573,,Cloudflare
2026-09-30T22:26:18.960882+00:00,LibGen,LibGen.la,PROTECTED,200,587,,Cloudflare
2026-09-30T22:27:19.435695+00:00,LibGen,LibGen.la,PROTECTED,200,354,,Cloudflare
2026-09-30T22:28:21.544178+00:00,LibGen,LibGen.la,PROTECTED,200,1277,,Cloudflare
2026-09-30T22:29:20.143652+00:00,LibGen,LibGen.la,PROTECTED,200,287,,Cloudflare
2026-09-30T22:30:20.171861+00:00,LibGen,LibGen.la,PROTECTED,200,663,,Cloudflare
2026-09-30T22:31:20.456791+00:00,LibGen,LibGen.la,PROTECTED,200,374,,Cloudflare
2026-09-30T22:32:20.726014+00:00,LibGen,LibGen.la,PROTECTED,200,269,,Cloudflare
2026-09-30T22:33:21.056472+00:00,LibGen,LibGen.la,PROTECTED,200,463,,Cloudflare
2026-09-30T22:34:21.052494+00:00,LibGen,LibGen.la,PROTECTED,200,310,,Cloudflare
2026-09-30T22:35:22.587395+00:00,LibGen,LibGen.la,PROTECTED,200,887,,Cloudflare
2026-09-30T22:36:22.398458+00:00,LibGen,LibGen.la,PROTECTED,200,354,,Cloudflare
2026-09-30T22:37:23.787524+00:00,LibGen,LibGen.la,PROTECTED,200,1271,,Cloudflare
2026-09-30T22:38:23.070898+00:00,LibGen,LibGen.la,PROTECTED,200,380,,Cloudflare
2026-09-30T22:39:24.517495+00:00,LibGen,LibGen.la,PROTECTED,200,1219,,Cloudflare
2026-09-30T22:40:25.347371+00:00,LibGen,LibGen.la,PROTECTED,200,1408,,Cloudflare
2026-09-30T22:41:24.730941+00:00,LibGen,LibGen.la,PROTECTED,200,564,,Cloudflare
2026-09-30T22:42:25.116509+00:00,LibGen,LibGen.la,PROTECTED,200,321,,Cloudflare
2026-09-30T22:43:25.597170+00:00,LibGen,LibGen.la,PROTECTED,200,299,,Cloudflare
2026-09-30T22:44:25.275828+00:00,LibGen,LibGen.la,PROTECTED,200,273,,Cloudflare
2026-09-30T22:45:25.689706+00:00,LibGen,LibGen.la,PROTECTED,200,530,,Cloudflare
2026-09-30T22:46:26.559693+00:00,LibGen,LibGen.la,PROTECTED,200,761,,Cloudflare
2026-09-30T22:47:26.935660+00:00,LibGen,LibGen.la,PROTECTED,200,778,,Cloudflare
2026-09-30T22:48:26.826641+00:00,LibGen,LibGen.la,PROTECTED,200,620,,Cloudflare
2026-09-30T22:49:26.935019+00:00,LibGen,LibGen.la,PROTECTED,200,426,,Cloudflare
2026-09-30T22:50:27.321495+00:00,LibGen,LibGen.la,PROTECTED,200,550,,Cloudflare
2026-09-30T22:51:27.401506+00:00,LibGen,LibGen.la,PROTECTED,200,385,,Cloudflare
2026-09-30T22:52:28.533545+00:00,LibGen,LibGen.la,PROTECTED,200,837,,Cloudflare
2026-09-30T22:53:28.727402+00:00,LibGen,LibGen.la,PROTECTED,200,329,,Cloudflare
2026-09-30T22:54:28.996614+00:00,LibGen,LibGen.la,PROTECTED,200,642,,Cloudflare
2026-09-30T22:55:29.847801+00:00,LibGen,LibGen.la,PROTECTED,200,591,,Cloudflare
2026-09-30T22:56:30.410283+00:00,LibGen,LibGen.la,PROTECTED,200,1038,,Cloudflare
2026-09-30T22:57:30.334094+00:00,LibGen,LibGen.la,PROTECTED,200,372,,Cloudflare
2026-09-30T22:58:31.068309+00:00,LibGen,LibGen.la,PROTECTED,200,1033,,Cloudflare
2026-09-30T22:59:31.314830+00:00,LibGen,LibGen.la,PROTECTED,200,571,,Cloudflare
2026-09-30T23:00:31.226906+00:00,LibGen,LibGen.la,PROTECTED,200,449,,Cloudflare
2026-09-30T23:01:31.775071+00:00,LibGen,LibGen.la,PROTECTED,200,636,,Cloudflare
2026-09-30T23:02:31.676796+00:00,LibGen,LibGen.la,PROTECTED,200,329,,Cloudflare
2026-09-30T23:03:32.163341+00:00,LibGen,LibGen.la,PROTECTED,200,609,,Cloudflare
2026-09-30T23:04:32.700792+00:00,LibGen,LibGen.la,PROTECTED,200,564,,Cloudflare
2026-09-30T23:05:33.309479+00:00,LibGen,LibGen.la,PROTECTED,200,641,,Cloudflare
2026-09-30T23:06:33.529840+00:00,LibGen,LibGen.la,PROTECTED,200,589,,Cloudflare
2026-09-30T23:07:34.607683+00:00,LibGen,LibGen.la,PROTECTED,200,1438,,Cloudflare
2026-09-30T23:08:34.257612+00:00,LibGen,LibGen.la,PROTECTED,200,408,,Cloudflare
2026-09-30T23:09:55.146988+00:00,LibGen,LibGen.la,DOWN,,,connection_refused,
2026-09-30T23:10:35.462690+00:00,LibGen,LibGen.la,PROTECTED,200,641,,Cloudflare
2026-09-30T23:11:35.865915+00:00,LibGen,LibGen.la,PROTECTED,200,544,,Cloudflare
2026-09-30T23:12:36.375909+00:00,LibGen,LibGen.la,PROTECTED,200,517,,Cloudflare
2026-09-30T23:13:36.345765+00:00,LibGen,LibGen.la,PROTECTED,200,788,,Cloudflare
2026-09-30T23:14:36.634604+00:00,LibGen,LibGen.la,PROTECTED,200,471,,Cloudflare
2026-09-30T23:15:37.213529+00:00,LibGen,LibGen.la,PROTECTED,200,506,,Cloudflare
2026-09-30T23:16:37.921109+00:00,LibGen,LibGen.la,PROTECTED,200,370,,Cloudflare
2026-09-30T23:17:36.986562+00:00,LibGen,LibGen.la,PROTECTED,200,376,,Cloudflare
2026-09-30T23:18:37.178061+00:00,LibGen,LibGen.la,PROTECTED,200,455,,Cloudflare
2026-09-30T23:19:38.474988+00:00,LibGen,LibGen.la,PROTECTED,200,419,,Cloudflare
2026-09-30T23:20:37.908581+00:00,LibGen,LibGen.la,PROTECTED,200,353,,Cloudflare
2026-09-30T23:21:58.280596+00:00,LibGen,LibGen.la,DOWN,,,connection_refused,
2026-09-30T23:22:38.904626+00:00,LibGen,LibGen.la,PROTECTED,200,979,,Cloudflare
2026-09-30T23:23:41.581145+00:00,LibGen,LibGen.la,PROTECTED,200,660,,Cloudflare
2026-09-30T23:24:40.199653+00:00,LibGen,LibGen.la,PROTECTED,200,589,,Cloudflare
2026-09-30T23:25:40.045793+00:00,LibGen,LibGen.la,PROTECTED,200,674,,Cloudflare
2026-09-30T23:26:40.498806+00:00,LibGen,LibGen.la,PROTECTED,200,511,,Cloudflare
2026-09-30T23:27:41.909078+00:00,LibGen,LibGen.la,PROTECTED,200,614,,Cloudflare
2026-09-30T23:28:41.477460+00:00,LibGen,LibGen.la,PROTECTED,200,516,,Cloudflare
2026-09-30T23:29:41.366589+00:00,LibGen,LibGen.la,PROTECTED,200,753,,Cloudflare
2026-09-30T23:30:41.751868+00:00,LibGen,LibGen.la,PROTECTED,200,658,,Cloudflare
2026-09-30T23:31:41.893062+00:00,LibGen,LibGen.la,PROTECTED,200,458,,Cloudflare
2026-09-30T23:32:42.448329+00:00,LibGen,LibGen.la,PROTECTED,200,659,,Cloudflare
2026-09-30T23:33:43.231588+00:00,LibGen,LibGen.la,PROTECTED,200,828,,Cloudflare
2026-09-30T23:34:46.361931+00:00,LibGen,LibGen.la,PROTECTED,200,3788,,Cloudflare
2026-09-30T23:35:43.622566+00:00,LibGen,LibGen.la,PROTECTED,200,390,,Cloudflare
2026-09-30T23:36:44.252924+00:00,LibGen,LibGen.la,PROTECTED,200,449,,Cloudflare
2026-09-30T23:37:45.038593+00:00,LibGen,LibGen.la,PROTECTED,200,692,,Cloudflare
2026-09-30T23:38:45.833843+00:00,LibGen,LibGen.la,PROTECTED,200,502,,Cloudflare
2026-09-30T23:39:45.143819+00:00,LibGen,LibGen.la,PROTECTED,200,576,,Cloudflare
2026-09-30T23:40:48.408354+00:00,LibGen,LibGen.la,PROTECTED,200,3654,,Cloudflare
2026-09-30T23:41:46.282793+00:00,LibGen,LibGen.la,PROTECTED,200,370,,Cloudflare
2026-09-30T23:42:45.845084+00:00,LibGen,LibGen.la,PROTECTED,200,438,,Cloudflare
2026-09-30T23:43:45.829620+00:00,LibGen,LibGen.la,PROTECTED,200,394,,Cloudflare
2026-09-30T23:44:45.959903+00:00,LibGen,LibGen.la,PROTECTED,200,370,,Cloudflare
2026-09-30T23:45:45.717430+00:00,LibGen,LibGen.la,PROTECTED,200,380,,Cloudflare
2026-09-30T23:46:48.240270+00:00,LibGen,LibGen.la,PROTECTED,200,2289,,Cloudflare
2026-09-30T23:47:47.265620+00:00,LibGen,LibGen.la,PROTECTED,200,556,,Cloudflare
2026-09-30T23:48:46.931952+00:00,LibGen,LibGen.la,PROTECTED,200,425,,Cloudflare
2026-09-30T23:49:50.098378+00:00,LibGen,LibGen.la,PROTECTED,200,3372,,Cloudflare
2026-09-30T23:50:49.303034+00:00,LibGen,LibGen.la,PROTECTED,200,331,,Cloudflare
2026-09-30T23:51:47.917655+00:00,LibGen,LibGen.la,PROTECTED,200,411,,Cloudflare
2026-09-30T23:52:48.850852+00:00,LibGen,LibGen.la,PROTECTED,200,849,,Cloudflare
2026-09-30T23:54:08.300730+00:00,LibGen,LibGen.la,DOWN,,,connection_refused,
2026-09-30T23:54:48.243118+00:00,LibGen,LibGen.la,PROTECTED,200,464,,Cloudflare
2026-09-30T23:55:49.340579+00:00,LibGen,LibGen.la,PROTECTED,200,621,,Cloudflare
2026-09-30T23:56:49.374972+00:00,LibGen,LibGen.la,PROTECTED,200,790,,Cloudflare
2026-09-30T23:57:49.141760+00:00,LibGen,LibGen.la,PROTECTED,200,358,,Cloudflare
2026-09-30T23:58:49.445784+00:00,LibGen,LibGen.la,PROTECTED,200,542,,Cloudflare
2026-09-30T23:59:50.988705+00:00,LibGen,LibGen.la,PROTECTED,200,729,,Cloudflare
2026-10-01T00:00:50.368268+00:00,LibGen,LibGen.la,PROTECTED,200,365,,Cloudflare
2026-10-01T00:01:50.799906+00:00,LibGen,LibGen.la,PROTECTED,200,826,,Cloudflare
2026-10-01T00:02:51.415827+00:00,LibGen,LibGen.la,PROTECTED,200,844,,Cloudflare
2026-10-01T00:03:51.516025+00:00,LibGen,LibGen.la,PROTECTED,200,588,,Cloudflare
2026-10-01T00:04:51.709265+00:00,LibGen,LibGen.la,PROTECTED,200,553,,Cloudflare
2026-10-01T00:05:52.125754+00:00,LibGen,LibGen.la,PROTECTED,200,404,,Cloudflare
2026-10-01T00:06:52.349585+00:00,LibGen,LibGen.la,PROTECTED,200,399,,Cloudflare
2026-10-01T00:07:52.616664+00:00,LibGen,LibGen.la,PROTECTED,200,331,,Cloudflare
2026-10-01T00:08:53.228420+00:00,LibGen,LibGen.la,PROTECTED,200,788,,Cloudflare
2026-10-01T00:09:54.027820+00:00,LibGen,LibGen.la,PROTECTED,200,536,,Cloudflare
2026-10-01T00:10:54.248513+00:00,LibGen,LibGen.la,PROTECTED,200,772,,Cloudflare
2026-10-01T00:11:54.368970+00:00,LibGen,LibGen.la,PROTECTED,200,492,,Cloudflare
2026-10-01T00:13:14.608154+00:00,LibGen,LibGen.la,DOWN,,,connection_refused,
2026-10-01T00:13:55.315689+00:00,LibGen,LibGen.la,PROTECTED,200,445,,Cloudflare
2026-10-01T00:14:55.268679+00:00,LibGen,LibGen.la,PROTECTED,200,337,,Cloudflare
2026-10-01T00:15:56.403027+00:00,LibGen,LibGen.la,PROTECTED,200,775,,Cloudflare
2026-10-01T00:16:57.072588+00:00,LibGen,LibGen.la,PROTECTED,200,884,,Cloudflare
2026-10-01T00:18:16.772395+00:00,LibGen,LibGen.la,DOWN,,,connection_refused,
2026-10-01T00:18:57.221076+00:00,LibGen,LibGen.la,PROTECTED,200,465,,Cloudflare
2026-10-01T00:19:58.094833+00:00,LibGen,LibGen.la,PROTECTED,200,669,,Cloudflare
2026-10-01T00:20:58.586913+00:00,LibGen,LibGen.la,PROTECTED,200,917,,Cloudflare
2026-10-01T00:21:59.568196+00:00,LibGen,LibGen.la,PROTECTED,200,647,,Cloudflare
2026-10-01T00:22:59.416298+00:00,LibGen,LibGen.la,PROTECTED,200,600,,Cloudflare
2026-10-01T00:23:59.969574+00:00,LibGen,LibGen.la,PROTECTED,200,586,,Cloudflare
2026-10-01T00:25:00.610711+00:00,LibGen,LibGen.la,PROTECTED,200,862,,Cloudflare
2026-10-01T00:26:01.219109+00:00,LibGen,LibGen.la,PROTECTED,200,523,,Cloudflare
2026-10-01T00:27:01.735150+00:00,LibGen,LibGen.la,PROTECTED,200,634,,Cloudflare
2026-10-01T00:28:02.629745+00:00,LibGen,LibGen.la,PROTECTED,200,458,,Cloudflare
2026-10-01T00:29:03.830803+00:00,LibGen,LibGen.la,PROTECTED,200,1385,,Cloudflare
2026-10-01T00:30:03.414665+00:00,LibGen,LibGen.la,PROTECTED,200,386,,Cloudflare
2026-10-01T00:31:07.378776+00:00,LibGen,LibGen.la,PROTECTED,200,4062,,Cloudflare
2026-10-01T00:32:04.386325+00:00,LibGen,LibGen.la,PROTECTED,200,629,,Cloudflare
2026-10-01T00:33:04.239973+00:00,LibGen,LibGen.la,PROTECTED,200,321,,Cloudflare
2026-10-01T00:34:05.232091+00:00,LibGen,LibGen.la,PROTECTED,200,733,,Cloudflare
2026-10-01T00:35:05.347228+00:00,LibGen,LibGen.la,PROTECTED,200,732,,Cloudflare
2026-10-01T00:36:05.999749+00:00,LibGen,LibGen.la,PROTECTED,200,687,,Cloudflare
2026-10-01T00:37:06.031415+00:00,LibGen,LibGen.la,PROTECTED,200,557,,Cloudflare
2026-10-01T00:38:06.214744+00:00,LibGen,LibGen.la,PROTECTED,200,424,,Cloudflare
2026-10-01T00:39:11.183062+00:00,LibGen,LibGen.la,PROTECTED,200,5263,,Cloudflare
2026-10-01T00:40:06.731279+00:00,LibGen,LibGen.la,PROTECTED,200,357,,Cloudflare
2026-10-01T00:41:07.864689+00:00,LibGen,LibGen.la,PROTECTED,200,644,,Cloudflare
2026-10-01T00:42:07.947957+00:00,LibGen,LibGen.la,PROTECTED,200,421,,Cloudflare
2026-10-01T00:43:08.344754+00:00,LibGen,LibGen.la,PROTECTED,200,604,,Cloudflare
2026-10-01T00:44:09.108775+00:00,LibGen,LibGen.la,PROTECTED,200,371,,Cloudflare
2026-10-01T00:45:08.922752+00:00,LibGen,LibGen.la,PROTECTED,200,322,,Cloudflare
2026-10-01T00:46:09.737623+00:00,LibGen,LibGen.la,PROTECTED,200,939,,Cloudflare
2026-10-01T00:47:10.297036+00:00,LibGen,LibGen.la,PROTECTED,200,1178,,Cloudflare
2026-10-01T00:48:09.806344+00:00,LibGen,LibGen.la,PROTECTED,200,523,,Cloudflare
2026-10-01T00:49:09.820249+00:00,LibGen,LibGen.la,PROTECTED,200,361,,Cloudflare
2026-10-01T00:50:30.815232+00:00,LibGen,LibGen.la,DOWN,,,connection_refused,
2026-10-01T00:51:11.413316+00:00,LibGen,LibGen.la,PROTECTED,200,514,,Cloudflare
2026-10-01T00:52:11.384681+00:00,LibGen,LibGen.la,PROTECTED,200,352,,Cloudflare
2026-10-01T00:53:12.110540+00:00,LibGen,LibGen.la,PROTECTED,200,520,,Cloudflare
2026-10-01T00:54:12.330889+00:00,LibGen,LibGen.la,PROTECTED,200,534,,Cloudflare
2026-10-01T00:55:12.735664+00:00,LibGen,LibGen.la,PROTECTED,200,1055,,Cloudflare
2026-10-01T00:56:13.298027+00:00,LibGen,LibGen.la,PROTECTED,200,1362,,Cloudflare
2026-10-01T00:57:13.178977+00:00,LibGen,LibGen.la,PROTECTED,200,643,,Cloudflare
2026-10-01T00:58:13.681093+00:00,LibGen,LibGen.la,PROTECTED,200,353,,Cloudflare
2026-10-01T00:59:33.728364+00:00,LibGen,LibGen.la,TIMEOUT,,,timeout,
2026-10-01T01:00:29.992040+00:00,LibGen,LibGen.la,PROTECTED,200,16225,,Cloudflare
2026-10-01T01:01:14.510884+00:00,LibGen,LibGen.la,PROTECTED,200,365,,Cloudflare
2026-10-01T01:02:16.322894+00:00,LibGen,LibGen.la,PROTECTED,200,632,,Cloudflare
2026-10-01T01:03:15.899679+00:00,LibGen,LibGen.la,PROTECTED,200,923,,Cloudflare
2026-10-01T01:04:18.606901+00:00,LibGen,LibGen.la,PROTECTED,200,3526,,Cloudflare
2026-10-01T01:05:16.036031+00:00,LibGen,LibGen.la,PROTECTED,200,643,,Cloudflare
2026-10-01T01:06:16.502456+00:00,LibGen,LibGen.la,PROTECTED,200,515,,Cloudflare
2026-10-01T01:07:17.058324+00:00,LibGen,LibGen.la,PROTECTED,200,922,,Cloudflare
2026-10-01T01:08:16.810595+00:00,LibGen,LibGen.la,PROTECTED,200,327,,Cloudflare
2026-10-01T01:09:17.775508+00:00,LibGen,LibGen.la,PROTECTED,200,392,,Cloudflare
2026-10-01T01:10:17.259634+00:00,LibGen,LibGen.la,PROTECTED,200,498,,Cloudflare
2026-10-01T01:11:17.732063+00:00,LibGen,LibGen.la,PROTECTED,200,324,,Cloudflare
2026-10-01T01:12:18.205516+00:00,LibGen,LibGen.la,PROTECTED,200,563,,Cloudflare
2026-10-01T01:13:18.607965+00:00,LibGen,LibGen.la,PROTECTED,200,438,,Cloudflare
2026-10-01T01:14:18.993721+00:00,LibGen,LibGen.la,PROTECTED,200,325,,Cloudflare
2026-10-01T01:15:20.351928+00:00,LibGen,LibGen.la,PROTECTED,200,913,,Cloudflare
2026-10-01T01:16:19.646890+00:00,LibGen,LibGen.la,PROTECTED,200,319,,Cloudflare
2026-10-01T01:17:40.146712+00:00,LibGen,LibGen.la,DOWN,,,connection_refused,
2026-10-01T01:18:20.730959+00:00,LibGen,LibGen.la,PROTECTED,200,979,,Cloudflare
2026-10-01T01:19:20.729599+00:00,LibGen,LibGen.la,PROTECTED,200,372,,Cloudflare
2026-10-01T01:20:21.066765+00:00,LibGen,LibGen.la,PROTECTED,200,542,,Cloudflare
2026-10-01T01:21:21.713559+00:00,LibGen,LibGen.la,PROTECTED,200,564,,Cloudflare
2026-10-01T01:22:21.949417+00:00,LibGen,LibGen.la,PROTECTED,200,940,,Cloudflare
2026-10-01T01:23:22.528465+00:00,LibGen,LibGen.la,PROTECTED,200,541,,Cloudflare
2026-10-01T01:24:22.302440+00:00,LibGen,LibGen.la,PROTECTED,200,549,,Cloudflare
2026-10-01T01:25:22.553853+00:00,LibGen,LibGen.la,PROTECTED,200,598,,Cloudflare
2026-10-01T01:26:23.155921+00:00,LibGen,LibGen.la,PROTECTED,200,569,,Cloudflare
2026-10-01T01:27:23.994920+00:00,LibGen,LibGen.la,PROTECTED,200,620,,Cloudflare
2026-10-01T01:28:24.188859+00:00,LibGen,LibGen.la,PROTECTED,200,313,,Cloudflare
2026-10-01T01:29:24.926615+00:00,LibGen,LibGen.la,PROTECTED,200,762,,Cloudflare
2026-10-01T01:30:25.609656+00:00,LibGen,LibGen.la,PROTECTED,200,818,,Cloudflare
2026-10-01T01:31:25.705957+00:00,LibGen,LibGen.la,PROTECTED,200,957,,Cloudflare
2026-10-01T01:32:25.729946+00:00,LibGen,LibGen.la,PROTECTED,200,318,,Cloudflare
2026-10-01T01:33:26.494368+00:00,LibGen,LibGen.la,PROTECTED,200,818,,Cloudflare
2026-10-01T01:34:26.505014+00:00,LibGen,LibGen.la,PROTECTED,200,572,,Cloudflare
2026-10-01T01:35:26.721927+00:00,LibGen,LibGen.la,PROTECTED,200,656,,Cloudflare
2026-10-01T01:36:27.881870+00:00,LibGen,LibGen.la,PROTECTED,200,812,,Cloudflare
2026-10-01T01:37:27.858961+00:00,LibGen,LibGen.la,PROTECTED,200,475,,Cloudflare
2026-10-01T01:38:48.144301+00:00,LibGen,LibGen.la,DOWN,,,connection_refused,
2026-10-01T01:39:29.019581+00:00,LibGen,LibGen.la,PROTECTED,200,474,,Cloudflare
2026-10-01T01:40:30.345549+00:00,LibGen,LibGen.la,PROTECTED,200,587,,Cloudflare
2026-10-01T01:41:50.946390+00:00,LibGen,LibGen.la,DOWN,,,connection_refused,
2026-10-01T01:42:31.084965+00:00,LibGen,LibGen.la,PROTECTED,200,808,,Cloudflare
2026-10-01T01:43:33.279107+00:00,LibGen,LibGen.la,PROTECTED,200,823,,Cloudflare
2026-10-01T01:44:31.175707+00:00,LibGen,LibGen.la,PROTECTED,200,374,,Cloudflare
2026-10-01T01:45:32.432880+00:00,LibGen,LibGen.la,PROTECTED,200,1003,,Cloudflare
2026-10-01T01:46:33.075705+00:00,LibGen,LibGen.la,PROTECTED,200,1483,,Cloudflare
2026-10-01T01:47:32.539196+00:00,LibGen,LibGen.la,PROTECTED,200,684,,Cloudflare
2026-10-01T01:48:33.176839+00:00,LibGen,LibGen.la,PROTECTED,200,409,,Cloudflare
2026-10-01T01:49:33.923731+00:00,LibGen,LibGen.la,PROTECTED,200,850,,Cloudflare
2026-10-01T01:50:34.835130+00:00,LibGen,LibGen.la,PROTECTED,200,939,,Cloudflare
2026-10-01T01:51:34.041882+00:00,LibGen,LibGen.la,PROTECTED,200,355,,Cloudflare
2026-10-01T01:52:35.947030+00:00,LibGen,LibGen.la,PROTECTED,200,484,,Cloudflare
2026-10-01T01:53:35.174304+00:00,LibGen,LibGen.la,PROTECTED,200,624,,Cloudflare
2026-10-01T01:54:35.115834+00:00,LibGen,LibGen.la,PROTECTED,200,370,,Cloudflare
2026-10-01T01:55:37.972979+00:00,LibGen,LibGen.la,PROTECTED,200,2974,,Cloudflare
2026-10-01T01:56:36.192958+00:00,LibGen,LibGen.la,PROTECTED,200,559,,Cloudflare
2026-10-01T01:57:36.683710+00:00,LibGen,LibGen.la,PROTECTED,200,857,,Cloudflare
2026-10-01T01:58:36.644023+00:00,LibGen,LibGen.la,PROTECTED,200,611,,Cloudflare
2026-10-01T01:59:37.859001+00:00,LibGen,LibGen.la,PROTECTED,200,570,,Cloudflare
2026-10-01T02:00:37.559246+00:00,LibGen,LibGen.la,PROTECTED,200,637,,Cloudflare
2026-10-01T02:01:41.494905+00:00,LibGen,LibGen.la,PROTECTED,200,3895,,Cloudflare
2026-10-01T02:02:39.087674+00:00,LibGen,LibGen.la,PROTECTED,200,525,,Cloudflare
2026-10-01T02:03:39.154316+00:00,LibGen,LibGen.la,PROTECTED,200,783,,Cloudflare
2026-10-01T02:04:59.354888+00:00,LibGen,LibGen.la,DOWN,,,connection_refused,
2026-10-01T02:05:43.642107+00:00,LibGen,LibGen.la,PROTECTED,200,4845,,Cloudflare
2026-10-01T02:06:39.663687+00:00,LibGen,LibGen.la,PROTECTED,200,711,,Cloudflare
2026-10-01T02:07:39.974947+00:00,LibGen,LibGen.la,PROTECTED,200,342,,Cloudflare
2026-10-01T02:08:40.555341+00:00,LibGen,LibGen.la,PROTECTED,200,1065,,Cloudflare
2026-10-01T02:09:44.148554+00:00,LibGen,LibGen.la,PROTECTED,200,4097,,Cloudflare
2026-10-01T02:10:43.150823+00:00,LibGen,LibGen.la,PROTECTED,200,2852,,Cloudflare
2026-10-01T02:11:40.883546+00:00,LibGen,LibGen.la,PROTECTED,200,404,,Cloudflare
2026-10-01T02:12:41.956915+00:00,LibGen,LibGen.la,PROTECTED,200,979,,Cloudflare
2026-10-01T02:13:42.572468+00:00,LibGen,LibGen.la,PROTECTED,200,937,,Cloudflare
2026-10-01T02:14:43.220364+00:00,LibGen,LibGen.la,PROTECTED,200,855,,Cloudflare
2026-10-01T02:15:42.522634+00:00,LibGen,LibGen.la,PROTECTED,200,326,,Cloudflare
2026-10-01T02:17:03.700101+00:00,LibGen,LibGen.la,DOWN,,,connection_refused,
2026-10-01T02:17:43.430732+00:00,LibGen,LibGen.la,PROTECTED,200,537,,Cloudflare
2026-10-01T02:18:45.135923+00:00,LibGen,LibGen.la,PROTECTED,200,2015,,Cloudflare
2026-10-01T02:19:44.009441+00:00,LibGen,LibGen.la,PROTECTED,200,707,,Cloudflare
2026-10-01T02:21:04.610937+00:00,LibGen,LibGen.la,DOWN,,,connection_refused,
2026-10-01T02:21:45.011912+00:00,LibGen,LibGen.la,PROTECTED,200,556,,Cloudflare
2026-10-01T02:22:44.810036+00:00,LibGen,LibGen.la,PROTECTED,200,303,,Cloudflare
2026-10-01T02:23:45.641163+00:00,LibGen,LibGen.la,PROTECTED,200,950,,Cloudflare
2026-10-01T02:24:45.383236+00:00,LibGen,LibGen.la,PROTECTED,200,675,,Cloudflare
2026-10-01T02:25:45.735350+00:00,LibGen,LibGen.la,PROTECTED,200,411,,Cloudflare
2026-10-01T02:26:46.347091+00:00,LibGen,LibGen.la,PROTECTED,200,377,,Cloudflare
2026-10-01T02:27:46.547702+00:00,LibGen,LibGen.la,PROTECTED,200,401,,Cloudflare
2026-10-01T02:28:47.388540+00:00,LibGen,LibGen.la,PROTECTED,200,768,,Cloudflare
2026-10-01T02:29:47.717611+00:00,LibGen,LibGen.la,PROTECTED,200,475,,Cloudflare
2026-10-01T02:30:47.850825+00:00,LibGen,LibGen.la,PROTECTED,200,740,,Cloudflare
2026-10-01T02:31:49.283619+00:00,LibGen,LibGen.la,PROTECTED,200,1531,,Cloudflare
2026-10-01T02:32:48.737436+00:00,LibGen,LibGen.la,PROTECTED,200,528,,Cloudflare
2026-10-01T02:33:49.289834+00:00,LibGen,LibGen.la,PROTECTED,200,338,,Cloudflare
2026-10-01T02:34:49.374144+00:00,LibGen,LibGen.la,PROTECTED,200,385,,Cloudflare
2026-10-01T02:35:49.937194+00:00,LibGen,LibGen.la,PROTECTED,200,771,,Cloudflare
2026-10-01T02:36:50.108604+00:00,LibGen,LibGen.la,PROTECTED,200,568,,Cloudflare
2026-10-01T02:37:51.130127+00:00,LibGen,LibGen.la,PROTECTED,200,1449,,Cloudflare
2026-10-01T02:38:51.192837+00:00,LibGen,LibGen.la,PROTECTED,200,668,,Cloudflare
2026-10-01T02:39:53.250960+00:00,LibGen,LibGen.la,PROTECTED,200,540,,Cloudflare
2026-10-01T02:40:52.163021+00:00,LibGen,LibGen.la,PROTECTED,200,776,,Cloudflare
2026-10-01T02:41:51.471891+00:00,LibGen,LibGen.la,PROTECTED,200,302,,Cloudflare
2026-10-01T02:42:51.717899+00:00,LibGen,LibGen.la,PROTECTED,200,323,,Cloudflare
2026-10-01T02:43:52.180932+00:00,LibGen,LibGen.la,PROTECTED,200,551,,Cloudflare
2026-10-01T02:44:52.322978+00:00,LibGen,LibGen.la,PROTECTED,200,538,,Cloudflare
2026-10-01T02:45:53.898596+00:00,LibGen,LibGen.la,PROTECTED,200,1543,,Cloudflare
2026-10-01T02:46:53.640846+00:00,LibGen,LibGen.la,PROTECTED,200,902,,Cloudflare
2026-10-01T02:47:57.094928+00:00,LibGen,LibGen.la,PROTECTED,200,4034,,Cloudflare
2026-10-01T02:48:53.743378+00:00,LibGen,LibGen.la,PROTECTED,200,401,,Cloudflare
2026-10-01T02:49:54.447180+00:00,LibGen,LibGen.la,PROTECTED,200,581,,Cloudflare
2026-10-01T02:50:54.756105+00:00,LibGen,LibGen.la,PROTECTED,200,603,,Cloudflare
2026-10-01T02:51:54.788827+00:00,LibGen,LibGen.la,PROTECTED,200,412,,Cloudflare
2026-10-01T02:52:55.864988+00:00,LibGen,LibGen.la,PROTECTED,200,342,,Cloudflare
2026-10-01T02:53:56.153835+00:00,LibGen,LibGen.la,PROTECTED,200,447,,Cloudflare
2026-10-01T02:54:57.503476+00:00,LibGen,LibGen.la,PROTECTED,200,1556,,Cloudflare
2026-10-01T02:55:57.156216+00:00,LibGen,LibGen.la,PROTECTED,200,658,,Cloudflare
2026-10-01T02:56:56.621599+00:00,LibGen,LibGen.la,PROTECTED,200,370,,Cloudflare
2026-10-01T02:57:57.162353+00:00,LibGen,LibGen.la,PROTECTED,200,602,,Cloudflare
2026-10-01T02:58:57.986667+00:00,LibGen,LibGen.la,PROTECTED,200,561,,Cloudflare
2026-10-01T02:59:59.066985+00:00,LibGen,LibGen.la,PROTECTED,200,727,,Cloudflare
2026-10-01T03:00:59.552080+00:00,LibGen,LibGen.la,PROTECTED,200,1122,,Cloudflare
2026-10-01T03:02:01.191226+00:00,LibGen,LibGen.la,PROTECTED,200,2120,,Cloudflare
2026-10-01T03:03:00.477683+00:00,LibGen,LibGen.la,PROTECTED,200,726,,Cloudflare
2026-10-01T03:04:01.422776+00:00,LibGen,LibGen.la,PROTECTED,200,579,,Cloudflare
2026-10-01T03:05:01.944647+00:00,LibGen,LibGen.la,PROTECTED,200,695,,Cloudflare
2026-10-01T03:06:02.459947+00:00,LibGen,LibGen.la,PROTECTED,200,651,,Cloudflare
2026-10-01T03:07:02.865014+00:00,LibGen,LibGen.la,PROTECTED,200,816,,Cloudflare
2026-10-01T03:08:03.048651+00:00,LibGen,LibGen.la,PROTECTED,200,370,,Cloudflare
2026-10-01T03:09:03.856116+00:00,LibGen,LibGen.la,PROTECTED,200,376,,Cloudflare
2026-10-01T03:10:03.262693+00:00,LibGen,LibGen.la,PROTECTED,200,370,,Cloudflare
2026-10-01T03:11:04.391585+00:00,LibGen,LibGen.la,PROTECTED,200,1156,,Cloudflare
2026-10-01T03:12:04.339889+00:00,LibGen,LibGen.la,PROTECTED,200,512,,Cloudflare
2026-10-01T03:13:04.380647+00:00,LibGen,LibGen.la,PROTECTED,200,316,,Cloudflare
2026-10-01T03:14:04.637645+00:00,LibGen,LibGen.la,PROTECTED,200,350,,Cloudflare
2026-10-01T03:15:05.616587+00:00,LibGen,LibGen.la,PROTECTED,200,774,,Cloudflare
2026-10-01T03:16:06.025993+00:00,LibGen,LibGen.la,PROTECTED,200,488,,Cloudflare
2026-10-01T03:17:06.525714+00:00,LibGen,LibGen.la,PROTECTED,200,697,,Cloudflare
2026-10-01T03:18:08.583756+00:00,LibGen,LibGen.la,PROTECTED,200,1634,,Cloudflare
2026-10-01T03:19:08.249083+00:00,LibGen,LibGen.la,PROTECTED,200,1203,,Cloudflare
2026-10-01T03:20:28.194032+00:00,LibGen,LibGen.la,DOWN,,,connection_refused,
2026-10-01T03:21:08.453853+00:00,LibGen,LibGen.la,PROTECTED,200,374,,Cloudflare
2026-10-01T03:22:08.927638+00:00,LibGen,LibGen.la,PROTECTED,200,674,,Cloudflare
2026-10-01T03:23:08.967075+00:00,LibGen,LibGen.la,PROTECTED,200,345,,Cloudflare
2026-10-01T03:24:09.526486+00:00,LibGen,LibGen.la,PROTECTED,200,277,,Cloudflare
2026-10-01T03:25:09.684874+00:00,LibGen,LibGen.la,PROTECTED,200,320,,Cloudflare
2026-10-01T03:26:10.004707+00:00,LibGen,LibGen.la,PROTECTED,200,345,,Cloudflare
2026-10-01T03:27:10.448958+00:00,LibGen,LibGen.la,PROTECTED,200,611,,Cloudflare
2026-10-01T03:28:10.917658+00:00,LibGen,LibGen.la,PROTECTED,200,560,,Cloudflare
2026-10-01T03:29:10.642263+00:00,LibGen,LibGen.la,PROTECTED,200,363,,Cloudflare
2026-10-01T03:30:10.812645+00:00,LibGen,LibGen.la,PROTECTED,200,359,,Cloudflare
2026-10-01T03:31:11.147867+00:00,LibGen,LibGen.la,PROTECTED,200,378,,Cloudflare
2026-10-01T03:32:12.360138+00:00,LibGen,LibGen.la,PROTECTED,200,578,,Cloudflare
2026-10-01T03:33:13.444603+00:00,LibGen,LibGen.la,PROTECTED,200,536,,Cloudflare
2026-10-01T03:34:12.996948+00:00,LibGen,LibGen.la,PROTECTED,200,652,,Cloudflare
2026-10-01T03:35:13.504641+00:00,LibGen,LibGen.la,PROTECTED,200,866,,Cloudflare
2026-10-01T03:36:14.091668+00:00,LibGen,LibGen.la,PROTECTED,200,443,,Cloudflare
2026-10-01T03:37:14.285186+00:00,LibGen,LibGen.la,PROTECTED,200,350,,Cloudflare
2026-10-01T03:38:14.226626+00:00,LibGen,LibGen.la,PROTECTED,200,522,,Cloudflare
2026-10-01T03:39:14.366337+00:00,LibGen,LibGen.la,PROTECTED,200,512,,Cloudflare
2026-10-01T03:40:14.914595+00:00,LibGen,LibGen.la,PROTECTED,200,471,,Cloudflare
2026-10-01T03:41:16.288956+00:00,LibGen,LibGen.la,PROTECTED,200,1633,,Cloudflare
2026-10-01T03:42:15.276581+00:00,LibGen,LibGen.la,PROTECTED,200,385,,Cloudflare
2026-10-01T03:43:15.971860+00:00,LibGen,LibGen.la,PROTECTED,200,849,,Cloudflare
2026-10-01T03:44:17.114894+00:00,LibGen,LibGen.la,PROTECTED,200,1347,,Cloudflare
2026-10-01T03:45:16.669179+00:00,LibGen,LibGen.la,PROTECTED,200,583,,Cloudflare
2026-10-01T03:46:16.970407+00:00,LibGen,LibGen.la,PROTECTED,200,571,,Cloudflare
2026-10-01T03:47:18.286248+00:00,LibGen,LibGen.la,PROTECTED,200,1410,,Cloudflare
2026-10-01T03:48:18.268639+00:00,LibGen,LibGen.la,PROTECTED,200,797,,Cloudflare
2026-10-01T03:49:18.336783+00:00,LibGen,LibGen.la,PROTECTED,200,628,,Cloudflare
2026-10-01T03:50:19.051970+00:00,LibGen,LibGen.la,PROTECTED,200,1104,,Cloudflare
2026-10-01T03:51:22.070785+00:00,LibGen,LibGen.la,PROTECTED,200,930,,Cloudflare
2026-10-01T03:52:19.815661+00:00,LibGen,LibGen.la,PROTECTED,200,332,,Cloudflare
2026-10-01T03:53:20.183808+00:00,LibGen,LibGen.la,PROTECTED,200,509,,Cloudflare
2026-10-01T03:54:21.283879+00:00,LibGen,LibGen.la,PROTECTED,200,1065,,Cloudflare
2026-10-01T03:55:20.564130+00:00,LibGen,LibGen.la,PROTECTED,200,511,,Cloudflare
2026-10-01T03:56:20.564623+00:00,LibGen,LibGen.la,PROTECTED,200,304,,Cloudflare
2026-10-01T03:57:21.496885+00:00,LibGen,LibGen.la,PROTECTED,200,693,,Cloudflare
2026-10-01T03:58:21.616920+00:00,LibGen,LibGen.la,PROTECTED,200,317,,Cloudflare
2026-10-01T03:59:22.002900+00:00,LibGen,LibGen.la,PROTECTED,200,527,,Cloudflare
2026-10-01T04:00:22.580875+00:00,LibGen,LibGen.la,PROTECTED,200,829,,Cloudflare
2026-10-01T04:01:22.632625+00:00,LibGen,LibGen.la,PROTECTED,200,380,,Cloudflare
2026-10-01T04:02:22.804755+00:00,LibGen,LibGen.la,PROTECTED,200,294,,Cloudflare
2026-10-01T04:03:23.310422+00:00,LibGen,LibGen.la,PROTECTED,200,561,,Cloudflare
2026-10-01T04:04:23.512691+00:00,LibGen,LibGen.la,PROTECTED,200,345,,Cloudflare
2026-10-01T04:05:24.355444+00:00,LibGen,LibGen.la,PROTECTED,200,559,,Cloudflare
2026-10-01T04:06:24.738816+00:00,LibGen,LibGen.la,PROTECTED,200,666,,Cloudflare
2026-10-01T04:07:25.186624+00:00,LibGen,LibGen.la,PROTECTED,200,388,,Cloudflare
2026-10-01T04:08:25.731124+00:00,LibGen,LibGen.la,PROTECTED,200,687,,Cloudflare
2026-10-01T04:09:26.193872+00:00,LibGen,LibGen.la,PROTECTED,200,444,,Cloudflare
2026-10-01T04:10:46.192521+00:00,LibGen,LibGen.la,DOWN,,,connection_refused,
2026-10-01T04:11:26.937772+00:00,LibGen,LibGen.la,PROTECTED,200,864,,Cloudflare
2026-10-01T04:12:26.741180+00:00,LibGen,LibGen.la,PROTECTED,200,388,,Cloudflare
2026-10-01T04:13:27.742748+00:00,LibGen,LibGen.la,PROTECTED,200,383,,Cloudflare
2026-10-01T04:14:28.935014+00:00,LibGen,LibGen.la,PROTECTED,200,1466,,Cloudflare
2026-10-01T04:15:28.962572+00:00,LibGen,LibGen.la,PROTECTED,200,694,,Cloudflare
2026-10-01T04:16:29.341555+00:00,LibGen,LibGen.la,PROTECTED,200,788,,Cloudflare
2026-10-01T04:17:29.151732+00:00,LibGen,LibGen.la,PROTECTED,200,539,,Cloudflare
2026-10-01T04:18:29.672820+00:00,LibGen,LibGen.la,PROTECTED,200,458,,Cloudflare
2026-10-01T04:19:32.370660+00:00,LibGen,LibGen.la,PROTECTED,200,1934,,Cloudflare
2026-10-01T04:20:31.014526+00:00,LibGen,LibGen.la,PROTECTED,200,361,,Cloudflare
2026-10-01T04:21:32.291045+00:00,LibGen,LibGen.la,PROTECTED,200,629,,Cloudflare
2026-10-01T04:22:32.342342+00:00,LibGen,LibGen.la,PROTECTED,200,800,,Cloudflare
2026-10-01T04:23:32.930736+00:00,LibGen,LibGen.la,PROTECTED,200,585,,Cloudflare
2026-10-01T04:24:32.957800+00:00,LibGen,LibGen.la,PROTECTED,200,834,,Cloudflare
2026-10-01T04:25:33.077105+00:00,LibGen,LibGen.la,PROTECTED,200,683,,Cloudflare
2026-10-01T04:26:53.426690+00:00,LibGen,LibGen.la,DOWN,,,connection_refused,
2026-10-01T04:27:34.251216+00:00,LibGen,LibGen.la,PROTECTED,200,552,,Cloudflare
2026-10-01T04:28:34.744092+00:00,LibGen,LibGen.la,PROTECTED,200,310,,Cloudflare
2026-10-01T04:29:34.570916+00:00,LibGen,LibGen.la,PROTECTED,200,518,,Cloudflare
2026-10-01T04:30:35.715576+00:00,LibGen,LibGen.la,PROTECTED,200,632,,Cloudflare
2026-10-01T04:31:35.664877+00:00,LibGen,LibGen.la,PROTECTED,200,400,,Cloudflare
2026-10-01T04:32:36.590026+00:00,LibGen,LibGen.la,PROTECTED,200,1075,,Cloudflare
2026-10-01T04:33:36.207436+00:00,LibGen,LibGen.la,PROTECTED,200,460,,Cloudflare
2026-10-01T04:34:36.926502+00:00,LibGen,LibGen.la,PROTECTED,200,557,,Cloudflare
2026-10-01T04:35:38.070775+00:00,LibGen,LibGen.la,PROTECTED,200,887,,Cloudflare
2026-10-01T04:36:37.358958+00:00,LibGen,LibGen.la,PROTECTED,200,358,,Cloudflare
2026-10-01T04:37:38.618603+00:00,LibGen,LibGen.la,PROTECTED,200,1117,,Cloudflare
2026-10-01T04:38:38.681875+00:00,LibGen,LibGen.la,PROTECTED,200,883,,Cloudflare
2026-10-01T04:39:42.431980+00:00,LibGen,LibGen.la,PROTECTED,200,4015,,Cloudflare
2026-10-01T04:40:39.053092+00:00,LibGen,LibGen.la,PROTECTED,200,360,,Cloudflare
2026-10-01T04:41:59.842049+00:00,LibGen,LibGen.la,DOWN,,,connection_refused,
2026-10-01T04:42:40.043547+00:00,LibGen,LibGen.la,PROTECTED,200,725,,Cloudflare
2026-10-01T04:43:40.909371+00:00,LibGen,LibGen.la,PROTECTED,200,795,,Cloudflare
2026-10-01T04:44:40.305623+00:00,LibGen,LibGen.la,PROTECTED,200,595,,Cloudflare
2026-10-01T04:45:40.685073+00:00,LibGen,LibGen.la,PROTECTED,200,624,,Cloudflare
2026-10-01T04:46:40.902392+00:00,LibGen,LibGen.la,PROTECTED,200,530,,Cloudflare
2026-10-01T04:47:41.471193+00:00,LibGen,LibGen.la,PROTECTED,200,480,,Cloudflare
2026-10-01T04:48:42.072164+00:00,LibGen,LibGen.la,PROTECTED,200,850,,Cloudflare
2026-10-01T04:49:41.952746+00:00,LibGen,LibGen.la,PROTECTED,200,474,,Cloudflare
2026-10-01T04:50:42.375873+00:00,LibGen,LibGen.la,PROTECTED,200,644,,Cloudflare
2026-10-01T04:51:43.338316+00:00,LibGen,LibGen.la,PROTECTED,200,482,,Cloudflare
2026-10-01T04:52:43.040744+00:00,LibGen,LibGen.la,PROTECTED,200,312,,Cloudflare
2026-10-01T04:54:03.315026+00:00,LibGen,LibGen.la,DOWN,,,connection_refused,
2026-10-01T04:54:43.512844+00:00,LibGen,LibGen.la,PROTECTED,200,289,,Cloudflare
2026-10-01T04:55:44.104425+00:00,LibGen,LibGen.la,PROTECTED,200,622,,Cloudflare
2026-10-01T04:56:45.181095+00:00,LibGen,LibGen.la,PROTECTED,200,1127,,Cloudflare
2026-10-01T04:57:45.417586+00:00,LibGen,LibGen.la,PROTECTED,200,597,,Cloudflare
2026-10-01T04:58:48.279510+00:00,LibGen,LibGen.la,PROTECTED,200,3716,,Cloudflare
2026-10-01T04:59:45.124825+00:00,LibGen,LibGen.la,PROTECTED,200,376,,Cloudflare
2026-10-01T05:00:45.762162+00:00,LibGen,LibGen.la,PROTECTED,200,348,,Cloudflare
2026-10-01T05:01:46.514557+00:00,LibGen,LibGen.la,PROTECTED,200,342,,Cloudflare
2026-10-01T05:02:51.424810+00:00,LibGen,LibGen.la,PROTECTED,200,5133,,Cloudflare
2026-10-01T05:03:47.262152+00:00,LibGen,LibGen.la,PROTECTED,200,304,,Cloudflare
2026-10-01T05:04:47.191725+00:00,LibGen,LibGen.la,PROTECTED,200,315,,Cloudflare
2026-10-01T05:05:48.048094+00:00,LibGen,LibGen.la,PROTECTED,200,533,,Cloudflare
2026-10-01T05:06:48.639506+00:00,LibGen,LibGen.la,PROTECTED,200,411,,Cloudflare
2026-10-01T05:07:48.282038+00:00,LibGen,LibGen.la,PROTECTED,200,380,,Cloudflare
2026-10-01T05:08:48.855525+00:00,LibGen,LibGen.la,PROTECTED,200,735,,Cloudflare
2026-10-01T05:09:49.388310+00:00,LibGen,LibGen.la,PROTECTED,200,645,,Cloudflare
2026-10-01T05:10:49.640156+00:00,LibGen,LibGen.la,PROTECTED,200,601,,Cloudflare
2026-10-01T05:11:49.959181+00:00,LibGen,LibGen.la,PROTECTED,200,310,,Cloudflare
2026-10-01T05:12:50.740710+00:00,LibGen,LibGen.la,PROTECTED,200,816,,Cloudflare
2026-10-01T05:13:50.722835+00:00,LibGen,LibGen.la,PROTECTED,200,650,,Cloudflare
2026-10-01T05:14:50.721725+00:00,LibGen,LibGen.la,PROTECTED,200,363,,Cloudflare
2026-10-01T05:15:51.524110+00:00,LibGen,LibGen.la,PROTECTED,200,588,,Cloudflare
2026-10-01T05:16:51.747030+00:00,LibGen,LibGen.la,PROTECTED,200,536,,Cloudflare
2026-10-01T05:17:52.303330+00:00,LibGen,LibGen.la,PROTECTED,200,345,,Cloudflare
2026-10-01T05:18:53.358738+00:00,LibGen,LibGen.la,PROTECTED,200,553,,Cloudflare
2026-10-01T05:19:53.102913+00:00,LibGen,LibGen.la,PROTECTED,200,845,,Cloudflare
2026-10-01T05:20:53.726848+00:00,LibGen,LibGen.la,PROTECTED,200,1221,,Cloudflare
2026-10-01T05:21:54.222884+00:00,LibGen,LibGen.la,PROTECTED,200,1149,,Cloudflare
2026-10-01T05:22:54.019542+00:00,LibGen,LibGen.la,PROTECTED,200,588,,Cloudflare
2026-10-01T05:23:53.925584+00:00,LibGen,LibGen.la,PROTECTED,200,339,,Cloudflare
2026-10-01T05:24:54.741706+00:00,LibGen,LibGen.la,PROTECTED,200,567,,Cloudflare
2026-10-01T05:25:55.135719+00:00,LibGen,LibGen.la,PROTECTED,200,639,,Cloudflare
2026-10-01T05:26:55.619173+00:00,LibGen,LibGen.la,PROTECTED,200,855,,Cloudflare
2026-10-01T05:27:56.605949+00:00,LibGen,LibGen.la,PROTECTED,200,1094,,Cloudflare
2026-10-01T05:28:56.232140+00:00,LibGen,LibGen.la,PROTECTED,200,539,,Cloudflare
2026-10-01T05:29:56.653851+00:00,LibGen,LibGen.la,PROTECTED,200,296,,Cloudflare
2026-10-01T05:30:56.974004+00:00,LibGen,LibGen.la,PROTECTED,200,454,,Cloudflare
2026-10-01T05:31:57.576735+00:00,LibGen,LibGen.la,PROTECTED,200,770,,Cloudflare
2026-10-01T05:32:57.594984+00:00,LibGen,LibGen.la,PROTECTED,200,540,,Cloudflare
2026-10-01T05:34:18.359377+00:00,LibGen,LibGen.la,DOWN,,,connection_refused,
2026-10-01T05:34:58.783697+00:00,LibGen,LibGen.la,PROTECTED,200,579,,Cloudflare
2026-10-01T05:36:00.092975+00:00,LibGen,LibGen.la,PROTECTED,200,704,,Cloudflare
2026-10-01T05:36:59.991910+00:00,LibGen,LibGen.la,PROTECTED,200,1047,,Cloudflare
2026-10-01T05:37:59.440706+00:00,LibGen,LibGen.la,PROTECTED,200,314,,Cloudflare
2026-10-01T05:39:00.145754+00:00,LibGen,LibGen.la,PROTECTED,200,324,,Cloudflare
2026-10-01T05:40:00.801263+00:00,LibGen,LibGen.la,PROTECTED,200,724,,Cloudflare
2026-10-01T05:41:01.482039+00:00,LibGen,LibGen.la,PROTECTED,200,680,,Cloudflare
2026-10-01T05:42:01.942076+00:00,LibGen,LibGen.la,PROTECTED,200,735,,Cloudflare
2026-10-01T05:43:02.374441+00:00,LibGen,LibGen.la,PROTECTED,200,392,,Cloudflare
2026-10-01T05:44:02.568951+00:00,LibGen,LibGen.la,PROTECTED,200,362,,Cloudflare
2026-10-01T05:45:03.203698+00:00,LibGen,LibGen.la,PROTECTED,200,680,,Cloudflare
2026-10-01T05:46:03.409390+00:00,LibGen,LibGen.la,PROTECTED,200,550,,Cloudflare
2026-10-01T05:47:03.803664+00:00,LibGen,LibGen.la,PROTECTED,200,274,,Cloudflare
2026-10-01T05:48:04.689982+00:00,LibGen,LibGen.la,PROTECTED,200,736,,Cloudflare
2026-10-01T05:49:05.150808+00:00,LibGen,LibGen.la,PROTECTED,200,587,,Cloudflare
2026-10-01T05:50:05.147950+00:00,LibGen,LibGen.la,PROTECTED,200,392,,Cloudflare
2026-10-01T05:51:06.889929+00:00,LibGen,LibGen.la,PROTECTED,200,1621,,Cloudflare
2026-10-01T05:52:06.493426+00:00,LibGen,LibGen.la,PROTECTED,200,551,,Cloudflare
2026-10-01T05:53:07.392691+00:00,LibGen,LibGen.la,PROTECTED,200,776,,Cloudflare
2026-10-01T05:54:07.393882+00:00,LibGen,LibGen.la,PROTECTED,200,321,,Cloudflare
2026-10-01T05:55:09.207509+00:00,LibGen,LibGen.la,PROTECTED,200,1144,,Cloudflare
2026-10-01T05:56:08.804745+00:00,LibGen,LibGen.la,PROTECTED,200,391,,Cloudflare
2026-10-01T05:57:08.852939+00:00,LibGen,LibGen.la,PROTECTED,200,356,,Cloudflare
2026-10-01T05:58:09.128147+00:00,LibGen,LibGen.la,PROTECTED,200,395,,Cloudflare
2026-10-01T05:59:09.659430+00:00,LibGen,LibGen.la,PROTECTED,200,322,,Cloudflare
2026-10-01T06:00:10.210731+00:00,LibGen,LibGen.la,PROTECTED,200,575,,Cloudflare
2026-10-01T06:01:10.135931+00:00,LibGen,LibGen.la,PROTECTED,200,658,,Cloudflare
2026-10-01T06:02:10.709651+00:00,LibGen,LibGen.la,PROTECTED,200,369,,Cloudflare
2026-10-01T06:03:12.104927+00:00,LibGen,LibGen.la,PROTECTED,200,1484,,Cloudflare
2026-10-01T06:04:11.759207+00:00,LibGen,LibGen.la,PROTECTED,200,770,,Cloudflare
2026-10-01T06:05:12.225563+00:00,LibGen,LibGen.la,PROTECTED,200,934,,Cloudflare
2026-10-01T06:06:12.836653+00:00,LibGen,LibGen.la,PROTECTED,200,922,,Cloudflare
2026-10-01T06:07:14.055672+00:00,LibGen,LibGen.la,PROTECTED,200,1207,,Cloudflare
2026-10-01T06:08:13.993432+00:00,LibGen,LibGen.la,PROTECTED,200,804,,Cloudflare
2026-10-01T06:09:13.774614+00:00,LibGen,LibGen.la,PROTECTED,200,357,,Cloudflare
2026-10-01T06:10:14.306679+00:00,LibGen,LibGen.la,PROTECTED,200,280,,Cloudflare
2026-10-01T06:11:15.664982+00:00,LibGen,LibGen.la,PROTECTED,200,769,,Cloudflare
2026-10-01T06:12:15.979251+00:00,LibGen,LibGen.la,PROTECTED,200,951,,Cloudflare
2026-10-01T06:13:15.890190+00:00,LibGen,LibGen.la,PROTECTED,200,602,,Cloudflare
2026-10-01T06:14:16.631840+00:00,LibGen,LibGen.la,PROTECTED,200,1094,,Cloudflare
2026-10-01T06:15:17.781767+00:00,LibGen,LibGen.la,PROTECTED,200,1571,,Cloudflare
2026-10-01T06:16:16.423830+00:00,LibGen,LibGen.la,PROTECTED,200,315,,Cloudflare
2026-10-01T06:17:17.907336+00:00,LibGen,LibGen.la,PROTECTED,200,407,,Cloudflare
2026-10-01T06:18:17.990179+00:00,LibGen,LibGen.la,PROTECTED,200,1296,,Cloudflare
2026-10-01T06:19:18.339530+00:00,LibGen,LibGen.la,PROTECTED,200,1334,,Cloudflare
2026-10-01T06:20:18.509792+00:00,LibGen,LibGen.la,PROTECTED,200,607,,Cloudflare
2026-10-01T06:21:18.473881+00:00,LibGen,LibGen.la,PROTECTED,200,395,,Cloudflare
2026-10-01T06:22:19.032537+00:00,LibGen,LibGen.la,PROTECTED,200,585,,Cloudflare
2026-10-01T06:23:19.586975+00:00,LibGen,LibGen.la,PROTECTED,200,746,,Cloudflare
2026-10-01T06:24:19.886269+00:00,LibGen,LibGen.la,PROTECTED,200,815,,Cloudflare
2026-10-01T06:25:20.005010+00:00,LibGen,LibGen.la,PROTECTED,200,461,,Cloudflare
2026-10-01T06:26:20.350984+00:00,LibGen,LibGen.la,PROTECTED,200,505,,Cloudflare
2026-10-01T06:27:21.103087+00:00,LibGen,LibGen.la,PROTECTED,200,494,,Cloudflare
2026-10-01T06:28:20.935500+00:00,LibGen,LibGen.la,PROTECTED,200,551,,Cloudflare
2026-10-01T06:29:22.195085+00:00,LibGen,LibGen.la,PROTECTED,200,1514,,Cloudflare
2026-10-01T06:30:21.636875+00:00,LibGen,LibGen.la,PROTECTED,200,635,,Cloudflare
2026-10-01T06:31:22.023081+00:00,LibGen,LibGen.la,PROTECTED,200,687,,Cloudflare
2026-10-01T06:32:22.911601+00:00,LibGen,LibGen.la,PROTECTED,200,434,,Cloudflare
2026-10-01T06:33:23.514352+00:00,LibGen,LibGen.la,PROTECTED,200,1100,,Cloudflare
2026-10-01T06:34:23.705859+00:00,LibGen,LibGen.la,PROTECTED,200,539,,Cloudflare
2026-10-01T06:35:24.675611+00:00,LibGen,LibGen.la,PROTECTED,200,596,,Cloudflare
2026-10-01T06:36:24.482741+00:00,LibGen,LibGen.la,PROTECTED,200,553,,Cloudflare
2026-10-01T06:37:25.124897+00:00,LibGen,LibGen.la,PROTECTED,200,416,,Cloudflare
2026-10-01T06:38:26.114611+00:00,LibGen,LibGen.la,PROTECTED,200,1410,,Cloudflare
2026-10-01T06:39:26.033107+00:00,LibGen,LibGen.la,PROTECTED,200,348,,Cloudflare
2026-10-01T06:40:26.908981+00:00,LibGen,LibGen.la,PROTECTED,200,771,,Cloudflare
2026-10-01T06:41:27.709692+00:00,LibGen,LibGen.la,PROTECTED,200,574,,Cloudflare
2026-10-01T06:42:28.997035+00:00,LibGen,LibGen.la,PROTECTED,200,605,,Cloudflare
2026-10-01T06:43:29.606581+00:00,LibGen,LibGen.la,PROTECTED,200,313,,Cloudflare
2026-10-01T06:44:29.715412+00:00,LibGen,LibGen.la,PROTECTED,200,724,,Cloudflare
2026-10-01T06:45:30.573784+00:00,LibGen,LibGen.la,PROTECTED,200,320,,Cloudflare
2026-10-01T06:46:31.148604+00:00,LibGen,LibGen.la,PROTECTED,200,428,,Cloudflare
2026-10-01T06:47:32.117210+00:00,LibGen,LibGen.la,PROTECTED,200,538,,Cloudflare
2026-10-01T06:48:34.741367+00:00,LibGen,LibGen.la,PROTECTED,200,2523,,Cloudflare
2026-10-01T06:49:33.130983+00:00,LibGen,LibGen.la,PROTECTED,200,770,,Cloudflare
2026-10-01T06:50:33.955082+00:00,LibGen,LibGen.la,PROTECTED,200,1193,,Cloudflare
2026-10-01T06:51:34.193548+00:00,LibGen,LibGen.la,PROTECTED,200,610,,Cloudflare
2026-10-01T06:52:34.780607+00:00,LibGen,LibGen.la,PROTECTED,200,708,,Cloudflare
2026-10-01T06:53:35.225896+00:00,LibGen,LibGen.la,PROTECTED,200,908,,Cloudflare
2026-10-01T06:54:36.233532+00:00,LibGen,LibGen.la,PROTECTED,200,549,,Cloudflare
2026-10-01T06:55:38.344715+00:00,LibGen,LibGen.la,PROTECTED,200,1864,,Cloudflare
2026-10-01T06:56:38.078773+00:00,LibGen,LibGen.la,PROTECTED,200,279,,Cloudflare
2026-10-01T06:57:38.337560+00:00,LibGen,LibGen.la,PROTECTED,200,447,,Cloudflare
2026-10-01T06:58:39.650911+00:00,LibGen,LibGen.la,PROTECTED,200,399,,Cloudflare
2026-10-01T06:59:40.395819+00:00,LibGen,LibGen.la,PROTECTED,200,363,,Cloudflare
2026-10-01T07:00:40.273484+00:00,LibGen,LibGen.la,PROTECTED,200,631,,Cloudflare
2026-10-01T07:01:40.737226+00:00,LibGen,LibGen.la,PROTECTED,200,547,,Cloudflare
2026-10-01T07:02:40.816483+00:00,LibGen,LibGen.la,PROTECTED,200,556,,Cloudflare
2026-10-01T07:03:41.512565+00:00,LibGen,LibGen.la,PROTECTED,200,489,,Cloudflare
2026-10-01T07:04:42.369762+00:00,LibGen,LibGen.la,PROTECTED,200,335,,Cloudflare
2026-10-01T07:05:45.033055+00:00,LibGen,LibGen.la,PROTECTED,200,299,,Cloudflare
2026-10-01T07:06:43.598857+00:00,LibGen,LibGen.la,PROTECTED,200,319,,Cloudflare
2026-10-01T07:07:44.703923+00:00,LibGen,LibGen.la,PROTECTED,200,514,,Cloudflare
2026-10-01T07:08:49.268162+00:00,LibGen,LibGen.la,PROTECTED,200,3394,,Cloudflare
2026-10-01T07:09:45.917040+00:00,LibGen,LibGen.la,PROTECTED,200,307,,Cloudflare
2026-10-01T07:10:47.172442+00:00,LibGen,LibGen.la,PROTECTED,200,661,,Cloudflare
2026-10-01T07:11:47.118635+00:00,LibGen,LibGen.la,PROTECTED,200,532,,Cloudflare
2026-10-01T07:12:48.006640+00:00,LibGen,LibGen.la,PROTECTED,200,517,,Cloudflare
2026-10-01T07:13:50.348646+00:00,LibGen,LibGen.la,PROTECTED,200,1626,,Cloudflare
2026-10-01T07:14:50.086898+00:00,LibGen,LibGen.la,PROTECTED,200,371,,Cloudflare
2026-10-01T07:15:51.121574+00:00,LibGen,LibGen.la,PROTECTED,200,545,,Cloudflare
2026-10-01T07:16:52.048328+00:00,LibGen,LibGen.la,PROTECTED,200,666,,Cloudflare
2026-10-01T07:17:52.629653+00:00,LibGen,LibGen.la,PROTECTED,200,794,,Cloudflare
2026-10-01T07:18:53.247975+00:00,LibGen,LibGen.la,PROTECTED,200,564,,Cloudflare
2026-10-01T07:19:53.884671+00:00,LibGen,LibGen.la,PROTECTED,200,287,,Cloudflare
2026-10-01T07:21:15.143478+00:00,LibGen,LibGen.la,DOWN,,,connection_refused,
2026-10-01T07:21:56.105844+00:00,LibGen,LibGen.la,PROTECTED,200,748,,Cloudflare
2026-10-01T07:22:56.533515+00:00,LibGen,LibGen.la,PROTECTED,200,329,,Cloudflare
2026-10-01T07:23:57.486840+00:00,LibGen,LibGen.la,PROTECTED,200,309,,Cloudflare
2026-10-01T07:24:59.049816+00:00,LibGen,LibGen.la,PROTECTED,200,1009,,Cloudflare
2026-10-01T07:25:59.768390+00:00,LibGen,LibGen.la,PROTECTED,200,716,,Cloudflare
2026-10-01T07:26:59.025810+00:00,LibGen,LibGen.la,PROTECTED,200,409,,Cloudflare
2026-10-01T07:27:59.022864+00:00,LibGen,LibGen.la,PROTECTED,200,312,,Cloudflare
2026-10-01T07:29:19.945951+00:00,LibGen,LibGen.la,DOWN,,,connection_refused,
2026-10-01T07:30:00.634707+00:00,LibGen,LibGen.la,PROTECTED,200,410,,Cloudflare
2026-10-01T07:31:01.298707+00:00,LibGen,LibGen.la,PROTECTED,200,619,,Cloudflare
2026-10-01T07:32:02.399773+00:00,LibGen,LibGen.la,PROTECTED,200,735,,Cloudflare
2026-10-01T07:33:03.199209+00:00,LibGen,LibGen.la,PROTECTED,200,611,,Cloudflare
2026-10-01T07:34:04.052793+00:00,LibGen,LibGen.la,PROTECTED,200,1018,,Cloudflare
2026-10-01T07:35:05.781824+00:00,LibGen,LibGen.la,PROTECTED,200,2753,,Cloudflare
2026-10-01T07:36:08.295965+00:00,LibGen,LibGen.la,PROTECTED,200,3893,,Cloudflare
2026-10-01T07:37:05.177568+00:00,LibGen,LibGen.la,PROTECTED,200,376,,Cloudflare
2026-10-01T07:38:06.553985+00:00,LibGen,LibGen.la,PROTECTED,200,871,,Cloudflare
2026-10-01T07:39:07.074057+00:00,LibGen,LibGen.la,PROTECTED,200,526,,Cloudflare
2026-10-01T07:40:08.585543+00:00,LibGen,LibGen.la,PROTECTED,200,583,,Cloudflare
2026-10-01T07:41:09.229874+00:00,LibGen,LibGen.la,PROTECTED,200,852,,Cloudflare
2026-10-01T07:42:09.662253+00:00,LibGen,LibGen.la,PROTECTED,200,385,,Cloudflare
2026-10-01T07:43:12.197263+00:00,LibGen,LibGen.la,PROTECTED,200,569,,Cloudflare
2026-10-01T07:44:12.762528+00:00,LibGen,LibGen.la,PROTECTED,200,1320,,Cloudflare
2026-10-01T07:45:12.493623+00:00,LibGen,LibGen.la,PROTECTED,200,667,,Cloudflare
2026-10-01T07:46:13.336957+00:00,LibGen,LibGen.la,PROTECTED,200,520,,Cloudflare
2026-10-01T07:47:13.450087+00:00,LibGen,LibGen.la,PROTECTED,200,588,,Cloudflare
2026-10-01T07:48:14.335487+00:00,LibGen,LibGen.la,PROTECTED,200,493,,Cloudflare
2026-10-01T07:49:34.265699+00:00,LibGen,LibGen.la,TIMEOUT,,,timeout,
2026-10-01T07:50:24.234910+00:00,LibGen,LibGen.la,PROTECTED,200,9094,,Cloudflare
2026-10-01T07:51:19.564986+00:00,LibGen,LibGen.la,PROTECTED,200,4292,,Cloudflare
2026-10-01T07:52:18.006861+00:00,LibGen,LibGen.la,PROTECTED,200,1821,,Cloudflare
2026-10-01T07:53:18.528778+00:00,LibGen,LibGen.la,PROTECTED,200,951,,Cloudflare
2026-10-01T07:54:18.614117+00:00,LibGen,LibGen.la,PROTECTED,200,724,,Cloudflare
2026-10-01T07:55:19.422865+00:00,LibGen,LibGen.la,PROTECTED,200,559,,Cloudflare
2026-10-01T07:56:21.142523+00:00,LibGen,LibGen.la,PROTECTED,200,1424,,Cloudflare
2026-10-01T07:57:22.107731+00:00,LibGen,LibGen.la,PROTECTED,200,566,,Cloudflare
2026-10-01T07:58:21.963402+00:00,LibGen,LibGen.la,PROTECTED,200,526,,Cloudflare
2026-10-01T07:59:24.282241+00:00,LibGen,LibGen.la,PROTECTED,200,975,,Cloudflare
2026-10-01T08:00:23.325024+00:00,LibGen,LibGen.la,PROTECTED,200,439,,Cloudflare
2026-10-01T08:01:33.455589+00:00,LibGen,LibGen.la,PROTECTED,200,10094,,Cloudflare
2026-10-01T08:02:25.577263+00:00,LibGen,LibGen.la,PROTECTED,200,903,,Cloudflare
2026-10-01T08:03:25.520755+00:00,LibGen,LibGen.la,PROTECTED,200,382,,Cloudflare
2026-10-01T08:04:45.867432+00:00,LibGen,LibGen.la,DOWN,,,connection_refused,
2026-10-01T08:05:27.629224+00:00,LibGen,LibGen.la,PROTECTED,200,1049,,Cloudflare
2026-10-01T08:06:27.232892+00:00,LibGen,LibGen.la,PROTECTED,200,632,,Cloudflare
2026-10-01T08:07:28.380714+00:00,LibGen,LibGen.la,PROTECTED,200,1321,,Cloudflare
2026-10-01T08:08:27.741847+00:00,LibGen,LibGen.la,PROTECTED,200,578,,Cloudflare
2026-10-01T08:09:47.326586+00:00,LibGen,LibGen.la,TIMEOUT,,,timeout,
2026-10-01T08:10:48.483106+00:00,LibGen,LibGen.la,TIMEOUT,,,timeout,
2026-10-01T08:11:28.755784+00:00,LibGen,LibGen.la,PROTECTED,503,506,,Cloudflare
2026-10-01T08:12:28.491675+00:00,LibGen,LibGen.la,PROTECTED,503,183,,Cloudflare
2026-10-01T08:13:34.576063+00:00,LibGen,LibGen.la,PROTECTED,503,5326,,Cloudflare
2026-10-01T08:14:31.829772+00:00,LibGen,LibGen.la,PROTECTED,200,1597,,Cloudflare
2026-10-01T08:15:37.464750+00:00,LibGen,LibGen.la,PROTECTED,200,6174,,Cloudflare
2026-10-01T08:16:31.777707+00:00,LibGen,LibGen.la,PROTECTED,200,375,,Cloudflare
2026-10-01T08:17:33.732039+00:00,LibGen,LibGen.la,PROTECTED,200,1842,,Cloudflare
2026-10-01T08:18:33.607769+00:00,LibGen,LibGen.la,PROTECTED,200,381,,Cloudflare
2026-10-01T08:19:36.814958+00:00,LibGen,LibGen.la,PROTECTED,200,2640,,Cloudflare
2026-10-01T08:20:39.745007+00:00,LibGen,LibGen.la,PROTECTED,200,5082,,Cloudflare
2026-10-01T08:21:36.426314+00:00,LibGen,LibGen.la,PROTECTED,200,848,,Cloudflare
2026-10-01T08:22:36.394103+00:00,LibGen,LibGen.la,PROTECTED,200,397,,Cloudflare
2026-10-01T08:23:37.341766+00:00,LibGen,LibGen.la,PROTECTED,200,451,,Cloudflare
2026-10-01T08:24:38.844678+00:00,LibGen,LibGen.la,PROTECTED,200,577,,Cloudflare
2026-10-01T08:25:38.627850+00:00,LibGen,LibGen.la,PROTECTED,200,448,,Cloudflare
2026-10-01T08:26:59.362771+00:00,LibGen,LibGen.la,DOWN,,,connection_refused,
2026-10-01T08:27:41.233816+00:00,LibGen,LibGen.la,PROTECTED,200,767,,Cloudflare
2026-10-01T08:28:40.908999+00:00,LibGen,LibGen.la,PROTECTED,200,522,,Cloudflare
2026-10-01T08:29:42.542446+00:00,LibGen,LibGen.la,PROTECTED,200,575,,Cloudflare
2026-10-01T08:30:43.922789+00:00,LibGen,LibGen.la,PROTECTED,200,832,,Cloudflare
2026-10-01T08:31:43.121520+00:00,LibGen,LibGen.la,PROTECTED,200,482,,Cloudflare
2026-10-01T08:32:47.518307+00:00,LibGen,LibGen.la,PROTECTED,200,4732,,Cloudflare
2026-10-01T08:33:44.258388+00:00,LibGen,LibGen.la,PROTECTED,200,644,,Cloudflare
2026-10-01T08:34:45.114981+00:00,LibGen,LibGen.la,PROTECTED,200,564,,Cloudflare
2026-10-01T08:35:46.126746+00:00,LibGen,LibGen.la,PROTECTED,200,537,,Cloudflare
2026-10-01T08:36:47.537589+00:00,LibGen,LibGen.la,PROTECTED,200,1034,,Cloudflare
2026-10-01T08:37:48.272062+00:00,LibGen,LibGen.la,PROTECTED,200,903,,Cloudflare
2026-10-01T08:39:08.619051+00:00,LibGen,LibGen.la,DOWN,,,connection_refused,
2026-10-01T08:39:48.575794+00:00,LibGen,LibGen.la,PROTECTED,200,612,,Cloudflare
2026-10-01T08:40:50.179590+00:00,LibGen,LibGen.la,PROTECTED,200,736,,Cloudflare
2026-10-01T08:41:50.574190+00:00,LibGen,LibGen.la,PROTECTED,200,725,,Cloudflare
2026-10-01T08:42:50.316336+00:00,LibGen,LibGen.la,PROTECTED,200,364,,Cloudflare
2026-10-01T08:43:51.870092+00:00,LibGen,LibGen.la,PROTECTED,200,594,,Cloudflare
2026-10-01T08:44:52.310613+00:00,LibGen,LibGen.la,PROTECTED,200,670,,Cloudflare
2026-10-01T08:45:52.812258+00:00,LibGen,LibGen.la,PROTECTED,200,590,,Cloudflare
2026-10-01T08:46:53.243613+00:00,LibGen,LibGen.la,PROTECTED,200,950,,Cloudflare
2026-10-01T08:47:52.759806+00:00,LibGen,LibGen.la,PROTECTED,200,485,,Cloudflare
2026-10-01T08:48:53.895762+00:00,LibGen,LibGen.la,PROTECTED,200,643,,Cloudflare
2026-10-01T08:49:53.391978+00:00,LibGen,LibGen.la,PROTECTED,200,439,,Cloudflare
2026-10-01T08:50:55.236837+00:00,LibGen,LibGen.la,PROTECTED,200,1312,,Cloudflare
2026-10-01T08:51:56.208610+00:00,LibGen,LibGen.la,PROTECTED,200,781,,Cloudflare
2026-10-01T08:52:57.786073+00:00,LibGen,LibGen.la,PROTECTED,200,892,,Cloudflare
2026-10-01T08:53:57.251569+00:00,LibGen,LibGen.la,PROTECTED,200,690,,Cloudflare
2026-10-01T08:54:58.247584+00:00,LibGen,LibGen.la,PROTECTED,200,611,,Cloudflare
2026-10-01T08:56:18.045973+00:00,LibGen,LibGen.la,DOWN,,,connection_refused,
2026-10-01T08:56:59.300341+00:00,LibGen,LibGen.la,PROTECTED,200,614,,Cloudflare
2026-10-01T08:58:00.248077+00:00,LibGen,LibGen.la,PROTECTED,200,442,,Cloudflare
2026-10-01T08:59:01.907665+00:00,LibGen,LibGen.la,PROTECTED,200,872,,Cloudflare
2026-10-01T09:00:03.385486+00:00,LibGen,LibGen.la,PROTECTED,200,1717,,Cloudflare
2026-10-01T09:01:03.813170+00:00,LibGen,LibGen.la,PROTECTED,200,1734,,Cloudflare
2026-10-01T09:02:03.501672+00:00,LibGen,LibGen.la,PROTECTED,200,450,,Cloudflare
2026-10-01T09:03:03.474921+00:00,LibGen,LibGen.la,PROTECTED,200,749,,Cloudflare
2026-10-01T09:04:03.559698+00:00,LibGen,LibGen.la,PROTECTED,200,793,,Cloudflare
2026-10-01T09:05:03.140858+00:00,LibGen,LibGen.la,PROTECTED,200,272,,Cloudflare
2026-10-01T09:06:04.344025+00:00,LibGen,LibGen.la,PROTECTED,200,644,,Cloudflare
2026-10-01T09:07:03.882043+00:00,LibGen,LibGen.la,PROTECTED,200,426,,Cloudflare
2026-10-01T09:08:05.256857+00:00,LibGen,LibGen.la,PROTECTED,200,807,,Cloudflare
2026-10-01T09:09:05.839782+00:00,LibGen,LibGen.la,PROTECTED,200,1336,,Cloudflare
2026-10-01T09:10:05.958859+00:00,LibGen,LibGen.la,PROTECTED,200,535,,Cloudflare
2026-10-01T09:11:06.681500+00:00,LibGen,LibGen.la,PROTECTED,200,732,,Cloudflare
2026-10-01T09:12:06.756061+00:00,LibGen,LibGen.la,PROTECTED,200,614,,Cloudflare
2026-10-01T09:13:08.703660+00:00,LibGen,LibGen.la,PROTECTED,200,1053,,Cloudflare
2026-10-01T09:14:08.245697+00:00,LibGen,LibGen.la,PROTECTED,200,288,,Cloudflare
2026-10-01T09:15:11.739634+00:00,LibGen,LibGen.la,PROTECTED,200,4134,,Cloudflare
2026-10-01T09:16:09.067879+00:00,LibGen,LibGen.la,PROTECTED,200,517,,Cloudflare
2026-10-01T09:17:09.036478+00:00,LibGen,LibGen.la,PROTECTED,200,415,,Cloudflare
2026-10-01T09:18:10.173719+00:00,LibGen,LibGen.la,PROTECTED,200,571,,Cloudflare
2026-10-01T09:19:11.586833+00:00,LibGen,LibGen.la,PROTECTED,200,580,,Cloudflare
2026-10-01T09:20:12.668358+00:00,LibGen,LibGen.la,PROTECTED,200,1240,,Cloudflare
2026-10-01T09:21:12.825989+00:00,LibGen,LibGen.la,PROTECTED,200,927,,Cloudflare
2026-10-01T09:22:12.986529+00:00,LibGen,LibGen.la,PROTECTED,200,1014,,Cloudflare
2026-10-01T09:23:12.369040+00:00,LibGen,LibGen.la,PROTECTED,200,393,,Cloudflare
2026-10-01T09:24:22.410002+00:00,LibGen,LibGen.la,PROTECTED,200,9909,,Cloudflare
2026-10-01T09:25:13.518579+00:00,LibGen,LibGen.la,PROTECTED,200,816,,Cloudflare
2026-10-01T09:26:13.821712+00:00,LibGen,LibGen.la,PROTECTED,200,1110,,Cloudflare
2026-10-01T09:27:15.177813+00:00,LibGen,LibGen.la,PROTECTED,200,1911,,Cloudflare
2026-10-01T09:28:19.181383+00:00,LibGen,LibGen.la,PROTECTED,200,4966,,Cloudflare
2026-10-01T09:29:14.953774+00:00,LibGen,LibGen.la,PROTECTED,200,410,,Cloudflare
2026-10-01T09:30:36.130884+00:00,LibGen,LibGen.la,DOWN,,,connection_refused,
2026-10-01T09:31:18.198003+00:00,LibGen,LibGen.la,PROTECTED,200,502,,Cloudflare
2026-10-01T09:32:16.256058+00:00,LibGen,LibGen.la,PROTECTED,200,745,,Cloudflare
2026-10-01T09:33:19.812652+00:00,LibGen,LibGen.la,PROTECTED,200,3346,,Cloudflare
2026-10-01T09:34:19.328437+00:00,LibGen,LibGen.la,PROTECTED,200,981,,Cloudflare
2026-10-01T09:35:18.433831+00:00,LibGen,LibGen.la,PROTECTED,200,521,,Cloudflare
2026-10-01T09:36:18.268097+00:00,LibGen,LibGen.la,PROTECTED,200,313,,Cloudflare
2026-10-01T09:37:20.065736+00:00,LibGen,LibGen.la,PROTECTED,200,768,,Cloudflare
2026-10-01T09:38:20.404935+00:00,LibGen,LibGen.la,PROTECTED,200,523,,Cloudflare
2026-10-01T09:39:21.157919+00:00,LibGen,LibGen.la,PROTECTED,200,372,,Cloudflare
2026-10-01T09:40:23.145603+00:00,LibGen,LibGen.la,PROTECTED,200,1025,,Cloudflare
2026-10-01T09:41:25.673032+00:00,LibGen,LibGen.la,PROTECTED,200,3396,,Cloudflare
2026-10-01T09:42:22.857375+00:00,LibGen,LibGen.la,PROTECTED,200,444,,Cloudflare
2026-10-01T09:43:22.983674+00:00,LibGen,LibGen.la,PROTECTED,200,565,,Cloudflare
2026-10-01T09:44:24.004640+00:00,LibGen,LibGen.la,PROTECTED,200,1103,,Cloudflare
2026-10-01T09:45:24.079795+00:00,LibGen,LibGen.la,PROTECTED,200,1157,,Cloudflare
2026-10-01T09:46:23.290121+00:00,LibGen,LibGen.la,PROTECTED,200,382,,Cloudflare
2026-10-01T09:47:23.303466+00:00,LibGen,LibGen.la,PROTECTED,200,329,,Cloudflare
2026-10-01T09:48:26.646079+00:00,LibGen,LibGen.la,PROTECTED,200,2771,,Cloudflare
2026-10-01T09:49:33.417581+00:00,LibGen,LibGen.la,PROTECTED,200,8429,,Cloudflare
2026-10-01T09:50:24.402023+00:00,LibGen,LibGen.la,PROTECTED,200,381,,Cloudflare
2026-10-01T09:51:24.534241+00:00,LibGen,LibGen.la,PROTECTED,200,821,,Cloudflare
2026-10-01T09:52:24.538595+00:00,LibGen,LibGen.la,PROTECTED,200,412,,Cloudflare
2026-10-01T09:53:25.976054+00:00,LibGen,LibGen.la,PROTECTED,200,1788,,Cloudflare
2026-10-01T09:54:25.564926+00:00,LibGen,LibGen.la,PROTECTED,200,544,,Cloudflare
2026-10-01T09:55:25.404940+00:00,LibGen,LibGen.la,PROTECTED,200,327,,Cloudflare
2026-10-01T09:56:26.138009+00:00,LibGen,LibGen.la,PROTECTED,200,522,,Cloudflare
2026-10-01T09:57:26.040911+00:00,LibGen,LibGen.la,DOWN,500,293,http_error,
2026-10-01T09:58:27.246780+00:00,LibGen,LibGen.la,PROTECTED,200,506,,Cloudflare
2026-10-01T09:59:27.381537+00:00,LibGen,LibGen.la,PROTECTED,200,550,,Cloudflare
2026-10-01T10:00:29.300056+00:00,LibGen,LibGen.la,PROTECTED,200,1899,,Cloudflare
2026-10-01T10:01:29.104865+00:00,LibGen,LibGen.la,PROTECTED,200,715,,Cloudflare
2026-10-01T10:02:29.247397+00:00,LibGen,LibGen.la,PROTECTED,200,682,,Cloudflare
2026-10-01T10:03:29.382259+00:00,LibGen,LibGen.la,PROTECTED,200,353,,Cloudflare
2026-10-01T10:04:29.872131+00:00,LibGen,LibGen.la,PROTECTED,200,331,,Cloudflare
2026-10-01T10:05:30.060389+00:00,LibGen,LibGen.la,PROTECTED,200,368,,Cloudflare
2026-10-01T10:06:30.809739+00:00,LibGen,LibGen.la,PROTECTED,200,773,,Cloudflare
2026-10-01T10:07:32.106173+00:00,LibGen,LibGen.la,PROTECTED,200,1739,,Cloudflare
2026-10-01T10:08:32.245360+00:00,LibGen,LibGen.la,PROTECTED,200,622,,Cloudflare
2026-10-01T10:09:32.342881+00:00,LibGen,LibGen.la,PROTECTED,200,663,,Cloudflare
2026-10-01T10:10:32.215103+00:00,LibGen,LibGen.la,PROTECTED,200,349,,Cloudflare
2026-10-01T10:11:33.149767+00:00,LibGen,LibGen.la,PROTECTED,200,315,,Cloudflare
2026-10-01T10:12:33.745640+00:00,LibGen,LibGen.la,PROTECTED,200,553,,Cloudflare
2026-10-01T10:13:33.679728+00:00,LibGen,LibGen.la,PROTECTED,200,279,,Cloudflare
2026-10-01T10:14:34.023724+00:00,LibGen,LibGen.la,PROTECTED,200,349,,Cloudflare
2026-10-01T10:15:34.316371+00:00,LibGen,LibGen.la,PROTECTED,200,511,,Cloudflare
2026-10-01T10:16:35.363897+00:00,LibGen,LibGen.la,PROTECTED,200,944,,Cloudflare
2026-10-01T10:17:35.351538+00:00,LibGen,LibGen.la,PROTECTED,200,561,,Cloudflare
2026-10-01T10:18:39.241580+00:00,LibGen,LibGen.la,PROTECTED,200,3951,,Cloudflare
2026-10-01T10:19:36.046626+00:00,LibGen,LibGen.la,PROTECTED,200,543,,Cloudflare
2026-10-01T10:20:35.917451+00:00,LibGen,LibGen.la,PROTECTED,200,399,,Cloudflare
2026-10-01T10:21:36.912844+00:00,LibGen,LibGen.la,PROTECTED,200,334,,Cloudflare
2026-10-01T10:22:36.868880+00:00,LibGen,LibGen.la,PROTECTED,200,484,,Cloudflare
2026-10-01T10:23:38.055417+00:00,LibGen,LibGen.la,PROTECTED,200,686,,Cloudflare
2026-10-01T10:24:58.022619+00:00,LibGen,LibGen.la,DOWN,,,connection_refused,
2026-10-01T10:25:38.132978+00:00,LibGen,LibGen.la,PROTECTED,200,436,,Cloudflare
2026-10-01T10:26:39.424586+00:00,LibGen,LibGen.la,PROTECTED,200,731,,Cloudflare
2026-10-01T10:27:39.764174+00:00,LibGen,LibGen.la,PROTECTED,200,583,,Cloudflare
2026-10-01T10:28:41.320945+00:00,LibGen,LibGen.la,PROTECTED,200,681,,Cloudflare
2026-10-01T10:29:40.896942+00:00,LibGen,LibGen.la,PROTECTED,200,475,,Cloudflare
2026-10-01T10:31:00.473499+00:00,LibGen,LibGen.la,TIMEOUT,,,timeout,
2026-10-01T10:31:43.150809+00:00,LibGen,LibGen.la,PROTECTED,200,2384,,Cloudflare
2026-10-01T10:32:41.618994+00:00,LibGen,LibGen.la,PROTECTED,200,661,,Cloudflare
2026-10-01T10:33:42.070949+00:00,LibGen,LibGen.la,PROTECTED,200,619,,Cloudflare
2026-10-01T10:34:42.032924+00:00,LibGen,LibGen.la,PROTECTED,200,364,,Cloudflare
2026-10-01T10:36:02.200667+00:00,LibGen,LibGen.la,DOWN,,,connection_refused,
2026-10-01T10:36:42.897669+00:00,LibGen,LibGen.la,PROTECTED,200,605,,Cloudflare
2026-10-01T10:37:43.117486+00:00,LibGen,LibGen.la,PROTECTED,200,751,,Cloudflare
2026-10-01T10:38:43.737296+00:00,LibGen,LibGen.la,PROTECTED,200,441,,Cloudflare
2026-10-01T10:39:43.269185+00:00,LibGen,LibGen.la,PROTECTED,200,300,,Cloudflare
2026-10-01T10:40:43.569869+00:00,LibGen,LibGen.la,PROTECTED,200,501,,Cloudflare
2026-10-01T10:41:44.321021+00:00,LibGen,LibGen.la,DOWN,500,803,http_error,
2026-10-01T10:42:44.551735+00:00,LibGen,LibGen.la,PROTECTED,200,654,,Cloudflare
2026-10-01T10:43:46.108059+00:00,LibGen,LibGen.la,PROTECTED,200,1234,,Cloudflare
2026-10-01T10:44:45.549075+00:00,LibGen,LibGen.la,PROTECTED,200,687,,Cloudflare
2026-10-01T10:45:55.206342+00:00,LibGen,LibGen.la,PROTECTED,200,10137,,Cloudflare
2026-10-01T10:46:45.908642+00:00,LibGen,LibGen.la,PROTECTED,200,295,,Cloudflare
2026-10-01T10:47:45.611154+00:00,LibGen,LibGen.la,PROTECTED,200,388,,Cloudflare
2026-10-01T10:48:47.809863+00:00,LibGen,LibGen.la,PROTECTED,200,1153,,Cloudflare
2026-10-01T10:49:47.285783+00:00,LibGen,LibGen.la,PROTECTED,200,732,,Cloudflare
2026-10-01T10:50:47.891184+00:00,LibGen,LibGen.la,PROTECTED,200,663,,Cloudflare
2026-10-01T10:51:48.189523+00:00,LibGen,LibGen.la,PROTECTED,200,702,,Cloudflare
2026-10-01T10:52:48.359623+00:00,LibGen,LibGen.la,PROTECTED,200,702,,Cloudflare
2026-10-01T10:53:47.744027+00:00,LibGen,LibGen.la,PROTECTED,200,462,,Cloudflare
2026-10-01T10:54:48.648861+00:00,LibGen,LibGen.la,PROTECTED,200,861,,Cloudflare
2026-10-01T10:55:48.885495+00:00,LibGen,LibGen.la,PROTECTED,200,340,,Cloudflare
2026-10-01T10:56:48.374054+00:00,LibGen,LibGen.la,PROTECTED,200,279,,Cloudflare
2026-10-01T10:57:48.452982+00:00,LibGen,LibGen.la,PROTECTED,200,319,,Cloudflare
2026-10-01T10:59:08.626090+00:00,LibGen,LibGen.la,TIMEOUT,,,timeout,
2026-10-01T10:59:49.967252+00:00,LibGen,LibGen.la,PROTECTED,200,598,,Cloudflare
2026-10-01T11:00:49.700862+00:00,LibGen,LibGen.la,PROTECTED,200,670,,Cloudflare
2026-10-01T11:01:50.007687+00:00,LibGen,LibGen.la,PROTECTED,200,985,,Cloudflare
2026-10-01T11:02:50.101634+00:00,LibGen,LibGen.la,PROTECTED,200,765,,Cloudflare
2026-10-01T11:03:51.556946+00:00,LibGen,LibGen.la,PROTECTED,200,1169,,Cloudflare
2026-10-01T11:04:51.335797+00:00,LibGen,LibGen.la,PROTECTED,200,452,,Cloudflare
2026-10-01T11:05:52.401495+00:00,LibGen,LibGen.la,PROTECTED,200,498,,Cloudflare
2026-10-01T11:06:52.299903+00:00,LibGen,LibGen.la,PROTECTED,200,308,,Cloudflare
2026-10-01T11:07:52.794909+00:00,LibGen,LibGen.la,PROTECTED,200,622,,Cloudflare
2026-10-01T11:08:52.893745+00:00,LibGen,LibGen.la,PROTECTED,200,707,,Cloudflare
2026-10-01T11:09:53.128357+00:00,LibGen,LibGen.la,PROTECTED,200,796,,Cloudflare
2026-10-01T11:10:54.230011+00:00,LibGen,LibGen.la,PROTECTED,200,917,,Cloudflare
2026-10-01T11:11:53.874178+00:00,LibGen,LibGen.la,PROTECTED,200,557,,Cloudflare
2026-10-01T11:12:54.050155+00:00,LibGen,LibGen.la,PROTECTED,200,502,,Cloudflare
2026-10-01T11:13:55.322337+00:00,LibGen,LibGen.la,PROTECTED,200,871,,Cloudflare
2026-10-01T11:14:58.716163+00:00,LibGen,LibGen.la,PROTECTED,200,4325,,Cloudflare
2026-10-01T11:15:55.234518+00:00,LibGen,LibGen.la,PROTECTED,200,628,,Cloudflare
2026-10-01T11:16:55.815886+00:00,LibGen,LibGen.la,PROTECTED,200,617,,Cloudflare
2026-10-01T11:17:56.672641+00:00,LibGen,LibGen.la,PROTECTED,200,836,,Cloudflare
2026-10-01T11:19:14.855390+00:00,LibGen,LibGen.la,PROTECTED,200,18162,,Cloudflare
2026-10-01T11:19:56.590754+00:00,LibGen,LibGen.la,PROTECTED,200,921,,Cloudflare
2026-10-01T11:20:56.834275+00:00,LibGen,LibGen.la,PROTECTED,200,345,,Cloudflare
2026-10-01T11:21:57.111020+00:00,LibGen,LibGen.la,PROTECTED,200,326,,Cloudflare
2026-10-01T11:23:02.640459+00:00,LibGen,LibGen.la,PROTECTED,200,4549,,Cloudflare
2026-10-01T11:23:58.326314+00:00,LibGen,LibGen.la,PROTECTED,200,801,,Cloudflare
2026-10-01T11:24:58.630128+00:00,LibGen,LibGen.la,PROTECTED,200,330,,Cloudflare
2026-10-01T11:25:58.728805+00:00,LibGen,LibGen.la,PROTECTED,200,666,,Cloudflare
2026-10-01T11:26:58.960734+00:00,LibGen,LibGen.la,PROTECTED,200,445,,Cloudflare
2026-10-01T11:28:02.865687+00:00,LibGen,LibGen.la,PROTECTED,200,4290,,Cloudflare
2026-10-01T11:28:59.962951+00:00,LibGen,LibGen.la,PROTECTED,200,971,,Cloudflare
2026-10-01T11:29:59.982968+00:00,LibGen,LibGen.la,PROTECTED,200,1376,,Cloudflare
2026-10-01T11:31:00.009410+00:00,LibGen,LibGen.la,PROTECTED,200,1099,,Cloudflare
2026-10-01T11:32:00.471725+00:00,LibGen,LibGen.la,PROTECTED,200,976,,Cloudflare
2026-10-01T11:33:00.752814+00:00,LibGen,LibGen.la,PROTECTED,200,796,,Cloudflare
2026-10-01T11:34:00.620962+00:00,LibGen,LibGen.la,PROTECTED,200,339,,Cloudflare
2026-10-01T11:35:01.279769+00:00,LibGen,LibGen.la,PROTECTED,200,780,,Cloudflare
2026-10-01T11:36:01.893095+00:00,LibGen,LibGen.la,PROTECTED,200,705,,Cloudflare
2026-10-01T11:37:02.359080+00:00,LibGen,LibGen.la,PROTECTED,200,763,,Cloudflare
2026-10-01T11:38:02.560061+00:00,LibGen,LibGen.la,PROTECTED,200,339,,Cloudflare
2026-10-01T11:39:03.539661+00:00,LibGen,LibGen.la,PROTECTED,200,823,,Cloudflare
2026-10-01T11:40:04.426891+00:00,LibGen,LibGen.la,PROTECTED,200,1564,,Cloudflare
2026-10-01T11:41:04.762978+00:00,LibGen,LibGen.la,PROTECTED,200,669,,Cloudflare
2026-10-01T11:42:03.812594+00:00,LibGen,LibGen.la,PROTECTED,200,626,,Cloudflare
2026-10-01T11:43:04.232738+00:00,LibGen,LibGen.la,PROTECTED,200,500,,Cloudflare
2026-10-01T11:44:04.607201+00:00,LibGen,LibGen.la,PROTECTED,200,681,,Cloudflare
2026-10-01T11:45:04.724130+00:00,LibGen,LibGen.la,PROTECTED,200,748,,Cloudflare
2026-10-01T11:46:04.761085+00:00,LibGen,LibGen.la,PROTECTED,200,578,,Cloudflare
2026-10-01T11:47:05.500947+00:00,LibGen,LibGen.la,PROTECTED,200,670,,Cloudflare
2026-10-01T11:48:06.324501+00:00,LibGen,LibGen.la,PROTECTED,200,346,,Cloudflare
2026-10-01T11:49:05.687865+00:00,LibGen,LibGen.la,PROTECTED,200,417,,Cloudflare
2026-10-01T11:50:05.932992+00:00,LibGen,LibGen.la,PROTECTED,200,548,,Cloudflare
2026-10-01T11:51:06.376807+00:00,LibGen,LibGen.la,PROTECTED,200,427,,Cloudflare
2026-10-01T11:52:06.530312+00:00,LibGen,LibGen.la,PROTECTED,200,396,,Cloudflare
2026-10-01T11:53:06.671158+00:00,LibGen,LibGen.la,PROTECTED,200,402,,Cloudflare
2026-10-01T11:54:06.784010+00:00,LibGen,LibGen.la,PROTECTED,200,451,,Cloudflare
2026-10-01T11:55:28.756531+00:00,LibGen,LibGen.la,DOWN,,,connection_refused,
2026-10-01T11:56:08.007051+00:00,LibGen,LibGen.la,PROTECTED,200,655,,Cloudflare
2026-10-01T11:57:08.406516+00:00,LibGen,LibGen.la,PROTECTED,200,577,,Cloudflare
2026-10-01T11:58:09.527799+00:00,LibGen,LibGen.la,PROTECTED,200,489,,Cloudflare
2026-10-01T11:59:08.787787+00:00,LibGen,LibGen.la,PROTECTED,200,487,,Cloudflare
2026-10-01T12:00:09.784687+00:00,LibGen,LibGen.la,PROTECTED,200,1190,,Cloudflare
2026-10-01T12:01:10.330766+00:00,LibGen,LibGen.la,PROTECTED,200,771,,Cloudflare
2026-10-01T12:02:10.972343+00:00,LibGen,LibGen.la,PROTECTED,200,824,,Cloudflare
2026-10-01T12:03:11.020036+00:00,LibGen,LibGen.la,PROTECTED,200,781,,Cloudflare
2026-10-01T12:04:12.055831+00:00,LibGen,LibGen.la,PROTECTED,200,701,,Cloudflare
2026-10-01T12:05:11.778217+00:00,LibGen,LibGen.la,PROTECTED,200,482,,Cloudflare
2026-10-01T12:06:12.597641+00:00,LibGen,LibGen.la,PROTECTED,200,1004,,Cloudflare
2026-10-01T12:07:13.262853+00:00,LibGen,LibGen.la,PROTECTED,200,934,,Cloudflare
2026-10-01T12:08:13.109704+00:00,LibGen,LibGen.la,PROTECTED,200,690,,Cloudflare
2026-10-01T12:09:13.365363+00:00,LibGen,LibGen.la,PROTECTED,200,717,,Cloudflare
2026-10-01T12:10:13.525782+00:00,LibGen,LibGen.la,PROTECTED,200,362,,Cloudflare
2026-10-01T12:11:14.920596+00:00,LibGen,LibGen.la,PROTECTED,200,1284,,Cloudflare
2026-10-01T12:12:15.271677+00:00,LibGen,LibGen.la,PROTECTED,200,855,,Cloudflare
2026-10-01T12:13:14.435736+00:00,LibGen,LibGen.la,PROTECTED,200,330,,Cloudflare
2026-10-01T12:14:15.699866+00:00,LibGen,LibGen.la,PROTECTED,200,603,,Cloudflare
2026-10-01T12:15:15.449453+00:00,LibGen,LibGen.la,PROTECTED,200,369,,Cloudflare
2026-10-01T12:16:15.912703+00:00,LibGen,LibGen.la,PROTECTED,200,621,,Cloudflare
2026-10-01T12:17:17.541408+00:00,LibGen,LibGen.la,PROTECTED,200,970,,Cloudflare
2026-10-01T12:18:16.096695+00:00,LibGen,LibGen.la,PROTECTED,200,387,,Cloudflare
2026-10-01T12:19:18.012907+00:00,LibGen,LibGen.la,PROTECTED,200,1685,,Cloudflare
2026-10-01T12:20:17.485802+00:00,LibGen,LibGen.la,PROTECTED,200,611,,Cloudflare
2026-10-01T12:21:17.401015+00:00,LibGen,LibGen.la,PROTECTED,200,781,,Cloudflare
2026-10-01T12:22:17.898635+00:00,LibGen,LibGen.la,PROTECTED,200,1217,,Cloudflare
2026-10-01T12:23:17.747253+00:00,LibGen,LibGen.la,PROTECTED,200,594,,Cloudflare
2026-10-01T12:24:17.722877+00:00,LibGen,LibGen.la,PROTECTED,200,486,,Cloudflare
2026-10-01T12:25:18.495182+00:00,LibGen,LibGen.la,PROTECTED,200,1227,,Cloudflare
2026-10-01T12:26:19.066442+00:00,LibGen,LibGen.la,PROTECTED,200,785,,Cloudflare
2026-10-01T12:27:20.389769+00:00,LibGen,LibGen.la,PROTECTED,200,1429,,Cloudflare
2026-10-01T12:28:19.705624+00:00,LibGen,LibGen.la,PROTECTED,200,1241,,Cloudflare
2026-10-01T12:29:18.973849+00:00,LibGen,LibGen.la,PROTECTED,200,730,,Cloudflare
2026-10-01T12:30:19.691096+00:00,LibGen,LibGen.la,PROTECTED,200,905,,Cloudflare
2026-10-01T12:31:20.336964+00:00,LibGen,LibGen.la,PROTECTED,200,595,,Cloudflare
2026-10-01T12:32:21.563928+00:00,LibGen,LibGen.la,PROTECTED,200,670,,Cloudflare
2026-10-01T12:33:20.836726+00:00,LibGen,LibGen.la,PROTECTED,200,344,,Cloudflare
2026-10-01T12:34:21.974922+00:00,LibGen,LibGen.la,PROTECTED,200,602,,Cloudflare
2026-10-01T12:35:22.035759+00:00,LibGen,LibGen.la,PROTECTED,200,552,,Cloudflare
2026-10-01T12:36:22.289615+00:00,LibGen,LibGen.la,PROTECTED,200,553,,Cloudflare
2026-10-01T12:37:22.633036+00:00,LibGen,LibGen.la,PROTECTED,200,348,,Cloudflare
2026-10-01T12:38:22.721336+00:00,LibGen,LibGen.la,PROTECTED,200,367,,Cloudflare
2026-10-01T12:39:24.959432+00:00,LibGen,LibGen.la,PROTECTED,200,719,,Cloudflare
2026-10-01T12:40:23.364845+00:00,LibGen,LibGen.la,PROTECTED,200,746,,Cloudflare
2026-10-01T12:41:24.721578+00:00,LibGen,LibGen.la,PROTECTED,200,1778,,Cloudflare
2026-10-01T12:42:23.485840+00:00,LibGen,LibGen.la,PROTECTED,200,358,,Cloudflare
2026-10-01T12:43:24.381116+00:00,LibGen,LibGen.la,DOWN,500,622,http_error,
2026-10-01T12:44:24.627048+00:00,LibGen,LibGen.la,PROTECTED,200,574,,Cloudflare
2026-10-01T12:45:24.895824+00:00,LibGen,LibGen.la,PROTECTED,200,354,,Cloudflare
2026-10-01T12:46:25.649567+00:00,LibGen,LibGen.la,PROTECTED,200,472,,Cloudflare
2026-10-01T12:47:26.520052+00:00,LibGen,LibGen.la,PROTECTED,200,576,,Cloudflare
2026-10-01T12:48:27.024042+00:00,LibGen,LibGen.la,PROTECTED,200,557,,Cloudflare
2026-10-01T12:49:46.846567+00:00,LibGen,LibGen.la,DOWN,,,connection_refused,
2026-10-01T12:50:27.034164+00:00,LibGen,LibGen.la,PROTECTED,200,512,,Cloudflare
2026-10-01T12:51:27.869131+00:00,LibGen,LibGen.la,PROTECTED,200,306,,Cloudflare
2026-10-01T12:52:27.998371+00:00,LibGen,LibGen.la,PROTECTED,200,687,,Cloudflare
2026-10-01T12:53:28.955018+00:00,LibGen,LibGen.la,PROTECTED,200,522,,Cloudflare
2026-10-01T12:54:28.605843+00:00,LibGen,LibGen.la,PROTECTED,200,685,,Cloudflare
2026-10-01T12:55:30.273899+00:00,LibGen,LibGen.la,PROTECTED,200,1784,,Cloudflare
2026-10-01T12:56:31.853101+00:00,LibGen,LibGen.la,PROTECTED,200,2904,,Cloudflare
2026-10-01T12:57:30.447017+00:00,LibGen,LibGen.la,PROTECTED,200,820,,Cloudflare
2026-10-01T12:58:50.470112+00:00,LibGen,LibGen.la,DOWN,,,connection_refused,
2026-10-01T12:59:30.100743+00:00,LibGen,LibGen.la,PROTECTED,200,532,,Cloudflare
2026-10-01T13:00:32.306400+00:00,LibGen,LibGen.la,PROTECTED,200,1125,,Cloudflare
2026-10-01T13:01:31.545185+00:00,LibGen,LibGen.la,PROTECTED,200,1297,,Cloudflare
2026-10-01T13:02:52.042430+00:00,LibGen,LibGen.la,DOWN,,,connection_refused,
2026-10-01T13:03:31.474883+00:00,LibGen,LibGen.la,PROTECTED,200,815,,Cloudflare
2026-10-01T13:04:31.769530+00:00,LibGen,LibGen.la,PROTECTED,200,611,,Cloudflare
2026-10-01T13:05:33.559513+00:00,LibGen,LibGen.la,PROTECTED,200,868,,Cloudflare
2026-10-01T13:06:32.214923+00:00,LibGen,LibGen.la,PROTECTED,200,397,,Cloudflare
2026-10-01T13:07:32.642623+00:00,LibGen,LibGen.la,PROTECTED,200,776,,Cloudflare
2026-10-01T13:08:35.639489+00:00,LibGen,LibGen.la,PROTECTED,200,3471,,Cloudflare
2026-10-01T13:09:35.865225+00:00,LibGen,LibGen.la,PROTECTED,200,867,,Cloudflare
2026-10-01T13:10:53.172434+00:00,LibGen,LibGen.la,DOWN,,,connection_refused,
2026-10-01T13:11:33.685598+00:00,LibGen,LibGen.la,PROTECTED,200,709,,Cloudflare
2026-10-01T13:12:34.201607+00:00,LibGen,LibGen.la,PROTECTED,200,580,,Cloudflare
2026-10-01T13:13:34.238470+00:00,LibGen,LibGen.la,PROTECTED,200,419,,Cloudflare
2026-10-01T13:14:34.403586+00:00,LibGen,LibGen.la,PROTECTED,200,469,,Cloudflare
2026-10-01T13:15:34.992341+00:00,LibGen,LibGen.la,PROTECTED,200,376,,Cloudflare
2026-10-01T13:16:35.663913+00:00,LibGen,LibGen.la,PROTECTED,200,1168,,Cloudflare
2026-10-01T13:17:35.822729+00:00,LibGen,LibGen.la,PROTECTED,200,772,,Cloudflare
2026-10-01T13:18:36.196765+00:00,LibGen,LibGen.la,PROTECTED,200,417,,Cloudflare
2026-10-01T13:19:37.911951+00:00,LibGen,LibGen.la,PROTECTED,200,331,,Cloudflare
2026-10-01T13:20:36.970100+00:00,LibGen,LibGen.la,PROTECTED,200,1248,,Cloudflare
2026-10-01T13:21:37.342870+00:00,LibGen,LibGen.la,PROTECTED,200,923,,Cloudflare
2026-10-01T13:22:37.418806+00:00,LibGen,LibGen.la,PROTECTED,200,539,,Cloudflare
2026-10-01T13:23:37.702990+00:00,LibGen,LibGen.la,PROTECTED,200,491,,Cloudflare
2026-10-01T13:24:38.131821+00:00,LibGen,LibGen.la,PROTECTED,200,398,,Cloudflare
2026-10-01T13:25:38.506800+00:00,LibGen,LibGen.la,PROTECTED,200,305,,Cloudflare
2026-10-01T13:26:39.450138+00:00,LibGen,LibGen.la,PROTECTED,200,694,,Cloudflare
2026-10-01T13:27:40.289610+00:00,LibGen,LibGen.la,PROTECTED,200,875,,Cloudflare
2026-10-01T13:28:40.283509+00:00,LibGen,LibGen.la,PROTECTED,200,368,,Cloudflare
2026-10-01T13:29:40.724056+00:00,LibGen,LibGen.la,PROTECTED,200,656,,Cloudflare
2026-10-01T13:30:41.188589+00:00,LibGen,LibGen.la,PROTECTED,200,879,,Cloudflare
2026-10-01T13:31:41.235067+00:00,LibGen,LibGen.la,PROTECTED,200,381,,Cloudflare
2026-10-01T13:32:42.168801+00:00,LibGen,LibGen.la,PROTECTED,200,916,,Cloudflare
2026-10-01T13:33:42.126241+00:00,LibGen,LibGen.la,PROTECTED,200,652,,Cloudflare
2026-10-01T13:34:41.968041+00:00,LibGen,LibGen.la,PROTECTED,200,298,,Cloudflare
2026-10-01T13:35:43.270869+00:00,LibGen,LibGen.la,PROTECTED,200,380,,Cloudflare
2026-10-01T13:36:43.795578+00:00,LibGen,LibGen.la,PROTECTED,200,588,,Cloudflare
2026-10-01T13:37:44.528483+00:00,LibGen,LibGen.la,PROTECTED,200,681,,Cloudflare
2026-10-01T13:39:04.826135+00:00,LibGen,LibGen.la,DOWN,,,connection_refused,
2026-10-01T13:39:44.652700+00:00,LibGen,LibGen.la,PROTECTED,200,549,,Cloudflare
2026-10-01T13:40:44.759762+00:00,LibGen,LibGen.la,PROTECTED,200,1006,,Cloudflare
2026-10-01T13:41:44.366418+00:00,LibGen,LibGen.la,PROTECTED,200,493,,Cloudflare
2026-10-01T13:42:45.173186+00:00,LibGen,LibGen.la,PROTECTED,200,749,,Cloudflare
2026-10-01T13:43:45.278044+00:00,LibGen,LibGen.la,PROTECTED,200,599,,Cloudflare
2026-10-01T13:44:45.687997+00:00,LibGen,LibGen.la,PROTECTED,200,507,,Cloudflare
2026-10-01T13:45:45.912002+00:00,LibGen,LibGen.la,PROTECTED,200,574,,Cloudflare
2026-10-01T13:47:06.682730+00:00,LibGen,LibGen.la,DOWN,,,connection_refused,
2026-10-01T13:47:46.805697+00:00,LibGen,LibGen.la,PROTECTED,200,712,,Cloudflare
2026-10-01T13:48:47.452335+00:00,LibGen,LibGen.la,PROTECTED,200,657,,Cloudflare
2026-10-01T13:49:48.494943+00:00,LibGen,LibGen.la,PROTECTED,200,686,,Cloudflare
2026-10-01T13:50:48.490888+00:00,LibGen,LibGen.la,PROTECTED,200,749,,Cloudflare
2026-10-01T13:51:48.733040+00:00,LibGen,LibGen.la,PROTECTED,200,795,,Cloudflare
2026-10-01T13:52:48.713883+00:00,LibGen,LibGen.la,PROTECTED,200,572,,Cloudflare
2026-10-01T13:53:49.957617+00:00,LibGen,LibGen.la,PROTECTED,200,717,,Cloudflare
2026-10-01T13:54:49.591099+00:00,LibGen,LibGen.la,PROTECTED,200,431,,Cloudflare
2026-10-01T13:55:50.008824+00:00,LibGen,LibGen.la,PROTECTED,200,717,,Cloudflare
2026-10-01T13:56:49.976182+00:00,LibGen,LibGen.la,PROTECTED,200,608,,Cloudflare
2026-10-01T13:57:50.158868+00:00,LibGen,LibGen.la,PROTECTED,200,566,,Cloudflare
2026-10-01T13:58:50.885606+00:00,LibGen,LibGen.la,PROTECTED,200,329,,Cloudflare
2026-10-01T13:59:51.782016+00:00,LibGen,LibGen.la,PROTECTED,200,1565,,Cloudflare
2026-10-01T14:00:51.111863+00:00,LibGen,LibGen.la,PROTECTED,200,557,,Cloudflare
2026-10-01T14:01:51.547064+00:00,LibGen,LibGen.la,PROTECTED,200,329,,Cloudflare
2026-10-01T14:02:52.830779+00:00,LibGen,LibGen.la,PROTECTED,200,1735,,Cloudflare
2026-10-01T14:03:52.268014+00:00,LibGen,LibGen.la,PROTECTED,200,579,,Cloudflare
2026-10-01T14:04:53.249578+00:00,LibGen,LibGen.la,PROTECTED,200,1030,,Cloudflare
2026-10-01T14:05:52.823633+00:00,LibGen,LibGen.la,PROTECTED,200,644,,Cloudflare
2026-10-01T14:06:53.209801+00:00,LibGen,LibGen.la,PROTECTED,200,406,,Cloudflare
2026-10-01T14:07:54.791682+00:00,LibGen,LibGen.la,PROTECTED,200,1404,,Cloudflare
2026-10-01T14:08:53.912919+00:00,LibGen,LibGen.la,PROTECTED,200,316,,Cloudflare
2026-10-01T14:09:55.109025+00:00,LibGen,LibGen.la,PROTECTED,200,813,,Cloudflare
2026-10-01T14:10:54.716348+00:00,LibGen,LibGen.la,PROTECTED,200,778,,Cloudflare
2026-10-01T14:11:55.793253+00:00,LibGen,LibGen.la,PROTECTED,200,1250,,Cloudflare
2026-10-01T14:12:55.072240+00:00,LibGen,LibGen.la,PROTECTED,200,355,,Cloudflare
2026-10-01T14:14:16.234880+00:00,LibGen,LibGen.la,DOWN,,,connection_refused,
2026-10-01T14:14:55.655150+00:00,LibGen,LibGen.la,PROTECTED,200,545,,Cloudflare
2026-10-01T14:15:56.513909+00:00,LibGen,LibGen.la,PROTECTED,200,713,,Cloudflare
2026-10-01T14:16:56.713660+00:00,LibGen,LibGen.la,PROTECTED,200,346,,Cloudflare
2026-10-01T14:17:57.255442+00:00,LibGen,LibGen.la,PROTECTED,200,724,,Cloudflare
2026-10-01T14:18:58.542714+00:00,LibGen,LibGen.la,PROTECTED,200,756,,Cloudflare
2026-10-01T14:19:58.749616+00:00,LibGen,LibGen.la,PROTECTED,200,806,,Cloudflare
2026-10-01T14:20:59.549686+00:00,LibGen,LibGen.la,PROTECTED,200,1043,,Cloudflare
2026-10-01T14:21:59.897094+00:00,LibGen,LibGen.la,PROTECTED,200,766,,Cloudflare
2026-10-01T14:23:00.226741+00:00,LibGen,LibGen.la,PROTECTED,200,403,,Cloudflare
2026-10-01T14:24:01.182133+00:00,LibGen,LibGen.la,PROTECTED,200,1416,,Cloudflare
2026-10-01T14:25:01.004240+00:00,LibGen,LibGen.la,PROTECTED,200,945,,Cloudflare
2026-10-01T14:26:02.237829+00:00,LibGen,LibGen.la,PROTECTED,200,2007,,Cloudflare
2026-10-01T14:27:00.895086+00:00,LibGen,LibGen.la,PROTECTED,200,300,,Cloudflare
2026-10-01T14:28:01.461615+00:00,LibGen,LibGen.la,PROTECTED,200,624,,Cloudflare
2026-10-01T14:29:03.399863+00:00,LibGen,LibGen.la,PROTECTED,200,1612,,Cloudflare
2026-10-01T14:30:02.459111+00:00,LibGen,LibGen.la,PROTECTED,200,479,,Cloudflare
2026-10-01T14:31:03.836014+00:00,LibGen,LibGen.la,PROTECTED,200,834,,Cloudflare
2026-10-01T14:32:04.248854+00:00,LibGen,LibGen.la,PROTECTED,200,962,,Cloudflare
2026-10-01T14:33:04.739699+00:00,LibGen,LibGen.la,PROTECTED,200,694,,Cloudflare
2026-10-01T14:34:04.530939+00:00,LibGen,LibGen.la,PROTECTED,200,624,,Cloudflare
2026-10-01T14:35:04.742917+00:00,LibGen,LibGen.la,PROTECTED,200,658,,Cloudflare
2026-10-01T14:36:07.401618+00:00,LibGen,LibGen.la,PROTECTED,200,336,,Cloudflare
2026-10-01T14:37:05.967872+00:00,LibGen,LibGen.la,PROTECTED,200,601,,Cloudflare
2026-10-01T14:38:05.945339+00:00,LibGen,LibGen.la,PROTECTED,200,428,,Cloudflare
2026-10-01T14:39:06.510895+00:00,LibGen,LibGen.la,PROTECTED,200,778,,Cloudflare
2026-10-01T14:40:07.056929+00:00,LibGen,LibGen.la,PROTECTED,200,905,,Cloudflare
2026-10-01T14:41:27.301208+00:00,LibGen,LibGen.la,DOWN,,,connection_refused,
2026-10-01T14:42:10.813765+00:00,LibGen,LibGen.la,PROTECTED,200,3401,,Cloudflare
2026-10-01T14:43:08.282089+00:00,LibGen,LibGen.la,PROTECTED,200,522,,Cloudflare
2026-10-01T14:44:08.340948+00:00,LibGen,LibGen.la,PROTECTED,200,349,,Cloudflare
2026-10-01T14:45:09.353378+00:00,LibGen,LibGen.la,PROTECTED,200,822,,Cloudflare
2026-10-01T14:46:29.790734+00:00,LibGen,LibGen.la,DOWN,,,connection_refused,
2026-10-01T14:47:10.029570+00:00,LibGen,LibGen.la,PROTECTED,200,653,,Cloudflare
2026-10-01T14:48:10.449999+00:00,LibGen,LibGen.la,PROTECTED,200,1321,,Cloudflare
2026-10-01T14:49:10.452707+00:00,LibGen,LibGen.la,PROTECTED,200,749,,Cloudflare
2026-10-01T14:50:10.860695+00:00,LibGen,LibGen.la,PROTECTED,200,454,,Cloudflare
2026-10-01T14:51:14.087916+00:00,LibGen,LibGen.la,PROTECTED,200,2936,,Cloudflare
2026-10-01T14:52:11.931996+00:00,LibGen,LibGen.la,PROTECTED,200,777,,Cloudflare
2026-10-01T14:53:11.967073+00:00,LibGen,LibGen.la,PROTECTED,200,574,,Cloudflare
2026-10-01T14:54:12.319795+00:00,LibGen,LibGen.la,PROTECTED,200,346,,Cloudflare
2026-10-01T14:55:13.753709+00:00,LibGen,LibGen.la,PROTECTED,200,1454,,Cloudflare
2026-10-01T14:56:13.832844+00:00,LibGen,LibGen.la,PROTECTED,200,1023,,Cloudflare
2026-10-01T14:57:16.568120+00:00,LibGen,LibGen.la,PROTECTED,200,3549,,Cloudflare
2026-10-01T14:58:13.569957+00:00,LibGen,LibGen.la,PROTECTED,200,368,,Cloudflare
2026-10-01T14:59:16.350040+00:00,LibGen,LibGen.la,PROTECTED,200,2946,,Cloudflare
2026-10-01T15:00:14.862559+00:00,LibGen,LibGen.la,PROTECTED,200,1170,,Cloudflare
2026-10-01T15:01:15.321126+00:00,LibGen,LibGen.la,PROTECTED,200,955,,Cloudflare
2026-10-01T15:02:16.462113+00:00,LibGen,LibGen.la,PROTECTED,200,715,,Cloudflare
2026-10-01T15:03:16.355721+00:00,LibGen,LibGen.la,PROTECTED,200,813,,Cloudflare
2026-10-01T15:04:16.299617+00:00,LibGen,LibGen.la,PROTECTED,200,366,,Cloudflare
2026-10-01T15:05:16.900349+00:00,LibGen,LibGen.la,PROTECTED,200,342,,Cloudflare
2026-10-01T15:06:17.612890+00:00,LibGen,LibGen.la,PROTECTED,200,621,,Cloudflare
2026-10-01T15:07:18.092296+00:00,LibGen,LibGen.la,PROTECTED,200,322,,Cloudflare
2026-10-01T15:08:19.241692+00:00,LibGen,LibGen.la,PROTECTED,200,730,,Cloudflare
2026-10-01T15:09:18.288001+00:00,LibGen,LibGen.la,PROTECTED,200,313,,Cloudflare
2026-10-01T15:10:18.475864+00:00,LibGen,LibGen.la,PROTECTED,200,352,,Cloudflare
2026-10-01T15:11:18.913506+00:00,LibGen,LibGen.la,PROTECTED,200,329,,Cloudflare
2026-10-01T15:12:19.554337+00:00,LibGen,LibGen.la,PROTECTED,200,597,,Cloudflare
2026-10-01T15:13:19.978074+00:00,LibGen,LibGen.la,PROTECTED,200,410,,Cloudflare
2026-10-01T15:14:21.058929+00:00,LibGen,LibGen.la,PROTECTED,200,609,,Cloudflare
2026-10-01T15:15:21.526135+00:00,LibGen,LibGen.la,PROTECTED,200,762,,Cloudflare
2026-10-01T15:16:21.437510+00:00,LibGen,LibGen.la,PROTECTED,200,797,,Cloudflare
2026-10-01T15:17:21.683663+00:00,LibGen,LibGen.la,PROTECTED,200,636,,Cloudflare
2026-10-01T15:18:43.390084+00:00,LibGen,LibGen.la,DOWN,,,connection_refused,
2026-10-01T15:19:23.372858+00:00,LibGen,LibGen.la,PROTECTED,200,729,,Cloudflare
2026-10-01T15:20:27.219264+00:00,LibGen,LibGen.la,PROTECTED,200,4735,,Cloudflare
2026-10-01T15:21:23.123941+00:00,LibGen,LibGen.la,PROTECTED,200,401,,Cloudflare
2026-10-01T15:22:43.879589+00:00,LibGen,LibGen.la,DOWN,,,connection_refused,
2026-10-01T15:23:25.659803+00:00,LibGen,LibGen.la,PROTECTED,200,673,,Cloudflare
2026-10-01T15:24:24.643714+00:00,LibGen,LibGen.la,PROTECTED,200,496,,Cloudflare
2026-10-01T15:25:24.610637+00:00,LibGen,LibGen.la,PROTECTED,200,359,,Cloudflare
2026-10-01T15:26:45.547046+00:00,LibGen,LibGen.la,DOWN,,,connection_refused,
2026-10-01T15:27:25.561262+00:00,LibGen,LibGen.la,PROTECTED,200,532,,Cloudflare
2026-10-01T15:28:26.874928+00:00,LibGen,LibGen.la,PROTECTED,200,808,,Cloudflare
2026-10-01T15:29:26.685382+00:00,LibGen,LibGen.la,PROTECTED,200,339,,Cloudflare
2026-10-01T15:30:26.962430+00:00,LibGen,LibGen.la,PROTECTED,200,484,,Cloudflare
2026-10-01T15:31:28.334888+00:00,LibGen,LibGen.la,PROTECTED,200,364,,Cloudflare
2026-10-01T15:32:27.930966+00:00,LibGen,LibGen.la,PROTECTED,200,661,,Cloudflare
2026-10-01T15:33:29.943994+00:00,LibGen,LibGen.la,PROTECTED,200,2490,,Cloudflare
2026-10-01T15:34:28.656725+00:00,LibGen,LibGen.la,PROTECTED,200,632,,Cloudflare
2026-10-01T15:35:29.170901+00:00,LibGen,LibGen.la,PROTECTED,200,614,,Cloudflare
2026-10-01T15:36:29.732187+00:00,LibGen,LibGen.la,PROTECTED,200,357,,Cloudflare
2026-10-01T15:37:29.881365+00:00,LibGen,LibGen.la,PROTECTED,200,643,,Cloudflare
2026-10-01T15:38:30.519255+00:00,LibGen,LibGen.la,PROTECTED,200,763,,Cloudflare
2026-10-01T15:39:31.112562+00:00,LibGen,LibGen.la,PROTECTED,200,603,,Cloudflare
2026-10-01T15:40:31.304789+00:00,LibGen,LibGen.la,PROTECTED,200,365,,Cloudflare
2026-10-01T15:41:31.918840+00:00,LibGen,LibGen.la,PROTECTED,200,361,,Cloudflare
2026-10-01T15:42:32.140815+00:00,LibGen,LibGen.la,PROTECTED,200,641,,Cloudflare
2026-10-01T15:43:32.687573+00:00,LibGen,LibGen.la,PROTECTED,200,564,,Cloudflare
2026-10-01T15:44:32.582234+00:00,LibGen,LibGen.la,PROTECTED,200,349,,Cloudflare
2026-10-01T15:45:33.306621+00:00,LibGen,LibGen.la,PROTECTED,200,610,,Cloudflare
2026-10-01T15:46:33.460461+00:00,LibGen,LibGen.la,PROTECTED,200,398,,Cloudflare
2026-10-01T15:47:34.017567+00:00,LibGen,LibGen.la,PROTECTED,200,421,,Cloudflare
2026-10-01T15:48:34.521594+00:00,LibGen,LibGen.la,PROTECTED,200,713,,Cloudflare
2026-10-01T15:49:35.684588+00:00,LibGen,LibGen.la,PROTECTED,200,1627,,Cloudflare
2026-10-01T15:50:35.361000+00:00,LibGen,LibGen.la,PROTECTED,200,435,,Cloudflare
2026-10-01T15:51:35.883739+00:00,LibGen,LibGen.la,PROTECTED,200,723,,Cloudflare
2026-10-01T15:52:56.009481+00:00,LibGen,LibGen.la,DOWN,,,connection_refused,
2026-10-01T15:53:36.362633+00:00,LibGen,LibGen.la,PROTECTED,200,561,,Cloudflare
2026-10-01T15:54:36.378622+00:00,LibGen,LibGen.la,PROTECTED,200,341,,Cloudflare
2026-10-01T15:55:36.997131+00:00,LibGen,LibGen.la,PROTECTED,200,695,,Cloudflare
2026-10-01T15:56:39.514062+00:00,LibGen,LibGen.la,PROTECTED,200,468,,Cloudflare
2026-10-01T15:57:57.474785+00:00,LibGen,LibGen.la,DOWN,,,connection_refused,
2026-10-01T15:58:37.680908+00:00,LibGen,LibGen.la,PROTECTED,200,554,,Cloudflare
2026-10-01T15:59:38.024518+00:00,LibGen,LibGen.la,PROTECTED,200,286,,Cloudflare
2026-10-01T16:00:38.768298+00:00,LibGen,LibGen.la,PROTECTED,200,635,,Cloudflare
2026-10-01T16:01:39.460976+00:00,LibGen,LibGen.la,PROTECTED,200,551,,Cloudflare
2026-10-01T16:02:39.829160+00:00,LibGen,LibGen.la,PROTECTED,200,576,,Cloudflare
2026-10-01T16:03:40.213830+00:00,LibGen,LibGen.la,PROTECTED,200,289,,Cloudflare
2026-10-01T16:04:41.060728+00:00,LibGen,LibGen.la,PROTECTED,200,667,,Cloudflare
2026-10-01T16:05:41.400920+00:00,LibGen,LibGen.la,PROTECTED,200,307,,Cloudflare
2026-10-01T16:06:42.408759+00:00,LibGen,LibGen.la,PROTECTED,200,860,,Cloudflare
2026-10-01T16:07:42.588695+00:00,LibGen,LibGen.la,PROTECTED,200,326,,Cloudflare
2026-10-01T16:08:43.634976+00:00,LibGen,LibGen.la,PROTECTED,200,1389,,Cloudflare
2026-10-01T16:09:43.623629+00:00,LibGen,LibGen.la,PROTECTED,200,956,,Cloudflare
2026-10-01T16:10:43.341033+00:00,LibGen,LibGen.la,PROTECTED,200,463,,Cloudflare
2026-10-01T16:11:43.921102+00:00,LibGen,LibGen.la,PROTECTED,200,420,,Cloudflare
2026-10-01T16:12:44.269021+00:00,LibGen,LibGen.la,PROTECTED,200,452,,Cloudflare
2026-10-01T16:13:45.756250+00:00,LibGen,LibGen.la,PROTECTED,200,884,,Cloudflare
2026-10-01T16:14:45.359228+00:00,LibGen,LibGen.la,PROTECTED,200,707,,Cloudflare
2026-10-01T16:15:51.890218+00:00,LibGen,LibGen.la,PROTECTED,200,6791,,Cloudflare
2026-10-01T16:16:46.041758+00:00,LibGen,LibGen.la,PROTECTED,200,306,,Cloudflare
2026-10-01T16:17:46.709804+00:00,LibGen,LibGen.la,PROTECTED,200,346,,Cloudflare
2026-10-01T16:18:47.435566+00:00,LibGen,LibGen.la,PROTECTED,200,850,,Cloudflare
2026-10-01T16:19:48.162838+00:00,LibGen,LibGen.la,PROTECTED,200,343,,Cloudflare
2026-10-01T16:20:49.209248+00:00,LibGen,LibGen.la,PROTECTED,200,1146,,Cloudflare
2026-10-01T16:21:48.765838+00:00,LibGen,LibGen.la,PROTECTED,200,330,,Cloudflare
2026-10-01T16:22:50.480946+00:00,LibGen,LibGen.la,PROTECTED,200,1489,,Cloudflare
2026-10-01T16:23:49.764646+00:00,LibGen,LibGen.la,PROTECTED,200,345,,Cloudflare
2026-10-01T16:24:50.836098+00:00,LibGen,LibGen.la,PROTECTED,200,329,,Cloudflare
2026-10-01T16:25:51.088861+00:00,LibGen,LibGen.la,PROTECTED,200,935,,Cloudflare
2026-10-01T16:26:51.403218+00:00,LibGen,LibGen.la,PROTECTED,200,432,,Cloudflare
2026-10-01T16:27:50.845681+00:00,LibGen,LibGen.la,PROTECTED,200,586,,Cloudflare
2026-10-01T16:28:51.406656+00:00,LibGen,LibGen.la,PROTECTED,200,636,,Cloudflare
2026-10-01T16:29:51.884022+00:00,LibGen,LibGen.la,PROTECTED,200,626,,Cloudflare
2026-10-01T16:30:52.176224+00:00,LibGen,LibGen.la,PROTECTED,200,958,,Cloudflare
2026-10-01T16:31:51.956477+00:00,LibGen,LibGen.la,PROTECTED,200,556,,Cloudflare
2026-10-01T16:32:52.020540+00:00,LibGen,LibGen.la,PROTECTED,200,517,,Cloudflare
2026-10-01T16:33:53.395613+00:00,LibGen,LibGen.la,PROTECTED,200,647,,Cloudflare
2026-10-01T16:34:53.233658+00:00,LibGen,LibGen.la,PROTECTED,200,805,,Cloudflare
2026-10-01T16:35:53.533775+00:00,LibGen,LibGen.la,PROTECTED,200,355,,Cloudflare
2026-10-01T16:36:54.432481+00:00,LibGen,LibGen.la,PROTECTED,200,430,,Cloudflare
2026-10-01T16:37:54.161943+00:00,LibGen,LibGen.la,PROTECTED,200,358,,Cloudflare
2026-10-01T16:38:54.743115+00:00,LibGen,LibGen.la,PROTECTED,200,405,,Cloudflare
2026-10-01T16:40:15.626459+00:00,LibGen,LibGen.la,DOWN,,,connection_refused,
2026-10-01T16:40:55.850560+00:00,LibGen,LibGen.la,PROTECTED,200,1009,,Cloudflare
2026-10-01T16:41:55.557809+00:00,LibGen,LibGen.la,PROTECTED,200,553,,Cloudflare
2026-10-01T16:42:56.371760+00:00,LibGen,LibGen.la,PROTECTED,200,833,,Cloudflare
2026-10-01T16:43:56.825052+00:00,LibGen,LibGen.la,PROTECTED,200,521,,Cloudflare
2026-10-01T16:44:57.435261+00:00,LibGen,LibGen.la,PROTECTED,200,814,,Cloudflare
2026-10-01T16:45:57.953695+00:00,LibGen,LibGen.la,PROTECTED,200,892,,Cloudflare
2026-10-01T16:46:59.286955+00:00,LibGen,LibGen.la,PROTECTED,200,652,,Cloudflare
2026-10-01T16:48:01.200671+00:00,LibGen,LibGen.la,PROTECTED,200,1990,,Cloudflare
2026-10-01T16:48:59.748232+00:00,LibGen,LibGen.la,PROTECTED,200,647,,Cloudflare
2026-10-01T16:50:00.965989+00:00,LibGen,LibGen.la,PROTECTED,200,376,,Cloudflare
2026-10-01T16:51:00.676774+00:00,LibGen,LibGen.la,PROTECTED,200,433,,Cloudflare
2026-10-01T16:52:01.491233+00:00,LibGen,LibGen.la,PROTECTED,200,512,,Cloudflare
2026-10-01T16:53:02.340607+00:00,LibGen,LibGen.la,PROTECTED,200,703,,Cloudflare
2026-10-01T16:54:02.817774+00:00,LibGen,LibGen.la,PROTECTED,200,725,,Cloudflare
2026-10-01T16:55:03.609538+00:00,LibGen,LibGen.la,PROTECTED,200,874,,Cloudflare
2026-10-01T16:56:03.758090+00:00,LibGen,LibGen.la,PROTECTED,200,944,,Cloudflare
2026-10-01T16:57:03.842485+00:00,LibGen,LibGen.la,PROTECTED,200,771,,Cloudflare
2026-10-01T16:58:04.389759+00:00,LibGen,LibGen.la,PROTECTED,200,649,,Cloudflare
2026-10-01T16:59:04.841116+00:00,LibGen,LibGen.la,PROTECTED,200,457,,Cloudflare
2026-10-01T17:00:05.269243+00:00,LibGen,LibGen.la,PROTECTED,200,376,,Cloudflare
2026-10-01T17:01:06.078108+00:00,LibGen,LibGen.la,PROTECTED,200,418,,Cloudflare
2026-10-01T17:02:09.766055+00:00,LibGen,LibGen.la,PROTECTED,200,3789,,Cloudflare
2026-10-01T17:03:07.287644+00:00,LibGen,LibGen.la,PROTECTED,200,707,,Cloudflare
2026-10-01T17:04:07.604220+00:00,LibGen,LibGen.la,PROTECTED,200,845,,Cloudflare
2026-10-01T17:05:09.049819+00:00,LibGen,LibGen.la,PROTECTED,200,2063,,Cloudflare
2026-10-01T17:06:07.893120+00:00,LibGen,LibGen.la,PROTECTED,200,741,,Cloudflare
2026-10-01T17:07:08.386025+00:00,LibGen,LibGen.la,PROTECTED,200,360,,Cloudflare
2026-10-01T17:08:09.339169+00:00,LibGen,LibGen.la,PROTECTED,200,784,,Cloudflare
2026-10-01T17:09:10.698348+00:00,LibGen,LibGen.la,PROTECTED,200,598,,Cloudflare
2026-10-01T17:10:09.689775+00:00,LibGen,LibGen.la,PROTECTED,200,654,,Cloudflare
2026-10-01T17:11:10.427717+00:00,LibGen,LibGen.la,PROTECTED,200,376,,Cloudflare
2026-10-01T17:12:10.967473+00:00,LibGen,LibGen.la,PROTECTED,200,1032,,Cloudflare
2026-10-01T17:13:10.730717+00:00,LibGen,LibGen.la,PROTECTED,200,377,,Cloudflare
2026-10-01T17:14:11.930711+00:00,LibGen,LibGen.la,PROTECTED,200,1287,,Cloudflare
2026-10-01T17:15:12.764517+00:00,LibGen,LibGen.la,PROTECTED,200,1154,,Cloudflare
2026-10-01T17:16:12.127043+00:00,LibGen,LibGen.la,PROTECTED,200,374,,Cloudflare
2026-10-01T17:17:14.058096+00:00,LibGen,LibGen.la,PROTECTED,200,1518,,Cloudflare
2026-10-01T17:18:13.626876+00:00,LibGen,LibGen.la,PROTECTED,200,818,,Cloudflare
2026-10-01T17:19:14.542236+00:00,LibGen,LibGen.la,PROTECTED,200,732,,Cloudflare
2026-10-01T17:20:14.653138+00:00,LibGen,LibGen.la,PROTECTED,200,691,,Cloudflare
2026-10-01T17:21:14.344062+00:00,LibGen,LibGen.la,PROTECTED,200,676,,Cloudflare
2026-10-01T17:22:14.155945+00:00,LibGen,LibGen.la,PROTECTED,200,424,,Cloudflare
2026-10-01T17:23:14.800070+00:00,LibGen,LibGen.la,PROTECTED,200,405,,Cloudflare
2026-10-01T17:24:15.811591+00:00,LibGen,LibGen.la,PROTECTED,200,763,,Cloudflare
2026-10-01T17:25:21.016102+00:00,LibGen,LibGen.la,PROTECTED,200,5744,,Cloudflare
2026-10-01T17:26:15.714086+00:00,LibGen,LibGen.la,PROTECTED,200,535,,Cloudflare
2026-10-01T17:27:16.430691+00:00,LibGen,LibGen.la,PROTECTED,200,729,,Cloudflare
2026-10-01T17:28:16.440327+00:00,LibGen,LibGen.la,PROTECTED,200,425,,Cloudflare
2026-10-01T17:29:16.594866+00:00,LibGen,LibGen.la,PROTECTED,200,405,,Cloudflare
2026-10-01T17:30:17.602762+00:00,LibGen,LibGen.la,PROTECTED,200,936,,Cloudflare
2026-10-01T17:31:17.885036+00:00,LibGen,LibGen.la,PROTECTED,200,399,,Cloudflare
2026-10-01T17:32:18.664029+00:00,LibGen,LibGen.la,PROTECTED,200,905,,Cloudflare
2026-10-01T17:33:20.515200+00:00,LibGen,LibGen.la,PROTECTED,200,2590,,Cloudflare
2026-10-01T17:34:19.474920+00:00,LibGen,LibGen.la,PROTECTED,200,916,,Cloudflare
2026-10-01T17:35:18.976220+00:00,LibGen,LibGen.la,PROTECTED,200,611,,Cloudflare
2026-10-01T17:36:19.161739+00:00,LibGen,LibGen.la,PROTECTED,200,438,,Cloudflare
2026-10-01T17:37:20.386234+00:00,LibGen,LibGen.la,PROTECTED,200,873,,Cloudflare
2026-10-01T17:38:20.112692+00:00,LibGen,LibGen.la,PROTECTED,200,325,,Cloudflare
2026-10-01T17:39:20.830629+00:00,LibGen,LibGen.la,PROTECTED,200,846,,Cloudflare
2026-10-01T17:40:20.824663+00:00,LibGen,LibGen.la,PROTECTED,200,756,,Cloudflare
2026-10-01T17:41:22.836904+00:00,LibGen,LibGen.la,PROTECTED,200,1675,,Cloudflare
2026-10-01T17:42:21.904450+00:00,LibGen,LibGen.la,PROTECTED,200,342,,Cloudflare
2026-10-01T17:43:21.576256+00:00,LibGen,LibGen.la,PROTECTED,200,402,,Cloudflare
2026-10-01T17:44:41.923846+00:00,LibGen,LibGen.la,DOWN,,,connection_refused,
2026-10-01T17:45:22.307139+00:00,LibGen,LibGen.la,PROTECTED,200,660,,Cloudflare
2026-10-01T17:46:25.741898+00:00,LibGen,LibGen.la,PROTECTED,200,3785,,Cloudflare
2026-10-01T17:47:23.876666+00:00,LibGen,LibGen.la,PROTECTED,200,757,,Cloudflare
2026-10-01T17:48:47.666551+00:00,LibGen,LibGen.la,DOWN,,,connection_refused,
2026-10-01T17:49:26.624015+00:00,LibGen,LibGen.la,PROTECTED,200,3446,,Cloudflare
2026-10-01T17:50:24.133436+00:00,LibGen,LibGen.la,PROTECTED,200,357,,Cloudflare
2026-10-01T17:51:24.838397+00:00,LibGen,LibGen.la,PROTECTED,200,742,,Cloudflare
2026-10-01T17:52:25.159954+00:00,LibGen,LibGen.la,PROTECTED,200,771,,Cloudflare
2026-10-01T17:53:25.469606+00:00,LibGen,LibGen.la,PROTECTED,200,544,,Cloudflare
2026-10-01T17:54:25.630829+00:00,LibGen,LibGen.la,PROTECTED,200,568,,Cloudflare
2026-10-01T17:55:26.491215+00:00,LibGen,LibGen.la,PROTECTED,200,816,,Cloudflare
2026-10-01T17:56:25.792500+00:00,LibGen,LibGen.la,PROTECTED,200,377,,Cloudflare
2026-10-01T17:57:30.098571+00:00,LibGen,LibGen.la,PROTECTED,200,4143,,Cloudflare
2026-10-01T17:58:27.392730+00:00,LibGen,LibGen.la,PROTECTED,200,361,,Cloudflare
2026-10-01T17:59:28.205114+00:00,LibGen,LibGen.la,PROTECTED,200,756,,Cloudflare
2026-10-01T18:00:28.189390+00:00,LibGen,LibGen.la,PROTECTED,200,586,,Cloudflare
2026-10-01T18:01:29.210961+00:00,LibGen,LibGen.la,PROTECTED,200,710,,Cloudflare
2026-10-01T18:02:29.512182+00:00,LibGen,LibGen.la,PROTECTED,200,747,,Cloudflare
2026-10-01T18:03:30.534065+00:00,LibGen,LibGen.la,PROTECTED,200,1095,,Cloudflare
2026-10-01T18:04:30.016034+00:00,LibGen,LibGen.la,PROTECTED,200,705,,Cloudflare
2026-10-01T18:05:32.757934+00:00,LibGen,LibGen.la,PROTECTED,200,2812,,Cloudflare
2026-10-01T18:06:32.446798+00:00,LibGen,LibGen.la,PROTECTED,200,1869,,Cloudflare
2026-10-01T18:07:31.286652+00:00,LibGen,LibGen.la,PROTECTED,200,466,,Cloudflare
2026-10-01T18:08:32.570637+00:00,LibGen,LibGen.la,PROTECTED,200,671,,Cloudflare
2026-10-01T18:09:34.928124+00:00,LibGen,LibGen.la,PROTECTED,200,3112,,Cloudflare
2026-10-01T18:10:32.849608+00:00,LibGen,LibGen.la,PROTECTED,200,777,,Cloudflare
2026-10-01T18:11:32.855142+00:00,LibGen,LibGen.la,PROTECTED,200,433,,Cloudflare
2026-10-01T18:12:34.625752+00:00,LibGen,LibGen.la,PROTECTED,200,750,,Cloudflare
2026-10-01T18:13:34.344041+00:00,LibGen,LibGen.la,PROTECTED,200,950,,Cloudflare
2026-10-01T18:14:33.898789+00:00,LibGen,LibGen.la,PROTECTED,200,393,,Cloudflare
2026-10-01T18:15:35.297661+00:00,LibGen,LibGen.la,PROTECTED,200,703,,Cloudflare
2026-10-01T18:16:37.318259+00:00,LibGen,LibGen.la,PROTECTED,200,2654,,Cloudflare
2026-10-01T18:17:36.667379+00:00,LibGen,LibGen.la,PROTECTED,200,1671,,Cloudflare
2026-10-01T18:18:35.838005+00:00,LibGen,LibGen.la,PROTECTED,200,377,,Cloudflare
2026-10-01T18:19:57.394756+00:00,LibGen,LibGen.la,DOWN,,,connection_refused,
2026-10-01T18:20:37.157076+00:00,LibGen,LibGen.la,PROTECTED,200,950,,Cloudflare
2026-10-01T18:21:37.545795+00:00,LibGen,LibGen.la,PROTECTED,200,359,,Cloudflare
2026-10-01T18:22:37.779433+00:00,LibGen,LibGen.la,PROTECTED,200,885,,Cloudflare
2026-10-01T18:23:39.311560+00:00,LibGen,LibGen.la,PROTECTED,200,650,,Cloudflare
2026-10-01T18:24:39.061580+00:00,LibGen,LibGen.la,PROTECTED,200,752,,Cloudflare
2026-10-01T18:25:39.697604+00:00,LibGen,LibGen.la,PROTECTED,200,845,,Cloudflare
2026-10-01T18:26:40.849445+00:00,LibGen,LibGen.la,PROTECTED,200,828,,Cloudflare
2026-10-01T18:28:00.734234+00:00,LibGen,LibGen.la,DOWN,,,connection_refused,
2026-10-01T18:28:41.046876+00:00,LibGen,LibGen.la,PROTECTED,200,500,,Cloudflare
2026-10-01T18:29:42.753855+00:00,LibGen,LibGen.la,PROTECTED,200,598,,Cloudflare
2026-10-01T18:31:02.376465+00:00,LibGen,LibGen.la,DOWN,,,connection_refused,
2026-10-01T18:31:42.387690+00:00,LibGen,LibGen.la,PROTECTED,200,903,,Cloudflare
2026-10-01T18:32:42.107129+00:00,LibGen,LibGen.la,PROTECTED,200,345,,Cloudflare
2026-10-01T18:33:43.198669+00:00,LibGen,LibGen.la,PROTECTED,200,793,,Cloudflare
2026-10-01T18:34:44.680009+00:00,LibGen,LibGen.la,PROTECTED,200,930,,Cloudflare
2026-10-01T18:35:44.773405+00:00,LibGen,LibGen.la,PROTECTED,200,608,,Cloudflare
2026-10-01T18:36:44.846642+00:00,LibGen,LibGen.la,PROTECTED,200,824,,Cloudflare
2026-10-01T18:37:45.426559+00:00,LibGen,LibGen.la,PROTECTED,200,423,,Cloudflare
2026-10-01T18:38:45.973666+00:00,LibGen,LibGen.la,PROTECTED,200,712,,Cloudflare
2026-10-01T18:39:46.386633+00:00,LibGen,LibGen.la,PROTECTED,200,462,,Cloudflare
2026-10-01T18:40:50.193064+00:00,LibGen,LibGen.la,PROTECTED,200,3465,,Cloudflare
2026-10-01T18:41:47.875780+00:00,LibGen,LibGen.la,PROTECTED,200,1546,,Cloudflare
2026-10-01T18:42:46.630659+00:00,LibGen,LibGen.la,PROTECTED,200,515,,Cloudflare
2026-10-01T18:43:47.485682+00:00,LibGen,LibGen.la,PROTECTED,200,455,,Cloudflare
2026-10-01T18:45:08.123629+00:00,LibGen,LibGen.la,DOWN,,,connection_refused,
2026-10-01T18:45:47.958981+00:00,LibGen,LibGen.la,PROTECTED,200,405,,Cloudflare
2026-10-01T18:46:49.601749+00:00,LibGen,LibGen.la,PROTECTED,200,753,,Cloudflare
2026-10-01T18:47:49.885623+00:00,LibGen,LibGen.la,PROTECTED,200,341,,Cloudflare
2026-10-01T18:48:50.489816+00:00,LibGen,LibGen.la,PROTECTED,200,702,,Cloudflare
2026-10-01T18:49:51.201529+00:00,LibGen,LibGen.la,PROTECTED,200,1396,,Cloudflare
2026-10-01T18:50:50.920605+00:00,LibGen,LibGen.la,PROTECTED,200,531,,Cloudflare
2026-10-01T18:51:53.434811+00:00,LibGen,LibGen.la,PROTECTED,200,506,,Cloudflare
2026-10-01T18:52:52.772787+00:00,LibGen,LibGen.la,PROTECTED,200,1509,,Cloudflare
2026-10-01T18:53:51.526843+00:00,LibGen,LibGen.la,PROTECTED,200,503,,Cloudflare
2026-10-01T18:54:52.170165+00:00,LibGen,LibGen.la,PROTECTED,200,664,,Cloudflare
2026-10-01T18:55:52.245804+00:00,LibGen,LibGen.la,PROTECTED,200,410,,Cloudflare
2026-10-01T18:56:52.873139+00:00,LibGen,LibGen.la,PROTECTED,200,642,,Cloudflare
2026-10-01T18:57:52.939776+00:00,LibGen,LibGen.la,PROTECTED,200,402,,Cloudflare
2026-10-01T18:58:55.141925+00:00,LibGen,LibGen.la,PROTECTED,200,2041,,Cloudflare
2026-10-01T18:59:55.312533+00:00,LibGen,LibGen.la,PROTECTED,200,831,,Cloudflare
2026-10-01T19:00:57.514587+00:00,LibGen,LibGen.la,PROTECTED,200,3490,,Cloudflare
2026-10-01T19:01:55.122026+00:00,LibGen,LibGen.la,PROTECTED,200,629,,Cloudflare
2026-10-01T19:02:55.600708+00:00,LibGen,LibGen.la,PROTECTED,200,428,,Cloudflare
2026-10-01T19:03:56.062075+00:00,LibGen,LibGen.la,PROTECTED,200,630,,Cloudflare
2026-10-01T19:04:57.515799+00:00,LibGen,LibGen.la,PROTECTED,200,589,,Cloudflare
2026-10-01T19:05:56.634735+00:00,LibGen,LibGen.la,PROTECTED,200,802,,Cloudflare
2026-10-01T19:06:58.360795+00:00,LibGen,LibGen.la,PROTECTED,200,1453,,Cloudflare
2026-10-01T19:07:58.185454+00:00,LibGen,LibGen.la,PROTECTED,200,432,,Cloudflare
2026-10-01T19:08:58.033214+00:00,LibGen,LibGen.la,PROTECTED,200,537,,Cloudflare
2026-10-01T19:09:58.994456+00:00,LibGen,LibGen.la,PROTECTED,200,858,,Cloudflare
2026-10-01T19:10:58.514192+00:00,LibGen,LibGen.la,PROTECTED,200,323,,Cloudflare
2026-10-01T19:11:59.193458+00:00,LibGen,LibGen.la,PROTECTED,200,393,,Cloudflare
2026-10-01T19:12:59.503188+00:00,LibGen,LibGen.la,PROTECTED,200,342,,Cloudflare
2026-10-01T19:14:00.404323+00:00,LibGen,LibGen.la,PROTECTED,200,906,,Cloudflare
2026-10-01T19:15:01.616861+00:00,LibGen,LibGen.la,PROTECTED,200,803,,Cloudflare
2026-10-01T19:16:02.273156+00:00,LibGen,LibGen.la,PROTECTED,200,1227,,Cloudflare
2026-10-01T19:17:22.710658+00:00,LibGen,LibGen.la,DOWN,,,connection_refused,
2026-10-01T19:18:02.419666+00:00,LibGen,LibGen.la,PROTECTED,200,837,,Cloudflare
2026-10-01T19:19:02.119117+00:00,LibGen,LibGen.la,PROTECTED,200,590,,Cloudflare
2026-10-01T19:20:03.894007+00:00,LibGen,LibGen.la,PROTECTED,200,1243,,Cloudflare
2026-10-01T19:21:04.424932+00:00,LibGen,LibGen.la,PROTECTED,200,1326,,Cloudflare
2026-10-01T19:22:04.632227+00:00,LibGen,LibGen.la,PROTECTED,200,1443,,Cloudflare
2026-10-01T19:23:04.913870+00:00,LibGen,LibGen.la,PROTECTED,200,1137,,Cloudflare
2026-10-01T19:24:04.407868+00:00,LibGen,LibGen.la,PROTECTED,200,368,,Cloudflare
2026-10-01T19:25:04.821225+00:00,LibGen,LibGen.la,PROTECTED,200,431,,Cloudflare
2026-10-01T19:26:06.312263+00:00,LibGen,LibGen.la,PROTECTED,200,734,,Cloudflare
2026-10-01T19:27:06.652174+00:00,LibGen,LibGen.la,PROTECTED,200,1388,,Cloudflare
2026-10-01T19:28:06.952700+00:00,LibGen,LibGen.la,PROTECTED,200,613,,Cloudflare
2026-10-01T19:29:06.936673+00:00,LibGen,LibGen.la,PROTECTED,200,833,,Cloudflare
2026-10-01T19:30:07.366759+00:00,LibGen,LibGen.la,PROTECTED,200,709,,Cloudflare
2026-10-01T19:31:07.738196+00:00,LibGen,LibGen.la,PROTECTED,200,365,,Cloudflare
2026-10-01T19:32:08.373511+00:00,LibGen,LibGen.la,PROTECTED,200,734,,Cloudflare
2026-10-01T19:33:08.185851+00:00,LibGen,LibGen.la,PROTECTED,200,356,,Cloudflare
2026-10-01T19:34:09.809252+00:00,LibGen,LibGen.la,PROTECTED,200,924,,Cloudflare
2026-10-01T19:35:10.588824+00:00,LibGen,LibGen.la,PROTECTED,200,1686,,Cloudflare
2026-10-01T19:36:10.117643+00:00,LibGen,LibGen.la,PROTECTED,200,650,,Cloudflare
2026-10-01T19:37:10.349904+00:00,LibGen,LibGen.la,PROTECTED,200,408,,Cloudflare
2026-10-01T19:38:10.670984+00:00,LibGen,LibGen.la,PROTECTED,200,524,,Cloudflare
2026-10-01T19:39:11.177908+00:00,LibGen,LibGen.la,PROTECTED,200,802,,Cloudflare
2026-10-01T19:40:11.340613+00:00,LibGen,LibGen.la,PROTECTED,200,745,,Cloudflare
2026-10-01T19:41:11.790062+00:00,LibGen,LibGen.la,PROTECTED,200,658,,Cloudflare
2026-10-01T19:42:11.943097+00:00,LibGen,LibGen.la,PROTECTED,200,526,,Cloudflare
2026-10-01T19:43:12.063113+00:00,LibGen,LibGen.la,PROTECTED,200,504,,Cloudflare
2026-10-01T19:44:13.362118+00:00,LibGen,LibGen.la,PROTECTED,200,702,,Cloudflare
2026-10-01T19:45:14.593934+00:00,LibGen,LibGen.la,PROTECTED,200,2001,,Cloudflare
2026-10-01T19:46:12.614054+00:00,LibGen,LibGen.la,PROTECTED,200,480,,Cloudflare
2026-10-01T19:47:14.205953+00:00,LibGen,LibGen.la,PROTECTED,200,773,,Cloudflare
2026-10-01T19:48:15.569659+00:00,LibGen,LibGen.la,PROTECTED,200,653,,Cloudflare
2026-10-01T19:49:14.677894+00:00,LibGen,LibGen.la,PROTECTED,200,300,,Cloudflare
2026-10-01T19:50:15.424133+00:00,LibGen,LibGen.la,PROTECTED,200,329,,Cloudflare
2026-10-01T19:51:16.737004+00:00,LibGen,LibGen.la,PROTECTED,200,410,,Cloudflare
2026-10-01T19:52:18.015853+00:00,LibGen,LibGen.la,PROTECTED,200,905,,Cloudflare
2026-10-01T19:53:17.428870+00:00,LibGen,LibGen.la,PROTECTED,200,315,,Cloudflare
2026-10-01T19:54:19.010163+00:00,LibGen,LibGen.la,PROTECTED,200,1294,,Cloudflare
2026-10-01T19:55:18.347672+00:00,LibGen,LibGen.la,PROTECTED,200,387,,Cloudflare
2026-10-01T19:56:38.740891+00:00,LibGen,LibGen.la,DOWN,,,connection_refused,
2026-10-01T19:57:39.646155+00:00,LibGen,LibGen.la,DOWN,,,connection_refused,
2026-10-01T19:58:19.851805+00:00,LibGen,LibGen.la,PROTECTED,200,579,,Cloudflare
2026-10-01T19:59:19.414514+00:00,LibGen,LibGen.la,PROTECTED,200,564,,Cloudflare
2026-10-01T20:00:20.302929+00:00,LibGen,LibGen.la,PROTECTED,200,765,,Cloudflare
2026-10-01T20:01:20.762656+00:00,LibGen,LibGen.la,PROTECTED,200,764,,Cloudflare
2026-10-01T20:02:21.055496+00:00,LibGen,LibGen.la,PROTECTED,200,365,,Cloudflare
2026-10-01T20:03:22.014883+00:00,LibGen,LibGen.la,PROTECTED,200,665,,Cloudflare
2026-10-01T20:04:22.007829+00:00,LibGen,LibGen.la,PROTECTED,200,882,,Cloudflare
2026-10-01T20:05:22.792976+00:00,LibGen,LibGen.la,PROTECTED,200,421,,Cloudflare
2026-10-01T20:06:22.840569+00:00,LibGen,LibGen.la,PROTECTED,200,808,,Cloudflare
2026-10-01T20:07:22.745514+00:00,LibGen,LibGen.la,PROTECTED,200,333,,Cloudflare
2026-10-01T20:08:23.816218+00:00,LibGen,LibGen.la,PROTECTED,200,837,,Cloudflare
2026-10-01T20:09:24.535968+00:00,LibGen,LibGen.la,PROTECTED,200,616,,Cloudflare
2026-10-01T20:10:24.630677+00:00,LibGen,LibGen.la,PROTECTED,200,998,,Cloudflare
2026-10-01T20:11:24.657043+00:00,LibGen,LibGen.la,PROTECTED,200,358,,Cloudflare
2026-10-01T20:12:26.045658+00:00,LibGen,LibGen.la,PROTECTED,200,331,,Cloudflare
2026-10-01T20:13:28.771866+00:00,LibGen,LibGen.la,PROTECTED,200,3772,,Cloudflare
2026-10-01T20:14:25.708320+00:00,LibGen,LibGen.la,PROTECTED,200,352,,Cloudflare
2026-10-01T20:15:26.932668+00:00,LibGen,LibGen.la,PROTECTED,200,338,,Cloudflare
2026-10-01T20:16:28.277240+00:00,LibGen,LibGen.la,PROTECTED,200,447,,Cloudflare
2026-10-01T20:17:27.729944+00:00,LibGen,LibGen.la,PROTECTED,200,755,,Cloudflare
2026-10-01T20:18:28.791268+00:00,LibGen,LibGen.la,PROTECTED,200,1083,,Cloudflare
2026-10-01T20:19:29.358089+00:00,LibGen,LibGen.la,PROTECTED,200,349,,Cloudflare
2026-10-01T20:20:28.936733+00:00,LibGen,LibGen.la,PROTECTED,200,402,,Cloudflare
2026-10-01T20:21:29.531553+00:00,LibGen,LibGen.la,PROTECTED,200,501,,Cloudflare
2026-10-01T20:22:29.715142+00:00,LibGen,LibGen.la,PROTECTED,200,309,,Cloudflare
2026-10-01T20:23:30.387858+00:00,LibGen,LibGen.la,PROTECTED,200,760,,Cloudflare
2026-10-01T20:24:31.714748+00:00,LibGen,LibGen.la,PROTECTED,200,1437,,Cloudflare
2026-10-01T20:25:31.398114+00:00,LibGen,LibGen.la,PROTECTED,200,335,,Cloudflare
2026-10-01T20:26:33.159684+00:00,LibGen,LibGen.la,PROTECTED,200,920,,Cloudflare
2026-10-01T20:27:32.884616+00:00,LibGen,LibGen.la,PROTECTED,200,370,,Cloudflare
2026-10-01T20:28:33.463847+00:00,LibGen,LibGen.la,PROTECTED,200,442,,Cloudflare
2026-10-01T20:29:33.870758+00:00,LibGen,LibGen.la,PROTECTED,200,795,,Cloudflare
2026-10-01T20:30:34.154837+00:00,LibGen,LibGen.la,PROTECTED,200,727,,Cloudflare
2026-10-01T20:31:33.992953+00:00,LibGen,LibGen.la,PROTECTED,200,339,,Cloudflare
2026-10-01T20:32:35.301757+00:00,LibGen,LibGen.la,PROTECTED,200,374,,Cloudflare
2026-10-01T20:33:34.827880+00:00,LibGen,LibGen.la,PROTECTED,200,733,,Cloudflare
2026-10-01T20:34:36.420484+00:00,LibGen,LibGen.la,PROTECTED,200,645,,Cloudflare
2026-10-01T20:35:36.656725+00:00,LibGen,LibGen.la,PROTECTED,200,886,,Cloudflare
2026-10-01T20:36:37.050677+00:00,LibGen,LibGen.la,PROTECTED,200,1111,,Cloudflare
2026-10-01T20:37:37.040508+00:00,LibGen,LibGen.la,PROTECTED,200,874,,Cloudflare
2026-10-01T20:38:37.478192+00:00,LibGen,LibGen.la,PROTECTED,200,713,,Cloudflare
2026-10-01T20:39:37.880659+00:00,LibGen,LibGen.la,PROTECTED,200,429,,Cloudflare
2026-10-01T20:40:39.125553+00:00,LibGen,LibGen.la,PROTECTED,200,1414,,Cloudflare
2026-10-01T20:41:38.749748+00:00,LibGen,LibGen.la,PROTECTED,200,1301,,Cloudflare
2026-10-01T20:42:38.648196+00:00,LibGen,LibGen.la,PROTECTED,200,742,,Cloudflare
2026-10-01T20:43:38.070139+00:00,LibGen,LibGen.la,PROTECTED,200,454,,Cloudflare
2026-10-01T20:44:39.480054+00:00,LibGen,LibGen.la,PROTECTED,200,1248,,Cloudflare
2026-10-01T20:45:39.415395+00:00,LibGen,LibGen.la,PROTECTED,200,448,,Cloudflare
2026-10-01T20:46:39.305735+00:00,LibGen,LibGen.la,PROTECTED,200,360,,Cloudflare
2026-10-01T20:47:41.185626+00:00,LibGen,LibGen.la,PROTECTED,200,654,,Cloudflare
2026-10-01T20:48:40.254682+00:00,LibGen,LibGen.la,PROTECTED,200,420,,Cloudflare
2026-10-01T20:49:40.556730+00:00,LibGen,LibGen.la,PROTECTED,200,486,,Cloudflare
2026-10-01T20:50:41.061319+00:00,LibGen,LibGen.la,PROTECTED,200,792,,Cloudflare
2026-10-01T20:51:40.908447+00:00,LibGen,LibGen.la,PROTECTED,200,398,,Cloudflare
2026-10-01T20:52:42.664457+00:00,LibGen,LibGen.la,PROTECTED,200,570,,Cloudflare
2026-10-01T20:53:42.180095+00:00,LibGen,LibGen.la,PROTECTED,200,477,,Cloudflare
2026-10-01T20:54:41.756974+00:00,LibGen,LibGen.la,PROTECTED,200,319,,Cloudflare
2026-10-01T20:55:42.692392+00:00,LibGen,LibGen.la,PROTECTED,200,792,,Cloudflare
2026-10-01T20:56:43.160922+00:00,LibGen,LibGen.la,PROTECTED,200,622,,Cloudflare
2026-10-01T20:57:42.823233+00:00,LibGen,LibGen.la,PROTECTED,200,537,,Cloudflare
2026-10-01T20:58:42.750176+00:00,LibGen,LibGen.la,PROTECTED,200,325,,Cloudflare
2026-10-01T20:59:42.870891+00:00,LibGen,LibGen.la,PROTECTED,200,337,,Cloudflare
2026-10-01T21:00:43.407846+00:00,LibGen,LibGen.la,PROTECTED,200,526,,Cloudflare
2026-10-01T21:01:44.022580+00:00,LibGen,LibGen.la,PROTECTED,200,644,,Cloudflare
2026-10-01T21:02:44.251541+00:00,LibGen,LibGen.la,PROTECTED,200,583,,Cloudflare
2026-10-01T21:04:04.806770+00:00,LibGen,LibGen.la,DOWN,,,connection_refused,
2026-10-01T21:04:44.652695+00:00,LibGen,LibGen.la,PROTECTED,200,681,,Cloudflare
2026-10-01T21:05:45.036232+00:00,LibGen,LibGen.la,PROTECTED,200,445,,Cloudflare
2026-10-01T21:06:45.666103+00:00,LibGen,LibGen.la,PROTECTED,200,447,,Cloudflare
2026-10-01T21:07:46.147968+00:00,LibGen,LibGen.la,PROTECTED,200,396,,Cloudflare
2026-10-01T21:08:46.227597+00:00,LibGen,LibGen.la,PROTECTED,200,331,,Cloudflare
2026-10-01T21:09:46.625094+00:00,LibGen,LibGen.la,PROTECTED,200,424,,Cloudflare
2026-10-01T21:10:47.659097+00:00,LibGen,LibGen.la,PROTECTED,200,1075,,Cloudflare
2026-10-01T21:11:51.396238+00:00,LibGen,LibGen.la,PROTECTED,200,4531,,Cloudflare
2026-10-01T21:12:48.342783+00:00,LibGen,LibGen.la,PROTECTED,200,1129,,Cloudflare
2026-10-01T21:14:09.694819+00:00,LibGen,LibGen.la,DOWN,,,connection_refused,
2026-10-01T21:14:48.808726+00:00,LibGen,LibGen.la,PROTECTED,200,480,,Cloudflare
2026-10-01T21:15:50.747915+00:00,LibGen,LibGen.la,PROTECTED,200,852,,Cloudflare
2026-10-01T21:16:49.726733+00:00,LibGen,LibGen.la,PROTECTED,200,473,,Cloudflare
2026-10-01T21:17:49.638559+00:00,LibGen,LibGen.la,PROTECTED,200,366,,Cloudflare
2026-10-01T21:18:50.180235+00:00,LibGen,LibGen.la,PROTECTED,200,602,,Cloudflare
2026-10-01T21:19:50.167461+00:00,LibGen,LibGen.la,PROTECTED,200,434,,Cloudflare
2026-10-01T21:20:50.631074+00:00,LibGen,LibGen.la,PROTECTED,200,471,,Cloudflare
2026-10-01T21:21:51.611652+00:00,LibGen,LibGen.la,PROTECTED,200,738,,Cloudflare
2026-10-01T21:22:52.854519+00:00,LibGen,LibGen.la,PROTECTED,200,1737,,Cloudflare
2026-10-01T21:23:52.337652+00:00,LibGen,LibGen.la,PROTECTED,200,943,,Cloudflare
2026-10-01T21:24:51.944690+00:00,LibGen,LibGen.la,PROTECTED,200,375,,Cloudflare
2026-10-01T21:25:52.815594+00:00,LibGen,LibGen.la,PROTECTED,200,529,,Cloudflare
2026-10-01T21:26:53.053968+00:00,LibGen,LibGen.la,PROTECTED,200,555,,Cloudflare
2026-10-01T21:27:53.541597+00:00,LibGen,LibGen.la,PROTECTED,200,470,,Cloudflare
2026-10-01T21:28:54.213682+00:00,LibGen,LibGen.la,PROTECTED,200,1476,,Cloudflare
2026-10-01T21:29:54.302597+00:00,LibGen,LibGen.la,DOWN,500,1550,http_error,
2026-10-01T21:30:54.923244+00:00,LibGen,LibGen.la,PROTECTED,200,1437,,Cloudflare
2026-10-01T21:32:14.786074+00:00,LibGen,LibGen.la,DOWN,,,connection_refused,
2026-10-01T21:32:54.722273+00:00,LibGen,LibGen.la,PROTECTED,200,550,,Cloudflare
2026-10-01T21:33:55.373709+00:00,LibGen,LibGen.la,PROTECTED,200,608,,Cloudflare
2026-10-01T21:34:55.499274+00:00,LibGen,LibGen.la,PROTECTED,200,423,,Cloudflare
2026-10-01T21:35:56.017574+00:00,LibGen,LibGen.la,PROTECTED,200,399,,Cloudflare
2026-10-01T21:36:56.586561+00:00,LibGen,LibGen.la,PROTECTED,200,644,,Cloudflare
2026-10-01T21:37:56.633026+00:00,LibGen,LibGen.la,PROTECTED,200,339,,Cloudflare
2026-10-01T21:38:57.152788+00:00,LibGen,LibGen.la,PROTECTED,200,602,,Cloudflare
2026-10-01T21:39:57.712307+00:00,LibGen,LibGen.la,PROTECTED,200,800,,Cloudflare
2026-10-01T21:40:57.834729+00:00,LibGen,LibGen.la,PROTECTED,200,402,,Cloudflare
2026-10-01T21:41:59.254746+00:00,LibGen,LibGen.la,PROTECTED,200,688,,Cloudflare
2026-10-01T21:42:59.211652+00:00,LibGen,LibGen.la,PROTECTED,200,572,,Cloudflare
2026-10-01T21:44:00.057985+00:00,LibGen,LibGen.la,PROTECTED,200,614,,Cloudflare
2026-10-01T21:44:59.631641+00:00,LibGen,LibGen.la,PROTECTED,200,344,,Cloudflare
2026-10-01T21:46:01.076962+00:00,LibGen,LibGen.la,PROTECTED,200,834,,Cloudflare
2026-10-01T21:47:01.684181+00:00,LibGen,LibGen.la,PROTECTED,200,403,,Cloudflare
2026-10-01T21:48:02.725830+00:00,LibGen,LibGen.la,PROTECTED,200,1132,,Cloudflare
2026-10-01T21:49:02.340694+00:00,LibGen,LibGen.la,PROTECTED,200,683,,Cloudflare
2026-10-01T21:50:03.589940+00:00,LibGen,LibGen.la,PROTECTED,200,1366,,Cloudflare
2026-10-01T21:51:02.905069+00:00,LibGen,LibGen.la,PROTECTED,200,347,,Cloudflare
2026-10-01T21:52:03.727903+00:00,LibGen,LibGen.la,PROTECTED,200,542,,Cloudflare
2026-10-01T21:53:04.031754+00:00,LibGen,LibGen.la,PROTECTED,200,620,,Cloudflare
2026-10-01T21:54:04.358653+00:00,LibGen,LibGen.la,PROTECTED,200,354,,Cloudflare
2026-10-01T21:55:04.478708+00:00,LibGen,LibGen.la,PROTECTED,200,343,,Cloudflare
2026-10-01T21:56:04.684960+00:00,LibGen,LibGen.la,PROTECTED,200,417,,Cloudflare
2026-10-01T21:57:05.184848+00:00,LibGen,LibGen.la,PROTECTED,200,325,,Cloudflare
2026-10-01T21:58:06.647217+00:00,LibGen,LibGen.la,PROTECTED,200,567,,Cloudflare
2026-10-01T21:59:06.130772+00:00,LibGen,LibGen.la,PROTECTED,200,336,,Cloudflare
2026-10-01T22:00:06.281888+00:00,LibGen,LibGen.la,PROTECTED,200,332,,Cloudflare
2026-10-01T22:01:07.383903+00:00,LibGen,LibGen.la,PROTECTED,200,455,,Cloudflare
2026-10-01T22:02:07.643801+00:00,LibGen,LibGen.la,PROTECTED,200,330,,Cloudflare
2026-10-01T22:03:08.752312+00:00,LibGen,LibGen.la,PROTECTED,200,434,,Cloudflare
2026-10-01T22:04:09.728060+00:00,LibGen,LibGen.la,PROTECTED,200,1051,,Cloudflare
2026-10-01T22:05:09.361693+00:00,LibGen,LibGen.la,PROTECTED,200,722,,Cloudflare
2026-10-01T22:06:09.275969+00:00,LibGen,LibGen.la,PROTECTED,200,375,,Cloudflare
2026-10-01T22:07:09.907658+00:00,LibGen,LibGen.la,PROTECTED,200,756,,Cloudflare
2026-10-01T22:08:10.869018+00:00,LibGen,LibGen.la,PROTECTED,200,1365,,Cloudflare
2026-10-01T22:09:10.681823+00:00,LibGen,LibGen.la,PROTECTED,200,531,,Cloudflare
2026-10-01T22:10:10.992199+00:00,LibGen,LibGen.la,PROTECTED,200,535,,Cloudflare
2026-10-01T22:11:11.470570+00:00,LibGen,LibGen.la,PROTECTED,200,781,,Cloudflare
2026-10-01T22:12:11.751512+00:00,LibGen,LibGen.la,PROTECTED,200,465,,Cloudflare
2026-10-01T22:13:32.606020+00:00,LibGen,LibGen.la,DOWN,,,connection_refused,
2026-10-01T22:14:12.398319+00:00,LibGen,LibGen.la,PROTECTED,200,694,,Cloudflare
2026-10-01T22:15:13.053888+00:00,LibGen,LibGen.la,PROTECTED,200,350,,Cloudflare
2026-10-01T22:16:13.280747+00:00,LibGen,LibGen.la,PROTECTED,200,408,,Cloudflare
2026-10-01T22:17:13.884751+00:00,LibGen,LibGen.la,PROTECTED,200,820,,Cloudflare
2026-10-01T22:18:14.333606+00:00,LibGen,LibGen.la,PROTECTED,200,985,,Cloudflare
2026-10-01T22:19:14.414977+00:00,LibGen,LibGen.la,PROTECTED,200,510,,Cloudflare
2026-10-01T22:20:15.333033+00:00,LibGen,LibGen.la,PROTECTED,200,627,,Cloudflare
2026-10-01T22:21:15.965690+00:00,LibGen,LibGen.la,PROTECTED,200,1082,,Cloudflare
2026-10-01T22:22:19.716568+00:00,LibGen,LibGen.la,PROTECTED,200,4125,,Cloudflare
2026-10-01T22:23:16.246531+00:00,LibGen,LibGen.la,PROTECTED,200,385,,Cloudflare
2026-10-01T22:24:16.453046+00:00,LibGen,LibGen.la,PROTECTED,200,425,,Cloudflare
2026-10-01T22:25:17.198658+00:00,LibGen,LibGen.la,PROTECTED,200,860,,Cloudflare
2026-10-01T22:26:18.324691+00:00,LibGen,LibGen.la,PROTECTED,200,1469,,Cloudflare
2026-10-01T22:27:17.841589+00:00,LibGen,LibGen.la,PROTECTED,200,318,,Cloudflare
2026-10-01T22:28:17.968713+00:00,LibGen,LibGen.la,PROTECTED,200,570,,Cloudflare
2026-10-01T22:29:18.000232+00:00,LibGen,LibGen.la,PROTECTED,200,356,,Cloudflare
2026-10-01T22:30:18.607893+00:00,LibGen,LibGen.la,PROTECTED,200,322,,Cloudflare
2026-10-01T22:31:19.759754+00:00,LibGen,LibGen.la,PROTECTED,200,693,,Cloudflare
2026-10-01T22:32:20.191501+00:00,LibGen,LibGen.la,PROTECTED,200,879,,Cloudflare
2026-10-01T22:33:20.663654+00:00,LibGen,LibGen.la,PROTECTED,200,351,,Cloudflare
2026-10-01T22:34:20.539092+00:00,LibGen,LibGen.la,PROTECTED,200,316,,Cloudflare
2026-10-01T22:35:20.989690+00:00,LibGen,LibGen.la,PROTECTED,200,610,,Cloudflare
2026-10-01T22:36:21.560686+00:00,LibGen,LibGen.la,PROTECTED,200,310,,Cloudflare
2026-10-01T22:37:21.993784+00:00,LibGen,LibGen.la,PROTECTED,200,614,,Cloudflare
2026-10-01T22:38:22.419886+00:00,LibGen,LibGen.la,PROTECTED,200,551,,Cloudflare
2026-10-01T22:39:22.636193+00:00,LibGen,LibGen.la,PROTECTED,200,563,,Cloudflare
2026-10-01T22:40:23.628840+00:00,LibGen,LibGen.la,PROTECTED,200,940,,Cloudflare
2026-10-01T22:41:23.490099+00:00,LibGen,LibGen.la,PROTECTED,200,393,,Cloudflare
2026-10-01T22:42:24.056348+00:00,LibGen,LibGen.la,PROTECTED,200,328,,Cloudflare
2026-10-01T22:43:24.679928+00:00,LibGen,LibGen.la,PROTECTED,200,360,,Cloudflare
2026-10-01T22:44:24.204553+00:00,LibGen,LibGen.la,PROTECTED,200,353,,Cloudflare
2026-10-01T22:45:24.562044+00:00,LibGen,LibGen.la,PROTECTED,200,364,,Cloudflare
2026-10-01T22:46:26.298917+00:00,LibGen,LibGen.la,PROTECTED,200,1070,,Cloudflare
2026-10-01T22:47:25.596990+00:00,LibGen,LibGen.la,PROTECTED,200,358,,Cloudflare
2026-10-01T22:48:26.398087+00:00,LibGen,LibGen.la,PROTECTED,200,734,,Cloudflare
2026-10-01T22:49:27.262205+00:00,LibGen,LibGen.la,PROTECTED,200,615,,Cloudflare
2026-10-01T22:50:33.843043+00:00,LibGen,LibGen.la,PROTECTED,200,6807,,Cloudflare
2026-10-01T22:51:27.744612+00:00,LibGen,LibGen.la,PROTECTED,200,312,,Cloudflare
2026-10-01T22:52:29.393378+00:00,LibGen,LibGen.la,PROTECTED,200,1348,,Cloudflare
2026-10-01T22:53:29.505745+00:00,LibGen,LibGen.la,PROTECTED,200,566,,Cloudflare
2026-10-01T22:54:29.668337+00:00,LibGen,LibGen.la,PROTECTED,200,310,,Cloudflare
2026-10-01T22:55:29.430891+00:00,LibGen,LibGen.la,PROTECTED,200,387,,Cloudflare
2026-10-01T22:56:30.884002+00:00,LibGen,LibGen.la,PROTECTED,200,700,,Cloudflare
2026-10-01T22:57:30.963918+00:00,LibGen,LibGen.la,PROTECTED,200,606,,Cloudflare
2026-10-01T22:58:31.307187+00:00,LibGen,LibGen.la,PROTECTED,200,304,,Cloudflare
2026-10-01T22:59:32.121643+00:00,LibGen,LibGen.la,PROTECTED,200,789,,Cloudflare
2026-10-01T23:00:32.790555+00:00,LibGen,LibGen.la,PROTECTED,200,741,,Cloudflare
2026-10-01T23:01:33.261311+00:00,LibGen,LibGen.la,PROTECTED,200,491,,Cloudflare
2026-10-01T23:02:33.764890+00:00,LibGen,LibGen.la,PROTECTED,200,332,,Cloudflare
2026-10-01T23:03:33.693936+00:00,LibGen,LibGen.la,PROTECTED,200,394,,Cloudflare
2026-10-01T23:04:34.686631+00:00,LibGen,LibGen.la,PROTECTED,200,1323,,Cloudflare
2026-10-01T23:05:34.757840+00:00,LibGen,LibGen.la,PROTECTED,200,747,,Cloudflare
2026-10-01T23:06:35.319881+00:00,LibGen,LibGen.la,PROTECTED,200,452,,Cloudflare
2026-10-01T23:07:34.968607+00:00,LibGen,LibGen.la,PROTECTED,200,333,,Cloudflare
2026-10-01T23:08:35.345966+00:00,LibGen,LibGen.la,PROTECTED,200,566,,Cloudflare
2026-10-01T23:09:35.912082+00:00,LibGen,LibGen.la,PROTECTED,200,536,,Cloudflare
2026-10-01T23:10:35.960884+00:00,LibGen,LibGen.la,PROTECTED,200,333,,Cloudflare
2026-10-01T23:11:36.194592+00:00,LibGen,LibGen.la,PROTECTED,200,359,,Cloudflare
2026-10-01T23:12:36.655856+00:00,LibGen,LibGen.la,PROTECTED,200,354,,Cloudflare
2026-10-01T23:13:38.732937+00:00,LibGen,LibGen.la,PROTECTED,200,1266,,Cloudflare
2026-10-01T23:14:37.715984+00:00,LibGen,LibGen.la,PROTECTED,200,903,,Cloudflare
2026-10-01T23:15:37.835021+00:00,LibGen,LibGen.la,PROTECTED,200,711,,Cloudflare
2026-10-01T23:16:38.123592+00:00,LibGen,LibGen.la,PROTECTED,200,458,,Cloudflare
2026-10-01T23:17:39.111547+00:00,LibGen,LibGen.la,PROTECTED,200,830,,Cloudflare
2026-10-01T23:18:39.463086+00:00,LibGen,LibGen.la,PROTECTED,200,380,,Cloudflare
2026-10-01T23:19:39.943312+00:00,LibGen,LibGen.la,PROTECTED,200,578,,Cloudflare
2026-10-01T23:20:41.088455+00:00,LibGen,LibGen.la,PROTECTED,200,1326,,Cloudflare
2026-10-01T23:21:40.645186+00:00,LibGen,LibGen.la,PROTECTED,200,359,,Cloudflare
2026-10-01T23:23:00.976425+00:00,LibGen,LibGen.la,DOWN,,,connection_refused,
2026-10-01T23:23:41.409480+00:00,LibGen,LibGen.la,PROTECTED,200,309,,Cloudflare
2026-10-01T23:24:42.097789+00:00,LibGen,LibGen.la,PROTECTED,200,793,,Cloudflare
2026-10-01T23:25:42.516615+00:00,LibGen,LibGen.la,PROTECTED,200,965,,Cloudflare
2026-10-01T23:26:43.084661+00:00,LibGen,LibGen.la,PROTECTED,200,1060,,Cloudflare
2026-10-01T23:27:45.649938+00:00,LibGen,LibGen.la,PROTECTED,200,3469,,Cloudflare
2026-10-01T23:28:42.808836+00:00,LibGen,LibGen.la,PROTECTED,200,459,,Cloudflare
2026-10-01T23:29:43.273735+00:00,LibGen,LibGen.la,PROTECTED,200,340,,Cloudflare
2026-10-01T23:30:45.495570+00:00,LibGen,LibGen.la,PROTECTED,200,834,,Cloudflare
2026-10-01T23:31:44.661652+00:00,LibGen,LibGen.la,PROTECTED,200,621,,Cloudflare
2026-10-01T23:32:45.608549+00:00,LibGen,LibGen.la,PROTECTED,200,657,,Cloudflare
2026-10-01T23:33:46.599583+00:00,LibGen,LibGen.la,PROTECTED,200,677,,Cloudflare
2026-10-01T23:34:46.218071+00:00,LibGen,LibGen.la,PROTECTED,200,494,,Cloudflare
2026-10-01T23:35:46.290783+00:00,LibGen,LibGen.la,PROTECTED,200,316,,Cloudflare
2026-10-01T23:36:47.517648+00:00,LibGen,LibGen.la,PROTECTED,200,1311,,Cloudflare
2026-10-01T23:37:47.227648+00:00,LibGen,LibGen.la,PROTECTED,200,595,,Cloudflare
2026-10-01T23:38:47.954697+00:00,LibGen,LibGen.la,PROTECTED,200,711,,Cloudflare
2026-10-01T23:39:47.785580+00:00,LibGen,LibGen.la,PROTECTED,200,504,,Cloudflare
2026-10-01T23:40:47.851751+00:00,LibGen,LibGen.la,PROTECTED,200,366,,Cloudflare
2026-10-01T23:41:48.245675+00:00,LibGen,LibGen.la,PROTECTED,200,475,,Cloudflare
2026-10-01T23:42:49.893649+00:00,LibGen,LibGen.la,PROTECTED,200,499,,Cloudflare
2026-10-01T23:43:49.404407+00:00,LibGen,LibGen.la,PROTECTED,200,356,,Cloudflare
2026-10-01T23:44:49.578384+00:00,LibGen,LibGen.la,PROTECTED,200,592,,Cloudflare
2026-10-01T23:45:50.778024+00:00,LibGen,LibGen.la,PROTECTED,200,873,,Cloudflare
2026-10-01T23:46:50.972086+00:00,LibGen,LibGen.la,PROTECTED,200,533,,Cloudflare
2026-10-01T23:47:54.570244+00:00,LibGen,LibGen.la,PROTECTED,200,3803,,Cloudflare
2026-10-01T23:48:51.563825+00:00,LibGen,LibGen.la,PROTECTED,200,324,,Cloudflare
2026-10-01T23:49:51.711982+00:00,LibGen,LibGen.la,PROTECTED,200,276,,Cloudflare
2026-10-01T23:50:52.355451+00:00,LibGen,LibGen.la,PROTECTED,200,320,,Cloudflare
2026-10-01T23:51:53.138368+00:00,LibGen,LibGen.la,PROTECTED,200,584,,Cloudflare
2026-10-01T23:52:53.452818+00:00,LibGen,LibGen.la,PROTECTED,200,332,,Cloudflare
2026-10-01T23:53:53.336627+00:00,LibGen,LibGen.la,PROTECTED,200,408,,Cloudflare
2026-10-01T23:55:13.561615+00:00,LibGen,LibGen.la,TIMEOUT,,,timeout,
2026-10-01T23:56:14.037627+00:00,LibGen,LibGen.la,TIMEOUT,,,timeout,
2026-10-01T23:57:14.245228+00:00,LibGen,LibGen.la,TIMEOUT,,,timeout,
2026-10-01T23:57:54.577521+00:00,LibGen,LibGen.la,PROTECTED,503,457,,Cloudflare
2026-10-01T23:59:14.528326+00:00,LibGen,LibGen.la,TIMEOUT,,,timeout,
2026-10-01T23:59:57.059721+00:00,LibGen,LibGen.la,PROTECTED,200,2531,,Cloudflare
2026-10-02T00:00:56.029376+00:00,LibGen,LibGen.la,PROTECTED,200,662,,Cloudflare
2026-10-02T00:01:56.376321+00:00,LibGen,LibGen.la,PROTECTED,200,651,,Cloudflare
2026-10-02T00:02:56.536448+00:00,LibGen,LibGen.la,PROTECTED,200,572,,Cloudflare
2026-10-02T00:03:57.681106+00:00,LibGen,LibGen.la,PROTECTED,200,646,,Cloudflare
2026-10-02T00:04:58.162619+00:00,LibGen,LibGen.la,PROTECTED,200,661,,Cloudflare
2026-10-02T00:05:58.762994+00:00,LibGen,LibGen.la,PROTECTED,200,1232,,Cloudflare
2026-10-02T00:06:58.387030+00:00,LibGen,LibGen.la,PROTECTED,200,473,,Cloudflare
2026-10-02T00:07:58.742399+00:00,LibGen,LibGen.la,PROTECTED,200,361,,Cloudflare
2026-10-02T00:09:00.204615+00:00,LibGen,LibGen.la,PROTECTED,200,573,,Cloudflare
2026-10-02T00:10:00.954942+00:00,LibGen,LibGen.la,PROTECTED,200,527,,Cloudflare
2026-10-02T00:11:00.730590+00:00,LibGen,LibGen.la,PROTECTED,200,320,,Cloudflare
2026-10-02T00:12:01.242753+00:00,LibGen,LibGen.la,PROTECTED,200,592,,Cloudflare
2026-10-02T00:13:01.854621+00:00,LibGen,LibGen.la,PROTECTED,200,635,,Cloudflare
2026-10-02T00:14:03.470912+00:00,LibGen,LibGen.la,PROTECTED,200,1974,,Cloudflare
2026-10-02T00:15:03.149997+00:00,LibGen,LibGen.la,PROTECTED,200,1345,,Cloudflare
2026-10-02T00:16:03.216801+00:00,LibGen,LibGen.la,PROTECTED,200,679,,Cloudflare
2026-10-02T00:17:04.006761+00:00,LibGen,LibGen.la,PROTECTED,200,346,,Cloudflare
2026-10-02T00:18:07.732832+00:00,LibGen,LibGen.la,PROTECTED,200,3785,,Cloudflare
2026-10-02T00:19:04.839315+00:00,LibGen,LibGen.la,PROTECTED,200,640,,Cloudflare
2026-10-02T00:20:05.369691+00:00,LibGen,LibGen.la,PROTECTED,200,513,,Cloudflare
2026-10-02T00:21:05.637642+00:00,LibGen,LibGen.la,PROTECTED,200,311,,Cloudflare
2026-10-02T00:22:25.820436+00:00,LibGen,LibGen.la,DOWN,,,connection_refused,
2026-10-02T00:23:06.183157+00:00,LibGen,LibGen.la,PROTECTED,200,485,,Cloudflare
2026-10-02T00:24:07.138108+00:00,LibGen,LibGen.la,PROTECTED,200,324,,Cloudflare
2026-10-02T00:25:27.700877+00:00,LibGen,LibGen.la,DOWN,,,connection_refused,
2026-10-02T00:26:07.415004+00:00,LibGen,LibGen.la,PROTECTED,200,344,,Cloudflare
2026-10-02T00:27:28.465740+00:00,LibGen,LibGen.la,DOWN,,,connection_refused,
2026-10-02T00:28:09.605962+00:00,LibGen,LibGen.la,PROTECTED,200,402,,Cloudflare
2026-10-02T00:29:09.444669+00:00,LibGen,LibGen.la,PROTECTED,200,664,,Cloudflare
2026-10-02T00:30:16.370189+00:00,LibGen,LibGen.la,PROTECTED,200,7731,,Cloudflare
2026-10-02T00:31:10.677954+00:00,LibGen,LibGen.la,PROTECTED,200,653,,Cloudflare
2026-10-02T00:32:12.889072+00:00,LibGen,LibGen.la,PROTECTED,200,3651,,Cloudflare
2026-10-02T00:33:10.308949+00:00,LibGen,LibGen.la,PROTECTED,200,356,,Cloudflare
2026-10-02T00:34:11.822535+00:00,LibGen,LibGen.la,PROTECTED,200,719,,Cloudflare
2026-10-02T00:35:11.854694+00:00,LibGen,LibGen.la,PROTECTED,200,527,,Cloudflare
2026-10-02T00:36:11.809907+00:00,LibGen,LibGen.la,PROTECTED,200,525,,Cloudflare
2026-10-02T00:37:12.983120+00:00,LibGen,LibGen.la,PROTECTED,200,487,,Cloudflare
2026-10-02T00:38:12.723196+00:00,LibGen,LibGen.la,PROTECTED,200,1070,,Cloudflare
2026-10-02T00:39:12.677341+00:00,LibGen,LibGen.la,PROTECTED,200,612,,Cloudflare
2026-10-02T00:40:12.964873+00:00,LibGen,LibGen.la,PROTECTED,200,310,,Cloudflare
2026-10-02T00:41:14.272043+00:00,LibGen,LibGen.la,PROTECTED,200,880,,Cloudflare
2026-10-02T00:42:14.618158+00:00,LibGen,LibGen.la,PROTECTED,200,832,,Cloudflare
2026-10-02T00:43:15.299035+00:00,LibGen,LibGen.la,PROTECTED,200,1300,,Cloudflare
2026-10-02T00:44:14.858042+00:00,LibGen,LibGen.la,PROTECTED,200,629,,Cloudflare
2026-10-02T00:45:15.144836+00:00,LibGen,LibGen.la,PROTECTED,200,363,,Cloudflare
2026-10-02T00:46:15.856303+00:00,LibGen,LibGen.la,PROTECTED,200,649,,Cloudflare
2026-10-02T00:47:16.343419+00:00,LibGen,LibGen.la,PROTECTED,200,889,,Cloudflare
2026-10-02T00:48:16.626096+00:00,LibGen,LibGen.la,PROTECTED,200,524,,Cloudflare
2026-10-02T00:49:16.864446+00:00,LibGen,LibGen.la,PROTECTED,200,573,,Cloudflare
2026-10-02T00:50:18.549767+00:00,LibGen,LibGen.la,PROTECTED,200,775,,Cloudflare
2026-10-02T00:51:17.838952+00:00,LibGen,LibGen.la,PROTECTED,200,806,,Cloudflare
2026-10-02T00:52:18.608842+00:00,LibGen,LibGen.la,PROTECTED,200,326,,Cloudflare
2026-10-02T00:53:18.031872+00:00,LibGen,LibGen.la,PROTECTED,200,317,,Cloudflare
2026-10-02T00:54:18.700338+00:00,LibGen,LibGen.la,PROTECTED,200,623,,Cloudflare
2026-10-02T00:55:19.437842+00:00,LibGen,LibGen.la,PROTECTED,200,571,,Cloudflare
2026-10-02T00:56:19.865963+00:00,LibGen,LibGen.la,PROTECTED,200,444,,Cloudflare
2026-10-02T00:57:20.747801+00:00,LibGen,LibGen.la,PROTECTED,200,996,,Cloudflare
2026-10-02T00:58:20.365196+00:00,LibGen,LibGen.la,PROTECTED,200,346,,Cloudflare
2026-10-02T00:59:21.471447+00:00,LibGen,LibGen.la,PROTECTED,200,816,,Cloudflare
2026-10-02T01:00:25.923125+00:00,LibGen,LibGen.la,PROTECTED,200,4507,,Cloudflare
2026-10-02T01:01:22.069119+00:00,LibGen,LibGen.la,PROTECTED,200,758,,Cloudflare
2026-10-02T01:02:22.245141+00:00,LibGen,LibGen.la,PROTECTED,200,545,,Cloudflare
2026-10-02T01:03:29.168184+00:00,LibGen,LibGen.la,PROTECTED,200,6904,,Cloudflare
2026-10-02T01:04:25.790000+00:00,LibGen,LibGen.la,PROTECTED,200,2311,,Cloudflare
2026-10-02T01:05:23.909257+00:00,LibGen,LibGen.la,PROTECTED,200,662,,Cloudflare
2026-10-02T01:06:25.398867+00:00,LibGen,LibGen.la,PROTECTED,200,1340,,Cloudflare
2026-10-02T01:07:26.481571+00:00,LibGen,LibGen.la,PROTECTED,200,1590,,Cloudflare
2026-10-02T01:08:26.329923+00:00,LibGen,LibGen.la,PROTECTED,200,642,,Cloudflare
2026-10-02T01:09:28.510817+00:00,LibGen,LibGen.la,PROTECTED,200,2898,,Cloudflare
2026-10-02T01:10:27.049747+00:00,LibGen,LibGen.la,PROTECTED,200,787,,Cloudflare
2026-10-02T01:11:27.252445+00:00,LibGen,LibGen.la,PROTECTED,200,345,,Cloudflare
2026-10-02T01:12:28.255664+00:00,LibGen,LibGen.la,PROTECTED,200,1113,,Cloudflare
2026-10-02T01:13:27.689783+00:00,LibGen,LibGen.la,PROTECTED,200,280,,Cloudflare
2026-10-02T01:14:28.140862+00:00,LibGen,LibGen.la,PROTECTED,200,511,,Cloudflare
2026-10-02T01:15:29.337164+00:00,LibGen,LibGen.la,PROTECTED,200,621,,Cloudflare
2026-10-02T01:16:28.997033+00:00,LibGen,LibGen.la,PROTECTED,200,385,,Cloudflare
2026-10-02T01:17:29.547092+00:00,LibGen,LibGen.la,PROTECTED,200,312,,Cloudflare
2026-10-02T01:18:30.386065+00:00,LibGen,LibGen.la,PROTECTED,200,511,,Cloudflare
2026-10-02T01:19:31.400679+00:00,LibGen,LibGen.la,PROTECTED,200,1190,,Cloudflare
2026-10-02T01:20:31.755898+00:00,LibGen,LibGen.la,PROTECTED,200,892,,Cloudflare
2026-10-02T01:21:32.490762+00:00,LibGen,LibGen.la,PROTECTED,200,656,,Cloudflare
2026-10-02T01:22:33.407053+00:00,LibGen,LibGen.la,PROTECTED,200,555,,Cloudflare
2026-10-02T01:23:33.689652+00:00,LibGen,LibGen.la,PROTECTED,200,302,,Cloudflare
2026-10-02T01:24:33.751387+00:00,LibGen,LibGen.la,PROTECTED,200,557,,Cloudflare
2026-10-02T01:25:34.136824+00:00,LibGen,LibGen.la,PROTECTED,200,314,,Cloudflare
2026-10-02T01:26:34.339238+00:00,LibGen,LibGen.la,PROTECTED,200,289,,Cloudflare
2026-10-02T01:27:55.215170+00:00,LibGen,LibGen.la,DOWN,,,connection_refused,
2026-10-02T01:28:34.660836+00:00,LibGen,LibGen.la,PROTECTED,200,328,,Cloudflare
2026-10-02T01:29:35.295170+00:00,LibGen,LibGen.la,PROTECTED,200,320,,Cloudflare
2026-10-02T01:30:36.001144+00:00,LibGen,LibGen.la,DOWN,500,560,http_error,
2026-10-02T01:31:36.772530+00:00,LibGen,LibGen.la,PROTECTED,200,349,,Cloudflare
2026-10-02T01:32:37.805786+00:00,LibGen,LibGen.la,PROTECTED,200,456,,Cloudflare
2026-10-02T01:33:37.894304+00:00,LibGen,LibGen.la,PROTECTED,200,560,,Cloudflare
2026-10-02T01:34:37.900985+00:00,LibGen,LibGen.la,PROTECTED,200,320,,Cloudflare
2026-10-02T01:35:59.733474+00:00,LibGen,LibGen.la,DOWN,,,connection_refused,
2026-10-02T01:36:38.731496+00:00,LibGen,LibGen.la,PROTECTED,200,295,,Cloudflare
2026-10-02T01:37:38.900638+00:00,LibGen,LibGen.la,PROTECTED,200,297,,Cloudflare
