timestamp,site_id,domain_id,domain_status,http_status,latency_ms,failure_type,protection_type
2026-09-30T01:22:59.082029+00:00,LibGen,LibGen.vg,UP,200,1255,,
2026-09-30T01:23:57.402618+00:00,LibGen,LibGen.vg,UP,200,1303,,
2026-09-30T01:24:56.890135+00:00,LibGen,LibGen.vg,UP,200,682,,
2026-09-30T01:25:57.922958+00:00,LibGen,LibGen.vg,UP,200,1289,,
2026-09-30T01:26:59.722553+00:00,LibGen,LibGen.vg,UP,200,1916,,
2026-09-30T01:27:58.953494+00:00,LibGen,LibGen.vg,UP,200,1294,,
2026-09-30T01:29:01.174144+00:00,LibGen,LibGen.vg,UP,200,1281,,
2026-09-30T01:29:59.133501+00:00,LibGen,LibGen.vg,UP,200,680,,
2026-09-30T01:31:01.765299+00:00,LibGen,LibGen.vg,UP,200,1322,,
2026-09-30T01:32:00.865547+00:00,LibGen,LibGen.vg,UP,200,1327,,
2026-09-30T01:33:01.637421+00:00,LibGen,LibGen.vg,UP,200,1425,,
2026-09-30T01:34:03.408518+00:00,LibGen,LibGen.vg,UP,200,1570,,
2026-09-30T01:35:22.320956+00:00,LibGen,LibGen.vg,DOWN,,,connection_refused,
2026-09-30T01:36:02.612162+00:00,LibGen,LibGen.vg,UP,200,1350,,
2026-09-30T01:37:03.961355+00:00,LibGen,LibGen.vg,UP,200,1462,,
2026-09-30T01:38:05.235093+00:00,LibGen,LibGen.vg,UP,200,1347,,
2026-09-30T01:39:05.442643+00:00,LibGen,LibGen.vg,UP,200,2104,,
2026-09-30T01:40:04.351470+00:00,LibGen,LibGen.vg,UP,200,1704,,
2026-09-30T01:41:05.551897+00:00,LibGen,LibGen.vg,UP,200,1986,,
2026-09-30T01:42:04.293900+00:00,LibGen,LibGen.vg,UP,200,1282,,
2026-09-30T01:43:05.510746+00:00,LibGen,LibGen.vg,UP,200,1358,,
2026-09-30T01:44:05.812522+00:00,LibGen,LibGen.vg,UP,200,1273,,
2026-09-30T01:45:05.798059+00:00,LibGen,LibGen.vg,UP,200,1350,,
2026-09-30T01:46:05.581493+00:00,LibGen,LibGen.vg,UP,200,1425,,
2026-09-30T01:47:05.773923+00:00,LibGen,LibGen.vg,UP,200,707,,
2026-09-30T01:48:05.820802+00:00,LibGen,LibGen.vg,UP,200,1231,,
2026-09-30T01:49:06.654113+00:00,LibGen,LibGen.vg,UP,200,1354,,
2026-09-30T01:50:08.301930+00:00,LibGen,LibGen.vg,UP,200,1965,,
2026-09-30T01:51:09.552681+00:00,LibGen,LibGen.vg,UP,200,1382,,
2026-09-30T01:52:07.419488+00:00,LibGen,LibGen.vg,UP,200,1239,,
2026-09-30T01:53:08.666890+00:00,LibGen,LibGen.vg,UP,200,1352,,
2026-09-30T01:54:08.999811+00:00,LibGen,LibGen.vg,UP,200,1199,,
2026-09-30T01:55:08.865267+00:00,LibGen,LibGen.vg,UP,200,1334,,
2026-09-30T01:56:08.864456+00:00,LibGen,LibGen.vg,UP,200,703,,
2026-09-30T01:57:10.327241+00:00,LibGen,LibGen.vg,UP,200,1221,,
2026-09-30T01:58:10.981397+00:00,LibGen,LibGen.vg,UP,200,1928,,
2026-09-30T01:59:11.216925+00:00,LibGen,LibGen.vg,UP,200,1883,,
2026-09-30T02:00:12.015042+00:00,LibGen,LibGen.vg,UP,200,2486,,
2026-09-30T02:01:10.984878+00:00,LibGen,LibGen.vg,UP,200,1267,,
2026-09-30T02:02:13.253315+00:00,LibGen,LibGen.vg,UP,200,1475,,
2026-09-30T02:03:12.318983+00:00,LibGen,LibGen.vg,UP,200,1312,,
2026-09-30T02:04:12.771704+00:00,LibGen,LibGen.vg,UP,200,1363,,
2026-09-30T02:05:12.959369+00:00,LibGen,LibGen.vg,UP,200,1334,,
2026-09-30T02:06:13.859592+00:00,LibGen,LibGen.vg,UP,200,1325,,
2026-09-30T02:07:13.725577+00:00,LibGen,LibGen.vg,UP,200,1339,,
2026-09-30T02:08:18.347506+00:00,LibGen,LibGen.vg,DEGRADED,200,4873,latency_high,
2026-09-30T02:09:14.407123+00:00,LibGen,LibGen.vg,UP,200,1230,,
2026-09-30T02:10:16.592025+00:00,LibGen,LibGen.vg,UP,200,1290,,
2026-09-30T02:11:15.436812+00:00,LibGen,LibGen.vg,UP,200,1358,,
2026-09-30T02:12:16.016350+00:00,LibGen,LibGen.vg,UP,200,1294,,
2026-09-30T02:13:16.862858+00:00,LibGen,LibGen.vg,UP,200,1254,,
2026-09-30T02:14:17.563194+00:00,LibGen,LibGen.vg,UP,200,1911,,
2026-09-30T02:15:18.099018+00:00,LibGen,LibGen.vg,UP,200,709,,
2026-09-30T02:16:17.390707+00:00,LibGen,LibGen.vg,UP,200,1372,,
2026-09-30T02:17:18.864110+00:00,LibGen,LibGen.vg,UP,200,1504,,
2026-09-30T02:18:18.473001+00:00,LibGen,LibGen.vg,UP,200,1402,,
2026-09-30T02:19:18.974459+00:00,LibGen,LibGen.vg,UP,200,1889,,
2026-09-30T02:20:20.210172+00:00,LibGen,LibGen.vg,UP,200,1360,,
2026-09-30T02:21:19.208821+00:00,LibGen,LibGen.vg,UP,200,1277,,
2026-09-30T02:22:19.981112+00:00,LibGen,LibGen.vg,UP,200,1240,,
2026-09-30T02:23:19.974018+00:00,LibGen,LibGen.vg,UP,200,1221,,
2026-09-30T02:24:20.942889+00:00,LibGen,LibGen.vg,UP,200,1243,,
2026-09-30T02:25:21.116948+00:00,LibGen,LibGen.vg,UP,200,1378,,
2026-09-30T02:26:22.029805+00:00,LibGen,LibGen.vg,UP,200,1307,,
2026-09-30T02:27:21.095145+00:00,LibGen,LibGen.vg,UP,200,1370,,
2026-09-30T02:28:21.704467+00:00,LibGen,LibGen.vg,UP,200,1350,,
2026-09-30T02:29:23.550892+00:00,LibGen,LibGen.vg,UP,200,1321,,
2026-09-30T02:30:22.420877+00:00,LibGen,LibGen.vg,UP,200,1429,,
2026-09-30T02:31:23.237606+00:00,LibGen,LibGen.vg,UP,200,1357,,
2026-09-30T02:32:23.620542+00:00,LibGen,LibGen.vg,UP,200,1334,,
2026-09-30T02:33:23.953751+00:00,LibGen,LibGen.vg,UP,200,1338,,
2026-09-30T02:34:24.895890+00:00,LibGen,LibGen.vg,UP,200,1544,,
2026-09-30T02:35:25.150450+00:00,LibGen,LibGen.vg,UP,200,1473,,
2026-09-30T02:36:25.269907+00:00,LibGen,LibGen.vg,UP,200,1307,,
2026-09-30T02:37:26.817536+00:00,LibGen,LibGen.vg,UP,200,1411,,
2026-09-30T02:38:27.843149+00:00,LibGen,LibGen.vg,UP,200,1341,,
2026-09-30T02:39:26.525967+00:00,LibGen,LibGen.vg,UP,200,678,,
2026-09-30T02:40:27.420215+00:00,LibGen,LibGen.vg,UP,200,1341,,
2026-09-30T02:41:34.552976+00:00,LibGen,LibGen.vg,UP,200,1291,,
2026-09-30T02:42:46.607177+00:00,LibGen,LibGen.vg,TIMEOUT,,,timeout,
2026-09-30T02:43:46.912351+00:00,LibGen,LibGen.vg,TIMEOUT,,,timeout,
2026-09-30T02:44:29.001779+00:00,LibGen,LibGen.vg,UP,200,2025,,
2026-09-30T02:45:28.962641+00:00,LibGen,LibGen.vg,UP,200,1374,,
2026-09-30T02:46:29.587516+00:00,LibGen,LibGen.vg,UP,200,1343,,
2026-09-30T02:47:29.993144+00:00,LibGen,LibGen.vg,UP,200,1283,,
2026-09-30T02:48:31.174739+00:00,LibGen,LibGen.vg,UP,200,1910,,
2026-09-30T02:49:30.860148+00:00,LibGen,LibGen.vg,UP,200,711,,
2026-09-30T02:50:31.627566+00:00,LibGen,LibGen.vg,UP,200,1360,,
2026-09-30T02:51:31.534790+00:00,LibGen,LibGen.vg,UP,200,708,,
2026-09-30T02:52:32.039400+00:00,LibGen,LibGen.vg,UP,200,1278,,
2026-09-30T02:53:32.694833+00:00,LibGen,LibGen.vg,UP,200,1327,,
2026-09-30T02:54:32.873576+00:00,LibGen,LibGen.vg,UP,200,1369,,
2026-09-30T02:55:34.261456+00:00,LibGen,LibGen.vg,UP,200,1351,,
2026-09-30T02:56:33.352340+00:00,LibGen,LibGen.vg,UP,200,1315,,
2026-09-30T02:57:34.506109+00:00,LibGen,LibGen.vg,UP,200,1968,,
2026-09-30T02:58:34.469076+00:00,LibGen,LibGen.vg,UP,200,1808,,
2026-09-30T02:59:34.579785+00:00,LibGen,LibGen.vg,UP,200,1333,,
2026-09-30T03:00:35.932689+00:00,LibGen,LibGen.vg,UP,200,1342,,
2026-09-30T03:01:36.550817+00:00,LibGen,LibGen.vg,UP,200,1364,,
2026-09-30T03:02:36.455660+00:00,LibGen,LibGen.vg,UP,200,1424,,
2026-09-30T03:03:36.661800+00:00,LibGen,LibGen.vg,UP,200,685,,
2026-09-30T03:04:36.820846+00:00,LibGen,LibGen.vg,UP,200,1260,,
2026-09-30T03:05:37.336576+00:00,LibGen,LibGen.vg,UP,200,1269,,
2026-09-30T03:06:38.651928+00:00,LibGen,LibGen.vg,UP,200,1289,,
2026-09-30T03:07:38.293118+00:00,LibGen,LibGen.vg,UP,200,1218,,
2026-09-30T03:08:39.965272+00:00,LibGen,LibGen.vg,UP,200,1345,,
2026-09-30T03:09:41.845559+00:00,LibGen,LibGen.vg,DEGRADED,200,3035,latency_high,
2026-09-30T03:10:40.547953+00:00,LibGen,LibGen.vg,UP,200,1362,,
2026-09-30T03:11:40.292879+00:00,LibGen,LibGen.vg,UP,200,1280,,
2026-09-30T03:12:40.825714+00:00,LibGen,LibGen.vg,UP,200,1245,,
2026-09-30T03:13:41.930689+00:00,LibGen,LibGen.vg,UP,200,1261,,
2026-09-30T03:14:41.555993+00:00,LibGen,LibGen.vg,UP,200,1271,,
2026-09-30T03:15:43.380128+00:00,LibGen,LibGen.vg,UP,200,2514,,
2026-09-30T03:16:43.235510+00:00,LibGen,LibGen.vg,UP,200,1282,,
2026-09-30T03:17:43.463388+00:00,LibGen,LibGen.vg,UP,200,1319,,
2026-09-30T03:18:43.782230+00:00,LibGen,LibGen.vg,UP,200,1334,,
2026-09-30T03:19:43.892002+00:00,LibGen,LibGen.vg,UP,200,1398,,
2026-09-30T03:20:48.621833+00:00,LibGen,LibGen.vg,UP,200,1579,,
2026-09-30T03:21:45.384113+00:00,LibGen,LibGen.vg,UP,200,1361,,
2026-09-30T03:22:45.586985+00:00,LibGen,LibGen.vg,UP,200,1403,,
2026-09-30T03:23:46.503422+00:00,LibGen,LibGen.vg,UP,200,1396,,
2026-09-30T03:24:47.049410+00:00,LibGen,LibGen.vg,UP,200,1301,,
2026-09-30T03:25:48.348121+00:00,LibGen,LibGen.vg,UP,200,1355,,
2026-09-30T03:26:48.926202+00:00,LibGen,LibGen.vg,UP,200,1299,,
2026-09-30T03:27:50.794217+00:00,LibGen,LibGen.vg,UP,200,2866,,
2026-09-30T03:28:47.810596+00:00,LibGen,LibGen.vg,UP,200,1293,,
2026-09-30T03:29:50.447723+00:00,LibGen,LibGen.vg,UP,200,1336,,
2026-09-30T03:30:48.765193+00:00,LibGen,LibGen.vg,UP,200,1279,,
2026-09-30T03:31:49.025628+00:00,LibGen,LibGen.vg,UP,200,1237,,
2026-09-30T03:32:50.241306+00:00,LibGen,LibGen.vg,UP,200,1348,,
2026-09-30T03:33:50.934613+00:00,LibGen,LibGen.vg,UP,200,1588,,
2026-09-30T03:34:50.790537+00:00,LibGen,LibGen.vg,UP,200,1280,,
2026-09-30T03:35:55.228830+00:00,LibGen,LibGen.vg,DEGRADED,200,5558,latency_high,
2026-09-30T03:36:51.234819+00:00,LibGen,LibGen.vg,UP,200,1277,,
2026-09-30T03:37:51.231381+00:00,LibGen,LibGen.vg,UP,200,1275,,
2026-09-30T03:38:53.027052+00:00,LibGen,LibGen.vg,UP,200,2753,,
2026-09-30T03:39:52.268099+00:00,LibGen,LibGen.vg,UP,200,1316,,
2026-09-30T03:40:53.485835+00:00,LibGen,LibGen.vg,UP,200,1274,,
2026-09-30T03:41:54.913088+00:00,LibGen,LibGen.vg,UP,200,1353,,
2026-09-30T03:42:53.760570+00:00,LibGen,LibGen.vg,UP,200,1329,,
2026-09-30T03:43:54.964590+00:00,LibGen,LibGen.vg,UP,200,1292,,
2026-09-30T03:44:55.808228+00:00,LibGen,LibGen.vg,UP,200,1513,,
2026-09-30T03:46:15.272733+00:00,LibGen,LibGen.vg,DOWN,,,connection_refused,
2026-09-30T03:46:55.696620+00:00,LibGen,LibGen.vg,UP,200,1275,,
2026-09-30T03:47:54.535401+00:00,LibGen,LibGen.vg,UP,200,1377,,
2026-09-30T03:48:56.762859+00:00,LibGen,LibGen.vg,UP,200,1325,,
2026-09-30T03:49:56.555389+00:00,LibGen,LibGen.vg,UP,200,1297,,
2026-09-30T03:50:55.784564+00:00,LibGen,LibGen.vg,UP,200,1300,,
2026-09-30T03:51:56.633520+00:00,LibGen,LibGen.vg,UP,200,1341,,
2026-09-30T03:52:57.681099+00:00,LibGen,LibGen.vg,UP,200,1263,,
2026-09-30T03:53:58.181897+00:00,LibGen,LibGen.vg,UP,200,1289,,
2026-09-30T03:54:57.672079+00:00,LibGen,LibGen.vg,UP,200,1264,,
2026-09-30T03:55:57.825036+00:00,LibGen,LibGen.vg,UP,200,1235,,
2026-09-30T03:56:58.352046+00:00,LibGen,LibGen.vg,UP,200,1270,,
2026-09-30T03:57:58.328666+00:00,LibGen,LibGen.vg,UP,200,1331,,
2026-09-30T03:59:01.278875+00:00,LibGen,LibGen.vg,UP,200,1290,,
2026-09-30T03:59:59.765210+00:00,LibGen,LibGen.vg,UP,200,1341,,
2026-09-30T04:01:00.909031+00:00,LibGen,LibGen.vg,UP,200,1397,,
2026-09-30T04:02:01.729138+00:00,LibGen,LibGen.vg,UP,200,1990,,
2026-09-30T04:03:01.206801+00:00,LibGen,LibGen.vg,UP,200,1277,,
2026-09-30T04:04:03.884927+00:00,LibGen,LibGen.vg,DEGRADED,200,3370,latency_high,
2026-09-30T04:05:02.097648+00:00,LibGen,LibGen.vg,UP,200,1457,,
2026-09-30T04:06:03.521799+00:00,LibGen,LibGen.vg,UP,200,1425,,
2026-09-30T04:07:03.652739+00:00,LibGen,LibGen.vg,UP,200,1491,,
2026-09-30T04:08:04.097089+00:00,LibGen,LibGen.vg,UP,200,728,,
2026-09-30T04:09:04.066330+00:00,LibGen,LibGen.vg,UP,200,1357,,
2026-09-30T04:10:05.465948+00:00,LibGen,LibGen.vg,UP,200,1503,,
2026-09-30T04:11:06.345431+00:00,LibGen,LibGen.vg,UP,200,1398,,
2026-09-30T04:12:06.613038+00:00,LibGen,LibGen.vg,UP,200,1879,,
2026-09-30T04:13:08.881938+00:00,LibGen,LibGen.vg,UP,200,2053,,
2026-09-30T04:14:07.588632+00:00,LibGen,LibGen.vg,UP,200,1246,,
2026-09-30T04:15:07.275084+00:00,LibGen,LibGen.vg,UP,200,1298,,
2026-09-30T04:16:07.618748+00:00,LibGen,LibGen.vg,UP,200,1283,,
2026-09-30T04:17:07.331598+00:00,LibGen,LibGen.vg,UP,200,711,,
2026-09-30T04:18:08.162192+00:00,LibGen,LibGen.vg,UP,200,1261,,
2026-09-30T04:19:08.824837+00:00,LibGen,LibGen.vg,UP,200,1311,,
2026-09-30T04:20:09.144611+00:00,LibGen,LibGen.vg,UP,200,1356,,
2026-09-30T04:21:10.641079+00:00,LibGen,LibGen.vg,UP,200,1906,,
2026-09-30T04:22:10.725931+00:00,LibGen,LibGen.vg,UP,200,1994,,
2026-09-30T04:23:13.192629+00:00,LibGen,LibGen.vg,DEGRADED,200,4236,latency_high,
2026-09-30T04:24:10.397681+00:00,LibGen,LibGen.vg,UP,200,1290,,
2026-09-30T04:25:10.662054+00:00,LibGen,LibGen.vg,UP,200,1296,,
2026-09-30T04:26:11.489008+00:00,LibGen,LibGen.vg,UP,200,1263,,
2026-09-30T04:27:12.215213+00:00,LibGen,LibGen.vg,UP,200,1979,,
2026-09-30T04:28:12.670105+00:00,LibGen,LibGen.vg,UP,200,1918,,
2026-09-30T04:29:12.853247+00:00,LibGen,LibGen.vg,UP,200,1245,,
2026-09-30T04:30:13.526408+00:00,LibGen,LibGen.vg,UP,200,1498,,
2026-09-30T04:31:14.091475+00:00,LibGen,LibGen.vg,UP,200,1399,,
2026-09-30T04:32:13.854963+00:00,LibGen,LibGen.vg,UP,200,1371,,
2026-09-30T04:33:14.089392+00:00,LibGen,LibGen.vg,UP,200,1341,,
2026-09-30T04:34:14.538466+00:00,LibGen,LibGen.vg,UP,200,1242,,
2026-09-30T04:35:15.068349+00:00,LibGen,LibGen.vg,UP,200,1398,,
2026-09-30T04:36:15.739852+00:00,LibGen,LibGen.vg,UP,200,1265,,
2026-09-30T04:37:16.347198+00:00,LibGen,LibGen.vg,UP,200,1336,,
2026-09-30T04:38:16.676324+00:00,LibGen,LibGen.vg,UP,200,1304,,
2026-09-30T04:39:16.327615+00:00,LibGen,LibGen.vg,UP,200,1319,,
2026-09-30T04:40:15.947700+00:00,LibGen,LibGen.vg,UP,200,756,,
2026-09-30T04:41:16.702094+00:00,LibGen,LibGen.vg,UP,200,690,,
2026-09-30T04:42:17.884841+00:00,LibGen,LibGen.vg,UP,200,1248,,
2026-09-30T04:43:18.534000+00:00,LibGen,LibGen.vg,UP,200,688,,
2026-09-30T04:44:17.838399+00:00,LibGen,LibGen.vg,UP,200,1318,,
2026-09-30T04:45:20.021047+00:00,LibGen,LibGen.vg,UP,200,2048,,
2026-09-30T04:46:19.909071+00:00,LibGen,LibGen.vg,UP,200,1318,,
2026-09-30T04:47:19.114203+00:00,LibGen,LibGen.vg,UP,200,1383,,
2026-09-30T04:48:18.643215+00:00,LibGen,LibGen.vg,UP,200,717,,
2026-09-30T04:49:19.466633+00:00,LibGen,LibGen.vg,UP,200,1344,,
2026-09-30T04:50:20.917653+00:00,LibGen,LibGen.vg,UP,200,1316,,
2026-09-30T04:51:20.744406+00:00,LibGen,LibGen.vg,UP,200,1340,,
2026-09-30T04:52:21.899821+00:00,LibGen,LibGen.vg,UP,200,1278,,
2026-09-30T04:53:21.243026+00:00,LibGen,LibGen.vg,UP,200,1394,,
2026-09-30T04:54:22.416736+00:00,LibGen,LibGen.vg,UP,200,1441,,
2026-09-30T04:55:20.809729+00:00,LibGen,LibGen.vg,UP,200,710,,
2026-09-30T04:56:22.656070+00:00,LibGen,LibGen.vg,UP,200,2024,,
2026-09-30T04:57:21.928646+00:00,LibGen,LibGen.vg,UP,200,1309,,
2026-09-30T04:58:23.961682+00:00,LibGen,LibGen.vg,UP,200,1279,,
2026-09-30T04:59:22.893547+00:00,LibGen,LibGen.vg,UP,200,1703,,
2026-09-30T05:00:23.847036+00:00,LibGen,LibGen.vg,UP,200,1320,,
2026-09-30T05:01:23.812348+00:00,LibGen,LibGen.vg,UP,200,1358,,
2026-09-30T05:02:24.739679+00:00,LibGen,LibGen.vg,UP,200,1277,,
2026-09-30T05:03:24.116340+00:00,LibGen,LibGen.vg,UP,200,729,,
2026-09-30T05:04:25.685759+00:00,LibGen,LibGen.vg,UP,200,1328,,
2026-09-30T05:05:26.718730+00:00,LibGen,LibGen.vg,UP,200,1303,,
2026-09-30T05:06:26.394330+00:00,LibGen,LibGen.vg,UP,200,1307,,
2026-09-30T05:07:26.311543+00:00,LibGen,LibGen.vg,UP,200,1437,,
2026-09-30T05:08:28.341821+00:00,LibGen,LibGen.vg,UP,200,717,,
2026-09-30T05:09:26.848004+00:00,LibGen,LibGen.vg,UP,200,1260,,
2026-09-30T05:10:28.845849+00:00,LibGen,LibGen.vg,UP,200,1278,,
2026-09-30T05:11:28.411678+00:00,LibGen,LibGen.vg,UP,200,1253,,
2026-09-30T05:12:29.792745+00:00,LibGen,LibGen.vg,UP,200,1241,,
2026-09-30T05:13:28.889453+00:00,LibGen,LibGen.vg,UP,200,1272,,
2026-09-30T05:14:28.854780+00:00,LibGen,LibGen.vg,UP,200,1366,,
2026-09-30T05:15:31.060758+00:00,LibGen,LibGen.vg,UP,200,1255,,
2026-09-30T05:16:29.954466+00:00,LibGen,LibGen.vg,UP,200,1331,,
2026-09-30T05:17:31.189024+00:00,LibGen,LibGen.vg,UP,200,1367,,
2026-09-30T05:18:30.747180+00:00,LibGen,LibGen.vg,UP,200,1302,,
2026-09-30T05:19:31.405079+00:00,LibGen,LibGen.vg,UP,200,1349,,
2026-09-30T05:20:32.806880+00:00,LibGen,LibGen.vg,UP,200,2246,,
2026-09-30T05:21:32.548473+00:00,LibGen,LibGen.vg,UP,200,1309,,
2026-09-30T05:22:35.353552+00:00,LibGen,LibGen.vg,UP,200,2322,,
2026-09-30T05:23:33.142360+00:00,LibGen,LibGen.vg,UP,200,1365,,
2026-09-30T05:24:33.274679+00:00,LibGen,LibGen.vg,UP,200,689,,
2026-09-30T05:25:34.301858+00:00,LibGen,LibGen.vg,UP,200,1365,,
2026-09-30T05:26:34.966227+00:00,LibGen,LibGen.vg,UP,200,1321,,
2026-09-30T05:27:35.565482+00:00,LibGen,LibGen.vg,UP,200,1399,,
2026-09-30T05:28:34.857454+00:00,LibGen,LibGen.vg,UP,200,1300,,
2026-09-30T05:29:35.688118+00:00,LibGen,LibGen.vg,UP,200,1918,,
2026-09-30T05:30:35.579416+00:00,LibGen,LibGen.vg,UP,200,688,,
2026-09-30T05:31:37.208709+00:00,LibGen,LibGen.vg,UP,200,1346,,
2026-09-30T05:32:35.705628+00:00,LibGen,LibGen.vg,UP,200,707,,
2026-09-30T05:33:36.845500+00:00,LibGen,LibGen.vg,UP,200,1265,,
2026-09-30T05:34:37.595916+00:00,LibGen,LibGen.vg,UP,200,1308,,
2026-09-30T05:35:37.870482+00:00,LibGen,LibGen.vg,UP,200,1279,,
2026-09-30T05:36:39.214157+00:00,LibGen,LibGen.vg,UP,200,1354,,
2026-09-30T05:37:39.021775+00:00,LibGen,LibGen.vg,UP,200,1282,,
2026-09-30T05:38:39.026246+00:00,LibGen,LibGen.vg,UP,200,662,,
2026-09-30T05:39:40.421790+00:00,LibGen,LibGen.vg,UP,200,1298,,
2026-09-30T05:40:39.878560+00:00,LibGen,LibGen.vg,UP,200,1337,,
2026-09-30T05:41:39.850822+00:00,LibGen,LibGen.vg,UP,200,1318,,
2026-09-30T05:42:41.862767+00:00,LibGen,LibGen.vg,UP,200,1306,,
2026-09-30T05:43:40.519636+00:00,LibGen,LibGen.vg,UP,200,1309,,
2026-09-30T05:44:42.587098+00:00,LibGen,LibGen.vg,UP,200,1233,,
2026-09-30T05:45:45.107436+00:00,LibGen,LibGen.vg,UP,200,1312,,
2026-09-30T05:46:42.234709+00:00,LibGen,LibGen.vg,UP,200,1307,,
2026-09-30T05:47:42.016775+00:00,LibGen,LibGen.vg,UP,200,1275,,
2026-09-30T05:48:43.037022+00:00,LibGen,LibGen.vg,UP,200,1272,,
2026-09-30T05:49:43.499255+00:00,LibGen,LibGen.vg,UP,200,1323,,
2026-09-30T05:50:44.887512+00:00,LibGen,LibGen.vg,UP,200,1333,,
2026-09-30T05:51:47.298404+00:00,LibGen,LibGen.vg,UP,200,1347,,
2026-09-30T05:52:43.990171+00:00,LibGen,LibGen.vg,UP,200,1300,,
2026-09-30T05:53:44.226121+00:00,LibGen,LibGen.vg,UP,200,1304,,
2026-09-30T05:54:45.446662+00:00,LibGen,LibGen.vg,UP,200,1263,,
2026-09-30T05:55:49.106055+00:00,LibGen,LibGen.vg,UP,200,1362,,
2026-09-30T05:56:45.352573+00:00,LibGen,LibGen.vg,UP,200,1272,,
2026-09-30T05:57:49.487822+00:00,LibGen,LibGen.vg,DEGRADED,200,3025,latency_high,
2026-09-30T05:58:47.607536+00:00,LibGen,LibGen.vg,UP,200,1385,,
2026-09-30T05:59:46.912628+00:00,LibGen,LibGen.vg,UP,200,1348,,
2026-09-30T06:00:47.610058+00:00,LibGen,LibGen.vg,UP,200,1340,,
2026-09-30T06:01:49.049910+00:00,LibGen,LibGen.vg,UP,200,1483,,
2026-09-30T06:02:49.506649+00:00,LibGen,LibGen.vg,UP,200,1230,,
2026-09-30T06:03:48.929529+00:00,LibGen,LibGen.vg,UP,200,1347,,
2026-09-30T06:04:49.510466+00:00,LibGen,LibGen.vg,UP,200,1345,,
2026-09-30T06:05:52.563025+00:00,LibGen,LibGen.vg,UP,200,1619,,
2026-09-30T06:06:51.338545+00:00,LibGen,LibGen.vg,UP,200,1425,,
2026-09-30T06:07:51.959565+00:00,LibGen,LibGen.vg,UP,200,1543,,
2026-09-30T06:08:53.144194+00:00,LibGen,LibGen.vg,UP,200,1337,,
2026-09-30T06:09:52.820625+00:00,LibGen,LibGen.vg,UP,200,1346,,
2026-09-30T06:10:53.621947+00:00,LibGen,LibGen.vg,UP,200,1359,,
2026-09-30T06:11:56.079457+00:00,LibGen,LibGen.vg,UP,200,1902,,
2026-09-30T06:13:01.134908+00:00,LibGen,LibGen.vg,UP,200,1293,,
2026-09-30T06:13:54.989944+00:00,LibGen,LibGen.vg,UP,200,1291,,
2026-09-30T06:14:54.951365+00:00,LibGen,LibGen.vg,UP,200,1311,,
2026-09-30T06:15:55.964698+00:00,LibGen,LibGen.vg,UP,200,1313,,
2026-09-30T06:16:55.737300+00:00,LibGen,LibGen.vg,UP,200,1248,,
2026-09-30T06:17:56.933128+00:00,LibGen,LibGen.vg,UP,200,1356,,
2026-09-30T06:18:57.521300+00:00,LibGen,LibGen.vg,UP,200,1428,,
2026-09-30T06:20:01.278388+00:00,LibGen,LibGen.vg,UP,200,1489,,
2026-09-30T06:20:59.028268+00:00,LibGen,LibGen.vg,UP,200,1400,,
2026-09-30T06:21:59.309889+00:00,LibGen,LibGen.vg,UP,200,1534,,
2026-09-30T06:22:59.050668+00:00,LibGen,LibGen.vg,UP,200,703,,
2026-09-30T06:24:00.043005+00:00,LibGen,LibGen.vg,UP,200,1324,,
2026-09-30T06:25:02.258042+00:00,LibGen,LibGen.vg,UP,200,1342,,
2026-09-30T06:26:02.737979+00:00,LibGen,LibGen.vg,UP,200,2022,,
2026-09-30T06:27:04.348372+00:00,LibGen,LibGen.vg,UP,200,1350,,
2026-09-30T06:28:04.155219+00:00,LibGen,LibGen.vg,UP,200,1508,,
2026-09-30T06:29:04.492251+00:00,LibGen,LibGen.vg,UP,200,1981,,
2026-09-30T06:30:05.842001+00:00,LibGen,LibGen.vg,UP,200,1843,,
2026-09-30T06:31:05.126952+00:00,LibGen,LibGen.vg,UP,200,1437,,
2026-09-30T06:32:07.457343+00:00,LibGen,LibGen.vg,UP,200,1493,,
2026-09-30T06:33:06.339475+00:00,LibGen,LibGen.vg,UP,200,2033,,
2026-09-30T06:34:05.532670+00:00,LibGen,LibGen.vg,UP,200,1297,,
2026-09-30T06:35:07.532935+00:00,LibGen,LibGen.vg,UP,200,1516,,
2026-09-30T06:36:07.440062+00:00,LibGen,LibGen.vg,UP,200,699,,
2026-09-30T06:37:10.310427+00:00,LibGen,LibGen.vg,UP,200,685,,
2026-09-30T06:37:47.605294+00:00,LibGen,LibGen.vg,UP,200,1298,,
2026-09-30T06:38:47.979517+00:00,LibGen,LibGen.vg,UP,200,1293,,
2026-09-30T06:39:47.915650+00:00,LibGen,LibGen.vg,UP,200,1284,,
2026-09-30T06:40:48.832954+00:00,LibGen,LibGen.vg,UP,200,1283,,
2026-09-30T06:41:51.061977+00:00,LibGen,LibGen.vg,UP,200,1236,,
2026-09-30T06:42:51.802361+00:00,LibGen,LibGen.vg,UP,200,1266,,
2026-09-30T06:43:52.290942+00:00,LibGen,LibGen.vg,UP,200,1842,,
2026-09-30T06:44:52.394646+00:00,LibGen,LibGen.vg,UP,200,1250,,
2026-09-30T06:45:53.419255+00:00,LibGen,LibGen.vg,UP,200,1297,,
2026-09-30T06:46:54.845842+00:00,LibGen,LibGen.vg,UP,200,1984,,
2026-09-30T06:47:55.872833+00:00,LibGen,LibGen.vg,UP,200,1819,,
2026-09-30T06:48:56.041506+00:00,LibGen,LibGen.vg,UP,200,1256,,
2026-09-30T06:49:55.679657+00:00,LibGen,LibGen.vg,UP,200,1243,,
2026-09-30T06:51:03.298920+00:00,LibGen,LibGen.vg,DEGRADED,200,5545,latency_high,
2026-09-30T06:51:57.485587+00:00,LibGen,LibGen.vg,UP,200,1340,,
2026-09-30T06:53:00.794538+00:00,LibGen,LibGen.vg,DEGRADED,200,4324,latency_high,
2026-09-30T06:53:58.594481+00:00,LibGen,LibGen.vg,UP,200,1239,,
2026-09-30T06:55:01.808021+00:00,LibGen,LibGen.vg,DEGRADED,200,3045,latency_high,
2026-09-30T06:55:59.471581+00:00,LibGen,LibGen.vg,UP,200,1266,,
2026-09-30T06:56:59.879831+00:00,LibGen,LibGen.vg,UP,200,1251,,
2026-09-30T06:57:59.990248+00:00,LibGen,LibGen.vg,UP,200,1309,,
2026-09-30T06:59:01.360922+00:00,LibGen,LibGen.vg,UP,200,1285,,
2026-09-30T07:00:01.480909+00:00,LibGen,LibGen.vg,UP,200,1224,,
2026-09-30T07:01:02.423199+00:00,LibGen,LibGen.vg,UP,200,2042,,
2026-09-30T07:02:02.033872+00:00,LibGen,LibGen.vg,UP,200,1325,,
2026-09-30T07:03:02.475052+00:00,LibGen,LibGen.vg,UP,200,1346,,
2026-09-30T07:04:04.585141+00:00,LibGen,LibGen.vg,UP,200,1369,,
2026-09-30T07:05:04.137518+00:00,LibGen,LibGen.vg,UP,200,1526,,
2026-09-30T07:06:10.257054+00:00,LibGen,LibGen.vg,UP,200,1875,,
2026-09-30T07:07:09.156756+00:00,LibGen,LibGen.vg,DEGRADED,200,3122,latency_high,
2026-09-30T07:08:07.842473+00:00,LibGen,LibGen.vg,UP,200,1322,,
2026-09-30T07:09:09.189048+00:00,LibGen,LibGen.vg,UP,200,1238,,
2026-09-30T07:10:09.134524+00:00,LibGen,LibGen.vg,UP,200,707,,
2026-09-30T07:11:13.538157+00:00,LibGen,LibGen.vg,UP,200,1272,,
2026-09-30T07:12:08.428978+00:00,LibGen,LibGen.vg,UP,200,1265,,
2026-09-30T07:13:10.046370+00:00,LibGen,LibGen.vg,UP,200,1342,,
2026-09-30T07:14:09.433445+00:00,LibGen,LibGen.vg,UP,200,718,,
2026-09-30T07:15:09.351632+00:00,LibGen,LibGen.vg,DOWN,,,connection_refused,
2026-09-30T07:16:14.069147+00:00,LibGen,LibGen.vg,UP,200,1320,,
2026-09-30T07:17:12.033418+00:00,LibGen,LibGen.vg,UP,200,1501,,
2026-09-30T07:18:33.214782+00:00,LibGen,LibGen.vg,DOWN,,,connection_refused,
2026-09-30T07:19:13.536692+00:00,LibGen,LibGen.vg,UP,200,1308,,
2026-09-30T07:20:14.369196+00:00,LibGen,LibGen.vg,UP,200,1238,,
2026-09-30T07:21:15.358422+00:00,LibGen,LibGen.vg,UP,200,1304,,
2026-09-30T07:22:15.747790+00:00,LibGen,LibGen.vg,UP,200,1291,,
2026-09-30T07:23:20.376505+00:00,LibGen,LibGen.vg,UP,200,1303,,
2026-09-30T07:24:18.311415+00:00,LibGen,LibGen.vg,UP,200,1267,,
2026-09-30T07:25:18.639056+00:00,LibGen,LibGen.vg,UP,200,684,,
2026-09-30T07:26:19.229094+00:00,LibGen,LibGen.vg,UP,200,1298,,
2026-09-30T07:27:20.748032+00:00,LibGen,LibGen.vg,UP,200,1326,,
2026-09-30T07:28:20.944452+00:00,LibGen,LibGen.vg,UP,200,1293,,
2026-09-30T07:29:21.161164+00:00,LibGen,LibGen.vg,UP,200,1246,,
2026-09-30T07:30:22.563531+00:00,LibGen,LibGen.vg,UP,200,1273,,
2026-09-30T07:31:27.357614+00:00,LibGen,LibGen.vg,UP,200,1271,,
2026-09-30T07:32:26.026685+00:00,LibGen,LibGen.vg,DEGRADED,200,3069,latency_high,
2026-09-30T07:33:24.939633+00:00,LibGen,LibGen.vg,UP,200,1232,,
2026-09-30T07:34:24.693948+00:00,LibGen,LibGen.vg,UP,200,1242,,
2026-09-30T07:35:25.988175+00:00,LibGen,LibGen.vg,UP,200,1365,,
2026-09-30T07:36:25.535551+00:00,LibGen,LibGen.vg,UP,200,1393,,
2026-09-30T07:37:26.178569+00:00,LibGen,LibGen.vg,UP,200,1369,,
2026-09-30T07:38:28.513919+00:00,LibGen,LibGen.vg,UP,200,1253,,
2026-09-30T07:39:30.173990+00:00,LibGen,LibGen.vg,UP,200,1948,,
2026-09-30T07:40:29.519070+00:00,LibGen,LibGen.vg,UP,200,1277,,
2026-09-30T07:41:29.448378+00:00,LibGen,LibGen.vg,UP,200,1265,,
2026-09-30T07:42:30.920566+00:00,LibGen,LibGen.vg,UP,200,1253,,
2026-09-30T07:43:31.372508+00:00,LibGen,LibGen.vg,UP,200,1370,,
2026-09-30T07:44:32.833529+00:00,LibGen,LibGen.vg,UP,200,1275,,
2026-09-30T07:45:33.849925+00:00,LibGen,LibGen.vg,UP,200,1349,,
2026-09-30T07:46:33.547113+00:00,LibGen,LibGen.vg,UP,200,1401,,
2026-09-30T07:47:34.862229+00:00,LibGen,LibGen.vg,UP,200,1870,,
2026-09-30T07:48:34.689005+00:00,LibGen,LibGen.vg,UP,200,1216,,
2026-09-30T07:49:35.964224+00:00,LibGen,LibGen.vg,UP,200,1240,,
2026-09-30T07:50:36.232729+00:00,LibGen,LibGen.vg,UP,200,1270,,
2026-09-30T07:51:38.000471+00:00,LibGen,LibGen.vg,UP,200,1970,,
2026-09-30T07:52:38.094715+00:00,LibGen,LibGen.vg,UP,200,1965,,
2026-09-30T07:53:38.922707+00:00,LibGen,LibGen.vg,UP,200,1308,,
2026-09-30T07:54:43.585174+00:00,LibGen,LibGen.vg,UP,200,1346,,
2026-09-30T07:55:39.143682+00:00,LibGen,LibGen.vg,UP,200,1261,,
2026-09-30T07:56:39.456244+00:00,LibGen,LibGen.vg,UP,200,695,,
2026-09-30T07:57:42.038195+00:00,LibGen,LibGen.vg,UP,200,1259,,
2026-09-30T07:59:06.146738+00:00,LibGen,LibGen.vg,DOWN,,,connection_refused,
2026-09-30T07:59:42.659867+00:00,LibGen,LibGen.vg,UP,200,1229,,
2026-09-30T08:00:47.018621+00:00,LibGen,LibGen.vg,UP,200,1464,,
2026-09-30T08:01:47.937501+00:00,LibGen,LibGen.vg,DEGRADED,200,5469,latency_high,
2026-09-30T08:02:45.931674+00:00,LibGen,LibGen.vg,UP,200,1258,,
2026-09-30T08:03:45.855340+00:00,LibGen,LibGen.vg,UP,200,1302,,
2026-09-30T08:04:46.296021+00:00,LibGen,LibGen.vg,UP,200,1303,,
2026-09-30T08:05:47.641400+00:00,LibGen,LibGen.vg,UP,200,1241,,
2026-09-30T08:06:47.570045+00:00,LibGen,LibGen.vg,UP,200,1260,,
2026-09-30T08:07:49.823707+00:00,LibGen,LibGen.vg,UP,200,1277,,
2026-09-30T08:08:48.527137+00:00,LibGen,LibGen.vg,UP,200,1225,,
2026-09-30T08:09:50.670869+00:00,LibGen,LibGen.vg,UP,200,736,,
2026-09-30T08:10:50.810174+00:00,LibGen,LibGen.vg,UP,200,1292,,
2026-09-30T08:11:52.632078+00:00,LibGen,LibGen.vg,UP,200,1320,,
2026-09-30T08:12:53.473347+00:00,LibGen,LibGen.vg,UP,200,1284,,
2026-09-30T08:13:53.152519+00:00,LibGen,LibGen.vg,UP,200,708,,
2026-09-30T08:14:55.366242+00:00,LibGen,LibGen.vg,UP,200,1237,,
2026-09-30T08:15:55.454003+00:00,LibGen,LibGen.vg,UP,200,1296,,
2026-09-30T08:16:55.736619+00:00,LibGen,LibGen.vg,UP,200,1299,,
2026-09-30T08:17:58.285539+00:00,LibGen,LibGen.vg,UP,200,693,,
2026-09-30T08:19:16.418983+00:00,LibGen,LibGen.vg,DOWN,,,connection_refused,
2026-09-30T08:20:08.360873+00:00,LibGen,LibGen.vg,DEGRADED,200,10362,latency_high,
2026-09-30T08:21:01.350756+00:00,LibGen,LibGen.vg,DEGRADED,200,3395,latency_high,
2026-09-30T08:21:59.322926+00:00,LibGen,LibGen.vg,UP,200,1942,,
2026-09-30T08:22:59.500774+00:00,LibGen,LibGen.vg,UP,200,1301,,
2026-09-30T08:24:00.749652+00:00,LibGen,LibGen.vg,UP,200,1282,,
2026-09-30T08:25:01.909460+00:00,LibGen,LibGen.vg,UP,200,1290,,
2026-09-30T08:26:02.084863+00:00,LibGen,LibGen.vg,UP,200,1372,,
2026-09-30T08:27:18.829887+00:00,LibGen,LibGen.vg,UP,200,1337,,
2026-09-30T08:28:03.874150+00:00,LibGen,LibGen.vg,UP,200,1323,,
2026-09-30T08:29:04.302870+00:00,LibGen,LibGen.vg,UP,200,1332,,
2026-09-30T08:30:05.519054+00:00,LibGen,LibGen.vg,UP,200,1965,,
2026-09-30T08:31:04.199435+00:00,LibGen,LibGen.vg,UP,200,1359,,
2026-09-30T08:32:05.624296+00:00,LibGen,LibGen.vg,UP,200,1264,,
2026-09-30T08:33:06.314829+00:00,LibGen,LibGen.vg,UP,200,1354,,
2026-09-30T08:34:07.403387+00:00,LibGen,LibGen.vg,UP,200,1335,,
2026-09-30T08:35:07.466135+00:00,LibGen,LibGen.vg,UP,200,1435,,
2026-09-30T08:36:11.184757+00:00,LibGen,LibGen.vg,UP,200,1421,,
2026-09-30T08:37:08.351665+00:00,LibGen,LibGen.vg,UP,200,1327,,
2026-09-30T08:38:11.771705+00:00,LibGen,LibGen.vg,UP,200,1247,,
2026-09-30T08:39:10.481152+00:00,LibGen,LibGen.vg,UP,200,1206,,
2026-09-30T08:40:11.499209+00:00,LibGen,LibGen.vg,UP,200,1312,,
2026-09-30T08:41:14.771661+00:00,LibGen,LibGen.vg,DEGRADED,200,4237,latency_high,
2026-09-30T08:42:13.506262+00:00,LibGen,LibGen.vg,UP,200,1415,,
2026-09-30T08:43:13.975195+00:00,LibGen,LibGen.vg,UP,200,1213,,
2026-09-30T08:44:15.133008+00:00,LibGen,LibGen.vg,UP,200,1826,,
2026-09-30T08:45:16.611065+00:00,LibGen,LibGen.vg,UP,200,1344,,
2026-09-30T08:46:16.936875+00:00,LibGen,LibGen.vg,UP,200,1870,,
2026-09-30T08:47:17.626484+00:00,LibGen,LibGen.vg,UP,200,1305,,
2026-09-30T08:48:18.507923+00:00,LibGen,LibGen.vg,UP,200,1248,,
2026-09-30T08:49:20.380862+00:00,LibGen,LibGen.vg,UP,200,1996,,
2026-09-30T08:50:21.297700+00:00,LibGen,LibGen.vg,UP,200,2008,,
2026-09-30T08:51:20.696564+00:00,LibGen,LibGen.vg,UP,200,672,,
2026-09-30T08:52:21.993867+00:00,LibGen,LibGen.vg,UP,200,1917,,
2026-09-30T08:53:22.245029+00:00,LibGen,LibGen.vg,UP,200,1319,,
2026-09-30T08:54:42.813640+00:00,LibGen,LibGen.vg,DOWN,,,connection_refused,
2026-09-30T08:55:23.934446+00:00,LibGen,LibGen.vg,UP,200,1313,,
2026-09-30T08:56:24.770641+00:00,LibGen,LibGen.vg,UP,200,1257,,
2026-09-30T08:57:26.768427+00:00,LibGen,LibGen.vg,UP,200,1350,,
2026-09-30T08:58:28.060529+00:00,LibGen,LibGen.vg,UP,200,2593,,
2026-09-30T08:59:29.075373+00:00,LibGen,LibGen.vg,UP,200,1290,,
2026-09-30T09:00:30.558163+00:00,LibGen,LibGen.vg,UP,200,2730,,
2026-09-30T09:01:30.863743+00:00,LibGen,LibGen.vg,DEGRADED,200,3767,latency_high,
2026-09-30T09:02:28.370248+00:00,LibGen,LibGen.vg,UP,200,1268,,
2026-09-30T09:03:29.848496+00:00,LibGen,LibGen.vg,UP,200,2031,,
2026-09-30T09:04:30.199822+00:00,LibGen,LibGen.vg,UP,200,1868,,
2026-09-30T09:05:29.848475+00:00,LibGen,LibGen.vg,UP,200,1296,,
2026-09-30T09:06:30.859809+00:00,LibGen,LibGen.vg,UP,200,1289,,
2026-09-30T09:07:31.938320+00:00,LibGen,LibGen.vg,UP,200,1297,,
2026-09-30T09:08:37.414678+00:00,LibGen,LibGen.vg,DEGRADED,200,5617,latency_high,
2026-09-30T09:09:33.058635+00:00,LibGen,LibGen.vg,UP,200,1291,,
2026-09-30T09:10:36.339859+00:00,LibGen,LibGen.vg,UP,200,1888,,
2026-09-30T09:11:36.438802+00:00,LibGen,LibGen.vg,UP,200,1294,,
2026-09-30T09:12:34.394730+00:00,LibGen,LibGen.vg,UP,200,1279,,
2026-09-30T09:13:35.206174+00:00,LibGen,LibGen.vg,UP,200,1212,,
2026-09-30T09:14:35.709519+00:00,LibGen,LibGen.vg,UP,200,1297,,
2026-09-30T09:15:36.624220+00:00,LibGen,LibGen.vg,UP,200,1266,,
2026-09-30T09:16:37.566701+00:00,LibGen,LibGen.vg,UP,200,1259,,
2026-09-30T09:17:40.076569+00:00,LibGen,LibGen.vg,UP,200,1953,,
2026-09-30T09:18:42.483872+00:00,LibGen,LibGen.vg,DEGRADED,200,4283,latency_high,
2026-09-30T09:19:41.997356+00:00,LibGen,LibGen.vg,UP,200,1273,,
2026-09-30T09:20:42.150224+00:00,LibGen,LibGen.vg,UP,200,1387,,
2026-09-30T09:21:43.883719+00:00,LibGen,LibGen.vg,DEGRADED,200,3082,latency_high,
2026-09-30T09:22:42.492017+00:00,LibGen,LibGen.vg,UP,200,1280,,
2026-09-30T09:23:46.954795+00:00,LibGen,LibGen.vg,UP,200,1581,,
2026-09-30T09:24:44.186606+00:00,LibGen,LibGen.vg,UP,200,1258,,
2026-09-30T09:25:45.148668+00:00,LibGen,LibGen.vg,UP,200,1281,,
2026-09-30T09:26:46.775463+00:00,LibGen,LibGen.vg,UP,200,1318,,
2026-09-30T09:27:47.401505+00:00,LibGen,LibGen.vg,UP,200,1294,,
2026-09-30T09:28:47.785309+00:00,LibGen,LibGen.vg,UP,200,1315,,
2026-09-30T09:29:47.168929+00:00,LibGen,LibGen.vg,UP,200,692,,
2026-09-30T09:30:49.794773+00:00,LibGen,LibGen.vg,UP,200,1262,,
2026-09-30T09:31:49.279787+00:00,LibGen,LibGen.vg,UP,200,1262,,
2026-09-30T09:32:48.880471+00:00,LibGen,LibGen.vg,UP,200,1220,,
2026-09-30T09:33:50.504835+00:00,LibGen,LibGen.vg,DEGRADED,200,3160,latency_high,
2026-09-30T09:34:50.315956+00:00,LibGen,LibGen.vg,UP,200,2028,,
2026-09-30T09:35:51.194263+00:00,LibGen,LibGen.vg,UP,200,1950,,
2026-09-30T09:36:52.443428+00:00,LibGen,LibGen.vg,UP,200,1948,,
2026-09-30T09:37:51.463015+00:00,LibGen,LibGen.vg,UP,200,1349,,
2026-09-30T09:38:51.359059+00:00,LibGen,LibGen.vg,UP,200,1262,,
2026-09-30T09:39:52.134815+00:00,LibGen,LibGen.vg,UP,200,1289,,
2026-09-30T09:41:12.098704+00:00,LibGen,LibGen.vg,DOWN,,,connection_refused,
2026-09-30T09:41:52.583083+00:00,LibGen,LibGen.vg,UP,200,1318,,
2026-09-30T09:42:52.994505+00:00,LibGen,LibGen.vg,UP,200,736,,
2026-09-30T09:43:52.978574+00:00,LibGen,LibGen.vg,UP,200,713,,
2026-09-30T09:44:54.603629+00:00,LibGen,LibGen.vg,UP,200,1343,,
2026-09-30T09:45:55.673216+00:00,LibGen,LibGen.vg,UP,200,1451,,
2026-09-30T09:46:57.237221+00:00,LibGen,LibGen.vg,UP,200,2029,,
2026-09-30T09:47:59.357263+00:00,LibGen,LibGen.vg,UP,200,1302,,
2026-09-30T09:48:58.790642+00:00,LibGen,LibGen.vg,UP,200,1247,,
2026-09-30T09:49:59.253438+00:00,LibGen,LibGen.vg,UP,200,1261,,
2026-09-30T09:50:59.295980+00:00,LibGen,LibGen.vg,UP,200,1246,,
2026-09-30T09:52:01.897861+00:00,LibGen,LibGen.vg,UP,200,1304,,
2026-09-30T09:53:00.812855+00:00,LibGen,LibGen.vg,UP,200,1909,,
2026-09-30T09:54:00.033883+00:00,LibGen,LibGen.vg,UP,200,1248,,
2026-09-30T09:55:02.049637+00:00,LibGen,LibGen.vg,UP,200,1287,,
2026-09-30T09:56:00.897685+00:00,LibGen,LibGen.vg,UP,200,678,,
2026-09-30T09:57:04.135692+00:00,LibGen,LibGen.vg,DEGRADED,200,3568,latency_high,
2026-09-30T09:58:04.256168+00:00,LibGen,LibGen.vg,DEGRADED,200,3085,latency_high,
2026-09-30T09:59:01.716540+00:00,LibGen,LibGen.vg,UP,200,1314,,
2026-09-30T10:00:02.266239+00:00,LibGen,LibGen.vg,UP,200,1934,,
2026-09-30T10:01:03.678124+00:00,LibGen,LibGen.vg,UP,200,1928,,
2026-09-30T10:02:01.878141+00:00,LibGen,LibGen.vg,UP,200,721,,
2026-09-30T10:03:04.884178+00:00,LibGen,LibGen.vg,UP,200,1442,,
2026-09-30T10:04:02.657688+00:00,LibGen,LibGen.vg,UP,200,1377,,
2026-09-30T10:05:09.502470+00:00,LibGen,LibGen.vg,DEGRADED,200,6395,latency_high,
2026-09-30T10:06:06.721624+00:00,LibGen,LibGen.vg,DEGRADED,200,3807,latency_high,
2026-09-30T10:07:05.187148+00:00,LibGen,LibGen.vg,UP,200,1317,,
2026-09-30T10:08:06.027202+00:00,LibGen,LibGen.vg,UP,200,1237,,
2026-09-30T10:09:05.388152+00:00,LibGen,LibGen.vg,UP,200,1488,,
2026-09-30T10:10:04.620056+00:00,LibGen,LibGen.vg,UP,200,715,,
2026-09-30T10:11:06.138462+00:00,LibGen,LibGen.vg,UP,200,1959,,
2026-09-30T10:12:05.809100+00:00,LibGen,LibGen.vg,UP,200,1364,,
2026-09-30T10:13:07.959805+00:00,LibGen,LibGen.vg,UP,200,1856,,
2026-09-30T10:14:06.844791+00:00,LibGen,LibGen.vg,UP,200,1389,,
2026-09-30T10:15:11.586206+00:00,LibGen,LibGen.vg,UP,200,1395,,
2026-09-30T10:16:08.068655+00:00,LibGen,LibGen.vg,UP,200,1316,,
2026-09-30T10:17:08.625033+00:00,LibGen,LibGen.vg,UP,200,1390,,
2026-09-30T10:18:09.140322+00:00,LibGen,LibGen.vg,UP,200,1264,,
2026-09-30T10:19:10.161914+00:00,LibGen,LibGen.vg,UP,200,1276,,
2026-09-30T10:20:11.952331+00:00,LibGen,LibGen.vg,UP,200,1413,,
2026-09-30T10:21:10.682337+00:00,LibGen,LibGen.vg,UP,200,1257,,
2026-09-30T10:22:12.680102+00:00,LibGen,LibGen.vg,UP,200,2300,,
2026-09-30T10:23:15.918852+00:00,LibGen,LibGen.vg,UP,200,1927,,
2026-09-30T10:24:13.896591+00:00,LibGen,LibGen.vg,UP,200,1362,,
2026-09-30T10:25:14.049609+00:00,LibGen,LibGen.vg,UP,200,1970,,
2026-09-30T10:26:14.626216+00:00,LibGen,LibGen.vg,UP,200,1252,,
2026-09-30T10:27:17.641725+00:00,LibGen,LibGen.vg,DEGRADED,200,5518,latency_high,
2026-09-30T10:28:14.694901+00:00,LibGen,LibGen.vg,UP,200,1285,,
2026-09-30T10:29:14.616085+00:00,LibGen,LibGen.vg,UP,200,1253,,
2026-09-30T10:30:19.727965+00:00,LibGen,LibGen.vg,DEGRADED,200,3315,latency_high,
2026-09-30T10:31:15.038101+00:00,LibGen,LibGen.vg,UP,200,1342,,
2026-09-30T10:32:15.069011+00:00,LibGen,LibGen.vg,UP,200,1345,,
2026-09-30T10:33:19.281787+00:00,LibGen,LibGen.vg,DEGRADED,200,4320,latency_high,
2026-09-30T10:34:16.192050+00:00,LibGen,LibGen.vg,UP,200,1447,,
2026-09-30T10:35:16.761978+00:00,LibGen,LibGen.vg,UP,200,1493,,
2026-09-30T10:36:18.644516+00:00,LibGen,LibGen.vg,UP,200,1879,,
2026-09-30T10:37:17.615834+00:00,LibGen,LibGen.vg,UP,200,1304,,
2026-09-30T10:38:17.881060+00:00,LibGen,LibGen.vg,UP,200,1245,,
2026-09-30T10:39:18.478940+00:00,LibGen,LibGen.vg,UP,200,1303,,
2026-09-30T10:40:19.361301+00:00,LibGen,LibGen.vg,UP,200,1231,,
2026-09-30T10:41:19.425156+00:00,LibGen,LibGen.vg,UP,200,1278,,
2026-09-30T10:42:19.394411+00:00,LibGen,LibGen.vg,UP,200,1281,,
2026-09-30T10:43:20.001418+00:00,LibGen,LibGen.vg,UP,200,1254,,
2026-09-30T10:44:20.192808+00:00,LibGen,LibGen.vg,UP,200,1329,,
2026-09-30T10:45:22.771247+00:00,LibGen,LibGen.vg,UP,200,1578,,
2026-09-30T10:46:22.432244+00:00,LibGen,LibGen.vg,UP,200,1309,,
2026-09-30T10:47:23.248100+00:00,LibGen,LibGen.vg,UP,200,1346,,
2026-09-30T10:48:23.334900+00:00,LibGen,LibGen.vg,UP,200,1307,,
2026-09-30T10:49:23.482449+00:00,LibGen,LibGen.vg,UP,200,1257,,
2026-09-30T10:50:26.855568+00:00,LibGen,LibGen.vg,UP,200,1384,,
2026-09-30T10:51:25.949357+00:00,LibGen,LibGen.vg,UP,200,1283,,
2026-09-30T10:52:25.455413+00:00,LibGen,LibGen.vg,UP,200,1312,,
2026-09-30T10:53:26.732628+00:00,LibGen,LibGen.vg,UP,200,1611,,
2026-09-30T10:54:26.912986+00:00,LibGen,LibGen.vg,UP,200,1242,,
2026-09-30T10:55:27.912199+00:00,LibGen,LibGen.vg,UP,200,1322,,
2026-09-30T10:56:29.132861+00:00,LibGen,LibGen.vg,UP,200,1745,,
2026-09-30T10:57:29.303084+00:00,LibGen,LibGen.vg,UP,200,1535,,
2026-09-30T10:58:29.763998+00:00,LibGen,LibGen.vg,UP,200,1273,,
2026-09-30T10:59:31.121481+00:00,LibGen,LibGen.vg,UP,200,1945,,
2026-09-30T11:00:51.014032+00:00,LibGen,LibGen.vg,DOWN,,,connection_refused,
2026-09-30T11:01:42.851497+00:00,LibGen,LibGen.vg,DEGRADED,200,11050,latency_high,
2026-09-30T11:02:31.669573+00:00,LibGen,LibGen.vg,UP,200,1344,,
2026-09-30T11:03:39.376730+00:00,LibGen,LibGen.vg,UP,200,1386,,
2026-09-30T11:04:32.286438+00:00,LibGen,LibGen.vg,UP,200,1472,,
2026-09-30T11:05:32.993567+00:00,LibGen,LibGen.vg,UP,200,1418,,
2026-09-30T11:06:34.244763+00:00,LibGen,LibGen.vg,UP,200,1356,,
2026-09-30T11:07:33.782972+00:00,LibGen,LibGen.vg,UP,200,1282,,
2026-09-30T11:08:36.095309+00:00,LibGen,LibGen.vg,UP,200,1263,,
2026-09-30T11:09:33.693064+00:00,LibGen,LibGen.vg,UP,200,1365,,
2026-09-30T11:10:34.143510+00:00,LibGen,LibGen.vg,UP,200,1294,,
2026-09-30T11:11:34.493879+00:00,LibGen,LibGen.vg,UP,200,1297,,
2026-09-30T11:12:33.921961+00:00,LibGen,LibGen.vg,UP,200,693,,
2026-09-30T11:13:35.746741+00:00,LibGen,LibGen.vg,UP,200,1328,,
2026-09-30T11:14:35.413442+00:00,LibGen,LibGen.vg,UP,200,1412,,
2026-09-30T11:15:37.984839+00:00,LibGen,LibGen.vg,UP,200,1938,,
2026-09-30T11:16:38.076540+00:00,LibGen,LibGen.vg,UP,200,2267,,
2026-09-30T11:17:36.931663+00:00,LibGen,LibGen.vg,UP,200,1391,,
2026-09-30T11:18:40.074068+00:00,LibGen,LibGen.vg,UP,200,1297,,
2026-09-30T11:19:39.356961+00:00,LibGen,LibGen.vg,UP,200,1250,,
2026-09-30T11:20:36.984044+00:00,LibGen,LibGen.vg,UP,200,702,,
2026-09-30T11:21:38.273714+00:00,LibGen,LibGen.vg,UP,200,2166,,
2026-09-30T11:22:36.726755+00:00,LibGen,LibGen.vg,UP,200,713,,
2026-09-30T11:23:37.880272+00:00,LibGen,LibGen.vg,UP,200,1262,,
2026-09-30T11:24:39.886983+00:00,LibGen,LibGen.vg,DEGRADED,200,3105,latency_high,
2026-09-30T11:25:37.891960+00:00,LibGen,LibGen.vg,UP,200,1276,,
2026-09-30T11:26:56.802702+00:00,LibGen,LibGen.vg,TIMEOUT,,,timeout,
2026-09-30T11:27:38.693930+00:00,LibGen,LibGen.vg,UP,200,1253,,
2026-09-30T11:28:42.411401+00:00,LibGen,LibGen.vg,DEGRADED,200,4348,latency_high,
2026-09-30T11:29:40.998774+00:00,LibGen,LibGen.vg,UP,200,1283,,
2026-09-30T11:30:39.106678+00:00,LibGen,LibGen.vg,UP,200,1418,,
2026-09-30T11:31:41.155434+00:00,LibGen,LibGen.vg,UP,200,2401,,
2026-09-30T11:32:41.752684+00:00,LibGen,LibGen.vg,UP,200,2220,,
2026-09-30T11:33:42.332125+00:00,LibGen,LibGen.vg,UP,200,1316,,
2026-09-30T11:34:41.873112+00:00,LibGen,LibGen.vg,UP,200,1266,,
2026-09-30T11:35:41.125392+00:00,LibGen,LibGen.vg,UP,200,1347,,
2026-09-30T11:36:41.812986+00:00,LibGen,LibGen.vg,UP,200,1340,,
2026-09-30T11:37:41.857765+00:00,LibGen,LibGen.vg,UP,200,701,,
2026-09-30T11:38:42.666041+00:00,LibGen,LibGen.vg,UP,200,1301,,
2026-09-30T11:39:43.919960+00:00,LibGen,LibGen.vg,UP,200,1345,,
2026-09-30T11:40:43.196595+00:00,LibGen,LibGen.vg,UP,200,1260,,
2026-09-30T11:41:44.489926+00:00,LibGen,LibGen.vg,UP,200,1294,,
2026-09-30T11:42:46.068411+00:00,LibGen,LibGen.vg,UP,200,1538,,
2026-09-30T11:43:45.480742+00:00,LibGen,LibGen.vg,UP,200,2011,,
2026-09-30T11:44:44.581550+00:00,LibGen,LibGen.vg,UP,200,1280,,
2026-09-30T11:45:45.193047+00:00,LibGen,LibGen.vg,UP,200,1365,,
2026-09-30T11:46:49.077447+00:00,LibGen,LibGen.vg,DEGRADED,200,3258,latency_high,
2026-09-30T11:47:49.058632+00:00,LibGen,LibGen.vg,DEGRADED,200,4346,latency_high,
2026-09-30T11:48:46.057951+00:00,LibGen,LibGen.vg,UP,200,1827,,
2026-09-30T11:49:45.227238+00:00,LibGen,LibGen.vg,UP,200,694,,
2026-09-30T11:50:47.117540+00:00,LibGen,LibGen.vg,UP,200,1413,,
2026-09-30T11:51:46.663790+00:00,LibGen,LibGen.vg,UP,200,1384,,
2026-09-30T11:52:46.738238+00:00,LibGen,LibGen.vg,UP,200,1358,,
2026-09-30T11:53:46.977966+00:00,LibGen,LibGen.vg,UP,200,1352,,
2026-09-30T11:54:47.178561+00:00,LibGen,LibGen.vg,UP,200,1269,,
2026-09-30T11:55:47.159598+00:00,LibGen,LibGen.vg,UP,200,1273,,
2026-09-30T11:56:48.274143+00:00,LibGen,LibGen.vg,UP,200,1357,,
2026-09-30T11:57:47.471621+00:00,LibGen,LibGen.vg,UP,200,1389,,
2026-09-30T11:58:47.094651+00:00,LibGen,LibGen.vg,UP,200,696,,
2026-09-30T11:59:47.332966+00:00,LibGen,LibGen.vg,UP,200,714,,
2026-09-30T12:00:47.930040+00:00,LibGen,LibGen.vg,UP,200,1336,,
2026-09-30T12:01:47.964388+00:00,LibGen,LibGen.vg,UP,200,1305,,
2026-09-30T12:02:48.944222+00:00,LibGen,LibGen.vg,UP,200,1319,,
2026-09-30T12:03:50.377673+00:00,LibGen,LibGen.vg,UP,200,1273,,
2026-09-30T12:04:50.067763+00:00,LibGen,LibGen.vg,UP,200,1403,,
2026-09-30T12:05:51.976425+00:00,LibGen,LibGen.vg,UP,200,1425,,
2026-09-30T12:06:52.374110+00:00,LibGen,LibGen.vg,UP,200,1588,,
2026-09-30T12:07:50.842458+00:00,LibGen,LibGen.vg,UP,200,693,,
2026-09-30T12:08:51.624858+00:00,LibGen,LibGen.vg,UP,200,1328,,
2026-09-30T12:09:52.248700+00:00,LibGen,LibGen.vg,UP,200,1269,,
2026-09-30T12:10:54.269893+00:00,LibGen,LibGen.vg,UP,200,1311,,
2026-09-30T12:11:53.463375+00:00,LibGen,LibGen.vg,UP,200,1532,,
2026-09-30T12:12:53.278610+00:00,LibGen,LibGen.vg,UP,200,1321,,
2026-09-30T12:13:53.222187+00:00,LibGen,LibGen.vg,UP,200,1416,,
2026-09-30T12:14:53.187439+00:00,LibGen,LibGen.vg,UP,200,694,,
2026-09-30T12:15:53.270898+00:00,LibGen,LibGen.vg,UP,200,1647,,
2026-09-30T12:16:53.863039+00:00,LibGen,LibGen.vg,UP,200,1441,,
2026-09-30T12:17:53.905603+00:00,LibGen,LibGen.vg,UP,200,1365,,
2026-09-30T12:18:54.117123+00:00,LibGen,LibGen.vg,UP,200,1330,,
2026-09-30T12:19:53.731093+00:00,LibGen,LibGen.vg,UP,200,1340,,
2026-09-30T12:20:54.266770+00:00,LibGen,LibGen.vg,UP,200,1376,,
2026-09-30T12:21:56.218120+00:00,LibGen,LibGen.vg,UP,200,2036,,
2026-09-30T12:22:53.726992+00:00,LibGen,LibGen.vg,UP,200,687,,
2026-09-30T12:23:55.377451+00:00,LibGen,LibGen.vg,UP,200,1285,,
2026-09-30T12:24:55.980910+00:00,LibGen,LibGen.vg,UP,200,1309,,
2026-09-30T12:25:59.421516+00:00,LibGen,LibGen.vg,DEGRADED,200,5591,latency_high,
2026-09-30T12:26:55.820435+00:00,LibGen,LibGen.vg,UP,200,1375,,
2026-09-30T12:27:56.594402+00:00,LibGen,LibGen.vg,UP,200,693,,
2026-09-30T12:28:56.907044+00:00,LibGen,LibGen.vg,UP,200,1338,,
2026-09-30T12:29:59.343523+00:00,LibGen,LibGen.vg,DEGRADED,200,4462,latency_high,
2026-09-30T12:30:58.549966+00:00,LibGen,LibGen.vg,DEGRADED,200,3304,latency_high,
2026-09-30T12:31:58.339114+00:00,LibGen,LibGen.vg,UP,200,1359,,
2026-09-30T12:32:57.899435+00:00,LibGen,LibGen.vg,UP,200,1280,,
2026-09-30T12:33:58.565896+00:00,LibGen,LibGen.vg,UP,200,1560,,
2026-09-30T12:34:58.026199+00:00,LibGen,LibGen.vg,UP,200,1327,,
2026-09-30T12:36:00.441208+00:00,LibGen,LibGen.vg,UP,200,1375,,
2026-09-30T12:36:59.896773+00:00,LibGen,LibGen.vg,UP,200,1920,,
2026-09-30T12:37:58.716849+00:00,LibGen,LibGen.vg,UP,200,1424,,
2026-09-30T12:38:57.352147+00:00,LibGen,LibGen.vg,UP,200,704,,
2026-09-30T12:40:01.913725+00:00,LibGen,LibGen.vg,DEGRADED,200,3378,latency_high,
2026-09-30T12:40:58.181801+00:00,LibGen,LibGen.vg,UP,200,1411,,
2026-09-30T12:41:58.163764+00:00,LibGen,LibGen.vg,UP,200,1354,,
2026-09-30T12:42:57.598480+00:00,LibGen,LibGen.vg,UP,200,709,,
2026-09-30T12:43:59.068475+00:00,LibGen,LibGen.vg,UP,200,1249,,
2026-09-30T12:44:59.710687+00:00,LibGen,LibGen.vg,UP,200,1350,,
2026-09-30T12:45:59.394044+00:00,LibGen,LibGen.vg,UP,200,1514,,
2026-09-30T12:47:00.339810+00:00,LibGen,LibGen.vg,UP,200,697,,
2026-09-30T12:48:02.960565+00:00,LibGen,LibGen.vg,UP,200,1376,,
2026-09-30T12:49:01.712516+00:00,LibGen,LibGen.vg,UP,200,1479,,
2026-09-30T12:50:00.389968+00:00,LibGen,LibGen.vg,UP,200,1302,,
2026-09-30T12:51:01.281861+00:00,LibGen,LibGen.vg,UP,200,1293,,
2026-09-30T12:52:02.266157+00:00,LibGen,LibGen.vg,UP,200,1858,,
2026-09-30T12:53:01.756202+00:00,LibGen,LibGen.vg,UP,200,1410,,
2026-09-30T12:54:02.066652+00:00,LibGen,LibGen.vg,UP,200,1321,,
2026-09-30T12:55:01.821629+00:00,LibGen,LibGen.vg,UP,200,1427,,
2026-09-30T12:56:02.100744+00:00,LibGen,LibGen.vg,UP,200,1472,,
2026-09-30T12:57:03.205592+00:00,LibGen,LibGen.vg,UP,200,1459,,
2026-09-30T12:58:04.703509+00:00,LibGen,LibGen.vg,DEGRADED,200,4411,latency_high,
2026-09-30T12:59:01.884167+00:00,LibGen,LibGen.vg,UP,200,1445,,
2026-09-30T13:00:02.405468+00:00,LibGen,LibGen.vg,UP,200,1864,,
2026-09-30T13:01:03.294033+00:00,LibGen,LibGen.vg,UP,200,1435,,
2026-09-30T13:02:03.641845+00:00,LibGen,LibGen.vg,UP,200,1352,,
2026-09-30T13:03:03.443026+00:00,LibGen,LibGen.vg,UP,200,707,,
2026-09-30T13:04:03.724183+00:00,LibGen,LibGen.vg,UP,200,1412,,
2026-09-30T13:05:05.784559+00:00,LibGen,LibGen.vg,UP,200,2281,,
2026-09-30T13:06:04.775954+00:00,LibGen,LibGen.vg,UP,200,1337,,
2026-09-30T13:07:04.847346+00:00,LibGen,LibGen.vg,UP,200,1370,,
2026-09-30T13:08:04.782809+00:00,LibGen,LibGen.vg,UP,200,1251,,
2026-09-30T13:09:05.681508+00:00,LibGen,LibGen.vg,UP,200,1497,,
2026-09-30T13:10:06.286021+00:00,LibGen,LibGen.vg,UP,200,1666,,
2026-09-30T13:11:05.754888+00:00,LibGen,LibGen.vg,UP,200,1356,,
2026-09-30T13:12:06.661062+00:00,LibGen,LibGen.vg,UP,200,1444,,
2026-09-30T13:13:08.363380+00:00,LibGen,LibGen.vg,UP,200,1348,,
2026-09-30T13:14:06.995150+00:00,LibGen,LibGen.vg,UP,200,1903,,
2026-09-30T13:15:07.330038+00:00,LibGen,LibGen.vg,UP,200,2007,,
2026-09-30T13:16:07.843379+00:00,LibGen,LibGen.vg,UP,200,1857,,
2026-09-30T13:17:08.499343+00:00,LibGen,LibGen.vg,UP,200,1608,,
2026-09-30T13:18:07.690607+00:00,LibGen,LibGen.vg,UP,200,1884,,
2026-09-30T13:19:06.964657+00:00,LibGen,LibGen.vg,UP,200,1288,,
2026-09-30T13:20:07.257772+00:00,LibGen,LibGen.vg,UP,200,700,,
2026-09-30T13:21:07.674843+00:00,LibGen,LibGen.vg,UP,200,1311,,
2026-09-30T13:22:08.683593+00:00,LibGen,LibGen.vg,UP,200,1333,,
2026-09-30T13:23:07.905148+00:00,LibGen,LibGen.vg,UP,200,1271,,
2026-09-30T13:24:08.174743+00:00,LibGen,LibGen.vg,UP,200,1338,,
2026-09-30T13:25:09.135674+00:00,LibGen,LibGen.vg,UP,200,1318,,
2026-09-30T13:26:10.199084+00:00,LibGen,LibGen.vg,DEGRADED,200,3039,latency_high,
2026-09-30T13:27:09.351020+00:00,LibGen,LibGen.vg,UP,200,1343,,
2026-09-30T13:28:08.835986+00:00,LibGen,LibGen.vg,UP,200,1349,,
2026-09-30T13:29:09.735886+00:00,LibGen,LibGen.vg,UP,200,1255,,
2026-09-30T13:30:12.251914+00:00,LibGen,LibGen.vg,UP,200,1413,,
2026-09-30T13:31:11.916249+00:00,LibGen,LibGen.vg,UP,200,1311,,
2026-09-30T13:32:13.592702+00:00,LibGen,LibGen.vg,UP,200,1418,,
2026-09-30T13:33:11.570834+00:00,LibGen,LibGen.vg,UP,200,1391,,
2026-09-30T13:34:12.179219+00:00,LibGen,LibGen.vg,UP,200,1345,,
2026-09-30T13:35:12.529817+00:00,LibGen,LibGen.vg,UP,200,1448,,
2026-09-30T13:36:12.783385+00:00,LibGen,LibGen.vg,UP,200,1471,,
2026-09-30T13:37:13.913617+00:00,LibGen,LibGen.vg,UP,200,1331,,
2026-09-30T13:38:23.805604+00:00,LibGen,LibGen.vg,DEGRADED,200,4344,latency_high,
2026-09-30T13:39:14.984362+00:00,LibGen,LibGen.vg,UP,200,1341,,
2026-09-30T13:40:14.644636+00:00,LibGen,LibGen.vg,UP,200,1291,,
2026-09-30T13:41:14.079723+00:00,LibGen,LibGen.vg,UP,200,1276,,
2026-09-30T13:42:15.029257+00:00,LibGen,LibGen.vg,UP,200,1365,,
2026-09-30T13:43:13.724820+00:00,LibGen,LibGen.vg,UP,200,701,,
2026-09-30T13:44:15.108545+00:00,LibGen,LibGen.vg,UP,200,1262,,
2026-09-30T13:45:15.516657+00:00,LibGen,LibGen.vg,UP,200,1474,,
2026-09-30T13:46:17.349795+00:00,LibGen,LibGen.vg,DEGRADED,200,3193,latency_high,
2026-09-30T13:47:16.383552+00:00,LibGen,LibGen.vg,UP,200,1596,,
2026-09-30T13:48:16.151305+00:00,LibGen,LibGen.vg,UP,200,1338,,
2026-09-30T13:49:16.089257+00:00,LibGen,LibGen.vg,UP,200,1515,,
2026-09-30T13:50:16.307275+00:00,LibGen,LibGen.vg,UP,200,1370,,
2026-09-30T13:51:17.831015+00:00,LibGen,LibGen.vg,UP,200,1372,,
2026-09-30T13:52:18.534621+00:00,LibGen,LibGen.vg,UP,200,1227,,
2026-09-30T13:53:18.782526+00:00,LibGen,LibGen.vg,UP,200,1838,,
2026-09-30T13:54:37.273230+00:00,LibGen,LibGen.vg,DOWN,,,connection_refused,
2026-09-30T13:55:19.509555+00:00,LibGen,LibGen.vg,UP,200,1358,,
2026-09-30T13:56:18.888615+00:00,LibGen,LibGen.vg,UP,200,686,,
2026-09-30T13:57:19.850643+00:00,LibGen,LibGen.vg,UP,200,1307,,
2026-09-30T13:58:20.368893+00:00,LibGen,LibGen.vg,UP,200,1286,,
2026-09-30T13:59:28.846828+00:00,LibGen,LibGen.vg,DEGRADED,200,10432,latency_high,
2026-09-30T14:00:20.642855+00:00,LibGen,LibGen.vg,UP,200,1483,,
2026-09-30T14:01:20.242179+00:00,LibGen,LibGen.vg,UP,200,1339,,
2026-09-30T14:02:20.749158+00:00,LibGen,LibGen.vg,UP,200,1353,,
2026-09-30T14:03:24.168667+00:00,LibGen,LibGen.vg,DEGRADED,200,3407,latency_high,
2026-09-30T14:04:21.644156+00:00,LibGen,LibGen.vg,UP,200,1292,,
2026-09-30T14:05:24.399046+00:00,LibGen,LibGen.vg,UP,200,1458,,
2026-09-30T14:06:21.449729+00:00,LibGen,LibGen.vg,UP,200,1359,,
2026-09-30T14:07:22.873410+00:00,LibGen,LibGen.vg,UP,200,1329,,
2026-09-30T14:08:21.153723+00:00,LibGen,LibGen.vg,UP,200,706,,
2026-09-30T14:09:21.115612+00:00,LibGen,LibGen.vg,DOWN,,,connection_refused,
2026-09-30T14:10:24.301135+00:00,LibGen,LibGen.vg,UP,200,1312,,
2026-09-30T14:11:24.581002+00:00,LibGen,LibGen.vg,UP,200,1355,,
2026-09-30T14:12:26.767998+00:00,LibGen,LibGen.vg,UP,200,1392,,
2026-09-30T14:13:28.617931+00:00,LibGen,LibGen.vg,UP,200,1961,,
2026-09-30T14:14:26.309564+00:00,LibGen,LibGen.vg,UP,200,1465,,
2026-09-30T14:15:26.638402+00:00,LibGen,LibGen.vg,UP,200,1366,,
2026-09-30T14:16:29.060925+00:00,LibGen,LibGen.vg,DEGRADED,200,3455,latency_high,
2026-09-30T14:17:30.668934+00:00,LibGen,LibGen.vg,UP,200,1419,,
2026-09-30T14:18:27.561998+00:00,LibGen,LibGen.vg,UP,200,722,,
2026-09-30T14:19:27.384971+00:00,LibGen,LibGen.vg,UP,200,1302,,
2026-09-30T14:20:27.668197+00:00,LibGen,LibGen.vg,UP,200,1432,,
2026-09-30T14:21:28.822342+00:00,LibGen,LibGen.vg,UP,200,1378,,
2026-09-30T14:22:28.135535+00:00,LibGen,LibGen.vg,UP,200,1313,,
2026-09-30T14:23:28.405170+00:00,LibGen,LibGen.vg,UP,200,1327,,
2026-09-30T14:24:28.402190+00:00,LibGen,LibGen.vg,UP,200,1280,,
2026-09-30T14:25:29.643415+00:00,LibGen,LibGen.vg,UP,200,1334,,
2026-09-30T14:26:30.835718+00:00,LibGen,LibGen.vg,UP,200,1271,,
2026-09-30T14:27:31.554183+00:00,LibGen,LibGen.vg,UP,200,1929,,
2026-09-30T14:28:30.460039+00:00,LibGen,LibGen.vg,UP,200,1336,,
2026-09-30T14:29:30.577115+00:00,LibGen,LibGen.vg,UP,200,1263,,
2026-09-30T14:30:30.524030+00:00,LibGen,LibGen.vg,UP,200,1463,,
2026-09-30T14:31:31.638040+00:00,LibGen,LibGen.vg,UP,200,1444,,
2026-09-30T14:32:31.062432+00:00,LibGen,LibGen.vg,UP,200,679,,
2026-09-30T14:33:30.907724+00:00,LibGen,LibGen.vg,DOWN,,,connection_refused,
2026-09-30T14:34:33.915466+00:00,LibGen,LibGen.vg,UP,200,1439,,
2026-09-30T14:35:32.927440+00:00,LibGen,LibGen.vg,UP,200,705,,
2026-09-30T14:36:33.696479+00:00,LibGen,LibGen.vg,UP,200,1377,,
2026-09-30T14:37:33.699492+00:00,LibGen,LibGen.vg,UP,200,705,,
2026-09-30T14:38:34.418577+00:00,LibGen,LibGen.vg,UP,200,1340,,
2026-09-30T14:39:35.207717+00:00,LibGen,LibGen.vg,UP,200,2254,,
2026-09-30T14:40:35.484395+00:00,LibGen,LibGen.vg,UP,200,1333,,
2026-09-30T14:41:36.901021+00:00,LibGen,LibGen.vg,UP,200,1427,,
2026-09-30T14:42:35.711152+00:00,LibGen,LibGen.vg,UP,200,1720,,
2026-09-30T14:43:47.142980+00:00,LibGen,LibGen.vg,DEGRADED,200,10469,latency_high,
2026-09-30T14:44:36.212594+00:00,LibGen,LibGen.vg,UP,200,1308,,
2026-09-30T14:45:38.217155+00:00,LibGen,LibGen.vg,UP,200,1538,,
2026-09-30T14:46:38.255616+00:00,LibGen,LibGen.vg,UP,200,1356,,
2026-09-30T14:47:37.952304+00:00,LibGen,LibGen.vg,UP,200,1467,,
2026-09-30T14:48:37.937865+00:00,LibGen,LibGen.vg,UP,200,1926,,
2026-09-30T14:49:38.153306+00:00,LibGen,LibGen.vg,UP,200,1459,,
2026-09-30T14:50:39.700354+00:00,LibGen,LibGen.vg,UP,200,1509,,
2026-09-30T14:51:41.200556+00:00,LibGen,LibGen.vg,DEGRADED,200,4319,latency_high,
2026-09-30T14:52:38.872754+00:00,LibGen,LibGen.vg,UP,200,684,,
2026-09-30T14:53:38.421370+00:00,LibGen,LibGen.vg,UP,200,1275,,
2026-09-30T14:54:39.035798+00:00,LibGen,LibGen.vg,UP,200,1258,,
2026-09-30T14:55:39.113835+00:00,LibGen,LibGen.vg,UP,200,704,,
2026-09-30T14:56:39.214892+00:00,LibGen,LibGen.vg,UP,200,693,,
2026-09-30T14:57:40.273966+00:00,LibGen,LibGen.vg,UP,200,1316,,
2026-09-30T14:58:40.839107+00:00,LibGen,LibGen.vg,UP,200,2015,,
2026-09-30T14:59:40.241594+00:00,LibGen,LibGen.vg,UP,200,1382,,
2026-09-30T15:00:40.612571+00:00,LibGen,LibGen.vg,UP,200,1454,,
2026-09-30T15:01:40.994397+00:00,LibGen,LibGen.vg,UP,200,1370,,
2026-09-30T15:02:43.067237+00:00,LibGen,LibGen.vg,UP,200,1348,,
2026-09-30T15:03:41.123469+00:00,LibGen,LibGen.vg,UP,200,1274,,
2026-09-30T15:04:41.255325+00:00,LibGen,LibGen.vg,UP,200,1343,,
2026-09-30T15:05:42.444191+00:00,LibGen,LibGen.vg,UP,200,1367,,
2026-09-30T15:06:43.043341+00:00,LibGen,LibGen.vg,UP,200,1335,,
2026-09-30T15:07:43.364554+00:00,LibGen,LibGen.vg,UP,200,1937,,
2026-09-30T15:08:42.904509+00:00,LibGen,LibGen.vg,UP,200,1348,,
2026-09-30T15:09:43.349172+00:00,LibGen,LibGen.vg,UP,200,1358,,
2026-09-30T15:10:44.789472+00:00,LibGen,LibGen.vg,UP,200,1327,,
2026-09-30T15:11:43.667044+00:00,LibGen,LibGen.vg,UP,200,1335,,
2026-09-30T15:12:46.033175+00:00,LibGen,LibGen.vg,UP,200,1266,,
2026-09-30T15:13:44.476550+00:00,LibGen,LibGen.vg,UP,200,1296,,
2026-09-30T15:14:45.861323+00:00,LibGen,LibGen.vg,UP,200,1375,,
2026-09-30T15:15:44.096813+00:00,LibGen,LibGen.vg,UP,200,702,,
2026-09-30T15:16:45.859303+00:00,LibGen,LibGen.vg,UP,200,1379,,
2026-09-30T15:17:46.204842+00:00,LibGen,LibGen.vg,UP,200,1289,,
2026-09-30T15:18:46.564996+00:00,LibGen,LibGen.vg,UP,200,1369,,
2026-09-30T15:19:46.147889+00:00,LibGen,LibGen.vg,UP,200,1362,,
2026-09-30T15:20:46.905294+00:00,LibGen,LibGen.vg,UP,200,1250,,
2026-09-30T15:21:47.110152+00:00,LibGen,LibGen.vg,UP,200,1341,,
2026-09-30T15:22:47.795916+00:00,LibGen,LibGen.vg,UP,200,1342,,
2026-09-30T15:23:47.376562+00:00,LibGen,LibGen.vg,UP,200,1330,,
2026-09-30T15:24:48.118130+00:00,LibGen,LibGen.vg,UP,200,1263,,
2026-09-30T15:25:48.116570+00:00,LibGen,LibGen.vg,UP,200,1338,,
2026-09-30T15:26:49.314164+00:00,LibGen,LibGen.vg,UP,200,1501,,
2026-09-30T15:27:48.620104+00:00,LibGen,LibGen.vg,UP,200,1334,,
2026-09-30T15:28:50.702325+00:00,LibGen,LibGen.vg,UP,200,1314,,
2026-09-30T15:29:55.554953+00:00,LibGen,LibGen.vg,UP,200,1298,,
2026-09-30T15:30:51.226807+00:00,LibGen,LibGen.vg,UP,200,1386,,
2026-09-30T15:31:49.664108+00:00,LibGen,LibGen.vg,UP,200,1417,,
2026-09-30T15:32:52.251851+00:00,LibGen,LibGen.vg,UP,200,1380,,
2026-09-30T15:33:50.218204+00:00,LibGen,LibGen.vg,UP,200,1359,,
2026-09-30T15:34:50.822803+00:00,LibGen,LibGen.vg,UP,200,1336,,
2026-09-30T15:35:52.952519+00:00,LibGen,LibGen.vg,UP,200,1320,,
2026-09-30T15:36:51.051633+00:00,LibGen,LibGen.vg,UP,200,1274,,
2026-09-30T15:37:52.860095+00:00,LibGen,LibGen.vg,UP,200,1439,,
2026-09-30T15:38:52.737408+00:00,LibGen,LibGen.vg,UP,200,1895,,
2026-09-30T15:39:52.706259+00:00,LibGen,LibGen.vg,UP,200,1315,,
2026-09-30T15:40:53.686966+00:00,LibGen,LibGen.vg,UP,200,1232,,
2026-09-30T15:41:53.836559+00:00,LibGen,LibGen.vg,UP,200,1983,,
2026-09-30T15:42:53.635883+00:00,LibGen,LibGen.vg,UP,200,1290,,
2026-09-30T15:43:54.575980+00:00,LibGen,LibGen.vg,UP,200,1420,,
2026-09-30T15:44:53.094532+00:00,LibGen,LibGen.vg,UP,200,685,,
2026-09-30T15:45:54.273104+00:00,LibGen,LibGen.vg,UP,200,1302,,
2026-09-30T15:46:53.974150+00:00,LibGen,LibGen.vg,UP,200,714,,
2026-09-30T15:47:55.310043+00:00,LibGen,LibGen.vg,UP,200,1338,,
2026-09-30T15:48:58.528560+00:00,LibGen,LibGen.vg,DEGRADED,200,3808,latency_high,
2026-09-30T15:49:55.942324+00:00,LibGen,LibGen.vg,UP,200,1387,,
2026-09-30T15:50:56.801369+00:00,LibGen,LibGen.vg,UP,200,1394,,
2026-09-30T15:51:56.881896+00:00,LibGen,LibGen.vg,UP,200,1399,,
2026-09-30T15:53:00.528738+00:00,LibGen,LibGen.vg,UP,200,1367,,
2026-09-30T15:53:58.919025+00:00,LibGen,LibGen.vg,UP,200,2079,,
2026-09-30T15:54:57.771762+00:00,LibGen,LibGen.vg,UP,200,1330,,
2026-09-30T15:56:01.429818+00:00,LibGen,LibGen.vg,UP,200,1360,,
2026-09-30T15:57:02.109929+00:00,LibGen,LibGen.vg,UP,200,717,,
2026-09-30T15:58:01.406088+00:00,LibGen,LibGen.vg,UP,200,1378,,
2026-09-30T15:59:01.117807+00:00,LibGen,LibGen.vg,UP,200,1954,,
2026-09-30T16:00:00.972416+00:00,LibGen,LibGen.vg,UP,200,1282,,
2026-09-30T16:01:02.399974+00:00,LibGen,LibGen.vg,UP,200,1484,,
2026-09-30T16:02:05.732526+00:00,LibGen,LibGen.vg,UP,200,1348,,
2026-09-30T16:03:01.538671+00:00,LibGen,LibGen.vg,UP,200,1374,,
2026-09-30T16:04:03.248804+00:00,LibGen,LibGen.vg,UP,200,1710,,
2026-09-30T16:05:03.206638+00:00,LibGen,LibGen.vg,UP,200,1516,,
2026-09-30T16:06:02.999441+00:00,LibGen,LibGen.vg,UP,200,1344,,
2026-09-30T16:07:03.961361+00:00,LibGen,LibGen.vg,UP,200,1513,,
2026-09-30T16:08:04.339040+00:00,LibGen,LibGen.vg,UP,200,1965,,
2026-09-30T16:09:06.875124+00:00,LibGen,LibGen.vg,UP,200,1501,,
2026-09-30T16:10:05.135699+00:00,LibGen,LibGen.vg,UP,200,1752,,
2026-09-30T16:11:06.040485+00:00,LibGen,LibGen.vg,UP,200,1990,,
2026-09-30T16:12:06.878334+00:00,LibGen,LibGen.vg,UP,200,1992,,
2026-09-30T16:13:06.314740+00:00,LibGen,LibGen.vg,UP,200,1349,,
2026-09-30T16:14:06.743385+00:00,LibGen,LibGen.vg,UP,200,1323,,
2026-09-30T16:15:09.077872+00:00,LibGen,LibGen.vg,DEGRADED,200,3725,latency_high,
2026-09-30T16:16:09.318900+00:00,LibGen,LibGen.vg,DEGRADED,200,3251,latency_high,
2026-09-30T16:17:08.730454+00:00,LibGen,LibGen.vg,UP,200,1547,,
2026-09-30T16:18:07.788433+00:00,LibGen,LibGen.vg,UP,200,1375,,
2026-09-30T16:19:07.966853+00:00,LibGen,LibGen.vg,UP,200,1273,,
2026-09-30T16:20:11.694183+00:00,LibGen,LibGen.vg,UP,200,1353,,
2026-09-30T16:21:08.908761+00:00,LibGen,LibGen.vg,UP,200,705,,
2026-09-30T16:22:09.639537+00:00,LibGen,LibGen.vg,UP,200,1301,,
2026-09-30T16:23:12.895818+00:00,LibGen,LibGen.vg,DEGRADED,200,3198,latency_high,
2026-09-30T16:24:09.710586+00:00,LibGen,LibGen.vg,UP,200,717,,
2026-09-30T16:25:10.991774+00:00,LibGen,LibGen.vg,UP,200,1357,,
2026-09-30T16:26:10.901734+00:00,LibGen,LibGen.vg,UP,200,1341,,
2026-09-30T16:27:13.246133+00:00,LibGen,LibGen.vg,UP,200,1427,,
2026-09-30T16:28:12.165392+00:00,LibGen,LibGen.vg,UP,200,1380,,
2026-09-30T16:29:13.191576+00:00,LibGen,LibGen.vg,UP,200,1338,,
2026-09-30T16:30:12.620015+00:00,LibGen,LibGen.vg,UP,200,1425,,
2026-09-30T16:31:13.633781+00:00,LibGen,LibGen.vg,UP,200,1337,,
2026-09-30T16:32:15.735459+00:00,LibGen,LibGen.vg,UP,200,1430,,
2026-09-30T16:33:13.547614+00:00,LibGen,LibGen.vg,UP,200,1354,,
2026-09-30T16:34:15.843088+00:00,LibGen,LibGen.vg,UP,200,1318,,
2026-09-30T16:35:13.078248+00:00,LibGen,LibGen.vg,UP,200,692,,
2026-09-30T16:36:15.004314+00:00,LibGen,LibGen.vg,UP,200,724,,
2026-09-30T16:37:14.776069+00:00,LibGen,LibGen.vg,UP,200,704,,
2026-09-30T16:38:16.602130+00:00,LibGen,LibGen.vg,UP,200,1374,,
2026-09-30T16:39:15.678674+00:00,LibGen,LibGen.vg,UP,200,1305,,
2026-09-30T16:40:19.207247+00:00,LibGen,LibGen.vg,UP,200,1414,,
2026-09-30T16:41:16.220319+00:00,LibGen,LibGen.vg,UP,200,1280,,
2026-09-30T16:42:17.626654+00:00,LibGen,LibGen.vg,UP,200,1374,,
2026-09-30T16:43:17.166448+00:00,LibGen,LibGen.vg,UP,200,1411,,
2026-09-30T16:44:16.716148+00:00,LibGen,LibGen.vg,UP,200,1332,,
2026-09-30T16:45:16.247479+00:00,LibGen,LibGen.vg,UP,200,1386,,
2026-09-30T16:46:17.438769+00:00,LibGen,LibGen.vg,UP,200,1427,,
2026-09-30T16:47:17.993725+00:00,LibGen,LibGen.vg,UP,200,1382,,
2026-09-30T16:48:18.126851+00:00,LibGen,LibGen.vg,UP,200,1828,,
2026-09-30T16:49:18.839751+00:00,LibGen,LibGen.vg,UP,200,704,,
2026-09-30T16:50:19.115482+00:00,LibGen,LibGen.vg,UP,200,2048,,
2026-09-30T16:51:19.122544+00:00,LibGen,LibGen.vg,UP,200,1341,,
2026-09-30T16:52:19.492057+00:00,LibGen,LibGen.vg,UP,200,1900,,
2026-09-30T16:53:19.870168+00:00,LibGen,LibGen.vg,UP,200,1345,,
2026-09-30T16:54:19.432356+00:00,LibGen,LibGen.vg,UP,200,1298,,
2026-09-30T16:55:23.430231+00:00,LibGen,LibGen.vg,UP,200,1296,,
2026-09-30T16:56:20.495423+00:00,LibGen,LibGen.vg,UP,200,1350,,
2026-09-30T16:57:21.607348+00:00,LibGen,LibGen.vg,UP,200,2157,,
2026-09-30T16:58:25.819162+00:00,LibGen,LibGen.vg,UP,200,1318,,
2026-09-30T16:59:21.971752+00:00,LibGen,LibGen.vg,UP,200,1308,,
2026-09-30T17:00:21.793790+00:00,LibGen,LibGen.vg,UP,200,1511,,
2026-09-30T17:01:22.664628+00:00,LibGen,LibGen.vg,UP,200,1496,,
2026-09-30T17:02:23.727528+00:00,LibGen,LibGen.vg,UP,200,1480,,
2026-09-30T17:03:25.487485+00:00,LibGen,LibGen.vg,UP,200,2049,,
2026-09-30T17:04:23.963757+00:00,LibGen,LibGen.vg,UP,200,1331,,
2026-09-30T17:05:24.248391+00:00,LibGen,LibGen.vg,UP,200,1410,,
2026-09-30T17:06:24.636514+00:00,LibGen,LibGen.vg,UP,200,1342,,
2026-09-30T17:07:24.896097+00:00,LibGen,LibGen.vg,UP,200,1357,,
2026-09-30T17:08:25.025216+00:00,LibGen,LibGen.vg,UP,200,1294,,
2026-09-30T17:09:24.602928+00:00,LibGen,LibGen.vg,UP,200,703,,
2026-09-30T17:10:26.839556+00:00,LibGen,LibGen.vg,UP,200,1392,,
2026-09-30T17:11:26.457945+00:00,LibGen,LibGen.vg,UP,200,1354,,
2026-09-30T17:12:28.062152+00:00,LibGen,LibGen.vg,UP,200,1257,,
2026-09-30T17:13:27.423519+00:00,LibGen,LibGen.vg,UP,200,1319,,
2026-09-30T17:14:26.878977+00:00,LibGen,LibGen.vg,UP,200,1364,,
2026-09-30T17:15:27.522637+00:00,LibGen,LibGen.vg,UP,200,1352,,
2026-09-30T17:16:28.959929+00:00,LibGen,LibGen.vg,UP,200,1946,,
2026-09-30T17:17:28.798095+00:00,LibGen,LibGen.vg,UP,200,1350,,
2026-09-30T17:18:29.149398+00:00,LibGen,LibGen.vg,UP,200,1398,,
2026-09-30T17:19:29.567479+00:00,LibGen,LibGen.vg,UP,200,1382,,
2026-09-30T17:20:29.164724+00:00,LibGen,LibGen.vg,UP,200,1287,,
2026-09-30T17:21:29.973729+00:00,LibGen,LibGen.vg,UP,200,1573,,
2026-09-30T17:22:31.668266+00:00,LibGen,LibGen.vg,UP,200,1306,,
2026-09-30T17:23:31.511921+00:00,LibGen,LibGen.vg,UP,200,1845,,
2026-09-30T17:24:32.427661+00:00,LibGen,LibGen.vg,UP,200,1344,,
2026-09-30T17:25:31.413323+00:00,LibGen,LibGen.vg,UP,200,1338,,
2026-09-30T17:26:33.441740+00:00,LibGen,LibGen.vg,UP,200,1947,,
2026-09-30T17:27:33.791635+00:00,LibGen,LibGen.vg,UP,200,1261,,
2026-09-30T17:28:32.425819+00:00,LibGen,LibGen.vg,UP,200,1354,,
2026-09-30T17:29:33.113727+00:00,LibGen,LibGen.vg,UP,200,1348,,
2026-09-30T17:30:34.439821+00:00,LibGen,LibGen.vg,UP,200,2005,,
2026-09-30T17:31:34.348753+00:00,LibGen,LibGen.vg,UP,200,1476,,
2026-09-30T17:32:34.211573+00:00,LibGen,LibGen.vg,UP,200,1352,,
2026-09-30T17:33:35.143621+00:00,LibGen,LibGen.vg,UP,200,1323,,
2026-09-30T17:34:33.910751+00:00,LibGen,LibGen.vg,UP,200,715,,
2026-09-30T17:35:36.299373+00:00,LibGen,LibGen.vg,UP,200,1348,,
2026-09-30T17:36:37.910700+00:00,LibGen,LibGen.vg,UP,200,1953,,
2026-09-30T17:37:35.967610+00:00,LibGen,LibGen.vg,UP,200,1350,,
2026-09-30T17:38:36.379304+00:00,LibGen,LibGen.vg,UP,200,1383,,
2026-09-30T17:39:35.462167+00:00,LibGen,LibGen.vg,UP,200,714,,
2026-09-30T17:40:36.413052+00:00,LibGen,LibGen.vg,UP,200,1459,,
2026-09-30T17:41:35.834399+00:00,LibGen,LibGen.vg,UP,200,729,,
2026-09-30T17:42:36.559149+00:00,LibGen,LibGen.vg,UP,200,1277,,
2026-09-30T17:43:37.362076+00:00,LibGen,LibGen.vg,UP,200,1346,,
2026-09-30T17:44:38.579021+00:00,LibGen,LibGen.vg,UP,200,2008,,
2026-09-30T17:45:39.270451+00:00,LibGen,LibGen.vg,UP,200,2016,,
2026-09-30T17:46:38.477578+00:00,LibGen,LibGen.vg,UP,200,1329,,
2026-09-30T17:47:38.281405+00:00,LibGen,LibGen.vg,UP,200,672,,
2026-09-30T17:48:38.567834+00:00,LibGen,LibGen.vg,UP,200,738,,
2026-09-30T17:49:39.046380+00:00,LibGen,LibGen.vg,UP,200,1245,,
2026-09-30T17:50:39.530040+00:00,LibGen,LibGen.vg,UP,200,1965,,
2026-09-30T17:51:42.566064+00:00,LibGen,LibGen.vg,DEGRADED,200,4530,latency_high,
2026-09-30T17:52:40.260086+00:00,LibGen,LibGen.vg,UP,200,1391,,
2026-09-30T17:53:39.776248+00:00,LibGen,LibGen.vg,UP,200,1754,,
2026-09-30T17:54:40.515005+00:00,LibGen,LibGen.vg,UP,200,1274,,
2026-09-30T17:55:41.259585+00:00,LibGen,LibGen.vg,UP,200,1355,,
2026-09-30T17:56:41.848813+00:00,LibGen,LibGen.vg,UP,200,1351,,
2026-09-30T17:57:44.227612+00:00,LibGen,LibGen.vg,DEGRADED,200,3295,latency_high,
2026-09-30T17:58:41.552880+00:00,LibGen,LibGen.vg,UP,200,1382,,
2026-09-30T17:59:42.357815+00:00,LibGen,LibGen.vg,UP,200,1313,,
2026-09-30T18:00:42.797357+00:00,LibGen,LibGen.vg,UP,200,1451,,
2026-09-30T18:01:43.773874+00:00,LibGen,LibGen.vg,UP,200,2020,,
2026-09-30T18:02:44.894124+00:00,LibGen,LibGen.vg,UP,200,1372,,
2026-09-30T18:03:42.738212+00:00,LibGen,LibGen.vg,UP,200,1340,,
2026-09-30T18:04:43.310739+00:00,LibGen,LibGen.vg,UP,200,1372,,
2026-09-30T18:05:43.922808+00:00,LibGen,LibGen.vg,UP,200,1344,,
2026-09-30T18:06:44.180688+00:00,LibGen,LibGen.vg,UP,200,1264,,
2026-09-30T18:07:45.063029+00:00,LibGen,LibGen.vg,UP,200,1280,,
2026-09-30T18:08:45.738657+00:00,LibGen,LibGen.vg,UP,200,1421,,
2026-09-30T18:09:46.730403+00:00,LibGen,LibGen.vg,UP,200,724,,
2026-09-30T18:10:46.672071+00:00,LibGen,LibGen.vg,UP,200,1376,,
2026-09-30T18:11:48.551199+00:00,LibGen,LibGen.vg,UP,200,1470,,
2026-09-30T18:12:48.443145+00:00,LibGen,LibGen.vg,UP,200,1343,,
2026-09-30T18:13:47.811062+00:00,LibGen,LibGen.vg,UP,200,1487,,
2026-09-30T18:14:48.217796+00:00,LibGen,LibGen.vg,UP,200,1311,,
2026-09-30T18:15:49.759960+00:00,LibGen,LibGen.vg,UP,200,1390,,
2026-09-30T18:16:49.102085+00:00,LibGen,LibGen.vg,UP,200,689,,
2026-09-30T18:17:51.104130+00:00,LibGen,LibGen.vg,UP,200,1251,,
2026-09-30T18:18:49.622209+00:00,LibGen,LibGen.vg,UP,200,1405,,
2026-09-30T18:19:49.838606+00:00,LibGen,LibGen.vg,UP,200,713,,
2026-09-30T18:20:50.720257+00:00,LibGen,LibGen.vg,UP,200,1390,,
2026-09-30T18:21:50.230447+00:00,LibGen,LibGen.vg,UP,200,1262,,
2026-09-30T18:22:55.501651+00:00,LibGen,LibGen.vg,UP,200,1386,,
2026-09-30T18:23:55.341622+00:00,LibGen,LibGen.vg,UP,200,1427,,
2026-09-30T18:24:52.048983+00:00,LibGen,LibGen.vg,UP,200,1286,,
2026-09-30T18:25:52.196773+00:00,LibGen,LibGen.vg,UP,200,1389,,
2026-09-30T18:26:53.306050+00:00,LibGen,LibGen.vg,UP,200,1290,,
2026-09-30T18:27:52.945612+00:00,LibGen,LibGen.vg,UP,200,1273,,
2026-09-30T18:28:54.288167+00:00,LibGen,LibGen.vg,UP,200,2035,,
2026-09-30T18:29:55.396061+00:00,LibGen,LibGen.vg,UP,200,1942,,
2026-09-30T18:30:54.790750+00:00,LibGen,LibGen.vg,UP,200,1385,,
2026-09-30T18:31:54.448822+00:00,LibGen,LibGen.vg,UP,200,1299,,
2026-09-30T18:32:55.564964+00:00,LibGen,LibGen.vg,UP,200,1311,,
2026-09-30T18:33:56.075532+00:00,LibGen,LibGen.vg,UP,200,2018,,
2026-09-30T18:34:55.700487+00:00,LibGen,LibGen.vg,UP,200,1365,,
2026-09-30T18:35:57.484318+00:00,LibGen,LibGen.vg,UP,200,1444,,
2026-09-30T18:37:07.480804+00:00,LibGen,LibGen.vg,DEGRADED,200,10845,latency_high,
2026-09-30T18:37:58.811170+00:00,LibGen,LibGen.vg,UP,200,1285,,
2026-09-30T18:38:58.106474+00:00,LibGen,LibGen.vg,UP,200,1838,,
2026-09-30T18:39:57.820690+00:00,LibGen,LibGen.vg,UP,200,1345,,
2026-09-30T18:41:04.470861+00:00,LibGen,LibGen.vg,DEGRADED,200,3767,latency_high,
2026-09-30T18:41:58.872951+00:00,LibGen,LibGen.vg,UP,200,1906,,
2026-09-30T18:42:59.575323+00:00,LibGen,LibGen.vg,UP,200,1316,,
2026-09-30T18:43:58.525630+00:00,LibGen,LibGen.vg,UP,200,684,,
2026-09-30T18:44:59.358572+00:00,LibGen,LibGen.vg,UP,200,1384,,
2026-09-30T18:45:59.841204+00:00,LibGen,LibGen.vg,UP,200,1384,,
2026-09-30T18:47:00.783552+00:00,LibGen,LibGen.vg,UP,200,1517,,
2026-09-30T18:48:11.043734+00:00,LibGen,LibGen.vg,DEGRADED,200,3518,latency_high,
2026-09-30T18:49:02.304898+00:00,LibGen,LibGen.vg,UP,200,1385,,
2026-09-30T18:50:04.594744+00:00,LibGen,LibGen.vg,UP,200,1805,,
2026-09-30T18:51:03.915260+00:00,LibGen,LibGen.vg,UP,200,1381,,
2026-09-30T18:52:04.703507+00:00,LibGen,LibGen.vg,UP,200,1614,,
2026-09-30T18:53:04.981846+00:00,LibGen,LibGen.vg,UP,200,1965,,
2026-09-30T18:54:05.381017+00:00,LibGen,LibGen.vg,UP,200,2033,,
2026-09-30T18:55:08.421057+00:00,LibGen,LibGen.vg,UP,200,1613,,
2026-09-30T18:56:25.187049+00:00,LibGen,LibGen.vg,DOWN,,,connection_refused,
2026-09-30T18:57:06.360717+00:00,LibGen,LibGen.vg,UP,200,1323,,
2026-09-30T18:58:06.407655+00:00,LibGen,LibGen.vg,UP,200,1427,,
2026-09-30T18:59:07.330229+00:00,LibGen,LibGen.vg,UP,200,1432,,
2026-09-30T19:00:08.063459+00:00,LibGen,LibGen.vg,UP,200,1467,,
2026-09-30T19:01:08.264644+00:00,LibGen,LibGen.vg,UP,200,2078,,
2026-09-30T19:02:08.956760+00:00,LibGen,LibGen.vg,UP,200,1507,,
2026-09-30T19:03:07.864237+00:00,LibGen,LibGen.vg,UP,200,714,,
2026-09-30T19:04:08.109083+00:00,LibGen,LibGen.vg,UP,200,691,,
2026-09-30T19:05:09.548389+00:00,LibGen,LibGen.vg,UP,200,1463,,
2026-09-30T19:06:10.681429+00:00,LibGen,LibGen.vg,UP,200,1527,,
2026-09-30T19:07:15.811841+00:00,LibGen,LibGen.vg,DEGRADED,200,4884,latency_high,
2026-09-30T19:08:10.672740+00:00,LibGen,LibGen.vg,UP,200,1408,,
2026-09-30T19:09:12.054820+00:00,LibGen,LibGen.vg,UP,200,1944,,
2026-09-30T19:10:11.843685+00:00,LibGen,LibGen.vg,UP,200,680,,
2026-09-30T19:11:13.253915+00:00,LibGen,LibGen.vg,UP,200,1327,,
2026-09-30T19:12:14.400479+00:00,LibGen,LibGen.vg,UP,200,1440,,
2026-09-30T19:13:13.886159+00:00,LibGen,LibGen.vg,UP,200,1358,,
2026-09-30T19:14:14.995458+00:00,LibGen,LibGen.vg,UP,200,1403,,
2026-09-30T19:15:33.564251+00:00,LibGen,LibGen.vg,DOWN,,,connection_refused,
2026-09-30T19:16:13.990232+00:00,LibGen,LibGen.vg,UP,200,1319,,
2026-09-30T19:17:14.609046+00:00,LibGen,LibGen.vg,UP,200,723,,
2026-09-30T19:18:16.732010+00:00,LibGen,LibGen.vg,UP,200,1361,,
2026-09-30T19:19:15.382063+00:00,LibGen,LibGen.vg,UP,200,700,,
2026-09-30T19:20:18.232981+00:00,LibGen,LibGen.vg,UP,200,1426,,
2026-09-30T19:21:18.474671+00:00,LibGen,LibGen.vg,UP,200,1347,,
2026-09-30T19:22:15.830607+00:00,LibGen,LibGen.vg,UP,200,1206,,
2026-09-30T19:23:16.725719+00:00,LibGen,LibGen.vg,UP,200,1322,,
2026-09-30T19:24:16.930813+00:00,LibGen,LibGen.vg,UP,200,1346,,
2026-09-30T19:25:17.019308+00:00,LibGen,LibGen.vg,UP,200,1335,,
2026-09-30T19:26:17.397061+00:00,LibGen,LibGen.vg,UP,200,1547,,
2026-09-30T19:27:17.733013+00:00,LibGen,LibGen.vg,UP,200,1234,,
2026-09-30T19:28:18.169179+00:00,LibGen,LibGen.vg,UP,200,1363,,
2026-09-30T19:29:19.051028+00:00,LibGen,LibGen.vg,UP,200,1956,,
2026-09-30T19:30:19.198833+00:00,LibGen,LibGen.vg,UP,200,1528,,
2026-09-30T19:31:19.745203+00:00,LibGen,LibGen.vg,UP,200,1390,,
2026-09-30T19:32:22.328515+00:00,LibGen,LibGen.vg,UP,200,2068,,
2026-09-30T19:33:21.154669+00:00,LibGen,LibGen.vg,UP,200,1382,,
2026-09-30T19:34:21.193512+00:00,LibGen,LibGen.vg,UP,200,1326,,
2026-09-30T19:35:21.233165+00:00,LibGen,LibGen.vg,UP,200,1311,,
2026-09-30T19:36:22.404952+00:00,LibGen,LibGen.vg,UP,200,1240,,
2026-09-30T19:37:24.112074+00:00,LibGen,LibGen.vg,UP,200,1327,,
2026-09-30T19:38:22.423852+00:00,LibGen,LibGen.vg,UP,200,1350,,
2026-09-30T19:39:24.814708+00:00,LibGen,LibGen.vg,DEGRADED,200,3206,latency_high,
2026-09-30T19:40:24.269494+00:00,LibGen,LibGen.vg,UP,200,2009,,
2026-09-30T19:41:24.597020+00:00,LibGen,LibGen.vg,UP,200,1373,,
2026-09-30T19:42:26.303789+00:00,LibGen,LibGen.vg,DEGRADED,200,3317,latency_high,
2026-09-30T19:43:25.825242+00:00,LibGen,LibGen.vg,UP,200,1303,,
2026-09-30T19:44:24.480551+00:00,LibGen,LibGen.vg,UP,200,700,,
2026-09-30T19:45:26.409771+00:00,LibGen,LibGen.vg,UP,200,2050,,
2026-09-30T19:46:25.720969+00:00,LibGen,LibGen.vg,UP,200,1356,,
2026-09-30T19:47:28.175983+00:00,LibGen,LibGen.vg,UP,200,1564,,
2026-09-30T19:48:27.455238+00:00,LibGen,LibGen.vg,UP,200,1443,,
2026-09-30T19:49:27.282264+00:00,LibGen,LibGen.vg,UP,200,1334,,
2026-09-30T19:50:27.533922+00:00,LibGen,LibGen.vg,UP,200,1372,,
2026-09-30T19:51:29.486523+00:00,LibGen,LibGen.vg,UP,200,1249,,
2026-09-30T19:52:29.122003+00:00,LibGen,LibGen.vg,UP,200,1369,,
2026-09-30T19:53:28.982123+00:00,LibGen,LibGen.vg,UP,200,1368,,
2026-09-30T19:54:30.369218+00:00,LibGen,LibGen.vg,UP,200,1476,,
2026-09-30T19:55:29.888133+00:00,LibGen,LibGen.vg,UP,200,1385,,
2026-09-30T19:56:33.333693+00:00,LibGen,LibGen.vg,DEGRADED,200,4436,latency_high,
2026-09-30T19:57:30.963467+00:00,LibGen,LibGen.vg,UP,200,1284,,
2026-09-30T19:58:31.296691+00:00,LibGen,LibGen.vg,UP,200,1264,,
2026-09-30T19:59:32.137829+00:00,LibGen,LibGen.vg,UP,200,1367,,
2026-09-30T20:00:33.463009+00:00,LibGen,LibGen.vg,UP,200,1388,,
2026-09-30T20:01:33.295253+00:00,LibGen,LibGen.vg,UP,200,1396,,
2026-09-30T20:02:53.760049+00:00,LibGen,LibGen.vg,DOWN,,,connection_refused,
2026-09-30T20:03:35.629610+00:00,LibGen,LibGen.vg,UP,200,1483,,
2026-09-30T20:04:34.324552+00:00,LibGen,LibGen.vg,UP,200,1316,,
2026-09-30T20:05:35.638597+00:00,LibGen,LibGen.vg,UP,200,1475,,
2026-09-30T20:06:35.444769+00:00,LibGen,LibGen.vg,UP,200,1283,,
2026-09-30T20:07:40.605250+00:00,LibGen,LibGen.vg,DEGRADED,200,5576,latency_high,
2026-09-30T20:08:38.428503+00:00,LibGen,LibGen.vg,DEGRADED,200,3165,latency_high,
2026-09-30T20:09:39.291486+00:00,LibGen,LibGen.vg,UP,200,1394,,
2026-09-30T20:10:56.896859+00:00,LibGen,LibGen.vg,DOWN,,,connection_refused,
2026-09-30T20:11:39.288956+00:00,LibGen,LibGen.vg,UP,200,1365,,
2026-09-30T20:12:37.654229+00:00,LibGen,LibGen.vg,UP,200,1307,,
2026-09-30T20:13:36.979627+00:00,LibGen,LibGen.vg,UP,200,684,,
2026-09-30T20:14:38.546250+00:00,LibGen,LibGen.vg,UP,200,1270,,
2026-09-30T20:15:42.409692+00:00,LibGen,LibGen.vg,DEGRADED,200,5560,latency_high,
2026-09-30T20:16:39.013246+00:00,LibGen,LibGen.vg,UP,200,1388,,
2026-09-30T20:17:40.920301+00:00,LibGen,LibGen.vg,UP,200,725,,
2026-09-30T20:18:41.752868+00:00,LibGen,LibGen.vg,DEGRADED,200,3349,latency_high,
2026-09-30T20:19:39.313483+00:00,LibGen,LibGen.vg,UP,200,1283,,
2026-09-30T20:20:40.710169+00:00,LibGen,LibGen.vg,UP,200,1304,,
2026-09-30T20:21:40.543611+00:00,LibGen,LibGen.vg,UP,200,1434,,
2026-09-30T20:22:42.178699+00:00,LibGen,LibGen.vg,UP,200,1325,,
2026-09-30T20:23:44.718542+00:00,LibGen,LibGen.vg,UP,200,1320,,
2026-09-30T20:24:46.032981+00:00,LibGen,LibGen.vg,DEGRADED,200,5874,latency_high,
2026-09-30T20:25:42.211647+00:00,LibGen,LibGen.vg,UP,200,1347,,
2026-09-30T20:27:01.403968+00:00,LibGen,LibGen.vg,DOWN,,,connection_refused,
2026-09-30T20:27:41.725019+00:00,LibGen,LibGen.vg,UP,200,1276,,
2026-09-30T20:28:43.280855+00:00,LibGen,LibGen.vg,UP,200,2235,,
2026-09-30T20:29:42.538533+00:00,LibGen,LibGen.vg,UP,200,677,,
2026-09-30T20:30:44.588838+00:00,LibGen,LibGen.vg,UP,200,1372,,
2026-09-30T20:31:45.092919+00:00,LibGen,LibGen.vg,DEGRADED,200,3151,latency_high,
2026-09-30T20:32:45.184718+00:00,LibGen,LibGen.vg,UP,200,1946,,
2026-09-30T20:33:44.702476+00:00,LibGen,LibGen.vg,UP,200,1278,,
2026-09-30T20:34:44.077517+00:00,LibGen,LibGen.vg,UP,200,1319,,
2026-09-30T20:35:44.555704+00:00,LibGen,LibGen.vg,UP,200,1280,,
2026-09-30T20:36:44.810850+00:00,LibGen,LibGen.vg,UP,200,1320,,
2026-09-30T20:37:44.870971+00:00,LibGen,LibGen.vg,UP,200,699,,
2026-09-30T20:38:45.898415+00:00,LibGen,LibGen.vg,UP,200,1312,,
2026-09-30T20:39:48.457127+00:00,LibGen,LibGen.vg,UP,200,1254,,
2026-09-30T20:40:46.518065+00:00,LibGen,LibGen.vg,UP,200,1898,,
2026-09-30T20:41:47.034408+00:00,LibGen,LibGen.vg,UP,200,2050,,
2026-09-30T20:42:46.192621+00:00,LibGen,LibGen.vg,UP,200,1290,,
2026-09-30T20:43:46.752874+00:00,LibGen,LibGen.vg,UP,200,1299,,
2026-09-30T20:44:48.343728+00:00,LibGen,LibGen.vg,UP,200,1344,,
2026-09-30T20:45:47.871938+00:00,LibGen,LibGen.vg,UP,200,1923,,
2026-09-30T20:46:48.080846+00:00,LibGen,LibGen.vg,UP,200,1441,,
2026-09-30T20:47:48.063256+00:00,LibGen,LibGen.vg,UP,200,1236,,
2026-09-30T20:48:47.427224+00:00,LibGen,LibGen.vg,UP,200,1300,,
2026-09-30T20:49:48.478948+00:00,LibGen,LibGen.vg,UP,200,1262,,
2026-09-30T20:50:47.898215+00:00,LibGen,LibGen.vg,UP,200,1437,,
2026-09-30T20:51:49.048226+00:00,LibGen,LibGen.vg,UP,200,1375,,
2026-09-30T20:52:48.853094+00:00,LibGen,LibGen.vg,UP,200,1302,,
2026-09-30T20:53:49.423415+00:00,LibGen,LibGen.vg,UP,200,1330,,
2026-09-30T20:54:50.500373+00:00,LibGen,LibGen.vg,UP,200,1276,,
2026-09-30T20:55:50.645860+00:00,LibGen,LibGen.vg,UP,200,1241,,
2026-09-30T20:56:50.384571+00:00,LibGen,LibGen.vg,UP,200,1325,,
2026-09-30T20:57:56.314855+00:00,LibGen,LibGen.vg,UP,200,1245,,
2026-09-30T20:58:51.851813+00:00,LibGen,LibGen.vg,UP,200,1269,,
2026-09-30T20:59:52.621622+00:00,LibGen,LibGen.vg,UP,200,2130,,
2026-09-30T21:00:53.302848+00:00,LibGen,LibGen.vg,UP,200,1422,,
2026-09-30T21:01:53.165361+00:00,LibGen,LibGen.vg,UP,200,1256,,
2026-09-30T21:02:53.120159+00:00,LibGen,LibGen.vg,UP,200,2079,,
2026-09-30T21:03:52.795734+00:00,LibGen,LibGen.vg,UP,200,1359,,
2026-09-30T21:04:53.017221+00:00,LibGen,LibGen.vg,UP,200,1334,,
2026-09-30T21:06:12.826810+00:00,LibGen,LibGen.vg,DOWN,,,connection_refused,
2026-09-30T21:06:54.815419+00:00,LibGen,LibGen.vg,UP,200,1947,,
2026-09-30T21:07:54.411809+00:00,LibGen,LibGen.vg,UP,200,1307,,
2026-09-30T21:08:54.965483+00:00,LibGen,LibGen.vg,UP,200,2106,,
2026-09-30T21:09:54.130414+00:00,LibGen,LibGen.vg,UP,200,1300,,
2026-09-30T21:10:54.974834+00:00,LibGen,LibGen.vg,UP,200,1261,,
2026-09-30T21:11:55.363956+00:00,LibGen,LibGen.vg,UP,200,1315,,
2026-09-30T21:12:54.560845+00:00,LibGen,LibGen.vg,UP,200,687,,
2026-09-30T21:13:55.290682+00:00,LibGen,LibGen.vg,UP,200,1260,,
2026-09-30T21:14:55.415166+00:00,LibGen,LibGen.vg,UP,200,1355,,
2026-09-30T21:15:56.080503+00:00,LibGen,LibGen.vg,UP,200,1351,,
2026-09-30T21:16:56.563817+00:00,LibGen,LibGen.vg,UP,200,1383,,
2026-09-30T21:17:57.095402+00:00,LibGen,LibGen.vg,UP,200,1293,,
2026-09-30T21:18:57.945518+00:00,LibGen,LibGen.vg,UP,200,1369,,
2026-09-30T21:19:58.470154+00:00,LibGen,LibGen.vg,UP,200,2123,,
2026-09-30T21:20:58.470892+00:00,LibGen,LibGen.vg,UP,200,1281,,
2026-09-30T21:21:57.937669+00:00,LibGen,LibGen.vg,UP,200,1257,,
2026-09-30T21:22:59.841725+00:00,LibGen,LibGen.vg,UP,200,1892,,
2026-09-30T21:23:58.876553+00:00,LibGen,LibGen.vg,UP,200,1337,,
2026-09-30T21:24:58.943685+00:00,LibGen,LibGen.vg,UP,200,1216,,
2026-09-30T21:25:58.649055+00:00,LibGen,LibGen.vg,UP,200,691,,
2026-09-30T21:27:01.357568+00:00,LibGen,LibGen.vg,UP,200,1276,,
2026-09-30T21:28:00.872535+00:00,LibGen,LibGen.vg,UP,200,1308,,
2026-09-30T21:29:00.544625+00:00,LibGen,LibGen.vg,UP,200,1288,,
2026-09-30T21:30:01.763738+00:00,LibGen,LibGen.vg,UP,200,1278,,
2026-09-30T21:31:16.429459+00:00,LibGen,LibGen.vg,UP,200,709,,
2026-09-30T21:32:02.117629+00:00,LibGen,LibGen.vg,UP,200,1381,,
2026-09-30T21:33:02.742684+00:00,LibGen,LibGen.vg,UP,200,1366,,
2026-09-30T21:34:03.054725+00:00,LibGen,LibGen.vg,UP,200,709,,
2026-09-30T21:35:05.408424+00:00,LibGen,LibGen.vg,UP,200,2156,,
2026-09-30T21:36:04.109646+00:00,LibGen,LibGen.vg,UP,200,1493,,
2026-09-30T21:37:06.643891+00:00,LibGen,LibGen.vg,UP,200,1470,,
2026-09-30T21:38:09.957523+00:00,LibGen,LibGen.vg,DEGRADED,200,6253,latency_high,
2026-09-30T21:39:05.124256+00:00,LibGen,LibGen.vg,UP,200,695,,
2026-09-30T21:40:05.358142+00:00,LibGen,LibGen.vg,UP,200,796,,
2026-09-30T21:41:05.842256+00:00,LibGen,LibGen.vg,UP,200,1274,,
2026-09-30T21:42:06.755127+00:00,LibGen,LibGen.vg,UP,200,1365,,
2026-09-30T21:43:06.224508+00:00,LibGen,LibGen.vg,UP,200,1290,,
2026-09-30T21:44:06.890370+00:00,LibGen,LibGen.vg,UP,200,1296,,
2026-09-30T21:45:10.662358+00:00,LibGen,LibGen.vg,UP,200,1372,,
2026-09-30T21:46:09.839710+00:00,LibGen,LibGen.vg,DEGRADED,200,3350,latency_high,
2026-09-30T21:47:08.847662+00:00,LibGen,LibGen.vg,UP,200,1810,,
2026-09-30T21:48:07.883300+00:00,LibGen,LibGen.vg,UP,200,1303,,
2026-09-30T21:49:09.397257+00:00,LibGen,LibGen.vg,UP,200,1287,,
2026-09-30T21:50:08.725509+00:00,LibGen,LibGen.vg,UP,200,1383,,
2026-09-30T21:51:10.564007+00:00,LibGen,LibGen.vg,UP,200,1300,,
2026-09-30T21:52:09.887391+00:00,LibGen,LibGen.vg,UP,200,2001,,
2026-09-30T21:53:10.661232+00:00,LibGen,LibGen.vg,UP,200,1273,,
2026-09-30T21:54:10.277944+00:00,LibGen,LibGen.vg,UP,200,1252,,
2026-09-30T21:55:11.289234+00:00,LibGen,LibGen.vg,UP,200,683,,
2026-09-30T21:56:11.646737+00:00,LibGen,LibGen.vg,UP,200,1954,,
2026-09-30T21:57:11.520704+00:00,LibGen,LibGen.vg,UP,200,1303,,
2026-09-30T21:58:10.860456+00:00,LibGen,LibGen.vg,UP,200,1264,,
2026-09-30T21:59:12.713074+00:00,LibGen,LibGen.vg,UP,200,1283,,
2026-09-30T22:00:11.322772+00:00,LibGen,LibGen.vg,UP,200,1418,,
2026-09-30T22:01:12.125027+00:00,LibGen,LibGen.vg,UP,200,1323,,
2026-09-30T22:02:12.791634+00:00,LibGen,LibGen.vg,UP,200,1700,,
2026-09-30T22:03:12.929381+00:00,LibGen,LibGen.vg,UP,200,1257,,
2026-09-30T22:04:12.699806+00:00,LibGen,LibGen.vg,UP,200,1309,,
2026-09-30T22:05:13.627226+00:00,LibGen,LibGen.vg,UP,200,1432,,
2026-09-30T22:06:13.660167+00:00,LibGen,LibGen.vg,UP,200,1364,,
2026-09-30T22:07:13.974147+00:00,LibGen,LibGen.vg,UP,200,1321,,
2026-09-30T22:08:15.094124+00:00,LibGen,LibGen.vg,UP,200,1243,,
2026-09-30T22:09:15.927326+00:00,LibGen,LibGen.vg,UP,200,2597,,
2026-09-30T22:10:16.705245+00:00,LibGen,LibGen.vg,UP,200,1308,,
2026-09-30T22:11:16.032548+00:00,LibGen,LibGen.vg,UP,200,1318,,
2026-09-30T22:12:17.762700+00:00,LibGen,LibGen.vg,DEGRADED,200,3260,latency_high,
2026-09-30T22:13:15.890057+00:00,LibGen,LibGen.vg,UP,200,692,,
2026-09-30T22:14:17.159434+00:00,LibGen,LibGen.vg,UP,200,1342,,
2026-09-30T22:15:17.315745+00:00,LibGen,LibGen.vg,UP,200,1405,,
2026-09-30T22:16:17.716979+00:00,LibGen,LibGen.vg,UP,200,1358,,
2026-09-30T22:17:21.511301+00:00,LibGen,LibGen.vg,UP,200,712,,
2026-09-30T22:18:18.284399+00:00,LibGen,LibGen.vg,UP,200,1393,,
2026-09-30T22:19:19.320052+00:00,LibGen,LibGen.vg,UP,200,703,,
2026-09-30T22:20:19.171469+00:00,LibGen,LibGen.vg,UP,200,1614,,
2026-09-30T22:21:19.453922+00:00,LibGen,LibGen.vg,UP,200,1329,,
2026-09-30T22:22:20.054206+00:00,LibGen,LibGen.vg,UP,200,799,,
2026-09-30T22:23:21.264979+00:00,LibGen,LibGen.vg,UP,200,1334,,
2026-09-30T22:24:19.901413+00:00,LibGen,LibGen.vg,UP,200,1332,,
2026-09-30T22:25:20.981069+00:00,LibGen,LibGen.vg,UP,200,1408,,
2026-09-30T22:26:20.878246+00:00,LibGen,LibGen.vg,UP,200,1338,,
2026-09-30T22:27:20.761010+00:00,LibGen,LibGen.vg,UP,200,1291,,
2026-09-30T22:28:20.367169+00:00,LibGen,LibGen.vg,UP,200,733,,
2026-09-30T22:29:20.925204+00:00,LibGen,LibGen.vg,UP,200,1233,,
2026-09-30T22:30:21.744213+00:00,LibGen,LibGen.vg,UP,200,1376,,
2026-09-30T22:31:23.728261+00:00,LibGen,LibGen.vg,UP,200,2765,,
2026-09-30T22:32:22.681761+00:00,LibGen,LibGen.vg,UP,200,1256,,
2026-09-30T22:33:24.349127+00:00,LibGen,LibGen.vg,UP,200,1867,,
2026-09-30T22:34:23.689214+00:00,LibGen,LibGen.vg,UP,200,1277,,
2026-09-30T22:35:23.459249+00:00,LibGen,LibGen.vg,UP,200,1407,,
2026-09-30T22:36:29.595656+00:00,LibGen,LibGen.vg,DEGRADED,200,5671,latency_high,
2026-09-30T22:37:24.922916+00:00,LibGen,LibGen.vg,UP,200,1570,,
2026-09-30T22:38:24.785561+00:00,LibGen,LibGen.vg,UP,200,1241,,
2026-09-30T22:39:26.683893+00:00,LibGen,LibGen.vg,UP,200,1571,,
2026-09-30T22:40:27.433188+00:00,LibGen,LibGen.vg,UP,200,1502,,
2026-09-30T22:41:26.524155+00:00,LibGen,LibGen.vg,UP,200,2011,,
2026-09-30T22:42:26.974028+00:00,LibGen,LibGen.vg,UP,200,1274,,
2026-09-30T22:43:27.087605+00:00,LibGen,LibGen.vg,UP,200,1288,,
2026-09-30T22:44:26.611991+00:00,LibGen,LibGen.vg,UP,200,1266,,
2026-09-30T22:45:26.869751+00:00,LibGen,LibGen.vg,UP,200,1371,,
2026-09-30T22:46:27.904197+00:00,LibGen,LibGen.vg,UP,200,1352,,
2026-09-30T22:47:28.529410+00:00,LibGen,LibGen.vg,UP,200,1409,,
2026-09-30T22:48:29.225798+00:00,LibGen,LibGen.vg,UP,200,728,,
2026-09-30T22:49:28.119967+00:00,LibGen,LibGen.vg,UP,200,1281,,
2026-09-30T22:50:28.507393+00:00,LibGen,LibGen.vg,UP,200,1337,,
2026-09-30T22:51:29.304182+00:00,LibGen,LibGen.vg,UP,200,1316,,
2026-09-30T22:52:29.887548+00:00,LibGen,LibGen.vg,UP,200,1342,,
2026-09-30T22:53:30.412608+00:00,LibGen,LibGen.vg,UP,200,1543,,
2026-09-30T22:54:31.326442+00:00,LibGen,LibGen.vg,UP,200,1378,,
2026-09-30T22:55:33.355098+00:00,LibGen,LibGen.vg,UP,200,1951,,
2026-09-30T22:56:31.072263+00:00,LibGen,LibGen.vg,UP,200,1351,,
2026-09-30T22:57:33.322019+00:00,LibGen,LibGen.vg,UP,200,1447,,
2026-09-30T22:58:32.878581+00:00,LibGen,LibGen.vg,UP,200,821,,
2026-09-30T22:59:32.679782+00:00,LibGen,LibGen.vg,UP,200,1560,,
2026-09-30T23:00:33.880901+00:00,LibGen,LibGen.vg,UP,200,2031,,
2026-09-30T23:01:33.458436+00:00,LibGen,LibGen.vg,UP,200,1404,,
2026-09-30T23:02:33.077883+00:00,LibGen,LibGen.vg,UP,200,1386,,
2026-09-30T23:03:33.908428+00:00,LibGen,LibGen.vg,UP,200,1471,,
2026-09-30T23:04:34.446001+00:00,LibGen,LibGen.vg,UP,200,1340,,
2026-09-30T23:05:34.299935+00:00,LibGen,LibGen.vg,UP,200,1291,,
2026-09-30T23:06:35.244618+00:00,LibGen,LibGen.vg,UP,200,1418,,
2026-09-30T23:07:35.694412+00:00,LibGen,LibGen.vg,UP,200,1537,,
2026-09-30T23:08:36.315878+00:00,LibGen,LibGen.vg,UP,200,1333,,
2026-09-30T23:09:56.312603+00:00,LibGen,LibGen.vg,DOWN,,,connection_refused,
2026-09-30T23:10:36.145935+00:00,LibGen,LibGen.vg,UP,200,1468,,
2026-09-30T23:11:38.283499+00:00,LibGen,LibGen.vg,UP,200,1414,,
2026-09-30T23:12:37.666849+00:00,LibGen,LibGen.vg,UP,200,1349,,
2026-09-30T23:13:38.083264+00:00,LibGen,LibGen.vg,UP,200,1991,,
2026-09-30T23:14:37.779458+00:00,LibGen,LibGen.vg,UP,200,1277,,
2026-09-30T23:15:38.469224+00:00,LibGen,LibGen.vg,UP,200,1278,,
2026-09-30T23:16:39.002668+00:00,LibGen,LibGen.vg,UP,200,1978,,
2026-09-30T23:17:38.848558+00:00,LibGen,LibGen.vg,UP,200,1272,,
2026-09-30T23:18:38.979174+00:00,LibGen,LibGen.vg,UP,200,1324,,
2026-09-30T23:19:38.585875+00:00,LibGen,LibGen.vg,UP,200,1323,,
2026-09-30T23:20:39.334709+00:00,LibGen,LibGen.vg,UP,200,1367,,
2026-09-30T23:21:39.529812+00:00,LibGen,LibGen.vg,UP,200,1401,,
2026-09-30T23:22:39.800680+00:00,LibGen,LibGen.vg,UP,200,1487,,
2026-09-30T23:23:41.344269+00:00,LibGen,LibGen.vg,UP,200,1445,,
2026-09-30T23:24:41.641089+00:00,LibGen,LibGen.vg,UP,200,1319,,
2026-09-30T23:25:44.210380+00:00,LibGen,LibGen.vg,UP,200,1355,,
2026-09-30T23:26:41.872272+00:00,LibGen,LibGen.vg,UP,200,1278,,
2026-09-30T23:27:42.811674+00:00,LibGen,LibGen.vg,UP,200,1346,,
2026-09-30T23:28:42.925414+00:00,LibGen,LibGen.vg,UP,200,760,,
2026-09-30T23:29:42.220193+00:00,LibGen,LibGen.vg,UP,200,1263,,
2026-09-30T23:30:43.019648+00:00,LibGen,LibGen.vg,UP,200,1542,,
2026-09-30T23:31:44.002960+00:00,LibGen,LibGen.vg,UP,200,1972,,
2026-09-30T23:32:43.493913+00:00,LibGen,LibGen.vg,UP,200,1357,,
2026-09-30T23:33:44.083853+00:00,LibGen,LibGen.vg,UP,200,1328,,
2026-09-30T23:34:46.813516+00:00,LibGen,LibGen.vg,DEGRADED,200,3898,latency_high,
2026-09-30T23:35:44.891374+00:00,LibGen,LibGen.vg,UP,200,1298,,
2026-09-30T23:36:46.253426+00:00,LibGen,LibGen.vg,UP,200,1308,,
2026-09-30T23:37:46.673749+00:00,LibGen,LibGen.vg,UP,200,1420,,
2026-09-30T23:38:46.162655+00:00,LibGen,LibGen.vg,UP,200,1333,,
2026-09-30T23:39:46.200315+00:00,LibGen,LibGen.vg,UP,200,1299,,
2026-09-30T23:40:46.489901+00:00,LibGen,LibGen.vg,UP,200,1410,,
2026-09-30T23:41:47.268464+00:00,LibGen,LibGen.vg,UP,200,1306,,
2026-09-30T23:42:47.136812+00:00,LibGen,LibGen.vg,UP,200,1337,,
2026-09-30T23:44:06.582351+00:00,LibGen,LibGen.vg,DOWN,,,connection_refused,
2026-09-30T23:44:47.307464+00:00,LibGen,LibGen.vg,UP,200,1329,,
2026-09-30T23:45:47.026659+00:00,LibGen,LibGen.vg,UP,200,1352,,
2026-09-30T23:46:52.125952+00:00,LibGen,LibGen.vg,DEGRADED,200,5839,latency_high,
2026-09-30T23:48:07.698860+00:00,LibGen,LibGen.vg,DOWN,,,connection_refused,
2026-09-30T23:48:49.752171+00:00,LibGen,LibGen.vg,UP,200,1373,,
2026-09-30T23:49:50.744793+00:00,LibGen,LibGen.vg,DEGRADED,200,3484,latency_high,
2026-09-30T23:50:49.066885+00:00,LibGen,LibGen.vg,UP,200,1262,,
2026-09-30T23:51:52.448976+00:00,LibGen,LibGen.vg,UP,200,1286,,
2026-09-30T23:52:50.476601+00:00,LibGen,LibGen.vg,UP,200,1257,,
2026-09-30T23:53:50.078224+00:00,LibGen,LibGen.vg,UP,200,1288,,
2026-09-30T23:54:49.887213+00:00,LibGen,LibGen.vg,UP,200,1235,,
2026-09-30T23:55:49.843780+00:00,LibGen,LibGen.vg,UP,200,714,,
2026-09-30T23:56:50.955930+00:00,LibGen,LibGen.vg,UP,200,1426,,
2026-09-30T23:57:51.354574+00:00,LibGen,LibGen.vg,UP,200,1311,,
2026-09-30T23:58:51.416833+00:00,LibGen,LibGen.vg,UP,200,1377,,
2026-09-30T23:59:52.371447+00:00,LibGen,LibGen.vg,UP,200,1352,,
2026-10-01T00:00:52.032966+00:00,LibGen,LibGen.vg,UP,200,1361,,
2026-10-01T00:01:52.847999+00:00,LibGen,LibGen.vg,UP,200,1751,,
2026-10-01T00:02:51.572036+00:00,LibGen,LibGen.vg,UP,200,673,,
2026-10-01T00:03:53.208485+00:00,LibGen,LibGen.vg,UP,200,1398,,
2026-10-01T00:04:52.747618+00:00,LibGen,LibGen.vg,UP,200,732,,
2026-10-01T00:05:53.512580+00:00,LibGen,LibGen.vg,UP,200,1449,,
2026-10-01T00:06:56.054127+00:00,LibGen,LibGen.vg,UP,200,2072,,
2026-10-01T00:07:55.288022+00:00,LibGen,LibGen.vg,UP,200,1316,,
2026-10-01T00:08:54.174787+00:00,LibGen,LibGen.vg,UP,200,1393,,
2026-10-01T00:09:55.408607+00:00,LibGen,LibGen.vg,UP,200,1355,,
2026-10-01T00:10:56.988168+00:00,LibGen,LibGen.vg,UP,200,1477,,
2026-10-01T00:11:55.621953+00:00,LibGen,LibGen.vg,UP,200,1406,,
2026-10-01T00:12:56.772339+00:00,LibGen,LibGen.vg,UP,200,1341,,
2026-10-01T00:13:56.800933+00:00,LibGen,LibGen.vg,UP,200,1333,,
2026-10-01T00:14:56.675880+00:00,LibGen,LibGen.vg,UP,200,1406,,
2026-10-01T00:15:58.203603+00:00,LibGen,LibGen.vg,UP,200,1472,,
2026-10-01T00:16:57.931269+00:00,LibGen,LibGen.vg,UP,200,1386,,
2026-10-01T00:18:00.095874+00:00,LibGen,LibGen.vg,UP,200,1309,,
2026-10-01T00:18:59.056086+00:00,LibGen,LibGen.vg,UP,200,1314,,
2026-10-01T00:19:59.042093+00:00,LibGen,LibGen.vg,UP,200,1275,,
2026-10-01T00:20:59.346199+00:00,LibGen,LibGen.vg,UP,200,1336,,
2026-10-01T00:22:01.853801+00:00,LibGen,LibGen.vg,UP,200,1418,,
2026-10-01T00:23:00.484404+00:00,LibGen,LibGen.vg,UP,200,1328,,
2026-10-01T00:24:03.305066+00:00,LibGen,LibGen.vg,UP,200,1336,,
2026-10-01T00:25:01.479964+00:00,LibGen,LibGen.vg,UP,200,794,,
2026-10-01T00:26:03.108246+00:00,LibGen,LibGen.vg,UP,200,1392,,
2026-10-01T00:27:04.302181+00:00,LibGen,LibGen.vg,UP,200,1316,,
2026-10-01T00:28:04.940959+00:00,LibGen,LibGen.vg,UP,200,1379,,
2026-10-01T00:29:04.961519+00:00,LibGen,LibGen.vg,UP,200,1964,,
2026-10-01T00:30:05.262171+00:00,LibGen,LibGen.vg,UP,200,1896,,
2026-10-01T00:31:04.940699+00:00,LibGen,LibGen.vg,UP,200,1235,,
2026-10-01T00:32:06.507608+00:00,LibGen,LibGen.vg,UP,200,1423,,
2026-10-01T00:33:07.880211+00:00,LibGen,LibGen.vg,UP,200,1460,,
2026-10-01T00:34:06.158413+00:00,LibGen,LibGen.vg,UP,200,1332,,
2026-10-01T00:35:06.861399+00:00,LibGen,LibGen.vg,UP,200,1468,,
2026-10-01T00:36:06.530894+00:00,LibGen,LibGen.vg,UP,200,1372,,
2026-10-01T00:37:07.303651+00:00,LibGen,LibGen.vg,UP,200,1507,,
2026-10-01T00:38:07.999746+00:00,LibGen,LibGen.vg,UP,200,1867,,
2026-10-01T00:39:09.237548+00:00,LibGen,LibGen.vg,UP,200,1391,,
2026-10-01T00:40:08.099092+00:00,LibGen,LibGen.vg,UP,200,1383,,
2026-10-01T00:41:08.932037+00:00,LibGen,LibGen.vg,UP,200,1374,,
2026-10-01T00:42:09.234093+00:00,LibGen,LibGen.vg,UP,200,1372,,
2026-10-01T00:43:14.163501+00:00,LibGen,LibGen.vg,DEGRADED,200,4466,latency_high,
2026-10-01T00:44:09.582220+00:00,LibGen,LibGen.vg,UP,200,1294,,
2026-10-01T00:45:13.403486+00:00,LibGen,LibGen.vg,UP,200,1264,,
2026-10-01T00:46:12.825704+00:00,LibGen,LibGen.vg,DEGRADED,200,3193,latency_high,
2026-10-01T00:47:10.812639+00:00,LibGen,LibGen.vg,UP,200,1349,,
2026-10-01T00:48:10.319340+00:00,LibGen,LibGen.vg,UP,200,708,,
2026-10-01T00:49:12.142939+00:00,LibGen,LibGen.vg,UP,200,1572,,
2026-10-01T00:50:14.682849+00:00,LibGen,LibGen.vg,UP,200,2211,,
2026-10-01T00:51:12.898705+00:00,LibGen,LibGen.vg,UP,200,1288,,
2026-10-01T00:52:12.832217+00:00,LibGen,LibGen.vg,UP,200,1263,,
2026-10-01T00:53:13.370807+00:00,LibGen,LibGen.vg,UP,200,1316,,
2026-10-01T00:54:12.977463+00:00,LibGen,LibGen.vg,UP,200,1298,,
2026-10-01T00:55:14.681466+00:00,LibGen,LibGen.vg,UP,200,1421,,
2026-10-01T00:56:13.762567+00:00,LibGen,LibGen.vg,UP,200,1489,,
2026-10-01T00:57:15.230864+00:00,LibGen,LibGen.vg,UP,200,1359,,
2026-10-01T00:58:14.387571+00:00,LibGen,LibGen.vg,UP,200,720,,
2026-10-01T00:59:15.169901+00:00,LibGen,LibGen.vg,UP,200,1252,,
2026-10-01T01:00:15.468089+00:00,LibGen,LibGen.vg,UP,200,1346,,
2026-10-01T01:01:15.854589+00:00,LibGen,LibGen.vg,UP,200,1360,,
2026-10-01T01:02:16.565482+00:00,LibGen,LibGen.vg,UP,200,1434,,
2026-10-01T01:03:17.273712+00:00,LibGen,LibGen.vg,UP,200,1380,,
2026-10-01T01:04:18.379533+00:00,LibGen,LibGen.vg,UP,200,1348,,
2026-10-01T01:05:16.459949+00:00,LibGen,LibGen.vg,UP,200,712,,
2026-10-01T01:06:17.594607+00:00,LibGen,LibGen.vg,UP,200,1276,,
2026-10-01T01:07:21.556920+00:00,LibGen,LibGen.vg,UP,200,1434,,
2026-10-01T01:08:18.095330+00:00,LibGen,LibGen.vg,UP,200,1277,,
2026-10-01T01:09:18.746309+00:00,LibGen,LibGen.vg,UP,200,1290,,
2026-10-01T01:10:20.280494+00:00,LibGen,LibGen.vg,DEGRADED,200,3182,latency_high,
2026-10-01T01:11:21.317109+00:00,LibGen,LibGen.vg,UP,200,1267,,
2026-10-01T01:12:19.937217+00:00,LibGen,LibGen.vg,UP,200,1293,,
2026-10-01T01:13:20.780261+00:00,LibGen,LibGen.vg,UP,200,1493,,
2026-10-01T01:14:19.347254+00:00,LibGen,LibGen.vg,UP,200,703,,
2026-10-01T01:15:20.248879+00:00,LibGen,LibGen.vg,UP,200,1519,,
2026-10-01T01:16:21.130776+00:00,LibGen,LibGen.vg,UP,200,1441,,
2026-10-01T01:17:22.956626+00:00,LibGen,LibGen.vg,DEGRADED,200,3085,latency_high,
2026-10-01T01:18:22.243558+00:00,LibGen,LibGen.vg,UP,200,1317,,
2026-10-01T01:19:22.515691+00:00,LibGen,LibGen.vg,UP,200,1311,,
2026-10-01T01:20:22.729622+00:00,LibGen,LibGen.vg,UP,200,1317,,
2026-10-01T01:21:42.266712+00:00,LibGen,LibGen.vg,DOWN,,,connection_refused,
2026-10-01T01:22:23.254708+00:00,LibGen,LibGen.vg,UP,200,1349,,
2026-10-01T01:23:24.070137+00:00,LibGen,LibGen.vg,UP,200,1926,,
2026-10-01T01:24:25.101838+00:00,LibGen,LibGen.vg,UP,200,2097,,
2026-10-01T01:25:24.296120+00:00,LibGen,LibGen.vg,UP,200,1373,,
2026-10-01T01:26:24.334640+00:00,LibGen,LibGen.vg,UP,200,1418,,
2026-10-01T01:27:24.695825+00:00,LibGen,LibGen.vg,UP,200,1407,,
2026-10-01T01:28:26.452116+00:00,LibGen,LibGen.vg,UP,200,1377,,
2026-10-01T01:29:25.592341+00:00,LibGen,LibGen.vg,UP,200,1484,,
2026-10-01T01:30:26.295771+00:00,LibGen,LibGen.vg,UP,200,1499,,
2026-10-01T01:31:46.381337+00:00,LibGen,LibGen.vg,DOWN,,,connection_refused,
2026-10-01T01:32:27.763599+00:00,LibGen,LibGen.vg,UP,200,1368,,
2026-10-01T01:33:27.999524+00:00,LibGen,LibGen.vg,UP,200,1428,,
2026-10-01T01:34:29.215991+00:00,LibGen,LibGen.vg,UP,200,1418,,
2026-10-01T01:35:28.415813+00:00,LibGen,LibGen.vg,UP,200,751,,
2026-10-01T01:36:28.397503+00:00,LibGen,LibGen.vg,UP,200,1355,,
2026-10-01T01:37:31.055898+00:00,LibGen,LibGen.vg,UP,200,1358,,
2026-10-01T01:38:30.158489+00:00,LibGen,LibGen.vg,UP,200,1342,,
2026-10-01T01:39:30.708039+00:00,LibGen,LibGen.vg,UP,200,1988,,
2026-10-01T01:40:30.494333+00:00,LibGen,LibGen.vg,UP,200,1413,,
2026-10-01T01:41:33.265874+00:00,LibGen,LibGen.vg,UP,200,1353,,
2026-10-01T01:42:33.266459+00:00,LibGen,LibGen.vg,UP,200,1550,,
2026-10-01T01:43:32.032866+00:00,LibGen,LibGen.vg,UP,200,1510,,
2026-10-01T01:44:34.246344+00:00,LibGen,LibGen.vg,UP,200,1439,,
2026-10-01T01:45:32.900652+00:00,LibGen,LibGen.vg,UP,200,1529,,
2026-10-01T01:46:33.334077+00:00,LibGen,LibGen.vg,UP,200,1404,,
2026-10-01T01:47:32.901021+00:00,LibGen,LibGen.vg,UP,200,701,,
2026-10-01T01:48:34.067083+00:00,LibGen,LibGen.vg,UP,200,1319,,
2026-10-01T01:49:34.735158+00:00,LibGen,LibGen.vg,UP,200,1334,,
2026-10-01T01:50:35.533434+00:00,LibGen,LibGen.vg,UP,200,807,,
2026-10-01T01:51:35.991353+00:00,LibGen,LibGen.vg,UP,200,1383,,
2026-10-01T01:52:38.030703+00:00,LibGen,LibGen.vg,UP,200,1292,,
2026-10-01T01:53:38.640077+00:00,LibGen,LibGen.vg,UP,200,1298,,
2026-10-01T01:54:36.342773+00:00,LibGen,LibGen.vg,UP,200,1259,,
2026-10-01T01:55:36.830067+00:00,LibGen,LibGen.vg,UP,200,1303,,
2026-10-01T01:56:37.367396+00:00,LibGen,LibGen.vg,UP,200,1384,,
2026-10-01T01:57:37.581427+00:00,LibGen,LibGen.vg,UP,200,1424,,
2026-10-01T01:58:39.931231+00:00,LibGen,LibGen.vg,UP,200,1412,,
2026-10-01T01:59:38.816601+00:00,LibGen,LibGen.vg,UP,200,2009,,
2026-10-01T02:00:38.005482+00:00,LibGen,LibGen.vg,UP,200,741,,
2026-10-01T02:01:40.561180+00:00,LibGen,LibGen.vg,UP,200,2626,,
2026-10-01T02:02:40.334981+00:00,LibGen,LibGen.vg,UP,200,1296,,
2026-10-01T02:03:41.658073+00:00,LibGen,LibGen.vg,UP,200,1361,,
2026-10-01T02:04:40.893817+00:00,LibGen,LibGen.vg,UP,200,1352,,
2026-10-01T02:05:44.381385+00:00,LibGen,LibGen.vg,DEGRADED,200,5239,latency_high,
2026-10-01T02:06:42.596620+00:00,LibGen,LibGen.vg,UP,200,1347,,
2026-10-01T02:07:40.792230+00:00,LibGen,LibGen.vg,UP,200,1288,,
2026-10-01T02:08:41.659676+00:00,LibGen,LibGen.vg,UP,200,1341,,
2026-10-01T02:09:44.223446+00:00,LibGen,LibGen.vg,DEGRADED,200,3833,latency_high,
2026-10-01T02:10:41.943238+00:00,LibGen,LibGen.vg,UP,200,1314,,
2026-10-01T02:11:42.100426+00:00,LibGen,LibGen.vg,UP,200,1287,,
2026-10-01T02:12:43.279586+00:00,LibGen,LibGen.vg,UP,200,1390,,
2026-10-01T02:13:42.717611+00:00,LibGen,LibGen.vg,UP,200,737,,
2026-10-01T02:14:47.334833+00:00,LibGen,LibGen.vg,UP,200,1466,,
2026-10-01T02:15:44.600371+00:00,LibGen,LibGen.vg,UP,200,1402,,
2026-10-01T02:16:44.303429+00:00,LibGen,LibGen.vg,UP,200,1424,,
2026-10-01T02:17:44.605618+00:00,LibGen,LibGen.vg,UP,200,1381,,
2026-10-01T02:18:44.819716+00:00,LibGen,LibGen.vg,UP,200,1366,,
2026-10-01T02:19:46.436178+00:00,LibGen,LibGen.vg,UP,200,2195,,
2026-10-01T02:20:46.495117+00:00,LibGen,LibGen.vg,UP,200,1363,,
2026-10-01T02:21:47.364159+00:00,LibGen,LibGen.vg,UP,200,1382,,
2026-10-01T02:22:46.646775+00:00,LibGen,LibGen.vg,UP,200,1282,,
2026-10-01T02:23:47.768092+00:00,LibGen,LibGen.vg,UP,200,1480,,
2026-10-01T02:24:47.288782+00:00,LibGen,LibGen.vg,UP,200,2034,,
2026-10-01T02:25:48.520075+00:00,LibGen,LibGen.vg,UP,200,1331,,
2026-10-01T02:26:47.878109+00:00,LibGen,LibGen.vg,UP,200,1306,,
2026-10-01T02:27:49.522721+00:00,LibGen,LibGen.vg,UP,200,1425,,
2026-10-01T02:28:48.953205+00:00,LibGen,LibGen.vg,UP,200,1485,,
2026-10-01T02:29:49.038950+00:00,LibGen,LibGen.vg,UP,200,1287,,
2026-10-01T02:30:48.959145+00:00,LibGen,LibGen.vg,UP,200,1516,,
2026-10-01T02:31:50.063802+00:00,LibGen,LibGen.vg,UP,200,1320,,
2026-10-01T02:32:49.853163+00:00,LibGen,LibGen.vg,UP,200,1305,,
2026-10-01T02:34:06.440256+00:00,LibGen,LibGen.vg,UP,200,1911,,
2026-10-01T02:34:50.212954+00:00,LibGen,LibGen.vg,UP,200,1277,,
2026-10-01T02:35:51.804055+00:00,LibGen,LibGen.vg,UP,200,1357,,
2026-10-01T02:36:51.799588+00:00,LibGen,LibGen.vg,UP,200,1347,,
2026-10-01T02:37:51.291052+00:00,LibGen,LibGen.vg,UP,200,1279,,
2026-10-01T02:38:52.605992+00:00,LibGen,LibGen.vg,UP,200,2075,,
2026-10-01T02:39:52.207075+00:00,LibGen,LibGen.vg,UP,200,1324,,
2026-10-01T02:40:53.301539+00:00,LibGen,LibGen.vg,UP,200,1288,,
2026-10-01T02:41:52.855223+00:00,LibGen,LibGen.vg,UP,200,1340,,
2026-10-01T02:42:54.504150+00:00,LibGen,LibGen.vg,UP,200,722,,
2026-10-01T02:43:54.927774+00:00,LibGen,LibGen.vg,UP,200,1323,,
2026-10-01T02:44:54.313265+00:00,LibGen,LibGen.vg,UP,200,1284,,
2026-10-01T02:45:54.234253+00:00,LibGen,LibGen.vg,UP,200,1535,,
2026-10-01T02:46:55.061586+00:00,LibGen,LibGen.vg,UP,200,1334,,
2026-10-01T02:47:57.901675+00:00,LibGen,LibGen.vg,DEGRADED,200,4510,latency_high,
2026-10-01T02:48:55.031228+00:00,LibGen,LibGen.vg,UP,200,1344,,
2026-10-01T02:49:56.468172+00:00,LibGen,LibGen.vg,UP,200,1277,,
2026-10-01T02:51:16.686329+00:00,LibGen,LibGen.vg,DOWN,,,connection_refused,
2026-10-01T02:51:56.899668+00:00,LibGen,LibGen.vg,UP,200,1934,,
2026-10-01T02:52:57.217315+00:00,LibGen,LibGen.vg,UP,200,1314,,
2026-10-01T02:53:59.779181+00:00,LibGen,LibGen.vg,UP,200,1273,,
2026-10-01T02:54:57.613956+00:00,LibGen,LibGen.vg,UP,200,1264,,
2026-10-01T02:55:58.569606+00:00,LibGen,LibGen.vg,UP,200,1964,,
2026-10-01T02:56:58.555209+00:00,LibGen,LibGen.vg,UP,200,1414,,
2026-10-01T02:57:58.245633+00:00,LibGen,LibGen.vg,UP,200,1347,,
2026-10-01T02:58:59.652371+00:00,LibGen,LibGen.vg,UP,200,1332,,
2026-10-01T03:00:00.748681+00:00,LibGen,LibGen.vg,UP,200,1379,,
2026-10-01T03:01:00.356821+00:00,LibGen,LibGen.vg,UP,200,1596,,
2026-10-01T03:02:01.705407+00:00,LibGen,LibGen.vg,UP,200,1809,,
2026-10-01T03:03:07.272948+00:00,LibGen,LibGen.vg,DEGRADED,200,5694,latency_high,
2026-10-01T03:04:03.048538+00:00,LibGen,LibGen.vg,UP,200,743,,
2026-10-01T03:05:03.283372+00:00,LibGen,LibGen.vg,UP,200,1508,,
2026-10-01T03:06:03.186218+00:00,LibGen,LibGen.vg,UP,200,1499,,
2026-10-01T03:07:05.443556+00:00,LibGen,LibGen.vg,UP,200,1433,,
2026-10-01T03:08:04.805762+00:00,LibGen,LibGen.vg,UP,200,1983,,
2026-10-01T03:09:05.020446+00:00,LibGen,LibGen.vg,UP,200,1328,,
2026-10-01T03:10:06.817992+00:00,LibGen,LibGen.vg,DEGRADED,200,3399,latency_high,
2026-10-01T03:11:05.514563+00:00,LibGen,LibGen.vg,UP,200,1429,,
2026-10-01T03:12:06.007641+00:00,LibGen,LibGen.vg,UP,200,1299,,
2026-10-01T03:13:06.992785+00:00,LibGen,LibGen.vg,UP,200,1290,,
2026-10-01T03:14:07.170823+00:00,LibGen,LibGen.vg,UP,200,1313,,
2026-10-01T03:15:06.686579+00:00,LibGen,LibGen.vg,UP,200,1503,,
2026-10-01T03:16:09.072176+00:00,LibGen,LibGen.vg,UP,200,1341,,
2026-10-01T03:17:08.345413+00:00,LibGen,LibGen.vg,UP,200,1978,,
2026-10-01T03:18:08.105318+00:00,LibGen,LibGen.vg,UP,200,1336,,
2026-10-01T03:19:08.753438+00:00,LibGen,LibGen.vg,UP,200,1359,,
2026-10-01T03:20:10.072955+00:00,LibGen,LibGen.vg,UP,200,1348,,
2026-10-01T03:21:09.791979+00:00,LibGen,LibGen.vg,UP,200,1351,,
2026-10-01T03:22:09.917466+00:00,LibGen,LibGen.vg,UP,200,1333,,
2026-10-01T03:23:10.811141+00:00,LibGen,LibGen.vg,UP,200,1310,,
2026-10-01T03:24:11.001167+00:00,LibGen,LibGen.vg,UP,200,1356,,
2026-10-01T03:25:11.695446+00:00,LibGen,LibGen.vg,UP,200,747,,
2026-10-01T03:26:13.486002+00:00,LibGen,LibGen.vg,UP,200,1295,,
2026-10-01T03:27:12.202856+00:00,LibGen,LibGen.vg,UP,200,1395,,
2026-10-01T03:28:11.766374+00:00,LibGen,LibGen.vg,UP,200,1427,,
2026-10-01T03:29:15.567125+00:00,LibGen,LibGen.vg,UP,200,1298,,
2026-10-01T03:30:12.881564+00:00,LibGen,LibGen.vg,UP,200,1331,,
2026-10-01T03:31:12.380102+00:00,LibGen,LibGen.vg,UP,200,1280,,
2026-10-01T03:32:14.634121+00:00,LibGen,LibGen.vg,UP,200,2305,,
2026-10-01T03:33:13.477644+00:00,LibGen,LibGen.vg,UP,200,1356,,
2026-10-01T03:34:14.064147+00:00,LibGen,LibGen.vg,UP,200,1382,,
2026-10-01T03:35:14.450879+00:00,LibGen,LibGen.vg,UP,200,689,,
2026-10-01T03:36:15.889500+00:00,LibGen,LibGen.vg,UP,200,1289,,
2026-10-01T03:37:15.343963+00:00,LibGen,LibGen.vg,UP,200,1490,,
2026-10-01T03:38:15.306608+00:00,LibGen,LibGen.vg,UP,200,1268,,
2026-10-01T03:39:15.466625+00:00,LibGen,LibGen.vg,UP,200,1285,,
2026-10-01T03:40:16.095223+00:00,LibGen,LibGen.vg,UP,200,1321,,
2026-10-01T03:41:16.424173+00:00,LibGen,LibGen.vg,UP,200,1361,,
2026-10-01T03:42:17.431419+00:00,LibGen,LibGen.vg,UP,200,1949,,
2026-10-01T03:43:16.715978+00:00,LibGen,LibGen.vg,UP,200,1253,,
2026-10-01T03:44:17.485946+00:00,LibGen,LibGen.vg,UP,200,1397,,
2026-10-01T03:45:18.412426+00:00,LibGen,LibGen.vg,UP,200,1359,,
2026-10-01T03:46:18.069260+00:00,LibGen,LibGen.vg,UP,200,1333,,
2026-10-01T03:47:19.104126+00:00,LibGen,LibGen.vg,UP,200,1305,,
2026-10-01T03:48:20.801510+00:00,LibGen,LibGen.vg,UP,200,2004,,
2026-10-01T03:49:19.400436+00:00,LibGen,LibGen.vg,UP,200,1351,,
2026-10-01T03:50:18.982373+00:00,LibGen,LibGen.vg,UP,200,695,,
2026-10-01T03:51:20.264588+00:00,LibGen,LibGen.vg,UP,200,1326,,
2026-10-01T03:52:25.653912+00:00,LibGen,LibGen.vg,DEGRADED,200,4434,latency_high,
2026-10-01T03:53:21.288584+00:00,LibGen,LibGen.vg,UP,200,1275,,
2026-10-01T03:54:21.571923+00:00,LibGen,LibGen.vg,UP,200,1390,,
2026-10-01T03:55:21.145692+00:00,LibGen,LibGen.vg,UP,200,753,,
2026-10-01T03:56:23.060694+00:00,LibGen,LibGen.vg,UP,200,1274,,
2026-10-01T03:57:26.604206+00:00,LibGen,LibGen.vg,UP,200,1384,,
2026-10-01T03:58:23.017501+00:00,LibGen,LibGen.vg,UP,200,1378,,
2026-10-01T03:59:22.583964+00:00,LibGen,LibGen.vg,UP,200,770,,
2026-10-01T04:00:24.223572+00:00,LibGen,LibGen.vg,UP,200,1587,,
2026-10-01T04:01:23.883211+00:00,LibGen,LibGen.vg,UP,200,1293,,
2026-10-01T04:02:44.631193+00:00,LibGen,LibGen.vg,DOWN,,,connection_refused,
2026-10-01T04:03:26.689663+00:00,LibGen,LibGen.vg,UP,200,1293,,
2026-10-01T04:04:27.274865+00:00,LibGen,LibGen.vg,UP,200,1970,,
2026-10-01T04:05:29.144885+00:00,LibGen,LibGen.vg,DEGRADED,200,4449,latency_high,
2026-10-01T04:06:25.866060+00:00,LibGen,LibGen.vg,UP,200,1392,,
2026-10-01T04:07:26.557631+00:00,LibGen,LibGen.vg,UP,200,1421,,
2026-10-01T04:08:27.577759+00:00,LibGen,LibGen.vg,UP,200,1352,,
2026-10-01T04:09:47.816228+00:00,LibGen,LibGen.vg,DOWN,,,connection_refused,
2026-10-01T04:10:28.492344+00:00,LibGen,LibGen.vg,UP,200,1971,,
2026-10-01T04:11:28.083203+00:00,LibGen,LibGen.vg,UP,200,1470,,
2026-10-01T04:12:28.737541+00:00,LibGen,LibGen.vg,UP,200,1358,,
2026-10-01T04:13:29.942983+00:00,LibGen,LibGen.vg,UP,200,2113,,
2026-10-01T04:14:29.072417+00:00,LibGen,LibGen.vg,UP,200,1266,,
2026-10-01T04:15:30.300409+00:00,LibGen,LibGen.vg,UP,200,1435,,
2026-10-01T04:16:30.304939+00:00,LibGen,LibGen.vg,UP,200,1420,,
2026-10-01T04:17:30.915250+00:00,LibGen,LibGen.vg,UP,200,1306,,
2026-10-01T04:18:30.857590+00:00,LibGen,LibGen.vg,UP,200,1314,,
2026-10-01T04:19:32.818781+00:00,LibGen,LibGen.vg,UP,200,2504,,
2026-10-01T04:20:32.303978+00:00,LibGen,LibGen.vg,UP,200,1317,,
2026-10-01T04:21:32.642124+00:00,LibGen,LibGen.vg,UP,200,1408,,
2026-10-01T04:22:35.568138+00:00,LibGen,LibGen.vg,UP,200,1378,,
2026-10-01T04:23:35.089690+00:00,LibGen,LibGen.vg,UP,200,1305,,
2026-10-01T04:24:34.575850+00:00,LibGen,LibGen.vg,UP,200,1913,,
2026-10-01T04:25:35.031943+00:00,LibGen,LibGen.vg,UP,200,2090,,
2026-10-01T04:26:56.962758+00:00,LibGen,LibGen.vg,DOWN,,,connection_refused,
2026-10-01T04:27:37.012910+00:00,LibGen,LibGen.vg,UP,200,2173,,
2026-10-01T04:28:36.236665+00:00,LibGen,LibGen.vg,UP,200,1294,,
2026-10-01T04:29:36.627245+00:00,LibGen,LibGen.vg,UP,200,1970,,
2026-10-01T04:30:36.247649+00:00,LibGen,LibGen.vg,UP,200,768,,
2026-10-01T04:31:38.462565+00:00,LibGen,LibGen.vg,UP,200,2281,,
2026-10-01T04:32:37.621780+00:00,LibGen,LibGen.vg,UP,200,1259,,
2026-10-01T04:33:36.813512+00:00,LibGen,LibGen.vg,UP,200,729,,
2026-10-01T04:34:38.027515+00:00,LibGen,LibGen.vg,UP,200,1319,,
2026-10-01T04:35:40.466112+00:00,LibGen,LibGen.vg,UP,200,1330,,
2026-10-01T04:36:39.601356+00:00,LibGen,LibGen.vg,UP,200,1281,,
2026-10-01T04:37:40.193009+00:00,LibGen,LibGen.vg,UP,200,1323,,
2026-10-01T04:38:39.477435+00:00,LibGen,LibGen.vg,UP,200,744,,
2026-10-01T04:39:43.123483+00:00,LibGen,LibGen.vg,DEGRADED,200,4363,latency_high,
2026-10-01T04:40:42.718194+00:00,LibGen,LibGen.vg,UP,200,1317,,
2026-10-01T04:41:40.964667+00:00,LibGen,LibGen.vg,UP,200,695,,
2026-10-01T04:42:40.895106+00:00,LibGen,LibGen.vg,UP,200,700,,
2026-10-01T04:43:41.325651+00:00,LibGen,LibGen.vg,UP,200,1398,,
2026-10-01T04:44:41.413840+00:00,LibGen,LibGen.vg,UP,200,1309,,
2026-10-01T04:45:43.031720+00:00,LibGen,LibGen.vg,UP,200,1388,,
2026-10-01T04:46:42.159759+00:00,LibGen,LibGen.vg,UP,200,759,,
2026-10-01T04:47:43.215096+00:00,LibGen,LibGen.vg,UP,200,1276,,
2026-10-01T04:48:42.815168+00:00,LibGen,LibGen.vg,UP,200,1243,,
2026-10-01T04:49:43.699637+00:00,LibGen,LibGen.vg,UP,200,1307,,
2026-10-01T04:50:44.358072+00:00,LibGen,LibGen.vg,UP,200,1382,,
2026-10-01T04:51:45.606343+00:00,LibGen,LibGen.vg,UP,200,1276,,
2026-10-01T04:52:44.885882+00:00,LibGen,LibGen.vg,UP,200,1256,,
2026-10-01T04:53:46.470927+00:00,LibGen,LibGen.vg,UP,200,1270,,
2026-10-01T04:54:47.248865+00:00,LibGen,LibGen.vg,UP,200,1885,,
2026-10-01T04:55:45.735967+00:00,LibGen,LibGen.vg,UP,200,1340,,
2026-10-01T04:56:46.560105+00:00,LibGen,LibGen.vg,UP,200,1913,,
2026-10-01T04:57:46.113122+00:00,LibGen,LibGen.vg,UP,200,1365,,
2026-10-01T04:58:47.352996+00:00,LibGen,LibGen.vg,UP,200,2446,,
2026-10-01T04:59:46.417042+00:00,LibGen,LibGen.vg,UP,200,1274,,
2026-10-01T05:00:47.878834+00:00,LibGen,LibGen.vg,UP,200,1928,,
2026-10-01T05:01:47.277122+00:00,LibGen,LibGen.vg,UP,200,1221,,
2026-10-01T05:02:51.008891+00:00,LibGen,LibGen.vg,DEGRADED,200,4687,latency_high,
2026-10-01T05:03:48.875028+00:00,LibGen,LibGen.vg,UP,200,1269,,
2026-10-01T05:04:47.883118+00:00,LibGen,LibGen.vg,UP,200,675,,
2026-10-01T05:05:52.573659+00:00,LibGen,LibGen.vg,UP,200,1260,,
2026-10-01T05:06:49.981510+00:00,LibGen,LibGen.vg,UP,200,1239,,
2026-10-01T05:07:49.608336+00:00,LibGen,LibGen.vg,UP,200,1299,,
2026-10-01T05:08:50.627412+00:00,LibGen,LibGen.vg,UP,200,1917,,
2026-10-01T05:09:51.961548+00:00,LibGen,LibGen.vg,UP,200,1329,,
2026-10-01T05:10:50.721168+00:00,LibGen,LibGen.vg,UP,200,1337,,
2026-10-01T05:11:51.225069+00:00,LibGen,LibGen.vg,UP,200,1232,,
2026-10-01T05:12:52.319186+00:00,LibGen,LibGen.vg,UP,200,1868,,
2026-10-01T05:13:53.035069+00:00,LibGen,LibGen.vg,UP,200,1371,,
2026-10-01T05:14:53.225434+00:00,LibGen,LibGen.vg,UP,200,1267,,
2026-10-01T05:15:52.624305+00:00,LibGen,LibGen.vg,UP,200,1358,,
2026-10-01T05:16:55.004824+00:00,LibGen,LibGen.vg,UP,200,1323,,
2026-10-01T05:17:53.981116+00:00,LibGen,LibGen.vg,UP,200,1931,,
2026-10-01T05:18:55.022329+00:00,LibGen,LibGen.vg,UP,200,1393,,
2026-10-01T05:19:54.222430+00:00,LibGen,LibGen.vg,UP,200,799,,
2026-10-01T05:20:55.366396+00:00,LibGen,LibGen.vg,UP,200,1329,,
2026-10-01T05:21:55.332640+00:00,LibGen,LibGen.vg,UP,200,1279,,
2026-10-01T05:22:55.595929+00:00,LibGen,LibGen.vg,UP,200,1288,,
2026-10-01T05:23:55.865418+00:00,LibGen,LibGen.vg,UP,200,1332,,
2026-10-01T05:24:56.682137+00:00,LibGen,LibGen.vg,UP,200,1387,,
2026-10-01T05:25:57.228781+00:00,LibGen,LibGen.vg,UP,200,1375,,
2026-10-01T05:26:56.979464+00:00,LibGen,LibGen.vg,UP,200,1281,,
2026-10-01T05:27:57.453509+00:00,LibGen,LibGen.vg,UP,200,1266,,
2026-10-01T05:28:57.950121+00:00,LibGen,LibGen.vg,UP,200,1314,,
2026-10-01T05:29:57.527491+00:00,LibGen,LibGen.vg,UP,200,1257,,
2026-10-01T05:30:59.373141+00:00,LibGen,LibGen.vg,UP,200,1358,,
2026-10-01T05:31:59.013573+00:00,LibGen,LibGen.vg,UP,200,1289,,
2026-10-01T05:32:59.223768+00:00,LibGen,LibGen.vg,UP,200,1349,,
2026-10-01T05:33:59.560271+00:00,LibGen,LibGen.vg,UP,200,1405,,
2026-10-01T05:35:01.623268+00:00,LibGen,LibGen.vg,UP,200,1884,,
2026-10-01T05:36:20.495833+00:00,LibGen,LibGen.vg,DOWN,,,connection_refused,
2026-10-01T05:37:01.141908+00:00,LibGen,LibGen.vg,UP,200,1288,,
2026-10-01T05:38:00.392759+00:00,LibGen,LibGen.vg,UP,200,1268,,
2026-10-01T05:39:01.189962+00:00,LibGen,LibGen.vg,UP,200,1419,,
2026-10-01T05:40:01.550056+00:00,LibGen,LibGen.vg,UP,200,1474,,
2026-10-01T05:41:01.493236+00:00,LibGen,LibGen.vg,UP,200,694,,
2026-10-01T05:42:03.298027+00:00,LibGen,LibGen.vg,UP,200,2094,,
2026-10-01T05:43:03.145420+00:00,LibGen,LibGen.vg,UP,200,1268,,
2026-10-01T05:44:04.358201+00:00,LibGen,LibGen.vg,UP,200,1346,,
2026-10-01T05:45:05.212880+00:00,LibGen,LibGen.vg,UP,200,2151,,
2026-10-01T05:46:04.607899+00:00,LibGen,LibGen.vg,UP,200,1407,,
2026-10-01T05:47:05.613323+00:00,LibGen,LibGen.vg,UP,200,1266,,
2026-10-01T05:48:06.570903+00:00,LibGen,LibGen.vg,UP,200,1301,,
2026-10-01T05:49:05.791752+00:00,LibGen,LibGen.vg,UP,200,1286,,
2026-10-01T05:50:07.173374+00:00,LibGen,LibGen.vg,UP,200,1349,,
2026-10-01T05:51:06.966869+00:00,LibGen,LibGen.vg,UP,200,1365,,
2026-10-01T05:52:08.652468+00:00,LibGen,LibGen.vg,UP,200,1541,,
2026-10-01T05:53:10.283010+00:00,LibGen,LibGen.vg,UP,200,1916,,
2026-10-01T05:54:10.403114+00:00,LibGen,LibGen.vg,UP,200,1409,,
2026-10-01T05:55:09.258373+00:00,LibGen,LibGen.vg,UP,200,751,,
2026-10-01T05:56:30.035001+00:00,LibGen,LibGen.vg,DOWN,,,connection_refused,
2026-10-01T05:57:12.824787+00:00,LibGen,LibGen.vg,DEGRADED,200,4391,latency_high,
2026-10-01T05:58:10.344078+00:00,LibGen,LibGen.vg,UP,200,1269,,
2026-10-01T05:59:16.221985+00:00,LibGen,LibGen.vg,UP,200,1988,,
2026-10-01T06:00:11.563246+00:00,LibGen,LibGen.vg,UP,200,1438,,
2026-10-01T06:01:12.509095+00:00,LibGen,LibGen.vg,UP,200,2045,,
2026-10-01T06:02:12.917027+00:00,LibGen,LibGen.vg,UP,200,2015,,
2026-10-01T06:03:12.311888+00:00,LibGen,LibGen.vg,UP,200,1353,,
2026-10-01T06:04:13.426385+00:00,LibGen,LibGen.vg,UP,200,1322,,
2026-10-01T06:05:13.890543+00:00,LibGen,LibGen.vg,UP,200,1268,,
2026-10-01T06:06:17.961385+00:00,LibGen,LibGen.vg,UP,200,1419,,
2026-10-01T06:07:15.296002+00:00,LibGen,LibGen.vg,UP,200,1292,,
2026-10-01T06:08:17.272570+00:00,LibGen,LibGen.vg,UP,200,2035,,
2026-10-01T06:09:15.589223+00:00,LibGen,LibGen.vg,UP,200,1329,,
2026-10-01T06:10:15.896702+00:00,LibGen,LibGen.vg,UP,200,1319,,
2026-10-01T06:11:17.555774+00:00,LibGen,LibGen.vg,UP,200,1505,,
2026-10-01T06:12:17.541323+00:00,LibGen,LibGen.vg,UP,200,1384,,
2026-10-01T06:13:18.660174+00:00,LibGen,LibGen.vg,UP,200,2029,,
2026-10-01T06:14:17.204082+00:00,LibGen,LibGen.vg,UP,200,1318,,
2026-10-01T06:15:17.436895+00:00,LibGen,LibGen.vg,UP,200,1284,,
2026-10-01T06:16:20.783917+00:00,LibGen,LibGen.vg,DEGRADED,200,4329,latency_high,
2026-10-01T06:17:18.875675+00:00,LibGen,LibGen.vg,UP,200,1290,,
2026-10-01T06:18:20.184733+00:00,LibGen,LibGen.vg,UP,200,1566,,
2026-10-01T06:19:20.880016+00:00,LibGen,LibGen.vg,UP,200,2197,,
2026-10-01T06:20:19.698086+00:00,LibGen,LibGen.vg,UP,200,1440,,
2026-10-01T06:21:20.491140+00:00,LibGen,LibGen.vg,UP,200,1283,,
2026-10-01T06:22:20.979310+00:00,LibGen,LibGen.vg,UP,200,1964,,
2026-10-01T06:23:21.322811+00:00,LibGen,LibGen.vg,UP,200,1305,,
2026-10-01T06:24:22.868405+00:00,LibGen,LibGen.vg,UP,200,1326,,
2026-10-01T06:25:24.765491+00:00,LibGen,LibGen.vg,UP,200,1362,,
2026-10-01T06:26:21.928802+00:00,LibGen,LibGen.vg,UP,200,1302,,
2026-10-01T06:27:22.764402+00:00,LibGen,LibGen.vg,UP,200,1338,,
2026-10-01T06:28:40.917538+00:00,LibGen,LibGen.vg,DEGRADED,200,19966,latency_high,
2026-10-01T06:29:22.952793+00:00,LibGen,LibGen.vg,UP,200,1405,,
2026-10-01T06:30:23.319765+00:00,LibGen,LibGen.vg,UP,200,1421,,
2026-10-01T06:31:23.593401+00:00,LibGen,LibGen.vg,UP,200,1280,,
2026-10-01T06:32:24.464195+00:00,LibGen,LibGen.vg,UP,200,781,,
2026-10-01T06:33:29.731789+00:00,LibGen,LibGen.vg,UP,200,1387,,
2026-10-01T06:34:24.834518+00:00,LibGen,LibGen.vg,UP,200,1327,,
2026-10-01T06:35:25.349164+00:00,LibGen,LibGen.vg,UP,200,1342,,
2026-10-01T06:36:27.934649+00:00,LibGen,LibGen.vg,UP,200,1969,,
2026-10-01T06:37:26.014578+00:00,LibGen,LibGen.vg,UP,200,1316,,
2026-10-01T06:38:27.605687+00:00,LibGen,LibGen.vg,UP,200,1263,,
2026-10-01T06:39:28.669839+00:00,LibGen,LibGen.vg,UP,200,1272,,
2026-10-01T06:40:27.872334+00:00,LibGen,LibGen.vg,UP,200,1386,,
2026-10-01T06:41:29.455857+00:00,LibGen,LibGen.vg,UP,200,1332,,
2026-10-01T06:42:29.689800+00:00,LibGen,LibGen.vg,UP,200,757,,
2026-10-01T06:43:30.591498+00:00,LibGen,LibGen.vg,UP,200,1383,,
2026-10-01T06:44:39.301540+00:00,LibGen,LibGen.vg,UP,200,1353,,
2026-10-01T06:45:33.160465+00:00,LibGen,LibGen.vg,UP,200,1985,,
2026-10-01T06:46:33.032386+00:00,LibGen,LibGen.vg,UP,200,1290,,
2026-10-01T06:47:33.762156+00:00,LibGen,LibGen.vg,UP,200,776,,
2026-10-01T06:48:33.829220+00:00,LibGen,LibGen.vg,UP,200,1276,,
2026-10-01T06:49:35.494889+00:00,LibGen,LibGen.vg,UP,200,1388,,
2026-10-01T06:50:35.351250+00:00,LibGen,LibGen.vg,UP,200,1398,,
2026-10-01T06:51:35.407113+00:00,LibGen,LibGen.vg,UP,200,1421,,
2026-10-01T06:52:54.948881+00:00,LibGen,LibGen.vg,DOWN,,,connection_refused,
2026-10-01T06:53:36.666848+00:00,LibGen,LibGen.vg,UP,200,1369,,
2026-10-01T06:54:36.947636+00:00,LibGen,LibGen.vg,UP,200,1366,,
2026-10-01T06:55:37.762765+00:00,LibGen,LibGen.vg,UP,200,1322,,
2026-10-01T06:56:39.913982+00:00,LibGen,LibGen.vg,UP,200,2055,,
2026-10-01T06:57:40.399745+00:00,LibGen,LibGen.vg,UP,200,1331,,
2026-10-01T06:58:41.345508+00:00,LibGen,LibGen.vg,UP,200,1385,,
2026-10-01T06:59:42.834299+00:00,LibGen,LibGen.vg,UP,200,2265,,
2026-10-01T07:00:41.326270+00:00,LibGen,LibGen.vg,UP,200,1348,,
2026-10-01T07:01:41.850112+00:00,LibGen,LibGen.vg,UP,200,1309,,
2026-10-01T07:02:42.490218+00:00,LibGen,LibGen.vg,UP,200,1317,,
2026-10-01T07:03:44.494226+00:00,LibGen,LibGen.vg,UP,200,694,,
2026-10-01T07:04:47.273467+00:00,LibGen,LibGen.vg,UP,200,1312,,
2026-10-01T07:05:45.579718+00:00,LibGen,LibGen.vg,UP,200,1303,,
2026-10-01T07:06:45.089825+00:00,LibGen,LibGen.vg,UP,200,721,,
2026-10-01T07:07:46.488863+00:00,LibGen,LibGen.vg,UP,200,1292,,
2026-10-01T07:08:52.980675+00:00,LibGen,LibGen.vg,DEGRADED,200,7445,latency_high,
2026-10-01T07:09:49.082508+00:00,LibGen,LibGen.vg,UP,200,1278,,
2026-10-01T07:10:48.204584+00:00,LibGen,LibGen.vg,UP,200,1522,,
2026-10-01T07:11:48.842727+00:00,LibGen,LibGen.vg,UP,200,1292,,
2026-10-01T07:12:50.444182+00:00,LibGen,LibGen.vg,UP,200,1304,,
2026-10-01T07:13:50.565429+00:00,LibGen,LibGen.vg,UP,200,1291,,
2026-10-01T07:14:51.638407+00:00,LibGen,LibGen.vg,UP,200,1437,,
2026-10-01T07:15:52.481806+00:00,LibGen,LibGen.vg,UP,200,1271,,
2026-10-01T07:16:52.960014+00:00,LibGen,LibGen.vg,UP,200,1613,,
2026-10-01T07:17:54.424818+00:00,LibGen,LibGen.vg,UP,200,1270,,
2026-10-01T07:18:54.916036+00:00,LibGen,LibGen.vg,UP,200,1305,,
2026-10-01T07:19:56.789407+00:00,LibGen,LibGen.vg,UP,200,2042,,
2026-10-01T07:20:56.139464+00:00,LibGen,LibGen.vg,UP,200,1320,,
2026-10-01T07:21:57.562674+00:00,LibGen,LibGen.vg,UP,200,1256,,
2026-10-01T07:22:58.671434+00:00,LibGen,LibGen.vg,UP,200,1284,,
2026-10-01T07:24:00.514518+00:00,LibGen,LibGen.vg,UP,200,1277,,
2026-10-01T07:24:59.099474+00:00,LibGen,LibGen.vg,UP,200,714,,
2026-10-01T07:25:59.784021+00:00,LibGen,LibGen.vg,UP,200,1347,,
2026-10-01T07:27:01.111616+00:00,LibGen,LibGen.vg,UP,200,1370,,
2026-10-01T07:28:00.291790+00:00,LibGen,LibGen.vg,UP,200,1237,,
2026-10-01T07:29:01.252642+00:00,LibGen,LibGen.vg,UP,200,1259,,
2026-10-01T07:30:03.536686+00:00,LibGen,LibGen.vg,UP,200,1278,,
2026-10-01T07:31:04.676509+00:00,LibGen,LibGen.vg,UP,200,2154,,
2026-10-01T07:32:03.485865+00:00,LibGen,LibGen.vg,UP,200,1471,,
2026-10-01T07:33:06.141889+00:00,LibGen,LibGen.vg,UP,200,1321,,
2026-10-01T07:34:04.714250+00:00,LibGen,LibGen.vg,UP,200,1326,,
2026-10-01T07:35:05.696827+00:00,LibGen,LibGen.vg,UP,200,1303,,
2026-10-01T07:36:05.641944+00:00,LibGen,LibGen.vg,UP,200,1365,,
2026-10-01T07:37:06.411601+00:00,LibGen,LibGen.vg,UP,200,1295,,
2026-10-01T07:38:09.361814+00:00,LibGen,LibGen.vg,DEGRADED,200,3153,latency_high,
2026-10-01T07:39:08.286990+00:00,LibGen,LibGen.vg,UP,200,1393,,
2026-10-01T07:40:10.413102+00:00,LibGen,LibGen.vg,UP,200,1351,,
2026-10-01T07:41:11.708200+00:00,LibGen,LibGen.vg,UP,200,1322,,
2026-10-01T07:42:11.469093+00:00,LibGen,LibGen.vg,UP,200,1293,,
2026-10-01T07:43:12.540883+00:00,LibGen,LibGen.vg,UP,200,1291,,
2026-10-01T07:44:12.664955+00:00,LibGen,LibGen.vg,UP,200,1302,,
2026-10-01T07:45:14.796778+00:00,LibGen,LibGen.vg,UP,200,1400,,
2026-10-01T07:46:15.639335+00:00,LibGen,LibGen.vg,UP,200,1274,,
2026-10-01T07:47:13.895574+00:00,LibGen,LibGen.vg,UP,200,714,,
2026-10-01T07:48:16.237599+00:00,LibGen,LibGen.vg,UP,200,1303,,
2026-10-01T07:49:34.802742+00:00,LibGen,LibGen.vg,TIMEOUT,,,timeout,
2026-10-01T07:50:31.892782+00:00,LibGen,LibGen.vg,DOWN,500,16757,http_error,
2026-10-01T07:51:27.640522+00:00,LibGen,LibGen.vg,DEGRADED,200,11480,latency_high,
2026-10-01T07:52:18.363260+00:00,LibGen,LibGen.vg,UP,200,1768,,
2026-10-01T07:53:19.652015+00:00,LibGen,LibGen.vg,UP,200,1351,,
2026-10-01T07:54:20.983786+00:00,LibGen,LibGen.vg,UP,200,1419,,
2026-10-01T07:55:24.354563+00:00,LibGen,LibGen.vg,DEGRADED,200,3596,latency_high,
2026-10-01T07:56:40.236544+00:00,LibGen,LibGen.vg,TIMEOUT,,,timeout,
2026-10-01T07:57:22.437122+00:00,LibGen,LibGen.vg,UP,200,1433,,
2026-10-01T07:58:25.418513+00:00,LibGen,LibGen.vg,UP,200,1961,,
2026-10-01T07:59:24.029748+00:00,LibGen,LibGen.vg,UP,200,1340,,
2026-10-01T08:00:25.367588+00:00,LibGen,LibGen.vg,UP,200,1304,,
2026-10-01T08:01:32.615908+00:00,LibGen,LibGen.vg,UP,200,1282,,
2026-10-01T08:02:26.007587+00:00,LibGen,LibGen.vg,UP,200,1427,,
2026-10-01T08:03:27.516394+00:00,LibGen,LibGen.vg,UP,200,1869,,
2026-10-01T08:04:27.156355+00:00,LibGen,LibGen.vg,UP,200,1273,,
2026-10-01T08:05:28.265481+00:00,LibGen,LibGen.vg,UP,200,1392,,
2026-10-01T08:06:28.202417+00:00,LibGen,LibGen.vg,UP,200,684,,
2026-10-01T08:07:28.520392+00:00,LibGen,LibGen.vg,UP,200,1556,,
2026-10-01T08:08:29.412294+00:00,LibGen,LibGen.vg,UP,200,1248,,
2026-10-01T08:09:47.774688+00:00,LibGen,LibGen.vg,TIMEOUT,,,timeout,
2026-10-01T08:10:48.871689+00:00,LibGen,LibGen.vg,TIMEOUT,,,timeout,
2026-10-01T08:11:49.065644+00:00,LibGen,LibGen.vg,TIMEOUT,,,timeout,
2026-10-01T08:12:48.915852+00:00,LibGen,LibGen.vg,TIMEOUT,,,timeout,
2026-10-01T08:13:50.049782+00:00,LibGen,LibGen.vg,TIMEOUT,,,timeout,
2026-10-01T08:14:32.057148+00:00,LibGen,LibGen.vg,UP,200,1486,,
2026-10-01T08:15:36.130852+00:00,LibGen,LibGen.vg,DEGRADED,200,5055,latency_high,
2026-10-01T08:16:33.472467+00:00,LibGen,LibGen.vg,UP,200,1353,,
2026-10-01T08:17:33.948198+00:00,LibGen,LibGen.vg,UP,200,1215,,
2026-10-01T08:18:34.426748+00:00,LibGen,LibGen.vg,UP,200,1261,,
2026-10-01T08:19:35.281784+00:00,LibGen,LibGen.vg,UP,200,1236,,
2026-10-01T08:20:42.819945+00:00,LibGen,LibGen.vg,DEGRADED,200,7325,latency_high,
2026-10-01T08:21:37.194404+00:00,LibGen,LibGen.vg,UP,200,1313,,
2026-10-01T08:22:37.554089+00:00,LibGen,LibGen.vg,UP,200,1246,,
2026-10-01T08:23:38.719587+00:00,LibGen,LibGen.vg,UP,200,702,,
2026-10-01T08:24:40.389450+00:00,LibGen,LibGen.vg,UP,200,1381,,
2026-10-01T08:25:39.841450+00:00,LibGen,LibGen.vg,UP,200,1367,,
2026-10-01T08:26:43.669942+00:00,LibGen,LibGen.vg,DEGRADED,200,3253,latency_high,
2026-10-01T08:27:41.580127+00:00,LibGen,LibGen.vg,UP,200,1284,,
2026-10-01T08:28:42.699498+00:00,LibGen,LibGen.vg,UP,200,1291,,
2026-10-01T08:29:44.942256+00:00,LibGen,LibGen.vg,UP,200,1355,,
2026-10-01T08:30:45.287858+00:00,LibGen,LibGen.vg,UP,200,1371,,
2026-10-01T08:31:48.897308+00:00,LibGen,LibGen.vg,UP,200,1235,,
2026-10-01T08:32:48.428381+00:00,LibGen,LibGen.vg,UP,200,715,,
2026-10-01T08:33:45.680995+00:00,LibGen,LibGen.vg,UP,200,1671,,
2026-10-01T08:34:49.743106+00:00,LibGen,LibGen.vg,UP,200,1299,,
2026-10-01T08:36:06.984514+00:00,LibGen,LibGen.vg,DOWN,,,connection_refused,
2026-10-01T08:36:48.940089+00:00,LibGen,LibGen.vg,UP,200,1261,,
2026-10-01T08:37:50.203432+00:00,LibGen,LibGen.vg,UP,200,1323,,
2026-10-01T08:38:50.119036+00:00,LibGen,LibGen.vg,UP,200,1333,,
2026-10-01T08:39:49.574771+00:00,LibGen,LibGen.vg,UP,200,1319,,
2026-10-01T08:40:52.715043+00:00,LibGen,LibGen.vg,UP,200,1347,,
2026-10-01T08:41:51.441493+00:00,LibGen,LibGen.vg,UP,200,1298,,
2026-10-01T08:42:51.007950+00:00,LibGen,LibGen.vg,UP,200,745,,
2026-10-01T08:43:56.036482+00:00,LibGen,LibGen.vg,UP,200,1312,,
2026-10-01T08:44:53.447033+00:00,LibGen,LibGen.vg,UP,200,1401,,
2026-10-01T08:45:54.490754+00:00,LibGen,LibGen.vg,UP,200,1370,,
2026-10-01T08:46:53.955469+00:00,LibGen,LibGen.vg,UP,200,1365,,
2026-10-01T08:47:54.388760+00:00,LibGen,LibGen.vg,UP,200,1267,,
2026-10-01T08:48:56.705776+00:00,LibGen,LibGen.vg,DEGRADED,200,3347,latency_high,
2026-10-01T08:49:57.196653+00:00,LibGen,LibGen.vg,UP,200,1262,,
2026-10-01T08:50:55.622578+00:00,LibGen,LibGen.vg,UP,200,1390,,
2026-10-01T08:51:57.330706+00:00,LibGen,LibGen.vg,UP,200,1390,,
2026-10-01T08:52:57.359586+00:00,LibGen,LibGen.vg,UP,200,1318,,
2026-10-01T08:54:00.174077+00:00,LibGen,LibGen.vg,UP,200,1254,,
2026-10-01T08:55:06.081049+00:00,LibGen,LibGen.vg,DEGRADED,200,5798,latency_high,
2026-10-01T08:56:00.043066+00:00,LibGen,LibGen.vg,UP,200,1308,,
2026-10-01T08:57:00.374848+00:00,LibGen,LibGen.vg,UP,200,1335,,
2026-10-01T08:58:20.952562+00:00,LibGen,LibGen.vg,DOWN,,,connection_refused,
2026-10-01T08:59:04.705036+00:00,LibGen,LibGen.vg,UP,200,1378,,
2026-10-01T09:00:04.464934+00:00,LibGen,LibGen.vg,UP,200,2047,,
2026-10-01T09:01:05.504129+00:00,LibGen,LibGen.vg,UP,200,1556,,
2026-10-01T09:02:04.303316+00:00,LibGen,LibGen.vg,UP,200,1360,,
2026-10-01T09:03:04.489916+00:00,LibGen,LibGen.vg,UP,200,1461,,
2026-10-01T09:04:06.786911+00:00,LibGen,LibGen.vg,DEGRADED,200,3185,latency_high,
2026-10-01T09:05:06.890997+00:00,LibGen,LibGen.vg,UP,200,1606,,
2026-10-01T09:06:07.827352+00:00,LibGen,LibGen.vg,UP,200,1272,,
2026-10-01T09:07:07.000167+00:00,LibGen,LibGen.vg,UP,200,1292,,
2026-10-01T09:08:08.845660+00:00,LibGen,LibGen.vg,UP,200,2201,,
2026-10-01T09:09:08.914479+00:00,LibGen,LibGen.vg,UP,200,1332,,
2026-10-01T09:10:07.157873+00:00,LibGen,LibGen.vg,UP,200,708,,
2026-10-01T09:11:08.438711+00:00,LibGen,LibGen.vg,UP,200,1373,,
2026-10-01T09:12:07.870699+00:00,LibGen,LibGen.vg,UP,200,785,,
2026-10-01T09:13:09.571427+00:00,LibGen,LibGen.vg,UP,200,1958,,
2026-10-01T09:14:09.658646+00:00,LibGen,LibGen.vg,UP,200,1288,,
2026-10-01T09:15:13.734400+00:00,LibGen,LibGen.vg,DEGRADED,200,5845,latency_high,
2026-10-01T09:16:29.191197+00:00,LibGen,LibGen.vg,DOWN,,,connection_refused,
2026-10-01T09:17:11.796719+00:00,LibGen,LibGen.vg,UP,200,1378,,
2026-10-01T09:18:11.185182+00:00,LibGen,LibGen.vg,UP,200,725,,
2026-10-01T09:19:12.080571+00:00,LibGen,LibGen.vg,UP,200,1277,,
2026-10-01T09:20:13.048896+00:00,LibGen,LibGen.vg,UP,200,1334,,
2026-10-01T09:21:13.559354+00:00,LibGen,LibGen.vg,UP,200,1323,,
2026-10-01T09:22:15.038891+00:00,LibGen,LibGen.vg,UP,200,2778,,
2026-10-01T09:23:14.322905+00:00,LibGen,LibGen.vg,UP,200,2047,,
2026-10-01T09:24:14.784413+00:00,LibGen,LibGen.vg,UP,200,1394,,
2026-10-01T09:25:14.336999+00:00,LibGen,LibGen.vg,UP,200,1345,,
2026-10-01T09:26:14.514881+00:00,LibGen,LibGen.vg,UP,200,1455,,
2026-10-01T09:27:15.154887+00:00,LibGen,LibGen.vg,UP,200,1591,,
2026-10-01T09:28:18.964504+00:00,LibGen,LibGen.vg,DEGRADED,200,5109,latency_high,
2026-10-01T09:29:16.663306+00:00,LibGen,LibGen.vg,UP,200,1296,,
2026-10-01T09:30:19.295536+00:00,LibGen,LibGen.vg,UP,200,1433,,
2026-10-01T09:31:17.103664+00:00,LibGen,LibGen.vg,UP,200,1350,,
2026-10-01T09:32:17.800598+00:00,LibGen,LibGen.vg,UP,200,1269,,
2026-10-01T09:33:18.045363+00:00,LibGen,LibGen.vg,UP,200,1240,,
2026-10-01T09:34:19.127445+00:00,LibGen,LibGen.vg,UP,200,1380,,
2026-10-01T09:35:46.882830+00:00,LibGen,LibGen.vg,DOWN,,,connection_refused,
2026-10-01T09:36:21.016197+00:00,LibGen,LibGen.vg,UP,200,1331,,
2026-10-01T09:37:24.980821+00:00,LibGen,LibGen.vg,DEGRADED,200,5697,latency_high,
2026-10-01T09:38:22.325598+00:00,LibGen,LibGen.vg,UP,200,1382,,
2026-10-01T09:39:23.104518+00:00,LibGen,LibGen.vg,UP,200,1265,,
2026-10-01T09:40:23.526427+00:00,LibGen,LibGen.vg,UP,200,1365,,
2026-10-01T09:41:25.221929+00:00,LibGen,LibGen.vg,UP,200,2161,,
2026-10-01T09:42:24.011057+00:00,LibGen,LibGen.vg,UP,200,1256,,
2026-10-01T09:43:24.099584+00:00,LibGen,LibGen.vg,UP,200,1330,,
2026-10-01T09:44:24.557093+00:00,LibGen,LibGen.vg,UP,200,1365,,
2026-10-01T09:45:25.334626+00:00,LibGen,LibGen.vg,UP,200,1501,,
2026-10-01T09:46:25.384849+00:00,LibGen,LibGen.vg,UP,200,1288,,
2026-10-01T09:47:24.888088+00:00,LibGen,LibGen.vg,UP,200,1564,,
2026-10-01T09:48:26.125428+00:00,LibGen,LibGen.vg,UP,200,1743,,
2026-10-01T09:49:29.694875+00:00,LibGen,LibGen.vg,DEGRADED,200,4500,latency_high,
2026-10-01T09:50:26.280758+00:00,LibGen,LibGen.vg,UP,200,2076,,
2026-10-01T09:51:26.081787+00:00,LibGen,LibGen.vg,UP,200,1414,,
2026-10-01T09:52:25.817525+00:00,LibGen,LibGen.vg,UP,200,1294,,
2026-10-01T09:53:26.759027+00:00,LibGen,LibGen.vg,UP,200,2035,,
2026-10-01T09:54:26.125235+00:00,LibGen,LibGen.vg,UP,200,715,,
2026-10-01T09:55:26.854477+00:00,LibGen,LibGen.vg,UP,200,1417,,
2026-10-01T09:56:27.232476+00:00,LibGen,LibGen.vg,UP,200,1270,,
2026-10-01T09:57:27.625552+00:00,LibGen,LibGen.vg,UP,200,1478,,
2026-10-01T09:58:29.663593+00:00,LibGen,LibGen.vg,UP,200,1294,,
2026-10-01T09:59:29.314620+00:00,LibGen,LibGen.vg,UP,200,1954,,
2026-10-01T10:00:29.627741+00:00,LibGen,LibGen.vg,UP,200,1350,,
2026-10-01T10:01:29.772527+00:00,LibGen,LibGen.vg,UP,200,1571,,
2026-10-01T10:02:30.245012+00:00,LibGen,LibGen.vg,UP,200,1338,,
2026-10-01T10:03:32.151054+00:00,LibGen,LibGen.vg,UP,200,1298,,
2026-10-01T10:04:30.777781+00:00,LibGen,LibGen.vg,UP,200,1282,,
2026-10-01T10:05:32.143848+00:00,LibGen,LibGen.vg,UP,200,1913,,
2026-10-01T10:06:32.714717+00:00,LibGen,LibGen.vg,UP,200,1469,,
2026-10-01T10:07:32.758956+00:00,LibGen,LibGen.vg,UP,200,2101,,
2026-10-01T10:08:33.677116+00:00,LibGen,LibGen.vg,UP,200,1411,,
2026-10-01T10:09:33.346371+00:00,LibGen,LibGen.vg,UP,200,1324,,
2026-10-01T10:10:34.458768+00:00,LibGen,LibGen.vg,UP,200,2051,,
2026-10-01T10:11:35.019130+00:00,LibGen,LibGen.vg,UP,200,1259,,
2026-10-01T10:12:35.326994+00:00,LibGen,LibGen.vg,UP,200,1338,,
2026-10-01T10:13:35.576329+00:00,LibGen,LibGen.vg,UP,200,1342,,
2026-10-01T10:14:36.542091+00:00,LibGen,LibGen.vg,UP,200,1263,,
2026-10-01T10:15:35.443103+00:00,LibGen,LibGen.vg,UP,200,714,,
2026-10-01T10:16:36.446160+00:00,LibGen,LibGen.vg,UP,200,1705,,
2026-10-01T10:17:35.831017+00:00,LibGen,LibGen.vg,UP,200,694,,
2026-10-01T10:18:37.832088+00:00,LibGen,LibGen.vg,UP,200,2008,,
2026-10-01T10:19:37.966772+00:00,LibGen,LibGen.vg,UP,200,803,,
2026-10-01T10:20:37.877461+00:00,LibGen,LibGen.vg,UP,200,1244,,
2026-10-01T10:21:40.021365+00:00,LibGen,LibGen.vg,UP,200,1379,,
2026-10-01T10:22:57.884489+00:00,LibGen,LibGen.vg,DOWN,,,connection_refused,
2026-10-01T10:23:39.904555+00:00,LibGen,LibGen.vg,UP,200,1385,,
2026-10-01T10:24:39.809803+00:00,LibGen,LibGen.vg,UP,200,1266,,
2026-10-01T10:25:40.146651+00:00,LibGen,LibGen.vg,UP,200,1336,,
2026-10-01T10:26:40.440622+00:00,LibGen,LibGen.vg,UP,200,1418,,
2026-10-01T10:27:42.208848+00:00,LibGen,LibGen.vg,UP,200,1323,,
2026-10-01T10:28:41.897507+00:00,LibGen,LibGen.vg,UP,200,1415,,
2026-10-01T10:29:42.756690+00:00,LibGen,LibGen.vg,UP,200,1307,,
2026-10-01T10:31:01.092688+00:00,LibGen,LibGen.vg,TIMEOUT,,,timeout,
2026-10-01T10:31:44.799317+00:00,LibGen,LibGen.vg,UP,200,2841,,
2026-10-01T10:32:43.197178+00:00,LibGen,LibGen.vg,UP,200,1366,,
2026-10-01T10:33:43.303762+00:00,LibGen,LibGen.vg,UP,200,746,,
2026-10-01T10:34:43.872377+00:00,LibGen,LibGen.vg,UP,200,1282,,
2026-10-01T10:35:44.350485+00:00,LibGen,LibGen.vg,UP,200,2209,,
2026-10-01T10:36:43.553620+00:00,LibGen,LibGen.vg,UP,200,1333,,
2026-10-01T10:37:44.161895+00:00,LibGen,LibGen.vg,UP,200,1460,,
2026-10-01T10:38:43.889770+00:00,LibGen,LibGen.vg,UP,200,706,,
2026-10-01T10:39:44.038950+00:00,LibGen,LibGen.vg,UP,200,713,,
2026-10-01T10:40:44.641390+00:00,LibGen,LibGen.vg,UP,200,1245,,
2026-10-01T10:41:45.397762+00:00,LibGen,LibGen.vg,DOWN,500,1880,http_error,
2026-10-01T10:42:46.235550+00:00,LibGen,LibGen.vg,UP,200,1400,,
2026-10-01T10:43:46.834683+00:00,LibGen,LibGen.vg,UP,200,1415,,
2026-10-01T10:45:06.349646+00:00,LibGen,LibGen.vg,DOWN,,,connection_refused,
2026-10-01T10:45:46.657332+00:00,LibGen,LibGen.vg,UP,200,1246,,
2026-10-01T10:46:49.783380+00:00,LibGen,LibGen.vg,DEGRADED,200,4295,latency_high,
2026-10-01T10:47:46.860065+00:00,LibGen,LibGen.vg,UP,200,1309,,
2026-10-01T10:48:48.074776+00:00,LibGen,LibGen.vg,UP,200,1587,,
2026-10-01T10:49:47.906589+00:00,LibGen,LibGen.vg,UP,200,1398,,
2026-10-01T10:50:48.601118+00:00,LibGen,LibGen.vg,UP,200,1537,,
2026-10-01T10:51:50.279357+00:00,LibGen,LibGen.vg,UP,200,1548,,
2026-10-01T10:52:49.999659+00:00,LibGen,LibGen.vg,UP,200,1614,,
2026-10-01T10:53:49.856914+00:00,LibGen,LibGen.vg,UP,200,2007,,
2026-10-01T10:54:49.498704+00:00,LibGen,LibGen.vg,UP,200,1384,,
2026-10-01T10:55:54.250657+00:00,LibGen,LibGen.vg,DEGRADED,200,5607,latency_high,
2026-10-01T10:56:49.993377+00:00,LibGen,LibGen.vg,UP,200,1353,,
2026-10-01T10:57:50.669022+00:00,LibGen,LibGen.vg,UP,200,1369,,
2026-10-01T10:59:09.146774+00:00,LibGen,LibGen.vg,TIMEOUT,,,timeout,
2026-10-01T10:59:51.603418+00:00,LibGen,LibGen.vg,UP,200,1411,,
2026-10-01T11:00:51.627775+00:00,LibGen,LibGen.vg,UP,200,2066,,
2026-10-01T11:01:50.831273+00:00,LibGen,LibGen.vg,UP,200,1411,,
2026-10-01T11:02:52.371997+00:00,LibGen,LibGen.vg,UP,200,1273,,
2026-10-01T11:03:52.776888+00:00,LibGen,LibGen.vg,UP,200,1396,,
2026-10-01T11:04:54.307211+00:00,LibGen,LibGen.vg,UP,200,2001,,
2026-10-01T11:05:54.363968+00:00,LibGen,LibGen.vg,UP,200,1324,,
2026-10-01T11:06:55.083060+00:00,LibGen,LibGen.vg,UP,200,1307,,
2026-10-01T11:07:54.468537+00:00,LibGen,LibGen.vg,UP,200,682,,
2026-10-01T11:08:58.441425+00:00,LibGen,LibGen.vg,DEGRADED,200,4371,latency_high,
2026-10-01T11:09:53.908795+00:00,LibGen,LibGen.vg,UP,200,717,,
2026-10-01T11:10:55.223428+00:00,LibGen,LibGen.vg,UP,200,1464,,
2026-10-01T11:11:56.634907+00:00,LibGen,LibGen.vg,UP,200,1338,,
2026-10-01T11:12:55.948592+00:00,LibGen,LibGen.vg,UP,200,1264,,
2026-10-01T11:13:56.827860+00:00,LibGen,LibGen.vg,UP,200,1612,,
2026-10-01T11:14:59.657100+00:00,LibGen,LibGen.vg,DEGRADED,200,4928,latency_high,
2026-10-01T11:15:56.368197+00:00,LibGen,LibGen.vg,UP,200,1408,,
2026-10-01T11:16:56.937830+00:00,LibGen,LibGen.vg,UP,200,1397,,
2026-10-01T11:17:57.754509+00:00,LibGen,LibGen.vg,UP,200,1410,,
2026-10-01T11:19:13.762066+00:00,LibGen,LibGen.vg,DOWN,500,18250,http_error,
2026-10-01T11:19:57.372487+00:00,LibGen,LibGen.vg,UP,200,1351,,
2026-10-01T11:20:58.672248+00:00,LibGen,LibGen.vg,UP,200,2036,,
2026-10-01T11:21:59.268447+00:00,LibGen,LibGen.vg,UP,200,1935,,
2026-10-01T11:23:01.057762+00:00,LibGen,LibGen.vg,DEGRADED,200,3659,latency_high,
2026-10-01T11:23:58.926401+00:00,LibGen,LibGen.vg,UP,200,1436,,
2026-10-01T11:24:59.452630+00:00,LibGen,LibGen.vg,UP,200,1265,,
2026-10-01T11:25:59.756175+00:00,LibGen,LibGen.vg,UP,200,1360,,
2026-10-01T11:27:00.187967+00:00,LibGen,LibGen.vg,UP,200,1331,,
2026-10-01T11:28:07.165752+00:00,LibGen,LibGen.vg,DEGRADED,200,7519,latency_high,
2026-10-01T11:29:00.866948+00:00,LibGen,LibGen.vg,UP,200,1365,,
2026-10-01T11:30:01.243031+00:00,LibGen,LibGen.vg,UP,200,1522,,
2026-10-01T11:31:01.145615+00:00,LibGen,LibGen.vg,UP,200,1353,,
2026-10-01T11:32:01.155657+00:00,LibGen,LibGen.vg,UP,200,1325,,
2026-10-01T11:33:01.933086+00:00,LibGen,LibGen.vg,UP,200,1643,,
2026-10-01T11:34:01.912089+00:00,LibGen,LibGen.vg,UP,200,1292,,
2026-10-01T11:35:02.436256+00:00,LibGen,LibGen.vg,UP,200,1606,,
2026-10-01T11:36:07.279077+00:00,LibGen,LibGen.vg,DEGRADED,200,5746,latency_high,
2026-10-01T11:37:03.333330+00:00,LibGen,LibGen.vg,UP,200,1401,,
2026-10-01T11:38:05.409538+00:00,LibGen,LibGen.vg,UP,200,1580,,
2026-10-01T11:39:04.844105+00:00,LibGen,LibGen.vg,UP,200,1795,,
2026-10-01T11:40:06.531953+00:00,LibGen,LibGen.vg,UP,200,1760,,
2026-10-01T11:41:04.068664+00:00,LibGen,LibGen.vg,UP,200,694,,
2026-10-01T11:42:05.317769+00:00,LibGen,LibGen.vg,UP,200,1348,,
2026-10-01T11:43:04.825116+00:00,LibGen,LibGen.vg,UP,200,742,,
2026-10-01T11:44:05.598723+00:00,LibGen,LibGen.vg,UP,200,1329,,
2026-10-01T11:45:05.777593+00:00,LibGen,LibGen.vg,UP,200,1462,,
2026-10-01T11:46:06.589865+00:00,LibGen,LibGen.vg,UP,200,1330,,
2026-10-01T11:47:06.572477+00:00,LibGen,LibGen.vg,UP,200,1395,,
2026-10-01T11:48:06.914001+00:00,LibGen,LibGen.vg,UP,200,1468,,
2026-10-01T11:49:07.140482+00:00,LibGen,LibGen.vg,UP,200,1534,,
2026-10-01T11:50:07.240077+00:00,LibGen,LibGen.vg,UP,200,1518,,
2026-10-01T11:51:08.321432+00:00,LibGen,LibGen.vg,UP,200,1381,,
2026-10-01T11:52:27.056683+00:00,LibGen,LibGen.vg,DOWN,,,connection_refused,
2026-10-01T11:53:09.821936+00:00,LibGen,LibGen.vg,UP,200,1533,,
2026-10-01T11:54:08.055987+00:00,LibGen,LibGen.vg,UP,200,1381,,
2026-10-01T11:55:10.112827+00:00,LibGen,LibGen.vg,UP,200,2173,,
2026-10-01T11:56:10.683735+00:00,LibGen,LibGen.vg,UP,200,1421,,
2026-10-01T11:57:09.126082+00:00,LibGen,LibGen.vg,UP,200,1367,,
2026-10-01T11:58:09.655994+00:00,LibGen,LibGen.vg,UP,200,1368,,
2026-10-01T11:59:09.933554+00:00,LibGen,LibGen.vg,UP,200,1284,,
2026-10-01T12:00:09.764116+00:00,LibGen,LibGen.vg,UP,200,791,,
2026-10-01T12:01:15.510936+00:00,LibGen,LibGen.vg,UP,200,1477,,
2026-10-01T12:02:11.262489+00:00,LibGen,LibGen.vg,UP,200,775,,
2026-10-01T12:03:13.669602+00:00,LibGen,LibGen.vg,UP,200,1502,,
2026-10-01T12:04:15.165436+00:00,LibGen,LibGen.vg,UP,200,736,,
2026-10-01T12:05:11.965246+00:00,LibGen,LibGen.vg,UP,200,707,,
2026-10-01T12:06:13.932987+00:00,LibGen,LibGen.vg,UP,200,1515,,
2026-10-01T12:07:14.675483+00:00,LibGen,LibGen.vg,UP,200,2004,,
2026-10-01T12:08:13.534664+00:00,LibGen,LibGen.vg,UP,200,719,,
2026-10-01T12:09:15.348931+00:00,LibGen,LibGen.vg,UP,200,2178,,
2026-10-01T12:10:16.571540+00:00,LibGen,LibGen.vg,UP,200,2573,,
2026-10-01T12:11:15.850817+00:00,LibGen,LibGen.vg,UP,200,1884,,
2026-10-01T12:12:16.251927+00:00,LibGen,LibGen.vg,UP,200,1446,,
2026-10-01T12:13:16.582033+00:00,LibGen,LibGen.vg,UP,200,2138,,
2026-10-01T12:14:17.832506+00:00,LibGen,LibGen.vg,UP,200,1418,,
2026-10-01T12:15:16.783190+00:00,LibGen,LibGen.vg,UP,200,766,,
2026-10-01T12:16:17.467528+00:00,LibGen,LibGen.vg,UP,200,1405,,
2026-10-01T12:17:25.188985+00:00,LibGen,LibGen.vg,UP,200,1575,,
2026-10-01T12:18:17.700870+00:00,LibGen,LibGen.vg,UP,200,1635,,
2026-10-01T12:19:18.925683+00:00,LibGen,LibGen.vg,UP,200,1282,,
2026-10-01T12:20:18.286818+00:00,LibGen,LibGen.vg,UP,200,1405,,
2026-10-01T12:21:18.823359+00:00,LibGen,LibGen.vg,UP,200,1295,,
2026-10-01T12:22:19.369598+00:00,LibGen,LibGen.vg,UP,200,1385,,
2026-10-01T12:23:19.492496+00:00,LibGen,LibGen.vg,UP,200,1426,,
2026-10-01T12:24:18.276678+00:00,LibGen,LibGen.vg,UP,200,706,,
2026-10-01T12:25:18.965661+00:00,LibGen,LibGen.vg,UP,200,1348,,
2026-10-01T12:26:39.987520+00:00,LibGen,LibGen.vg,DOWN,,,connection_refused,
2026-10-01T12:27:19.795928+00:00,LibGen,LibGen.vg,UP,200,1433,,
2026-10-01T12:28:20.466723+00:00,LibGen,LibGen.vg,UP,200,1447,,
2026-10-01T12:29:19.915650+00:00,LibGen,LibGen.vg,UP,200,1339,,
2026-10-01T12:30:20.799475+00:00,LibGen,LibGen.vg,UP,200,1685,,
2026-10-01T12:31:22.132314+00:00,LibGen,LibGen.vg,UP,200,1500,,
2026-10-01T12:32:22.289646+00:00,LibGen,LibGen.vg,UP,200,1387,,
2026-10-01T12:33:22.934094+00:00,LibGen,LibGen.vg,UP,200,2092,,
2026-10-01T12:34:23.841261+00:00,LibGen,LibGen.vg,UP,200,1425,,
2026-10-01T12:35:25.293000+00:00,LibGen,LibGen.vg,UP,200,1368,,
2026-10-01T12:36:24.792754+00:00,LibGen,LibGen.vg,UP,200,1396,,
2026-10-01T12:37:23.635506+00:00,LibGen,LibGen.vg,UP,200,1377,,
2026-10-01T12:38:23.831897+00:00,LibGen,LibGen.vg,UP,200,1481,,
2026-10-01T12:39:24.680622+00:00,LibGen,LibGen.vg,UP,200,1372,,
2026-10-01T12:40:24.283741+00:00,LibGen,LibGen.vg,UP,200,1318,,
2026-10-01T12:41:24.826414+00:00,LibGen,LibGen.vg,UP,200,1544,,
2026-10-01T12:42:25.256976+00:00,LibGen,LibGen.vg,UP,200,1256,,
2026-10-01T12:43:24.451916+00:00,LibGen,LibGen.vg,DOWN,500,694,http_error,
2026-10-01T12:44:26.397296+00:00,LibGen,LibGen.vg,UP,200,1381,,
2026-10-01T12:45:26.509429+00:00,LibGen,LibGen.vg,UP,200,1609,,
2026-10-01T12:46:27.497743+00:00,LibGen,LibGen.vg,UP,200,2097,,
2026-10-01T12:47:30.301845+00:00,LibGen,LibGen.vg,DEGRADED,200,4498,latency_high,
2026-10-01T12:48:27.722164+00:00,LibGen,LibGen.vg,UP,200,1433,,
2026-10-01T12:49:28.347913+00:00,LibGen,LibGen.vg,UP,200,1348,,
2026-10-01T12:50:29.134510+00:00,LibGen,LibGen.vg,UP,200,2220,,
2026-10-01T12:51:29.692091+00:00,LibGen,LibGen.vg,UP,200,2002,,
2026-10-01T12:52:29.152585+00:00,LibGen,LibGen.vg,UP,200,1435,,
2026-10-01T12:53:28.739087+00:00,LibGen,LibGen.vg,UP,200,774,,
2026-10-01T12:54:31.020843+00:00,LibGen,LibGen.vg,UP,200,1433,,
2026-10-01T12:55:30.783848+00:00,LibGen,LibGen.vg,UP,200,1244,,
2026-10-01T12:56:36.432832+00:00,LibGen,LibGen.vg,DEGRADED,200,4723,latency_high,
2026-10-01T12:57:32.942546+00:00,LibGen,LibGen.vg,DEGRADED,200,3132,latency_high,
2026-10-01T12:58:32.539954+00:00,LibGen,LibGen.vg,UP,200,1279,,
2026-10-01T12:59:31.286224+00:00,LibGen,LibGen.vg,UP,200,1372,,
2026-10-01T13:00:32.335426+00:00,LibGen,LibGen.vg,UP,200,1836,,
2026-10-01T13:01:33.978217+00:00,LibGen,LibGen.vg,UP,200,1708,,
2026-10-01T13:02:33.358207+00:00,LibGen,LibGen.vg,UP,200,2407,,
2026-10-01T13:03:33.362306+00:00,LibGen,LibGen.vg,UP,200,1403,,
2026-10-01T13:04:34.181650+00:00,LibGen,LibGen.vg,UP,200,1422,,
2026-10-01T13:05:33.405596+00:00,LibGen,LibGen.vg,UP,200,1477,,
2026-10-01T13:06:33.395448+00:00,LibGen,LibGen.vg,UP,200,739,,
2026-10-01T13:07:34.163721+00:00,LibGen,LibGen.vg,UP,200,1965,,
2026-10-01T13:08:38.867240+00:00,LibGen,LibGen.vg,UP,200,2267,,
2026-10-01T13:09:35.592869+00:00,LibGen,LibGen.vg,UP,200,1627,,
2026-10-01T13:10:34.346631+00:00,LibGen,LibGen.vg,UP,200,1502,,
2026-10-01T13:11:35.309214+00:00,LibGen,LibGen.vg,UP,200,1450,,
2026-10-01T13:12:37.674811+00:00,LibGen,LibGen.vg,DEGRADED,200,3513,latency_high,
2026-10-01T13:13:36.888046+00:00,LibGen,LibGen.vg,UP,200,1323,,
2026-10-01T13:14:37.446476+00:00,LibGen,LibGen.vg,UP,200,2161,,
2026-10-01T13:15:36.017683+00:00,LibGen,LibGen.vg,UP,200,1445,,
2026-10-01T13:16:36.942006+00:00,LibGen,LibGen.vg,UP,200,1427,,
2026-10-01T13:17:37.445396+00:00,LibGen,LibGen.vg,UP,200,1484,,
2026-10-01T13:18:40.852749+00:00,LibGen,LibGen.vg,DEGRADED,200,4550,latency_high,
2026-10-01T13:19:36.473786+00:00,LibGen,LibGen.vg,UP,200,723,,
2026-10-01T13:20:37.465468+00:00,LibGen,LibGen.vg,UP,200,1353,,
2026-10-01T13:21:38.577544+00:00,LibGen,LibGen.vg,UP,200,1271,,
2026-10-01T13:22:38.622144+00:00,LibGen,LibGen.vg,UP,200,1405,,
2026-10-01T13:23:39.418158+00:00,LibGen,LibGen.vg,UP,200,1321,,
2026-10-01T13:24:39.484026+00:00,LibGen,LibGen.vg,UP,200,1368,,
2026-10-01T13:25:40.593644+00:00,LibGen,LibGen.vg,UP,200,1422,,
2026-10-01T13:26:40.105848+00:00,LibGen,LibGen.vg,UP,200,1389,,
2026-10-01T13:27:41.478310+00:00,LibGen,LibGen.vg,UP,200,780,,
2026-10-01T13:28:42.157907+00:00,LibGen,LibGen.vg,UP,200,1387,,
2026-10-01T13:29:42.210055+00:00,LibGen,LibGen.vg,UP,200,1804,,
2026-10-01T13:30:42.156338+00:00,LibGen,LibGen.vg,UP,200,1521,,
2026-10-01T13:31:42.551947+00:00,LibGen,LibGen.vg,UP,200,1310,,
2026-10-01T13:32:43.018223+00:00,LibGen,LibGen.vg,UP,200,1414,,
2026-10-01T13:33:44.056736+00:00,LibGen,LibGen.vg,UP,200,2035,,
2026-10-01T13:34:43.374741+00:00,LibGen,LibGen.vg,UP,200,1357,,
2026-10-01T13:35:44.117511+00:00,LibGen,LibGen.vg,UP,200,1322,,
2026-10-01T13:36:45.921696+00:00,LibGen,LibGen.vg,UP,200,1464,,
2026-10-01T13:37:45.800897+00:00,LibGen,LibGen.vg,UP,200,1402,,
2026-10-01T13:38:49.713841+00:00,LibGen,LibGen.vg,DEGRADED,200,5595,latency_high,
2026-10-01T13:39:45.948165+00:00,LibGen,LibGen.vg,UP,200,1242,,
2026-10-01T13:41:06.834731+00:00,LibGen,LibGen.vg,DOWN,,,connection_refused,
2026-10-01T13:41:46.125385+00:00,LibGen,LibGen.vg,UP,200,1272,,
2026-10-01T13:42:46.162077+00:00,LibGen,LibGen.vg,UP,200,1384,,
2026-10-01T13:43:46.466240+00:00,LibGen,LibGen.vg,UP,200,1447,,
2026-10-01T13:44:46.564962+00:00,LibGen,LibGen.vg,UP,200,1413,,
2026-10-01T13:45:47.137523+00:00,LibGen,LibGen.vg,UP,200,1459,,
2026-10-01T13:46:48.190525+00:00,LibGen,LibGen.vg,UP,200,1383,,
2026-10-01T13:47:48.458562+00:00,LibGen,LibGen.vg,UP,200,1474,,
2026-10-01T13:48:48.874231+00:00,LibGen,LibGen.vg,UP,200,1423,,
2026-10-01T13:49:50.179134+00:00,LibGen,LibGen.vg,UP,200,1409,,
2026-10-01T13:50:49.615053+00:00,LibGen,LibGen.vg,UP,200,1533,,
2026-10-01T13:51:49.765948+00:00,LibGen,LibGen.vg,UP,200,1485,,
2026-10-01T13:52:50.520415+00:00,LibGen,LibGen.vg,UP,200,1347,,
2026-10-01T13:53:52.792187+00:00,LibGen,LibGen.vg,UP,200,1412,,
2026-10-01T13:54:52.426843+00:00,LibGen,LibGen.vg,UP,200,1533,,
2026-10-01T13:55:55.010501+00:00,LibGen,LibGen.vg,DEGRADED,200,4454,latency_high,
2026-10-01T13:56:51.680989+00:00,LibGen,LibGen.vg,UP,200,1333,,
2026-10-01T13:57:51.277148+00:00,LibGen,LibGen.vg,UP,200,1345,,
2026-10-01T13:58:52.333215+00:00,LibGen,LibGen.vg,UP,200,1298,,
2026-10-01T13:59:53.217783+00:00,LibGen,LibGen.vg,UP,200,2018,,
2026-10-01T14:00:53.303873+00:00,LibGen,LibGen.vg,UP,200,2167,,
2026-10-01T14:01:56.398704+00:00,LibGen,LibGen.vg,UP,200,1272,,
2026-10-01T14:02:54.371761+00:00,LibGen,LibGen.vg,UP,200,1371,,
2026-10-01T14:03:53.911465+00:00,LibGen,LibGen.vg,UP,200,1364,,
2026-10-01T14:04:55.436245+00:00,LibGen,LibGen.vg,UP,200,1980,,
2026-10-01T14:05:53.949146+00:00,LibGen,LibGen.vg,UP,200,1368,,
2026-10-01T14:06:54.490584+00:00,LibGen,LibGen.vg,UP,200,1349,,
2026-10-01T14:07:55.579363+00:00,LibGen,LibGen.vg,UP,200,1304,,
2026-10-01T14:08:56.130206+00:00,LibGen,LibGen.vg,UP,200,1992,,
2026-10-01T14:09:55.880669+00:00,LibGen,LibGen.vg,UP,200,752,,
2026-10-01T14:10:57.564563+00:00,LibGen,LibGen.vg,DEGRADED,200,3282,latency_high,
2026-10-01T14:11:56.261931+00:00,LibGen,LibGen.vg,UP,200,1364,,
2026-10-01T14:12:58.104547+00:00,LibGen,LibGen.vg,UP,200,707,,
2026-10-01T14:13:57.460504+00:00,LibGen,LibGen.vg,UP,200,1654,,
2026-10-01T14:14:57.434757+00:00,LibGen,LibGen.vg,UP,200,1414,,
2026-10-01T14:15:57.620213+00:00,LibGen,LibGen.vg,UP,200,1418,,
2026-10-01T14:16:58.091426+00:00,LibGen,LibGen.vg,UP,200,1388,,
2026-10-01T14:17:58.890342+00:00,LibGen,LibGen.vg,UP,200,1447,,
2026-10-01T14:19:00.703246+00:00,LibGen,LibGen.vg,UP,200,1486,,
2026-10-01T14:19:59.599944+00:00,LibGen,LibGen.vg,UP,200,1323,,
2026-10-01T14:21:01.109035+00:00,LibGen,LibGen.vg,UP,200,1442,,
2026-10-01T14:22:00.485829+00:00,LibGen,LibGen.vg,UP,200,1340,,
2026-10-01T14:23:01.710221+00:00,LibGen,LibGen.vg,UP,200,1353,,
2026-10-01T14:24:02.301930+00:00,LibGen,LibGen.vg,UP,200,1570,,
2026-10-01T14:25:03.722586+00:00,LibGen,LibGen.vg,UP,200,1680,,
2026-10-01T14:26:04.240952+00:00,LibGen,LibGen.vg,DEGRADED,200,3486,latency_high,
2026-10-01T14:27:02.372542+00:00,LibGen,LibGen.vg,UP,200,1435,,
2026-10-01T14:28:03.501419+00:00,LibGen,LibGen.vg,UP,200,2168,,
2026-10-01T14:29:02.437383+00:00,LibGen,LibGen.vg,UP,200,712,,
2026-10-01T14:30:05.183577+00:00,LibGen,LibGen.vg,UP,200,2354,,
2026-10-01T14:31:05.025688+00:00,LibGen,LibGen.vg,UP,200,1549,,
2026-10-01T14:32:04.888695+00:00,LibGen,LibGen.vg,UP,200,1657,,
2026-10-01T14:33:06.016372+00:00,LibGen,LibGen.vg,UP,200,2134,,
2026-10-01T14:34:06.204385+00:00,LibGen,LibGen.vg,UP,200,1398,,
2026-10-01T14:35:05.827315+00:00,LibGen,LibGen.vg,UP,200,700,,
2026-10-01T14:36:08.118027+00:00,LibGen,LibGen.vg,UP,200,2011,,
2026-10-01T14:37:07.975597+00:00,LibGen,LibGen.vg,UP,200,1371,,
2026-10-01T14:38:07.289578+00:00,LibGen,LibGen.vg,UP,200,1434,,
2026-10-01T14:39:07.503720+00:00,LibGen,LibGen.vg,UP,200,1446,,
2026-10-01T14:40:10.532641+00:00,LibGen,LibGen.vg,UP,200,1617,,
2026-10-01T14:41:08.551473+00:00,LibGen,LibGen.vg,UP,200,1413,,
2026-10-01T14:42:09.128443+00:00,LibGen,LibGen.vg,UP,200,1393,,
2026-10-01T14:43:11.809355+00:00,LibGen,LibGen.vg,UP,200,728,,
2026-10-01T14:44:10.141137+00:00,LibGen,LibGen.vg,UP,200,1288,,
2026-10-01T14:45:10.237723+00:00,LibGen,LibGen.vg,UP,200,1359,,
2026-10-01T14:46:11.690776+00:00,LibGen,LibGen.vg,UP,200,1380,,
2026-10-01T14:47:12.412768+00:00,LibGen,LibGen.vg,UP,200,1368,,
2026-10-01T14:48:11.514531+00:00,LibGen,LibGen.vg,UP,200,1313,,
2026-10-01T14:49:12.229885+00:00,LibGen,LibGen.vg,UP,200,1513,,
2026-10-01T14:50:12.860429+00:00,LibGen,LibGen.vg,UP,200,1448,,
2026-10-01T14:51:13.748203+00:00,LibGen,LibGen.vg,UP,200,1967,,
2026-10-01T14:52:13.900972+00:00,LibGen,LibGen.vg,UP,200,750,,
2026-10-01T14:53:13.820564+00:00,LibGen,LibGen.vg,UP,200,1340,,
2026-10-01T14:54:13.809444+00:00,LibGen,LibGen.vg,UP,200,1295,,
2026-10-01T14:55:16.456591+00:00,LibGen,LibGen.vg,DEGRADED,200,3627,latency_high,
2026-10-01T14:56:15.465792+00:00,LibGen,LibGen.vg,UP,200,1374,,
2026-10-01T14:57:18.139687+00:00,LibGen,LibGen.vg,DEGRADED,200,4788,latency_high,
2026-10-01T14:58:15.432361+00:00,LibGen,LibGen.vg,UP,200,1282,,
2026-10-01T14:59:31.851871+00:00,LibGen,LibGen.vg,UP,200,1478,,
2026-10-01T15:00:15.536857+00:00,LibGen,LibGen.vg,UP,200,1507,,
2026-10-01T15:01:17.932100+00:00,LibGen,LibGen.vg,UP,200,1617,,
2026-10-01T15:02:17.143561+00:00,LibGen,LibGen.vg,UP,200,1453,,
2026-10-01T15:03:18.089936+00:00,LibGen,LibGen.vg,UP,200,1636,,
2026-10-01T15:04:17.670664+00:00,LibGen,LibGen.vg,UP,200,1365,,
2026-10-01T15:05:21.711476+00:00,LibGen,LibGen.vg,UP,200,1548,,
2026-10-01T15:06:19.536206+00:00,LibGen,LibGen.vg,UP,200,766,,
2026-10-01T15:07:19.062144+00:00,LibGen,LibGen.vg,UP,200,1369,,
2026-10-01T15:08:20.110355+00:00,LibGen,LibGen.vg,UP,200,2013,,
2026-10-01T15:09:21.332858+00:00,LibGen,LibGen.vg,DEGRADED,200,3197,latency_high,
2026-10-01T15:10:20.504638+00:00,LibGen,LibGen.vg,UP,200,1448,,
2026-10-01T15:11:21.605005+00:00,LibGen,LibGen.vg,UP,200,1364,,
2026-10-01T15:12:20.686696+00:00,LibGen,LibGen.vg,UP,200,1329,,
2026-10-01T15:13:24.913831+00:00,LibGen,LibGen.vg,DEGRADED,200,4427,latency_high,
2026-10-01T15:14:22.436382+00:00,LibGen,LibGen.vg,UP,200,1424,,
2026-10-01T15:15:41.862467+00:00,LibGen,LibGen.vg,DOWN,,,connection_refused,
2026-10-01T15:16:24.319942+00:00,LibGen,LibGen.vg,UP,200,1413,,
2026-10-01T15:17:25.493878+00:00,LibGen,LibGen.vg,UP,200,1409,,
2026-10-01T15:18:24.003639+00:00,LibGen,LibGen.vg,UP,200,1289,,
2026-10-01T15:19:24.039736+00:00,LibGen,LibGen.vg,UP,200,1443,,
2026-10-01T15:20:28.573936+00:00,LibGen,LibGen.vg,DEGRADED,200,4907,latency_high,
2026-10-01T15:21:25.230758+00:00,LibGen,LibGen.vg,UP,200,1294,,
2026-10-01T15:22:25.601718+00:00,LibGen,LibGen.vg,UP,200,1419,,
2026-10-01T15:23:26.366993+00:00,LibGen,LibGen.vg,UP,200,1426,,
2026-10-01T15:24:26.553527+00:00,LibGen,LibGen.vg,UP,200,1465,,
2026-10-01T15:25:28.237836+00:00,LibGen,LibGen.vg,UP,200,2087,,
2026-10-01T15:26:30.646971+00:00,LibGen,LibGen.vg,DEGRADED,200,5917,latency_high,
2026-10-01T15:27:27.521403+00:00,LibGen,LibGen.vg,UP,200,2149,,
2026-10-01T15:28:29.263734+00:00,LibGen,LibGen.vg,UP,200,1583,,
2026-10-01T15:29:29.656559+00:00,LibGen,LibGen.vg,UP,200,1321,,
2026-10-01T15:30:29.880596+00:00,LibGen,LibGen.vg,UP,200,1445,,
2026-10-01T15:31:28.919756+00:00,LibGen,LibGen.vg,UP,200,1292,,
2026-10-01T15:32:28.974686+00:00,LibGen,LibGen.vg,UP,200,1372,,
2026-10-01T15:33:30.763745+00:00,LibGen,LibGen.vg,UP,200,2432,,
2026-10-01T15:34:29.813743+00:00,LibGen,LibGen.vg,UP,200,1418,,
2026-10-01T15:35:32.882388+00:00,LibGen,LibGen.vg,UP,200,1429,,
2026-10-01T15:36:30.589788+00:00,LibGen,LibGen.vg,UP,200,1369,,
2026-10-01T15:37:31.684494+00:00,LibGen,LibGen.vg,UP,200,1425,,
2026-10-01T15:38:31.478461+00:00,LibGen,LibGen.vg,UP,200,1377,,
2026-10-01T15:39:32.885811+00:00,LibGen,LibGen.vg,UP,200,1418,,
2026-10-01T15:40:33.218989+00:00,LibGen,LibGen.vg,UP,200,1436,,
2026-10-01T15:41:33.450350+00:00,LibGen,LibGen.vg,UP,200,1403,,
2026-10-01T15:42:35.494123+00:00,LibGen,LibGen.vg,UP,200,1382,,
2026-10-01T15:43:33.813050+00:00,LibGen,LibGen.vg,UP,200,1340,,
2026-10-01T15:44:34.372140+00:00,LibGen,LibGen.vg,UP,200,1307,,
2026-10-01T15:45:35.163813+00:00,LibGen,LibGen.vg,UP,200,1551,,
2026-10-01T15:46:35.342998+00:00,LibGen,LibGen.vg,UP,200,1299,,
2026-10-01T15:47:34.718643+00:00,LibGen,LibGen.vg,UP,200,773,,
2026-10-01T15:48:36.832457+00:00,LibGen,LibGen.vg,UP,200,1412,,
2026-10-01T15:49:36.227930+00:00,LibGen,LibGen.vg,UP,200,1306,,
2026-10-01T15:50:36.323579+00:00,LibGen,LibGen.vg,UP,200,1477,,
2026-10-01T15:51:37.675304+00:00,LibGen,LibGen.vg,UP,200,1452,,
2026-10-01T15:52:38.471801+00:00,LibGen,LibGen.vg,UP,200,1405,,
2026-10-01T15:53:36.806499+00:00,LibGen,LibGen.vg,UP,200,732,,
2026-10-01T15:54:41.565390+00:00,LibGen,LibGen.vg,UP,200,1456,,
2026-10-01T15:55:38.567946+00:00,LibGen,LibGen.vg,UP,200,1430,,
2026-10-01T15:56:39.149939+00:00,LibGen,LibGen.vg,UP,200,1384,,
2026-10-01T15:57:38.331955+00:00,LibGen,LibGen.vg,UP,200,1318,,
2026-10-01T15:58:38.482394+00:00,LibGen,LibGen.vg,UP,200,1357,,
2026-10-01T15:59:38.479742+00:00,LibGen,LibGen.vg,UP,200,743,,
2026-10-01T16:00:39.510977+00:00,LibGen,LibGen.vg,UP,200,1381,,
2026-10-01T16:01:40.301626+00:00,LibGen,LibGen.vg,UP,200,1394,,
2026-10-01T16:02:40.700706+00:00,LibGen,LibGen.vg,UP,200,1449,,
2026-10-01T16:03:41.388689+00:00,LibGen,LibGen.vg,UP,200,1474,,
2026-10-01T16:04:41.795076+00:00,LibGen,LibGen.vg,UP,200,1403,,
2026-10-01T16:05:43.339759+00:00,LibGen,LibGen.vg,UP,200,2254,,
2026-10-01T16:06:46.266610+00:00,LibGen,LibGen.vg,DEGRADED,200,4719,latency_high,
2026-10-01T16:07:44.987318+00:00,LibGen,LibGen.vg,UP,200,1403,,
2026-10-01T16:08:45.691910+00:00,LibGen,LibGen.vg,UP,200,744,,
2026-10-01T16:09:44.369631+00:00,LibGen,LibGen.vg,UP,200,1389,,
2026-10-01T16:10:44.484819+00:00,LibGen,LibGen.vg,UP,200,1279,,
2026-10-01T16:11:46.433710+00:00,LibGen,LibGen.vg,UP,200,1994,,
2026-10-01T16:12:45.477251+00:00,LibGen,LibGen.vg,UP,200,1319,,
2026-10-01T16:13:48.018967+00:00,LibGen,LibGen.vg,DEGRADED,200,3078,latency_high,
2026-10-01T16:14:47.092473+00:00,LibGen,LibGen.vg,UP,200,1444,,
2026-10-01T16:15:49.142236+00:00,LibGen,LibGen.vg,UP,200,2311,,
2026-10-01T16:16:47.378988+00:00,LibGen,LibGen.vg,UP,200,1324,,
2026-10-01T16:17:48.354404+00:00,LibGen,LibGen.vg,UP,200,1406,,
2026-10-01T16:18:48.313636+00:00,LibGen,LibGen.vg,UP,200,1372,,
2026-10-01T16:19:49.751451+00:00,LibGen,LibGen.vg,UP,200,1885,,
2026-10-01T16:20:50.515164+00:00,LibGen,LibGen.vg,UP,200,2246,,
2026-10-01T16:21:52.683785+00:00,LibGen,LibGen.vg,UP,200,1449,,
2026-10-01T16:22:51.576224+00:00,LibGen,LibGen.vg,UP,200,1545,,
2026-10-01T16:23:51.112467+00:00,LibGen,LibGen.vg,UP,200,1350,,
2026-10-01T16:24:51.828300+00:00,LibGen,LibGen.vg,UP,200,1449,,
2026-10-01T16:25:51.190968+00:00,LibGen,LibGen.vg,UP,200,700,,
2026-10-01T16:26:51.306820+00:00,LibGen,LibGen.vg,UP,200,802,,
2026-10-01T16:27:52.697840+00:00,LibGen,LibGen.vg,UP,200,1515,,
2026-10-01T16:28:54.224633+00:00,LibGen,LibGen.vg,UP,200,1398,,
2026-10-01T16:29:53.325531+00:00,LibGen,LibGen.vg,UP,200,1495,,
2026-10-01T16:30:53.729317+00:00,LibGen,LibGen.vg,UP,200,2236,,
2026-10-01T16:32:09.084366+00:00,LibGen,LibGen.vg,UP,200,1404,,
2026-10-01T16:33:15.343939+00:00,LibGen,LibGen.vg,DOWN,,,connection_refused,
2026-10-01T16:33:54.230850+00:00,LibGen,LibGen.vg,UP,200,1443,,
2026-10-01T16:34:55.134100+00:00,LibGen,LibGen.vg,UP,200,1457,,
2026-10-01T16:35:55.038550+00:00,LibGen,LibGen.vg,UP,200,1507,,
2026-10-01T16:36:56.509655+00:00,LibGen,LibGen.vg,UP,200,1282,,
2026-10-01T16:37:55.523835+00:00,LibGen,LibGen.vg,UP,200,1370,,
2026-10-01T16:38:58.437670+00:00,LibGen,LibGen.vg,UP,200,1387,,
2026-10-01T16:39:57.577195+00:00,LibGen,LibGen.vg,UP,200,1356,,
2026-10-01T16:41:00.910118+00:00,LibGen,LibGen.vg,UP,200,1644,,
2026-10-01T16:41:56.642887+00:00,LibGen,LibGen.vg,UP,200,1693,,
2026-10-01T16:42:58.809559+00:00,LibGen,LibGen.vg,UP,200,1429,,
2026-10-01T16:44:00.064389+00:00,LibGen,LibGen.vg,UP,200,1329,,
2026-10-01T16:44:59.870602+00:00,LibGen,LibGen.vg,UP,200,1541,,
2026-10-01T16:46:00.175665+00:00,LibGen,LibGen.vg,UP,200,1500,,
2026-10-01T16:47:00.832217+00:00,LibGen,LibGen.vg,UP,200,2096,,
2026-10-01T16:48:01.100527+00:00,LibGen,LibGen.vg,UP,200,1431,,
2026-10-01T16:49:03.804415+00:00,LibGen,LibGen.vg,UP,200,1408,,
2026-10-01T16:50:04.760981+00:00,LibGen,LibGen.vg,UP,200,1332,,
2026-10-01T16:51:02.613195+00:00,LibGen,LibGen.vg,UP,200,1529,,
2026-10-01T16:52:02.652679+00:00,LibGen,LibGen.vg,UP,200,744,,
2026-10-01T16:53:03.466348+00:00,LibGen,LibGen.vg,UP,200,1477,,
2026-10-01T16:54:04.549250+00:00,LibGen,LibGen.vg,UP,200,1537,,
2026-10-01T16:55:05.622187+00:00,LibGen,LibGen.vg,UP,200,1639,,
2026-10-01T16:56:04.836556+00:00,LibGen,LibGen.vg,UP,200,1674,,
2026-10-01T16:57:06.158843+00:00,LibGen,LibGen.vg,UP,200,1438,,
2026-10-01T16:58:06.956959+00:00,LibGen,LibGen.vg,UP,200,1646,,
2026-10-01T16:59:06.740876+00:00,LibGen,LibGen.vg,UP,200,785,,
2026-10-01T17:00:07.626631+00:00,LibGen,LibGen.vg,UP,200,2388,,
2026-10-01T17:01:08.121547+00:00,LibGen,LibGen.vg,UP,200,1622,,
2026-10-01T17:02:07.050461+00:00,LibGen,LibGen.vg,UP,200,759,,
2026-10-01T17:03:08.329408+00:00,LibGen,LibGen.vg,UP,200,809,,
2026-10-01T17:04:09.135479+00:00,LibGen,LibGen.vg,UP,200,738,,
2026-10-01T17:05:09.474059+00:00,LibGen,LibGen.vg,UP,200,2184,,
2026-10-01T17:06:28.943196+00:00,LibGen,LibGen.vg,DOWN,,,connection_refused,
2026-10-01T17:07:10.508406+00:00,LibGen,LibGen.vg,UP,200,1321,,
2026-10-01T17:08:09.888042+00:00,LibGen,LibGen.vg,UP,200,1436,,
2026-10-01T17:09:10.632994+00:00,LibGen,LibGen.vg,UP,200,1478,,
2026-10-01T17:10:15.264991+00:00,LibGen,LibGen.vg,UP,200,1497,,
2026-10-01T17:11:13.338752+00:00,LibGen,LibGen.vg,UP,200,1346,,
2026-10-01T17:12:12.793079+00:00,LibGen,LibGen.vg,UP,200,1358,,
2026-10-01T17:13:12.351641+00:00,LibGen,LibGen.vg,UP,200,1393,,
2026-10-01T17:14:12.353513+00:00,LibGen,LibGen.vg,UP,200,1390,,
2026-10-01T17:15:14.301543+00:00,LibGen,LibGen.vg,UP,200,1479,,
2026-10-01T17:16:15.219774+00:00,LibGen,LibGen.vg,UP,200,1435,,
2026-10-01T17:17:15.835635+00:00,LibGen,LibGen.vg,UP,200,1689,,
2026-10-01T17:18:15.432279+00:00,LibGen,LibGen.vg,UP,200,2094,,
2026-10-01T17:19:15.558235+00:00,LibGen,LibGen.vg,UP,200,1356,,
2026-10-01T17:20:16.777118+00:00,LibGen,LibGen.vg,UP,200,1468,,
2026-10-01T17:21:17.151047+00:00,LibGen,LibGen.vg,UP,200,1507,,
2026-10-01T17:22:19.261071+00:00,LibGen,LibGen.vg,UP,200,1479,,
2026-10-01T17:23:16.301693+00:00,LibGen,LibGen.vg,UP,200,1472,,
2026-10-01T17:24:17.131579+00:00,LibGen,LibGen.vg,UP,200,1575,,
2026-10-01T17:25:17.906674+00:00,LibGen,LibGen.vg,UP,200,1386,,
2026-10-01T17:26:16.898166+00:00,LibGen,LibGen.vg,UP,200,1381,,
2026-10-01T17:27:17.970846+00:00,LibGen,LibGen.vg,UP,200,1872,,
2026-10-01T17:28:18.751919+00:00,LibGen,LibGen.vg,UP,200,724,,
2026-10-01T17:29:17.842239+00:00,LibGen,LibGen.vg,UP,200,1310,,
2026-10-01T17:30:20.508732+00:00,LibGen,LibGen.vg,UP,200,1350,,
2026-10-01T17:31:20.446596+00:00,LibGen,LibGen.vg,UP,200,1403,,
2026-10-01T17:32:20.346992+00:00,LibGen,LibGen.vg,UP,200,2049,,
2026-10-01T17:33:21.496638+00:00,LibGen,LibGen.vg,DEGRADED,200,3235,latency_high,
2026-10-01T17:34:22.921534+00:00,LibGen,LibGen.vg,DEGRADED,200,4445,latency_high,
2026-10-01T17:35:20.858953+00:00,LibGen,LibGen.vg,UP,200,1424,,
2026-10-01T17:36:20.962637+00:00,LibGen,LibGen.vg,UP,200,1372,,
2026-10-01T17:37:22.982121+00:00,LibGen,LibGen.vg,UP,200,1420,,
2026-10-01T17:38:21.475182+00:00,LibGen,LibGen.vg,UP,200,1336,,
2026-10-01T17:39:21.817725+00:00,LibGen,LibGen.vg,UP,200,1497,,
2026-10-01T17:40:23.142779+00:00,LibGen,LibGen.vg,UP,200,2513,,
2026-10-01T17:41:22.985429+00:00,LibGen,LibGen.vg,UP,200,1392,,
2026-10-01T17:42:23.693540+00:00,LibGen,LibGen.vg,UP,200,1324,,
2026-10-01T17:43:23.401227+00:00,LibGen,LibGen.vg,UP,200,1328,,
2026-10-01T17:44:24.030734+00:00,LibGen,LibGen.vg,UP,200,1305,,
2026-10-01T17:45:28.075025+00:00,LibGen,LibGen.vg,DEGRADED,200,5292,latency_high,
2026-10-01T17:46:26.016670+00:00,LibGen,LibGen.vg,UP,200,2421,,
2026-10-01T17:47:25.842700+00:00,LibGen,LibGen.vg,UP,200,1621,,
2026-10-01T17:48:28.365641+00:00,LibGen,LibGen.vg,DEGRADED,200,5127,latency_high,
2026-10-01T17:49:25.669790+00:00,LibGen,LibGen.vg,UP,200,1317,,
2026-10-01T17:50:26.429534+00:00,LibGen,LibGen.vg,UP,200,2100,,
2026-10-01T17:51:25.756101+00:00,LibGen,LibGen.vg,UP,200,1352,,
2026-10-01T17:52:26.145876+00:00,LibGen,LibGen.vg,UP,200,1445,,
2026-10-01T17:53:26.608569+00:00,LibGen,LibGen.vg,UP,200,1357,,
2026-10-01T17:54:26.956736+00:00,LibGen,LibGen.vg,UP,200,1558,,
2026-10-01T17:55:28.856995+00:00,LibGen,LibGen.vg,UP,200,1408,,
2026-10-01T17:56:27.698235+00:00,LibGen,LibGen.vg,UP,200,1384,,
2026-10-01T17:57:27.059616+00:00,LibGen,LibGen.vg,UP,200,709,,
2026-10-01T17:58:31.620907+00:00,LibGen,LibGen.vg,UP,200,1334,,
2026-10-01T17:59:28.085852+00:00,LibGen,LibGen.vg,UP,200,703,,
2026-10-01T18:00:29.882691+00:00,LibGen,LibGen.vg,UP,200,1403,,
2026-10-01T18:01:33.139320+00:00,LibGen,LibGen.vg,UP,200,2088,,
2026-10-01T18:02:31.097684+00:00,LibGen,LibGen.vg,UP,200,1464,,
2026-10-01T18:03:33.616753+00:00,LibGen,LibGen.vg,UP,200,1401,,
2026-10-01T18:04:31.668260+00:00,LibGen,LibGen.vg,UP,200,1438,,
2026-10-01T18:05:32.227833+00:00,LibGen,LibGen.vg,UP,200,1468,,
2026-10-01T18:06:32.754687+00:00,LibGen,LibGen.vg,UP,200,1837,,
2026-10-01T18:07:33.103837+00:00,LibGen,LibGen.vg,UP,200,1373,,
2026-10-01T18:08:33.822306+00:00,LibGen,LibGen.vg,UP,200,1376,,
2026-10-01T18:09:32.884165+00:00,LibGen,LibGen.vg,UP,200,751,,
2026-10-01T18:10:35.251561+00:00,LibGen,LibGen.vg,UP,200,1306,,
2026-10-01T18:11:34.605164+00:00,LibGen,LibGen.vg,UP,200,1356,,
2026-10-01T18:12:37.654150+00:00,LibGen,LibGen.vg,DEGRADED,200,3333,latency_high,
2026-10-01T18:13:54.433786+00:00,LibGen,LibGen.vg,DOWN,,,connection_refused,
2026-10-01T18:14:35.248764+00:00,LibGen,LibGen.vg,UP,200,1409,,
2026-10-01T18:15:38.144328+00:00,LibGen,LibGen.vg,UP,200,1478,,
2026-10-01T18:16:37.252914+00:00,LibGen,LibGen.vg,UP,200,1616,,
2026-10-01T18:17:38.226820+00:00,LibGen,LibGen.vg,UP,200,2073,,
2026-10-01T18:18:39.903398+00:00,LibGen,LibGen.vg,UP,200,1407,,
2026-10-01T18:19:41.704024+00:00,LibGen,LibGen.vg,UP,200,1498,,
2026-10-01T18:20:42.953436+00:00,LibGen,LibGen.vg,DEGRADED,200,5077,latency_high,
2026-10-01T18:21:42.548250+00:00,LibGen,LibGen.vg,DEGRADED,200,5048,latency_high,
2026-10-01T18:22:38.724044+00:00,LibGen,LibGen.vg,UP,200,1536,,
2026-10-01T18:23:40.054637+00:00,LibGen,LibGen.vg,UP,200,1391,,
2026-10-01T18:24:40.046208+00:00,LibGen,LibGen.vg,UP,200,1431,,
2026-10-01T18:25:43.444936+00:00,LibGen,LibGen.vg,UP,200,1608,,
2026-10-01T18:26:41.520761+00:00,LibGen,LibGen.vg,UP,200,1586,,
2026-10-01T18:27:42.335649+00:00,LibGen,LibGen.vg,UP,200,1363,,
2026-10-01T18:28:42.395088+00:00,LibGen,LibGen.vg,UP,200,1365,,
2026-10-01T18:29:44.249254+00:00,LibGen,LibGen.vg,UP,200,2043,,
2026-10-01T18:30:44.371894+00:00,LibGen,LibGen.vg,UP,200,1569,,
2026-10-01T18:31:44.021718+00:00,LibGen,LibGen.vg,UP,200,1499,,
2026-10-01T18:32:44.844152+00:00,LibGen,LibGen.vg,UP,200,1265,,
2026-10-01T18:33:44.146648+00:00,LibGen,LibGen.vg,UP,200,1434,,
2026-10-01T18:34:46.911138+00:00,LibGen,LibGen.vg,UP,200,1994,,
2026-10-01T18:35:45.405898+00:00,LibGen,LibGen.vg,UP,200,1377,,
2026-10-01T18:36:45.783154+00:00,LibGen,LibGen.vg,UP,200,1416,,
2026-10-01T18:37:46.358480+00:00,LibGen,LibGen.vg,UP,200,1405,,
2026-10-01T18:38:48.361740+00:00,LibGen,LibGen.vg,UP,200,1425,,
2026-10-01T18:39:47.567720+00:00,LibGen,LibGen.vg,UP,200,752,,
2026-10-01T18:40:47.392302+00:00,LibGen,LibGen.vg,UP,200,1322,,
2026-10-01T18:41:51.562660+00:00,LibGen,LibGen.vg,UP,200,1409,,
2026-10-01T18:42:48.220159+00:00,LibGen,LibGen.vg,UP,200,1240,,
2026-10-01T18:43:52.574509+00:00,LibGen,LibGen.vg,UP,200,1309,,
2026-10-01T18:44:49.133677+00:00,LibGen,LibGen.vg,UP,200,1457,,
2026-10-01T18:45:50.284565+00:00,LibGen,LibGen.vg,UP,200,1480,,
2026-10-01T18:46:53.197711+00:00,LibGen,LibGen.vg,DEGRADED,200,4569,latency_high,
2026-10-01T18:47:51.997017+00:00,LibGen,LibGen.vg,UP,200,1312,,
2026-10-01T18:48:52.041870+00:00,LibGen,LibGen.vg,UP,200,2096,,
2026-10-01T18:49:53.295955+00:00,LibGen,LibGen.vg,UP,200,1422,,
2026-10-01T18:50:52.652667+00:00,LibGen,LibGen.vg,UP,200,1375,,
2026-10-01T18:51:53.349250+00:00,LibGen,LibGen.vg,UP,200,1232,,
2026-10-01T18:52:52.712410+00:00,LibGen,LibGen.vg,UP,200,1355,,
2026-10-01T18:53:52.624045+00:00,LibGen,LibGen.vg,UP,200,1297,,
2026-10-01T18:55:13.117629+00:00,LibGen,LibGen.vg,DEGRADED,200,3307,latency_high,
2026-10-01T18:55:53.504507+00:00,LibGen,LibGen.vg,UP,200,1355,,
2026-10-01T18:56:54.512267+00:00,LibGen,LibGen.vg,UP,200,1393,,
2026-10-01T18:57:54.153381+00:00,LibGen,LibGen.vg,UP,200,1313,,
2026-10-01T18:58:55.970150+00:00,LibGen,LibGen.vg,UP,200,2026,,
2026-10-01T18:59:55.502457+00:00,LibGen,LibGen.vg,UP,200,1449,,
2026-10-01T19:00:56.261214+00:00,LibGen,LibGen.vg,UP,200,1414,,
2026-10-01T19:01:56.849733+00:00,LibGen,LibGen.vg,UP,200,1426,,
2026-10-01T19:02:57.377505+00:00,LibGen,LibGen.vg,UP,200,1323,,
2026-10-01T19:03:57.563301+00:00,LibGen,LibGen.vg,UP,200,1277,,
2026-10-01T19:04:57.790231+00:00,LibGen,LibGen.vg,UP,200,1361,,
2026-10-01T19:05:58.196622+00:00,LibGen,LibGen.vg,UP,200,1358,,
2026-10-01T19:06:58.700156+00:00,LibGen,LibGen.vg,UP,200,1329,,
2026-10-01T19:08:01.105556+00:00,LibGen,LibGen.vg,UP,200,2030,,
2026-10-01T19:09:01.197729+00:00,LibGen,LibGen.vg,UP,200,1312,,
2026-10-01T19:10:01.094338+00:00,LibGen,LibGen.vg,UP,200,1648,,
2026-10-01T19:11:00.001712+00:00,LibGen,LibGen.vg,UP,200,1472,,
2026-10-01T19:12:00.921086+00:00,LibGen,LibGen.vg,UP,200,1259,,
2026-10-01T19:13:01.513322+00:00,LibGen,LibGen.vg,UP,200,1317,,
2026-10-01T19:14:01.861173+00:00,LibGen,LibGen.vg,UP,200,1542,,
2026-10-01T19:15:04.605717+00:00,LibGen,LibGen.vg,UP,200,1539,,
2026-10-01T19:16:05.120134+00:00,LibGen,LibGen.vg,UP,200,2264,,
2026-10-01T19:17:04.037519+00:00,LibGen,LibGen.vg,UP,200,1400,,
2026-10-01T19:18:04.509900+00:00,LibGen,LibGen.vg,UP,200,1456,,
2026-10-01T19:19:03.371427+00:00,LibGen,LibGen.vg,UP,200,1484,,
2026-10-01T19:20:05.237447+00:00,LibGen,LibGen.vg,UP,200,1913,,
2026-10-01T19:21:05.515693+00:00,LibGen,LibGen.vg,UP,200,1562,,
2026-10-01T19:22:08.542523+00:00,LibGen,LibGen.vg,DEGRADED,200,4396,latency_high,
2026-10-01T19:23:07.244547+00:00,LibGen,LibGen.vg,UP,200,1452,,
2026-10-01T19:24:07.900703+00:00,LibGen,LibGen.vg,UP,200,1376,,
2026-10-01T19:25:06.152469+00:00,LibGen,LibGen.vg,UP,200,1437,,
2026-10-01T19:26:06.625444+00:00,LibGen,LibGen.vg,UP,200,1426,,
2026-10-01T19:27:06.906536+00:00,LibGen,LibGen.vg,UP,200,1354,,
2026-10-01T19:28:07.507692+00:00,LibGen,LibGen.vg,UP,200,1367,,
2026-10-01T19:29:07.663038+00:00,LibGen,LibGen.vg,UP,200,676,,
2026-10-01T19:30:08.753344+00:00,LibGen,LibGen.vg,UP,200,1817,,
2026-10-01T19:31:10.505654+00:00,LibGen,LibGen.vg,UP,200,1298,,
2026-10-01T19:32:09.304896+00:00,LibGen,LibGen.vg,UP,200,1344,,
2026-10-01T19:33:10.305448+00:00,LibGen,LibGen.vg,UP,200,1271,,
2026-10-01T19:34:10.517735+00:00,LibGen,LibGen.vg,UP,200,1585,,
2026-10-01T19:35:11.509385+00:00,LibGen,LibGen.vg,UP,200,1448,,
2026-10-01T19:36:11.854443+00:00,LibGen,LibGen.vg,UP,200,1372,,
2026-10-01T19:37:15.188616+00:00,LibGen,LibGen.vg,UP,200,1340,,
2026-10-01T19:38:13.329621+00:00,LibGen,LibGen.vg,UP,200,1344,,
2026-10-01T19:39:12.562960+00:00,LibGen,LibGen.vg,UP,200,1285,,
2026-10-01T19:40:14.063609+00:00,LibGen,LibGen.vg,UP,200,1448,,
2026-10-01T19:41:14.039553+00:00,LibGen,LibGen.vg,UP,200,2506,,
2026-10-01T19:42:14.964333+00:00,LibGen,LibGen.vg,UP,200,1977,,
2026-10-01T19:43:14.125044+00:00,LibGen,LibGen.vg,UP,200,792,,
2026-10-01T19:44:16.400350+00:00,LibGen,LibGen.vg,UP,200,1899,,
2026-10-01T19:45:33.495516+00:00,LibGen,LibGen.vg,DOWN,,,connection_refused,
2026-10-01T19:46:13.784969+00:00,LibGen,LibGen.vg,UP,200,1250,,
2026-10-01T19:47:18.560639+00:00,LibGen,LibGen.vg,DEGRADED,200,3771,latency_high,
2026-10-01T19:48:19.379392+00:00,LibGen,LibGen.vg,DEGRADED,200,4387,latency_high,
2026-10-01T19:49:16.099100+00:00,LibGen,LibGen.vg,UP,200,1362,,
2026-10-01T19:50:18.225970+00:00,LibGen,LibGen.vg,UP,200,1572,,
2026-10-01T19:51:18.386242+00:00,LibGen,LibGen.vg,UP,200,1524,,
2026-10-01T19:52:18.489014+00:00,LibGen,LibGen.vg,UP,200,1523,,
2026-10-01T19:53:19.307516+00:00,LibGen,LibGen.vg,UP,200,1279,,
2026-10-01T19:54:20.448725+00:00,LibGen,LibGen.vg,UP,200,1253,,
2026-10-01T19:55:20.946556+00:00,LibGen,LibGen.vg,UP,200,1264,,
2026-10-01T19:56:19.839529+00:00,LibGen,LibGen.vg,UP,200,1353,,
2026-10-01T19:57:20.596394+00:00,LibGen,LibGen.vg,UP,200,1250,,
2026-10-01T19:58:20.316237+00:00,LibGen,LibGen.vg,UP,200,1475,,
2026-10-01T19:59:21.261874+00:00,LibGen,LibGen.vg,UP,200,1925,,
2026-10-01T20:00:22.561902+00:00,LibGen,LibGen.vg,UP,200,1523,,
2026-10-01T20:01:22.547955+00:00,LibGen,LibGen.vg,UP,200,1611,,
2026-10-01T20:02:23.017669+00:00,LibGen,LibGen.vg,UP,200,1409,,
2026-10-01T20:03:23.361769+00:00,LibGen,LibGen.vg,UP,200,1413,,
2026-10-01T20:04:22.853071+00:00,LibGen,LibGen.vg,UP,200,1383,,
2026-10-01T20:05:24.303561+00:00,LibGen,LibGen.vg,UP,200,1383,,
2026-10-01T20:06:23.826448+00:00,LibGen,LibGen.vg,UP,200,1458,,
2026-10-01T20:07:24.560265+00:00,LibGen,LibGen.vg,UP,200,1253,,
2026-10-01T20:08:44.430001+00:00,LibGen,LibGen.vg,DOWN,,,connection_refused,
2026-10-01T20:09:27.160970+00:00,LibGen,LibGen.vg,UP,200,1286,,
2026-10-01T20:10:26.251655+00:00,LibGen,LibGen.vg,UP,200,2079,,
2026-10-01T20:11:25.979396+00:00,LibGen,LibGen.vg,UP,200,1331,,
2026-10-01T20:12:46.779031+00:00,LibGen,LibGen.vg,DOWN,,,connection_refused,
2026-10-01T20:13:28.827651+00:00,LibGen,LibGen.vg,UP,200,1433,,
2026-10-01T20:14:26.987178+00:00,LibGen,LibGen.vg,UP,200,1236,,
2026-10-01T20:15:28.726989+00:00,LibGen,LibGen.vg,UP,200,1357,,
2026-10-01T20:16:28.381729+00:00,LibGen,LibGen.vg,UP,200,1357,,
2026-10-01T20:17:28.665814+00:00,LibGen,LibGen.vg,UP,200,1351,,
2026-10-01T20:18:31.716987+00:00,LibGen,LibGen.vg,UP,200,1750,,
2026-10-01T20:19:33.104770+00:00,LibGen,LibGen.vg,UP,200,2019,,
2026-10-01T20:20:31.802758+00:00,LibGen,LibGen.vg,UP,200,1342,,
2026-10-01T20:21:30.634847+00:00,LibGen,LibGen.vg,UP,200,1290,,
2026-10-01T20:22:31.952135+00:00,LibGen,LibGen.vg,UP,200,1289,,
2026-10-01T20:23:33.638986+00:00,LibGen,LibGen.vg,DEGRADED,200,3464,latency_high,
2026-10-01T20:24:32.817125+00:00,LibGen,LibGen.vg,UP,200,1495,,
2026-10-01T20:25:33.293471+00:00,LibGen,LibGen.vg,UP,200,1420,,
2026-10-01T20:26:33.541069+00:00,LibGen,LibGen.vg,UP,200,1404,,
2026-10-01T20:27:35.316483+00:00,LibGen,LibGen.vg,UP,200,1304,,
2026-10-01T20:28:36.405082+00:00,LibGen,LibGen.vg,DEGRADED,200,3310,latency_high,
2026-10-01T20:29:34.417733+00:00,LibGen,LibGen.vg,UP,200,1383,,
2026-10-01T20:30:35.559452+00:00,LibGen,LibGen.vg,UP,200,1526,,
2026-10-01T20:31:35.231688+00:00,LibGen,LibGen.vg,UP,200,692,,
2026-10-01T20:32:36.600550+00:00,LibGen,LibGen.vg,UP,200,2036,,
2026-10-01T20:33:36.467479+00:00,LibGen,LibGen.vg,UP,200,1396,,
2026-10-01T20:34:37.090605+00:00,LibGen,LibGen.vg,UP,200,1437,,
2026-10-01T20:35:37.357416+00:00,LibGen,LibGen.vg,UP,200,1610,,
2026-10-01T20:36:36.999253+00:00,LibGen,LibGen.vg,UP,200,708,,
2026-10-01T20:37:38.924633+00:00,LibGen,LibGen.vg,UP,200,2218,,
2026-10-01T20:38:39.882079+00:00,LibGen,LibGen.vg,UP,200,1530,,
2026-10-01T20:39:39.452418+00:00,LibGen,LibGen.vg,UP,200,1917,,
2026-10-01T20:40:38.939498+00:00,LibGen,LibGen.vg,UP,200,1285,,
2026-10-01T20:41:41.791790+00:00,LibGen,LibGen.vg,UP,200,1911,,
2026-10-01T20:42:59.146725+00:00,LibGen,LibGen.vg,DOWN,,,connection_refused,
2026-10-01T20:43:39.282816+00:00,LibGen,LibGen.vg,UP,200,1273,,
2026-10-01T20:44:40.494047+00:00,LibGen,LibGen.vg,UP,200,1917,,
2026-10-01T20:45:41.254195+00:00,LibGen,LibGen.vg,UP,200,1440,,
2026-10-01T20:46:41.746720+00:00,LibGen,LibGen.vg,UP,200,1957,,
2026-10-01T20:47:41.243124+00:00,LibGen,LibGen.vg,UP,200,1398,,
2026-10-01T20:48:41.833566+00:00,LibGen,LibGen.vg,UP,200,1655,,
2026-10-01T20:49:42.605422+00:00,LibGen,LibGen.vg,UP,200,1480,,
2026-10-01T20:50:42.144271+00:00,LibGen,LibGen.vg,UP,200,1531,,
2026-10-01T20:51:42.614713+00:00,LibGen,LibGen.vg,UP,200,1263,,
2026-10-01T20:52:42.096662+00:00,LibGen,LibGen.vg,UP,200,702,,
2026-10-01T20:53:44.520649+00:00,LibGen,LibGen.vg,UP,200,1323,,
2026-10-01T20:54:42.996150+00:00,LibGen,LibGen.vg,UP,200,1268,,
2026-10-01T20:55:43.610614+00:00,LibGen,LibGen.vg,UP,200,1365,,
2026-10-01T20:56:44.471153+00:00,LibGen,LibGen.vg,UP,200,1355,,
2026-10-01T20:57:44.819023+00:00,LibGen,LibGen.vg,UP,200,1991,,
2026-10-01T20:58:44.069149+00:00,LibGen,LibGen.vg,UP,200,1305,,
2026-10-01T20:59:45.284843+00:00,LibGen,LibGen.vg,UP,200,1249,,
2026-10-01T21:00:45.008912+00:00,LibGen,LibGen.vg,UP,200,1268,,
2026-10-01T21:01:52.723009+00:00,LibGen,LibGen.vg,UP,200,1430,,
2026-10-01T21:02:45.958577+00:00,LibGen,LibGen.vg,UP,200,1386,,
2026-10-01T21:03:47.759830+00:00,LibGen,LibGen.vg,UP,200,1301,,
2026-10-01T21:04:46.241217+00:00,LibGen,LibGen.vg,UP,200,1435,,
2026-10-01T21:05:47.906709+00:00,LibGen,LibGen.vg,UP,200,1324,,
2026-10-01T21:06:46.946621+00:00,LibGen,LibGen.vg,UP,200,696,,
2026-10-01T21:07:48.173608+00:00,LibGen,LibGen.vg,UP,200,1304,,
2026-10-01T21:08:49.539639+00:00,LibGen,LibGen.vg,UP,200,1999,,
2026-10-01T21:09:51.879312+00:00,LibGen,LibGen.vg,UP,200,1327,,
2026-10-01T21:10:48.298921+00:00,LibGen,LibGen.vg,UP,200,1363,,
2026-10-01T21:11:48.493172+00:00,LibGen,LibGen.vg,UP,200,1299,,
2026-10-01T21:12:49.490572+00:00,LibGen,LibGen.vg,UP,200,1419,,
2026-10-01T21:13:52.043652+00:00,LibGen,LibGen.vg,UP,200,2110,,
2026-10-01T21:14:51.702096+00:00,LibGen,LibGen.vg,UP,200,1373,,
2026-10-01T21:15:50.782159+00:00,LibGen,LibGen.vg,UP,200,1555,,
2026-10-01T21:16:51.850380+00:00,LibGen,LibGen.vg,UP,200,2048,,
2026-10-01T21:17:52.950768+00:00,LibGen,LibGen.vg,DEGRADED,200,3328,latency_high,
2026-10-01T21:18:51.321092+00:00,LibGen,LibGen.vg,UP,200,1401,,
2026-10-01T21:19:51.921985+00:00,LibGen,LibGen.vg,UP,200,1290,,
2026-10-01T21:20:52.347451+00:00,LibGen,LibGen.vg,UP,200,1278,,
2026-10-01T21:21:52.443966+00:00,LibGen,LibGen.vg,UP,200,1476,,
2026-10-01T21:22:53.737368+00:00,LibGen,LibGen.vg,UP,200,1322,,
2026-10-01T21:23:53.713480+00:00,LibGen,LibGen.vg,UP,200,1352,,
2026-10-01T21:24:52.793159+00:00,LibGen,LibGen.vg,DOWN,500,1292,http_error,
2026-10-01T21:25:54.073813+00:00,LibGen,LibGen.vg,UP,200,1433,,
2026-10-01T21:26:54.146502+00:00,LibGen,LibGen.vg,UP,200,1304,,
2026-10-01T21:27:54.236324+00:00,LibGen,LibGen.vg,UP,200,1295,,
2026-10-01T21:28:54.966522+00:00,LibGen,LibGen.vg,UP,200,1898,,
2026-10-01T21:29:55.809027+00:00,LibGen,LibGen.vg,DOWN,500,3058,http_error,
2026-10-01T21:30:57.736674+00:00,LibGen,LibGen.vg,UP,200,2154,,
2026-10-01T21:31:55.583538+00:00,LibGen,LibGen.vg,UP,200,1315,,
2026-10-01T21:32:55.257494+00:00,LibGen,LibGen.vg,UP,200,739,,
2026-10-01T21:33:56.484229+00:00,LibGen,LibGen.vg,UP,200,1370,,
2026-10-01T21:34:57.356744+00:00,LibGen,LibGen.vg,UP,200,1323,,
2026-10-01T21:35:57.585637+00:00,LibGen,LibGen.vg,UP,200,1277,,
2026-10-01T21:36:59.558402+00:00,LibGen,LibGen.vg,UP,200,1979,,
2026-10-01T21:37:57.439925+00:00,LibGen,LibGen.vg,UP,200,1258,,
2026-10-01T21:39:08.370592+00:00,LibGen,LibGen.vg,DEGRADED,200,11487,latency_high,
2026-10-01T21:39:59.262392+00:00,LibGen,LibGen.vg,UP,200,1523,,
2026-10-01T21:40:59.666497+00:00,LibGen,LibGen.vg,UP,200,1311,,
2026-10-01T21:42:00.055958+00:00,LibGen,LibGen.vg,UP,200,781,,
2026-10-01T21:43:02.700131+00:00,LibGen,LibGen.vg,UP,200,1299,,
2026-10-01T21:44:02.101031+00:00,LibGen,LibGen.vg,UP,200,675,,
2026-10-01T21:45:00.972919+00:00,LibGen,LibGen.vg,UP,200,1322,,
2026-10-01T21:46:03.481517+00:00,LibGen,LibGen.vg,UP,200,949,,
2026-10-01T21:47:04.087010+00:00,LibGen,LibGen.vg,UP,200,1293,,
2026-10-01T21:48:07.369593+00:00,LibGen,LibGen.vg,DEGRADED,200,4536,latency_high,
2026-10-01T21:49:04.060171+00:00,LibGen,LibGen.vg,UP,200,2016,,
2026-10-01T21:50:04.810477+00:00,LibGen,LibGen.vg,UP,200,2015,,
2026-10-01T21:51:06.403828+00:00,LibGen,LibGen.vg,UP,200,1404,,
2026-10-01T21:52:04.891835+00:00,LibGen,LibGen.vg,UP,200,1348,,
2026-10-01T21:53:05.104891+00:00,LibGen,LibGen.vg,UP,200,1352,,
2026-10-01T21:54:06.104749+00:00,LibGen,LibGen.vg,UP,200,1249,,
2026-10-01T21:55:05.956556+00:00,LibGen,LibGen.vg,UP,200,1517,,
2026-10-01T21:56:06.362054+00:00,LibGen,LibGen.vg,UP,200,1268,,
2026-10-01T21:57:06.776715+00:00,LibGen,LibGen.vg,UP,200,1344,,
2026-10-01T21:58:07.222279+00:00,LibGen,LibGen.vg,UP,200,1340,,
2026-10-01T21:59:07.013784+00:00,LibGen,LibGen.vg,UP,200,1330,,
2026-10-01T22:00:08.539874+00:00,LibGen,LibGen.vg,UP,200,1594,,
2026-10-01T22:01:08.695750+00:00,LibGen,LibGen.vg,UP,200,1367,,
2026-10-01T22:02:09.035610+00:00,LibGen,LibGen.vg,UP,200,1375,,
2026-10-01T22:03:09.495001+00:00,LibGen,LibGen.vg,UP,200,1292,,
2026-10-01T22:04:10.635420+00:00,LibGen,LibGen.vg,UP,200,1351,,
2026-10-01T22:05:11.928218+00:00,LibGen,LibGen.vg,UP,200,1403,,
2026-10-01T22:06:11.232685+00:00,LibGen,LibGen.vg,UP,200,1434,,
2026-10-01T22:07:14.387897+00:00,LibGen,LibGen.vg,DEGRADED,200,4432,latency_high,
2026-10-01T22:08:12.022330+00:00,LibGen,LibGen.vg,UP,200,1251,,
2026-10-01T22:09:11.213110+00:00,LibGen,LibGen.vg,UP,200,724,,
2026-10-01T22:10:12.723619+00:00,LibGen,LibGen.vg,UP,200,1349,,
2026-10-01T22:11:12.583720+00:00,LibGen,LibGen.vg,UP,200,1555,,
2026-10-01T22:12:13.575350+00:00,LibGen,LibGen.vg,UP,200,1284,,
2026-10-01T22:13:13.298310+00:00,LibGen,LibGen.vg,UP,200,1390,,
2026-10-01T22:14:13.939884+00:00,LibGen,LibGen.vg,UP,200,1359,,
2026-10-01T22:15:14.418854+00:00,LibGen,LibGen.vg,UP,200,1272,,
2026-10-01T22:16:16.077035+00:00,LibGen,LibGen.vg,UP,200,1360,,
2026-10-01T22:17:15.372259+00:00,LibGen,LibGen.vg,UP,200,1316,,
2026-10-01T22:18:15.042702+00:00,LibGen,LibGen.vg,UP,200,1350,,
2026-10-01T22:19:16.127865+00:00,LibGen,LibGen.vg,UP,200,1342,,
2026-10-01T22:20:16.758039+00:00,LibGen,LibGen.vg,UP,200,1477,,
2026-10-01T22:21:16.665776+00:00,LibGen,LibGen.vg,UP,200,1454,,
2026-10-01T22:22:19.970030+00:00,LibGen,LibGen.vg,DEGRADED,200,4406,latency_high,
2026-10-01T22:23:17.758784+00:00,LibGen,LibGen.vg,UP,200,1550,,
2026-10-01T22:24:17.659166+00:00,LibGen,LibGen.vg,UP,200,734,,
2026-10-01T22:25:21.642764+00:00,LibGen,LibGen.vg,DEGRADED,200,4447,latency_high,
2026-10-01T22:26:18.608329+00:00,LibGen,LibGen.vg,UP,200,1237,,
2026-10-01T22:27:20.165580+00:00,LibGen,LibGen.vg,UP,200,1321,,
2026-10-01T22:28:19.816853+00:00,LibGen,LibGen.vg,UP,200,1389,,
2026-10-01T22:29:19.292665+00:00,LibGen,LibGen.vg,UP,200,1315,,
2026-10-01T22:30:20.464561+00:00,LibGen,LibGen.vg,UP,200,1377,,
2026-10-01T22:31:20.855430+00:00,LibGen,LibGen.vg,UP,200,1451,,
2026-10-01T22:32:20.982317+00:00,LibGen,LibGen.vg,UP,200,1366,,
2026-10-01T22:33:22.358411+00:00,LibGen,LibGen.vg,UP,200,1364,,
2026-10-01T22:34:23.533065+00:00,LibGen,LibGen.vg,UP,200,711,,
2026-10-01T22:35:23.624737+00:00,LibGen,LibGen.vg,UP,200,1292,,
2026-10-01T22:36:22.425532+00:00,LibGen,LibGen.vg,UP,200,1289,,
2026-10-01T22:37:24.603945+00:00,LibGen,LibGen.vg,UP,200,1279,,
2026-10-01T22:38:23.557769+00:00,LibGen,LibGen.vg,UP,200,1343,,
2026-10-01T22:39:23.675460+00:00,LibGen,LibGen.vg,UP,200,717,,
2026-10-01T22:40:24.960089+00:00,LibGen,LibGen.vg,UP,200,1389,,
2026-10-01T22:41:25.469512+00:00,LibGen,LibGen.vg,UP,200,1267,,
2026-10-01T22:42:24.921499+00:00,LibGen,LibGen.vg,UP,200,1315,,
2026-10-01T22:43:25.531330+00:00,LibGen,LibGen.vg,UP,200,1233,,
2026-10-01T22:44:27.554405+00:00,LibGen,LibGen.vg,UP,200,1672,,
2026-10-01T22:45:25.951556+00:00,LibGen,LibGen.vg,UP,200,1406,,
2026-10-01T22:46:26.601727+00:00,LibGen,LibGen.vg,UP,200,1421,,
2026-10-01T22:47:32.463526+00:00,LibGen,LibGen.vg,UP,200,2009,,
2026-10-01T22:48:27.393617+00:00,LibGen,LibGen.vg,UP,200,1365,,
2026-10-01T22:49:27.932867+00:00,LibGen,LibGen.vg,UP,200,1354,,
2026-10-01T22:50:34.813361+00:00,LibGen,LibGen.vg,DEGRADED,200,7243,latency_high,
2026-10-01T22:51:29.136123+00:00,LibGen,LibGen.vg,UP,200,1349,,
2026-10-01T22:52:29.688525+00:00,LibGen,LibGen.vg,UP,200,1303,,
2026-10-01T22:53:30.644994+00:00,LibGen,LibGen.vg,UP,200,1305,,
2026-10-01T22:54:34.013555+00:00,LibGen,LibGen.vg,DEGRADED,200,3775,latency_high,
2026-10-01T22:55:31.361267+00:00,LibGen,LibGen.vg,UP,200,1408,,
2026-10-01T22:56:31.523446+00:00,LibGen,LibGen.vg,UP,200,1457,,
2026-10-01T22:57:32.182185+00:00,LibGen,LibGen.vg,UP,200,1434,,
2026-10-01T22:58:34.017210+00:00,LibGen,LibGen.vg,UP,200,1445,,
2026-10-01T22:59:33.592084+00:00,LibGen,LibGen.vg,UP,200,1330,,
2026-10-01T23:00:33.857477+00:00,LibGen,LibGen.vg,UP,200,1461,,
2026-10-01T23:01:34.437568+00:00,LibGen,LibGen.vg,UP,200,1313,,
2026-10-01T23:02:34.606915+00:00,LibGen,LibGen.vg,UP,200,1260,,
2026-10-01T23:03:37.030790+00:00,LibGen,LibGen.vg,DEGRADED,200,3254,latency_high,
2026-10-01T23:04:34.990900+00:00,LibGen,LibGen.vg,UP,200,1289,,
2026-10-01T23:05:35.775708+00:00,LibGen,LibGen.vg,UP,200,1434,,
2026-10-01T23:06:36.032313+00:00,LibGen,LibGen.vg,UP,200,712,,
2026-10-01T23:07:37.255477+00:00,LibGen,LibGen.vg,UP,200,1295,,
2026-10-01T23:08:38.489475+00:00,LibGen,LibGen.vg,UP,200,1250,,
2026-10-01T23:09:37.560572+00:00,LibGen,LibGen.vg,UP,200,1352,,
2026-10-01T23:10:37.909834+00:00,LibGen,LibGen.vg,UP,200,1428,,
2026-10-01T23:11:37.553581+00:00,LibGen,LibGen.vg,UP,200,1373,,
2026-10-01T23:12:38.108791+00:00,LibGen,LibGen.vg,UP,200,1330,,
2026-10-01T23:13:41.784728+00:00,LibGen,LibGen.vg,DEGRADED,200,3450,latency_high,
2026-10-01T23:14:38.931669+00:00,LibGen,LibGen.vg,UP,200,1277,,
2026-10-01T23:15:41.938663+00:00,LibGen,LibGen.vg,DEGRADED,200,4475,latency_high,
2026-10-01T23:16:39.415722+00:00,LibGen,LibGen.vg,UP,200,1358,,
2026-10-01T23:17:40.020519+00:00,LibGen,LibGen.vg,UP,200,1355,,
2026-10-01T23:18:41.511619+00:00,LibGen,LibGen.vg,UP,200,2455,,
2026-10-01T23:19:43.038457+00:00,LibGen,LibGen.vg,DEGRADED,200,3145,latency_high,
2026-10-01T23:20:41.955846+00:00,LibGen,LibGen.vg,UP,200,1294,,
2026-10-01T23:21:42.484962+00:00,LibGen,LibGen.vg,UP,200,1260,,
2026-10-01T23:22:42.765732+00:00,LibGen,LibGen.vg,UP,200,1269,,
2026-10-01T23:23:43.143975+00:00,LibGen,LibGen.vg,UP,200,1293,,
2026-10-01T23:24:43.242579+00:00,LibGen,LibGen.vg,UP,200,1302,,
2026-10-01T23:25:43.203870+00:00,LibGen,LibGen.vg,UP,200,1337,,
2026-10-01T23:26:44.527176+00:00,LibGen,LibGen.vg,UP,200,1240,,
2026-10-01T23:27:44.541532+00:00,LibGen,LibGen.vg,UP,200,1333,,
2026-10-01T23:28:44.009931+00:00,LibGen,LibGen.vg,UP,200,1334,,
2026-10-01T23:29:46.131757+00:00,LibGen,LibGen.vg,UP,200,2096,,
2026-10-01T23:30:46.162011+00:00,LibGen,LibGen.vg,UP,200,1567,,
2026-10-01T23:31:46.840794+00:00,LibGen,LibGen.vg,UP,200,1475,,
2026-10-01T23:32:46.676136+00:00,LibGen,LibGen.vg,UP,200,1386,,
2026-10-01T23:33:47.118566+00:00,LibGen,LibGen.vg,UP,200,1367,,
2026-10-01T23:34:50.415576+00:00,LibGen,LibGen.vg,DEGRADED,200,3756,latency_high,
2026-10-01T23:35:47.596176+00:00,LibGen,LibGen.vg,UP,200,1287,,
2026-10-01T23:36:48.485311+00:00,LibGen,LibGen.vg,UP,200,1336,,
2026-10-01T23:37:48.577695+00:00,LibGen,LibGen.vg,UP,200,1993,,
2026-10-01T23:38:49.078316+00:00,LibGen,LibGen.vg,UP,200,1341,,
2026-10-01T23:39:48.890481+00:00,LibGen,LibGen.vg,UP,200,1266,,
2026-10-01T23:40:49.160164+00:00,LibGen,LibGen.vg,UP,200,1335,,
2026-10-01T23:41:49.418355+00:00,LibGen,LibGen.vg,UP,200,1267,,
2026-10-01T23:42:51.489972+00:00,LibGen,LibGen.vg,UP,200,1292,,
2026-10-01T23:43:49.727532+00:00,LibGen,LibGen.vg,UP,200,710,,
2026-10-01T23:44:51.358519+00:00,LibGen,LibGen.vg,UP,200,1286,,
2026-10-01T23:45:51.465990+00:00,LibGen,LibGen.vg,UP,200,1620,,
2026-10-01T23:46:52.656119+00:00,LibGen,LibGen.vg,UP,200,1383,,
2026-10-01T23:47:57.243579+00:00,LibGen,LibGen.vg,DEGRADED,200,4491,latency_high,
2026-10-01T23:48:53.408910+00:00,LibGen,LibGen.vg,UP,200,1257,,
2026-10-01T23:49:54.803820+00:00,LibGen,LibGen.vg,UP,200,1920,,
2026-10-01T23:50:58.366889+00:00,LibGen,LibGen.vg,UP,200,1322,,
2026-10-01T23:51:54.843190+00:00,LibGen,LibGen.vg,UP,200,1267,,
2026-10-01T23:52:54.336662+00:00,LibGen,LibGen.vg,UP,200,1292,,
2026-10-01T23:53:53.968978+00:00,LibGen,LibGen.vg,UP,200,707,,
2026-10-01T23:55:14.091904+00:00,LibGen,LibGen.vg,TIMEOUT,,,timeout,
2026-10-01T23:56:14.440695+00:00,LibGen,LibGen.vg,TIMEOUT,,,timeout,
2026-10-01T23:57:14.592111+00:00,LibGen,LibGen.vg,TIMEOUT,,,timeout,
2026-10-01T23:58:14.820819+00:00,LibGen,LibGen.vg,TIMEOUT,,,timeout,
2026-10-01T23:59:14.940708+00:00,LibGen,LibGen.vg,TIMEOUT,,,timeout,
2026-10-01T23:59:56.579922+00:00,LibGen,LibGen.vg,UP,200,1719,,
2026-10-02T00:00:57.530421+00:00,LibGen,LibGen.vg,UP,200,1363,,
2026-10-02T00:01:58.103543+00:00,LibGen,LibGen.vg,UP,200,1357,,
2026-10-02T00:02:59.021809+00:00,LibGen,LibGen.vg,UP,200,1942,,
2026-10-02T00:03:57.877890+00:00,LibGen,LibGen.vg,UP,200,1281,,
2026-10-02T00:04:59.621576+00:00,LibGen,LibGen.vg,UP,200,1375,,
2026-10-02T00:06:02.724261+00:00,LibGen,LibGen.vg,UP,200,1309,,
2026-10-02T00:06:59.587908+00:00,LibGen,LibGen.vg,UP,200,1331,,
2026-10-02T00:08:00.395405+00:00,LibGen,LibGen.vg,UP,200,1254,,
2026-10-02T00:09:00.805212+00:00,LibGen,LibGen.vg,UP,200,1306,,
2026-10-02T00:10:02.453310+00:00,LibGen,LibGen.vg,UP,200,1929,,
2026-10-02T00:11:02.591900+00:00,LibGen,LibGen.vg,UP,200,2110,,
2026-10-02T00:12:03.665766+00:00,LibGen,LibGen.vg,UP,200,1411,,
2026-10-02T00:13:03.991813+00:00,LibGen,LibGen.vg,UP,200,1409,,
2026-10-02T00:14:03.195636+00:00,LibGen,LibGen.vg,UP,200,721,,
2026-10-02T00:15:03.917637+00:00,LibGen,LibGen.vg,UP,200,1798,,
2026-10-02T00:16:05.922445+00:00,LibGen,LibGen.vg,UP,200,2045,,
2026-10-02T00:17:08.538828+00:00,LibGen,LibGen.vg,UP,200,1364,,
2026-10-02T00:18:09.528878+00:00,LibGen,LibGen.vg,DEGRADED,200,5017,latency_high,
2026-10-02T00:19:07.500211+00:00,LibGen,LibGen.vg,UP,200,1355,,
2026-10-02T00:20:07.112766+00:00,LibGen,LibGen.vg,UP,200,1407,,
2026-10-02T00:21:08.448457+00:00,LibGen,LibGen.vg,UP,200,1293,,
2026-10-02T00:22:07.195416+00:00,LibGen,LibGen.vg,UP,200,1321,,
2026-10-02T00:23:08.512322+00:00,LibGen,LibGen.vg,UP,200,1243,,
2026-10-02T00:24:07.649514+00:00,LibGen,LibGen.vg,UP,200,716,,
2026-10-02T00:25:08.774203+00:00,LibGen,LibGen.vg,UP,200,1404,,
2026-10-02T00:26:08.962267+00:00,LibGen,LibGen.vg,UP,200,1336,,
2026-10-02T00:27:10.975694+00:00,LibGen,LibGen.vg,DEGRADED,200,3094,latency_high,
2026-10-02T00:28:10.213300+00:00,LibGen,LibGen.vg,UP,200,1315,,
2026-10-02T00:29:10.041085+00:00,LibGen,LibGen.vg,UP,200,1354,,
2026-10-02T00:30:13.529581+00:00,LibGen,LibGen.vg,DEGRADED,200,4561,latency_high,
2026-10-02T00:31:10.116893+00:00,LibGen,LibGen.vg,UP,200,717,,
2026-10-02T00:32:11.556016+00:00,LibGen,LibGen.vg,UP,200,1917,,
2026-10-02T00:33:13.912527+00:00,LibGen,LibGen.vg,UP,200,1930,,
2026-10-02T00:34:11.128674+00:00,LibGen,LibGen.vg,UP,200,690,,
2026-10-02T00:35:12.586043+00:00,LibGen,LibGen.vg,UP,200,1373,,
2026-10-02T00:36:14.971898+00:00,LibGen,LibGen.vg,DEGRADED,200,3142,latency_high,
2026-10-02T00:37:13.565207+00:00,LibGen,LibGen.vg,UP,200,1220,,
2026-10-02T00:38:13.931484+00:00,LibGen,LibGen.vg,UP,200,1377,,
2026-10-02T00:39:15.268375+00:00,LibGen,LibGen.vg,UP,200,2794,,
2026-10-02T00:40:15.267217+00:00,LibGen,LibGen.vg,UP,200,1348,,
2026-10-02T00:41:15.358950+00:00,LibGen,LibGen.vg,UP,200,1590,,
2026-10-02T00:42:16.982302+00:00,LibGen,LibGen.vg,UP,200,1397,,
2026-10-02T00:43:16.260963+00:00,LibGen,LibGen.vg,UP,200,1306,,
2026-10-02T00:44:15.863874+00:00,LibGen,LibGen.vg,UP,200,1283,,
2026-10-02T00:45:17.972597+00:00,LibGen,LibGen.vg,UP,200,1405,,
2026-10-02T00:46:18.880682+00:00,LibGen,LibGen.vg,DEGRADED,200,3343,latency_high,
2026-10-02T00:47:17.075132+00:00,LibGen,LibGen.vg,UP,200,1282,,
2026-10-02T00:48:17.908212+00:00,LibGen,LibGen.vg,UP,200,1297,,
2026-10-02T00:49:17.981458+00:00,LibGen,LibGen.vg,UP,200,1350,,
2026-10-02T00:50:19.116647+00:00,LibGen,LibGen.vg,UP,200,1533,,
2026-10-02T00:51:19.506181+00:00,LibGen,LibGen.vg,UP,200,681,,
2026-10-02T00:52:18.830526+00:00,LibGen,LibGen.vg,UP,200,1303,,
2026-10-02T00:53:19.494065+00:00,LibGen,LibGen.vg,UP,200,1439,,
2026-10-02T00:54:24.003068+00:00,LibGen,LibGen.vg,UP,200,1513,,
2026-10-02T00:55:21.416253+00:00,LibGen,LibGen.vg,UP,200,1336,,
2026-10-02T00:56:21.756865+00:00,LibGen,LibGen.vg,UP,200,1355,,
2026-10-02T00:57:22.225446+00:00,LibGen,LibGen.vg,UP,200,2130,,
2026-10-02T00:58:21.664192+00:00,LibGen,LibGen.vg,UP,200,1251,,
2026-10-02T00:59:23.168224+00:00,LibGen,LibGen.vg,UP,200,1982,,
2026-10-02T01:00:26.052327+00:00,LibGen,LibGen.vg,DEGRADED,200,4733,latency_high,
2026-10-02T01:01:25.320315+00:00,LibGen,LibGen.vg,UP,200,1493,,
2026-10-02T01:02:24.615266+00:00,LibGen,LibGen.vg,UP,200,1247,,
2026-10-02T01:03:29.600613+00:00,LibGen,LibGen.vg,DEGRADED,200,5496,latency_high,
2026-10-02T01:04:24.472670+00:00,LibGen,LibGen.vg,UP,200,1374,,
2026-10-02T01:05:24.885925+00:00,LibGen,LibGen.vg,UP,200,1309,,
2026-10-02T01:06:26.772461+00:00,LibGen,LibGen.vg,UP,200,2177,,
2026-10-02T01:07:28.598917+00:00,LibGen,LibGen.vg,UP,200,1405,,
2026-10-02T01:08:27.005041+00:00,LibGen,LibGen.vg,UP,200,1393,,
2026-10-02T01:09:29.670440+00:00,LibGen,LibGen.vg,UP,200,1359,,
2026-10-02T01:10:28.741991+00:00,LibGen,LibGen.vg,UP,200,1298,,
2026-10-02T01:11:29.209621+00:00,LibGen,LibGen.vg,UP,200,1315,,
2026-10-02T01:12:28.775723+00:00,LibGen,LibGen.vg,UP,200,1294,,
2026-10-02T01:13:33.494666+00:00,LibGen,LibGen.vg,UP,200,1229,,
2026-10-02T01:14:29.222171+00:00,LibGen,LibGen.vg,UP,200,1264,,
2026-10-02T01:15:29.673774+00:00,LibGen,LibGen.vg,UP,200,1403,,
2026-10-02T01:16:32.352224+00:00,LibGen,LibGen.vg,UP,200,1443,,
2026-10-02T01:17:31.066428+00:00,LibGen,LibGen.vg,UP,200,1492,,
2026-10-02T01:18:31.620715+00:00,LibGen,LibGen.vg,UP,200,1415,,
2026-10-02T01:19:33.389224+00:00,LibGen,LibGen.vg,UP,200,2200,,
2026-10-02T01:20:32.575266+00:00,LibGen,LibGen.vg,UP,200,1392,,
2026-10-02T01:21:32.896549+00:00,LibGen,LibGen.vg,UP,200,719,,
2026-10-02T01:22:34.649388+00:00,LibGen,LibGen.vg,UP,200,1273,,
2026-10-02T01:23:37.725513+00:00,LibGen,LibGen.vg,DEGRADED,200,4348,latency_high,
2026-10-02T01:24:35.241935+00:00,LibGen,LibGen.vg,UP,200,1267,,
2026-10-02T01:25:35.480797+00:00,LibGen,LibGen.vg,UP,200,1322,,
2026-10-02T01:26:36.310550+00:00,LibGen,LibGen.vg,UP,200,709,,
2026-10-02T01:27:35.804801+00:00,LibGen,LibGen.vg,UP,200,1299,,
2026-10-02T01:28:35.955720+00:00,LibGen,LibGen.vg,UP,200,1274,,
2026-10-02T01:29:37.408678+00:00,LibGen,LibGen.vg,UP,200,1302,,
2026-10-02T01:30:36.765212+00:00,LibGen,LibGen.vg,DOWN,500,1325,http_error,
2026-10-02T01:31:38.856040+00:00,LibGen,LibGen.vg,UP,200,1409,,
2026-10-02T01:32:39.255915+00:00,LibGen,LibGen.vg,UP,200,1307,,
2026-10-02T01:33:39.896703+00:00,LibGen,LibGen.vg,UP,200,1408,,
2026-10-02T01:34:39.244563+00:00,LibGen,LibGen.vg,UP,200,1321,,
2026-10-02T01:35:39.772617+00:00,LibGen,LibGen.vg,UP,200,1293,,
2026-10-02T01:36:41.165466+00:00,LibGen,LibGen.vg,UP,200,1665,,
2026-10-02T01:37:40.738495+00:00,LibGen,LibGen.vg,UP,200,1286,,
2026-10-02T01:38:41.700559+00:00,LibGen,LibGen.vg,UP,200,1331,,
2026-10-02T01:39:42.343650+00:00,LibGen,LibGen.vg,UP,200,1316,,
2026-10-02T01:40:44.128524+00:00,LibGen,LibGen.vg,UP,200,1326,,
2026-10-02T01:41:41.565742+00:00,LibGen,LibGen.vg,UP,200,1284,,
2026-10-02T01:42:42.668947+00:00,LibGen,LibGen.vg,UP,200,1277,,
2026-10-02T01:43:43.729587+00:00,LibGen,LibGen.vg,UP,200,1322,,
2026-10-02T01:44:43.427129+00:00,LibGen,LibGen.vg,UP,200,1258,,
2026-10-02T01:45:44.401845+00:00,LibGen,LibGen.vg,UP,200,1950,,
2026-10-02T01:46:45.265674+00:00,LibGen,LibGen.vg,UP,200,1337,,
2026-10-02T01:47:45.405293+00:00,LibGen,LibGen.vg,UP,200,1318,,
2026-10-02T01:48:44.088192+00:00,LibGen,LibGen.vg,UP,200,1321,,
2026-10-02T01:49:45.114176+00:00,LibGen,LibGen.vg,UP,200,1278,,
2026-10-02T01:50:45.847715+00:00,LibGen,LibGen.vg,UP,200,1998,,
2026-10-02T01:51:45.230472+00:00,LibGen,LibGen.vg,UP,200,1355,,
2026-10-02T01:52:47.690855+00:00,LibGen,LibGen.vg,UP,200,2092,,
2026-10-02T01:53:44.949708+00:00,LibGen,LibGen.vg,UP,200,712,,
2026-10-02T01:54:46.752344+00:00,LibGen,LibGen.vg,UP,200,1292,,
2026-10-02T01:55:49.320219+00:00,LibGen,LibGen.vg,UP,200,2355,,
2026-10-02T01:56:48.956023+00:00,LibGen,LibGen.vg,DEGRADED,200,3227,latency_high,
2026-10-02T01:57:47.797346+00:00,LibGen,LibGen.vg,UP,200,1387,,
2026-10-02T01:58:47.678227+00:00,LibGen,LibGen.vg,UP,200,694,,
2026-10-02T01:59:47.211613+00:00,LibGen,LibGen.vg,UP,200,703,,
2026-10-02T02:00:51.651545+00:00,LibGen,LibGen.vg,DEGRADED,200,3322,latency_high,
2026-10-02T02:02:08.172655+00:00,LibGen,LibGen.vg,TIMEOUT,,,timeout,
2026-10-02T02:03:08.338867+00:00,LibGen,LibGen.vg,TIMEOUT,,,timeout,
2026-10-02T02:04:09.223181+00:00,LibGen,LibGen.vg,TIMEOUT,,,timeout,
2026-10-02T02:04:50.891044+00:00,LibGen,LibGen.vg,UP,200,1379,,
2026-10-02T02:05:52.113848+00:00,LibGen,LibGen.vg,UP,200,1345,,
2026-10-02T02:06:51.829725+00:00,LibGen,LibGen.vg,UP,200,1401,,
2026-10-02T02:07:51.676261+00:00,LibGen,LibGen.vg,UP,200,725,,
2026-10-02T02:08:54.590075+00:00,LibGen,LibGen.vg,UP,200,1969,,
2026-10-02T02:09:52.011522+00:00,LibGen,LibGen.vg,UP,200,731,,
2026-10-02T02:10:52.697857+00:00,LibGen,LibGen.vg,UP,200,733,,
2026-10-02T02:11:53.477146+00:00,LibGen,LibGen.vg,UP,200,680,,
2026-10-02T02:12:55.815243+00:00,LibGen,LibGen.vg,UP,200,1281,,
2026-10-02T02:13:54.498268+00:00,LibGen,LibGen.vg,UP,200,1268,,
2026-10-02T02:14:54.566436+00:00,LibGen,LibGen.vg,UP,200,713,,
2026-10-02T02:15:55.406158+00:00,LibGen,LibGen.vg,UP,200,1268,,
2026-10-02T02:17:00.061783+00:00,LibGen,LibGen.vg,UP,200,1329,,
2026-10-02T02:17:57.014441+00:00,LibGen,LibGen.vg,UP,200,1317,,
2026-10-02T02:18:56.530832+00:00,LibGen,LibGen.vg,UP,200,1305,,
2026-10-02T02:19:57.102972+00:00,LibGen,LibGen.vg,UP,200,1261,,
2026-10-02T02:20:58.355591+00:00,LibGen,LibGen.vg,UP,200,1343,,
2026-10-02T02:21:57.389326+00:00,LibGen,LibGen.vg,UP,200,677,,
2026-10-02T02:22:58.347795+00:00,LibGen,LibGen.vg,UP,200,1317,,
2026-10-02T02:23:59.061479+00:00,LibGen,LibGen.vg,UP,200,1382,,
2026-10-02T02:24:59.351468+00:00,LibGen,LibGen.vg,UP,200,1296,,
2026-10-02T02:26:00.161587+00:00,LibGen,LibGen.vg,UP,200,1314,,
2026-10-02T02:27:00.811074+00:00,LibGen,LibGen.vg,UP,200,1388,,
2026-10-02T02:28:01.527604+00:00,LibGen,LibGen.vg,UP,200,1233,,
2026-10-02T02:29:03.880245+00:00,LibGen,LibGen.vg,DEGRADED,200,3257,latency_high,
2026-10-02T02:30:02.965557+00:00,LibGen,LibGen.vg,UP,200,1360,,
2026-10-02T02:31:02.568468+00:00,LibGen,LibGen.vg,UP,200,1430,,
2026-10-02T02:32:03.532753+00:00,LibGen,LibGen.vg,UP,200,1990,,
2026-10-02T02:33:03.594484+00:00,LibGen,LibGen.vg,UP,200,1467,,
2026-10-02T02:34:05.168589+00:00,LibGen,LibGen.vg,UP,200,2097,,
2026-10-02T02:35:05.768050+00:00,LibGen,LibGen.vg,UP,200,1643,,
2026-10-02T02:36:05.596486+00:00,LibGen,LibGen.vg,UP,200,1248,,
2026-10-02T02:37:05.714185+00:00,LibGen,LibGen.vg,UP,200,1524,,
2026-10-02T02:38:08.305490+00:00,LibGen,LibGen.vg,UP,200,1325,,
2026-10-02T02:39:06.379935+00:00,LibGen,LibGen.vg,UP,200,1279,,
2026-10-02T02:40:07.209398+00:00,LibGen,LibGen.vg,UP,200,1335,,
2026-10-02T02:41:08.391386+00:00,LibGen,LibGen.vg,UP,200,2817,,
2026-10-02T02:42:07.658698+00:00,LibGen,LibGen.vg,UP,200,1521,,
2026-10-02T02:43:09.449678+00:00,LibGen,LibGen.vg,UP,200,1506,,
2026-10-02T02:44:08.680865+00:00,LibGen,LibGen.vg,UP,200,1364,,
2026-10-02T02:45:10.318201+00:00,LibGen,LibGen.vg,UP,200,1451,,
2026-10-02T02:46:10.932928+00:00,LibGen,LibGen.vg,UP,200,1864,,
2026-10-02T02:47:14.278372+00:00,LibGen,LibGen.vg,UP,200,1347,,
2026-10-02T02:48:14.257667+00:00,LibGen,LibGen.vg,UP,200,1331,,
2026-10-02T02:49:11.170414+00:00,LibGen,LibGen.vg,UP,200,1605,,
2026-10-02T02:50:12.423711+00:00,LibGen,LibGen.vg,UP,200,2232,,
2026-10-02T02:51:11.670482+00:00,LibGen,LibGen.vg,UP,200,1435,,
2026-10-02T02:52:11.944399+00:00,LibGen,LibGen.vg,UP,200,1289,,
2026-10-02T02:53:14.478815+00:00,LibGen,LibGen.vg,UP,200,1321,,
2026-10-02T02:54:12.706936+00:00,LibGen,LibGen.vg,UP,200,724,,
2026-10-02T02:55:13.231280+00:00,LibGen,LibGen.vg,UP,200,1392,,
2026-10-02T02:56:14.278472+00:00,LibGen,LibGen.vg,UP,200,1423,,
2026-10-02T02:57:18.249814+00:00,LibGen,LibGen.vg,DEGRADED,200,4921,latency_high,
2026-10-02T02:58:16.573268+00:00,LibGen,LibGen.vg,UP,200,2036,,
2026-10-02T02:59:14.949091+00:00,LibGen,LibGen.vg,UP,200,716,,
2026-10-02T03:00:16.645141+00:00,LibGen,LibGen.vg,UP,200,2028,,
2026-10-02T03:01:19.639734+00:00,LibGen,LibGen.vg,DEGRADED,200,4686,latency_high,
2026-10-02T03:02:16.589048+00:00,LibGen,LibGen.vg,UP,200,1327,,
2026-10-02T03:03:17.622451+00:00,LibGen,LibGen.vg,UP,200,1386,,
2026-10-02T03:04:19.003534+00:00,LibGen,LibGen.vg,UP,200,1328,,
2026-10-02T03:05:21.418441+00:00,LibGen,LibGen.vg,UP,200,2053,,
2026-10-02T03:06:20.597448+00:00,LibGen,LibGen.vg,UP,200,1290,,
2026-10-02T03:07:20.189414+00:00,LibGen,LibGen.vg,UP,200,1318,,
2026-10-02T03:08:22.246116+00:00,LibGen,LibGen.vg,UP,200,2825,,
2026-10-02T03:09:22.176735+00:00,LibGen,LibGen.vg,UP,200,1362,,
2026-10-02T03:10:21.478526+00:00,LibGen,LibGen.vg,UP,200,1329,,
2026-10-02T03:11:20.974452+00:00,LibGen,LibGen.vg,UP,200,699,,
2026-10-02T03:12:22.758451+00:00,LibGen,LibGen.vg,UP,200,1247,,
2026-10-02T03:13:22.128609+00:00,LibGen,LibGen.vg,UP,200,1315,,
2026-10-02T03:14:24.219757+00:00,LibGen,LibGen.vg,UP,200,2314,,
2026-10-02T03:15:24.685747+00:00,LibGen,LibGen.vg,DEGRADED,200,3135,latency_high,
2026-10-02T03:16:23.942349+00:00,LibGen,LibGen.vg,UP,200,1354,,
2026-10-02T03:17:23.541420+00:00,LibGen,LibGen.vg,UP,200,1338,,
2026-10-02T03:18:25.004332+00:00,LibGen,LibGen.vg,UP,200,1858,,
2026-10-02T03:19:25.977423+00:00,LibGen,LibGen.vg,UP,200,1259,,
2026-10-02T03:20:25.312691+00:00,LibGen,LibGen.vg,UP,200,737,,
2026-10-02T03:21:27.122663+00:00,LibGen,LibGen.vg,UP,200,1433,,
2026-10-02T03:22:29.114678+00:00,LibGen,LibGen.vg,UP,200,2192,,
2026-10-02T03:23:26.842491+00:00,LibGen,LibGen.vg,UP,200,693,,
2026-10-02T03:24:28.787648+00:00,LibGen,LibGen.vg,UP,200,1282,,
2026-10-02T03:25:29.488035+00:00,LibGen,LibGen.vg,UP,200,1859,,
2026-10-02T03:26:29.116970+00:00,LibGen,LibGen.vg,UP,200,1331,,
2026-10-02T03:27:34.106826+00:00,LibGen,LibGen.vg,DEGRADED,200,4506,latency_high,
2026-10-02T03:28:28.810127+00:00,LibGen,LibGen.vg,UP,200,1240,,
2026-10-02T03:29:30.508034+00:00,LibGen,LibGen.vg,UP,200,1333,,
2026-10-02T03:30:30.710683+00:00,LibGen,LibGen.vg,UP,200,1357,,
2026-10-02T03:31:31.580842+00:00,LibGen,LibGen.vg,UP,200,1339,,
2026-10-02T03:32:31.781105+00:00,LibGen,LibGen.vg,UP,200,1381,,
2026-10-02T03:33:32.869997+00:00,LibGen,LibGen.vg,UP,200,1397,,
2026-10-02T03:34:32.715421+00:00,LibGen,LibGen.vg,UP,200,1364,,
2026-10-02T03:35:53.023693+00:00,LibGen,LibGen.vg,DOWN,,,connection_refused,
2026-10-02T03:36:33.464048+00:00,LibGen,LibGen.vg,UP,200,1327,,
2026-10-02T03:37:34.680842+00:00,LibGen,LibGen.vg,UP,200,1265,,
2026-10-02T03:38:33.689933+00:00,LibGen,LibGen.vg,UP,200,682,,
2026-10-02T03:39:35.062659+00:00,LibGen,LibGen.vg,UP,200,1279,,
2026-10-02T03:40:35.000940+00:00,LibGen,LibGen.vg,UP,200,1365,,
2026-10-02T03:41:34.936933+00:00,LibGen,LibGen.vg,UP,200,686,,
2026-10-02T03:42:36.070824+00:00,LibGen,LibGen.vg,UP,200,887,,
2026-10-02T03:43:36.296036+00:00,LibGen,LibGen.vg,UP,200,1342,,
2026-10-02T03:44:37.140613+00:00,LibGen,LibGen.vg,UP,200,1336,,
2026-10-02T03:45:38.590134+00:00,LibGen,LibGen.vg,UP,200,1356,,
2026-10-02T03:46:38.287357+00:00,LibGen,LibGen.vg,UP,200,2068,,
2026-10-02T03:47:38.109692+00:00,LibGen,LibGen.vg,UP,200,1257,,
2026-10-02T03:48:37.927212+00:00,LibGen,LibGen.vg,UP,200,1361,,
2026-10-02T03:49:41.061058+00:00,LibGen,LibGen.vg,DEGRADED,200,3773,latency_high,
2026-10-02T03:50:38.745441+00:00,LibGen,LibGen.vg,UP,200,714,,
2026-10-02T03:51:39.596017+00:00,LibGen,LibGen.vg,UP,200,1952,,
2026-10-02T03:52:40.475952+00:00,LibGen,LibGen.vg,UP,200,1239,,
2026-10-02T03:53:43.087843+00:00,LibGen,LibGen.vg,DEGRADED,200,4382,latency_high,
2026-10-02T03:54:39.602642+00:00,LibGen,LibGen.vg,UP,200,1269,,
2026-10-02T03:55:40.863593+00:00,LibGen,LibGen.vg,UP,200,1381,,
2026-10-02T03:56:40.683181+00:00,LibGen,LibGen.vg,UP,200,1705,,
2026-10-02T03:57:42.321799+00:00,LibGen,LibGen.vg,UP,200,1324,,
2026-10-02T03:58:41.649379+00:00,LibGen,LibGen.vg,UP,200,1279,,
2026-10-02T03:59:41.736912+00:00,LibGen,LibGen.vg,UP,200,1321,,
2026-10-02T04:00:43.950774+00:00,LibGen,LibGen.vg,UP,200,1364,,
2026-10-02T04:01:42.802904+00:00,LibGen,LibGen.vg,UP,200,796,,
2026-10-02T04:02:44.409682+00:00,LibGen,LibGen.vg,UP,200,703,,
2026-10-02T04:03:45.648175+00:00,LibGen,LibGen.vg,UP,200,1349,,
2026-10-02T04:04:45.825491+00:00,LibGen,LibGen.vg,UP,200,1291,,
2026-10-02T04:05:45.383783+00:00,LibGen,LibGen.vg,UP,200,693,,
2026-10-02T04:06:47.119763+00:00,LibGen,LibGen.vg,UP,200,1453,,
2026-10-02T04:07:47.083084+00:00,LibGen,LibGen.vg,UP,200,1280,,
2026-10-02T04:08:53.065979+00:00,LibGen,LibGen.vg,DEGRADED,200,5089,latency_high,
2026-10-02T04:09:48.387534+00:00,LibGen,LibGen.vg,UP,200,1326,,
2026-10-02T04:10:49.335138+00:00,LibGen,LibGen.vg,UP,200,1349,,
2026-10-02T04:11:49.536208+00:00,LibGen,LibGen.vg,UP,200,1263,,
2026-10-02T04:12:49.996238+00:00,LibGen,LibGen.vg,UP,200,1269,,
2026-10-02T04:13:50.113525+00:00,LibGen,LibGen.vg,UP,200,1498,,
2026-10-02T04:14:50.832952+00:00,LibGen,LibGen.vg,UP,200,1275,,
2026-10-02T04:15:50.990016+00:00,LibGen,LibGen.vg,UP,200,1303,,
2026-10-02T04:16:50.747641+00:00,LibGen,LibGen.vg,UP,200,1343,,
2026-10-02T04:17:52.649958+00:00,LibGen,LibGen.vg,UP,200,1250,,
2026-10-02T04:18:52.358824+00:00,LibGen,LibGen.vg,UP,200,1391,,
2026-10-02T04:19:52.912653+00:00,LibGen,LibGen.vg,UP,200,2066,,
2026-10-02T04:20:57.025037+00:00,LibGen,LibGen.vg,UP,200,1367,,
2026-10-02T04:21:55.422993+00:00,LibGen,LibGen.vg,UP,200,1273,,
2026-10-02T04:22:52.984660+00:00,LibGen,LibGen.vg,UP,200,677,,
2026-10-02T04:23:55.664482+00:00,LibGen,LibGen.vg,UP,200,2048,,
2026-10-02T04:24:54.611363+00:00,LibGen,LibGen.vg,UP,200,1236,,
2026-10-02T04:25:55.674100+00:00,LibGen,LibGen.vg,UP,200,1857,,
2026-10-02T04:26:55.217944+00:00,LibGen,LibGen.vg,UP,200,1337,,
2026-10-02T04:27:57.163554+00:00,LibGen,LibGen.vg,UP,200,1925,,
2026-10-02T04:28:56.095805+00:00,LibGen,LibGen.vg,UP,200,1245,,
2026-10-02T04:29:57.001850+00:00,LibGen,LibGen.vg,UP,200,1249,,
2026-10-02T04:30:57.085217+00:00,LibGen,LibGen.vg,UP,200,1493,,
2026-10-02T04:31:57.634246+00:00,LibGen,LibGen.vg,UP,200,1298,,
2026-10-02T04:32:58.297985+00:00,LibGen,LibGen.vg,UP,200,981,,
2026-10-02T04:34:02.788638+00:00,LibGen,LibGen.vg,UP,200,1316,,
2026-10-02T04:34:59.812912+00:00,LibGen,LibGen.vg,UP,200,1338,,
2026-10-02T04:36:00.652191+00:00,LibGen,LibGen.vg,UP,200,1369,,
2026-10-02T04:37:01.201731+00:00,LibGen,LibGen.vg,UP,200,1320,,
2026-10-02T04:38:02.534749+00:00,LibGen,LibGen.vg,UP,200,1440,,
2026-10-02T04:39:02.269999+00:00,LibGen,LibGen.vg,UP,200,1427,,
2026-10-02T04:40:02.611121+00:00,LibGen,LibGen.vg,UP,200,1543,,
2026-10-02T04:41:04.117500+00:00,LibGen,LibGen.vg,UP,200,1541,,
2026-10-02T04:42:04.148735+00:00,LibGen,LibGen.vg,UP,200,1274,,
2026-10-02T04:43:05.552636+00:00,LibGen,LibGen.vg,UP,200,2109,,
2026-10-02T04:44:05.407569+00:00,LibGen,LibGen.vg,UP,200,1405,,
2026-10-02T04:45:25.196129+00:00,LibGen,LibGen.vg,TIMEOUT,,,timeout,
2026-10-02T04:46:06.496871+00:00,LibGen,LibGen.vg,UP,200,1257,,
2026-10-02T04:47:07.556652+00:00,LibGen,LibGen.vg,UP,200,1314,,
2026-10-02T04:48:11.281207+00:00,LibGen,LibGen.vg,UP,200,1340,,
2026-10-02T04:49:07.493594+00:00,LibGen,LibGen.vg,UP,200,1307,,
2026-10-02T04:50:07.823098+00:00,LibGen,LibGen.vg,UP,200,1359,,
2026-10-02T04:51:08.770253+00:00,LibGen,LibGen.vg,UP,200,1344,,
2026-10-02T04:52:08.767686+00:00,LibGen,LibGen.vg,UP,200,1245,,
2026-10-02T04:53:10.847098+00:00,LibGen,LibGen.vg,UP,200,1369,,
2026-10-02T04:54:10.400792+00:00,LibGen,LibGen.vg,UP,200,1956,,
2026-10-02T04:55:10.035590+00:00,LibGen,LibGen.vg,UP,200,1315,,
2026-10-02T04:56:11.433437+00:00,LibGen,LibGen.vg,UP,200,1290,,
2026-10-02T04:57:11.352910+00:00,LibGen,LibGen.vg,UP,200,1236,,
2026-10-02T04:58:13.067793+00:00,LibGen,LibGen.vg,UP,200,1359,,
2026-10-02T04:59:12.587953+00:00,LibGen,LibGen.vg,UP,200,1362,,
2026-10-02T05:00:14.126188+00:00,LibGen,LibGen.vg,UP,200,1360,,
2026-10-02T05:01:14.157104+00:00,LibGen,LibGen.vg,UP,200,1351,,
2026-10-02T05:02:15.022661+00:00,LibGen,LibGen.vg,UP,200,2255,,
2026-10-02T05:03:14.328421+00:00,LibGen,LibGen.vg,UP,200,703,,
2026-10-02T05:04:16.446973+00:00,LibGen,LibGen.vg,UP,200,1305,,
2026-10-02T05:05:20.943592+00:00,LibGen,LibGen.vg,DEGRADED,200,3629,latency_high,
2026-10-02T05:06:17.469424+00:00,LibGen,LibGen.vg,UP,200,1948,,
2026-10-02T05:07:17.725082+00:00,LibGen,LibGen.vg,UP,200,728,,
2026-10-02T05:08:19.725868+00:00,LibGen,LibGen.vg,UP,200,695,,
2026-10-02T05:09:20.007851+00:00,LibGen,LibGen.vg,UP,200,2098,,
2026-10-02T05:10:20.281651+00:00,LibGen,LibGen.vg,UP,200,1949,,
2026-10-02T05:11:19.934607+00:00,LibGen,LibGen.vg,UP,200,1440,,
2026-10-02T05:12:20.459574+00:00,LibGen,LibGen.vg,UP,200,1269,,
2026-10-02T05:13:20.292950+00:00,LibGen,LibGen.vg,UP,200,1332,,
2026-10-02T05:14:21.488250+00:00,LibGen,LibGen.vg,UP,200,1350,,
2026-10-02T05:15:21.521588+00:00,LibGen,LibGen.vg,UP,200,1464,,
2026-10-02T05:16:23.167408+00:00,LibGen,LibGen.vg,UP,200,1327,,
2026-10-02T05:17:25.927806+00:00,LibGen,LibGen.vg,UP,200,1403,,
2026-10-02T05:18:23.086967+00:00,LibGen,LibGen.vg,UP,200,723,,
2026-10-02T05:19:24.290042+00:00,LibGen,LibGen.vg,UP,200,1288,,
2026-10-02T05:20:24.204781+00:00,LibGen,LibGen.vg,UP,200,1308,,
2026-10-02T05:21:25.796885+00:00,LibGen,LibGen.vg,UP,200,1346,,
2026-10-02T05:22:26.184006+00:00,LibGen,LibGen.vg,UP,200,1484,,
2026-10-02T05:23:27.532376+00:00,LibGen,LibGen.vg,UP,200,1280,,
2026-10-02T05:24:27.633553+00:00,LibGen,LibGen.vg,UP,200,1343,,
2026-10-02T05:25:27.574643+00:00,LibGen,LibGen.vg,UP,200,1358,,
2026-10-02T05:26:28.751363+00:00,LibGen,LibGen.vg,UP,200,2018,,
2026-10-02T05:27:29.659579+00:00,LibGen,LibGen.vg,UP,200,2077,,
2026-10-02T05:28:29.230785+00:00,LibGen,LibGen.vg,UP,200,1324,,
2026-10-02T05:29:31.907272+00:00,LibGen,LibGen.vg,UP,200,1267,,
2026-10-02T05:30:32.391972+00:00,LibGen,LibGen.vg,DEGRADED,200,3150,latency_high,
2026-10-02T05:31:31.717024+00:00,LibGen,LibGen.vg,UP,200,1253,,
2026-10-02T05:32:31.656738+00:00,LibGen,LibGen.vg,UP,200,1395,,
2026-10-02T05:33:31.799982+00:00,LibGen,LibGen.vg,UP,200,1256,,
2026-10-02T05:34:33.220017+00:00,LibGen,LibGen.vg,UP,200,1267,,
2026-10-02T05:35:33.082459+00:00,LibGen,LibGen.vg,UP,200,1340,,
2026-10-02T05:36:36.291402+00:00,LibGen,LibGen.vg,UP,200,1321,,
2026-10-02T05:37:34.066735+00:00,LibGen,LibGen.vg,UP,200,1423,,
2026-10-02T05:38:34.958271+00:00,LibGen,LibGen.vg,UP,200,1275,,
2026-10-02T05:39:35.412485+00:00,LibGen,LibGen.vg,UP,200,1350,,
2026-10-02T05:40:34.999547+00:00,LibGen,LibGen.vg,UP,200,1288,,
2026-10-02T05:41:36.073173+00:00,LibGen,LibGen.vg,UP,200,1327,,
2026-10-02T05:42:36.707540+00:00,LibGen,LibGen.vg,UP,200,1265,,
2026-10-02T05:43:36.133471+00:00,LibGen,LibGen.vg,UP,200,1330,,
2026-10-02T05:44:36.343363+00:00,LibGen,LibGen.vg,UP,200,1270,,
2026-10-02T05:45:38.012160+00:00,LibGen,LibGen.vg,UP,200,1400,,
2026-10-02T05:46:37.889616+00:00,LibGen,LibGen.vg,UP,200,1374,,
2026-10-02T05:47:38.011760+00:00,LibGen,LibGen.vg,UP,200,1220,,
2026-10-02T05:48:39.320826+00:00,LibGen,LibGen.vg,UP,200,1311,,
2026-10-02T05:49:40.379012+00:00,LibGen,LibGen.vg,UP,200,1341,,
2026-10-02T05:50:42.845413+00:00,LibGen,LibGen.vg,UP,200,1374,,
2026-10-02T05:51:41.299033+00:00,LibGen,LibGen.vg,UP,200,2005,,
2026-10-02T05:52:41.696085+00:00,LibGen,LibGen.vg,UP,200,1334,,
2026-10-02T05:53:42.627083+00:00,LibGen,LibGen.vg,UP,200,1921,,
2026-10-02T05:54:41.835843+00:00,LibGen,LibGen.vg,UP,200,1380,,
2026-10-02T05:55:43.615849+00:00,LibGen,LibGen.vg,UP,200,2048,,
2026-10-02T05:56:43.565296+00:00,LibGen,LibGen.vg,UP,200,1948,,
2026-10-02T05:57:43.859054+00:00,LibGen,LibGen.vg,UP,200,1892,,
2026-10-02T05:58:54.896376+00:00,LibGen,LibGen.vg,DEGRADED,200,11599,latency_high,
2026-10-02T05:59:46.137967+00:00,LibGen,LibGen.vg,DEGRADED,200,3139,latency_high,
2026-10-02T06:00:46.292589+00:00,LibGen,LibGen.vg,UP,200,1566,,
2026-10-02T06:01:47.058509+00:00,LibGen,LibGen.vg,UP,200,1354,,
2026-10-02T06:02:46.370611+00:00,LibGen,LibGen.vg,UP,200,771,,
2026-10-02T06:03:47.036678+00:00,LibGen,LibGen.vg,UP,200,1293,,
2026-10-02T06:04:49.085719+00:00,LibGen,LibGen.vg,UP,200,1397,,
2026-10-02T06:05:48.714640+00:00,LibGen,LibGen.vg,UP,200,1341,,
2026-10-02T06:06:47.187496+00:00,LibGen,LibGen.vg,UP,200,704,,
2026-10-02T06:08:09.860086+00:00,LibGen,LibGen.vg,DOWN,,,connection_refused,
2026-10-02T06:09:09.576652+00:00,LibGen,LibGen.vg,DOWN,,,connection_refused,
2026-10-02T06:09:49.667434+00:00,LibGen,LibGen.vg,UP,200,1321,,
2026-10-02T06:11:08.813900+00:00,LibGen,LibGen.vg,DOWN,,,connection_refused,
2026-10-02T06:11:50.524007+00:00,LibGen,LibGen.vg,UP,200,1271,,
2026-10-02T06:12:51.895368+00:00,LibGen,LibGen.vg,UP,200,1336,,
2026-10-02T06:13:50.487039+00:00,LibGen,LibGen.vg,UP,200,1300,,
2026-10-02T06:14:51.145078+00:00,LibGen,LibGen.vg,UP,200,1306,,
2026-10-02T06:15:53.000469+00:00,LibGen,LibGen.vg,UP,200,1476,,
2026-10-02T06:16:52.367264+00:00,LibGen,LibGen.vg,UP,200,1346,,
2026-10-02T06:17:52.824148+00:00,LibGen,LibGen.vg,UP,200,702,,
2026-10-02T06:18:53.648573+00:00,LibGen,LibGen.vg,UP,200,1343,,
2026-10-02T06:19:55.129755+00:00,LibGen,LibGen.vg,UP,200,1313,,
2026-10-02T06:20:54.569027+00:00,LibGen,LibGen.vg,UP,200,1252,,
2026-10-02T06:21:57.205896+00:00,LibGen,LibGen.vg,UP,200,1322,,
2026-10-02T06:22:55.893919+00:00,LibGen,LibGen.vg,UP,200,1245,,
2026-10-02T06:23:57.138550+00:00,LibGen,LibGen.vg,UP,200,1327,,
2026-10-02T06:25:01.223773+00:00,LibGen,LibGen.vg,DEGRADED,200,4989,latency_high,
2026-10-02T06:25:57.924114+00:00,LibGen,LibGen.vg,UP,200,1344,,
2026-10-02T06:26:57.231996+00:00,LibGen,LibGen.vg,UP,200,1562,,
2026-10-02T06:27:58.444081+00:00,LibGen,LibGen.vg,UP,200,1330,,
2026-10-02T06:28:58.574912+00:00,LibGen,LibGen.vg,UP,200,1336,,
2026-10-02T06:30:01.206558+00:00,LibGen,LibGen.vg,UP,200,1341,,
2026-10-02T06:31:01.511885+00:00,LibGen,LibGen.vg,UP,200,2163,,
2026-10-02T06:32:01.280910+00:00,LibGen,LibGen.vg,UP,200,1416,,
2026-10-02T06:33:00.939164+00:00,LibGen,LibGen.vg,UP,200,1296,,
2026-10-02T06:34:03.904540+00:00,LibGen,LibGen.vg,UP,200,1433,,
2026-10-02T06:35:03.300582+00:00,LibGen,LibGen.vg,UP,200,2426,,
2026-10-02T06:36:02.768376+00:00,LibGen,LibGen.vg,UP,200,1667,,
2026-10-02T06:37:02.735968+00:00,LibGen,LibGen.vg,UP,200,1332,,
2026-10-02T06:38:06.000077+00:00,LibGen,LibGen.vg,UP,200,1424,,
2026-10-02T06:39:04.325853+00:00,LibGen,LibGen.vg,UP,200,1714,,
2026-10-02T06:40:05.283501+00:00,LibGen,LibGen.vg,UP,200,2035,,
2026-10-02T06:41:04.862480+00:00,LibGen,LibGen.vg,UP,200,1453,,
2026-10-02T06:42:05.437989+00:00,LibGen,LibGen.vg,UP,200,1585,,
2026-10-02T06:43:05.962090+00:00,LibGen,LibGen.vg,UP,200,1325,,
2026-10-02T06:44:05.689429+00:00,LibGen,LibGen.vg,UP,200,1268,,
2026-10-02T06:45:07.124589+00:00,LibGen,LibGen.vg,UP,200,1440,,
2026-10-02T06:46:06.746625+00:00,LibGen,LibGen.vg,UP,200,1963,,
2026-10-02T06:47:06.289217+00:00,LibGen,LibGen.vg,UP,200,1276,,
2026-10-02T06:48:07.418616+00:00,LibGen,LibGen.vg,UP,200,1409,,
2026-10-02T06:49:08.092585+00:00,LibGen,LibGen.vg,UP,200,1355,,
2026-10-02T06:50:10.327472+00:00,LibGen,LibGen.vg,UP,200,1797,,
2026-10-02T06:51:09.468540+00:00,LibGen,LibGen.vg,UP,200,1554,,
2026-10-02T06:52:10.791825+00:00,LibGen,LibGen.vg,UP,200,1340,,
2026-10-02T06:53:13.192689+00:00,LibGen,LibGen.vg,UP,200,1326,,
2026-10-02T06:54:12.848481+00:00,LibGen,LibGen.vg,UP,200,1334,,
2026-10-02T06:55:13.223173+00:00,LibGen,LibGen.vg,UP,200,1428,,
2026-10-02T06:56:13.644641+00:00,LibGen,LibGen.vg,UP,200,1322,,
2026-10-02T06:57:14.207121+00:00,LibGen,LibGen.vg,UP,200,2009,,
2026-10-02T06:58:15.703336+00:00,LibGen,LibGen.vg,UP,200,2246,,
2026-10-02T06:59:14.234352+00:00,LibGen,LibGen.vg,UP,200,724,,
2026-10-02T07:00:17.175784+00:00,LibGen,LibGen.vg,UP,200,1487,,
2026-10-02T07:01:16.011430+00:00,LibGen,LibGen.vg,UP,200,1285,,
2026-10-02T07:02:16.653880+00:00,LibGen,LibGen.vg,UP,200,1361,,
2026-10-02T07:03:23.049220+00:00,LibGen,LibGen.vg,UP,200,1463,,
2026-10-02T07:04:18.512039+00:00,LibGen,LibGen.vg,UP,200,1891,,
2026-10-02T07:05:18.601845+00:00,LibGen,LibGen.vg,UP,200,2039,,
2026-10-02T07:06:21.021760+00:00,LibGen,LibGen.vg,DEGRADED,200,4489,latency_high,
2026-10-02T07:07:19.735197+00:00,LibGen,LibGen.vg,UP,200,1279,,
2026-10-02T07:08:35.236775+00:00,LibGen,LibGen.vg,UP,200,1343,,
2026-10-02T07:09:20.129475+00:00,LibGen,LibGen.vg,UP,200,1334,,
2026-10-02T07:10:20.158222+00:00,LibGen,LibGen.vg,UP,200,1298,,
2026-10-02T07:11:21.835428+00:00,LibGen,LibGen.vg,UP,200,1283,,
2026-10-02T07:12:21.679859+00:00,LibGen,LibGen.vg,UP,200,1326,,
2026-10-02T07:13:21.536255+00:00,LibGen,LibGen.vg,UP,200,725,,
2026-10-02T07:14:22.438072+00:00,LibGen,LibGen.vg,UP,200,1303,,
2026-10-02T07:15:23.488854+00:00,LibGen,LibGen.vg,UP,200,1409,,
2026-10-02T07:16:23.577880+00:00,LibGen,LibGen.vg,UP,200,1303,,
2026-10-02T07:17:24.592839+00:00,LibGen,LibGen.vg,UP,200,1573,,
2026-10-02T07:18:25.851414+00:00,LibGen,LibGen.vg,UP,200,1901,,
2026-10-02T07:19:27.368887+00:00,LibGen,LibGen.vg,DEGRADED,200,3352,latency_high,
2026-10-02T07:20:25.633677+00:00,LibGen,LibGen.vg,UP,200,1362,,
2026-10-02T07:21:24.403676+00:00,LibGen,LibGen.vg,UP,200,1350,,
2026-10-02T07:22:28.540609+00:00,LibGen,LibGen.vg,UP,200,1360,,
2026-10-02T07:23:26.793153+00:00,LibGen,LibGen.vg,UP,200,760,,
2026-10-02T07:24:26.991512+00:00,LibGen,LibGen.vg,UP,200,1416,,
2026-10-02T07:25:27.588661+00:00,LibGen,LibGen.vg,UP,200,1991,,
2026-10-02T07:26:27.004727+00:00,LibGen,LibGen.vg,UP,200,1404,,
2026-10-02T07:27:27.921210+00:00,LibGen,LibGen.vg,UP,200,1373,,
2026-10-02T07:28:29.365527+00:00,LibGen,LibGen.vg,UP,200,1350,,
2026-10-02T07:29:29.481178+00:00,LibGen,LibGen.vg,UP,200,1460,,
2026-10-02T07:30:29.189028+00:00,LibGen,LibGen.vg,UP,200,829,,
2026-10-02T07:31:33.612576+00:00,LibGen,LibGen.vg,DEGRADED,200,4296,latency_high,
2026-10-02T07:32:30.778378+00:00,LibGen,LibGen.vg,UP,200,1311,,
2026-10-02T07:33:30.178034+00:00,LibGen,LibGen.vg,UP,200,1291,,
2026-10-02T07:34:31.707972+00:00,LibGen,LibGen.vg,UP,200,1311,,
2026-10-02T07:35:31.084637+00:00,LibGen,LibGen.vg,UP,200,1388,,
2026-10-02T07:36:31.881380+00:00,LibGen,LibGen.vg,UP,200,1346,,
2026-10-02T07:37:31.474355+00:00,LibGen,LibGen.vg,UP,200,736,,
2026-10-02T07:38:34.747458+00:00,LibGen,LibGen.vg,UP,200,1294,,
2026-10-02T07:39:32.975599+00:00,LibGen,LibGen.vg,UP,200,1387,,
2026-10-02T07:40:34.555600+00:00,LibGen,LibGen.vg,UP,200,1273,,
2026-10-02T07:41:34.400454+00:00,LibGen,LibGen.vg,UP,200,1329,,
2026-10-02T07:42:33.804739+00:00,LibGen,LibGen.vg,UP,200,1881,,
2026-10-02T07:43:34.965094+00:00,LibGen,LibGen.vg,UP,200,1769,,
2026-10-02T07:44:34.525665+00:00,LibGen,LibGen.vg,UP,200,1265,,
2026-10-02T07:45:34.967748+00:00,LibGen,LibGen.vg,UP,200,1550,,
2026-10-02T07:46:36.184168+00:00,LibGen,LibGen.vg,UP,200,1349,,
2026-10-02T07:47:35.078443+00:00,LibGen,LibGen.vg,UP,200,701,,
2026-10-02T07:48:36.571613+00:00,LibGen,LibGen.vg,UP,200,1245,,
2026-10-02T07:49:38.759825+00:00,LibGen,LibGen.vg,UP,200,1290,,
2026-10-02T07:50:37.695673+00:00,LibGen,LibGen.vg,UP,200,723,,
2026-10-02T07:51:38.915758+00:00,LibGen,LibGen.vg,UP,200,1855,,
2026-10-02T07:52:38.639983+00:00,LibGen,LibGen.vg,UP,200,1329,,
2026-10-02T07:53:41.547666+00:00,LibGen,LibGen.vg,UP,200,1310,,
2026-10-02T07:54:58.584747+00:00,LibGen,LibGen.vg,TIMEOUT,,,timeout,
2026-10-02T07:55:58.865409+00:00,LibGen,LibGen.vg,TIMEOUT,,,timeout,
2026-10-02T07:56:58.722805+00:00,LibGen,LibGen.vg,TIMEOUT,,,timeout,
2026-10-02T07:57:58.899221+00:00,LibGen,LibGen.vg,TIMEOUT,,,timeout,
2026-10-02T07:58:58.914794+00:00,LibGen,LibGen.vg,TIMEOUT,,,timeout,
2026-10-02T07:59:40.348661+00:00,LibGen,LibGen.vg,UP,200,1537,,
2026-10-02T08:00:41.386001+00:00,LibGen,LibGen.vg,UP,200,1423,,
2026-10-02T08:01:41.788443+00:00,LibGen,LibGen.vg,UP,200,1379,,
2026-10-02T08:02:43.075678+00:00,LibGen,LibGen.vg,UP,200,1405,,
2026-10-02T08:03:42.049859+00:00,LibGen,LibGen.vg,UP,200,1308,,
2026-10-02T08:04:42.218601+00:00,LibGen,LibGen.vg,UP,200,1312,,
2026-10-02T08:05:43.665900+00:00,LibGen,LibGen.vg,UP,200,1300,,
2026-10-02T08:06:47.498571+00:00,LibGen,LibGen.vg,UP,200,1395,,
2026-10-02T08:07:43.161308+00:00,LibGen,LibGen.vg,UP,200,1300,,
2026-10-02T08:08:44.996666+00:00,LibGen,LibGen.vg,UP,200,1979,,
2026-10-02T08:09:46.236532+00:00,LibGen,LibGen.vg,UP,200,1965,,
2026-10-02T08:10:44.748380+00:00,LibGen,LibGen.vg,UP,200,716,,
2026-10-02T08:11:53.308937+00:00,LibGen,LibGen.vg,UP,200,1299,,
2026-10-02T08:12:45.645875+00:00,LibGen,LibGen.vg,UP,200,1529,,
2026-10-02T08:13:47.269225+00:00,LibGen,LibGen.vg,UP,200,1596,,
2026-10-02T08:14:46.602403+00:00,LibGen,LibGen.vg,UP,200,1416,,
2026-10-02T08:15:46.560507+00:00,LibGen,LibGen.vg,UP,200,1326,,
2026-10-02T08:16:47.453859+00:00,LibGen,LibGen.vg,UP,200,1370,,
2026-10-02T08:17:48.054150+00:00,LibGen,LibGen.vg,UP,200,1521,,
2026-10-02T08:18:48.468408+00:00,LibGen,LibGen.vg,UP,200,2077,,
2026-10-02T08:19:48.607546+00:00,LibGen,LibGen.vg,UP,200,2002,,
2026-10-02T08:20:48.798043+00:00,LibGen,LibGen.vg,UP,200,1432,,
2026-10-02T08:21:52.581443+00:00,LibGen,LibGen.vg,UP,200,1326,,
2026-10-02T08:22:59.104248+00:00,LibGen,LibGen.vg,UP,200,712,,
2026-10-02T08:23:48.839746+00:00,LibGen,LibGen.vg,UP,200,731,,
2026-10-02T08:24:49.331099+00:00,LibGen,LibGen.vg,UP,200,1370,,
2026-10-02T08:25:49.651520+00:00,LibGen,LibGen.vg,UP,200,1357,,
2026-10-02T08:26:49.884503+00:00,LibGen,LibGen.vg,UP,200,1411,,
2026-10-02T08:27:50.139263+00:00,LibGen,LibGen.vg,UP,200,1386,,
2026-10-02T08:28:51.657257+00:00,LibGen,LibGen.vg,UP,200,1620,,
2026-10-02T08:29:51.183632+00:00,LibGen,LibGen.vg,UP,200,1518,,
2026-10-02T08:30:52.038123+00:00,LibGen,LibGen.vg,UP,200,1628,,
2026-10-02T08:31:52.113188+00:00,LibGen,LibGen.vg,UP,200,1476,,
2026-10-02T08:32:52.084090+00:00,LibGen,LibGen.vg,UP,200,717,,
2026-10-02T08:33:52.716816+00:00,LibGen,LibGen.vg,UP,200,1287,,
2026-10-02T08:34:54.584820+00:00,LibGen,LibGen.vg,UP,200,1351,,
2026-10-02T08:35:55.681384+00:00,LibGen,LibGen.vg,UP,200,1328,,
2026-10-02T08:36:55.642419+00:00,LibGen,LibGen.vg,UP,200,1889,,
2026-10-02T08:37:56.188796+00:00,LibGen,LibGen.vg,UP,200,1270,,
2026-10-02T08:38:57.942662+00:00,LibGen,LibGen.vg,UP,200,1278,,
2026-10-02T08:39:56.133925+00:00,LibGen,LibGen.vg,UP,200,1286,,
2026-10-02T08:40:56.762244+00:00,LibGen,LibGen.vg,UP,200,1357,,
2026-10-02T08:41:56.098253+00:00,LibGen,LibGen.vg,UP,200,725,,
2026-10-02T08:42:56.017223+00:00,LibGen,LibGen.vg,DOWN,,,connection_refused,
2026-10-02T08:43:57.956306+00:00,LibGen,LibGen.vg,UP,200,1396,,
2026-10-02T08:44:58.357518+00:00,LibGen,LibGen.vg,UP,200,1252,,
2026-10-02T08:45:57.765554+00:00,LibGen,LibGen.vg,UP,200,745,,
2026-10-02T08:46:58.400913+00:00,LibGen,LibGen.vg,UP,200,1295,,
2026-10-02T08:48:00.063911+00:00,LibGen,LibGen.vg,UP,200,1395,,
2026-10-02T08:49:03.314054+00:00,LibGen,LibGen.vg,UP,200,1277,,
2026-10-02T08:50:00.499860+00:00,LibGen,LibGen.vg,UP,200,1357,,
2026-10-02T08:51:00.300878+00:00,LibGen,LibGen.vg,UP,200,1317,,
2026-10-02T08:52:02.088581+00:00,LibGen,LibGen.vg,UP,200,1316,,
2026-10-02T08:53:03.315607+00:00,LibGen,LibGen.vg,UP,200,1320,,
2026-10-02T08:54:03.356925+00:00,LibGen,LibGen.vg,UP,200,1504,,
2026-10-02T08:55:04.649048+00:00,LibGen,LibGen.vg,UP,200,1634,,
2026-10-02T08:56:09.149464+00:00,LibGen,LibGen.vg,DEGRADED,200,5619,latency_high,
2026-10-02T08:57:05.348852+00:00,LibGen,LibGen.vg,UP,200,1441,,
2026-10-02T08:58:06.258238+00:00,LibGen,LibGen.vg,UP,200,1321,,
2026-10-02T08:59:06.551088+00:00,LibGen,LibGen.vg,UP,200,1346,,
2026-10-02T09:00:07.967120+00:00,LibGen,LibGen.vg,UP,200,1838,,
2026-10-02T09:01:10.630997+00:00,LibGen,LibGen.vg,DEGRADED,200,3362,latency_high,
2026-10-02T09:02:08.469255+00:00,LibGen,LibGen.vg,UP,200,1353,,
2026-10-02T09:03:08.414044+00:00,LibGen,LibGen.vg,UP,200,1294,,
2026-10-02T09:04:09.254637+00:00,LibGen,LibGen.vg,UP,200,1343,,
2026-10-02T09:05:10.775907+00:00,LibGen,LibGen.vg,UP,200,1405,,
2026-10-02T09:06:11.871671+00:00,LibGen,LibGen.vg,DEGRADED,200,4492,latency_high,
2026-10-02T09:07:09.811371+00:00,LibGen,LibGen.vg,UP,200,1446,,
2026-10-02T09:08:10.654884+00:00,LibGen,LibGen.vg,UP,200,1437,,
2026-10-02T09:09:09.473424+00:00,LibGen,LibGen.vg,UP,200,1366,,
2026-10-02T09:10:09.632714+00:00,LibGen,LibGen.vg,UP,200,1382,,
2026-10-02T09:11:11.447218+00:00,LibGen,LibGen.vg,UP,200,2048,,
2026-10-02T09:12:12.014974+00:00,LibGen,LibGen.vg,UP,200,1422,,
2026-10-02T09:13:10.877920+00:00,LibGen,LibGen.vg,UP,200,1984,,
2026-10-02T09:14:11.165491+00:00,LibGen,LibGen.vg,UP,200,1336,,
2026-10-02T09:15:14.407164+00:00,LibGen,LibGen.vg,UP,200,687,,
2026-10-02T09:16:11.728138+00:00,LibGen,LibGen.vg,UP,200,733,,
2026-10-02T09:17:14.107842+00:00,LibGen,LibGen.vg,UP,200,1562,,
2026-10-02T09:18:12.797893+00:00,LibGen,LibGen.vg,UP,200,1326,,
2026-10-02T09:19:12.971388+00:00,LibGen,LibGen.vg,UP,200,1466,,
2026-10-02T09:20:16.492529+00:00,LibGen,LibGen.vg,DEGRADED,200,4416,latency_high,
2026-10-02T09:21:14.457083+00:00,LibGen,LibGen.vg,UP,200,1423,,
2026-10-02T09:22:14.340191+00:00,LibGen,LibGen.vg,UP,200,1276,,
2026-10-02T09:23:15.205728+00:00,LibGen,LibGen.vg,UP,200,1249,,
2026-10-02T09:24:14.894367+00:00,LibGen,LibGen.vg,UP,200,692,,
2026-10-02T09:25:15.147474+00:00,LibGen,LibGen.vg,UP,200,1307,,
2026-10-02T09:26:15.195413+00:00,LibGen,LibGen.vg,UP,200,1320,,
2026-10-02T09:27:16.775570+00:00,LibGen,LibGen.vg,UP,200,2160,,
2026-10-02T09:28:16.851132+00:00,LibGen,LibGen.vg,UP,200,2016,,
2026-10-02T09:29:17.810537+00:00,LibGen,LibGen.vg,UP,200,1913,,
2026-10-02T09:30:17.425546+00:00,LibGen,LibGen.vg,UP,200,744,,
2026-10-02T09:31:17.997711+00:00,LibGen,LibGen.vg,UP,200,729,,
2026-10-02T09:32:19.667156+00:00,LibGen,LibGen.vg,UP,200,1352,,
2026-10-02T09:33:20.323985+00:00,LibGen,LibGen.vg,UP,200,1291,,
2026-10-02T09:34:20.290870+00:00,LibGen,LibGen.vg,UP,200,1284,,
2026-10-02T09:35:20.294635+00:00,LibGen,LibGen.vg,UP,200,1242,,
2026-10-02T09:36:21.581589+00:00,LibGen,LibGen.vg,UP,200,1916,,
2026-10-02T09:37:21.334146+00:00,LibGen,LibGen.vg,UP,200,1730,,
2026-10-02T09:38:22.101948+00:00,LibGen,LibGen.vg,UP,200,1261,,
2026-10-02T09:39:22.624157+00:00,LibGen,LibGen.vg,UP,200,686,,
2026-10-02T09:40:22.564651+00:00,LibGen,LibGen.vg,UP,200,1255,,
2026-10-02T09:41:24.090867+00:00,LibGen,LibGen.vg,UP,200,1227,,
2026-10-02T09:42:24.212811+00:00,LibGen,LibGen.vg,UP,200,1235,,
2026-10-02T09:43:23.612897+00:00,LibGen,LibGen.vg,UP,200,1273,,
2026-10-02T09:44:25.497268+00:00,LibGen,LibGen.vg,UP,200,1399,,
2026-10-02T09:45:26.396596+00:00,LibGen,LibGen.vg,UP,200,1272,,
2026-10-02T09:46:26.015719+00:00,LibGen,LibGen.vg,UP,200,1439,,
2026-10-02T09:47:25.735562+00:00,LibGen,LibGen.vg,UP,200,1308,,
2026-10-02T09:48:26.556668+00:00,LibGen,LibGen.vg,UP,200,1264,,
2026-10-02T09:49:28.487647+00:00,LibGen,LibGen.vg,DEGRADED,200,3063,latency_high,
2026-10-02T09:50:26.640541+00:00,LibGen,LibGen.vg,UP,200,1348,,
2026-10-02T09:51:26.540325+00:00,LibGen,LibGen.vg,UP,200,1261,,
2026-10-02T09:52:27.207425+00:00,LibGen,LibGen.vg,UP,200,1449,,
2026-10-02T09:53:27.991765+00:00,LibGen,LibGen.vg,UP,200,1252,,
2026-10-02T09:54:28.055185+00:00,LibGen,LibGen.vg,UP,200,1232,,
2026-10-02T09:55:28.184043+00:00,LibGen,LibGen.vg,UP,200,1258,,
2026-10-02T09:56:28.450641+00:00,LibGen,LibGen.vg,UP,200,1319,,
2026-10-02T09:57:29.873796+00:00,LibGen,LibGen.vg,UP,200,1992,,
2026-10-02T09:58:30.924098+00:00,LibGen,LibGen.vg,UP,200,1271,,
2026-10-02T09:59:29.767186+00:00,LibGen,LibGen.vg,UP,200,1279,,
2026-10-02T10:00:50.077195+00:00,LibGen,LibGen.vg,DOWN,,,connection_refused,
2026-10-02T10:01:31.450784+00:00,LibGen,LibGen.vg,UP,200,1881,,
2026-10-02T10:02:31.914441+00:00,LibGen,LibGen.vg,UP,200,1347,,
2026-10-02T10:03:31.354114+00:00,LibGen,LibGen.vg,UP,200,1290,,
2026-10-02T10:04:37.494044+00:00,LibGen,LibGen.vg,UP,200,1454,,
2026-10-02T10:05:34.254014+00:00,LibGen,LibGen.vg,UP,200,1331,,
2026-10-02T10:06:32.964827+00:00,LibGen,LibGen.vg,UP,200,1557,,
2026-10-02T10:07:32.781301+00:00,LibGen,LibGen.vg,UP,200,1367,,
2026-10-02T10:08:32.780222+00:00,LibGen,LibGen.vg,UP,200,1279,,
2026-10-02T10:09:34.234998+00:00,LibGen,LibGen.vg,UP,200,1321,,
2026-10-02T10:10:34.504893+00:00,LibGen,LibGen.vg,UP,200,1278,,
2026-10-02T10:11:35.231148+00:00,LibGen,LibGen.vg,UP,200,706,,
2026-10-02T10:12:34.927372+00:00,LibGen,LibGen.vg,UP,200,1414,,
2026-10-02T10:13:34.973744+00:00,LibGen,LibGen.vg,UP,200,1324,,
2026-10-02T10:14:35.330049+00:00,LibGen,LibGen.vg,UP,200,1257,,
2026-10-02T10:15:35.679343+00:00,LibGen,LibGen.vg,UP,200,1264,,
2026-10-02T10:16:35.442345+00:00,LibGen,LibGen.vg,UP,200,1289,,
2026-10-02T10:17:36.357785+00:00,LibGen,LibGen.vg,UP,200,1288,,
2026-10-02T10:18:36.289435+00:00,LibGen,LibGen.vg,UP,200,1338,,
2026-10-02T10:19:37.308135+00:00,LibGen,LibGen.vg,UP,200,1317,,
2026-10-02T10:20:36.748176+00:00,LibGen,LibGen.vg,UP,200,1279,,
2026-10-02T10:21:37.892619+00:00,LibGen,LibGen.vg,UP,200,1348,,
2026-10-02T10:22:37.309186+00:00,LibGen,LibGen.vg,UP,200,1359,,
2026-10-02T10:23:37.775142+00:00,LibGen,LibGen.vg,UP,200,1262,,
2026-10-02T10:24:39.534041+00:00,LibGen,LibGen.vg,UP,200,1316,,
2026-10-02T10:25:38.460252+00:00,LibGen,LibGen.vg,UP,200,1315,,
2026-10-02T10:26:39.070250+00:00,LibGen,LibGen.vg,UP,200,1417,,
2026-10-02T10:27:39.140531+00:00,LibGen,LibGen.vg,UP,200,1381,,
2026-10-02T10:28:39.110391+00:00,LibGen,LibGen.vg,UP,200,1321,,
2026-10-02T10:29:40.548922+00:00,LibGen,LibGen.vg,UP,200,1274,,
2026-10-02T10:30:40.842913+00:00,LibGen,LibGen.vg,UP,200,1298,,
2026-10-02T10:31:43.392600+00:00,LibGen,LibGen.vg,DEGRADED,200,5140,latency_high,
2026-10-02T10:32:39.396594+00:00,LibGen,LibGen.vg,UP,200,1319,,
2026-10-02T10:33:40.060698+00:00,LibGen,LibGen.vg,UP,200,1322,,
2026-10-02T10:34:41.475639+00:00,LibGen,LibGen.vg,UP,200,1298,,
2026-10-02T10:35:41.255986+00:00,LibGen,LibGen.vg,UP,200,1371,,
2026-10-02T10:36:41.981999+00:00,LibGen,LibGen.vg,UP,200,1910,,
2026-10-02T10:37:40.826978+00:00,LibGen,LibGen.vg,UP,200,1396,,
2026-10-02T10:38:41.796268+00:00,LibGen,LibGen.vg,UP,200,1264,,
2026-10-02T10:39:41.146646+00:00,LibGen,LibGen.vg,UP,200,1260,,
2026-10-02T10:40:42.514273+00:00,LibGen,LibGen.vg,UP,200,1900,,
2026-10-02T10:41:42.000870+00:00,LibGen,LibGen.vg,UP,200,1272,,
2026-10-02T10:42:46.165494+00:00,LibGen,LibGen.vg,UP,200,1411,,
2026-10-02T10:43:43.765953+00:00,LibGen,LibGen.vg,UP,200,2577,,
2026-10-02T10:45:03.592452+00:00,LibGen,LibGen.vg,DOWN,,,connection_refused,
2026-10-02T10:46:02.037843+00:00,LibGen,LibGen.vg,TIMEOUT,,,timeout,
2026-10-02T10:47:03.086733+00:00,LibGen,LibGen.vg,TIMEOUT,,,timeout,
2026-10-02T10:48:02.558095+00:00,LibGen,LibGen.vg,TIMEOUT,,,timeout,
2026-10-02T10:49:02.882790+00:00,LibGen,LibGen.vg,TIMEOUT,,,timeout,
2026-10-02T10:49:45.666502+00:00,LibGen,LibGen.vg,UP,200,1924,,
2026-10-02T10:50:44.720530+00:00,LibGen,LibGen.vg,UP,200,1355,,
2026-10-02T10:51:45.815514+00:00,LibGen,LibGen.vg,UP,200,1345,,
2026-10-02T10:52:45.221402+00:00,LibGen,LibGen.vg,UP,200,1373,,
2026-10-02T10:53:46.111855+00:00,LibGen,LibGen.vg,UP,200,1291,,
2026-10-02T10:54:45.772734+00:00,LibGen,LibGen.vg,UP,200,1347,,
2026-10-02T10:55:46.596258+00:00,LibGen,LibGen.vg,UP,200,1386,,
2026-10-02T10:56:46.102839+00:00,LibGen,LibGen.vg,UP,200,1342,,
2026-10-02T10:57:47.204551+00:00,LibGen,LibGen.vg,UP,200,1373,,
2026-10-02T10:58:51.268179+00:00,LibGen,LibGen.vg,UP,200,1361,,
2026-10-02T10:59:47.929763+00:00,LibGen,LibGen.vg,UP,200,1521,,
2026-10-02T11:00:48.882994+00:00,LibGen,LibGen.vg,UP,200,726,,
2026-10-02T11:01:48.552698+00:00,LibGen,LibGen.vg,UP,200,2175,,
2026-10-02T11:02:50.637747+00:00,LibGen,LibGen.vg,DEGRADED,200,3256,latency_high,
2026-10-02T11:03:48.562492+00:00,LibGen,LibGen.vg,UP,200,1444,,
2026-10-02T11:04:48.937840+00:00,LibGen,LibGen.vg,UP,200,1317,,
2026-10-02T11:05:48.781565+00:00,LibGen,LibGen.vg,UP,200,1455,,
2026-10-02T11:06:50.852767+00:00,LibGen,LibGen.vg,UP,200,1353,,
2026-10-02T11:07:51.112124+00:00,LibGen,LibGen.vg,UP,200,1541,,
2026-10-02T11:08:53.146630+00:00,LibGen,LibGen.vg,DEGRADED,200,3120,latency_high,
2026-10-02T11:09:49.773821+00:00,LibGen,LibGen.vg,UP,200,730,,
2026-10-02T11:10:51.292481+00:00,LibGen,LibGen.vg,UP,200,1510,,
2026-10-02T11:11:52.154584+00:00,LibGen,LibGen.vg,UP,200,1346,,
2026-10-02T11:12:52.822084+00:00,LibGen,LibGen.vg,UP,200,1328,,
2026-10-02T11:13:51.980798+00:00,LibGen,LibGen.vg,UP,200,1334,,
2026-10-02T11:14:51.512639+00:00,LibGen,LibGen.vg,UP,200,1337,,
2026-10-02T11:15:53.172862+00:00,LibGen,LibGen.vg,UP,200,1456,,
2026-10-02T11:16:53.344763+00:00,LibGen,LibGen.vg,UP,200,2057,,
2026-10-02T11:17:53.262539+00:00,LibGen,LibGen.vg,UP,200,1432,,
2026-10-02T11:18:52.893319+00:00,LibGen,LibGen.vg,UP,200,1355,,
2026-10-02T11:19:53.137763+00:00,LibGen,LibGen.vg,UP,200,1325,,
2026-10-02T11:20:53.682111+00:00,LibGen,LibGen.vg,UP,200,1272,,
2026-10-02T11:21:55.075831+00:00,LibGen,LibGen.vg,UP,200,1434,,
2026-10-02T11:22:57.175151+00:00,LibGen,LibGen.vg,DEGRADED,200,4517,latency_high,
2026-10-02T11:23:55.208774+00:00,LibGen,LibGen.vg,UP,200,1373,,
2026-10-02T11:24:56.540481+00:00,LibGen,LibGen.vg,UP,200,1251,,
2026-10-02T11:25:55.610758+00:00,LibGen,LibGen.vg,UP,200,1283,,
2026-10-02T11:26:56.280847+00:00,LibGen,LibGen.vg,UP,200,1307,,
2026-10-02T11:27:57.421865+00:00,LibGen,LibGen.vg,UP,200,740,,
2026-10-02T11:28:56.724602+00:00,LibGen,LibGen.vg,UP,200,1340,,
2026-10-02T11:29:58.347500+00:00,LibGen,LibGen.vg,UP,200,1288,,
2026-10-02T11:30:59.425897+00:00,LibGen,LibGen.vg,DEGRADED,200,3220,latency_high,
2026-10-02T11:31:58.034055+00:00,LibGen,LibGen.vg,UP,200,1338,,
2026-10-02T11:32:57.553659+00:00,LibGen,LibGen.vg,UP,200,1365,,
2026-10-02T11:33:58.944799+00:00,LibGen,LibGen.vg,UP,200,1306,,
2026-10-02T11:34:58.554102+00:00,LibGen,LibGen.vg,UP,200,1345,,
2026-10-02T11:35:58.755088+00:00,LibGen,LibGen.vg,UP,200,1371,,
2026-10-02T11:37:00.039968+00:00,LibGen,LibGen.vg,UP,200,1509,,
2026-10-02T11:38:01.664591+00:00,LibGen,LibGen.vg,UP,200,2001,,
2026-10-02T11:39:01.170761+00:00,LibGen,LibGen.vg,UP,200,1332,,
2026-10-02T11:40:00.768867+00:00,LibGen,LibGen.vg,UP,200,1359,,
2026-10-02T11:41:01.908975+00:00,LibGen,LibGen.vg,UP,200,1543,,
2026-10-02T11:42:05.216337+00:00,LibGen,LibGen.vg,UP,200,741,,
2026-10-02T11:43:02.560858+00:00,LibGen,LibGen.vg,UP,200,1413,,
2026-10-02T11:44:02.125182+00:00,LibGen,LibGen.vg,UP,200,704,,
2026-10-02T11:45:03.176970+00:00,LibGen,LibGen.vg,UP,200,703,,
2026-10-02T11:46:04.911448+00:00,LibGen,LibGen.vg,UP,200,1552,,
2026-10-02T11:47:04.900863+00:00,LibGen,LibGen.vg,UP,200,1341,,
2026-10-02T11:48:06.881394+00:00,LibGen,LibGen.vg,UP,200,2045,,
2026-10-02T11:49:04.673716+00:00,LibGen,LibGen.vg,UP,200,1361,,
2026-10-02T11:50:05.710949+00:00,LibGen,LibGen.vg,UP,200,1457,,
2026-10-02T11:51:05.499132+00:00,LibGen,LibGen.vg,UP,200,1379,,
2026-10-02T11:52:05.319922+00:00,LibGen,LibGen.vg,UP,200,1278,,
2026-10-02T11:53:06.330355+00:00,LibGen,LibGen.vg,UP,200,1472,,
2026-10-02T11:54:06.704461+00:00,LibGen,LibGen.vg,UP,200,1360,,
2026-10-02T11:55:08.299071+00:00,LibGen,LibGen.vg,UP,200,2509,,
2026-10-02T11:56:07.006221+00:00,LibGen,LibGen.vg,UP,200,1366,,
2026-10-02T11:57:06.694159+00:00,LibGen,LibGen.vg,UP,200,1322,,
2026-10-02T11:58:07.870376+00:00,LibGen,LibGen.vg,UP,200,1289,,
2026-10-02T11:59:07.642883+00:00,LibGen,LibGen.vg,UP,200,1344,,
2026-10-02T12:00:09.679409+00:00,LibGen,LibGen.vg,UP,200,1822,,
2026-10-02T12:01:08.363618+00:00,LibGen,LibGen.vg,UP,200,1377,,
2026-10-02T12:02:09.796138+00:00,LibGen,LibGen.vg,UP,200,1997,,
2026-10-02T12:03:09.712448+00:00,LibGen,LibGen.vg,UP,200,1925,,
2026-10-02T12:04:09.312819+00:00,LibGen,LibGen.vg,UP,200,1273,,
2026-10-02T12:05:11.059379+00:00,LibGen,LibGen.vg,UP,200,1437,,
2026-10-02T12:06:11.687332+00:00,LibGen,LibGen.vg,UP,200,1446,,
2026-10-02T12:07:22.351698+00:00,LibGen,LibGen.vg,DEGRADED,200,3484,latency_high,
2026-10-02T12:08:13.021170+00:00,LibGen,LibGen.vg,UP,200,1378,,
2026-10-02T12:09:31.056730+00:00,LibGen,LibGen.vg,DOWN,,,connection_refused,
2026-10-02T12:10:14.045477+00:00,LibGen,LibGen.vg,UP,200,1526,,
2026-10-02T12:11:11.901174+00:00,LibGen,LibGen.vg,UP,200,1443,,
2026-10-02T12:12:12.436029+00:00,LibGen,LibGen.vg,UP,200,1331,,
2026-10-02T12:13:12.840237+00:00,LibGen,LibGen.vg,UP,200,1322,,
2026-10-02T12:14:13.514434+00:00,LibGen,LibGen.vg,UP,200,1494,,
2026-10-02T12:15:14.125730+00:00,LibGen,LibGen.vg,UP,200,1338,,
2026-10-02T12:16:14.142885+00:00,LibGen,LibGen.vg,UP,200,1463,,
2026-10-02T12:17:14.690090+00:00,LibGen,LibGen.vg,UP,200,1264,,
2026-10-02T12:18:15.405884+00:00,LibGen,LibGen.vg,UP,200,1366,,
2026-10-02T12:19:15.263206+00:00,LibGen,LibGen.vg,UP,200,1381,,
2026-10-02T12:20:16.770009+00:00,LibGen,LibGen.vg,UP,200,1307,,
2026-10-02T12:21:15.528312+00:00,LibGen,LibGen.vg,UP,200,1320,,
2026-10-02T12:22:17.930217+00:00,LibGen,LibGen.vg,UP,200,1947,,
2026-10-02T12:23:17.387801+00:00,LibGen,LibGen.vg,UP,200,1365,,
2026-10-02T12:24:19.613156+00:00,LibGen,LibGen.vg,UP,200,688,,
2026-10-02T12:25:16.783071+00:00,LibGen,LibGen.vg,UP,200,1277,,
2026-10-02T12:26:17.935338+00:00,LibGen,LibGen.vg,UP,200,1337,,
2026-10-02T12:27:18.921325+00:00,LibGen,LibGen.vg,UP,200,1327,,
2026-10-02T12:28:18.646646+00:00,LibGen,LibGen.vg,UP,200,2012,,
2026-10-02T12:29:18.764019+00:00,LibGen,LibGen.vg,UP,200,1253,,
2026-10-02T12:30:19.870197+00:00,LibGen,LibGen.vg,UP,200,2534,,
2026-10-02T12:31:18.728349+00:00,LibGen,LibGen.vg,UP,200,1408,,
2026-10-02T12:32:19.875614+00:00,LibGen,LibGen.vg,UP,200,1326,,
2026-10-02T12:33:20.655670+00:00,LibGen,LibGen.vg,UP,200,1967,,
2026-10-02T12:34:22.038497+00:00,LibGen,LibGen.vg,DEGRADED,200,3161,latency_high,
2026-10-02T12:35:21.583228+00:00,LibGen,LibGen.vg,UP,200,1225,,
2026-10-02T12:36:20.654660+00:00,LibGen,LibGen.vg,UP,200,1356,,
2026-10-02T12:37:23.291458+00:00,LibGen,LibGen.vg,UP,200,1927,,
2026-10-02T12:38:20.510015+00:00,LibGen,LibGen.vg,UP,200,698,,
2026-10-02T12:39:22.016473+00:00,LibGen,LibGen.vg,UP,200,1928,,
2026-10-02T12:40:21.993833+00:00,LibGen,LibGen.vg,UP,200,1525,,
2026-10-02T12:41:21.367016+00:00,LibGen,LibGen.vg,UP,200,1186,,
2026-10-02T12:42:21.918582+00:00,LibGen,LibGen.vg,UP,200,1325,,
2026-10-02T12:43:22.272214+00:00,LibGen,LibGen.vg,UP,200,1426,,
2026-10-02T12:44:22.196914+00:00,LibGen,LibGen.vg,UP,200,1232,,
2026-10-02T12:45:21.675875+00:00,LibGen,LibGen.vg,UP,200,667,,
2026-10-02T12:46:25.657598+00:00,LibGen,LibGen.vg,DEGRADED,200,4434,latency_high,
2026-10-02T12:47:23.455922+00:00,LibGen,LibGen.vg,UP,200,1264,,
2026-10-02T12:48:24.252103+00:00,LibGen,LibGen.vg,UP,200,1942,,
2026-10-02T12:49:25.008266+00:00,LibGen,LibGen.vg,UP,200,2001,,
2026-10-02T12:50:24.919504+00:00,LibGen,LibGen.vg,UP,200,684,,
2026-10-02T12:51:27.532563+00:00,LibGen,LibGen.vg,UP,200,1954,,
2026-10-02T12:52:25.259890+00:00,LibGen,LibGen.vg,UP,200,1318,,
2026-10-02T12:53:25.591009+00:00,LibGen,LibGen.vg,UP,200,1356,,
2026-10-02T12:54:26.486880+00:00,LibGen,LibGen.vg,UP,200,1266,,
2026-10-02T12:55:26.532458+00:00,LibGen,LibGen.vg,UP,200,1227,,
2026-10-02T12:56:26.276895+00:00,LibGen,LibGen.vg,UP,200,1382,,
2026-10-02T12:57:28.097377+00:00,LibGen,LibGen.vg,UP,200,1874,,
2026-10-02T12:58:28.553963+00:00,LibGen,LibGen.vg,UP,200,2010,,
2026-10-02T12:59:28.578050+00:00,LibGen,LibGen.vg,UP,200,1270,,
2026-10-02T13:00:27.471412+00:00,LibGen,LibGen.vg,UP,200,714,,
2026-10-02T13:01:30.625291+00:00,LibGen,LibGen.vg,UP,200,1417,,
2026-10-02T13:02:31.150696+00:00,LibGen,LibGen.vg,UP,200,1957,,
2026-10-02T13:03:29.316434+00:00,LibGen,LibGen.vg,UP,200,731,,
2026-10-02T13:04:30.483545+00:00,LibGen,LibGen.vg,UP,200,1448,,
2026-10-02T13:05:29.985522+00:00,LibGen,LibGen.vg,UP,200,728,,
2026-10-02T13:06:32.048469+00:00,LibGen,LibGen.vg,UP,200,1563,,
2026-10-02T13:07:33.305955+00:00,LibGen,LibGen.vg,UP,200,1595,,
2026-10-02T13:08:31.978599+00:00,LibGen,LibGen.vg,UP,200,1404,,
2026-10-02T13:09:33.869503+00:00,LibGen,LibGen.vg,UP,200,1916,,
2026-10-02T13:10:33.572633+00:00,LibGen,LibGen.vg,UP,200,1990,,
2026-10-02T13:11:33.107615+00:00,LibGen,LibGen.vg,UP,200,1366,,
2026-10-02T13:12:34.716576+00:00,LibGen,LibGen.vg,UP,200,1421,,
2026-10-02T13:13:33.890211+00:00,LibGen,LibGen.vg,UP,200,1257,,
2026-10-02T13:14:35.855027+00:00,LibGen,LibGen.vg,UP,200,1284,,
2026-10-02T13:15:35.048626+00:00,LibGen,LibGen.vg,UP,200,691,,
2026-10-02T13:16:36.098506+00:00,LibGen,LibGen.vg,UP,200,1293,,
2026-10-02T13:17:36.392248+00:00,LibGen,LibGen.vg,UP,200,1537,,
2026-10-02T13:18:37.440494+00:00,LibGen,LibGen.vg,UP,200,1293,,
2026-10-02T13:19:37.485453+00:00,LibGen,LibGen.vg,UP,200,1287,,
2026-10-02T13:20:38.673051+00:00,LibGen,LibGen.vg,UP,200,1525,,
2026-10-02T13:21:39.007238+00:00,LibGen,LibGen.vg,UP,200,1327,,
2026-10-02T13:22:42.593592+00:00,LibGen,LibGen.vg,UP,200,1377,,
2026-10-02T13:23:39.867025+00:00,LibGen,LibGen.vg,UP,200,1291,,
2026-10-02T13:24:39.080041+00:00,LibGen,LibGen.vg,UP,200,703,,
2026-10-02T13:25:40.046141+00:00,LibGen,LibGen.vg,UP,200,1253,,
2026-10-02T13:26:42.059834+00:00,LibGen,LibGen.vg,UP,200,1333,,
2026-10-02T13:27:42.300432+00:00,LibGen,LibGen.vg,UP,200,1230,,
2026-10-02T13:28:42.004701+00:00,LibGen,LibGen.vg,UP,200,1314,,
2026-10-02T13:29:41.889334+00:00,LibGen,LibGen.vg,UP,200,706,,
2026-10-02T13:30:43.064752+00:00,LibGen,LibGen.vg,UP,200,1462,,
2026-10-02T13:31:44.153757+00:00,LibGen,LibGen.vg,UP,200,1233,,
2026-10-02T13:32:42.804459+00:00,LibGen,LibGen.vg,UP,200,1286,,
2026-10-02T13:33:43.535448+00:00,LibGen,LibGen.vg,UP,200,1465,,
2026-10-02T13:34:44.391466+00:00,LibGen,LibGen.vg,UP,200,1303,,
2026-10-02T13:35:44.627190+00:00,LibGen,LibGen.vg,UP,200,1479,,
2026-10-02T13:36:44.752699+00:00,LibGen,LibGen.vg,UP,200,1411,,
2026-10-02T13:37:45.803059+00:00,LibGen,LibGen.vg,UP,200,1873,,
2026-10-02T13:38:45.948939+00:00,LibGen,LibGen.vg,UP,200,1304,,
2026-10-02T13:39:46.007644+00:00,LibGen,LibGen.vg,UP,200,2030,,
2026-10-02T13:40:45.737738+00:00,LibGen,LibGen.vg,UP,200,1478,,
2026-10-02T13:42:11.056959+00:00,LibGen,LibGen.vg,DOWN,,,connection_refused,
2026-10-02T13:42:47.490702+00:00,LibGen,LibGen.vg,UP,200,1385,,
2026-10-02T13:43:48.553817+00:00,LibGen,LibGen.vg,DEGRADED,200,3191,latency_high,
2026-10-02T13:44:46.555706+00:00,LibGen,LibGen.vg,UP,200,1284,,
2026-10-02T13:45:48.666124+00:00,LibGen,LibGen.vg,UP,200,1432,,
2026-10-02T13:46:47.422252+00:00,LibGen,LibGen.vg,UP,200,1260,,
2026-10-02T13:47:48.263855+00:00,LibGen,LibGen.vg,UP,200,1366,,
2026-10-02T13:48:48.690245+00:00,LibGen,LibGen.vg,UP,200,1398,,
2026-10-02T13:49:48.712823+00:00,LibGen,LibGen.vg,UP,200,1278,,
2026-10-02T13:50:50.656958+00:00,LibGen,LibGen.vg,UP,200,1873,,
2026-10-02T13:51:50.050607+00:00,LibGen,LibGen.vg,UP,200,1316,,
2026-10-02T13:52:50.443183+00:00,LibGen,LibGen.vg,UP,200,1338,,
2026-10-02T13:53:51.256951+00:00,LibGen,LibGen.vg,UP,200,1343,,
2026-10-02T13:54:51.836854+00:00,LibGen,LibGen.vg,UP,200,1258,,
2026-10-02T13:55:53.808713+00:00,LibGen,LibGen.vg,DEGRADED,200,3207,latency_high,
2026-10-02T13:56:52.030327+00:00,LibGen,LibGen.vg,UP,200,1281,,
2026-10-02T13:57:55.979865+00:00,LibGen,LibGen.vg,DEGRADED,200,3273,latency_high,
2026-10-02T13:58:52.564844+00:00,LibGen,LibGen.vg,UP,200,1353,,
2026-10-02T13:59:53.608212+00:00,LibGen,LibGen.vg,UP,200,1303,,
2026-10-02T14:00:54.106324+00:00,LibGen,LibGen.vg,UP,200,1335,,
2026-10-02T14:02:03.420825+00:00,LibGen,LibGen.vg,DEGRADED,200,10299,latency_high,
2026-10-02T14:02:54.019638+00:00,LibGen,LibGen.vg,UP,200,1338,,
2026-10-02T14:03:55.003255+00:00,LibGen,LibGen.vg,UP,200,1257,,
2026-10-02T14:04:55.667021+00:00,LibGen,LibGen.vg,UP,200,1333,,
2026-10-02T14:05:58.104680+00:00,LibGen,LibGen.vg,DEGRADED,200,4380,latency_high,
2026-10-02T14:06:55.875610+00:00,LibGen,LibGen.vg,UP,200,1346,,
2026-10-02T14:07:55.819456+00:00,LibGen,LibGen.vg,UP,200,1480,,
2026-10-02T14:08:56.554912+00:00,LibGen,LibGen.vg,UP,200,1235,,
2026-10-02T14:09:56.216528+00:00,LibGen,LibGen.vg,UP,200,1276,,
2026-10-02T14:10:57.276270+00:00,LibGen,LibGen.vg,UP,200,705,,
2026-10-02T14:11:58.366129+00:00,LibGen,LibGen.vg,UP,200,1374,,
2026-10-02T14:13:00.808523+00:00,LibGen,LibGen.vg,DEGRADED,200,4637,latency_high,
2026-10-02T14:13:59.411946+00:00,LibGen,LibGen.vg,UP,200,1303,,
2026-10-02T14:15:02.427527+00:00,LibGen,LibGen.vg,DEGRADED,200,4871,latency_high,
2026-10-02T14:15:59.394205+00:00,LibGen,LibGen.vg,UP,200,1384,,
2026-10-02T14:17:01.101398+00:00,LibGen,LibGen.vg,UP,200,1856,,
2026-10-02T14:18:00.512720+00:00,LibGen,LibGen.vg,UP,200,1417,,
2026-10-02T14:19:00.961771+00:00,LibGen,LibGen.vg,UP,200,1599,,
2026-10-02T14:20:00.865830+00:00,LibGen,LibGen.vg,UP,200,1475,,
2026-10-02T14:21:00.886819+00:00,LibGen,LibGen.vg,UP,200,1390,,
2026-10-02T14:22:02.936863+00:00,LibGen,LibGen.vg,UP,200,2049,,
2026-10-02T14:23:01.986576+00:00,LibGen,LibGen.vg,UP,200,1370,,
2026-10-02T14:24:02.732553+00:00,LibGen,LibGen.vg,UP,200,1522,,
2026-10-02T14:25:02.379613+00:00,LibGen,LibGen.vg,UP,200,1571,,
2026-10-02T14:26:04.425930+00:00,LibGen,LibGen.vg,UP,200,1405,,
2026-10-02T14:27:04.500793+00:00,LibGen,LibGen.vg,UP,200,1604,,
2026-10-02T14:28:05.449830+00:00,LibGen,LibGen.vg,UP,200,1737,,
2026-10-02T14:29:03.891186+00:00,LibGen,LibGen.vg,UP,200,1544,,
2026-10-02T14:30:05.754355+00:00,LibGen,LibGen.vg,UP,200,2618,,
2026-10-02T14:31:04.463754+00:00,LibGen,LibGen.vg,UP,200,1606,,
2026-10-02T14:32:04.514319+00:00,LibGen,LibGen.vg,UP,200,1413,,
2026-10-02T14:33:05.036188+00:00,LibGen,LibGen.vg,UP,200,1393,,
2026-10-02T14:34:06.525063+00:00,LibGen,LibGen.vg,UP,200,2209,,
2026-10-02T14:35:06.221836+00:00,LibGen,LibGen.vg,UP,200,1462,,
2026-10-02T14:36:06.981822+00:00,LibGen,LibGen.vg,UP,200,1428,,
2026-10-02T14:37:07.565476+00:00,LibGen,LibGen.vg,UP,200,1421,,
2026-10-02T14:38:07.455485+00:00,LibGen,LibGen.vg,DOWN,500,2468,http_error,
2026-10-02T14:39:25.211401+00:00,LibGen,LibGen.vg,TIMEOUT,,,timeout,
2026-10-02T14:40:26.135226+00:00,LibGen,LibGen.vg,TIMEOUT,,,timeout,
2026-10-02T14:41:10.790652+00:00,LibGen,LibGen.vg,UP,200,1586,,
2026-10-02T14:42:08.366206+00:00,LibGen,LibGen.vg,UP,200,1439,,
2026-10-02T14:43:09.616658+00:00,LibGen,LibGen.vg,UP,200,1379,,
2026-10-02T14:44:08.984040+00:00,LibGen,LibGen.vg,UP,200,770,,
2026-10-02T14:45:11.950387+00:00,LibGen,LibGen.vg,DEGRADED,200,3315,latency_high,
2026-10-02T14:46:09.593560+00:00,LibGen,LibGen.vg,UP,200,1425,,
2026-10-02T14:47:09.218295+00:00,LibGen,LibGen.vg,UP,200,744,,
2026-10-02T14:48:10.416357+00:00,LibGen,LibGen.vg,UP,200,1552,,
2026-10-02T14:49:11.440457+00:00,LibGen,LibGen.vg,UP,200,1481,,
2026-10-02T14:50:11.301240+00:00,LibGen,LibGen.vg,UP,200,1395,,
2026-10-02T14:51:14.190768+00:00,LibGen,LibGen.vg,DEGRADED,200,3396,latency_high,
2026-10-02T14:52:12.845654+00:00,LibGen,LibGen.vg,UP,200,2043,,
2026-10-02T14:53:12.423520+00:00,LibGen,LibGen.vg,UP,200,1442,,
2026-10-02T14:54:12.687435+00:00,LibGen,LibGen.vg,UP,200,1417,,
2026-10-02T14:55:13.133425+00:00,LibGen,LibGen.vg,UP,200,1427,,
2026-10-02T14:56:13.969226+00:00,LibGen,LibGen.vg,UP,200,1512,,
2026-10-02T14:57:15.253860+00:00,LibGen,LibGen.vg,UP,200,764,,
2026-10-02T14:58:15.580554+00:00,LibGen,LibGen.vg,UP,200,2445,,
2026-10-02T14:59:15.636268+00:00,LibGen,LibGen.vg,UP,200,1440,,
2026-10-02T15:00:15.573317+00:00,LibGen,LibGen.vg,UP,200,712,,
2026-10-02T15:01:16.731256+00:00,LibGen,LibGen.vg,UP,200,1355,,
2026-10-02T15:02:17.289979+00:00,LibGen,LibGen.vg,UP,200,1353,,
2026-10-02T15:03:17.317685+00:00,LibGen,LibGen.vg,UP,200,1422,,
2026-10-02T15:04:17.873371+00:00,LibGen,LibGen.vg,UP,200,2149,,
2026-10-02T15:05:19.110254+00:00,LibGen,LibGen.vg,UP,200,1437,,
2026-10-02T15:06:17.828253+00:00,LibGen,LibGen.vg,UP,200,1370,,
2026-10-02T15:07:17.483427+00:00,LibGen,LibGen.vg,UP,200,754,,
2026-10-02T15:08:17.811406+00:00,LibGen,LibGen.vg,UP,200,766,,
2026-10-02T15:09:19.219439+00:00,LibGen,LibGen.vg,UP,200,793,,
2026-10-02T15:10:19.580210+00:00,LibGen,LibGen.vg,UP,200,1531,,
2026-10-02T15:11:20.101175+00:00,LibGen,LibGen.vg,UP,200,1463,,
2026-10-02T15:12:20.857572+00:00,LibGen,LibGen.vg,UP,200,1375,,
2026-10-02T15:13:20.482234+00:00,LibGen,LibGen.vg,UP,200,1388,,
2026-10-02T15:14:20.499691+00:00,LibGen,LibGen.vg,UP,200,723,,
2026-10-02T15:15:20.697266+00:00,LibGen,LibGen.vg,UP,200,1324,,
2026-10-02T15:16:22.998034+00:00,LibGen,LibGen.vg,DEGRADED,200,3128,latency_high,
2026-10-02T15:17:25.019333+00:00,LibGen,LibGen.vg,UP,200,1277,,
2026-10-02T15:18:22.741391+00:00,LibGen,LibGen.vg,UP,200,702,,
2026-10-02T15:19:23.801248+00:00,LibGen,LibGen.vg,UP,200,1443,,
2026-10-02T15:20:22.936736+00:00,LibGen,LibGen.vg,UP,200,1431,,
2026-10-02T15:21:25.888855+00:00,LibGen,LibGen.vg,UP,200,1312,,
2026-10-02T15:22:23.744038+00:00,LibGen,LibGen.vg,UP,200,1263,,
2026-10-02T15:23:26.079953+00:00,LibGen,LibGen.vg,DEGRADED,200,3157,latency_high,
2026-10-02T15:24:24.973528+00:00,LibGen,LibGen.vg,UP,200,1265,,
2026-10-02T15:25:25.942852+00:00,LibGen,LibGen.vg,UP,200,1256,,
2026-10-02T15:26:25.523253+00:00,LibGen,LibGen.vg,UP,200,1253,,
2026-10-02T15:27:25.846399+00:00,LibGen,LibGen.vg,UP,200,1267,,
2026-10-02T15:28:26.848430+00:00,LibGen,LibGen.vg,UP,200,1342,,
2026-10-02T15:29:26.624412+00:00,LibGen,LibGen.vg,UP,200,1283,,
2026-10-02T15:30:27.142444+00:00,LibGen,LibGen.vg,UP,200,1400,,
2026-10-02T15:31:29.766084+00:00,LibGen,LibGen.vg,UP,200,1283,,
2026-10-02T15:32:28.961478+00:00,LibGen,LibGen.vg,UP,200,2016,,
2026-10-02T15:33:29.245800+00:00,LibGen,LibGen.vg,UP,200,687,,
2026-10-02T15:34:31.066140+00:00,LibGen,LibGen.vg,UP,200,1242,,
2026-10-02T15:35:29.778478+00:00,LibGen,LibGen.vg,UP,200,1351,,
2026-10-02T15:36:30.882468+00:00,LibGen,LibGen.vg,UP,200,1346,,
2026-10-02T15:37:30.507452+00:00,LibGen,LibGen.vg,UP,200,1322,,
2026-10-02T15:38:32.681575+00:00,LibGen,LibGen.vg,UP,200,1292,,
2026-10-02T15:39:32.005157+00:00,LibGen,LibGen.vg,UP,200,1946,,
2026-10-02T15:40:32.007419+00:00,LibGen,LibGen.vg,UP,200,1316,,
2026-10-02T15:41:32.524972+00:00,LibGen,LibGen.vg,UP,200,1367,,
2026-10-02T15:42:33.102808+00:00,LibGen,LibGen.vg,UP,200,1260,,
2026-10-02T15:43:35.362428+00:00,LibGen,LibGen.vg,DEGRADED,200,3107,latency_high,
2026-10-02T15:44:34.447686+00:00,LibGen,LibGen.vg,UP,200,1273,,
2026-10-02T15:45:34.481241+00:00,LibGen,LibGen.vg,UP,200,1958,,
2026-10-02T15:46:35.729744+00:00,LibGen,LibGen.vg,UP,200,1306,,
2026-10-02T15:47:36.382888+00:00,LibGen,LibGen.vg,UP,200,1521,,
2026-10-02T15:48:36.296646+00:00,LibGen,LibGen.vg,UP,200,1354,,
2026-10-02T15:49:35.592812+00:00,LibGen,LibGen.vg,UP,200,1235,,
2026-10-02T15:50:36.469059+00:00,LibGen,LibGen.vg,UP,200,1464,,
2026-10-02T15:51:36.306770+00:00,LibGen,LibGen.vg,UP,200,690,,
2026-10-02T15:52:37.302364+00:00,LibGen,LibGen.vg,UP,200,685,,
2026-10-02T15:53:38.514963+00:00,LibGen,LibGen.vg,UP,200,1364,,
2026-10-02T15:54:38.362943+00:00,LibGen,LibGen.vg,UP,200,1268,,
2026-10-02T15:55:40.818444+00:00,LibGen,LibGen.vg,UP,200,1895,,
2026-10-02T15:56:39.710769+00:00,LibGen,LibGen.vg,UP,200,1276,,
2026-10-02T15:57:40.030760+00:00,LibGen,LibGen.vg,UP,200,1914,,
2026-10-02T15:58:40.074674+00:00,LibGen,LibGen.vg,UP,200,1286,,
2026-10-02T15:59:39.551268+00:00,LibGen,LibGen.vg,UP,200,1236,,
2026-10-02T16:00:39.928531+00:00,LibGen,LibGen.vg,UP,200,1316,,
2026-10-02T16:01:41.810663+00:00,LibGen,LibGen.vg,UP,200,1249,,
2026-10-02T16:02:41.571443+00:00,LibGen,LibGen.vg,UP,200,1287,,
2026-10-02T16:03:41.440709+00:00,LibGen,LibGen.vg,UP,200,1380,,
2026-10-02T16:04:41.754503+00:00,LibGen,LibGen.vg,UP,200,1301,,
2026-10-02T16:05:42.954067+00:00,LibGen,LibGen.vg,UP,200,1912,,
2026-10-02T16:06:44.153144+00:00,LibGen,LibGen.vg,UP,200,1282,,
2026-10-02T16:07:43.448179+00:00,LibGen,LibGen.vg,UP,200,705,,
2026-10-02T16:08:44.211610+00:00,LibGen,LibGen.vg,UP,200,1351,,
2026-10-02T16:09:45.557840+00:00,LibGen,LibGen.vg,UP,200,1359,,
2026-10-02T16:10:44.965654+00:00,LibGen,LibGen.vg,UP,200,1571,,
2026-10-02T16:11:48.612867+00:00,LibGen,LibGen.vg,UP,200,1348,,
2026-10-02T16:12:45.160937+00:00,LibGen,LibGen.vg,UP,200,711,,
2026-10-02T16:13:45.215950+00:00,LibGen,LibGen.vg,UP,200,1329,,
2026-10-02T16:14:46.060030+00:00,LibGen,LibGen.vg,UP,200,721,,
2026-10-02T16:15:46.627961+00:00,LibGen,LibGen.vg,UP,200,1420,,
2026-10-02T16:16:46.921226+00:00,LibGen,LibGen.vg,UP,200,1367,,
2026-10-02T16:17:48.874818+00:00,LibGen,LibGen.vg,UP,200,1336,,
2026-10-02T16:18:49.463494+00:00,LibGen,LibGen.vg,UP,200,1327,,
2026-10-02T16:19:48.889184+00:00,LibGen,LibGen.vg,UP,200,1294,,
2026-10-02T16:20:48.946992+00:00,LibGen,LibGen.vg,UP,200,1286,,
2026-10-02T16:21:48.928269+00:00,LibGen,LibGen.vg,UP,200,1300,,
2026-10-02T16:22:50.463262+00:00,LibGen,LibGen.vg,UP,200,1409,,
2026-10-02T16:23:51.014211+00:00,LibGen,LibGen.vg,UP,200,1343,,
2026-10-02T16:24:50.983860+00:00,LibGen,LibGen.vg,UP,200,1916,,
2026-10-02T16:25:52.390453+00:00,LibGen,LibGen.vg,UP,200,1355,,
2026-10-02T16:26:53.889820+00:00,LibGen,LibGen.vg,DEGRADED,200,3111,latency_high,
2026-10-02T16:27:52.370587+00:00,LibGen,LibGen.vg,UP,200,1249,,
2026-10-02T16:28:53.601687+00:00,LibGen,LibGen.vg,UP,200,1989,,
2026-10-02T16:29:53.442085+00:00,LibGen,LibGen.vg,UP,200,1252,,
2026-10-02T16:30:54.669510+00:00,LibGen,LibGen.vg,UP,200,1374,,
2026-10-02T16:31:54.841998+00:00,LibGen,LibGen.vg,UP,200,1230,,
2026-10-02T16:32:55.897778+00:00,LibGen,LibGen.vg,UP,200,1239,,
2026-10-02T16:33:55.943680+00:00,LibGen,LibGen.vg,UP,200,1422,,
2026-10-02T16:34:55.877421+00:00,LibGen,LibGen.vg,UP,200,1240,,
2026-10-02T16:35:56.976757+00:00,LibGen,LibGen.vg,UP,200,1465,,
2026-10-02T16:36:55.279168+00:00,LibGen,LibGen.vg,UP,200,705,,
2026-10-02T16:37:57.300561+00:00,LibGen,LibGen.vg,UP,200,2068,,
2026-10-02T16:38:56.996031+00:00,LibGen,LibGen.vg,UP,200,1624,,
2026-10-02T16:39:59.613974+00:00,LibGen,LibGen.vg,UP,200,1249,,
2026-10-02T16:40:58.963981+00:00,LibGen,LibGen.vg,UP,200,1299,,
2026-10-02T16:41:58.891641+00:00,LibGen,LibGen.vg,UP,200,1362,,
2026-10-02T16:42:59.305954+00:00,LibGen,LibGen.vg,UP,200,1304,,
2026-10-02T16:43:59.680225+00:00,LibGen,LibGen.vg,UP,200,702,,
2026-10-02T16:45:00.580484+00:00,LibGen,LibGen.vg,UP,200,1940,,
2026-10-02T16:46:02.034588+00:00,LibGen,LibGen.vg,UP,200,2476,,
2026-10-02T16:46:59.868534+00:00,LibGen,LibGen.vg,UP,200,717,,
2026-10-02T16:48:02.591768+00:00,LibGen,LibGen.vg,DEGRADED,200,3030,latency_high,
2026-10-02T16:49:00.523077+00:00,LibGen,LibGen.vg,UP,200,734,,
2026-10-02T16:50:03.080506+00:00,LibGen,LibGen.vg,UP,200,1328,,
2026-10-02T16:51:03.886629+00:00,LibGen,LibGen.vg,UP,200,1710,,
2026-10-02T16:52:05.495002+00:00,LibGen,LibGen.vg,UP,200,1368,,
2026-10-02T16:53:03.693238+00:00,LibGen,LibGen.vg,UP,200,1716,,
2026-10-02T16:54:03.688831+00:00,LibGen,LibGen.vg,UP,200,1369,,
2026-10-02T16:55:04.115275+00:00,LibGen,LibGen.vg,UP,200,1505,,
2026-10-02T16:56:05.249359+00:00,LibGen,LibGen.vg,UP,200,1435,,
2026-10-02T16:57:05.213085+00:00,LibGen,LibGen.vg,UP,200,1303,,
2026-10-02T16:58:04.822255+00:00,LibGen,LibGen.vg,UP,200,1273,,
2026-10-02T16:59:05.798348+00:00,LibGen,LibGen.vg,UP,200,1256,,
2026-10-02T17:00:06.809094+00:00,LibGen,LibGen.vg,UP,200,1386,,
2026-10-02T17:01:08.011157+00:00,LibGen,LibGen.vg,UP,200,1442,,
2026-10-02T17:02:09.025982+00:00,LibGen,LibGen.vg,UP,200,1280,,
2026-10-02T17:03:09.012517+00:00,LibGen,LibGen.vg,UP,200,1492,,
2026-10-02T17:04:07.718231+00:00,LibGen,LibGen.vg,UP,200,1325,,
2026-10-02T17:05:08.638162+00:00,LibGen,LibGen.vg,UP,200,1531,,
2026-10-02T17:06:08.760841+00:00,LibGen,LibGen.vg,UP,200,1320,,
2026-10-02T17:07:09.758559+00:00,LibGen,LibGen.vg,UP,200,1312,,
2026-10-02T17:08:11.024864+00:00,LibGen,LibGen.vg,UP,200,1291,,
2026-10-02T17:09:09.550372+00:00,LibGen,LibGen.vg,UP,200,1299,,
2026-10-02T17:10:09.273058+00:00,LibGen,LibGen.vg,UP,200,735,,
2026-10-02T17:11:10.148471+00:00,LibGen,LibGen.vg,UP,200,686,,
2026-10-02T17:12:10.332745+00:00,LibGen,LibGen.vg,UP,200,743,,
2026-10-02T17:13:10.810297+00:00,LibGen,LibGen.vg,UP,200,1285,,
2026-10-02T17:14:11.225413+00:00,LibGen,LibGen.vg,UP,200,1287,,
2026-10-02T17:15:11.577056+00:00,LibGen,LibGen.vg,UP,200,1308,,
2026-10-02T17:16:12.654722+00:00,LibGen,LibGen.vg,UP,200,1263,,
2026-10-02T17:17:12.635410+00:00,LibGen,LibGen.vg,UP,200,1451,,
2026-10-02T17:18:12.897768+00:00,LibGen,LibGen.vg,UP,200,1260,,
2026-10-02T17:19:13.195601+00:00,LibGen,LibGen.vg,UP,200,1274,,
2026-10-02T17:20:13.489918+00:00,LibGen,LibGen.vg,UP,200,1326,,
2026-10-02T17:21:14.753531+00:00,LibGen,LibGen.vg,UP,200,1363,,
2026-10-02T17:22:13.802070+00:00,LibGen,LibGen.vg,UP,200,1268,,
2026-10-02T17:23:14.434864+00:00,LibGen,LibGen.vg,UP,200,1277,,
2026-10-02T17:24:32.905856+00:00,LibGen,LibGen.vg,DEGRADED,200,3101,latency_high,
2026-10-02T17:25:17.818820+00:00,LibGen,LibGen.vg,UP,200,1314,,
2026-10-02T17:26:16.226568+00:00,LibGen,LibGen.vg,UP,200,1255,,
2026-10-02T17:27:17.171948+00:00,LibGen,LibGen.vg,UP,200,1387,,
2026-10-02T17:28:17.213362+00:00,LibGen,LibGen.vg,UP,200,1383,,
2026-10-02T17:29:19.313593+00:00,LibGen,LibGen.vg,UP,200,1368,,
2026-10-02T17:30:18.862904+00:00,LibGen,LibGen.vg,UP,200,1290,,
2026-10-02T17:31:18.801368+00:00,LibGen,LibGen.vg,UP,200,727,,
2026-10-02T17:32:23.617947+00:00,LibGen,LibGen.vg,DEGRADED,200,5925,latency_high,
2026-10-02T17:33:20.245978+00:00,LibGen,LibGen.vg,UP,200,1293,,
2026-10-02T17:34:19.976663+00:00,LibGen,LibGen.vg,UP,200,1254,,
2026-10-02T17:35:19.670954+00:00,LibGen,LibGen.vg,UP,200,1272,,
2026-10-02T17:36:20.995349+00:00,LibGen,LibGen.vg,UP,200,1946,,
2026-10-02T17:37:22.638082+00:00,LibGen,LibGen.vg,UP,200,739,,
2026-10-02T17:38:25.219959+00:00,LibGen,LibGen.vg,UP,200,710,,
2026-10-02T17:39:21.258209+00:00,LibGen,LibGen.vg,UP,200,1281,,
2026-10-02T17:40:21.475365+00:00,LibGen,LibGen.vg,UP,200,1322,,
2026-10-02T17:41:21.322500+00:00,LibGen,LibGen.vg,UP,200,1346,,
2026-10-02T17:42:22.146476+00:00,LibGen,LibGen.vg,UP,200,1347,,
2026-10-02T17:43:23.771372+00:00,LibGen,LibGen.vg,UP,200,1988,,
2026-10-02T17:44:23.541070+00:00,LibGen,LibGen.vg,UP,200,1875,,
2026-10-02T17:45:23.469105+00:00,LibGen,LibGen.vg,UP,200,1317,,
2026-10-02T17:46:24.349653+00:00,LibGen,LibGen.vg,UP,200,1288,,
2026-10-02T17:47:23.990526+00:00,LibGen,LibGen.vg,UP,200,1273,,
2026-10-02T17:48:25.040013+00:00,LibGen,LibGen.vg,UP,200,1996,,
2026-10-02T17:49:25.448927+00:00,LibGen,LibGen.vg,UP,200,1301,,
2026-10-02T17:50:26.521132+00:00,LibGen,LibGen.vg,UP,200,1340,,
2026-10-02T17:51:26.554857+00:00,LibGen,LibGen.vg,UP,200,1360,,
2026-10-02T17:52:28.125445+00:00,LibGen,LibGen.vg,UP,200,1287,,
2026-10-02T17:53:29.340748+00:00,LibGen,LibGen.vg,UP,200,1414,,
2026-10-02T17:54:28.987901+00:00,LibGen,LibGen.vg,UP,200,1262,,
2026-10-02T17:55:30.043794+00:00,LibGen,LibGen.vg,UP,200,1291,,
2026-10-02T17:56:29.903689+00:00,LibGen,LibGen.vg,UP,200,1936,,
2026-10-02T17:57:31.364166+00:00,LibGen,LibGen.vg,DEGRADED,200,3218,latency_high,
2026-10-02T17:58:30.104866+00:00,LibGen,LibGen.vg,UP,200,1298,,
2026-10-02T17:59:29.638323+00:00,LibGen,LibGen.vg,UP,200,1264,,
2026-10-02T18:00:30.426535+00:00,LibGen,LibGen.vg,UP,200,1436,,
2026-10-02T18:01:50.394414+00:00,LibGen,LibGen.vg,DOWN,,,connection_refused,
2026-10-02T18:02:32.806204+00:00,LibGen,LibGen.vg,UP,200,1283,,
2026-10-02T18:03:31.941336+00:00,LibGen,LibGen.vg,UP,200,1386,,
2026-10-02T18:04:32.284370+00:00,LibGen,LibGen.vg,UP,200,1328,,
2026-10-02T18:05:33.744804+00:00,LibGen,LibGen.vg,UP,200,1365,,
2026-10-02T18:06:32.888525+00:00,LibGen,LibGen.vg,UP,200,1296,,
2026-10-02T18:07:34.345047+00:00,LibGen,LibGen.vg,UP,200,1257,,
2026-10-02T18:08:33.997026+00:00,LibGen,LibGen.vg,UP,200,1272,,
2026-10-02T18:09:34.315224+00:00,LibGen,LibGen.vg,UP,200,1300,,
2026-10-02T18:10:34.342441+00:00,LibGen,LibGen.vg,UP,200,694,,
2026-10-02T18:11:35.883943+00:00,LibGen,LibGen.vg,UP,200,1438,,
2026-10-02T18:12:36.369736+00:00,LibGen,LibGen.vg,UP,200,1264,,
2026-10-02T18:13:55.211129+00:00,LibGen,LibGen.vg,TIMEOUT,,,timeout,
2026-10-02T18:14:37.328125+00:00,LibGen,LibGen.vg,UP,200,1998,,
2026-10-02T18:15:38.048157+00:00,LibGen,LibGen.vg,UP,200,1294,,
2026-10-02T18:16:38.353403+00:00,LibGen,LibGen.vg,UP,200,1906,,
2026-10-02T18:17:39.923322+00:00,LibGen,LibGen.vg,UP,200,716,,
2026-10-02T18:18:45.758631+00:00,LibGen,LibGen.vg,UP,200,1321,,
2026-10-02T18:19:39.384207+00:00,LibGen,LibGen.vg,UP,200,1244,,
2026-10-02T18:20:38.242634+00:00,LibGen,LibGen.vg,UP,200,1380,,
2026-10-02T18:21:38.778182+00:00,LibGen,LibGen.vg,UP,200,1273,,
2026-10-02T18:22:39.274202+00:00,LibGen,LibGen.vg,UP,200,1242,,
2026-10-02T18:23:41.051963+00:00,LibGen,LibGen.vg,UP,200,1564,,
2026-10-02T18:24:40.431226+00:00,LibGen,LibGen.vg,UP,200,1357,,
2026-10-02T18:25:41.057594+00:00,LibGen,LibGen.vg,UP,200,1298,,
2026-10-02T18:26:41.204921+00:00,LibGen,LibGen.vg,UP,200,1380,,
2026-10-02T18:27:42.264653+00:00,LibGen,LibGen.vg,UP,200,1315,,
2026-10-02T18:28:42.031754+00:00,LibGen,LibGen.vg,UP,200,1333,,
2026-10-02T18:29:42.308972+00:00,LibGen,LibGen.vg,UP,200,1289,,
2026-10-02T18:30:43.233256+00:00,LibGen,LibGen.vg,UP,200,1603,,
2026-10-02T18:31:45.216838+00:00,LibGen,LibGen.vg,UP,200,1337,,
2026-10-02T18:32:45.417499+00:00,LibGen,LibGen.vg,UP,200,2237,,
2026-10-02T18:33:44.564385+00:00,LibGen,LibGen.vg,UP,200,1355,,
2026-10-02T18:34:44.855851+00:00,LibGen,LibGen.vg,UP,200,1339,,
2026-10-02T18:35:44.973197+00:00,LibGen,LibGen.vg,UP,200,1353,,
2026-10-02T18:36:45.241539+00:00,LibGen,LibGen.vg,UP,200,1269,,
2026-10-02T18:37:44.760904+00:00,LibGen,LibGen.vg,UP,200,696,,
2026-10-02T18:38:49.676965+00:00,LibGen,LibGen.vg,DEGRADED,200,4282,latency_high,
2026-10-02T18:39:50.156754+00:00,LibGen,LibGen.vg,UP,200,1280,,
2026-10-02T18:40:46.755909+00:00,LibGen,LibGen.vg,UP,200,1370,,
2026-10-02T18:41:47.531254+00:00,LibGen,LibGen.vg,UP,200,1360,,
2026-10-02T18:42:47.747197+00:00,LibGen,LibGen.vg,UP,200,1305,,
2026-10-02T18:43:48.154318+00:00,LibGen,LibGen.vg,UP,200,1361,,
2026-10-02T18:44:48.438063+00:00,LibGen,LibGen.vg,UP,200,1444,,
2026-10-02T18:45:48.143876+00:00,LibGen,LibGen.vg,UP,200,1382,,
2026-10-02T18:46:49.151671+00:00,LibGen,LibGen.vg,UP,200,1262,,
2026-10-02T18:47:49.649155+00:00,LibGen,LibGen.vg,UP,200,2013,,
2026-10-02T18:48:49.047590+00:00,LibGen,LibGen.vg,UP,200,1445,,
2026-10-02T18:49:50.754574+00:00,LibGen,LibGen.vg,UP,200,1264,,
2026-10-02T18:50:50.482170+00:00,LibGen,LibGen.vg,UP,200,1410,,
2026-10-02T18:51:50.962141+00:00,LibGen,LibGen.vg,UP,200,1266,,
2026-10-02T18:52:50.801067+00:00,LibGen,LibGen.vg,UP,200,1385,,
2026-10-02T18:53:50.525953+00:00,LibGen,LibGen.vg,UP,200,1317,,
2026-10-02T18:54:52.294429+00:00,LibGen,LibGen.vg,UP,200,1943,,
2026-10-02T18:55:51.395420+00:00,LibGen,LibGen.vg,UP,200,716,,
2026-10-02T18:56:52.325048+00:00,LibGen,LibGen.vg,UP,200,1487,,
2026-10-02T18:57:52.980187+00:00,LibGen,LibGen.vg,UP,200,1271,,
2026-10-02T18:58:51.919205+00:00,LibGen,LibGen.vg,UP,200,702,,
2026-10-02T18:59:52.608141+00:00,LibGen,LibGen.vg,UP,200,1279,,
2026-10-02T19:00:52.936027+00:00,LibGen,LibGen.vg,UP,200,1287,,
2026-10-02T19:01:54.994940+00:00,LibGen,LibGen.vg,UP,200,1980,,
2026-10-02T19:02:54.041429+00:00,LibGen,LibGen.vg,UP,200,1260,,
2026-10-02T19:03:54.377150+00:00,LibGen,LibGen.vg,UP,200,692,,
2026-10-02T19:04:56.617059+00:00,LibGen,LibGen.vg,UP,200,1286,,
2026-10-02T19:05:56.858830+00:00,LibGen,LibGen.vg,UP,200,1406,,
2026-10-02T19:06:56.528695+00:00,LibGen,LibGen.vg,UP,200,1333,,
2026-10-02T19:07:56.261607+00:00,LibGen,LibGen.vg,UP,200,701,,
2026-10-02T19:08:57.534420+00:00,LibGen,LibGen.vg,UP,200,1267,,
2026-10-02T19:09:57.712162+00:00,LibGen,LibGen.vg,UP,200,682,,
2026-10-02T19:11:08.669604+00:00,LibGen,LibGen.vg,DEGRADED,200,10607,latency_high,
2026-10-02T19:11:58.409926+00:00,LibGen,LibGen.vg,UP,200,1371,,
2026-10-02T19:13:00.098254+00:00,LibGen,LibGen.vg,UP,200,1840,,
2026-10-02T19:13:59.818180+00:00,LibGen,LibGen.vg,UP,200,1326,,
2026-10-02T19:15:00.129366+00:00,LibGen,LibGen.vg,UP,200,1295,,
2026-10-02T19:16:01.552449+00:00,LibGen,LibGen.vg,UP,200,1338,,
2026-10-02T19:17:00.116711+00:00,LibGen,LibGen.vg,UP,200,1280,,
2026-10-02T19:18:03.015306+00:00,LibGen,LibGen.vg,UP,200,1474,,
2026-10-02T19:19:01.182915+00:00,LibGen,LibGen.vg,UP,200,1312,,
2026-10-02T19:20:01.637530+00:00,LibGen,LibGen.vg,UP,200,1312,,
2026-10-02T19:21:04.841243+00:00,LibGen,LibGen.vg,UP,200,2111,,
2026-10-02T19:22:03.950255+00:00,LibGen,LibGen.vg,UP,200,1548,,
2026-10-02T19:23:03.387483+00:00,LibGen,LibGen.vg,UP,200,1467,,
2026-10-02T19:24:03.660261+00:00,LibGen,LibGen.vg,UP,200,1495,,
2026-10-02T19:25:05.006491+00:00,LibGen,LibGen.vg,UP,200,1751,,
2026-10-02T19:26:05.546048+00:00,LibGen,LibGen.vg,UP,200,1474,,
2026-10-02T19:27:06.814633+00:00,LibGen,LibGen.vg,UP,200,1317,,
2026-10-02T19:28:09.412829+00:00,LibGen,LibGen.vg,DEGRADED,200,4425,latency_high,
2026-10-02T19:29:06.283090+00:00,LibGen,LibGen.vg,UP,200,1511,,
2026-10-02T19:30:08.354410+00:00,LibGen,LibGen.vg,UP,200,1727,,
2026-10-02T19:31:07.374404+00:00,LibGen,LibGen.vg,UP,200,728,,
2026-10-02T19:32:07.719497+00:00,LibGen,LibGen.vg,UP,200,1319,,
2026-10-02T19:33:08.912073+00:00,LibGen,LibGen.vg,UP,200,1428,,
2026-10-02T19:34:08.837459+00:00,LibGen,LibGen.vg,UP,200,1262,,
2026-10-02T19:35:09.779326+00:00,LibGen,LibGen.vg,UP,200,1281,,
2026-10-02T19:36:09.249962+00:00,LibGen,LibGen.vg,UP,200,1295,,
2026-10-02T19:37:09.578623+00:00,LibGen,LibGen.vg,UP,200,1325,,
2026-10-02T19:38:10.735540+00:00,LibGen,LibGen.vg,UP,200,1409,,
2026-10-02T19:39:12.281941+00:00,LibGen,LibGen.vg,UP,200,723,,
2026-10-02T19:40:11.481874+00:00,LibGen,LibGen.vg,UP,200,1460,,
2026-10-02T19:41:11.671050+00:00,LibGen,LibGen.vg,UP,200,1327,,
2026-10-02T19:42:11.426654+00:00,LibGen,LibGen.vg,UP,200,677,,
2026-10-02T19:43:13.019874+00:00,LibGen,LibGen.vg,UP,200,1312,,
2026-10-02T19:44:12.854532+00:00,LibGen,LibGen.vg,UP,200,1278,,
2026-10-02T19:45:16.417869+00:00,LibGen,LibGen.vg,DEGRADED,200,3271,latency_high,
2026-10-02T19:46:14.718937+00:00,LibGen,LibGen.vg,UP,200,2155,,
2026-10-02T19:47:15.735317+00:00,LibGen,LibGen.vg,UP,200,710,,
2026-10-02T19:48:18.696148+00:00,LibGen,LibGen.vg,DEGRADED,200,4530,latency_high,
2026-10-02T19:49:17.958677+00:00,LibGen,LibGen.vg,UP,200,1357,,
2026-10-02T19:50:16.635170+00:00,LibGen,LibGen.vg,UP,200,1476,,
2026-10-02T19:51:24.865222+00:00,LibGen,LibGen.vg,DEGRADED,200,9771,latency_high,
2026-10-02T19:52:16.783640+00:00,LibGen,LibGen.vg,UP,200,1262,,
2026-10-02T19:53:18.811170+00:00,LibGen,LibGen.vg,UP,200,700,,
2026-10-02T19:54:17.080106+00:00,LibGen,LibGen.vg,UP,200,1254,,
2026-10-02T19:55:17.829698+00:00,LibGen,LibGen.vg,UP,200,1383,,
2026-10-02T19:56:18.852267+00:00,LibGen,LibGen.vg,UP,200,1291,,
2026-10-02T19:57:19.335869+00:00,LibGen,LibGen.vg,UP,200,1287,,
2026-10-02T19:58:18.769555+00:00,LibGen,LibGen.vg,UP,200,724,,
2026-10-02T19:59:23.191098+00:00,LibGen,LibGen.vg,UP,200,1325,,
2026-10-02T20:00:21.705217+00:00,LibGen,LibGen.vg,UP,200,2129,,
2026-10-02T20:01:22.335372+00:00,LibGen,LibGen.vg,UP,200,1380,,
2026-10-02T20:02:22.355877+00:00,LibGen,LibGen.vg,UP,200,1306,,
2026-10-02T20:03:22.004117+00:00,LibGen,LibGen.vg,UP,200,1348,,
2026-10-02T20:04:22.997830+00:00,LibGen,LibGen.vg,UP,200,1288,,
2026-10-02T20:05:24.372715+00:00,LibGen,LibGen.vg,UP,200,1259,,
2026-10-02T20:06:22.916460+00:00,LibGen,LibGen.vg,UP,200,709,,
2026-10-02T20:07:26.790686+00:00,LibGen,LibGen.vg,UP,200,1346,,
2026-10-02T20:08:24.176314+00:00,LibGen,LibGen.vg,UP,200,2125,,
2026-10-02T20:09:23.431112+00:00,LibGen,LibGen.vg,UP,200,735,,
2026-10-02T20:10:24.161060+00:00,LibGen,LibGen.vg,UP,200,1350,,
2026-10-02T20:11:24.634021+00:00,LibGen,LibGen.vg,UP,200,739,,
2026-10-02T20:12:25.157631+00:00,LibGen,LibGen.vg,UP,200,1477,,
2026-10-02T20:13:27.228590+00:00,LibGen,LibGen.vg,UP,200,1407,,
2026-10-02T20:14:26.446483+00:00,LibGen,LibGen.vg,UP,200,1581,,
2026-10-02T20:15:28.487638+00:00,LibGen,LibGen.vg,UP,200,1433,,
2026-10-02T20:16:27.903147+00:00,LibGen,LibGen.vg,UP,200,1467,,
2026-10-02T20:17:27.528953+00:00,LibGen,LibGen.vg,UP,200,1321,,
2026-10-02T20:18:29.653367+00:00,LibGen,LibGen.vg,UP,200,1698,,
2026-10-02T20:19:29.312484+00:00,LibGen,LibGen.vg,UP,200,1393,,
2026-10-02T20:20:30.054215+00:00,LibGen,LibGen.vg,UP,200,1308,,
2026-10-02T20:21:30.895088+00:00,LibGen,LibGen.vg,UP,200,1325,,
2026-10-02T20:22:34.207203+00:00,LibGen,LibGen.vg,DEGRADED,200,4617,latency_high,
2026-10-02T20:23:36.077817+00:00,LibGen,LibGen.vg,DEGRADED,200,3313,latency_high,
2026-10-02T20:24:33.058795+00:00,LibGen,LibGen.vg,UP,200,1392,,
2026-10-02T20:25:34.742742+00:00,LibGen,LibGen.vg,UP,200,1300,,
2026-10-02T20:26:35.178772+00:00,LibGen,LibGen.vg,UP,200,1423,,
2026-10-02T20:27:34.478947+00:00,LibGen,LibGen.vg,UP,200,1361,,
2026-10-02T20:28:36.118464+00:00,LibGen,LibGen.vg,UP,200,2131,,
2026-10-02T20:29:36.229639+00:00,LibGen,LibGen.vg,UP,200,1311,,
2026-10-02T20:30:36.370944+00:00,LibGen,LibGen.vg,UP,200,1465,,
2026-10-02T20:31:38.237598+00:00,LibGen,LibGen.vg,UP,200,2062,,
2026-10-02T20:32:37.550870+00:00,LibGen,LibGen.vg,UP,200,1512,,
2026-10-02T20:33:38.536922+00:00,LibGen,LibGen.vg,UP,200,1390,,
2026-10-02T20:34:37.716114+00:00,LibGen,LibGen.vg,UP,200,1338,,
2026-10-02T20:35:38.734834+00:00,LibGen,LibGen.vg,UP,200,1416,,
2026-10-02T20:36:39.418892+00:00,LibGen,LibGen.vg,UP,200,1386,,
2026-10-02T20:37:42.338479+00:00,LibGen,LibGen.vg,UP,200,1261,,
2026-10-02T20:38:39.248408+00:00,LibGen,LibGen.vg,UP,200,1371,,
2026-10-02T20:39:40.911411+00:00,LibGen,LibGen.vg,UP,200,1231,,
2026-10-02T20:40:40.642576+00:00,LibGen,LibGen.vg,UP,200,1449,,
2026-10-02T20:41:41.113711+00:00,LibGen,LibGen.vg,UP,200,1374,,
2026-10-02T20:42:41.793150+00:00,LibGen,LibGen.vg,UP,200,1558,,
2026-10-02T20:43:45.402459+00:00,LibGen,LibGen.vg,UP,200,2814,,
2026-10-02T20:44:42.973426+00:00,LibGen,LibGen.vg,UP,200,1489,,
2026-10-02T20:45:42.284783+00:00,LibGen,LibGen.vg,UP,200,1389,,
2026-10-02T20:46:43.565642+00:00,LibGen,LibGen.vg,UP,200,1326,,
2026-10-02T20:47:45.010933+00:00,LibGen,LibGen.vg,UP,200,1446,,
2026-10-02T20:48:45.302339+00:00,LibGen,LibGen.vg,UP,200,1354,,
2026-10-02T20:49:43.878605+00:00,LibGen,LibGen.vg,UP,200,708,,
2026-10-02T20:50:44.110253+00:00,LibGen,LibGen.vg,UP,200,708,,
2026-10-02T20:51:44.962782+00:00,LibGen,LibGen.vg,UP,200,1286,,
2026-10-02T20:52:45.162519+00:00,LibGen,LibGen.vg,UP,200,1283,,
2026-10-02T20:53:46.358750+00:00,LibGen,LibGen.vg,UP,200,1274,,
2026-10-02T20:54:46.331475+00:00,LibGen,LibGen.vg,UP,200,836,,
2026-10-02T20:55:46.672683+00:00,LibGen,LibGen.vg,UP,200,1350,,
2026-10-02T20:56:48.247308+00:00,LibGen,LibGen.vg,UP,200,1338,,
2026-10-02T20:57:47.682237+00:00,LibGen,LibGen.vg,UP,200,1354,,
2026-10-02T20:58:50.893912+00:00,LibGen,LibGen.vg,DEGRADED,200,4209,latency_high,
2026-10-02T20:59:48.674749+00:00,LibGen,LibGen.vg,UP,200,1269,,
2026-10-02T21:00:48.870453+00:00,LibGen,LibGen.vg,UP,200,1602,,
2026-10-02T21:01:49.128663+00:00,LibGen,LibGen.vg,UP,200,1317,,
2026-10-02T21:02:49.345210+00:00,LibGen,LibGen.vg,UP,200,1363,,
2026-10-02T21:03:50.249810+00:00,LibGen,LibGen.vg,UP,200,1279,,
2026-10-02T21:04:52.965884+00:00,LibGen,LibGen.vg,DEGRADED,200,4305,latency_high,
2026-10-02T21:05:51.098443+00:00,LibGen,LibGen.vg,UP,200,1288,,
2026-10-02T21:06:50.786498+00:00,LibGen,LibGen.vg,UP,200,1330,,
2026-10-02T21:07:51.933459+00:00,LibGen,LibGen.vg,UP,200,1260,,
2026-10-02T21:08:52.624504+00:00,LibGen,LibGen.vg,UP,200,1358,,
2026-10-02T21:09:51.679703+00:00,LibGen,LibGen.vg,UP,200,1404,,
2026-10-02T21:10:53.390912+00:00,LibGen,LibGen.vg,UP,200,1346,,
2026-10-02T21:11:53.175381+00:00,LibGen,LibGen.vg,UP,200,1370,,
2026-10-02T21:12:54.509683+00:00,LibGen,LibGen.vg,UP,200,1379,,
2026-10-02T21:13:55.897714+00:00,LibGen,LibGen.vg,UP,200,1927,,
2026-10-02T21:14:55.156161+00:00,LibGen,LibGen.vg,UP,200,1340,,
2026-10-02T21:15:54.691486+00:00,LibGen,LibGen.vg,UP,200,1299,,
2026-10-02T21:16:55.408558+00:00,LibGen,LibGen.vg,UP,200,1280,,
2026-10-02T21:17:55.647467+00:00,LibGen,LibGen.vg,UP,200,1277,,
2026-10-02T21:18:56.651989+00:00,LibGen,LibGen.vg,UP,200,1281,,
2026-10-02T21:19:56.438010+00:00,LibGen,LibGen.vg,UP,200,1504,,
2026-10-02T21:20:57.476598+00:00,LibGen,LibGen.vg,UP,200,1400,,
2026-10-02T21:21:58.289389+00:00,LibGen,LibGen.vg,UP,200,1973,,
2026-10-02T21:22:57.689839+00:00,LibGen,LibGen.vg,UP,200,1351,,
2026-10-02T21:23:58.394452+00:00,LibGen,LibGen.vg,UP,200,1467,,
2026-10-02T21:24:59.535404+00:00,LibGen,LibGen.vg,UP,200,1327,,
2026-10-02T21:25:59.213186+00:00,LibGen,LibGen.vg,UP,200,1358,,
2026-10-02T21:26:59.900620+00:00,LibGen,LibGen.vg,UP,200,1272,,
2026-10-02T21:28:01.236458+00:00,LibGen,LibGen.vg,UP,200,1281,,
2026-10-02T21:29:01.392110+00:00,LibGen,LibGen.vg,UP,200,1902,,
2026-10-02T21:30:01.330229+00:00,LibGen,LibGen.vg,UP,200,1271,,
2026-10-02T21:31:01.163674+00:00,LibGen,LibGen.vg,UP,200,1385,,
2026-10-02T21:32:02.423060+00:00,LibGen,LibGen.vg,UP,200,1997,,
2026-10-02T21:33:20.896387+00:00,LibGen,LibGen.vg,TIMEOUT,,,timeout,
2026-10-02T21:34:12.326059+00:00,LibGen,LibGen.vg,DEGRADED,200,10605,latency_high,
2026-10-02T21:35:02.485698+00:00,LibGen,LibGen.vg,UP,200,740,,
2026-10-02T21:36:03.282548+00:00,LibGen,LibGen.vg,UP,200,1344,,
2026-10-02T21:37:02.936010+00:00,LibGen,LibGen.vg,UP,200,717,,
2026-10-02T21:38:03.665157+00:00,LibGen,LibGen.vg,UP,200,1313,,
2026-10-02T21:39:04.982206+00:00,LibGen,LibGen.vg,UP,200,1286,,
2026-10-02T21:40:06.701963+00:00,LibGen,LibGen.vg,UP,200,1725,,
2026-10-02T21:41:06.521236+00:00,LibGen,LibGen.vg,UP,200,1269,,
2026-10-02T21:42:05.136700+00:00,LibGen,LibGen.vg,UP,200,693,,
2026-10-02T21:43:06.163133+00:00,LibGen,LibGen.vg,UP,200,1343,,
2026-10-02T21:44:06.824064+00:00,LibGen,LibGen.vg,UP,200,1392,,
2026-10-02T21:45:09.091428+00:00,LibGen,LibGen.vg,UP,200,712,,
2026-10-02T21:46:08.088296+00:00,LibGen,LibGen.vg,UP,200,1871,,
2026-10-02T21:47:08.867159+00:00,LibGen,LibGen.vg,UP,200,1583,,
2026-10-02T21:48:08.457678+00:00,LibGen,LibGen.vg,UP,200,1390,,
2026-10-02T21:49:09.415486+00:00,LibGen,LibGen.vg,UP,200,1330,,
2026-10-02T21:50:10.996589+00:00,LibGen,LibGen.vg,UP,200,1245,,
2026-10-02T21:51:09.906803+00:00,LibGen,LibGen.vg,UP,200,1275,,
2026-10-02T21:52:10.795233+00:00,LibGen,LibGen.vg,UP,200,1245,,
2026-10-02T21:53:09.870025+00:00,LibGen,LibGen.vg,UP,200,1374,,
2026-10-02T21:54:10.045635+00:00,LibGen,LibGen.vg,UP,200,695,,
2026-10-02T21:55:10.764911+00:00,LibGen,LibGen.vg,UP,200,1338,,
2026-10-02T21:56:10.778790+00:00,LibGen,LibGen.vg,UP,200,1275,,
2026-10-02T21:57:11.083364+00:00,LibGen,LibGen.vg,UP,200,1346,,
2026-10-02T21:58:11.844133+00:00,LibGen,LibGen.vg,UP,200,1280,,
2026-10-02T21:59:12.025141+00:00,LibGen,LibGen.vg,UP,200,1375,,
2026-10-02T22:00:11.767141+00:00,LibGen,LibGen.vg,UP,200,1370,,
2026-10-02T22:01:13.077447+00:00,LibGen,LibGen.vg,UP,200,1362,,
2026-10-02T22:02:14.456215+00:00,LibGen,LibGen.vg,UP,200,1252,,
2026-10-02T22:03:13.843894+00:00,LibGen,LibGen.vg,UP,200,1347,,
2026-10-02T22:04:15.805648+00:00,LibGen,LibGen.vg,UP,200,1367,,
2026-10-02T22:05:15.753140+00:00,LibGen,LibGen.vg,UP,200,1376,,
2026-10-02T22:06:16.908675+00:00,LibGen,LibGen.vg,UP,200,1896,,
2026-10-02T22:07:15.040499+00:00,LibGen,LibGen.vg,UP,200,1247,,
2026-10-02T22:08:16.005914+00:00,LibGen,LibGen.vg,UP,200,1266,,
2026-10-02T22:09:15.908940+00:00,LibGen,LibGen.vg,UP,200,1322,,
2026-10-02T22:10:16.744677+00:00,LibGen,LibGen.vg,UP,200,1271,,
2026-10-02T22:11:16.200888+00:00,LibGen,LibGen.vg,UP,200,710,,
2026-10-02T22:12:17.389603+00:00,LibGen,LibGen.vg,UP,200,1281,,
2026-10-02T22:13:18.005323+00:00,LibGen,LibGen.vg,UP,200,1248,,
2026-10-02T22:14:18.358935+00:00,LibGen,LibGen.vg,UP,200,1245,,
2026-10-02T22:15:21.254583+00:00,LibGen,LibGen.vg,UP,200,2557,,
2026-10-02T22:16:20.974717+00:00,LibGen,LibGen.vg,DEGRADED,200,3094,latency_high,
2026-10-02T22:17:19.535641+00:00,LibGen,LibGen.vg,UP,200,1273,,
2026-10-02T22:18:20.407291+00:00,LibGen,LibGen.vg,UP,200,1276,,
2026-10-02T22:19:20.142124+00:00,LibGen,LibGen.vg,UP,200,1259,,
2026-10-02T22:20:20.620052+00:00,LibGen,LibGen.vg,UP,200,1351,,
2026-10-02T22:21:21.734055+00:00,LibGen,LibGen.vg,UP,200,1253,,
2026-10-02T22:22:22.602218+00:00,LibGen,LibGen.vg,UP,200,1303,,
2026-10-02T22:23:41.666686+00:00,LibGen,LibGen.vg,DOWN,,,connection_refused,
2026-10-02T22:24:22.661381+00:00,LibGen,LibGen.vg,UP,200,1277,,
2026-10-02T22:25:22.785862+00:00,LibGen,LibGen.vg,UP,200,1349,,
2026-10-02T22:26:22.932811+00:00,LibGen,LibGen.vg,UP,200,1316,,
2026-10-02T22:27:23.179511+00:00,LibGen,LibGen.vg,UP,200,1271,,
2026-10-02T22:28:23.467679+00:00,LibGen,LibGen.vg,UP,200,1296,,
2026-10-02T22:29:24.880901+00:00,LibGen,LibGen.vg,UP,200,1278,,
2026-10-02T22:30:44.398757+00:00,LibGen,LibGen.vg,DOWN,,,connection_refused,
2026-10-02T22:31:25.020272+00:00,LibGen,LibGen.vg,UP,200,1345,,
2026-10-02T22:32:27.644364+00:00,LibGen,LibGen.vg,UP,200,1412,,
2026-10-02T22:33:27.514798+00:00,LibGen,LibGen.vg,UP,200,1249,,
2026-10-02T22:34:26.461202+00:00,LibGen,LibGen.vg,UP,200,1284,,
2026-10-02T22:35:27.614044+00:00,LibGen,LibGen.vg,UP,200,1412,,
2026-10-02T22:36:27.475903+00:00,LibGen,LibGen.vg,UP,200,716,,
2026-10-02T22:37:28.709617+00:00,LibGen,LibGen.vg,UP,200,2155,,
2026-10-02T22:38:27.971646+00:00,LibGen,LibGen.vg,UP,200,1330,,
2026-10-02T22:39:27.471938+00:00,LibGen,LibGen.vg,UP,200,688,,
2026-10-02T22:40:28.533832+00:00,LibGen,LibGen.vg,UP,200,1347,,
2026-10-02T22:41:29.120679+00:00,LibGen,LibGen.vg,UP,200,1288,,
2026-10-02T22:42:30.206605+00:00,LibGen,LibGen.vg,UP,200,1267,,
2026-10-02T22:43:29.873339+00:00,LibGen,LibGen.vg,UP,200,1401,,
2026-10-02T22:44:30.701411+00:00,LibGen,LibGen.vg,UP,200,1251,,
2026-10-02T22:45:30.840174+00:00,LibGen,LibGen.vg,UP,200,1337,,
2026-10-02T22:46:32.003230+00:00,LibGen,LibGen.vg,UP,200,1587,,
2026-10-02T22:47:33.384503+00:00,LibGen,LibGen.vg,UP,200,720,,
2026-10-02T22:48:33.867739+00:00,LibGen,LibGen.vg,UP,200,698,,
2026-10-02T22:49:34.684932+00:00,LibGen,LibGen.vg,UP,200,1282,,
2026-10-02T22:50:34.015590+00:00,LibGen,LibGen.vg,UP,200,1344,,
2026-10-02T22:51:34.263455+00:00,LibGen,LibGen.vg,UP,200,1421,,
2026-10-02T22:52:34.590441+00:00,LibGen,LibGen.vg,UP,200,1377,,
2026-10-02T22:53:34.707069+00:00,LibGen,LibGen.vg,UP,200,1272,,
2026-10-02T22:54:34.946655+00:00,LibGen,LibGen.vg,UP,200,1257,,
2026-10-02T22:55:35.122989+00:00,LibGen,LibGen.vg,UP,200,1307,,
2026-10-02T22:56:34.863355+00:00,LibGen,LibGen.vg,UP,200,1298,,
2026-10-02T22:57:35.327046+00:00,LibGen,LibGen.vg,UP,200,1235,,
2026-10-02T22:58:35.641856+00:00,LibGen,LibGen.vg,UP,200,1310,,
2026-10-02T22:59:36.278531+00:00,LibGen,LibGen.vg,UP,200,1392,,
2026-10-02T23:00:37.247169+00:00,LibGen,LibGen.vg,UP,200,1649,,
2026-10-02T23:01:37.654633+00:00,LibGen,LibGen.vg,UP,200,1401,,
2026-10-02T23:02:38.341463+00:00,LibGen,LibGen.vg,UP,200,1378,,
2026-10-02T23:03:39.497749+00:00,LibGen,LibGen.vg,UP,200,1297,,
2026-10-02T23:04:42.929048+00:00,LibGen,LibGen.vg,UP,200,1388,,
2026-10-02T23:05:40.589659+00:00,LibGen,LibGen.vg,UP,200,1315,,
2026-10-02T23:06:39.994233+00:00,LibGen,LibGen.vg,UP,200,1325,,
2026-10-02T23:07:44.076563+00:00,LibGen,LibGen.vg,DEGRADED,200,4286,latency_high,
2026-10-02T23:08:41.913628+00:00,LibGen,LibGen.vg,UP,200,1354,,
2026-10-02T23:09:41.641096+00:00,LibGen,LibGen.vg,UP,200,1349,,
2026-10-02T23:10:45.540579+00:00,LibGen,LibGen.vg,DEGRADED,200,4987,latency_high,
2026-10-02T23:11:42.445115+00:00,LibGen,LibGen.vg,UP,200,1300,,
2026-10-02T23:12:42.162494+00:00,LibGen,LibGen.vg,UP,200,1272,,
2026-10-02T23:13:43.487882+00:00,LibGen,LibGen.vg,UP,200,1284,,
2026-10-02T23:14:43.911114+00:00,LibGen,LibGen.vg,UP,200,1312,,
2026-10-02T23:15:47.110644+00:00,LibGen,LibGen.vg,UP,200,1363,,
2026-10-02T23:16:44.750389+00:00,LibGen,LibGen.vg,UP,200,1364,,
2026-10-02T23:17:45.335707+00:00,LibGen,LibGen.vg,UP,200,777,,
2026-10-02T23:18:46.333902+00:00,LibGen,LibGen.vg,UP,200,1916,,
2026-10-02T23:19:46.407222+00:00,LibGen,LibGen.vg,UP,200,1290,,
2026-10-02T23:20:46.386122+00:00,LibGen,LibGen.vg,UP,200,1301,,
2026-10-02T23:21:47.119059+00:00,LibGen,LibGen.vg,UP,200,1310,,
2026-10-02T23:22:47.046824+00:00,LibGen,LibGen.vg,UP,200,1421,,
2026-10-02T23:23:48.151699+00:00,LibGen,LibGen.vg,UP,200,1373,,
2026-10-02T23:24:49.250693+00:00,LibGen,LibGen.vg,UP,200,1940,,
2026-10-02T23:25:48.910026+00:00,LibGen,LibGen.vg,UP,200,1282,,
2026-10-02T23:26:48.576330+00:00,LibGen,LibGen.vg,UP,200,1335,,
2026-10-02T23:27:50.697529+00:00,LibGen,LibGen.vg,UP,200,1291,,
2026-10-02T23:28:49.113378+00:00,LibGen,LibGen.vg,UP,200,704,,
2026-10-02T23:29:50.878055+00:00,LibGen,LibGen.vg,UP,200,729,,
2026-10-02T23:30:51.193886+00:00,LibGen,LibGen.vg,UP,200,1988,,
2026-10-02T23:31:50.596427+00:00,LibGen,LibGen.vg,UP,200,1308,,
2026-10-02T23:32:51.858341+00:00,LibGen,LibGen.vg,UP,200,1981,,
2026-10-02T23:33:51.164937+00:00,LibGen,LibGen.vg,UP,200,1314,,
2026-10-02T23:34:52.004568+00:00,LibGen,LibGen.vg,UP,200,1273,,
2026-10-02T23:35:52.437016+00:00,LibGen,LibGen.vg,UP,200,1363,,
2026-10-02T23:36:52.831103+00:00,LibGen,LibGen.vg,UP,200,1244,,
2026-10-02T23:37:54.213864+00:00,LibGen,LibGen.vg,UP,200,1511,,
2026-10-02T23:38:52.601511+00:00,LibGen,LibGen.vg,UP,200,682,,
2026-10-02T23:39:53.934918+00:00,LibGen,LibGen.vg,UP,200,1402,,
2026-10-02T23:40:56.101511+00:00,LibGen,LibGen.vg,DEGRADED,200,3208,latency_high,
2026-10-02T23:41:54.545786+00:00,LibGen,LibGen.vg,UP,200,1267,,
2026-10-02T23:42:56.094925+00:00,LibGen,LibGen.vg,UP,200,1933,,
2026-10-02T23:43:55.882396+00:00,LibGen,LibGen.vg,UP,200,1544,,
2026-10-02T23:44:56.010987+00:00,LibGen,LibGen.vg,UP,200,1295,,
2026-10-02T23:45:56.870979+00:00,LibGen,LibGen.vg,UP,200,1431,,
2026-10-02T23:46:56.706153+00:00,LibGen,LibGen.vg,UP,200,1427,,
2026-10-02T23:47:58.868141+00:00,LibGen,LibGen.vg,UP,200,2044,,
2026-10-02T23:48:59.751990+00:00,LibGen,LibGen.vg,UP,200,1516,,
2026-10-02T23:49:57.638564+00:00,LibGen,LibGen.vg,UP,200,717,,
2026-10-02T23:50:58.621206+00:00,LibGen,LibGen.vg,UP,200,1274,,
2026-10-02T23:52:01.429764+00:00,LibGen,LibGen.vg,UP,200,1396,,
2026-10-02T23:53:00.579977+00:00,LibGen,LibGen.vg,UP,200,1306,,
2026-10-02T23:54:00.458216+00:00,LibGen,LibGen.vg,UP,200,1328,,
2026-10-02T23:55:00.659532+00:00,LibGen,LibGen.vg,UP,200,768,,
2026-10-02T23:56:03.401499+00:00,LibGen,LibGen.vg,UP,200,1495,,
2026-10-02T23:57:02.673515+00:00,LibGen,LibGen.vg,UP,200,1350,,
2026-10-02T23:58:02.029913+00:00,LibGen,LibGen.vg,UP,200,705,,
2026-10-02T23:59:02.950500+00:00,LibGen,LibGen.vg,UP,200,1514,,
2026-10-03T00:00:05.772272+00:00,LibGen,LibGen.vg,DEGRADED,200,3596,latency_high,
2026-10-03T00:01:05.073313+00:00,LibGen,LibGen.vg,UP,200,1499,,
2026-10-03T00:02:05.350845+00:00,LibGen,LibGen.vg,UP,200,1657,,
2026-10-03T00:03:05.595691+00:00,LibGen,LibGen.vg,UP,200,691,,
2026-10-03T00:04:05.866180+00:00,LibGen,LibGen.vg,UP,200,1344,,
2026-10-03T00:05:07.072327+00:00,LibGen,LibGen.vg,UP,200,1564,,
2026-10-03T00:06:07.138093+00:00,LibGen,LibGen.vg,UP,200,1387,,
2026-10-03T00:07:07.421518+00:00,LibGen,LibGen.vg,UP,200,1374,,
2026-10-03T00:08:07.857462+00:00,LibGen,LibGen.vg,UP,200,751,,
2026-10-03T00:09:08.383129+00:00,LibGen,LibGen.vg,UP,200,1437,,
2026-10-03T00:10:09.339426+00:00,LibGen,LibGen.vg,UP,200,1449,,
2026-10-03T00:11:11.258459+00:00,LibGen,LibGen.vg,DEGRADED,200,3201,latency_high,
2026-10-03T00:12:10.277092+00:00,LibGen,LibGen.vg,UP,200,1299,,
2026-10-03T00:13:10.414630+00:00,LibGen,LibGen.vg,UP,200,710,,
2026-10-03T00:14:13.219995+00:00,LibGen,LibGen.vg,UP,200,1336,,
2026-10-03T00:15:12.606709+00:00,LibGen,LibGen.vg,UP,200,1753,,
2026-10-03T00:16:12.876881+00:00,LibGen,LibGen.vg,UP,200,1558,,
2026-10-03T00:17:12.961016+00:00,LibGen,LibGen.vg,UP,200,1296,,
2026-10-03T00:18:16.917508+00:00,LibGen,LibGen.vg,UP,200,2642,,
2026-10-03T00:19:14.371859+00:00,LibGen,LibGen.vg,UP,200,1421,,
2026-10-03T00:20:14.692308+00:00,LibGen,LibGen.vg,UP,200,1542,,
2026-10-03T00:21:15.328341+00:00,LibGen,LibGen.vg,UP,200,1468,,
2026-10-03T00:22:17.304238+00:00,LibGen,LibGen.vg,UP,200,1422,,
2026-10-03T00:23:16.338821+00:00,LibGen,LibGen.vg,UP,200,1461,,
2026-10-03T00:24:17.636401+00:00,LibGen,LibGen.vg,UP,200,1672,,
2026-10-03T00:25:17.313527+00:00,LibGen,LibGen.vg,UP,200,1425,,
2026-10-03T00:26:19.534455+00:00,LibGen,LibGen.vg,UP,200,1406,,
2026-10-03T00:27:20.856522+00:00,LibGen,LibGen.vg,UP,200,1382,,
2026-10-03T00:28:19.002254+00:00,LibGen,LibGen.vg,UP,200,1338,,
2026-10-03T00:29:20.273249+00:00,LibGen,LibGen.vg,UP,200,2014,,
2026-10-03T00:30:20.041073+00:00,LibGen,LibGen.vg,UP,200,693,,
2026-10-03T00:31:20.290838+00:00,LibGen,LibGen.vg,UP,200,701,,
2026-10-03T00:32:22.466472+00:00,LibGen,LibGen.vg,UP,200,2506,,
2026-10-03T00:33:21.270198+00:00,LibGen,LibGen.vg,UP,200,1334,,
2026-10-03T00:34:21.919615+00:00,LibGen,LibGen.vg,UP,200,1386,,
2026-10-03T00:35:22.905463+00:00,LibGen,LibGen.vg,UP,200,2040,,
2026-10-03T00:36:23.073074+00:00,LibGen,LibGen.vg,UP,200,1360,,
2026-10-03T00:37:24.352512+00:00,LibGen,LibGen.vg,UP,200,1732,,
2026-10-03T00:38:23.429355+00:00,LibGen,LibGen.vg,UP,200,765,,
2026-10-03T00:39:24.300543+00:00,LibGen,LibGen.vg,UP,200,1396,,
2026-10-03T00:40:23.853428+00:00,LibGen,LibGen.vg,UP,200,1298,,
2026-10-03T00:41:24.598463+00:00,LibGen,LibGen.vg,UP,200,1306,,
2026-10-03T00:42:25.067097+00:00,LibGen,LibGen.vg,UP,200,696,,
2026-10-03T00:43:26.081083+00:00,LibGen,LibGen.vg,UP,200,1387,,
2026-10-03T00:44:26.726891+00:00,LibGen,LibGen.vg,UP,200,1446,,
2026-10-03T00:45:26.781061+00:00,LibGen,LibGen.vg,UP,200,1265,,
2026-10-03T00:46:27.320224+00:00,LibGen,LibGen.vg,UP,200,1408,,
2026-10-03T00:47:27.546427+00:00,LibGen,LibGen.vg,UP,200,1390,,
2026-10-03T00:48:29.700104+00:00,LibGen,LibGen.vg,UP,200,1461,,
2026-10-03T00:49:29.260912+00:00,LibGen,LibGen.vg,UP,200,1419,,
2026-10-03T00:50:29.549922+00:00,LibGen,LibGen.vg,UP,200,1485,,
2026-10-03T00:51:30.190883+00:00,LibGen,LibGen.vg,UP,200,1272,,
2026-10-03T00:52:30.088412+00:00,LibGen,LibGen.vg,UP,200,1322,,
2026-10-03T00:53:30.899600+00:00,LibGen,LibGen.vg,UP,200,1307,,
2026-10-03T00:54:50.255877+00:00,LibGen,LibGen.vg,DOWN,,,connection_refused,
2026-10-03T00:55:31.523680+00:00,LibGen,LibGen.vg,UP,200,1380,,
2026-10-03T00:56:31.486432+00:00,LibGen,LibGen.vg,UP,200,739,,
2026-10-03T00:57:32.883382+00:00,LibGen,LibGen.vg,UP,200,1376,,
2026-10-03T00:58:33.567977+00:00,LibGen,LibGen.vg,UP,200,1924,,
2026-10-03T00:59:34.139805+00:00,LibGen,LibGen.vg,UP,200,1274,,
2026-10-03T01:00:34.917873+00:00,LibGen,LibGen.vg,UP,200,1379,,
2026-10-03T01:01:35.507896+00:00,LibGen,LibGen.vg,UP,200,1314,,
2026-10-03T01:02:35.329241+00:00,LibGen,LibGen.vg,UP,200,1318,,
2026-10-03T01:03:36.201981+00:00,LibGen,LibGen.vg,UP,200,1416,,
2026-10-03T01:04:36.388311+00:00,LibGen,LibGen.vg,UP,200,1358,,
2026-10-03T01:05:35.847562+00:00,LibGen,LibGen.vg,UP,200,720,,
2026-10-03T01:06:37.571269+00:00,LibGen,LibGen.vg,UP,200,1389,,
2026-10-03T01:07:38.704851+00:00,LibGen,LibGen.vg,UP,200,1958,,
2026-10-03T01:08:39.045245+00:00,LibGen,LibGen.vg,UP,200,1434,,
2026-10-03T01:09:39.102592+00:00,LibGen,LibGen.vg,UP,200,1340,,
2026-10-03T01:10:40.306843+00:00,LibGen,LibGen.vg,UP,200,1449,,
2026-10-03T01:11:40.599800+00:00,LibGen,LibGen.vg,UP,200,1368,,
2026-10-03T01:12:41.670297+00:00,LibGen,LibGen.vg,UP,200,1307,,
2026-10-03T01:13:40.995896+00:00,LibGen,LibGen.vg,UP,200,1306,,
2026-10-03T01:14:43.057499+00:00,LibGen,LibGen.vg,UP,200,2098,,
2026-10-03T01:15:41.722387+00:00,LibGen,LibGen.vg,UP,200,1380,,
2026-10-03T01:16:43.388996+00:00,LibGen,LibGen.vg,UP,200,1427,,
2026-10-03T01:17:42.862440+00:00,LibGen,LibGen.vg,UP,200,1368,,
2026-10-03T01:18:44.769885+00:00,LibGen,LibGen.vg,UP,200,1314,,
2026-10-03T01:19:44.590262+00:00,LibGen,LibGen.vg,UP,200,1332,,
2026-10-03T01:20:44.223213+00:00,LibGen,LibGen.vg,DOWN,500,1298,http_error,
2026-10-03T01:21:44.922331+00:00,LibGen,LibGen.vg,DOWN,500,1279,http_error,
2026-10-03T01:22:45.154258+00:00,LibGen,LibGen.vg,DOWN,500,1284,http_error,
2026-10-03T01:23:46.752005+00:00,LibGen,LibGen.vg,UP,200,1242,,
2026-10-03T01:24:47.937768+00:00,LibGen,LibGen.vg,UP,200,2027,,
2026-10-03T01:25:46.743536+00:00,LibGen,LibGen.vg,UP,200,1262,,
2026-10-03T01:26:47.075886+00:00,LibGen,LibGen.vg,UP,200,1308,,
2026-10-03T01:27:47.714861+00:00,LibGen,LibGen.vg,UP,200,1348,,
2026-10-03T01:28:49.855097+00:00,LibGen,LibGen.vg,UP,200,1307,,
2026-10-03T01:29:48.661077+00:00,LibGen,LibGen.vg,UP,200,723,,
2026-10-03T01:30:50.151962+00:00,LibGen,LibGen.vg,UP,200,1661,,
2026-10-03T01:31:50.159019+00:00,LibGen,LibGen.vg,UP,200,1731,,
2026-10-03T01:32:51.532710+00:00,LibGen,LibGen.vg,UP,200,692,,
2026-10-03T01:33:51.425915+00:00,LibGen,LibGen.vg,UP,200,1452,,
2026-10-03T01:34:51.111511+00:00,LibGen,LibGen.vg,UP,200,1507,,
2026-10-03T01:35:51.648640+00:00,LibGen,LibGen.vg,UP,200,1465,,
2026-10-03T01:36:52.067680+00:00,LibGen,LibGen.vg,UP,200,1413,,
