timestamp,site_id,domain_id,domain_status,http_status,latency_ms,failure_type,protection_type
2026-08-22T01:04:20.315328+00:00,Others,Others.epublibre,UP,200,714,,
2026-08-22T01:05:20.585142+00:00,Others,Others.epublibre,UP,200,682,,
2026-08-22T01:06:20.886863+00:00,Others,Others.epublibre,UP,200,570,,
2026-08-22T01:07:21.380876+00:00,Others,Others.epublibre,UP,200,632,,
2026-08-22T01:08:41.473084+00:00,Others,Others.epublibre,DEGRADED,200,20086,latency_high,
2026-08-22T01:09:21.911578+00:00,Others,Others.epublibre,UP,200,558,,
2026-08-22T01:10:22.478070+00:00,Others,Others.epublibre,UP,200,632,,
2026-08-22T01:11:22.732086+00:00,Others,Others.epublibre,UP,200,575,,
2026-08-22T01:12:23.337313+00:00,Others,Others.epublibre,UP,200,587,,
2026-08-22T01:13:23.117843+00:00,Others,Others.epublibre,UP,200,144,,
2026-08-22T01:14:23.891541+00:00,Others,Others.epublibre,UP,200,618,,
2026-08-22T01:15:29.466963+00:00,Others,Others.epublibre,DEGRADED,200,5768,latency_high,
2026-08-22T01:16:24.703050+00:00,Others,Others.epublibre,UP,200,616,,
2026-08-22T01:17:24.996414+00:00,Others,Others.epublibre,UP,200,596,,
2026-08-22T01:18:24.976899+00:00,Others,Others.epublibre,UP,200,135,,
2026-08-22T01:19:25.563789+00:00,Others,Others.epublibre,UP,200,132,,
2026-08-22T01:20:26.195346+00:00,Others,Others.epublibre,UP,200,632,,
2026-08-22T01:21:26.980236+00:00,Others,Others.epublibre,UP,200,586,,
2026-08-22T01:22:27.498248+00:00,Others,Others.epublibre,UP,200,562,,
2026-08-22T01:23:32.167254+00:00,Others,Others.epublibre,DEGRADED,200,5259,latency_high,
2026-08-22T01:24:27.897747+00:00,Others,Others.epublibre,UP,200,597,,
2026-08-22T01:25:28.709950+00:00,Others,Others.epublibre,UP,200,550,,
2026-08-22T01:26:29.211906+00:00,Others,Others.epublibre,UP,200,656,,
2026-08-22T01:27:30.002823+00:00,Others,Others.epublibre,UP,200,575,,
2026-08-22T01:28:30.235209+00:00,Others,Others.epublibre,UP,200,634,,
2026-08-22T01:29:30.734521+00:00,Others,Others.epublibre,UP,200,669,,
2026-08-22T01:30:51.433891+00:00,Others,Others.epublibre,TIMEOUT,,,timeout,
2026-08-22T01:31:31.843683+00:00,Others,Others.epublibre,UP,200,617,,
2026-08-22T01:32:32.518969+00:00,Others,Others.epublibre,UP,200,596,,
2026-08-22T01:33:33.207079+00:00,Others,Others.epublibre,UP,200,609,,
2026-08-22T01:34:33.615387+00:00,Others,Others.epublibre,UP,200,691,,
2026-08-22T01:35:34.173161+00:00,Others,Others.epublibre,UP,200,629,,
2026-08-22T01:36:34.289089+00:00,Others,Others.epublibre,UP,200,151,,
2026-08-22T01:37:34.945046+00:00,Others,Others.epublibre,UP,200,157,,
2026-08-22T01:38:35.212054+00:00,Others,Others.epublibre,UP,200,142,,
2026-08-22T01:39:36.239426+00:00,Others,Others.epublibre,UP,200,689,,
2026-08-22T01:40:36.413442+00:00,Others,Others.epublibre,UP,200,582,,
2026-08-22T01:41:37.297104+00:00,Others,Others.epublibre,UP,200,600,,
2026-08-22T01:42:37.795553+00:00,Others,Others.epublibre,UP,200,676,,
2026-08-22T01:43:37.996264+00:00,Others,Others.epublibre,UP,200,546,,
2026-08-22T01:44:38.692505+00:00,Others,Others.epublibre,UP,200,622,,
2026-08-22T01:45:42.097818+00:00,Others,Others.epublibre,DEGRADED,200,3295,latency_high,
2026-08-22T01:46:40.017864+00:00,Others,Others.epublibre,UP,200,647,,
2026-08-22T01:47:40.122875+00:00,Others,Others.epublibre,UP,200,564,,
2026-08-22T01:48:40.665760+00:00,Others,Others.epublibre,UP,200,634,,
2026-08-22T01:49:41.185906+00:00,Others,Others.epublibre,UP,200,608,,
2026-08-22T01:50:41.907585+00:00,Others,Others.epublibre,UP,200,675,,
2026-08-22T01:51:42.327324+00:00,Others,Others.epublibre,UP,200,571,,
2026-08-22T01:52:47.649642+00:00,Others,Others.epublibre,DEGRADED,200,5261,latency_high,
2026-08-22T01:53:43.259549+00:00,Others,Others.epublibre,UP,200,653,,
2026-08-22T01:54:43.655002+00:00,Others,Others.epublibre,UP,200,613,,
2026-08-22T01:55:44.125847+00:00,Others,Others.epublibre,UP,200,620,,
2026-08-22T01:56:44.562184+00:00,Others,Others.epublibre,UP,200,640,,
2026-08-22T01:57:45.139099+00:00,Others,Others.epublibre,UP,200,592,,
2026-08-22T01:58:45.426741+00:00,Others,Others.epublibre,UP,200,611,,
2026-08-22T01:59:45.979618+00:00,Others,Others.epublibre,UP,200,598,,
2026-08-22T02:00:46.480996+00:00,Others,Others.epublibre,UP,200,631,,
2026-08-22T02:01:47.042019+00:00,Others,Others.epublibre,UP,200,607,,
2026-08-22T02:02:47.817769+00:00,Others,Others.epublibre,UP,200,624,,
2026-08-22T02:04:07.712191+00:00,Others,Others.epublibre,TIMEOUT,,,timeout,
2026-08-22T02:04:48.566982+00:00,Others,Others.epublibre,UP,200,604,,
2026-08-22T02:05:49.480004+00:00,Others,Others.epublibre,UP,200,603,,
2026-08-22T02:06:50.049143+00:00,Others,Others.epublibre,UP,200,679,,
2026-08-22T02:07:49.851670+00:00,Others,Others.epublibre,UP,200,151,,
2026-08-22T02:08:50.923634+00:00,Others,Others.epublibre,UP,200,631,,
2026-08-22T02:09:51.071793+00:00,Others,Others.epublibre,UP,200,148,,
2026-08-22T02:10:52.373738+00:00,Others,Others.epublibre,UP,200,636,,
2026-08-22T02:11:52.902298+00:00,Others,Others.epublibre,UP,200,603,,
2026-08-22T02:12:53.575585+00:00,Others,Others.epublibre,UP,200,585,,
2026-08-22T02:13:53.840367+00:00,Others,Others.epublibre,UP,200,598,,
2026-08-22T02:14:54.450313+00:00,Others,Others.epublibre,UP,200,627,,
2026-08-22T02:15:55.024469+00:00,Others,Others.epublibre,UP,200,641,,
2026-08-22T02:16:55.663980+00:00,Others,Others.epublibre,UP,200,642,,
2026-08-22T02:17:56.113201+00:00,Others,Others.epublibre,UP,200,633,,
2026-08-22T02:18:57.011979+00:00,Others,Others.epublibre,UP,200,595,,
2026-08-22T02:20:04.125079+00:00,Others,Others.epublibre,DEGRADED,200,7191,latency_high,
2026-08-22T02:21:03.798374+00:00,Others,Others.epublibre,DEGRADED,200,7029,latency_high,
2026-08-22T02:22:04.535748+00:00,Others,Others.epublibre,DEGRADED,200,7102,latency_high,
2026-08-22T02:22:58.232497+00:00,Others,Others.epublibre,UP,200,555,,
2026-08-22T02:23:58.490730+00:00,Others,Others.epublibre,UP,200,573,,
2026-08-22T02:24:59.080560+00:00,Others,Others.epublibre,UP,200,592,,
2026-08-22T02:25:59.556093+00:00,Others,Others.epublibre,UP,200,556,,
2026-08-22T02:27:00.350735+00:00,Others,Others.epublibre,UP,200,600,,
2026-08-22T02:28:00.672857+00:00,Others,Others.epublibre,UP,200,643,,
2026-08-22T02:29:05.860998+00:00,Others,Others.epublibre,DEGRADED,200,5589,latency_high,
2026-08-22T02:30:08.730356+00:00,Others,Others.epublibre,DEGRADED,200,7315,latency_high,
2026-08-22T02:31:02.820943+00:00,Others,Others.epublibre,UP,200,561,,
2026-08-22T02:32:03.525211+00:00,Others,Others.epublibre,UP,200,573,,
2026-08-22T02:33:03.748876+00:00,Others,Others.epublibre,UP,200,582,,
2026-08-22T02:34:04.431976+00:00,Others,Others.epublibre,UP,200,557,,
2026-08-22T02:35:09.791868+00:00,Others,Others.epublibre,DEGRADED,200,5433,latency_high,
2026-08-22T02:36:05.579471+00:00,Others,Others.epublibre,UP,200,588,,
2026-08-22T02:37:10.348020+00:00,Others,Others.epublibre,DEGRADED,200,5216,latency_high,
2026-08-22T02:38:06.327208+00:00,Others,Others.epublibre,UP,200,572,,
2026-08-22T02:39:06.761531+00:00,Others,Others.epublibre,UP,200,576,,
2026-08-22T02:40:14.452293+00:00,Others,Others.epublibre,DEGRADED,200,7637,latency_high,
2026-08-22T02:41:07.757280+00:00,Others,Others.epublibre,UP,200,548,,
2026-08-22T02:42:09.502876+00:00,Others,Others.epublibre,UP,200,633,,
2026-08-22T02:43:28.928124+00:00,Others,Others.epublibre,TIMEOUT,,,timeout,
2026-08-22T02:44:09.285262+00:00,Others,Others.epublibre,UP,200,586,,
2026-08-22T02:45:09.877843+00:00,Others,Others.epublibre,UP,200,590,,
2026-08-22T02:46:10.127575+00:00,Others,Others.epublibre,UP,200,601,,
2026-08-22T02:47:10.814406+00:00,Others,Others.epublibre,UP,200,605,,
2026-08-22T02:48:11.342954+00:00,Others,Others.epublibre,UP,200,559,,
2026-08-22T02:49:16.502033+00:00,Others,Others.epublibre,DEGRADED,200,5048,latency_high,
2026-08-22T02:50:12.397272+00:00,Others,Others.epublibre,UP,200,582,,
2026-08-22T02:51:12.576856+00:00,Others,Others.epublibre,UP,200,567,,
2026-08-22T02:52:13.203188+00:00,Others,Others.epublibre,UP,200,537,,
2026-08-22T02:53:13.825766+00:00,Others,Others.epublibre,UP,200,560,,
2026-08-22T02:54:14.119193+00:00,Others,Others.epublibre,UP,200,552,,
2026-08-22T02:55:14.789477+00:00,Others,Others.epublibre,UP,200,582,,
2026-08-22T02:56:15.043793+00:00,Others,Others.epublibre,UP,200,544,,
2026-08-22T02:57:15.102749+00:00,Others,Others.epublibre,UP,200,134,,
2026-08-22T02:58:15.928681+00:00,Others,Others.epublibre,UP,200,545,,
2026-08-22T02:59:16.442017+00:00,Others,Others.epublibre,UP,200,558,,
2026-08-22T03:00:17.465924+00:00,Others,Others.epublibre,UP,200,579,,
2026-08-22T03:01:17.497344+00:00,Others,Others.epublibre,UP,200,560,,
2026-08-22T03:02:17.790513+00:00,Others,Others.epublibre,UP,200,537,,
2026-08-22T03:03:18.831168+00:00,Others,Others.epublibre,UP,200,578,,
2026-08-22T03:04:18.893665+00:00,Others,Others.epublibre,UP,200,576,,
2026-08-22T03:05:19.685325+00:00,Others,Others.epublibre,UP,200,560,,
2026-08-22T03:06:20.090260+00:00,Others,Others.epublibre,UP,200,587,,
2026-08-22T03:07:20.683115+00:00,Others,Others.epublibre,UP,200,563,,
2026-08-22T03:08:21.034980+00:00,Others,Others.epublibre,UP,200,621,,
2026-08-22T03:09:21.416151+00:00,Others,Others.epublibre,UP,200,568,,
2026-08-22T03:10:22.063324+00:00,Others,Others.epublibre,UP,200,567,,
2026-08-22T03:11:22.544566+00:00,Others,Others.epublibre,UP,200,602,,
2026-08-22T03:12:23.185670+00:00,Others,Others.epublibre,UP,200,574,,
2026-08-22T03:13:23.560515+00:00,Others,Others.epublibre,UP,200,586,,
2026-08-22T03:14:24.308060+00:00,Others,Others.epublibre,UP,200,539,,
2026-08-22T03:15:25.227667+00:00,Others,Others.epublibre,UP,200,594,,
2026-08-22T03:16:25.351632+00:00,Others,Others.epublibre,UP,200,594,,
2026-08-22T03:17:25.647184+00:00,Others,Others.epublibre,UP,200,545,,
2026-08-22T03:18:26.465590+00:00,Others,Others.epublibre,UP,200,638,,
2026-08-22T03:19:27.301062+00:00,Others,Others.epublibre,UP,200,650,,
2026-08-22T03:20:27.993279+00:00,Others,Others.epublibre,UP,200,582,,
2026-08-22T03:21:28.597499+00:00,Others,Others.epublibre,UP,200,644,,
2026-08-22T03:22:28.923028+00:00,Others,Others.epublibre,UP,200,595,,
2026-08-22T03:23:29.827034+00:00,Others,Others.epublibre,UP,200,648,,
2026-08-22T03:24:30.304302+00:00,Others,Others.epublibre,UP,200,608,,
2026-08-22T03:25:30.686675+00:00,Others,Others.epublibre,UP,200,649,,
2026-08-22T03:26:31.946072+00:00,Others,Others.epublibre,UP,200,558,,
2026-08-22T03:27:32.210063+00:00,Others,Others.epublibre,UP,200,669,,
2026-08-22T03:28:32.369884+00:00,Others,Others.epublibre,UP,200,138,,
2026-08-22T03:29:33.490502+00:00,Others,Others.epublibre,UP,200,593,,
2026-08-22T03:30:34.363073+00:00,Others,Others.epublibre,UP,200,601,,
2026-08-22T03:31:35.016856+00:00,Others,Others.epublibre,UP,200,596,,
2026-08-22T03:32:35.586231+00:00,Others,Others.epublibre,UP,200,592,,
2026-08-22T03:33:36.267547+00:00,Others,Others.epublibre,UP,200,649,,
2026-08-22T03:34:37.147017+00:00,Others,Others.epublibre,UP,200,547,,
2026-08-22T03:35:37.307409+00:00,Others,Others.epublibre,UP,200,613,,
2026-08-22T03:36:38.054890+00:00,Others,Others.epublibre,UP,200,639,,
2026-08-22T03:37:38.731702+00:00,Others,Others.epublibre,UP,200,640,,
2026-08-22T03:38:39.015807+00:00,Others,Others.epublibre,UP,200,569,,
2026-08-22T03:39:39.726637+00:00,Others,Others.epublibre,UP,200,653,,
2026-08-22T03:40:40.653720+00:00,Others,Others.epublibre,UP,200,580,,
2026-08-22T03:41:40.990155+00:00,Others,Others.epublibre,UP,200,607,,
2026-08-22T03:42:41.745817+00:00,Others,Others.epublibre,UP,200,704,,
2026-08-22T03:43:42.497484+00:00,Others,Others.epublibre,UP,200,677,,
2026-08-22T03:44:43.207484+00:00,Others,Others.epublibre,UP,200,640,,
2026-08-22T03:45:43.804326+00:00,Others,Others.epublibre,UP,200,632,,
2026-08-22T03:46:44.439431+00:00,Others,Others.epublibre,UP,200,606,,
2026-08-22T03:47:45.116372+00:00,Others,Others.epublibre,UP,200,659,,
2026-08-22T03:48:45.444399+00:00,Others,Others.epublibre,UP,200,608,,
2026-08-22T03:49:55.213331+00:00,Others,Others.epublibre,DEGRADED,200,9366,latency_high,
2026-08-22T03:50:46.852341+00:00,Others,Others.epublibre,UP,200,582,,
2026-08-22T03:51:48.547283+00:00,Others,Others.epublibre,UP,200,1432,,
2026-08-22T03:52:50.330589+00:00,Others,Others.epublibre,UP,200,2594,,
2026-08-22T03:53:49.448754+00:00,Others,Others.epublibre,UP,200,663,,
2026-08-22T03:54:49.997201+00:00,Others,Others.epublibre,UP,200,617,,
2026-08-22T03:55:50.721748+00:00,Others,Others.epublibre,UP,200,648,,
2026-08-22T03:56:50.987976+00:00,Others,Others.epublibre,UP,200,144,,
2026-08-22T03:57:51.883130+00:00,Others,Others.epublibre,UP,200,604,,
2026-08-22T03:58:52.788608+00:00,Others,Others.epublibre,UP,200,662,,
2026-08-22T03:59:53.021849+00:00,Others,Others.epublibre,UP,200,553,,
2026-08-22T04:00:54.106799+00:00,Others,Others.epublibre,UP,200,646,,
2026-08-22T04:01:54.681942+00:00,Others,Others.epublibre,UP,200,677,,
2026-08-22T04:02:55.728158+00:00,Others,Others.epublibre,UP,200,648,,
2026-08-22T04:03:56.597135+00:00,Others,Others.epublibre,UP,200,609,,
2026-08-22T04:04:57.104851+00:00,Others,Others.epublibre,UP,200,642,,
2026-08-22T04:05:57.352907+00:00,Others,Others.epublibre,UP,200,138,,
2026-08-22T04:06:58.767459+00:00,Others,Others.epublibre,UP,200,673,,
2026-08-22T04:07:59.333346+00:00,Others,Others.epublibre,UP,200,623,,
2026-08-22T04:09:00.060134+00:00,Others,Others.epublibre,UP,200,655,,
2026-08-22T04:10:00.801066+00:00,Others,Others.epublibre,UP,200,715,,
2026-08-22T04:11:01.878535+00:00,Others,Others.epublibre,UP,200,703,,
2026-08-22T04:12:04.664505+00:00,Others,Others.epublibre,UP,200,2408,,
2026-08-22T04:13:03.608446+00:00,Others,Others.epublibre,UP,200,710,,
2026-08-22T04:14:04.565203+00:00,Others,Others.epublibre,UP,200,643,,
2026-08-22T04:15:06.012759+00:00,Others,Others.epublibre,UP,200,595,,
2026-08-22T04:16:06.154958+00:00,Others,Others.epublibre,UP,200,686,,
2026-08-22T04:17:12.802305+00:00,Others,Others.epublibre,DEGRADED,200,6380,latency_high,
2026-08-22T04:18:07.555649+00:00,Others,Others.epublibre,UP,200,652,,
2026-08-22T04:19:08.269773+00:00,Others,Others.epublibre,UP,200,672,,
2026-08-22T04:20:09.398224+00:00,Others,Others.epublibre,UP,200,774,,
2026-08-22T04:21:08.982126+00:00,Others,Others.epublibre,UP,200,559,,
2026-08-22T04:22:09.707153+00:00,Others,Others.epublibre,UP,200,565,,
2026-08-22T04:23:10.505528+00:00,Others,Others.epublibre,UP,200,597,,
2026-08-22T04:24:10.397562+00:00,Others,Others.epublibre,UP,200,140,,
2026-08-22T04:25:11.527371+00:00,Others,Others.epublibre,UP,200,614,,
2026-08-22T04:26:12.106748+00:00,Others,Others.epublibre,UP,200,548,,
2026-08-22T04:27:12.209800+00:00,Others,Others.epublibre,UP,200,137,,
2026-08-22T04:28:12.436940+00:00,Others,Others.epublibre,UP,200,132,,
2026-08-22T04:29:13.586353+00:00,Others,Others.epublibre,UP,200,559,,
2026-08-22T04:30:14.538492+00:00,Others,Others.epublibre,UP,200,616,,
2026-08-22T04:31:14.926510+00:00,Others,Others.epublibre,UP,200,568,,
2026-08-22T04:32:15.818131+00:00,Others,Others.epublibre,UP,200,607,,
2026-08-22T04:33:16.218497+00:00,Others,Others.epublibre,UP,200,574,,
2026-08-22T04:34:16.831900+00:00,Others,Others.epublibre,UP,200,576,,
2026-08-22T04:35:17.430069+00:00,Others,Others.epublibre,UP,200,594,,
2026-08-22T04:36:17.991248+00:00,Others,Others.epublibre,UP,200,581,,
2026-08-22T04:37:18.524722+00:00,Others,Others.epublibre,UP,200,619,,
2026-08-22T04:38:19.206450+00:00,Others,Others.epublibre,UP,200,588,,
2026-08-22T04:39:19.498870+00:00,Others,Others.epublibre,UP,200,134,,
2026-08-22T04:40:20.315979+00:00,Others,Others.epublibre,UP,200,555,,
2026-08-22T04:41:20.772100+00:00,Others,Others.epublibre,UP,200,567,,
2026-08-22T04:42:21.176302+00:00,Others,Others.epublibre,UP,200,163,,
2026-08-22T04:43:22.696724+00:00,Others,Others.epublibre,UP,200,561,,
2026-08-22T04:44:22.789929+00:00,Others,Others.epublibre,UP,200,583,,
2026-08-22T04:45:23.909047+00:00,Others,Others.epublibre,UP,200,723,,
2026-08-22T04:46:24.848125+00:00,Others,Others.epublibre,UP,200,669,,
2026-08-22T04:47:25.648888+00:00,Others,Others.epublibre,UP,200,680,,
2026-08-22T04:48:26.553968+00:00,Others,Others.epublibre,UP,200,706,,
2026-08-22T04:49:27.190951+00:00,Others,Others.epublibre,UP,200,656,,
2026-08-22T04:50:27.748844+00:00,Others,Others.epublibre,UP,200,611,,
2026-08-22T04:51:28.408504+00:00,Others,Others.epublibre,UP,200,604,,
2026-08-22T04:52:28.862121+00:00,Others,Others.epublibre,UP,200,139,,
2026-08-22T04:53:29.867496+00:00,Others,Others.epublibre,UP,200,616,,
2026-08-22T04:54:31.085373+00:00,Others,Others.epublibre,UP,200,572,,
2026-08-22T04:55:31.442663+00:00,Others,Others.epublibre,UP,200,656,,
2026-08-22T04:56:32.221800+00:00,Others,Others.epublibre,UP,200,602,,
2026-08-22T04:57:33.584042+00:00,Others,Others.epublibre,UP,200,687,,
2026-08-22T04:58:33.505579+00:00,Others,Others.epublibre,UP,200,541,,
2026-08-22T04:59:34.331475+00:00,Others,Others.epublibre,UP,200,570,,
2026-08-22T05:00:34.507825+00:00,Others,Others.epublibre,UP,200,140,,
2026-08-22T05:01:37.157433+00:00,Others,Others.epublibre,UP,200,2155,,
2026-08-22T05:02:35.937200+00:00,Others,Others.epublibre,UP,200,139,,
2026-08-22T05:03:37.062488+00:00,Others,Others.epublibre,UP,200,641,,
2026-08-22T05:04:37.291162+00:00,Others,Others.epublibre,UP,200,548,,
2026-08-22T05:05:38.121331+00:00,Others,Others.epublibre,UP,200,604,,
2026-08-22T05:06:38.935042+00:00,Others,Others.epublibre,UP,200,605,,
2026-08-22T05:07:39.895488+00:00,Others,Others.epublibre,UP,200,554,,
2026-08-22T05:08:40.058323+00:00,Others,Others.epublibre,UP,200,140,,
2026-08-22T05:09:41.007321+00:00,Others,Others.epublibre,UP,200,565,,
2026-08-22T05:10:41.666589+00:00,Others,Others.epublibre,UP,200,580,,
2026-08-22T05:11:41.910254+00:00,Others,Others.epublibre,UP,200,551,,
2026-08-22T05:12:42.999646+00:00,Others,Others.epublibre,UP,200,605,,
2026-08-22T05:13:43.535754+00:00,Others,Others.epublibre,UP,200,576,,
2026-08-22T05:14:44.103018+00:00,Others,Others.epublibre,UP,200,584,,
2026-08-22T05:15:44.867302+00:00,Others,Others.epublibre,UP,200,590,,
2026-08-22T05:16:45.485107+00:00,Others,Others.epublibre,UP,200,598,,
2026-08-22T05:17:46.016864+00:00,Others,Others.epublibre,UP,200,642,,
2026-08-22T05:18:46.935124+00:00,Others,Others.epublibre,UP,200,560,,
2026-08-22T05:19:47.644531+00:00,Others,Others.epublibre,UP,200,543,,
2026-08-22T05:20:48.310240+00:00,Others,Others.epublibre,UP,200,560,,
2026-08-22T05:21:52.389065+00:00,Others,Others.epublibre,DEGRADED,200,3726,latency_high,
2026-08-22T05:22:49.719796+00:00,Others,Others.epublibre,UP,200,585,,
2026-08-22T05:23:50.297405+00:00,Others,Others.epublibre,UP,200,576,,
2026-08-22T05:24:50.907660+00:00,Others,Others.epublibre,UP,200,546,,
2026-08-22T05:25:50.596355+00:00,Others,Others.epublibre,UP,200,141,,
2026-08-22T05:26:52.181129+00:00,Others,Others.epublibre,UP,200,568,,
2026-08-22T05:27:52.951408+00:00,Others,Others.epublibre,UP,200,578,,
2026-08-22T05:28:53.667508+00:00,Others,Others.epublibre,UP,200,565,,
2026-08-22T05:29:54.162930+00:00,Others,Others.epublibre,UP,200,546,,
2026-08-22T05:30:54.933205+00:00,Others,Others.epublibre,UP,200,562,,
2026-08-22T05:31:55.499911+00:00,Others,Others.epublibre,UP,200,561,,
2026-08-22T05:32:56.462127+00:00,Others,Others.epublibre,UP,200,580,,
2026-08-22T05:33:57.094392+00:00,Others,Others.epublibre,UP,200,650,,
2026-08-22T05:34:57.725468+00:00,Others,Others.epublibre,UP,200,594,,
2026-08-22T05:36:07.924310+00:00,Others,Others.epublibre,DEGRADED,200,9974,latency_high,
2026-08-22T05:36:59.138140+00:00,Others,Others.epublibre,UP,200,573,,
2026-08-22T05:37:59.805028+00:00,Others,Others.epublibre,UP,200,575,,
2026-08-22T05:39:00.394166+00:00,Others,Others.epublibre,UP,200,587,,
2026-08-22T05:40:05.551950+00:00,Others,Others.epublibre,DEGRADED,200,5093,latency_high,
2026-08-22T05:41:02.012078+00:00,Others,Others.epublibre,UP,200,599,,
2026-08-22T05:42:02.967636+00:00,Others,Others.epublibre,UP,200,615,,
2026-08-22T05:43:03.484369+00:00,Others,Others.epublibre,UP,200,613,,
2026-08-22T05:44:04.045542+00:00,Others,Others.epublibre,UP,200,632,,
2026-08-22T05:45:17.322063+00:00,Others,Others.epublibre,DEGRADED,200,12935,latency_high,
2026-08-22T05:46:09.888307+00:00,Others,Others.epublibre,DEGRADED,200,5161,latency_high,
2026-08-22T05:47:06.018041+00:00,Others,Others.epublibre,UP,200,577,,
2026-08-22T05:48:06.402973+00:00,Others,Others.epublibre,UP,200,580,,
2026-08-22T05:49:07.373054+00:00,Others,Others.epublibre,UP,200,561,,
2026-08-22T05:50:07.651974+00:00,Others,Others.epublibre,UP,200,575,,
2026-08-22T05:51:15.222789+00:00,Others,Others.epublibre,DEGRADED,200,7205,latency_high,
2026-08-22T05:52:09.043202+00:00,Others,Others.epublibre,UP,200,538,,
2026-08-22T05:53:09.491175+00:00,Others,Others.epublibre,UP,200,553,,
2026-08-22T05:54:10.203046+00:00,Others,Others.epublibre,UP,200,627,,
2026-08-22T05:55:10.659902+00:00,Others,Others.epublibre,UP,200,570,,
2026-08-22T05:56:11.651114+00:00,Others,Others.epublibre,UP,200,553,,
2026-08-22T05:57:12.299287+00:00,Others,Others.epublibre,UP,200,581,,
2026-08-22T05:58:12.758713+00:00,Others,Others.epublibre,UP,200,557,,
2026-08-22T05:59:13.240665+00:00,Others,Others.epublibre,UP,200,134,,
2026-08-22T06:00:15.263534+00:00,Others,Others.epublibre,UP,200,1291,,
2026-08-22T06:01:14.425842+00:00,Others,Others.epublibre,UP,200,140,,
2026-08-22T06:02:15.837469+00:00,Others,Others.epublibre,UP,200,555,,
2026-08-22T06:03:19.188338+00:00,Others,Others.epublibre,DEGRADED,200,3409,latency_high,
2026-08-22T06:04:16.476870+00:00,Others,Others.epublibre,UP,200,138,,
2026-08-22T06:05:17.467022+00:00,Others,Others.epublibre,UP,200,571,,
2026-08-22T06:06:18.299772+00:00,Others,Others.epublibre,UP,200,582,,
2026-08-22T06:07:17.958534+00:00,Others,Others.epublibre,UP,200,136,,
2026-08-22T06:08:19.446988+00:00,Others,Others.epublibre,UP,200,711,,
2026-08-22T06:09:20.042067+00:00,Others,Others.epublibre,UP,200,550,,
2026-08-22T06:10:20.775343+00:00,Others,Others.epublibre,UP,200,585,,
2026-08-22T06:11:21.689296+00:00,Others,Others.epublibre,UP,200,578,,
2026-08-22T06:12:24.554391+00:00,Others,Others.epublibre,DEGRADED,200,3280,latency_high,
2026-08-22T06:13:22.556675+00:00,Others,Others.epublibre,UP,200,558,,
2026-08-22T06:14:23.225482+00:00,Others,Others.epublibre,UP,200,539,,
2026-08-22T06:15:23.951909+00:00,Others,Others.epublibre,UP,200,547,,
2026-08-22T06:16:24.655565+00:00,Others,Others.epublibre,UP,200,553,,
2026-08-22T06:17:24.812261+00:00,Others,Others.epublibre,UP,200,136,,
2026-08-22T06:18:25.885997+00:00,Others,Others.epublibre,UP,200,613,,
2026-08-22T06:19:26.801003+00:00,Others,Others.epublibre,UP,200,523,,
2026-08-22T06:20:27.155856+00:00,Others,Others.epublibre,UP,200,585,,
2026-08-22T06:21:27.856808+00:00,Others,Others.epublibre,UP,200,572,,
2026-08-22T06:22:28.350018+00:00,Others,Others.epublibre,UP,200,536,,
2026-08-22T06:23:29.109349+00:00,Others,Others.epublibre,UP,200,533,,
2026-08-22T06:24:29.609619+00:00,Others,Others.epublibre,UP,200,540,,
2026-08-22T06:25:30.075882+00:00,Others,Others.epublibre,UP,200,530,,
2026-08-22T06:26:32.613794+00:00,Others,Others.epublibre,UP,200,2539,,
2026-08-22T06:27:31.779551+00:00,Others,Others.epublibre,UP,200,577,,
2026-08-22T06:28:32.219584+00:00,Others,Others.epublibre,UP,200,546,,
2026-08-22T06:29:33.041205+00:00,Others,Others.epublibre,UP,200,560,,
2026-08-22T06:30:33.908711+00:00,Others,Others.epublibre,UP,200,578,,
2026-08-22T06:31:34.578082+00:00,Others,Others.epublibre,UP,200,530,,
2026-08-22T06:32:35.662074+00:00,Others,Others.epublibre,UP,200,555,,
2026-08-22T06:33:35.377864+00:00,Others,Others.epublibre,UP,200,140,,
2026-08-22T06:34:36.674924+00:00,Others,Others.epublibre,UP,200,527,,
2026-08-22T06:35:36.978410+00:00,Others,Others.epublibre,UP,200,128,,
2026-08-22T06:36:37.479749+00:00,Others,Others.epublibre,UP,200,554,,
2026-08-22T06:37:38.262331+00:00,Others,Others.epublibre,UP,200,555,,
2026-08-22T06:38:38.658100+00:00,Others,Others.epublibre,UP,200,552,,
2026-08-22T06:39:39.168633+00:00,Others,Others.epublibre,UP,200,139,,
2026-08-22T06:40:40.910903+00:00,Others,Others.epublibre,UP,200,1229,,
2026-08-22T06:41:41.109939+00:00,Others,Others.epublibre,UP,200,593,,
2026-08-22T06:42:41.866794+00:00,Others,Others.epublibre,UP,200,692,,
2026-08-22T06:43:42.844886+00:00,Others,Others.epublibre,UP,200,631,,
2026-08-22T06:44:43.958485+00:00,Others,Others.epublibre,UP,200,616,,
2026-08-22T06:45:43.723768+00:00,Others,Others.epublibre,UP,200,613,,
2026-08-22T06:46:44.613613+00:00,Others,Others.epublibre,UP,200,525,,
2026-08-22T06:47:45.104798+00:00,Others,Others.epublibre,UP,200,567,,
2026-08-22T06:48:46.048776+00:00,Others,Others.epublibre,UP,200,545,,
2026-08-22T06:49:46.291559+00:00,Others,Others.epublibre,UP,200,558,,
2026-08-22T06:50:47.235704+00:00,Others,Others.epublibre,UP,200,569,,
2026-08-22T06:51:47.347553+00:00,Others,Others.epublibre,UP,200,133,,
2026-08-22T06:52:48.491472+00:00,Others,Others.epublibre,UP,200,548,,
2026-08-22T06:53:49.013674+00:00,Others,Others.epublibre,UP,200,524,,
2026-08-22T06:54:49.710119+00:00,Others,Others.epublibre,UP,200,539,,
2026-08-22T06:55:50.397283+00:00,Others,Others.epublibre,UP,200,550,,
2026-08-22T06:56:51.189865+00:00,Others,Others.epublibre,UP,200,535,,
2026-08-22T06:57:51.260063+00:00,Others,Others.epublibre,UP,200,137,,
2026-08-22T06:58:52.881956+00:00,Others,Others.epublibre,UP,200,598,,
2026-08-22T06:59:53.319330+00:00,Others,Others.epublibre,UP,200,562,,
2026-08-22T07:00:54.274435+00:00,Others,Others.epublibre,UP,200,594,,
2026-08-22T07:01:55.063579+00:00,Others,Others.epublibre,UP,200,620,,
2026-08-22T07:02:55.716486+00:00,Others,Others.epublibre,UP,200,571,,
2026-08-22T07:03:56.393417+00:00,Others,Others.epublibre,UP,200,553,,
2026-08-22T07:04:56.993659+00:00,Others,Others.epublibre,UP,200,561,,
2026-08-22T07:05:57.100298+00:00,Others,Others.epublibre,UP,200,138,,
2026-08-22T07:06:58.117302+00:00,Others,Others.epublibre,UP,200,574,,
2026-08-22T07:07:58.885559+00:00,Others,Others.epublibre,UP,200,530,,
2026-08-22T07:08:59.492408+00:00,Others,Others.epublibre,UP,200,552,,
2026-08-22T07:10:00.165120+00:00,Others,Others.epublibre,UP,200,529,,
2026-08-22T07:11:00.395974+00:00,Others,Others.epublibre,UP,200,134,,
2026-08-22T07:12:01.271319+00:00,Others,Others.epublibre,UP,200,131,,
2026-08-22T07:13:02.647840+00:00,Others,Others.epublibre,UP,200,569,,
2026-08-22T07:14:02.986926+00:00,Others,Others.epublibre,UP,200,569,,
2026-08-22T07:15:04.323053+00:00,Others,Others.epublibre,UP,200,617,,
2026-08-22T07:16:04.523219+00:00,Others,Others.epublibre,UP,200,541,,
2026-08-22T07:17:05.163183+00:00,Others,Others.epublibre,UP,200,527,,
2026-08-22T07:18:06.357677+00:00,Others,Others.epublibre,UP,200,579,,
2026-08-22T07:19:06.705380+00:00,Others,Others.epublibre,UP,200,567,,
2026-08-22T07:20:07.482649+00:00,Others,Others.epublibre,UP,200,562,,
2026-08-22T07:21:08.283992+00:00,Others,Others.epublibre,UP,200,598,,
2026-08-22T07:22:08.790563+00:00,Others,Others.epublibre,UP,200,567,,
2026-08-22T07:23:10.051669+00:00,Others,Others.epublibre,UP,200,591,,
2026-08-22T07:24:10.705225+00:00,Others,Others.epublibre,UP,200,540,,
2026-08-22T07:25:11.537828+00:00,Others,Others.epublibre,UP,200,530,,
2026-08-22T07:26:12.034008+00:00,Others,Others.epublibre,UP,200,552,,
2026-08-22T07:27:12.466819+00:00,Others,Others.epublibre,UP,200,619,,
2026-08-22T07:28:13.199330+00:00,Others,Others.epublibre,UP,200,652,,
2026-08-22T07:29:13.922204+00:00,Others,Others.epublibre,UP,200,598,,
2026-08-22T07:30:15.205788+00:00,Others,Others.epublibre,UP,200,694,,
2026-08-22T07:31:15.065486+00:00,Others,Others.epublibre,UP,200,563,,
2026-08-22T07:32:15.790507+00:00,Others,Others.epublibre,UP,200,554,,
2026-08-22T07:33:16.523319+00:00,Others,Others.epublibre,UP,200,545,,
2026-08-22T07:34:17.471351+00:00,Others,Others.epublibre,UP,200,553,,
2026-08-22T07:35:17.669341+00:00,Others,Others.epublibre,UP,200,561,,
2026-08-22T07:36:18.816071+00:00,Others,Others.epublibre,UP,200,602,,
2026-08-22T07:37:19.081403+00:00,Others,Others.epublibre,UP,200,592,,
2026-08-22T07:38:19.619816+00:00,Others,Others.epublibre,UP,200,137,,
2026-08-22T07:39:20.673922+00:00,Others,Others.epublibre,UP,200,587,,
2026-08-22T07:40:21.375771+00:00,Others,Others.epublibre,UP,200,552,,
2026-08-22T07:41:21.831654+00:00,Others,Others.epublibre,UP,200,537,,
2026-08-22T07:42:22.520062+00:00,Others,Others.epublibre,UP,200,534,,
2026-08-22T07:43:23.399327+00:00,Others,Others.epublibre,UP,200,545,,
2026-08-22T07:44:24.142532+00:00,Others,Others.epublibre,UP,200,630,,
2026-08-22T07:45:24.880090+00:00,Others,Others.epublibre,UP,200,565,,
2026-08-22T07:46:25.890876+00:00,Others,Others.epublibre,UP,200,621,,
2026-08-22T07:47:26.708768+00:00,Others,Others.epublibre,UP,200,539,,
2026-08-22T07:48:27.347097+00:00,Others,Others.epublibre,UP,200,686,,
2026-08-22T07:49:27.819976+00:00,Others,Others.epublibre,UP,200,551,,
2026-08-22T07:50:28.746432+00:00,Others,Others.epublibre,UP,200,547,,
2026-08-22T07:51:29.036872+00:00,Others,Others.epublibre,UP,200,584,,
2026-08-22T07:52:29.347815+00:00,Others,Others.epublibre,UP,200,133,,
2026-08-22T07:53:30.619456+00:00,Others,Others.epublibre,UP,200,574,,
2026-08-22T07:54:30.948093+00:00,Others,Others.epublibre,UP,200,146,,
2026-08-22T07:55:31.503957+00:00,Others,Others.epublibre,UP,200,558,,
2026-08-22T07:56:32.045746+00:00,Others,Others.epublibre,UP,200,137,,
2026-08-22T07:57:33.477864+00:00,Others,Others.epublibre,UP,200,579,,
2026-08-22T07:58:33.965501+00:00,Others,Others.epublibre,UP,200,551,,
2026-08-22T07:59:34.726425+00:00,Others,Others.epublibre,UP,200,577,,
2026-08-22T08:00:34.917418+00:00,Others,Others.epublibre,UP,200,598,,
2026-08-22T08:01:35.209469+00:00,Others,Others.epublibre,UP,200,653,,
2026-08-22T08:02:35.824379+00:00,Others,Others.epublibre,UP,200,624,,
2026-08-22T08:03:36.775889+00:00,Others,Others.epublibre,UP,200,583,,
2026-08-22T08:04:37.227509+00:00,Others,Others.epublibre,UP,200,534,,
2026-08-22T08:05:38.631428+00:00,Others,Others.epublibre,UP,200,687,,
2026-08-22T08:06:38.667857+00:00,Others,Others.epublibre,UP,200,979,,
2026-08-22T08:07:38.945713+00:00,Others,Others.epublibre,UP,200,548,,
2026-08-22T08:08:39.607360+00:00,Others,Others.epublibre,UP,200,556,,
2026-08-22T08:09:40.396014+00:00,Others,Others.epublibre,UP,200,532,,
2026-08-22T08:10:41.109855+00:00,Others,Others.epublibre,UP,200,579,,
2026-08-22T08:11:41.833692+00:00,Others,Others.epublibre,UP,200,573,,
2026-08-22T08:12:42.491061+00:00,Others,Others.epublibre,UP,200,575,,
2026-08-22T08:13:43.308584+00:00,Others,Others.epublibre,UP,200,542,,
2026-08-22T08:14:44.423732+00:00,Others,Others.epublibre,UP,200,530,,
2026-08-22T08:15:44.784438+00:00,Others,Others.epublibre,UP,200,568,,
2026-08-22T08:16:45.548068+00:00,Others,Others.epublibre,UP,200,576,,
2026-08-22T08:17:46.374506+00:00,Others,Others.epublibre,UP,200,562,,
2026-08-22T08:18:47.137218+00:00,Others,Others.epublibre,UP,200,563,,
2026-08-22T08:19:47.596317+00:00,Others,Others.epublibre,UP,200,562,,
2026-08-22T08:20:48.301780+00:00,Others,Others.epublibre,UP,200,544,,
2026-08-22T08:21:49.096293+00:00,Others,Others.epublibre,UP,200,604,,
2026-08-22T08:22:49.866896+00:00,Others,Others.epublibre,UP,200,561,,
2026-08-22T08:23:49.861556+00:00,Others,Others.epublibre,UP,200,135,,
2026-08-22T08:24:50.948765+00:00,Others,Others.epublibre,UP,200,547,,
2026-08-22T08:25:51.593735+00:00,Others,Others.epublibre,UP,200,548,,
2026-08-22T08:26:52.066267+00:00,Others,Others.epublibre,UP,200,546,,
2026-08-22T08:27:52.655302+00:00,Others,Others.epublibre,UP,200,547,,
2026-08-22T08:28:53.258477+00:00,Others,Others.epublibre,UP,200,542,,
2026-08-22T08:29:54.023013+00:00,Others,Others.epublibre,UP,200,530,,
2026-08-22T08:30:54.725865+00:00,Others,Others.epublibre,UP,200,569,,
2026-08-22T08:31:55.693213+00:00,Others,Others.epublibre,UP,200,534,,
2026-08-22T08:32:56.617635+00:00,Others,Others.epublibre,UP,200,531,,
2026-08-22T08:33:57.001213+00:00,Others,Others.epublibre,UP,200,534,,
2026-08-22T08:34:57.379616+00:00,Others,Others.epublibre,UP,200,557,,
2026-08-22T08:35:58.181090+00:00,Others,Others.epublibre,UP,200,534,,
2026-08-22T08:36:58.505626+00:00,Others,Others.epublibre,UP,200,134,,
2026-08-22T08:37:59.204239+00:00,Others,Others.epublibre,UP,200,512,,
2026-08-22T08:38:59.574340+00:00,Others,Others.epublibre,UP,200,132,,
2026-08-22T08:40:00.811872+00:00,Others,Others.epublibre,UP,200,551,,
2026-08-22T08:41:06.893843+00:00,Others,Others.epublibre,DEGRADED,200,5419,latency_high,
2026-08-22T08:42:03.023433+00:00,Others,Others.epublibre,UP,200,578,,
2026-08-22T08:43:03.349167+00:00,Others,Others.epublibre,UP,200,556,,
2026-08-22T08:44:04.119853+00:00,Others,Others.epublibre,UP,200,586,,
2026-08-22T08:45:04.545189+00:00,Others,Others.epublibre,UP,200,573,,
2026-08-22T08:46:06.266042+00:00,Others,Others.epublibre,UP,200,585,,
2026-08-22T08:47:06.198900+00:00,Others,Others.epublibre,UP,200,546,,
2026-08-22T08:48:07.043369+00:00,Others,Others.epublibre,UP,200,538,,
2026-08-22T08:49:07.639356+00:00,Others,Others.epublibre,UP,200,678,,
2026-08-22T08:50:07.865772+00:00,Others,Others.epublibre,UP,200,561,,
2026-08-22T08:51:08.736481+00:00,Others,Others.epublibre,UP,200,538,,
2026-08-22T08:52:09.609835+00:00,Others,Others.epublibre,UP,200,530,,
2026-08-22T08:53:10.190754+00:00,Others,Others.epublibre,UP,200,557,,
2026-08-22T08:54:10.486197+00:00,Others,Others.epublibre,UP,200,262,,
2026-08-22T08:55:11.393065+00:00,Others,Others.epublibre,UP,200,526,,
2026-08-22T08:56:11.884836+00:00,Others,Others.epublibre,UP,200,564,,
2026-08-22T08:57:12.791224+00:00,Others,Others.epublibre,UP,200,581,,
2026-08-22T08:58:13.143068+00:00,Others,Others.epublibre,UP,200,787,,
2026-08-22T08:59:14.171503+00:00,Others,Others.epublibre,UP,200,624,,
2026-08-22T09:00:14.878889+00:00,Others,Others.epublibre,UP,200,689,,
2026-08-22T09:01:14.986396+00:00,Others,Others.epublibre,UP,200,662,,
2026-08-22T09:02:15.386556+00:00,Others,Others.epublibre,UP,200,135,,
2026-08-22T09:03:16.353429+00:00,Others,Others.epublibre,UP,200,690,,
2026-08-22T09:04:16.630888+00:00,Others,Others.epublibre,UP,200,524,,
2026-08-22T09:05:17.829880+00:00,Others,Others.epublibre,UP,200,543,,
2026-08-22T09:06:18.378841+00:00,Others,Others.epublibre,UP,200,592,,
2026-08-22T09:07:19.070972+00:00,Others,Others.epublibre,UP,200,557,,
2026-08-22T09:08:19.452722+00:00,Others,Others.epublibre,UP,200,563,,
2026-08-22T09:09:19.799430+00:00,Others,Others.epublibre,UP,200,520,,
2026-08-22T09:10:20.922774+00:00,Others,Others.epublibre,UP,200,697,,
2026-08-22T09:11:21.592321+00:00,Others,Others.epublibre,UP,200,557,,
2026-08-22T09:12:22.027512+00:00,Others,Others.epublibre,UP,200,560,,
2026-08-22T09:13:22.752848+00:00,Others,Others.epublibre,UP,200,570,,
2026-08-22T09:14:23.499932+00:00,Others,Others.epublibre,UP,200,709,,
2026-08-22T09:15:24.026379+00:00,Others,Others.epublibre,UP,200,727,,
2026-08-22T09:16:24.855570+00:00,Others,Others.epublibre,UP,200,760,,
2026-08-22T09:17:25.284665+00:00,Others,Others.epublibre,UP,200,525,,
2026-08-22T09:18:26.015812+00:00,Others,Others.epublibre,UP,200,592,,
2026-08-22T09:19:26.550504+00:00,Others,Others.epublibre,UP,200,531,,
2026-08-22T09:20:27.768379+00:00,Others,Others.epublibre,UP,200,692,,
2026-08-22T09:21:27.521153+00:00,Others,Others.epublibre,UP,200,160,,
2026-08-22T09:22:29.053102+00:00,Others,Others.epublibre,UP,200,960,,
2026-08-22T09:23:29.144765+00:00,Others,Others.epublibre,UP,200,550,,
2026-08-22T09:24:29.862134+00:00,Others,Others.epublibre,UP,200,550,,
2026-08-22T09:25:30.676041+00:00,Others,Others.epublibre,UP,200,637,,
2026-08-22T09:26:31.418042+00:00,Others,Others.epublibre,UP,200,524,,
2026-08-22T09:27:32.273245+00:00,Others,Others.epublibre,UP,200,564,,
2026-08-22T09:28:52.064000+00:00,Others,Others.epublibre,TIMEOUT,,,timeout,
2026-08-22T09:29:47.191086+00:00,Others,Others.epublibre,DOWN,,,connection_refused,
2026-08-22T09:30:38.758958+00:00,Others,Others.epublibre,DEGRADED,200,5159,latency_high,
2026-08-22T09:31:40.644097+00:00,Others,Others.epublibre,DEGRADED,200,6025,latency_high,
2026-08-22T09:32:35.031688+00:00,Others,Others.epublibre,UP,200,136,,
2026-08-22T09:33:36.220088+00:00,Others,Others.epublibre,UP,200,546,,
2026-08-22T09:34:36.667672+00:00,Others,Others.epublibre,UP,200,476,,
2026-08-22T09:35:44.284002+00:00,Others,Others.epublibre,DEGRADED,200,6906,latency_high,
2026-08-22T09:36:39.899000+00:00,Others,Others.epublibre,UP,200,1971,,
2026-08-22T09:37:40.250992+00:00,Others,Others.epublibre,UP,200,1537,,
2026-08-22T09:38:41.378548+00:00,Others,Others.epublibre,UP,200,2299,,
2026-08-22T09:39:40.692615+00:00,Others,Others.epublibre,UP,200,950,,
2026-08-22T09:40:42.349197+00:00,Others,Others.epublibre,UP,200,1657,,
2026-08-22T09:41:44.809080+00:00,Others,Others.epublibre,DEGRADED,200,3309,latency_high,
2026-08-22T09:42:43.928955+00:00,Others,Others.epublibre,UP,200,1984,,
2026-08-22T09:43:44.660673+00:00,Others,Others.epublibre,UP,200,1964,,
2026-08-22T09:44:44.897355+00:00,Others,Others.epublibre,UP,200,1655,,
2026-08-22T09:45:46.475384+00:00,Others,Others.epublibre,UP,200,2619,,
2026-08-22T09:46:51.046276+00:00,Others,Others.epublibre,DEGRADED,200,6252,latency_high,
2026-08-22T09:47:47.512776+00:00,Others,Others.epublibre,UP,200,2012,,
2026-08-22T09:48:49.583089+00:00,Others,Others.epublibre,UP,200,2998,,
2026-08-22T09:49:51.889114+00:00,Others,Others.epublibre,DEGRADED,200,4784,latency_high,
2026-08-22T09:50:48.671805+00:00,Others,Others.epublibre,UP,200,922,,
2026-08-22T09:51:56.513819+00:00,Others,Others.epublibre,DEGRADED,200,8033,latency_high,
2026-08-22T09:52:50.215842+00:00,Others,Others.epublibre,UP,200,915,,
2026-08-22T09:53:55.261290+00:00,Others,Others.epublibre,DEGRADED,200,5667,latency_high,
2026-08-22T09:54:51.628892+00:00,Others,Others.epublibre,UP,200,1043,,
2026-08-22T09:55:51.896165+00:00,Others,Others.epublibre,UP,200,547,,
2026-08-22T09:56:53.129055+00:00,Others,Others.epublibre,UP,200,1261,,
2026-08-22T09:57:53.898175+00:00,Others,Others.epublibre,UP,200,1222,,
2026-08-22T09:58:57.235889+00:00,Others,Others.epublibre,DEGRADED,200,3812,latency_high,
2026-08-22T09:59:54.962586+00:00,Others,Others.epublibre,UP,200,888,,
2026-08-22T10:00:55.415666+00:00,Others,Others.epublibre,UP,200,544,,
2026-08-22T10:01:56.249769+00:00,Others,Others.epublibre,UP,200,564,,
2026-08-22T10:02:56.812741+00:00,Others,Others.epublibre,UP,200,533,,
2026-08-22T10:03:57.426924+00:00,Others,Others.epublibre,UP,200,658,,
2026-08-22T10:04:58.172561+00:00,Others,Others.epublibre,UP,200,625,,
2026-08-22T10:05:59.212953+00:00,Others,Others.epublibre,UP,200,870,,
2026-08-22T10:07:13.371142+00:00,Others,Others.epublibre,DOWN,,,connection_refused,
2026-08-22T10:08:00.273370+00:00,Others,Others.epublibre,UP,200,580,,
2026-08-22T10:09:01.524264+00:00,Others,Others.epublibre,UP,200,701,,
2026-08-22T10:10:02.072374+00:00,Others,Others.epublibre,UP,200,1052,,
2026-08-22T10:11:07.660116+00:00,Others,Others.epublibre,DEGRADED,200,6491,latency_high,
2026-08-22T10:12:02.646814+00:00,Others,Others.epublibre,UP,200,641,,
2026-08-22T10:13:03.351052+00:00,Others,Others.epublibre,UP,200,538,,
2026-08-22T10:14:11.210973+00:00,Others,Others.epublibre,DEGRADED,200,7407,latency_high,
2026-08-22T10:15:07.415868+00:00,Others,Others.epublibre,DEGRADED,200,3478,latency_high,
2026-08-22T10:16:09.052099+00:00,Others,Others.epublibre,DEGRADED,200,5254,latency_high,
2026-08-22T10:17:05.169109+00:00,Others,Others.epublibre,UP,200,564,,
2026-08-22T10:18:13.146039+00:00,Others,Others.epublibre,DEGRADED,200,7937,latency_high,
2026-08-22T10:19:08.699805+00:00,Others,Others.epublibre,UP,200,2909,,
2026-08-22T10:20:07.839632+00:00,Others,Others.epublibre,UP,200,574,,
2026-08-22T10:21:08.035652+00:00,Others,Others.epublibre,UP,200,545,,
2026-08-22T10:22:08.687688+00:00,Others,Others.epublibre,UP,200,608,,
2026-08-22T10:23:11.265864+00:00,Others,Others.epublibre,UP,200,2567,,
2026-08-22T10:24:12.446122+00:00,Others,Others.epublibre,DEGRADED,200,3082,latency_high,
2026-08-22T10:25:12.242421+00:00,Others,Others.epublibre,UP,200,2003,,
2026-08-22T10:26:13.391862+00:00,Others,Others.epublibre,UP,200,2723,,
2026-08-22T10:27:14.734941+00:00,Others,Others.epublibre,DEGRADED,200,3147,latency_high,
2026-08-22T10:28:14.421292+00:00,Others,Others.epublibre,UP,200,2017,,
2026-08-22T10:29:14.674675+00:00,Others,Others.epublibre,UP,200,1659,,
2026-08-22T10:30:18.789065+00:00,Others,Others.epublibre,DEGRADED,200,4860,latency_high,
2026-08-22T10:31:16.605607+00:00,Others,Others.epublibre,UP,200,2183,,
2026-08-22T10:32:18.015208+00:00,Others,Others.epublibre,UP,200,2820,,
2026-08-22T10:33:23.561808+00:00,Others,Others.epublibre,DEGRADED,200,7570,latency_high,
2026-08-22T10:34:17.106040+00:00,Others,Others.epublibre,UP,200,561,,
2026-08-22T10:35:20.707972+00:00,Others,Others.epublibre,DEGRADED,200,3357,latency_high,
2026-08-22T10:36:19.513078+00:00,Others,Others.epublibre,UP,200,1315,,
2026-08-22T10:37:20.078863+00:00,Others,Others.epublibre,UP,200,1340,,
2026-08-22T10:38:20.931969+00:00,Others,Others.epublibre,UP,200,1293,,
2026-08-22T10:39:20.915464+00:00,Others,Others.epublibre,UP,200,546,,
2026-08-22T10:40:22.920190+00:00,Others,Others.epublibre,UP,200,1610,,
2026-08-22T10:41:23.649118+00:00,Others,Others.epublibre,UP,200,1985,,
2026-08-22T10:42:23.639855+00:00,Others,Others.epublibre,UP,200,1247,,
2026-08-22T10:43:23.921765+00:00,Others,Others.epublibre,UP,200,544,,
2026-08-22T10:44:24.119505+00:00,Others,Others.epublibre,UP,200,577,,
2026-08-22T10:45:26.939739+00:00,Others,Others.epublibre,UP,200,2326,,
2026-08-22T10:46:26.038067+00:00,Others,Others.epublibre,UP,200,569,,
2026-08-22T10:47:28.040630+00:00,Others,Others.epublibre,UP,200,2027,,
2026-08-22T10:48:29.215373+00:00,Others,Others.epublibre,UP,200,2541,,
2026-08-22T10:49:28.432830+00:00,Others,Others.epublibre,UP,200,905,,
2026-08-22T10:50:33.441147+00:00,Others,Others.epublibre,DEGRADED,200,5324,latency_high,
2026-08-22T10:51:30.329989+00:00,Others,Others.epublibre,UP,200,1335,,
2026-08-22T10:52:33.969816+00:00,Others,Others.epublibre,DEGRADED,200,4083,latency_high,
2026-08-22T10:53:32.082588+00:00,Others,Others.epublibre,UP,200,1478,,
2026-08-22T10:54:32.540105+00:00,Others,Others.epublibre,UP,200,1262,,
2026-08-22T10:55:33.841298+00:00,Others,Others.epublibre,UP,200,1533,,
2026-08-22T10:56:33.548119+00:00,Others,Others.epublibre,UP,200,545,,
2026-08-22T10:57:33.583223+00:00,Others,Others.epublibre,UP,200,135,,
2026-08-22T10:58:36.285278+00:00,Others,Others.epublibre,UP,200,2011,,
2026-08-22T10:59:47.488496+00:00,Others,Others.epublibre,DOWN,,,connection_refused,
2026-08-22T11:00:39.332819+00:00,Others,Others.epublibre,DEGRADED,200,3331,latency_high,
2026-08-22T11:01:38.402098+00:00,Others,Others.epublibre,UP,200,1673,,
2026-08-22T11:02:38.195665+00:00,Others,Others.epublibre,UP,200,692,,
2026-08-22T11:03:39.361328+00:00,Others,Others.epublibre,UP,200,1349,,
2026-08-22T11:04:39.469461+00:00,Others,Others.epublibre,UP,200,135,,
2026-08-22T11:05:41.560626+00:00,Others,Others.epublibre,UP,200,2122,,
2026-08-22T11:06:41.938520+00:00,Others,Others.epublibre,UP,200,1425,,
2026-08-22T11:07:43.637881+00:00,Others,Others.epublibre,UP,200,2390,,
2026-08-22T11:08:43.742342+00:00,Others,Others.epublibre,UP,200,1826,,
2026-08-22T11:09:47.320236+00:00,Others,Others.epublibre,DEGRADED,200,4851,latency_high,
2026-08-22T11:10:44.098274+00:00,Others,Others.epublibre,UP,200,887,,
2026-08-22T11:11:45.307989+00:00,Others,Others.epublibre,UP,200,1361,,
2026-08-22T11:12:53.881171+00:00,Others,Others.epublibre,DEGRADED,200,9288,latency_high,
2026-08-22T11:13:48.342177+00:00,Others,Others.epublibre,DEGRADED,200,3018,latency_high,
2026-08-22T11:14:46.290712+00:00,Others,Others.epublibre,UP,200,531,,
2026-08-22T11:15:46.806648+00:00,Others,Others.epublibre,UP,200,147,,
2026-08-22T11:16:47.547017+00:00,Others,Others.epublibre,UP,200,128,,
2026-08-22T11:17:49.359743+00:00,Others,Others.epublibre,UP,200,1345,,
2026-08-22T11:18:51.437391+00:00,Others,Others.epublibre,UP,200,2647,,
2026-08-22T11:19:50.412684+00:00,Others,Others.epublibre,UP,200,1266,,
2026-08-22T11:20:51.696721+00:00,Others,Others.epublibre,UP,200,1358,,
2026-08-22T11:21:51.898990+00:00,Others,Others.epublibre,UP,200,945,,
2026-08-22T11:22:52.486893+00:00,Others,Others.epublibre,UP,200,887,,
2026-08-22T11:23:52.974898+00:00,Others,Others.epublibre,UP,200,607,,
2026-08-22T11:24:53.769121+00:00,Others,Others.epublibre,UP,200,1173,,
2026-08-22T11:25:55.077496+00:00,Others,Others.epublibre,UP,200,1648,,
2026-08-22T11:26:54.393088+00:00,Others,Others.epublibre,UP,200,154,,
2026-08-22T11:27:56.607385+00:00,Others,Others.epublibre,UP,200,1353,,
2026-08-22T11:28:57.478913+00:00,Others,Others.epublibre,UP,200,1435,,
2026-08-22T11:29:57.816079+00:00,Others,Others.epublibre,UP,200,1278,,
2026-08-22T11:30:57.991868+00:00,Others,Others.epublibre,UP,200,156,,
2026-08-22T11:31:59.388102+00:00,Others,Others.epublibre,UP,200,600,,
2026-08-22T11:33:03.483334+00:00,Others,Others.epublibre,DEGRADED,200,4069,latency_high,
2026-08-22T11:34:02.297462+00:00,Others,Others.epublibre,UP,200,2121,,
2026-08-22T11:35:02.656524+00:00,Others,Others.epublibre,UP,200,1555,,
2026-08-22T11:36:03.575722+00:00,Others,Others.epublibre,UP,200,1456,,
2026-08-22T11:37:04.870933+00:00,Others,Others.epublibre,UP,200,1994,,
2026-08-22T11:38:06.530755+00:00,Others,Others.epublibre,UP,200,2812,,
2026-08-22T11:39:07.371778+00:00,Others,Others.epublibre,DEGRADED,200,3249,latency_high,
2026-08-22T11:40:18.415744+00:00,Others,Others.epublibre,DOWN,,,connection_refused,
2026-08-22T11:41:07.094916+00:00,Others,Others.epublibre,UP,200,1381,,
2026-08-22T11:42:06.994914+00:00,Others,Others.epublibre,UP,200,703,,
2026-08-22T11:43:08.149829+00:00,Others,Others.epublibre,UP,200,1311,,
2026-08-22T11:44:12.231926+00:00,Others,Others.epublibre,DEGRADED,200,4639,latency_high,
2026-08-22T11:45:08.292060+00:00,Others,Others.epublibre,UP,200,142,,
2026-08-22T11:46:10.369448+00:00,Others,Others.epublibre,UP,200,1358,,
2026-08-22T11:47:10.253101+00:00,Others,Others.epublibre,UP,200,589,,
2026-08-22T11:48:14.503006+00:00,Others,Others.epublibre,DEGRADED,200,4004,latency_high,
2026-08-22T11:49:11.270050+00:00,Others,Others.epublibre,UP,200,254,,
2026-08-22T11:50:12.991511+00:00,Others,Others.epublibre,UP,200,978,,
2026-08-22T11:51:16.370136+00:00,Others,Others.epublibre,DEGRADED,200,3736,latency_high,
2026-08-22T11:52:13.991381+00:00,Others,Others.epublibre,UP,200,1099,,
2026-08-22T11:53:14.718674+00:00,Others,Others.epublibre,UP,200,911,,
2026-08-22T11:54:15.252142+00:00,Others,Others.epublibre,UP,200,581,,
2026-08-22T11:55:17.326070+00:00,Others,Others.epublibre,UP,200,1986,,
2026-08-22T11:56:17.091329+00:00,Others,Others.epublibre,UP,200,972,,
2026-08-22T11:57:18.483433+00:00,Others,Others.epublibre,UP,200,1580,,
2026-08-22T11:58:18.602057+00:00,Others,Others.epublibre,UP,200,1078,,
2026-08-22T11:59:19.706304+00:00,Others,Others.epublibre,UP,200,1422,,
2026-08-22T12:00:20.886919+00:00,Others,Others.epublibre,UP,200,1722,,
2026-08-22T12:01:20.418403+00:00,Others,Others.epublibre,UP,200,169,,
2026-08-22T12:02:20.584230+00:00,Others,Others.epublibre,UP,200,281,,
2026-08-22T12:03:24.594108+00:00,Others,Others.epublibre,DEGRADED,200,3447,latency_high,
2026-08-22T12:04:23.146702+00:00,Others,Others.epublibre,UP,200,1035,,
2026-08-22T12:05:30.944894+00:00,Others,Others.epublibre,DEGRADED,200,7817,latency_high,
2026-08-22T12:06:24.201096+00:00,Others,Others.epublibre,UP,200,674,,
2026-08-22T12:07:25.547997+00:00,Others,Others.epublibre,UP,200,1055,,
2026-08-22T12:08:25.366023+00:00,Others,Others.epublibre,UP,200,214,,
2026-08-22T12:09:27.516905+00:00,Others,Others.epublibre,UP,200,1422,,
2026-08-22T12:10:29.532507+00:00,Others,Others.epublibre,UP,200,2697,,
2026-08-22T12:11:28.939153+00:00,Others,Others.epublibre,UP,200,1155,,
2026-08-22T12:12:30.892795+00:00,Others,Others.epublibre,UP,200,2401,,
2026-08-22T12:13:32.660069+00:00,Others,Others.epublibre,DEGRADED,200,3078,latency_high,
2026-08-22T12:14:33.138096+00:00,Others,Others.epublibre,UP,200,2872,,
2026-08-22T12:15:31.260702+00:00,Others,Others.epublibre,UP,200,716,,
2026-08-22T12:16:31.728079+00:00,Others,Others.epublibre,UP,200,688,,
2026-08-22T12:17:32.370491+00:00,Others,Others.epublibre,UP,200,1050,,
2026-08-22T12:18:33.359095+00:00,Others,Others.epublibre,UP,200,1129,,
2026-08-22T12:19:34.450755+00:00,Others,Others.epublibre,UP,200,1657,,
2026-08-22T12:20:35.031858+00:00,Others,Others.epublibre,UP,200,1016,,
2026-08-22T12:21:36.550184+00:00,Others,Others.epublibre,UP,200,1870,,
2026-08-22T12:22:43.122250+00:00,Others,Others.epublibre,DEGRADED,200,7530,latency_high,
2026-08-22T12:23:41.301005+00:00,Others,Others.epublibre,DEGRADED,200,4970,latency_high,
2026-08-22T12:24:38.355752+00:00,Others,Others.epublibre,UP,200,1306,,
2026-08-22T12:25:39.017505+00:00,Others,Others.epublibre,UP,200,1396,,
2026-08-22T12:26:41.508895+00:00,Others,Others.epublibre,UP,200,2769,,
2026-08-22T12:27:40.933394+00:00,Others,Others.epublibre,UP,200,1648,,
2026-08-22T12:28:41.500634+00:00,Others,Others.epublibre,UP,200,1589,,
2026-08-22T12:29:49.085205+00:00,Others,Others.epublibre,DEGRADED,200,8709,latency_high,
2026-08-22T12:30:43.389097+00:00,Others,Others.epublibre,UP,200,2034,,
2026-08-22T12:31:46.322254+00:00,Others,Others.epublibre,DEGRADED,200,3908,latency_high,
2026-08-22T12:32:47.575055+00:00,Others,Others.epublibre,DEGRADED,200,4341,latency_high,
2026-08-22T12:33:47.251112+00:00,Others,Others.epublibre,DEGRADED,200,3436,latency_high,
2026-08-22T12:34:47.400563+00:00,Others,Others.epublibre,UP,200,2475,,
2026-08-22T12:35:48.336767+00:00,Others,Others.epublibre,UP,200,2586,,
2026-08-22T12:36:49.312882+00:00,Others,Others.epublibre,UP,200,2635,,
2026-08-22T12:37:48.649862+00:00,Others,Others.epublibre,UP,200,1345,,
2026-08-22T12:38:50.522224+00:00,Others,Others.epublibre,UP,200,2385,,
2026-08-22T12:39:50.273815+00:00,Others,Others.epublibre,UP,200,1291,,
2026-08-22T12:41:01.203916+00:00,Others,Others.epublibre,DEGRADED,200,11375,latency_high,
2026-08-22T12:42:02.053751+00:00,Others,Others.epublibre,DOWN,,,connection_refused,
2026-08-22T12:42:56.034093+00:00,Others,Others.epublibre,DEGRADED,200,4694,latency_high,
2026-08-22T12:43:58.610010+00:00,Others,Others.epublibre,DEGRADED,200,6451,latency_high,
2026-08-22T12:44:54.704286+00:00,Others,Others.epublibre,UP,200,1628,,
2026-08-22T12:45:55.112609+00:00,Others,Others.epublibre,UP,200,1237,,
2026-08-22T12:46:57.749652+00:00,Others,Others.epublibre,UP,200,2802,,
2026-08-22T12:47:58.118911+00:00,Others,Others.epublibre,UP,200,2300,,
2026-08-22T12:48:59.953285+00:00,Others,Others.epublibre,DEGRADED,200,3392,latency_high,
2026-08-22T12:50:02.207715+00:00,Others,Others.epublibre,DEGRADED,200,4840,latency_high,
2026-08-22T12:50:58.765262+00:00,Others,Others.epublibre,UP,200,480,,
2026-08-22T12:52:00.767351+00:00,Others,Others.epublibre,UP,200,1626,,
2026-08-22T12:53:02.708178+00:00,Others,Others.epublibre,UP,200,2834,,
2026-08-22T12:54:04.137959+00:00,Others,Others.epublibre,UP,200,2916,,
2026-08-22T12:55:02.816517+00:00,Others,Others.epublibre,UP,200,1789,,
2026-08-22T12:56:08.305013+00:00,Others,Others.epublibre,DEGRADED,200,7113,latency_high,
2026-08-22T12:57:03.102008+00:00,Others,Others.epublibre,UP,200,1255,,
2026-08-22T12:58:14.466229+00:00,Others,Others.epublibre,DOWN,,,connection_refused,
2026-08-22T12:59:13.811560+00:00,Others,Others.epublibre,DOWN,,,connection_refused,
2026-08-22T13:00:06.361269+00:00,Others,Others.epublibre,UP,200,2659,,
2026-08-22T13:01:05.484785+00:00,Others,Others.epublibre,UP,200,1554,,
2026-08-22T13:02:05.646183+00:00,Others,Others.epublibre,UP,200,1393,,
2026-08-22T13:03:05.899701+00:00,Others,Others.epublibre,UP,200,1415,,
2026-08-22T13:04:10.074960+00:00,Others,Others.epublibre,DEGRADED,200,4552,latency_high,
2026-08-22T13:05:07.947394+00:00,Others,Others.epublibre,UP,200,1652,,
2026-08-22T13:06:11.775857+00:00,Others,Others.epublibre,DEGRADED,200,4519,latency_high,
2026-08-22T13:07:11.396978+00:00,Others,Others.epublibre,DEGRADED,200,3442,latency_high,
2026-08-22T13:08:12.684880+00:00,Others,Others.epublibre,DEGRADED,200,4035,latency_high,
2026-08-22T13:09:10.072258+00:00,Others,Others.epublibre,UP,200,569,,
2026-08-22T13:10:11.024157+00:00,Others,Others.epublibre,UP,200,559,,
2026-08-22T13:11:12.710109+00:00,Others,Others.epublibre,UP,200,1167,,
2026-08-22T13:12:13.577673+00:00,Others,Others.epublibre,UP,200,1379,,
2026-08-22T13:13:14.290412+00:00,Others,Others.epublibre,UP,200,1439,,
2026-08-22T13:14:16.534681+00:00,Others,Others.epublibre,UP,200,2804,,
2026-08-22T13:15:17.089171+00:00,Others,Others.epublibre,DEGRADED,200,3074,latency_high,
2026-08-22T13:16:19.272018+00:00,Others,Others.epublibre,DEGRADED,200,4752,latency_high,
2026-08-22T13:17:16.426014+00:00,Others,Others.epublibre,UP,200,733,,
2026-08-22T13:18:17.900473+00:00,Others,Others.epublibre,UP,200,1427,,
2026-08-22T13:19:20.522058+00:00,Others,Others.epublibre,DEGRADED,200,3618,latency_high,
2026-08-22T13:20:23.814098+00:00,Others,Others.epublibre,DEGRADED,200,6190,latency_high,
2026-08-22T13:21:21.113366+00:00,Others,Others.epublibre,UP,200,2232,,
2026-08-22T13:22:20.890639+00:00,Others,Others.epublibre,UP,200,1547,,
2026-08-22T13:23:25.954093+00:00,Others,Others.epublibre,DEGRADED,200,5795,latency_high,
2026-08-22T13:24:26.924117+00:00,Others,Others.epublibre,DEGRADED,200,5712,latency_high,
2026-08-22T13:25:24.857327+00:00,Others,Others.epublibre,DEGRADED,200,3045,latency_high,
2026-08-22T13:26:25.405626+00:00,Others,Others.epublibre,UP,200,2957,,
2026-08-22T13:27:25.547174+00:00,Others,Others.epublibre,UP,200,1905,,
2026-08-22T13:28:26.404713+00:00,Others,Others.epublibre,UP,200,1852,,
2026-08-22T13:29:25.557358+00:00,Others,Others.epublibre,UP,200,1037,,
2026-08-22T13:30:27.824883+00:00,Others,Others.epublibre,UP,200,2755,,
2026-08-22T13:31:27.975924+00:00,Others,Others.epublibre,UP,200,2889,,
2026-08-22T13:32:27.571878+00:00,Others,Others.epublibre,UP,200,1693,,
2026-08-22T13:33:27.836031+00:00,Others,Others.epublibre,UP,200,808,,
2026-08-22T13:34:28.258486+00:00,Others,Others.epublibre,UP,200,389,,
2026-08-22T13:35:29.687213+00:00,Others,Others.epublibre,UP,200,1360,,
2026-08-22T13:36:29.747949+00:00,Others,Others.epublibre,UP,200,599,,
2026-08-22T13:37:30.379527+00:00,Others,Others.epublibre,UP,200,570,,
2026-08-22T13:38:31.960315+00:00,Others,Others.epublibre,UP,200,1537,,
2026-08-22T13:39:32.883036+00:00,Others,Others.epublibre,UP,200,1620,,
2026-08-22T13:40:33.976532+00:00,Others,Others.epublibre,UP,200,2849,,
2026-08-22T13:41:34.481311+00:00,Others,Others.epublibre,DEGRADED,200,3149,latency_high,
2026-08-22T13:42:32.968876+00:00,Others,Others.epublibre,UP,200,1417,,
2026-08-22T13:43:37.999792+00:00,Others,Others.epublibre,DEGRADED,200,5607,latency_high,
2026-08-22T13:44:39.900290+00:00,Others,Others.epublibre,DEGRADED,200,6668,latency_high,
2026-08-22T13:45:40.482120+00:00,Others,Others.epublibre,DEGRADED,200,6159,latency_high,
2026-08-22T13:46:35.103958+00:00,Others,Others.epublibre,UP,200,363,,
2026-08-22T13:47:39.045106+00:00,Others,Others.epublibre,DEGRADED,200,3612,latency_high,
2026-08-22T13:48:37.494751+00:00,Others,Others.epublibre,UP,200,1243,,
2026-08-22T13:49:37.160817+00:00,Others,Others.epublibre,UP,200,816,,
2026-08-22T13:50:37.631340+00:00,Others,Others.epublibre,UP,200,569,,
2026-08-22T13:51:40.777451+00:00,Others,Others.epublibre,UP,200,2720,,
2026-08-22T13:52:42.363513+00:00,Others,Others.epublibre,DEGRADED,200,3319,latency_high,
2026-08-22T13:53:44.365790+00:00,Others,Others.epublibre,DEGRADED,200,4609,latency_high,
2026-08-22T13:54:46.088341+00:00,Others,Others.epublibre,DEGRADED,200,5470,latency_high,
2026-08-22T13:55:42.903456+00:00,Others,Others.epublibre,UP,200,858,,
2026-08-22T13:56:43.845011+00:00,Others,Others.epublibre,UP,200,1223,,
2026-08-22T13:57:43.771638+00:00,Others,Others.epublibre,UP,200,404,,
2026-08-22T13:58:48.146210+00:00,Others,Others.epublibre,DEGRADED,200,3717,latency_high,
2026-08-22T13:59:47.503002+00:00,Others,Others.epublibre,UP,200,2207,,
2026-08-22T14:00:48.684345+00:00,Others,Others.epublibre,UP,200,2782,,
2026-08-22T14:01:46.932356+00:00,Others,Others.epublibre,UP,200,325,,
2026-08-22T14:02:47.848408+00:00,Others,Others.epublibre,UP,200,242,,
2026-08-22T14:03:53.466351+00:00,Others,Others.epublibre,DEGRADED,200,5794,latency_high,
2026-08-22T14:04:49.595144+00:00,Others,Others.epublibre,UP,200,880,,
2026-08-22T14:05:49.430888+00:00,Others,Others.epublibre,UP,200,327,,
2026-08-22T14:06:50.669015+00:00,Others,Others.epublibre,UP,200,1533,,
2026-08-22T14:07:50.582441+00:00,Others,Others.epublibre,UP,200,757,,
2026-08-22T14:08:51.956215+00:00,Others,Others.epublibre,UP,200,1346,,
2026-08-22T14:09:52.219474+00:00,Others,Others.epublibre,UP,200,1153,,
2026-08-22T14:10:53.263151+00:00,Others,Others.epublibre,UP,200,1351,,
2026-08-22T14:11:53.275212+00:00,Others,Others.epublibre,UP,200,1090,,
2026-08-22T14:12:54.321185+00:00,Others,Others.epublibre,UP,200,1245,,
2026-08-22T14:13:54.939383+00:00,Others,Others.epublibre,UP,200,1193,,
2026-08-22T14:14:56.275563+00:00,Others,Others.epublibre,UP,200,1166,,
2026-08-22T14:15:56.080051+00:00,Others,Others.epublibre,UP,200,1032,,
2026-08-22T14:16:56.289848+00:00,Others,Others.epublibre,UP,200,614,,
2026-08-22T14:17:58.353868+00:00,Others,Others.epublibre,UP,200,1562,,
2026-08-22T14:18:59.009395+00:00,Others,Others.epublibre,UP,200,971,,
2026-08-22T14:19:59.753147+00:00,Others,Others.epublibre,UP,200,1154,,
2026-08-22T14:21:00.026167+00:00,Others,Others.epublibre,UP,200,569,,
2026-08-22T14:22:00.258808+00:00,Others,Others.epublibre,UP,200,149,,
2026-08-22T14:23:02.313154+00:00,Others,Others.epublibre,UP,200,594,,
2026-08-22T14:24:02.377613+00:00,Others,Others.epublibre,UP,200,554,,
2026-08-22T14:25:03.517346+00:00,Others,Others.epublibre,UP,200,624,,
2026-08-22T14:26:04.108773+00:00,Others,Others.epublibre,UP,200,564,,
2026-08-22T14:27:05.068193+00:00,Others,Others.epublibre,UP,200,593,,
2026-08-22T14:28:05.787804+00:00,Others,Others.epublibre,UP,200,576,,
2026-08-22T14:29:07.087599+00:00,Others,Others.epublibre,UP,200,549,,
2026-08-22T14:30:08.109538+00:00,Others,Others.epublibre,UP,200,709,,
2026-08-22T14:31:08.053091+00:00,Others,Others.epublibre,UP,200,574,,
2026-08-22T14:32:08.623718+00:00,Others,Others.epublibre,UP,200,643,,
2026-08-22T14:33:09.450817+00:00,Others,Others.epublibre,UP,200,694,,
2026-08-22T14:34:09.251185+00:00,Others,Others.epublibre,UP,200,557,,
2026-08-22T14:35:10.346737+00:00,Others,Others.epublibre,UP,200,565,,
2026-08-22T14:36:11.033042+00:00,Others,Others.epublibre,UP,200,614,,
2026-08-22T14:37:12.145558+00:00,Others,Others.epublibre,UP,200,581,,
2026-08-22T14:38:12.168670+00:00,Others,Others.epublibre,UP,200,142,,
2026-08-22T14:39:13.282428+00:00,Others,Others.epublibre,UP,200,606,,
2026-08-22T14:40:14.609102+00:00,Others,Others.epublibre,UP,200,568,,
2026-08-22T14:41:15.377922+00:00,Others,Others.epublibre,UP,200,563,,
2026-08-22T14:42:16.006810+00:00,Others,Others.epublibre,UP,200,602,,
2026-08-22T14:43:16.919338+00:00,Others,Others.epublibre,UP,200,615,,
2026-08-22T14:44:17.757305+00:00,Others,Others.epublibre,UP,200,570,,
2026-08-22T14:45:18.321434+00:00,Others,Others.epublibre,UP,200,740,,
2026-08-22T14:46:18.189051+00:00,Others,Others.epublibre,UP,200,570,,
2026-08-22T14:47:18.371949+00:00,Others,Others.epublibre,UP,200,573,,
2026-08-22T14:48:23.834129+00:00,Others,Others.epublibre,DEGRADED,200,5059,latency_high,
2026-08-22T14:49:19.828814+00:00,Others,Others.epublibre,UP,200,629,,
2026-08-22T14:50:20.645119+00:00,Others,Others.epublibre,UP,200,677,,
2026-08-22T14:51:21.396447+00:00,Others,Others.epublibre,UP,200,631,,
2026-08-22T14:52:22.874773+00:00,Others,Others.epublibre,UP,200,681,,
2026-08-22T14:53:21.891756+00:00,Others,Others.epublibre,UP,200,143,,
2026-08-22T14:54:23.289380+00:00,Others,Others.epublibre,UP,200,574,,
2026-08-22T14:55:24.026587+00:00,Others,Others.epublibre,UP,200,549,,
2026-08-22T14:56:25.095964+00:00,Others,Others.epublibre,UP,200,564,,
2026-08-22T14:57:25.828961+00:00,Others,Others.epublibre,UP,200,577,,
2026-08-22T14:58:26.759333+00:00,Others,Others.epublibre,UP,200,597,,
2026-08-22T14:59:27.683774+00:00,Others,Others.epublibre,UP,200,656,,
2026-08-22T15:00:28.189229+00:00,Others,Others.epublibre,UP,200,144,,
2026-08-22T15:01:29.395613+00:00,Others,Others.epublibre,UP,200,580,,
2026-08-22T15:02:30.353251+00:00,Others,Others.epublibre,UP,200,562,,
2026-08-22T15:03:30.764840+00:00,Others,Others.epublibre,UP,200,142,,
2026-08-22T15:04:32.702224+00:00,Others,Others.epublibre,UP,200,566,,
2026-08-22T15:05:32.969127+00:00,Others,Others.epublibre,UP,200,567,,
2026-08-22T15:06:34.048608+00:00,Others,Others.epublibre,UP,200,570,,
2026-08-22T15:07:35.051737+00:00,Others,Others.epublibre,UP,200,572,,
2026-08-22T15:08:35.597572+00:00,Others,Others.epublibre,UP,200,635,,
2026-08-22T15:09:36.526714+00:00,Others,Others.epublibre,UP,200,563,,
2026-08-22T15:10:37.427367+00:00,Others,Others.epublibre,UP,200,576,,
2026-08-22T15:11:38.259068+00:00,Others,Others.epublibre,UP,200,596,,
2026-08-22T15:12:39.094020+00:00,Others,Others.epublibre,UP,200,568,,
2026-08-22T15:13:39.990653+00:00,Others,Others.epublibre,UP,200,646,,
2026-08-22T15:14:40.783624+00:00,Others,Others.epublibre,UP,200,578,,
2026-08-22T15:15:41.611058+00:00,Others,Others.epublibre,UP,200,593,,
2026-08-22T15:16:42.418077+00:00,Others,Others.epublibre,UP,200,602,,
2026-08-22T15:17:43.113174+00:00,Others,Others.epublibre,UP,200,541,,
2026-08-22T15:18:43.887425+00:00,Others,Others.epublibre,UP,200,135,,
2026-08-22T15:19:44.778834+00:00,Others,Others.epublibre,UP,200,635,,
2026-08-22T15:20:45.162771+00:00,Others,Others.epublibre,UP,200,571,,
2026-08-22T15:21:45.695784+00:00,Others,Others.epublibre,UP,200,612,,
2026-08-22T15:22:46.645962+00:00,Others,Others.epublibre,UP,200,668,,
2026-08-22T15:23:46.666580+00:00,Others,Others.epublibre,UP,200,574,,
2026-08-22T15:24:47.259253+00:00,Others,Others.epublibre,UP,200,598,,
2026-08-22T15:25:48.296990+00:00,Others,Others.epublibre,UP,200,601,,
2026-08-22T15:26:49.259467+00:00,Others,Others.epublibre,UP,200,545,,
2026-08-22T15:27:50.929572+00:00,Others,Others.epublibre,UP,200,1822,,
2026-08-22T15:28:50.966456+00:00,Others,Others.epublibre,UP,200,668,,
2026-08-22T15:29:51.357723+00:00,Others,Others.epublibre,UP,200,581,,
2026-08-22T15:30:52.900751+00:00,Others,Others.epublibre,UP,200,590,,
2026-08-22T15:31:53.398668+00:00,Others,Others.epublibre,UP,200,568,,
2026-08-22T15:32:53.338848+00:00,Others,Others.epublibre,UP,200,617,,
2026-08-22T15:33:54.303977+00:00,Others,Others.epublibre,UP,200,566,,
2026-08-22T15:34:54.754943+00:00,Others,Others.epublibre,UP,200,576,,
2026-08-22T15:35:55.127175+00:00,Others,Others.epublibre,UP,200,625,,
2026-08-22T15:36:56.560749+00:00,Others,Others.epublibre,UP,200,794,,
2026-08-22T15:37:56.203211+00:00,Others,Others.epublibre,UP,200,603,,
2026-08-22T15:38:56.850704+00:00,Others,Others.epublibre,UP,200,577,,
2026-08-22T15:39:57.741258+00:00,Others,Others.epublibre,UP,200,558,,
2026-08-22T15:40:59.450994+00:00,Others,Others.epublibre,UP,200,1745,,
2026-08-22T15:41:58.938542+00:00,Others,Others.epublibre,UP,200,585,,
2026-08-22T15:43:00.319013+00:00,Others,Others.epublibre,UP,200,584,,
2026-08-22T15:44:01.066930+00:00,Others,Others.epublibre,UP,200,703,,
2026-08-22T15:45:02.208719+00:00,Others,Others.epublibre,UP,200,781,,
2026-08-22T15:46:01.872465+00:00,Others,Others.epublibre,UP,200,691,,
2026-08-22T15:47:02.754076+00:00,Others,Others.epublibre,UP,200,642,,
2026-08-22T15:48:03.773429+00:00,Others,Others.epublibre,UP,200,574,,
2026-08-22T15:49:04.382473+00:00,Others,Others.epublibre,UP,200,653,,
2026-08-22T15:50:06.096727+00:00,Others,Others.epublibre,UP,200,1418,,
2026-08-22T15:51:05.036112+00:00,Others,Others.epublibre,UP,200,671,,
2026-08-22T15:52:05.875647+00:00,Others,Others.epublibre,UP,200,658,,
2026-08-22T15:53:07.265002+00:00,Others,Others.epublibre,UP,200,704,,
2026-08-22T15:54:08.019807+00:00,Others,Others.epublibre,UP,200,792,,
2026-08-22T15:55:08.686148+00:00,Others,Others.epublibre,UP,200,698,,
2026-08-22T15:56:09.399317+00:00,Others,Others.epublibre,UP,200,574,,
2026-08-22T15:57:10.253986+00:00,Others,Others.epublibre,UP,200,557,,
2026-08-22T15:58:10.460678+00:00,Others,Others.epublibre,UP,200,579,,
2026-08-22T15:59:11.306225+00:00,Others,Others.epublibre,UP,200,654,,
2026-08-22T16:00:11.934959+00:00,Others,Others.epublibre,UP,200,754,,
2026-08-22T16:01:11.959171+00:00,Others,Others.epublibre,UP,200,552,,
2026-08-22T16:02:12.363105+00:00,Others,Others.epublibre,UP,200,133,,
2026-08-22T16:03:13.691711+00:00,Others,Others.epublibre,UP,200,576,,
2026-08-22T16:04:14.777497+00:00,Others,Others.epublibre,UP,200,604,,
2026-08-22T16:05:15.494191+00:00,Others,Others.epublibre,UP,200,586,,
2026-08-22T16:06:16.492369+00:00,Others,Others.epublibre,UP,200,584,,
2026-08-22T16:07:17.045360+00:00,Others,Others.epublibre,UP,200,586,,
2026-08-22T16:08:17.914012+00:00,Others,Others.epublibre,UP,200,565,,
2026-08-22T16:09:18.646538+00:00,Others,Others.epublibre,UP,200,617,,
2026-08-22T16:10:19.882547+00:00,Others,Others.epublibre,UP,200,562,,
2026-08-22T16:11:20.780101+00:00,Others,Others.epublibre,UP,200,582,,
2026-08-22T16:12:21.357482+00:00,Others,Others.epublibre,UP,200,687,,
2026-08-22T16:13:42.820665+00:00,Others,Others.epublibre,TIMEOUT,,,timeout,
2026-08-22T16:14:23.315546+00:00,Others,Others.epublibre,UP,200,599,,
2026-08-22T16:15:23.699683+00:00,Others,Others.epublibre,UP,200,545,,
2026-08-22T16:16:24.817792+00:00,Others,Others.epublibre,UP,200,557,,
2026-08-22T16:17:25.906664+00:00,Others,Others.epublibre,UP,200,587,,
2026-08-22T16:18:26.454487+00:00,Others,Others.epublibre,UP,200,592,,
2026-08-22T16:19:26.754540+00:00,Others,Others.epublibre,UP,200,561,,
2026-08-22T16:20:27.493360+00:00,Others,Others.epublibre,UP,200,573,,
2026-08-22T16:21:28.205517+00:00,Others,Others.epublibre,UP,200,578,,
2026-08-22T16:22:28.100486+00:00,Others,Others.epublibre,UP,200,559,,
2026-08-22T16:23:28.919453+00:00,Others,Others.epublibre,UP,200,620,,
2026-08-22T16:24:29.671522+00:00,Others,Others.epublibre,UP,200,603,,
2026-08-22T16:25:30.835056+00:00,Others,Others.epublibre,UP,200,685,,
2026-08-22T16:26:30.999162+00:00,Others,Others.epublibre,UP,200,611,,
2026-08-22T16:27:31.515650+00:00,Others,Others.epublibre,UP,200,587,,
2026-08-22T16:28:32.100565+00:00,Others,Others.epublibre,UP,200,568,,
2026-08-22T16:29:33.073216+00:00,Others,Others.epublibre,UP,200,563,,
2026-08-22T16:30:33.284421+00:00,Others,Others.epublibre,UP,200,575,,
2026-08-22T16:31:33.735475+00:00,Others,Others.epublibre,UP,200,624,,
2026-08-22T16:32:39.812831+00:00,Others,Others.epublibre,DEGRADED,200,5548,latency_high,
2026-08-22T16:33:34.790904+00:00,Others,Others.epublibre,UP,200,584,,
2026-08-22T16:34:35.728039+00:00,Others,Others.epublibre,UP,200,558,,
2026-08-22T16:35:35.148172+00:00,Others,Others.epublibre,UP,200,143,,
2026-08-22T16:36:36.854332+00:00,Others,Others.epublibre,UP,200,553,,
2026-08-22T16:37:43.253960+00:00,Others,Others.epublibre,DEGRADED,200,6931,latency_high,
2026-08-22T16:38:37.778665+00:00,Others,Others.epublibre,UP,200,633,,
2026-08-22T16:39:51.230041+00:00,Others,Others.epublibre,DEGRADED,200,13205,latency_high,
2026-08-22T16:40:40.060299+00:00,Others,Others.epublibre,UP,200,703,,
2026-08-22T16:41:39.838076+00:00,Others,Others.epublibre,UP,200,585,,
2026-08-22T16:42:44.139923+00:00,Others,Others.epublibre,DEGRADED,200,3950,latency_high,
2026-08-22T16:43:45.219990+00:00,Others,Others.epublibre,DEGRADED,200,3884,latency_high,
2026-08-22T16:44:42.582933+00:00,Others,Others.epublibre,UP,200,545,,
2026-08-22T16:45:43.023368+00:00,Others,Others.epublibre,UP,200,552,,
2026-08-22T16:46:44.462829+00:00,Others,Others.epublibre,UP,200,599,,
2026-08-22T16:47:45.103429+00:00,Others,Others.epublibre,UP,200,569,,
2026-08-22T16:48:45.920524+00:00,Others,Others.epublibre,UP,200,578,,
2026-08-22T16:49:47.156438+00:00,Others,Others.epublibre,UP,200,591,,
2026-08-22T16:50:47.925302+00:00,Others,Others.epublibre,UP,200,601,,
2026-08-22T16:51:48.396315+00:00,Others,Others.epublibre,UP,200,572,,
2026-08-22T16:52:49.378612+00:00,Others,Others.epublibre,UP,200,567,,
2026-08-22T16:53:50.219326+00:00,Others,Others.epublibre,UP,200,588,,
2026-08-22T16:54:50.939829+00:00,Others,Others.epublibre,UP,200,138,,
2026-08-22T16:55:51.167164+00:00,Others,Others.epublibre,UP,200,595,,
2026-08-22T16:56:52.194360+00:00,Others,Others.epublibre,UP,200,551,,
2026-08-22T16:57:52.680720+00:00,Others,Others.epublibre,UP,200,569,,
2026-08-22T16:58:53.601643+00:00,Others,Others.epublibre,UP,200,573,,
2026-08-22T16:59:54.550524+00:00,Others,Others.epublibre,UP,200,568,,
2026-08-22T17:00:55.778082+00:00,Others,Others.epublibre,UP,200,583,,
2026-08-22T17:01:56.728912+00:00,Others,Others.epublibre,UP,200,603,,
2026-08-22T17:02:57.496659+00:00,Others,Others.epublibre,UP,200,563,,
2026-08-22T17:03:58.074377+00:00,Others,Others.epublibre,UP,200,638,,
2026-08-22T17:04:58.636060+00:00,Others,Others.epublibre,UP,200,566,,
2026-08-22T17:05:59.956378+00:00,Others,Others.epublibre,UP,200,586,,
2026-08-22T17:07:00.084525+00:00,Others,Others.epublibre,UP,200,627,,
2026-08-22T17:07:59.829701+00:00,Others,Others.epublibre,UP,200,562,,
2026-08-22T17:09:00.656664+00:00,Others,Others.epublibre,UP,200,579,,
2026-08-22T17:10:01.708168+00:00,Others,Others.epublibre,UP,200,584,,
2026-08-22T17:11:02.347832+00:00,Others,Others.epublibre,UP,200,565,,
2026-08-22T17:12:02.925956+00:00,Others,Others.epublibre,UP,200,693,,
2026-08-22T17:13:03.405167+00:00,Others,Others.epublibre,UP,200,553,,
2026-08-22T17:14:05.000812+00:00,Others,Others.epublibre,UP,200,560,,
2026-08-22T17:15:05.423855+00:00,Others,Others.epublibre,UP,200,615,,
2026-08-22T17:16:05.607276+00:00,Others,Others.epublibre,UP,200,613,,
2026-08-22T17:17:06.370282+00:00,Others,Others.epublibre,UP,200,758,,
2026-08-22T17:18:05.975968+00:00,Others,Others.epublibre,UP,200,136,,
2026-08-22T17:19:07.304793+00:00,Others,Others.epublibre,UP,200,538,,
2026-08-22T17:20:08.188194+00:00,Others,Others.epublibre,UP,200,587,,
2026-08-22T17:21:08.987241+00:00,Others,Others.epublibre,UP,200,618,,
2026-08-22T17:22:08.860201+00:00,Others,Others.epublibre,UP,200,578,,
2026-08-22T17:23:09.541302+00:00,Others,Others.epublibre,UP,200,577,,
2026-08-22T17:24:09.532824+00:00,Others,Others.epublibre,UP,200,141,,
2026-08-22T17:25:11.491648+00:00,Others,Others.epublibre,UP,200,561,,
2026-08-22T17:26:11.271839+00:00,Others,Others.epublibre,UP,200,632,,
2026-08-22T17:27:12.289553+00:00,Others,Others.epublibre,UP,200,600,,
2026-08-22T17:28:13.233021+00:00,Others,Others.epublibre,UP,200,599,,
2026-08-22T17:29:13.610270+00:00,Others,Others.epublibre,UP,200,574,,
2026-08-22T17:30:14.321341+00:00,Others,Others.epublibre,UP,200,565,,
2026-08-22T17:31:14.009737+00:00,Others,Others.epublibre,UP,200,133,,
2026-08-22T17:32:15.326400+00:00,Others,Others.epublibre,UP,200,561,,
2026-08-22T17:33:15.944101+00:00,Others,Others.epublibre,UP,200,580,,
2026-08-22T17:34:16.978098+00:00,Others,Others.epublibre,UP,200,590,,
2026-08-22T17:35:16.491775+00:00,Others,Others.epublibre,UP,200,561,,
2026-08-22T17:36:17.387683+00:00,Others,Others.epublibre,UP,200,600,,
2026-08-22T17:37:18.198655+00:00,Others,Others.epublibre,UP,200,586,,
2026-08-22T17:38:18.933857+00:00,Others,Others.epublibre,UP,200,625,,
2026-08-22T17:39:19.747010+00:00,Others,Others.epublibre,UP,200,649,,
2026-08-22T17:40:19.998455+00:00,Others,Others.epublibre,UP,200,584,,
2026-08-22T17:41:20.323993+00:00,Others,Others.epublibre,UP,200,570,,
2026-08-22T17:42:21.343263+00:00,Others,Others.epublibre,UP,200,569,,
2026-08-22T17:43:22.178117+00:00,Others,Others.epublibre,UP,200,623,,
2026-08-22T17:44:23.323870+00:00,Others,Others.epublibre,UP,200,978,,
2026-08-22T17:45:23.000643+00:00,Others,Others.epublibre,UP,200,149,,
2026-08-22T17:46:23.905802+00:00,Others,Others.epublibre,UP,200,144,,
2026-08-22T17:47:25.372061+00:00,Others,Others.epublibre,UP,200,563,,
2026-08-22T17:48:26.324455+00:00,Others,Others.epublibre,UP,200,580,,
2026-08-22T17:49:27.063812+00:00,Others,Others.epublibre,UP,200,582,,
2026-08-22T17:50:27.347369+00:00,Others,Others.epublibre,UP,200,139,,
2026-08-22T17:51:28.843383+00:00,Others,Others.epublibre,UP,200,590,,
2026-08-22T17:52:29.704974+00:00,Others,Others.epublibre,UP,200,752,,
2026-08-22T17:53:30.787167+00:00,Others,Others.epublibre,UP,200,773,,
2026-08-22T17:54:30.720779+00:00,Others,Others.epublibre,UP,200,663,,
2026-08-22T17:55:31.256054+00:00,Others,Others.epublibre,UP,200,703,,
2026-08-22T17:56:31.184259+00:00,Others,Others.epublibre,UP,200,641,,
2026-08-22T17:57:31.657302+00:00,Others,Others.epublibre,UP,200,1053,,
2026-08-22T17:58:31.943091+00:00,Others,Others.epublibre,UP,200,598,,
2026-08-22T17:59:32.543953+00:00,Others,Others.epublibre,UP,200,557,,
2026-08-22T18:00:34.019474+00:00,Others,Others.epublibre,UP,200,578,,
2026-08-22T18:01:34.688896+00:00,Others,Others.epublibre,UP,200,941,,
2026-08-22T18:02:35.499881+00:00,Others,Others.epublibre,UP,200,921,,
2026-08-22T18:03:44.810063+00:00,Others,Others.epublibre,DEGRADED,200,9749,latency_high,
2026-08-22T18:04:36.905933+00:00,Others,Others.epublibre,UP,200,1106,,
2026-08-22T18:05:35.779221+00:00,Others,Others.epublibre,UP,200,197,,
2026-08-22T18:06:37.242762+00:00,Others,Others.epublibre,UP,200,665,,
2026-08-22T18:07:38.140483+00:00,Others,Others.epublibre,UP,200,731,,
2026-08-22T18:08:38.790627+00:00,Others,Others.epublibre,UP,200,629,,
2026-08-22T18:09:39.308744+00:00,Others,Others.epublibre,UP,200,710,,
2026-08-22T18:10:39.534263+00:00,Others,Others.epublibre,UP,200,897,,
2026-08-22T18:11:40.760955+00:00,Others,Others.epublibre,UP,200,865,,
2026-08-22T18:12:41.277431+00:00,Others,Others.epublibre,UP,200,622,,
2026-08-22T18:13:42.144566+00:00,Others,Others.epublibre,UP,200,767,,
2026-08-22T18:14:43.127866+00:00,Others,Others.epublibre,UP,200,694,,
2026-08-22T18:15:43.926694+00:00,Others,Others.epublibre,UP,200,745,,
2026-08-22T18:16:44.025083+00:00,Others,Others.epublibre,UP,200,201,,
2026-08-22T18:17:45.477086+00:00,Others,Others.epublibre,UP,200,847,,
2026-08-22T18:18:46.278115+00:00,Others,Others.epublibre,UP,200,567,,
2026-08-22T18:19:46.914944+00:00,Others,Others.epublibre,UP,200,656,,
2026-08-22T18:20:47.894072+00:00,Others,Others.epublibre,UP,200,571,,
2026-08-22T18:21:48.790728+00:00,Others,Others.epublibre,UP,200,678,,
2026-08-22T18:22:49.901800+00:00,Others,Others.epublibre,UP,200,688,,
2026-08-22T18:23:49.992307+00:00,Others,Others.epublibre,UP,200,139,,
2026-08-22T18:24:51.547270+00:00,Others,Others.epublibre,UP,200,823,,
2026-08-22T18:25:52.424249+00:00,Others,Others.epublibre,UP,200,741,,
2026-08-22T18:26:56.399037+00:00,Others,Others.epublibre,DEGRADED,200,4779,latency_high,
2026-08-22T18:27:54.286658+00:00,Others,Others.epublibre,UP,200,1546,,
2026-08-22T18:28:54.982133+00:00,Others,Others.epublibre,UP,200,1546,,
2026-08-22T18:29:55.163263+00:00,Others,Others.epublibre,UP,200,695,,
2026-08-22T18:30:56.061238+00:00,Others,Others.epublibre,UP,200,820,,
2026-08-22T18:32:03.343112+00:00,Others,Others.epublibre,DEGRADED,200,6986,latency_high,
2026-08-22T18:32:57.987801+00:00,Others,Others.epublibre,UP,200,610,,
2026-08-22T18:33:58.644527+00:00,Others,Others.epublibre,UP,200,559,,
2026-08-22T18:34:59.172845+00:00,Others,Others.epublibre,UP,200,616,,
2026-08-22T18:36:00.203615+00:00,Others,Others.epublibre,UP,200,686,,
2026-08-22T18:37:00.318444+00:00,Others,Others.epublibre,UP,200,926,,
2026-08-22T18:38:01.219455+00:00,Others,Others.epublibre,UP,200,786,,
2026-08-22T18:39:06.822051+00:00,Others,Others.epublibre,DEGRADED,200,6220,latency_high,
2026-08-22T18:40:01.638460+00:00,Others,Others.epublibre,UP,200,998,,
2026-08-22T18:41:02.274136+00:00,Others,Others.epublibre,UP,200,791,,
2026-08-22T18:42:02.228322+00:00,Others,Others.epublibre,UP,200,593,,
2026-08-22T18:43:03.231228+00:00,Others,Others.epublibre,UP,200,625,,
2026-08-22T18:44:04.177335+00:00,Others,Others.epublibre,UP,200,773,,
2026-08-22T18:45:04.482421+00:00,Others,Others.epublibre,UP,200,613,,
2026-08-22T18:46:05.026840+00:00,Others,Others.epublibre,UP,200,633,,
2026-08-22T18:47:05.906070+00:00,Others,Others.epublibre,UP,200,1017,,
2026-08-22T18:48:06.799287+00:00,Others,Others.epublibre,UP,200,571,,
2026-08-22T18:49:07.878864+00:00,Others,Others.epublibre,UP,200,653,,
2026-08-22T18:50:08.366333+00:00,Others,Others.epublibre,UP,200,681,,
2026-08-22T18:51:08.598538+00:00,Others,Others.epublibre,UP,200,578,,
2026-08-22T18:52:09.295057+00:00,Others,Others.epublibre,UP,200,877,,
2026-08-22T18:53:09.729847+00:00,Others,Others.epublibre,UP,200,681,,
2026-08-22T18:54:09.673439+00:00,Others,Others.epublibre,UP,200,788,,
2026-08-22T18:55:10.515748+00:00,Others,Others.epublibre,UP,200,567,,
2026-08-22T18:56:11.027968+00:00,Others,Others.epublibre,UP,200,682,,
2026-08-22T18:57:11.238399+00:00,Others,Others.epublibre,UP,200,723,,
2026-08-22T18:58:12.238474+00:00,Others,Others.epublibre,UP,200,606,,
2026-08-22T18:59:12.374254+00:00,Others,Others.epublibre,UP,200,144,,
2026-08-22T19:00:13.308839+00:00,Others,Others.epublibre,UP,200,141,,
2026-08-22T19:01:13.686264+00:00,Others,Others.epublibre,UP,200,608,,
2026-08-22T19:02:14.468569+00:00,Others,Others.epublibre,UP,200,775,,
2026-08-22T19:03:14.338666+00:00,Others,Others.epublibre,UP,200,579,,
2026-08-22T19:04:15.240220+00:00,Others,Others.epublibre,UP,200,629,,
2026-08-22T19:05:16.266034+00:00,Others,Others.epublibre,UP,200,628,,
2026-08-22T19:06:17.074901+00:00,Others,Others.epublibre,UP,200,570,,
2026-08-22T19:07:18.002496+00:00,Others,Others.epublibre,UP,200,724,,
2026-08-22T19:08:18.263899+00:00,Others,Others.epublibre,UP,200,139,,
2026-08-22T19:09:19.327369+00:00,Others,Others.epublibre,UP,200,161,,
2026-08-22T19:10:20.571409+00:00,Others,Others.epublibre,UP,200,582,,
2026-08-22T19:11:21.116725+00:00,Others,Others.epublibre,UP,200,612,,
2026-08-22T19:12:20.698134+00:00,Others,Others.epublibre,UP,200,158,,
2026-08-22T19:13:22.298687+00:00,Others,Others.epublibre,UP,200,672,,
2026-08-22T19:14:22.025855+00:00,Others,Others.epublibre,UP,200,686,,
2026-08-22T19:15:22.615600+00:00,Others,Others.epublibre,UP,200,645,,
2026-08-22T19:16:22.695879+00:00,Others,Others.epublibre,UP,200,151,,
2026-08-22T19:17:23.046557+00:00,Others,Others.epublibre,UP,200,142,,
2026-08-22T19:18:24.459768+00:00,Others,Others.epublibre,UP,200,671,,
2026-08-22T19:19:25.383806+00:00,Others,Others.epublibre,UP,200,864,,
2026-08-22T19:20:26.273452+00:00,Others,Others.epublibre,UP,200,660,,
2026-08-22T19:21:26.086578+00:00,Others,Others.epublibre,UP,200,635,,
2026-08-22T19:22:27.054820+00:00,Others,Others.epublibre,UP,200,674,,
2026-08-22T19:23:27.556941+00:00,Others,Others.epublibre,UP,200,133,,
2026-08-22T19:24:28.770527+00:00,Others,Others.epublibre,UP,200,594,,
2026-08-22T19:25:30.204517+00:00,Others,Others.epublibre,UP,200,577,,
2026-08-22T19:26:30.745499+00:00,Others,Others.epublibre,UP,200,709,,
2026-08-22T19:27:32.487811+00:00,Others,Others.epublibre,UP,200,1276,,
2026-08-22T19:28:32.201655+00:00,Others,Others.epublibre,UP,200,343,,
2026-08-22T19:29:32.355083+00:00,Others,Others.epublibre,UP,200,1357,,
2026-08-22T19:30:32.766159+00:00,Others,Others.epublibre,UP,200,1276,,
2026-08-22T19:31:31.735391+00:00,Others,Others.epublibre,UP,200,326,,
2026-08-22T19:32:31.289842+00:00,Others,Others.epublibre,UP,200,144,,
2026-08-22T19:33:33.206778+00:00,Others,Others.epublibre,UP,200,788,,
2026-08-22T19:34:33.883851+00:00,Others,Others.epublibre,UP,200,777,,
2026-08-22T19:35:34.372261+00:00,Others,Others.epublibre,UP,200,770,,
2026-08-22T19:36:34.967778+00:00,Others,Others.epublibre,UP,200,779,,
2026-08-22T19:37:35.494738+00:00,Others,Others.epublibre,UP,200,918,,
2026-08-22T19:38:36.384119+00:00,Others,Others.epublibre,UP,200,975,,
2026-08-22T19:39:37.689932+00:00,Others,Others.epublibre,UP,200,1001,,
2026-08-22T19:40:38.615052+00:00,Others,Others.epublibre,UP,200,1236,,
2026-08-22T19:41:38.457685+00:00,Others,Others.epublibre,UP,200,950,,
2026-08-22T19:42:40.062291+00:00,Others,Others.epublibre,UP,200,897,,
2026-08-22T19:43:40.755484+00:00,Others,Others.epublibre,UP,200,218,,
2026-08-22T19:44:41.755668+00:00,Others,Others.epublibre,UP,200,930,,
2026-08-22T19:45:42.259102+00:00,Others,Others.epublibre,UP,200,1065,,
2026-08-22T19:46:42.533773+00:00,Others,Others.epublibre,UP,200,1023,,
2026-08-22T19:47:42.590349+00:00,Others,Others.epublibre,UP,200,210,,
2026-08-22T19:48:44.141387+00:00,Others,Others.epublibre,UP,200,980,,
2026-08-22T19:49:44.930070+00:00,Others,Others.epublibre,UP,200,1141,,
2026-08-22T19:50:45.898997+00:00,Others,Others.epublibre,UP,200,1012,,
2026-08-22T19:51:46.620741+00:00,Others,Others.epublibre,UP,200,1116,,
2026-08-22T19:52:47.971428+00:00,Others,Others.epublibre,UP,200,1179,,
2026-08-22T19:53:48.163215+00:00,Others,Others.epublibre,UP,200,1079,,
2026-08-22T19:54:49.685979+00:00,Others,Others.epublibre,UP,200,1108,,
2026-08-22T19:55:48.900981+00:00,Others,Others.epublibre,UP,200,278,,
2026-08-22T19:56:53.420896+00:00,Others,Others.epublibre,DEGRADED,200,5263,latency_high,
2026-08-22T19:57:49.978645+00:00,Others,Others.epublibre,UP,200,1143,,
2026-08-22T19:58:50.590386+00:00,Others,Others.epublibre,UP,200,1175,,
2026-08-22T19:59:50.477941+00:00,Others,Others.epublibre,UP,200,837,,
2026-08-22T20:00:50.541557+00:00,Others,Others.epublibre,UP,200,1063,,
2026-08-22T20:01:51.261663+00:00,Others,Others.epublibre,UP,200,934,,
2026-08-22T20:02:52.998370+00:00,Others,Others.epublibre,UP,200,1722,,
2026-08-22T20:03:52.919135+00:00,Others,Others.epublibre,UP,200,1048,,
2026-08-22T20:04:53.481778+00:00,Others,Others.epublibre,UP,200,1081,,
2026-08-22T20:05:54.610797+00:00,Others,Others.epublibre,UP,200,1255,,
2026-08-22T20:06:54.357040+00:00,Others,Others.epublibre,UP,200,1001,,
2026-08-22T20:07:55.493742+00:00,Others,Others.epublibre,UP,200,1217,,
2026-08-22T20:08:56.258986+00:00,Others,Others.epublibre,UP,200,1146,,
2026-08-22T20:09:57.280196+00:00,Others,Others.epublibre,UP,200,961,,
2026-08-22T20:10:57.912520+00:00,Others,Others.epublibre,UP,200,948,,
2026-08-22T20:11:58.812668+00:00,Others,Others.epublibre,UP,200,889,,
2026-08-22T20:12:59.956380+00:00,Others,Others.epublibre,UP,200,1142,,
2026-08-22T20:13:59.849481+00:00,Others,Others.epublibre,UP,200,242,,
2026-08-22T20:15:01.631509+00:00,Others,Others.epublibre,UP,200,1077,,
2026-08-22T20:16:02.358314+00:00,Others,Others.epublibre,UP,200,1074,,
2026-08-22T20:17:03.912180+00:00,Others,Others.epublibre,UP,200,1007,,
2026-08-22T20:18:03.988029+00:00,Others,Others.epublibre,UP,200,1187,,
2026-08-22T20:19:04.898131+00:00,Others,Others.epublibre,UP,200,1143,,
2026-08-22T20:20:06.069459+00:00,Others,Others.epublibre,UP,200,1271,,
2026-08-22T20:21:06.594189+00:00,Others,Others.epublibre,UP,200,933,,
2026-08-22T20:22:07.733060+00:00,Others,Others.epublibre,UP,200,1038,,
2026-08-22T20:23:08.296949+00:00,Others,Others.epublibre,UP,200,541,,
2026-08-22T20:24:08.755899+00:00,Others,Others.epublibre,UP,200,659,,
2026-08-22T20:25:10.085086+00:00,Others,Others.epublibre,UP,200,696,,
2026-08-22T20:26:10.054966+00:00,Others,Others.epublibre,UP,200,590,,
2026-08-22T20:27:11.083417+00:00,Others,Others.epublibre,UP,200,894,,
2026-08-22T20:28:12.381434+00:00,Others,Others.epublibre,UP,200,957,,
2026-08-22T20:29:12.437564+00:00,Others,Others.epublibre,UP,200,163,,
2026-08-22T20:30:12.935789+00:00,Others,Others.epublibre,UP,200,586,,
2026-08-22T20:31:13.864892+00:00,Others,Others.epublibre,UP,200,647,,
2026-08-22T20:32:14.383309+00:00,Others,Others.epublibre,UP,200,625,,
2026-08-22T20:33:14.407055+00:00,Others,Others.epublibre,UP,200,726,,
2026-08-22T20:34:15.045421+00:00,Others,Others.epublibre,UP,200,806,,
2026-08-22T20:35:15.563895+00:00,Others,Others.epublibre,UP,200,140,,
2026-08-22T20:36:16.960720+00:00,Others,Others.epublibre,UP,200,803,,
2026-08-22T20:37:17.755256+00:00,Others,Others.epublibre,UP,200,703,,
2026-08-22T20:38:18.362294+00:00,Others,Others.epublibre,UP,200,691,,
2026-08-22T20:39:19.603414+00:00,Others,Others.epublibre,UP,200,665,,
2026-08-22T20:40:20.844270+00:00,Others,Others.epublibre,UP,200,1012,,
2026-08-22T20:41:21.173669+00:00,Others,Others.epublibre,UP,200,794,,
2026-08-22T20:42:22.992818+00:00,Others,Others.epublibre,UP,200,2521,,
2026-08-22T20:43:21.909324+00:00,Others,Others.epublibre,UP,200,723,,
2026-08-22T20:44:22.300346+00:00,Others,Others.epublibre,UP,200,559,,
2026-08-22T20:45:23.932514+00:00,Others,Others.epublibre,UP,200,782,,
2026-08-22T20:46:25.462261+00:00,Others,Others.epublibre,UP,200,1100,,
2026-08-22T20:47:25.867018+00:00,Others,Others.epublibre,UP,200,953,,
2026-08-22T20:48:26.226859+00:00,Others,Others.epublibre,UP,200,1209,,
2026-08-22T20:49:27.246641+00:00,Others,Others.epublibre,UP,200,1208,,
2026-08-22T20:50:28.360885+00:00,Others,Others.epublibre,UP,200,1163,,
2026-08-22T20:51:28.833218+00:00,Others,Others.epublibre,UP,200,890,,
2026-08-22T20:52:28.986126+00:00,Others,Others.epublibre,UP,200,1133,,
2026-08-22T20:53:29.469918+00:00,Others,Others.epublibre,UP,200,1024,,
2026-08-22T20:54:29.364080+00:00,Others,Others.epublibre,UP,200,1033,,
2026-08-22T20:55:30.330001+00:00,Others,Others.epublibre,UP,200,1155,,
2026-08-22T20:56:31.347352+00:00,Others,Others.epublibre,UP,200,1175,,
2026-08-22T20:57:32.183993+00:00,Others,Others.epublibre,UP,200,980,,
2026-08-22T20:58:33.187764+00:00,Others,Others.epublibre,UP,200,1239,,
2026-08-22T20:59:33.859103+00:00,Others,Others.epublibre,UP,200,1198,,
2026-08-22T21:00:33.996587+00:00,Others,Others.epublibre,UP,200,1135,,
2026-08-22T21:01:34.873253+00:00,Others,Others.epublibre,UP,200,1155,,
2026-08-22T21:02:36.081541+00:00,Others,Others.epublibre,UP,200,1204,,
2026-08-22T21:03:36.627175+00:00,Others,Others.epublibre,UP,200,1087,,
2026-08-22T21:04:37.876033+00:00,Others,Others.epublibre,UP,200,987,,
2026-08-22T21:05:36.739680+00:00,Others,Others.epublibre,UP,200,254,,
2026-08-22T21:06:39.020349+00:00,Others,Others.epublibre,UP,200,1186,,
2026-08-22T21:07:39.246314+00:00,Others,Others.epublibre,UP,200,900,,
2026-08-22T21:08:40.841443+00:00,Others,Others.epublibre,UP,200,1106,,
2026-08-22T21:09:40.256520+00:00,Others,Others.epublibre,UP,200,316,,
2026-08-22T21:10:41.520295+00:00,Others,Others.epublibre,UP,200,1279,,
2026-08-22T21:11:41.193608+00:00,Others,Others.epublibre,UP,200,1117,,
2026-08-22T21:12:41.467779+00:00,Others,Others.epublibre,UP,200,969,,
2026-08-22T21:13:42.081645+00:00,Others,Others.epublibre,UP,200,892,,
2026-08-22T21:14:42.542631+00:00,Others,Others.epublibre,UP,200,805,,
2026-08-22T21:15:44.183567+00:00,Others,Others.epublibre,UP,200,990,,
2026-08-22T21:16:45.021846+00:00,Others,Others.epublibre,UP,200,1179,,
2026-08-22T21:17:45.663860+00:00,Others,Others.epublibre,UP,200,960,,
2026-08-22T21:18:46.217231+00:00,Others,Others.epublibre,UP,200,952,,
2026-08-22T21:19:46.820117+00:00,Others,Others.epublibre,UP,200,839,,
2026-08-22T21:20:46.942968+00:00,Others,Others.epublibre,UP,200,760,,
2026-08-22T21:21:48.042823+00:00,Others,Others.epublibre,UP,200,925,,
2026-08-22T21:22:48.205059+00:00,Others,Others.epublibre,UP,200,219,,
2026-08-22T21:23:49.673907+00:00,Others,Others.epublibre,UP,200,817,,
2026-08-22T21:24:50.911923+00:00,Others,Others.epublibre,UP,200,1112,,
2026-08-22T21:25:51.203571+00:00,Others,Others.epublibre,UP,200,802,,
2026-08-22T21:26:51.906117+00:00,Others,Others.epublibre,UP,200,660,,
2026-08-22T21:27:52.615339+00:00,Others,Others.epublibre,UP,200,576,,
2026-08-22T21:28:53.772691+00:00,Others,Others.epublibre,UP,200,571,,
2026-08-22T21:29:54.399247+00:00,Others,Others.epublibre,UP,200,607,,
2026-08-22T21:30:55.541573+00:00,Others,Others.epublibre,UP,200,611,,
2026-08-22T21:31:56.346796+00:00,Others,Others.epublibre,UP,200,563,,
2026-08-22T21:32:56.892671+00:00,Others,Others.epublibre,UP,200,572,,
2026-08-22T21:33:58.348302+00:00,Others,Others.epublibre,UP,200,546,,
2026-08-22T21:34:58.251086+00:00,Others,Others.epublibre,UP,200,537,,
2026-08-22T21:35:57.839339+00:00,Others,Others.epublibre,UP,200,133,,
2026-08-22T21:36:58.214760+00:00,Others,Others.epublibre,UP,200,555,,
2026-08-22T21:37:59.092294+00:00,Others,Others.epublibre,UP,200,564,,
2026-08-22T21:38:59.995177+00:00,Others,Others.epublibre,UP,200,558,,
2026-08-22T21:40:00.018626+00:00,Others,Others.epublibre,UP,200,614,,
2026-08-22T21:41:00.518080+00:00,Others,Others.epublibre,UP,200,639,,
2026-08-22T21:42:00.739692+00:00,Others,Others.epublibre,UP,200,611,,
2026-08-22T21:43:01.410623+00:00,Others,Others.epublibre,UP,200,586,,
2026-08-22T21:44:02.289730+00:00,Others,Others.epublibre,UP,200,548,,
2026-08-22T21:45:03.690234+00:00,Others,Others.epublibre,UP,200,584,,
2026-08-22T21:46:03.700095+00:00,Others,Others.epublibre,UP,200,603,,
2026-08-22T21:47:03.818819+00:00,Others,Others.epublibre,UP,200,604,,
2026-08-22T21:48:04.942516+00:00,Others,Others.epublibre,UP,200,690,,
2026-08-22T21:49:05.589429+00:00,Others,Others.epublibre,UP,200,567,,
2026-08-22T21:50:06.575706+00:00,Others,Others.epublibre,UP,200,594,,
2026-08-22T21:51:07.451232+00:00,Others,Others.epublibre,UP,200,572,,
2026-08-22T21:52:08.313690+00:00,Others,Others.epublibre,UP,200,143,,
2026-08-22T21:53:08.506878+00:00,Others,Others.epublibre,UP,200,139,,
2026-08-22T21:54:09.723725+00:00,Others,Others.epublibre,UP,200,570,,
2026-08-22T21:55:10.829022+00:00,Others,Others.epublibre,UP,200,559,,
2026-08-22T21:56:11.803932+00:00,Others,Others.epublibre,UP,200,579,,
2026-08-22T21:57:12.560380+00:00,Others,Others.epublibre,UP,200,563,,
2026-08-22T21:58:13.527772+00:00,Others,Others.epublibre,UP,200,138,,
2026-08-22T21:59:14.813822+00:00,Others,Others.epublibre,UP,200,543,,
2026-08-22T22:00:15.580118+00:00,Others,Others.epublibre,UP,200,591,,
2026-08-22T22:01:15.174649+00:00,Others,Others.epublibre,UP,200,139,,
2026-08-22T22:02:15.872611+00:00,Others,Others.epublibre,UP,200,136,,
2026-08-22T22:03:16.751386+00:00,Others,Others.epublibre,UP,200,138,,
2026-08-22T22:04:17.983330+00:00,Others,Others.epublibre,UP,200,566,,
2026-08-22T22:05:18.926398+00:00,Others,Others.epublibre,UP,200,566,,
2026-08-22T22:06:19.848812+00:00,Others,Others.epublibre,UP,200,587,,
2026-08-22T22:07:20.117760+00:00,Others,Others.epublibre,UP,200,546,,
2026-08-22T22:08:20.063661+00:00,Others,Others.epublibre,UP,200,584,,
2026-08-22T22:09:21.042278+00:00,Others,Others.epublibre,UP,200,576,,
2026-08-22T22:10:21.305146+00:00,Others,Others.epublibre,UP,200,147,,
2026-08-22T22:11:22.734946+00:00,Others,Others.epublibre,UP,200,575,,
2026-08-22T22:12:23.432232+00:00,Others,Others.epublibre,UP,200,586,,
2026-08-22T22:13:24.440365+00:00,Others,Others.epublibre,UP,200,563,,
2026-08-22T22:14:24.965583+00:00,Others,Others.epublibre,UP,200,601,,
2026-08-22T22:15:25.662926+00:00,Others,Others.epublibre,UP,200,584,,
2026-08-22T22:16:26.013455+00:00,Others,Others.epublibre,UP,200,565,,
2026-08-22T22:17:27.081014+00:00,Others,Others.epublibre,UP,200,555,,
2026-08-22T22:18:28.238249+00:00,Others,Others.epublibre,UP,200,568,,
2026-08-22T22:19:28.958677+00:00,Others,Others.epublibre,UP,200,591,,
2026-08-22T22:20:29.837828+00:00,Others,Others.epublibre,UP,200,137,,
2026-08-22T22:21:30.949300+00:00,Others,Others.epublibre,UP,200,615,,
2026-08-22T22:22:31.842702+00:00,Others,Others.epublibre,UP,200,568,,
2026-08-22T22:23:32.413652+00:00,Others,Others.epublibre,UP,200,568,,
2026-08-22T22:24:32.518387+00:00,Others,Others.epublibre,UP,200,134,,
2026-08-22T22:25:32.815635+00:00,Others,Others.epublibre,UP,200,581,,
2026-08-22T22:26:33.448230+00:00,Others,Others.epublibre,UP,200,542,,
2026-08-22T22:27:32.949995+00:00,Others,Others.epublibre,UP,200,135,,
2026-08-22T22:28:34.401115+00:00,Others,Others.epublibre,UP,200,544,,
2026-08-22T22:29:35.165625+00:00,Others,Others.epublibre,UP,200,571,,
2026-08-22T22:30:35.685164+00:00,Others,Others.epublibre,UP,200,602,,
2026-08-22T22:31:35.705693+00:00,Others,Others.epublibre,UP,200,597,,
2026-08-22T22:32:36.734522+00:00,Others,Others.epublibre,UP,200,591,,
2026-08-22T22:33:36.778782+00:00,Others,Others.epublibre,UP,200,138,,
2026-08-22T22:34:38.160835+00:00,Others,Others.epublibre,UP,200,604,,
2026-08-22T22:35:37.994033+00:00,Others,Others.epublibre,UP,200,566,,
2026-08-22T22:36:37.759462+00:00,Others,Others.epublibre,UP,200,553,,
2026-08-22T22:37:38.258021+00:00,Others,Others.epublibre,UP,200,576,,
2026-08-22T22:38:38.516991+00:00,Others,Others.epublibre,UP,200,139,,
2026-08-22T22:39:40.796152+00:00,Others,Others.epublibre,UP,200,1572,,
2026-08-22T22:40:40.445236+00:00,Others,Others.epublibre,UP,200,563,,
2026-08-22T22:41:40.527422+00:00,Others,Others.epublibre,UP,200,574,,
2026-08-22T22:42:41.508488+00:00,Others,Others.epublibre,UP,200,601,,
2026-08-22T22:43:42.728313+00:00,Others,Others.epublibre,UP,200,563,,
2026-08-22T22:44:43.539380+00:00,Others,Others.epublibre,UP,200,555,,
2026-08-22T22:45:43.942825+00:00,Others,Others.epublibre,UP,200,556,,
2026-08-22T22:46:45.200808+00:00,Others,Others.epublibre,UP,200,563,,
2026-08-22T22:47:46.206046+00:00,Others,Others.epublibre,UP,200,578,,
2026-08-22T22:48:47.132408+00:00,Others,Others.epublibre,UP,200,585,,
2026-08-22T22:49:48.144340+00:00,Others,Others.epublibre,UP,200,557,,
2026-08-22T22:50:48.935245+00:00,Others,Others.epublibre,UP,200,594,,
2026-08-22T22:51:49.311345+00:00,Others,Others.epublibre,UP,200,143,,
2026-08-22T22:52:49.550058+00:00,Others,Others.epublibre,UP,200,598,,
2026-08-22T22:53:50.673255+00:00,Others,Others.epublibre,UP,200,580,,
2026-08-22T22:54:51.404005+00:00,Others,Others.epublibre,UP,200,578,,
2026-08-22T22:55:51.474948+00:00,Others,Others.epublibre,UP,200,561,,
2026-08-22T22:56:52.401851+00:00,Others,Others.epublibre,UP,200,565,,
2026-08-22T22:57:53.358476+00:00,Others,Others.epublibre,UP,200,575,,
2026-08-22T22:58:54.003579+00:00,Others,Others.epublibre,UP,200,133,,
2026-08-22T22:59:54.694689+00:00,Others,Others.epublibre,UP,200,570,,
2026-08-22T23:00:54.562657+00:00,Others,Others.epublibre,UP,200,568,,
2026-08-22T23:01:54.583833+00:00,Others,Others.epublibre,UP,200,582,,
2026-08-22T23:02:55.557580+00:00,Others,Others.epublibre,UP,200,585,,
2026-08-22T23:03:56.684711+00:00,Others,Others.epublibre,UP,200,576,,
2026-08-22T23:04:56.184113+00:00,Others,Others.epublibre,UP,200,139,,
2026-08-22T23:05:57.534609+00:00,Others,Others.epublibre,UP,200,550,,
2026-08-22T23:06:58.569374+00:00,Others,Others.epublibre,UP,200,552,,
2026-08-22T23:07:58.294755+00:00,Others,Others.epublibre,UP,200,541,,
2026-08-22T23:08:58.961241+00:00,Others,Others.epublibre,UP,200,614,,
2026-08-22T23:09:59.803877+00:00,Others,Others.epublibre,UP,200,600,,
2026-08-22T23:10:59.982758+00:00,Others,Others.epublibre,UP,200,557,,
2026-08-22T23:12:00.125584+00:00,Others,Others.epublibre,UP,200,546,,
2026-08-22T23:12:59.741891+00:00,Others,Others.epublibre,UP,200,133,,
2026-08-22T23:14:01.473532+00:00,Others,Others.epublibre,UP,200,579,,
2026-08-22T23:15:02.383659+00:00,Others,Others.epublibre,UP,200,781,,
2026-08-22T23:16:06.625728+00:00,Others,Others.epublibre,DEGRADED,200,4643,latency_high,
2026-08-22T23:17:01.942533+00:00,Others,Others.epublibre,UP,200,150,,
2026-08-22T23:18:03.550583+00:00,Others,Others.epublibre,UP,200,639,,
2026-08-22T23:19:04.435208+00:00,Others,Others.epublibre,UP,200,601,,
2026-08-22T23:20:05.297302+00:00,Others,Others.epublibre,UP,200,581,,
2026-08-22T23:21:06.198585+00:00,Others,Others.epublibre,UP,200,610,,
2026-08-22T23:22:06.734018+00:00,Others,Others.epublibre,UP,200,153,,
2026-08-22T23:23:06.883212+00:00,Others,Others.epublibre,UP,200,567,,
2026-08-22T23:24:08.094398+00:00,Others,Others.epublibre,UP,200,583,,
2026-08-22T23:25:08.095070+00:00,Others,Others.epublibre,UP,200,560,,
2026-08-22T23:26:08.073945+00:00,Others,Others.epublibre,UP,200,581,,
2026-08-22T23:27:08.108256+00:00,Others,Others.epublibre,UP,200,568,,
2026-08-22T23:28:07.865456+00:00,Others,Others.epublibre,UP,200,542,,
2026-08-22T23:29:08.977221+00:00,Others,Others.epublibre,UP,200,538,,
2026-08-22T23:30:10.205460+00:00,Others,Others.epublibre,UP,200,580,,
2026-08-22T23:31:10.972167+00:00,Others,Others.epublibre,UP,200,694,,
2026-08-22T23:32:10.847054+00:00,Others,Others.epublibre,UP,200,559,,
2026-08-22T23:33:11.459445+00:00,Others,Others.epublibre,UP,200,574,,
2026-08-22T23:34:12.380718+00:00,Others,Others.epublibre,UP,200,563,,
2026-08-22T23:35:12.642775+00:00,Others,Others.epublibre,UP,200,600,,
2026-08-22T23:36:13.633974+00:00,Others,Others.epublibre,UP,200,564,,
2026-08-22T23:37:13.815813+00:00,Others,Others.epublibre,UP,200,589,,
2026-08-22T23:38:15.882238+00:00,Others,Others.epublibre,UP,200,559,,
2026-08-22T23:39:16.495788+00:00,Others,Others.epublibre,UP,200,595,,
2026-08-22T23:40:16.045557+00:00,Others,Others.epublibre,UP,200,135,,
2026-08-22T23:41:17.331808+00:00,Others,Others.epublibre,UP,200,586,,
2026-08-22T23:42:18.251451+00:00,Others,Others.epublibre,UP,200,550,,
2026-08-22T23:43:20.210187+00:00,Others,Others.epublibre,UP,200,1635,,
2026-08-22T23:44:19.103240+00:00,Others,Others.epublibre,UP,200,564,,
2026-08-22T23:45:19.598778+00:00,Others,Others.epublibre,UP,200,625,,
2026-08-22T23:46:19.399994+00:00,Others,Others.epublibre,UP,200,137,,
2026-08-22T23:47:20.576059+00:00,Others,Others.epublibre,UP,200,573,,
2026-08-22T23:48:21.419507+00:00,Others,Others.epublibre,UP,200,577,,
2026-08-22T23:49:22.571010+00:00,Others,Others.epublibre,UP,200,575,,
2026-08-22T23:50:22.991968+00:00,Others,Others.epublibre,UP,200,556,,
2026-08-22T23:51:24.226336+00:00,Others,Others.epublibre,UP,200,587,,
2026-08-22T23:52:25.023309+00:00,Others,Others.epublibre,UP,200,539,,
2026-08-22T23:53:25.701742+00:00,Others,Others.epublibre,UP,200,139,,
2026-08-22T23:54:26.821067+00:00,Others,Others.epublibre,UP,200,544,,
2026-08-22T23:55:27.279751+00:00,Others,Others.epublibre,UP,200,604,,
2026-08-22T23:56:27.418239+00:00,Others,Others.epublibre,UP,200,553,,
2026-08-22T23:57:28.569574+00:00,Others,Others.epublibre,UP,200,646,,
2026-08-22T23:58:28.548909+00:00,Others,Others.epublibre,UP,200,586,,
2026-08-22T23:59:29.564146+00:00,Others,Others.epublibre,UP,200,599,,
2026-08-23T00:00:31.030785+00:00,Others,Others.epublibre,UP,200,918,,
2026-08-23T00:01:30.611582+00:00,Others,Others.epublibre,UP,200,148,,
2026-08-23T00:02:30.704256+00:00,Others,Others.epublibre,UP,200,141,,
2026-08-23T00:03:31.107796+00:00,Others,Others.epublibre,UP,200,550,,
2026-08-23T00:04:32.308039+00:00,Others,Others.epublibre,UP,200,576,,
2026-08-23T00:05:32.197042+00:00,Others,Others.epublibre,UP,200,604,,
2026-08-23T00:06:32.561755+00:00,Others,Others.epublibre,UP,200,645,,
2026-08-23T00:07:32.671576+00:00,Others,Others.epublibre,UP,200,546,,
2026-08-23T00:08:33.682126+00:00,Others,Others.epublibre,UP,200,554,,
2026-08-23T00:09:33.894038+00:00,Others,Others.epublibre,UP,200,587,,
2026-08-23T00:10:34.117206+00:00,Others,Others.epublibre,UP,200,582,,
2026-08-23T00:11:34.343038+00:00,Others,Others.epublibre,UP,200,627,,
2026-08-23T00:12:35.189911+00:00,Others,Others.epublibre,UP,200,560,,
2026-08-23T00:13:35.689537+00:00,Others,Others.epublibre,UP,200,650,,
2026-08-23T00:14:35.482582+00:00,Others,Others.epublibre,UP,200,588,,
2026-08-23T00:15:37.253200+00:00,Others,Others.epublibre,UP,200,577,,
2026-08-23T00:16:37.744665+00:00,Others,Others.epublibre,UP,200,551,,
2026-08-23T00:17:37.655749+00:00,Others,Others.epublibre,UP,200,590,,
2026-08-23T00:18:38.851223+00:00,Others,Others.epublibre,UP,200,573,,
2026-08-23T00:19:39.358782+00:00,Others,Others.epublibre,UP,200,548,,
2026-08-23T00:20:40.478298+00:00,Others,Others.epublibre,UP,200,560,,
2026-08-23T00:21:41.215115+00:00,Others,Others.epublibre,UP,200,708,,
2026-08-23T00:22:42.080946+00:00,Others,Others.epublibre,UP,200,642,,
2026-08-23T00:23:41.868718+00:00,Others,Others.epublibre,UP,200,581,,
2026-08-23T00:24:42.579534+00:00,Others,Others.epublibre,UP,200,595,,
2026-08-23T00:25:44.073933+00:00,Others,Others.epublibre,UP,200,588,,
2026-08-23T00:26:44.792495+00:00,Others,Others.epublibre,UP,200,555,,
2026-08-23T00:27:45.454088+00:00,Others,Others.epublibre,UP,200,559,,
2026-08-23T00:28:46.799152+00:00,Others,Others.epublibre,UP,200,566,,
2026-08-23T00:29:47.082715+00:00,Others,Others.epublibre,UP,200,544,,
2026-08-23T00:30:48.219014+00:00,Others,Others.epublibre,UP,200,542,,
2026-08-23T00:31:49.256130+00:00,Others,Others.epublibre,UP,200,583,,
2026-08-23T00:32:50.181236+00:00,Others,Others.epublibre,UP,200,542,,
2026-08-23T00:33:51.184631+00:00,Others,Others.epublibre,UP,200,579,,
2026-08-23T00:34:51.922300+00:00,Others,Others.epublibre,UP,200,559,,
2026-08-23T00:35:52.792157+00:00,Others,Others.epublibre,UP,200,578,,
2026-08-23T00:36:54.017806+00:00,Others,Others.epublibre,UP,200,570,,
2026-08-23T00:37:54.714579+00:00,Others,Others.epublibre,UP,200,538,,
2026-08-23T00:38:55.841299+00:00,Others,Others.epublibre,UP,200,554,,
2026-08-23T00:39:55.909022+00:00,Others,Others.epublibre,UP,200,575,,
2026-08-23T00:40:56.977366+00:00,Others,Others.epublibre,UP,200,546,,
2026-08-23T00:41:57.517742+00:00,Others,Others.epublibre,UP,200,658,,
2026-08-23T00:42:57.898837+00:00,Others,Others.epublibre,UP,200,544,,
2026-08-23T00:43:57.405706+00:00,Others,Others.epublibre,UP,200,129,,
2026-08-23T00:44:58.536900+00:00,Others,Others.epublibre,UP,200,604,,
2026-08-23T00:45:58.891558+00:00,Others,Others.epublibre,UP,200,555,,
2026-08-23T00:46:59.458737+00:00,Others,Others.epublibre,UP,200,558,,
2026-08-23T00:47:59.954213+00:00,Others,Others.epublibre,UP,200,563,,
2026-08-23T00:49:00.522166+00:00,Others,Others.epublibre,UP,200,728,,
2026-08-23T00:50:00.488375+00:00,Others,Others.epublibre,UP,200,586,,
2026-08-23T00:51:00.146314+00:00,Others,Others.epublibre,UP,200,137,,
2026-08-23T00:52:00.904035+00:00,Others,Others.epublibre,UP,200,138,,
2026-08-23T00:53:00.939136+00:00,Others,Others.epublibre,UP,200,144,,
2026-08-23T00:54:02.634079+00:00,Others,Others.epublibre,UP,200,561,,
2026-08-23T00:55:02.734610+00:00,Others,Others.epublibre,UP,200,570,,
2026-08-23T00:56:03.397574+00:00,Others,Others.epublibre,UP,200,669,,
2026-08-23T00:57:03.676164+00:00,Others,Others.epublibre,UP,200,577,,
2026-08-23T00:58:04.617167+00:00,Others,Others.epublibre,UP,200,582,,
2026-08-23T00:59:04.671366+00:00,Others,Others.epublibre,UP,200,549,,
2026-08-23T01:00:05.222389+00:00,Others,Others.epublibre,UP,200,758,,
2026-08-23T01:01:05.437496+00:00,Others,Others.epublibre,UP,200,138,,
2026-08-23T01:02:06.191192+00:00,Others,Others.epublibre,UP,200,561,,
2026-08-23T01:03:05.928824+00:00,Others,Others.epublibre,UP,200,532,,
2026-08-23T01:04:06.239086+00:00,Others,Others.epublibre,UP,200,539,,
2026-08-23T01:05:08.121506+00:00,Others,Others.epublibre,UP,200,725,,
2026-08-23T01:06:07.221157+00:00,Others,Others.epublibre,UP,200,581,,
2026-08-23T01:07:07.678120+00:00,Others,Others.epublibre,UP,200,659,,
2026-08-23T01:08:12.650987+00:00,Others,Others.epublibre,DEGRADED,200,5177,latency_high,
2026-08-23T01:09:08.970199+00:00,Others,Others.epublibre,UP,200,636,,
2026-08-23T01:10:09.815480+00:00,Others,Others.epublibre,UP,200,671,,
2026-08-23T01:11:10.707885+00:00,Others,Others.epublibre,UP,200,709,,
2026-08-23T01:12:11.433912+00:00,Others,Others.epublibre,UP,200,650,,
2026-08-23T01:13:12.244431+00:00,Others,Others.epublibre,UP,200,620,,
2026-08-23T01:14:12.975331+00:00,Others,Others.epublibre,UP,200,676,,
2026-08-23T01:15:13.851306+00:00,Others,Others.epublibre,UP,200,641,,
2026-08-23T01:16:14.612456+00:00,Others,Others.epublibre,UP,200,644,,
2026-08-23T01:17:15.475781+00:00,Others,Others.epublibre,UP,200,715,,
2026-08-23T01:18:16.054358+00:00,Others,Others.epublibre,UP,200,606,,
2026-08-23T01:19:16.375830+00:00,Others,Others.epublibre,UP,200,150,,
2026-08-23T01:20:17.582226+00:00,Others,Others.epublibre,UP,200,656,,
2026-08-23T01:21:18.522863+00:00,Others,Others.epublibre,UP,200,643,,
2026-08-23T01:22:18.232517+00:00,Others,Others.epublibre,UP,200,561,,
2026-08-23T01:23:18.947023+00:00,Others,Others.epublibre,UP,200,586,,
2026-08-23T01:24:19.495252+00:00,Others,Others.epublibre,UP,200,558,,
2026-08-23T01:25:19.541762+00:00,Others,Others.epublibre,UP,200,134,,
2026-08-23T01:26:21.263512+00:00,Others,Others.epublibre,UP,200,603,,
2026-08-23T01:27:21.822363+00:00,Others,Others.epublibre,UP,200,627,,
2026-08-23T01:28:22.125426+00:00,Others,Others.epublibre,UP,200,600,,
2026-08-23T01:29:22.734996+00:00,Others,Others.epublibre,UP,200,597,,
2026-08-23T01:30:23.321315+00:00,Others,Others.epublibre,UP,200,577,,
2026-08-23T01:31:23.905387+00:00,Others,Others.epublibre,UP,200,553,,
2026-08-23T01:32:24.516681+00:00,Others,Others.epublibre,UP,200,636,,
2026-08-23T01:33:25.507129+00:00,Others,Others.epublibre,UP,200,624,,
2026-08-23T01:34:26.422731+00:00,Others,Others.epublibre,UP,200,560,,
2026-08-23T01:35:26.645323+00:00,Others,Others.epublibre,UP,200,545,,
2026-08-23T01:36:26.965037+00:00,Others,Others.epublibre,UP,200,136,,
2026-08-23T01:37:27.398527+00:00,Others,Others.epublibre,UP,200,140,,
2026-08-23T01:38:27.773022+00:00,Others,Others.epublibre,UP,200,139,,
2026-08-23T01:39:28.497769+00:00,Others,Others.epublibre,UP,200,553,,
2026-08-23T01:40:29.544104+00:00,Others,Others.epublibre,UP,200,597,,
2026-08-23T01:41:30.508796+00:00,Others,Others.epublibre,UP,200,692,,
2026-08-23T01:42:30.824802+00:00,Others,Others.epublibre,UP,200,567,,
2026-08-23T01:43:32.065346+00:00,Others,Others.epublibre,UP,200,653,,
2026-08-23T01:44:32.771478+00:00,Others,Others.epublibre,UP,200,677,,
2026-08-23T01:45:32.627098+00:00,Others,Others.epublibre,UP,200,575,,
2026-08-23T01:46:33.503873+00:00,Others,Others.epublibre,UP,200,553,,
2026-08-23T01:47:34.134709+00:00,Others,Others.epublibre,UP,200,552,,
2026-08-23T01:48:34.677456+00:00,Others,Others.epublibre,UP,200,562,,
2026-08-23T01:49:36.515144+00:00,Others,Others.epublibre,UP,200,570,,
2026-08-23T01:50:35.872456+00:00,Others,Others.epublibre,UP,200,555,,
2026-08-23T01:51:36.730388+00:00,Others,Others.epublibre,UP,200,559,,
2026-08-23T01:52:37.628399+00:00,Others,Others.epublibre,UP,200,612,,
2026-08-23T01:53:38.125000+00:00,Others,Others.epublibre,UP,200,629,,
2026-08-23T01:54:38.617206+00:00,Others,Others.epublibre,UP,200,564,,
2026-08-23T01:55:39.457700+00:00,Others,Others.epublibre,UP,200,597,,
2026-08-23T01:56:40.150699+00:00,Others,Others.epublibre,UP,200,596,,
2026-08-23T01:57:40.686099+00:00,Others,Others.epublibre,UP,200,573,,
2026-08-23T01:58:40.926742+00:00,Others,Others.epublibre,UP,200,142,,
2026-08-23T01:59:41.250732+00:00,Others,Others.epublibre,UP,200,139,,
2026-08-23T02:00:42.683082+00:00,Others,Others.epublibre,UP,200,589,,
2026-08-23T02:02:02.845029+00:00,Others,Others.epublibre,TIMEOUT,,,timeout,
2026-08-23T02:02:43.946291+00:00,Others,Others.epublibre,UP,200,564,,
2026-08-23T02:03:44.485171+00:00,Others,Others.epublibre,UP,200,746,,
2026-08-23T02:04:45.289368+00:00,Others,Others.epublibre,UP,200,622,,
2026-08-23T02:05:45.482009+00:00,Others,Others.epublibre,UP,200,147,,
2026-08-23T02:06:46.893334+00:00,Others,Others.epublibre,UP,200,618,,
2026-08-23T02:07:47.220841+00:00,Others,Others.epublibre,UP,200,700,,
2026-08-23T02:08:48.099455+00:00,Others,Others.epublibre,UP,200,704,,
2026-08-23T02:09:48.095371+00:00,Others,Others.epublibre,UP,200,582,,
2026-08-23T02:10:48.201789+00:00,Others,Others.epublibre,UP,200,135,,
2026-08-23T02:11:49.343568+00:00,Others,Others.epublibre,UP,200,561,,
2026-08-23T02:12:49.895614+00:00,Others,Others.epublibre,UP,200,709,,
2026-08-23T02:13:51.031028+00:00,Others,Others.epublibre,UP,200,575,,
2026-08-23T02:14:51.342150+00:00,Others,Others.epublibre,UP,200,717,,
2026-08-23T02:15:51.874673+00:00,Others,Others.epublibre,UP,200,565,,
2026-08-23T02:16:52.548881+00:00,Others,Others.epublibre,UP,200,563,,
2026-08-23T02:17:53.015734+00:00,Others,Others.epublibre,UP,200,582,,
2026-08-23T02:18:53.250645+00:00,Others,Others.epublibre,UP,200,147,,
2026-08-23T02:19:54.373073+00:00,Others,Others.epublibre,UP,200,538,,
2026-08-23T02:20:55.254447+00:00,Others,Others.epublibre,UP,200,543,,
2026-08-23T02:21:55.319231+00:00,Others,Others.epublibre,UP,200,144,,
2026-08-23T02:22:56.717882+00:00,Others,Others.epublibre,UP,200,606,,
2026-08-23T02:23:57.207031+00:00,Others,Others.epublibre,UP,200,572,,
2026-08-23T02:24:57.671840+00:00,Others,Others.epublibre,UP,200,584,,
2026-08-23T02:25:58.028144+00:00,Others,Others.epublibre,UP,200,585,,
2026-08-23T02:26:58.600366+00:00,Others,Others.epublibre,UP,200,139,,
2026-08-23T02:27:59.843135+00:00,Others,Others.epublibre,UP,200,708,,
2026-08-23T02:29:00.305092+00:00,Others,Others.epublibre,UP,200,563,,
2026-08-23T02:30:01.410936+00:00,Others,Others.epublibre,UP,200,585,,
2026-08-23T02:31:01.520808+00:00,Others,Others.epublibre,UP,200,600,,
2026-08-23T02:32:02.663782+00:00,Others,Others.epublibre,UP,200,603,,
2026-08-23T02:33:02.671817+00:00,Others,Others.epublibre,UP,200,594,,
2026-08-23T02:34:03.446069+00:00,Others,Others.epublibre,UP,200,605,,
2026-08-23T02:35:04.024283+00:00,Others,Others.epublibre,UP,200,672,,
2026-08-23T02:36:04.850518+00:00,Others,Others.epublibre,UP,200,669,,
2026-08-23T02:37:05.772293+00:00,Others,Others.epublibre,UP,200,666,,
2026-08-23T02:38:06.690373+00:00,Others,Others.epublibre,UP,200,610,,
2026-08-23T02:39:07.416190+00:00,Others,Others.epublibre,UP,200,651,,
2026-08-23T02:40:08.067830+00:00,Others,Others.epublibre,UP,200,654,,
2026-08-23T02:41:08.979246+00:00,Others,Others.epublibre,UP,200,620,,
2026-08-23T02:42:09.540732+00:00,Others,Others.epublibre,UP,200,566,,
2026-08-23T02:43:10.337035+00:00,Others,Others.epublibre,UP,200,610,,
2026-08-23T02:44:10.997215+00:00,Others,Others.epublibre,UP,200,723,,
2026-08-23T02:45:11.841239+00:00,Others,Others.epublibre,UP,200,629,,
2026-08-23T02:46:21.631894+00:00,Others,Others.epublibre,DEGRADED,200,9757,latency_high,
2026-08-23T02:47:13.677648+00:00,Others,Others.epublibre,UP,200,773,,
2026-08-23T02:48:14.545569+00:00,Others,Others.epublibre,UP,200,703,,
2026-08-23T02:49:15.233860+00:00,Others,Others.epublibre,UP,200,621,,
2026-08-23T02:50:15.715229+00:00,Others,Others.epublibre,UP,200,146,,
2026-08-23T02:51:17.186062+00:00,Others,Others.epublibre,UP,200,678,,
2026-08-23T02:52:18.228491+00:00,Others,Others.epublibre,UP,200,703,,
2026-08-23T02:53:17.909013+00:00,Others,Others.epublibre,UP,200,543,,
2026-08-23T02:54:18.173289+00:00,Others,Others.epublibre,UP,200,564,,
2026-08-23T02:55:18.390333+00:00,Others,Others.epublibre,UP,200,131,,
2026-08-23T02:56:19.835753+00:00,Others,Others.epublibre,UP,200,581,,
2026-08-23T02:57:20.608923+00:00,Others,Others.epublibre,UP,200,586,,
2026-08-23T02:58:20.793189+00:00,Others,Others.epublibre,UP,200,564,,
2026-08-23T02:59:21.180219+00:00,Others,Others.epublibre,UP,200,139,,
2026-08-23T03:00:22.286462+00:00,Others,Others.epublibre,UP,200,609,,
2026-08-23T03:01:23.064438+00:00,Others,Others.epublibre,UP,200,712,,
2026-08-23T03:02:24.622591+00:00,Others,Others.epublibre,UP,200,1846,,
2026-08-23T03:03:24.640336+00:00,Others,Others.epublibre,UP,200,606,,
2026-08-23T03:04:25.455319+00:00,Others,Others.epublibre,UP,200,663,,
2026-08-23T03:05:25.731079+00:00,Others,Others.epublibre,UP,200,583,,
2026-08-23T03:06:26.702800+00:00,Others,Others.epublibre,UP,200,579,,
2026-08-23T03:07:26.672834+00:00,Others,Others.epublibre,UP,200,137,,
2026-08-23T03:08:27.769892+00:00,Others,Others.epublibre,UP,200,587,,
2026-08-23T03:09:28.702929+00:00,Others,Others.epublibre,UP,200,550,,
2026-08-23T03:10:28.581862+00:00,Others,Others.epublibre,UP,200,135,,
2026-08-23T03:11:29.978109+00:00,Others,Others.epublibre,UP,200,837,,
2026-08-23T03:12:30.510155+00:00,Others,Others.epublibre,UP,200,609,,
2026-08-23T03:13:30.996537+00:00,Others,Others.epublibre,UP,200,552,,
2026-08-23T03:14:31.722357+00:00,Others,Others.epublibre,UP,200,582,,
2026-08-23T03:14:40.482579+00:00,Others,Others.epublibre,UP,200,709,,
2026-08-23T03:15:40.374734+00:00,Others,Others.epublibre,UP,200,579,,
2026-08-23T03:16:40.217701+00:00,Others,Others.epublibre,UP,200,562,,
2026-08-23T03:17:41.344665+00:00,Others,Others.epublibre,UP,200,640,,
2026-08-23T03:18:41.989249+00:00,Others,Others.epublibre,UP,200,677,,
2026-08-23T03:19:42.855003+00:00,Others,Others.epublibre,UP,200,755,,
2026-08-23T03:20:07.064303+00:00,Others,Others.epublibre,UP,200,960,,
2026-08-23T03:21:07.013289+00:00,Others,Others.epublibre,UP,200,572,,
2026-08-23T03:22:07.428889+00:00,Others,Others.epublibre,UP,200,571,,
2026-08-23T03:23:08.169403+00:00,Others,Others.epublibre,UP,200,572,,
2026-08-23T03:24:09.190859+00:00,Others,Others.epublibre,UP,200,540,,
2026-08-23T03:25:09.586735+00:00,Others,Others.epublibre,UP,200,543,,
2026-08-23T03:26:10.391855+00:00,Others,Others.epublibre,UP,200,546,,
2026-08-23T03:27:11.019444+00:00,Others,Others.epublibre,UP,200,570,,
2026-08-23T03:28:11.707767+00:00,Others,Others.epublibre,UP,200,598,,
2026-08-23T03:29:12.849722+00:00,Others,Others.epublibre,UP,200,549,,
2026-08-23T03:30:13.216340+00:00,Others,Others.epublibre,UP,200,587,,
2026-08-23T03:31:13.653633+00:00,Others,Others.epublibre,UP,200,574,,
2026-08-23T03:32:14.635529+00:00,Others,Others.epublibre,UP,200,615,,
2026-08-23T03:33:15.548621+00:00,Others,Others.epublibre,UP,200,744,,
2026-08-23T03:34:16.007252+00:00,Others,Others.epublibre,UP,200,581,,
2026-08-23T03:35:16.698198+00:00,Others,Others.epublibre,UP,200,563,,
2026-08-23T03:36:17.315878+00:00,Others,Others.epublibre,UP,200,544,,
2026-08-23T03:37:17.914840+00:00,Others,Others.epublibre,UP,200,579,,
2026-08-23T03:38:18.582815+00:00,Others,Others.epublibre,UP,200,558,,
2026-08-23T03:39:19.221722+00:00,Others,Others.epublibre,UP,200,537,,
2026-08-23T03:40:19.373278+00:00,Others,Others.epublibre,UP,200,133,,
2026-08-23T03:41:20.481728+00:00,Others,Others.epublibre,UP,200,540,,
2026-08-23T03:42:21.152489+00:00,Others,Others.epublibre,UP,200,569,,
2026-08-23T03:43:21.561438+00:00,Others,Others.epublibre,UP,200,537,,
2026-08-23T03:44:22.403131+00:00,Others,Others.epublibre,UP,200,601,,
2026-08-23T03:45:23.431689+00:00,Others,Others.epublibre,UP,200,709,,
2026-08-23T03:46:23.603960+00:00,Others,Others.epublibre,UP,200,564,,
2026-08-23T03:47:24.353469+00:00,Others,Others.epublibre,UP,200,557,,
2026-08-23T03:48:25.142240+00:00,Others,Others.epublibre,UP,200,548,,
2026-08-23T03:49:25.633968+00:00,Others,Others.epublibre,UP,200,588,,
2026-08-23T03:50:26.403853+00:00,Others,Others.epublibre,UP,200,559,,
2026-08-23T03:51:27.144625+00:00,Others,Others.epublibre,UP,200,570,,
2026-08-23T03:52:27.482183+00:00,Others,Others.epublibre,UP,200,556,,
2026-08-23T03:53:28.389956+00:00,Others,Others.epublibre,UP,200,573,,
2026-08-23T03:54:28.914481+00:00,Others,Others.epublibre,UP,200,564,,
2026-08-23T03:55:29.480871+00:00,Others,Others.epublibre,UP,200,567,,
2026-08-23T03:56:30.471118+00:00,Others,Others.epublibre,UP,200,567,,
2026-08-23T03:57:30.828044+00:00,Others,Others.epublibre,UP,200,582,,
2026-08-23T03:58:31.788425+00:00,Others,Others.epublibre,UP,200,570,,
2026-08-23T03:59:32.060897+00:00,Others,Others.epublibre,UP,200,548,,
2026-08-23T04:00:33.461886+00:00,Others,Others.epublibre,UP,200,611,,
2026-08-23T04:01:33.570845+00:00,Others,Others.epublibre,UP,200,139,,
2026-08-23T04:02:34.916684+00:00,Others,Others.epublibre,UP,200,571,,
2026-08-23T04:03:35.956226+00:00,Others,Others.epublibre,UP,200,609,,
2026-08-23T04:04:36.615311+00:00,Others,Others.epublibre,UP,200,591,,
2026-08-23T04:05:37.710741+00:00,Others,Others.epublibre,UP,200,552,,
2026-08-23T04:06:37.947117+00:00,Others,Others.epublibre,UP,200,573,,
2026-08-23T04:07:38.768789+00:00,Others,Others.epublibre,UP,200,568,,
2026-08-23T04:08:39.186253+00:00,Others,Others.epublibre,UP,200,540,,
2026-08-23T04:09:40.227677+00:00,Others,Others.epublibre,UP,200,722,,
2026-08-23T04:10:40.355389+00:00,Others,Others.epublibre,UP,200,576,,
2026-08-23T04:11:40.889062+00:00,Others,Others.epublibre,UP,200,139,,
2026-08-23T04:12:41.920714+00:00,Others,Others.epublibre,UP,200,541,,
2026-08-23T04:13:42.457528+00:00,Others,Others.epublibre,UP,200,597,,
2026-08-23T04:14:42.887495+00:00,Others,Others.epublibre,UP,200,280,,
2026-08-23T04:15:43.877681+00:00,Others,Others.epublibre,UP,200,568,,
2026-08-23T04:16:44.883375+00:00,Others,Others.epublibre,UP,200,541,,
2026-08-23T04:17:45.566632+00:00,Others,Others.epublibre,UP,200,584,,
2026-08-23T04:18:45.903945+00:00,Others,Others.epublibre,UP,200,566,,
2026-08-23T04:19:46.690077+00:00,Others,Others.epublibre,UP,200,605,,
2026-08-23T04:20:47.593794+00:00,Others,Others.epublibre,UP,200,597,,
2026-08-23T04:21:47.650403+00:00,Others,Others.epublibre,UP,200,140,,
2026-08-23T04:22:48.632776+00:00,Others,Others.epublibre,UP,200,540,,
2026-08-23T04:24:02.048075+00:00,Others,Others.epublibre,DEGRADED,200,13127,latency_high,
2026-08-23T04:24:49.633757+00:00,Others,Others.epublibre,UP,200,576,,
2026-08-23T04:25:50.450930+00:00,Others,Others.epublibre,UP,200,612,,
2026-08-23T04:26:51.308608+00:00,Others,Others.epublibre,UP,200,548,,
2026-08-23T04:27:51.676819+00:00,Others,Others.epublibre,UP,200,540,,
2026-08-23T04:28:51.925376+00:00,Others,Others.epublibre,UP,200,136,,
2026-08-23T04:29:52.754801+00:00,Others,Others.epublibre,UP,200,138,,
2026-08-23T04:30:54.029141+00:00,Others,Others.epublibre,UP,200,556,,
2026-08-23T04:31:59.311223+00:00,Others,Others.epublibre,DEGRADED,200,5298,latency_high,
2026-08-23T04:32:55.273613+00:00,Others,Others.epublibre,UP,200,577,,
2026-08-23T04:33:55.876929+00:00,Others,Others.epublibre,UP,200,592,,
2026-08-23T04:34:56.639293+00:00,Others,Others.epublibre,UP,200,577,,
2026-08-23T04:35:57.072168+00:00,Others,Others.epublibre,UP,200,571,,
2026-08-23T04:36:58.172998+00:00,Others,Others.epublibre,UP,200,568,,
2026-08-23T04:37:58.793537+00:00,Others,Others.epublibre,UP,200,590,,
2026-08-23T04:38:59.362563+00:00,Others,Others.epublibre,UP,200,589,,
2026-08-23T04:40:00.227882+00:00,Others,Others.epublibre,UP,200,569,,
2026-08-23T04:41:00.642229+00:00,Others,Others.epublibre,UP,200,559,,
2026-08-23T04:42:01.729367+00:00,Others,Others.epublibre,UP,200,601,,
2026-08-23T04:43:02.118814+00:00,Others,Others.epublibre,UP,200,554,,
2026-08-23T04:44:03.192372+00:00,Others,Others.epublibre,UP,200,607,,
2026-08-23T04:45:04.033853+00:00,Others,Others.epublibre,UP,200,608,,
2026-08-23T04:46:04.355342+00:00,Others,Others.epublibre,UP,200,589,,
2026-08-23T04:47:05.044132+00:00,Others,Others.epublibre,UP,200,587,,
2026-08-23T04:48:05.750382+00:00,Others,Others.epublibre,UP,200,658,,
2026-08-23T04:49:06.472404+00:00,Others,Others.epublibre,UP,200,554,,
2026-08-23T04:50:07.694847+00:00,Others,Others.epublibre,UP,200,588,,
2026-08-23T04:51:07.542993+00:00,Others,Others.epublibre,UP,200,136,,
2026-08-23T04:52:08.323696+00:00,Others,Others.epublibre,UP,200,575,,
2026-08-23T04:53:09.132435+00:00,Others,Others.epublibre,UP,200,567,,
2026-08-23T04:54:10.000695+00:00,Others,Others.epublibre,UP,200,559,,
2026-08-23T04:55:16.007928+00:00,Others,Others.epublibre,DEGRADED,200,5730,latency_high,
2026-08-23T04:56:11.318143+00:00,Others,Others.epublibre,UP,200,588,,
2026-08-23T04:57:11.492311+00:00,Others,Others.epublibre,UP,200,139,,
2026-08-23T04:58:12.976552+00:00,Others,Others.epublibre,UP,200,596,,
2026-08-23T04:59:13.365177+00:00,Others,Others.epublibre,UP,200,555,,
2026-08-23T05:00:14.172913+00:00,Others,Others.epublibre,UP,200,662,,
2026-08-23T05:01:15.143210+00:00,Others,Others.epublibre,UP,200,561,,
2026-08-23T05:02:15.408190+00:00,Others,Others.epublibre,UP,200,557,,
2026-08-23T05:03:16.170060+00:00,Others,Others.epublibre,UP,200,145,,
2026-08-23T05:04:16.831761+00:00,Others,Others.epublibre,UP,200,566,,
2026-08-23T05:05:17.443566+00:00,Others,Others.epublibre,UP,200,587,,
2026-08-23T05:06:18.105195+00:00,Others,Others.epublibre,UP,200,580,,
2026-08-23T05:07:19.180188+00:00,Others,Others.epublibre,UP,200,569,,
2026-08-23T05:08:19.489343+00:00,Others,Others.epublibre,UP,200,551,,
2026-08-23T05:09:19.871697+00:00,Others,Others.epublibre,UP,200,559,,
2026-08-23T05:10:20.682921+00:00,Others,Others.epublibre,UP,200,636,,
2026-08-23T05:11:21.421745+00:00,Others,Others.epublibre,UP,200,578,,
2026-08-23T05:12:22.124730+00:00,Others,Others.epublibre,UP,200,583,,
2026-08-23T05:13:22.617694+00:00,Others,Others.epublibre,UP,200,544,,
2026-08-23T05:14:23.397549+00:00,Others,Others.epublibre,UP,200,581,,
2026-08-23T05:15:24.023429+00:00,Others,Others.epublibre,UP,200,582,,
2026-08-23T05:16:24.570109+00:00,Others,Others.epublibre,UP,200,616,,
2026-08-23T05:17:25.337502+00:00,Others,Others.epublibre,UP,200,568,,
2026-08-23T05:18:25.981716+00:00,Others,Others.epublibre,UP,200,540,,
2026-08-23T05:19:30.859167+00:00,Others,Others.epublibre,DEGRADED,200,4786,latency_high,
2026-08-23T05:20:27.425761+00:00,Others,Others.epublibre,UP,200,604,,
2026-08-23T05:21:28.017274+00:00,Others,Others.epublibre,UP,200,553,,
2026-08-23T05:22:29.218819+00:00,Others,Others.epublibre,UP,200,549,,
2026-08-23T05:23:29.381622+00:00,Others,Others.epublibre,UP,200,545,,
2026-08-23T05:24:29.515965+00:00,Others,Others.epublibre,UP,200,131,,
2026-08-23T05:25:30.989896+00:00,Others,Others.epublibre,UP,200,562,,
2026-08-23T05:26:31.699291+00:00,Others,Others.epublibre,UP,200,577,,
2026-08-23T05:27:32.077928+00:00,Others,Others.epublibre,UP,200,597,,
2026-08-23T05:28:32.968467+00:00,Others,Others.epublibre,UP,200,695,,
2026-08-23T05:29:33.756051+00:00,Others,Others.epublibre,UP,200,588,,
2026-08-23T05:30:34.591868+00:00,Others,Others.epublibre,UP,200,588,,
2026-08-23T05:31:35.156915+00:00,Others,Others.epublibre,UP,200,580,,
2026-08-23T05:32:35.742376+00:00,Others,Others.epublibre,UP,200,565,,
2026-08-23T05:33:36.634783+00:00,Others,Others.epublibre,UP,200,590,,
2026-08-23T05:34:36.835516+00:00,Others,Others.epublibre,UP,200,571,,
2026-08-23T05:35:37.627389+00:00,Others,Others.epublibre,UP,200,138,,
2026-08-23T05:36:38.513496+00:00,Others,Others.epublibre,UP,200,578,,
2026-08-23T05:37:38.922992+00:00,Others,Others.epublibre,UP,200,581,,
2026-08-23T05:38:40.015866+00:00,Others,Others.epublibre,UP,200,662,,
2026-08-23T05:39:39.806968+00:00,Others,Others.epublibre,UP,200,590,,
2026-08-23T05:40:40.055733+00:00,Others,Others.epublibre,UP,200,142,,
2026-08-23T05:41:41.407295+00:00,Others,Others.epublibre,UP,200,548,,
2026-08-23T05:42:41.807261+00:00,Others,Others.epublibre,UP,200,572,,
2026-08-23T05:43:42.791713+00:00,Others,Others.epublibre,UP,200,685,,
2026-08-23T05:44:43.332039+00:00,Others,Others.epublibre,UP,200,577,,
2026-08-23T05:45:43.836246+00:00,Others,Others.epublibre,UP,200,569,,
2026-08-23T05:46:44.229460+00:00,Others,Others.epublibre,UP,200,139,,
2026-08-23T05:47:45.467922+00:00,Others,Others.epublibre,UP,200,603,,
2026-08-23T05:48:45.778863+00:00,Others,Others.epublibre,UP,200,590,,
2026-08-23T05:49:46.317433+00:00,Others,Others.epublibre,UP,200,770,,
2026-08-23T05:50:46.981269+00:00,Others,Others.epublibre,UP,200,599,,
2026-08-23T05:51:47.452862+00:00,Others,Others.epublibre,UP,200,575,,
2026-08-23T05:52:48.258013+00:00,Others,Others.epublibre,UP,200,620,,
2026-08-23T05:53:49.054289+00:00,Others,Others.epublibre,UP,200,600,,
2026-08-23T05:54:50.002106+00:00,Others,Others.epublibre,UP,200,675,,
2026-08-23T05:55:50.662751+00:00,Others,Others.epublibre,UP,200,581,,
2026-08-23T05:56:50.944366+00:00,Others,Others.epublibre,UP,200,144,,
2026-08-23T05:57:51.589859+00:00,Others,Others.epublibre,UP,200,271,,
2026-08-23T05:58:52.813262+00:00,Others,Others.epublibre,UP,200,738,,
2026-08-23T05:59:55.195175+00:00,Others,Others.epublibre,UP,200,2054,,
2026-08-23T06:00:58.348136+00:00,Others,Others.epublibre,DEGRADED,200,5067,latency_high,
2026-08-23T06:01:54.302033+00:00,Others,Others.epublibre,UP,200,557,,
2026-08-23T06:02:55.420319+00:00,Others,Others.epublibre,UP,200,594,,
2026-08-23T06:04:05.553091+00:00,Others,Others.epublibre,DEGRADED,200,10224,latency_high,
2026-08-23T06:04:56.950627+00:00,Others,Others.epublibre,UP,200,699,,
2026-08-23T06:05:57.079674+00:00,Others,Others.epublibre,UP,200,528,,
2026-08-23T06:06:58.166607+00:00,Others,Others.epublibre,UP,200,533,,
2026-08-23T06:07:58.874537+00:00,Others,Others.epublibre,UP,200,558,,
2026-08-23T06:08:59.571369+00:00,Others,Others.epublibre,UP,200,665,,
2026-08-23T06:09:59.607769+00:00,Others,Others.epublibre,UP,200,136,,
2026-08-23T06:11:03.632865+00:00,Others,Others.epublibre,DEGRADED,200,3302,latency_high,
2026-08-23T06:12:01.691700+00:00,Others,Others.epublibre,UP,200,698,,
2026-08-23T06:13:02.118521+00:00,Others,Others.epublibre,UP,200,147,,
2026-08-23T06:14:03.326012+00:00,Others,Others.epublibre,UP,200,578,,
2026-08-23T06:15:04.371929+00:00,Others,Others.epublibre,UP,200,619,,
2026-08-23T06:16:04.504582+00:00,Others,Others.epublibre,UP,200,549,,
2026-08-23T06:17:04.783867+00:00,Others,Others.epublibre,UP,200,133,,
2026-08-23T06:18:05.456008+00:00,Others,Others.epublibre,UP,200,133,,
2026-08-23T06:19:07.000440+00:00,Others,Others.epublibre,UP,200,599,,
2026-08-23T06:20:07.914464+00:00,Others,Others.epublibre,UP,200,577,,
2026-08-23T06:21:08.383693+00:00,Others,Others.epublibre,UP,200,594,,
2026-08-23T06:22:08.820786+00:00,Others,Others.epublibre,UP,200,140,,
2026-08-23T06:23:10.141802+00:00,Others,Others.epublibre,UP,200,581,,
2026-08-23T06:24:10.935208+00:00,Others,Others.epublibre,UP,200,809,,
2026-08-23T06:25:11.750159+00:00,Others,Others.epublibre,UP,200,712,,
2026-08-23T06:26:12.552890+00:00,Others,Others.epublibre,UP,200,563,,
2026-08-23T06:27:12.828791+00:00,Others,Others.epublibre,UP,200,581,,
2026-08-23T06:28:13.749064+00:00,Others,Others.epublibre,UP,200,589,,
2026-08-23T06:29:14.570052+00:00,Others,Others.epublibre,UP,200,579,,
2026-08-23T06:30:15.705581+00:00,Others,Others.epublibre,UP,200,584,,
2026-08-23T06:31:16.397368+00:00,Others,Others.epublibre,UP,200,572,,
2026-08-23T06:32:17.068006+00:00,Others,Others.epublibre,UP,200,630,,
2026-08-23T06:33:17.578485+00:00,Others,Others.epublibre,UP,200,616,,
2026-08-23T06:34:18.312634+00:00,Others,Others.epublibre,UP,200,658,,
2026-08-23T06:35:19.457521+00:00,Others,Others.epublibre,UP,200,712,,
2026-08-23T06:36:19.270059+00:00,Others,Others.epublibre,UP,200,567,,
2026-08-23T06:37:20.207631+00:00,Others,Others.epublibre,UP,200,624,,
2026-08-23T06:38:20.733185+00:00,Others,Others.epublibre,UP,200,661,,
2026-08-23T06:39:21.905278+00:00,Others,Others.epublibre,UP,200,790,,
2026-08-23T06:40:21.828578+00:00,Others,Others.epublibre,UP,200,589,,
2026-08-23T06:41:22.585936+00:00,Others,Others.epublibre,UP,200,579,,
2026-08-23T06:42:23.264098+00:00,Others,Others.epublibre,UP,200,582,,
2026-08-23T06:43:24.071725+00:00,Others,Others.epublibre,UP,200,577,,
2026-08-23T06:44:24.959494+00:00,Others,Others.epublibre,UP,200,591,,
2026-08-23T06:45:25.964794+00:00,Others,Others.epublibre,UP,200,615,,
2026-08-23T06:46:26.994116+00:00,Others,Others.epublibre,UP,200,709,,
2026-08-23T06:47:27.720572+00:00,Others,Others.epublibre,UP,200,597,,
2026-08-23T06:48:27.993641+00:00,Others,Others.epublibre,UP,200,144,,
2026-08-23T06:49:28.777224+00:00,Others,Others.epublibre,UP,200,283,,
2026-08-23T06:50:29.853400+00:00,Others,Others.epublibre,UP,200,616,,
2026-08-23T06:51:30.783705+00:00,Others,Others.epublibre,UP,200,607,,
2026-08-23T06:52:31.629255+00:00,Others,Others.epublibre,UP,200,569,,
2026-08-23T06:53:32.392038+00:00,Others,Others.epublibre,UP,200,586,,
2026-08-23T06:54:32.372755+00:00,Others,Others.epublibre,UP,200,589,,
2026-08-23T06:55:33.126564+00:00,Others,Others.epublibre,UP,200,567,,
2026-08-23T06:56:34.187824+00:00,Others,Others.epublibre,UP,200,674,,
2026-08-23T06:57:34.886483+00:00,Others,Others.epublibre,UP,200,615,,
2026-08-23T06:58:35.198061+00:00,Others,Others.epublibre,UP,200,140,,
2026-08-23T06:59:36.413021+00:00,Others,Others.epublibre,UP,200,600,,
2026-08-23T07:00:37.290101+00:00,Others,Others.epublibre,UP,200,574,,
2026-08-23T07:01:37.714765+00:00,Others,Others.epublibre,UP,200,142,,
2026-08-23T07:02:38.905077+00:00,Others,Others.epublibre,UP,200,598,,
2026-08-23T07:03:38.950100+00:00,Others,Others.epublibre,UP,200,610,,
2026-08-23T07:04:39.371204+00:00,Others,Others.epublibre,UP,200,144,,
2026-08-23T07:05:41.061016+00:00,Others,Others.epublibre,UP,200,704,,
2026-08-23T07:06:41.739567+00:00,Others,Others.epublibre,UP,200,615,,
2026-08-23T07:07:42.624410+00:00,Others,Others.epublibre,UP,200,618,,
2026-08-23T07:08:43.391352+00:00,Others,Others.epublibre,UP,200,690,,
2026-08-23T07:09:43.267298+00:00,Others,Others.epublibre,UP,200,586,,
2026-08-23T07:10:43.792986+00:00,Others,Others.epublibre,UP,200,569,,
2026-08-23T07:11:45.239974+00:00,Others,Others.epublibre,UP,200,786,,
2026-08-23T07:12:45.463361+00:00,Others,Others.epublibre,UP,200,582,,
2026-08-23T07:13:46.211545+00:00,Others,Others.epublibre,UP,200,138,,
2026-08-23T07:14:47.756615+00:00,Others,Others.epublibre,UP,200,587,,
2026-08-23T07:15:48.458920+00:00,Others,Others.epublibre,UP,200,579,,
2026-08-23T07:16:49.433392+00:00,Others,Others.epublibre,UP,200,545,,
2026-08-23T07:17:50.055752+00:00,Others,Others.epublibre,UP,200,584,,
2026-08-23T07:18:50.231870+00:00,Others,Others.epublibre,UP,200,131,,
2026-08-23T07:19:51.636828+00:00,Others,Others.epublibre,UP,200,599,,
2026-08-23T07:20:52.226893+00:00,Others,Others.epublibre,UP,200,590,,
2026-08-23T07:21:52.852082+00:00,Others,Others.epublibre,UP,200,546,,
2026-08-23T07:22:53.082967+00:00,Others,Others.epublibre,UP,200,264,,
2026-08-23T07:23:54.146964+00:00,Others,Others.epublibre,UP,200,577,,
2026-08-23T07:24:55.275969+00:00,Others,Others.epublibre,UP,200,540,,
2026-08-23T07:25:55.914086+00:00,Others,Others.epublibre,UP,200,574,,
2026-08-23T07:26:56.485832+00:00,Others,Others.epublibre,UP,200,597,,
2026-08-23T07:27:57.255151+00:00,Others,Others.epublibre,UP,200,749,,
2026-08-23T07:28:57.738718+00:00,Others,Others.epublibre,UP,200,578,,
2026-08-23T07:29:58.449824+00:00,Others,Others.epublibre,UP,200,548,,
2026-08-23T07:30:58.922698+00:00,Others,Others.epublibre,UP,200,586,,
2026-08-23T07:32:00.151630+00:00,Others,Others.epublibre,UP,200,545,,
2026-08-23T07:33:00.686141+00:00,Others,Others.epublibre,UP,200,549,,
2026-08-23T07:34:01.539699+00:00,Others,Others.epublibre,UP,200,602,,
2026-08-23T07:35:02.367530+00:00,Others,Others.epublibre,UP,200,859,,
2026-08-23T07:36:03.681382+00:00,Others,Others.epublibre,UP,200,745,,
2026-08-23T07:37:03.858826+00:00,Others,Others.epublibre,UP,200,592,,
2026-08-23T07:38:04.503272+00:00,Others,Others.epublibre,UP,200,569,,
2026-08-23T07:39:05.502301+00:00,Others,Others.epublibre,UP,200,582,,
2026-08-23T07:40:06.230242+00:00,Others,Others.epublibre,UP,200,647,,
2026-08-23T07:41:06.790591+00:00,Others,Others.epublibre,UP,200,618,,
2026-08-23T07:42:07.367150+00:00,Others,Others.epublibre,UP,200,570,,
2026-08-23T07:43:08.124984+00:00,Others,Others.epublibre,UP,200,589,,
2026-08-23T07:44:08.903257+00:00,Others,Others.epublibre,UP,200,623,,
2026-08-23T07:45:09.705575+00:00,Others,Others.epublibre,UP,200,547,,
2026-08-23T07:46:10.673684+00:00,Others,Others.epublibre,UP,200,639,,
2026-08-23T07:47:11.447633+00:00,Others,Others.epublibre,UP,200,703,,
2026-08-23T07:48:11.935414+00:00,Others,Others.epublibre,UP,200,742,,
2026-08-23T07:49:12.725557+00:00,Others,Others.epublibre,UP,200,569,,
2026-08-23T07:50:13.264328+00:00,Others,Others.epublibre,UP,200,553,,
2026-08-23T07:51:13.690543+00:00,Others,Others.epublibre,UP,200,565,,
2026-08-23T07:52:14.453947+00:00,Others,Others.epublibre,UP,200,574,,
2026-08-23T07:53:15.347234+00:00,Others,Others.epublibre,UP,200,704,,
2026-08-23T07:54:16.185368+00:00,Others,Others.epublibre,UP,200,563,,
2026-08-23T07:55:24.755113+00:00,Others,Others.epublibre,DEGRADED,200,8764,latency_high,
2026-08-23T07:56:17.320659+00:00,Others,Others.epublibre,UP,200,554,,
2026-08-23T07:57:17.329727+00:00,Others,Others.epublibre,UP,200,143,,
2026-08-23T07:58:18.429499+00:00,Others,Others.epublibre,UP,200,563,,
2026-08-23T07:59:19.019090+00:00,Others,Others.epublibre,UP,200,265,,
2026-08-23T08:00:20.178977+00:00,Others,Others.epublibre,UP,200,606,,
2026-08-23T08:01:20.459105+00:00,Others,Others.epublibre,UP,200,591,,
2026-08-23T08:02:21.290559+00:00,Others,Others.epublibre,UP,200,563,,
2026-08-23T08:03:21.959993+00:00,Others,Others.epublibre,UP,200,696,,
2026-08-23T08:04:22.314679+00:00,Others,Others.epublibre,UP,200,133,,
2026-08-23T08:05:22.867486+00:00,Others,Others.epublibre,UP,200,134,,
2026-08-23T08:06:24.328887+00:00,Others,Others.epublibre,UP,200,572,,
2026-08-23T08:07:24.840323+00:00,Others,Others.epublibre,UP,200,595,,
2026-08-23T08:08:30.089683+00:00,Others,Others.epublibre,DEGRADED,200,4934,latency_high,
2026-08-23T08:09:25.960267+00:00,Others,Others.epublibre,UP,200,639,,
2026-08-23T08:10:26.708277+00:00,Others,Others.epublibre,UP,200,700,,
2026-08-23T08:11:27.176724+00:00,Others,Others.epublibre,UP,200,146,,
2026-08-23T08:12:28.254194+00:00,Others,Others.epublibre,UP,200,690,,
2026-08-23T08:13:28.819200+00:00,Others,Others.epublibre,UP,200,561,,
2026-08-23T08:14:29.827048+00:00,Others,Others.epublibre,UP,200,674,,
2026-08-23T08:15:30.446262+00:00,Others,Others.epublibre,UP,200,625,,
2026-08-23T08:16:30.487908+00:00,Others,Others.epublibre,UP,200,617,,
2026-08-23T08:17:31.415556+00:00,Others,Others.epublibre,UP,200,589,,
2026-08-23T08:18:32.124657+00:00,Others,Others.epublibre,UP,200,558,,
2026-08-23T08:19:33.021728+00:00,Others,Others.epublibre,UP,200,744,,
2026-08-23T08:20:33.385449+00:00,Others,Others.epublibre,UP,200,543,,
2026-08-23T08:21:34.229379+00:00,Others,Others.epublibre,UP,200,687,,
2026-08-23T08:22:34.723356+00:00,Others,Others.epublibre,UP,200,562,,
2026-08-23T08:23:40.620196+00:00,Others,Others.epublibre,DEGRADED,200,5370,latency_high,
2026-08-23T08:24:36.464682+00:00,Others,Others.epublibre,UP,200,697,,
2026-08-23T08:25:37.039628+00:00,Others,Others.epublibre,UP,200,582,,
2026-08-23T08:26:37.678755+00:00,Others,Others.epublibre,UP,200,624,,
2026-08-23T08:27:38.182262+00:00,Others,Others.epublibre,UP,200,150,,
2026-08-23T08:28:38.807953+00:00,Others,Others.epublibre,UP,200,561,,
2026-08-23T08:29:39.656417+00:00,Others,Others.epublibre,UP,200,719,,
2026-08-23T08:30:40.545148+00:00,Others,Others.epublibre,UP,200,578,,
2026-08-23T08:31:41.257826+00:00,Others,Others.epublibre,UP,200,551,,
2026-08-23T08:32:41.569777+00:00,Others,Others.epublibre,UP,200,572,,
2026-08-23T08:33:42.120131+00:00,Others,Others.epublibre,UP,200,282,,
2026-08-23T08:34:43.150950+00:00,Others,Others.epublibre,UP,200,617,,
2026-08-23T08:35:44.040420+00:00,Others,Others.epublibre,UP,200,687,,
2026-08-23T08:36:44.792021+00:00,Others,Others.epublibre,UP,200,669,,
2026-08-23T08:37:45.100384+00:00,Others,Others.epublibre,UP,200,554,,
2026-08-23T08:38:46.229249+00:00,Others,Others.epublibre,UP,200,703,,
2026-08-23T08:39:46.703891+00:00,Others,Others.epublibre,UP,200,672,,
2026-08-23T08:40:47.394399+00:00,Others,Others.epublibre,UP,200,585,,
2026-08-23T08:41:48.059780+00:00,Others,Others.epublibre,UP,200,749,,
2026-08-23T08:42:49.084865+00:00,Others,Others.epublibre,UP,200,553,,
2026-08-23T08:43:49.949386+00:00,Others,Others.epublibre,UP,200,745,,
2026-08-23T08:44:50.724300+00:00,Others,Others.epublibre,UP,200,716,,
2026-08-23T08:45:52.387422+00:00,Others,Others.epublibre,UP,200,1618,,
2026-08-23T08:46:52.644889+00:00,Others,Others.epublibre,UP,200,925,,
2026-08-23T08:47:53.014097+00:00,Others,Others.epublibre,UP,200,609,,
2026-08-23T08:48:53.409455+00:00,Others,Others.epublibre,UP,200,793,,
2026-08-23T08:49:54.685091+00:00,Others,Others.epublibre,UP,200,709,,
2026-08-23T08:50:55.304635+00:00,Others,Others.epublibre,UP,200,560,,
2026-08-23T08:51:55.971606+00:00,Others,Others.epublibre,UP,200,557,,
2026-08-23T08:52:56.579087+00:00,Others,Others.epublibre,UP,200,133,,
2026-08-23T08:53:57.645268+00:00,Others,Others.epublibre,UP,200,614,,
2026-08-23T08:54:58.446201+00:00,Others,Others.epublibre,UP,200,583,,
2026-08-23T08:55:59.246057+00:00,Others,Others.epublibre,UP,200,571,,
2026-08-23T08:56:59.857310+00:00,Others,Others.epublibre,UP,200,556,,
2026-08-23T08:58:00.337652+00:00,Others,Others.epublibre,UP,200,137,,
2026-08-23T08:59:01.699984+00:00,Others,Others.epublibre,UP,200,551,,
2026-08-23T09:00:03.322511+00:00,Others,Others.epublibre,UP,200,745,,
2026-08-23T09:01:02.093868+00:00,Others,Others.epublibre,UP,200,137,,
2026-08-23T09:02:03.832836+00:00,Others,Others.epublibre,UP,200,862,,
2026-08-23T09:03:03.490922+00:00,Others,Others.epublibre,UP,200,620,,
2026-08-23T09:04:03.891939+00:00,Others,Others.epublibre,UP,200,589,,
2026-08-23T09:05:04.659963+00:00,Others,Others.epublibre,UP,200,592,,
2026-08-23T09:06:06.017733+00:00,Others,Others.epublibre,UP,200,617,,
2026-08-23T09:07:06.244945+00:00,Others,Others.epublibre,UP,200,572,,
2026-08-23T09:08:07.157614+00:00,Others,Others.epublibre,UP,200,625,,
2026-08-23T09:09:07.763664+00:00,Others,Others.epublibre,UP,200,746,,
2026-08-23T09:10:08.839798+00:00,Others,Others.epublibre,UP,200,703,,
2026-08-23T09:11:09.395781+00:00,Others,Others.epublibre,UP,200,819,,
2026-08-23T09:12:09.259663+00:00,Others,Others.epublibre,UP,200,149,,
2026-08-23T09:13:10.652854+00:00,Others,Others.epublibre,UP,200,811,,
2026-08-23T09:14:11.565305+00:00,Others,Others.epublibre,UP,200,984,,
2026-08-23T09:15:12.542710+00:00,Others,Others.epublibre,UP,200,888,,
2026-08-23T09:16:13.368457+00:00,Others,Others.epublibre,UP,200,743,,
2026-08-23T09:17:13.791205+00:00,Others,Others.epublibre,UP,200,637,,
2026-08-23T09:18:14.653450+00:00,Others,Others.epublibre,UP,200,776,,
2026-08-23T09:19:15.875556+00:00,Others,Others.epublibre,UP,200,972,,
2026-08-23T09:20:16.805583+00:00,Others,Others.epublibre,UP,200,786,,
2026-08-23T09:21:16.625810+00:00,Others,Others.epublibre,UP,200,584,,
2026-08-23T09:22:17.262259+00:00,Others,Others.epublibre,UP,200,586,,
2026-08-23T09:23:18.167049+00:00,Others,Others.epublibre,UP,200,887,,
2026-08-23T09:24:18.198751+00:00,Others,Others.epublibre,UP,200,286,,
2026-08-23T09:25:19.137647+00:00,Others,Others.epublibre,UP,200,574,,
2026-08-23T09:26:20.338866+00:00,Others,Others.epublibre,UP,200,745,,
2026-08-23T09:27:21.151713+00:00,Others,Others.epublibre,UP,200,724,,
2026-08-23T09:28:21.780114+00:00,Others,Others.epublibre,UP,200,719,,
2026-08-23T09:29:21.644978+00:00,Others,Others.epublibre,UP,200,142,,
2026-08-23T09:30:23.206781+00:00,Others,Others.epublibre,UP,200,854,,
2026-08-23T09:31:23.880691+00:00,Others,Others.epublibre,UP,200,738,,
2026-08-23T09:32:24.345821+00:00,Others,Others.epublibre,UP,200,557,,
2026-08-23T09:33:25.519686+00:00,Others,Others.epublibre,UP,200,612,,
2026-08-23T09:34:26.275674+00:00,Others,Others.epublibre,UP,200,628,,
2026-08-23T09:35:27.051657+00:00,Others,Others.epublibre,UP,200,729,,
2026-08-23T09:36:27.529066+00:00,Others,Others.epublibre,UP,200,541,,
2026-08-23T09:37:28.454932+00:00,Others,Others.epublibre,UP,200,991,,
2026-08-23T09:38:28.455861+00:00,Others,Others.epublibre,UP,200,570,,
2026-08-23T09:39:29.601040+00:00,Others,Others.epublibre,UP,200,699,,
2026-08-23T09:40:29.416035+00:00,Others,Others.epublibre,UP,200,564,,
2026-08-23T09:41:29.964434+00:00,Others,Others.epublibre,UP,200,678,,
2026-08-23T09:42:30.848951+00:00,Others,Others.epublibre,UP,200,830,,
2026-08-23T09:43:31.941255+00:00,Others,Others.epublibre,UP,200,785,,
2026-08-23T09:44:32.329239+00:00,Others,Others.epublibre,UP,200,1347,,
2026-08-23T09:45:32.389164+00:00,Others,Others.epublibre,UP,200,718,,
2026-08-23T09:46:32.912875+00:00,Others,Others.epublibre,UP,200,624,,
2026-08-23T09:47:33.634336+00:00,Others,Others.epublibre,UP,200,667,,
2026-08-23T09:48:34.820660+00:00,Others,Others.epublibre,UP,200,879,,
2026-08-23T09:49:35.091813+00:00,Others,Others.epublibre,UP,200,572,,
2026-08-23T09:50:36.347098+00:00,Others,Others.epublibre,UP,200,737,,
2026-08-23T09:51:36.735743+00:00,Others,Others.epublibre,UP,200,625,,
2026-08-23T09:52:37.729781+00:00,Others,Others.epublibre,UP,200,667,,
2026-08-23T09:53:38.862258+00:00,Others,Others.epublibre,UP,200,669,,
2026-08-23T09:54:39.652571+00:00,Others,Others.epublibre,UP,200,760,,
2026-08-23T09:55:40.258356+00:00,Others,Others.epublibre,UP,200,588,,
2026-08-23T09:56:40.805019+00:00,Others,Others.epublibre,UP,200,573,,
2026-08-23T09:57:41.692808+00:00,Others,Others.epublibre,UP,200,605,,
2026-08-23T09:58:42.293255+00:00,Others,Others.epublibre,UP,200,563,,
2026-08-23T09:59:43.342344+00:00,Others,Others.epublibre,UP,200,593,,
2026-08-23T10:00:44.256623+00:00,Others,Others.epublibre,UP,200,635,,
2026-08-23T10:01:45.363717+00:00,Others,Others.epublibre,UP,200,809,,
2026-08-23T10:02:46.045133+00:00,Others,Others.epublibre,UP,200,683,,
2026-08-23T10:03:47.177781+00:00,Others,Others.epublibre,UP,200,953,,
2026-08-23T10:04:47.788982+00:00,Others,Others.epublibre,UP,200,652,,
2026-08-23T10:05:48.761878+00:00,Others,Others.epublibre,UP,200,675,,
2026-08-23T10:06:48.805879+00:00,Others,Others.epublibre,UP,200,646,,
2026-08-23T10:07:49.331478+00:00,Others,Others.epublibre,UP,200,532,,
2026-08-23T10:08:49.851693+00:00,Others,Others.epublibre,UP,200,144,,
2026-08-23T10:09:50.446664+00:00,Others,Others.epublibre,UP,200,545,,
2026-08-23T10:10:51.820988+00:00,Others,Others.epublibre,UP,200,569,,
2026-08-23T10:12:05.230104+00:00,Others,Others.epublibre,DEGRADED,200,13359,latency_high,
2026-08-23T10:12:53.065190+00:00,Others,Others.epublibre,UP,200,555,,
2026-08-23T10:13:53.654740+00:00,Others,Others.epublibre,UP,200,585,,
2026-08-23T10:14:54.869675+00:00,Others,Others.epublibre,UP,200,588,,
2026-08-23T10:16:01.065118+00:00,Others,Others.epublibre,DEGRADED,200,6141,latency_high,
2026-08-23T10:16:56.383563+00:00,Others,Others.epublibre,UP,200,557,,
2026-08-23T10:17:56.822510+00:00,Others,Others.epublibre,UP,200,578,,
2026-08-23T10:18:57.885769+00:00,Others,Others.epublibre,UP,200,556,,
2026-08-23T10:19:58.239889+00:00,Others,Others.epublibre,UP,200,558,,
2026-08-23T10:20:59.063885+00:00,Others,Others.epublibre,UP,200,592,,
2026-08-23T10:22:00.155889+00:00,Others,Others.epublibre,UP,200,574,,
2026-08-23T10:23:01.058321+00:00,Others,Others.epublibre,UP,200,632,,
2026-08-23T10:24:00.781450+00:00,Others,Others.epublibre,UP,200,625,,
2026-08-23T10:25:01.204639+00:00,Others,Others.epublibre,UP,200,139,,
2026-08-23T10:26:02.674955+00:00,Others,Others.epublibre,UP,200,606,,
2026-08-23T10:27:03.545886+00:00,Others,Others.epublibre,UP,200,578,,
2026-08-23T10:28:04.483185+00:00,Others,Others.epublibre,UP,200,681,,
2026-08-23T10:29:05.275347+00:00,Others,Others.epublibre,UP,200,554,,
2026-08-23T10:30:06.112208+00:00,Others,Others.epublibre,UP,200,652,,
2026-08-23T10:31:05.940467+00:00,Others,Others.epublibre,UP,200,594,,
2026-08-23T10:32:11.163352+00:00,Others,Others.epublibre,DEGRADED,200,5380,latency_high,
2026-08-23T10:33:07.157687+00:00,Others,Others.epublibre,UP,200,563,,
2026-08-23T10:34:07.667747+00:00,Others,Others.epublibre,UP,200,635,,
2026-08-23T10:35:08.271326+00:00,Others,Others.epublibre,UP,200,138,,
2026-08-23T10:36:09.256324+00:00,Others,Others.epublibre,UP,200,606,,
2026-08-23T10:37:10.406744+00:00,Others,Others.epublibre,UP,200,580,,
2026-08-23T10:38:10.860123+00:00,Others,Others.epublibre,UP,200,741,,
2026-08-23T10:39:11.666078+00:00,Others,Others.epublibre,UP,200,612,,
2026-08-23T10:40:12.761323+00:00,Others,Others.epublibre,UP,200,667,,
2026-08-23T10:41:12.687169+00:00,Others,Others.epublibre,UP,200,564,,
2026-08-23T10:42:13.269634+00:00,Others,Others.epublibre,UP,200,582,,
2026-08-23T10:43:14.257507+00:00,Others,Others.epublibre,UP,200,545,,
2026-08-23T10:44:15.025989+00:00,Others,Others.epublibre,UP,200,562,,
2026-08-23T10:45:15.492579+00:00,Others,Others.epublibre,UP,200,700,,
2026-08-23T10:46:16.622239+00:00,Others,Others.epublibre,UP,200,683,,
2026-08-23T10:47:16.242819+00:00,Others,Others.epublibre,UP,200,559,,
2026-08-23T10:48:16.847146+00:00,Others,Others.epublibre,UP,200,138,,
2026-08-23T10:49:17.746219+00:00,Others,Others.epublibre,UP,200,543,,
2026-08-23T10:50:18.476880+00:00,Others,Others.epublibre,UP,200,734,,
2026-08-23T10:51:19.269793+00:00,Others,Others.epublibre,UP,200,566,,
2026-08-23T10:52:19.760343+00:00,Others,Others.epublibre,UP,200,278,,
2026-08-23T10:53:20.447319+00:00,Others,Others.epublibre,UP,200,539,,
2026-08-23T10:54:21.807052+00:00,Others,Others.epublibre,UP,200,561,,
2026-08-23T10:55:22.294772+00:00,Others,Others.epublibre,UP,200,566,,
2026-08-23T10:56:23.034986+00:00,Others,Others.epublibre,UP,200,539,,
2026-08-23T10:57:23.445157+00:00,Others,Others.epublibre,UP,200,582,,
2026-08-23T10:58:24.642925+00:00,Others,Others.epublibre,UP,200,595,,
2026-08-23T10:59:25.194001+00:00,Others,Others.epublibre,UP,200,276,,
2026-08-23T11:00:26.219978+00:00,Others,Others.epublibre,UP,200,597,,
2026-08-23T11:01:26.719362+00:00,Others,Others.epublibre,UP,200,154,,
2026-08-23T11:02:27.287910+00:00,Others,Others.epublibre,UP,200,144,,
2026-08-23T11:03:28.348064+00:00,Others,Others.epublibre,UP,200,136,,
2026-08-23T11:04:29.367478+00:00,Others,Others.epublibre,UP,200,560,,
2026-08-23T11:05:29.834364+00:00,Others,Others.epublibre,UP,200,263,,
2026-08-23T11:06:31.126756+00:00,Others,Others.epublibre,UP,200,587,,
2026-08-23T11:07:43.045890+00:00,Others,Others.epublibre,DEGRADED,200,11918,latency_high,
2026-08-23T11:08:32.283141+00:00,Others,Others.epublibre,UP,200,567,,
2026-08-23T11:09:33.544030+00:00,Others,Others.epublibre,UP,200,776,,
2026-08-23T11:10:34.036223+00:00,Others,Others.epublibre,UP,200,707,,
2026-08-23T11:11:35.189351+00:00,Others,Others.epublibre,UP,200,561,,
2026-08-23T11:12:35.666470+00:00,Others,Others.epublibre,UP,200,596,,
2026-08-23T11:13:35.860777+00:00,Others,Others.epublibre,UP,200,264,,
2026-08-23T11:14:37.110419+00:00,Others,Others.epublibre,UP,200,603,,
2026-08-23T11:15:38.144088+00:00,Others,Others.epublibre,UP,200,709,,
2026-08-23T11:16:38.120085+00:00,Others,Others.epublibre,UP,200,138,,
2026-08-23T11:17:42.402998+00:00,Others,Others.epublibre,DEGRADED,200,3477,latency_high,
2026-08-23T11:18:40.792745+00:00,Others,Others.epublibre,UP,200,613,,
2026-08-23T11:19:41.545063+00:00,Others,Others.epublibre,UP,200,715,,
2026-08-23T11:20:42.403873+00:00,Others,Others.epublibre,UP,200,577,,
2026-08-23T11:21:42.990532+00:00,Others,Others.epublibre,UP,200,541,,
2026-08-23T11:22:43.967579+00:00,Others,Others.epublibre,UP,200,567,,
2026-08-23T11:23:44.523113+00:00,Others,Others.epublibre,UP,200,562,,
2026-08-23T11:24:45.453944+00:00,Others,Others.epublibre,UP,200,672,,
2026-08-23T11:25:45.646461+00:00,Others,Others.epublibre,UP,200,133,,
2026-08-23T11:26:47.001058+00:00,Others,Others.epublibre,UP,200,594,,
2026-08-23T11:27:47.596723+00:00,Others,Others.epublibre,UP,200,590,,
2026-08-23T11:28:54.045274+00:00,Others,Others.epublibre,DEGRADED,200,6305,latency_high,
2026-08-23T11:29:49.038147+00:00,Others,Others.epublibre,UP,200,546,,
2026-08-23T11:30:49.923189+00:00,Others,Others.epublibre,UP,200,588,,
2026-08-23T11:31:50.714414+00:00,Others,Others.epublibre,UP,200,664,,
2026-08-23T11:32:51.492630+00:00,Others,Others.epublibre,UP,200,700,,
2026-08-23T11:33:52.118694+00:00,Others,Others.epublibre,UP,200,579,,
2026-08-23T11:34:53.273849+00:00,Others,Others.epublibre,UP,200,801,,
2026-08-23T11:35:54.038968+00:00,Others,Others.epublibre,UP,200,854,,
2026-08-23T11:36:54.342334+00:00,Others,Others.epublibre,UP,200,656,,
2026-08-23T11:37:55.484885+00:00,Others,Others.epublibre,UP,200,611,,
2026-08-23T11:38:56.240639+00:00,Others,Others.epublibre,UP,200,725,,
2026-08-23T11:39:56.270481+00:00,Others,Others.epublibre,UP,200,145,,
2026-08-23T11:40:57.860778+00:00,Others,Others.epublibre,UP,200,583,,
2026-08-23T11:41:58.638156+00:00,Others,Others.epublibre,UP,200,590,,
2026-08-23T11:42:58.768373+00:00,Others,Others.epublibre,UP,200,141,,
2026-08-23T11:43:59.914284+00:00,Others,Others.epublibre,UP,200,572,,
2026-08-23T11:45:01.229973+00:00,Others,Others.epublibre,UP,200,738,,
2026-08-23T11:46:01.559591+00:00,Others,Others.epublibre,UP,200,616,,
2026-08-23T11:47:02.135842+00:00,Others,Others.epublibre,UP,200,836,,
2026-08-23T11:48:02.103985+00:00,Others,Others.epublibre,UP,200,611,,
2026-08-23T11:49:02.986785+00:00,Others,Others.epublibre,UP,200,636,,
2026-08-23T11:50:04.073017+00:00,Others,Others.epublibre,UP,200,745,,
2026-08-23T11:51:04.711092+00:00,Others,Others.epublibre,UP,200,581,,
2026-08-23T11:52:05.906089+00:00,Others,Others.epublibre,UP,200,703,,
2026-08-23T11:53:06.769088+00:00,Others,Others.epublibre,UP,200,968,,
2026-08-23T11:54:06.818154+00:00,Others,Others.epublibre,UP,200,570,,
2026-08-23T11:55:08.066959+00:00,Others,Others.epublibre,UP,200,562,,
2026-08-23T11:56:08.618876+00:00,Others,Others.epublibre,UP,200,562,,
2026-08-23T11:57:09.159327+00:00,Others,Others.epublibre,UP,200,585,,
2026-08-23T11:58:09.722772+00:00,Others,Others.epublibre,UP,200,141,,
2026-08-23T11:59:10.140666+00:00,Others,Others.epublibre,UP,200,142,,
2026-08-23T12:00:11.912297+00:00,Others,Others.epublibre,UP,200,645,,
2026-08-23T12:01:11.295981+00:00,Others,Others.epublibre,UP,200,574,,
2026-08-23T12:02:12.085957+00:00,Others,Others.epublibre,UP,200,363,,
2026-08-23T12:03:13.300338+00:00,Others,Others.epublibre,UP,200,654,,
2026-08-23T12:04:14.264239+00:00,Others,Others.epublibre,UP,200,554,,
2026-08-23T12:05:15.095470+00:00,Others,Others.epublibre,UP,200,638,,
2026-08-23T12:06:15.819473+00:00,Others,Others.epublibre,UP,200,616,,
2026-08-23T12:07:16.523250+00:00,Others,Others.epublibre,UP,200,542,,
2026-08-23T12:08:17.470764+00:00,Others,Others.epublibre,UP,200,567,,
2026-08-23T12:09:17.842448+00:00,Others,Others.epublibre,UP,200,591,,
2026-08-23T12:10:18.665793+00:00,Others,Others.epublibre,UP,200,143,,
2026-08-23T12:11:19.326075+00:00,Others,Others.epublibre,UP,200,161,,
2026-08-23T12:12:20.542363+00:00,Others,Others.epublibre,UP,200,925,,
2026-08-23T12:13:20.847881+00:00,Others,Others.epublibre,UP,200,258,,
2026-08-23T12:14:22.192501+00:00,Others,Others.epublibre,UP,200,1267,,
2026-08-23T12:15:21.802336+00:00,Others,Others.epublibre,UP,200,395,,
2026-08-23T12:16:22.705353+00:00,Others,Others.epublibre,UP,200,553,,
2026-08-23T12:17:23.600701+00:00,Others,Others.epublibre,UP,200,614,,
2026-08-23T12:18:24.546154+00:00,Others,Others.epublibre,UP,200,285,,
2026-08-23T12:19:24.738294+00:00,Others,Others.epublibre,UP,200,584,,
2026-08-23T12:20:25.811990+00:00,Others,Others.epublibre,UP,200,617,,
2026-08-23T12:21:26.948551+00:00,Others,Others.epublibre,UP,200,928,,
2026-08-23T12:22:33.299921+00:00,Others,Others.epublibre,DEGRADED,200,6485,latency_high,
2026-08-23T12:23:28.092013+00:00,Others,Others.epublibre,UP,200,627,,
2026-08-23T12:24:29.171138+00:00,Others,Others.epublibre,UP,200,840,,
2026-08-23T12:25:29.278265+00:00,Others,Others.epublibre,UP,200,152,,
2026-08-23T12:26:30.953111+00:00,Others,Others.epublibre,UP,200,600,,
2026-08-23T12:27:31.727906+00:00,Others,Others.epublibre,UP,200,588,,
2026-08-23T12:28:32.768855+00:00,Others,Others.epublibre,UP,200,574,,
2026-08-23T12:29:33.386242+00:00,Others,Others.epublibre,UP,200,581,,
2026-08-23T12:30:33.885003+00:00,Others,Others.epublibre,UP,200,559,,
2026-08-23T12:31:34.642239+00:00,Others,Others.epublibre,UP,200,610,,
2026-08-23T12:32:34.865944+00:00,Others,Others.epublibre,UP,200,152,,
2026-08-23T12:33:35.774472+00:00,Others,Others.epublibre,UP,200,620,,
2026-08-23T12:34:36.780100+00:00,Others,Others.epublibre,UP,200,733,,
2026-08-23T12:35:37.311920+00:00,Others,Others.epublibre,UP,200,650,,
2026-08-23T12:36:38.300065+00:00,Others,Others.epublibre,UP,200,767,,
2026-08-23T12:37:39.234101+00:00,Others,Others.epublibre,UP,200,680,,
2026-08-23T12:38:40.973333+00:00,Others,Others.epublibre,UP,200,1153,,
2026-08-23T12:39:39.926797+00:00,Others,Others.epublibre,UP,200,622,,
2026-08-23T12:40:41.594196+00:00,Others,Others.epublibre,UP,200,977,,
2026-08-23T12:41:42.165587+00:00,Others,Others.epublibre,UP,200,715,,
2026-08-23T12:42:42.496637+00:00,Others,Others.epublibre,UP,200,752,,
2026-08-23T12:43:43.146742+00:00,Others,Others.epublibre,UP,200,783,,
2026-08-23T12:44:44.293878+00:00,Others,Others.epublibre,UP,200,641,,
2026-08-23T12:45:43.574035+00:00,Others,Others.epublibre,UP,200,132,,
2026-08-23T12:46:44.596449+00:00,Others,Others.epublibre,UP,200,138,,
2026-08-23T12:47:46.166955+00:00,Others,Others.epublibre,UP,200,796,,
2026-08-23T12:48:47.120917+00:00,Others,Others.epublibre,UP,200,826,,
2026-08-23T12:49:47.358429+00:00,Others,Others.epublibre,UP,200,589,,
2026-08-23T12:50:48.313380+00:00,Others,Others.epublibre,UP,200,624,,
2026-08-23T12:51:49.345765+00:00,Others,Others.epublibre,UP,200,931,,
2026-08-23T12:52:50.159674+00:00,Others,Others.epublibre,UP,200,791,,
2026-08-23T12:53:51.257183+00:00,Others,Others.epublibre,UP,200,1014,,
2026-08-23T12:54:51.656682+00:00,Others,Others.epublibre,UP,200,870,,
2026-08-23T12:55:52.688913+00:00,Others,Others.epublibre,UP,200,981,,
2026-08-23T12:56:54.813287+00:00,Others,Others.epublibre,UP,200,2687,,
2026-08-23T12:57:53.060957+00:00,Others,Others.epublibre,UP,200,157,,
2026-08-23T12:58:54.721384+00:00,Others,Others.epublibre,UP,200,960,,
2026-08-23T12:59:55.469176+00:00,Others,Others.epublibre,UP,200,771,,
2026-08-23T13:00:56.579219+00:00,Others,Others.epublibre,UP,200,877,,
2026-08-23T13:01:57.072757+00:00,Others,Others.epublibre,UP,200,926,,
2026-08-23T13:02:58.168193+00:00,Others,Others.epublibre,UP,200,969,,
2026-08-23T13:03:59.013475+00:00,Others,Others.epublibre,UP,200,979,,
2026-08-23T13:04:59.134737+00:00,Others,Others.epublibre,UP,200,578,,
2026-08-23T13:05:59.444510+00:00,Others,Others.epublibre,UP,200,134,,
2026-08-23T13:07:01.212528+00:00,Others,Others.epublibre,UP,200,818,,
2026-08-23T13:08:02.374093+00:00,Others,Others.epublibre,UP,200,1056,,
2026-08-23T13:09:02.941843+00:00,Others,Others.epublibre,UP,200,894,,
2026-08-23T13:10:04.017044+00:00,Others,Others.epublibre,UP,200,954,,
2026-08-23T13:11:04.022090+00:00,Others,Others.epublibre,UP,200,874,,
2026-08-23T13:12:05.581219+00:00,Others,Others.epublibre,UP,200,1194,,
2026-08-23T13:13:05.809298+00:00,Others,Others.epublibre,UP,200,985,,
2026-08-23T13:14:06.205246+00:00,Others,Others.epublibre,UP,200,1096,,
2026-08-23T13:15:06.673925+00:00,Others,Others.epublibre,UP,200,963,,
2026-08-23T13:16:07.163797+00:00,Others,Others.epublibre,UP,200,874,,
2026-08-23T13:17:07.867668+00:00,Others,Others.epublibre,UP,200,828,,
2026-08-23T13:18:08.843823+00:00,Others,Others.epublibre,UP,200,762,,
2026-08-23T13:19:09.448374+00:00,Others,Others.epublibre,UP,200,689,,
2026-08-23T13:20:09.686287+00:00,Others,Others.epublibre,UP,200,233,,
2026-08-23T13:21:10.281729+00:00,Others,Others.epublibre,UP,200,823,,
2026-08-23T13:22:11.182146+00:00,Others,Others.epublibre,UP,200,870,,
2026-08-23T13:23:10.935923+00:00,Others,Others.epublibre,UP,200,260,,
2026-08-23T13:24:12.853902+00:00,Others,Others.epublibre,UP,200,957,,
2026-08-23T13:25:13.680725+00:00,Others,Others.epublibre,UP,200,1062,,
2026-08-23T13:26:14.687348+00:00,Others,Others.epublibre,UP,200,1040,,
2026-08-23T13:27:15.983532+00:00,Others,Others.epublibre,UP,200,1123,,
2026-08-23T13:28:15.816588+00:00,Others,Others.epublibre,UP,200,864,,
2026-08-23T13:29:16.825648+00:00,Others,Others.epublibre,UP,200,879,,
2026-08-23T13:30:17.306202+00:00,Others,Others.epublibre,UP,200,793,,
2026-08-23T13:31:17.740837+00:00,Others,Others.epublibre,UP,200,686,,
2026-08-23T13:32:18.959648+00:00,Others,Others.epublibre,UP,200,697,,
2026-08-23T13:33:20.428084+00:00,Others,Others.epublibre,UP,200,1203,,
2026-08-23T13:34:21.223711+00:00,Others,Others.epublibre,UP,200,1247,,
2026-08-23T13:35:21.587759+00:00,Others,Others.epublibre,UP,200,1187,,
2026-08-23T13:36:22.586170+00:00,Others,Others.epublibre,UP,200,1095,,
2026-08-23T13:37:23.246991+00:00,Others,Others.epublibre,UP,200,1233,,
2026-08-23T13:38:23.959201+00:00,Others,Others.epublibre,UP,200,1121,,
2026-08-23T13:39:24.771526+00:00,Others,Others.epublibre,UP,200,1083,,
2026-08-23T13:40:26.016931+00:00,Others,Others.epublibre,UP,200,1199,,
2026-08-23T13:41:26.968941+00:00,Others,Others.epublibre,UP,200,1199,,
2026-08-23T13:42:27.034881+00:00,Others,Others.epublibre,UP,200,265,,
2026-08-23T13:43:28.503010+00:00,Others,Others.epublibre,UP,200,1166,,
2026-08-23T13:44:37.932925+00:00,Others,Others.epublibre,DEGRADED,200,9896,latency_high,
2026-08-23T13:45:29.465404+00:00,Others,Others.epublibre,UP,200,889,,
2026-08-23T13:46:30.647583+00:00,Others,Others.epublibre,UP,200,1226,,
2026-08-23T13:47:31.914203+00:00,Others,Others.epublibre,UP,200,1116,,
2026-08-23T13:48:32.715091+00:00,Others,Others.epublibre,UP,200,1165,,
2026-08-23T13:49:33.753145+00:00,Others,Others.epublibre,UP,200,1198,,
2026-08-23T13:50:34.460917+00:00,Others,Others.epublibre,UP,200,1166,,
2026-08-23T13:51:34.422441+00:00,Others,Others.epublibre,UP,200,229,,
2026-08-23T13:52:35.825559+00:00,Others,Others.epublibre,UP,200,822,,
2026-08-23T13:53:36.774551+00:00,Others,Others.epublibre,UP,200,965,,
2026-08-23T13:54:37.395876+00:00,Others,Others.epublibre,UP,200,862,,
2026-08-23T13:55:37.528833+00:00,Others,Others.epublibre,UP,200,161,,
2026-08-23T13:56:38.575723+00:00,Others,Others.epublibre,UP,200,146,,
2026-08-23T13:57:40.122751+00:00,Others,Others.epublibre,UP,200,1171,,
2026-08-23T13:58:40.115817+00:00,Others,Others.epublibre,UP,200,285,,
2026-08-23T13:59:41.349093+00:00,Others,Others.epublibre,UP,200,770,,
2026-08-23T14:00:42.612138+00:00,Others,Others.epublibre,UP,200,1034,,
2026-08-23T14:01:43.251401+00:00,Others,Others.epublibre,UP,200,1428,,
2026-08-23T14:02:43.474666+00:00,Others,Others.epublibre,UP,200,1042,,
2026-08-23T14:04:03.575957+00:00,Others,Others.epublibre,TIMEOUT,,,timeout,
2026-08-23T14:04:56.271044+00:00,Others,Others.epublibre,DEGRADED,200,12351,latency_high,
2026-08-23T14:06:05.752692+00:00,Others,Others.epublibre,TIMEOUT,,,timeout,
2026-08-23T14:06:57.855289+00:00,Others,Others.epublibre,DOWN,,,connection_refused,
2026-08-23T14:07:47.443164+00:00,Others,Others.epublibre,UP,200,584,,
2026-08-23T14:08:57.444077+00:00,Others,Others.epublibre,DOWN,,,connection_refused,
2026-08-23T14:09:56.557938+00:00,Others,Others.epublibre,DEGRADED,200,7853,latency_high,
2026-08-23T14:11:00.945989+00:00,Others,Others.epublibre,DOWN,,,connection_refused,
2026-08-23T14:12:05.150920+00:00,Others,Others.epublibre,DOWN,,,connection_refused,
2026-08-23T14:12:50.833975+00:00,Others,Others.epublibre,UP,200,551,,
2026-08-23T14:14:05.514710+00:00,Others,Others.epublibre,DOWN,,,connection_refused,
2026-08-23T14:14:57.279812+00:00,Others,Others.epublibre,DEGRADED,200,5857,latency_high,
2026-08-23T14:16:07.013218+00:00,Others,Others.epublibre,DOWN,,,connection_refused,
2026-08-23T14:17:13.715818+00:00,Others,Others.epublibre,TIMEOUT,,,timeout,
2026-08-23T14:17:55.036360+00:00,Others,Others.epublibre,UP,200,585,,
2026-08-23T14:19:15.738314+00:00,Others,Others.epublibre,TIMEOUT,,,timeout,
2026-08-23T14:19:58.099352+00:00,Others,Others.epublibre,UP,200,1905,,
2026-08-23T14:21:17.372964+00:00,Others,Others.epublibre,TIMEOUT,,,timeout,
2026-08-23T14:22:08.216515+00:00,Others,Others.epublibre,DOWN,,,connection_refused,
2026-08-23T14:23:01.872150+00:00,Others,Others.epublibre,DEGRADED,200,3402,latency_high,
2026-08-23T14:24:09.383087+00:00,Others,Others.epublibre,DEGRADED,200,10078,latency_high,
2026-08-23T14:25:01.123953+00:00,Others,Others.epublibre,UP,200,659,,
2026-08-23T14:26:21.528154+00:00,Others,Others.epublibre,TIMEOUT,,,timeout,
2026-08-23T14:27:21.299118+00:00,Others,Others.epublibre,TIMEOUT,,,timeout,
2026-08-23T14:28:21.608220+00:00,Others,Others.epublibre,TIMEOUT,,,timeout,
2026-08-23T14:29:22.163516+00:00,Others,Others.epublibre,TIMEOUT,,,timeout,
2026-08-23T14:30:04.853420+00:00,Others,Others.epublibre,UP,200,621,,
2026-08-23T14:31:23.496274+00:00,Others,Others.epublibre,TIMEOUT,,,timeout,
2026-08-23T14:32:27.834578+00:00,Others,Others.epublibre,TIMEOUT,,,timeout,
2026-08-23T14:33:17.060113+00:00,Others,Others.epublibre,DEGRADED,200,11770,latency_high,
2026-08-23T14:34:06.585342+00:00,Others,Others.epublibre,UP,200,586,,
2026-08-23T14:35:07.399118+00:00,Others,Others.epublibre,UP,200,549,,
2026-08-23T14:36:07.544329+00:00,Others,Others.epublibre,UP,200,148,,
2026-08-23T14:37:08.794154+00:00,Others,Others.epublibre,UP,200,641,,
2026-08-23T14:38:09.778935+00:00,Others,Others.epublibre,UP,200,586,,
2026-08-23T14:39:09.961834+00:00,Others,Others.epublibre,UP,200,133,,
2026-08-23T14:40:12.088235+00:00,Others,Others.epublibre,UP,200,695,,
2026-08-23T14:41:11.365074+00:00,Others,Others.epublibre,UP,200,135,,
2026-08-23T14:42:12.381486+00:00,Others,Others.epublibre,UP,200,549,,
2026-08-23T14:43:13.446216+00:00,Others,Others.epublibre,UP,200,657,,
2026-08-23T14:44:14.787979+00:00,Others,Others.epublibre,UP,200,1322,,
2026-08-23T14:45:14.968526+00:00,Others,Others.epublibre,UP,200,669,,
2026-08-23T14:46:16.188641+00:00,Others,Others.epublibre,UP,200,1198,,
2026-08-23T14:47:16.747305+00:00,Others,Others.epublibre,UP,200,611,,
2026-08-23T14:48:17.666330+00:00,Others,Others.epublibre,UP,200,588,,
2026-08-23T14:49:18.386987+00:00,Others,Others.epublibre,UP,200,584,,
2026-08-23T14:50:19.541856+00:00,Others,Others.epublibre,UP,200,662,,
2026-08-23T14:51:20.235212+00:00,Others,Others.epublibre,UP,200,603,,
2026-08-23T14:52:20.661817+00:00,Others,Others.epublibre,UP,200,618,,
2026-08-23T14:53:21.579201+00:00,Others,Others.epublibre,UP,200,584,,
2026-08-23T14:54:22.245213+00:00,Others,Others.epublibre,UP,200,693,,
2026-08-23T14:55:22.767430+00:00,Others,Others.epublibre,UP,200,622,,
2026-08-23T14:56:23.886232+00:00,Others,Others.epublibre,UP,200,674,,
2026-08-23T14:57:24.008881+00:00,Others,Others.epublibre,UP,200,830,,
2026-08-23T14:58:24.754618+00:00,Others,Others.epublibre,UP,200,838,,
2026-08-23T14:59:28.093210+00:00,Others,Others.epublibre,DEGRADED,200,3333,latency_high,
2026-08-23T15:00:26.831850+00:00,Others,Others.epublibre,UP,200,796,,
2026-08-23T15:01:27.271188+00:00,Others,Others.epublibre,UP,200,1261,,
2026-08-23T15:02:28.194066+00:00,Others,Others.epublibre,UP,200,1450,,
2026-08-23T15:03:28.963412+00:00,Others,Others.epublibre,UP,200,1645,,
2026-08-23T15:04:29.695014+00:00,Others,Others.epublibre,UP,200,1501,,
2026-08-23T15:05:30.695428+00:00,Others,Others.epublibre,UP,200,1592,,
2026-08-23T15:06:31.456181+00:00,Others,Others.epublibre,UP,200,1368,,
2026-08-23T15:07:31.636307+00:00,Others,Others.epublibre,UP,200,1232,,
2026-08-23T15:08:32.379893+00:00,Others,Others.epublibre,UP,200,1018,,
2026-08-23T15:09:33.700581+00:00,Others,Others.epublibre,UP,200,1228,,
2026-08-23T15:10:33.519877+00:00,Others,Others.epublibre,UP,200,1110,,
2026-08-23T15:11:33.964291+00:00,Others,Others.epublibre,UP,200,779,,
2026-08-23T15:12:33.782965+00:00,Others,Others.epublibre,UP,200,279,,
2026-08-23T15:13:35.505561+00:00,Others,Others.epublibre,UP,200,1044,,
2026-08-23T15:14:36.465582+00:00,Others,Others.epublibre,UP,200,1078,,
2026-08-23T15:15:36.833028+00:00,Others,Others.epublibre,UP,200,1141,,
2026-08-23T15:16:37.627190+00:00,Others,Others.epublibre,UP,200,1140,,
2026-08-23T15:17:37.404780+00:00,Others,Others.epublibre,UP,200,381,,
2026-08-23T15:18:39.026828+00:00,Others,Others.epublibre,UP,200,852,,
2026-08-23T15:19:40.365426+00:00,Others,Others.epublibre,UP,200,1301,,
2026-08-23T15:20:40.710914+00:00,Others,Others.epublibre,UP,200,774,,
2026-08-23T15:21:40.934062+00:00,Others,Others.epublibre,UP,200,861,,
2026-08-23T15:22:41.956205+00:00,Others,Others.epublibre,UP,200,995,,
2026-08-23T15:23:42.342289+00:00,Others,Others.epublibre,UP,200,694,,
2026-08-23T15:24:43.007209+00:00,Others,Others.epublibre,UP,200,887,,
2026-08-23T15:25:43.385933+00:00,Others,Others.epublibre,UP,200,922,,
2026-08-23T15:26:44.223982+00:00,Others,Others.epublibre,UP,200,1080,,
2026-08-23T15:27:44.842854+00:00,Others,Others.epublibre,UP,200,783,,
2026-08-23T15:28:45.440438+00:00,Others,Others.epublibre,UP,200,723,,
2026-08-23T15:29:46.701357+00:00,Others,Others.epublibre,UP,200,1027,,
2026-08-23T15:30:47.902386+00:00,Others,Others.epublibre,UP,200,1069,,
2026-08-23T15:31:47.488166+00:00,Others,Others.epublibre,UP,200,200,,
2026-08-23T15:32:49.285921+00:00,Others,Others.epublibre,UP,200,1032,,
2026-08-23T15:33:50.185143+00:00,Others,Others.epublibre,UP,200,765,,
2026-08-23T15:34:50.935665+00:00,Others,Others.epublibre,UP,200,826,,
2026-08-23T15:35:52.148511+00:00,Others,Others.epublibre,UP,200,995,,
2026-08-23T15:36:52.589580+00:00,Others,Others.epublibre,UP,200,658,,
2026-08-23T15:37:53.667520+00:00,Others,Others.epublibre,UP,200,872,,
2026-08-23T15:38:57.651306+00:00,Others,Others.epublibre,DEGRADED,200,4092,latency_high,
2026-08-23T15:39:55.224367+00:00,Others,Others.epublibre,UP,200,849,,
2026-08-23T15:40:56.171439+00:00,Others,Others.epublibre,UP,200,779,,
2026-08-23T15:41:56.987878+00:00,Others,Others.epublibre,UP,200,736,,
2026-08-23T15:42:58.040098+00:00,Others,Others.epublibre,UP,200,1046,,
2026-08-23T15:43:58.558932+00:00,Others,Others.epublibre,UP,200,774,,
2026-08-23T15:45:00.007759+00:00,Others,Others.epublibre,UP,200,1180,,
2026-08-23T15:46:00.546724+00:00,Others,Others.epublibre,UP,200,827,,
2026-08-23T15:47:00.389046+00:00,Others,Others.epublibre,UP,200,1133,,
2026-08-23T15:48:00.459247+00:00,Others,Others.epublibre,UP,200,888,,
2026-08-23T15:49:01.105731+00:00,Others,Others.epublibre,UP,200,884,,
2026-08-23T15:50:01.366315+00:00,Others,Others.epublibre,UP,200,1050,,
2026-08-23T15:51:02.223815+00:00,Others,Others.epublibre,UP,200,906,,
2026-08-23T15:52:02.828977+00:00,Others,Others.epublibre,UP,200,842,,
2026-08-23T15:53:02.766891+00:00,Others,Others.epublibre,UP,200,177,,
2026-08-23T15:54:03.457083+00:00,Others,Others.epublibre,UP,200,764,,
2026-08-23T15:55:04.721012+00:00,Others,Others.epublibre,UP,200,878,,
2026-08-23T15:56:04.380059+00:00,Others,Others.epublibre,UP,200,1133,,
2026-08-23T15:57:05.040061+00:00,Others,Others.epublibre,UP,200,637,,
2026-08-23T15:58:10.453896+00:00,Others,Others.epublibre,DEGRADED,200,5738,latency_high,
2026-08-23T15:59:06.514089+00:00,Others,Others.epublibre,UP,200,845,,
2026-08-23T16:00:08.965537+00:00,Others,Others.epublibre,UP,200,1816,,
2026-08-23T16:01:08.213585+00:00,Others,Others.epublibre,UP,200,1100,,
2026-08-23T16:02:09.410724+00:00,Others,Others.epublibre,UP,200,1118,,
2026-08-23T16:03:09.943574+00:00,Others,Others.epublibre,UP,200,858,,
2026-08-23T16:04:11.123809+00:00,Others,Others.epublibre,UP,200,985,,
2026-08-23T16:05:12.361254+00:00,Others,Others.epublibre,UP,200,1131,,
2026-08-23T16:06:12.658524+00:00,Others,Others.epublibre,UP,200,908,,
2026-08-23T16:07:13.131225+00:00,Others,Others.epublibre,UP,200,1141,,
2026-08-23T16:08:14.111995+00:00,Others,Others.epublibre,UP,200,1170,,
2026-08-23T16:09:14.321198+00:00,Others,Others.epublibre,UP,200,447,,
2026-08-23T16:10:16.030703+00:00,Others,Others.epublibre,UP,200,1251,,
2026-08-23T16:11:16.260490+00:00,Others,Others.epublibre,UP,200,1020,,
2026-08-23T16:12:16.977531+00:00,Others,Others.epublibre,UP,200,1122,,
2026-08-23T16:13:18.063247+00:00,Others,Others.epublibre,UP,200,1356,,
2026-08-23T16:14:18.031645+00:00,Others,Others.epublibre,UP,200,656,,
2026-08-23T16:15:19.259737+00:00,Others,Others.epublibre,UP,200,1097,,
2026-08-23T16:16:19.002488+00:00,Others,Others.epublibre,UP,200,763,,
2026-08-23T16:17:19.201562+00:00,Others,Others.epublibre,UP,200,173,,
2026-08-23T16:18:20.638074+00:00,Others,Others.epublibre,UP,200,674,,
2026-08-23T16:19:22.111513+00:00,Others,Others.epublibre,UP,200,1127,,
2026-08-23T16:20:21.630992+00:00,Others,Others.epublibre,UP,200,784,,
2026-08-23T16:21:21.816024+00:00,Others,Others.epublibre,UP,200,758,,
2026-08-23T16:22:22.354186+00:00,Others,Others.epublibre,UP,200,907,,
2026-08-23T16:23:22.976065+00:00,Others,Others.epublibre,UP,200,646,,
2026-08-23T16:24:23.972077+00:00,Others,Others.epublibre,UP,200,733,,
2026-08-23T16:25:24.416894+00:00,Others,Others.epublibre,UP,200,165,,
2026-08-23T16:26:25.373286+00:00,Others,Others.epublibre,UP,200,897,,
2026-08-23T16:27:26.463396+00:00,Others,Others.epublibre,UP,200,1110,,
2026-08-23T16:28:27.076031+00:00,Others,Others.epublibre,UP,200,979,,
2026-08-23T16:29:27.768941+00:00,Others,Others.epublibre,UP,200,873,,
2026-08-23T16:30:28.725492+00:00,Others,Others.epublibre,UP,200,860,,
2026-08-23T16:31:28.488011+00:00,Others,Others.epublibre,UP,200,797,,
2026-08-23T16:32:28.885535+00:00,Others,Others.epublibre,UP,200,928,,
2026-08-23T16:33:28.587501+00:00,Others,Others.epublibre,UP,200,577,,
2026-08-23T16:34:29.247315+00:00,Others,Others.epublibre,UP,200,828,,
2026-08-23T16:35:29.987224+00:00,Others,Others.epublibre,UP,200,730,,
2026-08-23T16:36:31.453749+00:00,Others,Others.epublibre,UP,200,1073,,
2026-08-23T16:37:32.245640+00:00,Others,Others.epublibre,UP,200,2022,,
2026-08-23T16:38:32.184660+00:00,Others,Others.epublibre,UP,200,965,,
2026-08-23T16:39:33.540041+00:00,Others,Others.epublibre,UP,200,1014,,
2026-08-23T16:40:32.886468+00:00,Others,Others.epublibre,UP,200,656,,
2026-08-23T16:41:33.618514+00:00,Others,Others.epublibre,UP,200,749,,
2026-08-23T16:42:34.046921+00:00,Others,Others.epublibre,UP,200,1031,,
2026-08-23T16:43:34.483256+00:00,Others,Others.epublibre,UP,200,795,,
2026-08-23T16:44:35.130950+00:00,Others,Others.epublibre,UP,200,484,,
2026-08-23T16:45:35.921394+00:00,Others,Others.epublibre,UP,200,1023,,
2026-08-23T16:46:36.922313+00:00,Others,Others.epublibre,UP,200,925,,
2026-08-23T16:47:38.044270+00:00,Others,Others.epublibre,UP,200,974,,
2026-08-23T16:48:38.877705+00:00,Others,Others.epublibre,UP,200,1148,,
2026-08-23T16:49:40.013817+00:00,Others,Others.epublibre,UP,200,1435,,
2026-08-23T16:50:40.717846+00:00,Others,Others.epublibre,UP,200,1396,,
2026-08-23T16:51:41.199216+00:00,Others,Others.epublibre,UP,200,1235,,
2026-08-23T16:52:42.361232+00:00,Others,Others.epublibre,UP,200,1264,,
2026-08-23T16:53:42.616175+00:00,Others,Others.epublibre,UP,200,1541,,
2026-08-23T16:54:43.292029+00:00,Others,Others.epublibre,UP,200,1070,,
2026-08-23T16:55:43.895064+00:00,Others,Others.epublibre,UP,200,981,,
2026-08-23T16:56:44.400839+00:00,Others,Others.epublibre,UP,200,779,,
2026-08-23T16:57:45.095073+00:00,Others,Others.epublibre,UP,200,1268,,
2026-08-23T16:58:45.605026+00:00,Others,Others.epublibre,UP,200,948,,
2026-08-23T16:59:46.637743+00:00,Others,Others.epublibre,UP,200,1038,,
2026-08-23T17:00:47.103427+00:00,Others,Others.epublibre,UP,200,949,,
2026-08-23T17:01:47.598334+00:00,Others,Others.epublibre,UP,200,810,,
2026-08-23T17:02:48.263688+00:00,Others,Others.epublibre,UP,200,839,,
2026-08-23T17:03:49.565748+00:00,Others,Others.epublibre,UP,200,1539,,
2026-08-23T17:04:49.163143+00:00,Others,Others.epublibre,UP,200,1235,,
2026-08-23T17:05:50.181983+00:00,Others,Others.epublibre,UP,200,1109,,
2026-08-23T17:06:51.443149+00:00,Others,Others.epublibre,UP,200,1238,,
2026-08-23T17:07:51.376103+00:00,Others,Others.epublibre,UP,200,857,,
2026-08-23T17:08:52.546584+00:00,Others,Others.epublibre,UP,200,864,,
2026-08-23T17:09:53.123041+00:00,Others,Others.epublibre,UP,200,624,,
2026-08-23T17:10:53.706496+00:00,Others,Others.epublibre,UP,200,704,,
2026-08-23T17:11:55.330629+00:00,Others,Others.epublibre,UP,200,1058,,
2026-08-23T17:12:55.469640+00:00,Others,Others.epublibre,UP,200,165,,
2026-08-23T17:13:56.239188+00:00,Others,Others.epublibre,UP,200,1052,,
2026-08-23T17:14:57.620776+00:00,Others,Others.epublibre,UP,200,1007,,
2026-08-23T17:15:57.418734+00:00,Others,Others.epublibre,UP,200,843,,
2026-08-23T17:16:58.247011+00:00,Others,Others.epublibre,UP,200,735,,
2026-08-23T17:17:58.499486+00:00,Others,Others.epublibre,UP,200,897,,
2026-08-23T17:18:59.759761+00:00,Others,Others.epublibre,UP,200,1124,,
2026-08-23T17:20:00.628954+00:00,Others,Others.epublibre,UP,200,1134,,
2026-08-23T17:21:01.022422+00:00,Others,Others.epublibre,UP,200,1143,,
2026-08-23T17:22:01.304512+00:00,Others,Others.epublibre,UP,200,987,,
2026-08-23T17:23:01.313146+00:00,Others,Others.epublibre,UP,200,831,,
2026-08-23T17:24:01.455352+00:00,Others,Others.epublibre,UP,200,793,,
2026-08-23T17:25:02.301917+00:00,Others,Others.epublibre,UP,200,799,,
2026-08-23T17:26:02.933645+00:00,Others,Others.epublibre,UP,200,828,,
2026-08-23T17:27:04.657726+00:00,Others,Others.epublibre,UP,200,1077,,
2026-08-23T17:28:05.253981+00:00,Others,Others.epublibre,UP,200,815,,
2026-08-23T17:29:05.798095+00:00,Others,Others.epublibre,UP,200,915,,
2026-08-23T17:30:06.381136+00:00,Others,Others.epublibre,UP,200,994,,
2026-08-23T17:31:06.794586+00:00,Others,Others.epublibre,UP,200,992,,
2026-08-23T17:32:09.332210+00:00,Others,Others.epublibre,DEGRADED,200,3222,latency_high,
2026-08-23T17:33:07.728255+00:00,Others,Others.epublibre,UP,200,913,,
2026-08-23T17:34:08.610268+00:00,Others,Others.epublibre,UP,200,976,,
2026-08-23T17:35:09.362579+00:00,Others,Others.epublibre,UP,200,843,,
2026-08-23T17:36:10.083081+00:00,Others,Others.epublibre,UP,200,903,,
2026-08-23T17:37:11.169114+00:00,Others,Others.epublibre,UP,200,1081,,
2026-08-23T17:38:11.713457+00:00,Others,Others.epublibre,UP,200,808,,
2026-08-23T17:39:12.357226+00:00,Others,Others.epublibre,UP,200,925,,
2026-08-23T17:40:13.807737+00:00,Others,Others.epublibre,UP,200,1043,,
2026-08-23T17:41:13.477875+00:00,Others,Others.epublibre,UP,200,968,,
2026-08-23T17:42:14.498269+00:00,Others,Others.epublibre,UP,200,918,,
2026-08-23T17:43:14.902310+00:00,Others,Others.epublibre,UP,200,955,,
2026-08-23T17:44:16.129692+00:00,Others,Others.epublibre,UP,200,1136,,
2026-08-23T17:45:16.191399+00:00,Others,Others.epublibre,UP,200,908,,
2026-08-23T17:46:16.315196+00:00,Others,Others.epublibre,UP,200,282,,
2026-08-23T17:47:17.709717+00:00,Others,Others.epublibre,UP,200,955,,
2026-08-23T17:48:18.198546+00:00,Others,Others.epublibre,UP,200,816,,
2026-08-23T17:49:22.322297+00:00,Others,Others.epublibre,DEGRADED,200,4825,latency_high,
2026-08-23T17:50:18.870879+00:00,Others,Others.epublibre,UP,200,789,,
2026-08-23T17:51:19.983877+00:00,Others,Others.epublibre,UP,200,905,,
2026-08-23T17:52:20.990602+00:00,Others,Others.epublibre,UP,200,1078,,
2026-08-23T17:53:22.083277+00:00,Others,Others.epublibre,UP,200,1220,,
2026-08-23T17:54:22.825341+00:00,Others,Others.epublibre,UP,200,1236,,
2026-08-23T17:55:23.473476+00:00,Others,Others.epublibre,UP,200,963,,
2026-08-23T17:56:24.405165+00:00,Others,Others.epublibre,UP,200,1223,,
2026-08-23T17:57:25.101474+00:00,Others,Others.epublibre,UP,200,814,,
2026-08-23T17:58:26.245951+00:00,Others,Others.epublibre,UP,200,1323,,
2026-08-23T17:59:26.224518+00:00,Others,Others.epublibre,UP,200,305,,
2026-08-23T18:00:27.834964+00:00,Others,Others.epublibre,UP,200,964,,
2026-08-23T18:01:27.999366+00:00,Others,Others.epublibre,UP,200,1060,,
2026-08-23T18:02:28.535283+00:00,Others,Others.epublibre,UP,200,1101,,
2026-08-23T18:03:29.283189+00:00,Others,Others.epublibre,UP,200,1102,,
2026-08-23T18:04:29.789349+00:00,Others,Others.epublibre,UP,200,812,,
2026-08-23T18:05:30.789664+00:00,Others,Others.epublibre,UP,200,848,,
2026-08-23T18:06:30.431892+00:00,Others,Others.epublibre,UP,200,703,,
2026-08-23T18:07:31.461005+00:00,Others,Others.epublibre,UP,200,1107,,
2026-08-23T18:08:31.430246+00:00,Others,Others.epublibre,UP,200,608,,
2026-08-23T18:09:31.750563+00:00,Others,Others.epublibre,UP,200,735,,
2026-08-23T18:10:32.447208+00:00,Others,Others.epublibre,UP,200,733,,
2026-08-23T18:11:33.307019+00:00,Others,Others.epublibre,UP,200,927,,
2026-08-23T18:12:33.893049+00:00,Others,Others.epublibre,UP,200,1023,,
2026-08-23T18:13:34.548222+00:00,Others,Others.epublibre,UP,200,1385,,
2026-08-23T18:14:33.954848+00:00,Others,Others.epublibre,UP,200,726,,
2026-08-23T18:15:34.303103+00:00,Others,Others.epublibre,UP,200,970,,
2026-08-23T18:16:34.309803+00:00,Others,Others.epublibre,UP,200,796,,
2026-08-23T18:17:35.414750+00:00,Others,Others.epublibre,UP,200,868,,
2026-08-23T18:18:37.569797+00:00,Others,Others.epublibre,UP,200,2676,,
2026-08-23T18:19:35.876921+00:00,Others,Others.epublibre,UP,200,227,,
2026-08-23T18:20:37.276231+00:00,Others,Others.epublibre,UP,200,729,,
2026-08-23T18:21:38.772270+00:00,Others,Others.epublibre,UP,200,1152,,
2026-08-23T18:22:39.021620+00:00,Others,Others.epublibre,UP,200,614,,
2026-08-23T18:23:46.278842+00:00,Others,Others.epublibre,DEGRADED,200,6992,latency_high,
2026-08-23T18:24:40.988563+00:00,Others,Others.epublibre,UP,200,730,,
2026-08-23T18:25:41.705108+00:00,Others,Others.epublibre,UP,200,657,,
2026-08-23T18:26:42.659186+00:00,Others,Others.epublibre,UP,200,918,,
2026-08-23T18:27:42.666449+00:00,Others,Others.epublibre,UP,200,674,,
2026-08-23T18:28:43.061685+00:00,Others,Others.epublibre,UP,200,200,,
2026-08-23T18:29:44.170463+00:00,Others,Others.epublibre,UP,200,569,,
2026-08-23T18:30:45.421865+00:00,Others,Others.epublibre,UP,200,758,,
2026-08-23T18:31:45.961686+00:00,Others,Others.epublibre,UP,200,960,,
2026-08-23T18:32:47.061848+00:00,Others,Others.epublibre,UP,200,1047,,
2026-08-23T18:33:47.300760+00:00,Others,Others.epublibre,UP,200,261,,
2026-08-23T18:34:49.710789+00:00,Others,Others.epublibre,UP,200,976,,
2026-08-23T18:35:47.750435+00:00,Others,Others.epublibre,UP,200,545,,
2026-08-23T18:36:48.565554+00:00,Others,Others.epublibre,UP,200,541,,
2026-08-23T18:37:50.270851+00:00,Others,Others.epublibre,UP,200,1489,,
2026-08-23T18:38:50.260325+00:00,Others,Others.epublibre,UP,200,636,,
2026-08-23T18:39:50.699190+00:00,Others,Others.epublibre,UP,200,752,,
2026-08-23T18:40:52.565742+00:00,Others,Others.epublibre,UP,200,1412,,
2026-08-23T18:41:53.640121+00:00,Others,Others.epublibre,UP,200,1481,,
2026-08-23T18:42:53.241716+00:00,Others,Others.epublibre,UP,200,1273,,
2026-08-23T18:43:53.756694+00:00,Others,Others.epublibre,UP,200,1083,,
2026-08-23T18:44:54.020535+00:00,Others,Others.epublibre,UP,200,242,,
2026-08-23T18:45:55.585212+00:00,Others,Others.epublibre,UP,200,1141,,
2026-08-23T18:46:55.707100+00:00,Others,Others.epublibre,UP,200,1337,,
2026-08-23T18:47:55.889096+00:00,Others,Others.epublibre,UP,200,588,,
2026-08-23T18:49:00.155093+00:00,Others,Others.epublibre,DEGRADED,200,3622,latency_high,
2026-08-23T18:49:57.966877+00:00,Others,Others.epublibre,UP,200,618,,
2026-08-23T18:50:58.187337+00:00,Others,Others.epublibre,UP,200,162,,
2026-08-23T18:51:58.666674+00:00,Others,Others.epublibre,UP,200,581,,
2026-08-23T18:53:00.172805+00:00,Others,Others.epublibre,UP,200,828,,
2026-08-23T18:53:59.957367+00:00,Others,Others.epublibre,UP,200,558,,
2026-08-23T18:55:00.446552+00:00,Others,Others.epublibre,UP,200,680,,
2026-08-23T18:56:01.152443+00:00,Others,Others.epublibre,UP,200,604,,
2026-08-23T18:57:01.044177+00:00,Others,Others.epublibre,UP,200,644,,
2026-08-23T18:58:02.177333+00:00,Others,Others.epublibre,UP,200,792,,
2026-08-23T18:59:02.560123+00:00,Others,Others.epublibre,UP,200,739,,
2026-08-23T19:00:02.829112+00:00,Others,Others.epublibre,UP,200,940,,
2026-08-23T19:01:02.377202+00:00,Others,Others.epublibre,UP,200,196,,
2026-08-23T19:02:03.353682+00:00,Others,Others.epublibre,UP,200,1217,,
2026-08-23T19:03:03.962327+00:00,Others,Others.epublibre,UP,200,1306,,
2026-08-23T19:04:03.224705+00:00,Others,Others.epublibre,UP,200,199,,
2026-08-23T19:05:04.508496+00:00,Others,Others.epublibre,UP,200,716,,
2026-08-23T19:06:04.213179+00:00,Others,Others.epublibre,UP,200,643,,
2026-08-23T19:07:05.494945+00:00,Others,Others.epublibre,UP,200,905,,
2026-08-23T19:08:06.461614+00:00,Others,Others.epublibre,UP,200,977,,
2026-08-23T19:09:06.568568+00:00,Others,Others.epublibre,UP,200,744,,
2026-08-23T19:10:06.807436+00:00,Others,Others.epublibre,UP,200,902,,
2026-08-23T19:11:07.341730+00:00,Others,Others.epublibre,UP,200,584,,
2026-08-23T19:12:07.711193+00:00,Others,Others.epublibre,UP,200,723,,
2026-08-23T19:13:10.678787+00:00,Others,Others.epublibre,UP,200,2713,,
2026-08-23T19:14:12.572953+00:00,Others,Others.epublibre,DEGRADED,200,3747,latency_high,
2026-08-23T19:15:10.332284+00:00,Others,Others.epublibre,UP,200,579,,
2026-08-23T19:16:10.808936+00:00,Others,Others.epublibre,UP,200,911,,
2026-08-23T19:17:11.298843+00:00,Others,Others.epublibre,UP,200,568,,
2026-08-23T19:18:11.520807+00:00,Others,Others.epublibre,UP,200,180,,
2026-08-23T19:19:11.836363+00:00,Others,Others.epublibre,UP,200,558,,
2026-08-23T19:20:12.872309+00:00,Others,Others.epublibre,UP,200,672,,
2026-08-23T19:21:13.198867+00:00,Others,Others.epublibre,UP,200,167,,
2026-08-23T19:22:14.991194+00:00,Others,Others.epublibre,UP,200,905,,
2026-08-23T19:23:15.008788+00:00,Others,Others.epublibre,UP,200,184,,
2026-08-23T19:24:16.576442+00:00,Others,Others.epublibre,UP,200,658,,
2026-08-23T19:25:17.199679+00:00,Others,Others.epublibre,UP,200,781,,
2026-08-23T19:26:18.134694+00:00,Others,Others.epublibre,UP,200,595,,
2026-08-23T19:27:19.253585+00:00,Others,Others.epublibre,UP,200,835,,
2026-08-23T19:28:30.662204+00:00,Others,Others.epublibre,DEGRADED,200,11308,latency_high,
2026-08-23T19:29:20.944996+00:00,Others,Others.epublibre,UP,200,713,,
2026-08-23T19:30:21.309875+00:00,Others,Others.epublibre,UP,200,256,,
2026-08-23T19:31:22.408742+00:00,Others,Others.epublibre,UP,200,232,,
2026-08-23T19:32:23.188956+00:00,Others,Others.epublibre,UP,200,1160,,
2026-08-23T19:33:24.208628+00:00,Others,Others.epublibre,UP,200,1033,,
2026-08-23T19:34:25.027514+00:00,Others,Others.epublibre,UP,200,1032,,
2026-08-23T19:35:26.503057+00:00,Others,Others.epublibre,UP,200,1246,,
2026-08-23T19:36:26.659895+00:00,Others,Others.epublibre,UP,200,1120,,
2026-08-23T19:37:27.529089+00:00,Others,Others.epublibre,UP,200,1092,,
2026-08-23T19:38:26.959147+00:00,Others,Others.epublibre,UP,200,826,,
2026-08-23T19:39:28.069903+00:00,Others,Others.epublibre,UP,200,913,,
2026-08-23T19:40:29.100442+00:00,Others,Others.epublibre,UP,200,1071,,
2026-08-23T19:41:28.924196+00:00,Others,Others.epublibre,UP,200,847,,
2026-08-23T19:42:29.490806+00:00,Others,Others.epublibre,UP,200,1130,,
2026-08-23T19:43:29.014279+00:00,Others,Others.epublibre,UP,200,210,,
2026-08-23T19:44:29.781238+00:00,Others,Others.epublibre,UP,200,1153,,
2026-08-23T19:45:30.040196+00:00,Others,Others.epublibre,UP,200,1149,,
2026-08-23T19:46:30.510897+00:00,Others,Others.epublibre,UP,200,1082,,
2026-08-23T19:47:30.150473+00:00,Others,Others.epublibre,UP,200,792,,
2026-08-23T19:48:31.329849+00:00,Others,Others.epublibre,UP,200,1013,,
2026-08-23T19:49:32.153101+00:00,Others,Others.epublibre,UP,200,1045,,
2026-08-23T19:50:32.200710+00:00,Others,Others.epublibre,UP,200,962,,
2026-08-23T19:51:32.962227+00:00,Others,Others.epublibre,UP,200,797,,
2026-08-23T19:52:33.746084+00:00,Others,Others.epublibre,UP,200,1119,,
2026-08-23T19:53:33.280953+00:00,Others,Others.epublibre,UP,200,797,,
2026-08-23T19:54:34.939086+00:00,Others,Others.epublibre,UP,200,1086,,
2026-08-23T19:55:34.924261+00:00,Others,Others.epublibre,UP,200,1170,,
2026-08-23T19:56:34.282919+00:00,Others,Others.epublibre,UP,200,228,,
2026-08-23T19:57:36.071889+00:00,Others,Others.epublibre,UP,200,922,,
2026-08-23T19:58:36.273007+00:00,Others,Others.epublibre,UP,200,1103,,
2026-08-23T19:59:36.955082+00:00,Others,Others.epublibre,UP,200,910,,
2026-08-23T20:00:37.103879+00:00,Others,Others.epublibre,UP,200,820,,
2026-08-23T20:01:37.891933+00:00,Others,Others.epublibre,UP,200,1183,,
2026-08-23T20:02:37.935040+00:00,Others,Others.epublibre,UP,200,1162,,
2026-08-23T20:03:38.867578+00:00,Others,Others.epublibre,UP,200,1204,,
2026-08-23T20:04:40.543839+00:00,Others,Others.epublibre,UP,200,1917,,
2026-08-23T20:05:41.449863+00:00,Others,Others.epublibre,UP,200,2734,,
2026-08-23T20:06:39.401591+00:00,Others,Others.epublibre,UP,200,805,,
2026-08-23T20:07:39.931557+00:00,Others,Others.epublibre,UP,200,260,,
2026-08-23T20:08:41.333978+00:00,Others,Others.epublibre,UP,200,901,,
2026-08-23T20:09:41.415104+00:00,Others,Others.epublibre,UP,200,1048,,
2026-08-23T20:10:42.068300+00:00,Others,Others.epublibre,UP,200,1028,,
2026-08-23T20:11:42.128943+00:00,Others,Others.epublibre,UP,200,1005,,
2026-08-23T20:12:42.628947+00:00,Others,Others.epublibre,UP,200,924,,
2026-08-23T20:13:42.412942+00:00,Others,Others.epublibre,UP,200,803,,
2026-08-23T20:14:43.675890+00:00,Others,Others.epublibre,UP,200,1068,,
2026-08-23T20:15:43.340404+00:00,Others,Others.epublibre,UP,200,666,,
2026-08-23T20:16:44.327140+00:00,Others,Others.epublibre,UP,200,1002,,
2026-08-23T20:17:43.834008+00:00,Others,Others.epublibre,UP,200,287,,
2026-08-23T20:18:45.247608+00:00,Others,Others.epublibre,UP,200,704,,
2026-08-23T20:19:46.487824+00:00,Others,Others.epublibre,UP,200,1135,,
2026-08-23T20:20:46.554465+00:00,Others,Others.epublibre,UP,200,200,,
2026-08-23T20:21:47.076090+00:00,Others,Others.epublibre,UP,200,780,,
2026-08-23T20:22:47.810947+00:00,Others,Others.epublibre,UP,200,1147,,
2026-08-23T20:23:48.879812+00:00,Others,Others.epublibre,UP,200,1259,,
2026-08-23T20:24:48.034367+00:00,Others,Others.epublibre,UP,200,219,,
2026-08-23T20:25:49.412475+00:00,Others,Others.epublibre,UP,200,767,,
2026-08-23T20:26:50.326943+00:00,Others,Others.epublibre,UP,200,884,,
2026-08-23T20:27:51.518825+00:00,Others,Others.epublibre,UP,200,1104,,
2026-08-23T20:28:52.975359+00:00,Others,Others.epublibre,UP,200,1134,,
2026-08-23T20:29:53.226957+00:00,Others,Others.epublibre,UP,200,1042,,
2026-08-23T20:30:53.810966+00:00,Others,Others.epublibre,UP,200,614,,
2026-08-23T20:31:55.145502+00:00,Others,Others.epublibre,UP,200,897,,
2026-08-23T20:32:54.292000+00:00,Others,Others.epublibre,UP,200,191,,
2026-08-23T20:33:55.792407+00:00,Others,Others.epublibre,UP,200,850,,
2026-08-23T20:34:56.785369+00:00,Others,Others.epublibre,UP,200,601,,
2026-08-23T20:35:58.557650+00:00,Others,Others.epublibre,UP,200,1659,,
2026-08-23T20:36:58.888634+00:00,Others,Others.epublibre,UP,200,935,,
2026-08-23T20:37:58.976793+00:00,Others,Others.epublibre,UP,200,697,,
2026-08-23T20:38:59.667953+00:00,Others,Others.epublibre,UP,200,1142,,
2026-08-23T20:40:00.342079+00:00,Others,Others.epublibre,UP,200,861,,
2026-08-23T20:41:00.849705+00:00,Others,Others.epublibre,UP,200,975,,
2026-08-23T20:42:01.605434+00:00,Others,Others.epublibre,UP,200,1335,,
2026-08-23T20:43:00.759520+00:00,Others,Others.epublibre,UP,200,284,,
2026-08-23T20:44:02.258035+00:00,Others,Others.epublibre,UP,200,734,,
2026-08-23T20:45:03.463696+00:00,Others,Others.epublibre,UP,200,1281,,
2026-08-23T20:46:04.214031+00:00,Others,Others.epublibre,UP,200,1351,,
2026-08-23T20:47:04.841766+00:00,Others,Others.epublibre,UP,200,973,,
2026-08-23T20:48:05.545939+00:00,Others,Others.epublibre,UP,200,940,,
2026-08-23T20:49:06.564145+00:00,Others,Others.epublibre,UP,200,1203,,
2026-08-23T20:50:07.458297+00:00,Others,Others.epublibre,UP,200,812,,
2026-08-23T20:51:07.419009+00:00,Others,Others.epublibre,UP,200,1113,,
2026-08-23T20:52:07.976028+00:00,Others,Others.epublibre,UP,200,1088,,
2026-08-23T20:53:08.735307+00:00,Others,Others.epublibre,UP,200,980,,
2026-08-23T20:54:09.938273+00:00,Others,Others.epublibre,UP,200,1144,,
2026-08-23T20:55:09.230702+00:00,Others,Others.epublibre,UP,200,192,,
2026-08-23T20:56:10.757519+00:00,Others,Others.epublibre,UP,200,762,,
2026-08-23T20:57:12.023947+00:00,Others,Others.epublibre,UP,200,867,,
2026-08-23T20:58:12.965769+00:00,Others,Others.epublibre,UP,200,1096,,
2026-08-23T20:59:12.836359+00:00,Others,Others.epublibre,UP,200,1123,,
2026-08-23T21:00:13.336930+00:00,Others,Others.epublibre,UP,200,1025,,
2026-08-23T21:01:13.311743+00:00,Others,Others.epublibre,UP,200,740,,
2026-08-23T21:02:14.424387+00:00,Others,Others.epublibre,UP,200,1109,,
2026-08-23T21:03:15.060901+00:00,Others,Others.epublibre,UP,200,743,,
2026-08-23T21:04:15.836101+00:00,Others,Others.epublibre,UP,200,707,,
2026-08-23T21:05:16.843275+00:00,Others,Others.epublibre,UP,200,689,,
2026-08-23T21:06:17.452418+00:00,Others,Others.epublibre,UP,200,814,,
2026-08-23T21:07:18.719905+00:00,Others,Others.epublibre,UP,200,838,,
2026-08-23T21:08:19.400010+00:00,Others,Others.epublibre,UP,200,770,,
2026-08-23T21:09:20.215540+00:00,Others,Others.epublibre,UP,200,919,,
2026-08-23T21:10:21.097037+00:00,Others,Others.epublibre,UP,200,1068,,
2026-08-23T21:11:21.333715+00:00,Others,Others.epublibre,UP,200,725,,
2026-08-23T21:12:22.816329+00:00,Others,Others.epublibre,UP,200,980,,
2026-08-23T21:13:22.759810+00:00,Others,Others.epublibre,UP,200,860,,
2026-08-23T21:14:23.303004+00:00,Others,Others.epublibre,UP,200,570,,
2026-08-23T21:15:23.942657+00:00,Others,Others.epublibre,UP,200,665,,
2026-08-23T21:16:24.425799+00:00,Others,Others.epublibre,UP,200,792,,
2026-08-23T21:17:25.222400+00:00,Others,Others.epublibre,UP,200,639,,
2026-08-23T21:18:26.217338+00:00,Others,Others.epublibre,UP,200,783,,
2026-08-23T21:19:26.931891+00:00,Others,Others.epublibre,UP,200,605,,
2026-08-23T21:20:27.475643+00:00,Others,Others.epublibre,UP,200,208,,
2026-08-23T21:21:28.052384+00:00,Others,Others.epublibre,UP,200,152,,
2026-08-23T21:22:29.619997+00:00,Others,Others.epublibre,UP,200,626,,
2026-08-23T21:23:30.041056+00:00,Others,Others.epublibre,UP,200,802,,
2026-08-23T21:24:30.589285+00:00,Others,Others.epublibre,UP,200,741,,
2026-08-23T21:25:30.792940+00:00,Others,Others.epublibre,UP,200,891,,
2026-08-23T21:26:31.081123+00:00,Others,Others.epublibre,UP,200,716,,
2026-08-23T21:27:32.209198+00:00,Others,Others.epublibre,UP,200,605,,
2026-08-23T21:28:32.498699+00:00,Others,Others.epublibre,UP,200,596,,
2026-08-23T21:29:34.137645+00:00,Others,Others.epublibre,UP,200,817,,
2026-08-23T21:30:34.060735+00:00,Others,Others.epublibre,UP,200,673,,
2026-08-23T21:31:34.046332+00:00,Others,Others.epublibre,UP,200,720,,
2026-08-23T21:32:34.954341+00:00,Others,Others.epublibre,UP,200,761,,
2026-08-23T21:33:35.435220+00:00,Others,Others.epublibre,UP,200,716,,
2026-08-23T21:34:35.561865+00:00,Others,Others.epublibre,UP,200,757,,
2026-08-23T21:35:35.587505+00:00,Others,Others.epublibre,UP,200,742,,
2026-08-23T21:36:35.507174+00:00,Others,Others.epublibre,UP,200,570,,
2026-08-23T21:37:41.043093+00:00,Others,Others.epublibre,DEGRADED,200,5222,latency_high,
2026-08-23T21:38:37.646589+00:00,Others,Others.epublibre,UP,200,567,,
2026-08-23T21:39:38.005903+00:00,Others,Others.epublibre,UP,200,741,,
2026-08-23T21:40:38.502038+00:00,Others,Others.epublibre,UP,200,613,,
2026-08-23T21:41:38.632177+00:00,Others,Others.epublibre,UP,200,612,,
2026-08-23T21:42:39.658574+00:00,Others,Others.epublibre,UP,200,579,,
2026-08-23T21:43:40.092781+00:00,Others,Others.epublibre,UP,200,672,,
2026-08-23T21:44:40.008629+00:00,Others,Others.epublibre,UP,200,547,,
2026-08-23T21:45:40.061371+00:00,Others,Others.epublibre,UP,200,588,,
2026-08-23T21:46:41.106859+00:00,Others,Others.epublibre,UP,200,634,,
2026-08-23T21:47:41.937898+00:00,Others,Others.epublibre,UP,200,690,,
2026-08-23T21:48:42.019225+00:00,Others,Others.epublibre,UP,200,673,,
2026-08-23T21:49:43.256378+00:00,Others,Others.epublibre,UP,200,880,,
2026-08-23T21:50:43.460425+00:00,Others,Others.epublibre,UP,200,237,,
2026-08-23T21:51:44.808513+00:00,Others,Others.epublibre,UP,200,561,,
2026-08-23T21:52:45.826117+00:00,Others,Others.epublibre,UP,200,798,,
2026-08-23T21:53:46.727907+00:00,Others,Others.epublibre,UP,200,668,,
2026-08-23T21:54:47.439322+00:00,Others,Others.epublibre,UP,200,579,,
2026-08-23T21:55:48.439870+00:00,Others,Others.epublibre,UP,200,618,,
2026-08-23T21:56:48.760974+00:00,Others,Others.epublibre,UP,200,146,,
2026-08-23T21:57:49.311546+00:00,Others,Others.epublibre,UP,200,658,,
2026-08-23T21:58:54.733239+00:00,Others,Others.epublibre,DEGRADED,200,5043,latency_high,
2026-08-23T21:59:51.499126+00:00,Others,Others.epublibre,UP,200,615,,
2026-08-23T22:00:51.121569+00:00,Others,Others.epublibre,UP,200,569,,
2026-08-23T22:01:51.856217+00:00,Others,Others.epublibre,UP,200,657,,
2026-08-23T22:02:51.765523+00:00,Others,Others.epublibre,UP,200,575,,
2026-08-23T22:03:51.975842+00:00,Others,Others.epublibre,UP,200,626,,
2026-08-23T22:04:52.836343+00:00,Others,Others.epublibre,UP,200,648,,
2026-08-23T22:05:53.289949+00:00,Others,Others.epublibre,UP,200,603,,
2026-08-23T22:06:53.310486+00:00,Others,Others.epublibre,UP,200,587,,
2026-08-23T22:07:54.306849+00:00,Others,Others.epublibre,UP,200,633,,
2026-08-23T22:08:55.255872+00:00,Others,Others.epublibre,UP,200,607,,
2026-08-23T22:09:56.602883+00:00,Others,Others.epublibre,UP,200,755,,
2026-08-23T22:10:56.770188+00:00,Others,Others.epublibre,UP,200,672,,
2026-08-23T22:11:57.936006+00:00,Others,Others.epublibre,UP,200,648,,
2026-08-23T22:12:58.696793+00:00,Others,Others.epublibre,UP,200,611,,
2026-08-23T22:13:58.915446+00:00,Others,Others.epublibre,UP,200,572,,
2026-08-23T22:14:59.966502+00:00,Others,Others.epublibre,UP,200,585,,
2026-08-23T22:15:59.731717+00:00,Others,Others.epublibre,UP,200,614,,
2026-08-23T22:17:00.730767+00:00,Others,Others.epublibre,UP,200,735,,
2026-08-23T22:18:00.069942+00:00,Others,Others.epublibre,UP,200,143,,
2026-08-23T22:19:00.552756+00:00,Others,Others.epublibre,UP,200,592,,
2026-08-23T22:20:01.930496+00:00,Others,Others.epublibre,UP,200,566,,
2026-08-23T22:21:02.672820+00:00,Others,Others.epublibre,UP,200,776,,
2026-08-23T22:22:02.734215+00:00,Others,Others.epublibre,UP,200,558,,
2026-08-23T22:23:02.548670+00:00,Others,Others.epublibre,UP,200,702,,
2026-08-23T22:24:03.535406+00:00,Others,Others.epublibre,UP,200,695,,
2026-08-23T22:25:03.748552+00:00,Others,Others.epublibre,UP,200,576,,
2026-08-23T22:26:03.818979+00:00,Others,Others.epublibre,UP,200,598,,
2026-08-23T22:27:04.083810+00:00,Others,Others.epublibre,UP,200,143,,
2026-08-23T22:28:07.188293+00:00,Others,Others.epublibre,UP,200,2516,,
2026-08-23T22:29:06.376287+00:00,Others,Others.epublibre,UP,200,568,,
2026-08-23T22:30:07.354804+00:00,Others,Others.epublibre,UP,200,606,,
2026-08-23T22:31:07.908046+00:00,Others,Others.epublibre,UP,200,653,,
2026-08-23T22:32:07.641191+00:00,Others,Others.epublibre,UP,200,565,,
2026-08-23T22:33:08.867046+00:00,Others,Others.epublibre,UP,200,555,,
2026-08-23T22:34:09.717356+00:00,Others,Others.epublibre,UP,200,574,,
2026-08-23T22:35:09.764735+00:00,Others,Others.epublibre,UP,200,570,,
2026-08-23T22:36:10.105050+00:00,Others,Others.epublibre,UP,200,603,,
2026-08-23T22:37:11.420686+00:00,Others,Others.epublibre,UP,200,701,,
2026-08-23T22:38:11.672356+00:00,Others,Others.epublibre,UP,200,561,,
2026-08-23T22:39:12.306568+00:00,Others,Others.epublibre,UP,200,646,,
2026-08-23T22:40:14.012970+00:00,Others,Others.epublibre,UP,200,2163,,
2026-08-23T22:41:13.127895+00:00,Others,Others.epublibre,UP,200,564,,
2026-08-23T22:42:13.809753+00:00,Others,Others.epublibre,UP,200,537,,
2026-08-23T22:43:15.228915+00:00,Others,Others.epublibre,UP,200,611,,
2026-08-23T22:44:15.180968+00:00,Others,Others.epublibre,UP,200,547,,
2026-08-23T22:45:16.063353+00:00,Others,Others.epublibre,UP,200,582,,
2026-08-23T22:46:15.319629+00:00,Others,Others.epublibre,UP,200,138,,
2026-08-23T22:47:16.362748+00:00,Others,Others.epublibre,UP,200,633,,
2026-08-23T22:48:16.803114+00:00,Others,Others.epublibre,UP,200,143,,
2026-08-23T22:49:18.518396+00:00,Others,Others.epublibre,UP,200,618,,
2026-08-23T22:50:19.715041+00:00,Others,Others.epublibre,UP,200,712,,
2026-08-23T22:51:19.694103+00:00,Others,Others.epublibre,UP,200,561,,
2026-08-23T22:52:20.709837+00:00,Others,Others.epublibre,UP,200,612,,
2026-08-23T22:53:21.426444+00:00,Others,Others.epublibre,UP,200,584,,
2026-08-23T22:54:22.283463+00:00,Others,Others.epublibre,UP,200,549,,
2026-08-23T22:55:23.275419+00:00,Others,Others.epublibre,UP,200,636,,
2026-08-23T22:56:23.517358+00:00,Others,Others.epublibre,UP,200,133,,
2026-08-23T22:57:25.055718+00:00,Others,Others.epublibre,UP,200,576,,
2026-08-23T22:58:26.503060+00:00,Others,Others.epublibre,UP,200,549,,
2026-08-23T22:59:26.188797+00:00,Others,Others.epublibre,UP,200,606,,
2026-08-23T23:00:26.740431+00:00,Others,Others.epublibre,UP,200,605,,
2026-08-23T23:01:26.968701+00:00,Others,Others.epublibre,UP,200,550,,
2026-08-23T23:02:28.051558+00:00,Others,Others.epublibre,UP,200,627,,
2026-08-23T23:03:28.344727+00:00,Others,Others.epublibre,UP,200,152,,
2026-08-23T23:04:29.009989+00:00,Others,Others.epublibre,UP,200,569,,
2026-08-23T23:05:29.548253+00:00,Others,Others.epublibre,UP,200,604,,
2026-08-23T23:06:29.502036+00:00,Others,Others.epublibre,UP,200,628,,
2026-08-23T23:07:30.044557+00:00,Others,Others.epublibre,UP,200,618,,
2026-08-23T23:08:30.424159+00:00,Others,Others.epublibre,UP,200,136,,
2026-08-23T23:09:31.298910+00:00,Others,Others.epublibre,UP,200,603,,
2026-08-23T23:10:31.520687+00:00,Others,Others.epublibre,UP,200,565,,
2026-08-23T23:11:31.986220+00:00,Others,Others.epublibre,UP,200,133,,
2026-08-23T23:12:33.243792+00:00,Others,Others.epublibre,UP,200,616,,
2026-08-23T23:13:33.228165+00:00,Others,Others.epublibre,UP,200,561,,
2026-08-23T23:14:33.744849+00:00,Others,Others.epublibre,UP,200,140,,
2026-08-23T23:15:34.114821+00:00,Others,Others.epublibre,UP,200,572,,
2026-08-23T23:16:34.267208+00:00,Others,Others.epublibre,UP,200,542,,
2026-08-23T23:17:34.324562+00:00,Others,Others.epublibre,UP,200,592,,
2026-08-23T23:18:36.313853+00:00,Others,Others.epublibre,UP,200,1475,,
2026-08-23T23:19:35.882262+00:00,Others,Others.epublibre,UP,200,658,,
2026-08-23T23:20:36.001103+00:00,Others,Others.epublibre,UP,200,575,,
2026-08-23T23:21:36.932320+00:00,Others,Others.epublibre,UP,200,549,,
2026-08-23T23:22:37.816717+00:00,Others,Others.epublibre,UP,200,560,,
2026-08-23T23:23:38.700961+00:00,Others,Others.epublibre,UP,200,571,,
2026-08-23T23:24:39.701489+00:00,Others,Others.epublibre,UP,200,551,,
2026-08-23T23:25:39.796828+00:00,Others,Others.epublibre,UP,200,566,,
2026-08-23T23:26:39.514846+00:00,Others,Others.epublibre,UP,200,575,,
2026-08-23T23:27:40.604537+00:00,Others,Others.epublibre,UP,200,590,,
2026-08-23T23:28:41.406287+00:00,Others,Others.epublibre,UP,200,575,,
2026-08-23T23:29:42.314824+00:00,Others,Others.epublibre,UP,200,544,,
2026-08-23T23:30:42.625551+00:00,Others,Others.epublibre,UP,200,553,,
2026-08-23T23:31:43.522811+00:00,Others,Others.epublibre,UP,200,559,,
2026-08-23T23:32:44.375160+00:00,Others,Others.epublibre,UP,200,571,,
2026-08-23T23:33:44.946069+00:00,Others,Others.epublibre,UP,200,640,,
2026-08-23T23:34:45.199666+00:00,Others,Others.epublibre,UP,200,558,,
2026-08-23T23:35:45.131078+00:00,Others,Others.epublibre,UP,200,615,,
2026-08-23T23:36:45.460586+00:00,Others,Others.epublibre,UP,200,593,,
2026-08-23T23:37:46.459513+00:00,Others,Others.epublibre,UP,200,556,,
2026-08-23T23:38:47.561819+00:00,Others,Others.epublibre,UP,200,560,,
2026-08-23T23:39:48.479574+00:00,Others,Others.epublibre,UP,200,571,,
2026-08-23T23:40:49.292024+00:00,Others,Others.epublibre,UP,200,603,,
2026-08-23T23:41:49.545741+00:00,Others,Others.epublibre,UP,200,574,,
2026-08-23T23:42:50.078644+00:00,Others,Others.epublibre,UP,200,568,,
2026-08-23T23:43:51.104776+00:00,Others,Others.epublibre,UP,200,568,,
2026-08-23T23:44:51.853934+00:00,Others,Others.epublibre,UP,200,624,,
2026-08-23T23:45:52.876639+00:00,Others,Others.epublibre,UP,200,621,,
2026-08-23T23:46:52.960027+00:00,Others,Others.epublibre,UP,200,565,,
2026-08-23T23:47:53.264344+00:00,Others,Others.epublibre,UP,200,579,,
2026-08-23T23:48:52.950748+00:00,Others,Others.epublibre,UP,200,547,,
2026-08-23T23:49:53.850019+00:00,Others,Others.epublibre,UP,200,621,,
2026-08-23T23:50:54.064509+00:00,Others,Others.epublibre,UP,200,557,,
2026-08-23T23:51:54.368503+00:00,Others,Others.epublibre,UP,200,588,,
2026-08-23T23:52:54.453882+00:00,Others,Others.epublibre,UP,200,591,,
2026-08-23T23:53:55.460064+00:00,Others,Others.epublibre,UP,200,550,,
2026-08-23T23:54:55.956222+00:00,Others,Others.epublibre,UP,200,605,,
2026-08-23T23:55:56.927874+00:00,Others,Others.epublibre,UP,200,556,,
2026-08-23T23:56:57.700878+00:00,Others,Others.epublibre,UP,200,613,,
2026-08-23T23:57:57.932197+00:00,Others,Others.epublibre,UP,200,554,,
2026-08-23T23:58:58.822551+00:00,Others,Others.epublibre,UP,200,553,,
2026-08-23T23:59:59.636688+00:00,Others,Others.epublibre,UP,200,628,,
2026-08-24T00:01:00.144838+00:00,Others,Others.epublibre,UP,200,681,,
2026-08-24T00:02:00.241320+00:00,Others,Others.epublibre,UP,200,600,,
2026-08-24T00:03:00.794489+00:00,Others,Others.epublibre,UP,200,584,,
2026-08-24T00:04:00.450054+00:00,Others,Others.epublibre,UP,200,560,,
2026-08-24T00:05:00.978762+00:00,Others,Others.epublibre,UP,200,655,,
2026-08-24T00:06:01.820216+00:00,Others,Others.epublibre,UP,200,676,,
2026-08-24T00:07:02.791665+00:00,Others,Others.epublibre,UP,200,754,,
2026-08-24T00:08:01.780765+00:00,Others,Others.epublibre,UP,200,136,,
2026-08-24T00:09:03.584026+00:00,Others,Others.epublibre,UP,200,616,,
2026-08-24T00:10:04.494534+00:00,Others,Others.epublibre,UP,200,802,,
2026-08-24T00:11:04.714257+00:00,Others,Others.epublibre,UP,200,669,,
2026-08-24T00:12:04.780458+00:00,Others,Others.epublibre,UP,200,609,,
2026-08-24T00:13:04.686589+00:00,Others,Others.epublibre,UP,200,555,,
2026-08-24T00:14:05.614879+00:00,Others,Others.epublibre,UP,200,713,,
2026-08-24T00:15:05.695828+00:00,Others,Others.epublibre,UP,200,651,,
2026-08-24T00:16:06.210507+00:00,Others,Others.epublibre,UP,200,593,,
2026-08-24T00:17:06.010033+00:00,Others,Others.epublibre,UP,200,580,,
2026-08-24T00:18:05.707999+00:00,Others,Others.epublibre,UP,200,583,,
2026-08-24T00:19:05.916746+00:00,Others,Others.epublibre,UP,200,609,,
2026-08-24T00:20:06.487686+00:00,Others,Others.epublibre,UP,200,650,,
2026-08-24T00:21:06.420178+00:00,Others,Others.epublibre,UP,200,141,,
2026-08-24T00:22:07.147932+00:00,Others,Others.epublibre,UP,200,562,,
2026-08-24T00:23:07.379456+00:00,Others,Others.epublibre,UP,200,141,,
2026-08-24T00:24:08.822146+00:00,Others,Others.epublibre,UP,200,556,,
2026-08-24T00:25:09.944027+00:00,Others,Others.epublibre,UP,200,556,,
2026-08-24T00:26:10.880890+00:00,Others,Others.epublibre,UP,200,587,,
2026-08-24T00:27:10.603940+00:00,Others,Others.epublibre,UP,200,558,,
2026-08-24T00:28:10.435205+00:00,Others,Others.epublibre,UP,200,643,,
2026-08-24T00:29:11.130932+00:00,Others,Others.epublibre,UP,200,553,,
2026-08-24T00:30:12.121986+00:00,Others,Others.epublibre,UP,200,681,,
2026-08-24T00:31:11.850465+00:00,Others,Others.epublibre,UP,200,137,,
2026-08-24T00:32:13.144280+00:00,Others,Others.epublibre,UP,200,545,,
2026-08-24T00:33:12.981159+00:00,Others,Others.epublibre,UP,200,574,,
2026-08-24T00:34:13.223803+00:00,Others,Others.epublibre,UP,200,588,,
2026-08-24T00:35:14.082750+00:00,Others,Others.epublibre,UP,200,549,,
2026-08-24T00:36:15.204270+00:00,Others,Others.epublibre,UP,200,550,,
2026-08-24T00:37:15.574396+00:00,Others,Others.epublibre,UP,200,637,,
2026-08-24T00:38:15.210942+00:00,Others,Others.epublibre,UP,200,137,,
2026-08-24T00:39:16.431080+00:00,Others,Others.epublibre,UP,200,589,,
2026-08-24T00:40:17.293083+00:00,Others,Others.epublibre,UP,200,556,,
2026-08-24T00:41:23.731853+00:00,Others,Others.epublibre,DEGRADED,200,6703,latency_high,
2026-08-24T00:42:18.458860+00:00,Others,Others.epublibre,UP,200,565,,
2026-08-24T00:43:25.035355+00:00,Others,Others.epublibre,DEGRADED,200,6684,latency_high,
2026-08-24T00:44:19.230462+00:00,Others,Others.epublibre,UP,200,614,,
2026-08-24T00:45:19.884860+00:00,Others,Others.epublibre,UP,200,586,,
2026-08-24T00:46:20.167092+00:00,Others,Others.epublibre,UP,200,556,,
2026-08-24T00:47:20.643201+00:00,Others,Others.epublibre,UP,200,643,,
2026-08-24T00:48:20.745682+00:00,Others,Others.epublibre,UP,200,565,,
2026-08-24T00:49:21.206755+00:00,Others,Others.epublibre,UP,200,608,,
2026-08-24T00:50:21.121426+00:00,Others,Others.epublibre,UP,200,568,,
2026-08-24T00:51:27.204820+00:00,Others,Others.epublibre,DEGRADED,200,6493,latency_high,
2026-08-24T00:52:22.339713+00:00,Others,Others.epublibre,UP,200,582,,
2026-08-24T00:53:22.841660+00:00,Others,Others.epublibre,UP,200,608,,
2026-08-24T00:54:22.960237+00:00,Others,Others.epublibre,UP,200,568,,
2026-08-24T00:55:23.892452+00:00,Others,Others.epublibre,UP,200,552,,
2026-08-24T00:56:23.877488+00:00,Others,Others.epublibre,UP,200,555,,
2026-08-24T00:57:25.035500+00:00,Others,Others.epublibre,UP,200,583,,
2026-08-24T00:58:25.378491+00:00,Others,Others.epublibre,UP,200,649,,
2026-08-24T00:59:25.316455+00:00,Others,Others.epublibre,UP,200,589,,
2026-08-24T01:00:26.116322+00:00,Others,Others.epublibre,UP,200,594,,
2026-08-24T01:01:26.340577+00:00,Others,Others.epublibre,UP,200,137,,
2026-08-24T01:02:26.424833+00:00,Others,Others.epublibre,UP,200,138,,
2026-08-24T01:03:26.964734+00:00,Others,Others.epublibre,UP,200,568,,
2026-08-24T01:04:27.616113+00:00,Others,Others.epublibre,UP,200,655,,
2026-08-24T01:05:28.766948+00:00,Others,Others.epublibre,UP,200,823,,
2026-08-24T01:06:28.153807+00:00,Others,Others.epublibre,UP,200,555,,
2026-08-24T01:07:28.268787+00:00,Others,Others.epublibre,UP,200,560,,
2026-08-24T01:08:28.732847+00:00,Others,Others.epublibre,UP,200,626,,
2026-08-24T01:09:28.679404+00:00,Others,Others.epublibre,UP,200,604,,
2026-08-24T01:10:29.065365+00:00,Others,Others.epublibre,UP,200,596,,
2026-08-24T01:11:29.098572+00:00,Others,Others.epublibre,UP,200,595,,
2026-08-24T01:12:29.825785+00:00,Others,Others.epublibre,UP,200,627,,
2026-08-24T01:13:29.682524+00:00,Others,Others.epublibre,UP,200,585,,
2026-08-24T01:14:29.684391+00:00,Others,Others.epublibre,UP,200,139,,
2026-08-24T01:15:31.124314+00:00,Others,Others.epublibre,UP,200,572,,
2026-08-24T01:16:31.841489+00:00,Others,Others.epublibre,UP,200,649,,
2026-08-24T01:17:31.769338+00:00,Others,Others.epublibre,UP,200,551,,
2026-08-24T01:18:32.885983+00:00,Others,Others.epublibre,UP,200,566,,
2026-08-24T01:19:32.842487+00:00,Others,Others.epublibre,UP,200,560,,
2026-08-24T01:20:33.394889+00:00,Others,Others.epublibre,UP,200,625,,
2026-08-24T01:21:33.437590+00:00,Others,Others.epublibre,UP,200,548,,
2026-08-24T01:22:34.210498+00:00,Others,Others.epublibre,UP,200,627,,
2026-08-24T01:23:33.675535+00:00,Others,Others.epublibre,UP,200,554,,
2026-08-24T01:24:33.872308+00:00,Others,Others.epublibre,UP,200,554,,
2026-08-24T01:25:33.837579+00:00,Others,Others.epublibre,UP,200,560,,
2026-08-24T01:26:34.192363+00:00,Others,Others.epublibre,UP,200,576,,
2026-08-24T01:27:35.730529+00:00,Others,Others.epublibre,UP,200,739,,
2026-08-24T01:28:35.769410+00:00,Others,Others.epublibre,UP,200,579,,
2026-08-24T01:29:36.716754+00:00,Others,Others.epublibre,UP,200,552,,
2026-08-24T01:30:36.804836+00:00,Others,Others.epublibre,UP,200,583,,
2026-08-24T01:31:37.084631+00:00,Others,Others.epublibre,UP,200,576,,
2026-08-24T01:32:37.415582+00:00,Others,Others.epublibre,UP,200,551,,
2026-08-24T01:33:37.965098+00:00,Others,Others.epublibre,UP,200,700,,
2026-08-24T01:34:37.963481+00:00,Others,Others.epublibre,UP,200,568,,
2026-08-24T01:35:38.263446+00:00,Others,Others.epublibre,UP,200,554,,
2026-08-24T01:36:38.591937+00:00,Others,Others.epublibre,UP,200,582,,
2026-08-24T01:37:39.533981+00:00,Others,Others.epublibre,UP,200,673,,
2026-08-24T01:38:39.913043+00:00,Others,Others.epublibre,UP,200,678,,
2026-08-24T01:39:39.937297+00:00,Others,Others.epublibre,UP,200,546,,
2026-08-24T01:40:40.491014+00:00,Others,Others.epublibre,UP,200,568,,
2026-08-24T01:41:48.403759+00:00,Others,Others.epublibre,DEGRADED,200,8285,latency_high,
2026-08-24T01:42:40.814355+00:00,Others,Others.epublibre,UP,200,554,,
2026-08-24T01:43:41.461695+00:00,Others,Others.epublibre,UP,200,136,,
2026-08-24T01:44:41.476723+00:00,Others,Others.epublibre,UP,200,138,,
2026-08-24T01:45:42.444230+00:00,Others,Others.epublibre,UP,200,589,,
2026-08-24T01:46:42.856036+00:00,Others,Others.epublibre,UP,200,136,,
2026-08-24T01:47:43.030464+00:00,Others,Others.epublibre,UP,200,628,,
2026-08-24T01:48:44.036225+00:00,Others,Others.epublibre,UP,200,566,,
2026-08-24T01:49:45.289433+00:00,Others,Others.epublibre,UP,200,565,,
2026-08-24T01:50:46.027309+00:00,Others,Others.epublibre,UP,200,586,,
2026-08-24T01:51:46.262181+00:00,Others,Others.epublibre,UP,200,566,,
2026-08-24T01:52:46.180620+00:00,Others,Others.epublibre,UP,200,534,,
2026-08-24T01:53:46.375527+00:00,Others,Others.epublibre,UP,200,539,,
2026-08-24T01:54:47.139959+00:00,Others,Others.epublibre,UP,200,641,,
2026-08-24T01:55:46.973609+00:00,Others,Others.epublibre,UP,200,558,,
2026-08-24T01:56:46.611386+00:00,Others,Others.epublibre,UP,200,136,,
2026-08-24T01:57:47.325647+00:00,Others,Others.epublibre,UP,200,573,,
2026-08-24T01:58:47.841640+00:00,Others,Others.epublibre,UP,200,588,,
2026-08-24T01:59:47.558059+00:00,Others,Others.epublibre,UP,200,559,,
2026-08-24T02:00:47.731999+00:00,Others,Others.epublibre,UP,200,553,,
2026-08-24T02:01:48.000730+00:00,Others,Others.epublibre,UP,200,574,,
2026-08-24T02:02:48.753514+00:00,Others,Others.epublibre,UP,200,578,,
2026-08-24T02:03:49.395467+00:00,Others,Others.epublibre,UP,200,140,,
2026-08-24T02:04:50.353123+00:00,Others,Others.epublibre,UP,200,584,,
2026-08-24T02:05:50.298515+00:00,Others,Others.epublibre,UP,200,588,,
2026-08-24T02:06:50.353001+00:00,Others,Others.epublibre,UP,200,566,,
2026-08-24T02:07:51.365757+00:00,Others,Others.epublibre,UP,200,635,,
2026-08-24T02:08:51.235835+00:00,Others,Others.epublibre,UP,200,570,,
2026-08-24T02:09:51.238664+00:00,Others,Others.epublibre,UP,200,583,,
2026-08-24T02:10:51.344065+00:00,Others,Others.epublibre,UP,200,561,,
2026-08-24T02:11:51.440330+00:00,Others,Others.epublibre,UP,200,560,,
2026-08-24T02:12:52.437825+00:00,Others,Others.epublibre,UP,200,651,,
2026-08-24T02:13:52.112770+00:00,Others,Others.epublibre,UP,200,555,,
2026-08-24T02:14:52.368905+00:00,Others,Others.epublibre,UP,200,135,,
2026-08-24T02:15:57.360097+00:00,Others,Others.epublibre,DEGRADED,200,4117,latency_high,
2026-08-24T02:16:54.139212+00:00,Others,Others.epublibre,UP,200,572,,
2026-08-24T02:17:53.916932+00:00,Others,Others.epublibre,UP,200,573,,
2026-08-24T02:18:53.931626+00:00,Others,Others.epublibre,UP,200,563,,
2026-08-24T02:19:53.971131+00:00,Others,Others.epublibre,UP,200,617,,
2026-08-24T02:20:53.901260+00:00,Others,Others.epublibre,UP,200,139,,
2026-08-24T02:21:55.060376+00:00,Others,Others.epublibre,UP,200,598,,
2026-08-24T02:22:55.207899+00:00,Others,Others.epublibre,UP,200,566,,
2026-08-24T02:23:55.236981+00:00,Others,Others.epublibre,UP,200,139,,
2026-08-24T02:24:55.650490+00:00,Others,Others.epublibre,UP,200,554,,
2026-08-24T02:25:55.887935+00:00,Others,Others.epublibre,UP,200,637,,
2026-08-24T02:26:56.132477+00:00,Others,Others.epublibre,UP,200,555,,
2026-08-24T02:27:56.673717+00:00,Others,Others.epublibre,UP,200,585,,
2026-08-24T02:28:57.154520+00:00,Others,Others.epublibre,UP,200,631,,
2026-08-24T02:29:57.033557+00:00,Others,Others.epublibre,UP,200,552,,
2026-08-24T02:30:57.913449+00:00,Others,Others.epublibre,UP,200,600,,
2026-08-24T02:31:57.836941+00:00,Others,Others.epublibre,UP,200,556,,
2026-08-24T02:32:58.330954+00:00,Others,Others.epublibre,UP,200,556,,
2026-08-24T02:33:58.910895+00:00,Others,Others.epublibre,UP,200,679,,
2026-08-24T02:34:59.159005+00:00,Others,Others.epublibre,UP,200,596,,
2026-08-24T02:35:59.179306+00:00,Others,Others.epublibre,UP,200,147,,
2026-08-24T02:37:00.175108+00:00,Others,Others.epublibre,UP,200,663,,
2026-08-24T02:38:00.325034+00:00,Others,Others.epublibre,UP,200,584,,
2026-08-24T02:39:00.099295+00:00,Others,Others.epublibre,UP,200,141,,
2026-08-24T02:40:01.156106+00:00,Others,Others.epublibre,UP,200,564,,
2026-08-24T02:41:02.095168+00:00,Others,Others.epublibre,UP,200,688,,
2026-08-24T02:42:02.740492+00:00,Others,Others.epublibre,UP,200,608,,
2026-08-24T02:43:03.019966+00:00,Others,Others.epublibre,UP,200,539,,
2026-08-24T02:44:02.657871+00:00,Others,Others.epublibre,UP,200,580,,
2026-08-24T02:45:03.404923+00:00,Others,Others.epublibre,UP,200,780,,
2026-08-24T02:46:04.083414+00:00,Others,Others.epublibre,UP,200,723,,
2026-08-24T02:47:04.062189+00:00,Others,Others.epublibre,UP,200,563,,
2026-08-24T02:48:04.098653+00:00,Others,Others.epublibre,UP,200,137,,
2026-08-24T02:49:04.549763+00:00,Others,Others.epublibre,UP,200,703,,
2026-08-24T02:50:03.736066+00:00,Others,Others.epublibre,UP,200,148,,
2026-08-24T02:51:04.742678+00:00,Others,Others.epublibre,UP,200,158,,
2026-08-24T02:52:05.624632+00:00,Others,Others.epublibre,UP,200,598,,
2026-08-24T02:53:05.489778+00:00,Others,Others.epublibre,UP,200,600,,
2026-08-24T02:54:05.861518+00:00,Others,Others.epublibre,UP,200,608,,
2026-08-24T02:55:05.848279+00:00,Others,Others.epublibre,UP,200,655,,
2026-08-24T02:56:06.243271+00:00,Others,Others.epublibre,UP,200,579,,
2026-08-24T02:57:06.208859+00:00,Others,Others.epublibre,UP,200,616,,
2026-08-24T02:58:06.744259+00:00,Others,Others.epublibre,UP,200,619,,
2026-08-24T02:59:07.022050+00:00,Others,Others.epublibre,UP,200,564,,
2026-08-24T03:00:07.994458+00:00,Others,Others.epublibre,UP,200,813,,
2026-08-24T03:01:08.320902+00:00,Others,Others.epublibre,UP,200,577,,
2026-08-24T03:02:08.706747+00:00,Others,Others.epublibre,UP,200,680,,
2026-08-24T03:03:08.865715+00:00,Others,Others.epublibre,UP,200,590,,
2026-08-24T03:04:09.216907+00:00,Others,Others.epublibre,UP,200,552,,
2026-08-24T03:05:09.228812+00:00,Others,Others.epublibre,UP,200,564,,
2026-08-24T03:06:09.374563+00:00,Others,Others.epublibre,UP,200,599,,
2026-08-24T03:07:10.112691+00:00,Others,Others.epublibre,UP,200,674,,
2026-08-24T03:08:10.245501+00:00,Others,Others.epublibre,UP,200,569,,
2026-08-24T03:09:10.597305+00:00,Others,Others.epublibre,UP,200,598,,
2026-08-24T03:10:10.863611+00:00,Others,Others.epublibre,UP,200,584,,
2026-08-24T03:11:10.639302+00:00,Others,Others.epublibre,UP,200,555,,
2026-08-24T03:12:11.259249+00:00,Others,Others.epublibre,UP,200,607,,
2026-08-24T03:13:11.359725+00:00,Others,Others.epublibre,UP,200,637,,
2026-08-24T03:14:12.627504+00:00,Others,Others.epublibre,UP,200,572,,
2026-08-24T03:15:13.453375+00:00,Others,Others.epublibre,UP,200,577,,
2026-08-24T03:16:13.497216+00:00,Others,Others.epublibre,UP,200,576,,
2026-08-24T03:17:13.363933+00:00,Others,Others.epublibre,UP,200,545,,
2026-08-24T03:18:14.050891+00:00,Others,Others.epublibre,UP,200,574,,
2026-08-24T03:19:14.603540+00:00,Others,Others.epublibre,UP,200,562,,
2026-08-24T03:20:14.410054+00:00,Others,Others.epublibre,UP,200,143,,
2026-08-24T03:21:15.350093+00:00,Others,Others.epublibre,UP,200,582,,
2026-08-24T03:22:16.053639+00:00,Others,Others.epublibre,UP,200,729,,
2026-08-24T03:23:15.803099+00:00,Others,Others.epublibre,UP,200,592,,
2026-08-24T03:24:16.201992+00:00,Others,Others.epublibre,UP,200,556,,
2026-08-24T03:25:16.799648+00:00,Others,Others.epublibre,UP,200,555,,
2026-08-24T03:26:17.320783+00:00,Others,Others.epublibre,UP,200,536,,
2026-08-24T03:27:18.272307+00:00,Others,Others.epublibre,UP,200,574,,
2026-08-24T03:28:18.855054+00:00,Others,Others.epublibre,UP,200,557,,
2026-08-24T03:29:19.421799+00:00,Others,Others.epublibre,UP,200,585,,
2026-08-24T03:30:20.152320+00:00,Others,Others.epublibre,UP,200,652,,
2026-08-24T03:31:20.171224+00:00,Others,Others.epublibre,UP,200,133,,
2026-08-24T03:32:21.737450+00:00,Others,Others.epublibre,UP,200,627,,
2026-08-24T03:33:22.892153+00:00,Others,Others.epublibre,UP,200,723,,
2026-08-24T03:34:22.231979+00:00,Others,Others.epublibre,UP,200,609,,
2026-08-24T03:35:23.128291+00:00,Others,Others.epublibre,UP,200,595,,
2026-08-24T03:36:23.453729+00:00,Others,Others.epublibre,UP,200,563,,
2026-08-24T03:37:24.576654+00:00,Others,Others.epublibre,UP,200,599,,
2026-08-24T03:38:25.087302+00:00,Others,Others.epublibre,UP,200,591,,
2026-08-24T03:39:26.064040+00:00,Others,Others.epublibre,UP,200,592,,
2026-08-24T03:40:26.829868+00:00,Others,Others.epublibre,UP,200,579,,
2026-08-24T03:41:27.764620+00:00,Others,Others.epublibre,UP,200,591,,
2026-08-24T03:42:28.136403+00:00,Others,Others.epublibre,UP,200,599,,
2026-08-24T03:43:28.017625+00:00,Others,Others.epublibre,UP,200,139,,
2026-08-24T03:44:29.369463+00:00,Others,Others.epublibre,UP,200,578,,
2026-08-24T03:45:30.022757+00:00,Others,Others.epublibre,UP,200,608,,
2026-08-24T03:46:30.388541+00:00,Others,Others.epublibre,UP,200,550,,
2026-08-24T03:47:31.345713+00:00,Others,Others.epublibre,UP,200,557,,
2026-08-24T03:48:31.961047+00:00,Others,Others.epublibre,UP,200,573,,
2026-08-24T03:49:32.483113+00:00,Others,Others.epublibre,UP,200,542,,
2026-08-24T03:50:33.013696+00:00,Others,Others.epublibre,UP,200,133,,
2026-08-24T03:51:34.236263+00:00,Others,Others.epublibre,UP,200,586,,
2026-08-24T03:52:34.595368+00:00,Others,Others.epublibre,UP,200,587,,
2026-08-24T03:53:35.368891+00:00,Others,Others.epublibre,UP,200,564,,
2026-08-24T03:54:35.801057+00:00,Others,Others.epublibre,UP,200,565,,
2026-08-24T03:55:36.291774+00:00,Others,Others.epublibre,UP,200,614,,
2026-08-24T03:56:36.986665+00:00,Others,Others.epublibre,UP,200,603,,
2026-08-24T03:57:37.283309+00:00,Others,Others.epublibre,UP,200,136,,
2026-08-24T03:58:38.294120+00:00,Others,Others.epublibre,UP,200,615,,
2026-08-24T03:59:39.124383+00:00,Others,Others.epublibre,UP,200,642,,
2026-08-24T04:00:40.159031+00:00,Others,Others.epublibre,UP,200,695,,
2026-08-24T04:01:41.225399+00:00,Others,Others.epublibre,UP,200,624,,
2026-08-24T04:02:41.789534+00:00,Others,Others.epublibre,UP,200,613,,
2026-08-24T04:03:42.619916+00:00,Others,Others.epublibre,UP,200,655,,
2026-08-24T04:04:43.377294+00:00,Others,Others.epublibre,UP,200,644,,
2026-08-24T04:05:44.623342+00:00,Others,Others.epublibre,UP,200,773,,
2026-08-24T04:06:44.473982+00:00,Others,Others.epublibre,UP,200,598,,
2026-08-24T04:07:44.896094+00:00,Others,Others.epublibre,UP,200,613,,
2026-08-24T04:08:45.436217+00:00,Others,Others.epublibre,UP,200,605,,
2026-08-24T04:09:46.178799+00:00,Others,Others.epublibre,UP,200,550,,
2026-08-24T04:10:46.627030+00:00,Others,Others.epublibre,UP,200,553,,
2026-08-24T04:11:47.151713+00:00,Others,Others.epublibre,UP,200,665,,
2026-08-24T04:12:47.424860+00:00,Others,Others.epublibre,UP,200,173,,
2026-08-24T04:13:48.667836+00:00,Others,Others.epublibre,UP,200,666,,
2026-08-24T04:14:49.083662+00:00,Others,Others.epublibre,UP,200,594,,
2026-08-24T04:15:49.980140+00:00,Others,Others.epublibre,UP,200,665,,
2026-08-24T04:16:50.889769+00:00,Others,Others.epublibre,UP,200,664,,
2026-08-24T04:17:51.606522+00:00,Others,Others.epublibre,UP,200,706,,
2026-08-24T04:18:52.286255+00:00,Others,Others.epublibre,UP,200,610,,
2026-08-24T04:19:52.603049+00:00,Others,Others.epublibre,UP,200,139,,
2026-08-24T04:20:53.938898+00:00,Others,Others.epublibre,UP,200,652,,
2026-08-24T04:21:54.965797+00:00,Others,Others.epublibre,UP,200,652,,
2026-08-24T04:22:55.673060+00:00,Others,Others.epublibre,UP,200,687,,
2026-08-24T04:23:56.771390+00:00,Others,Others.epublibre,UP,200,621,,
2026-08-24T04:24:57.451763+00:00,Others,Others.epublibre,UP,200,670,,
2026-08-24T04:25:57.380899+00:00,Others,Others.epublibre,UP,200,135,,
2026-08-24T04:26:58.537713+00:00,Others,Others.epublibre,UP,200,564,,
2026-08-24T04:27:59.249410+00:00,Others,Others.epublibre,UP,200,554,,
2026-08-24T04:29:00.075467+00:00,Others,Others.epublibre,UP,200,578,,
2026-08-24T04:30:00.547000+00:00,Others,Others.epublibre,UP,200,618,,
2026-08-24T04:31:01.475098+00:00,Others,Others.epublibre,UP,200,741,,
2026-08-24T04:32:01.953475+00:00,Others,Others.epublibre,UP,200,139,,
2026-08-24T04:33:02.969718+00:00,Others,Others.epublibre,UP,200,724,,
2026-08-24T04:34:03.795181+00:00,Others,Others.epublibre,UP,200,584,,
2026-08-24T04:35:04.691569+00:00,Others,Others.epublibre,UP,200,683,,
2026-08-24T04:36:04.320956+00:00,Others,Others.epublibre,UP,200,603,,
2026-08-24T04:37:05.399109+00:00,Others,Others.epublibre,UP,200,585,,
2026-08-24T04:38:05.693900+00:00,Others,Others.epublibre,UP,200,693,,
2026-08-24T04:39:06.148790+00:00,Others,Others.epublibre,UP,200,553,,
2026-08-24T04:40:07.188559+00:00,Others,Others.epublibre,UP,200,600,,
2026-08-24T04:41:07.627639+00:00,Others,Others.epublibre,UP,200,566,,
2026-08-24T04:42:08.332047+00:00,Others,Others.epublibre,UP,200,595,,
2026-08-24T04:43:08.586043+00:00,Others,Others.epublibre,UP,200,544,,
2026-08-24T04:44:09.526954+00:00,Others,Others.epublibre,UP,200,578,,
2026-08-24T04:45:10.097820+00:00,Others,Others.epublibre,UP,200,620,,
2026-08-24T04:46:10.759344+00:00,Others,Others.epublibre,UP,200,580,,
2026-08-24T04:47:10.908231+00:00,Others,Others.epublibre,UP,200,141,,
2026-08-24T04:48:12.060283+00:00,Others,Others.epublibre,UP,200,548,,
2026-08-24T04:49:12.605156+00:00,Others,Others.epublibre,UP,200,590,,
2026-08-24T04:50:13.149250+00:00,Others,Others.epublibre,UP,200,552,,
2026-08-24T04:51:13.162429+00:00,Others,Others.epublibre,UP,200,136,,
2026-08-24T04:52:14.291708+00:00,Others,Others.epublibre,UP,200,580,,
2026-08-24T04:53:14.525086+00:00,Others,Others.epublibre,UP,200,135,,
2026-08-24T04:54:15.659381+00:00,Others,Others.epublibre,UP,200,582,,
2026-08-24T04:55:16.292438+00:00,Others,Others.epublibre,UP,200,550,,
2026-08-24T04:56:16.805796+00:00,Others,Others.epublibre,UP,200,603,,
2026-08-24T04:57:17.035064+00:00,Others,Others.epublibre,UP,200,593,,
2026-08-24T04:58:18.197780+00:00,Others,Others.epublibre,UP,200,649,,
2026-08-24T04:59:18.352793+00:00,Others,Others.epublibre,UP,200,553,,
2026-08-24T05:00:18.950036+00:00,Others,Others.epublibre,UP,200,135,,
2026-08-24T05:01:20.236461+00:00,Others,Others.epublibre,UP,200,649,,
2026-08-24T05:02:20.733913+00:00,Others,Others.epublibre,UP,200,567,,
2026-08-24T05:03:21.019403+00:00,Others,Others.epublibre,UP,200,133,,
2026-08-24T05:04:22.093526+00:00,Others,Others.epublibre,UP,200,572,,
2026-08-24T05:05:23.008775+00:00,Others,Others.epublibre,UP,200,617,,
2026-08-24T05:06:22.753987+00:00,Others,Others.epublibre,UP,200,136,,
2026-08-24T05:07:23.964470+00:00,Others,Others.epublibre,UP,200,569,,
2026-08-24T05:08:24.618919+00:00,Others,Others.epublibre,UP,200,577,,
2026-08-24T05:09:25.462131+00:00,Others,Others.epublibre,UP,200,664,,
2026-08-24T05:10:26.611784+00:00,Others,Others.epublibre,UP,200,689,,
2026-08-24T05:11:26.940899+00:00,Others,Others.epublibre,UP,200,562,,
2026-08-24T05:12:27.631182+00:00,Others,Others.epublibre,UP,200,568,,
2026-08-24T05:13:28.374244+00:00,Others,Others.epublibre,UP,200,578,,
2026-08-24T05:14:29.053383+00:00,Others,Others.epublibre,UP,200,588,,
2026-08-24T05:15:29.472253+00:00,Others,Others.epublibre,UP,200,563,,
2026-08-24T05:16:29.730715+00:00,Others,Others.epublibre,UP,200,133,,
2026-08-24T05:17:31.246309+00:00,Others,Others.epublibre,UP,200,597,,
2026-08-24T05:18:31.585915+00:00,Others,Others.epublibre,UP,200,565,,
2026-08-24T05:19:32.506997+00:00,Others,Others.epublibre,UP,200,565,,
2026-08-24T05:20:33.335412+00:00,Others,Others.epublibre,UP,200,561,,
2026-08-24T05:21:33.609160+00:00,Others,Others.epublibre,UP,200,566,,
2026-08-24T05:22:34.355764+00:00,Others,Others.epublibre,UP,200,555,,
2026-08-24T05:23:35.091338+00:00,Others,Others.epublibre,UP,200,580,,
2026-08-24T05:24:35.809149+00:00,Others,Others.epublibre,UP,200,564,,
2026-08-24T05:25:36.504743+00:00,Others,Others.epublibre,UP,200,581,,
2026-08-24T05:26:36.896517+00:00,Others,Others.epublibre,UP,200,561,,
2026-08-24T05:27:37.730939+00:00,Others,Others.epublibre,UP,200,568,,
2026-08-24T05:28:38.265952+00:00,Others,Others.epublibre,UP,200,623,,
2026-08-24T05:29:38.945774+00:00,Others,Others.epublibre,UP,200,539,,
2026-08-24T05:30:39.701857+00:00,Others,Others.epublibre,UP,200,592,,
2026-08-24T05:31:40.411365+00:00,Others,Others.epublibre,UP,200,557,,
2026-08-24T05:32:40.788352+00:00,Others,Others.epublibre,UP,200,131,,
2026-08-24T05:33:42.226440+00:00,Others,Others.epublibre,UP,200,572,,
2026-08-24T05:34:43.281498+00:00,Others,Others.epublibre,UP,200,591,,
2026-08-24T05:35:43.752148+00:00,Others,Others.epublibre,UP,200,551,,
2026-08-24T05:36:44.210698+00:00,Others,Others.epublibre,UP,200,551,,
2026-08-24T05:37:44.324794+00:00,Others,Others.epublibre,UP,200,137,,
2026-08-24T05:38:45.513499+00:00,Others,Others.epublibre,UP,200,552,,
2026-08-24T05:39:46.181741+00:00,Others,Others.epublibre,UP,200,565,,
2026-08-24T05:40:46.938937+00:00,Others,Others.epublibre,UP,200,581,,
2026-08-24T05:41:47.466819+00:00,Others,Others.epublibre,UP,200,549,,
2026-08-24T05:42:48.149961+00:00,Others,Others.epublibre,UP,200,546,,
2026-08-24T05:43:48.950295+00:00,Others,Others.epublibre,UP,200,558,,
2026-08-24T05:44:49.700803+00:00,Others,Others.epublibre,UP,200,610,,
2026-08-24T05:45:50.015901+00:00,Others,Others.epublibre,UP,200,573,,
2026-08-24T05:46:50.978112+00:00,Others,Others.epublibre,UP,200,558,,
2026-08-24T05:47:51.466170+00:00,Others,Others.epublibre,UP,200,559,,
2026-08-24T05:48:52.134511+00:00,Others,Others.epublibre,UP,200,553,,
2026-08-24T05:49:53.075865+00:00,Others,Others.epublibre,UP,200,587,,
2026-08-24T05:50:53.887813+00:00,Others,Others.epublibre,UP,200,572,,
2026-08-24T05:51:54.257575+00:00,Others,Others.epublibre,UP,200,566,,
2026-08-24T05:52:54.717288+00:00,Others,Others.epublibre,UP,200,137,,
2026-08-24T05:53:55.930113+00:00,Others,Others.epublibre,UP,200,576,,
2026-08-24T05:54:56.458491+00:00,Others,Others.epublibre,UP,200,591,,
2026-08-24T05:55:57.561204+00:00,Others,Others.epublibre,UP,200,581,,
2026-08-24T05:56:58.352948+00:00,Others,Others.epublibre,UP,200,570,,
2026-08-24T05:57:58.823439+00:00,Others,Others.epublibre,UP,200,565,,
2026-08-24T05:58:59.328531+00:00,Others,Others.epublibre,UP,200,557,,
2026-08-24T05:59:59.985102+00:00,Others,Others.epublibre,UP,200,546,,
2026-08-24T06:01:01.286171+00:00,Others,Others.epublibre,UP,200,662,,
2026-08-24T06:02:01.787017+00:00,Others,Others.epublibre,UP,200,659,,
2026-08-24T06:03:02.555303+00:00,Others,Others.epublibre,UP,200,579,,
2026-08-24T06:04:03.517814+00:00,Others,Others.epublibre,UP,200,684,,
2026-08-24T06:05:03.880863+00:00,Others,Others.epublibre,UP,200,628,,
2026-08-24T06:06:04.826882+00:00,Others,Others.epublibre,UP,200,585,,
2026-08-24T06:07:05.763950+00:00,Others,Others.epublibre,UP,200,604,,
2026-08-24T06:08:06.361888+00:00,Others,Others.epublibre,UP,200,711,,
2026-08-24T06:09:06.347861+00:00,Others,Others.epublibre,UP,200,134,,
2026-08-24T06:10:07.678012+00:00,Others,Others.epublibre,UP,200,568,,
2026-08-24T06:11:07.627697+00:00,Others,Others.epublibre,UP,200,560,,
2026-08-24T06:12:07.882767+00:00,Others,Others.epublibre,UP,200,135,,
2026-08-24T06:13:09.146974+00:00,Others,Others.epublibre,UP,200,574,,
2026-08-24T06:14:09.796767+00:00,Others,Others.epublibre,UP,200,562,,
2026-08-24T06:15:09.875324+00:00,Others,Others.epublibre,UP,200,139,,
2026-08-24T06:16:11.241332+00:00,Others,Others.epublibre,UP,200,575,,
2026-08-24T06:17:11.687943+00:00,Others,Others.epublibre,UP,200,569,,
2026-08-24T06:18:12.310460+00:00,Others,Others.epublibre,UP,200,566,,
2026-08-24T06:19:13.029797+00:00,Others,Others.epublibre,UP,200,562,,
2026-08-24T06:20:13.469204+00:00,Others,Others.epublibre,UP,200,560,,
2026-08-24T06:21:14.025570+00:00,Others,Others.epublibre,UP,200,640,,
2026-08-24T06:22:15.112986+00:00,Others,Others.epublibre,UP,200,562,,
2026-08-24T06:23:15.581754+00:00,Others,Others.epublibre,UP,200,546,,
2026-08-24T06:24:15.873944+00:00,Others,Others.epublibre,UP,200,138,,
2026-08-24T06:25:16.721501+00:00,Others,Others.epublibre,UP,200,134,,
2026-08-24T06:26:17.081520+00:00,Others,Others.epublibre,UP,200,595,,
2026-08-24T06:27:17.860990+00:00,Others,Others.epublibre,UP,200,559,,
2026-08-24T06:28:18.597934+00:00,Others,Others.epublibre,UP,200,570,,
2026-08-24T06:29:19.186946+00:00,Others,Others.epublibre,UP,200,571,,
2026-08-24T06:30:19.944082+00:00,Others,Others.epublibre,UP,200,630,,
2026-08-24T06:31:20.658169+00:00,Others,Others.epublibre,UP,200,581,,
2026-08-24T06:32:21.128975+00:00,Others,Others.epublibre,UP,200,144,,
2026-08-24T06:33:21.969990+00:00,Others,Others.epublibre,UP,200,550,,
2026-08-24T06:34:22.591278+00:00,Others,Others.epublibre,UP,200,540,,
2026-08-24T06:35:23.420710+00:00,Others,Others.epublibre,UP,200,622,,
2026-08-24T06:36:24.501852+00:00,Others,Others.epublibre,UP,200,624,,
2026-08-24T06:37:24.595924+00:00,Others,Others.epublibre,UP,200,600,,
2026-08-24T06:38:25.809778+00:00,Others,Others.epublibre,UP,200,686,,
2026-08-24T06:39:26.439846+00:00,Others,Others.epublibre,UP,200,594,,
2026-08-24T06:40:26.909897+00:00,Others,Others.epublibre,UP,200,590,,
2026-08-24T06:41:27.843095+00:00,Others,Others.epublibre,UP,200,613,,
2026-08-24T06:42:28.349227+00:00,Others,Others.epublibre,UP,200,557,,
2026-08-24T06:43:28.909694+00:00,Others,Others.epublibre,UP,200,136,,
2026-08-24T06:44:29.814927+00:00,Others,Others.epublibre,UP,200,560,,
2026-08-24T06:45:30.670959+00:00,Others,Others.epublibre,UP,200,605,,
2026-08-24T06:46:34.343962+00:00,Others,Others.epublibre,DEGRADED,200,3515,latency_high,
2026-08-24T06:47:32.208191+00:00,Others,Others.epublibre,UP,200,587,,
2026-08-24T06:48:32.897564+00:00,Others,Others.epublibre,UP,200,696,,
2026-08-24T06:49:33.794848+00:00,Others,Others.epublibre,UP,200,571,,
2026-08-24T06:50:34.019151+00:00,Others,Others.epublibre,UP,200,135,,
2026-08-24T06:51:35.083821+00:00,Others,Others.epublibre,UP,200,572,,
2026-08-24T06:52:35.482467+00:00,Others,Others.epublibre,UP,200,139,,
2026-08-24T06:53:36.483989+00:00,Others,Others.epublibre,UP,200,561,,
2026-08-24T06:54:37.192975+00:00,Others,Others.epublibre,UP,200,590,,
2026-08-24T06:55:37.937842+00:00,Others,Others.epublibre,UP,200,570,,
2026-08-24T06:56:38.598876+00:00,Others,Others.epublibre,UP,200,536,,
2026-08-24T06:57:39.161121+00:00,Others,Others.epublibre,UP,200,554,,
2026-08-24T06:58:39.720762+00:00,Others,Others.epublibre,UP,200,575,,
2026-08-24T06:59:40.928424+00:00,Others,Others.epublibre,UP,200,585,,
2026-08-24T07:00:41.491004+00:00,Others,Others.epublibre,UP,200,583,,
2026-08-24T07:01:41.713258+00:00,Others,Others.epublibre,UP,200,156,,
2026-08-24T07:02:42.646882+00:00,Others,Others.epublibre,UP,200,133,,
2026-08-24T07:03:43.747564+00:00,Others,Others.epublibre,UP,200,573,,
2026-08-24T07:04:44.529183+00:00,Others,Others.epublibre,UP,200,555,,
2026-08-24T07:05:44.420548+00:00,Others,Others.epublibre,UP,200,137,,
2026-08-24T07:06:52.070921+00:00,Others,Others.epublibre,DEGRADED,200,6644,latency_high,
2026-08-24T07:07:46.573921+00:00,Others,Others.epublibre,UP,200,563,,
2026-08-24T07:08:47.624592+00:00,Others,Others.epublibre,UP,200,633,,
2026-08-24T07:09:47.927951+00:00,Others,Others.epublibre,UP,200,581,,
2026-08-24T07:10:48.673378+00:00,Others,Others.epublibre,UP,200,567,,
2026-08-24T07:11:49.523441+00:00,Others,Others.epublibre,UP,200,575,,
2026-08-24T07:12:50.196626+00:00,Others,Others.epublibre,UP,200,557,,
2026-08-24T07:13:50.998755+00:00,Others,Others.epublibre,UP,200,623,,
2026-08-24T07:14:51.551397+00:00,Others,Others.epublibre,UP,200,554,,
2026-08-24T07:15:52.667390+00:00,Others,Others.epublibre,UP,200,633,,
2026-08-24T07:16:53.415387+00:00,Others,Others.epublibre,UP,200,615,,
2026-08-24T07:17:53.617717+00:00,Others,Others.epublibre,UP,200,133,,
2026-08-24T07:18:54.602766+00:00,Others,Others.epublibre,UP,200,556,,
2026-08-24T07:19:55.636493+00:00,Others,Others.epublibre,UP,200,643,,
2026-08-24T07:20:56.586999+00:00,Others,Others.epublibre,UP,200,687,,
2026-08-24T07:21:57.068918+00:00,Others,Others.epublibre,UP,200,605,,
2026-08-24T07:22:58.011145+00:00,Others,Others.epublibre,UP,200,594,,
2026-08-24T07:23:58.660080+00:00,Others,Others.epublibre,UP,200,575,,
2026-08-24T07:24:59.352861+00:00,Others,Others.epublibre,UP,200,543,,
2026-08-24T07:26:00.103219+00:00,Others,Others.epublibre,UP,200,591,,
2026-08-24T07:27:00.813242+00:00,Others,Others.epublibre,UP,200,593,,
2026-08-24T07:28:01.606689+00:00,Others,Others.epublibre,UP,200,587,,
2026-08-24T07:29:02.220581+00:00,Others,Others.epublibre,UP,200,581,,
2026-08-24T07:30:04.332150+00:00,Others,Others.epublibre,UP,200,1011,,
2026-08-24T07:31:04.058185+00:00,Others,Others.epublibre,UP,200,587,,
2026-08-24T07:32:04.670936+00:00,Others,Others.epublibre,UP,200,581,,
2026-08-24T07:33:05.188143+00:00,Others,Others.epublibre,UP,200,559,,
2026-08-24T07:34:06.098786+00:00,Others,Others.epublibre,UP,200,612,,
2026-08-24T07:35:07.053935+00:00,Others,Others.epublibre,UP,200,687,,
2026-08-24T07:36:07.777541+00:00,Others,Others.epublibre,UP,200,594,,
2026-08-24T07:37:08.235570+00:00,Others,Others.epublibre,UP,200,616,,
2026-08-24T07:38:09.028277+00:00,Others,Others.epublibre,UP,200,546,,
2026-08-24T07:39:09.767762+00:00,Others,Others.epublibre,UP,200,616,,
2026-08-24T07:40:10.341291+00:00,Others,Others.epublibre,UP,200,576,,
2026-08-24T07:41:10.231931+00:00,Others,Others.epublibre,UP,200,140,,
2026-08-24T07:42:11.805959+00:00,Others,Others.epublibre,UP,200,563,,
2026-08-24T07:43:12.448427+00:00,Others,Others.epublibre,UP,200,555,,
2026-08-24T07:44:12.857988+00:00,Others,Others.epublibre,UP,200,597,,
2026-08-24T07:45:13.822200+00:00,Others,Others.epublibre,UP,200,580,,
2026-08-24T07:46:14.391258+00:00,Others,Others.epublibre,UP,200,141,,
2026-08-24T07:47:14.847178+00:00,Others,Others.epublibre,UP,200,136,,
2026-08-24T07:48:16.235119+00:00,Others,Others.epublibre,UP,200,572,,
2026-08-24T07:49:16.563195+00:00,Others,Others.epublibre,UP,200,561,,
2026-08-24T07:50:17.184549+00:00,Others,Others.epublibre,UP,200,555,,
2026-08-24T07:51:17.731446+00:00,Others,Others.epublibre,UP,200,566,,
2026-08-24T07:52:18.772343+00:00,Others,Others.epublibre,UP,200,570,,
2026-08-24T07:53:19.253147+00:00,Others,Others.epublibre,UP,200,537,,
2026-08-24T07:54:24.463416+00:00,Others,Others.epublibre,DEGRADED,200,4701,latency_high,
2026-08-24T07:55:20.879857+00:00,Others,Others.epublibre,UP,200,586,,
2026-08-24T07:56:21.541884+00:00,Others,Others.epublibre,UP,200,572,,
2026-08-24T07:57:22.128423+00:00,Others,Others.epublibre,UP,200,588,,
2026-08-24T07:58:22.818991+00:00,Others,Others.epublibre,UP,200,543,,
2026-08-24T07:59:23.129802+00:00,Others,Others.epublibre,UP,200,136,,
2026-08-24T08:00:24.196071+00:00,Others,Others.epublibre,UP,200,578,,
2026-08-24T08:01:25.017633+00:00,Others,Others.epublibre,UP,200,577,,
2026-08-24T08:02:26.043790+00:00,Others,Others.epublibre,UP,200,651,,
2026-08-24T08:03:26.835189+00:00,Others,Others.epublibre,UP,200,654,,
2026-08-24T08:04:27.353915+00:00,Others,Others.epublibre,UP,200,588,,
2026-08-24T08:05:27.629223+00:00,Others,Others.epublibre,UP,200,154,,
2026-08-24T08:06:28.590009+00:00,Others,Others.epublibre,UP,200,562,,
2026-08-24T08:07:28.969302+00:00,Others,Others.epublibre,UP,200,544,,
2026-08-24T08:08:30.055167+00:00,Others,Others.epublibre,UP,200,568,,
2026-08-24T08:09:30.409278+00:00,Others,Others.epublibre,UP,200,136,,
2026-08-24T08:10:31.749797+00:00,Others,Others.epublibre,UP,200,577,,
2026-08-24T08:11:32.550718+00:00,Others,Others.epublibre,UP,200,598,,
2026-08-24T08:12:33.392039+00:00,Others,Others.epublibre,UP,200,571,,
2026-08-24T08:13:33.901037+00:00,Others,Others.epublibre,UP,200,565,,
2026-08-24T08:14:34.654053+00:00,Others,Others.epublibre,UP,200,572,,
2026-08-24T08:15:35.579004+00:00,Others,Others.epublibre,UP,200,590,,
2026-08-24T08:16:36.212906+00:00,Others,Others.epublibre,UP,200,594,,
2026-08-24T08:17:37.128354+00:00,Others,Others.epublibre,UP,200,576,,
2026-08-24T08:18:37.905628+00:00,Others,Others.epublibre,UP,200,635,,
2026-08-24T08:19:38.480855+00:00,Others,Others.epublibre,UP,200,548,,
2026-08-24T08:20:39.323100+00:00,Others,Others.epublibre,UP,200,585,,
2026-08-24T08:21:39.962540+00:00,Others,Others.epublibre,UP,200,574,,
2026-08-24T08:22:40.590933+00:00,Others,Others.epublibre,UP,200,583,,
2026-08-24T08:23:41.402303+00:00,Others,Others.epublibre,UP,200,593,,
2026-08-24T08:24:42.042561+00:00,Others,Others.epublibre,UP,200,584,,
2026-08-24T08:25:42.220641+00:00,Others,Others.epublibre,UP,200,146,,
2026-08-24T08:26:43.416862+00:00,Others,Others.epublibre,UP,200,570,,
2026-08-24T08:27:43.614372+00:00,Others,Others.epublibre,UP,200,552,,
2026-08-24T08:28:44.143934+00:00,Others,Others.epublibre,UP,200,132,,
2026-08-24T08:29:45.329300+00:00,Others,Others.epublibre,UP,200,540,,
2026-08-24T08:30:46.300769+00:00,Others,Others.epublibre,UP,200,554,,
2026-08-24T08:31:47.008388+00:00,Others,Others.epublibre,UP,200,578,,
2026-08-24T08:32:47.562986+00:00,Others,Others.epublibre,UP,200,578,,
2026-08-24T08:33:48.154636+00:00,Others,Others.epublibre,UP,200,542,,
2026-08-24T08:34:48.741712+00:00,Others,Others.epublibre,UP,200,542,,
2026-08-24T08:35:49.902500+00:00,Others,Others.epublibre,UP,200,568,,
2026-08-24T08:36:50.649333+00:00,Others,Others.epublibre,UP,200,604,,
2026-08-24T08:37:51.193058+00:00,Others,Others.epublibre,UP,200,546,,
2026-08-24T08:38:52.018610+00:00,Others,Others.epublibre,UP,200,572,,
2026-08-24T08:39:52.187213+00:00,Others,Others.epublibre,UP,200,138,,
2026-08-24T08:40:53.427948+00:00,Others,Others.epublibre,UP,200,615,,
2026-08-24T08:41:53.491738+00:00,Others,Others.epublibre,UP,200,137,,
2026-08-24T08:42:54.729424+00:00,Others,Others.epublibre,UP,200,559,,
2026-08-24T08:43:55.501772+00:00,Others,Others.epublibre,UP,200,550,,
2026-08-24T08:44:56.254186+00:00,Others,Others.epublibre,UP,200,590,,
2026-08-24T08:45:57.015921+00:00,Others,Others.epublibre,UP,200,560,,
2026-08-24T08:46:57.731310+00:00,Others,Others.epublibre,UP,200,569,,
2026-08-24T08:47:58.382122+00:00,Others,Others.epublibre,UP,200,566,,
2026-08-24T08:48:58.991848+00:00,Others,Others.epublibre,UP,200,138,,
2026-08-24T08:49:59.817882+00:00,Others,Others.epublibre,UP,200,544,,
2026-08-24T08:51:00.976083+00:00,Others,Others.epublibre,UP,200,693,,
2026-08-24T08:52:01.506636+00:00,Others,Others.epublibre,UP,200,576,,
2026-08-24T08:53:02.510545+00:00,Others,Others.epublibre,UP,200,572,,
2026-08-24T08:54:03.235161+00:00,Others,Others.epublibre,UP,200,594,,
2026-08-24T08:55:04.081473+00:00,Others,Others.epublibre,UP,200,597,,
2026-08-24T08:56:04.860084+00:00,Others,Others.epublibre,UP,200,556,,
2026-08-24T08:57:05.586033+00:00,Others,Others.epublibre,UP,200,576,,
2026-08-24T08:58:06.154143+00:00,Others,Others.epublibre,UP,200,563,,
2026-08-24T08:59:06.901094+00:00,Others,Others.epublibre,UP,200,544,,
2026-08-24T09:00:07.919674+00:00,Others,Others.epublibre,UP,200,622,,
2026-08-24T09:01:08.538926+00:00,Others,Others.epublibre,UP,200,592,,
2026-08-24T09:02:09.118572+00:00,Others,Others.epublibre,UP,200,577,,
2026-08-24T09:03:09.967868+00:00,Others,Others.epublibre,UP,200,570,,
2026-08-24T09:04:11.019797+00:00,Others,Others.epublibre,UP,200,570,,
2026-08-24T09:05:11.199521+00:00,Others,Others.epublibre,UP,200,140,,
2026-08-24T09:06:12.416944+00:00,Others,Others.epublibre,UP,200,577,,
2026-08-24T09:07:12.928656+00:00,Others,Others.epublibre,UP,200,561,,
2026-08-24T09:08:13.479835+00:00,Others,Others.epublibre,UP,200,543,,
2026-08-24T09:09:14.244926+00:00,Others,Others.epublibre,UP,200,589,,
2026-08-24T09:10:14.874344+00:00,Others,Others.epublibre,UP,200,607,,
2026-08-24T09:11:15.765159+00:00,Others,Others.epublibre,UP,200,571,,
2026-08-24T09:12:16.679923+00:00,Others,Others.epublibre,UP,200,605,,
2026-08-24T09:13:17.374156+00:00,Others,Others.epublibre,UP,200,575,,
2026-08-24T09:14:17.893892+00:00,Others,Others.epublibre,UP,200,548,,
2026-08-24T09:15:18.733511+00:00,Others,Others.epublibre,UP,200,601,,
2026-08-24T09:16:19.382351+00:00,Others,Others.epublibre,UP,200,571,,
2026-08-24T09:17:20.033554+00:00,Others,Others.epublibre,UP,200,569,,
2026-08-24T09:18:20.318397+00:00,Others,Others.epublibre,UP,200,140,,
2026-08-24T09:19:21.405864+00:00,Others,Others.epublibre,UP,200,589,,
2026-08-24T09:20:22.528483+00:00,Others,Others.epublibre,UP,200,955,,
2026-08-24T09:21:23.053552+00:00,Others,Others.epublibre,UP,200,556,,
2026-08-24T09:22:23.644492+00:00,Others,Others.epublibre,UP,200,595,,
2026-08-24T09:23:23.895233+00:00,Others,Others.epublibre,UP,200,574,,
2026-08-24T09:24:24.643148+00:00,Others,Others.epublibre,UP,200,593,,
2026-08-24T09:25:25.467650+00:00,Others,Others.epublibre,UP,200,580,,
2026-08-24T09:26:26.507877+00:00,Others,Others.epublibre,UP,200,588,,
2026-08-24T09:27:27.144686+00:00,Others,Others.epublibre,UP,200,543,,
2026-08-24T09:28:27.657088+00:00,Others,Others.epublibre,UP,200,556,,
2026-08-24T09:29:28.595862+00:00,Others,Others.epublibre,UP,200,559,,
2026-08-24T09:30:29.120531+00:00,Others,Others.epublibre,UP,200,547,,
2026-08-24T09:31:29.942410+00:00,Others,Others.epublibre,UP,200,558,,
2026-08-24T09:32:30.535918+00:00,Others,Others.epublibre,UP,200,598,,
2026-08-24T09:33:31.706778+00:00,Others,Others.epublibre,UP,200,579,,
2026-08-24T09:34:32.238326+00:00,Others,Others.epublibre,UP,200,564,,
2026-08-24T09:35:33.007923+00:00,Others,Others.epublibre,UP,200,546,,
2026-08-24T09:36:33.489301+00:00,Others,Others.epublibre,UP,200,552,,
2026-08-24T09:37:34.469935+00:00,Others,Others.epublibre,UP,200,602,,
2026-08-24T09:38:35.189468+00:00,Others,Others.epublibre,UP,200,572,,
2026-08-24T09:39:34.886982+00:00,Others,Others.epublibre,UP,200,610,,
2026-08-24T09:40:36.061078+00:00,Others,Others.epublibre,UP,200,550,,
2026-08-24T09:41:36.802217+00:00,Others,Others.epublibre,UP,200,566,,
2026-08-24T09:42:39.036506+00:00,Others,Others.epublibre,UP,200,2018,,
2026-08-24T09:43:38.158909+00:00,Others,Others.epublibre,UP,200,547,,
2026-08-24T09:44:38.680941+00:00,Others,Others.epublibre,UP,200,549,,
2026-08-24T09:45:39.880676+00:00,Others,Others.epublibre,UP,200,575,,
2026-08-24T09:46:40.540643+00:00,Others,Others.epublibre,UP,200,567,,
2026-08-24T09:47:41.104772+00:00,Others,Others.epublibre,UP,200,554,,
2026-08-24T09:48:42.165037+00:00,Others,Others.epublibre,UP,200,558,,
2026-08-24T09:49:42.672760+00:00,Others,Others.epublibre,UP,200,554,,
2026-08-24T09:50:43.597259+00:00,Others,Others.epublibre,UP,200,586,,
2026-08-24T09:51:44.189968+00:00,Others,Others.epublibre,UP,200,546,,
2026-08-24T09:52:44.801772+00:00,Others,Others.epublibre,UP,200,460,,
2026-08-24T09:53:45.721041+00:00,Others,Others.epublibre,UP,200,573,,
2026-08-24T09:54:46.088805+00:00,Others,Others.epublibre,UP,200,599,,
2026-08-24T09:55:46.981861+00:00,Others,Others.epublibre,UP,200,568,,
2026-08-24T09:56:47.658363+00:00,Others,Others.epublibre,UP,200,563,,
2026-08-24T09:57:48.619501+00:00,Others,Others.epublibre,UP,200,588,,
2026-08-24T09:58:49.194340+00:00,Others,Others.epublibre,UP,200,588,,
2026-08-24T09:59:49.891929+00:00,Others,Others.epublibre,UP,200,550,,
2026-08-24T10:00:50.715694+00:00,Others,Others.epublibre,UP,200,577,,
2026-08-24T10:01:51.720450+00:00,Others,Others.epublibre,UP,200,757,,
2026-08-24T10:02:52.047742+00:00,Others,Others.epublibre,UP,200,136,,
2026-08-24T10:03:53.168804+00:00,Others,Others.epublibre,UP,200,557,,
2026-08-24T10:04:53.484411+00:00,Others,Others.epublibre,UP,200,626,,
2026-08-24T10:05:54.557291+00:00,Others,Others.epublibre,UP,200,557,,
2026-08-24T10:06:55.498440+00:00,Others,Others.epublibre,UP,200,576,,
2026-08-24T10:07:55.844302+00:00,Others,Others.epublibre,UP,200,144,,
2026-08-24T10:09:02.170073+00:00,Others,Others.epublibre,DEGRADED,200,5823,latency_high,
2026-08-24T10:09:57.769135+00:00,Others,Others.epublibre,UP,200,583,,
2026-08-24T10:10:59.850455+00:00,Others,Others.epublibre,UP,200,1847,,
2026-08-24T10:11:59.144531+00:00,Others,Others.epublibre,UP,200,546,,
2026-08-24T10:13:00.040342+00:00,Others,Others.epublibre,UP,200,553,,
2026-08-24T10:14:00.998183+00:00,Others,Others.epublibre,UP,200,600,,
2026-08-24T10:15:01.750127+00:00,Others,Others.epublibre,UP,200,718,,
2026-08-24T10:16:02.891385+00:00,Others,Others.epublibre,UP,200,638,,
2026-08-24T10:17:03.488878+00:00,Others,Others.epublibre,UP,200,624,,
2026-08-24T10:18:03.903325+00:00,Others,Others.epublibre,UP,200,148,,
2026-08-24T10:19:04.752331+00:00,Others,Others.epublibre,UP,200,149,,
2026-08-24T10:20:06.458028+00:00,Others,Others.epublibre,UP,200,837,,
2026-08-24T10:21:06.560667+00:00,Others,Others.epublibre,UP,200,590,,
2026-08-24T10:22:06.897874+00:00,Others,Others.epublibre,UP,200,133,,
2026-08-24T10:23:07.893521+00:00,Others,Others.epublibre,UP,200,548,,
2026-08-24T10:24:08.168029+00:00,Others,Others.epublibre,UP,200,590,,
2026-08-24T10:25:08.934541+00:00,Others,Others.epublibre,UP,200,590,,
2026-08-24T10:26:09.213624+00:00,Others,Others.epublibre,UP,200,132,,
2026-08-24T10:27:10.081078+00:00,Others,Others.epublibre,UP,200,558,,
2026-08-24T10:28:11.097779+00:00,Others,Others.epublibre,UP,200,586,,
2026-08-24T10:29:11.904869+00:00,Others,Others.epublibre,UP,200,572,,
2026-08-24T10:30:12.666193+00:00,Others,Others.epublibre,UP,200,613,,
2026-08-24T10:31:13.468276+00:00,Others,Others.epublibre,UP,200,561,,
2026-08-24T10:32:14.542199+00:00,Others,Others.epublibre,UP,200,681,,
2026-08-24T10:33:15.408640+00:00,Others,Others.epublibre,UP,200,604,,
2026-08-24T10:34:16.622210+00:00,Others,Others.epublibre,UP,200,635,,
2026-08-24T10:35:17.045067+00:00,Others,Others.epublibre,UP,200,613,,
2026-08-24T10:36:17.449394+00:00,Others,Others.epublibre,UP,200,577,,
2026-08-24T10:37:18.494142+00:00,Others,Others.epublibre,UP,200,574,,
2026-08-24T10:38:24.511935+00:00,Others,Others.epublibre,DEGRADED,200,5890,latency_high,
2026-08-24T10:39:19.932993+00:00,Others,Others.epublibre,UP,200,609,,
2026-08-24T10:40:20.960835+00:00,Others,Others.epublibre,UP,200,602,,
2026-08-24T10:41:21.577469+00:00,Others,Others.epublibre,UP,200,601,,
2026-08-24T10:42:26.969054+00:00,Others,Others.epublibre,DEGRADED,200,5230,latency_high,
2026-08-24T10:43:23.134447+00:00,Others,Others.epublibre,UP,200,564,,
2026-08-24T10:44:23.712334+00:00,Others,Others.epublibre,UP,200,572,,
2026-08-24T10:45:24.545866+00:00,Others,Others.epublibre,UP,200,625,,
2026-08-24T10:46:25.526903+00:00,Others,Others.epublibre,UP,200,575,,
2026-08-24T10:47:26.334751+00:00,Others,Others.epublibre,UP,200,558,,
2026-08-24T10:48:29.127123+00:00,Others,Others.epublibre,UP,200,2599,,
2026-08-24T10:49:27.244239+00:00,Others,Others.epublibre,UP,200,139,,
2026-08-24T10:50:27.992863+00:00,Others,Others.epublibre,UP,200,135,,
2026-08-24T10:51:29.138142+00:00,Others,Others.epublibre,UP,200,660,,
2026-08-24T10:52:29.955020+00:00,Others,Others.epublibre,UP,200,571,,
2026-08-24T10:53:30.509241+00:00,Others,Others.epublibre,UP,200,592,,
2026-08-24T10:54:31.416317+00:00,Others,Others.epublibre,UP,200,611,,
2026-08-24T10:55:31.595151+00:00,Others,Others.epublibre,UP,200,598,,
2026-08-24T10:56:31.671926+00:00,Others,Others.epublibre,UP,200,581,,
2026-08-24T10:57:32.411439+00:00,Others,Others.epublibre,UP,200,552,,
2026-08-24T10:58:33.304912+00:00,Others,Others.epublibre,UP,200,577,,
2026-08-24T10:59:33.945325+00:00,Others,Others.epublibre,UP,200,590,,
2026-08-24T11:00:34.367376+00:00,Others,Others.epublibre,UP,200,629,,
2026-08-24T11:01:35.025002+00:00,Others,Others.epublibre,UP,200,570,,
2026-08-24T11:02:35.561251+00:00,Others,Others.epublibre,UP,200,553,,
2026-08-24T11:03:36.696295+00:00,Others,Others.epublibre,UP,200,568,,
2026-08-24T11:04:37.290470+00:00,Others,Others.epublibre,UP,200,569,,
2026-08-24T11:05:37.598365+00:00,Others,Others.epublibre,UP,200,140,,
2026-08-24T11:06:42.848953+00:00,Others,Others.epublibre,DEGRADED,200,4716,latency_high,
2026-08-24T11:07:39.445959+00:00,Others,Others.epublibre,UP,200,689,,
2026-08-24T11:08:40.110829+00:00,Others,Others.epublibre,UP,200,590,,
2026-08-24T11:09:40.670376+00:00,Others,Others.epublibre,UP,200,601,,
2026-08-24T11:10:41.707647+00:00,Others,Others.epublibre,UP,200,598,,
2026-08-24T11:11:42.526477+00:00,Others,Others.epublibre,UP,200,571,,
2026-08-24T11:12:42.918874+00:00,Others,Others.epublibre,UP,200,147,,
2026-08-24T11:13:44.080493+00:00,Others,Others.epublibre,UP,200,554,,
2026-08-24T11:14:44.661117+00:00,Others,Others.epublibre,UP,200,601,,
2026-08-24T11:15:45.499869+00:00,Others,Others.epublibre,UP,200,697,,
2026-08-24T11:16:46.890134+00:00,Others,Others.epublibre,UP,200,603,,
2026-08-24T11:17:47.268385+00:00,Others,Others.epublibre,UP,200,599,,
2026-08-24T11:18:47.994655+00:00,Others,Others.epublibre,UP,200,601,,
2026-08-24T11:19:49.082792+00:00,Others,Others.epublibre,UP,200,956,,
2026-08-24T11:20:49.405183+00:00,Others,Others.epublibre,UP,200,617,,
2026-08-24T11:21:49.819964+00:00,Others,Others.epublibre,UP,200,172,,
2026-08-24T11:22:50.819342+00:00,Others,Others.epublibre,UP,200,627,,
2026-08-24T11:23:51.174234+00:00,Others,Others.epublibre,UP,200,580,,
2026-08-24T11:24:59.539774+00:00,Others,Others.epublibre,DEGRADED,200,8093,latency_high,
2026-08-24T11:25:52.574184+00:00,Others,Others.epublibre,UP,200,645,,
2026-08-24T11:26:53.491928+00:00,Others,Others.epublibre,UP,200,637,,
2026-08-24T11:27:53.743349+00:00,Others,Others.epublibre,UP,200,136,,
2026-08-24T11:28:54.878863+00:00,Others,Others.epublibre,UP,200,618,,
2026-08-24T11:29:56.560731+00:00,Others,Others.epublibre,UP,200,1215,,
2026-08-24T11:30:57.001589+00:00,Others,Others.epublibre,UP,200,652,,
2026-08-24T11:31:57.572375+00:00,Others,Others.epublibre,UP,200,579,,
2026-08-24T11:32:58.194422+00:00,Others,Others.epublibre,UP,200,608,,
2026-08-24T11:33:59.041898+00:00,Others,Others.epublibre,UP,200,616,,
2026-08-24T11:34:59.240762+00:00,Others,Others.epublibre,UP,200,145,,
2026-08-24T11:36:00.492791+00:00,Others,Others.epublibre,UP,200,756,,
2026-08-24T11:37:01.280437+00:00,Others,Others.epublibre,UP,200,579,,
2026-08-24T11:38:01.868685+00:00,Others,Others.epublibre,UP,200,189,,
2026-08-24T11:39:01.899346+00:00,Others,Others.epublibre,UP,200,144,,
2026-08-24T11:40:03.541362+00:00,Others,Others.epublibre,UP,200,788,,
2026-08-24T11:41:03.479588+00:00,Others,Others.epublibre,UP,200,769,,
2026-08-24T11:42:04.129407+00:00,Others,Others.epublibre,UP,200,581,,
2026-08-24T11:43:04.766021+00:00,Others,Others.epublibre,UP,200,617,,
2026-08-24T11:44:05.538674+00:00,Others,Others.epublibre,UP,200,793,,
2026-08-24T11:45:06.180140+00:00,Others,Others.epublibre,UP,200,710,,
2026-08-24T11:46:05.814015+00:00,Others,Others.epublibre,UP,200,712,,
2026-08-24T11:47:07.066203+00:00,Others,Others.epublibre,UP,200,840,,
2026-08-24T11:48:26.910290+00:00,Others,Others.epublibre,TIMEOUT,,,timeout,
2026-08-24T11:49:07.827971+00:00,Others,Others.epublibre,UP,200,625,,
2026-08-24T11:50:08.848963+00:00,Others,Others.epublibre,UP,200,719,,
2026-08-24T11:51:09.044173+00:00,Others,Others.epublibre,UP,200,806,,
2026-08-24T11:52:09.538462+00:00,Others,Others.epublibre,UP,200,766,,
2026-08-24T11:53:09.665780+00:00,Others,Others.epublibre,UP,200,565,,
2026-08-24T11:54:10.295552+00:00,Others,Others.epublibre,UP,200,604,,
2026-08-24T11:55:11.088815+00:00,Others,Others.epublibre,UP,200,659,,
2026-08-24T11:56:11.767030+00:00,Others,Others.epublibre,UP,200,601,,
2026-08-24T11:57:12.336380+00:00,Others,Others.epublibre,UP,200,570,,
2026-08-24T11:58:12.609959+00:00,Others,Others.epublibre,UP,200,136,,
2026-08-24T11:59:13.566973+00:00,Others,Others.epublibre,UP,200,133,,
2026-08-24T12:00:15.101406+00:00,Others,Others.epublibre,UP,200,686,,
2026-08-24T12:01:14.795505+00:00,Others,Others.epublibre,UP,200,641,,
2026-08-24T12:02:15.598669+00:00,Others,Others.epublibre,UP,200,689,,
2026-08-24T12:03:16.442935+00:00,Others,Others.epublibre,UP,200,593,,
2026-08-24T12:04:17.038122+00:00,Others,Others.epublibre,UP,200,556,,
2026-08-24T12:05:18.034541+00:00,Others,Others.epublibre,UP,200,718,,
2026-08-24T12:06:18.365376+00:00,Others,Others.epublibre,UP,200,555,,
2026-08-24T12:07:19.512268+00:00,Others,Others.epublibre,UP,200,586,,
2026-08-24T12:08:20.166564+00:00,Others,Others.epublibre,UP,200,553,,
2026-08-24T12:09:20.613191+00:00,Others,Others.epublibre,UP,200,133,,
2026-08-24T12:10:21.612158+00:00,Others,Others.epublibre,UP,200,565,,
2026-08-24T12:11:22.291923+00:00,Others,Others.epublibre,UP,200,700,,
2026-08-24T12:12:23.166677+00:00,Others,Others.epublibre,UP,200,598,,
2026-08-24T12:13:24.288404+00:00,Others,Others.epublibre,UP,200,547,,
2026-08-24T12:14:25.552186+00:00,Others,Others.epublibre,UP,200,960,,
2026-08-24T12:15:25.486221+00:00,Others,Others.epublibre,UP,200,1000,,
2026-08-24T12:16:26.189382+00:00,Others,Others.epublibre,UP,200,600,,
2026-08-24T12:17:26.042033+00:00,Others,Others.epublibre,UP,200,161,,
2026-08-24T12:18:27.531776+00:00,Others,Others.epublibre,UP,200,696,,
2026-08-24T12:19:27.558943+00:00,Others,Others.epublibre,UP,200,166,,
2026-08-24T12:20:29.247609+00:00,Others,Others.epublibre,UP,200,805,,
2026-08-24T12:21:29.797945+00:00,Others,Others.epublibre,UP,200,593,,
2026-08-24T12:22:31.384362+00:00,Others,Others.epublibre,UP,200,791,,
2026-08-24T12:23:31.229194+00:00,Others,Others.epublibre,UP,200,199,,
2026-08-24T12:24:32.676514+00:00,Others,Others.epublibre,UP,200,579,,
2026-08-24T12:25:33.420944+00:00,Others,Others.epublibre,UP,200,683,,
2026-08-24T12:26:34.146980+00:00,Others,Others.epublibre,UP,200,661,,
2026-08-24T12:27:34.967810+00:00,Others,Others.epublibre,UP,200,729,,
2026-08-24T12:28:35.781235+00:00,Others,Others.epublibre,UP,200,868,,
2026-08-24T12:29:36.524659+00:00,Others,Others.epublibre,UP,200,588,,
2026-08-24T12:30:37.183816+00:00,Others,Others.epublibre,UP,200,617,,
2026-08-24T12:31:38.249317+00:00,Others,Others.epublibre,UP,200,660,,
2026-08-24T12:32:38.874831+00:00,Others,Others.epublibre,UP,200,611,,
2026-08-24T12:33:39.754910+00:00,Others,Others.epublibre,UP,200,589,,
2026-08-24T12:34:40.356328+00:00,Others,Others.epublibre,UP,200,309,,
2026-08-24T12:35:41.404949+00:00,Others,Others.epublibre,UP,200,597,,
2026-08-24T12:36:42.139861+00:00,Others,Others.epublibre,UP,200,586,,
2026-08-24T12:37:42.986245+00:00,Others,Others.epublibre,UP,200,617,,
2026-08-24T12:38:43.906292+00:00,Others,Others.epublibre,UP,200,702,,
2026-08-24T12:39:44.650835+00:00,Others,Others.epublibre,UP,200,641,,
2026-08-24T12:40:45.339473+00:00,Others,Others.epublibre,UP,200,575,,
2026-08-24T12:41:45.772167+00:00,Others,Others.epublibre,UP,200,147,,
2026-08-24T12:42:46.840624+00:00,Others,Others.epublibre,UP,200,558,,
2026-08-24T12:43:47.720613+00:00,Others,Others.epublibre,UP,200,630,,
2026-08-24T12:44:48.420969+00:00,Others,Others.epublibre,UP,200,614,,
2026-08-24T12:45:49.105262+00:00,Others,Others.epublibre,UP,200,626,,
2026-08-24T12:46:50.064004+00:00,Others,Others.epublibre,UP,200,560,,
2026-08-24T12:47:51.032201+00:00,Others,Others.epublibre,UP,200,710,,
2026-08-24T12:48:51.572128+00:00,Others,Others.epublibre,UP,200,581,,
2026-08-24T12:49:52.415197+00:00,Others,Others.epublibre,UP,200,745,,
2026-08-24T12:50:53.072202+00:00,Others,Others.epublibre,UP,200,552,,
2026-08-24T12:51:53.920159+00:00,Others,Others.epublibre,UP,200,608,,
2026-08-24T12:52:54.456636+00:00,Others,Others.epublibre,UP,200,168,,
2026-08-24T12:53:55.575892+00:00,Others,Others.epublibre,UP,200,562,,
2026-08-24T12:54:56.330045+00:00,Others,Others.epublibre,UP,200,592,,
2026-08-24T12:55:56.694691+00:00,Others,Others.epublibre,UP,200,142,,
2026-08-24T12:56:57.777805+00:00,Others,Others.epublibre,UP,200,566,,
2026-08-24T12:57:58.296116+00:00,Others,Others.epublibre,UP,200,153,,
2026-08-24T12:58:59.376721+00:00,Others,Others.epublibre,UP,200,575,,
2026-08-24T12:59:59.883211+00:00,Others,Others.epublibre,UP,200,571,,
2026-08-24T13:00:59.960150+00:00,Others,Others.epublibre,UP,200,650,,
2026-08-24T13:02:00.958630+00:00,Others,Others.epublibre,UP,200,626,,
2026-08-24T13:03:01.475928+00:00,Others,Others.epublibre,UP,200,921,,
2026-08-24T13:04:01.528745+00:00,Others,Others.epublibre,UP,200,781,,
2026-08-24T13:05:02.893979+00:00,Others,Others.epublibre,UP,200,1251,,
2026-08-24T13:06:02.685037+00:00,Others,Others.epublibre,UP,200,795,,
2026-08-24T13:07:03.342733+00:00,Others,Others.epublibre,UP,200,624,,
2026-08-24T13:08:04.504483+00:00,Others,Others.epublibre,UP,200,914,,
2026-08-24T13:09:05.021931+00:00,Others,Others.epublibre,UP,200,540,,
2026-08-24T13:10:06.392852+00:00,Others,Others.epublibre,UP,200,1133,,
2026-08-24T13:11:06.332469+00:00,Others,Others.epublibre,UP,200,183,,
2026-08-24T13:12:08.011235+00:00,Others,Others.epublibre,UP,200,1024,,
2026-08-24T13:13:08.254445+00:00,Others,Others.epublibre,UP,200,864,,
2026-08-24T13:14:09.054938+00:00,Others,Others.epublibre,UP,200,586,,
2026-08-24T13:15:09.333748+00:00,Others,Others.epublibre,UP,200,156,,
2026-08-24T13:16:09.845984+00:00,Others,Others.epublibre,UP,200,603,,
2026-08-24T13:17:09.639028+00:00,Others,Others.epublibre,UP,200,152,,
2026-08-24T13:18:10.952950+00:00,Others,Others.epublibre,UP,200,595,,
2026-08-24T13:19:11.970118+00:00,Others,Others.epublibre,UP,200,545,,
2026-08-24T13:20:12.664160+00:00,Others,Others.epublibre,UP,200,562,,
2026-08-24T13:21:13.808442+00:00,Others,Others.epublibre,UP,200,680,,
2026-08-24T13:22:14.435133+00:00,Others,Others.epublibre,UP,200,619,,
2026-08-24T13:23:14.637587+00:00,Others,Others.epublibre,UP,200,146,,
2026-08-24T13:24:16.423025+00:00,Others,Others.epublibre,UP,200,745,,
2026-08-24T13:25:16.450407+00:00,Others,Others.epublibre,UP,200,190,,
2026-08-24T13:26:17.960163+00:00,Others,Others.epublibre,UP,200,730,,
2026-08-24T13:27:18.637911+00:00,Others,Others.epublibre,UP,200,606,,
2026-08-24T13:28:19.521618+00:00,Others,Others.epublibre,UP,200,581,,
2026-08-24T13:29:20.684571+00:00,Others,Others.epublibre,UP,200,663,,
2026-08-24T13:30:21.319152+00:00,Others,Others.epublibre,UP,200,806,,
2026-08-24T13:31:21.181341+00:00,Others,Others.epublibre,UP,200,568,,
2026-08-24T13:32:22.307834+00:00,Others,Others.epublibre,UP,200,616,,
2026-08-24T13:33:22.576457+00:00,Others,Others.epublibre,UP,200,158,,
2026-08-24T13:34:23.623409+00:00,Others,Others.epublibre,UP,200,199,,
2026-08-24T13:35:24.937744+00:00,Others,Others.epublibre,UP,200,642,,
2026-08-24T13:36:25.723335+00:00,Others,Others.epublibre,UP,200,605,,
2026-08-24T13:37:25.826384+00:00,Others,Others.epublibre,UP,200,666,,
2026-08-24T13:38:26.962698+00:00,Others,Others.epublibre,UP,200,990,,
2026-08-24T13:39:27.927938+00:00,Others,Others.epublibre,UP,200,1078,,
2026-08-24T13:40:28.087512+00:00,Others,Others.epublibre,UP,200,565,,
2026-08-24T13:41:29.111818+00:00,Others,Others.epublibre,UP,200,562,,
2026-08-24T13:42:28.903917+00:00,Others,Others.epublibre,UP,200,615,,
2026-08-24T13:43:30.013634+00:00,Others,Others.epublibre,UP,200,625,,
2026-08-24T13:44:30.620902+00:00,Others,Others.epublibre,UP,200,707,,
2026-08-24T13:45:30.546474+00:00,Others,Others.epublibre,UP,200,629,,
2026-08-24T13:46:31.679819+00:00,Others,Others.epublibre,UP,200,648,,
2026-08-24T13:47:32.292405+00:00,Others,Others.epublibre,UP,200,648,,
2026-08-24T13:48:33.107887+00:00,Others,Others.epublibre,UP,200,909,,
2026-08-24T13:49:33.443673+00:00,Others,Others.epublibre,UP,200,894,,
2026-08-24T13:50:33.661049+00:00,Others,Others.epublibre,UP,200,614,,
2026-08-24T13:51:34.827369+00:00,Others,Others.epublibre,UP,200,890,,
2026-08-24T13:52:35.486016+00:00,Others,Others.epublibre,UP,200,729,,
2026-08-24T13:53:36.418464+00:00,Others,Others.epublibre,UP,200,807,,
2026-08-24T13:54:37.605004+00:00,Others,Others.epublibre,UP,200,705,,
2026-08-24T13:55:37.688293+00:00,Others,Others.epublibre,UP,200,1218,,
2026-08-24T13:56:38.327819+00:00,Others,Others.epublibre,UP,200,793,,
2026-08-24T13:57:38.588528+00:00,Others,Others.epublibre,UP,200,677,,
2026-08-24T13:58:40.273450+00:00,Others,Others.epublibre,UP,200,1152,,
2026-08-24T13:59:40.672227+00:00,Others,Others.epublibre,UP,200,659,,
2026-08-24T14:00:41.097401+00:00,Others,Others.epublibre,UP,200,627,,
2026-08-24T14:01:40.630936+00:00,Others,Others.epublibre,UP,200,213,,
2026-08-24T14:02:42.313902+00:00,Others,Others.epublibre,UP,200,926,,
2026-08-24T14:03:43.065309+00:00,Others,Others.epublibre,UP,200,660,,
2026-08-24T14:04:43.959667+00:00,Others,Others.epublibre,UP,200,878,,
2026-08-24T14:05:44.691475+00:00,Others,Others.epublibre,UP,200,611,,
2026-08-24T14:06:45.778645+00:00,Others,Others.epublibre,UP,200,1009,,
2026-08-24T14:07:46.562170+00:00,Others,Others.epublibre,UP,200,805,,
2026-08-24T14:08:47.867011+00:00,Others,Others.epublibre,UP,200,1092,,
2026-08-24T14:09:48.356981+00:00,Others,Others.epublibre,UP,200,862,,
2026-08-24T14:10:48.449433+00:00,Others,Others.epublibre,UP,200,158,,
2026-08-24T14:11:50.101333+00:00,Others,Others.epublibre,UP,200,652,,
2026-08-24T14:12:49.866509+00:00,Others,Others.epublibre,UP,200,569,,
2026-08-24T14:13:50.478098+00:00,Others,Others.epublibre,UP,200,623,,
2026-08-24T14:14:51.604691+00:00,Others,Others.epublibre,UP,200,552,,
2026-08-24T14:15:52.545652+00:00,Others,Others.epublibre,UP,200,660,,
2026-08-24T14:16:53.338990+00:00,Others,Others.epublibre,UP,200,613,,
2026-08-24T14:17:54.181471+00:00,Others,Others.epublibre,UP,200,558,,
2026-08-24T14:18:54.457313+00:00,Others,Others.epublibre,UP,200,845,,
2026-08-24T14:19:54.351947+00:00,Others,Others.epublibre,UP,200,554,,
2026-08-24T14:20:54.757239+00:00,Others,Others.epublibre,UP,200,146,,
2026-08-24T14:21:55.980229+00:00,Others,Others.epublibre,UP,200,588,,
2026-08-24T14:22:57.277643+00:00,Others,Others.epublibre,UP,200,891,,
2026-08-24T14:23:56.693962+00:00,Others,Others.epublibre,UP,200,790,,
2026-08-24T14:24:57.675135+00:00,Others,Others.epublibre,UP,200,773,,
2026-08-24T14:25:58.062233+00:00,Others,Others.epublibre,UP,200,747,,
2026-08-24T14:26:59.031670+00:00,Others,Others.epublibre,UP,200,793,,
2026-08-24T14:27:59.918751+00:00,Others,Others.epublibre,UP,200,714,,
2026-08-24T14:28:59.703823+00:00,Others,Others.epublibre,UP,200,569,,
2026-08-24T14:30:01.124969+00:00,Others,Others.epublibre,UP,200,726,,
2026-08-24T14:31:01.969574+00:00,Others,Others.epublibre,UP,200,637,,
2026-08-24T14:32:01.994782+00:00,Others,Others.epublibre,UP,200,137,,
2026-08-24T14:33:02.394342+00:00,Others,Others.epublibre,UP,200,699,,
2026-08-24T14:34:03.430357+00:00,Others,Others.epublibre,UP,200,659,,
2026-08-24T14:35:04.563110+00:00,Others,Others.epublibre,UP,200,598,,
2026-08-24T14:36:05.185232+00:00,Others,Others.epublibre,UP,200,585,,
2026-08-24T14:37:06.094490+00:00,Others,Others.epublibre,UP,200,690,,
2026-08-24T14:38:06.899782+00:00,Others,Others.epublibre,UP,200,687,,
2026-08-24T14:39:06.730988+00:00,Others,Others.epublibre,UP,200,601,,
2026-08-24T14:40:07.715182+00:00,Others,Others.epublibre,UP,200,845,,
2026-08-24T14:41:07.996773+00:00,Others,Others.epublibre,UP,200,754,,
2026-08-24T14:42:08.555725+00:00,Others,Others.epublibre,UP,200,619,,
2026-08-24T14:43:09.419784+00:00,Others,Others.epublibre,UP,200,709,,
2026-08-24T14:44:09.345634+00:00,Others,Others.epublibre,UP,200,174,,
2026-08-24T14:45:10.743173+00:00,Others,Others.epublibre,UP,200,600,,
2026-08-24T14:46:11.773729+00:00,Others,Others.epublibre,UP,200,689,,
2026-08-24T14:47:12.322617+00:00,Others,Others.epublibre,UP,200,754,,
2026-08-24T14:48:13.185297+00:00,Others,Others.epublibre,UP,200,693,,
2026-08-24T14:49:13.029214+00:00,Others,Others.epublibre,UP,200,300,,
2026-08-24T14:50:14.002478+00:00,Others,Others.epublibre,UP,200,851,,
2026-08-24T14:51:14.944552+00:00,Others,Others.epublibre,UP,200,672,,
2026-08-24T14:52:15.617998+00:00,Others,Others.epublibre,UP,200,720,,
2026-08-24T14:53:16.310016+00:00,Others,Others.epublibre,UP,200,690,,
2026-08-24T14:54:17.291552+00:00,Others,Others.epublibre,UP,200,860,,
2026-08-24T14:55:17.999038+00:00,Others,Others.epublibre,UP,200,557,,
2026-08-24T14:56:19.041839+00:00,Others,Others.epublibre,UP,200,626,,
2026-08-24T14:57:19.974825+00:00,Others,Others.epublibre,UP,200,580,,
2026-08-24T14:58:19.837039+00:00,Others,Others.epublibre,UP,200,573,,
2026-08-24T14:59:20.357529+00:00,Others,Others.epublibre,UP,200,741,,
2026-08-24T15:00:20.467794+00:00,Others,Others.epublibre,UP,200,658,,
2026-08-24T15:01:20.006798+00:00,Others,Others.epublibre,UP,200,132,,
2026-08-24T15:02:21.388122+00:00,Others,Others.epublibre,UP,200,557,,
2026-08-24T15:03:22.562997+00:00,Others,Others.epublibre,UP,200,580,,
2026-08-24T15:04:22.911716+00:00,Others,Others.epublibre,UP,200,206,,
2026-08-24T15:05:24.219863+00:00,Others,Others.epublibre,UP,200,798,,
2026-08-24T15:06:25.211757+00:00,Others,Others.epublibre,UP,200,978,,
2026-08-24T15:07:25.778398+00:00,Others,Others.epublibre,UP,200,828,,
2026-08-24T15:08:45.554677+00:00,Others,Others.epublibre,TIMEOUT,,,timeout,
2026-08-24T15:09:25.824270+00:00,Others,Others.epublibre,UP,200,643,,
2026-08-24T15:10:27.018931+00:00,Others,Others.epublibre,UP,200,660,,
2026-08-24T15:11:27.747706+00:00,Others,Others.epublibre,UP,200,741,,
2026-08-24T15:12:27.638054+00:00,Others,Others.epublibre,UP,200,606,,
2026-08-24T15:13:28.527001+00:00,Others,Others.epublibre,UP,200,619,,
2026-08-24T15:14:29.553820+00:00,Others,Others.epublibre,UP,200,556,,
2026-08-24T15:15:29.704212+00:00,Others,Others.epublibre,UP,200,566,,
2026-08-24T15:16:29.228680+00:00,Others,Others.epublibre,UP,200,135,,
2026-08-24T15:17:30.214093+00:00,Others,Others.epublibre,UP,200,674,,
2026-08-24T15:18:30.176208+00:00,Others,Others.epublibre,UP,200,581,,
2026-08-24T15:19:31.083641+00:00,Others,Others.epublibre,UP,200,687,,
2026-08-24T15:20:31.286897+00:00,Others,Others.epublibre,UP,200,144,,
2026-08-24T15:21:32.430898+00:00,Others,Others.epublibre,UP,200,580,,
2026-08-24T15:22:32.928532+00:00,Others,Others.epublibre,UP,200,628,,
2026-08-24T15:23:33.224511+00:00,Others,Others.epublibre,UP,200,555,,
2026-08-24T15:24:34.298356+00:00,Others,Others.epublibre,UP,200,768,,
2026-08-24T15:25:35.127762+00:00,Others,Others.epublibre,UP,200,578,,
2026-08-24T15:26:35.895224+00:00,Others,Others.epublibre,UP,200,565,,
2026-08-24T15:27:36.528794+00:00,Others,Others.epublibre,UP,200,556,,
2026-08-24T15:28:37.222963+00:00,Others,Others.epublibre,UP,200,562,,
2026-08-24T15:29:38.118369+00:00,Others,Others.epublibre,UP,200,755,,
2026-08-24T15:30:38.642374+00:00,Others,Others.epublibre,UP,200,578,,
2026-08-24T15:31:39.857881+00:00,Others,Others.epublibre,UP,200,560,,
2026-08-24T15:32:40.398906+00:00,Others,Others.epublibre,UP,200,626,,
2026-08-24T15:33:40.954899+00:00,Others,Others.epublibre,UP,200,637,,
2026-08-24T15:34:42.024508+00:00,Others,Others.epublibre,UP,200,586,,
2026-08-24T15:35:42.829347+00:00,Others,Others.epublibre,UP,200,570,,
2026-08-24T15:36:43.675745+00:00,Others,Others.epublibre,UP,200,607,,
2026-08-24T15:37:44.573564+00:00,Others,Others.epublibre,UP,200,621,,
2026-08-24T15:38:45.389903+00:00,Others,Others.epublibre,UP,200,566,,
2026-08-24T15:39:46.376436+00:00,Others,Others.epublibre,UP,200,763,,
2026-08-24T15:40:47.119623+00:00,Others,Others.epublibre,UP,200,556,,
2026-08-24T15:41:48.004758+00:00,Others,Others.epublibre,UP,200,660,,
2026-08-24T15:42:48.260061+00:00,Others,Others.epublibre,UP,200,721,,
2026-08-24T15:43:47.880069+00:00,Others,Others.epublibre,UP,200,192,,
2026-08-24T15:44:48.978215+00:00,Others,Others.epublibre,UP,200,569,,
2026-08-24T15:45:49.833758+00:00,Others,Others.epublibre,UP,200,735,,
2026-08-24T15:46:49.415514+00:00,Others,Others.epublibre,UP,200,142,,
2026-08-24T15:47:49.914364+00:00,Others,Others.epublibre,UP,200,706,,
2026-08-24T15:48:50.775371+00:00,Others,Others.epublibre,UP,200,650,,
2026-08-24T15:49:51.688060+00:00,Others,Others.epublibre,UP,200,618,,
2026-08-24T15:50:52.454007+00:00,Others,Others.epublibre,UP,200,647,,
2026-08-24T15:51:52.317664+00:00,Others,Others.epublibre,UP,200,578,,
2026-08-24T15:52:53.199690+00:00,Others,Others.epublibre,UP,200,620,,
2026-08-24T15:53:53.474803+00:00,Others,Others.epublibre,UP,200,138,,
2026-08-24T15:54:54.816219+00:00,Others,Others.epublibre,UP,200,612,,
2026-08-24T15:55:55.790907+00:00,Others,Others.epublibre,UP,200,578,,
2026-08-24T15:56:56.919261+00:00,Others,Others.epublibre,UP,200,606,,
2026-08-24T15:57:57.095752+00:00,Others,Others.epublibre,UP,200,157,,
2026-08-24T15:58:58.542910+00:00,Others,Others.epublibre,UP,200,625,,
2026-08-24T15:59:59.283504+00:00,Others,Others.epublibre,UP,200,553,,
2026-08-24T16:00:59.608289+00:00,Others,Others.epublibre,UP,200,637,,
2026-08-24T16:01:59.721830+00:00,Others,Others.epublibre,UP,200,557,,
2026-08-24T16:03:00.868011+00:00,Others,Others.epublibre,UP,200,726,,
2026-08-24T16:04:01.083673+00:00,Others,Others.epublibre,UP,200,668,,
2026-08-24T16:05:02.542993+00:00,Others,Others.epublibre,UP,200,1020,,
2026-08-24T16:06:02.216003+00:00,Others,Others.epublibre,UP,200,627,,
2026-08-24T16:07:02.547028+00:00,Others,Others.epublibre,UP,200,587,,
2026-08-24T16:08:04.016244+00:00,Others,Others.epublibre,UP,200,743,,
2026-08-24T16:09:03.797200+00:00,Others,Others.epublibre,UP,200,589,,
2026-08-24T16:10:05.161551+00:00,Others,Others.epublibre,UP,200,616,,
2026-08-24T16:11:05.446996+00:00,Others,Others.epublibre,UP,200,821,,
2026-08-24T16:12:05.737339+00:00,Others,Others.epublibre,UP,200,716,,
2026-08-24T16:13:07.448567+00:00,Others,Others.epublibre,UP,200,835,,
2026-08-24T16:14:07.817612+00:00,Others,Others.epublibre,UP,200,699,,
2026-08-24T16:15:08.244987+00:00,Others,Others.epublibre,UP,200,139,,
2026-08-24T16:16:08.768456+00:00,Others,Others.epublibre,UP,200,572,,
2026-08-24T16:17:09.242508+00:00,Others,Others.epublibre,UP,200,775,,
2026-08-24T16:18:10.253869+00:00,Others,Others.epublibre,UP,200,674,,
2026-08-24T16:19:10.388029+00:00,Others,Others.epublibre,UP,200,609,,
2026-08-24T16:20:11.569831+00:00,Others,Others.epublibre,UP,200,619,,
2026-08-24T16:21:11.662949+00:00,Others,Others.epublibre,UP,200,138,,
2026-08-24T16:22:12.945165+00:00,Others,Others.epublibre,UP,200,547,,
2026-08-24T16:23:14.200180+00:00,Others,Others.epublibre,UP,200,558,,
2026-08-24T16:24:14.939208+00:00,Others,Others.epublibre,UP,200,633,,
2026-08-24T16:25:15.927837+00:00,Others,Others.epublibre,UP,200,568,,
2026-08-24T16:26:16.951439+00:00,Others,Others.epublibre,UP,200,545,,
2026-08-24T16:27:17.922034+00:00,Others,Others.epublibre,UP,200,723,,
2026-08-24T16:28:18.592820+00:00,Others,Others.epublibre,UP,200,630,,
2026-08-24T16:29:19.001679+00:00,Others,Others.epublibre,UP,200,165,,
2026-08-24T16:30:19.432249+00:00,Others,Others.epublibre,UP,200,576,,
2026-08-24T16:31:19.434888+00:00,Others,Others.epublibre,UP,200,550,,
2026-08-24T16:32:19.639061+00:00,Others,Others.epublibre,UP,200,581,,
2026-08-24T16:33:20.510662+00:00,Others,Others.epublibre,UP,200,595,,
2026-08-24T16:34:21.585457+00:00,Others,Others.epublibre,UP,200,582,,
2026-08-24T16:35:21.645447+00:00,Others,Others.epublibre,UP,200,610,,
2026-08-24T16:36:22.731174+00:00,Others,Others.epublibre,UP,200,732,,
2026-08-24T16:37:23.930140+00:00,Others,Others.epublibre,UP,200,700,,
2026-08-24T16:38:23.874977+00:00,Others,Others.epublibre,UP,200,634,,
2026-08-24T16:39:24.453903+00:00,Others,Others.epublibre,UP,200,274,,
2026-08-24T16:40:25.780399+00:00,Others,Others.epublibre,UP,200,575,,
2026-08-24T16:41:25.808155+00:00,Others,Others.epublibre,UP,200,600,,
2026-08-24T16:42:25.541937+00:00,Others,Others.epublibre,UP,200,150,,
2026-08-24T16:43:26.883853+00:00,Others,Others.epublibre,UP,200,867,,
2026-08-24T16:44:26.887187+00:00,Others,Others.epublibre,UP,200,689,,
2026-08-24T16:45:28.171914+00:00,Others,Others.epublibre,UP,200,817,,
2026-08-24T16:46:29.054880+00:00,Others,Others.epublibre,UP,200,729,,
2026-08-24T16:47:28.701653+00:00,Others,Others.epublibre,UP,200,301,,
2026-08-24T16:48:29.979273+00:00,Others,Others.epublibre,UP,200,594,,
2026-08-24T16:49:29.948394+00:00,Others,Others.epublibre,UP,200,586,,
2026-08-24T16:50:30.576342+00:00,Others,Others.epublibre,UP,200,623,,
2026-08-24T16:51:30.528982+00:00,Others,Others.epublibre,UP,200,573,,
2026-08-24T16:52:31.161924+00:00,Others,Others.epublibre,UP,200,766,,
2026-08-24T16:53:31.725473+00:00,Others,Others.epublibre,UP,200,682,,
2026-08-24T16:54:32.554717+00:00,Others,Others.epublibre,UP,200,646,,
2026-08-24T16:55:32.519023+00:00,Others,Others.epublibre,UP,200,566,,
2026-08-24T16:56:33.406182+00:00,Others,Others.epublibre,UP,200,583,,
2026-08-24T16:57:33.411759+00:00,Others,Others.epublibre,UP,200,139,,
2026-08-24T16:58:34.761772+00:00,Others,Others.epublibre,UP,200,610,,
2026-08-24T16:59:36.014995+00:00,Others,Others.epublibre,UP,200,612,,
2026-08-24T17:00:36.305517+00:00,Others,Others.epublibre,UP,200,618,,
2026-08-24T17:01:37.037849+00:00,Others,Others.epublibre,UP,200,741,,
2026-08-24T17:02:37.849122+00:00,Others,Others.epublibre,UP,200,1256,,
2026-08-24T17:03:38.298291+00:00,Others,Others.epublibre,UP,200,713,,
2026-08-24T17:04:38.062197+00:00,Others,Others.epublibre,UP,200,695,,
2026-08-24T17:05:38.315542+00:00,Others,Others.epublibre,UP,200,625,,
2026-08-24T17:06:38.816908+00:00,Others,Others.epublibre,UP,200,661,,
2026-08-24T17:07:39.636780+00:00,Others,Others.epublibre,UP,200,632,,
2026-08-24T17:08:40.717468+00:00,Others,Others.epublibre,UP,200,619,,
2026-08-24T17:09:41.711766+00:00,Others,Others.epublibre,UP,200,752,,
2026-08-24T17:10:42.589589+00:00,Others,Others.epublibre,UP,200,620,,
2026-08-24T17:11:42.896552+00:00,Others,Others.epublibre,UP,200,582,,
2026-08-24T17:12:43.062554+00:00,Others,Others.epublibre,UP,200,563,,
2026-08-24T17:13:43.850325+00:00,Others,Others.epublibre,UP,200,603,,
2026-08-24T17:14:44.231208+00:00,Others,Others.epublibre,UP,200,681,,
2026-08-24T17:15:44.400070+00:00,Others,Others.epublibre,UP,200,643,,
2026-08-24T17:16:44.779810+00:00,Others,Others.epublibre,UP,200,571,,
2026-08-24T17:17:53.276018+00:00,Others,Others.epublibre,DEGRADED,200,8191,latency_high,
2026-08-24T17:18:46.375508+00:00,Others,Others.epublibre,UP,200,654,,
2026-08-24T17:19:47.016380+00:00,Others,Others.epublibre,UP,200,693,,
2026-08-24T17:20:47.080086+00:00,Others,Others.epublibre,UP,200,624,,
2026-08-24T17:21:47.847010+00:00,Others,Others.epublibre,UP,200,580,,
2026-08-24T17:22:48.530366+00:00,Others,Others.epublibre,UP,200,553,,
2026-08-24T17:23:49.845875+00:00,Others,Others.epublibre,UP,200,650,,
2026-08-24T17:24:50.470102+00:00,Others,Others.epublibre,UP,200,562,,
2026-08-24T17:25:51.257086+00:00,Others,Others.epublibre,UP,200,559,,
2026-08-24T17:26:52.052110+00:00,Others,Others.epublibre,UP,200,638,,
2026-08-24T17:27:53.045681+00:00,Others,Others.epublibre,UP,200,599,,
2026-08-24T17:28:53.599745+00:00,Others,Others.epublibre,UP,200,582,,
2026-08-24T17:29:54.496270+00:00,Others,Others.epublibre,UP,200,668,,
2026-08-24T17:30:54.813266+00:00,Others,Others.epublibre,UP,200,639,,
2026-08-24T17:31:54.241182+00:00,Others,Others.epublibre,UP,200,140,,
2026-08-24T17:32:55.557178+00:00,Others,Others.epublibre,UP,200,615,,
2026-08-24T17:33:56.339902+00:00,Others,Others.epublibre,UP,200,575,,
2026-08-24T17:34:56.494782+00:00,Others,Others.epublibre,UP,200,138,,
2026-08-24T17:35:56.834753+00:00,Others,Others.epublibre,UP,200,588,,
2026-08-24T17:36:57.850039+00:00,Others,Others.epublibre,UP,200,742,,
2026-08-24T17:37:58.383794+00:00,Others,Others.epublibre,UP,200,706,,
2026-08-24T17:38:58.834687+00:00,Others,Others.epublibre,UP,200,211,,
2026-08-24T17:40:00.208414+00:00,Others,Others.epublibre,UP,200,556,,
2026-08-24T17:41:01.155425+00:00,Others,Others.epublibre,UP,200,588,,
2026-08-24T17:42:02.084119+00:00,Others,Others.epublibre,UP,200,703,,
2026-08-24T17:43:02.011771+00:00,Others,Others.epublibre,UP,200,634,,
2026-08-24T17:44:03.056735+00:00,Others,Others.epublibre,UP,200,594,,
2026-08-24T17:45:04.130185+00:00,Others,Others.epublibre,UP,200,668,,
2026-08-24T17:46:05.298924+00:00,Others,Others.epublibre,UP,200,992,,
2026-08-24T17:47:04.999777+00:00,Others,Others.epublibre,UP,200,137,,
2026-08-24T17:48:06.230778+00:00,Others,Others.epublibre,UP,200,592,,
2026-08-24T17:49:07.404699+00:00,Others,Others.epublibre,UP,200,597,,
2026-08-24T17:50:08.083611+00:00,Others,Others.epublibre,UP,200,685,,
2026-08-24T17:51:08.633575+00:00,Others,Others.epublibre,UP,200,837,,
2026-08-24T17:52:09.081696+00:00,Others,Others.epublibre,UP,200,556,,
2026-08-24T17:53:09.617469+00:00,Others,Others.epublibre,UP,200,707,,
2026-08-24T17:54:09.483326+00:00,Others,Others.epublibre,UP,200,601,,
2026-08-24T17:55:17.333579+00:00,Others,Others.epublibre,DEGRADED,200,7126,latency_high,
2026-08-24T17:56:10.488028+00:00,Others,Others.epublibre,UP,200,571,,
2026-08-24T17:57:11.331877+00:00,Others,Others.epublibre,UP,200,607,,
2026-08-24T17:58:12.380242+00:00,Others,Others.epublibre,UP,200,671,,
2026-08-24T17:59:13.136439+00:00,Others,Others.epublibre,UP,200,570,,
2026-08-24T18:00:14.070239+00:00,Others,Others.epublibre,UP,200,660,,
2026-08-24T18:01:14.294260+00:00,Others,Others.epublibre,UP,200,759,,
2026-08-24T18:02:15.202982+00:00,Others,Others.epublibre,UP,200,578,,
2026-08-24T18:03:15.380052+00:00,Others,Others.epublibre,UP,200,145,,
2026-08-24T18:04:16.449490+00:00,Others,Others.epublibre,UP,200,680,,
2026-08-24T18:05:16.008640+00:00,Others,Others.epublibre,UP,200,147,,
2026-08-24T18:06:17.841110+00:00,Others,Others.epublibre,UP,200,759,,
2026-08-24T18:07:18.636108+00:00,Others,Others.epublibre,UP,200,939,,
2026-08-24T18:08:18.792669+00:00,Others,Others.epublibre,UP,200,944,,
2026-08-24T18:09:19.553361+00:00,Others,Others.epublibre,UP,200,668,,
2026-08-24T18:10:20.383220+00:00,Others,Others.epublibre,UP,200,721,,
2026-08-24T18:11:20.471208+00:00,Others,Others.epublibre,UP,200,757,,
2026-08-24T18:12:20.603403+00:00,Others,Others.epublibre,UP,200,774,,
2026-08-24T18:13:21.274587+00:00,Others,Others.epublibre,UP,200,869,,
2026-08-24T18:14:22.184890+00:00,Others,Others.epublibre,UP,200,670,,
2026-08-24T18:15:21.802510+00:00,Others,Others.epublibre,UP,200,348,,
2026-08-24T18:16:22.826265+00:00,Others,Others.epublibre,UP,200,197,,
2026-08-24T18:17:24.013572+00:00,Others,Others.epublibre,UP,200,730,,
2026-08-24T18:18:25.306057+00:00,Others,Others.epublibre,UP,200,847,,
2026-08-24T18:19:24.946994+00:00,Others,Others.epublibre,UP,200,588,,
2026-08-24T18:20:25.821713+00:00,Others,Others.epublibre,UP,200,727,,
2026-08-24T18:21:25.035749+00:00,Others,Others.epublibre,UP,200,143,,
2026-08-24T18:22:26.261548+00:00,Others,Others.epublibre,UP,200,157,,
2026-08-24T18:23:27.678527+00:00,Others,Others.epublibre,UP,200,620,,
2026-08-24T18:24:28.242552+00:00,Others,Others.epublibre,UP,200,159,,
2026-08-24T18:25:29.129472+00:00,Others,Others.epublibre,UP,200,597,,
2026-08-24T18:26:30.376307+00:00,Others,Others.epublibre,UP,200,628,,
2026-08-24T18:27:30.302868+00:00,Others,Others.epublibre,UP,200,696,,
2026-08-24T18:28:31.402887+00:00,Others,Others.epublibre,UP,200,556,,
2026-08-24T18:29:32.283143+00:00,Others,Others.epublibre,UP,200,543,,
2026-08-24T18:30:32.354859+00:00,Others,Others.epublibre,UP,200,572,,
2026-08-24T18:31:33.307913+00:00,Others,Others.epublibre,UP,200,693,,
2026-08-24T18:32:33.777484+00:00,Others,Others.epublibre,UP,200,147,,
2026-08-24T18:33:34.828936+00:00,Others,Others.epublibre,UP,200,703,,
2026-08-24T18:34:34.739095+00:00,Others,Others.epublibre,UP,200,565,,
2026-08-24T18:35:35.840949+00:00,Others,Others.epublibre,UP,200,635,,
2026-08-24T18:36:36.895246+00:00,Others,Others.epublibre,UP,200,715,,
2026-08-24T18:37:37.692920+00:00,Others,Others.epublibre,UP,200,676,,
2026-08-24T18:38:38.327806+00:00,Others,Others.epublibre,UP,200,579,,
2026-08-24T18:39:39.885114+00:00,Others,Others.epublibre,UP,200,827,,
2026-08-24T18:40:40.984398+00:00,Others,Others.epublibre,UP,200,828,,
2026-08-24T18:41:40.914331+00:00,Others,Others.epublibre,UP,200,705,,
2026-08-24T18:42:40.968427+00:00,Others,Others.epublibre,UP,200,758,,
2026-08-24T18:43:42.008373+00:00,Others,Others.epublibre,UP,200,887,,
2026-08-24T18:44:41.849863+00:00,Others,Others.epublibre,UP,200,173,,
2026-08-24T18:45:42.653467+00:00,Others,Others.epublibre,UP,200,624,,
2026-08-24T18:46:43.556047+00:00,Others,Others.epublibre,UP,200,596,,
2026-08-24T18:47:44.450526+00:00,Others,Others.epublibre,UP,200,623,,
2026-08-24T18:48:44.603136+00:00,Others,Others.epublibre,UP,200,1016,,
2026-08-24T18:49:45.699476+00:00,Others,Others.epublibre,UP,200,1240,,
2026-08-24T18:50:45.737353+00:00,Others,Others.epublibre,UP,200,1032,,
2026-08-24T18:51:45.647062+00:00,Others,Others.epublibre,UP,200,773,,
2026-08-24T18:52:46.861678+00:00,Others,Others.epublibre,UP,200,876,,
2026-08-24T18:53:47.401090+00:00,Others,Others.epublibre,UP,200,850,,
2026-08-24T18:54:47.872932+00:00,Others,Others.epublibre,UP,200,933,,
2026-08-24T18:55:48.282748+00:00,Others,Others.epublibre,UP,200,548,,
2026-08-24T18:56:49.358631+00:00,Others,Others.epublibre,UP,200,807,,
2026-08-24T18:57:49.818398+00:00,Others,Others.epublibre,UP,200,748,,
2026-08-24T18:58:51.035700+00:00,Others,Others.epublibre,UP,200,849,,
2026-08-24T18:59:50.767831+00:00,Others,Others.epublibre,UP,200,580,,
2026-08-24T19:00:50.422524+00:00,Others,Others.epublibre,UP,200,137,,
2026-08-24T19:01:51.967205+00:00,Others,Others.epublibre,UP,200,812,,
2026-08-24T19:02:52.582978+00:00,Others,Others.epublibre,UP,200,833,,
2026-08-24T19:03:59.526238+00:00,Others,Others.epublibre,DEGRADED,200,7739,latency_high,
2026-08-24T19:04:53.778032+00:00,Others,Others.epublibre,UP,200,1108,,
2026-08-24T19:05:54.472431+00:00,Others,Others.epublibre,UP,200,1046,,
2026-08-24T19:06:55.457198+00:00,Others,Others.epublibre,UP,200,853,,
2026-08-24T19:07:55.552294+00:00,Others,Others.epublibre,UP,200,165,,
2026-08-24T19:08:56.195377+00:00,Others,Others.epublibre,UP,200,873,,
2026-08-24T19:09:56.304402+00:00,Others,Others.epublibre,UP,200,136,,
2026-08-24T19:10:57.119813+00:00,Others,Others.epublibre,UP,200,769,,
2026-08-24T19:11:58.186738+00:00,Others,Others.epublibre,UP,200,739,,
2026-08-24T19:12:59.461181+00:00,Others,Others.epublibre,UP,200,1135,,
2026-08-24T19:14:06.465796+00:00,Others,Others.epublibre,DEGRADED,200,7456,latency_high,
2026-08-24T19:14:59.788870+00:00,Others,Others.epublibre,UP,200,922,,
2026-08-24T19:16:00.208191+00:00,Others,Others.epublibre,UP,200,1017,,
2026-08-24T19:16:59.921209+00:00,Others,Others.epublibre,UP,200,654,,
2026-08-24T19:17:59.934907+00:00,Others,Others.epublibre,UP,200,239,,
2026-08-24T19:19:01.409137+00:00,Others,Others.epublibre,UP,200,1112,,
2026-08-24T19:20:00.845127+00:00,Others,Others.epublibre,UP,200,1063,,
2026-08-24T19:21:02.125080+00:00,Others,Others.epublibre,UP,200,687,,
2026-08-24T19:22:03.169564+00:00,Others,Others.epublibre,UP,200,1091,,
2026-08-24T19:23:04.048387+00:00,Others,Others.epublibre,UP,200,1190,,
2026-08-24T19:24:04.492394+00:00,Others,Others.epublibre,UP,200,987,,
2026-08-24T19:25:05.668528+00:00,Others,Others.epublibre,UP,200,1120,,
2026-08-24T19:26:05.120558+00:00,Others,Others.epublibre,UP,200,752,,
2026-08-24T19:27:05.045992+00:00,Others,Others.epublibre,UP,200,174,,
2026-08-24T19:28:05.495609+00:00,Others,Others.epublibre,UP,200,747,,
2026-08-24T19:29:13.765281+00:00,Others,Others.epublibre,DEGRADED,200,7774,latency_high,
2026-08-24T19:30:08.115808+00:00,Others,Others.epublibre,UP,200,971,,
2026-08-24T19:31:07.550629+00:00,Others,Others.epublibre,UP,200,769,,
2026-08-24T19:32:08.422726+00:00,Others,Others.epublibre,UP,200,880,,
2026-08-24T19:33:08.225017+00:00,Others,Others.epublibre,UP,200,647,,
2026-08-24T19:34:09.314210+00:00,Others,Others.epublibre,UP,200,672,,
2026-08-24T19:35:12.835191+00:00,Others,Others.epublibre,DEGRADED,200,3587,latency_high,
2026-08-24T19:36:11.872015+00:00,Others,Others.epublibre,UP,200,1237,,
2026-08-24T19:37:16.376913+00:00,Others,Others.epublibre,DEGRADED,200,4953,latency_high,
2026-08-24T19:38:13.474393+00:00,Others,Others.epublibre,UP,200,1001,,
2026-08-24T19:39:13.994158+00:00,Others,Others.epublibre,UP,200,906,,
2026-08-24T19:40:15.028268+00:00,Others,Others.epublibre,UP,200,725,,
2026-08-24T19:41:15.005368+00:00,Others,Others.epublibre,UP,200,637,,
2026-08-24T19:42:15.429587+00:00,Others,Others.epublibre,UP,200,205,,
2026-08-24T19:43:17.199894+00:00,Others,Others.epublibre,UP,200,921,,
2026-08-24T19:44:19.923158+00:00,Others,Others.epublibre,UP,200,2920,,
2026-08-24T19:45:18.423812+00:00,Others,Others.epublibre,UP,200,646,,
2026-08-24T19:46:19.023504+00:00,Others,Others.epublibre,UP,200,691,,
2026-08-24T19:47:19.510280+00:00,Others,Others.epublibre,UP,200,739,,
2026-08-24T19:48:20.121098+00:00,Others,Others.epublibre,UP,200,1108,,
2026-08-24T19:49:20.580484+00:00,Others,Others.epublibre,UP,200,741,,
2026-08-24T19:50:21.646665+00:00,Others,Others.epublibre,UP,200,729,,
2026-08-24T19:51:21.895920+00:00,Others,Others.epublibre,UP,200,257,,
2026-08-24T19:52:23.360837+00:00,Others,Others.epublibre,UP,200,814,,
2026-08-24T19:53:23.816983+00:00,Others,Others.epublibre,UP,200,665,,
2026-08-24T19:54:25.677580+00:00,Others,Others.epublibre,UP,200,1382,,
2026-08-24T19:55:25.019794+00:00,Others,Others.epublibre,UP,200,650,,
2026-08-24T19:56:25.952801+00:00,Others,Others.epublibre,UP,200,1294,,
2026-08-24T19:57:26.531997+00:00,Others,Others.epublibre,UP,200,716,,
2026-08-24T19:58:27.978381+00:00,Others,Others.epublibre,UP,200,1025,,
2026-08-24T19:59:28.111125+00:00,Others,Others.epublibre,UP,200,1064,,
2026-08-24T20:00:28.733324+00:00,Others,Others.epublibre,UP,200,726,,
2026-08-24T20:01:28.850785+00:00,Others,Others.epublibre,UP,200,745,,
2026-08-24T20:02:28.297829+00:00,Others,Others.epublibre,UP,200,570,,
2026-08-24T20:03:29.168284+00:00,Others,Others.epublibre,UP,200,816,,
2026-08-24T20:04:29.945588+00:00,Others,Others.epublibre,UP,200,1098,,
2026-08-24T20:05:30.006367+00:00,Others,Others.epublibre,UP,200,194,,
2026-08-24T20:06:30.827948+00:00,Others,Others.epublibre,UP,200,684,,
2026-08-24T20:07:30.111378+00:00,Others,Others.epublibre,UP,200,213,,
2026-08-24T20:08:31.854277+00:00,Others,Others.epublibre,UP,200,1118,,
2026-08-24T20:09:32.295081+00:00,Others,Others.epublibre,UP,200,900,,
2026-08-24T20:10:32.161290+00:00,Others,Others.epublibre,UP,200,556,,
2026-08-24T20:11:32.449127+00:00,Others,Others.epublibre,UP,200,980,,
2026-08-24T20:12:32.541039+00:00,Others,Others.epublibre,UP,200,160,,
2026-08-24T20:13:33.201855+00:00,Others,Others.epublibre,UP,200,651,,
2026-08-24T20:14:33.816436+00:00,Others,Others.epublibre,UP,200,574,,
2026-08-24T20:15:34.070235+00:00,Others,Others.epublibre,UP,200,570,,
2026-08-24T20:16:34.776082+00:00,Others,Others.epublibre,UP,200,734,,
2026-08-24T20:17:34.710760+00:00,Others,Others.epublibre,UP,200,691,,
2026-08-24T20:18:34.518738+00:00,Others,Others.epublibre,UP,200,595,,
2026-08-24T20:19:35.880041+00:00,Others,Others.epublibre,UP,200,620,,
2026-08-24T20:20:36.650490+00:00,Others,Others.epublibre,UP,200,740,,
2026-08-24T20:21:38.483914+00:00,Others,Others.epublibre,UP,200,2450,,
2026-08-24T20:22:37.533401+00:00,Others,Others.epublibre,UP,200,699,,
2026-08-24T20:23:38.327667+00:00,Others,Others.epublibre,UP,200,653,,
2026-08-24T20:24:38.373481+00:00,Others,Others.epublibre,UP,200,584,,
2026-08-24T20:25:38.586807+00:00,Others,Others.epublibre,UP,200,144,,
2026-08-24T20:26:40.248361+00:00,Others,Others.epublibre,UP,200,711,,
2026-08-24T20:27:41.077868+00:00,Others,Others.epublibre,UP,200,712,,
2026-08-24T20:28:41.632722+00:00,Others,Others.epublibre,UP,200,599,,
2026-08-24T20:29:42.601625+00:00,Others,Others.epublibre,UP,200,727,,
2026-08-24T20:30:43.768906+00:00,Others,Others.epublibre,UP,200,607,,
2026-08-24T20:31:43.828264+00:00,Others,Others.epublibre,UP,200,778,,
2026-08-24T20:32:44.838056+00:00,Others,Others.epublibre,UP,200,580,,
2026-08-24T20:33:45.543856+00:00,Others,Others.epublibre,UP,200,702,,
2026-08-24T20:34:58.938965+00:00,Others,Others.epublibre,DEGRADED,200,13723,latency_high,
2026-08-24T20:35:45.962333+00:00,Others,Others.epublibre,UP,200,588,,
2026-08-24T20:36:47.043689+00:00,Others,Others.epublibre,UP,200,628,,
2026-08-24T20:37:48.149381+00:00,Others,Others.epublibre,UP,200,1179,,
2026-08-24T20:38:48.861510+00:00,Others,Others.epublibre,UP,200,745,,
2026-08-24T20:39:48.968765+00:00,Others,Others.epublibre,UP,200,638,,
2026-08-24T20:40:50.019980+00:00,Others,Others.epublibre,UP,200,571,,
2026-08-24T20:41:50.687109+00:00,Others,Others.epublibre,UP,200,588,,
2026-08-24T20:42:51.735111+00:00,Others,Others.epublibre,UP,200,672,,
2026-08-24T20:43:52.259307+00:00,Others,Others.epublibre,UP,200,764,,
2026-08-24T20:44:51.982419+00:00,Others,Others.epublibre,UP,200,587,,
2026-08-24T20:45:51.779046+00:00,Others,Others.epublibre,UP,200,145,,
2026-08-24T20:46:52.296075+00:00,Others,Others.epublibre,UP,200,791,,
2026-08-24T20:47:52.977159+00:00,Others,Others.epublibre,UP,200,816,,
2026-08-24T20:48:53.185498+00:00,Others,Others.epublibre,UP,200,878,,
2026-08-24T20:49:53.952504+00:00,Others,Others.epublibre,UP,200,773,,
2026-08-24T20:50:54.744914+00:00,Others,Others.epublibre,UP,200,620,,
2026-08-24T20:51:55.176790+00:00,Others,Others.epublibre,UP,200,135,,
2026-08-24T20:52:56.932853+00:00,Others,Others.epublibre,UP,200,718,,
2026-08-24T20:53:57.217524+00:00,Others,Others.epublibre,UP,200,205,,
2026-08-24T20:54:58.500725+00:00,Others,Others.epublibre,UP,200,566,,
2026-08-24T20:55:59.205800+00:00,Others,Others.epublibre,UP,200,551,,
2026-08-24T20:56:59.570003+00:00,Others,Others.epublibre,UP,200,578,,
2026-08-24T20:58:00.346899+00:00,Others,Others.epublibre,UP,200,610,,
2026-08-24T20:59:00.993530+00:00,Others,Others.epublibre,UP,200,704,,
2026-08-24T21:00:01.112658+00:00,Others,Others.epublibre,UP,200,699,,
2026-08-24T21:01:01.772437+00:00,Others,Others.epublibre,UP,200,591,,
2026-08-24T21:02:01.354807+00:00,Others,Others.epublibre,UP,200,570,,
2026-08-24T21:03:02.214447+00:00,Others,Others.epublibre,UP,200,648,,
2026-08-24T21:04:02.447710+00:00,Others,Others.epublibre,UP,200,613,,
2026-08-24T21:05:04.099493+00:00,Others,Others.epublibre,UP,200,651,,
2026-08-24T21:06:03.880644+00:00,Others,Others.epublibre,UP,200,609,,
2026-08-24T21:07:03.673538+00:00,Others,Others.epublibre,UP,200,625,,
2026-08-24T21:08:04.157030+00:00,Others,Others.epublibre,UP,200,684,,
2026-08-24T21:09:04.598643+00:00,Others,Others.epublibre,UP,200,626,,
2026-08-24T21:10:04.885326+00:00,Others,Others.epublibre,UP,200,650,,
2026-08-24T21:11:04.718498+00:00,Others,Others.epublibre,UP,200,615,,
2026-08-24T21:12:05.487544+00:00,Others,Others.epublibre,UP,200,592,,
2026-08-24T21:13:06.348799+00:00,Others,Others.epublibre,UP,200,597,,
2026-08-24T21:14:07.075629+00:00,Others,Others.epublibre,UP,200,558,,
2026-08-24T21:15:08.026610+00:00,Others,Others.epublibre,UP,200,714,,
2026-08-24T21:16:07.876915+00:00,Others,Others.epublibre,UP,200,149,,
2026-08-24T21:17:08.354998+00:00,Others,Others.epublibre,UP,200,623,,
2026-08-24T21:18:08.043067+00:00,Others,Others.epublibre,UP,200,589,,
2026-08-24T21:19:08.905840+00:00,Others,Others.epublibre,UP,200,555,,
2026-08-24T21:20:19.862702+00:00,Others,Others.epublibre,DOWN,,,connection_refused,
2026-08-24T21:21:23.787220+00:00,Others,Others.epublibre,DOWN,,,connection_refused,
2026-08-24T21:22:22.834240+00:00,Others,Others.epublibre,DOWN,,,connection_refused,
2026-08-24T21:23:13.615299+00:00,Others,Others.epublibre,UP,200,2654,,
2026-08-24T21:24:19.320021+00:00,Others,Others.epublibre,DEGRADED,200,7564,latency_high,
2026-08-24T21:25:23.678661+00:00,Others,Others.epublibre,DOWN,,,connection_refused,
2026-08-24T21:26:40.788111+00:00,Others,Others.epublibre,DOWN,,,connection_refused,
2026-08-24T21:27:29.706720+00:00,Others,Others.epublibre,DOWN,,,connection_refused,
2026-08-24T21:28:20.340272+00:00,Others,Others.epublibre,DEGRADED,200,6260,latency_high,
2026-08-24T21:29:29.960388+00:00,Others,Others.epublibre,DOWN,,,connection_refused,
2026-08-24T21:30:27.222702+00:00,Others,Others.epublibre,DOWN,,,connection_refused,
2026-08-24T21:31:17.561445+00:00,Others,Others.epublibre,UP,200,2447,,
2026-08-24T21:32:17.687678+00:00,Others,Others.epublibre,UP,200,1833,,
2026-08-24T21:33:27.458996+00:00,Others,Others.epublibre,DOWN,,,connection_refused,
2026-08-24T21:34:27.174170+00:00,Others,Others.epublibre,DEGRADED,200,9990,latency_high,
2026-08-24T21:35:24.534301+00:00,Others,Others.epublibre,DEGRADED,200,6505,latency_high,
2026-08-24T21:36:30.763711+00:00,Others,Others.epublibre,DOWN,,,connection_refused,
2026-08-24T21:37:36.205898+00:00,Others,Others.epublibre,DEGRADED,200,16263,latency_high,
2026-08-24T21:38:24.043082+00:00,Others,Others.epublibre,UP,200,2943,,
2026-08-24T21:39:29.631964+00:00,Others,Others.epublibre,DEGRADED,200,7624,latency_high,
2026-08-24T21:40:25.944828+00:00,Others,Others.epublibre,UP,200,2964,,
2026-08-24T21:41:26.121225+00:00,Others,Others.epublibre,DEGRADED,200,3122,latency_high,
2026-08-24T21:42:25.680361+00:00,Others,Others.epublibre,UP,200,1783,,
2026-08-24T21:43:25.349423+00:00,Others,Others.epublibre,UP,200,529,,
2026-08-24T21:44:27.608655+00:00,Others,Others.epublibre,UP,200,2181,,
2026-08-24T21:45:27.514119+00:00,Others,Others.epublibre,UP,200,2217,,
2026-08-24T21:46:31.062060+00:00,Others,Others.epublibre,DEGRADED,200,4396,latency_high,
2026-08-24T21:47:29.346661+00:00,Others,Others.epublibre,UP,200,2164,,
2026-08-24T21:48:29.752685+00:00,Others,Others.epublibre,UP,200,1553,,
2026-08-24T21:49:29.914287+00:00,Others,Others.epublibre,UP,200,793,,
2026-08-24T21:50:30.250339+00:00,Others,Others.epublibre,UP,200,857,,
2026-08-24T21:51:33.330891+00:00,Others,Others.epublibre,DEGRADED,200,3710,latency_high,
2026-08-24T21:52:32.993550+00:00,Others,Others.epublibre,UP,200,2399,,
2026-08-24T21:53:32.062404+00:00,Others,Others.epublibre,UP,200,1467,,
2026-08-24T21:54:33.939302+00:00,Others,Others.epublibre,DEGRADED,200,3099,latency_high,
2026-08-24T21:55:33.145987+00:00,Others,Others.epublibre,UP,200,1855,,
2026-08-24T21:56:33.750867+00:00,Others,Others.epublibre,UP,200,2029,,
2026-08-24T21:57:34.019266+00:00,Others,Others.epublibre,UP,200,2224,,
2026-08-24T21:58:35.314010+00:00,Others,Others.epublibre,DEGRADED,200,3427,latency_high,
2026-08-24T21:59:33.542634+00:00,Others,Others.epublibre,UP,200,672,,
2026-08-24T22:00:34.131430+00:00,Others,Others.epublibre,UP,200,963,,
2026-08-24T22:01:35.178917+00:00,Others,Others.epublibre,UP,200,1367,,
2026-08-24T22:02:37.227177+00:00,Others,Others.epublibre,DEGRADED,200,3113,latency_high,
2026-08-24T22:03:36.436954+00:00,Others,Others.epublibre,UP,200,2135,,
2026-08-24T22:04:37.323864+00:00,Others,Others.epublibre,UP,200,2125,,
2026-08-24T22:05:41.554137+00:00,Others,Others.epublibre,DEGRADED,200,5573,latency_high,
2026-08-24T22:06:37.621295+00:00,Others,Others.epublibre,UP,200,508,,
2026-08-24T22:07:38.746218+00:00,Others,Others.epublibre,UP,200,1344,,
2026-08-24T22:08:41.007849+00:00,Others,Others.epublibre,UP,200,2573,,
2026-08-24T22:09:40.610029+00:00,Others,Others.epublibre,UP,200,2153,,
2026-08-24T22:10:42.128059+00:00,Others,Others.epublibre,DEGRADED,200,3568,latency_high,
2026-08-24T22:11:41.952425+00:00,Others,Others.epublibre,UP,200,2280,,
2026-08-24T22:12:41.533778+00:00,Others,Others.epublibre,UP,200,1865,,
2026-08-24T22:13:42.895690+00:00,Others,Others.epublibre,UP,200,2836,,
2026-08-24T22:14:44.197209+00:00,Others,Others.epublibre,DEGRADED,200,3100,latency_high,
2026-08-24T22:15:42.146427+00:00,Others,Others.epublibre,UP,200,962,,
2026-08-24T22:16:41.897633+00:00,Others,Others.epublibre,UP,200,455,,
2026-08-24T22:17:45.764790+00:00,Others,Others.epublibre,DEGRADED,200,4067,latency_high,
2026-08-24T22:18:47.258146+00:00,Others,Others.epublibre,DEGRADED,200,5746,latency_high,
2026-08-24T22:19:43.891621+00:00,Others,Others.epublibre,UP,200,2096,,
2026-08-24T22:20:43.730782+00:00,Others,Others.epublibre,UP,200,1869,,
2026-08-24T22:21:54.563876+00:00,Others,Others.epublibre,DOWN,,,connection_refused,
2026-08-24T22:22:47.148480+00:00,Others,Others.epublibre,DEGRADED,200,4659,latency_high,
2026-08-24T22:23:45.556244+00:00,Others,Others.epublibre,UP,200,1969,,
2026-08-24T22:24:45.126851+00:00,Others,Others.epublibre,UP,200,1539,,
2026-08-24T22:25:46.688178+00:00,Others,Others.epublibre,UP,200,2033,,
2026-08-24T22:26:57.022268+00:00,Others,Others.epublibre,DOWN,,,connection_refused,
2026-08-24T22:27:48.251464+00:00,Others,Others.epublibre,UP,200,1890,,
2026-08-24T22:28:47.801890+00:00,Others,Others.epublibre,UP,200,349,,
2026-08-24T22:29:49.784453+00:00,Others,Others.epublibre,UP,200,1945,,
2026-08-24T22:30:53.433243+00:00,Others,Others.epublibre,DEGRADED,200,5939,latency_high,
2026-08-24T22:31:57.042324+00:00,Others,Others.epublibre,DEGRADED,200,9475,latency_high,
2026-08-24T22:32:49.363761+00:00,Others,Others.epublibre,UP,200,1681,,
2026-08-24T22:33:50.601972+00:00,Others,Others.epublibre,UP,200,1830,,
2026-08-24T22:34:52.803095+00:00,Others,Others.epublibre,DEGRADED,200,3115,latency_high,
2026-08-24T22:35:52.727560+00:00,Others,Others.epublibre,UP,200,2617,,
2026-08-24T22:36:51.319705+00:00,Others,Others.epublibre,UP,200,1167,,
2026-08-24T22:37:52.243969+00:00,Others,Others.epublibre,UP,200,2202,,
2026-08-24T22:38:52.816489+00:00,Others,Others.epublibre,UP,200,1829,,
2026-08-24T22:40:01.064632+00:00,Others,Others.epublibre,DEGRADED,200,9247,latency_high,
2026-08-24T22:40:54.583024+00:00,Others,Others.epublibre,UP,200,2737,,
2026-08-24T22:41:54.824045+00:00,Others,Others.epublibre,UP,200,1817,,
2026-08-24T22:42:53.605108+00:00,Others,Others.epublibre,UP,200,591,,
2026-08-24T22:43:57.555155+00:00,Others,Others.epublibre,DEGRADED,200,3866,latency_high,
2026-08-24T22:45:07.662340+00:00,Others,Others.epublibre,DEGRADED,200,12776,latency_high,
2026-08-24T22:46:09.057715+00:00,Others,Others.epublibre,DOWN,,,connection_refused,
2026-08-24T22:46:56.052535+00:00,Others,Others.epublibre,UP,200,1081,,
2026-08-24T22:47:56.871194+00:00,Others,Others.epublibre,UP,200,1580,,
2026-08-24T22:49:00.493213+00:00,Others,Others.epublibre,DEGRADED,200,4550,latency_high,
2026-08-24T22:50:04.762323+00:00,Others,Others.epublibre,DEGRADED,200,7931,latency_high,
2026-08-24T22:50:56.914981+00:00,Others,Others.epublibre,UP,200,259,,
2026-08-24T22:51:58.623759+00:00,Others,Others.epublibre,UP,200,1139,,
2026-08-24T22:52:58.648160+00:00,Others,Others.epublibre,UP,200,978,,
2026-08-24T22:54:04.817005+00:00,Others,Others.epublibre,DEGRADED,200,6423,latency_high,
2026-08-24T22:55:03.066824+00:00,Others,Others.epublibre,DEGRADED,200,3910,latency_high,
2026-08-24T22:55:59.965078+00:00,Others,Others.epublibre,UP,200,480,,
2026-08-24T22:57:01.499297+00:00,Others,Others.epublibre,UP,200,2193,,
2026-08-24T22:57:59.980203+00:00,Others,Others.epublibre,UP,200,535,,
2026-08-24T22:59:04.427259+00:00,Others,Others.epublibre,DEGRADED,200,4117,latency_high,
2026-08-24T23:00:03.176109+00:00,Others,Others.epublibre,UP,200,2893,,
2026-08-24T23:01:06.417114+00:00,Others,Others.epublibre,DEGRADED,200,5106,latency_high,
2026-08-24T23:02:03.427532+00:00,Others,Others.epublibre,UP,200,1800,,
2026-08-24T23:03:06.963145+00:00,Others,Others.epublibre,DEGRADED,200,5248,latency_high,
2026-08-24T23:04:06.227124+00:00,Others,Others.epublibre,DEGRADED,200,4190,latency_high,
2026-08-24T23:05:03.927872+00:00,Others,Others.epublibre,UP,200,1604,,
2026-08-24T23:06:02.804861+00:00,Others,Others.epublibre,UP,200,345,,
2026-08-24T23:07:07.436253+00:00,Others,Others.epublibre,DEGRADED,200,4831,latency_high,
2026-08-24T23:08:06.508285+00:00,Others,Others.epublibre,UP,200,2675,,
2026-08-24T23:09:12.398900+00:00,Others,Others.epublibre,DEGRADED,200,8655,latency_high,
2026-08-24T23:10:07.292860+00:00,Others,Others.epublibre,UP,200,2584,,
2026-08-24T23:11:07.867558+00:00,Others,Others.epublibre,UP,200,2967,,
2026-08-24T23:12:15.343839+00:00,Others,Others.epublibre,DEGRADED,200,9471,latency_high,
2026-08-24T23:13:14.321063+00:00,Others,Others.epublibre,DEGRADED,200,8652,latency_high,
2026-08-24T23:14:09.506001+00:00,Others,Others.epublibre,UP,200,2692,,
2026-08-24T23:15:10.506843+00:00,Others,Others.epublibre,UP,200,2745,,
2026-08-24T23:16:10.940635+00:00,Others,Others.epublibre,UP,200,2863,,
2026-08-24T23:17:17.134433+00:00,Others,Others.epublibre,DEGRADED,200,7901,latency_high,
2026-08-24T23:18:13.554045+00:00,Others,Others.epublibre,DEGRADED,200,4235,latency_high,
2026-08-24T23:19:13.871202+00:00,Others,Others.epublibre,DEGRADED,200,3766,latency_high,
2026-08-24T23:20:13.042085+00:00,Others,Others.epublibre,UP,200,2780,,
2026-08-24T23:21:14.958100+00:00,Others,Others.epublibre,DEGRADED,200,3888,latency_high,
2026-08-24T23:22:19.042795+00:00,Others,Others.epublibre,DEGRADED,200,7727,latency_high,
2026-08-24T23:23:15.084489+00:00,Others,Others.epublibre,DEGRADED,200,3782,latency_high,
2026-08-24T23:24:16.744237+00:00,Others,Others.epublibre,DEGRADED,200,5063,latency_high,
2026-08-24T23:25:17.335951+00:00,Others,Others.epublibre,DEGRADED,200,5351,latency_high,
2026-08-24T23:26:17.587799+00:00,Others,Others.epublibre,DEGRADED,200,4854,latency_high,
2026-08-24T23:27:16.229063+00:00,Others,Others.epublibre,UP,200,2703,,
2026-08-24T23:28:16.904908+00:00,Others,Others.epublibre,UP,200,2557,,
2026-08-24T23:29:23.935800+00:00,Others,Others.epublibre,DEGRADED,200,8374,latency_high,
2026-08-24T23:30:19.623819+00:00,Others,Others.epublibre,DEGRADED,200,3027,latency_high,
2026-08-24T23:31:22.509804+00:00,Others,Others.epublibre,DEGRADED,200,5914,latency_high,
2026-08-24T23:32:29.537988+00:00,Others,Others.epublibre,DOWN,,,connection_refused,
2026-08-24T23:33:21.253986+00:00,Others,Others.epublibre,UP,200,2726,,
2026-08-24T23:34:26.813796+00:00,Others,Others.epublibre,DEGRADED,200,8348,latency_high,
2026-08-24T23:35:25.109293+00:00,Others,Others.epublibre,DEGRADED,200,5604,latency_high,
2026-08-24T23:36:28.970153+00:00,Others,Others.epublibre,DEGRADED,200,8340,latency_high,
2026-08-24T23:37:23.164723+00:00,Others,Others.epublibre,UP,200,2735,,
2026-08-24T23:38:21.960666+00:00,Others,Others.epublibre,UP,200,767,,
2026-08-24T23:39:21.700750+00:00,Others,Others.epublibre,UP,200,439,,
2026-08-24T23:40:24.117949+00:00,Others,Others.epublibre,UP,200,1844,,
2026-08-24T23:41:26.117407+00:00,Others,Others.epublibre,UP,200,2943,,
2026-08-24T23:42:44.495818+00:00,Others,Others.epublibre,TIMEOUT,,,timeout,
2026-08-24T23:43:34.233287+00:00,Others,Others.epublibre,DEGRADED,200,10696,latency_high,
2026-08-24T23:44:33.902105+00:00,Others,Others.epublibre,DEGRADED,200,9807,latency_high,
2026-08-24T23:45:27.816689+00:00,Others,Others.epublibre,UP,200,2611,,
2026-08-24T23:46:27.344290+00:00,Others,Others.epublibre,UP,200,1497,,
2026-08-24T23:47:27.970199+00:00,Others,Others.epublibre,UP,200,1653,,
2026-08-24T23:48:39.012167+00:00,Others,Others.epublibre,DEGRADED,200,12121,latency_high,
2026-08-24T23:49:38.885328+00:00,Others,Others.epublibre,DOWN,,,connection_refused,
2026-08-24T23:50:28.780196+00:00,Others,Others.epublibre,UP,200,1638,,
2026-08-24T23:51:31.929189+00:00,Others,Others.epublibre,DEGRADED,200,4490,latency_high,
2026-08-24T23:52:29.502516+00:00,Others,Others.epublibre,UP,200,1688,,
2026-08-24T23:53:28.974316+00:00,Others,Others.epublibre,UP,200,549,,
2026-08-24T23:54:40.276692+00:00,Others,Others.epublibre,DOWN,,,connection_refused,
2026-08-24T23:55:32.580213+00:00,Others,Others.epublibre,DEGRADED,200,3788,latency_high,
2026-08-24T23:56:51.779140+00:00,Others,Others.epublibre,DOWN,,,connection_refused,
2026-08-24T23:57:41.091323+00:00,Others,Others.epublibre,DOWN,,,connection_refused,
2026-08-24T23:58:33.043676+00:00,Others,Others.epublibre,UP,200,1574,,
2026-08-24T23:59:37.659037+00:00,Others,Others.epublibre,DEGRADED,200,5343,latency_high,
2026-08-25T00:00:34.680071+00:00,Others,Others.epublibre,UP,200,1690,,
2026-08-25T00:01:37.770199+00:00,Others,Others.epublibre,DEGRADED,200,3952,latency_high,
2026-08-25T00:02:34.300349+00:00,Others,Others.epublibre,UP,200,376,,
2026-08-25T00:03:37.379966+00:00,Others,Others.epublibre,DEGRADED,200,3389,latency_high,
2026-08-25T00:04:38.960896+00:00,Others,Others.epublibre,DEGRADED,200,3748,latency_high,
2026-08-25T00:05:41.036070+00:00,Others,Others.epublibre,DEGRADED,200,6081,latency_high,
2026-08-25T00:06:38.972305+00:00,Others,Others.epublibre,DEGRADED,200,4150,latency_high,
2026-08-25T00:07:36.586847+00:00,Others,Others.epublibre,UP,200,613,,
2026-08-25T00:08:48.634237+00:00,Others,Others.epublibre,DOWN,,,connection_refused,
2026-08-25T00:09:46.443158+00:00,Others,Others.epublibre,DEGRADED,200,8647,latency_high,
2026-08-25T00:10:41.742382+00:00,Others,Others.epublibre,UP,200,2998,,
2026-08-25T00:11:40.925307+00:00,Others,Others.epublibre,UP,200,1904,,
2026-08-25T00:12:46.168142+00:00,Others,Others.epublibre,DEGRADED,200,6836,latency_high,
2026-08-25T00:13:44.440518+00:00,Others,Others.epublibre,DEGRADED,200,5105,latency_high,
2026-08-25T00:14:48.494795+00:00,Others,Others.epublibre,DEGRADED,200,8312,latency_high,
2026-08-25T00:15:55.279403+00:00,Others,Others.epublibre,DOWN,,,connection_refused,
2026-08-25T00:16:44.343670+00:00,Others,Others.epublibre,DEGRADED,200,3715,latency_high,
2026-08-25T00:17:42.018203+00:00,Others,Others.epublibre,UP,200,1483,,
2026-08-25T00:18:44.464964+00:00,Others,Others.epublibre,DEGRADED,200,3353,latency_high,
2026-08-25T00:19:47.454001+00:00,Others,Others.epublibre,DEGRADED,200,6143,latency_high,
2026-08-25T00:20:46.156063+00:00,Others,Others.epublibre,DEGRADED,200,5066,latency_high,
2026-08-25T00:21:46.458138+00:00,Others,Others.epublibre,DEGRADED,200,4715,latency_high,
2026-08-25T00:22:44.802482+00:00,Others,Others.epublibre,UP,200,1927,,
2026-08-25T00:23:44.080756+00:00,Others,Others.epublibre,UP,200,1729,,
2026-08-25T00:24:47.328314+00:00,Others,Others.epublibre,DEGRADED,200,4278,latency_high,
2026-08-25T00:25:46.013903+00:00,Others,Others.epublibre,UP,200,2811,,
2026-08-25T00:26:44.869633+00:00,Others,Others.epublibre,UP,200,1827,,
2026-08-25T00:27:46.420156+00:00,Others,Others.epublibre,UP,200,2744,,
2026-08-25T00:28:47.521456+00:00,Others,Others.epublibre,UP,200,2838,,
2026-08-25T00:29:45.673844+00:00,Others,Others.epublibre,UP,200,1194,,
2026-08-25T00:30:46.297063+00:00,Others,Others.epublibre,UP,200,1798,,
2026-08-25T00:31:48.822342+00:00,Others,Others.epublibre,DEGRADED,200,3816,latency_high,
2026-08-25T00:32:50.329014+00:00,Others,Others.epublibre,DEGRADED,200,5459,latency_high,
2026-08-25T00:33:57.799405+00:00,Others,Others.epublibre,DOWN,,,connection_refused,
2026-08-25T00:34:52.147058+00:00,Others,Others.epublibre,DEGRADED,200,7185,latency_high,
2026-08-25T00:35:50.114338+00:00,Others,Others.epublibre,DEGRADED,200,3890,latency_high,
2026-08-25T00:36:51.348313+00:00,Others,Others.epublibre,DEGRADED,200,4734,latency_high,
2026-08-25T00:37:51.593126+00:00,Others,Others.epublibre,DEGRADED,200,4940,latency_high,
2026-08-25T00:38:52.156989+00:00,Others,Others.epublibre,DEGRADED,200,4388,latency_high,
2026-08-25T00:39:54.925232+00:00,Others,Others.epublibre,DEGRADED,200,7256,latency_high,
2026-08-25T00:40:55.192476+00:00,Others,Others.epublibre,DEGRADED,200,6360,latency_high,
2026-08-25T00:41:56.875385+00:00,Others,Others.epublibre,DEGRADED,200,7252,latency_high,
2026-08-25T00:42:54.077814+00:00,Others,Others.epublibre,DEGRADED,200,4663,latency_high,
2026-08-25T00:43:53.100183+00:00,Others,Others.epublibre,UP,200,2514,,
2026-08-25T00:44:54.620226+00:00,Others,Others.epublibre,DEGRADED,200,3562,latency_high,
2026-08-25T00:46:01.019847+00:00,Others,Others.epublibre,DEGRADED,200,9871,latency_high,
2026-08-25T00:46:52.368372+00:00,Others,Others.epublibre,UP,200,1323,,
2026-08-25T00:47:51.901064+00:00,Others,Others.epublibre,UP,200,389,,
2026-08-25T00:48:54.149362+00:00,Others,Others.epublibre,UP,200,1715,,
2026-08-25T00:49:57.517193+00:00,Others,Others.epublibre,DEGRADED,200,3851,latency_high,
2026-08-25T00:50:55.148721+00:00,Others,Others.epublibre,UP,200,1693,,
2026-08-25T00:51:58.520903+00:00,Others,Others.epublibre,DEGRADED,200,4632,latency_high,
2026-08-25T00:53:06.539485+00:00,Others,Others.epublibre,DOWN,,,connection_refused,
2026-08-25T00:53:57.036553+00:00,Others,Others.epublibre,UP,200,1550,,
2026-08-25T00:54:57.100066+00:00,Others,Others.epublibre,UP,200,599,,
2026-08-25T00:55:59.471445+00:00,Others,Others.epublibre,UP,200,1954,,
2026-08-25T00:56:57.939691+00:00,Others,Others.epublibre,UP,200,395,,
2026-08-25T00:58:02.952874+00:00,Others,Others.epublibre,DEGRADED,200,4885,latency_high,
2026-08-25T00:58:59.893382+00:00,Others,Others.epublibre,UP,200,1628,,
2026-08-25T01:00:00.224909+00:00,Others,Others.epublibre,UP,200,1724,,
2026-08-25T01:00:59.110344+00:00,Others,Others.epublibre,UP,200,397,,
2026-08-25T01:02:08.946268+00:00,Others,Others.epublibre,DEGRADED,200,9253,latency_high,
2026-08-25T01:03:02.913123+00:00,Others,Others.epublibre,DEGRADED,200,3114,latency_high,
2026-08-25T01:04:03.583102+00:00,Others,Others.epublibre,DEGRADED,200,3397,latency_high,
2026-08-25T01:05:01.253981+00:00,Others,Others.epublibre,UP,200,1008,,
2026-08-25T01:06:04.733110+00:00,Others,Others.epublibre,UP,200,422,,
2026-08-25T01:07:03.500810+00:00,Others,Others.epublibre,UP,200,2648,,
2026-08-25T01:08:04.674085+00:00,Others,Others.epublibre,UP,200,2696,,
2026-08-25T01:09:04.682453+00:00,Others,Others.epublibre,UP,200,2507,,
2026-08-25T01:10:03.641478+00:00,Others,Others.epublibre,UP,200,362,,
2026-08-25T01:11:06.917258+00:00,Others,Others.epublibre,DEGRADED,200,3862,latency_high,
2026-08-25T01:12:08.849090+00:00,Others,Others.epublibre,DEGRADED,200,5475,latency_high,
2026-08-25T01:13:08.065772+00:00,Others,Others.epublibre,DEGRADED,200,4996,latency_high,
2026-08-25T01:14:04.839645+00:00,Others,Others.epublibre,UP,200,1590,,
2026-08-25T01:15:09.006170+00:00,Others,Others.epublibre,DEGRADED,200,5153,latency_high,
2026-08-25T01:16:08.901242+00:00,Others,Others.epublibre,DEGRADED,200,4529,latency_high,
2026-08-25T01:17:08.655017+00:00,Others,Others.epublibre,DEGRADED,200,3903,latency_high,
2026-08-25T01:18:08.283988+00:00,Others,Others.epublibre,UP,200,2916,,
2026-08-25T01:19:10.115458+00:00,Others,Others.epublibre,DEGRADED,200,4703,latency_high,
2026-08-25T01:20:09.346779+00:00,Others,Others.epublibre,UP,200,2935,,
2026-08-25T01:21:07.724494+00:00,Others,Others.epublibre,UP,200,412,,
2026-08-25T01:22:11.484843+00:00,Others,Others.epublibre,DEGRADED,200,3924,latency_high,
2026-08-25T01:23:09.899572+00:00,Others,Others.epublibre,UP,200,2469,,
2026-08-25T01:23:20.122580+00:00,Others,Others.epublibre,UP,200,2637,,
2026-08-25T01:24:21.752208+00:00,Others,Others.epublibre,DEGRADED,200,4255,latency_high,
2026-08-25T01:25:20.744891+00:00,Others,Others.epublibre,UP,200,1873,,
2026-08-25T01:26:19.133883+00:00,Others,Others.epublibre,UP,200,502,,
2026-08-25T01:27:21.020925+00:00,Others,Others.epublibre,UP,200,1778,,
2026-08-25T01:28:28.407805+00:00,Others,Others.epublibre,DEGRADED,200,9127,latency_high,
2026-08-25T01:29:22.980207+00:00,Others,Others.epublibre,DEGRADED,200,3207,latency_high,
2026-08-25T01:30:31.339025+00:00,Others,Others.epublibre,DOWN,,,connection_refused,
2026-08-25T01:31:22.791317+00:00,Others,Others.epublibre,UP,200,1982,,
2026-08-25T01:32:21.764157+00:00,Others,Others.epublibre,UP,200,427,,
2026-08-25T01:33:22.487944+00:00,Others,Others.epublibre,UP,200,403,,
2026-08-25T01:34:26.158812+00:00,Others,Others.epublibre,DEGRADED,200,3939,latency_high,
2026-08-25T01:35:25.753429+00:00,Others,Others.epublibre,UP,200,2753,,
2026-08-25T01:36:29.407676+00:00,Others,Others.epublibre,DEGRADED,200,5182,latency_high,
2026-08-25T01:37:29.726272+00:00,Others,Others.epublibre,DEGRADED,200,5504,latency_high,
2026-08-25T01:38:37.125775+00:00,Others,Others.epublibre,DOWN,,,connection_refused,
2026-08-25T01:39:36.958663+00:00,Others,Others.epublibre,DOWN,,,connection_refused,
2026-08-25T01:40:30.990970+00:00,Others,Others.epublibre,DEGRADED,200,4950,latency_high,
2026-08-25T01:41:28.164043+00:00,Others,Others.epublibre,UP,200,1789,,
2026-08-25T01:42:28.763163+00:00,Others,Others.epublibre,UP,200,2136,,
2026-08-25T01:43:31.686910+00:00,Others,Others.epublibre,DEGRADED,200,3779,latency_high,
2026-08-25T01:44:28.242962+00:00,Others,Others.epublibre,UP,200,414,,
2026-08-25T01:45:32.328825+00:00,Others,Others.epublibre,DEGRADED,200,3720,latency_high,
2026-08-25T01:46:34.967867+00:00,Others,Others.epublibre,DEGRADED,200,5861,latency_high,
2026-08-25T01:47:31.311224+00:00,Others,Others.epublibre,UP,200,1844,,
2026-08-25T01:48:30.903499+00:00,Others,Others.epublibre,UP,200,1348,,
2026-08-25T01:49:30.180558+00:00,Others,Others.epublibre,UP,200,771,,
2026-08-25T01:50:32.372986+00:00,Others,Others.epublibre,UP,200,2843,,
2026-08-25T01:51:33.425140+00:00,Others,Others.epublibre,DEGRADED,200,3602,latency_high,
2026-08-25T01:52:41.831527+00:00,Others,Others.epublibre,DOWN,,,connection_refused,
2026-08-25T01:53:39.589026+00:00,Others,Others.epublibre,DEGRADED,200,9460,latency_high,
2026-08-25T01:54:33.292439+00:00,Others,Others.epublibre,UP,200,2755,,
2026-08-25T01:55:32.583582+00:00,Others,Others.epublibre,UP,200,1500,,
2026-08-25T01:56:39.475104+00:00,Others,Others.epublibre,DEGRADED,200,8360,latency_high,
2026-08-25T01:57:32.742668+00:00,Others,Others.epublibre,UP,200,1535,,
2026-08-25T01:58:33.054571+00:00,Others,Others.epublibre,UP,200,552,,
2026-08-25T01:59:35.258696+00:00,Others,Others.epublibre,UP,200,1956,,
2026-08-25T02:00:35.109910+00:00,Others,Others.epublibre,UP,200,1573,,
2026-08-25T02:01:36.536309+00:00,Others,Others.epublibre,UP,200,1869,,
2026-08-25T02:02:41.098011+00:00,Others,Others.epublibre,DEGRADED,200,5626,latency_high,
2026-08-25T02:03:40.789037+00:00,Others,Others.epublibre,DEGRADED,200,5100,latency_high,
2026-08-25T02:04:38.356287+00:00,Others,Others.epublibre,UP,200,2859,,
2026-08-25T02:05:39.719359+00:00,Others,Others.epublibre,DEGRADED,200,4146,latency_high,
2026-08-25T02:06:36.129471+00:00,Others,Others.epublibre,UP,200,404,,
2026-08-25T02:07:38.990269+00:00,Others,Others.epublibre,UP,200,2864,,
2026-08-25T02:08:41.433137+00:00,Others,Others.epublibre,DEGRADED,200,4984,latency_high,
2026-08-25T02:09:43.263110+00:00,Others,Others.epublibre,DEGRADED,200,6054,latency_high,
2026-08-25T02:10:41.662092+00:00,Others,Others.epublibre,DEGRADED,200,3557,latency_high,
2026-08-25T02:11:40.989981+00:00,Others,Others.epublibre,UP,200,2508,,
2026-08-25T02:12:41.089110+00:00,Others,Others.epublibre,UP,200,2781,,
2026-08-25T02:13:44.124121+00:00,Others,Others.epublibre,DEGRADED,200,5300,latency_high,
2026-08-25T02:14:43.142262+00:00,Others,Others.epublibre,DEGRADED,200,4213,latency_high,
2026-08-25T02:15:43.558000+00:00,Others,Others.epublibre,DEGRADED,200,4498,latency_high,
2026-08-25T02:16:47.591947+00:00,Others,Others.epublibre,DEGRADED,200,7656,latency_high,
2026-08-25T02:17:43.072363+00:00,Others,Others.epublibre,DEGRADED,200,3222,latency_high,
2026-08-25T02:18:47.118992+00:00,Others,Others.epublibre,DEGRADED,200,6470,latency_high,
2026-08-25T02:19:42.582708+00:00,Others,Others.epublibre,UP,200,1767,,
2026-08-25T02:20:51.379913+00:00,Others,Others.epublibre,DOWN,,,connection_refused,
2026-08-25T02:21:51.511290+00:00,Others,Others.epublibre,DOWN,,,connection_refused,
2026-08-25T02:22:49.859806+00:00,Others,Others.epublibre,DEGRADED,200,8651,latency_high,
2026-08-25T02:23:46.804259+00:00,Others,Others.epublibre,DEGRADED,200,5683,latency_high,
2026-08-25T02:24:43.749015+00:00,Others,Others.epublibre,UP,200,1591,,
2026-08-25T02:25:44.633255+00:00,Others,Others.epublibre,UP,200,2165,,
2026-08-25T02:26:43.138723+00:00,Others,Others.epublibre,UP,200,475,,
2026-08-25T02:27:44.612509+00:00,Others,Others.epublibre,UP,200,1782,,
2026-08-25T02:28:48.335098+00:00,Others,Others.epublibre,DEGRADED,200,5414,latency_high,
2026-08-25T02:29:46.685875+00:00,Others,Others.epublibre,DEGRADED,200,3029,latency_high,
2026-08-25T02:30:48.528161+00:00,Others,Others.epublibre,DEGRADED,200,4610,latency_high,
2026-08-25T02:31:54.751485+00:00,Others,Others.epublibre,DOWN,,,connection_refused,
2026-08-25T02:32:48.141244+00:00,Others,Others.epublibre,DEGRADED,200,3921,latency_high,
2026-08-25T02:33:48.418962+00:00,Others,Others.epublibre,DEGRADED,200,3879,latency_high,
2026-08-25T02:34:47.536877+00:00,Others,Others.epublibre,DEGRADED,200,3091,latency_high,
2026-08-25T02:35:47.829910+00:00,Others,Others.epublibre,UP,200,2958,,
2026-08-25T02:36:46.815116+00:00,Others,Others.epublibre,UP,200,1772,,
2026-08-25T02:37:47.308604+00:00,Others,Others.epublibre,UP,200,2271,,
2026-08-25T02:39:03.220856+00:00,Others,Others.epublibre,DOWN,,,connection_refused,
2026-08-25T02:39:51.453800+00:00,Others,Others.epublibre,DEGRADED,200,6264,latency_high,
2026-08-25T02:40:56.137030+00:00,Others,Others.epublibre,DOWN,,,connection_refused,
2026-08-25T02:41:58.854012+00:00,Others,Others.epublibre,DEGRADED,200,12556,latency_high,
2026-08-25T02:42:57.491130+00:00,Others,Others.epublibre,DEGRADED,200,10027,latency_high,
2026-08-25T02:43:57.025334+00:00,Others,Others.epublibre,DEGRADED,200,8791,latency_high,
2026-08-25T02:44:49.466042+00:00,Others,Others.epublibre,UP,200,416,,
2026-08-25T02:45:51.496727+00:00,Others,Others.epublibre,UP,200,1866,,
2026-08-25T02:46:49.904431+00:00,Others,Others.epublibre,UP,200,141,,
2026-08-25T02:47:51.498098+00:00,Others,Others.epublibre,UP,200,557,,
2026-08-25T02:48:52.647300+00:00,Others,Others.epublibre,UP,200,1858,,
2026-08-25T02:50:02.403241+00:00,Others,Others.epublibre,DOWN,,,connection_refused,
2026-08-25T02:50:59.050203+00:00,Others,Others.epublibre,DEGRADED,200,7020,latency_high,
2026-08-25T02:51:55.843029+00:00,Others,Others.epublibre,DEGRADED,200,3880,latency_high,
2026-08-25T02:52:56.286105+00:00,Others,Others.epublibre,DEGRADED,200,3714,latency_high,
2026-08-25T02:53:59.629971+00:00,Others,Others.epublibre,DEGRADED,200,6943,latency_high,
2026-08-25T02:55:01.082816+00:00,Others,Others.epublibre,DEGRADED,200,8294,latency_high,
2026-08-25T02:55:54.985621+00:00,Others,Others.epublibre,UP,200,1826,,
2026-08-25T02:56:56.142665+00:00,Others,Others.epublibre,UP,200,2512,,
2026-08-25T02:58:05.426108+00:00,Others,Others.epublibre,DOWN,,,connection_refused,
2026-08-25T02:58:59.827754+00:00,Others,Others.epublibre,DEGRADED,200,6451,latency_high,
2026-08-25T02:59:57.735268+00:00,Others,Others.epublibre,UP,200,2935,,
2026-08-25T03:00:57.808586+00:00,Others,Others.epublibre,UP,200,2202,,
2026-08-25T03:01:59.673179+00:00,Others,Others.epublibre,DEGRADED,200,3630,latency_high,
2026-08-25T03:03:00.294132+00:00,Others,Others.epublibre,DEGRADED,200,3755,latency_high,
2026-08-25T03:03:58.814662+00:00,Others,Others.epublibre,UP,200,1834,,
2026-08-25T03:05:02.914799+00:00,Others,Others.epublibre,DEGRADED,200,5870,latency_high,
2026-08-25T03:05:59.441797+00:00,Others,Others.epublibre,UP,200,1897,,
2026-08-25T03:07:02.453123+00:00,Others,Others.epublibre,DEGRADED,200,4300,latency_high,
2026-08-25T03:07:58.212457+00:00,Others,Others.epublibre,UP,200,424,,
2026-08-25T03:09:01.185077+00:00,Others,Others.epublibre,UP,200,2221,,
2026-08-25T03:10:09.864245+00:00,Others,Others.epublibre,DOWN,,,connection_refused,
2026-08-25T03:11:01.655094+00:00,Others,Others.epublibre,UP,200,1646,,
2026-08-25T03:12:03.874974+00:00,Others,Others.epublibre,DEGRADED,200,3658,latency_high,
2026-08-25T03:13:04.111091+00:00,Others,Others.epublibre,DEGRADED,200,3901,latency_high,
2026-08-25T03:14:03.679863+00:00,Others,Others.epublibre,UP,200,1656,,
2026-08-25T03:15:04.508818+00:00,Others,Others.epublibre,UP,200,1874,,
2026-08-25T03:16:12.625061+00:00,Others,Others.epublibre,DEGRADED,200,9818,latency_high,
2026-08-25T03:17:05.143822+00:00,Others,Others.epublibre,UP,200,1978,,
2026-08-25T03:18:06.926049+00:00,Others,Others.epublibre,DEGRADED,200,3791,latency_high,
2026-08-25T03:19:05.172870+00:00,Others,Others.epublibre,UP,200,1703,,
2026-08-25T03:20:16.830483+00:00,Others,Others.epublibre,DOWN,,,connection_refused,
2026-08-25T03:21:06.432169+00:00,Others,Others.epublibre,UP,200,2911,,
2026-08-25T03:22:08.100910+00:00,Others,Others.epublibre,DEGRADED,200,3917,latency_high,
2026-08-25T03:23:04.557707+00:00,Others,Others.epublibre,UP,200,413,,
2026-08-25T03:24:05.942390+00:00,Others,Others.epublibre,UP,200,1886,,
2026-08-25T03:25:17.416632+00:00,Others,Others.epublibre,DOWN,,,connection_refused,
2026-08-25T03:26:16.591666+00:00,Others,Others.epublibre,DOWN,,,connection_refused,
2026-08-25T03:27:09.223960+00:00,Others,Others.epublibre,DEGRADED,200,3690,latency_high,
2026-08-25T03:28:09.607890+00:00,Others,Others.epublibre,DEGRADED,200,3528,latency_high,
2026-08-25T03:29:16.854181+00:00,Others,Others.epublibre,DOWN,,,connection_refused,
2026-08-25T03:30:08.689160+00:00,Others,Others.epublibre,UP,200,1658,,
2026-08-25T03:31:10.130447+00:00,Others,Others.epublibre,UP,200,2838,,
2026-08-25T03:32:07.782507+00:00,Others,Others.epublibre,UP,200,560,,
2026-08-25T03:33:08.759007+00:00,Others,Others.epublibre,UP,200,581,,
2026-08-25T03:34:08.703273+00:00,Others,Others.epublibre,UP,200,548,,
2026-08-25T03:35:09.303906+00:00,Others,Others.epublibre,UP,200,656,,
2026-08-25T03:36:09.143935+00:00,Others,Others.epublibre,UP,200,565,,
2026-08-25T03:37:10.117527+00:00,Others,Others.epublibre,UP,200,556,,
2026-08-25T03:38:11.112086+00:00,Others,Others.epublibre,UP,200,546,,
2026-08-25T03:39:11.404155+00:00,Others,Others.epublibre,UP,200,571,,
2026-08-25T03:40:12.247016+00:00,Others,Others.epublibre,UP,200,571,,
2026-08-25T03:41:12.673170+00:00,Others,Others.epublibre,UP,200,562,,
2026-08-25T03:42:13.297059+00:00,Others,Others.epublibre,UP,200,619,,
2026-08-25T03:43:13.251900+00:00,Others,Others.epublibre,UP,200,540,,
2026-08-25T03:44:14.322308+00:00,Others,Others.epublibre,UP,200,574,,
2026-08-25T03:45:14.294310+00:00,Others,Others.epublibre,UP,200,607,,
2026-08-25T03:46:14.903347+00:00,Others,Others.epublibre,UP,200,707,,
2026-08-25T03:47:15.482319+00:00,Others,Others.epublibre,UP,200,561,,
2026-08-25T03:48:15.476199+00:00,Others,Others.epublibre,UP,200,570,,
2026-08-25T03:49:16.357724+00:00,Others,Others.epublibre,UP,200,565,,
2026-08-25T03:50:16.704852+00:00,Others,Others.epublibre,UP,200,140,,
2026-08-25T03:51:17.322633+00:00,Others,Others.epublibre,UP,200,553,,
2026-08-25T03:52:18.312395+00:00,Others,Others.epublibre,UP,200,601,,
2026-08-25T03:53:22.665227+00:00,Others,Others.epublibre,DEGRADED,200,4478,latency_high,
2026-08-25T03:54:18.912078+00:00,Others,Others.epublibre,UP,200,563,,
2026-08-25T03:55:19.118256+00:00,Others,Others.epublibre,UP,200,557,,
2026-08-25T03:56:19.352864+00:00,Others,Others.epublibre,UP,200,571,,
2026-08-25T03:57:19.689020+00:00,Others,Others.epublibre,UP,200,567,,
2026-08-25T03:58:19.511699+00:00,Others,Others.epublibre,UP,200,586,,
2026-08-25T03:59:20.566428+00:00,Others,Others.epublibre,UP,200,540,,
2026-08-25T04:00:21.236419+00:00,Others,Others.epublibre,UP,200,630,,
2026-08-25T04:01:23.726929+00:00,Others,Others.epublibre,DEGRADED,200,3065,latency_high,
2026-08-25T04:02:22.077303+00:00,Others,Others.epublibre,UP,200,566,,
2026-08-25T04:03:22.027213+00:00,Others,Others.epublibre,UP,200,566,,
2026-08-25T04:04:22.698789+00:00,Others,Others.epublibre,UP,200,617,,
2026-08-25T04:05:22.773233+00:00,Others,Others.epublibre,UP,200,560,,
2026-08-25T04:06:22.352817+00:00,Others,Others.epublibre,UP,200,137,,
2026-08-25T04:07:23.547257+00:00,Others,Others.epublibre,UP,200,713,,
2026-08-25T04:08:24.423238+00:00,Others,Others.epublibre,UP,200,615,,
2026-08-25T04:09:24.842430+00:00,Others,Others.epublibre,UP,200,676,,
2026-08-25T04:10:24.668544+00:00,Others,Others.epublibre,UP,200,579,,
2026-08-25T04:11:24.702529+00:00,Others,Others.epublibre,UP,200,541,,
2026-08-25T04:12:25.729452+00:00,Others,Others.epublibre,UP,200,625,,
2026-08-25T04:13:25.508309+00:00,Others,Others.epublibre,UP,200,564,,
2026-08-25T04:14:25.726308+00:00,Others,Others.epublibre,UP,200,581,,
2026-08-25T04:15:26.301315+00:00,Others,Others.epublibre,UP,200,591,,
2026-08-25T04:16:26.170182+00:00,Others,Others.epublibre,UP,200,543,,
2026-08-25T04:17:26.763712+00:00,Others,Others.epublibre,UP,200,594,,
2026-08-25T04:18:26.369768+00:00,Others,Others.epublibre,UP,200,134,,
2026-08-25T04:19:27.033402+00:00,Others,Others.epublibre,UP,200,560,,
2026-08-25T04:20:27.132831+00:00,Others,Others.epublibre,UP,200,146,,
2026-08-25T04:21:27.551925+00:00,Others,Others.epublibre,UP,200,554,,
2026-08-25T04:22:27.609457+00:00,Others,Others.epublibre,UP,200,568,,
2026-08-25T04:23:28.831558+00:00,Others,Others.epublibre,UP,200,1721,,
2026-08-25T04:24:27.910251+00:00,Others,Others.epublibre,UP,200,136,,
2026-08-25T04:25:28.825261+00:00,Others,Others.epublibre,UP,200,563,,
2026-08-25T04:26:28.631893+00:00,Others,Others.epublibre,UP,200,551,,
2026-08-25T04:27:28.647934+00:00,Others,Others.epublibre,UP,200,597,,
2026-08-25T04:28:29.308880+00:00,Others,Others.epublibre,UP,200,591,,
2026-08-25T04:29:30.599212+00:00,Others,Others.epublibre,UP,200,710,,
2026-08-25T04:30:30.546012+00:00,Others,Others.epublibre,UP,200,141,,
2026-08-25T04:31:30.724760+00:00,Others,Others.epublibre,UP,200,138,,
2026-08-25T04:32:31.777099+00:00,Others,Others.epublibre,UP,200,589,,
2026-08-25T04:33:31.957849+00:00,Others,Others.epublibre,UP,200,559,,
2026-08-25T04:34:32.241479+00:00,Others,Others.epublibre,UP,200,581,,
2026-08-25T04:35:32.284800+00:00,Others,Others.epublibre,UP,200,548,,
2026-08-25T04:36:32.997238+00:00,Others,Others.epublibre,UP,200,649,,
2026-08-25T04:37:33.143314+00:00,Others,Others.epublibre,UP,200,565,,
2026-08-25T04:38:33.319227+00:00,Others,Others.epublibre,UP,200,580,,
2026-08-25T04:39:33.621263+00:00,Others,Others.epublibre,UP,200,581,,
2026-08-25T04:40:33.515816+00:00,Others,Others.epublibre,UP,200,608,,
2026-08-25T04:41:33.499176+00:00,Others,Others.epublibre,UP,200,612,,
2026-08-25T04:42:34.335028+00:00,Others,Others.epublibre,UP,200,699,,
2026-08-25T04:43:34.405191+00:00,Others,Others.epublibre,UP,200,591,,
2026-08-25T04:44:34.494045+00:00,Others,Others.epublibre,UP,200,562,,
2026-08-25T04:45:34.628671+00:00,Others,Others.epublibre,UP,200,547,,
2026-08-25T04:46:34.819080+00:00,Others,Others.epublibre,UP,200,552,,
2026-08-25T04:47:35.062735+00:00,Others,Others.epublibre,UP,200,557,,
2026-08-25T04:48:36.256624+00:00,Others,Others.epublibre,UP,200,577,,
2026-08-25T04:49:37.105821+00:00,Others,Others.epublibre,UP,200,562,,
2026-08-25T04:50:37.975864+00:00,Others,Others.epublibre,UP,200,544,,
2026-08-25T04:51:37.818982+00:00,Others,Others.epublibre,UP,200,547,,
2026-08-25T04:52:38.458262+00:00,Others,Others.epublibre,UP,200,557,,
2026-08-25T04:53:38.177173+00:00,Others,Others.epublibre,UP,200,141,,
2026-08-25T04:54:38.616686+00:00,Others,Others.epublibre,UP,200,594,,
2026-08-25T04:55:38.680889+00:00,Others,Others.epublibre,UP,200,568,,
2026-08-25T04:56:38.584025+00:00,Others,Others.epublibre,UP,200,131,,
2026-08-25T04:57:39.309020+00:00,Others,Others.epublibre,UP,200,139,,
2026-08-25T04:58:39.497000+00:00,Others,Others.epublibre,UP,200,131,,
2026-08-25T04:59:39.819886+00:00,Others,Others.epublibre,UP,200,569,,
2026-08-25T05:00:40.598276+00:00,Others,Others.epublibre,UP,200,1198,,
2026-08-25T05:01:40.244918+00:00,Others,Others.epublibre,UP,200,582,,
2026-08-25T05:02:40.711184+00:00,Others,Others.epublibre,UP,200,588,,
2026-08-25T05:03:40.655319+00:00,Others,Others.epublibre,UP,200,554,,
2026-08-25T05:04:41.176487+00:00,Others,Others.epublibre,UP,200,544,,
2026-08-25T05:05:41.018264+00:00,Others,Others.epublibre,UP,200,574,,
2026-08-25T05:06:41.500705+00:00,Others,Others.epublibre,UP,200,566,,
2026-08-25T05:07:41.115904+00:00,Others,Others.epublibre,UP,200,138,,
2026-08-25T05:08:42.054817+00:00,Others,Others.epublibre,UP,200,586,,
2026-08-25T05:09:41.988411+00:00,Others,Others.epublibre,UP,200,599,,
2026-08-25T05:10:42.197031+00:00,Others,Others.epublibre,UP,200,138,,
2026-08-25T05:11:42.897348+00:00,Others,Others.epublibre,UP,200,553,,
2026-08-25T05:12:43.388510+00:00,Others,Others.epublibre,UP,200,542,,
2026-08-25T05:13:43.362471+00:00,Others,Others.epublibre,UP,200,557,,
2026-08-25T05:14:43.808848+00:00,Others,Others.epublibre,UP,200,612,,
2026-08-25T05:15:43.301772+00:00,Others,Others.epublibre,UP,200,131,,
2026-08-25T05:16:44.156737+00:00,Others,Others.epublibre,UP,200,547,,
2026-08-25T05:17:44.358979+00:00,Others,Others.epublibre,UP,200,554,,
2026-08-25T05:18:45.060649+00:00,Others,Others.epublibre,UP,200,651,,
2026-08-25T05:19:44.966758+00:00,Others,Others.epublibre,UP,200,563,,
2026-08-25T05:20:45.103073+00:00,Others,Others.epublibre,UP,200,572,,
2026-08-25T05:21:44.945638+00:00,Others,Others.epublibre,UP,200,539,,
2026-08-25T05:22:45.714779+00:00,Others,Others.epublibre,UP,200,647,,
2026-08-25T05:23:45.687067+00:00,Others,Others.epublibre,UP,200,596,,
2026-08-25T05:24:45.802001+00:00,Others,Others.epublibre,UP,200,149,,
2026-08-25T05:25:46.151942+00:00,Others,Others.epublibre,UP,200,587,,
2026-08-25T05:26:46.931793+00:00,Others,Others.epublibre,UP,200,638,,
2026-08-25T05:27:46.832898+00:00,Others,Others.epublibre,UP,200,575,,
2026-08-25T05:28:47.567661+00:00,Others,Others.epublibre,UP,200,637,,
2026-08-25T05:29:47.705936+00:00,Others,Others.epublibre,UP,200,561,,
2026-08-25T05:30:48.164131+00:00,Others,Others.epublibre,UP,200,597,,
2026-08-25T05:31:47.844010+00:00,Others,Others.epublibre,UP,200,566,,
2026-08-25T05:32:49.069940+00:00,Others,Others.epublibre,UP,200,538,,
2026-08-25T05:33:49.206142+00:00,Others,Others.epublibre,UP,200,553,,
2026-08-25T05:34:49.368420+00:00,Others,Others.epublibre,UP,200,577,,
2026-08-25T05:35:49.582236+00:00,Others,Others.epublibre,UP,200,554,,
2026-08-25T05:36:49.395748+00:00,Others,Others.epublibre,UP,200,555,,
2026-08-25T05:37:49.374918+00:00,Others,Others.epublibre,UP,200,132,,
2026-08-25T05:38:49.707823+00:00,Others,Others.epublibre,UP,200,557,,
2026-08-25T05:39:50.129339+00:00,Others,Others.epublibre,UP,200,566,,
2026-08-25T05:40:50.461374+00:00,Others,Others.epublibre,UP,200,631,,
2026-08-25T05:41:50.407723+00:00,Others,Others.epublibre,UP,200,603,,
2026-08-25T05:42:51.793000+00:00,Others,Others.epublibre,UP,200,578,,
2026-08-25T05:43:51.444467+00:00,Others,Others.epublibre,UP,200,573,,
2026-08-25T05:44:52.693657+00:00,Others,Others.epublibre,UP,200,575,,
2026-08-25T05:45:52.613020+00:00,Others,Others.epublibre,UP,200,601,,
2026-08-25T05:46:52.905653+00:00,Others,Others.epublibre,UP,200,574,,
2026-08-25T05:47:53.377365+00:00,Others,Others.epublibre,UP,200,663,,
2026-08-25T05:48:53.646307+00:00,Others,Others.epublibre,UP,200,573,,
2026-08-25T05:49:54.504850+00:00,Others,Others.epublibre,UP,200,541,,
2026-08-25T05:50:54.375585+00:00,Others,Others.epublibre,UP,200,572,,
2026-08-25T05:51:54.459549+00:00,Others,Others.epublibre,UP,200,552,,
2026-08-25T05:52:55.281829+00:00,Others,Others.epublibre,UP,200,592,,
2026-08-25T05:53:55.406204+00:00,Others,Others.epublibre,UP,200,561,,
2026-08-25T05:54:55.426297+00:00,Others,Others.epublibre,UP,200,581,,
2026-08-25T05:55:54.902482+00:00,Others,Others.epublibre,UP,200,148,,
2026-08-25T05:56:54.919548+00:00,Others,Others.epublibre,UP,200,142,,
2026-08-25T05:57:55.531373+00:00,Others,Others.epublibre,UP,200,573,,
2026-08-25T05:58:56.357879+00:00,Others,Others.epublibre,UP,200,557,,
2026-08-25T05:59:57.096709+00:00,Others,Others.epublibre,UP,200,673,,
2026-08-25T06:00:57.592343+00:00,Others,Others.epublibre,UP,200,601,,
2026-08-25T06:01:57.345851+00:00,Others,Others.epublibre,UP,200,563,,
2026-08-25T06:02:58.344531+00:00,Others,Others.epublibre,UP,200,564,,
2026-08-25T06:03:58.768131+00:00,Others,Others.epublibre,UP,200,557,,
2026-08-25T06:04:58.665088+00:00,Others,Others.epublibre,UP,200,530,,
2026-08-25T06:05:59.030611+00:00,Others,Others.epublibre,UP,200,137,,
2026-08-25T06:06:59.600202+00:00,Others,Others.epublibre,UP,200,572,,
2026-08-25T06:07:59.867205+00:00,Others,Others.epublibre,UP,200,554,,
2026-08-25T06:09:00.282167+00:00,Others,Others.epublibre,UP,200,599,,
2026-08-25T06:10:00.662231+00:00,Others,Others.epublibre,UP,200,674,,
2026-08-25T06:11:01.985757+00:00,Others,Others.epublibre,UP,200,612,,
2026-08-25T06:12:02.114888+00:00,Others,Others.epublibre,UP,200,628,,
2026-08-25T06:13:02.446084+00:00,Others,Others.epublibre,UP,200,163,,
2026-08-25T06:14:03.210227+00:00,Others,Others.epublibre,UP,200,579,,
2026-08-25T06:15:03.743967+00:00,Others,Others.epublibre,UP,200,703,,
2026-08-25T06:16:03.606148+00:00,Others,Others.epublibre,UP,200,587,,
2026-08-25T06:17:03.773775+00:00,Others,Others.epublibre,UP,200,585,,
2026-08-25T06:18:04.724881+00:00,Others,Others.epublibre,UP,200,761,,
2026-08-25T06:19:05.276758+00:00,Others,Others.epublibre,UP,200,552,,
2026-08-25T06:20:05.379210+00:00,Others,Others.epublibre,UP,200,573,,
2026-08-25T06:21:05.566789+00:00,Others,Others.epublibre,UP,200,570,,
2026-08-25T06:22:06.960875+00:00,Others,Others.epublibre,UP,200,548,,
2026-08-25T06:23:07.345891+00:00,Others,Others.epublibre,UP,200,685,,
2026-08-25T06:24:06.783950+00:00,Others,Others.epublibre,UP,200,131,,
2026-08-25T06:25:08.244217+00:00,Others,Others.epublibre,UP,200,645,,
2026-08-25T06:26:08.409911+00:00,Others,Others.epublibre,UP,200,568,,
2026-08-25T06:27:09.652779+00:00,Others,Others.epublibre,UP,200,558,,
2026-08-25T06:28:09.459529+00:00,Others,Others.epublibre,UP,200,591,,
2026-08-25T06:29:10.206131+00:00,Others,Others.epublibre,UP,200,656,,
2026-08-25T06:30:10.643404+00:00,Others,Others.epublibre,UP,200,569,,
2026-08-25T06:31:10.025172+00:00,Others,Others.epublibre,UP,200,132,,
2026-08-25T06:32:10.414464+00:00,Others,Others.epublibre,UP,200,574,,
2026-08-25T06:33:10.347317+00:00,Others,Others.epublibre,UP,200,622,,
2026-08-25T06:34:10.921136+00:00,Others,Others.epublibre,UP,200,572,,
2026-08-25T06:35:11.245821+00:00,Others,Others.epublibre,UP,200,571,,
2026-08-25T06:36:12.064881+00:00,Others,Others.epublibre,UP,200,569,,
2026-08-25T06:37:12.446909+00:00,Others,Others.epublibre,UP,200,570,,
2026-08-25T06:38:13.049879+00:00,Others,Others.epublibre,UP,200,569,,
2026-08-25T06:39:13.062320+00:00,Others,Others.epublibre,UP,200,580,,
2026-08-25T06:40:13.452777+00:00,Others,Others.epublibre,UP,200,573,,
2026-08-25T06:41:13.777010+00:00,Others,Others.epublibre,UP,200,584,,
2026-08-25T06:42:14.011912+00:00,Others,Others.epublibre,UP,200,627,,
2026-08-25T06:43:14.420560+00:00,Others,Others.epublibre,UP,200,572,,
2026-08-25T06:44:14.456560+00:00,Others,Others.epublibre,UP,200,585,,
2026-08-25T06:45:15.403461+00:00,Others,Others.epublibre,UP,200,146,,
2026-08-25T06:46:15.580732+00:00,Others,Others.epublibre,UP,200,558,,
2026-08-25T06:47:16.367330+00:00,Others,Others.epublibre,UP,200,629,,
2026-08-25T06:48:16.397363+00:00,Others,Others.epublibre,UP,200,552,,
2026-08-25T06:49:16.231548+00:00,Others,Others.epublibre,UP,200,136,,
2026-08-25T06:50:17.353633+00:00,Others,Others.epublibre,UP,200,676,,
2026-08-25T06:51:17.566840+00:00,Others,Others.epublibre,UP,200,572,,
2026-08-25T06:52:17.863849+00:00,Others,Others.epublibre,UP,200,567,,
2026-08-25T06:53:17.694469+00:00,Others,Others.epublibre,UP,200,558,,
2026-08-25T06:54:17.851510+00:00,Others,Others.epublibre,UP,200,138,,
2026-08-25T06:55:18.536965+00:00,Others,Others.epublibre,UP,200,597,,
2026-08-25T06:56:18.590728+00:00,Others,Others.epublibre,UP,200,574,,
2026-08-25T06:57:19.018992+00:00,Others,Others.epublibre,UP,200,588,,
2026-08-25T06:58:19.617034+00:00,Others,Others.epublibre,UP,200,616,,
2026-08-25T06:59:19.753502+00:00,Others,Others.epublibre,UP,200,544,,
2026-08-25T07:00:20.184643+00:00,Others,Others.epublibre,UP,200,581,,
2026-08-25T07:01:20.732681+00:00,Others,Others.epublibre,UP,200,679,,
2026-08-25T07:02:20.886716+00:00,Others,Others.epublibre,UP,200,564,,
2026-08-25T07:03:20.857062+00:00,Others,Others.epublibre,UP,200,543,,
2026-08-25T07:04:21.589775+00:00,Others,Others.epublibre,UP,200,627,,
2026-08-25T07:05:21.673257+00:00,Others,Others.epublibre,UP,200,594,,
2026-08-25T07:06:21.725948+00:00,Others,Others.epublibre,UP,200,568,,
2026-08-25T07:07:21.554912+00:00,Others,Others.epublibre,UP,200,544,,
2026-08-25T07:08:27.341228+00:00,Others,Others.epublibre,DEGRADED,200,5299,latency_high,
2026-08-25T07:09:22.555509+00:00,Others,Others.epublibre,UP,200,539,,
2026-08-25T07:10:23.018592+00:00,Others,Others.epublibre,UP,200,561,,
2026-08-25T07:11:24.134662+00:00,Others,Others.epublibre,UP,200,740,,
2026-08-25T07:12:24.515839+00:00,Others,Others.epublibre,UP,200,652,,
2026-08-25T07:13:24.647404+00:00,Others,Others.epublibre,UP,200,571,,
2026-08-25T07:14:24.567625+00:00,Others,Others.epublibre,UP,200,568,,
2026-08-25T07:15:25.455294+00:00,Others,Others.epublibre,UP,200,703,,
2026-08-25T07:16:25.816976+00:00,Others,Others.epublibre,UP,200,560,,
2026-08-25T07:17:25.847772+00:00,Others,Others.epublibre,UP,200,596,,
2026-08-25T07:18:26.058299+00:00,Others,Others.epublibre,UP,200,574,,
2026-08-25T07:19:26.689204+00:00,Others,Others.epublibre,UP,200,645,,
2026-08-25T07:20:27.082148+00:00,Others,Others.epublibre,UP,200,578,,
2026-08-25T07:21:27.730936+00:00,Others,Others.epublibre,UP,200,675,,
2026-08-25T07:22:27.592892+00:00,Others,Others.epublibre,UP,200,538,,
2026-08-25T07:23:28.745463+00:00,Others,Others.epublibre,UP,200,546,,
2026-08-25T07:24:29.185479+00:00,Others,Others.epublibre,UP,200,557,,
2026-08-25T07:25:29.401843+00:00,Others,Others.epublibre,UP,200,134,,
2026-08-25T07:26:30.588761+00:00,Others,Others.epublibre,UP,200,697,,
2026-08-25T07:27:30.844294+00:00,Others,Others.epublibre,UP,200,614,,
2026-08-25T07:28:30.923236+00:00,Others,Others.epublibre,UP,200,548,,
2026-08-25T07:29:31.695247+00:00,Others,Others.epublibre,UP,200,615,,
2026-08-25T07:30:32.137428+00:00,Others,Others.epublibre,UP,200,552,,
2026-08-25T07:31:31.717364+00:00,Others,Others.epublibre,UP,200,134,,
2026-08-25T07:32:32.773357+00:00,Others,Others.epublibre,UP,200,605,,
2026-08-25T07:33:33.225479+00:00,Others,Others.epublibre,UP,200,545,,
2026-08-25T07:34:33.222208+00:00,Others,Others.epublibre,UP,200,579,,
2026-08-25T07:35:33.415888+00:00,Others,Others.epublibre,UP,200,142,,
2026-08-25T07:36:33.660303+00:00,Others,Others.epublibre,UP,200,563,,
2026-08-25T07:37:34.599434+00:00,Others,Others.epublibre,UP,200,658,,
2026-08-25T07:38:34.712878+00:00,Others,Others.epublibre,UP,200,571,,
2026-08-25T07:39:35.071937+00:00,Others,Others.epublibre,UP,200,574,,
2026-08-25T07:40:35.126578+00:00,Others,Others.epublibre,UP,200,570,,
2026-08-25T07:41:35.665186+00:00,Others,Others.epublibre,UP,200,632,,
2026-08-25T07:42:36.130270+00:00,Others,Others.epublibre,UP,200,559,,
2026-08-25T07:43:36.423198+00:00,Others,Others.epublibre,UP,200,544,,
2026-08-25T07:44:36.843975+00:00,Others,Others.epublibre,UP,200,588,,
2026-08-25T07:45:36.970584+00:00,Others,Others.epublibre,UP,200,574,,
2026-08-25T07:46:37.371989+00:00,Others,Others.epublibre,UP,200,563,,
2026-08-25T07:47:37.436107+00:00,Others,Others.epublibre,UP,200,551,,
2026-08-25T07:48:38.088759+00:00,Others,Others.epublibre,UP,200,633,,
2026-08-25T07:49:38.249796+00:00,Others,Others.epublibre,UP,200,574,,
2026-08-25T07:50:38.133862+00:00,Others,Others.epublibre,UP,200,559,,
2026-08-25T07:51:37.949197+00:00,Others,Others.epublibre,UP,200,139,,
2026-08-25T07:52:39.870823+00:00,Others,Others.epublibre,UP,200,1380,,
2026-08-25T07:53:39.412474+00:00,Others,Others.epublibre,UP,200,579,,
2026-08-25T07:54:40.063315+00:00,Others,Others.epublibre,UP,200,583,,
2026-08-25T07:55:40.115507+00:00,Others,Others.epublibre,UP,200,570,,
2026-08-25T07:56:40.617245+00:00,Others,Others.epublibre,UP,200,546,,
2026-08-25T07:57:41.385848+00:00,Others,Others.epublibre,UP,200,661,,
2026-08-25T07:58:41.518046+00:00,Others,Others.epublibre,UP,200,585,,
2026-08-25T07:59:41.727084+00:00,Others,Others.epublibre,UP,200,604,,
2026-08-25T08:00:41.748714+00:00,Others,Others.epublibre,UP,200,578,,
2026-08-25T08:01:42.463108+00:00,Others,Others.epublibre,UP,200,567,,
2026-08-25T08:02:42.761891+00:00,Others,Others.epublibre,UP,200,634,,
2026-08-25T08:03:43.396187+00:00,Others,Others.epublibre,UP,200,572,,
2026-08-25T08:04:45.347465+00:00,Others,Others.epublibre,UP,200,2644,,
2026-08-25T08:05:43.382870+00:00,Others,Others.epublibre,UP,200,587,,
2026-08-25T08:06:43.653200+00:00,Others,Others.epublibre,UP,200,548,,
2026-08-25T08:07:44.818010+00:00,Others,Others.epublibre,UP,200,659,,
2026-08-25T08:08:44.695095+00:00,Others,Others.epublibre,UP,200,576,,
2026-08-25T08:09:45.079717+00:00,Others,Others.epublibre,UP,200,552,,
2026-08-25T08:10:44.806967+00:00,Others,Others.epublibre,UP,200,548,,
2026-08-25T08:11:45.596038+00:00,Others,Others.epublibre,UP,200,644,,
2026-08-25T08:12:45.667413+00:00,Others,Others.epublibre,UP,200,549,,
2026-08-25T08:13:45.874999+00:00,Others,Others.epublibre,UP,200,596,,
2026-08-25T08:14:46.151666+00:00,Others,Others.epublibre,UP,200,570,,
2026-08-25T08:15:46.669549+00:00,Others,Others.epublibre,UP,200,624,,
2026-08-25T08:16:46.703204+00:00,Others,Others.epublibre,UP,200,585,,
2026-08-25T08:17:46.959163+00:00,Others,Others.epublibre,UP,200,560,,
2026-08-25T08:18:47.116019+00:00,Others,Others.epublibre,UP,200,569,,
2026-08-25T08:19:47.213775+00:00,Others,Others.epublibre,UP,200,555,,
2026-08-25T08:20:47.231163+00:00,Others,Others.epublibre,UP,200,137,,
2026-08-25T08:21:47.899239+00:00,Others,Others.epublibre,UP,200,558,,
2026-08-25T08:22:47.857778+00:00,Others,Others.epublibre,UP,200,566,,
2026-08-25T08:23:47.779822+00:00,Others,Others.epublibre,UP,200,579,,
2026-08-25T08:24:53.363164+00:00,Others,Others.epublibre,DEGRADED,200,5427,latency_high,
2026-08-25T08:25:48.878207+00:00,Others,Others.epublibre,UP,200,566,,
2026-08-25T08:26:48.832453+00:00,Others,Others.epublibre,UP,200,603,,
2026-08-25T08:27:49.925481+00:00,Others,Others.epublibre,UP,200,720,,
2026-08-25T08:28:49.733706+00:00,Others,Others.epublibre,UP,200,601,,
2026-08-25T08:29:50.134532+00:00,Others,Others.epublibre,UP,200,558,,
2026-08-25T08:30:49.845721+00:00,Others,Others.epublibre,UP,200,547,,
2026-08-25T08:31:50.820796+00:00,Others,Others.epublibre,UP,200,714,,
2026-08-25T08:32:51.179004+00:00,Others,Others.epublibre,UP,200,571,,
2026-08-25T08:33:51.205362+00:00,Others,Others.epublibre,UP,200,545,,
2026-08-25T08:34:51.215859+00:00,Others,Others.epublibre,UP,200,553,,
2026-08-25T08:35:51.418317+00:00,Others,Others.epublibre,UP,200,543,,
2026-08-25T08:36:51.153851+00:00,Others,Others.epublibre,UP,200,132,,
2026-08-25T08:37:52.097048+00:00,Others,Others.epublibre,UP,200,545,,
2026-08-25T08:38:52.190768+00:00,Others,Others.epublibre,UP,200,569,,
2026-08-25T08:39:52.076513+00:00,Others,Others.epublibre,UP,200,597,,
2026-08-25T08:40:53.204435+00:00,Others,Others.epublibre,UP,200,601,,
2026-08-25T08:41:53.062119+00:00,Others,Others.epublibre,UP,200,555,,
2026-08-25T08:42:53.196532+00:00,Others,Others.epublibre,UP,200,601,,
2026-08-25T08:43:53.620228+00:00,Others,Others.epublibre,UP,200,539,,
2026-08-25T08:44:53.937061+00:00,Others,Others.epublibre,UP,200,620,,
2026-08-25T08:45:54.030951+00:00,Others,Others.epublibre,UP,200,547,,
2026-08-25T08:46:54.106175+00:00,Others,Others.epublibre,UP,200,136,,
2026-08-25T08:47:54.575200+00:00,Others,Others.epublibre,UP,200,586,,
2026-08-25T08:48:54.629762+00:00,Others,Others.epublibre,UP,200,562,,
2026-08-25T08:49:54.524157+00:00,Others,Others.epublibre,UP,200,133,,
2026-08-25T08:50:55.509940+00:00,Others,Others.epublibre,UP,200,570,,
2026-08-25T08:51:55.886908+00:00,Others,Others.epublibre,UP,200,564,,
2026-08-25T08:52:55.798691+00:00,Others,Others.epublibre,UP,200,560,,
2026-08-25T08:53:56.803466+00:00,Others,Others.epublibre,UP,200,639,,
2026-08-25T08:54:56.581107+00:00,Others,Others.epublibre,UP,200,560,,
2026-08-25T08:55:56.841778+00:00,Others,Others.epublibre,UP,200,574,,
2026-08-25T08:56:57.347903+00:00,Others,Others.epublibre,UP,200,587,,
2026-08-25T08:57:57.743044+00:00,Others,Others.epublibre,UP,200,580,,
2026-08-25T08:58:57.672384+00:00,Others,Others.epublibre,UP,200,590,,
2026-08-25T08:59:58.352234+00:00,Others,Others.epublibre,UP,200,598,,
2026-08-25T09:00:58.384384+00:00,Others,Others.epublibre,UP,200,562,,
2026-08-25T09:01:58.873040+00:00,Others,Others.epublibre,UP,200,544,,
2026-08-25T09:02:59.344437+00:00,Others,Others.epublibre,UP,200,552,,
2026-08-25T09:03:59.671413+00:00,Others,Others.epublibre,UP,200,604,,
2026-08-25T09:05:00.259316+00:00,Others,Others.epublibre,UP,200,637,,
2026-08-25T09:06:00.527555+00:00,Others,Others.epublibre,UP,200,625,,
2026-08-25T09:07:01.452269+00:00,Others,Others.epublibre,UP,200,591,,
2026-08-25T09:08:01.323224+00:00,Others,Others.epublibre,UP,200,145,,
2026-08-25T09:09:01.905320+00:00,Others,Others.epublibre,UP,200,592,,
2026-08-25T09:10:02.639698+00:00,Others,Others.epublibre,UP,200,840,,
2026-08-25T09:11:02.520686+00:00,Others,Others.epublibre,UP,200,608,,
2026-08-25T09:12:03.659832+00:00,Others,Others.epublibre,UP,200,665,,
2026-08-25T09:13:03.528277+00:00,Others,Others.epublibre,UP,200,555,,
2026-08-25T09:14:03.733744+00:00,Others,Others.epublibre,UP,200,555,,
2026-08-25T09:15:04.451866+00:00,Others,Others.epublibre,UP,200,652,,
2026-08-25T09:16:04.407163+00:00,Others,Others.epublibre,UP,200,598,,
2026-08-25T09:17:04.577660+00:00,Others,Others.epublibre,UP,200,577,,
2026-08-25T09:18:04.766387+00:00,Others,Others.epublibre,UP,200,568,,
2026-08-25T09:19:05.038178+00:00,Others,Others.epublibre,UP,200,599,,
2026-08-25T09:20:05.214456+00:00,Others,Others.epublibre,UP,200,671,,
2026-08-25T09:21:05.954825+00:00,Others,Others.epublibre,UP,200,756,,
2026-08-25T09:22:06.454175+00:00,Others,Others.epublibre,UP,200,557,,
2026-08-25T09:23:06.518203+00:00,Others,Others.epublibre,UP,200,593,,
2026-08-25T09:24:06.314078+00:00,Others,Others.epublibre,UP,200,143,,
2026-08-25T09:25:06.946838+00:00,Others,Others.epublibre,UP,200,615,,
2026-08-25T09:26:07.465253+00:00,Others,Others.epublibre,UP,200,598,,
2026-08-25T09:27:07.626633+00:00,Others,Others.epublibre,UP,200,560,,
2026-08-25T09:28:07.846311+00:00,Others,Others.epublibre,UP,200,567,,
2026-08-25T09:29:08.446371+00:00,Others,Others.epublibre,UP,200,604,,
2026-08-25T09:30:08.499923+00:00,Others,Others.epublibre,UP,200,574,,
2026-08-25T09:31:08.724549+00:00,Others,Others.epublibre,UP,200,134,,
2026-08-25T09:32:09.258256+00:00,Others,Others.epublibre,UP,200,599,,
2026-08-25T09:33:10.144151+00:00,Others,Others.epublibre,UP,200,636,,
2026-08-25T09:34:10.078870+00:00,Others,Others.epublibre,UP,200,538,,
2026-08-25T09:35:10.078853+00:00,Others,Others.epublibre,UP,200,135,,
2026-08-25T09:36:10.604526+00:00,Others,Others.epublibre,UP,200,557,,
2026-08-25T09:37:10.616690+00:00,Others,Others.epublibre,UP,200,567,,
2026-08-25T09:38:11.168933+00:00,Others,Others.epublibre,UP,200,614,,
2026-08-25T09:39:11.129139+00:00,Others,Others.epublibre,UP,200,551,,
2026-08-25T09:40:11.423288+00:00,Others,Others.epublibre,UP,200,567,,
2026-08-25T09:41:12.117893+00:00,Others,Others.epublibre,UP,200,642,,
2026-08-25T09:42:12.333083+00:00,Others,Others.epublibre,UP,200,546,,
2026-08-25T09:43:12.278778+00:00,Others,Others.epublibre,UP,200,565,,
2026-08-25T09:44:13.191998+00:00,Others,Others.epublibre,UP,200,540,,
2026-08-25T09:45:13.545037+00:00,Others,Others.epublibre,UP,200,572,,
2026-08-25T09:46:13.769326+00:00,Others,Others.epublibre,UP,200,579,,
2026-08-25T09:47:14.035904+00:00,Others,Others.epublibre,UP,200,604,,
2026-08-25T09:48:14.557745+00:00,Others,Others.epublibre,UP,200,561,,
2026-08-25T09:49:16.745421+00:00,Others,Others.epublibre,UP,200,2706,,
2026-08-25T09:50:15.177423+00:00,Others,Others.epublibre,UP,200,673,,
2026-08-25T09:51:15.339001+00:00,Others,Others.epublibre,UP,200,565,,
2026-08-25T09:52:15.422962+00:00,Others,Others.epublibre,UP,200,582,,
2026-08-25T09:53:15.772581+00:00,Others,Others.epublibre,UP,200,547,,
2026-08-25T09:54:16.571894+00:00,Others,Others.epublibre,UP,200,600,,
2026-08-25T09:55:16.409240+00:00,Others,Others.epublibre,UP,200,534,,
2026-08-25T09:56:16.844099+00:00,Others,Others.epublibre,UP,200,543,,
2026-08-25T09:57:17.047176+00:00,Others,Others.epublibre,UP,200,571,,
2026-08-25T09:58:17.645963+00:00,Others,Others.epublibre,UP,200,592,,
2026-08-25T09:59:17.803748+00:00,Others,Others.epublibre,UP,200,577,,
2026-08-25T10:00:17.933136+00:00,Others,Others.epublibre,UP,200,565,,
2026-08-25T10:01:18.298651+00:00,Others,Others.epublibre,UP,200,573,,
2026-08-25T10:02:18.358786+00:00,Others,Others.epublibre,UP,200,550,,
2026-08-25T10:03:18.449048+00:00,Others,Others.epublibre,UP,200,564,,
2026-08-25T10:04:18.219409+00:00,Others,Others.epublibre,UP,200,140,,
2026-08-25T10:05:19.023418+00:00,Others,Others.epublibre,UP,200,572,,
2026-08-25T10:06:19.318767+00:00,Others,Others.epublibre,UP,200,587,,
2026-08-25T10:07:19.360694+00:00,Others,Others.epublibre,UP,200,554,,
2026-08-25T10:08:19.806300+00:00,Others,Others.epublibre,UP,200,595,,
2026-08-25T10:09:19.854072+00:00,Others,Others.epublibre,UP,200,554,,
2026-08-25T10:10:19.873439+00:00,Others,Others.epublibre,UP,200,551,,
2026-08-25T10:11:20.154789+00:00,Others,Others.epublibre,UP,200,585,,
2026-08-25T10:12:19.999419+00:00,Others,Others.epublibre,UP,200,579,,
2026-08-25T10:13:26.613913+00:00,Others,Others.epublibre,DEGRADED,200,6600,latency_high,
2026-08-25T10:14:20.904969+00:00,Others,Others.epublibre,UP,200,546,,
2026-08-25T10:15:21.878087+00:00,Others,Others.epublibre,UP,200,594,,
2026-08-25T10:16:22.133415+00:00,Others,Others.epublibre,UP,200,146,,
2026-08-25T10:17:22.773268+00:00,Others,Others.epublibre,UP,200,560,,
2026-08-25T10:18:22.576661+00:00,Others,Others.epublibre,UP,200,542,,
2026-08-25T10:19:23.384226+00:00,Others,Others.epublibre,UP,200,609,,
2026-08-25T10:20:23.764796+00:00,Others,Others.epublibre,UP,200,577,,
2026-08-25T10:21:23.574329+00:00,Others,Others.epublibre,UP,200,568,,
2026-08-25T10:22:24.007037+00:00,Others,Others.epublibre,UP,200,596,,
2026-08-25T10:23:24.794451+00:00,Others,Others.epublibre,UP,200,614,,
2026-08-25T10:24:24.331400+00:00,Others,Others.epublibre,UP,200,139,,
2026-08-25T10:25:25.140341+00:00,Others,Others.epublibre,UP,200,556,,
2026-08-25T10:26:25.136739+00:00,Others,Others.epublibre,UP,200,604,,
2026-08-25T10:27:25.910819+00:00,Others,Others.epublibre,UP,200,613,,
2026-08-25T10:28:26.165545+00:00,Others,Others.epublibre,UP,200,585,,
2026-08-25T10:29:26.021004+00:00,Others,Others.epublibre,UP,200,593,,
2026-08-25T10:30:26.587721+00:00,Others,Others.epublibre,UP,200,591,,
2026-08-25T10:31:27.126898+00:00,Others,Others.epublibre,UP,200,638,,
2026-08-25T10:32:27.178888+00:00,Others,Others.epublibre,UP,200,554,,
2026-08-25T10:33:27.220038+00:00,Others,Others.epublibre,UP,200,575,,
2026-08-25T10:34:27.339898+00:00,Others,Others.epublibre,UP,200,623,,
2026-08-25T10:35:28.167019+00:00,Others,Others.epublibre,UP,200,621,,
2026-08-25T10:36:28.347115+00:00,Others,Others.epublibre,UP,200,567,,
2026-08-25T10:37:28.392098+00:00,Others,Others.epublibre,UP,200,539,,
2026-08-25T10:38:29.138533+00:00,Others,Others.epublibre,UP,200,620,,
2026-08-25T10:39:29.153337+00:00,Others,Others.epublibre,UP,200,591,,
2026-08-25T10:40:29.182842+00:00,Others,Others.epublibre,UP,200,147,,
2026-08-25T10:41:29.741093+00:00,Others,Others.epublibre,UP,200,566,,
2026-08-25T10:42:30.103237+00:00,Others,Others.epublibre,UP,200,558,,
2026-08-25T10:43:30.497108+00:00,Others,Others.epublibre,UP,200,561,,
2026-08-25T10:44:30.864420+00:00,Others,Others.epublibre,UP,200,595,,
2026-08-25T10:45:31.132223+00:00,Others,Others.epublibre,UP,200,598,,
2026-08-25T10:46:32.141665+00:00,Others,Others.epublibre,UP,200,645,,
2026-08-25T10:47:32.560645+00:00,Others,Others.epublibre,UP,200,591,,
2026-08-25T10:48:32.505623+00:00,Others,Others.epublibre,UP,200,563,,
2026-08-25T10:49:33.305168+00:00,Others,Others.epublibre,UP,200,663,,
2026-08-25T10:50:33.518664+00:00,Others,Others.epublibre,UP,200,548,,
2026-08-25T10:51:33.772461+00:00,Others,Others.epublibre,UP,200,583,,
2026-08-25T10:52:34.659480+00:00,Others,Others.epublibre,UP,200,642,,
2026-08-25T10:53:34.735381+00:00,Others,Others.epublibre,UP,200,597,,
2026-08-25T10:54:34.305564+00:00,Others,Others.epublibre,UP,200,145,,
2026-08-25T10:55:34.205795+00:00,Others,Others.epublibre,UP,200,137,,
2026-08-25T10:56:35.455139+00:00,Others,Others.epublibre,UP,200,628,,
2026-08-25T10:57:35.520832+00:00,Others,Others.epublibre,UP,200,567,,
2026-08-25T10:58:35.541748+00:00,Others,Others.epublibre,UP,200,564,,
2026-08-25T10:59:35.933643+00:00,Others,Others.epublibre,UP,200,574,,
2026-08-25T11:00:36.037539+00:00,Others,Others.epublibre,UP,200,154,,
2026-08-25T11:01:36.763189+00:00,Others,Others.epublibre,UP,200,557,,
2026-08-25T11:02:37.317436+00:00,Others,Others.epublibre,UP,200,554,,
2026-08-25T11:03:36.759662+00:00,Others,Others.epublibre,UP,200,147,,
2026-08-25T11:04:37.694628+00:00,Others,Others.epublibre,UP,200,605,,
2026-08-25T11:05:38.314535+00:00,Others,Others.epublibre,UP,200,691,,
2026-08-25T11:06:38.547887+00:00,Others,Others.epublibre,UP,200,611,,
2026-08-25T11:07:38.891854+00:00,Others,Others.epublibre,UP,200,571,,
2026-08-25T11:08:39.143239+00:00,Others,Others.epublibre,UP,200,576,,
2026-08-25T11:09:39.335138+00:00,Others,Others.epublibre,UP,200,591,,
2026-08-25T11:10:39.353882+00:00,Others,Others.epublibre,UP,200,569,,
2026-08-25T11:11:39.797177+00:00,Others,Others.epublibre,UP,200,575,,
2026-08-25T11:12:39.774677+00:00,Others,Others.epublibre,UP,200,602,,
2026-08-25T11:13:40.834939+00:00,Others,Others.epublibre,UP,200,758,,
2026-08-25T11:14:41.202899+00:00,Others,Others.epublibre,UP,200,608,,
2026-08-25T11:15:40.420225+00:00,Others,Others.epublibre,UP,200,136,,
2026-08-25T11:16:41.341894+00:00,Others,Others.epublibre,UP,200,588,,
2026-08-25T11:17:41.507808+00:00,Others,Others.epublibre,UP,200,151,,
2026-08-25T11:18:42.150618+00:00,Others,Others.epublibre,UP,200,579,,
2026-08-25T11:19:42.172889+00:00,Others,Others.epublibre,UP,200,591,,
2026-08-25T11:20:42.759574+00:00,Others,Others.epublibre,UP,200,570,,
2026-08-25T11:21:42.457408+00:00,Others,Others.epublibre,UP,200,137,,
2026-08-25T11:22:43.272948+00:00,Others,Others.epublibre,UP,200,568,,
2026-08-25T11:23:43.360433+00:00,Others,Others.epublibre,UP,200,542,,
2026-08-25T11:24:43.952029+00:00,Others,Others.epublibre,UP,200,541,,
2026-08-25T11:25:43.802799+00:00,Others,Others.epublibre,UP,200,558,,
2026-08-25T11:26:44.235172+00:00,Others,Others.epublibre,UP,200,141,,
2026-08-25T11:27:44.709532+00:00,Others,Others.epublibre,UP,200,560,,
2026-08-25T11:28:44.786845+00:00,Others,Others.epublibre,UP,200,605,,
2026-08-25T11:29:45.702398+00:00,Others,Others.epublibre,UP,200,835,,
2026-08-25T11:30:56.236232+00:00,Others,Others.epublibre,DEGRADED,200,10974,latency_high,
2026-08-25T11:31:45.951918+00:00,Others,Others.epublibre,UP,200,134,,
2026-08-25T11:32:46.576802+00:00,Others,Others.epublibre,UP,200,558,,
2026-08-25T11:33:46.696147+00:00,Others,Others.epublibre,UP,200,552,,
2026-08-25T11:34:47.500962+00:00,Others,Others.epublibre,UP,200,594,,
2026-08-25T11:35:47.439882+00:00,Others,Others.epublibre,UP,200,561,,
2026-08-25T11:36:47.526972+00:00,Others,Others.epublibre,UP,200,139,,
2026-08-25T11:37:47.501249+00:00,Others,Others.epublibre,UP,200,151,,
2026-08-25T11:38:48.527165+00:00,Others,Others.epublibre,UP,200,555,,
2026-08-25T11:39:49.731738+00:00,Others,Others.epublibre,UP,200,2067,,
2026-08-25T11:40:48.333927+00:00,Others,Others.epublibre,UP,200,572,,
2026-08-25T11:41:49.089056+00:00,Others,Others.epublibre,UP,200,574,,
2026-08-25T11:42:49.879183+00:00,Others,Others.epublibre,UP,200,840,,
2026-08-25T11:43:49.839426+00:00,Others,Others.epublibre,UP,200,587,,
2026-08-25T11:44:50.086793+00:00,Others,Others.epublibre,UP,200,539,,
2026-08-25T11:45:50.063096+00:00,Others,Others.epublibre,UP,200,649,,
2026-08-25T11:46:50.516932+00:00,Others,Others.epublibre,UP,200,573,,
2026-08-25T11:47:50.711006+00:00,Others,Others.epublibre,UP,200,568,,
2026-08-25T11:48:50.919172+00:00,Others,Others.epublibre,UP,200,586,,
2026-08-25T11:49:51.032727+00:00,Others,Others.epublibre,UP,200,557,,
2026-08-25T11:50:51.911786+00:00,Others,Others.epublibre,UP,200,618,,
2026-08-25T11:51:52.009459+00:00,Others,Others.epublibre,UP,200,578,,
2026-08-25T11:52:52.135245+00:00,Others,Others.epublibre,UP,200,544,,
2026-08-25T11:53:52.238933+00:00,Others,Others.epublibre,UP,200,574,,
2026-08-25T11:54:52.281312+00:00,Others,Others.epublibre,UP,200,136,,
2026-08-25T11:55:53.147829+00:00,Others,Others.epublibre,UP,200,594,,
2026-08-25T11:56:53.185436+00:00,Others,Others.epublibre,UP,200,582,,
2026-08-25T11:57:53.688127+00:00,Others,Others.epublibre,UP,200,632,,
2026-08-25T11:58:54.127775+00:00,Others,Others.epublibre,UP,200,569,,
2026-08-25T11:59:54.346923+00:00,Others,Others.epublibre,UP,200,569,,
2026-08-25T12:00:55.238474+00:00,Others,Others.epublibre,UP,200,760,,
2026-08-25T12:01:55.546750+00:00,Others,Others.epublibre,UP,200,578,,
2026-08-25T12:02:55.703048+00:00,Others,Others.epublibre,UP,200,596,,
2026-08-25T12:03:55.935402+00:00,Others,Others.epublibre,UP,200,601,,
2026-08-25T12:04:56.499870+00:00,Others,Others.epublibre,UP,200,629,,
2026-08-25T12:05:56.977057+00:00,Others,Others.epublibre,UP,200,603,,
2026-08-25T12:06:57.330817+00:00,Others,Others.epublibre,UP,200,689,,
2026-08-25T12:07:57.741059+00:00,Others,Others.epublibre,UP,200,652,,
2026-08-25T12:08:58.470916+00:00,Others,Others.epublibre,UP,200,591,,
2026-08-25T12:09:58.772461+00:00,Others,Others.epublibre,UP,200,551,,
2026-08-25T12:10:59.252716+00:00,Others,Others.epublibre,UP,200,572,,
2026-08-25T12:11:59.292881+00:00,Others,Others.epublibre,UP,200,632,,
2026-08-25T12:12:59.612561+00:00,Others,Others.epublibre,UP,200,571,,
2026-08-25T12:14:00.479740+00:00,Others,Others.epublibre,UP,200,649,,
2026-08-25T12:15:01.170651+00:00,Others,Others.epublibre,UP,200,616,,
2026-08-25T12:16:01.629920+00:00,Others,Others.epublibre,UP,200,583,,
2026-08-25T12:17:02.658857+00:00,Others,Others.epublibre,UP,200,737,,
2026-08-25T12:18:03.240656+00:00,Others,Others.epublibre,UP,200,669,,
2026-08-25T12:19:03.486015+00:00,Others,Others.epublibre,UP,200,593,,
2026-08-25T12:20:04.308848+00:00,Others,Others.epublibre,UP,200,584,,
2026-08-25T12:21:05.242290+00:00,Others,Others.epublibre,UP,200,722,,
2026-08-25T12:22:05.005035+00:00,Others,Others.epublibre,UP,200,146,,
2026-08-25T12:23:05.813527+00:00,Others,Others.epublibre,UP,200,557,,
2026-08-25T12:24:06.667300+00:00,Others,Others.epublibre,UP,200,725,,
2026-08-25T12:25:07.243376+00:00,Others,Others.epublibre,UP,200,612,,
2026-08-25T12:26:07.227763+00:00,Others,Others.epublibre,UP,200,616,,
2026-08-25T12:27:07.807120+00:00,Others,Others.epublibre,UP,200,666,,
2026-08-25T12:28:08.227637+00:00,Others,Others.epublibre,UP,200,582,,
2026-08-25T12:29:08.284315+00:00,Others,Others.epublibre,UP,200,547,,
2026-08-25T12:30:09.335982+00:00,Others,Others.epublibre,UP,200,690,,
2026-08-25T12:31:09.921789+00:00,Others,Others.epublibre,UP,200,569,,
2026-08-25T12:32:10.583159+00:00,Others,Others.epublibre,UP,200,566,,
2026-08-25T12:33:10.678836+00:00,Others,Others.epublibre,UP,200,667,,
2026-08-25T12:34:10.694119+00:00,Others,Others.epublibre,UP,200,596,,
2026-08-25T12:35:11.534518+00:00,Others,Others.epublibre,UP,200,674,,
2026-08-25T12:36:11.779734+00:00,Others,Others.epublibre,UP,200,560,,
2026-08-25T12:37:11.575346+00:00,Others,Others.epublibre,UP,200,137,,
2026-08-25T12:38:12.530887+00:00,Others,Others.epublibre,UP,200,628,,
2026-08-25T12:39:12.743033+00:00,Others,Others.epublibre,UP,200,627,,
2026-08-25T12:40:13.002998+00:00,Others,Others.epublibre,UP,200,589,,
2026-08-25T12:41:13.638249+00:00,Others,Others.epublibre,UP,200,735,,
2026-08-25T12:42:13.880402+00:00,Others,Others.epublibre,UP,200,549,,
2026-08-25T12:43:14.193978+00:00,Others,Others.epublibre,UP,200,551,,
2026-08-25T12:44:14.490461+00:00,Others,Others.epublibre,UP,200,585,,
2026-08-25T12:45:15.136929+00:00,Others,Others.epublibre,UP,200,700,,
2026-08-25T12:46:15.696067+00:00,Others,Others.epublibre,UP,200,574,,
2026-08-25T12:47:15.909922+00:00,Others,Others.epublibre,UP,200,575,,
2026-08-25T12:48:16.053990+00:00,Others,Others.epublibre,UP,200,566,,
2026-08-25T12:49:16.671986+00:00,Others,Others.epublibre,UP,200,584,,
2026-08-25T12:50:16.966723+00:00,Others,Others.epublibre,UP,200,598,,
2026-08-25T12:51:17.338129+00:00,Others,Others.epublibre,UP,200,669,,
2026-08-25T12:52:17.097916+00:00,Others,Others.epublibre,UP,200,149,,
2026-08-25T12:53:18.426421+00:00,Others,Others.epublibre,UP,200,785,,
2026-08-25T12:54:18.187113+00:00,Others,Others.epublibre,UP,200,133,,
2026-08-25T12:55:19.043734+00:00,Others,Others.epublibre,UP,200,603,,
2026-08-25T12:56:19.602537+00:00,Others,Others.epublibre,UP,200,677,,
2026-08-25T12:57:19.837703+00:00,Others,Others.epublibre,UP,200,632,,
2026-08-25T12:58:19.643754+00:00,Others,Others.epublibre,UP,200,143,,
2026-08-25T12:59:20.155392+00:00,Others,Others.epublibre,UP,200,558,,
2026-08-25T13:00:20.449136+00:00,Others,Others.epublibre,UP,200,582,,
2026-08-25T13:01:20.151778+00:00,Others,Others.epublibre,UP,200,144,,
2026-08-25T13:02:21.656091+00:00,Others,Others.epublibre,UP,200,653,,
2026-08-25T13:03:21.762183+00:00,Others,Others.epublibre,UP,200,607,,
2026-08-25T13:04:21.998704+00:00,Others,Others.epublibre,UP,200,575,,
2026-08-25T13:05:22.034899+00:00,Others,Others.epublibre,UP,200,586,,
2026-08-25T13:06:22.729212+00:00,Others,Others.epublibre,UP,200,610,,
2026-08-25T13:07:22.976721+00:00,Others,Others.epublibre,UP,200,640,,
2026-08-25T13:08:23.247396+00:00,Others,Others.epublibre,UP,200,572,,
2026-08-25T13:09:23.539341+00:00,Others,Others.epublibre,UP,200,547,,
2026-08-25T13:10:23.637798+00:00,Others,Others.epublibre,UP,200,567,,
2026-08-25T13:11:24.752953+00:00,Others,Others.epublibre,UP,200,623,,
2026-08-25T13:12:25.018328+00:00,Others,Others.epublibre,UP,200,592,,
2026-08-25T13:13:25.974235+00:00,Others,Others.epublibre,UP,200,622,,
2026-08-25T13:14:26.692972+00:00,Others,Others.epublibre,UP,200,644,,
2026-08-25T13:15:27.082982+00:00,Others,Others.epublibre,UP,200,565,,
2026-08-25T13:16:27.301465+00:00,Others,Others.epublibre,UP,200,582,,
2026-08-25T13:17:27.421529+00:00,Others,Others.epublibre,UP,200,137,,
2026-08-25T13:18:28.738245+00:00,Others,Others.epublibre,UP,200,648,,
2026-08-25T13:19:29.057819+00:00,Others,Others.epublibre,UP,200,568,,
2026-08-25T13:20:28.975846+00:00,Others,Others.epublibre,UP,200,138,,
2026-08-25T13:21:30.378369+00:00,Others,Others.epublibre,UP,200,150,,
2026-08-25T13:22:31.809590+00:00,Others,Others.epublibre,UP,200,668,,
2026-08-25T13:23:32.116438+00:00,Others,Others.epublibre,UP,200,575,,
2026-08-25T13:24:32.324081+00:00,Others,Others.epublibre,UP,200,140,,
2026-08-25T13:25:33.288620+00:00,Others,Others.epublibre,UP,200,1237,,
2026-08-25T13:26:32.612826+00:00,Others,Others.epublibre,UP,200,133,,
2026-08-25T13:27:33.606618+00:00,Others,Others.epublibre,UP,200,613,,
2026-08-25T13:28:33.964866+00:00,Others,Others.epublibre,UP,200,569,,
2026-08-25T13:29:34.313957+00:00,Others,Others.epublibre,UP,200,566,,
2026-08-25T13:30:34.514679+00:00,Others,Others.epublibre,UP,200,609,,
2026-08-25T13:31:35.582443+00:00,Others,Others.epublibre,UP,200,675,,
2026-08-25T13:32:35.857549+00:00,Others,Others.epublibre,UP,200,578,,
2026-08-25T13:33:36.198779+00:00,Others,Others.epublibre,UP,200,611,,
2026-08-25T13:34:36.585890+00:00,Others,Others.epublibre,UP,200,559,,
2026-08-25T13:35:36.884517+00:00,Others,Others.epublibre,UP,200,564,,
2026-08-25T13:36:37.770168+00:00,Others,Others.epublibre,UP,200,647,,
2026-08-25T13:37:38.031416+00:00,Others,Others.epublibre,UP,200,586,,
2026-08-25T13:38:37.837482+00:00,Others,Others.epublibre,UP,200,580,,
2026-08-25T13:39:38.275516+00:00,Others,Others.epublibre,UP,200,568,,
2026-08-25T13:40:38.525227+00:00,Others,Others.epublibre,UP,200,621,,
2026-08-25T13:41:39.262976+00:00,Others,Others.epublibre,UP,200,594,,
2026-08-25T13:42:39.266541+00:00,Others,Others.epublibre,UP,200,560,,
2026-08-25T13:43:39.528560+00:00,Others,Others.epublibre,UP,200,559,,
2026-08-25T13:44:40.651795+00:00,Others,Others.epublibre,UP,200,631,,
2026-08-25T13:45:41.181132+00:00,Others,Others.epublibre,UP,200,597,,
2026-08-25T13:46:41.511542+00:00,Others,Others.epublibre,UP,200,600,,
2026-08-25T13:47:42.448906+00:00,Others,Others.epublibre,UP,200,619,,
2026-08-25T13:48:42.575082+00:00,Others,Others.epublibre,UP,200,546,,
2026-08-25T13:49:42.663980+00:00,Others,Others.epublibre,UP,200,582,,
2026-08-25T13:50:43.233062+00:00,Others,Others.epublibre,UP,200,585,,
2026-08-25T13:51:43.285933+00:00,Others,Others.epublibre,UP,200,591,,
2026-08-25T13:52:43.665185+00:00,Others,Others.epublibre,UP,200,581,,
2026-08-25T13:53:44.087092+00:00,Others,Others.epublibre,UP,200,552,,
2026-08-25T13:54:44.256827+00:00,Others,Others.epublibre,UP,200,595,,
2026-08-25T13:55:44.787268+00:00,Others,Others.epublibre,UP,200,564,,
2026-08-25T13:56:45.506047+00:00,Others,Others.epublibre,UP,200,654,,
2026-08-25T13:57:45.632331+00:00,Others,Others.epublibre,UP,200,634,,
2026-08-25T13:58:45.725214+00:00,Others,Others.epublibre,UP,200,554,,
2026-08-25T13:59:46.314745+00:00,Others,Others.epublibre,UP,200,608,,
2026-08-25T14:00:46.890972+00:00,Others,Others.epublibre,UP,200,584,,
2026-08-25T14:01:47.729909+00:00,Others,Others.epublibre,UP,200,719,,
2026-08-25T14:02:47.776991+00:00,Others,Others.epublibre,UP,200,582,,
2026-08-25T14:03:48.249526+00:00,Others,Others.epublibre,UP,200,582,,
2026-08-25T14:04:47.806076+00:00,Others,Others.epublibre,UP,200,143,,
2026-08-25T14:05:49.051549+00:00,Others,Others.epublibre,UP,200,631,,
2026-08-25T14:06:49.468981+00:00,Others,Others.epublibre,UP,200,612,,
2026-08-25T14:07:49.571011+00:00,Others,Others.epublibre,UP,200,617,,
2026-08-25T14:08:49.824084+00:00,Others,Others.epublibre,UP,200,549,,
2026-08-25T14:09:50.757224+00:00,Others,Others.epublibre,UP,200,620,,
2026-08-25T14:10:50.992547+00:00,Others,Others.epublibre,UP,200,602,,
2026-08-25T14:11:51.263686+00:00,Others,Others.epublibre,UP,200,563,,
2026-08-25T14:12:51.370087+00:00,Others,Others.epublibre,UP,200,553,,
2026-08-25T14:13:51.924586+00:00,Others,Others.epublibre,UP,200,717,,
2026-08-25T14:14:52.244002+00:00,Others,Others.epublibre,UP,200,570,,
2026-08-25T14:15:52.617290+00:00,Others,Others.epublibre,UP,200,615,,
2026-08-25T14:16:53.160572+00:00,Others,Others.epublibre,UP,200,615,,
2026-08-25T14:17:53.330146+00:00,Others,Others.epublibre,UP,200,564,,
2026-08-25T14:18:53.940781+00:00,Others,Others.epublibre,UP,200,579,,
2026-08-25T14:19:54.638877+00:00,Others,Others.epublibre,UP,200,642,,
2026-08-25T14:20:54.974127+00:00,Others,Others.epublibre,UP,200,551,,
2026-08-25T14:21:55.573546+00:00,Others,Others.epublibre,UP,200,586,,
2026-08-25T14:22:55.644965+00:00,Others,Others.epublibre,UP,200,588,,
2026-08-25T14:23:55.781287+00:00,Others,Others.epublibre,UP,200,618,,
2026-08-25T14:24:56.279784+00:00,Others,Others.epublibre,UP,200,579,,
2026-08-25T14:25:56.390286+00:00,Others,Others.epublibre,UP,200,652,,
2026-08-25T14:26:56.931855+00:00,Others,Others.epublibre,UP,200,684,,
2026-08-25T14:27:57.005447+00:00,Others,Others.epublibre,UP,200,647,,
2026-08-25T14:28:57.246852+00:00,Others,Others.epublibre,UP,200,573,,
2026-08-25T14:29:57.833250+00:00,Others,Others.epublibre,UP,200,569,,
2026-08-25T14:30:58.781858+00:00,Others,Others.epublibre,UP,200,692,,
2026-08-25T14:31:59.149171+00:00,Others,Others.epublibre,UP,200,566,,
2026-08-25T14:32:59.451146+00:00,Others,Others.epublibre,UP,200,546,,
2026-08-25T14:34:00.237401+00:00,Others,Others.epublibre,UP,200,608,,
2026-08-25T14:35:00.691956+00:00,Others,Others.epublibre,UP,200,610,,
2026-08-25T14:36:08.401244+00:00,Others,Others.epublibre,DEGRADED,200,7894,latency_high,
2026-08-25T14:37:01.633202+00:00,Others,Others.epublibre,UP,200,637,,
2026-08-25T14:38:02.609123+00:00,Others,Others.epublibre,UP,200,766,,
2026-08-25T14:39:12.654407+00:00,Others,Others.epublibre,DEGRADED,200,10139,latency_high,
2026-08-25T14:40:03.934862+00:00,Others,Others.epublibre,UP,200,693,,
2026-08-25T14:41:04.021056+00:00,Others,Others.epublibre,UP,200,635,,
2026-08-25T14:42:04.587962+00:00,Others,Others.epublibre,UP,200,744,,
2026-08-25T14:43:05.061546+00:00,Others,Others.epublibre,UP,200,594,,
2026-08-25T14:44:04.976514+00:00,Others,Others.epublibre,UP,200,132,,
2026-08-25T14:45:06.229994+00:00,Others,Others.epublibre,UP,200,730,,
2026-08-25T14:46:06.185629+00:00,Others,Others.epublibre,UP,200,565,,
2026-08-25T14:47:07.338529+00:00,Others,Others.epublibre,UP,200,776,,
2026-08-25T14:48:07.524355+00:00,Others,Others.epublibre,UP,200,564,,
2026-08-25T14:49:07.545732+00:00,Others,Others.epublibre,UP,200,132,,
2026-08-25T14:50:08.454914+00:00,Others,Others.epublibre,UP,200,577,,
2026-08-25T14:51:08.783312+00:00,Others,Others.epublibre,UP,200,675,,
2026-08-25T14:52:08.844864+00:00,Others,Others.epublibre,UP,200,566,,
2026-08-25T14:53:09.645017+00:00,Others,Others.epublibre,UP,200,644,,
2026-08-25T14:54:10.080396+00:00,Others,Others.epublibre,UP,200,562,,
2026-08-25T14:55:10.316257+00:00,Others,Others.epublibre,UP,200,554,,
2026-08-25T14:56:09.931588+00:00,Others,Others.epublibre,UP,200,149,,
2026-08-25T14:57:11.306497+00:00,Others,Others.epublibre,UP,200,685,,
2026-08-25T14:58:11.494503+00:00,Others,Others.epublibre,UP,200,616,,
2026-08-25T14:59:11.614182+00:00,Others,Others.epublibre,UP,200,626,,
2026-08-25T15:00:13.300798+00:00,Others,Others.epublibre,UP,200,696,,
2026-08-25T15:01:12.629117+00:00,Others,Others.epublibre,UP,200,572,,
2026-08-25T15:02:13.270560+00:00,Others,Others.epublibre,UP,200,552,,
2026-08-25T15:03:14.454698+00:00,Others,Others.epublibre,UP,200,884,,
2026-08-25T15:04:14.824192+00:00,Others,Others.epublibre,UP,200,613,,
2026-08-25T15:05:14.841615+00:00,Others,Others.epublibre,UP,200,571,,
2026-08-25T15:06:15.070773+00:00,Others,Others.epublibre,UP,200,136,,
2026-08-25T15:07:16.198325+00:00,Others,Others.epublibre,UP,200,734,,
2026-08-25T15:08:16.629359+00:00,Others,Others.epublibre,UP,200,577,,
2026-08-25T15:09:17.321374+00:00,Others,Others.epublibre,UP,200,550,,
2026-08-25T15:10:18.275614+00:00,Others,Others.epublibre,UP,200,710,,
2026-08-25T15:11:18.782735+00:00,Others,Others.epublibre,UP,200,638,,
2026-08-25T15:12:19.036613+00:00,Others,Others.epublibre,UP,200,549,,
2026-08-25T15:13:19.849697+00:00,Others,Others.epublibre,UP,200,652,,
2026-08-25T15:14:19.723857+00:00,Others,Others.epublibre,UP,200,580,,
2026-08-25T15:15:20.819591+00:00,Others,Others.epublibre,UP,200,836,,
2026-08-25T15:16:20.853521+00:00,Others,Others.epublibre,UP,200,550,,
2026-08-25T15:17:21.174884+00:00,Others,Others.epublibre,UP,200,594,,
2026-08-25T15:18:21.554945+00:00,Others,Others.epublibre,UP,200,866,,
2026-08-25T15:19:21.537272+00:00,Others,Others.epublibre,UP,200,555,,
2026-08-25T15:20:22.767192+00:00,Others,Others.epublibre,UP,200,698,,
2026-08-25T15:21:23.051904+00:00,Others,Others.epublibre,UP,200,592,,
2026-08-25T15:22:24.068068+00:00,Others,Others.epublibre,UP,200,687,,
2026-08-25T15:23:24.026351+00:00,Others,Others.epublibre,UP,200,141,,
2026-08-25T15:24:25.016439+00:00,Others,Others.epublibre,UP,200,687,,
2026-08-25T15:25:25.050703+00:00,Others,Others.epublibre,UP,200,556,,
2026-08-25T15:26:25.157355+00:00,Others,Others.epublibre,UP,200,577,,
2026-08-25T15:27:25.837647+00:00,Others,Others.epublibre,UP,200,635,,
2026-08-25T15:28:26.772011+00:00,Others,Others.epublibre,UP,200,685,,
2026-08-25T15:29:27.212505+00:00,Others,Others.epublibre,UP,200,595,,
2026-08-25T15:30:27.310086+00:00,Others,Others.epublibre,UP,200,670,,
2026-08-25T15:31:27.408525+00:00,Others,Others.epublibre,UP,200,550,,
2026-08-25T15:32:34.894024+00:00,Others,Others.epublibre,DEGRADED,200,7276,latency_high,
2026-08-25T15:33:28.589657+00:00,Others,Others.epublibre,UP,200,594,,
2026-08-25T15:34:29.072921+00:00,Others,Others.epublibre,UP,200,612,,
2026-08-25T15:35:29.334984+00:00,Others,Others.epublibre,UP,200,575,,
2026-08-25T15:36:29.670471+00:00,Others,Others.epublibre,UP,200,579,,
2026-08-25T15:37:30.468307+00:00,Others,Others.epublibre,UP,200,621,,
2026-08-25T15:38:30.386985+00:00,Others,Others.epublibre,UP,200,553,,
2026-08-25T15:39:30.797657+00:00,Others,Others.epublibre,UP,200,705,,
2026-08-25T15:40:31.389273+00:00,Others,Others.epublibre,UP,200,645,,
2026-08-25T15:41:32.272573+00:00,Others,Others.epublibre,UP,200,566,,
2026-08-25T15:42:32.510223+00:00,Others,Others.epublibre,UP,200,624,,
2026-08-25T15:43:32.081531+00:00,Others,Others.epublibre,UP,200,136,,
2026-08-25T15:44:32.818063+00:00,Others,Others.epublibre,UP,200,597,,
2026-08-25T15:45:33.707465+00:00,Others,Others.epublibre,UP,200,699,,
2026-08-25T15:46:33.952632+00:00,Others,Others.epublibre,UP,200,611,,
2026-08-25T15:47:34.522220+00:00,Others,Others.epublibre,UP,200,627,,
2026-08-25T15:48:34.853588+00:00,Others,Others.epublibre,UP,200,691,,
2026-08-25T15:49:35.701050+00:00,Others,Others.epublibre,UP,200,851,,
2026-08-25T15:50:36.492171+00:00,Others,Others.epublibre,UP,200,615,,
2026-08-25T15:51:36.563411+00:00,Others,Others.epublibre,UP,200,554,,
2026-08-25T15:52:36.374116+00:00,Others,Others.epublibre,UP,200,141,,
2026-08-25T15:53:37.558340+00:00,Others,Others.epublibre,UP,200,774,,
2026-08-25T15:54:37.350680+00:00,Others,Others.epublibre,UP,200,136,,
2026-08-25T15:55:38.487920+00:00,Others,Others.epublibre,UP,200,774,,
2026-08-25T15:56:38.789948+00:00,Others,Others.epublibre,UP,200,688,,
2026-08-25T15:57:39.505996+00:00,Others,Others.epublibre,UP,200,618,,
2026-08-25T15:58:39.844831+00:00,Others,Others.epublibre,UP,200,664,,
2026-08-25T15:59:39.904138+00:00,Others,Others.epublibre,UP,200,569,,
2026-08-25T16:00:40.851902+00:00,Others,Others.epublibre,UP,200,888,,
2026-08-25T16:01:41.592070+00:00,Others,Others.epublibre,UP,200,677,,
2026-08-25T16:02:41.791644+00:00,Others,Others.epublibre,UP,200,590,,
2026-08-25T16:03:42.032430+00:00,Others,Others.epublibre,UP,200,554,,
2026-08-25T16:04:42.633951+00:00,Others,Others.epublibre,UP,200,600,,
2026-08-25T16:05:42.407906+00:00,Others,Others.epublibre,UP,200,276,,
2026-08-25T16:06:43.597583+00:00,Others,Others.epublibre,UP,200,690,,
2026-08-25T16:07:43.749617+00:00,Others,Others.epublibre,UP,200,573,,
2026-08-25T16:08:43.809579+00:00,Others,Others.epublibre,UP,200,625,,
2026-08-25T16:09:44.527256+00:00,Others,Others.epublibre,UP,200,616,,
2026-08-25T16:10:45.028558+00:00,Others,Others.epublibre,UP,200,561,,
2026-08-25T16:11:45.762557+00:00,Others,Others.epublibre,UP,200,693,,
2026-08-25T16:12:46.024142+00:00,Others,Others.epublibre,UP,200,573,,
2026-08-25T16:13:47.054673+00:00,Others,Others.epublibre,UP,200,684,,
2026-08-25T16:14:47.408864+00:00,Others,Others.epublibre,UP,200,677,,
2026-08-25T16:15:47.795639+00:00,Others,Others.epublibre,UP,200,566,,
2026-08-25T16:16:48.414329+00:00,Others,Others.epublibre,UP,200,694,,
2026-08-25T16:17:48.487620+00:00,Others,Others.epublibre,UP,200,577,,
2026-08-25T16:18:49.360787+00:00,Others,Others.epublibre,UP,200,727,,
2026-08-25T16:19:49.586350+00:00,Others,Others.epublibre,UP,200,598,,
2026-08-25T16:20:49.769095+00:00,Others,Others.epublibre,UP,200,560,,
2026-08-25T16:21:49.985254+00:00,Others,Others.epublibre,UP,200,549,,
2026-08-25T16:22:50.442786+00:00,Others,Others.epublibre,UP,200,579,,
2026-08-25T16:23:50.932489+00:00,Others,Others.epublibre,UP,200,587,,
2026-08-25T16:24:51.221012+00:00,Others,Others.epublibre,UP,200,561,,
2026-08-25T16:25:54.341439+00:00,Others,Others.epublibre,DEGRADED,200,3458,latency_high,
2026-08-25T16:26:51.351842+00:00,Others,Others.epublibre,UP,200,140,,
2026-08-25T16:27:52.598974+00:00,Others,Others.epublibre,UP,200,653,,
2026-08-25T16:28:52.813666+00:00,Others,Others.epublibre,UP,200,628,,
2026-08-25T16:29:52.982724+00:00,Others,Others.epublibre,UP,200,580,,
2026-08-25T16:30:53.490217+00:00,Others,Others.epublibre,UP,200,577,,
2026-08-25T16:31:54.146934+00:00,Others,Others.epublibre,UP,200,629,,
2026-08-25T16:32:54.701141+00:00,Others,Others.epublibre,UP,200,573,,
2026-08-25T16:33:55.088799+00:00,Others,Others.epublibre,UP,200,604,,
2026-08-25T16:34:54.938489+00:00,Others,Others.epublibre,UP,200,567,,
2026-08-25T16:35:55.688092+00:00,Others,Others.epublibre,UP,200,629,,
2026-08-25T16:36:56.567488+00:00,Others,Others.epublibre,UP,200,589,,
2026-08-25T16:37:56.546860+00:00,Others,Others.epublibre,UP,200,623,,
2026-08-25T16:38:57.000894+00:00,Others,Others.epublibre,UP,200,546,,
2026-08-25T16:39:57.202537+00:00,Others,Others.epublibre,UP,200,554,,
2026-08-25T16:40:58.036355+00:00,Others,Others.epublibre,UP,200,733,,
2026-08-25T16:41:58.606489+00:00,Others,Others.epublibre,UP,200,590,,
2026-08-25T16:42:59.418630+00:00,Others,Others.epublibre,UP,200,639,,
2026-08-25T16:43:59.408136+00:00,Others,Others.epublibre,UP,200,568,,
2026-08-25T16:44:59.814708+00:00,Others,Others.epublibre,UP,200,642,,
2026-08-25T16:45:59.951057+00:00,Others,Others.epublibre,UP,200,137,,
2026-08-25T16:47:00.751184+00:00,Others,Others.epublibre,UP,200,619,,
2026-08-25T16:48:01.199089+00:00,Others,Others.epublibre,UP,200,643,,
2026-08-25T16:49:02.047223+00:00,Others,Others.epublibre,UP,200,775,,
2026-08-25T16:50:02.589267+00:00,Others,Others.epublibre,UP,200,815,,
2026-08-25T16:51:03.174744+00:00,Others,Others.epublibre,UP,200,561,,
2026-08-25T16:52:03.233273+00:00,Others,Others.epublibre,UP,200,564,,
2026-08-25T16:53:03.336680+00:00,Others,Others.epublibre,UP,200,690,,
2026-08-25T16:54:03.508863+00:00,Others,Others.epublibre,UP,200,140,,
2026-08-25T16:55:04.799737+00:00,Others,Others.epublibre,UP,200,758,,
2026-08-25T16:56:04.847528+00:00,Others,Others.epublibre,UP,200,585,,
2026-08-25T16:57:05.813091+00:00,Others,Others.epublibre,UP,200,137,,
2026-08-25T16:58:05.925347+00:00,Others,Others.epublibre,UP,200,590,,
2026-08-25T16:59:06.003950+00:00,Others,Others.epublibre,UP,200,597,,
2026-08-25T17:00:07.064651+00:00,Others,Others.epublibre,UP,200,812,,
2026-08-25T17:01:07.782136+00:00,Others,Others.epublibre,UP,200,569,,
2026-08-25T17:02:08.225889+00:00,Others,Others.epublibre,UP,200,550,,
2026-08-25T17:03:08.131812+00:00,Others,Others.epublibre,UP,200,143,,
2026-08-25T17:04:08.789832+00:00,Others,Others.epublibre,UP,200,146,,
2026-08-25T17:05:09.439322+00:00,Others,Others.epublibre,UP,200,588,,
2026-08-25T17:06:09.968173+00:00,Others,Others.epublibre,UP,200,567,,
2026-08-25T17:07:09.922129+00:00,Others,Others.epublibre,UP,200,552,,
2026-08-25T17:08:10.763822+00:00,Others,Others.epublibre,UP,200,638,,
2026-08-25T17:09:11.273407+00:00,Others,Others.epublibre,UP,200,611,,
2026-08-25T17:10:11.035078+00:00,Others,Others.epublibre,UP,200,595,,
2026-08-25T17:11:11.102528+00:00,Others,Others.epublibre,UP,200,141,,
2026-08-25T17:12:11.927026+00:00,Others,Others.epublibre,UP,200,571,,
2026-08-25T17:13:12.281468+00:00,Others,Others.epublibre,UP,200,544,,
2026-08-25T17:14:13.382884+00:00,Others,Others.epublibre,UP,200,615,,
2026-08-25T17:15:15.531253+00:00,Others,Others.epublibre,UP,200,2373,,
2026-08-25T17:16:13.996484+00:00,Others,Others.epublibre,UP,200,614,,
2026-08-25T17:17:14.675383+00:00,Others,Others.epublibre,UP,200,1035,,
2026-08-25T17:18:15.197349+00:00,Others,Others.epublibre,UP,200,672,,
2026-08-25T17:19:15.474103+00:00,Others,Others.epublibre,UP,200,626,,
2026-08-25T17:20:15.585275+00:00,Others,Others.epublibre,UP,200,595,,
2026-08-25T17:21:16.278111+00:00,Others,Others.epublibre,UP,200,603,,
2026-08-25T17:22:16.083706+00:00,Others,Others.epublibre,UP,200,139,,
2026-08-25T17:23:17.257321+00:00,Others,Others.epublibre,UP,200,602,,
2026-08-25T17:24:17.074557+00:00,Others,Others.epublibre,UP,200,556,,
2026-08-25T17:25:17.595461+00:00,Others,Others.epublibre,UP,200,578,,
2026-08-25T17:26:18.120683+00:00,Others,Others.epublibre,UP,200,626,,
2026-08-25T17:27:18.005850+00:00,Others,Others.epublibre,UP,200,136,,
2026-08-25T17:28:18.880889+00:00,Others,Others.epublibre,UP,200,600,,
2026-08-25T17:29:19.423168+00:00,Others,Others.epublibre,UP,200,616,,
2026-08-25T17:30:20.451806+00:00,Others,Others.epublibre,UP,200,621,,
2026-08-25T17:31:20.744345+00:00,Others,Others.epublibre,UP,200,593,,
2026-08-25T17:32:21.181419+00:00,Others,Others.epublibre,UP,200,593,,
2026-08-25T17:33:22.154499+00:00,Others,Others.epublibre,UP,200,679,,
2026-08-25T17:34:22.793566+00:00,Others,Others.epublibre,UP,200,659,,
2026-08-25T17:35:22.712756+00:00,Others,Others.epublibre,UP,200,138,,
2026-08-25T17:36:25.494043+00:00,Others,Others.epublibre,UP,200,2732,,
2026-08-25T17:37:24.164233+00:00,Others,Others.epublibre,UP,200,567,,
2026-08-25T17:38:24.637034+00:00,Others,Others.epublibre,UP,200,142,,
2026-08-25T17:39:25.699279+00:00,Others,Others.epublibre,UP,200,606,,
2026-08-25T17:40:31.398221+00:00,Others,Others.epublibre,DEGRADED,200,5834,latency_high,
2026-08-25T17:41:31.343275+00:00,Others,Others.epublibre,DEGRADED,200,5262,latency_high,
2026-08-25T17:42:27.572620+00:00,Others,Others.epublibre,UP,200,591,,
2026-08-25T17:43:27.946814+00:00,Others,Others.epublibre,UP,200,145,,
2026-08-25T17:44:28.843246+00:00,Others,Others.epublibre,UP,200,592,,
2026-08-25T17:45:29.499286+00:00,Others,Others.epublibre,UP,200,575,,
2026-08-25T17:46:29.961863+00:00,Others,Others.epublibre,UP,200,583,,
2026-08-25T17:47:30.743165+00:00,Others,Others.epublibre,UP,200,672,,
2026-08-25T17:48:31.011536+00:00,Others,Others.epublibre,UP,200,576,,
2026-08-25T17:49:31.419400+00:00,Others,Others.epublibre,UP,200,569,,
2026-08-25T17:50:32.448995+00:00,Others,Others.epublibre,UP,200,773,,
2026-08-25T17:51:32.832539+00:00,Others,Others.epublibre,UP,200,573,,
2026-08-25T17:52:33.207780+00:00,Others,Others.epublibre,UP,200,584,,
2026-08-25T17:53:33.718433+00:00,Others,Others.epublibre,UP,200,689,,
2026-08-25T17:54:34.137358+00:00,Others,Others.epublibre,UP,200,607,,
2026-08-25T17:55:35.124261+00:00,Others,Others.epublibre,UP,200,572,,
2026-08-25T17:56:35.099896+00:00,Others,Others.epublibre,UP,200,564,,
2026-08-25T17:57:35.594874+00:00,Others,Others.epublibre,UP,200,585,,
2026-08-25T17:58:36.341127+00:00,Others,Others.epublibre,UP,200,639,,
2026-08-25T17:59:36.414229+00:00,Others,Others.epublibre,UP,200,582,,
2026-08-25T18:00:37.012443+00:00,Others,Others.epublibre,UP,200,574,,
2026-08-25T18:01:38.028114+00:00,Others,Others.epublibre,UP,200,645,,
2026-08-25T18:02:38.411266+00:00,Others,Others.epublibre,UP,200,650,,
2026-08-25T18:03:38.877880+00:00,Others,Others.epublibre,UP,200,577,,
2026-08-25T18:04:39.549526+00:00,Others,Others.epublibre,UP,200,570,,
2026-08-25T18:05:40.113039+00:00,Others,Others.epublibre,UP,200,642,,
2026-08-25T18:06:40.791097+00:00,Others,Others.epublibre,UP,200,648,,
2026-08-25T18:07:40.819740+00:00,Others,Others.epublibre,UP,200,139,,
2026-08-25T18:08:41.414064+00:00,Others,Others.epublibre,UP,200,635,,
2026-08-25T18:09:41.532313+00:00,Others,Others.epublibre,UP,200,141,,
2026-08-25T18:10:43.125136+00:00,Others,Others.epublibre,UP,200,916,,
2026-08-25T18:11:43.590288+00:00,Others,Others.epublibre,UP,200,851,,
2026-08-25T18:12:44.357159+00:00,Others,Others.epublibre,UP,200,880,,
2026-08-25T18:13:44.377718+00:00,Others,Others.epublibre,UP,200,572,,
2026-08-25T18:14:45.066507+00:00,Others,Others.epublibre,UP,200,595,,
2026-08-25T18:15:45.992247+00:00,Others,Others.epublibre,UP,200,810,,
2026-08-25T18:16:46.481132+00:00,Others,Others.epublibre,UP,200,581,,
2026-08-25T18:17:46.729583+00:00,Others,Others.epublibre,UP,200,620,,
2026-08-25T18:18:46.980696+00:00,Others,Others.epublibre,UP,200,600,,
2026-08-25T18:19:53.827048+00:00,Others,Others.epublibre,DEGRADED,200,6811,latency_high,
2026-08-25T18:20:50.220205+00:00,Others,Others.epublibre,UP,200,2880,,
2026-08-25T18:21:48.907443+00:00,Others,Others.epublibre,UP,200,850,,
2026-08-25T18:22:48.720499+00:00,Others,Others.epublibre,UP,200,546,,
2026-08-25T18:23:49.419841+00:00,Others,Others.epublibre,UP,200,563,,
2026-08-25T18:24:49.912449+00:00,Others,Others.epublibre,UP,200,661,,
2026-08-25T18:25:50.565211+00:00,Others,Others.epublibre,UP,200,834,,
2026-08-25T18:26:50.624000+00:00,Others,Others.epublibre,UP,200,653,,
2026-08-25T18:27:50.819000+00:00,Others,Others.epublibre,UP,200,147,,
2026-08-25T18:28:51.548353+00:00,Others,Others.epublibre,UP,200,714,,
2026-08-25T18:29:51.930023+00:00,Others,Others.epublibre,UP,200,588,,
2026-08-25T18:30:52.493249+00:00,Others,Others.epublibre,UP,200,691,,
2026-08-25T18:31:53.677471+00:00,Others,Others.epublibre,UP,200,779,,
2026-08-25T18:32:59.510292+00:00,Others,Others.epublibre,DEGRADED,200,6313,latency_high,
2026-08-25T18:33:53.979880+00:00,Others,Others.epublibre,UP,200,608,,
2026-08-25T18:34:57.289664+00:00,Others,Others.epublibre,DEGRADED,200,3262,latency_high,
2026-08-25T18:35:54.750309+00:00,Others,Others.epublibre,UP,200,583,,
2026-08-25T18:36:55.038092+00:00,Others,Others.epublibre,UP,200,864,,
2026-08-25T18:37:55.996793+00:00,Others,Others.epublibre,UP,200,659,,
2026-08-25T18:38:56.472678+00:00,Others,Others.epublibre,UP,200,661,,
2026-08-25T18:39:56.349734+00:00,Others,Others.epublibre,UP,200,570,,
2026-08-25T18:40:57.071292+00:00,Others,Others.epublibre,UP,200,665,,
2026-08-25T18:41:57.028769+00:00,Others,Others.epublibre,UP,200,142,,
2026-08-25T18:42:57.428936+00:00,Others,Others.epublibre,UP,200,608,,
2026-08-25T18:43:57.573432+00:00,Others,Others.epublibre,UP,200,683,,
2026-08-25T18:44:57.438113+00:00,Others,Others.epublibre,UP,200,132,,
2026-08-25T18:45:58.162888+00:00,Others,Others.epublibre,UP,200,658,,
2026-08-25T18:46:59.233645+00:00,Others,Others.epublibre,UP,200,730,,
2026-08-25T18:47:59.601103+00:00,Others,Others.epublibre,UP,200,745,,
2026-08-25T18:49:00.266159+00:00,Others,Others.epublibre,UP,200,807,,
2026-08-25T18:50:00.482535+00:00,Others,Others.epublibre,UP,200,629,,
2026-08-25T18:51:01.370411+00:00,Others,Others.epublibre,UP,200,749,,
2026-08-25T18:52:02.348507+00:00,Others,Others.epublibre,UP,200,895,,
2026-08-25T18:53:03.065180+00:00,Others,Others.epublibre,UP,200,616,,
2026-08-25T18:54:03.126525+00:00,Others,Others.epublibre,UP,200,708,,
2026-08-25T18:55:03.515473+00:00,Others,Others.epublibre,UP,200,164,,
2026-08-25T18:56:04.052294+00:00,Others,Others.epublibre,UP,200,571,,
2026-08-25T18:57:04.083164+00:00,Others,Others.epublibre,UP,200,561,,
2026-08-25T18:58:03.978725+00:00,Others,Others.epublibre,UP,200,755,,
2026-08-25T18:59:04.788567+00:00,Others,Others.epublibre,UP,200,640,,
2026-08-25T19:00:05.916111+00:00,Others,Others.epublibre,UP,200,731,,
2026-08-25T19:01:06.322539+00:00,Others,Others.epublibre,UP,200,853,,
2026-08-25T19:02:07.157449+00:00,Others,Others.epublibre,UP,200,1035,,
2026-08-25T19:03:07.800880+00:00,Others,Others.epublibre,UP,200,1060,,
2026-08-25T19:04:07.744288+00:00,Others,Others.epublibre,UP,200,887,,
2026-08-25T19:05:07.988722+00:00,Others,Others.epublibre,UP,200,667,,
2026-08-25T19:06:07.995957+00:00,Others,Others.epublibre,UP,200,166,,
2026-08-25T19:07:08.829821+00:00,Others,Others.epublibre,UP,200,704,,
2026-08-25T19:08:09.515936+00:00,Others,Others.epublibre,UP,200,915,,
2026-08-25T19:09:09.486761+00:00,Others,Others.epublibre,UP,200,703,,
2026-08-25T19:10:09.914166+00:00,Others,Others.epublibre,UP,200,721,,
2026-08-25T19:11:10.807826+00:00,Others,Others.epublibre,UP,200,682,,
2026-08-25T19:12:11.352111+00:00,Others,Others.epublibre,UP,200,752,,
2026-08-25T19:13:11.466662+00:00,Others,Others.epublibre,UP,200,728,,
2026-08-25T19:14:12.474387+00:00,Others,Others.epublibre,UP,200,712,,
2026-08-25T19:15:12.673912+00:00,Others,Others.epublibre,UP,200,630,,
2026-08-25T19:16:12.679623+00:00,Others,Others.epublibre,UP,200,182,,
2026-08-25T19:17:13.087722+00:00,Others,Others.epublibre,UP,200,220,,
2026-08-25T19:18:14.430649+00:00,Others,Others.epublibre,UP,200,960,,
2026-08-25T19:19:14.492695+00:00,Others,Others.epublibre,UP,200,572,,
2026-08-25T19:20:15.398750+00:00,Others,Others.epublibre,UP,200,991,,
2026-08-25T19:21:14.721970+00:00,Others,Others.epublibre,UP,200,135,,
2026-08-25T19:22:16.380771+00:00,Others,Others.epublibre,UP,200,717,,
2026-08-25T19:23:16.545342+00:00,Others,Others.epublibre,UP,200,580,,
2026-08-25T19:24:16.899168+00:00,Others,Others.epublibre,UP,200,598,,
2026-08-25T19:25:17.200678+00:00,Others,Others.epublibre,UP,200,575,,
2026-08-25T19:26:17.525808+00:00,Others,Others.epublibre,UP,200,145,,
2026-08-25T19:27:18.281098+00:00,Others,Others.epublibre,UP,200,547,,
2026-08-25T19:28:18.943811+00:00,Others,Others.epublibre,UP,200,681,,
2026-08-25T19:29:19.180312+00:00,Others,Others.epublibre,UP,200,562,,
2026-08-25T19:30:19.810967+00:00,Others,Others.epublibre,UP,200,723,,
2026-08-25T19:31:19.923123+00:00,Others,Others.epublibre,UP,200,141,,
2026-08-25T19:32:20.712221+00:00,Others,Others.epublibre,UP,200,572,,
2026-08-25T19:33:24.015312+00:00,Others,Others.epublibre,DEGRADED,200,3366,latency_high,
2026-08-25T19:34:21.826647+00:00,Others,Others.epublibre,UP,200,593,,
2026-08-25T19:35:22.175907+00:00,Others,Others.epublibre,UP,200,568,,
2026-08-25T19:36:22.677562+00:00,Others,Others.epublibre,UP,200,684,,
2026-08-25T19:37:23.269167+00:00,Others,Others.epublibre,UP,200,562,,
2026-08-25T19:38:23.347464+00:00,Others,Others.epublibre,UP,200,574,,
2026-08-25T19:39:23.815005+00:00,Others,Others.epublibre,UP,200,170,,
2026-08-25T19:40:24.535474+00:00,Others,Others.epublibre,UP,200,584,,
2026-08-25T19:41:24.985247+00:00,Others,Others.epublibre,UP,200,615,,
2026-08-25T19:42:25.779942+00:00,Others,Others.epublibre,UP,200,576,,
2026-08-25T19:43:26.231481+00:00,Others,Others.epublibre,UP,200,717,,
2026-08-25T19:44:27.165921+00:00,Others,Others.epublibre,UP,200,771,,
2026-08-25T19:45:27.543407+00:00,Others,Others.epublibre,UP,200,653,,
2026-08-25T19:46:27.867126+00:00,Others,Others.epublibre,UP,200,688,,
2026-08-25T19:47:28.286202+00:00,Others,Others.epublibre,UP,200,592,,
2026-08-25T19:48:28.931540+00:00,Others,Others.epublibre,UP,200,833,,
2026-08-25T19:49:29.360332+00:00,Others,Others.epublibre,UP,200,660,,
2026-08-25T19:50:29.923709+00:00,Others,Others.epublibre,UP,200,612,,
2026-08-25T19:51:30.583054+00:00,Others,Others.epublibre,UP,200,598,,
2026-08-25T19:52:31.177104+00:00,Others,Others.epublibre,UP,200,585,,
2026-08-25T19:53:31.877835+00:00,Others,Others.epublibre,UP,200,571,,
2026-08-25T19:54:32.177293+00:00,Others,Others.epublibre,UP,200,698,,
2026-08-25T19:55:32.341281+00:00,Others,Others.epublibre,UP,200,560,,
2026-08-25T19:56:32.884849+00:00,Others,Others.epublibre,UP,200,568,,
2026-08-25T19:57:33.639160+00:00,Others,Others.epublibre,UP,200,577,,
2026-08-25T19:58:34.602289+00:00,Others,Others.epublibre,UP,200,558,,
2026-08-25T19:59:34.225089+00:00,Others,Others.epublibre,UP,200,557,,
2026-08-25T20:00:35.894198+00:00,Others,Others.epublibre,UP,200,870,,
2026-08-25T20:01:35.613238+00:00,Others,Others.epublibre,UP,200,157,,
2026-08-25T20:02:36.664148+00:00,Others,Others.epublibre,UP,200,703,,
2026-08-25T20:03:36.920675+00:00,Others,Others.epublibre,UP,200,717,,
2026-08-25T20:04:37.115344+00:00,Others,Others.epublibre,UP,200,186,,
2026-08-25T20:05:38.535448+00:00,Others,Others.epublibre,UP,200,983,,
2026-08-25T20:06:38.246917+00:00,Others,Others.epublibre,UP,200,589,,
2026-08-25T20:07:38.295347+00:00,Others,Others.epublibre,UP,200,139,,
2026-08-25T20:08:39.492093+00:00,Others,Others.epublibre,UP,200,630,,
2026-08-25T20:09:40.220831+00:00,Others,Others.epublibre,UP,200,558,,
2026-08-25T20:10:40.142353+00:00,Others,Others.epublibre,UP,200,132,,
2026-08-25T20:11:40.955018+00:00,Others,Others.epublibre,UP,200,576,,
2026-08-25T20:12:41.605037+00:00,Others,Others.epublibre,UP,200,634,,
2026-08-25T20:13:41.895967+00:00,Others,Others.epublibre,UP,200,596,,
2026-08-25T20:14:47.669909+00:00,Others,Others.epublibre,DEGRADED,200,5796,latency_high,
2026-08-25T20:15:43.099521+00:00,Others,Others.epublibre,UP,200,573,,
2026-08-25T20:16:43.377189+00:00,Others,Others.epublibre,UP,200,618,,
2026-08-25T20:17:44.119904+00:00,Others,Others.epublibre,UP,200,640,,
2026-08-25T20:18:44.167479+00:00,Others,Others.epublibre,UP,200,570,,
2026-08-25T20:19:44.858704+00:00,Others,Others.epublibre,UP,200,563,,
2026-08-25T20:20:45.921796+00:00,Others,Others.epublibre,UP,200,653,,
2026-08-25T20:21:46.034829+00:00,Others,Others.epublibre,UP,200,136,,
2026-08-25T20:22:46.849743+00:00,Others,Others.epublibre,UP,200,582,,
2026-08-25T20:23:47.197934+00:00,Others,Others.epublibre,UP,200,576,,
2026-08-25T20:24:47.895732+00:00,Others,Others.epublibre,UP,200,638,,
2026-08-25T20:25:48.181793+00:00,Others,Others.epublibre,UP,200,582,,
2026-08-25T20:26:48.918822+00:00,Others,Others.epublibre,UP,200,599,,
2026-08-25T20:27:49.827140+00:00,Others,Others.epublibre,UP,200,549,,
2026-08-25T20:28:50.243543+00:00,Others,Others.epublibre,UP,200,593,,
2026-08-25T20:29:50.205804+00:00,Others,Others.epublibre,UP,200,606,,
2026-08-25T20:30:51.364454+00:00,Others,Others.epublibre,UP,200,654,,
2026-08-25T20:31:51.746253+00:00,Others,Others.epublibre,UP,200,589,,
2026-08-25T20:32:52.128975+00:00,Others,Others.epublibre,UP,200,546,,
2026-08-25T20:33:52.253345+00:00,Others,Others.epublibre,UP,200,555,,
2026-08-25T20:34:53.089611+00:00,Others,Others.epublibre,UP,200,645,,
2026-08-25T20:35:53.378815+00:00,Others,Others.epublibre,UP,200,589,,
2026-08-25T20:36:54.157010+00:00,Others,Others.epublibre,UP,200,535,,
2026-08-25T20:37:54.538718+00:00,Others,Others.epublibre,UP,200,666,,
2026-08-25T20:38:54.364795+00:00,Others,Others.epublibre,UP,200,142,,
2026-08-25T20:39:55.474231+00:00,Others,Others.epublibre,UP,200,611,,
2026-08-25T20:40:55.677559+00:00,Others,Others.epublibre,UP,200,572,,
2026-08-25T20:41:56.215320+00:00,Others,Others.epublibre,UP,200,566,,
2026-08-25T20:42:56.620054+00:00,Others,Others.epublibre,UP,200,572,,
2026-08-25T20:43:57.159726+00:00,Others,Others.epublibre,UP,200,599,,
2026-08-25T20:44:57.287156+00:00,Others,Others.epublibre,UP,200,570,,
2026-08-25T20:45:58.072963+00:00,Others,Others.epublibre,UP,200,553,,
2026-08-25T20:46:58.390358+00:00,Others,Others.epublibre,UP,200,641,,
2026-08-25T20:47:58.794845+00:00,Others,Others.epublibre,UP,200,587,,
2026-08-25T20:48:59.399551+00:00,Others,Others.epublibre,UP,200,564,,
2026-08-25T20:50:00.006494+00:00,Others,Others.epublibre,UP,200,566,,
2026-08-25T20:51:00.470029+00:00,Others,Others.epublibre,UP,200,659,,
2026-08-25T20:52:01.043934+00:00,Others,Others.epublibre,UP,200,600,,
2026-08-25T20:53:01.278196+00:00,Others,Others.epublibre,UP,200,571,,
2026-08-25T20:54:02.222913+00:00,Others,Others.epublibre,UP,200,670,,
2026-08-25T20:55:02.989379+00:00,Others,Others.epublibre,UP,200,732,,
2026-08-25T20:56:02.993299+00:00,Others,Others.epublibre,UP,200,170,,
2026-08-25T20:57:03.839155+00:00,Others,Others.epublibre,UP,200,642,,
2026-08-25T20:58:04.070892+00:00,Others,Others.epublibre,UP,200,152,,
2026-08-25T20:59:05.077968+00:00,Others,Others.epublibre,UP,200,557,,
2026-08-25T21:00:05.410704+00:00,Others,Others.epublibre,UP,200,145,,
2026-08-25T21:01:06.306112+00:00,Others,Others.epublibre,UP,200,566,,
2026-08-25T21:02:07.098942+00:00,Others,Others.epublibre,UP,200,683,,
2026-08-25T21:03:07.224074+00:00,Others,Others.epublibre,UP,200,562,,
2026-08-25T21:04:07.878992+00:00,Others,Others.epublibre,UP,200,597,,
2026-08-25T21:05:08.228306+00:00,Others,Others.epublibre,UP,200,629,,
2026-08-25T21:06:08.867769+00:00,Others,Others.epublibre,UP,200,735,,
2026-08-25T21:07:09.642396+00:00,Others,Others.epublibre,UP,200,565,,
2026-08-25T21:08:09.905681+00:00,Others,Others.epublibre,UP,200,557,,
2026-08-25T21:09:11.133376+00:00,Others,Others.epublibre,UP,200,554,,
2026-08-25T21:10:13.449704+00:00,Others,Others.epublibre,UP,200,1824,,
2026-08-25T21:11:12.955695+00:00,Others,Others.epublibre,UP,200,548,,
2026-08-25T21:12:12.549936+00:00,Others,Others.epublibre,UP,200,136,,
2026-08-25T21:13:13.021341+00:00,Others,Others.epublibre,UP,200,134,,
2026-08-25T21:14:19.844206+00:00,Others,Others.epublibre,DEGRADED,200,6600,latency_high,
2026-08-25T21:15:14.154585+00:00,Others,Others.epublibre,UP,200,599,,
2026-08-25T21:16:15.285014+00:00,Others,Others.epublibre,UP,200,706,,
2026-08-25T21:17:15.442374+00:00,Others,Others.epublibre,UP,200,574,,
2026-08-25T21:18:15.923250+00:00,Others,Others.epublibre,UP,200,568,,
2026-08-25T21:19:16.728152+00:00,Others,Others.epublibre,UP,200,620,,
2026-08-25T21:20:17.110704+00:00,Others,Others.epublibre,UP,200,568,,
2026-08-25T21:21:17.779447+00:00,Others,Others.epublibre,UP,200,598,,
2026-08-25T21:22:18.124457+00:00,Others,Others.epublibre,UP,200,568,,
2026-08-25T21:23:18.772306+00:00,Others,Others.epublibre,UP,200,563,,
2026-08-25T21:24:19.315965+00:00,Others,Others.epublibre,UP,200,546,,
2026-08-25T21:25:19.128071+00:00,Others,Others.epublibre,UP,200,136,,
2026-08-25T21:26:19.837397+00:00,Others,Others.epublibre,UP,200,579,,
2026-08-25T21:27:20.706640+00:00,Others,Others.epublibre,UP,200,635,,
2026-08-25T21:28:20.780188+00:00,Others,Others.epublibre,UP,200,565,,
2026-08-25T21:29:21.354760+00:00,Others,Others.epublibre,UP,200,578,,
2026-08-25T21:30:21.548486+00:00,Others,Others.epublibre,UP,200,615,,
2026-08-25T21:31:22.477959+00:00,Others,Others.epublibre,UP,200,678,,
2026-08-25T21:32:22.785168+00:00,Others,Others.epublibre,UP,200,564,,
2026-08-25T21:33:23.079033+00:00,Others,Others.epublibre,UP,200,584,,
2026-08-25T21:34:23.814266+00:00,Others,Others.epublibre,UP,200,571,,
2026-08-25T21:35:23.962999+00:00,Others,Others.epublibre,UP,200,597,,
2026-08-25T21:36:24.789963+00:00,Others,Others.epublibre,UP,200,695,,
2026-08-25T21:37:25.575251+00:00,Others,Others.epublibre,UP,200,603,,
2026-08-25T21:38:25.512755+00:00,Others,Others.epublibre,UP,200,599,,
2026-08-25T21:39:25.736633+00:00,Others,Others.epublibre,UP,200,646,,
2026-08-25T21:40:26.955992+00:00,Others,Others.epublibre,UP,200,711,,
2026-08-25T21:41:27.432348+00:00,Others,Others.epublibre,UP,200,603,,
2026-08-25T21:42:28.270406+00:00,Others,Others.epublibre,UP,200,557,,
2026-08-25T21:43:28.779053+00:00,Others,Others.epublibre,UP,200,587,,
2026-08-25T21:44:29.203325+00:00,Others,Others.epublibre,UP,200,610,,
2026-08-25T21:45:29.924364+00:00,Others,Others.epublibre,UP,200,570,,
2026-08-25T21:46:30.559730+00:00,Others,Others.epublibre,UP,200,586,,
2026-08-25T21:47:30.903964+00:00,Others,Others.epublibre,UP,200,577,,
2026-08-25T21:49:11.659829+00:00,Others,Others.epublibre,UP,200,683,,
2026-08-25T21:50:11.953479+00:00,Others,Others.epublibre,UP,200,134,,
2026-08-25T21:51:12.878381+00:00,Others,Others.epublibre,UP,200,638,,
2026-08-25T21:52:13.391893+00:00,Others,Others.epublibre,UP,200,592,,
2026-08-25T21:53:13.522718+00:00,Others,Others.epublibre,UP,200,571,,
2026-08-25T21:54:14.068491+00:00,Others,Others.epublibre,UP,200,577,,
2026-08-25T21:55:14.451809+00:00,Others,Others.epublibre,UP,200,548,,
2026-08-25T21:56:15.283638+00:00,Others,Others.epublibre,UP,200,660,,
2026-08-25T21:57:15.842791+00:00,Others,Others.epublibre,UP,200,577,,
2026-08-25T21:58:16.341422+00:00,Others,Others.epublibre,UP,200,593,,
2026-08-25T21:59:17.059644+00:00,Others,Others.epublibre,UP,200,623,,
2026-08-25T22:00:17.159201+00:00,Others,Others.epublibre,UP,200,548,,
2026-08-25T22:01:18.234149+00:00,Others,Others.epublibre,UP,200,614,,
2026-08-25T22:02:18.722210+00:00,Others,Others.epublibre,UP,200,584,,
2026-08-25T22:03:19.121726+00:00,Others,Others.epublibre,UP,200,547,,
2026-08-25T22:04:19.680921+00:00,Others,Others.epublibre,UP,200,585,,
2026-08-25T22:05:20.601103+00:00,Others,Others.epublibre,UP,200,140,,
2026-08-25T22:06:21.049883+00:00,Others,Others.epublibre,UP,200,550,,
2026-08-25T22:07:21.547475+00:00,Others,Others.epublibre,UP,200,581,,
2026-08-25T22:08:22.091453+00:00,Others,Others.epublibre,UP,200,578,,
2026-08-25T22:09:22.443745+00:00,Others,Others.epublibre,UP,200,580,,
2026-08-25T22:10:22.834542+00:00,Others,Others.epublibre,UP,200,558,,
2026-08-25T22:11:23.406075+00:00,Others,Others.epublibre,UP,200,565,,
2026-08-25T22:12:24.191488+00:00,Others,Others.epublibre,UP,200,629,,
2026-08-25T22:13:24.846157+00:00,Others,Others.epublibre,UP,200,598,,
2026-08-25T22:14:25.074298+00:00,Others,Others.epublibre,UP,200,566,,
2026-08-25T22:15:25.880664+00:00,Others,Others.epublibre,UP,200,647,,
2026-08-25T22:16:26.580605+00:00,Others,Others.epublibre,UP,200,583,,
2026-08-25T22:17:26.039239+00:00,Others,Others.epublibre,UP,200,134,,
2026-08-25T22:18:27.085070+00:00,Others,Others.epublibre,UP,200,607,,
2026-08-25T22:19:27.848413+00:00,Others,Others.epublibre,UP,200,542,,
2026-08-25T22:20:28.672224+00:00,Others,Others.epublibre,UP,200,689,,
2026-08-25T22:21:29.498161+00:00,Others,Others.epublibre,UP,200,557,,
2026-08-25T22:22:29.706523+00:00,Others,Others.epublibre,UP,200,135,,
2026-08-25T22:23:30.454047+00:00,Others,Others.epublibre,UP,200,605,,
2026-08-25T22:24:31.597435+00:00,Others,Others.epublibre,UP,200,655,,
2026-08-25T22:25:31.580922+00:00,Others,Others.epublibre,UP,200,556,,
2026-08-25T22:26:32.181338+00:00,Others,Others.epublibre,UP,200,574,,
2026-08-25T22:27:32.858481+00:00,Others,Others.epublibre,UP,200,600,,
2026-08-25T22:28:33.553537+00:00,Others,Others.epublibre,UP,200,619,,
2026-08-25T22:29:33.783753+00:00,Others,Others.epublibre,UP,200,140,,
2026-08-25T22:30:34.687469+00:00,Others,Others.epublibre,UP,200,137,,
2026-08-25T22:31:35.151569+00:00,Others,Others.epublibre,UP,200,557,,
2026-08-25T22:32:36.162402+00:00,Others,Others.epublibre,UP,200,647,,
2026-08-25T22:33:36.085139+00:00,Others,Others.epublibre,UP,200,140,,
2026-08-25T22:34:37.173124+00:00,Others,Others.epublibre,UP,200,551,,
2026-08-25T22:35:37.278497+00:00,Others,Others.epublibre,UP,200,571,,
2026-08-25T22:36:38.243337+00:00,Others,Others.epublibre,UP,200,618,,
2026-08-25T22:37:38.527373+00:00,Others,Others.epublibre,UP,200,539,,
2026-08-25T22:38:38.552089+00:00,Others,Others.epublibre,UP,200,136,,
2026-08-25T22:39:39.319133+00:00,Others,Others.epublibre,UP,200,556,,
2026-08-25T22:40:40.024577+00:00,Others,Others.epublibre,UP,200,601,,
2026-08-25T22:41:40.748212+00:00,Others,Others.epublibre,UP,200,539,,
2026-08-25T22:42:41.059131+00:00,Others,Others.epublibre,UP,200,553,,
2026-08-25T22:43:41.004576+00:00,Others,Others.epublibre,UP,200,137,,
2026-08-25T22:44:42.184631+00:00,Others,Others.epublibre,UP,200,609,,
2026-08-25T22:45:42.502961+00:00,Others,Others.epublibre,UP,200,582,,
2026-08-25T22:46:42.913251+00:00,Others,Others.epublibre,UP,200,556,,
2026-08-25T22:47:42.857462+00:00,Others,Others.epublibre,UP,200,136,,
2026-08-25T22:48:43.987169+00:00,Others,Others.epublibre,UP,200,663,,
2026-08-25T22:49:44.228335+00:00,Others,Others.epublibre,UP,200,582,,
2026-08-25T22:50:44.926319+00:00,Others,Others.epublibre,UP,200,542,,
2026-08-25T22:51:45.111555+00:00,Others,Others.epublibre,UP,200,540,,
2026-08-25T22:52:45.382622+00:00,Others,Others.epublibre,UP,200,135,,
2026-08-25T22:53:46.317762+00:00,Others,Others.epublibre,UP,200,624,,
2026-08-25T22:54:46.722836+00:00,Others,Others.epublibre,UP,200,560,,
2026-08-25T22:55:47.138067+00:00,Others,Others.epublibre,UP,200,570,,
2026-08-25T22:56:47.894676+00:00,Others,Others.epublibre,UP,200,585,,
2026-08-25T22:57:48.427029+00:00,Others,Others.epublibre,UP,200,599,,
2026-08-25T22:58:48.417485+00:00,Others,Others.epublibre,UP,200,133,,
2026-08-25T22:59:49.063141+00:00,Others,Others.epublibre,UP,200,575,,
2026-08-25T23:00:49.796788+00:00,Others,Others.epublibre,UP,200,577,,
2026-08-25T23:01:50.261076+00:00,Others,Others.epublibre,UP,200,544,,
2026-08-25T23:02:50.633374+00:00,Others,Others.epublibre,UP,200,606,,
2026-08-25T23:03:51.434433+00:00,Others,Others.epublibre,UP,200,578,,
2026-08-25T23:04:51.440587+00:00,Others,Others.epublibre,UP,200,549,,
2026-08-25T23:05:51.746562+00:00,Others,Others.epublibre,UP,200,136,,
2026-08-25T23:06:52.105182+00:00,Others,Others.epublibre,UP,200,140,,
2026-08-25T23:07:53.026380+00:00,Others,Others.epublibre,UP,200,586,,
2026-08-25T23:08:53.308543+00:00,Others,Others.epublibre,UP,200,559,,
2026-08-25T23:09:54.199466+00:00,Others,Others.epublibre,UP,200,666,,
2026-08-25T23:10:54.609427+00:00,Others,Others.epublibre,UP,200,541,,
2026-08-25T23:11:55.083646+00:00,Others,Others.epublibre,UP,200,546,,
2026-08-25T23:12:55.097053+00:00,Others,Others.epublibre,UP,200,553,,
2026-08-25T23:13:55.936966+00:00,Others,Others.epublibre,UP,200,615,,
2026-08-25T23:14:56.315753+00:00,Others,Others.epublibre,UP,200,537,,
2026-08-25T23:15:56.822972+00:00,Others,Others.epublibre,UP,200,552,,
2026-08-25T23:16:56.877577+00:00,Others,Others.epublibre,UP,200,566,,
2026-08-25T23:17:57.320579+00:00,Others,Others.epublibre,UP,200,146,,
2026-08-25T23:18:58.117235+00:00,Others,Others.epublibre,UP,200,561,,
2026-08-25T23:19:58.750193+00:00,Others,Others.epublibre,UP,200,567,,
2026-08-25T23:20:59.519582+00:00,Others,Others.epublibre,UP,200,582,,
2026-08-25T23:21:59.856991+00:00,Others,Others.epublibre,UP,200,135,,
2026-08-25T23:23:01.030598+00:00,Others,Others.epublibre,UP,200,611,,
2026-08-25T23:24:01.419072+00:00,Others,Others.epublibre,UP,200,595,,
2026-08-25T23:25:01.595896+00:00,Others,Others.epublibre,UP,200,679,,
2026-08-25T23:26:01.555408+00:00,Others,Others.epublibre,UP,200,596,,
2026-08-25T23:27:02.832990+00:00,Others,Others.epublibre,UP,200,648,,
2026-08-25T23:28:03.039384+00:00,Others,Others.epublibre,UP,200,559,,
2026-08-25T23:29:03.955901+00:00,Others,Others.epublibre,UP,200,546,,
2026-08-25T23:30:04.768359+00:00,Others,Others.epublibre,UP,200,795,,
2026-08-25T23:31:04.725710+00:00,Others,Others.epublibre,UP,200,661,,
2026-08-25T23:32:04.710572+00:00,Others,Others.epublibre,UP,200,137,,
2026-08-25T23:33:05.157330+00:00,Others,Others.epublibre,UP,200,135,,
2026-08-25T23:34:05.673190+00:00,Others,Others.epublibre,UP,200,586,,
2026-08-25T23:35:06.580500+00:00,Others,Others.epublibre,UP,200,674,,
2026-08-25T23:36:06.886070+00:00,Others,Others.epublibre,UP,200,572,,
2026-08-25T23:37:07.256628+00:00,Others,Others.epublibre,UP,200,568,,
2026-08-25T23:38:07.320002+00:00,Others,Others.epublibre,UP,200,142,,
2026-08-25T23:39:08.245073+00:00,Others,Others.epublibre,UP,200,602,,
2026-08-25T23:40:08.816997+00:00,Others,Others.epublibre,UP,200,625,,
2026-08-25T23:41:09.284723+00:00,Others,Others.epublibre,UP,200,561,,
2026-08-25T23:42:09.586474+00:00,Others,Others.epublibre,UP,200,548,,
2026-08-25T23:43:09.941004+00:00,Others,Others.epublibre,UP,200,601,,
2026-08-25T23:44:10.941427+00:00,Others,Others.epublibre,UP,200,632,,
2026-08-25T23:45:11.490716+00:00,Others,Others.epublibre,UP,200,569,,
2026-08-25T23:46:11.850040+00:00,Others,Others.epublibre,UP,200,590,,
2026-08-25T23:47:11.967718+00:00,Others,Others.epublibre,UP,200,582,,
2026-08-25T23:48:12.642700+00:00,Others,Others.epublibre,UP,200,617,,
2026-08-25T23:49:12.646512+00:00,Others,Others.epublibre,UP,200,565,,
2026-08-25T23:50:13.410111+00:00,Others,Others.epublibre,UP,200,577,,
2026-08-25T23:51:13.671800+00:00,Others,Others.epublibre,UP,200,584,,
2026-08-25T23:52:14.318998+00:00,Others,Others.epublibre,UP,200,625,,
2026-08-25T23:53:14.882853+00:00,Others,Others.epublibre,UP,200,553,,
2026-08-25T23:54:15.335699+00:00,Others,Others.epublibre,UP,200,562,,
2026-08-25T23:55:15.774195+00:00,Others,Others.epublibre,UP,200,555,,
2026-08-25T23:56:16.350506+00:00,Others,Others.epublibre,UP,200,574,,
2026-08-25T23:57:16.866962+00:00,Others,Others.epublibre,UP,200,538,,
2026-08-25T23:58:17.056029+00:00,Others,Others.epublibre,UP,200,584,,
2026-08-25T23:59:17.250831+00:00,Others,Others.epublibre,UP,200,561,,
2026-08-26T00:00:18.787948+00:00,Others,Others.epublibre,UP,200,831,,
2026-08-26T00:01:19.118229+00:00,Others,Others.epublibre,UP,200,551,,
2026-08-26T00:02:19.288152+00:00,Others,Others.epublibre,UP,200,576,,
2026-08-26T00:03:19.339627+00:00,Others,Others.epublibre,UP,200,534,,
2026-08-26T00:04:20.014609+00:00,Others,Others.epublibre,UP,200,132,,
2026-08-26T00:05:20.880643+00:00,Others,Others.epublibre,UP,200,602,,
2026-08-26T00:06:21.164531+00:00,Others,Others.epublibre,UP,200,600,,
2026-08-26T00:07:21.862372+00:00,Others,Others.epublibre,UP,200,590,,
2026-08-26T00:08:22.464916+00:00,Others,Others.epublibre,UP,200,614,,
2026-08-26T00:09:22.699480+00:00,Others,Others.epublibre,UP,200,582,,
2026-08-26T00:10:23.226907+00:00,Others,Others.epublibre,UP,200,563,,
2026-08-26T00:11:23.321875+00:00,Others,Others.epublibre,UP,200,592,,
2026-08-26T00:12:24.686373+00:00,Others,Others.epublibre,UP,200,730,,
2026-08-26T00:13:25.297751+00:00,Others,Others.epublibre,UP,200,577,,
2026-08-26T00:14:25.506249+00:00,Others,Others.epublibre,UP,200,548,,
2026-08-26T00:15:26.075871+00:00,Others,Others.epublibre,UP,200,569,,
2026-08-26T00:16:27.128140+00:00,Others,Others.epublibre,UP,200,690,,
2026-08-26T00:17:27.724317+00:00,Others,Others.epublibre,UP,200,540,,
2026-08-26T00:18:28.172299+00:00,Others,Others.epublibre,UP,200,555,,
2026-08-26T00:19:28.801756+00:00,Others,Others.epublibre,UP,200,555,,
2026-08-26T00:20:29.589691+00:00,Others,Others.epublibre,UP,200,630,,
2026-08-26T00:21:29.311129+00:00,Others,Others.epublibre,UP,200,543,,
2026-08-26T00:22:30.288317+00:00,Others,Others.epublibre,UP,200,624,,
2026-08-26T00:23:30.766743+00:00,Others,Others.epublibre,UP,200,648,,
2026-08-26T00:24:31.437120+00:00,Others,Others.epublibre,UP,200,553,,
2026-08-26T00:25:32.104388+00:00,Others,Others.epublibre,UP,200,583,,
2026-08-26T00:26:32.550678+00:00,Others,Others.epublibre,UP,200,587,,
2026-08-26T00:27:32.614524+00:00,Others,Others.epublibre,UP,200,546,,
2026-08-26T00:28:33.014701+00:00,Others,Others.epublibre,UP,200,585,,
2026-08-26T00:29:33.271967+00:00,Others,Others.epublibre,UP,200,570,,
2026-08-26T00:30:34.203555+00:00,Others,Others.epublibre,UP,200,137,,
2026-08-26T00:31:35.062885+00:00,Others,Others.epublibre,UP,200,547,,
2026-08-26T00:32:35.356411+00:00,Others,Others.epublibre,UP,200,543,,
2026-08-26T00:33:36.068984+00:00,Others,Others.epublibre,UP,200,561,,
2026-08-26T00:34:36.999637+00:00,Others,Others.epublibre,UP,200,619,,
2026-08-26T00:35:37.807841+00:00,Others,Others.epublibre,UP,200,559,,
2026-08-26T00:36:37.743260+00:00,Others,Others.epublibre,UP,200,137,,
2026-08-26T00:37:38.760016+00:00,Others,Others.epublibre,UP,200,650,,
2026-08-26T00:38:39.347660+00:00,Others,Others.epublibre,UP,200,610,,
2026-08-26T00:39:39.865990+00:00,Others,Others.epublibre,UP,200,568,,
2026-08-26T00:40:40.380246+00:00,Others,Others.epublibre,UP,200,556,,
2026-08-26T00:41:40.167482+00:00,Others,Others.epublibre,UP,200,133,,
2026-08-26T00:42:41.465789+00:00,Others,Others.epublibre,UP,200,632,,
2026-08-26T00:43:41.420125+00:00,Others,Others.epublibre,UP,200,137,,
2026-08-26T00:44:42.335409+00:00,Others,Others.epublibre,UP,200,693,,
2026-08-26T00:45:42.239830+00:00,Others,Others.epublibre,UP,200,576,,
2026-08-26T00:46:42.984846+00:00,Others,Others.epublibre,UP,200,572,,
2026-08-26T00:47:43.983111+00:00,Others,Others.epublibre,UP,200,688,,
2026-08-26T00:48:44.802994+00:00,Others,Others.epublibre,UP,200,687,,
2026-08-26T00:49:44.926353+00:00,Others,Others.epublibre,UP,200,540,,
2026-08-26T00:50:45.100360+00:00,Others,Others.epublibre,UP,200,566,,
2026-08-26T00:51:45.641407+00:00,Others,Others.epublibre,UP,200,594,,
2026-08-26T00:52:46.480731+00:00,Others,Others.epublibre,UP,200,651,,
2026-08-26T00:53:46.850217+00:00,Others,Others.epublibre,UP,200,597,,
2026-08-26T00:54:47.231105+00:00,Others,Others.epublibre,UP,200,557,,
2026-08-26T00:55:47.191122+00:00,Others,Others.epublibre,UP,200,133,,
2026-08-26T00:56:48.290355+00:00,Others,Others.epublibre,UP,200,585,,
2026-08-26T00:57:48.706706+00:00,Others,Others.epublibre,UP,200,556,,
2026-08-26T00:58:48.971424+00:00,Others,Others.epublibre,UP,200,136,,
2026-08-26T00:59:49.562989+00:00,Others,Others.epublibre,UP,200,548,,
2026-08-26T01:00:50.053578+00:00,Others,Others.epublibre,UP,200,136,,
2026-08-26T01:01:51.282306+00:00,Others,Others.epublibre,UP,200,558,,
2026-08-26T01:02:52.242118+00:00,Others,Others.epublibre,UP,200,747,,
2026-08-26T01:03:52.368253+00:00,Others,Others.epublibre,UP,200,565,,
2026-08-26T01:04:52.865192+00:00,Others,Others.epublibre,UP,200,603,,
2026-08-26T01:05:53.183839+00:00,Others,Others.epublibre,UP,200,564,,
2026-08-26T01:06:54.923383+00:00,Others,Others.epublibre,UP,200,744,,
2026-08-26T01:07:54.407244+00:00,Others,Others.epublibre,UP,200,566,,
2026-08-26T01:08:54.833599+00:00,Others,Others.epublibre,UP,200,557,,
2026-08-26T01:09:55.712572+00:00,Others,Others.epublibre,UP,200,539,,
2026-08-26T01:10:56.358682+00:00,Others,Others.epublibre,UP,200,579,,
2026-08-26T01:11:56.941038+00:00,Others,Others.epublibre,UP,200,551,,
2026-08-26T01:12:56.946393+00:00,Others,Others.epublibre,UP,200,537,,
2026-08-26T01:13:57.872627+00:00,Others,Others.epublibre,UP,200,601,,
2026-08-26T01:14:58.072669+00:00,Others,Others.epublibre,UP,200,586,,
2026-08-26T01:15:58.982260+00:00,Others,Others.epublibre,UP,200,622,,
2026-08-26T01:16:59.007809+00:00,Others,Others.epublibre,UP,200,564,,
2026-08-26T01:17:59.906771+00:00,Others,Others.epublibre,UP,200,546,,
2026-08-26T01:19:00.849768+00:00,Others,Others.epublibre,UP,200,661,,
2026-08-26T01:20:01.486336+00:00,Others,Others.epublibre,UP,200,618,,
2026-08-26T01:21:02.076802+00:00,Others,Others.epublibre,UP,200,598,,
2026-08-26T01:22:02.251463+00:00,Others,Others.epublibre,UP,200,736,,
2026-08-26T01:23:02.751342+00:00,Others,Others.epublibre,UP,200,594,,
2026-08-26T01:24:03.360916+00:00,Others,Others.epublibre,UP,200,548,,
2026-08-26T01:25:04.254228+00:00,Others,Others.epublibre,UP,200,641,,
2026-08-26T01:26:05.274503+00:00,Others,Others.epublibre,UP,200,1947,,
2026-08-26T01:27:04.742848+00:00,Others,Others.epublibre,UP,200,559,,
2026-08-26T01:28:04.813874+00:00,Others,Others.epublibre,UP,200,144,,
2026-08-26T01:29:05.082353+00:00,Others,Others.epublibre,UP,200,134,,
2026-08-26T01:30:06.537202+00:00,Others,Others.epublibre,UP,200,759,,
2026-08-26T01:31:06.728965+00:00,Others,Others.epublibre,UP,200,551,,
2026-08-26T01:32:07.010589+00:00,Others,Others.epublibre,UP,200,545,,
2026-08-26T01:33:07.672000+00:00,Others,Others.epublibre,UP,200,590,,
2026-08-26T01:34:08.197129+00:00,Others,Others.epublibre,UP,200,568,,
2026-08-26T01:35:09.001374+00:00,Others,Others.epublibre,UP,200,566,,
2026-08-26T01:36:09.590058+00:00,Others,Others.epublibre,UP,200,576,,
2026-08-26T01:37:09.964661+00:00,Others,Others.epublibre,UP,200,555,,
2026-08-26T01:38:10.715994+00:00,Others,Others.epublibre,UP,200,610,,
2026-08-26T01:39:11.220012+00:00,Others,Others.epublibre,UP,200,557,,
2026-08-26T01:40:12.165943+00:00,Others,Others.epublibre,UP,200,631,,
2026-08-26T01:41:12.311804+00:00,Others,Others.epublibre,UP,200,585,,
2026-08-26T01:42:13.136070+00:00,Others,Others.epublibre,UP,200,586,,
2026-08-26T01:43:13.821152+00:00,Others,Others.epublibre,UP,200,568,,
2026-08-26T01:44:14.189419+00:00,Others,Others.epublibre,UP,200,611,,
2026-08-26T01:45:15.522340+00:00,Others,Others.epublibre,UP,200,759,,
2026-08-26T01:46:15.597220+00:00,Others,Others.epublibre,UP,200,656,,
2026-08-26T01:47:16.180899+00:00,Others,Others.epublibre,UP,200,588,,
2026-08-26T01:48:16.889313+00:00,Others,Others.epublibre,UP,200,686,,
2026-08-26T01:49:16.834975+00:00,Others,Others.epublibre,UP,200,547,,
2026-08-26T01:50:17.386400+00:00,Others,Others.epublibre,UP,200,566,,
2026-08-26T01:51:17.884415+00:00,Others,Others.epublibre,UP,200,567,,
2026-08-26T01:52:18.708142+00:00,Others,Others.epublibre,UP,200,697,,
2026-08-26T01:53:19.687438+00:00,Others,Others.epublibre,UP,200,580,,
2026-08-26T01:54:19.859128+00:00,Others,Others.epublibre,UP,200,141,,
2026-08-26T01:55:20.156230+00:00,Others,Others.epublibre,UP,200,140,,
2026-08-26T01:56:21.325184+00:00,Others,Others.epublibre,UP,200,573,,
2026-08-26T01:57:22.338522+00:00,Others,Others.epublibre,UP,200,669,,
2026-08-26T01:58:22.629239+00:00,Others,Others.epublibre,UP,200,581,,
2026-08-26T01:59:22.818991+00:00,Others,Others.epublibre,UP,200,570,,
2026-08-26T02:00:23.294927+00:00,Others,Others.epublibre,UP,200,134,,
2026-08-26T02:01:24.495779+00:00,Others,Others.epublibre,UP,200,703,,
2026-08-26T02:02:25.181537+00:00,Others,Others.epublibre,UP,200,555,,
2026-08-26T02:03:25.907130+00:00,Others,Others.epublibre,UP,200,572,,
2026-08-26T02:04:26.142706+00:00,Others,Others.epublibre,UP,200,554,,
2026-08-26T02:05:28.559253+00:00,Others,Others.epublibre,UP,200,2016,,
2026-08-26T02:06:27.897750+00:00,Others,Others.epublibre,UP,200,590,,
2026-08-26T02:07:28.030349+00:00,Others,Others.epublibre,UP,200,142,,
2026-08-26T02:08:28.875160+00:00,Others,Others.epublibre,UP,200,612,,
2026-08-26T02:09:30.040795+00:00,Others,Others.epublibre,UP,200,574,,
2026-08-26T02:10:30.802709+00:00,Others,Others.epublibre,UP,200,779,,
2026-08-26T02:11:30.873045+00:00,Others,Others.epublibre,UP,200,609,,
2026-08-26T02:12:30.936012+00:00,Others,Others.epublibre,UP,200,649,,
2026-08-26T02:13:31.181787+00:00,Others,Others.epublibre,UP,200,569,,
2026-08-26T02:14:31.892063+00:00,Others,Others.epublibre,UP,200,559,,
2026-08-26T02:15:33.050729+00:00,Others,Others.epublibre,UP,200,539,,
2026-08-26T02:16:33.245385+00:00,Others,Others.epublibre,UP,200,584,,
2026-08-26T02:17:33.918474+00:00,Others,Others.epublibre,UP,200,558,,
2026-08-26T02:18:34.579988+00:00,Others,Others.epublibre,UP,200,612,,
2026-08-26T02:19:34.913664+00:00,Others,Others.epublibre,UP,200,567,,
2026-08-26T02:20:35.747131+00:00,Others,Others.epublibre,UP,200,581,,
2026-08-26T02:21:36.341829+00:00,Others,Others.epublibre,UP,200,600,,
2026-08-26T02:22:37.112292+00:00,Others,Others.epublibre,UP,200,566,,
2026-08-26T02:23:37.312900+00:00,Others,Others.epublibre,UP,200,574,,
2026-08-26T02:24:37.652655+00:00,Others,Others.epublibre,UP,200,653,,
2026-08-26T02:25:38.327331+00:00,Others,Others.epublibre,UP,200,552,,
2026-08-26T02:26:38.506467+00:00,Others,Others.epublibre,UP,200,136,,
2026-08-26T02:27:39.423484+00:00,Others,Others.epublibre,UP,200,555,,
2026-08-26T02:28:40.123194+00:00,Others,Others.epublibre,UP,200,587,,
2026-08-26T02:29:40.169228+00:00,Others,Others.epublibre,UP,200,145,,
2026-08-26T02:30:40.640374+00:00,Others,Others.epublibre,UP,200,666,,
2026-08-26T02:31:41.375178+00:00,Others,Others.epublibre,UP,200,580,,
2026-08-26T02:32:41.389597+00:00,Others,Others.epublibre,UP,200,141,,
2026-08-26T02:33:42.065782+00:00,Others,Others.epublibre,UP,200,603,,
2026-08-26T02:34:43.032852+00:00,Others,Others.epublibre,UP,200,626,,
2026-08-26T02:35:43.393271+00:00,Others,Others.epublibre,UP,200,568,,
2026-08-26T02:36:43.592152+00:00,Others,Others.epublibre,UP,200,553,,
2026-08-26T02:37:44.138733+00:00,Others,Others.epublibre,UP,200,576,,
2026-08-26T02:38:45.016070+00:00,Others,Others.epublibre,UP,200,661,,
2026-08-26T02:39:45.827636+00:00,Others,Others.epublibre,UP,200,557,,
2026-08-26T02:40:46.136096+00:00,Others,Others.epublibre,UP,200,571,,
2026-08-26T02:41:46.767360+00:00,Others,Others.epublibre,UP,200,571,,
2026-08-26T02:42:47.145875+00:00,Others,Others.epublibre,UP,200,601,,
2026-08-26T02:43:47.913812+00:00,Others,Others.epublibre,UP,200,631,,
2026-08-26T02:44:48.623255+00:00,Others,Others.epublibre,UP,200,569,,
2026-08-26T02:45:49.313922+00:00,Others,Others.epublibre,UP,200,551,,
2026-08-26T02:46:49.712862+00:00,Others,Others.epublibre,UP,200,559,,
2026-08-26T02:47:50.083372+00:00,Others,Others.epublibre,UP,200,605,,
2026-08-26T02:48:50.990996+00:00,Others,Others.epublibre,UP,200,614,,
2026-08-26T02:49:51.078623+00:00,Others,Others.epublibre,UP,200,145,,
2026-08-26T02:50:52.130323+00:00,Others,Others.epublibre,UP,200,578,,
2026-08-26T02:51:52.762427+00:00,Others,Others.epublibre,UP,200,645,,
2026-08-26T02:52:52.845835+00:00,Others,Others.epublibre,UP,200,544,,
2026-08-26T02:53:53.709573+00:00,Others,Others.epublibre,UP,200,549,,
2026-08-26T02:54:54.532274+00:00,Others,Others.epublibre,UP,200,615,,
2026-08-26T02:55:54.777795+00:00,Others,Others.epublibre,UP,200,561,,
2026-08-26T02:56:55.203787+00:00,Others,Others.epublibre,UP,200,139,,
2026-08-26T02:57:56.176793+00:00,Others,Others.epublibre,UP,200,601,,
2026-08-26T02:58:56.098594+00:00,Others,Others.epublibre,UP,200,138,,
2026-08-26T02:59:57.291968+00:00,Others,Others.epublibre,UP,200,621,,
2026-08-26T03:00:58.088403+00:00,Others,Others.epublibre,UP,200,593,,
2026-08-26T03:01:58.385164+00:00,Others,Others.epublibre,UP,200,564,,
2026-08-26T03:02:59.006534+00:00,Others,Others.epublibre,UP,200,556,,
2026-08-26T03:04:00.097518+00:00,Others,Others.epublibre,UP,200,598,,
2026-08-26T03:05:00.147437+00:00,Others,Others.epublibre,UP,200,552,,
2026-08-26T03:06:01.789799+00:00,Others,Others.epublibre,UP,200,722,,
2026-08-26T03:07:01.509108+00:00,Others,Others.epublibre,UP,200,585,,
2026-08-26T03:08:02.404507+00:00,Others,Others.epublibre,UP,200,580,,
2026-08-26T03:09:03.002115+00:00,Others,Others.epublibre,UP,200,599,,
2026-08-26T03:10:03.163710+00:00,Others,Others.epublibre,UP,200,161,,
2026-08-26T03:11:03.866411+00:00,Others,Others.epublibre,UP,200,571,,
2026-08-26T03:12:04.338579+00:00,Others,Others.epublibre,UP,200,570,,
2026-08-26T03:13:04.984069+00:00,Others,Others.epublibre,UP,200,568,,
2026-08-26T03:14:05.564989+00:00,Others,Others.epublibre,UP,200,568,,
2026-08-26T03:15:06.175906+00:00,Others,Others.epublibre,UP,200,139,,
2026-08-26T03:16:07.016250+00:00,Others,Others.epublibre,UP,200,597,,
2026-08-26T03:17:07.410318+00:00,Others,Others.epublibre,UP,200,581,,
2026-08-26T03:18:08.104497+00:00,Others,Others.epublibre,UP,200,565,,
2026-08-26T03:19:08.625858+00:00,Others,Others.epublibre,UP,200,558,,
2026-08-26T03:20:08.818747+00:00,Others,Others.epublibre,UP,200,593,,
2026-08-26T03:21:09.386673+00:00,Others,Others.epublibre,UP,200,588,,
2026-08-26T03:22:10.106574+00:00,Others,Others.epublibre,UP,200,566,,
2026-08-26T03:23:10.624789+00:00,Others,Others.epublibre,UP,200,543,,
2026-08-26T03:24:11.432532+00:00,Others,Others.epublibre,UP,200,546,,
2026-08-26T03:25:11.601351+00:00,Others,Others.epublibre,UP,200,572,,
2026-08-26T03:26:12.518258+00:00,Others,Others.epublibre,UP,200,558,,
2026-08-26T03:27:12.808911+00:00,Others,Others.epublibre,UP,200,585,,
2026-08-26T03:28:13.646613+00:00,Others,Others.epublibre,UP,200,588,,
2026-08-26T03:29:13.907526+00:00,Others,Others.epublibre,UP,200,599,,
2026-08-26T03:30:14.225574+00:00,Others,Others.epublibre,UP,200,580,,
2026-08-26T03:31:14.825649+00:00,Others,Others.epublibre,UP,200,539,,
2026-08-26T03:32:15.386148+00:00,Others,Others.epublibre,UP,200,548,,
2026-08-26T03:33:15.635410+00:00,Others,Others.epublibre,UP,200,579,,
2026-08-26T03:34:15.971957+00:00,Others,Others.epublibre,UP,200,572,,
2026-08-26T03:35:16.344305+00:00,Others,Others.epublibre,UP,200,553,,
2026-08-26T03:36:16.792149+00:00,Others,Others.epublibre,UP,200,137,,
2026-08-26T03:37:17.271421+00:00,Others,Others.epublibre,UP,200,556,,
2026-08-26T03:38:17.532668+00:00,Others,Others.epublibre,UP,200,559,,
2026-08-26T03:39:17.749746+00:00,Others,Others.epublibre,UP,200,546,,
2026-08-26T03:40:18.489674+00:00,Others,Others.epublibre,UP,200,550,,
2026-08-26T03:41:19.234635+00:00,Others,Others.epublibre,UP,200,636,,
2026-08-26T03:42:19.872458+00:00,Others,Others.epublibre,UP,200,576,,
2026-08-26T03:43:19.964994+00:00,Others,Others.epublibre,UP,200,536,,
2026-08-26T03:44:20.194781+00:00,Others,Others.epublibre,UP,200,562,,
2026-08-26T03:45:20.865120+00:00,Others,Others.epublibre,UP,200,546,,
2026-08-26T03:46:21.460327+00:00,Others,Others.epublibre,UP,200,592,,
2026-08-26T03:47:21.890170+00:00,Others,Others.epublibre,UP,200,606,,
2026-08-26T03:48:22.033784+00:00,Others,Others.epublibre,UP,200,565,,
2026-08-26T03:49:22.536953+00:00,Others,Others.epublibre,UP,200,572,,
2026-08-26T03:50:23.202835+00:00,Others,Others.epublibre,UP,200,570,,
2026-08-26T03:51:23.574624+00:00,Others,Others.epublibre,UP,200,596,,
2026-08-26T03:52:24.178467+00:00,Others,Others.epublibre,UP,200,577,,
2026-08-26T03:53:24.879292+00:00,Others,Others.epublibre,UP,200,625,,
2026-08-26T03:54:25.049516+00:00,Others,Others.epublibre,UP,200,547,,
2026-08-26T03:55:26.181788+00:00,Others,Others.epublibre,UP,200,579,,
2026-08-26T03:56:26.383853+00:00,Others,Others.epublibre,UP,200,535,,
2026-08-26T03:57:27.371850+00:00,Others,Others.epublibre,UP,200,580,,
2026-08-26T03:58:27.712714+00:00,Others,Others.epublibre,UP,200,600,,
2026-08-26T03:59:27.916868+00:00,Others,Others.epublibre,UP,200,546,,
2026-08-26T04:00:29.038010+00:00,Others,Others.epublibre,UP,200,712,,
2026-08-26T04:01:30.059168+00:00,Others,Others.epublibre,UP,200,572,,
2026-08-26T04:02:30.722422+00:00,Others,Others.epublibre,UP,200,572,,
2026-08-26T04:03:30.715951+00:00,Others,Others.epublibre,UP,200,131,,
2026-08-26T04:04:31.891395+00:00,Others,Others.epublibre,UP,200,593,,
2026-08-26T04:05:32.505320+00:00,Others,Others.epublibre,UP,200,603,,
2026-08-26T04:06:33.079353+00:00,Others,Others.epublibre,UP,200,575,,
2026-08-26T04:07:33.279793+00:00,Others,Others.epublibre,UP,200,598,,
2026-08-26T04:08:33.922952+00:00,Others,Others.epublibre,UP,200,583,,
2026-08-26T04:09:34.129126+00:00,Others,Others.epublibre,UP,200,563,,
2026-08-26T04:10:34.766020+00:00,Others,Others.epublibre,UP,200,556,,
2026-08-26T04:11:35.475642+00:00,Others,Others.epublibre,UP,200,606,,
2026-08-26T04:12:35.888758+00:00,Others,Others.epublibre,UP,200,136,,
2026-08-26T04:13:36.974485+00:00,Others,Others.epublibre,UP,200,592,,
2026-08-26T04:14:37.289903+00:00,Others,Others.epublibre,UP,200,136,,
2026-08-26T04:15:38.653224+00:00,Others,Others.epublibre,UP,200,562,,
2026-08-26T04:16:39.165376+00:00,Others,Others.epublibre,UP,200,555,,
2026-08-26T04:17:39.511270+00:00,Others,Others.epublibre,UP,200,565,,
2026-08-26T04:18:39.647664+00:00,Others,Others.epublibre,UP,200,603,,
2026-08-26T04:19:40.167673+00:00,Others,Others.epublibre,UP,200,551,,
2026-08-26T04:20:41.077521+00:00,Others,Others.epublibre,UP,200,584,,
2026-08-26T04:21:41.221024+00:00,Others,Others.epublibre,UP,200,604,,
2026-08-26T04:22:42.000183+00:00,Others,Others.epublibre,UP,200,645,,
2026-08-26T04:23:42.306506+00:00,Others,Others.epublibre,UP,200,574,,
2026-08-26T04:24:43.039190+00:00,Others,Others.epublibre,UP,200,616,,
2026-08-26T04:25:43.678667+00:00,Others,Others.epublibre,UP,200,569,,
2026-08-26T04:26:43.905082+00:00,Others,Others.epublibre,UP,200,586,,
2026-08-26T04:27:44.545251+00:00,Others,Others.epublibre,UP,200,552,,
2026-08-26T04:28:44.727869+00:00,Others,Others.epublibre,UP,200,545,,
2026-08-26T04:29:45.294370+00:00,Others,Others.epublibre,UP,200,584,,
2026-08-26T04:30:45.402402+00:00,Others,Others.epublibre,UP,200,136,,
2026-08-26T04:31:46.288758+00:00,Others,Others.epublibre,UP,200,537,,
2026-08-26T04:32:46.650877+00:00,Others,Others.epublibre,UP,200,584,,
2026-08-26T04:33:47.462515+00:00,Others,Others.epublibre,UP,200,618,,
2026-08-26T04:34:47.795216+00:00,Others,Others.epublibre,UP,200,614,,
2026-08-26T04:35:48.273729+00:00,Others,Others.epublibre,UP,200,549,,
2026-08-26T04:36:48.624847+00:00,Others,Others.epublibre,UP,200,587,,
2026-08-26T04:37:49.287557+00:00,Others,Others.epublibre,UP,200,547,,
2026-08-26T04:38:49.560876+00:00,Others,Others.epublibre,UP,200,552,,
2026-08-26T04:39:50.461553+00:00,Others,Others.epublibre,UP,200,609,,
2026-08-26T04:40:51.117096+00:00,Others,Others.epublibre,UP,200,572,,
2026-08-26T04:41:51.182960+00:00,Others,Others.epublibre,UP,200,539,,
2026-08-26T04:42:51.755294+00:00,Others,Others.epublibre,UP,200,584,,
2026-08-26T04:43:51.872625+00:00,Others,Others.epublibre,UP,200,139,,
2026-08-26T04:44:52.743586+00:00,Others,Others.epublibre,UP,200,582,,
2026-08-26T04:45:53.088666+00:00,Others,Others.epublibre,UP,200,546,,
2026-08-26T04:46:53.396966+00:00,Others,Others.epublibre,UP,200,137,,
2026-08-26T04:47:54.612554+00:00,Others,Others.epublibre,UP,200,564,,
2026-08-26T04:48:54.944080+00:00,Others,Others.epublibre,UP,200,547,,
2026-08-26T04:49:54.877387+00:00,Others,Others.epublibre,UP,200,552,,
2026-08-26T04:50:55.715182+00:00,Others,Others.epublibre,UP,200,545,,
2026-08-26T04:51:56.382069+00:00,Others,Others.epublibre,UP,200,578,,
2026-08-26T04:52:56.573854+00:00,Others,Others.epublibre,UP,200,554,,
2026-08-26T04:53:56.928654+00:00,Others,Others.epublibre,UP,200,556,,
2026-08-26T04:54:57.362608+00:00,Others,Others.epublibre,UP,200,649,,
2026-08-26T04:55:57.586811+00:00,Others,Others.epublibre,UP,200,543,,
2026-08-26T04:56:57.571997+00:00,Others,Others.epublibre,UP,200,141,,
2026-08-26T04:57:58.787122+00:00,Others,Others.epublibre,UP,200,577,,
2026-08-26T04:58:59.140583+00:00,Others,Others.epublibre,UP,200,566,,
2026-08-26T04:59:59.759868+00:00,Others,Others.epublibre,UP,200,567,,
2026-08-26T05:01:00.655732+00:00,Others,Others.epublibre,UP,200,664,,
2026-08-26T05:02:01.327428+00:00,Others,Others.epublibre,UP,200,586,,
2026-08-26T05:03:01.530906+00:00,Others,Others.epublibre,UP,200,562,,
2026-08-26T05:04:01.894592+00:00,Others,Others.epublibre,UP,200,572,,
2026-08-26T05:05:03.128350+00:00,Others,Others.epublibre,UP,200,749,,
2026-08-26T05:06:03.410787+00:00,Others,Others.epublibre,UP,200,541,,
2026-08-26T05:07:03.321141+00:00,Others,Others.epublibre,UP,200,134,,
2026-08-26T05:08:04.011175+00:00,Others,Others.epublibre,UP,200,582,,
2026-08-26T05:09:03.584323+00:00,Others,Others.epublibre,UP,200,141,,
2026-08-26T05:10:04.684667+00:00,Others,Others.epublibre,UP,200,556,,
2026-08-26T05:11:04.953595+00:00,Others,Others.epublibre,UP,200,571,,
2026-08-26T05:12:05.741561+00:00,Others,Others.epublibre,UP,200,586,,
2026-08-26T05:13:06.047504+00:00,Others,Others.epublibre,UP,200,601,,
2026-08-26T05:14:06.231969+00:00,Others,Others.epublibre,UP,200,563,,
2026-08-26T05:15:07.368078+00:00,Others,Others.epublibre,UP,200,719,,
2026-08-26T05:16:08.272617+00:00,Others,Others.epublibre,UP,200,560,,
2026-08-26T05:17:09.023972+00:00,Others,Others.epublibre,UP,200,555,,
2026-08-26T05:18:09.465240+00:00,Others,Others.epublibre,UP,200,561,,
2026-08-26T05:19:09.481877+00:00,Others,Others.epublibre,UP,200,540,,
2026-08-26T05:20:10.116475+00:00,Others,Others.epublibre,UP,200,572,,
2026-08-26T05:21:10.696531+00:00,Others,Others.epublibre,UP,200,565,,
2026-08-26T05:22:10.651400+00:00,Others,Others.epublibre,UP,200,138,,
2026-08-26T05:23:11.428571+00:00,Others,Others.epublibre,UP,200,573,,
2026-08-26T05:24:11.838851+00:00,Others,Others.epublibre,UP,200,559,,
2026-08-26T05:25:12.590389+00:00,Others,Others.epublibre,UP,200,636,,
2026-08-26T05:26:13.109737+00:00,Others,Others.epublibre,UP,200,576,,
2026-08-26T05:27:13.585440+00:00,Others,Others.epublibre,UP,200,601,,
2026-08-26T05:28:14.307941+00:00,Others,Others.epublibre,UP,200,568,,
2026-08-26T05:29:14.571744+00:00,Others,Others.epublibre,UP,200,573,,
2026-08-26T05:30:15.149817+00:00,Others,Others.epublibre,UP,200,581,,
2026-08-26T05:31:15.156983+00:00,Others,Others.epublibre,UP,200,134,,
2026-08-26T05:32:16.666463+00:00,Others,Others.epublibre,UP,200,561,,
2026-08-26T05:33:21.651690+00:00,Others,Others.epublibre,DEGRADED,200,5089,latency_high,
2026-08-26T05:34:17.450713+00:00,Others,Others.epublibre,UP,200,560,,
2026-08-26T05:35:18.170934+00:00,Others,Others.epublibre,UP,200,570,,
2026-08-26T05:36:18.583157+00:00,Others,Others.epublibre,UP,200,585,,
2026-08-26T05:37:19.291657+00:00,Others,Others.epublibre,UP,200,580,,
2026-08-26T05:38:20.105352+00:00,Others,Others.epublibre,UP,200,599,,
2026-08-26T05:39:20.104251+00:00,Others,Others.epublibre,UP,200,145,,
2026-08-26T05:40:21.783386+00:00,Others,Others.epublibre,UP,200,562,,
2026-08-26T05:41:21.915677+00:00,Others,Others.epublibre,UP,200,547,,
2026-08-26T05:42:22.571097+00:00,Others,Others.epublibre,UP,200,576,,
2026-08-26T05:43:23.074041+00:00,Others,Others.epublibre,UP,200,565,,
2026-08-26T05:44:23.579926+00:00,Others,Others.epublibre,UP,200,549,,
2026-08-26T05:45:24.256724+00:00,Others,Others.epublibre,UP,200,555,,
2026-08-26T05:46:24.939735+00:00,Others,Others.epublibre,UP,200,621,,
2026-08-26T05:47:25.919735+00:00,Others,Others.epublibre,UP,200,552,,
2026-08-26T05:48:26.711990+00:00,Others,Others.epublibre,UP,200,552,,
2026-08-26T05:49:26.856534+00:00,Others,Others.epublibre,UP,200,628,,
2026-08-26T05:50:27.208205+00:00,Others,Others.epublibre,UP,200,139,,
2026-08-26T05:51:28.448327+00:00,Others,Others.epublibre,UP,200,594,,
2026-08-26T05:52:28.916960+00:00,Others,Others.epublibre,UP,200,580,,
2026-08-26T05:53:29.040786+00:00,Others,Others.epublibre,UP,200,147,,
2026-08-26T05:54:29.959857+00:00,Others,Others.epublibre,UP,200,588,,
2026-08-26T05:55:30.693110+00:00,Others,Others.epublibre,UP,200,699,,
2026-08-26T05:56:30.772514+00:00,Others,Others.epublibre,UP,200,610,,
2026-08-26T05:57:31.234036+00:00,Others,Others.epublibre,UP,200,562,,
2026-08-26T05:58:31.689862+00:00,Others,Others.epublibre,UP,200,582,,
2026-08-26T05:59:31.971404+00:00,Others,Others.epublibre,UP,200,143,,
2026-08-26T06:00:32.983327+00:00,Others,Others.epublibre,UP,200,582,,
2026-08-26T06:01:33.897290+00:00,Others,Others.epublibre,UP,200,694,,
2026-08-26T06:02:34.627793+00:00,Others,Others.epublibre,UP,200,555,,
2026-08-26T06:03:34.584598+00:00,Others,Others.epublibre,UP,200,131,,
2026-08-26T06:04:36.169648+00:00,Others,Others.epublibre,UP,200,584,,
2026-08-26T06:05:37.091458+00:00,Others,Others.epublibre,UP,200,605,,
2026-08-26T06:06:37.203750+00:00,Others,Others.epublibre,UP,200,566,,
2026-08-26T06:07:37.943628+00:00,Others,Others.epublibre,UP,200,643,,
2026-08-26T06:08:38.471724+00:00,Others,Others.epublibre,UP,200,583,,
2026-08-26T06:09:39.239575+00:00,Others,Others.epublibre,UP,200,542,,
2026-08-26T06:10:39.858784+00:00,Others,Others.epublibre,UP,200,584,,
2026-08-26T06:11:40.785840+00:00,Others,Others.epublibre,UP,200,592,,
2026-08-26T06:12:41.503426+00:00,Others,Others.epublibre,UP,200,635,,
2026-08-26T06:13:42.004441+00:00,Others,Others.epublibre,UP,200,606,,
2026-08-26T06:14:42.590153+00:00,Others,Others.epublibre,UP,200,571,,
2026-08-26T06:15:43.435555+00:00,Others,Others.epublibre,UP,200,595,,
2026-08-26T06:16:44.015455+00:00,Others,Others.epublibre,UP,200,574,,
2026-08-26T06:17:44.654629+00:00,Others,Others.epublibre,UP,200,615,,
2026-08-26T06:18:45.588235+00:00,Others,Others.epublibre,UP,200,577,,
2026-08-26T06:19:45.854459+00:00,Others,Others.epublibre,UP,200,601,,
2026-08-26T06:20:46.635193+00:00,Others,Others.epublibre,UP,200,572,,
2026-08-26T06:21:46.720709+00:00,Others,Others.epublibre,UP,200,672,,
2026-08-26T06:22:47.640159+00:00,Others,Others.epublibre,UP,200,574,,
2026-08-26T06:23:48.098409+00:00,Others,Others.epublibre,UP,200,607,,
2026-08-26T06:24:48.374644+00:00,Others,Others.epublibre,UP,200,143,,
2026-08-26T06:25:49.819496+00:00,Others,Others.epublibre,UP,200,623,,
2026-08-26T06:26:50.566244+00:00,Others,Others.epublibre,UP,200,551,,
2026-08-26T06:27:50.736643+00:00,Others,Others.epublibre,UP,200,528,,
2026-08-26T06:28:51.158523+00:00,Others,Others.epublibre,UP,200,551,,
2026-08-26T06:29:52.141127+00:00,Others,Others.epublibre,UP,200,614,,
2026-08-26T06:30:52.871909+00:00,Others,Others.epublibre,UP,200,543,,
2026-08-26T06:31:53.983871+00:00,Others,Others.epublibre,UP,200,1040,,
2026-08-26T06:32:54.473471+00:00,Others,Others.epublibre,UP,200,644,,
2026-08-26T06:33:55.019153+00:00,Others,Others.epublibre,UP,200,597,,
2026-08-26T06:34:55.672597+00:00,Others,Others.epublibre,UP,200,596,,
2026-08-26T06:35:55.978767+00:00,Others,Others.epublibre,UP,200,571,,
2026-08-26T06:36:57.347942+00:00,Others,Others.epublibre,UP,200,729,,
2026-08-26T06:37:57.515954+00:00,Others,Others.epublibre,UP,200,135,,
2026-08-26T06:38:58.707588+00:00,Others,Others.epublibre,UP,200,593,,
2026-08-26T06:39:59.611743+00:00,Others,Others.epublibre,UP,200,1059,,
2026-08-26T06:40:59.692050+00:00,Others,Others.epublibre,UP,200,574,,
2026-08-26T06:42:00.637873+00:00,Others,Others.epublibre,UP,200,630,,
2026-08-26T06:43:01.261877+00:00,Others,Others.epublibre,UP,200,568,,
2026-08-26T06:44:02.046397+00:00,Others,Others.epublibre,UP,200,616,,
2026-08-26T06:45:02.983810+00:00,Others,Others.epublibre,UP,200,343,,
2026-08-26T06:46:03.157847+00:00,Others,Others.epublibre,UP,200,577,,
2026-08-26T06:47:04.317923+00:00,Others,Others.epublibre,UP,200,798,,
2026-08-26T06:48:04.104874+00:00,Others,Others.epublibre,UP,200,582,,
2026-08-26T06:49:05.127138+00:00,Others,Others.epublibre,UP,200,764,,
2026-08-26T06:50:05.514910+00:00,Others,Others.epublibre,UP,200,638,,
2026-08-26T06:51:06.293959+00:00,Others,Others.epublibre,UP,200,630,,
2026-08-26T06:52:06.319333+00:00,Others,Others.epublibre,UP,200,581,,
2026-08-26T06:53:07.328343+00:00,Others,Others.epublibre,UP,200,663,,
2026-08-26T06:54:07.963368+00:00,Others,Others.epublibre,UP,200,565,,
2026-08-26T06:55:08.801385+00:00,Others,Others.epublibre,UP,200,574,,
2026-08-26T06:56:09.450097+00:00,Others,Others.epublibre,UP,200,576,,
2026-08-26T06:57:09.835159+00:00,Others,Others.epublibre,UP,200,592,,
2026-08-26T06:58:10.983954+00:00,Others,Others.epublibre,UP,200,630,,
2026-08-26T06:59:11.260609+00:00,Others,Others.epublibre,UP,200,136,,
2026-08-26T07:00:12.292361+00:00,Others,Others.epublibre,UP,200,600,,
2026-08-26T07:01:12.953800+00:00,Others,Others.epublibre,UP,200,563,,
2026-08-26T07:02:13.776505+00:00,Others,Others.epublibre,UP,200,642,,
2026-08-26T07:03:13.987984+00:00,Others,Others.epublibre,UP,200,539,,
2026-08-26T07:04:14.850210+00:00,Others,Others.epublibre,UP,200,540,,
2026-08-26T07:05:15.352065+00:00,Others,Others.epublibre,UP,200,568,,
2026-08-26T07:06:15.874037+00:00,Others,Others.epublibre,UP,200,608,,
2026-08-26T07:07:17.142195+00:00,Others,Others.epublibre,UP,200,749,,
2026-08-26T07:08:17.461735+00:00,Others,Others.epublibre,UP,200,568,,
2026-08-26T07:09:18.264831+00:00,Others,Others.epublibre,UP,200,558,,
2026-08-26T07:10:18.786949+00:00,Others,Others.epublibre,UP,200,611,,
2026-08-26T07:11:19.353094+00:00,Others,Others.epublibre,UP,200,618,,
2026-08-26T07:12:19.924718+00:00,Others,Others.epublibre,UP,200,558,,
2026-08-26T07:13:20.155329+00:00,Others,Others.epublibre,UP,200,589,,
2026-08-26T07:14:21.070219+00:00,Others,Others.epublibre,UP,200,565,,
2026-08-26T07:15:21.940044+00:00,Others,Others.epublibre,UP,200,612,,
2026-08-26T07:16:22.680037+00:00,Others,Others.epublibre,UP,200,593,,
2026-08-26T07:17:22.817113+00:00,Others,Others.epublibre,UP,200,577,,
2026-08-26T07:18:23.665399+00:00,Others,Others.epublibre,UP,200,590,,
2026-08-26T07:19:24.675295+00:00,Others,Others.epublibre,UP,200,649,,
2026-08-26T07:20:25.325334+00:00,Others,Others.epublibre,UP,200,560,,
2026-08-26T07:21:24.836720+00:00,Others,Others.epublibre,UP,200,132,,
2026-08-26T07:22:26.463518+00:00,Others,Others.epublibre,UP,200,609,,
2026-08-26T07:23:27.251222+00:00,Others,Others.epublibre,UP,200,556,,
2026-08-26T07:24:27.876100+00:00,Others,Others.epublibre,UP,200,638,,
2026-08-26T07:25:28.513861+00:00,Others,Others.epublibre,UP,200,552,,
2026-08-26T07:26:29.416906+00:00,Others,Others.epublibre,UP,200,674,,
2026-08-26T07:27:30.249316+00:00,Others,Others.epublibre,UP,200,572,,
2026-08-26T07:28:31.006051+00:00,Others,Others.epublibre,UP,200,575,,
2026-08-26T07:29:31.464243+00:00,Others,Others.epublibre,UP,200,550,,
2026-08-26T07:30:32.087671+00:00,Others,Others.epublibre,UP,200,589,,
2026-08-26T07:31:32.758584+00:00,Others,Others.epublibre,UP,200,546,,
2026-08-26T07:32:33.368233+00:00,Others,Others.epublibre,UP,200,572,,
2026-08-26T07:33:33.628733+00:00,Others,Others.epublibre,UP,200,546,,
2026-08-26T07:34:34.356759+00:00,Others,Others.epublibre,UP,200,557,,
2026-08-26T07:35:35.000045+00:00,Others,Others.epublibre,UP,200,585,,
2026-08-26T07:36:34.906922+00:00,Others,Others.epublibre,UP,200,140,,
2026-08-26T07:37:37.081561+00:00,Others,Others.epublibre,UP,200,600,,
2026-08-26T07:38:37.324230+00:00,Others,Others.epublibre,UP,200,564,,
2026-08-26T07:39:37.069940+00:00,Others,Others.epublibre,UP,200,140,,
2026-08-26T07:40:38.040494+00:00,Others,Others.epublibre,UP,200,555,,
2026-08-26T07:41:38.289336+00:00,Others,Others.epublibre,UP,200,559,,
2026-08-26T07:42:38.974625+00:00,Others,Others.epublibre,UP,200,549,,
2026-08-26T07:43:38.941580+00:00,Others,Others.epublibre,UP,200,545,,
2026-08-26T07:44:40.094083+00:00,Others,Others.epublibre,UP,200,693,,
2026-08-26T07:45:39.580463+00:00,Others,Others.epublibre,UP,200,140,,
2026-08-26T07:46:40.549098+00:00,Others,Others.epublibre,UP,200,553,,
2026-08-26T07:47:41.530022+00:00,Others,Others.epublibre,UP,200,652,,
2026-08-26T07:48:41.803089+00:00,Others,Others.epublibre,UP,200,557,,
2026-08-26T07:49:42.284137+00:00,Others,Others.epublibre,UP,200,543,,
2026-08-26T07:50:42.992335+00:00,Others,Others.epublibre,UP,200,557,,
2026-08-26T07:51:43.754045+00:00,Others,Others.epublibre,UP,200,570,,
2026-08-26T07:52:44.362997+00:00,Others,Others.epublibre,UP,200,703,,
2026-08-26T07:53:44.979855+00:00,Others,Others.epublibre,UP,200,564,,
2026-08-26T07:54:45.389666+00:00,Others,Others.epublibre,UP,200,554,,
2026-08-26T07:55:45.805710+00:00,Others,Others.epublibre,UP,200,573,,
2026-08-26T07:56:46.343442+00:00,Others,Others.epublibre,UP,200,549,,
2026-08-26T07:57:46.942626+00:00,Others,Others.epublibre,UP,200,569,,
2026-08-26T07:58:47.283045+00:00,Others,Others.epublibre,UP,200,576,,
2026-08-26T07:59:48.066416+00:00,Others,Others.epublibre,UP,200,575,,
2026-08-26T08:00:48.036432+00:00,Others,Others.epublibre,UP,200,540,,
2026-08-26T08:01:48.857863+00:00,Others,Others.epublibre,UP,200,616,,
2026-08-26T08:02:49.223971+00:00,Others,Others.epublibre,UP,200,545,,
2026-08-26T08:03:49.708685+00:00,Others,Others.epublibre,UP,200,567,,
2026-08-26T08:04:49.990678+00:00,Others,Others.epublibre,UP,200,563,,
2026-08-26T08:05:50.686167+00:00,Others,Others.epublibre,UP,200,548,,
2026-08-26T08:06:51.806695+00:00,Others,Others.epublibre,UP,200,544,,
2026-08-26T08:07:51.997366+00:00,Others,Others.epublibre,UP,200,577,,
2026-08-26T08:08:52.803375+00:00,Others,Others.epublibre,UP,200,563,,
2026-08-26T08:09:53.405496+00:00,Others,Others.epublibre,UP,200,552,,
2026-08-26T08:10:53.830327+00:00,Others,Others.epublibre,UP,200,575,,
2026-08-26T08:11:54.236568+00:00,Others,Others.epublibre,UP,200,577,,
2026-08-26T08:12:55.719768+00:00,Others,Others.epublibre,UP,200,657,,
2026-08-26T08:13:55.648597+00:00,Others,Others.epublibre,UP,200,139,,
2026-08-26T08:14:56.102718+00:00,Others,Others.epublibre,UP,200,139,,
2026-08-26T08:16:00.181893+00:00,Others,Others.epublibre,DEGRADED,200,3308,latency_high,
2026-08-26T08:16:57.764204+00:00,Others,Others.epublibre,UP,200,580,,
2026-08-26T08:17:58.131175+00:00,Others,Others.epublibre,UP,200,611,,
2026-08-26T08:18:58.651262+00:00,Others,Others.epublibre,UP,200,548,,
2026-08-26T08:19:59.003630+00:00,Others,Others.epublibre,UP,200,572,,
2026-08-26T08:20:59.268002+00:00,Others,Others.epublibre,UP,200,560,,
2026-08-26T08:22:00.026347+00:00,Others,Others.epublibre,UP,200,561,,
2026-08-26T08:23:00.560535+00:00,Others,Others.epublibre,UP,200,581,,
2026-08-26T08:24:01.217116+00:00,Others,Others.epublibre,UP,200,690,,
2026-08-26T08:25:02.571744+00:00,Others,Others.epublibre,UP,200,960,,
2026-08-26T08:26:03.196755+00:00,Others,Others.epublibre,UP,200,549,,
2026-08-26T08:27:03.208309+00:00,Others,Others.epublibre,UP,200,134,,
2026-08-26T08:28:04.067849+00:00,Others,Others.epublibre,UP,200,608,,
2026-08-26T08:29:04.755586+00:00,Others,Others.epublibre,UP,200,669,,
2026-08-26T08:30:05.728778+00:00,Others,Others.epublibre,UP,200,581,,
2026-08-26T08:31:06.663651+00:00,Others,Others.epublibre,UP,200,570,,
2026-08-26T08:32:07.079419+00:00,Others,Others.epublibre,UP,200,653,,
2026-08-26T08:33:07.086388+00:00,Others,Others.epublibre,UP,200,546,,
2026-08-26T08:34:07.958618+00:00,Others,Others.epublibre,UP,200,632,,
2026-08-26T08:35:08.687593+00:00,Others,Others.epublibre,UP,200,595,,
2026-08-26T08:36:08.750433+00:00,Others,Others.epublibre,UP,200,563,,
2026-08-26T08:37:08.519573+00:00,Others,Others.epublibre,UP,200,593,,
2026-08-26T08:38:09.553409+00:00,Others,Others.epublibre,UP,200,605,,
2026-08-26T08:39:10.214344+00:00,Others,Others.epublibre,UP,200,571,,
2026-08-26T08:40:10.811514+00:00,Others,Others.epublibre,UP,200,595,,
2026-08-26T08:41:16.731858+00:00,Others,Others.epublibre,DEGRADED,200,5795,latency_high,
2026-08-26T08:42:11.677190+00:00,Others,Others.epublibre,UP,200,575,,
2026-08-26T08:43:12.635505+00:00,Others,Others.epublibre,UP,200,595,,
2026-08-26T08:44:13.140701+00:00,Others,Others.epublibre,UP,200,611,,
2026-08-26T08:45:13.826663+00:00,Others,Others.epublibre,UP,200,560,,
2026-08-26T08:46:13.998665+00:00,Others,Others.epublibre,UP,200,142,,
2026-08-26T08:47:14.984754+00:00,Others,Others.epublibre,UP,200,684,,
2026-08-26T08:48:15.635376+00:00,Others,Others.epublibre,UP,200,582,,
2026-08-26T08:49:15.567209+00:00,Others,Others.epublibre,UP,200,141,,
2026-08-26T08:50:17.015962+00:00,Others,Others.epublibre,UP,200,759,,
2026-08-26T08:51:17.635601+00:00,Others,Others.epublibre,UP,200,570,,
2026-08-26T08:52:18.103872+00:00,Others,Others.epublibre,UP,200,555,,
2026-08-26T08:53:18.486242+00:00,Others,Others.epublibre,UP,200,585,,
2026-08-26T08:54:19.155868+00:00,Others,Others.epublibre,UP,200,607,,
2026-08-26T08:55:19.904129+00:00,Others,Others.epublibre,UP,200,575,,
2026-08-26T08:56:20.069799+00:00,Others,Others.epublibre,UP,200,551,,
2026-08-26T08:57:20.445792+00:00,Others,Others.epublibre,UP,200,578,,
2026-08-26T08:58:21.206489+00:00,Others,Others.epublibre,UP,200,589,,
2026-08-26T08:59:21.650066+00:00,Others,Others.epublibre,UP,200,602,,
2026-08-26T09:00:22.697853+00:00,Others,Others.epublibre,UP,200,714,,
2026-08-26T09:01:22.701185+00:00,Others,Others.epublibre,UP,200,576,,
2026-08-26T09:02:23.551845+00:00,Others,Others.epublibre,UP,200,594,,
2026-08-26T09:03:24.307214+00:00,Others,Others.epublibre,UP,200,622,,
2026-08-26T09:04:24.849838+00:00,Others,Others.epublibre,UP,200,565,,
2026-08-26T09:05:25.552852+00:00,Others,Others.epublibre,UP,200,568,,
2026-08-26T09:06:25.697221+00:00,Others,Others.epublibre,UP,200,575,,
2026-08-26T09:07:25.919003+00:00,Others,Others.epublibre,UP,200,135,,
2026-08-26T09:08:27.473507+00:00,Others,Others.epublibre,UP,200,621,,
2026-08-26T09:09:30.946806+00:00,Others,Others.epublibre,UP,200,1851,,
2026-08-26T09:10:28.828783+00:00,Others,Others.epublibre,UP,200,588,,
2026-08-26T09:11:29.599056+00:00,Others,Others.epublibre,UP,200,628,,
2026-08-26T09:12:36.471781+00:00,Others,Others.epublibre,DEGRADED,200,6706,latency_high,
2026-08-26T09:13:30.975463+00:00,Others,Others.epublibre,UP,200,566,,
2026-08-26T09:14:31.778698+00:00,Others,Others.epublibre,UP,200,561,,
2026-08-26T09:15:31.992635+00:00,Others,Others.epublibre,UP,200,607,,
2026-08-26T09:16:33.286923+00:00,Others,Others.epublibre,UP,200,552,,
2026-08-26T09:17:33.285161+00:00,Others,Others.epublibre,UP,200,543,,
2026-08-26T09:18:33.900120+00:00,Others,Others.epublibre,UP,200,547,,
2026-08-26T09:19:33.755790+00:00,Others,Others.epublibre,UP,200,567,,
2026-08-26T09:20:39.641988+00:00,Others,Others.epublibre,DEGRADED,200,5385,latency_high,
2026-08-26T09:21:34.603335+00:00,Others,Others.epublibre,UP,200,134,,
2026-08-26T09:22:35.663156+00:00,Others,Others.epublibre,UP,200,569,,
2026-08-26T09:23:36.590264+00:00,Others,Others.epublibre,UP,200,680,,
2026-08-26T09:24:36.841631+00:00,Others,Others.epublibre,UP,200,534,,
2026-08-26T09:25:37.475422+00:00,Others,Others.epublibre,UP,200,574,,
2026-08-26T09:26:37.774436+00:00,Others,Others.epublibre,UP,200,589,,
2026-08-26T09:27:38.057839+00:00,Others,Others.epublibre,UP,200,551,,
2026-08-26T09:28:38.577900+00:00,Others,Others.epublibre,UP,200,136,,
2026-08-26T09:29:39.199334+00:00,Others,Others.epublibre,UP,200,557,,
2026-08-26T09:30:39.911115+00:00,Others,Others.epublibre,UP,200,593,,
2026-08-26T09:31:40.217425+00:00,Others,Others.epublibre,UP,200,141,,
2026-08-26T09:32:41.135650+00:00,Others,Others.epublibre,UP,200,572,,
2026-08-26T09:33:41.698600+00:00,Others,Others.epublibre,UP,200,581,,
2026-08-26T09:34:41.931745+00:00,Others,Others.epublibre,UP,200,550,,
2026-08-26T09:35:42.584309+00:00,Others,Others.epublibre,UP,200,568,,
2026-08-26T09:36:43.686248+00:00,Others,Others.epublibre,UP,200,636,,
2026-08-26T09:37:43.898604+00:00,Others,Others.epublibre,UP,200,540,,
2026-08-26T09:38:44.616525+00:00,Others,Others.epublibre,UP,200,580,,
2026-08-26T09:39:45.130348+00:00,Others,Others.epublibre,UP,200,539,,
2026-08-26T09:40:45.468733+00:00,Others,Others.epublibre,UP,200,132,,
2026-08-26T09:41:46.708213+00:00,Others,Others.epublibre,UP,200,615,,
2026-08-26T09:42:47.000915+00:00,Others,Others.epublibre,UP,200,579,,
2026-08-26T09:43:47.830184+00:00,Others,Others.epublibre,UP,200,542,,
2026-08-26T09:44:48.461557+00:00,Others,Others.epublibre,UP,200,586,,
2026-08-26T09:45:54.805630+00:00,Others,Others.epublibre,DEGRADED,200,6635,latency_high,
2026-08-26T09:46:49.724703+00:00,Others,Others.epublibre,UP,200,582,,
2026-08-26T09:47:50.051328+00:00,Others,Others.epublibre,UP,200,831,,
2026-08-26T09:48:50.920525+00:00,Others,Others.epublibre,UP,200,642,,
2026-08-26T09:49:51.461994+00:00,Others,Others.epublibre,UP,200,549,,
2026-08-26T09:50:51.948514+00:00,Others,Others.epublibre,UP,200,550,,
2026-08-26T09:51:52.389631+00:00,Others,Others.epublibre,UP,200,565,,
2026-08-26T09:52:53.021648+00:00,Others,Others.epublibre,UP,200,561,,
2026-08-26T09:53:53.554535+00:00,Others,Others.epublibre,UP,200,587,,
2026-08-26T09:54:53.944051+00:00,Others,Others.epublibre,UP,200,549,,
2026-08-26T09:55:54.188059+00:00,Others,Others.epublibre,UP,200,563,,
2026-08-26T09:56:55.379954+00:00,Others,Others.epublibre,UP,200,569,,
2026-08-26T09:57:56.022119+00:00,Others,Others.epublibre,UP,200,593,,
2026-08-26T09:58:56.517727+00:00,Others,Others.epublibre,UP,200,547,,
2026-08-26T09:59:57.370902+00:00,Others,Others.epublibre,UP,200,558,,
2026-08-26T10:00:58.258454+00:00,Others,Others.epublibre,UP,200,640,,
2026-08-26T10:01:58.839489+00:00,Others,Others.epublibre,UP,200,576,,
2026-08-26T10:02:58.891272+00:00,Others,Others.epublibre,UP,200,547,,
2026-08-26T10:03:59.661153+00:00,Others,Others.epublibre,UP,200,550,,
2026-08-26T10:05:00.159975+00:00,Others,Others.epublibre,UP,200,139,,
2026-08-26T10:06:00.839302+00:00,Others,Others.epublibre,UP,200,776,,
2026-08-26T10:07:00.665665+00:00,Others,Others.epublibre,UP,200,574,,
2026-08-26T10:08:01.334715+00:00,Others,Others.epublibre,UP,200,563,,
2026-08-26T10:09:02.257720+00:00,Others,Others.epublibre,UP,200,605,,
2026-08-26T10:10:03.386606+00:00,Others,Others.epublibre,UP,200,917,,
2026-08-26T10:11:02.991658+00:00,Others,Others.epublibre,UP,200,657,,
2026-08-26T10:12:03.465642+00:00,Others,Others.epublibre,UP,200,584,,
2026-08-26T10:13:03.853407+00:00,Others,Others.epublibre,UP,200,593,,
2026-08-26T10:14:04.869905+00:00,Others,Others.epublibre,UP,200,671,,
2026-08-26T10:15:05.576690+00:00,Others,Others.epublibre,UP,200,620,,
2026-08-26T10:16:06.424827+00:00,Others,Others.epublibre,UP,200,552,,
2026-08-26T10:17:06.813931+00:00,Others,Others.epublibre,UP,200,550,,
2026-08-26T10:18:06.990504+00:00,Others,Others.epublibre,UP,200,567,,
2026-08-26T10:19:08.210906+00:00,Others,Others.epublibre,UP,200,654,,
2026-08-26T10:20:08.621448+00:00,Others,Others.epublibre,UP,200,544,,
2026-08-26T10:21:09.579319+00:00,Others,Others.epublibre,UP,200,551,,
2026-08-26T10:22:10.316686+00:00,Others,Others.epublibre,UP,200,593,,
2026-08-26T10:23:10.991643+00:00,Others,Others.epublibre,UP,200,589,,
2026-08-26T10:24:11.460475+00:00,Others,Others.epublibre,UP,200,631,,
2026-08-26T10:25:12.067749+00:00,Others,Others.epublibre,UP,200,562,,
2026-08-26T10:26:12.142960+00:00,Others,Others.epublibre,UP,200,147,,
2026-08-26T10:27:13.148981+00:00,Others,Others.epublibre,UP,200,700,,
2026-08-26T10:28:13.717687+00:00,Others,Others.epublibre,UP,200,545,,
2026-08-26T10:29:14.896578+00:00,Others,Others.epublibre,UP,200,586,,
2026-08-26T10:30:15.692544+00:00,Others,Others.epublibre,UP,200,611,,
2026-08-26T10:31:16.743512+00:00,Others,Others.epublibre,UP,200,758,,
2026-08-26T10:32:16.965494+00:00,Others,Others.epublibre,UP,200,626,,
2026-08-26T10:33:17.401848+00:00,Others,Others.epublibre,UP,200,571,,
2026-08-26T10:34:17.969598+00:00,Others,Others.epublibre,UP,200,554,,
2026-08-26T10:35:22.136058+00:00,Others,Others.epublibre,DEGRADED,200,4142,latency_high,
2026-08-26T10:36:19.109866+00:00,Others,Others.epublibre,UP,200,562,,
2026-08-26T10:37:19.649418+00:00,Others,Others.epublibre,UP,200,537,,
2026-08-26T10:38:20.415980+00:00,Others,Others.epublibre,UP,200,547,,
2026-08-26T10:39:21.187211+00:00,Others,Others.epublibre,UP,200,581,,
2026-08-26T10:40:22.160826+00:00,Others,Others.epublibre,UP,200,674,,
2026-08-26T10:41:21.898143+00:00,Others,Others.epublibre,UP,200,571,,
2026-08-26T10:42:22.478885+00:00,Others,Others.epublibre,UP,200,668,,
2026-08-26T10:43:22.643512+00:00,Others,Others.epublibre,UP,200,589,,
2026-08-26T10:44:23.138680+00:00,Others,Others.epublibre,UP,200,135,,
2026-08-26T10:45:24.533201+00:00,Others,Others.epublibre,UP,200,592,,
2026-08-26T10:46:25.344798+00:00,Others,Others.epublibre,UP,200,580,,
2026-08-26T10:47:26.127354+00:00,Others,Others.epublibre,UP,200,568,,
2026-08-26T10:48:26.247983+00:00,Others,Others.epublibre,UP,200,625,,
2026-08-26T10:49:27.215989+00:00,Others,Others.epublibre,UP,200,576,,
2026-08-26T10:50:27.586682+00:00,Others,Others.epublibre,UP,200,583,,
2026-08-26T10:51:28.565351+00:00,Others,Others.epublibre,UP,200,567,,
2026-08-26T10:52:29.381396+00:00,Others,Others.epublibre,UP,200,570,,
2026-08-26T10:53:30.117208+00:00,Others,Others.epublibre,UP,200,605,,
2026-08-26T10:54:30.622375+00:00,Others,Others.epublibre,UP,200,768,,
2026-08-26T10:55:31.400757+00:00,Others,Others.epublibre,UP,200,594,,
2026-08-26T10:56:32.030708+00:00,Others,Others.epublibre,UP,200,600,,
2026-08-26T10:57:32.766299+00:00,Others,Others.epublibre,UP,200,575,,
2026-08-26T10:58:33.392655+00:00,Others,Others.epublibre,UP,200,556,,
2026-08-26T10:59:33.389744+00:00,Others,Others.epublibre,UP,200,136,,
2026-08-26T11:00:34.982941+00:00,Others,Others.epublibre,UP,200,601,,
2026-08-26T11:01:35.925736+00:00,Others,Others.epublibre,UP,200,641,,
2026-08-26T11:02:36.578486+00:00,Others,Others.epublibre,UP,200,541,,
2026-08-26T11:03:37.150258+00:00,Others,Others.epublibre,UP,200,546,,
2026-08-26T11:04:37.324378+00:00,Others,Others.epublibre,UP,200,568,,
2026-08-26T11:05:37.979378+00:00,Others,Others.epublibre,UP,200,588,,
2026-08-26T11:06:39.386328+00:00,Others,Others.epublibre,UP,200,671,,
2026-08-26T11:07:39.917880+00:00,Others,Others.epublibre,UP,200,645,,
2026-08-26T11:08:40.208367+00:00,Others,Others.epublibre,UP,200,597,,
2026-08-26T11:09:40.972338+00:00,Others,Others.epublibre,UP,200,599,,
2026-08-26T11:10:41.788861+00:00,Others,Others.epublibre,UP,200,602,,
2026-08-26T11:11:42.270767+00:00,Others,Others.epublibre,UP,200,562,,
2026-08-26T11:12:49.457664+00:00,Others,Others.epublibre,DEGRADED,200,6828,latency_high,
2026-08-26T11:13:44.079391+00:00,Others,Others.epublibre,UP,200,565,,
2026-08-26T11:14:44.161074+00:00,Others,Others.epublibre,UP,200,140,,
2026-08-26T11:15:45.437060+00:00,Others,Others.epublibre,UP,200,580,,
2026-08-26T11:16:46.400842+00:00,Others,Others.epublibre,UP,200,605,,
2026-08-26T11:17:46.629665+00:00,Others,Others.epublibre,UP,200,551,,
2026-08-26T11:18:47.780464+00:00,Others,Others.epublibre,UP,200,654,,
2026-08-26T11:19:48.180944+00:00,Others,Others.epublibre,UP,200,558,,
2026-08-26T11:20:48.387195+00:00,Others,Others.epublibre,UP,200,565,,
2026-08-26T11:22:00.020675+00:00,Others,Others.epublibre,DEGRADED,200,11498,latency_high,
2026-08-26T11:22:49.726928+00:00,Others,Others.epublibre,UP,200,595,,
2026-08-26T11:23:50.380902+00:00,Others,Others.epublibre,UP,200,594,,
2026-08-26T11:24:51.026985+00:00,Others,Others.epublibre,UP,200,584,,
2026-08-26T11:25:51.478248+00:00,Others,Others.epublibre,UP,200,139,,
2026-08-26T11:26:52.798048+00:00,Others,Others.epublibre,UP,200,584,,
2026-08-26T11:27:52.731717+00:00,Others,Others.epublibre,UP,200,572,,
2026-08-26T11:28:53.620991+00:00,Others,Others.epublibre,UP,200,570,,
2026-08-26T11:29:54.210524+00:00,Others,Others.epublibre,UP,200,557,,
2026-08-26T11:30:55.576813+00:00,Others,Others.epublibre,UP,200,559,,
2026-08-26T11:31:55.976934+00:00,Others,Others.epublibre,UP,200,592,,
2026-08-26T11:32:56.621068+00:00,Others,Others.epublibre,UP,200,568,,
2026-08-26T11:33:56.541476+00:00,Others,Others.epublibre,UP,200,626,,
2026-08-26T11:34:56.942349+00:00,Others,Others.epublibre,UP,200,592,,
2026-08-26T11:35:57.207186+00:00,Others,Others.epublibre,UP,200,143,,
2026-08-26T11:36:58.563822+00:00,Others,Others.epublibre,UP,200,668,,
2026-08-26T11:37:59.201243+00:00,Others,Others.epublibre,UP,200,557,,
2026-08-26T11:38:59.355254+00:00,Others,Others.epublibre,UP,200,138,,
2026-08-26T11:40:01.013585+00:00,Others,Others.epublibre,UP,200,729,,
2026-08-26T11:41:01.058222+00:00,Others,Others.epublibre,UP,200,145,,
2026-08-26T11:42:02.166856+00:00,Others,Others.epublibre,UP,200,629,,
2026-08-26T11:43:03.588484+00:00,Others,Others.epublibre,UP,200,650,,
2026-08-26T11:44:04.054648+00:00,Others,Others.epublibre,UP,200,587,,
2026-08-26T11:45:04.977814+00:00,Others,Others.epublibre,UP,200,674,,
2026-08-26T11:46:05.189055+00:00,Others,Others.epublibre,UP,200,695,,
2026-08-26T11:47:05.985180+00:00,Others,Others.epublibre,UP,200,555,,
2026-08-26T11:48:06.540234+00:00,Others,Others.epublibre,UP,200,745,,
2026-08-26T11:49:06.952760+00:00,Others,Others.epublibre,UP,200,550,,
2026-08-26T11:50:07.784715+00:00,Others,Others.epublibre,UP,200,826,,
2026-08-26T11:51:07.491447+00:00,Others,Others.epublibre,UP,200,576,,
2026-08-26T11:52:08.378480+00:00,Others,Others.epublibre,UP,200,556,,
2026-08-26T11:53:08.792226+00:00,Others,Others.epublibre,UP,200,697,,
2026-08-26T11:54:08.979019+00:00,Others,Others.epublibre,UP,200,546,,
2026-08-26T11:55:09.531197+00:00,Others,Others.epublibre,UP,200,143,,
2026-08-26T11:56:10.724866+00:00,Others,Others.epublibre,UP,200,565,,
2026-08-26T11:57:11.784645+00:00,Others,Others.epublibre,UP,200,556,,
2026-08-26T11:58:12.287243+00:00,Others,Others.epublibre,UP,200,565,,
2026-08-26T11:59:12.793699+00:00,Others,Others.epublibre,UP,200,595,,
2026-08-26T12:00:13.560205+00:00,Others,Others.epublibre,UP,200,593,,
2026-08-26T12:01:14.542769+00:00,Others,Others.epublibre,UP,200,641,,
2026-08-26T12:02:15.773755+00:00,Others,Others.epublibre,UP,200,722,,
2026-08-26T12:03:15.757041+00:00,Others,Others.epublibre,UP,200,627,,
2026-08-26T12:04:16.093424+00:00,Others,Others.epublibre,UP,200,566,,
2026-08-26T12:05:17.198824+00:00,Others,Others.epublibre,UP,200,660,,
2026-08-26T12:06:18.184772+00:00,Others,Others.epublibre,UP,200,646,,
2026-08-26T12:07:25.789594+00:00,Others,Others.epublibre,DEGRADED,200,8267,latency_high,
2026-08-26T12:08:18.315108+00:00,Others,Others.epublibre,UP,200,589,,
2026-08-26T12:09:19.681566+00:00,Others,Others.epublibre,UP,200,664,,
2026-08-26T12:10:20.075878+00:00,Others,Others.epublibre,UP,200,608,,
2026-08-26T12:11:20.810342+00:00,Others,Others.epublibre,UP,200,135,,
2026-08-26T12:12:20.694729+00:00,Others,Others.epublibre,UP,200,555,,
2026-08-26T12:13:21.021166+00:00,Others,Others.epublibre,UP,200,142,,
2026-08-26T12:14:22.165635+00:00,Others,Others.epublibre,UP,200,599,,
2026-08-26T12:15:22.725388+00:00,Others,Others.epublibre,UP,200,565,,
2026-08-26T12:16:23.929397+00:00,Others,Others.epublibre,UP,200,642,,
2026-08-26T12:17:23.753810+00:00,Others,Others.epublibre,UP,200,570,,
2026-08-26T12:18:24.956748+00:00,Others,Others.epublibre,UP,200,588,,
2026-08-26T12:19:25.444583+00:00,Others,Others.epublibre,UP,200,598,,
2026-08-26T12:20:26.570608+00:00,Others,Others.epublibre,UP,200,590,,
2026-08-26T12:21:26.821642+00:00,Others,Others.epublibre,UP,200,560,,
2026-08-26T12:22:27.993480+00:00,Others,Others.epublibre,UP,200,607,,
2026-08-26T12:23:28.825571+00:00,Others,Others.epublibre,UP,200,636,,
2026-08-26T12:24:28.768363+00:00,Others,Others.epublibre,UP,200,149,,
2026-08-26T12:25:30.556459+00:00,Others,Others.epublibre,UP,200,644,,
2026-08-26T12:26:31.006217+00:00,Others,Others.epublibre,UP,200,564,,
2026-08-26T12:27:31.830810+00:00,Others,Others.epublibre,UP,200,651,,
2026-08-26T12:28:32.915132+00:00,Others,Others.epublibre,UP,200,772,,
2026-08-26T12:29:33.245595+00:00,Others,Others.epublibre,UP,200,139,,
2026-08-26T12:30:33.759524+00:00,Others,Others.epublibre,UP,200,603,,
2026-08-26T12:31:33.971575+00:00,Others,Others.epublibre,UP,200,704,,
2026-08-26T12:32:33.629575+00:00,Others,Others.epublibre,UP,200,161,,
2026-08-26T12:33:34.174556+00:00,Others,Others.epublibre,UP,200,644,,
2026-08-26T12:34:34.035674+00:00,Others,Others.epublibre,UP,200,683,,
2026-08-26T12:35:35.272623+00:00,Others,Others.epublibre,UP,200,556,,
2026-08-26T12:36:36.481112+00:00,Others,Others.epublibre,UP,200,682,,
2026-08-26T12:37:36.135041+00:00,Others,Others.epublibre,UP,200,579,,
2026-08-26T12:38:36.839546+00:00,Others,Others.epublibre,UP,200,552,,
2026-08-26T12:39:37.720763+00:00,Others,Others.epublibre,UP,200,614,,
2026-08-26T12:40:38.675596+00:00,Others,Others.epublibre,UP,200,566,,
2026-08-26T12:41:39.606601+00:00,Others,Others.epublibre,UP,200,576,,
2026-08-26T12:42:39.453341+00:00,Others,Others.epublibre,UP,200,136,,
2026-08-26T12:43:40.916430+00:00,Others,Others.epublibre,UP,200,619,,
2026-08-26T12:44:40.802445+00:00,Others,Others.epublibre,UP,200,592,,
2026-08-26T12:45:41.863489+00:00,Others,Others.epublibre,UP,200,611,,
2026-08-26T12:46:43.111145+00:00,Others,Others.epublibre,UP,200,805,,
2026-08-26T12:47:43.703453+00:00,Others,Others.epublibre,UP,200,571,,
2026-08-26T12:48:44.030633+00:00,Others,Others.epublibre,UP,200,639,,
2026-08-26T12:49:44.898989+00:00,Others,Others.epublibre,UP,200,634,,
2026-08-26T12:50:44.888230+00:00,Others,Others.epublibre,UP,200,172,,
2026-08-26T12:51:45.217927+00:00,Others,Others.epublibre,UP,200,596,,
2026-08-26T12:52:45.741868+00:00,Others,Others.epublibre,UP,200,587,,
2026-08-26T12:53:46.747394+00:00,Others,Others.epublibre,UP,200,546,,
2026-08-26T12:54:47.583784+00:00,Others,Others.epublibre,UP,200,630,,
2026-08-26T12:55:48.215949+00:00,Others,Others.epublibre,UP,200,572,,
2026-08-26T12:56:48.912525+00:00,Others,Others.epublibre,UP,200,719,,
2026-08-26T12:57:49.765840+00:00,Others,Others.epublibre,UP,200,625,,
2026-08-26T12:58:50.864458+00:00,Others,Others.epublibre,UP,200,831,,
2026-08-26T12:59:51.046098+00:00,Others,Others.epublibre,UP,200,582,,
2026-08-26T13:00:51.271549+00:00,Others,Others.epublibre,UP,200,154,,
2026-08-26T13:01:51.870311+00:00,Others,Others.epublibre,UP,200,748,,
2026-08-26T13:02:52.015916+00:00,Others,Others.epublibre,UP,200,135,,
2026-08-26T13:03:53.927882+00:00,Others,Others.epublibre,UP,200,577,,
2026-08-26T13:04:54.481802+00:00,Others,Others.epublibre,UP,200,565,,
2026-08-26T13:05:54.867876+00:00,Others,Others.epublibre,UP,200,573,,
2026-08-26T13:06:55.837629+00:00,Others,Others.epublibre,UP,200,663,,
2026-08-26T13:07:56.708537+00:00,Others,Others.epublibre,UP,200,579,,
2026-08-26T13:08:56.771814+00:00,Others,Others.epublibre,UP,200,587,,
2026-08-26T13:09:58.028869+00:00,Others,Others.epublibre,UP,200,699,,
2026-08-26T13:10:58.291915+00:00,Others,Others.epublibre,UP,200,613,,
2026-08-26T13:11:59.066022+00:00,Others,Others.epublibre,UP,200,571,,
2026-08-26T13:13:00.742937+00:00,Others,Others.epublibre,UP,200,692,,
2026-08-26T13:14:00.696090+00:00,Others,Others.epublibre,UP,200,718,,
2026-08-26T13:15:01.034331+00:00,Others,Others.epublibre,UP,200,789,,
2026-08-26T13:16:01.333140+00:00,Others,Others.epublibre,UP,200,601,,
2026-08-26T13:17:02.423229+00:00,Others,Others.epublibre,UP,200,644,,
2026-08-26T13:18:02.540742+00:00,Others,Others.epublibre,UP,200,721,,
2026-08-26T13:19:03.114785+00:00,Others,Others.epublibre,UP,200,629,,
2026-08-26T13:20:03.751623+00:00,Others,Others.epublibre,UP,200,664,,
2026-08-26T13:21:03.784426+00:00,Others,Others.epublibre,UP,200,147,,
2026-08-26T13:22:05.093867+00:00,Others,Others.epublibre,UP,200,651,,
2026-08-26T13:23:05.073162+00:00,Others,Others.epublibre,UP,200,631,,
2026-08-26T13:24:05.106408+00:00,Others,Others.epublibre,UP,200,595,,
2026-08-26T13:25:06.508702+00:00,Others,Others.epublibre,UP,200,593,,
2026-08-26T13:26:07.611320+00:00,Others,Others.epublibre,UP,200,741,,
2026-08-26T13:27:07.722833+00:00,Others,Others.epublibre,UP,200,608,,
2026-08-26T13:28:08.747861+00:00,Others,Others.epublibre,UP,200,779,,
2026-08-26T13:29:08.972175+00:00,Others,Others.epublibre,UP,200,560,,
2026-08-26T13:30:10.284664+00:00,Others,Others.epublibre,UP,200,669,,
2026-08-26T13:31:09.652814+00:00,Others,Others.epublibre,UP,200,560,,
2026-08-26T13:32:18.291948+00:00,Others,Others.epublibre,DEGRADED,200,8121,latency_high,
2026-08-26T13:33:10.605638+00:00,Others,Others.epublibre,UP,200,572,,
2026-08-26T13:34:11.772532+00:00,Others,Others.epublibre,UP,200,592,,
2026-08-26T13:35:12.229562+00:00,Others,Others.epublibre,UP,200,582,,
2026-08-26T13:36:12.738993+00:00,Others,Others.epublibre,UP,200,719,,
2026-08-26T13:37:13.010541+00:00,Others,Others.epublibre,UP,200,580,,
2026-08-26T13:38:13.186103+00:00,Others,Others.epublibre,UP,200,617,,
2026-08-26T13:39:14.385302+00:00,Others,Others.epublibre,UP,200,678,,
2026-08-26T13:40:14.850696+00:00,Others,Others.epublibre,UP,200,606,,
2026-08-26T13:41:14.489150+00:00,Others,Others.epublibre,UP,200,596,,
2026-08-26T13:42:15.513166+00:00,Others,Others.epublibre,UP,200,664,,
2026-08-26T13:43:16.221690+00:00,Others,Others.epublibre,UP,200,596,,
2026-08-26T13:44:17.001159+00:00,Others,Others.epublibre,UP,200,615,,
2026-08-26T13:45:18.137471+00:00,Others,Others.epublibre,UP,200,572,,
2026-08-26T13:46:18.091031+00:00,Others,Others.epublibre,UP,200,576,,
2026-08-26T13:47:17.543499+00:00,Others,Others.epublibre,UP,200,594,,
2026-08-26T13:48:18.606978+00:00,Others,Others.epublibre,UP,200,565,,
2026-08-26T13:49:19.683167+00:00,Others,Others.epublibre,UP,200,559,,
2026-08-26T13:50:20.236974+00:00,Others,Others.epublibre,UP,200,570,,
2026-08-26T13:51:21.120558+00:00,Others,Others.epublibre,UP,200,616,,
2026-08-26T13:52:21.195491+00:00,Others,Others.epublibre,UP,200,649,,
2026-08-26T13:53:21.843386+00:00,Others,Others.epublibre,UP,200,589,,
2026-08-26T13:54:22.955904+00:00,Others,Others.epublibre,UP,200,554,,
2026-08-26T13:55:23.416301+00:00,Others,Others.epublibre,UP,200,601,,
2026-08-26T13:56:24.728660+00:00,Others,Others.epublibre,UP,200,654,,
2026-08-26T13:57:25.649438+00:00,Others,Others.epublibre,UP,200,594,,
2026-08-26T13:58:26.238901+00:00,Others,Others.epublibre,UP,200,595,,
2026-08-26T13:59:27.138016+00:00,Others,Others.epublibre,UP,200,591,,
2026-08-26T14:00:27.043261+00:00,Others,Others.epublibre,UP,200,568,,
2026-08-26T14:01:27.707162+00:00,Others,Others.epublibre,UP,200,867,,
2026-08-26T14:02:27.483965+00:00,Others,Others.epublibre,UP,200,140,,
2026-08-26T14:03:28.283995+00:00,Others,Others.epublibre,UP,200,590,,
2026-08-26T14:04:29.540138+00:00,Others,Others.epublibre,UP,200,592,,
2026-08-26T14:05:30.601519+00:00,Others,Others.epublibre,UP,200,856,,
2026-08-26T14:06:30.848195+00:00,Others,Others.epublibre,UP,200,609,,
2026-08-26T14:07:31.470081+00:00,Others,Others.epublibre,UP,200,548,,
2026-08-26T14:08:32.383811+00:00,Others,Others.epublibre,UP,200,648,,
2026-08-26T14:09:32.754020+00:00,Others,Others.epublibre,UP,200,741,,
2026-08-26T14:10:33.111210+00:00,Others,Others.epublibre,UP,200,134,,
2026-08-26T14:11:33.060044+00:00,Others,Others.epublibre,UP,200,593,,
2026-08-26T14:12:34.093668+00:00,Others,Others.epublibre,UP,200,626,,
2026-08-26T14:13:34.663415+00:00,Others,Others.epublibre,UP,200,619,,
2026-08-26T14:14:34.782534+00:00,Others,Others.epublibre,UP,200,593,,
2026-08-26T14:15:39.949995+00:00,Others,Others.epublibre,DEGRADED,200,5465,latency_high,
2026-08-26T14:16:35.435205+00:00,Others,Others.epublibre,UP,200,630,,
2026-08-26T14:17:35.387687+00:00,Others,Others.epublibre,UP,200,611,,
2026-08-26T14:18:36.905648+00:00,Others,Others.epublibre,UP,200,767,,
2026-08-26T14:19:36.970478+00:00,Others,Others.epublibre,UP,200,590,,
2026-08-26T14:20:37.281636+00:00,Others,Others.epublibre,UP,200,686,,
2026-08-26T14:21:37.173849+00:00,Others,Others.epublibre,UP,200,571,,
2026-08-26T14:22:38.149733+00:00,Others,Others.epublibre,UP,200,659,,
2026-08-26T14:23:38.686403+00:00,Others,Others.epublibre,UP,200,579,,
2026-08-26T14:24:39.977193+00:00,Others,Others.epublibre,UP,200,594,,
2026-08-26T14:25:40.941043+00:00,Others,Others.epublibre,UP,200,595,,
2026-08-26T14:26:41.732530+00:00,Others,Others.epublibre,UP,200,635,,
2026-08-26T14:27:42.532172+00:00,Others,Others.epublibre,UP,200,617,,
2026-08-26T14:28:43.255209+00:00,Others,Others.epublibre,UP,200,617,,
2026-08-26T14:29:43.944250+00:00,Others,Others.epublibre,UP,200,181,,
2026-08-26T14:30:48.699773+00:00,Others,Others.epublibre,DEGRADED,200,4805,latency_high,
2026-08-26T14:31:45.293533+00:00,Others,Others.epublibre,UP,200,635,,
2026-08-26T14:32:45.051243+00:00,Others,Others.epublibre,UP,200,583,,
2026-08-26T14:33:46.596030+00:00,Others,Others.epublibre,UP,200,731,,
2026-08-26T14:34:47.281090+00:00,Others,Others.epublibre,UP,200,564,,
2026-08-26T14:35:48.621961+00:00,Others,Others.epublibre,UP,200,1157,,
2026-08-26T14:36:49.012360+00:00,Others,Others.epublibre,UP,200,647,,
2026-08-26T14:37:49.266336+00:00,Others,Others.epublibre,UP,200,135,,
2026-08-26T14:38:50.349154+00:00,Others,Others.epublibre,UP,200,560,,
2026-08-26T14:39:51.588169+00:00,Others,Others.epublibre,UP,200,631,,
2026-08-26T14:40:51.845001+00:00,Others,Others.epublibre,UP,200,741,,
2026-08-26T14:41:51.908915+00:00,Others,Others.epublibre,UP,200,583,,
2026-08-26T14:42:51.919727+00:00,Others,Others.epublibre,UP,200,636,,
2026-08-26T14:43:52.872570+00:00,Others,Others.epublibre,UP,200,553,,
2026-08-26T14:44:53.144370+00:00,Others,Others.epublibre,UP,200,660,,
2026-08-26T14:45:52.902852+00:00,Others,Others.epublibre,UP,200,566,,
2026-08-26T14:46:53.143135+00:00,Others,Others.epublibre,UP,200,769,,
2026-08-26T14:47:53.443008+00:00,Others,Others.epublibre,UP,200,568,,
2026-08-26T14:48:53.858304+00:00,Others,Others.epublibre,UP,200,557,,
2026-08-26T14:49:53.379553+00:00,Others,Others.epublibre,UP,200,145,,
2026-08-26T14:50:53.655190+00:00,Others,Others.epublibre,UP,200,585,,
2026-08-26T14:51:55.020559+00:00,Others,Others.epublibre,UP,200,843,,
2026-08-26T14:52:55.081943+00:00,Others,Others.epublibre,UP,200,581,,
2026-08-26T14:53:55.690767+00:00,Others,Others.epublibre,UP,200,587,,
2026-08-26T14:54:56.721517+00:00,Others,Others.epublibre,UP,200,561,,
2026-08-26T14:55:57.324881+00:00,Others,Others.epublibre,UP,200,600,,
2026-08-26T14:56:57.997701+00:00,Others,Others.epublibre,UP,200,632,,
2026-08-26T14:57:58.593580+00:00,Others,Others.epublibre,UP,200,594,,
2026-08-26T14:58:58.800210+00:00,Others,Others.epublibre,UP,200,141,,
2026-08-26T14:59:59.208971+00:00,Others,Others.epublibre,UP,200,567,,
2026-08-26T15:01:00.575431+00:00,Others,Others.epublibre,UP,200,599,,
2026-08-26T15:02:01.674086+00:00,Others,Others.epublibre,UP,200,1808,,
2026-08-26T15:03:01.378756+00:00,Others,Others.epublibre,UP,200,591,,
2026-08-26T15:04:02.149710+00:00,Others,Others.epublibre,UP,200,662,,
2026-08-26T15:05:03.609339+00:00,Others,Others.epublibre,UP,200,720,,
2026-08-26T15:06:03.847091+00:00,Others,Others.epublibre,UP,200,591,,
2026-08-26T15:07:04.180567+00:00,Others,Others.epublibre,UP,200,594,,
2026-08-26T15:08:04.905582+00:00,Others,Others.epublibre,UP,200,159,,
2026-08-26T15:09:05.230047+00:00,Others,Others.epublibre,UP,200,584,,
2026-08-26T15:10:06.545365+00:00,Others,Others.epublibre,UP,200,755,,
2026-08-26T15:11:06.755000+00:00,Others,Others.epublibre,UP,200,596,,
2026-08-26T15:12:07.233134+00:00,Others,Others.epublibre,UP,200,579,,
2026-08-26T15:13:07.923377+00:00,Others,Others.epublibre,UP,200,545,,
2026-08-26T15:14:09.292638+00:00,Others,Others.epublibre,UP,200,667,,
2026-08-26T15:15:09.312626+00:00,Others,Others.epublibre,UP,200,598,,
2026-08-26T15:16:10.082456+00:00,Others,Others.epublibre,UP,200,579,,
2026-08-26T15:17:10.738891+00:00,Others,Others.epublibre,UP,200,565,,
2026-08-26T15:18:18.050733+00:00,Others,Others.epublibre,DEGRADED,200,6889,latency_high,
2026-08-26T15:19:12.726696+00:00,Others,Others.epublibre,UP,200,560,,
2026-08-26T15:20:13.731753+00:00,Others,Others.epublibre,UP,200,641,,
2026-08-26T15:21:14.500447+00:00,Others,Others.epublibre,UP,200,624,,
2026-08-26T15:22:15.465149+00:00,Others,Others.epublibre,UP,200,646,,
2026-08-26T15:23:16.485817+00:00,Others,Others.epublibre,UP,200,666,,
2026-08-26T15:24:18.380481+00:00,Others,Others.epublibre,UP,200,1753,,
2026-08-26T15:25:17.728181+00:00,Others,Others.epublibre,UP,200,151,,
2026-08-26T15:26:18.037738+00:00,Others,Others.epublibre,UP,200,595,,
2026-08-26T15:27:18.920916+00:00,Others,Others.epublibre,UP,200,610,,
2026-08-26T15:28:20.079003+00:00,Others,Others.epublibre,UP,200,552,,
2026-08-26T15:29:20.290351+00:00,Others,Others.epublibre,UP,200,573,,
2026-08-26T15:30:21.392138+00:00,Others,Others.epublibre,UP,200,723,,
2026-08-26T15:31:21.788558+00:00,Others,Others.epublibre,UP,200,735,,
2026-08-26T15:32:21.765869+00:00,Others,Others.epublibre,UP,200,596,,
2026-08-26T15:33:22.184915+00:00,Others,Others.epublibre,UP,200,564,,
2026-08-26T15:34:22.494499+00:00,Others,Others.epublibre,UP,200,608,,
2026-08-26T15:35:23.699403+00:00,Others,Others.epublibre,UP,200,750,,
2026-08-26T15:36:23.623428+00:00,Others,Others.epublibre,UP,200,580,,
2026-08-26T15:37:24.989395+00:00,Others,Others.epublibre,UP,200,790,,
2026-08-26T15:38:29.530473+00:00,Others,Others.epublibre,DEGRADED,200,4912,latency_high,
2026-08-26T15:39:25.262751+00:00,Others,Others.epublibre,UP,200,555,,
2026-08-26T15:40:26.597052+00:00,Others,Others.epublibre,UP,200,565,,
2026-08-26T15:41:26.551220+00:00,Others,Others.epublibre,UP,200,605,,
2026-08-26T15:42:27.238434+00:00,Others,Others.epublibre,UP,200,547,,
2026-08-26T15:43:28.181972+00:00,Others,Others.epublibre,UP,200,628,,
2026-08-26T15:44:31.557266+00:00,Others,Others.epublibre,DEGRADED,200,3102,latency_high,
2026-08-26T15:45:29.148346+00:00,Others,Others.epublibre,UP,200,145,,
2026-08-26T15:46:30.402047+00:00,Others,Others.epublibre,UP,200,573,,
2026-08-26T15:47:31.249590+00:00,Others,Others.epublibre,UP,200,608,,
2026-08-26T15:48:31.045627+00:00,Others,Others.epublibre,UP,200,637,,
2026-08-26T15:49:32.030796+00:00,Others,Others.epublibre,UP,200,617,,
2026-08-26T15:50:32.852580+00:00,Others,Others.epublibre,UP,200,564,,
2026-08-26T16:24:24.833147+00:00,Others,Others.epublibre,UP,200,794,,
2026-08-26T16:25:24.356960+00:00,Others,Others.epublibre,UP,200,287,,
2026-08-26T16:26:25.530189+00:00,Others,Others.epublibre,UP,200,691,,
2026-08-26T16:27:26.528031+00:00,Others,Others.epublibre,UP,200,577,,
2026-08-26T16:28:27.298579+00:00,Others,Others.epublibre,UP,200,600,,
2026-08-26T16:29:27.985091+00:00,Others,Others.epublibre,UP,200,713,,
2026-08-26T16:30:28.984543+00:00,Others,Others.epublibre,UP,200,591,,
2026-08-26T16:31:29.382120+00:00,Others,Others.epublibre,UP,200,615,,
2026-08-26T16:32:30.122751+00:00,Others,Others.epublibre,UP,200,626,,
2026-08-26T16:33:30.774950+00:00,Others,Others.epublibre,UP,200,571,,
2026-08-26T16:34:30.940933+00:00,Others,Others.epublibre,UP,200,611,,
2026-08-26T16:35:31.593794+00:00,Others,Others.epublibre,UP,200,633,,
2026-08-26T16:36:31.849056+00:00,Others,Others.epublibre,UP,200,564,,
2026-08-26T16:37:32.712665+00:00,Others,Others.epublibre,UP,200,551,,
2026-08-26T16:38:33.563309+00:00,Others,Others.epublibre,UP,200,599,,
2026-08-26T16:39:33.849019+00:00,Others,Others.epublibre,UP,200,567,,
2026-08-26T16:40:35.206412+00:00,Others,Others.epublibre,UP,200,669,,
2026-08-26T16:41:34.941098+00:00,Others,Others.epublibre,UP,200,573,,
2026-08-26T16:42:36.011049+00:00,Others,Others.epublibre,UP,200,632,,
2026-08-26T16:43:35.458019+00:00,Others,Others.epublibre,UP,200,139,,
2026-08-26T16:44:36.220645+00:00,Others,Others.epublibre,UP,200,595,,
2026-08-26T16:45:37.209787+00:00,Others,Others.epublibre,UP,200,569,,
2026-08-26T16:46:38.152691+00:00,Others,Others.epublibre,UP,200,701,,
2026-08-26T16:47:38.199989+00:00,Others,Others.epublibre,UP,200,572,,
2026-08-26T16:48:39.026758+00:00,Others,Others.epublibre,UP,200,667,,
2026-08-26T16:49:39.614335+00:00,Others,Others.epublibre,UP,200,607,,
2026-08-26T16:50:40.624798+00:00,Others,Others.epublibre,UP,200,698,,
2026-08-26T16:51:41.357457+00:00,Others,Others.epublibre,UP,200,595,,
2026-08-26T16:52:41.291798+00:00,Others,Others.epublibre,UP,200,552,,
2026-08-26T16:53:41.495877+00:00,Others,Others.epublibre,UP,200,636,,
2026-08-26T16:54:42.255316+00:00,Others,Others.epublibre,UP,200,651,,
2026-08-26T16:55:43.312442+00:00,Others,Others.epublibre,UP,200,567,,
2026-08-26T16:56:43.989535+00:00,Others,Others.epublibre,UP,200,563,,
2026-08-26T16:57:45.074314+00:00,Others,Others.epublibre,UP,200,575,,
2026-08-26T16:58:51.804736+00:00,Others,Others.epublibre,DEGRADED,200,6559,latency_high,
2026-08-26T16:59:46.645171+00:00,Others,Others.epublibre,UP,200,572,,
2026-08-26T17:00:47.675901+00:00,Others,Others.epublibre,UP,200,636,,
2026-08-26T17:01:47.631794+00:00,Others,Others.epublibre,UP,200,578,,
2026-08-26T17:02:48.700641+00:00,Others,Others.epublibre,UP,200,628,,
2026-08-26T17:03:49.752079+00:00,Others,Others.epublibre,UP,200,669,,
2026-08-26T17:04:49.556708+00:00,Others,Others.epublibre,UP,200,138,,
2026-08-26T17:05:50.756454+00:00,Others,Others.epublibre,UP,200,544,,
2026-08-26T17:06:50.910904+00:00,Others,Others.epublibre,UP,200,572,,
2026-08-26T17:07:50.281557+00:00,Others,Others.epublibre,UP,200,140,,
2026-08-26T17:08:51.102802+00:00,Others,Others.epublibre,UP,200,138,,
2026-08-26T17:09:50.727609+00:00,Others,Others.epublibre,UP,200,132,,
2026-08-26T17:10:51.953026+00:00,Others,Others.epublibre,UP,200,593,,
2026-08-26T17:11:53.020678+00:00,Others,Others.epublibre,UP,200,552,,
2026-08-26T17:12:53.015308+00:00,Others,Others.epublibre,UP,200,602,,
2026-08-26T17:13:54.108547+00:00,Others,Others.epublibre,UP,200,682,,
2026-08-26T17:14:54.155251+00:00,Others,Others.epublibre,UP,200,553,,
2026-08-26T17:15:54.255244+00:00,Others,Others.epublibre,UP,200,576,,
2026-08-26T17:16:55.456663+00:00,Others,Others.epublibre,UP,200,717,,
2026-08-26T17:17:56.075813+00:00,Others,Others.epublibre,UP,200,589,,
2026-08-26T17:18:56.206611+00:00,Others,Others.epublibre,UP,200,566,,
2026-08-26T17:19:56.153324+00:00,Others,Others.epublibre,UP,200,761,,
2026-08-26T17:20:56.513666+00:00,Others,Others.epublibre,UP,200,588,,
2026-08-26T17:21:57.307197+00:00,Others,Others.epublibre,UP,200,557,,
2026-08-26T17:22:58.479159+00:00,Others,Others.epublibre,UP,200,573,,
2026-08-26T17:23:59.207940+00:00,Others,Others.epublibre,UP,200,614,,
2026-08-26T17:24:59.956957+00:00,Others,Others.epublibre,UP,200,582,,
2026-08-26T17:26:00.451722+00:00,Others,Others.epublibre,UP,200,623,,
2026-08-26T17:27:00.366258+00:00,Others,Others.epublibre,UP,200,555,,
2026-08-26T17:28:01.589122+00:00,Others,Others.epublibre,UP,200,616,,
2026-08-26T17:29:02.493097+00:00,Others,Others.epublibre,UP,200,574,,
2026-08-26T17:30:04.206269+00:00,Others,Others.epublibre,UP,200,789,,
2026-08-26T17:31:03.517747+00:00,Others,Others.epublibre,UP,200,144,,
2026-08-26T17:32:04.206186+00:00,Others,Others.epublibre,UP,200,610,,
2026-08-26T17:33:03.762157+00:00,Others,Others.epublibre,UP,200,619,,
2026-08-26T17:34:03.711499+00:00,Others,Others.epublibre,UP,200,599,,
2026-08-26T17:35:03.953349+00:00,Others,Others.epublibre,UP,200,687,,
2026-08-26T17:36:03.741173+00:00,Others,Others.epublibre,UP,200,149,,
2026-08-26T17:37:04.923169+00:00,Others,Others.epublibre,UP,200,550,,
2026-08-26T17:38:05.564836+00:00,Others,Others.epublibre,UP,200,682,,
2026-08-26T17:39:05.392974+00:00,Others,Others.epublibre,UP,200,589,,
2026-08-26T17:40:05.924546+00:00,Others,Others.epublibre,UP,200,613,,
2026-08-26T17:41:05.807543+00:00,Others,Others.epublibre,UP,200,615,,
2026-08-26T17:42:05.758905+00:00,Others,Others.epublibre,UP,200,771,,
2026-08-26T17:43:06.920381+00:00,Others,Others.epublibre,UP,200,704,,
2026-08-26T17:44:06.512022+00:00,Others,Others.epublibre,UP,200,143,,
2026-08-26T17:45:07.656060+00:00,Others,Others.epublibre,UP,200,689,,
2026-08-26T17:46:07.522799+00:00,Others,Others.epublibre,UP,200,629,,
2026-08-26T17:47:08.717350+00:00,Others,Others.epublibre,UP,200,553,,
2026-08-26T17:48:09.127508+00:00,Others,Others.epublibre,UP,200,552,,
2026-08-26T17:49:10.217396+00:00,Others,Others.epublibre,UP,200,570,,
2026-08-26T17:50:11.150731+00:00,Others,Others.epublibre,UP,200,729,,
2026-08-26T17:51:11.040374+00:00,Others,Others.epublibre,UP,200,612,,
2026-08-26T17:52:11.978853+00:00,Others,Others.epublibre,UP,200,630,,
2026-08-26T17:53:12.331650+00:00,Others,Others.epublibre,UP,200,555,,
2026-08-26T17:54:13.114379+00:00,Others,Others.epublibre,UP,200,665,,
2026-08-26T17:55:13.483142+00:00,Others,Others.epublibre,UP,200,604,,
2026-08-26T17:56:14.207207+00:00,Others,Others.epublibre,UP,200,589,,
2026-08-26T17:57:14.956878+00:00,Others,Others.epublibre,UP,200,625,,
2026-08-26T17:58:14.957709+00:00,Others,Others.epublibre,UP,200,585,,
2026-08-26T17:59:15.036316+00:00,Others,Others.epublibre,UP,200,569,,
2026-08-26T18:00:16.006220+00:00,Others,Others.epublibre,UP,200,711,,
2026-08-26T18:01:16.591395+00:00,Others,Others.epublibre,UP,200,561,,
2026-08-26T18:02:36.379742+00:00,Others,Others.epublibre,TIMEOUT,,,timeout,
2026-08-26T18:03:17.382939+00:00,Others,Others.epublibre,UP,200,593,,
2026-08-26T18:04:17.607843+00:00,Others,Others.epublibre,UP,200,141,,
2026-08-26T18:05:18.431156+00:00,Others,Others.epublibre,UP,200,588,,
2026-08-26T18:06:18.975493+00:00,Others,Others.epublibre,UP,200,608,,
2026-08-26T18:07:20.238553+00:00,Others,Others.epublibre,UP,200,639,,
2026-08-26T18:08:20.017959+00:00,Others,Others.epublibre,UP,200,589,,
2026-08-26T18:09:21.100119+00:00,Others,Others.epublibre,UP,200,542,,
2026-08-26T18:10:21.703566+00:00,Others,Others.epublibre,UP,200,641,,
2026-08-26T18:11:21.897064+00:00,Others,Others.epublibre,UP,200,580,,
2026-08-26T18:12:22.157582+00:00,Others,Others.epublibre,UP,200,563,,
2026-08-26T18:13:22.480540+00:00,Others,Others.epublibre,UP,200,815,,
2026-08-26T18:14:23.005337+00:00,Others,Others.epublibre,UP,200,767,,
2026-08-26T18:15:23.629006+00:00,Others,Others.epublibre,UP,200,597,,
2026-08-26T18:16:24.685043+00:00,Others,Others.epublibre,UP,200,559,,
2026-08-26T18:17:25.309105+00:00,Others,Others.epublibre,UP,200,583,,
2026-08-26T18:18:26.578971+00:00,Others,Others.epublibre,UP,200,644,,
2026-08-26T18:19:26.537559+00:00,Others,Others.epublibre,UP,200,739,,
2026-08-26T18:20:26.941651+00:00,Others,Others.epublibre,UP,200,149,,
2026-08-26T18:21:33.402844+00:00,Others,Others.epublibre,DEGRADED,200,6745,latency_high,
2026-08-26T18:22:28.443608+00:00,Others,Others.epublibre,UP,200,662,,
2026-08-26T18:23:28.515563+00:00,Others,Others.epublibre,UP,200,589,,
2026-08-26T18:24:28.436572+00:00,Others,Others.epublibre,UP,200,664,,
2026-08-26T18:25:28.408635+00:00,Others,Others.epublibre,UP,200,582,,
2026-08-26T18:26:28.970030+00:00,Others,Others.epublibre,UP,200,585,,
2026-08-26T18:27:29.920236+00:00,Others,Others.epublibre,UP,200,675,,
2026-08-26T18:28:30.950754+00:00,Others,Others.epublibre,UP,200,591,,
2026-08-26T18:29:31.681995+00:00,Others,Others.epublibre,UP,200,659,,
2026-08-26T18:30:32.052465+00:00,Others,Others.epublibre,UP,200,591,,
2026-08-26T18:31:32.029980+00:00,Others,Others.epublibre,UP,200,608,,
2026-08-26T18:32:31.907201+00:00,Others,Others.epublibre,UP,200,584,,
2026-08-26T18:33:32.419182+00:00,Others,Others.epublibre,UP,200,555,,
2026-08-26T18:34:33.302537+00:00,Others,Others.epublibre,UP,200,638,,
2026-08-26T18:35:34.275722+00:00,Others,Others.epublibre,UP,200,624,,
2026-08-26T18:36:34.615833+00:00,Others,Others.epublibre,UP,200,559,,
2026-08-26T18:37:35.711917+00:00,Others,Others.epublibre,UP,200,715,,
2026-08-26T18:38:36.539310+00:00,Others,Others.epublibre,UP,200,568,,
2026-08-26T18:39:37.367905+00:00,Others,Others.epublibre,UP,200,658,,
2026-08-26T18:40:37.557073+00:00,Others,Others.epublibre,UP,200,662,,
2026-08-26T18:41:38.379806+00:00,Others,Others.epublibre,UP,200,691,,
2026-08-26T18:42:39.395925+00:00,Others,Others.epublibre,UP,200,575,,
2026-08-26T18:43:39.992406+00:00,Others,Others.epublibre,UP,200,593,,
2026-08-26T18:44:41.255585+00:00,Others,Others.epublibre,UP,200,692,,
2026-08-26T18:45:41.332524+00:00,Others,Others.epublibre,UP,200,626,,
2026-08-26T18:46:41.992301+00:00,Others,Others.epublibre,UP,200,586,,
2026-08-26T18:47:50.473769+00:00,Others,Others.epublibre,DEGRADED,200,7971,latency_high,
2026-08-26T18:48:44.206905+00:00,Others,Others.epublibre,UP,200,602,,
2026-08-26T18:49:43.858850+00:00,Others,Others.epublibre,UP,200,579,,
2026-08-26T18:50:44.954433+00:00,Others,Others.epublibre,UP,200,696,,
2026-08-26T18:51:46.235480+00:00,Others,Others.epublibre,UP,200,782,,
2026-08-26T18:52:46.208718+00:00,Others,Others.epublibre,UP,200,557,,
2026-08-26T18:53:47.315720+00:00,Others,Others.epublibre,UP,200,578,,
2026-08-26T18:54:48.160841+00:00,Others,Others.epublibre,UP,200,553,,
2026-08-26T18:55:49.139185+00:00,Others,Others.epublibre,UP,200,776,,
2026-08-26T18:56:49.711701+00:00,Others,Others.epublibre,UP,200,648,,
2026-08-26T18:57:50.850917+00:00,Others,Others.epublibre,UP,200,1031,,
2026-08-26T18:58:55.453027+00:00,Others,Others.epublibre,DEGRADED,200,5035,latency_high,
2026-08-26T18:59:52.111078+00:00,Others,Others.epublibre,UP,200,845,,
2026-08-26T19:00:52.208223+00:00,Others,Others.epublibre,UP,200,714,,
2026-08-26T19:01:53.033753+00:00,Others,Others.epublibre,UP,200,1079,,
2026-08-26T19:02:53.202438+00:00,Others,Others.epublibre,UP,200,217,,
2026-08-26T19:03:53.335321+00:00,Others,Others.epublibre,UP,200,238,,
2026-08-26T19:04:54.130872+00:00,Others,Others.epublibre,UP,200,1337,,
2026-08-26T19:05:55.129106+00:00,Others,Others.epublibre,UP,200,879,,
2026-08-26T19:06:54.837917+00:00,Others,Others.epublibre,UP,200,202,,
2026-08-26T19:07:56.172832+00:00,Others,Others.epublibre,UP,200,1026,,
2026-08-26T19:08:57.316081+00:00,Others,Others.epublibre,UP,200,1118,,
2026-08-26T19:09:57.912591+00:00,Others,Others.epublibre,UP,200,1053,,
2026-08-26T19:10:58.460143+00:00,Others,Others.epublibre,UP,200,1145,,
2026-08-26T19:11:58.528026+00:00,Others,Others.epublibre,UP,200,1043,,
2026-08-26T19:12:58.419578+00:00,Others,Others.epublibre,UP,200,1094,,
2026-08-26T19:13:58.344741+00:00,Others,Others.epublibre,UP,200,937,,
2026-08-26T19:15:00.023456+00:00,Others,Others.epublibre,UP,200,1174,,
2026-08-26T19:16:00.275499+00:00,Others,Others.epublibre,UP,200,989,,
2026-08-26T19:17:01.893095+00:00,Others,Others.epublibre,UP,200,1370,,
2026-08-26T19:18:01.907028+00:00,Others,Others.epublibre,UP,200,990,,
2026-08-26T19:19:02.032492+00:00,Others,Others.epublibre,UP,200,1137,,
2026-08-26T19:20:02.624212+00:00,Others,Others.epublibre,UP,200,1289,,
2026-08-26T19:21:02.833745+00:00,Others,Others.epublibre,UP,200,1046,,
2026-08-26T19:22:03.133065+00:00,Others,Others.epublibre,UP,200,1222,,
2026-08-26T19:23:04.447861+00:00,Others,Others.epublibre,UP,200,1146,,
2026-08-26T19:24:04.660357+00:00,Others,Others.epublibre,UP,200,970,,
2026-08-26T19:25:04.805807+00:00,Others,Others.epublibre,UP,200,1016,,
2026-08-26T19:26:05.484861+00:00,Others,Others.epublibre,UP,200,1189,,
2026-08-26T19:27:05.658906+00:00,Others,Others.epublibre,UP,200,967,,
2026-08-26T19:28:05.863435+00:00,Others,Others.epublibre,UP,200,1042,,
2026-08-26T19:29:05.635904+00:00,Others,Others.epublibre,UP,200,916,,
2026-08-26T19:30:06.141096+00:00,Others,Others.epublibre,UP,200,782,,
2026-08-26T19:31:05.861475+00:00,Others,Others.epublibre,UP,200,719,,
2026-08-26T19:32:06.202600+00:00,Others,Others.epublibre,UP,200,161,,
2026-08-26T19:33:07.579539+00:00,Others,Others.epublibre,UP,200,835,,
2026-08-26T19:34:08.511438+00:00,Others,Others.epublibre,UP,200,706,,
2026-08-26T19:35:09.511076+00:00,Others,Others.epublibre,UP,200,804,,
2026-08-26T19:36:09.876167+00:00,Others,Others.epublibre,UP,200,891,,
2026-08-26T19:37:10.376168+00:00,Others,Others.epublibre,UP,200,661,,
2026-08-26T19:38:10.888470+00:00,Others,Others.epublibre,UP,200,204,,
2026-08-26T19:39:11.962045+00:00,Others,Others.epublibre,UP,200,937,,
2026-08-26T19:40:12.584638+00:00,Others,Others.epublibre,UP,200,816,,
2026-08-26T19:41:12.047868+00:00,Others,Others.epublibre,UP,200,213,,
2026-08-26T19:42:13.900445+00:00,Others,Others.epublibre,UP,200,970,,
2026-08-26T19:43:19.167101+00:00,Others,Others.epublibre,DEGRADED,200,5296,latency_high,
2026-08-26T19:44:15.517612+00:00,Others,Others.epublibre,UP,200,802,,
2026-08-26T19:45:16.164476+00:00,Others,Others.epublibre,UP,200,564,,
2026-08-26T19:46:17.014842+00:00,Others,Others.epublibre,UP,200,600,,
2026-08-26T19:47:17.927185+00:00,Others,Others.epublibre,UP,200,568,,
2026-08-26T19:48:18.762396+00:00,Others,Others.epublibre,UP,200,593,,
2026-08-26T19:49:19.361271+00:00,Others,Others.epublibre,UP,200,143,,
2026-08-26T19:50:20.600531+00:00,Others,Others.epublibre,UP,200,631,,
2026-08-26T19:51:20.334649+00:00,Others,Others.epublibre,UP,200,561,,
2026-08-26T19:52:21.273724+00:00,Others,Others.epublibre,UP,200,561,,
2026-08-26T19:53:21.662349+00:00,Others,Others.epublibre,UP,200,568,,
2026-08-26T19:54:22.335211+00:00,Others,Others.epublibre,UP,200,607,,
2026-08-26T19:55:23.460639+00:00,Others,Others.epublibre,UP,200,655,,
2026-08-26T19:56:23.229223+00:00,Others,Others.epublibre,UP,200,560,,
2026-08-26T19:57:24.403728+00:00,Others,Others.epublibre,UP,200,579,,
2026-08-26T19:58:24.641161+00:00,Others,Others.epublibre,UP,200,157,,
2026-08-26T19:59:25.523363+00:00,Others,Others.epublibre,UP,200,601,,
2026-08-26T20:00:26.453219+00:00,Others,Others.epublibre,UP,200,595,,
2026-08-26T20:01:27.361013+00:00,Others,Others.epublibre,UP,200,581,,
2026-08-26T20:02:27.914806+00:00,Others,Others.epublibre,UP,200,623,,
2026-08-26T20:03:29.300830+00:00,Others,Others.epublibre,UP,200,689,,
2026-08-26T20:04:29.085230+00:00,Others,Others.epublibre,UP,200,552,,
2026-08-26T20:05:30.160949+00:00,Others,Others.epublibre,UP,200,568,,
2026-08-26T20:06:30.569554+00:00,Others,Others.epublibre,UP,200,136,,
2026-08-26T20:07:32.160777+00:00,Others,Others.epublibre,UP,200,829,,
2026-08-26T20:08:32.241144+00:00,Others,Others.epublibre,UP,200,678,,
2026-08-26T20:09:32.684535+00:00,Others,Others.epublibre,UP,200,663,,
2026-08-26T20:10:32.647546+00:00,Others,Others.epublibre,UP,200,614,,
2026-08-26T20:11:33.956727+00:00,Others,Others.epublibre,UP,200,925,,
2026-08-26T20:12:34.036382+00:00,Others,Others.epublibre,UP,200,749,,
2026-08-26T20:13:34.663224+00:00,Others,Others.epublibre,UP,200,811,,
2026-08-26T20:14:34.708373+00:00,Others,Others.epublibre,UP,200,183,,
2026-08-26T20:15:36.697162+00:00,Others,Others.epublibre,UP,200,971,,
2026-08-26T20:16:37.604204+00:00,Others,Others.epublibre,UP,200,907,,
2026-08-26T20:17:37.508726+00:00,Others,Others.epublibre,UP,200,888,,
2026-08-26T20:18:38.311591+00:00,Others,Others.epublibre,UP,200,1037,,
2026-08-26T20:19:39.248404+00:00,Others,Others.epublibre,UP,200,1138,,
2026-08-26T20:20:40.026533+00:00,Others,Others.epublibre,UP,200,828,,
2026-08-26T20:21:43.944639+00:00,Others,Others.epublibre,DEGRADED,200,3686,latency_high,
2026-08-26T20:22:41.990523+00:00,Others,Others.epublibre,UP,200,1000,,
2026-08-26T20:23:43.038474+00:00,Others,Others.epublibre,UP,200,1007,,
2026-08-26T20:24:43.762611+00:00,Others,Others.epublibre,UP,200,969,,
2026-08-26T20:25:45.006984+00:00,Others,Others.epublibre,UP,200,1165,,
2026-08-26T20:26:45.351195+00:00,Others,Others.epublibre,UP,200,1101,,
2026-08-26T20:27:45.303848+00:00,Others,Others.epublibre,UP,200,196,,
2026-08-26T20:28:45.998789+00:00,Others,Others.epublibre,UP,200,235,,
2026-08-26T20:29:47.482558+00:00,Others,Others.epublibre,UP,200,911,,
2026-08-26T20:30:48.194024+00:00,Others,Others.epublibre,UP,200,823,,
2026-08-26T20:31:49.040645+00:00,Others,Others.epublibre,UP,200,1061,,
2026-08-26T20:32:49.158937+00:00,Others,Others.epublibre,UP,200,810,,
2026-08-26T20:33:50.393392+00:00,Others,Others.epublibre,UP,200,873,,
2026-08-26T20:34:50.968903+00:00,Others,Others.epublibre,UP,200,852,,
2026-08-26T20:35:51.694175+00:00,Others,Others.epublibre,UP,200,673,,
2026-08-26T20:36:52.567455+00:00,Others,Others.epublibre,UP,200,980,,
2026-08-26T20:37:53.251361+00:00,Others,Others.epublibre,UP,200,953,,
2026-08-26T20:38:53.197119+00:00,Others,Others.epublibre,UP,200,755,,
2026-08-26T20:39:54.398337+00:00,Others,Others.epublibre,UP,200,689,,
2026-08-26T20:40:56.316845+00:00,Others,Others.epublibre,UP,200,1822,,
2026-08-26T20:41:55.243934+00:00,Others,Others.epublibre,UP,200,254,,
2026-08-26T20:42:56.532633+00:00,Others,Others.epublibre,UP,200,1165,,
2026-08-26T20:43:57.434408+00:00,Others,Others.epublibre,UP,200,1156,,
2026-08-26T20:44:56.992998+00:00,Others,Others.epublibre,UP,200,910,,
2026-08-26T20:45:57.590393+00:00,Others,Others.epublibre,UP,200,1100,,
2026-08-26T20:46:57.724607+00:00,Others,Others.epublibre,UP,200,1220,,
2026-08-26T20:47:58.174156+00:00,Others,Others.epublibre,UP,200,797,,
2026-08-26T20:48:59.030777+00:00,Others,Others.epublibre,UP,200,779,,
2026-08-26T20:49:59.758516+00:00,Others,Others.epublibre,UP,200,1051,,
2026-08-26T20:51:00.332951+00:00,Others,Others.epublibre,UP,200,999,,
2026-08-26T20:52:00.944206+00:00,Others,Others.epublibre,UP,200,1043,,
2026-08-26T20:53:02.332369+00:00,Others,Others.epublibre,UP,200,1250,,
2026-08-26T20:54:02.183388+00:00,Others,Others.epublibre,UP,200,1152,,
2026-08-26T20:55:03.336606+00:00,Others,Others.epublibre,UP,200,1371,,
2026-08-26T20:56:02.517535+00:00,Others,Others.epublibre,UP,200,317,,
2026-08-26T20:57:03.668101+00:00,Others,Others.epublibre,UP,200,859,,
2026-08-26T20:58:04.458096+00:00,Others,Others.epublibre,UP,200,954,,
2026-08-26T20:59:05.323440+00:00,Others,Others.epublibre,UP,200,780,,
2026-08-26T21:00:06.953195+00:00,Others,Others.epublibre,UP,200,616,,
2026-08-26T21:01:07.841741+00:00,Others,Others.epublibre,UP,200,1523,,
2026-08-26T21:02:07.095804+00:00,Others,Others.epublibre,UP,200,555,,
2026-08-26T21:03:08.247704+00:00,Others,Others.epublibre,UP,200,627,,
2026-08-26T21:04:09.406948+00:00,Others,Others.epublibre,UP,200,824,,
2026-08-26T21:05:10.384949+00:00,Others,Others.epublibre,UP,200,662,,
2026-08-26T21:06:10.036208+00:00,Others,Others.epublibre,UP,200,631,,
2026-08-26T21:07:10.600776+00:00,Others,Others.epublibre,UP,200,566,,
2026-08-26T21:08:11.632397+00:00,Others,Others.epublibre,UP,200,571,,
2026-08-26T21:09:12.300968+00:00,Others,Others.epublibre,UP,200,609,,
2026-08-26T21:10:13.094980+00:00,Others,Others.epublibre,UP,200,595,,
2026-08-26T21:11:14.094936+00:00,Others,Others.epublibre,UP,200,622,,
2026-08-26T21:12:15.192573+00:00,Others,Others.epublibre,UP,200,712,,
2026-08-26T21:13:16.147704+00:00,Others,Others.epublibre,UP,200,547,,
2026-08-26T21:14:16.372755+00:00,Others,Others.epublibre,UP,200,145,,
2026-08-26T21:15:17.367217+00:00,Others,Others.epublibre,UP,200,567,,
2026-08-26T21:16:18.320066+00:00,Others,Others.epublibre,UP,200,589,,
2026-08-26T21:17:19.113093+00:00,Others,Others.epublibre,UP,200,557,,
2026-08-26T21:18:19.315408+00:00,Others,Others.epublibre,UP,200,550,,
2026-08-26T21:19:20.196012+00:00,Others,Others.epublibre,UP,200,581,,
2026-08-26T21:20:21.151596+00:00,Others,Others.epublibre,UP,200,623,,
2026-08-26T21:21:21.965782+00:00,Others,Others.epublibre,UP,200,643,,
2026-08-26T21:22:21.980830+00:00,Others,Others.epublibre,UP,200,134,,
2026-08-26T21:23:25.254605+00:00,Others,Others.epublibre,UP,200,2444,,
2026-08-26T21:24:24.316440+00:00,Others,Others.epublibre,UP,200,547,,
2026-08-26T21:25:24.999788+00:00,Others,Others.epublibre,UP,200,570,,
2026-08-26T21:26:25.979316+00:00,Others,Others.epublibre,UP,200,595,,
2026-08-26T21:27:26.644836+00:00,Others,Others.epublibre,UP,200,581,,
2026-08-26T21:28:27.453691+00:00,Others,Others.epublibre,UP,200,590,,
2026-08-26T21:29:28.208198+00:00,Others,Others.epublibre,UP,200,594,,
2026-08-26T21:30:29.123048+00:00,Others,Others.epublibre,UP,200,617,,
2026-08-26T21:31:29.196682+00:00,Others,Others.epublibre,UP,200,618,,
2026-08-26T21:32:29.579942+00:00,Others,Others.epublibre,UP,200,588,,
2026-08-26T21:33:29.682268+00:00,Others,Others.epublibre,UP,200,143,,
2026-08-26T21:34:31.277677+00:00,Others,Others.epublibre,UP,200,627,,
2026-08-26T21:35:32.109023+00:00,Others,Others.epublibre,UP,200,635,,
2026-08-26T21:36:32.383526+00:00,Others,Others.epublibre,UP,200,135,,
2026-08-26T21:37:33.981514+00:00,Others,Others.epublibre,UP,200,558,,
2026-08-26T21:38:34.598503+00:00,Others,Others.epublibre,UP,200,581,,
2026-08-26T21:39:35.514921+00:00,Others,Others.epublibre,UP,200,635,,
2026-08-26T21:40:39.379844+00:00,Others,Others.epublibre,DEGRADED,200,4314,latency_high,
2026-08-26T21:41:36.458915+00:00,Others,Others.epublibre,UP,200,592,,
2026-08-26T21:42:37.025510+00:00,Others,Others.epublibre,UP,200,579,,
2026-08-26T21:43:38.095505+00:00,Others,Others.epublibre,UP,200,619,,
2026-08-26T21:44:38.873266+00:00,Others,Others.epublibre,UP,200,582,,
2026-08-26T21:45:38.952262+00:00,Others,Others.epublibre,UP,200,558,,
2026-08-26T21:46:39.689813+00:00,Others,Others.epublibre,UP,200,614,,
2026-08-26T21:47:40.826000+00:00,Others,Others.epublibre,UP,200,647,,
2026-08-26T21:48:41.857154+00:00,Others,Others.epublibre,UP,200,561,,
2026-08-26T21:49:42.975338+00:00,Others,Others.epublibre,UP,200,567,,
2026-08-26T21:50:43.493646+00:00,Others,Others.epublibre,UP,200,556,,
2026-08-26T21:51:43.403183+00:00,Others,Others.epublibre,UP,200,554,,
2026-08-26T21:52:44.326421+00:00,Others,Others.epublibre,UP,200,550,,
2026-08-26T21:53:45.115724+00:00,Others,Others.epublibre,UP,200,611,,
2026-08-26T21:54:46.006702+00:00,Others,Others.epublibre,UP,200,563,,
2026-08-26T21:55:46.954584+00:00,Others,Others.epublibre,UP,200,610,,
2026-08-26T21:56:47.762146+00:00,Others,Others.epublibre,UP,200,550,,
2026-08-26T21:57:48.377746+00:00,Others,Others.epublibre,UP,200,577,,
2026-08-26T21:58:49.546742+00:00,Others,Others.epublibre,UP,200,568,,
2026-08-26T21:59:49.675816+00:00,Others,Others.epublibre,UP,200,632,,
2026-08-26T22:00:50.451811+00:00,Others,Others.epublibre,UP,200,555,,
2026-08-26T22:01:50.750718+00:00,Others,Others.epublibre,UP,200,579,,
2026-08-26T22:02:51.627924+00:00,Others,Others.epublibre,UP,200,591,,
2026-08-26T22:03:52.193814+00:00,Others,Others.epublibre,UP,200,594,,
2026-08-26T22:04:53.204053+00:00,Others,Others.epublibre,UP,200,551,,
2026-08-26T22:05:53.793862+00:00,Others,Others.epublibre,UP,200,533,,
2026-08-26T22:06:54.248913+00:00,Others,Others.epublibre,UP,200,132,,
2026-08-26T22:07:55.791613+00:00,Others,Others.epublibre,UP,200,675,,
2026-08-26T22:08:56.459524+00:00,Others,Others.epublibre,UP,200,562,,
2026-08-26T22:09:57.045089+00:00,Others,Others.epublibre,UP,200,566,,
2026-08-26T22:10:57.375941+00:00,Others,Others.epublibre,UP,200,152,,
2026-08-26T22:11:57.731498+00:00,Others,Others.epublibre,UP,200,550,,
2026-08-26T22:12:58.064788+00:00,Others,Others.epublibre,UP,200,137,,
2026-08-26T22:13:59.213086+00:00,Others,Others.epublibre,UP,200,555,,
2026-08-26T22:15:00.268108+00:00,Others,Others.epublibre,UP,200,593,,
2026-08-26T22:16:00.291642+00:00,Others,Others.epublibre,UP,200,145,,
2026-08-26T22:17:01.236765+00:00,Others,Others.epublibre,UP,200,579,,
2026-08-26T22:18:01.759252+00:00,Others,Others.epublibre,UP,200,611,,
2026-08-26T22:19:02.940157+00:00,Others,Others.epublibre,UP,200,608,,
2026-08-26T22:20:04.337560+00:00,Others,Others.epublibre,UP,200,827,,
2026-08-26T22:21:03.936952+00:00,Others,Others.epublibre,UP,200,615,,
2026-08-26T22:22:04.457522+00:00,Others,Others.epublibre,UP,200,557,,
2026-08-26T22:23:05.550401+00:00,Others,Others.epublibre,UP,200,574,,
2026-08-26T22:24:06.263923+00:00,Others,Others.epublibre,UP,200,569,,
2026-08-26T22:25:07.381588+00:00,Others,Others.epublibre,UP,200,662,,
2026-08-26T22:26:07.512551+00:00,Others,Others.epublibre,UP,200,541,,
2026-08-26T22:27:07.977268+00:00,Others,Others.epublibre,UP,200,133,,
2026-08-26T22:28:08.936018+00:00,Others,Others.epublibre,UP,200,559,,
2026-08-26T22:29:09.937587+00:00,Others,Others.epublibre,UP,200,663,,
2026-08-26T22:30:09.983726+00:00,Others,Others.epublibre,UP,200,595,,
2026-08-26T22:31:10.274685+00:00,Others,Others.epublibre,UP,200,554,,
2026-08-26T22:32:11.078901+00:00,Others,Others.epublibre,UP,200,550,,
2026-08-26T22:33:12.110830+00:00,Others,Others.epublibre,UP,200,582,,
2026-08-26T22:34:18.289731+00:00,Others,Others.epublibre,DEGRADED,200,5989,latency_high,
2026-08-26T22:35:13.499393+00:00,Others,Others.epublibre,UP,200,566,,
2026-08-26T22:36:14.479614+00:00,Others,Others.epublibre,UP,200,587,,
2026-08-26T22:37:14.657622+00:00,Others,Others.epublibre,UP,200,593,,
2026-08-26T22:38:15.109774+00:00,Others,Others.epublibre,UP,200,559,,
2026-08-26T22:39:16.105243+00:00,Others,Others.epublibre,UP,200,544,,
2026-08-26T22:40:23.248738+00:00,Others,Others.epublibre,DEGRADED,200,6975,latency_high,
2026-08-26T22:41:17.020368+00:00,Others,Others.epublibre,UP,200,555,,
2026-08-26T22:42:17.665528+00:00,Others,Others.epublibre,UP,200,605,,
2026-08-26T22:43:17.734864+00:00,Others,Others.epublibre,UP,200,138,,
2026-08-26T22:44:19.187869+00:00,Others,Others.epublibre,UP,200,603,,
2026-08-26T22:45:20.266730+00:00,Others,Others.epublibre,UP,200,638,,
2026-08-26T22:46:20.915736+00:00,Others,Others.epublibre,UP,200,571,,
2026-08-26T22:47:21.963557+00:00,Others,Others.epublibre,UP,200,673,,
2026-08-26T22:48:22.076475+00:00,Others,Others.epublibre,UP,200,147,,
2026-08-26T22:49:22.878885+00:00,Others,Others.epublibre,UP,200,560,,
2026-08-26T22:50:23.725805+00:00,Others,Others.epublibre,UP,200,662,,
2026-08-26T22:51:23.403485+00:00,Others,Others.epublibre,UP,200,140,,
2026-08-26T22:52:23.746307+00:00,Others,Others.epublibre,UP,200,565,,
2026-08-26T22:53:24.855915+00:00,Others,Others.epublibre,UP,200,571,,
2026-08-26T22:54:25.188130+00:00,Others,Others.epublibre,UP,200,578,,
2026-08-26T22:55:26.609882+00:00,Others,Others.epublibre,UP,200,637,,
2026-08-26T22:56:27.336951+00:00,Others,Others.epublibre,UP,200,565,,
2026-08-26T22:57:27.683630+00:00,Others,Others.epublibre,UP,200,582,,
2026-08-26T22:58:28.530734+00:00,Others,Others.epublibre,UP,200,593,,
2026-08-26T22:59:29.196851+00:00,Others,Others.epublibre,UP,200,556,,
2026-08-26T23:00:29.407089+00:00,Others,Others.epublibre,UP,200,576,,
2026-08-26T23:01:30.308826+00:00,Others,Others.epublibre,UP,200,561,,
2026-08-26T23:02:31.011088+00:00,Others,Others.epublibre,UP,200,713,,
2026-08-26T23:03:31.137013+00:00,Others,Others.epublibre,UP,200,559,,
2026-08-26T23:04:32.024895+00:00,Others,Others.epublibre,UP,200,561,,
2026-08-26T23:05:32.986810+00:00,Others,Others.epublibre,UP,200,586,,
2026-08-26T23:06:33.892613+00:00,Others,Others.epublibre,UP,200,594,,
2026-08-26T23:07:34.776950+00:00,Others,Others.epublibre,UP,200,574,,
2026-08-26T23:08:35.491505+00:00,Others,Others.epublibre,UP,200,573,,
2026-08-26T23:09:35.996427+00:00,Others,Others.epublibre,UP,200,551,,
2026-08-26T23:10:36.874436+00:00,Others,Others.epublibre,UP,200,612,,
2026-08-26T23:11:37.321219+00:00,Others,Others.epublibre,UP,200,565,,
2026-08-26T23:12:39.292127+00:00,Others,Others.epublibre,UP,200,1375,,
2026-08-26T23:13:39.109478+00:00,Others,Others.epublibre,UP,200,566,,
2026-08-26T23:14:40.136359+00:00,Others,Others.epublibre,UP,200,593,,
2026-08-26T23:15:41.143509+00:00,Others,Others.epublibre,UP,200,649,,
2026-08-26T23:16:41.594831+00:00,Others,Others.epublibre,UP,200,607,,
2026-08-26T23:17:42.683877+00:00,Others,Others.epublibre,UP,200,562,,
2026-08-26T23:18:43.030308+00:00,Others,Others.epublibre,UP,200,135,,
2026-08-26T23:19:44.164042+00:00,Others,Others.epublibre,UP,200,564,,
2026-08-26T23:20:44.324455+00:00,Others,Others.epublibre,UP,200,562,,
2026-08-26T23:21:45.361582+00:00,Others,Others.epublibre,UP,200,597,,
2026-08-26T23:22:45.943014+00:00,Others,Others.epublibre,UP,200,132,,
2026-08-26T23:23:46.635789+00:00,Others,Others.epublibre,UP,200,145,,
2026-08-26T23:24:46.735822+00:00,Others,Others.epublibre,UP,200,567,,
2026-08-26T23:25:47.040819+00:00,Others,Others.epublibre,UP,200,589,,
2026-08-26T23:26:47.732783+00:00,Others,Others.epublibre,UP,200,572,,
2026-08-26T23:27:48.259905+00:00,Others,Others.epublibre,UP,200,138,,
2026-08-26T23:28:49.227571+00:00,Others,Others.epublibre,UP,200,555,,
2026-08-26T23:29:50.077868+00:00,Others,Others.epublibre,UP,200,633,,
2026-08-26T23:30:50.344539+00:00,Others,Others.epublibre,UP,200,591,,
2026-08-26T23:31:50.274131+00:00,Others,Others.epublibre,UP,200,591,,
2026-08-26T23:32:51.002604+00:00,Others,Others.epublibre,UP,200,140,,
2026-08-26T23:33:51.884952+00:00,Others,Others.epublibre,UP,200,556,,
2026-08-26T23:34:52.598223+00:00,Others,Others.epublibre,UP,200,562,,
2026-08-26T23:35:53.221076+00:00,Others,Others.epublibre,UP,200,549,,
2026-08-26T23:36:54.159979+00:00,Others,Others.epublibre,UP,200,559,,
2026-08-26T23:37:54.903189+00:00,Others,Others.epublibre,UP,200,556,,
2026-08-26T23:38:55.443775+00:00,Others,Others.epublibre,UP,200,574,,
2026-08-26T23:39:56.450004+00:00,Others,Others.epublibre,UP,200,662,,
2026-08-26T23:40:57.229248+00:00,Others,Others.epublibre,UP,200,697,,
2026-08-26T23:41:58.040921+00:00,Others,Others.epublibre,UP,200,592,,
2026-08-26T23:42:58.741794+00:00,Others,Others.epublibre,UP,200,565,,
2026-08-26T23:43:58.628488+00:00,Others,Others.epublibre,UP,200,621,,
2026-08-26T23:44:58.912476+00:00,Others,Others.epublibre,UP,200,621,,
2026-08-26T23:45:59.872343+00:00,Others,Others.epublibre,UP,200,586,,
2026-08-26T23:47:00.047793+00:00,Others,Others.epublibre,UP,200,624,,
2026-08-26T23:48:00.272876+00:00,Others,Others.epublibre,UP,200,604,,
2026-08-26T23:49:00.793507+00:00,Others,Others.epublibre,UP,200,667,,
2026-08-26T23:50:00.463267+00:00,Others,Others.epublibre,UP,200,648,,
2026-08-26T23:51:00.899987+00:00,Others,Others.epublibre,UP,200,674,,
2026-08-26T23:52:01.299067+00:00,Others,Others.epublibre,UP,200,553,,
2026-08-26T23:53:02.154959+00:00,Others,Others.epublibre,UP,200,590,,
2026-08-26T23:54:03.097792+00:00,Others,Others.epublibre,UP,200,571,,
2026-08-26T23:55:03.397008+00:00,Others,Others.epublibre,UP,200,164,,
2026-08-26T23:56:04.418075+00:00,Others,Others.epublibre,UP,200,561,,
2026-08-26T23:57:04.642647+00:00,Others,Others.epublibre,UP,200,662,,
2026-08-26T23:58:05.720548+00:00,Others,Others.epublibre,UP,200,572,,
2026-08-26T23:59:06.184749+00:00,Others,Others.epublibre,UP,200,998,,
2026-08-27T00:00:08.238361+00:00,Others,Others.epublibre,UP,200,717,,
2026-08-27T00:01:06.784935+00:00,Others,Others.epublibre,UP,200,142,,
2026-08-27T00:02:06.601165+00:00,Others,Others.epublibre,UP,200,141,,
2026-08-27T00:03:07.947628+00:00,Others,Others.epublibre,UP,200,591,,
2026-08-27T00:04:08.625235+00:00,Others,Others.epublibre,UP,200,609,,
2026-08-27T00:05:09.116780+00:00,Others,Others.epublibre,UP,200,662,,
2026-08-27T00:06:09.200610+00:00,Others,Others.epublibre,UP,200,560,,
2026-08-27T00:07:09.321235+00:00,Others,Others.epublibre,UP,200,590,,
2026-08-27T00:08:09.569035+00:00,Others,Others.epublibre,UP,200,574,,
2026-08-27T00:09:10.319952+00:00,Others,Others.epublibre,UP,200,575,,
2026-08-27T00:10:10.621728+00:00,Others,Others.epublibre,UP,200,632,,
2026-08-27T00:11:11.087838+00:00,Others,Others.epublibre,UP,200,619,,
2026-08-27T00:12:11.203853+00:00,Others,Others.epublibre,UP,200,549,,
2026-08-27T00:13:11.141805+00:00,Others,Others.epublibre,UP,200,639,,
2026-08-27T00:14:11.601581+00:00,Others,Others.epublibre,UP,200,141,,
2026-08-27T00:15:12.368997+00:00,Others,Others.epublibre,UP,200,606,,
2026-08-27T00:16:13.106264+00:00,Others,Others.epublibre,UP,200,779,,
2026-08-27T00:17:12.590197+00:00,Others,Others.epublibre,UP,200,572,,
2026-08-27T00:18:12.637136+00:00,Others,Others.epublibre,UP,200,579,,
2026-08-27T00:19:13.626439+00:00,Others,Others.epublibre,UP,200,582,,
2026-08-27T00:20:14.704907+00:00,Others,Others.epublibre,UP,200,635,,
2026-08-27T00:21:14.805442+00:00,Others,Others.epublibre,UP,200,575,,
2026-08-27T00:22:15.609626+00:00,Others,Others.epublibre,UP,200,616,,
2026-08-27T00:23:16.329692+00:00,Others,Others.epublibre,UP,200,585,,
2026-08-27T00:24:16.594919+00:00,Others,Others.epublibre,UP,200,637,,
2026-08-27T00:25:17.024405+00:00,Others,Others.epublibre,UP,200,629,,
2026-08-27T00:26:17.773190+00:00,Others,Others.epublibre,UP,200,579,,
2026-08-27T00:27:17.881904+00:00,Others,Others.epublibre,UP,200,616,,
2026-08-27T00:28:17.967002+00:00,Others,Others.epublibre,UP,200,576,,
2026-08-27T00:29:18.670454+00:00,Others,Others.epublibre,UP,200,579,,
2026-08-27T00:30:19.873056+00:00,Others,Others.epublibre,UP,200,674,,
2026-08-27T00:31:20.291792+00:00,Others,Others.epublibre,UP,200,563,,
2026-08-27T00:32:21.169847+00:00,Others,Others.epublibre,UP,200,604,,
2026-08-27T00:33:21.930660+00:00,Others,Others.epublibre,UP,200,593,,
2026-08-27T00:34:22.545422+00:00,Others,Others.epublibre,UP,200,556,,
2026-08-27T00:35:23.542889+00:00,Others,Others.epublibre,UP,200,680,,
2026-08-27T00:36:37.592798+00:00,Others,Others.epublibre,DEGRADED,200,14523,latency_high,
2026-08-27T00:37:24.479735+00:00,Others,Others.epublibre,UP,200,599,,
2026-08-27T00:38:25.312355+00:00,Others,Others.epublibre,UP,200,551,,
2026-08-27T00:39:25.677700+00:00,Others,Others.epublibre,UP,200,142,,
2026-08-27T00:40:32.412627+00:00,Others,Others.epublibre,DEGRADED,200,6702,latency_high,
2026-08-27T00:41:25.939685+00:00,Others,Others.epublibre,UP,200,585,,
2026-08-27T00:42:26.170198+00:00,Others,Others.epublibre,UP,200,590,,
2026-08-27T00:43:26.943243+00:00,Others,Others.epublibre,UP,200,617,,
2026-08-27T00:44:28.168822+00:00,Others,Others.epublibre,UP,200,552,,
2026-08-27T00:45:27.843068+00:00,Others,Others.epublibre,UP,200,582,,
2026-08-27T00:46:29.209460+00:00,Others,Others.epublibre,UP,200,643,,
2026-08-27T00:47:29.572567+00:00,Others,Others.epublibre,UP,200,586,,
2026-08-27T00:48:30.459037+00:00,Others,Others.epublibre,UP,200,591,,
2026-08-27T00:49:30.805412+00:00,Others,Others.epublibre,UP,200,139,,
2026-08-27T00:50:32.061492+00:00,Others,Others.epublibre,UP,200,618,,
2026-08-27T00:51:33.050869+00:00,Others,Others.epublibre,UP,200,607,,
2026-08-27T00:52:33.037733+00:00,Others,Others.epublibre,UP,200,550,,
2026-08-27T00:53:34.038546+00:00,Others,Others.epublibre,UP,200,573,,
2026-08-27T00:54:34.778408+00:00,Others,Others.epublibre,UP,200,540,,
2026-08-27T00:55:34.930712+00:00,Others,Others.epublibre,UP,200,133,,
2026-08-27T00:56:41.601010+00:00,Others,Others.epublibre,DEGRADED,200,6098,latency_high,
2026-08-27T00:57:36.948794+00:00,Others,Others.epublibre,UP,200,548,,
2026-08-27T00:58:37.861060+00:00,Others,Others.epublibre,UP,200,609,,
2026-08-27T00:59:38.789835+00:00,Others,Others.epublibre,UP,200,574,,
2026-08-27T01:00:38.842949+00:00,Others,Others.epublibre,UP,200,558,,
2026-08-27T01:01:39.619855+00:00,Others,Others.epublibre,UP,200,561,,
2026-08-27T01:02:40.358988+00:00,Others,Others.epublibre,UP,200,612,,
2026-08-27T01:03:41.473078+00:00,Others,Others.epublibre,UP,200,617,,
2026-08-27T01:04:42.286826+00:00,Others,Others.epublibre,UP,200,573,,
2026-08-27T01:05:42.867883+00:00,Others,Others.epublibre,UP,200,544,,
2026-08-27T01:06:42.937306+00:00,Others,Others.epublibre,UP,200,602,,
2026-08-27T01:07:44.386801+00:00,Others,Others.epublibre,UP,200,626,,
2026-08-27T01:08:43.847785+00:00,Others,Others.epublibre,UP,200,536,,
2026-08-27T01:09:44.232515+00:00,Others,Others.epublibre,UP,200,572,,
2026-08-27T01:10:45.282954+00:00,Others,Others.epublibre,UP,200,575,,
2026-08-27T01:11:46.281425+00:00,Others,Others.epublibre,UP,200,717,,
2026-08-27T01:12:46.191719+00:00,Others,Others.epublibre,UP,200,556,,
2026-08-27T01:13:46.996654+00:00,Others,Others.epublibre,UP,200,588,,
2026-08-27T01:14:47.906160+00:00,Others,Others.epublibre,UP,200,550,,
2026-08-27T01:15:49.019256+00:00,Others,Others.epublibre,UP,200,606,,
2026-08-27T01:16:49.642788+00:00,Others,Others.epublibre,UP,200,604,,
2026-08-27T01:17:50.647259+00:00,Others,Others.epublibre,UP,200,632,,
2026-08-27T01:18:50.553836+00:00,Others,Others.epublibre,UP,200,139,,
2026-08-27T01:19:51.862252+00:00,Others,Others.epublibre,UP,200,571,,
2026-08-27T01:20:52.827128+00:00,Others,Others.epublibre,UP,200,678,,
2026-08-27T01:21:53.242024+00:00,Others,Others.epublibre,UP,200,564,,
2026-08-27T01:22:53.715297+00:00,Others,Others.epublibre,UP,200,560,,
2026-08-27T01:23:53.670499+00:00,Others,Others.epublibre,UP,200,139,,
2026-08-27T01:24:54.850542+00:00,Others,Others.epublibre,UP,200,589,,
2026-08-27T01:25:55.163928+00:00,Others,Others.epublibre,UP,200,593,,
2026-08-27T01:26:56.004442+00:00,Others,Others.epublibre,UP,200,585,,
2026-08-27T01:27:56.602188+00:00,Others,Others.epublibre,UP,200,577,,
2026-08-27T01:28:56.477012+00:00,Others,Others.epublibre,UP,200,138,,
2026-08-27T01:29:57.167966+00:00,Others,Others.epublibre,UP,200,584,,
2026-08-27T01:30:58.108947+00:00,Others,Others.epublibre,UP,200,550,,
2026-08-27T01:31:58.463341+00:00,Others,Others.epublibre,UP,200,137,,
2026-08-27T01:32:59.314082+00:00,Others,Others.epublibre,UP,200,611,,
2026-08-27T01:33:59.202148+00:00,Others,Others.epublibre,UP,200,568,,
2026-08-27T01:34:58.967681+00:00,Others,Others.epublibre,UP,200,139,,
2026-08-27T01:36:00.179919+00:00,Others,Others.epublibre,UP,200,614,,
2026-08-27T01:37:00.399626+00:00,Others,Others.epublibre,UP,200,701,,
2026-08-27T01:38:00.368988+00:00,Others,Others.epublibre,UP,200,567,,
2026-08-27T01:39:00.562840+00:00,Others,Others.epublibre,UP,200,156,,
2026-08-27T01:40:02.474574+00:00,Others,Others.epublibre,UP,200,832,,
2026-08-27T01:41:01.971201+00:00,Others,Others.epublibre,UP,200,145,,
2026-08-27T01:42:02.782212+00:00,Others,Others.epublibre,UP,200,596,,
2026-08-27T01:43:02.308969+00:00,Others,Others.epublibre,UP,200,160,,
2026-08-27T01:44:03.697631+00:00,Others,Others.epublibre,UP,200,598,,
2026-08-27T01:45:04.686189+00:00,Others,Others.epublibre,UP,200,586,,
2026-08-27T01:46:04.911033+00:00,Others,Others.epublibre,UP,200,662,,
2026-08-27T01:47:05.610389+00:00,Others,Others.epublibre,UP,200,577,,
2026-08-27T01:48:06.532755+00:00,Others,Others.epublibre,UP,200,618,,
2026-08-27T01:49:06.578618+00:00,Others,Others.epublibre,UP,200,563,,
2026-08-27T01:50:07.454947+00:00,Others,Others.epublibre,UP,200,654,,
2026-08-27T01:51:07.925780+00:00,Others,Others.epublibre,UP,200,981,,
2026-08-27T01:52:07.829678+00:00,Others,Others.epublibre,UP,200,636,,
2026-08-27T01:53:07.297475+00:00,Others,Others.epublibre,UP,200,138,,
2026-08-27T01:54:08.878922+00:00,Others,Others.epublibre,UP,200,593,,
2026-08-27T01:55:09.351912+00:00,Others,Others.epublibre,UP,200,577,,
2026-08-27T01:56:10.293744+00:00,Others,Others.epublibre,UP,200,613,,
2026-08-27T01:57:10.815152+00:00,Others,Others.epublibre,UP,200,553,,
2026-08-27T01:58:11.552798+00:00,Others,Others.epublibre,UP,200,556,,
2026-08-27T01:59:12.542304+00:00,Others,Others.epublibre,UP,200,620,,
2026-08-27T02:00:13.472864+00:00,Others,Others.epublibre,UP,200,580,,
2026-08-27T02:01:14.012570+00:00,Others,Others.epublibre,UP,200,606,,
2026-08-27T02:02:14.767782+00:00,Others,Others.epublibre,UP,200,553,,
2026-08-27T02:03:15.904536+00:00,Others,Others.epublibre,UP,200,558,,
2026-08-27T02:04:15.932173+00:00,Others,Others.epublibre,UP,200,672,,
2026-08-27T02:05:16.099616+00:00,Others,Others.epublibre,UP,200,577,,
2026-08-27T02:06:16.216089+00:00,Others,Others.epublibre,UP,200,580,,
2026-08-27T02:07:16.414547+00:00,Others,Others.epublibre,UP,200,627,,
2026-08-27T02:08:17.198426+00:00,Others,Others.epublibre,UP,200,548,,
2026-08-27T02:09:17.526848+00:00,Others,Others.epublibre,UP,200,593,,
2026-08-27T02:10:18.250765+00:00,Others,Others.epublibre,UP,200,632,,
2026-08-27T02:11:19.124141+00:00,Others,Others.epublibre,UP,200,538,,
2026-08-27T02:12:20.134879+00:00,Others,Others.epublibre,UP,200,548,,
2026-08-27T02:13:20.664522+00:00,Others,Others.epublibre,UP,200,562,,
2026-08-27T02:14:21.778105+00:00,Others,Others.epublibre,UP,200,589,,
2026-08-27T02:15:22.296580+00:00,Others,Others.epublibre,UP,200,700,,
2026-08-27T02:16:22.653308+00:00,Others,Others.epublibre,UP,200,568,,
2026-08-27T02:17:24.371683+00:00,Others,Others.epublibre,UP,200,578,,
2026-08-27T02:18:25.520947+00:00,Others,Others.epublibre,UP,200,688,,
2026-08-27T02:19:25.942629+00:00,Others,Others.epublibre,UP,200,603,,
2026-08-27T02:20:26.935107+00:00,Others,Others.epublibre,UP,200,551,,
2026-08-27T02:21:26.963997+00:00,Others,Others.epublibre,UP,200,611,,
2026-08-27T02:22:27.186388+00:00,Others,Others.epublibre,UP,200,133,,
2026-08-27T02:23:27.884158+00:00,Others,Others.epublibre,UP,200,556,,
2026-08-27T02:24:27.795805+00:00,Others,Others.epublibre,UP,200,538,,
2026-08-27T02:25:28.499145+00:00,Others,Others.epublibre,UP,200,563,,
2026-08-27T02:26:28.588468+00:00,Others,Others.epublibre,UP,200,557,,
2026-08-27T02:27:29.549472+00:00,Others,Others.epublibre,UP,200,707,,
2026-08-27T02:28:30.071938+00:00,Others,Others.epublibre,UP,200,595,,
2026-08-27T02:29:30.625674+00:00,Others,Others.epublibre,UP,200,558,,
2026-08-27T02:30:31.798939+00:00,Others,Others.epublibre,UP,200,606,,
2026-08-27T02:31:32.030821+00:00,Others,Others.epublibre,UP,200,615,,
2026-08-27T02:32:32.032832+00:00,Others,Others.epublibre,UP,200,566,,
2026-08-27T02:33:33.081822+00:00,Others,Others.epublibre,UP,200,592,,
2026-08-27T02:34:33.800720+00:00,Others,Others.epublibre,UP,200,558,,
2026-08-27T02:35:34.675229+00:00,Others,Others.epublibre,UP,200,563,,
2026-08-27T02:36:35.384423+00:00,Others,Others.epublibre,UP,200,550,,
2026-08-27T02:37:36.290158+00:00,Others,Others.epublibre,UP,200,606,,
2026-08-27T02:38:36.986035+00:00,Others,Others.epublibre,UP,200,608,,
2026-08-27T02:39:38.268749+00:00,Others,Others.epublibre,UP,200,612,,
2026-08-27T02:40:38.525822+00:00,Others,Others.epublibre,UP,200,598,,
2026-08-27T02:41:38.418914+00:00,Others,Others.epublibre,UP,200,566,,
2026-08-27T02:42:39.174576+00:00,Others,Others.epublibre,UP,200,142,,
2026-08-27T02:43:40.382564+00:00,Others,Others.epublibre,UP,200,574,,
2026-08-27T02:44:41.369172+00:00,Others,Others.epublibre,UP,200,591,,
2026-08-27T02:45:42.249291+00:00,Others,Others.epublibre,UP,200,563,,
2026-08-27T02:46:42.941540+00:00,Others,Others.epublibre,UP,200,532,,
2026-08-27T02:47:43.826568+00:00,Others,Others.epublibre,UP,200,618,,
2026-08-27T02:48:43.985199+00:00,Others,Others.epublibre,UP,200,572,,
2026-08-27T02:49:44.771812+00:00,Others,Others.epublibre,UP,200,557,,
2026-08-27T02:50:45.890789+00:00,Others,Others.epublibre,UP,200,619,,
2026-08-27T02:51:46.112564+00:00,Others,Others.epublibre,UP,200,558,,
2026-08-27T02:52:46.805952+00:00,Others,Others.epublibre,UP,200,602,,
2026-08-27T02:53:47.390677+00:00,Others,Others.epublibre,UP,200,564,,
2026-08-27T02:54:48.489763+00:00,Others,Others.epublibre,UP,200,654,,
2026-08-27T02:55:48.588925+00:00,Others,Others.epublibre,UP,200,569,,
2026-08-27T02:56:49.467415+00:00,Others,Others.epublibre,UP,200,571,,
2026-08-27T02:57:50.468452+00:00,Others,Others.epublibre,UP,200,628,,
2026-08-27T02:58:50.905540+00:00,Others,Others.epublibre,UP,200,135,,
2026-08-27T02:59:51.708148+00:00,Others,Others.epublibre,UP,200,571,,
2026-08-27T03:00:51.992487+00:00,Others,Others.epublibre,UP,200,570,,
2026-08-27T03:01:52.232756+00:00,Others,Others.epublibre,UP,200,579,,
2026-08-27T03:02:52.651126+00:00,Others,Others.epublibre,UP,200,144,,
2026-08-27T03:03:52.978256+00:00,Others,Others.epublibre,UP,200,571,,
2026-08-27T03:04:53.337881+00:00,Others,Others.epublibre,UP,200,598,,
2026-08-27T03:05:53.795602+00:00,Others,Others.epublibre,UP,200,593,,
2026-08-27T03:06:53.566488+00:00,Others,Others.epublibre,UP,200,148,,
2026-08-27T03:07:53.819617+00:00,Others,Others.epublibre,UP,200,558,,
2026-08-27T03:08:54.986374+00:00,Others,Others.epublibre,UP,200,544,,
2026-08-27T03:09:55.840731+00:00,Others,Others.epublibre,UP,200,627,,
2026-08-27T03:10:56.217847+00:00,Others,Others.epublibre,UP,200,560,,
2026-08-27T03:11:56.343919+00:00,Others,Others.epublibre,UP,200,530,,
2026-08-27T03:12:56.729488+00:00,Others,Others.epublibre,UP,200,717,,
2026-08-27T03:13:56.457040+00:00,Others,Others.epublibre,UP,200,550,,
2026-08-27T03:14:58.909198+00:00,Others,Others.epublibre,UP,200,2477,,
2026-08-27T03:15:57.508503+00:00,Others,Others.epublibre,UP,200,588,,
2026-08-27T03:16:57.608829+00:00,Others,Others.epublibre,UP,200,753,,
2026-08-27T03:17:57.554226+00:00,Others,Others.epublibre,UP,200,555,,
2026-08-27T03:18:58.653854+00:00,Others,Others.epublibre,UP,200,586,,
2026-08-27T03:19:58.146895+00:00,Others,Others.epublibre,UP,200,139,,
2026-08-27T03:20:59.315041+00:00,Others,Others.epublibre,UP,200,575,,
2026-08-27T03:22:00.337197+00:00,Others,Others.epublibre,UP,200,586,,
2026-08-27T03:23:00.110452+00:00,Others,Others.epublibre,UP,200,560,,
2026-08-27T03:24:01.337892+00:00,Others,Others.epublibre,UP,200,590,,
2026-08-27T03:25:02.408965+00:00,Others,Others.epublibre,UP,200,763,,
2026-08-27T03:26:02.902974+00:00,Others,Others.epublibre,UP,200,784,,
2026-08-27T03:27:03.407536+00:00,Others,Others.epublibre,UP,200,545,,
2026-08-27T03:28:04.259175+00:00,Others,Others.epublibre,UP,200,591,,
2026-08-27T03:29:05.500290+00:00,Others,Others.epublibre,UP,200,571,,
2026-08-27T03:30:05.568722+00:00,Others,Others.epublibre,UP,200,681,,
2026-08-27T03:31:05.651095+00:00,Others,Others.epublibre,UP,200,577,,
2026-08-27T03:32:06.846512+00:00,Others,Others.epublibre,UP,200,583,,
2026-08-27T03:33:07.625258+00:00,Others,Others.epublibre,UP,200,541,,
2026-08-27T03:34:08.666842+00:00,Others,Others.epublibre,UP,200,568,,
2026-08-27T03:35:09.026207+00:00,Others,Others.epublibre,UP,200,590,,
2026-08-27T03:36:09.871109+00:00,Others,Others.epublibre,UP,200,560,,
2026-08-27T03:37:10.096198+00:00,Others,Others.epublibre,UP,200,590,,
2026-08-27T03:38:11.242533+00:00,Others,Others.epublibre,UP,200,615,,
2026-08-27T03:39:11.536682+00:00,Others,Others.epublibre,UP,200,598,,
2026-08-27T03:40:12.069550+00:00,Others,Others.epublibre,UP,200,759,,
2026-08-27T03:41:12.177916+00:00,Others,Others.epublibre,UP,200,581,,
2026-08-27T03:42:12.922728+00:00,Others,Others.epublibre,UP,200,719,,
2026-08-27T03:43:13.768005+00:00,Others,Others.epublibre,UP,200,593,,
2026-08-27T03:44:14.082492+00:00,Others,Others.epublibre,UP,200,139,,
2026-08-27T03:45:15.020441+00:00,Others,Others.epublibre,UP,200,598,,
2026-08-27T03:46:16.073589+00:00,Others,Others.epublibre,UP,200,754,,
2026-08-27T03:47:16.021481+00:00,Others,Others.epublibre,UP,200,565,,
2026-08-27T03:48:16.507960+00:00,Others,Others.epublibre,UP,200,541,,
2026-08-27T03:49:16.795863+00:00,Others,Others.epublibre,UP,200,137,,
2026-08-27T03:50:18.401776+00:00,Others,Others.epublibre,UP,200,710,,
2026-08-27T03:51:18.490940+00:00,Others,Others.epublibre,UP,200,536,,
2026-08-27T03:52:18.964063+00:00,Others,Others.epublibre,UP,200,548,,
2026-08-27T03:53:19.249544+00:00,Others,Others.epublibre,UP,200,135,,
2026-08-27T03:54:19.517571+00:00,Others,Others.epublibre,UP,200,578,,
2026-08-27T03:55:20.896622+00:00,Others,Others.epublibre,UP,200,607,,
2026-08-27T03:56:21.294696+00:00,Others,Others.epublibre,UP,200,590,,
2026-08-27T03:57:21.899337+00:00,Others,Others.epublibre,UP,200,555,,
2026-08-27T03:58:22.751816+00:00,Others,Others.epublibre,UP,200,548,,
2026-08-27T03:59:23.542640+00:00,Others,Others.epublibre,UP,200,627,,
2026-08-27T04:00:24.276700+00:00,Others,Others.epublibre,UP,200,570,,
2026-08-27T04:01:24.530632+00:00,Others,Others.epublibre,UP,200,582,,
2026-08-27T04:02:24.447664+00:00,Others,Others.epublibre,UP,200,584,,
2026-08-27T04:03:25.260697+00:00,Others,Others.epublibre,UP,200,594,,
2026-08-27T04:04:25.878971+00:00,Others,Others.epublibre,UP,200,549,,
2026-08-27T04:05:26.930876+00:00,Others,Others.epublibre,UP,200,575,,
2026-08-27T04:06:27.588900+00:00,Others,Others.epublibre,UP,200,537,,
2026-08-27T04:07:37.370107+00:00,Others,Others.epublibre,DEGRADED,200,9313,latency_high,
2026-08-27T04:08:29.469197+00:00,Others,Others.epublibre,UP,200,571,,
2026-08-27T04:09:29.474792+00:00,Others,Others.epublibre,UP,200,567,,
2026-08-27T04:10:30.288167+00:00,Others,Others.epublibre,UP,200,542,,
2026-08-27T04:11:31.412665+00:00,Others,Others.epublibre,UP,200,605,,
2026-08-27T04:12:31.222677+00:00,Others,Others.epublibre,UP,200,603,,
2026-08-27T04:13:31.749010+00:00,Others,Others.epublibre,UP,200,547,,
2026-08-27T04:14:32.600290+00:00,Others,Others.epublibre,UP,200,536,,
2026-08-27T04:15:33.370127+00:00,Others,Others.epublibre,UP,200,586,,
2026-08-27T04:16:34.904934+00:00,Others,Others.epublibre,UP,200,959,,
2026-08-27T04:17:34.560249+00:00,Others,Others.epublibre,UP,200,565,,
2026-08-27T04:18:41.136533+00:00,Others,Others.epublibre,DEGRADED,200,6400,latency_high,
2026-08-27T04:19:36.367767+00:00,Others,Others.epublibre,UP,200,614,,
2026-08-27T04:20:36.187660+00:00,Others,Others.epublibre,UP,200,561,,
2026-08-27T04:21:36.943111+00:00,Others,Others.epublibre,UP,200,544,,
2026-08-27T04:22:37.308902+00:00,Others,Others.epublibre,UP,200,620,,
2026-08-27T04:23:37.393978+00:00,Others,Others.epublibre,DOWN,,,connection_refused,
2026-08-27T04:24:39.018070+00:00,Others,Others.epublibre,UP,200,640,,
2026-08-27T04:25:39.670594+00:00,Others,Others.epublibre,UP,200,548,,
2026-08-27T04:26:40.181427+00:00,Others,Others.epublibre,UP,200,536,,
2026-08-27T04:27:41.020084+00:00,Others,Others.epublibre,UP,200,559,,
2026-08-27T04:28:41.886480+00:00,Others,Others.epublibre,UP,200,599,,
2026-08-27T04:29:42.636001+00:00,Others,Others.epublibre,UP,200,557,,
2026-08-27T04:30:43.663800+00:00,Others,Others.epublibre,UP,200,589,,
2026-08-27T04:31:44.506881+00:00,Others,Others.epublibre,UP,200,542,,
2026-08-27T04:32:45.272101+00:00,Others,Others.epublibre,UP,200,609,,
2026-08-27T04:33:45.973664+00:00,Others,Others.epublibre,UP,200,549,,
2026-08-27T04:34:46.617112+00:00,Others,Others.epublibre,UP,200,550,,
2026-08-27T04:35:47.637056+00:00,Others,Others.epublibre,UP,200,545,,
2026-08-27T04:36:48.728755+00:00,Others,Others.epublibre,UP,200,603,,
2026-08-27T04:37:49.338937+00:00,Others,Others.epublibre,UP,200,544,,
2026-08-27T04:38:49.976536+00:00,Others,Others.epublibre,UP,200,559,,
2026-08-27T04:39:50.373269+00:00,Others,Others.epublibre,UP,200,537,,
2026-08-27T04:40:51.609728+00:00,Others,Others.epublibre,UP,200,618,,
2026-08-27T04:41:52.577484+00:00,Others,Others.epublibre,UP,200,563,,
2026-08-27T04:42:52.817930+00:00,Others,Others.epublibre,UP,200,569,,
2026-08-27T04:43:53.644053+00:00,Others,Others.epublibre,UP,200,614,,
2026-08-27T04:44:54.788774+00:00,Others,Others.epublibre,UP,200,628,,
2026-08-27T04:45:55.646307+00:00,Others,Others.epublibre,UP,200,549,,
2026-08-27T04:46:56.072367+00:00,Others,Others.epublibre,UP,200,590,,
2026-08-27T04:47:56.645194+00:00,Others,Others.epublibre,UP,200,561,,
2026-08-27T04:48:58.043170+00:00,Others,Others.epublibre,UP,200,667,,
2026-08-27T04:49:59.134466+00:00,Others,Others.epublibre,UP,200,534,,
2026-08-27T04:50:58.992809+00:00,Others,Others.epublibre,UP,200,556,,
2026-08-27T04:51:59.782571+00:00,Others,Others.epublibre,UP,200,575,,
2026-08-27T04:53:00.887577+00:00,Others,Others.epublibre,UP,200,664,,
2026-08-27T04:54:00.590882+00:00,Others,Others.epublibre,UP,200,606,,
2026-08-27T04:55:01.333658+00:00,Others,Others.epublibre,UP,200,540,,
2026-08-27T04:56:02.128255+00:00,Others,Others.epublibre,UP,200,155,,
2026-08-27T04:57:03.250571+00:00,Others,Others.epublibre,UP,200,589,,
2026-08-27T04:58:03.930866+00:00,Others,Others.epublibre,UP,200,663,,
2026-08-27T04:59:10.574030+00:00,Others,Others.epublibre,DEGRADED,200,7174,latency_high,
2026-08-27T05:00:05.166397+00:00,Others,Others.epublibre,UP,200,654,,
2026-08-27T05:01:04.769012+00:00,Others,Others.epublibre,UP,200,546,,
2026-08-27T05:02:05.458487+00:00,Others,Others.epublibre,UP,200,539,,
2026-08-27T05:03:06.123614+00:00,Others,Others.epublibre,UP,200,554,,
2026-08-27T05:04:05.863503+00:00,Others,Others.epublibre,UP,200,536,,
2026-08-27T05:05:06.952027+00:00,Others,Others.epublibre,UP,200,591,,
2026-08-27T05:06:06.890818+00:00,Others,Others.epublibre,UP,200,134,,
2026-08-27T05:07:08.475888+00:00,Others,Others.epublibre,UP,200,624,,
2026-08-27T05:08:08.802373+00:00,Others,Others.epublibre,UP,200,138,,
2026-08-27T05:09:14.212638+00:00,Others,Others.epublibre,DEGRADED,200,4777,latency_high,
2026-08-27T05:10:10.574649+00:00,Others,Others.epublibre,UP,200,560,,
2026-08-27T05:11:11.744726+00:00,Others,Others.epublibre,UP,200,643,,
2026-08-27T05:12:12.375221+00:00,Others,Others.epublibre,UP,200,636,,
2026-08-27T05:13:12.914067+00:00,Others,Others.epublibre,UP,200,532,,
2026-08-27T05:14:14.191896+00:00,Others,Others.epublibre,UP,200,618,,
2026-08-27T05:15:20.505905+00:00,Others,Others.epublibre,DEGRADED,200,6398,latency_high,
2026-08-27T05:16:19.895562+00:00,Others,Others.epublibre,DEGRADED,200,4887,latency_high,
2026-08-27T05:17:16.055246+00:00,Others,Others.epublibre,UP,200,570,,
2026-08-27T05:18:17.099973+00:00,Others,Others.epublibre,UP,200,623,,
2026-08-27T05:19:17.277761+00:00,Others,Others.epublibre,UP,200,142,,
2026-08-27T05:20:18.614755+00:00,Others,Others.epublibre,UP,200,588,,
2026-08-27T05:21:19.615329+00:00,Others,Others.epublibre,UP,200,584,,
2026-08-27T05:22:24.569681+00:00,Others,Others.epublibre,DEGRADED,200,5028,latency_high,
2026-08-27T05:23:20.941865+00:00,Others,Others.epublibre,UP,200,568,,
2026-08-27T05:24:21.459476+00:00,Others,Others.epublibre,UP,200,552,,
2026-08-27T05:25:21.982342+00:00,Others,Others.epublibre,UP,200,565,,
2026-08-27T05:26:22.962841+00:00,Others,Others.epublibre,UP,200,571,,
2026-08-27T05:27:23.803396+00:00,Others,Others.epublibre,UP,200,579,,
2026-08-27T05:28:24.135831+00:00,Others,Others.epublibre,UP,200,553,,
2026-08-27T05:29:25.119091+00:00,Others,Others.epublibre,UP,200,539,,
2026-08-27T05:30:25.261691+00:00,Others,Others.epublibre,UP,200,616,,
2026-08-27T05:31:25.456259+00:00,Others,Others.epublibre,UP,200,149,,
2026-08-27T05:32:26.474031+00:00,Others,Others.epublibre,UP,200,554,,
2026-08-27T05:33:27.434541+00:00,Others,Others.epublibre,UP,200,535,,
2026-08-27T05:34:28.103797+00:00,Others,Others.epublibre,UP,200,551,,
2026-08-27T05:35:29.084898+00:00,Others,Others.epublibre,UP,200,604,,
2026-08-27T05:36:29.139141+00:00,Others,Others.epublibre,UP,200,528,,
2026-08-27T05:37:29.968975+00:00,Others,Others.epublibre,UP,200,578,,
2026-08-27T05:38:30.432215+00:00,Others,Others.epublibre,UP,200,145,,
2026-08-27T05:39:31.554938+00:00,Others,Others.epublibre,UP,200,595,,
2026-08-27T05:40:32.052830+00:00,Others,Others.epublibre,UP,200,543,,
2026-08-27T05:41:32.766562+00:00,Others,Others.epublibre,UP,200,560,,
2026-08-27T05:42:33.420583+00:00,Others,Others.epublibre,UP,200,563,,
2026-08-27T05:43:33.757030+00:00,Others,Others.epublibre,UP,200,141,,
2026-08-27T05:44:34.752353+00:00,Others,Others.epublibre,UP,200,556,,
2026-08-27T05:45:35.751744+00:00,Others,Others.epublibre,UP,200,564,,
2026-08-27T05:46:36.024423+00:00,Others,Others.epublibre,UP,200,140,,
2026-08-27T05:47:37.536559+00:00,Others,Others.epublibre,UP,200,615,,
2026-08-27T05:48:38.340914+00:00,Others,Others.epublibre,UP,200,552,,
2026-08-27T05:49:38.955377+00:00,Others,Others.epublibre,UP,200,553,,
2026-08-27T05:50:39.392472+00:00,Others,Others.epublibre,UP,200,137,,
2026-08-27T05:51:40.548992+00:00,Others,Others.epublibre,UP,200,553,,
2026-08-27T05:52:41.444826+00:00,Others,Others.epublibre,UP,200,673,,
2026-08-27T05:53:41.689342+00:00,Others,Others.epublibre,UP,200,141,,
2026-08-27T05:54:42.822063+00:00,Others,Others.epublibre,UP,200,542,,
2026-08-27T05:55:43.806293+00:00,Others,Others.epublibre,UP,200,549,,
2026-08-27T05:56:44.500019+00:00,Others,Others.epublibre,UP,200,630,,
2026-08-27T05:57:45.085648+00:00,Others,Others.epublibre,UP,200,539,,
2026-08-27T05:58:45.564541+00:00,Others,Others.epublibre,UP,200,583,,
2026-08-27T05:59:46.565856+00:00,Others,Others.epublibre,UP,200,588,,
2026-08-27T06:00:47.739553+00:00,Others,Others.epublibre,UP,200,574,,
2026-08-27T06:01:48.335114+00:00,Others,Others.epublibre,UP,200,572,,
2026-08-27T06:02:48.690354+00:00,Others,Others.epublibre,UP,200,139,,
2026-08-27T06:03:50.330611+00:00,Others,Others.epublibre,UP,200,702,,
2026-08-27T06:04:50.297647+00:00,Others,Others.epublibre,UP,200,554,,
2026-08-27T06:05:51.245336+00:00,Others,Others.epublibre,UP,200,552,,
2026-08-27T06:06:52.347944+00:00,Others,Others.epublibre,UP,200,624,,
2026-08-27T06:07:53.095526+00:00,Others,Others.epublibre,UP,200,577,,
2026-08-27T06:08:54.013644+00:00,Others,Others.epublibre,UP,200,562,,
2026-08-27T06:09:54.987486+00:00,Others,Others.epublibre,UP,200,645,,
2026-08-27T06:10:54.797147+00:00,Others,Others.epublibre,UP,200,574,,
2026-08-27T06:11:55.326032+00:00,Others,Others.epublibre,UP,200,558,,
2026-08-27T06:12:56.605722+00:00,Others,Others.epublibre,UP,200,643,,
2026-08-27T06:13:57.158560+00:00,Others,Others.epublibre,UP,200,572,,
2026-08-27T06:14:58.207187+00:00,Others,Others.epublibre,UP,200,575,,
2026-08-27T06:15:58.370385+00:00,Others,Others.epublibre,UP,200,548,,
2026-08-27T06:16:58.494736+00:00,Others,Others.epublibre,UP,200,610,,
2026-08-27T06:17:59.357786+00:00,Others,Others.epublibre,UP,200,564,,
2026-08-27T06:19:00.352377+00:00,Others,Others.epublibre,UP,200,582,,
2026-08-27T06:20:00.955054+00:00,Others,Others.epublibre,UP,200,598,,
2026-08-27T06:21:01.368682+00:00,Others,Others.epublibre,UP,200,580,,
2026-08-27T06:22:02.079764+00:00,Others,Others.epublibre,UP,200,662,,
2026-08-27T06:23:02.112416+00:00,Others,Others.epublibre,UP,200,627,,
2026-08-27T06:24:03.309680+00:00,Others,Others.epublibre,UP,200,557,,
2026-08-27T06:25:04.445640+00:00,Others,Others.epublibre,UP,200,755,,
2026-08-27T06:26:04.059847+00:00,Others,Others.epublibre,UP,200,598,,
2026-08-27T06:27:05.390911+00:00,Others,Others.epublibre,UP,200,628,,
2026-08-27T06:28:05.406895+00:00,Others,Others.epublibre,UP,200,548,,
2026-08-27T06:29:06.132978+00:00,Others,Others.epublibre,UP,200,630,,
2026-08-27T06:30:06.608494+00:00,Others,Others.epublibre,UP,200,614,,
2026-08-27T06:31:06.903340+00:00,Others,Others.epublibre,UP,200,721,,
2026-08-27T06:32:07.256932+00:00,Others,Others.epublibre,UP,200,568,,
2026-08-27T06:33:07.486997+00:00,Others,Others.epublibre,UP,200,588,,
2026-08-27T06:34:08.529702+00:00,Others,Others.epublibre,UP,200,606,,
2026-08-27T06:35:08.706048+00:00,Others,Others.epublibre,UP,200,598,,
2026-08-27T06:36:09.337472+00:00,Others,Others.epublibre,UP,200,623,,
2026-08-27T06:37:10.147225+00:00,Others,Others.epublibre,UP,200,597,,
2026-08-27T06:38:10.443541+00:00,Others,Others.epublibre,UP,200,133,,
2026-08-27T06:39:11.591729+00:00,Others,Others.epublibre,UP,200,578,,
2026-08-27T06:40:12.681696+00:00,Others,Others.epublibre,UP,200,605,,
2026-08-27T06:41:13.583946+00:00,Others,Others.epublibre,UP,200,563,,
2026-08-27T06:42:14.487423+00:00,Others,Others.epublibre,UP,200,570,,
2026-08-27T06:43:14.816022+00:00,Others,Others.epublibre,UP,200,683,,
2026-08-27T06:44:14.603179+00:00,Others,Others.epublibre,UP,200,539,,
2026-08-27T06:45:15.526899+00:00,Others,Others.epublibre,UP,200,569,,
2026-08-27T06:46:16.266490+00:00,Others,Others.epublibre,UP,200,637,,
2026-08-27T06:47:16.372559+00:00,Others,Others.epublibre,UP,200,563,,
2026-08-27T06:48:17.477180+00:00,Others,Others.epublibre,UP,200,553,,
2026-08-27T06:49:17.750498+00:00,Others,Others.epublibre,UP,200,608,,
2026-08-27T06:50:17.679632+00:00,Others,Others.epublibre,UP,200,626,,
2026-08-27T06:51:22.781713+00:00,Others,Others.epublibre,DEGRADED,200,5750,latency_high,
2026-08-27T06:52:19.024672+00:00,Others,Others.epublibre,UP,200,589,,
2026-08-27T06:53:18.672694+00:00,Others,Others.epublibre,UP,200,560,,
2026-08-27T06:54:20.166676+00:00,Others,Others.epublibre,UP,200,700,,
2026-08-27T06:55:20.325489+00:00,Others,Others.epublibre,UP,200,553,,
2026-08-27T06:56:20.513902+00:00,Others,Others.epublibre,UP,200,571,,
2026-08-27T06:57:21.457226+00:00,Others,Others.epublibre,UP,200,592,,
2026-08-27T06:57:29.039497+00:00,Others,Others.epublibre,UP,200,631,,
2026-08-27T06:58:29.143102+00:00,Others,Others.epublibre,UP,200,540,,
2026-08-27T06:59:29.084063+00:00,Others,Others.epublibre,UP,200,557,,
2026-08-27T07:00:30.403062+00:00,Others,Others.epublibre,UP,200,622,,
2026-08-27T07:01:31.000999+00:00,Others,Others.epublibre,UP,200,566,,
2026-08-27T07:02:31.967579+00:00,Others,Others.epublibre,UP,200,551,,
2026-08-27T07:03:32.761639+00:00,Others,Others.epublibre,UP,200,616,,
2026-08-27T07:04:33.675948+00:00,Others,Others.epublibre,UP,200,549,,
2026-08-27T07:05:34.872024+00:00,Others,Others.epublibre,UP,200,554,,
2026-08-27T07:06:35.634586+00:00,Others,Others.epublibre,UP,200,540,,
2026-08-27T07:07:36.108912+00:00,Others,Others.epublibre,UP,200,139,,
2026-08-27T07:08:37.080773+00:00,Others,Others.epublibre,UP,200,542,,
2026-08-27T07:09:37.694313+00:00,Others,Others.epublibre,UP,200,560,,
2026-08-27T07:10:38.259714+00:00,Others,Others.epublibre,UP,200,589,,
2026-08-27T07:11:39.316468+00:00,Others,Others.epublibre,UP,200,680,,
2026-08-27T07:12:39.301691+00:00,Others,Others.epublibre,UP,200,563,,
2026-08-27T07:13:39.996245+00:00,Others,Others.epublibre,UP,200,612,,
2026-08-27T07:14:41.143454+00:00,Others,Others.epublibre,UP,200,552,,
2026-08-27T07:15:42.241375+00:00,Others,Others.epublibre,UP,200,611,,
2026-08-27T07:16:41.857289+00:00,Others,Others.epublibre,UP,200,572,,
2026-08-27T07:17:42.835307+00:00,Others,Others.epublibre,UP,200,577,,
2026-08-27T07:18:43.863586+00:00,Others,Others.epublibre,UP,200,607,,
2026-08-27T07:19:44.733954+00:00,Others,Others.epublibre,UP,200,605,,
2026-08-27T07:20:45.519923+00:00,Others,Others.epublibre,UP,200,557,,
2026-08-27T07:21:46.448796+00:00,Others,Others.epublibre,UP,200,542,,
2026-08-27T07:22:47.214199+00:00,Others,Others.epublibre,UP,200,565,,
2026-08-27T07:23:48.419737+00:00,Others,Others.epublibre,UP,200,676,,
2026-08-27T07:24:48.479431+00:00,Others,Others.epublibre,UP,200,567,,
2026-08-27T07:25:49.393026+00:00,Others,Others.epublibre,UP,200,566,,
2026-08-27T07:26:50.013982+00:00,Others,Others.epublibre,UP,200,136,,
2026-08-27T07:27:51.036309+00:00,Others,Others.epublibre,UP,200,597,,
2026-08-27T07:28:52.190248+00:00,Others,Others.epublibre,UP,200,609,,
2026-08-27T07:29:52.692773+00:00,Others,Others.epublibre,UP,200,549,,
2026-08-27T07:30:54.553164+00:00,Others,Others.epublibre,UP,200,579,,
2026-08-27T07:31:55.896864+00:00,Others,Others.epublibre,UP,200,603,,
2026-08-27T07:32:55.498817+00:00,Others,Others.epublibre,UP,200,570,,
2026-08-27T07:33:55.644651+00:00,Others,Others.epublibre,UP,200,594,,
2026-08-27T07:34:56.324735+00:00,Others,Others.epublibre,UP,200,572,,
2026-08-27T07:35:57.352276+00:00,Others,Others.epublibre,UP,200,558,,
2026-08-27T07:36:58.602527+00:00,Others,Others.epublibre,UP,200,639,,
2026-08-27T07:37:58.261532+00:00,Others,Others.epublibre,UP,200,572,,
2026-08-27T07:38:58.932621+00:00,Others,Others.epublibre,UP,200,592,,
2026-08-27T07:39:59.900203+00:00,Others,Others.epublibre,UP,200,580,,
2026-08-27T07:41:00.036246+00:00,Others,Others.epublibre,UP,200,590,,
2026-08-27T07:42:00.041484+00:00,Others,Others.epublibre,UP,200,624,,
2026-08-27T07:43:00.214172+00:00,Others,Others.epublibre,UP,200,572,,
2026-08-27T07:44:00.690739+00:00,Others,Others.epublibre,UP,200,572,,
2026-08-27T07:45:00.761878+00:00,Others,Others.epublibre,UP,200,654,,
2026-08-27T07:46:01.522997+00:00,Others,Others.epublibre,UP,200,563,,
2026-08-27T07:47:01.503410+00:00,Others,Others.epublibre,UP,200,653,,
2026-08-27T07:48:05.970610+00:00,Others,Others.epublibre,DEGRADED,200,4947,latency_high,
2026-08-27T07:49:02.581092+00:00,Others,Others.epublibre,UP,200,601,,
2026-08-27T07:50:04.174104+00:00,Others,Others.epublibre,UP,200,773,,
2026-08-27T07:51:03.594732+00:00,Others,Others.epublibre,UP,200,571,,
2026-08-27T07:52:04.756360+00:00,Others,Others.epublibre,UP,200,569,,
2026-08-27T07:53:04.880590+00:00,Others,Others.epublibre,UP,200,614,,
2026-08-27T07:54:05.800909+00:00,Others,Others.epublibre,UP,200,553,,
2026-08-27T07:55:06.641663+00:00,Others,Others.epublibre,UP,200,578,,
2026-08-27T07:56:07.321368+00:00,Others,Others.epublibre,UP,200,555,,
2026-08-27T07:57:07.350355+00:00,Others,Others.epublibre,UP,200,559,,
2026-08-27T07:58:08.182814+00:00,Others,Others.epublibre,UP,200,542,,
2026-08-27T07:59:08.998738+00:00,Others,Others.epublibre,UP,200,625,,
2026-08-27T08:00:10.076918+00:00,Others,Others.epublibre,UP,200,590,,
2026-08-27T08:01:09.645461+00:00,Others,Others.epublibre,UP,200,138,,
2026-08-27T08:02:11.663452+00:00,Others,Others.epublibre,UP,200,911,,
2026-08-27T08:03:11.307617+00:00,Others,Others.epublibre,UP,200,546,,
2026-08-27T08:04:11.742675+00:00,Others,Others.epublibre,UP,200,570,,
2026-08-27T08:05:12.982159+00:00,Others,Others.epublibre,UP,200,618,,
2026-08-27T08:06:12.804841+00:00,Others,Others.epublibre,UP,200,624,,
2026-08-27T08:07:13.534977+00:00,Others,Others.epublibre,UP,200,537,,
2026-08-27T08:08:14.330304+00:00,Others,Others.epublibre,UP,200,547,,
2026-08-27T08:09:15.140070+00:00,Others,Others.epublibre,UP,200,560,,
2026-08-27T08:10:16.214580+00:00,Others,Others.epublibre,UP,200,709,,
2026-08-27T08:11:16.237665+00:00,Others,Others.epublibre,UP,200,550,,
2026-08-27T08:12:17.505570+00:00,Others,Others.epublibre,UP,200,622,,
2026-08-27T08:13:17.584015+00:00,Others,Others.epublibre,UP,200,565,,
2026-08-27T08:14:17.629232+00:00,Others,Others.epublibre,UP,200,565,,
2026-08-27T08:15:18.473877+00:00,Others,Others.epublibre,UP,200,569,,
2026-08-27T08:16:19.456963+00:00,Others,Others.epublibre,UP,200,624,,
2026-08-27T08:17:19.322089+00:00,Others,Others.epublibre,UP,200,562,,
2026-08-27T08:18:20.129892+00:00,Others,Others.epublibre,UP,200,596,,
2026-08-27T08:19:21.102701+00:00,Others,Others.epublibre,UP,200,623,,
2026-08-27T08:20:21.959723+00:00,Others,Others.epublibre,UP,200,537,,
2026-08-27T08:21:27.212976+00:00,Others,Others.epublibre,DEGRADED,200,5112,latency_high,
2026-08-27T08:22:23.473111+00:00,Others,Others.epublibre,UP,200,561,,
2026-08-27T08:23:24.180187+00:00,Others,Others.epublibre,UP,200,538,,
2026-08-27T08:24:25.354081+00:00,Others,Others.epublibre,UP,200,638,,
2026-08-27T08:25:25.273711+00:00,Others,Others.epublibre,UP,200,547,,
2026-08-27T08:26:26.389112+00:00,Others,Others.epublibre,UP,200,638,,
2026-08-27T08:27:26.638426+00:00,Others,Others.epublibre,UP,200,138,,
2026-08-27T08:28:27.868428+00:00,Others,Others.epublibre,UP,200,549,,
2026-08-27T08:29:28.793063+00:00,Others,Others.epublibre,UP,200,554,,
2026-08-27T08:30:29.485876+00:00,Others,Others.epublibre,UP,200,589,,
2026-08-27T08:31:30.528781+00:00,Others,Others.epublibre,UP,200,613,,
2026-08-27T08:32:30.743207+00:00,Others,Others.epublibre,UP,200,153,,
2026-08-27T08:33:31.483087+00:00,Others,Others.epublibre,UP,200,571,,
2026-08-27T08:34:32.276993+00:00,Others,Others.epublibre,UP,200,600,,
2026-08-27T08:35:32.586133+00:00,Others,Others.epublibre,UP,200,563,,
2026-08-27T08:36:33.341383+00:00,Others,Others.epublibre,UP,200,142,,
2026-08-27T08:37:34.401017+00:00,Others,Others.epublibre,UP,200,564,,
2026-08-27T08:38:34.503210+00:00,Others,Others.epublibre,UP,200,576,,
2026-08-27T08:39:34.676607+00:00,Others,Others.epublibre,UP,200,660,,
2026-08-27T08:40:34.634081+00:00,Others,Others.epublibre,UP,200,570,,
2026-08-27T08:41:35.558935+00:00,Others,Others.epublibre,UP,200,558,,
2026-08-27T08:42:36.361510+00:00,Others,Others.epublibre,UP,200,593,,
2026-08-27T08:43:37.308641+00:00,Others,Others.epublibre,UP,200,607,,
2026-08-27T08:44:38.119667+00:00,Others,Others.epublibre,UP,200,578,,
2026-08-27T08:45:39.134307+00:00,Others,Others.epublibre,UP,200,562,,
2026-08-27T08:46:40.010088+00:00,Others,Others.epublibre,UP,200,580,,
2026-08-27T08:47:40.903877+00:00,Others,Others.epublibre,UP,200,562,,
2026-08-27T08:48:41.465848+00:00,Others,Others.epublibre,UP,200,560,,
2026-08-27T08:49:42.631731+00:00,Others,Others.epublibre,UP,200,664,,
2026-08-27T08:50:42.368079+00:00,Others,Others.epublibre,UP,200,560,,
2026-08-27T08:51:43.609509+00:00,Others,Others.epublibre,UP,200,576,,
2026-08-27T08:52:43.989901+00:00,Others,Others.epublibre,UP,200,548,,
2026-08-27T08:53:45.168060+00:00,Others,Others.epublibre,UP,200,682,,
2026-08-27T08:54:44.979057+00:00,Others,Others.epublibre,UP,200,144,,
2026-08-27T08:55:46.252439+00:00,Others,Others.epublibre,UP,200,543,,
2026-08-27T08:56:46.670351+00:00,Others,Others.epublibre,UP,200,136,,
2026-08-27T08:57:47.185498+00:00,Others,Others.epublibre,UP,200,133,,
2026-08-27T08:58:48.350749+00:00,Others,Others.epublibre,UP,200,549,,
2026-08-27T08:59:49.492686+00:00,Others,Others.epublibre,UP,200,640,,
2026-08-27T09:00:49.568132+00:00,Others,Others.epublibre,UP,200,566,,
2026-08-27T09:01:50.034894+00:00,Others,Others.epublibre,UP,200,571,,
2026-08-27T09:02:50.983237+00:00,Others,Others.epublibre,UP,200,560,,
2026-08-27T09:03:52.163175+00:00,Others,Others.epublibre,UP,200,652,,
2026-08-27T09:04:53.059167+00:00,Others,Others.epublibre,UP,200,572,,
2026-08-27T09:05:53.656459+00:00,Others,Others.epublibre,UP,200,290,,
2026-08-27T09:06:53.976877+00:00,Others,Others.epublibre,UP,200,550,,
2026-08-27T09:07:55.005247+00:00,Others,Others.epublibre,UP,200,727,,
2026-08-27T09:08:55.825728+00:00,Others,Others.epublibre,UP,200,553,,
2026-08-27T09:09:56.842430+00:00,Others,Others.epublibre,UP,200,542,,
2026-08-27T09:10:57.531643+00:00,Others,Others.epublibre,UP,200,607,,
2026-08-27T09:11:57.686869+00:00,Others,Others.epublibre,UP,200,564,,
2026-08-27T09:12:58.677820+00:00,Others,Others.epublibre,UP,200,664,,
2026-08-27T09:14:02.591399+00:00,Others,Others.epublibre,DEGRADED,200,4806,latency_high,
2026-08-27T09:14:59.620542+00:00,Others,Others.epublibre,UP,200,680,,
2026-08-27T09:16:00.887514+00:00,Others,Others.epublibre,UP,200,645,,
2026-08-27T09:17:00.766842+00:00,Others,Others.epublibre,UP,200,615,,
2026-08-27T09:18:01.948501+00:00,Others,Others.epublibre,UP,200,574,,
2026-08-27T09:19:01.990919+00:00,Others,Others.epublibre,UP,200,721,,
2026-08-27T09:20:02.611953+00:00,Others,Others.epublibre,UP,200,809,,
2026-08-27T09:21:02.352913+00:00,Others,Others.epublibre,UP,200,757,,
2026-08-27T09:22:02.983793+00:00,Others,Others.epublibre,UP,200,612,,
2026-08-27T09:23:03.471906+00:00,Others,Others.epublibre,UP,200,553,,
2026-08-27T09:24:04.069039+00:00,Others,Others.epublibre,UP,200,725,,
2026-08-27T09:25:05.012033+00:00,Others,Others.epublibre,UP,200,724,,
2026-08-27T09:26:05.778057+00:00,Others,Others.epublibre,UP,200,647,,
2026-08-27T09:27:07.138690+00:00,Others,Others.epublibre,UP,200,980,,
2026-08-27T09:28:07.219394+00:00,Others,Others.epublibre,UP,200,579,,
2026-08-27T09:29:07.479502+00:00,Others,Others.epublibre,UP,200,620,,
2026-08-27T09:30:08.627827+00:00,Others,Others.epublibre,UP,200,631,,
2026-08-27T09:31:08.020869+00:00,Others,Others.epublibre,UP,200,141,,
2026-08-27T09:32:08.586839+00:00,Others,Others.epublibre,UP,200,548,,
2026-08-27T09:33:09.384079+00:00,Others,Others.epublibre,UP,200,609,,
2026-08-27T09:34:10.320232+00:00,Others,Others.epublibre,UP,200,568,,
2026-08-27T09:35:10.997713+00:00,Others,Others.epublibre,UP,200,568,,
2026-08-27T09:36:12.291464+00:00,Others,Others.epublibre,UP,200,551,,
2026-08-27T09:37:12.540950+00:00,Others,Others.epublibre,UP,200,544,,
2026-08-27T09:38:13.659500+00:00,Others,Others.epublibre,UP,200,699,,
2026-08-27T09:39:13.657254+00:00,Others,Others.epublibre,UP,200,559,,
2026-08-27T09:40:14.535961+00:00,Others,Others.epublibre,UP,200,601,,
2026-08-27T09:41:15.392089+00:00,Others,Others.epublibre,UP,200,133,,
2026-08-27T09:42:16.906871+00:00,Others,Others.epublibre,UP,200,580,,
2026-08-27T09:43:17.333895+00:00,Others,Others.epublibre,UP,200,546,,
2026-08-27T09:44:17.472166+00:00,Others,Others.epublibre,UP,200,627,,
2026-08-27T09:45:18.359943+00:00,Others,Others.epublibre,UP,200,619,,
2026-08-27T09:46:23.869584+00:00,Others,Others.epublibre,DEGRADED,200,5049,latency_high,
2026-08-27T09:47:19.535834+00:00,Others,Others.epublibre,UP,200,709,,
2026-08-27T09:48:20.048798+00:00,Others,Others.epublibre,UP,200,556,,
2026-08-27T09:49:20.778831+00:00,Others,Others.epublibre,UP,200,578,,
2026-08-27T09:50:21.500942+00:00,Others,Others.epublibre,UP,200,564,,
2026-08-27T09:51:21.494337+00:00,Others,Others.epublibre,UP,200,576,,
2026-08-27T09:52:22.625742+00:00,Others,Others.epublibre,UP,200,551,,
2026-08-27T09:53:22.954025+00:00,Others,Others.epublibre,UP,200,538,,
2026-08-27T09:54:24.177896+00:00,Others,Others.epublibre,UP,200,618,,
2026-08-27T09:55:24.962936+00:00,Others,Others.epublibre,UP,200,542,,
2026-08-27T09:56:25.970114+00:00,Others,Others.epublibre,UP,200,542,,
2026-08-27T09:57:26.725239+00:00,Others,Others.epublibre,UP,200,565,,
2026-08-27T09:58:26.685384+00:00,Others,Others.epublibre,UP,200,582,,
2026-08-27T09:59:27.697158+00:00,Others,Others.epublibre,UP,200,648,,
2026-08-27T10:00:27.788881+00:00,Others,Others.epublibre,UP,200,591,,
2026-08-27T10:01:27.806779+00:00,Others,Others.epublibre,UP,200,138,,
2026-08-27T10:02:29.222589+00:00,Others,Others.epublibre,UP,200,621,,
2026-08-27T10:03:29.133338+00:00,Others,Others.epublibre,UP,200,582,,
2026-08-27T10:04:29.308534+00:00,Others,Others.epublibre,UP,200,572,,
2026-08-27T10:05:30.177159+00:00,Others,Others.epublibre,UP,200,574,,
2026-08-27T10:06:31.146772+00:00,Others,Others.epublibre,UP,200,746,,
2026-08-27T10:07:31.695377+00:00,Others,Others.epublibre,UP,200,562,,
2026-08-27T10:08:32.536214+00:00,Others,Others.epublibre,UP,200,558,,
2026-08-27T10:09:33.601608+00:00,Others,Others.epublibre,UP,200,642,,
2026-08-27T10:10:33.972481+00:00,Others,Others.epublibre,UP,200,597,,
2026-08-27T10:11:34.567198+00:00,Others,Others.epublibre,UP,200,571,,
2026-08-27T10:12:35.652433+00:00,Others,Others.epublibre,UP,200,643,,
2026-08-27T10:13:36.462849+00:00,Others,Others.epublibre,UP,200,569,,
2026-08-27T10:14:36.870477+00:00,Others,Others.epublibre,UP,200,141,,
2026-08-27T10:15:36.945275+00:00,Others,Others.epublibre,UP,200,139,,
2026-08-27T10:16:37.625012+00:00,Others,Others.epublibre,UP,200,668,,
2026-08-27T10:17:37.558822+00:00,Others,Others.epublibre,UP,200,592,,
2026-08-27T10:18:38.417429+00:00,Others,Others.epublibre,UP,200,544,,
2026-08-27T10:19:39.108200+00:00,Others,Others.epublibre,UP,200,540,,
2026-08-27T10:20:40.284043+00:00,Others,Others.epublibre,UP,200,649,,
2026-08-27T10:21:40.074696+00:00,Others,Others.epublibre,UP,200,139,,
2026-08-27T10:22:40.967135+00:00,Others,Others.epublibre,UP,200,578,,
2026-08-27T10:23:42.055082+00:00,Others,Others.epublibre,UP,200,590,,
2026-08-27T10:24:42.811638+00:00,Others,Others.epublibre,UP,200,591,,
2026-08-27T10:25:43.785986+00:00,Others,Others.epublibre,UP,200,606,,
2026-08-27T10:26:44.673101+00:00,Others,Others.epublibre,UP,200,568,,
2026-08-27T10:27:44.590871+00:00,Others,Others.epublibre,UP,200,591,,
2026-08-27T10:28:45.415930+00:00,Others,Others.epublibre,UP,200,568,,
2026-08-27T10:29:46.450925+00:00,Others,Others.epublibre,UP,200,634,,
2026-08-27T10:30:47.059498+00:00,Others,Others.epublibre,UP,200,542,,
2026-08-27T10:31:47.929533+00:00,Others,Others.epublibre,UP,200,555,,
2026-08-27T10:32:47.622329+00:00,Others,Others.epublibre,UP,200,562,,
2026-08-27T10:33:48.783854+00:00,Others,Others.epublibre,UP,200,586,,
2026-08-27T10:34:54.617580+00:00,Others,Others.epublibre,DEGRADED,200,5121,latency_high,
2026-08-27T10:35:50.481340+00:00,Others,Others.epublibre,UP,200,591,,
2026-08-27T10:36:51.760722+00:00,Others,Others.epublibre,UP,200,646,,
2026-08-27T10:37:51.694942+00:00,Others,Others.epublibre,UP,200,566,,
2026-08-27T10:38:53.287363+00:00,Others,Others.epublibre,UP,200,575,,
2026-08-27T10:39:53.375939+00:00,Others,Others.epublibre,UP,200,654,,
2026-08-27T10:40:53.086481+00:00,Others,Others.epublibre,UP,200,135,,
2026-08-27T10:41:54.357717+00:00,Others,Others.epublibre,UP,200,622,,
2026-08-27T10:42:55.327105+00:00,Others,Others.epublibre,UP,200,568,,
2026-08-27T10:43:55.956897+00:00,Others,Others.epublibre,UP,200,579,,
2026-08-27T10:44:56.744795+00:00,Others,Others.epublibre,UP,200,620,,
2026-08-27T10:45:57.738575+00:00,Others,Others.epublibre,UP,200,552,,
2026-08-27T10:46:58.416663+00:00,Others,Others.epublibre,UP,200,592,,
2026-08-27T10:47:58.562909+00:00,Others,Others.epublibre,UP,200,566,,
2026-08-27T10:48:58.540766+00:00,Others,Others.epublibre,UP,200,611,,
2026-08-27T10:49:59.344480+00:00,Others,Others.epublibre,UP,200,542,,
2026-08-27T10:51:00.066604+00:00,Others,Others.epublibre,UP,200,142,,
2026-08-27T10:52:00.444357+00:00,Others,Others.epublibre,UP,200,566,,
2026-08-27T10:53:01.557206+00:00,Others,Others.epublibre,UP,200,712,,
2026-08-27T10:54:01.988411+00:00,Others,Others.epublibre,UP,200,585,,
2026-08-27T10:55:03.280515+00:00,Others,Others.epublibre,UP,200,714,,
2026-08-27T10:56:03.861904+00:00,Others,Others.epublibre,UP,200,584,,
2026-08-27T10:57:04.628995+00:00,Others,Others.epublibre,UP,200,554,,
2026-08-27T10:58:05.738844+00:00,Others,Others.epublibre,UP,200,624,,
2026-08-27T10:59:05.688578+00:00,Others,Others.epublibre,UP,200,558,,
2026-08-27T11:00:06.893029+00:00,Others,Others.epublibre,UP,200,638,,
2026-08-27T11:01:06.512866+00:00,Others,Others.epublibre,UP,200,144,,
2026-08-27T11:02:06.670113+00:00,Others,Others.epublibre,UP,200,580,,
2026-08-27T11:03:07.297693+00:00,Others,Others.epublibre,UP,200,135,,
2026-08-27T11:04:08.405887+00:00,Others,Others.epublibre,UP,200,576,,
2026-08-27T11:05:09.573643+00:00,Others,Others.epublibre,UP,200,631,,
2026-08-27T11:06:09.711095+00:00,Others,Others.epublibre,UP,200,577,,
2026-08-27T11:07:10.525750+00:00,Others,Others.epublibre,UP,200,140,,
2026-08-27T11:08:10.045238+00:00,Others,Others.epublibre,UP,200,153,,
2026-08-27T11:09:11.259814+00:00,Others,Others.epublibre,UP,200,684,,
2026-08-27T11:10:11.504326+00:00,Others,Others.epublibre,UP,200,579,,
2026-08-27T11:11:11.634072+00:00,Others,Others.epublibre,UP,200,579,,
2026-08-27T11:12:11.964160+00:00,Others,Others.epublibre,UP,200,577,,
2026-08-27T11:13:12.252440+00:00,Others,Others.epublibre,UP,200,149,,
2026-08-27T11:14:13.605995+00:00,Others,Others.epublibre,UP,200,580,,
2026-08-27T11:15:14.317575+00:00,Others,Others.epublibre,UP,200,603,,
2026-08-27T11:16:15.459479+00:00,Others,Others.epublibre,UP,200,602,,
2026-08-27T11:17:16.189854+00:00,Others,Others.epublibre,UP,200,604,,
2026-08-27T11:18:16.822853+00:00,Others,Others.epublibre,UP,200,548,,
2026-08-27T11:19:17.209268+00:00,Others,Others.epublibre,UP,200,134,,
2026-08-27T11:20:18.697568+00:00,Others,Others.epublibre,UP,200,551,,
2026-08-27T11:21:19.680496+00:00,Others,Others.epublibre,UP,200,575,,
2026-08-27T11:22:20.460517+00:00,Others,Others.epublibre,UP,200,604,,
2026-08-27T11:23:21.274387+00:00,Others,Others.epublibre,UP,200,544,,
2026-08-27T11:24:22.396779+00:00,Others,Others.epublibre,UP,200,570,,
2026-08-27T11:25:23.142781+00:00,Others,Others.epublibre,UP,200,577,,
2026-08-27T11:26:23.001787+00:00,Others,Others.epublibre,UP,200,621,,
2026-08-27T11:27:24.068357+00:00,Others,Others.epublibre,UP,200,563,,
2026-08-27T11:28:24.887909+00:00,Others,Others.epublibre,UP,200,609,,
2026-08-27T11:29:25.282720+00:00,Others,Others.epublibre,UP,200,144,,
2026-08-27T11:30:26.745124+00:00,Others,Others.epublibre,UP,200,585,,
2026-08-27T11:31:26.989148+00:00,Others,Others.epublibre,UP,200,544,,
2026-08-27T11:32:27.714016+00:00,Others,Others.epublibre,UP,200,569,,
2026-08-27T11:33:27.765240+00:00,Others,Others.epublibre,UP,200,560,,
2026-08-27T11:34:28.661466+00:00,Others,Others.epublibre,UP,200,157,,
2026-08-27T11:35:29.078853+00:00,Others,Others.epublibre,UP,200,559,,
2026-08-27T11:36:29.316463+00:00,Others,Others.epublibre,UP,200,559,,
2026-08-27T11:37:29.866416+00:00,Others,Others.epublibre,UP,200,563,,
2026-08-27T11:38:30.451296+00:00,Others,Others.epublibre,UP,200,154,,
2026-08-27T11:39:31.195205+00:00,Others,Others.epublibre,UP,200,556,,
2026-08-27T11:40:31.489472+00:00,Others,Others.epublibre,UP,200,601,,
2026-08-27T11:41:31.841733+00:00,Others,Others.epublibre,UP,200,137,,
2026-08-27T11:42:33.129809+00:00,Others,Others.epublibre,UP,200,659,,
2026-08-27T11:43:33.090300+00:00,Others,Others.epublibre,UP,200,579,,
2026-08-27T11:44:34.132717+00:00,Others,Others.epublibre,UP,200,640,,
2026-08-27T11:45:34.335103+00:00,Others,Others.epublibre,UP,200,557,,
2026-08-27T11:46:35.177909+00:00,Others,Others.epublibre,UP,200,587,,
2026-08-27T11:47:35.805887+00:00,Others,Others.epublibre,UP,200,542,,
2026-08-27T11:48:36.209588+00:00,Others,Others.epublibre,UP,200,132,,
2026-08-27T11:49:43.687646+00:00,Others,Others.epublibre,DEGRADED,200,6957,latency_high,
2026-08-27T11:50:38.388044+00:00,Others,Others.epublibre,UP,200,581,,
2026-08-27T11:51:39.214142+00:00,Others,Others.epublibre,UP,200,558,,
2026-08-27T11:52:39.460115+00:00,Others,Others.epublibre,UP,200,571,,
2026-08-27T11:53:39.725305+00:00,Others,Others.epublibre,UP,200,578,,
2026-08-27T11:54:40.570869+00:00,Others,Others.epublibre,UP,200,559,,
2026-08-27T11:55:41.775782+00:00,Others,Others.epublibre,UP,200,653,,
2026-08-27T11:56:41.567467+00:00,Others,Others.epublibre,UP,200,566,,
2026-08-27T11:57:42.373947+00:00,Others,Others.epublibre,UP,200,537,,
2026-08-27T11:58:43.218441+00:00,Others,Others.epublibre,UP,200,583,,
2026-08-27T11:59:44.397566+00:00,Others,Others.epublibre,UP,200,631,,
2026-08-27T12:00:44.118110+00:00,Others,Others.epublibre,UP,200,133,,
2026-08-27T12:01:45.362862+00:00,Others,Others.epublibre,UP,200,602,,
2026-08-27T12:02:46.028542+00:00,Others,Others.epublibre,UP,200,131,,
2026-08-27T12:03:46.885411+00:00,Others,Others.epublibre,UP,200,545,,
2026-08-27T12:04:47.865478+00:00,Others,Others.epublibre,UP,200,550,,
2026-08-27T12:05:48.724695+00:00,Others,Others.epublibre,UP,200,545,,
2026-08-27T12:06:49.703205+00:00,Others,Others.epublibre,UP,200,587,,
2026-08-27T12:07:50.990082+00:00,Others,Others.epublibre,UP,200,619,,
2026-08-27T12:08:51.080505+00:00,Others,Others.epublibre,UP,200,544,,
2026-08-27T12:09:51.678162+00:00,Others,Others.epublibre,UP,200,573,,
2026-08-27T12:10:52.302562+00:00,Others,Others.epublibre,UP,200,557,,
2026-08-27T12:11:53.539808+00:00,Others,Others.epublibre,UP,200,645,,
2026-08-27T12:12:53.560334+00:00,Others,Others.epublibre,UP,200,569,,
2026-08-27T12:13:54.363983+00:00,Others,Others.epublibre,UP,200,578,,
2026-08-27T12:14:56.340766+00:00,Others,Others.epublibre,UP,200,557,,
2026-08-27T12:15:57.384367+00:00,Others,Others.epublibre,UP,200,646,,
2026-08-27T12:16:57.488264+00:00,Others,Others.epublibre,UP,200,578,,
2026-08-27T12:17:58.381907+00:00,Others,Others.epublibre,UP,200,601,,
2026-08-27T12:18:59.223440+00:00,Others,Others.epublibre,UP,200,539,,
2026-08-27T12:20:00.158806+00:00,Others,Others.epublibre,UP,200,573,,
2026-08-27T12:21:00.149638+00:00,Others,Others.epublibre,UP,200,143,,
2026-08-27T12:22:01.001855+00:00,Others,Others.epublibre,UP,200,543,,
2026-08-27T12:23:01.113430+00:00,Others,Others.epublibre,UP,200,581,,
2026-08-27T12:24:01.805332+00:00,Others,Others.epublibre,UP,200,557,,
2026-08-27T12:25:03.571269+00:00,Others,Others.epublibre,UP,200,947,,
2026-08-27T12:26:03.856737+00:00,Others,Others.epublibre,UP,200,600,,
2026-08-27T12:27:04.564572+00:00,Others,Others.epublibre,UP,200,625,,
2026-08-27T12:28:05.059942+00:00,Others,Others.epublibre,UP,200,136,,
2026-08-27T12:29:06.190236+00:00,Others,Others.epublibre,UP,200,548,,
2026-08-27T12:30:07.179470+00:00,Others,Others.epublibre,UP,200,646,,
2026-08-27T12:31:07.580369+00:00,Others,Others.epublibre,UP,200,553,,
2026-08-27T12:32:08.318395+00:00,Others,Others.epublibre,UP,200,552,,
2026-08-27T12:33:09.148848+00:00,Others,Others.epublibre,UP,200,619,,
2026-08-27T12:34:10.084704+00:00,Others,Others.epublibre,UP,200,548,,
2026-08-27T12:35:10.895942+00:00,Others,Others.epublibre,UP,200,577,,
2026-08-27T12:36:11.664505+00:00,Others,Others.epublibre,UP,200,549,,
2026-08-27T12:37:12.002248+00:00,Others,Others.epublibre,UP,200,556,,
2026-08-27T12:38:12.493928+00:00,Others,Others.epublibre,UP,200,540,,
2026-08-27T12:39:13.155317+00:00,Others,Others.epublibre,UP,200,135,,
2026-08-27T12:40:13.302030+00:00,Others,Others.epublibre,UP,200,585,,
2026-08-27T12:41:13.519573+00:00,Others,Others.epublibre,UP,200,568,,
2026-08-27T12:42:14.151949+00:00,Others,Others.epublibre,UP,200,134,,
2026-08-27T12:43:15.385297+00:00,Others,Others.epublibre,UP,200,574,,
2026-08-27T12:44:16.121397+00:00,Others,Others.epublibre,UP,200,538,,
2026-08-27T12:45:17.133528+00:00,Others,Others.epublibre,UP,200,592,,
2026-08-27T12:46:17.045736+00:00,Others,Others.epublibre,UP,200,583,,
2026-08-27T12:47:17.110342+00:00,Others,Others.epublibre,UP,200,549,,
2026-08-27T12:48:18.008523+00:00,Others,Others.epublibre,UP,200,555,,
2026-08-27T12:49:18.694672+00:00,Others,Others.epublibre,UP,200,577,,
2026-08-27T12:50:19.508526+00:00,Others,Others.epublibre,UP,200,567,,
2026-08-27T12:51:20.886942+00:00,Others,Others.epublibre,UP,200,549,,
2026-08-27T12:52:21.322989+00:00,Others,Others.epublibre,UP,200,548,,
2026-08-27T12:53:22.058374+00:00,Others,Others.epublibre,UP,200,546,,
2026-08-27T12:54:22.783709+00:00,Others,Others.epublibre,UP,200,548,,
2026-08-27T12:55:23.507476+00:00,Others,Others.epublibre,UP,200,138,,
2026-08-27T12:56:24.816444+00:00,Others,Others.epublibre,UP,200,548,,
2026-08-27T12:57:25.794217+00:00,Others,Others.epublibre,UP,200,575,,
2026-08-27T12:58:26.550510+00:00,Others,Others.epublibre,UP,200,628,,
2026-08-27T12:59:26.549598+00:00,Others,Others.epublibre,UP,200,589,,
2026-08-27T13:00:27.384304+00:00,Others,Others.epublibre,UP,200,151,,
2026-08-27T13:01:27.722156+00:00,Others,Others.epublibre,UP,200,545,,
2026-08-27T13:02:27.901569+00:00,Others,Others.epublibre,UP,200,577,,
2026-08-27T13:03:27.771412+00:00,Others,Others.epublibre,UP,200,592,,
2026-08-27T13:04:27.996060+00:00,Others,Others.epublibre,UP,200,565,,
2026-08-27T13:05:27.854357+00:00,Others,Others.epublibre,UP,200,563,,
2026-08-27T13:06:29.030494+00:00,Others,Others.epublibre,UP,200,648,,
2026-08-27T13:07:35.673961+00:00,Others,Others.epublibre,DEGRADED,200,7092,latency_high,
2026-08-27T13:08:30.276767+00:00,Others,Others.epublibre,UP,200,562,,
2026-08-27T13:09:30.008687+00:00,Others,Others.epublibre,UP,200,138,,
2026-08-27T13:10:31.538642+00:00,Others,Others.epublibre,UP,200,642,,
2026-08-27T13:11:31.391348+00:00,Others,Others.epublibre,UP,200,131,,
2026-08-27T13:12:32.426993+00:00,Others,Others.epublibre,UP,200,684,,
2026-08-27T13:13:32.194931+00:00,Others,Others.epublibre,UP,200,561,,
2026-08-27T13:14:33.333549+00:00,Others,Others.epublibre,UP,200,553,,
2026-08-27T13:15:33.784445+00:00,Others,Others.epublibre,UP,200,624,,
2026-08-27T13:16:33.657199+00:00,Others,Others.epublibre,UP,200,568,,
2026-08-27T13:17:34.628885+00:00,Others,Others.epublibre,UP,200,598,,
2026-08-27T13:18:35.334580+00:00,Others,Others.epublibre,UP,200,592,,
2026-08-27T13:19:36.416435+00:00,Others,Others.epublibre,UP,200,672,,
2026-08-27T13:20:37.389073+00:00,Others,Others.epublibre,UP,200,615,,
2026-08-27T13:21:37.459396+00:00,Others,Others.epublibre,UP,200,577,,
2026-08-27T13:22:38.265560+00:00,Others,Others.epublibre,UP,200,592,,
2026-08-27T13:23:39.236664+00:00,Others,Others.epublibre,UP,200,582,,
2026-08-27T13:24:40.357089+00:00,Others,Others.epublibre,UP,200,574,,
2026-08-27T13:25:41.043389+00:00,Others,Others.epublibre,UP,200,584,,
2026-08-27T13:26:42.019305+00:00,Others,Others.epublibre,UP,200,594,,
2026-08-27T13:27:43.355828+00:00,Others,Others.epublibre,UP,200,554,,
2026-08-27T13:28:43.917643+00:00,Others,Others.epublibre,UP,200,581,,
2026-08-27T13:29:44.790148+00:00,Others,Others.epublibre,UP,200,553,,
2026-08-27T13:30:44.838380+00:00,Others,Others.epublibre,UP,200,546,,
2026-08-27T13:31:45.042744+00:00,Others,Others.epublibre,UP,200,585,,
2026-08-27T13:32:45.030765+00:00,Others,Others.epublibre,UP,200,574,,
2026-08-27T13:33:45.993389+00:00,Others,Others.epublibre,UP,200,555,,
2026-08-27T13:34:46.034622+00:00,Others,Others.epublibre,UP,200,607,,
2026-08-27T13:35:47.185900+00:00,Others,Others.epublibre,UP,200,666,,
2026-08-27T13:36:46.936847+00:00,Others,Others.epublibre,UP,200,573,,
2026-08-27T13:37:48.204526+00:00,Others,Others.epublibre,UP,200,656,,
2026-08-27T13:38:48.061249+00:00,Others,Others.epublibre,UP,200,564,,
2026-08-27T13:39:48.833973+00:00,Others,Others.epublibre,UP,200,591,,
2026-08-27T13:40:49.815003+00:00,Others,Others.epublibre,UP,200,715,,
2026-08-27T13:41:49.796312+00:00,Others,Others.epublibre,UP,200,597,,
2026-08-27T13:42:50.799157+00:00,Others,Others.epublibre,UP,200,550,,
2026-08-27T13:43:51.565724+00:00,Others,Others.epublibre,UP,200,551,,
2026-08-27T13:44:52.826914+00:00,Others,Others.epublibre,UP,200,675,,
2026-08-27T13:45:52.959421+00:00,Others,Others.epublibre,UP,200,569,,
2026-08-27T13:46:52.668692+00:00,Others,Others.epublibre,UP,200,561,,
2026-08-27T13:47:52.870469+00:00,Others,Others.epublibre,UP,200,622,,
2026-08-27T13:48:53.318134+00:00,Others,Others.epublibre,UP,200,553,,
2026-08-27T13:49:54.425581+00:00,Others,Others.epublibre,UP,200,601,,
2026-08-27T13:50:54.373191+00:00,Others,Others.epublibre,UP,200,557,,
2026-08-27T13:51:55.190611+00:00,Others,Others.epublibre,UP,200,571,,
2026-08-27T13:52:56.117604+00:00,Others,Others.epublibre,UP,200,568,,
2026-08-27T13:53:56.051695+00:00,Others,Others.epublibre,UP,200,547,,
2026-08-27T13:54:56.499566+00:00,Others,Others.epublibre,UP,200,569,,
2026-08-27T13:55:57.257615+00:00,Others,Others.epublibre,UP,200,572,,
2026-08-27T13:56:57.509685+00:00,Others,Others.epublibre,UP,200,595,,
2026-08-27T13:57:58.284097+00:00,Others,Others.epublibre,UP,200,570,,
2026-08-27T13:58:58.509298+00:00,Others,Others.epublibre,UP,200,559,,
2026-08-27T13:59:58.804007+00:00,Others,Others.epublibre,UP,200,604,,
2026-08-27T14:00:58.841684+00:00,Others,Others.epublibre,UP,200,658,,
2026-08-27T14:01:58.990643+00:00,Others,Others.epublibre,UP,200,133,,
2026-08-27T14:03:00.063395+00:00,Others,Others.epublibre,UP,200,588,,
2026-08-27T14:04:00.871981+00:00,Others,Others.epublibre,UP,200,611,,
2026-08-27T14:05:02.554547+00:00,Others,Others.epublibre,UP,200,986,,
2026-08-27T14:06:02.947577+00:00,Others,Others.epublibre,UP,200,581,,
2026-08-27T14:07:03.415575+00:00,Others,Others.epublibre,UP,200,730,,
2026-08-27T14:08:03.728636+00:00,Others,Others.epublibre,UP,200,625,,
2026-08-27T14:09:04.887522+00:00,Others,Others.epublibre,UP,200,572,,
2026-08-27T14:10:06.260084+00:00,Others,Others.epublibre,UP,200,702,,
2026-08-27T14:11:06.683984+00:00,Others,Others.epublibre,UP,200,577,,
2026-08-27T14:12:06.734696+00:00,Others,Others.epublibre,UP,200,579,,
2026-08-27T14:13:07.433143+00:00,Others,Others.epublibre,UP,200,619,,
2026-08-27T14:14:08.446887+00:00,Others,Others.epublibre,UP,200,726,,
2026-08-27T14:15:09.392710+00:00,Others,Others.epublibre,UP,200,610,,
2026-08-27T14:16:09.359509+00:00,Others,Others.epublibre,UP,200,578,,
2026-08-27T14:17:09.527556+00:00,Others,Others.epublibre,UP,200,656,,
2026-08-27T14:18:10.026049+00:00,Others,Others.epublibre,UP,200,588,,
2026-08-27T14:19:09.767384+00:00,Others,Others.epublibre,UP,200,707,,
2026-08-27T14:20:10.991747+00:00,Others,Others.epublibre,UP,200,573,,
2026-08-27T14:21:11.123806+00:00,Others,Others.epublibre,UP,200,632,,
2026-08-27T14:22:10.753901+00:00,Others,Others.epublibre,UP,200,150,,
2026-08-27T14:23:10.821945+00:00,Others,Others.epublibre,UP,200,152,,
2026-08-27T14:24:11.202413+00:00,Others,Others.epublibre,UP,200,580,,
2026-08-27T14:25:11.723935+00:00,Others,Others.epublibre,UP,200,561,,
2026-08-27T14:26:12.222768+00:00,Others,Others.epublibre,UP,200,561,,
2026-08-27T14:27:13.264830+00:00,Others,Others.epublibre,UP,200,600,,
2026-08-27T14:28:13.230849+00:00,Others,Others.epublibre,UP,200,563,,
2026-08-27T14:29:14.194038+00:00,Others,Others.epublibre,UP,200,670,,
2026-08-27T14:30:15.088758+00:00,Others,Others.epublibre,UP,200,650,,
2026-08-27T14:31:15.295590+00:00,Others,Others.epublibre,UP,200,555,,
2026-08-27T14:32:15.740117+00:00,Others,Others.epublibre,UP,200,536,,
2026-08-27T14:33:16.786093+00:00,Others,Others.epublibre,UP,200,579,,
2026-08-27T14:34:17.624932+00:00,Others,Others.epublibre,UP,200,654,,
2026-08-27T14:35:17.512950+00:00,Others,Others.epublibre,UP,200,143,,
2026-08-27T14:36:17.221585+00:00,Others,Others.epublibre,UP,200,148,,
2026-08-27T14:37:18.598994+00:00,Others,Others.epublibre,UP,200,596,,
2026-08-27T14:38:19.739946+00:00,Others,Others.epublibre,UP,200,569,,
2026-08-27T14:39:20.483055+00:00,Others,Others.epublibre,UP,200,575,,
2026-08-27T14:40:20.999703+00:00,Others,Others.epublibre,UP,200,659,,
2026-08-27T14:41:20.916515+00:00,Others,Others.epublibre,UP,200,570,,
2026-08-27T14:42:21.918186+00:00,Others,Others.epublibre,UP,200,777,,
2026-08-27T14:43:22.804365+00:00,Others,Others.epublibre,UP,200,559,,
2026-08-27T14:44:22.894033+00:00,Others,Others.epublibre,UP,200,656,,
2026-08-27T14:45:23.304704+00:00,Others,Others.epublibre,UP,200,788,,
2026-08-27T14:46:23.754107+00:00,Others,Others.epublibre,UP,200,1090,,
2026-08-27T14:47:23.826791+00:00,Others,Others.epublibre,UP,200,738,,
2026-08-27T14:48:24.230929+00:00,Others,Others.epublibre,UP,200,674,,
2026-08-27T14:49:24.254517+00:00,Others,Others.epublibre,UP,200,133,,
2026-08-27T14:50:25.387261+00:00,Others,Others.epublibre,UP,200,636,,
2026-08-27T14:51:26.301374+00:00,Others,Others.epublibre,UP,200,772,,
2026-08-27T14:52:26.818735+00:00,Others,Others.epublibre,UP,200,566,,
2026-08-27T14:53:27.565398+00:00,Others,Others.epublibre,UP,200,703,,
2026-08-27T14:54:27.964958+00:00,Others,Others.epublibre,UP,200,553,,
2026-08-27T14:55:31.435088+00:00,Others,Others.epublibre,DEGRADED,200,3967,latency_high,
2026-08-27T14:56:28.247748+00:00,Others,Others.epublibre,UP,200,674,,
2026-08-27T14:57:29.149575+00:00,Others,Others.epublibre,UP,200,659,,
2026-08-27T14:58:29.451674+00:00,Others,Others.epublibre,UP,200,539,,
2026-08-27T14:59:29.542401+00:00,Others,Others.epublibre,UP,200,565,,
2026-08-27T15:00:30.201751+00:00,Others,Others.epublibre,UP,200,557,,
2026-08-27T15:01:30.407918+00:00,Others,Others.epublibre,UP,200,768,,
2026-08-27T15:02:30.790328+00:00,Others,Others.epublibre,UP,200,603,,
2026-08-27T15:03:31.903897+00:00,Others,Others.epublibre,UP,200,577,,
2026-08-27T15:04:32.738747+00:00,Others,Others.epublibre,UP,200,615,,
2026-08-27T15:05:32.681037+00:00,Others,Others.epublibre,UP,200,560,,
2026-08-27T15:06:32.828453+00:00,Others,Others.epublibre,UP,200,552,,
2026-08-27T15:07:33.560460+00:00,Others,Others.epublibre,UP,200,546,,
2026-08-27T15:08:34.856521+00:00,Others,Others.epublibre,UP,200,657,,
2026-08-27T15:09:35.142043+00:00,Others,Others.epublibre,UP,200,585,,
2026-08-27T15:10:35.211887+00:00,Others,Others.epublibre,UP,200,140,,
2026-08-27T15:11:36.204764+00:00,Others,Others.epublibre,UP,200,138,,
2026-08-27T15:12:37.968311+00:00,Others,Others.epublibre,UP,200,699,,
2026-08-27T15:13:37.678901+00:00,Others,Others.epublibre,UP,200,570,,
2026-08-27T15:14:38.045314+00:00,Others,Others.epublibre,UP,200,138,,
2026-08-27T15:15:39.660558+00:00,Others,Others.epublibre,UP,200,602,,
2026-08-27T15:16:39.702554+00:00,Others,Others.epublibre,UP,200,598,,
2026-08-27T15:17:39.683812+00:00,Others,Others.epublibre,UP,200,138,,
2026-08-27T15:18:41.060047+00:00,Others,Others.epublibre,UP,200,581,,
2026-08-27T15:19:42.111419+00:00,Others,Others.epublibre,UP,200,558,,
2026-08-27T15:20:43.195549+00:00,Others,Others.epublibre,UP,200,639,,
2026-08-27T15:21:43.324418+00:00,Others,Others.epublibre,UP,200,566,,
2026-08-27T15:22:44.353383+00:00,Others,Others.epublibre,UP,200,612,,
2026-08-27T15:23:44.406005+00:00,Others,Others.epublibre,UP,200,715,,
2026-08-27T15:24:45.260646+00:00,Others,Others.epublibre,UP,200,613,,
2026-08-27T15:25:45.518910+00:00,Others,Others.epublibre,UP,200,546,,
2026-08-27T15:26:45.673195+00:00,Others,Others.epublibre,UP,200,613,,
2026-08-27T15:27:46.623254+00:00,Others,Others.epublibre,UP,200,563,,
2026-08-27T15:28:46.882953+00:00,Others,Others.epublibre,UP,200,995,,
2026-08-27T15:29:47.578092+00:00,Others,Others.epublibre,UP,200,526,,
2026-08-27T15:30:48.119639+00:00,Others,Others.epublibre,UP,200,588,,
2026-08-27T15:31:48.335141+00:00,Others,Others.epublibre,UP,200,590,,
2026-08-27T15:32:48.634990+00:00,Others,Others.epublibre,UP,200,699,,
2026-08-27T15:33:49.093606+00:00,Others,Others.epublibre,UP,200,530,,
2026-08-27T15:34:49.104205+00:00,Others,Others.epublibre,UP,200,553,,
2026-08-27T15:35:49.497426+00:00,Others,Others.epublibre,UP,200,542,,
2026-08-27T15:36:50.423811+00:00,Others,Others.epublibre,UP,200,585,,
2026-08-27T15:37:50.050336+00:00,Others,Others.epublibre,UP,200,129,,
2026-08-27T15:38:51.460031+00:00,Others,Others.epublibre,UP,200,581,,
2026-08-27T15:39:51.801266+00:00,Others,Others.epublibre,UP,200,540,,
2026-08-27T15:40:51.821273+00:00,Others,Others.epublibre,UP,200,550,,
2026-08-27T15:41:52.520778+00:00,Others,Others.epublibre,UP,200,542,,
2026-08-27T15:42:53.629810+00:00,Others,Others.epublibre,UP,200,594,,
2026-08-27T15:43:53.812630+00:00,Others,Others.epublibre,UP,200,567,,
2026-08-27T15:44:53.934820+00:00,Others,Others.epublibre,UP,200,604,,
2026-08-27T15:45:54.276842+00:00,Others,Others.epublibre,UP,200,695,,
2026-08-27T15:46:55.265865+00:00,Others,Others.epublibre,UP,200,587,,
2026-08-27T15:47:56.228547+00:00,Others,Others.epublibre,UP,200,633,,
2026-08-27T15:48:56.798955+00:00,Others,Others.epublibre,UP,200,601,,
2026-08-27T15:49:56.719865+00:00,Others,Others.epublibre,UP,200,566,,
2026-08-27T15:50:56.929876+00:00,Others,Others.epublibre,UP,200,561,,
2026-08-27T15:51:57.037387+00:00,Others,Others.epublibre,UP,200,582,,
2026-08-27T15:52:57.341482+00:00,Others,Others.epublibre,UP,200,539,,
2026-08-27T15:53:58.488388+00:00,Others,Others.epublibre,UP,200,744,,
2026-08-27T15:54:59.460572+00:00,Others,Others.epublibre,UP,200,707,,
2026-08-27T15:55:59.589517+00:00,Others,Others.epublibre,UP,200,598,,
2026-08-27T15:56:59.646001+00:00,Others,Others.epublibre,UP,200,608,,
2026-08-27T15:57:59.990341+00:00,Others,Others.epublibre,UP,200,600,,
2026-08-27T15:58:59.699461+00:00,Others,Others.epublibre,UP,200,267,,
2026-08-27T16:00:01.897846+00:00,Others,Others.epublibre,UP,200,2253,,
2026-08-27T16:01:01.289632+00:00,Others,Others.epublibre,UP,200,658,,
2026-08-27T16:02:01.325384+00:00,Others,Others.epublibre,UP,200,678,,
2026-08-27T16:03:02.687149+00:00,Others,Others.epublibre,UP,200,837,,
2026-08-27T16:04:03.079974+00:00,Others,Others.epublibre,UP,200,559,,
2026-08-27T16:05:03.909741+00:00,Others,Others.epublibre,UP,200,828,,
2026-08-27T16:06:03.376512+00:00,Others,Others.epublibre,UP,200,666,,
2026-08-27T16:07:04.152473+00:00,Others,Others.epublibre,UP,200,692,,
2026-08-27T16:08:03.900331+00:00,Others,Others.epublibre,UP,200,620,,
2026-08-27T16:09:04.788855+00:00,Others,Others.epublibre,UP,200,581,,
2026-08-27T16:10:05.099047+00:00,Others,Others.epublibre,UP,200,779,,
2026-08-27T16:11:05.267313+00:00,Others,Others.epublibre,UP,200,597,,
2026-08-27T16:12:05.253927+00:00,Others,Others.epublibre,UP,200,579,,
2026-08-27T16:13:06.232078+00:00,Others,Others.epublibre,UP,200,1448,,
2026-08-27T16:14:06.431103+00:00,Others,Others.epublibre,UP,200,733,,
2026-08-27T16:15:06.717156+00:00,Others,Others.epublibre,UP,200,653,,
2026-08-27T16:16:07.027744+00:00,Others,Others.epublibre,UP,200,559,,
2026-08-27T16:17:07.470889+00:00,Others,Others.epublibre,UP,200,551,,
2026-08-27T16:18:07.947808+00:00,Others,Others.epublibre,UP,200,645,,
2026-08-27T16:19:08.136511+00:00,Others,Others.epublibre,UP,200,611,,
2026-08-27T16:20:09.023901+00:00,Others,Others.epublibre,UP,200,591,,
2026-08-27T16:21:09.142417+00:00,Others,Others.epublibre,UP,200,570,,
2026-08-27T16:22:10.194103+00:00,Others,Others.epublibre,UP,200,659,,
2026-08-27T16:23:10.001222+00:00,Others,Others.epublibre,UP,200,610,,
2026-08-27T16:24:10.211996+00:00,Others,Others.epublibre,UP,200,595,,
2026-08-27T16:25:11.074524+00:00,Others,Others.epublibre,UP,200,549,,
2026-08-27T16:26:11.017630+00:00,Others,Others.epublibre,UP,200,573,,
2026-08-27T16:27:11.829771+00:00,Others,Others.epublibre,UP,200,555,,
2026-08-27T16:28:13.484796+00:00,Others,Others.epublibre,UP,200,880,,
2026-08-27T16:29:12.851057+00:00,Others,Others.epublibre,UP,200,144,,
2026-08-27T16:30:14.160367+00:00,Others,Others.epublibre,UP,200,592,,
2026-08-27T16:31:14.183250+00:00,Others,Others.epublibre,UP,200,625,,
2026-08-27T16:32:13.994588+00:00,Others,Others.epublibre,UP,200,147,,
2026-08-27T16:33:14.799870+00:00,Others,Others.epublibre,UP,200,674,,
2026-08-27T16:34:14.942785+00:00,Others,Others.epublibre,UP,200,674,,
2026-08-27T16:35:15.087085+00:00,Others,Others.epublibre,UP,200,572,,
2026-08-27T16:36:15.462823+00:00,Others,Others.epublibre,UP,200,701,,
2026-08-27T16:37:15.794589+00:00,Others,Others.epublibre,UP,200,688,,
2026-08-27T16:38:15.211077+00:00,Others,Others.epublibre,UP,200,142,,
2026-08-27T16:39:16.910928+00:00,Others,Others.epublibre,UP,200,645,,
2026-08-27T16:40:16.844094+00:00,Others,Others.epublibre,UP,200,567,,
2026-08-27T16:41:17.279797+00:00,Others,Others.epublibre,UP,200,627,,
2026-08-27T16:42:17.338963+00:00,Others,Others.epublibre,UP,200,659,,
2026-08-27T16:43:17.460986+00:00,Others,Others.epublibre,UP,200,622,,
2026-08-27T16:44:17.239772+00:00,Others,Others.epublibre,UP,200,567,,
2026-08-27T16:45:18.660650+00:00,Others,Others.epublibre,UP,200,660,,
2026-08-27T16:46:18.984190+00:00,Others,Others.epublibre,UP,200,568,,
2026-08-27T16:47:19.221797+00:00,Others,Others.epublibre,UP,200,603,,
2026-08-27T16:48:22.328964+00:00,Others,Others.epublibre,DEGRADED,200,3512,latency_high,
2026-08-27T16:49:20.463842+00:00,Others,Others.epublibre,UP,200,531,,
2026-08-27T16:50:21.588312+00:00,Others,Others.epublibre,UP,200,703,,
2026-08-27T16:51:21.478841+00:00,Others,Others.epublibre,UP,200,571,,
2026-08-27T16:52:22.867373+00:00,Others,Others.epublibre,UP,200,756,,
2026-08-27T16:53:22.758476+00:00,Others,Others.epublibre,UP,200,563,,
2026-08-27T16:54:23.862976+00:00,Others,Others.epublibre,UP,200,721,,
2026-08-27T16:55:24.740117+00:00,Others,Others.epublibre,UP,200,611,,
2026-08-27T16:56:25.722513+00:00,Others,Others.epublibre,UP,200,611,,
2026-08-27T16:57:25.505641+00:00,Others,Others.epublibre,UP,200,547,,
2026-08-27T16:58:26.301548+00:00,Others,Others.epublibre,UP,200,569,,
2026-08-27T16:59:27.163927+00:00,Others,Others.epublibre,UP,200,561,,
2026-08-27T17:00:28.401377+00:00,Others,Others.epublibre,UP,200,591,,
2026-08-27T17:01:29.300634+00:00,Others,Others.epublibre,UP,200,675,,
2026-08-27T17:02:29.067964+00:00,Others,Others.epublibre,UP,200,541,,
2026-08-27T17:03:30.118319+00:00,Others,Others.epublibre,UP,200,711,,
2026-08-27T17:04:31.225033+00:00,Others,Others.epublibre,UP,200,625,,
2026-08-27T17:05:31.984987+00:00,Others,Others.epublibre,UP,200,680,,
2026-08-27T17:06:33.264827+00:00,Others,Others.epublibre,UP,200,617,,
2026-08-27T17:07:33.311890+00:00,Others,Others.epublibre,UP,200,706,,
2026-08-27T17:08:34.316041+00:00,Others,Others.epublibre,UP,200,626,,
2026-08-27T17:09:34.579961+00:00,Others,Others.epublibre,UP,200,644,,
2026-08-27T17:10:35.383465+00:00,Others,Others.epublibre,UP,200,591,,
2026-08-27T17:11:35.692512+00:00,Others,Others.epublibre,UP,200,575,,
2026-08-27T17:12:35.532996+00:00,Others,Others.epublibre,UP,200,564,,
2026-08-27T17:13:35.580206+00:00,Others,Others.epublibre,UP,200,569,,
2026-08-27T17:14:35.830564+00:00,Others,Others.epublibre,UP,200,643,,
2026-08-27T17:15:36.085467+00:00,Others,Others.epublibre,UP,200,582,,
2026-08-27T17:16:36.381349+00:00,Others,Others.epublibre,UP,200,561,,
2026-08-27T17:17:37.238462+00:00,Others,Others.epublibre,UP,200,645,,
2026-08-27T17:18:37.200002+00:00,Others,Others.epublibre,UP,200,600,,
2026-08-27T17:19:38.523218+00:00,Others,Others.epublibre,UP,200,671,,
2026-08-27T17:20:38.343471+00:00,Others,Others.epublibre,UP,200,584,,
2026-08-27T17:21:39.475023+00:00,Others,Others.epublibre,UP,200,614,,
2026-08-27T17:22:39.320842+00:00,Others,Others.epublibre,UP,200,542,,
2026-08-27T17:23:40.600054+00:00,Others,Others.epublibre,UP,200,692,,
2026-08-27T17:24:41.439467+00:00,Others,Others.epublibre,UP,200,590,,
2026-08-27T17:25:42.547247+00:00,Others,Others.epublibre,UP,200,684,,
2026-08-27T17:26:42.275893+00:00,Others,Others.epublibre,UP,200,560,,
2026-08-27T17:27:43.244404+00:00,Others,Others.epublibre,UP,200,640,,
2026-08-27T17:28:44.411143+00:00,Others,Others.epublibre,UP,200,562,,
2026-08-27T17:29:44.317746+00:00,Others,Others.epublibre,UP,200,540,,
2026-08-27T17:30:52.741517+00:00,Others,Others.epublibre,DEGRADED,200,7892,latency_high,
2026-08-27T17:31:45.585735+00:00,Others,Others.epublibre,UP,200,146,,
2026-08-27T17:32:46.324032+00:00,Others,Others.epublibre,UP,200,683,,
2026-08-27T17:33:47.156922+00:00,Others,Others.epublibre,UP,200,631,,
2026-08-27T17:34:46.671200+00:00,Others,Others.epublibre,UP,200,563,,
2026-08-27T17:35:47.839673+00:00,Others,Others.epublibre,UP,200,591,,
2026-08-27T17:36:55.570834+00:00,Others,Others.epublibre,DEGRADED,200,7195,latency_high,
2026-08-27T17:37:49.819673+00:00,Others,Others.epublibre,UP,200,550,,
2026-08-27T17:38:49.816116+00:00,Others,Others.epublibre,UP,200,736,,
2026-08-27T17:39:50.036358+00:00,Others,Others.epublibre,UP,200,548,,
2026-08-27T17:40:50.144879+00:00,Others,Others.epublibre,UP,200,591,,
2026-08-27T17:41:50.402861+00:00,Others,Others.epublibre,UP,200,643,,
2026-08-27T17:42:50.492160+00:00,Others,Others.epublibre,UP,200,555,,
2026-08-27T17:43:51.457258+00:00,Others,Others.epublibre,UP,200,645,,
2026-08-27T17:44:51.273081+00:00,Others,Others.epublibre,UP,200,578,,
2026-08-27T17:45:51.471612+00:00,Others,Others.epublibre,UP,200,666,,
2026-08-27T17:47:11.943054+00:00,Others,Others.epublibre,TIMEOUT,,,timeout,
2026-08-27T17:47:51.944426+00:00,Others,Others.epublibre,UP,200,603,,
2026-08-27T17:48:53.020784+00:00,Others,Others.epublibre,UP,200,729,,
2026-08-27T17:49:54.014919+00:00,Others,Others.epublibre,UP,200,589,,
2026-08-27T17:50:54.061890+00:00,Others,Others.epublibre,UP,200,583,,
2026-08-27T17:51:54.311124+00:00,Others,Others.epublibre,UP,200,557,,
2026-08-27T17:52:53.965471+00:00,Others,Others.epublibre,UP,200,619,,
2026-08-27T17:53:55.060076+00:00,Others,Others.epublibre,UP,200,592,,
2026-08-27T17:54:56.108846+00:00,Others,Others.epublibre,UP,200,587,,
2026-08-27T17:55:56.932319+00:00,Others,Others.epublibre,UP,200,179,,
2026-08-27T17:56:56.866485+00:00,Others,Others.epublibre,UP,200,140,,
2026-08-27T17:57:57.553673+00:00,Others,Others.epublibre,UP,200,583,,
2026-08-27T17:58:57.863133+00:00,Others,Others.epublibre,UP,200,625,,
2026-08-27T17:59:57.927785+00:00,Others,Others.epublibre,UP,200,709,,
2026-08-27T18:00:58.292191+00:00,Others,Others.epublibre,UP,200,700,,
2026-08-27T18:01:58.161761+00:00,Others,Others.epublibre,UP,200,586,,
2026-08-27T18:02:58.498976+00:00,Others,Others.epublibre,UP,200,595,,
2026-08-27T18:03:58.368826+00:00,Others,Others.epublibre,UP,200,573,,
2026-08-27T18:04:58.579960+00:00,Others,Others.epublibre,UP,200,603,,
2026-08-27T18:06:00.069809+00:00,Others,Others.epublibre,UP,200,609,,
2026-08-27T18:07:00.764826+00:00,Others,Others.epublibre,UP,200,725,,
2026-08-27T18:08:00.392577+00:00,Others,Others.epublibre,UP,200,170,,
2026-08-27T18:09:01.372298+00:00,Others,Others.epublibre,UP,200,651,,
2026-08-27T18:10:02.067945+00:00,Others,Others.epublibre,UP,200,852,,
2026-08-27T18:11:01.779802+00:00,Others,Others.epublibre,UP,200,162,,
2026-08-27T18:12:02.697305+00:00,Others,Others.epublibre,UP,200,1086,,
2026-08-27T18:13:02.411015+00:00,Others,Others.epublibre,UP,200,798,,
2026-08-27T18:14:02.876701+00:00,Others,Others.epublibre,UP,200,811,,
2026-08-27T18:15:04.765787+00:00,Others,Others.epublibre,UP,200,796,,
2026-08-27T18:16:03.752489+00:00,Others,Others.epublibre,UP,200,147,,
2026-08-27T18:17:04.596203+00:00,Others,Others.epublibre,UP,200,745,,
2026-08-27T18:18:04.907555+00:00,Others,Others.epublibre,UP,200,634,,
2026-08-27T18:19:06.166647+00:00,Others,Others.epublibre,UP,200,586,,
2026-08-27T18:20:06.236186+00:00,Others,Others.epublibre,UP,200,569,,
2026-08-27T18:21:06.418575+00:00,Others,Others.epublibre,UP,200,666,,
2026-08-27T18:22:06.630675+00:00,Others,Others.epublibre,UP,200,558,,
2026-08-27T18:23:07.627360+00:00,Others,Others.epublibre,UP,200,628,,
2026-08-27T18:24:07.795317+00:00,Others,Others.epublibre,UP,200,644,,
2026-08-27T18:25:07.967886+00:00,Others,Others.epublibre,UP,200,729,,
2026-08-27T18:26:08.767014+00:00,Others,Others.epublibre,UP,200,618,,
2026-08-27T18:27:08.974242+00:00,Others,Others.epublibre,UP,200,692,,
2026-08-27T18:28:09.205919+00:00,Others,Others.epublibre,UP,200,729,,
2026-08-27T18:29:09.548898+00:00,Others,Others.epublibre,UP,200,698,,
2026-08-27T18:30:09.911253+00:00,Others,Others.epublibre,UP,200,774,,
2026-08-27T18:31:10.178690+00:00,Others,Others.epublibre,UP,200,611,,
2026-08-27T18:32:10.934523+00:00,Others,Others.epublibre,UP,200,683,,
2026-08-27T18:33:11.469454+00:00,Others,Others.epublibre,UP,200,596,,
2026-08-27T18:34:11.506438+00:00,Others,Others.epublibre,UP,200,615,,
2026-08-27T18:35:13.018199+00:00,Others,Others.epublibre,UP,200,1262,,
2026-08-27T18:36:12.346601+00:00,Others,Others.epublibre,UP,200,680,,
2026-08-27T18:37:12.765121+00:00,Others,Others.epublibre,UP,200,551,,
2026-08-27T18:38:13.535504+00:00,Others,Others.epublibre,UP,200,678,,
2026-08-27T18:39:13.702050+00:00,Others,Others.epublibre,UP,200,675,,
2026-08-27T18:40:13.959508+00:00,Others,Others.epublibre,UP,200,842,,
2026-08-27T18:41:14.451437+00:00,Others,Others.epublibre,UP,200,1106,,
2026-08-27T18:42:14.177791+00:00,Others,Others.epublibre,UP,200,590,,
2026-08-27T18:43:14.400944+00:00,Others,Others.epublibre,UP,200,627,,
2026-08-27T18:44:16.009524+00:00,Others,Others.epublibre,UP,200,956,,
2026-08-27T18:45:15.316404+00:00,Others,Others.epublibre,UP,200,645,,
2026-08-27T18:46:16.705805+00:00,Others,Others.epublibre,UP,200,781,,
2026-08-27T18:47:17.088220+00:00,Others,Others.epublibre,UP,200,1089,,
2026-08-27T18:48:17.044317+00:00,Others,Others.epublibre,UP,200,1056,,
2026-08-27T18:49:17.090769+00:00,Others,Others.epublibre,UP,200,700,,
2026-08-27T18:50:16.548911+00:00,Others,Others.epublibre,UP,200,141,,
2026-08-27T18:51:17.424345+00:00,Others,Others.epublibre,UP,200,742,,
2026-08-27T18:52:17.434189+00:00,Others,Others.epublibre,UP,200,556,,
2026-08-27T18:53:17.555245+00:00,Others,Others.epublibre,UP,200,612,,
2026-08-27T18:54:18.969672+00:00,Others,Others.epublibre,UP,200,606,,
2026-08-27T18:55:19.040781+00:00,Others,Others.epublibre,UP,200,671,,
2026-08-27T18:56:18.913763+00:00,Others,Others.epublibre,UP,200,782,,
2026-08-27T18:57:18.990778+00:00,Others,Others.epublibre,UP,200,680,,
2026-08-27T18:58:19.007626+00:00,Others,Others.epublibre,UP,200,639,,
2026-08-27T18:59:19.688216+00:00,Others,Others.epublibre,UP,200,882,,
2026-08-27T19:00:20.059836+00:00,Others,Others.epublibre,UP,200,635,,
2026-08-27T19:01:20.372162+00:00,Others,Others.epublibre,UP,200,603,,
2026-08-27T19:02:23.026582+00:00,Others,Others.epublibre,UP,200,2642,,
2026-08-27T19:03:22.737573+00:00,Others,Others.epublibre,UP,200,1196,,
2026-08-27T19:04:23.032580+00:00,Others,Others.epublibre,UP,200,1005,,
2026-08-27T19:05:24.318139+00:00,Others,Others.epublibre,UP,200,736,,
2026-08-27T19:06:24.239143+00:00,Others,Others.epublibre,UP,200,733,,
2026-08-27T19:07:24.564824+00:00,Others,Others.epublibre,UP,200,922,,
2026-08-27T19:08:25.890809+00:00,Others,Others.epublibre,UP,200,1410,,
2026-08-27T19:09:24.759957+00:00,Others,Others.epublibre,UP,200,307,,
2026-08-27T19:10:25.779486+00:00,Others,Others.epublibre,UP,200,1144,,
2026-08-27T19:11:25.655439+00:00,Others,Others.epublibre,UP,200,1097,,
2026-08-27T19:12:25.687891+00:00,Others,Others.epublibre,UP,200,847,,
2026-08-27T19:13:26.206766+00:00,Others,Others.epublibre,UP,200,1174,,
2026-08-27T19:14:26.973770+00:00,Others,Others.epublibre,UP,200,1073,,
2026-08-27T19:15:26.952381+00:00,Others,Others.epublibre,UP,200,1012,,
2026-08-27T19:16:27.827650+00:00,Others,Others.epublibre,UP,200,1184,,
2026-08-27T19:17:27.825526+00:00,Others,Others.epublibre,UP,200,1029,,
2026-08-27T19:18:28.881098+00:00,Others,Others.epublibre,UP,200,971,,
2026-08-27T19:19:28.659710+00:00,Others,Others.epublibre,UP,200,611,,
2026-08-27T19:20:28.420512+00:00,Others,Others.epublibre,UP,200,184,,
2026-08-27T19:21:29.919827+00:00,Others,Others.epublibre,UP,200,1111,,
2026-08-27T19:22:30.836902+00:00,Others,Others.epublibre,UP,200,948,,
2026-08-27T19:23:31.749582+00:00,Others,Others.epublibre,UP,200,1189,,
2026-08-27T19:24:31.573631+00:00,Others,Others.epublibre,UP,200,273,,
2026-08-27T19:25:32.928214+00:00,Others,Others.epublibre,UP,200,1109,,
2026-08-27T19:26:33.083245+00:00,Others,Others.epublibre,UP,200,957,,
2026-08-27T19:27:32.900739+00:00,Others,Others.epublibre,UP,200,794,,
2026-08-27T19:28:33.550069+00:00,Others,Others.epublibre,UP,200,991,,
2026-08-27T19:29:33.328150+00:00,Others,Others.epublibre,UP,200,589,,
2026-08-27T19:30:33.943174+00:00,Others,Others.epublibre,UP,200,1187,,
2026-08-27T19:31:34.313349+00:00,Others,Others.epublibre,UP,200,1203,,
2026-08-27T19:32:34.175632+00:00,Others,Others.epublibre,UP,200,1088,,
2026-08-27T19:33:35.237516+00:00,Others,Others.epublibre,UP,200,1153,,
2026-08-27T19:34:35.749030+00:00,Others,Others.epublibre,UP,200,1475,,
2026-08-27T19:35:36.246836+00:00,Others,Others.epublibre,UP,200,862,,
2026-08-27T19:36:36.559397+00:00,Others,Others.epublibre,UP,200,1066,,
2026-08-27T19:37:36.381318+00:00,Others,Others.epublibre,UP,200,1195,,
2026-08-27T19:38:36.422104+00:00,Others,Others.epublibre,UP,200,907,,
2026-08-27T19:39:36.378681+00:00,Others,Others.epublibre,UP,200,824,,
2026-08-27T19:40:36.677088+00:00,Others,Others.epublibre,UP,200,827,,
2026-08-27T19:41:37.349439+00:00,Others,Others.epublibre,UP,200,1282,,
2026-08-27T19:42:37.985674+00:00,Others,Others.epublibre,UP,200,1095,,
2026-08-27T19:43:37.833071+00:00,Others,Others.epublibre,UP,200,746,,
2026-08-27T19:44:38.604936+00:00,Others,Others.epublibre,UP,200,1072,,
2026-08-27T19:45:39.492557+00:00,Others,Others.epublibre,UP,200,1028,,
2026-08-27T19:46:39.493229+00:00,Others,Others.epublibre,UP,200,979,,
2026-08-27T19:47:45.524747+00:00,Others,Others.epublibre,DEGRADED,200,6183,latency_high,
2026-08-27T19:48:40.702799+00:00,Others,Others.epublibre,UP,200,198,,
2026-08-27T19:49:41.147553+00:00,Others,Others.epublibre,UP,200,742,,
2026-08-27T19:50:41.118949+00:00,Others,Others.epublibre,UP,200,732,,
2026-08-27T19:51:41.828677+00:00,Others,Others.epublibre,UP,200,1254,,
2026-08-27T19:52:41.677306+00:00,Others,Others.epublibre,UP,200,938,,
2026-08-27T19:53:41.220242+00:00,Others,Others.epublibre,UP,200,229,,
2026-08-27T19:54:41.985881+00:00,Others,Others.epublibre,UP,200,782,,
2026-08-27T19:55:42.851478+00:00,Others,Others.epublibre,UP,200,955,,
2026-08-27T19:56:42.856574+00:00,Others,Others.epublibre,UP,200,631,,
2026-08-27T19:57:47.402791+00:00,Others,Others.epublibre,DEGRADED,200,4237,latency_high,
2026-08-27T19:58:44.690065+00:00,Others,Others.epublibre,UP,200,777,,
2026-08-27T19:59:45.347744+00:00,Others,Others.epublibre,UP,200,1046,,
2026-08-27T20:00:45.172709+00:00,Others,Others.epublibre,UP,200,568,,
2026-08-27T20:01:45.508165+00:00,Others,Others.epublibre,UP,200,576,,
2026-08-27T20:02:46.381442+00:00,Others,Others.epublibre,UP,200,612,,
2026-08-27T20:03:46.066491+00:00,Others,Others.epublibre,UP,200,605,,
2026-08-27T20:04:47.159982+00:00,Others,Others.epublibre,UP,200,550,,
2026-08-27T20:05:46.979015+00:00,Others,Others.epublibre,UP,200,136,,
2026-08-27T20:06:48.070706+00:00,Others,Others.epublibre,UP,200,1013,,
2026-08-27T20:07:47.580374+00:00,Others,Others.epublibre,UP,200,763,,
2026-08-27T20:08:48.031855+00:00,Others,Others.epublibre,UP,200,800,,
2026-08-27T20:09:48.031727+00:00,Others,Others.epublibre,UP,200,819,,
2026-08-27T20:10:48.363102+00:00,Others,Others.epublibre,UP,200,835,,
2026-08-27T20:11:48.296052+00:00,Others,Others.epublibre,UP,200,718,,
2026-08-27T20:12:49.896348+00:00,Others,Others.epublibre,UP,200,746,,
2026-08-27T20:13:50.006598+00:00,Others,Others.epublibre,UP,200,715,,
2026-08-27T20:14:50.044457+00:00,Others,Others.epublibre,UP,200,610,,
2026-08-27T20:15:50.381162+00:00,Others,Others.epublibre,UP,200,601,,
2026-08-27T20:16:50.137062+00:00,Others,Others.epublibre,UP,200,751,,
2026-08-27T20:17:50.708828+00:00,Others,Others.epublibre,UP,200,583,,
2026-08-27T20:18:59.213967+00:00,Others,Others.epublibre,DEGRADED,200,8139,latency_high,
2026-08-27T20:19:51.755366+00:00,Others,Others.epublibre,UP,200,601,,
2026-08-27T20:20:51.594577+00:00,Others,Others.epublibre,UP,200,173,,
2026-08-27T20:21:52.077062+00:00,Others,Others.epublibre,UP,200,568,,
2026-08-27T20:22:52.295387+00:00,Others,Others.epublibre,UP,200,579,,
2026-08-27T20:23:53.136936+00:00,Others,Others.epublibre,UP,200,588,,
2026-08-27T20:24:54.023677+00:00,Others,Others.epublibre,UP,200,790,,
2026-08-27T20:25:54.190815+00:00,Others,Others.epublibre,UP,200,596,,
2026-08-27T20:26:53.991076+00:00,Others,Others.epublibre,UP,200,573,,
2026-08-27T20:27:53.712516+00:00,Others,Others.epublibre,UP,200,135,,
2026-08-27T20:28:54.583825+00:00,Others,Others.epublibre,UP,200,645,,
2026-08-27T20:29:54.616568+00:00,Others,Others.epublibre,UP,200,586,,
2026-08-27T20:30:54.877775+00:00,Others,Others.epublibre,UP,200,694,,
2026-08-27T20:31:54.912009+00:00,Others,Others.epublibre,UP,200,610,,
2026-08-27T20:32:54.904800+00:00,Others,Others.epublibre,UP,200,136,,
2026-08-27T20:33:55.603987+00:00,Others,Others.epublibre,UP,200,584,,
2026-08-27T20:34:56.838678+00:00,Others,Others.epublibre,UP,200,760,,
2026-08-27T20:35:56.824770+00:00,Others,Others.epublibre,UP,200,644,,
2026-08-27T20:36:56.725890+00:00,Others,Others.epublibre,UP,200,156,,
2026-08-27T20:37:57.906720+00:00,Others,Others.epublibre,UP,200,581,,
2026-08-27T20:38:58.071821+00:00,Others,Others.epublibre,UP,200,678,,
2026-08-27T20:39:58.791082+00:00,Others,Others.epublibre,UP,200,583,,
2026-08-27T20:40:59.179208+00:00,Others,Others.epublibre,UP,200,628,,
2026-08-27T20:41:59.596006+00:00,Others,Others.epublibre,UP,200,577,,
2026-08-27T20:43:00.527983+00:00,Others,Others.epublibre,UP,200,657,,
2026-08-27T20:44:00.875598+00:00,Others,Others.epublibre,UP,200,609,,
2026-08-27T20:45:01.140379+00:00,Others,Others.epublibre,UP,200,730,,
2026-08-27T20:46:01.483730+00:00,Others,Others.epublibre,UP,200,653,,
2026-08-27T20:47:01.816912+00:00,Others,Others.epublibre,UP,200,734,,
2026-08-27T20:48:02.138660+00:00,Others,Others.epublibre,UP,200,553,,
2026-08-27T20:49:03.406676+00:00,Others,Others.epublibre,UP,200,643,,
2026-08-27T20:50:04.733407+00:00,Others,Others.epublibre,UP,200,722,,
2026-08-27T20:51:05.122147+00:00,Others,Others.epublibre,UP,200,805,,
2026-08-27T20:52:04.871567+00:00,Others,Others.epublibre,UP,200,989,,
2026-08-27T20:53:11.982896+00:00,Others,Others.epublibre,DEGRADED,200,6974,latency_high,
2026-08-27T20:54:06.662502+00:00,Others,Others.epublibre,UP,200,1006,,
2026-08-27T20:55:06.501588+00:00,Others,Others.epublibre,UP,200,711,,
2026-08-27T20:56:06.331271+00:00,Others,Others.epublibre,UP,200,686,,
2026-08-27T20:57:07.181983+00:00,Others,Others.epublibre,UP,200,610,,
2026-08-27T20:58:07.336632+00:00,Others,Others.epublibre,UP,200,640,,
2026-08-27T20:59:07.650917+00:00,Others,Others.epublibre,UP,200,612,,
2026-08-27T21:00:08.091268+00:00,Others,Others.epublibre,UP,200,606,,
2026-08-27T21:01:07.933938+00:00,Others,Others.epublibre,UP,200,577,,
2026-08-27T21:02:08.264700+00:00,Others,Others.epublibre,UP,200,680,,
2026-08-27T21:03:08.489229+00:00,Others,Others.epublibre,UP,200,546,,
2026-08-27T21:04:09.614895+00:00,Others,Others.epublibre,UP,200,641,,
2026-08-27T21:05:09.896258+00:00,Others,Others.epublibre,UP,200,614,,
2026-08-27T21:06:10.003772+00:00,Others,Others.epublibre,UP,200,569,,
2026-08-27T21:07:10.143690+00:00,Others,Others.epublibre,UP,200,648,,
2026-08-27T21:08:10.330215+00:00,Others,Others.epublibre,UP,200,556,,
2026-08-27T21:09:10.271964+00:00,Others,Others.epublibre,UP,200,539,,
2026-08-27T21:10:11.317965+00:00,Others,Others.epublibre,UP,200,580,,
2026-08-27T21:11:11.333445+00:00,Others,Others.epublibre,UP,200,611,,
2026-08-27T21:12:11.343515+00:00,Others,Others.epublibre,UP,200,140,,
2026-08-27T21:13:12.704392+00:00,Others,Others.epublibre,UP,200,588,,
2026-08-27T21:14:12.810202+00:00,Others,Others.epublibre,UP,200,585,,
2026-08-27T21:15:13.682595+00:00,Others,Others.epublibre,UP,200,649,,
2026-08-27T21:16:14.072404+00:00,Others,Others.epublibre,UP,200,599,,
2026-08-27T21:17:14.003642+00:00,Others,Others.epublibre,UP,200,539,,
2026-08-27T21:18:15.082670+00:00,Others,Others.epublibre,UP,200,564,,
2026-08-27T21:19:14.969484+00:00,Others,Others.epublibre,UP,200,139,,
2026-08-27T21:20:15.539598+00:00,Others,Others.epublibre,UP,200,579,,
2026-08-27T21:21:15.298014+00:00,Others,Others.epublibre,UP,200,134,,
2026-08-27T21:22:15.725445+00:00,Others,Others.epublibre,UP,200,596,,
2026-08-27T21:23:15.968944+00:00,Others,Others.epublibre,UP,200,655,,
2026-08-27T21:24:15.880886+00:00,Others,Others.epublibre,UP,200,564,,
2026-08-27T21:25:16.157990+00:00,Others,Others.epublibre,UP,200,565,,
2026-08-27T21:26:16.234774+00:00,Others,Others.epublibre,UP,200,565,,
2026-08-27T21:27:17.321472+00:00,Others,Others.epublibre,UP,200,638,,
2026-08-27T21:28:17.422825+00:00,Others,Others.epublibre,UP,200,600,,
2026-08-27T21:29:25.666668+00:00,Others,Others.epublibre,DEGRADED,200,8571,latency_high,
2026-08-27T21:30:18.553096+00:00,Others,Others.epublibre,UP,200,565,,
2026-08-27T21:31:18.708533+00:00,Others,Others.epublibre,UP,200,668,,
2026-08-27T21:32:18.603963+00:00,Others,Others.epublibre,UP,200,138,,
2026-08-27T21:33:19.036570+00:00,Others,Others.epublibre,UP,200,554,,
2026-08-27T21:34:18.934732+00:00,Others,Others.epublibre,UP,200,617,,
2026-08-27T21:35:19.085452+00:00,Others,Others.epublibre,UP,200,583,,
2026-08-27T21:36:19.320139+00:00,Others,Others.epublibre,UP,200,550,,
2026-08-27T21:37:20.131437+00:00,Others,Others.epublibre,UP,200,561,,
2026-08-27T21:38:21.303997+00:00,Others,Others.epublibre,UP,200,622,,
2026-08-27T21:39:21.190707+00:00,Others,Others.epublibre,UP,200,553,,
2026-08-27T21:40:22.036349+00:00,Others,Others.epublibre,UP,200,597,,
2026-08-27T21:41:22.007518+00:00,Others,Others.epublibre,UP,200,592,,
2026-08-27T21:42:22.411687+00:00,Others,Others.epublibre,UP,200,599,,
2026-08-27T21:43:22.577150+00:00,Others,Others.epublibre,UP,200,538,,
2026-08-27T21:44:23.081832+00:00,Others,Others.epublibre,UP,200,628,,
2026-08-27T21:45:23.113380+00:00,Others,Others.epublibre,UP,200,583,,
2026-08-27T21:46:23.723431+00:00,Others,Others.epublibre,UP,200,595,,
2026-08-27T21:47:23.403153+00:00,Others,Others.epublibre,UP,200,575,,
2026-08-27T21:48:23.776952+00:00,Others,Others.epublibre,UP,200,592,,
2026-08-27T21:49:23.705477+00:00,Others,Others.epublibre,UP,200,585,,
2026-08-27T21:50:23.848702+00:00,Others,Others.epublibre,UP,200,617,,
2026-08-27T21:51:24.114503+00:00,Others,Others.epublibre,UP,200,577,,
2026-08-27T21:52:24.506422+00:00,Others,Others.epublibre,UP,200,622,,
2026-08-27T21:53:24.321710+00:00,Others,Others.epublibre,UP,200,569,,
2026-08-27T21:54:24.434843+00:00,Others,Others.epublibre,UP,200,144,,
2026-08-27T21:55:24.750602+00:00,Others,Others.epublibre,UP,200,142,,
2026-08-27T21:56:24.737452+00:00,Others,Others.epublibre,UP,200,146,,
2026-08-27T21:57:25.457875+00:00,Others,Others.epublibre,UP,200,629,,
2026-08-27T21:58:25.358431+00:00,Others,Others.epublibre,UP,200,641,,
2026-08-27T21:59:25.803729+00:00,Others,Others.epublibre,UP,200,607,,
2026-08-27T22:00:26.010250+00:00,Others,Others.epublibre,UP,200,683,,
2026-08-27T22:01:26.443712+00:00,Others,Others.epublibre,UP,200,596,,
2026-08-27T22:02:26.892609+00:00,Others,Others.epublibre,UP,200,718,,
2026-08-27T22:03:27.084747+00:00,Others,Others.epublibre,UP,200,568,,
2026-08-27T22:04:26.992435+00:00,Others,Others.epublibre,UP,200,135,,
2026-08-27T22:05:27.184614+00:00,Others,Others.epublibre,UP,200,138,,
2026-08-27T22:06:28.878902+00:00,Others,Others.epublibre,UP,200,578,,
2026-08-27T22:07:28.748018+00:00,Others,Others.epublibre,UP,200,555,,
2026-08-27T22:08:28.792859+00:00,Others,Others.epublibre,UP,200,590,,
2026-08-27T22:09:29.120912+00:00,Others,Others.epublibre,UP,200,539,,
2026-08-27T22:10:30.664586+00:00,Others,Others.epublibre,UP,200,767,,
2026-08-27T22:11:30.411949+00:00,Others,Others.epublibre,UP,200,581,,
2026-08-27T22:12:31.418219+00:00,Others,Others.epublibre,UP,200,556,,
2026-08-27T22:13:32.519569+00:00,Others,Others.epublibre,UP,200,607,,
2026-08-27T22:14:32.657148+00:00,Others,Others.epublibre,UP,200,574,,
2026-08-27T22:15:33.135589+00:00,Others,Others.epublibre,UP,200,551,,
2026-08-27T22:16:33.462784+00:00,Others,Others.epublibre,UP,200,567,,
2026-08-27T22:17:34.320847+00:00,Others,Others.epublibre,UP,200,568,,
2026-08-27T22:18:35.304572+00:00,Others,Others.epublibre,UP,200,597,,
2026-08-27T22:19:35.260520+00:00,Others,Others.epublibre,UP,200,554,,
2026-08-27T22:20:35.498770+00:00,Others,Others.epublibre,UP,200,580,,
2026-08-27T22:21:36.666553+00:00,Others,Others.epublibre,UP,200,643,,
2026-08-27T22:22:37.119491+00:00,Others,Others.epublibre,UP,200,563,,
2026-08-27T22:23:37.871878+00:00,Others,Others.epublibre,UP,200,635,,
2026-08-27T22:24:37.803360+00:00,Others,Others.epublibre,UP,200,572,,
2026-08-27T22:25:38.840929+00:00,Others,Others.epublibre,UP,200,566,,
2026-08-27T22:26:39.332971+00:00,Others,Others.epublibre,UP,200,593,,
2026-08-27T22:27:39.204385+00:00,Others,Others.epublibre,UP,200,555,,
2026-08-27T22:28:39.593604+00:00,Others,Others.epublibre,UP,200,137,,
2026-08-27T22:29:40.948265+00:00,Others,Others.epublibre,UP,200,540,,
2026-08-27T22:30:41.079641+00:00,Others,Others.epublibre,UP,200,739,,
2026-08-27T22:31:41.937035+00:00,Others,Others.epublibre,UP,200,569,,
2026-08-27T22:32:42.651096+00:00,Others,Others.epublibre,UP,200,558,,
2026-08-27T22:33:43.103422+00:00,Others,Others.epublibre,UP,200,597,,
2026-08-27T22:34:43.857937+00:00,Others,Others.epublibre,UP,200,547,,
2026-08-27T22:35:44.891058+00:00,Others,Others.epublibre,UP,200,577,,
2026-08-27T22:36:45.972626+00:00,Others,Others.epublibre,UP,200,580,,
2026-08-27T22:38:02.672457+00:00,Others,Others.epublibre,DEGRADED,200,17157,latency_high,
2026-08-27T22:38:46.082261+00:00,Others,Others.epublibre,UP,200,545,,
2026-08-27T22:39:47.240588+00:00,Others,Others.epublibre,UP,200,592,,
2026-08-27T22:40:47.426660+00:00,Others,Others.epublibre,UP,200,565,,
2026-08-27T22:41:47.895355+00:00,Others,Others.epublibre,UP,200,553,,
2026-08-27T22:42:48.680953+00:00,Others,Others.epublibre,UP,200,565,,
2026-08-27T22:43:48.885557+00:00,Others,Others.epublibre,UP,200,657,,
2026-08-27T22:44:48.809969+00:00,Others,Others.epublibre,UP,200,151,,
2026-08-27T22:45:48.980474+00:00,Others,Others.epublibre,UP,200,570,,
2026-08-27T22:46:48.933919+00:00,Others,Others.epublibre,UP,200,610,,
2026-08-27T22:47:49.404584+00:00,Others,Others.epublibre,UP,200,571,,
2026-08-27T22:48:50.368934+00:00,Others,Others.epublibre,UP,200,623,,
2026-08-27T22:49:50.541235+00:00,Others,Others.epublibre,UP,200,542,,
2026-08-27T22:50:50.782299+00:00,Others,Others.epublibre,UP,200,563,,
2026-08-27T22:51:50.957552+00:00,Others,Others.epublibre,UP,200,602,,
2026-08-27T22:52:51.136595+00:00,Others,Others.epublibre,UP,200,583,,
2026-08-27T22:53:51.118673+00:00,Others,Others.epublibre,UP,200,578,,
2026-08-27T22:54:51.541792+00:00,Others,Others.epublibre,UP,200,145,,
2026-08-27T22:55:52.132565+00:00,Others,Others.epublibre,UP,200,545,,
2026-08-27T22:56:53.173851+00:00,Others,Others.epublibre,UP,200,575,,
2026-08-27T22:57:53.970754+00:00,Others,Others.epublibre,UP,200,552,,
2026-08-27T22:58:54.133700+00:00,Others,Others.epublibre,UP,200,665,,
2026-08-27T22:59:54.169837+00:00,Others,Others.epublibre,UP,200,548,,
2026-08-27T23:00:55.219468+00:00,Others,Others.epublibre,UP,200,613,,
2026-08-27T23:01:54.893432+00:00,Others,Others.epublibre,UP,200,135,,
2026-08-27T23:02:55.526850+00:00,Others,Others.epublibre,UP,200,542,,
2026-08-27T23:03:56.410006+00:00,Others,Others.epublibre,UP,200,586,,
2026-08-27T23:04:57.242367+00:00,Others,Others.epublibre,UP,200,1325,,
2026-08-27T23:05:56.603853+00:00,Others,Others.epublibre,UP,200,575,,
2026-08-27T23:06:56.844743+00:00,Others,Others.epublibre,UP,200,542,,
2026-08-27T23:07:57.151667+00:00,Others,Others.epublibre,UP,200,559,,
2026-08-27T23:08:57.332963+00:00,Others,Others.epublibre,UP,200,541,,
2026-08-27T23:09:58.372005+00:00,Others,Others.epublibre,UP,200,648,,
2026-08-27T23:10:58.678119+00:00,Others,Others.epublibre,UP,200,555,,
2026-08-27T23:11:58.821518+00:00,Others,Others.epublibre,UP,200,624,,
2026-08-27T23:12:59.172552+00:00,Others,Others.epublibre,UP,200,556,,
2026-08-27T23:13:59.578849+00:00,Others,Others.epublibre,UP,200,647,,
2026-08-27T23:14:59.860377+00:00,Others,Others.epublibre,UP,200,560,,
2026-08-27T23:15:59.849636+00:00,Others,Others.epublibre,UP,200,140,,
2026-08-27T23:17:01.441963+00:00,Others,Others.epublibre,UP,200,566,,
2026-08-27T23:18:07.474700+00:00,Others,Others.epublibre,DEGRADED,200,6718,latency_high,
2026-08-27T23:19:01.615240+00:00,Others,Others.epublibre,UP,200,591,,
2026-08-27T23:20:01.763158+00:00,Others,Others.epublibre,UP,200,589,,
2026-08-27T23:21:02.041973+00:00,Others,Others.epublibre,UP,200,720,,
2026-08-27T23:22:02.600271+00:00,Others,Others.epublibre,UP,200,568,,
2026-08-27T23:23:06.347247+00:00,Others,Others.epublibre,DEGRADED,200,3207,latency_high,
2026-08-27T23:24:08.124848+00:00,Others,Others.epublibre,DEGRADED,200,4190,latency_high,
2026-08-27T23:25:04.695444+00:00,Others,Others.epublibre,UP,200,559,,
2026-08-27T23:26:04.886770+00:00,Others,Others.epublibre,UP,200,622,,
2026-08-27T23:27:04.793209+00:00,Others,Others.epublibre,UP,200,556,,
2026-08-27T23:28:05.545943+00:00,Others,Others.epublibre,UP,200,551,,
2026-08-27T23:29:06.600639+00:00,Others,Others.epublibre,UP,200,584,,
2026-08-27T23:30:07.004023+00:00,Others,Others.epublibre,UP,200,144,,
2026-08-27T23:31:07.455873+00:00,Others,Others.epublibre,UP,200,554,,
2026-08-27T23:32:07.661908+00:00,Others,Others.epublibre,UP,200,599,,
2026-08-27T23:33:08.692113+00:00,Others,Others.epublibre,UP,200,605,,
2026-08-27T23:34:08.908051+00:00,Others,Others.epublibre,UP,200,561,,
2026-08-27T23:35:09.150162+00:00,Others,Others.epublibre,UP,200,556,,
2026-08-27T23:36:08.934932+00:00,Others,Others.epublibre,UP,200,534,,
2026-08-27T23:37:10.042646+00:00,Others,Others.epublibre,UP,200,607,,
2026-08-27T23:38:11.026582+00:00,Others,Others.epublibre,UP,200,560,,
2026-08-27T23:39:11.095905+00:00,Others,Others.epublibre,UP,200,586,,
2026-08-27T23:40:11.845015+00:00,Others,Others.epublibre,UP,200,133,,
2026-08-27T23:41:12.233907+00:00,Others,Others.epublibre,UP,200,640,,
2026-08-27T23:42:12.526259+00:00,Others,Others.epublibre,UP,200,583,,
2026-08-27T23:43:12.545465+00:00,Others,Others.epublibre,UP,200,569,,
2026-08-27T23:44:13.399636+00:00,Others,Others.epublibre,UP,200,558,,
2026-08-27T23:45:14.478961+00:00,Others,Others.epublibre,UP,200,602,,
2026-08-27T23:46:14.650274+00:00,Others,Others.epublibre,UP,200,573,,
2026-08-27T23:47:15.342477+00:00,Others,Others.epublibre,UP,200,558,,
2026-08-27T23:48:15.434892+00:00,Others,Others.epublibre,UP,200,551,,
2026-08-27T23:49:16.067466+00:00,Others,Others.epublibre,UP,200,541,,
2026-08-27T23:50:16.224859+00:00,Others,Others.epublibre,UP,200,681,,
2026-08-27T23:51:16.944555+00:00,Others,Others.epublibre,UP,200,660,,
2026-08-27T23:52:16.856433+00:00,Others,Others.epublibre,UP,200,574,,
2026-08-27T23:53:17.029838+00:00,Others,Others.epublibre,UP,200,653,,
2026-08-27T23:54:17.249059+00:00,Others,Others.epublibre,UP,200,611,,
2026-08-27T23:55:18.203166+00:00,Others,Others.epublibre,UP,200,547,,
2026-08-27T23:56:19.369505+00:00,Others,Others.epublibre,UP,200,617,,
2026-08-27T23:57:19.131782+00:00,Others,Others.epublibre,UP,200,136,,
2026-08-27T23:58:20.346542+00:00,Others,Others.epublibre,UP,200,556,,
2026-08-27T23:59:21.632740+00:00,Others,Others.epublibre,UP,200,627,,
2026-08-28T00:00:22.320083+00:00,Others,Others.epublibre,UP,200,626,,
2026-08-28T00:01:22.099306+00:00,Others,Others.epublibre,UP,200,592,,
2026-08-28T00:02:22.007523+00:00,Others,Others.epublibre,UP,200,629,,
2026-08-28T00:03:22.199572+00:00,Others,Others.epublibre,UP,200,577,,
2026-08-28T00:04:22.363762+00:00,Others,Others.epublibre,UP,200,589,,
2026-08-28T00:05:22.022413+00:00,Others,Others.epublibre,UP,200,149,,
2026-08-28T00:06:22.463140+00:00,Others,Others.epublibre,UP,200,608,,
2026-08-28T00:07:22.433167+00:00,Others,Others.epublibre,UP,200,536,,
2026-08-28T00:08:22.407914+00:00,Others,Others.epublibre,UP,200,551,,
2026-08-28T00:09:22.754408+00:00,Others,Others.epublibre,UP,200,583,,
2026-08-28T00:10:22.902870+00:00,Others,Others.epublibre,UP,200,623,,
2026-08-28T00:11:23.162638+00:00,Others,Others.epublibre,UP,200,567,,
2026-08-28T00:12:22.833943+00:00,Others,Others.epublibre,UP,200,144,,
2026-08-28T00:13:23.812031+00:00,Others,Others.epublibre,UP,200,563,,
2026-08-28T00:14:23.958727+00:00,Others,Others.epublibre,UP,200,566,,
2026-08-28T00:15:24.398012+00:00,Others,Others.epublibre,UP,200,662,,
2026-08-28T00:16:24.440408+00:00,Others,Others.epublibre,UP,200,569,,
2026-08-28T00:17:24.958496+00:00,Others,Others.epublibre,UP,200,561,,
2026-08-28T00:18:25.303536+00:00,Others,Others.epublibre,UP,200,656,,
2026-08-28T00:19:25.505189+00:00,Others,Others.epublibre,UP,200,577,,
2026-08-28T00:20:26.714667+00:00,Others,Others.epublibre,UP,200,637,,
2026-08-28T00:21:26.802009+00:00,Others,Others.epublibre,UP,200,544,,
2026-08-28T00:22:27.608350+00:00,Others,Others.epublibre,UP,200,554,,
2026-08-28T00:23:27.711700+00:00,Others,Others.epublibre,UP,200,539,,
2026-08-28T00:24:28.744037+00:00,Others,Others.epublibre,UP,200,653,,
2026-08-28T00:25:29.347953+00:00,Others,Others.epublibre,UP,200,570,,
2026-08-28T00:26:29.847536+00:00,Others,Others.epublibre,UP,200,549,,
2026-08-28T00:27:30.069101+00:00,Others,Others.epublibre,UP,200,569,,
2026-08-28T00:28:30.239386+00:00,Others,Others.epublibre,UP,200,699,,
2026-08-28T00:29:30.314830+00:00,Others,Others.epublibre,UP,200,645,,
2026-08-28T00:30:30.799749+00:00,Others,Others.epublibre,UP,200,701,,
2026-08-28T00:31:30.346730+00:00,Others,Others.epublibre,UP,200,155,,
2026-08-28T00:32:31.459148+00:00,Others,Others.epublibre,UP,200,562,,
2026-08-28T00:33:32.191367+00:00,Others,Others.epublibre,UP,200,560,,
2026-08-28T00:34:33.096491+00:00,Others,Others.epublibre,UP,200,532,,
2026-08-28T00:35:34.256045+00:00,Others,Others.epublibre,UP,200,658,,
2026-08-28T00:36:34.607975+00:00,Others,Others.epublibre,UP,200,571,,
2026-08-28T00:37:35.431696+00:00,Others,Others.epublibre,UP,200,560,,
2026-08-28T00:38:35.839228+00:00,Others,Others.epublibre,UP,200,549,,
2026-08-28T00:39:36.967696+00:00,Others,Others.epublibre,UP,200,620,,
2026-08-28T00:40:37.468250+00:00,Others,Others.epublibre,UP,200,565,,
2026-08-28T00:41:37.538966+00:00,Others,Others.epublibre,UP,200,589,,
2026-08-28T00:42:38.495626+00:00,Others,Others.epublibre,UP,200,558,,
2026-08-28T00:43:38.909458+00:00,Others,Others.epublibre,UP,200,610,,
2026-08-28T00:44:38.791800+00:00,Others,Others.epublibre,UP,200,569,,
2026-08-28T00:45:39.419589+00:00,Others,Others.epublibre,UP,200,762,,
2026-08-28T00:46:39.695596+00:00,Others,Others.epublibre,UP,200,570,,
2026-08-28T00:47:41.027137+00:00,Others,Others.epublibre,UP,200,569,,
2026-08-28T00:48:41.940425+00:00,Others,Others.epublibre,UP,200,565,,
2026-08-28T00:49:42.666625+00:00,Others,Others.epublibre,UP,200,542,,
2026-08-28T00:50:42.906943+00:00,Others,Others.epublibre,UP,200,550,,
2026-08-28T00:51:42.920328+00:00,Others,Others.epublibre,UP,200,666,,
2026-08-28T00:52:43.403561+00:00,Others,Others.epublibre,UP,200,569,,
2026-08-28T00:53:44.057043+00:00,Others,Others.epublibre,UP,200,575,,
2026-08-28T00:54:44.417209+00:00,Others,Others.epublibre,UP,200,540,,
2026-08-28T00:55:45.565020+00:00,Others,Others.epublibre,UP,200,677,,
2026-08-28T00:56:45.692855+00:00,Others,Others.epublibre,UP,200,563,,
2026-08-28T00:57:45.689732+00:00,Others,Others.epublibre,UP,200,656,,
2026-08-28T00:58:45.766851+00:00,Others,Others.epublibre,UP,200,597,,
2026-08-28T00:59:45.745501+00:00,Others,Others.epublibre,UP,200,564,,
2026-08-28T01:00:46.937539+00:00,Others,Others.epublibre,UP,200,679,,
2026-08-28T01:01:47.193860+00:00,Others,Others.epublibre,UP,200,138,,
2026-08-28T01:02:47.181392+00:00,Others,Others.epublibre,UP,200,140,,
2026-08-28T01:03:48.118712+00:00,Others,Others.epublibre,UP,200,141,,
2026-08-28T01:04:48.778999+00:00,Others,Others.epublibre,UP,200,617,,
2026-08-28T01:05:49.084480+00:00,Others,Others.epublibre,UP,200,576,,
2026-08-28T01:06:50.144696+00:00,Others,Others.epublibre,UP,200,667,,
2026-08-28T01:07:51.283828+00:00,Others,Others.epublibre,UP,200,573,,
2026-08-28T01:08:51.046599+00:00,Others,Others.epublibre,UP,200,610,,
2026-08-28T01:09:50.986370+00:00,Others,Others.epublibre,UP,200,552,,
2026-08-28T01:10:52.046975+00:00,Others,Others.epublibre,UP,200,567,,
2026-08-28T01:11:51.973981+00:00,Others,Others.epublibre,UP,200,567,,
2026-08-28T01:12:52.172852+00:00,Others,Others.epublibre,UP,200,639,,
2026-08-28T01:13:52.763608+00:00,Others,Others.epublibre,UP,200,143,,
2026-08-28T01:14:53.589769+00:00,Others,Others.epublibre,UP,200,562,,
2026-08-28T01:15:53.460747+00:00,Others,Others.epublibre,UP,200,564,,
2026-08-28T01:16:54.005462+00:00,Others,Others.epublibre,UP,200,588,,
2026-08-28T01:17:54.060113+00:00,Others,Others.epublibre,UP,200,540,,
2026-08-28T01:18:55.097274+00:00,Others,Others.epublibre,UP,200,566,,
2026-08-28T01:19:55.015169+00:00,Others,Others.epublibre,UP,200,546,,
2026-08-28T01:20:55.643591+00:00,Others,Others.epublibre,UP,200,601,,
2026-08-28T01:21:56.590192+00:00,Others,Others.epublibre,UP,200,696,,
2026-08-28T01:22:55.986505+00:00,Others,Others.epublibre,UP,200,139,,
2026-08-28T01:23:56.734881+00:00,Others,Others.epublibre,UP,200,559,,
2026-08-28T01:24:56.777352+00:00,Others,Others.epublibre,UP,200,533,,
2026-08-28T01:25:56.973779+00:00,Others,Others.epublibre,UP,200,639,,
2026-08-28T01:26:57.223232+00:00,Others,Others.epublibre,UP,200,575,,
2026-08-28T01:27:57.744515+00:00,Others,Others.epublibre,UP,200,603,,
2026-08-28T01:28:57.885902+00:00,Others,Others.epublibre,UP,200,570,,
2026-08-28T01:29:58.066486+00:00,Others,Others.epublibre,UP,200,605,,
2026-08-28T01:30:58.378976+00:00,Others,Others.epublibre,UP,200,566,,
2026-08-28T01:31:58.766659+00:00,Others,Others.epublibre,UP,200,663,,
2026-08-28T01:32:58.749293+00:00,Others,Others.epublibre,UP,200,558,,
2026-08-28T01:33:58.941823+00:00,Others,Others.epublibre,UP,200,646,,
2026-08-28T01:34:59.226757+00:00,Others,Others.epublibre,UP,200,570,,
2026-08-28T01:35:59.487870+00:00,Others,Others.epublibre,UP,200,561,,
2026-08-28T01:37:00.402978+00:00,Others,Others.epublibre,UP,200,569,,
2026-08-28T01:38:01.629682+00:00,Others,Others.epublibre,UP,200,697,,
2026-08-28T01:39:01.988690+00:00,Others,Others.epublibre,UP,200,592,,
2026-08-28T01:40:03.771806+00:00,Others,Others.epublibre,UP,200,826,,
2026-08-28T01:41:03.448858+00:00,Others,Others.epublibre,UP,200,575,,
2026-08-28T01:42:03.504624+00:00,Others,Others.epublibre,UP,200,562,,
2026-08-28T01:43:04.077005+00:00,Others,Others.epublibre,UP,200,566,,
2026-08-28T01:44:05.148847+00:00,Others,Others.epublibre,UP,200,552,,
2026-08-28T01:45:05.294402+00:00,Others,Others.epublibre,UP,200,142,,
2026-08-28T01:46:05.641238+00:00,Others,Others.epublibre,UP,200,684,,
2026-08-28T01:47:06.632821+00:00,Others,Others.epublibre,UP,200,609,,
2026-08-28T01:48:06.480468+00:00,Others,Others.epublibre,UP,200,562,,
2026-08-28T01:49:06.997731+00:00,Others,Others.epublibre,UP,200,617,,
2026-08-28T01:50:07.006251+00:00,Others,Others.epublibre,UP,200,587,,
2026-08-28T01:51:07.319850+00:00,Others,Others.epublibre,UP,200,581,,
2026-08-28T01:52:07.435710+00:00,Others,Others.epublibre,UP,200,657,,
2026-08-28T01:53:07.550364+00:00,Others,Others.epublibre,UP,200,582,,
2026-08-28T01:54:08.577933+00:00,Others,Others.epublibre,UP,200,567,,
2026-08-28T01:55:08.884558+00:00,Others,Others.epublibre,UP,200,662,,
2026-08-28T01:56:08.996233+00:00,Others,Others.epublibre,UP,200,550,,
2026-08-28T01:57:09.174356+00:00,Others,Others.epublibre,UP,200,583,,
2026-08-28T01:58:09.192198+00:00,Others,Others.epublibre,UP,200,554,,
2026-08-28T01:59:10.397493+00:00,Others,Others.epublibre,UP,200,659,,
2026-08-28T02:00:11.017906+00:00,Others,Others.epublibre,UP,200,572,,
2026-08-28T02:01:11.053015+00:00,Others,Others.epublibre,UP,200,566,,
2026-08-28T02:02:10.696688+00:00,Others,Others.epublibre,UP,200,138,,
2026-08-28T02:03:11.861085+00:00,Others,Others.epublibre,UP,200,590,,
2026-08-28T02:04:11.784391+00:00,Others,Others.epublibre,UP,200,545,,
2026-08-28T02:05:13.175002+00:00,Others,Others.epublibre,UP,200,584,,
2026-08-28T02:06:13.187906+00:00,Others,Others.epublibre,UP,200,545,,
2026-08-28T02:07:13.337560+00:00,Others,Others.epublibre,UP,200,649,,
2026-08-28T02:08:13.334036+00:00,Others,Others.epublibre,UP,200,544,,
2026-08-28T02:09:13.686779+00:00,Others,Others.epublibre,UP,200,623,,
2026-08-28T02:10:14.039553+00:00,Others,Others.epublibre,UP,200,562,,
2026-08-28T02:11:14.137443+00:00,Others,Others.epublibre,UP,200,570,,
2026-08-28T02:12:14.189974+00:00,Others,Others.epublibre,UP,200,662,,
2026-08-28T02:13:14.185806+00:00,Others,Others.epublibre,UP,200,557,,
2026-08-28T02:14:13.947201+00:00,Others,Others.epublibre,UP,200,139,,
2026-08-28T02:15:14.877898+00:00,Others,Others.epublibre,UP,200,595,,
2026-08-28T02:16:14.294458+00:00,Others,Others.epublibre,UP,200,152,,
2026-08-28T02:17:15.099259+00:00,Others,Others.epublibre,UP,200,575,,
2026-08-28T02:18:15.214487+00:00,Others,Others.epublibre,UP,200,583,,
2026-08-28T02:19:15.340839+00:00,Others,Others.epublibre,UP,200,615,,
2026-08-28T02:20:15.338163+00:00,Others,Others.epublibre,UP,200,552,,
2026-08-28T02:21:15.740478+00:00,Others,Others.epublibre,UP,200,630,,
2026-08-28T02:22:16.082196+00:00,Others,Others.epublibre,UP,200,576,,
2026-08-28T02:23:15.884105+00:00,Others,Others.epublibre,UP,200,570,,
2026-08-28T02:24:16.122668+00:00,Others,Others.epublibre,UP,200,546,,
2026-08-28T02:25:16.583614+00:00,Others,Others.epublibre,UP,200,645,,
2026-08-28T02:26:16.684582+00:00,Others,Others.epublibre,UP,200,561,,
2026-08-28T02:27:16.594253+00:00,Others,Others.epublibre,UP,200,535,,
2026-08-28T02:28:16.973534+00:00,Others,Others.epublibre,UP,200,625,,
2026-08-28T02:29:17.230489+00:00,Others,Others.epublibre,UP,200,541,,
2026-08-28T02:30:17.238566+00:00,Others,Others.epublibre,UP,200,563,,
2026-08-28T02:31:17.456298+00:00,Others,Others.epublibre,UP,200,574,,
2026-08-28T02:32:17.567571+00:00,Others,Others.epublibre,UP,200,620,,
2026-08-28T02:33:17.658077+00:00,Others,Others.epublibre,UP,200,571,,
2026-08-28T02:34:17.861222+00:00,Others,Others.epublibre,UP,200,551,,
2026-08-28T02:35:18.321472+00:00,Others,Others.epublibre,UP,200,584,,
2026-08-28T02:36:18.806597+00:00,Others,Others.epublibre,UP,200,668,,
2026-08-28T02:37:19.144599+00:00,Others,Others.epublibre,UP,200,540,,
2026-08-28T02:38:19.373852+00:00,Others,Others.epublibre,UP,200,556,,
2026-08-28T02:39:19.724599+00:00,Others,Others.epublibre,UP,200,554,,
2026-08-28T02:40:20.598599+00:00,Others,Others.epublibre,UP,200,687,,
2026-08-28T02:41:20.936272+00:00,Others,Others.epublibre,UP,200,613,,
2026-08-28T02:42:20.836659+00:00,Others,Others.epublibre,UP,200,603,,
2026-08-28T02:43:20.419916+00:00,Others,Others.epublibre,UP,200,136,,
2026-08-28T02:44:20.980219+00:00,Others,Others.epublibre,UP,200,541,,
2026-08-28T02:45:21.768707+00:00,Others,Others.epublibre,UP,200,543,,
2026-08-28T02:46:22.219566+00:00,Others,Others.epublibre,UP,200,555,,
2026-08-28T02:47:22.528745+00:00,Others,Others.epublibre,UP,200,564,,
2026-08-28T02:48:23.597458+00:00,Others,Others.epublibre,UP,200,603,,
2026-08-28T02:49:23.537744+00:00,Others,Others.epublibre,UP,200,587,,
2026-08-28T02:50:23.682850+00:00,Others,Others.epublibre,UP,200,581,,
2026-08-28T02:51:23.731710+00:00,Others,Others.epublibre,UP,200,605,,
2026-08-28T02:52:23.565272+00:00,Others,Others.epublibre,UP,200,568,,
2026-08-28T02:53:23.872620+00:00,Others,Others.epublibre,UP,200,634,,
2026-08-28T02:54:23.869503+00:00,Others,Others.epublibre,UP,200,566,,
2026-08-28T02:55:24.781735+00:00,Others,Others.epublibre,UP,200,577,,
2026-08-28T02:56:24.463250+00:00,Others,Others.epublibre,UP,200,143,,
2026-08-28T02:57:25.159337+00:00,Others,Others.epublibre,UP,200,584,,
2026-08-28T02:58:25.232824+00:00,Others,Others.epublibre,UP,200,599,,
2026-08-28T02:59:25.718939+00:00,Others,Others.epublibre,UP,200,543,,
2026-08-28T03:00:26.080600+00:00,Others,Others.epublibre,UP,200,555,,
2026-08-28T03:01:26.747041+00:00,Others,Others.epublibre,UP,200,541,,
2026-08-28T03:02:26.754733+00:00,Others,Others.epublibre,UP,200,551,,
2026-08-28T03:03:27.047970+00:00,Others,Others.epublibre,UP,200,560,,
2026-08-28T03:04:27.555557+00:00,Others,Others.epublibre,UP,200,137,,
2026-08-28T03:05:28.042537+00:00,Others,Others.epublibre,UP,200,591,,
2026-08-28T03:06:28.801611+00:00,Others,Others.epublibre,UP,200,614,,
2026-08-28T03:07:28.870575+00:00,Others,Others.epublibre,UP,200,578,,
2026-08-28T03:08:29.339726+00:00,Others,Others.epublibre,UP,200,571,,
2026-08-28T03:09:29.263902+00:00,Others,Others.epublibre,UP,200,589,,
2026-08-28T03:10:30.246177+00:00,Others,Others.epublibre,UP,200,610,,
2026-08-28T03:11:30.791754+00:00,Others,Others.epublibre,UP,200,135,,
2026-08-28T03:12:31.050744+00:00,Others,Others.epublibre,UP,200,550,,
2026-08-28T03:13:31.234638+00:00,Others,Others.epublibre,UP,200,568,,
2026-08-28T03:14:31.380018+00:00,Others,Others.epublibre,UP,200,142,,
2026-08-28T03:15:32.316894+00:00,Others,Others.epublibre,UP,200,603,,
2026-08-28T03:16:32.484096+00:00,Others,Others.epublibre,UP,200,579,,
2026-08-28T03:17:32.855070+00:00,Others,Others.epublibre,UP,200,537,,
2026-08-28T03:18:32.929672+00:00,Others,Others.epublibre,UP,200,614,,
2026-08-28T03:19:33.162117+00:00,Others,Others.epublibre,UP,200,542,,
2026-08-28T03:20:33.155452+00:00,Others,Others.epublibre,UP,200,599,,
2026-08-28T03:21:33.377751+00:00,Others,Others.epublibre,UP,200,551,,
2026-08-28T03:22:33.774533+00:00,Others,Others.epublibre,UP,200,618,,
2026-08-28T03:23:33.967771+00:00,Others,Others.epublibre,UP,200,566,,
2026-08-28T03:24:34.867705+00:00,Others,Others.epublibre,UP,200,567,,
2026-08-28T03:25:35.225415+00:00,Others,Others.epublibre,UP,200,594,,
2026-08-28T03:26:34.676218+00:00,Others,Others.epublibre,UP,200,143,,
2026-08-28T03:27:35.363118+00:00,Others,Others.epublibre,UP,200,144,,
2026-08-28T03:28:36.679477+00:00,Others,Others.epublibre,UP,200,579,,
2026-08-28T03:29:36.667808+00:00,Others,Others.epublibre,UP,200,554,,
2026-08-28T03:30:36.386456+00:00,Others,Others.epublibre,UP,200,136,,
2026-08-28T03:31:36.874493+00:00,Others,Others.epublibre,UP,200,549,,
2026-08-28T03:32:37.062502+00:00,Others,Others.epublibre,UP,200,620,,
2026-08-28T03:33:37.391217+00:00,Others,Others.epublibre,UP,200,583,,
2026-08-28T03:34:37.466752+00:00,Others,Others.epublibre,UP,200,584,,
2026-08-28T03:35:37.584876+00:00,Others,Others.epublibre,UP,200,565,,
2026-08-28T03:36:37.480898+00:00,Others,Others.epublibre,UP,200,542,,
2026-08-28T03:37:37.961687+00:00,Others,Others.epublibre,UP,200,637,,
2026-08-28T03:38:38.244609+00:00,Others,Others.epublibre,UP,200,568,,
2026-08-28T03:39:38.195843+00:00,Others,Others.epublibre,UP,200,558,,
2026-08-28T03:40:39.411048+00:00,Others,Others.epublibre,UP,200,643,,
2026-08-28T03:41:39.597991+00:00,Others,Others.epublibre,UP,200,573,,
2026-08-28T03:42:40.495728+00:00,Others,Others.epublibre,UP,200,571,,
2026-08-28T03:43:41.380022+00:00,Others,Others.epublibre,UP,200,154,,
2026-08-28T03:44:41.618974+00:00,Others,Others.epublibre,UP,200,563,,
2026-08-28T03:45:41.613748+00:00,Others,Others.epublibre,UP,200,575,,
2026-08-28T03:46:41.816858+00:00,Others,Others.epublibre,UP,200,551,,
2026-08-28T03:47:41.968002+00:00,Others,Others.epublibre,UP,200,629,,
2026-08-28T03:48:42.028652+00:00,Others,Others.epublibre,UP,200,586,,
2026-08-28T03:49:42.076453+00:00,Others,Others.epublibre,UP,200,558,,
2026-08-28T03:50:41.423748+00:00,Others,Others.epublibre,UP,200,139,,
2026-08-28T03:51:42.187468+00:00,Others,Others.epublibre,UP,200,651,,
2026-08-28T03:52:42.447049+00:00,Others,Others.epublibre,UP,200,546,,
2026-08-28T03:53:42.692399+00:00,Others,Others.epublibre,UP,200,700,,
2026-08-28T03:54:43.306371+00:00,Others,Others.epublibre,UP,200,569,,
2026-08-28T03:55:43.304469+00:00,Others,Others.epublibre,UP,200,544,,
2026-08-28T03:56:44.283838+00:00,Others,Others.epublibre,UP,200,610,,
2026-08-28T03:57:44.325248+00:00,Others,Others.epublibre,UP,200,549,,
2026-08-28T03:58:45.331389+00:00,Others,Others.epublibre,UP,200,537,,
2026-08-28T03:59:45.349897+00:00,Others,Others.epublibre,UP,200,610,,
2026-08-28T04:00:45.912999+00:00,Others,Others.epublibre,UP,200,561,,
2026-08-28T04:01:46.182354+00:00,Others,Others.epublibre,UP,200,535,,
2026-08-28T04:02:46.226324+00:00,Others,Others.epublibre,UP,200,542,,
2026-08-28T04:03:46.408079+00:00,Others,Others.epublibre,UP,200,608,,
2026-08-28T04:04:46.472711+00:00,Others,Others.epublibre,UP,200,566,,
2026-08-28T04:05:46.676983+00:00,Others,Others.epublibre,UP,200,558,,
2026-08-28T04:06:46.749634+00:00,Others,Others.epublibre,UP,200,626,,
2026-08-28T04:07:46.973333+00:00,Others,Others.epublibre,UP,200,540,,
2026-08-28T04:08:46.925428+00:00,Others,Others.epublibre,UP,200,561,,
2026-08-28T04:09:47.420583+00:00,Others,Others.epublibre,UP,200,592,,
2026-08-28T04:10:47.766424+00:00,Others,Others.epublibre,UP,200,584,,
2026-08-28T04:11:48.175496+00:00,Others,Others.epublibre,UP,200,582,,
2026-08-28T04:12:48.356467+00:00,Others,Others.epublibre,UP,200,648,,
2026-08-28T04:13:48.651802+00:00,Others,Others.epublibre,UP,200,561,,
2026-08-28T04:14:48.626574+00:00,Others,Others.epublibre,UP,200,610,,
2026-08-28T04:15:48.916047+00:00,Others,Others.epublibre,UP,200,553,,
2026-08-28T04:16:49.438772+00:00,Others,Others.epublibre,UP,200,551,,
2026-08-28T04:17:49.932570+00:00,Others,Others.epublibre,UP,200,139,,
2026-08-28T04:18:50.581764+00:00,Others,Others.epublibre,UP,200,565,,
2026-08-28T04:19:50.823327+00:00,Others,Others.epublibre,UP,200,561,,
2026-08-28T04:20:51.021759+00:00,Others,Others.epublibre,UP,200,719,,
2026-08-28T04:21:51.438294+00:00,Others,Others.epublibre,UP,200,542,,
2026-08-28T04:22:51.564262+00:00,Others,Others.epublibre,UP,200,592,,
2026-08-28T04:23:51.785220+00:00,Others,Others.epublibre,UP,200,537,,
2026-08-28T04:24:51.890766+00:00,Others,Others.epublibre,UP,200,649,,
2026-08-28T04:25:52.178201+00:00,Others,Others.epublibre,UP,200,573,,
2026-08-28T04:26:53.119694+00:00,Others,Others.epublibre,UP,200,569,,
2026-08-28T04:27:53.110186+00:00,Others,Others.epublibre,UP,200,568,,
2026-08-28T04:28:53.196589+00:00,Others,Others.epublibre,UP,200,598,,
2026-08-28T04:29:53.414900+00:00,Others,Others.epublibre,UP,200,542,,
2026-08-28T04:30:53.525433+00:00,Others,Others.epublibre,UP,200,587,,
2026-08-28T04:31:53.611583+00:00,Others,Others.epublibre,UP,200,643,,
2026-08-28T04:32:53.696718+00:00,Others,Others.epublibre,UP,200,552,,
2026-08-28T04:33:54.787771+00:00,Others,Others.epublibre,UP,200,602,,
2026-08-28T04:34:54.826627+00:00,Others,Others.epublibre,UP,200,560,,
2026-08-28T04:35:54.824185+00:00,Others,Others.epublibre,UP,200,548,,
2026-08-28T04:36:55.252266+00:00,Others,Others.epublibre,UP,200,545,,
2026-08-28T04:37:56.215852+00:00,Others,Others.epublibre,UP,200,587,,
2026-08-28T04:38:55.828794+00:00,Others,Others.epublibre,UP,200,595,,
2026-08-28T04:39:55.887593+00:00,Others,Others.epublibre,UP,200,568,,
2026-08-28T04:40:56.125629+00:00,Others,Others.epublibre,UP,200,588,,
2026-08-28T04:41:56.476682+00:00,Others,Others.epublibre,UP,200,626,,
2026-08-28T04:42:56.141961+00:00,Others,Others.epublibre,UP,200,141,,
2026-08-28T04:43:56.250076+00:00,Others,Others.epublibre,UP,200,136,,
2026-08-28T04:44:56.646804+00:00,Others,Others.epublibre,UP,200,571,,
2026-08-28T04:45:57.187465+00:00,Others,Others.epublibre,UP,200,592,,
2026-08-28T04:46:57.155529+00:00,Others,Others.epublibre,UP,200,135,,
2026-08-28T04:47:57.827353+00:00,Others,Others.epublibre,UP,200,559,,
2026-08-28T04:48:57.752233+00:00,Others,Others.epublibre,UP,200,577,,
2026-08-28T04:49:57.695689+00:00,Others,Others.epublibre,UP,200,568,,
2026-08-28T04:50:58.182921+00:00,Others,Others.epublibre,UP,200,557,,
2026-08-28T04:51:58.379707+00:00,Others,Others.epublibre,UP,200,563,,
2026-08-28T04:52:58.838483+00:00,Others,Others.epublibre,UP,200,536,,
2026-08-28T04:53:59.535712+00:00,Others,Others.epublibre,UP,200,694,,
2026-08-28T04:54:59.743473+00:00,Others,Others.epublibre,UP,200,551,,
2026-08-28T04:55:59.748756+00:00,Others,Others.epublibre,UP,200,575,,
2026-08-28T04:56:59.537251+00:00,Others,Others.epublibre,UP,200,141,,
2026-08-28T04:58:01.078930+00:00,Others,Others.epublibre,UP,200,627,,
2026-08-28T04:59:01.344095+00:00,Others,Others.epublibre,UP,200,567,,
2026-08-28T05:00:01.778335+00:00,Others,Others.epublibre,UP,200,735,,
2026-08-28T05:01:02.356386+00:00,Others,Others.epublibre,UP,200,603,,
2026-08-28T05:02:02.049536+00:00,Others,Others.epublibre,UP,200,558,,
2026-08-28T05:03:02.909138+00:00,Others,Others.epublibre,UP,200,601,,
2026-08-28T05:04:02.447817+00:00,Others,Others.epublibre,UP,200,565,,
2026-08-28T05:05:03.217315+00:00,Others,Others.epublibre,UP,200,641,,
2026-08-28T05:06:03.483349+00:00,Others,Others.epublibre,UP,200,570,,
2026-08-28T05:07:03.255237+00:00,Others,Others.epublibre,UP,200,654,,
2026-08-28T05:08:03.401109+00:00,Others,Others.epublibre,UP,200,581,,
2026-08-28T05:09:03.978967+00:00,Others,Others.epublibre,UP,200,666,,
2026-08-28T05:10:04.823597+00:00,Others,Others.epublibre,UP,200,595,,
2026-08-28T05:11:04.784864+00:00,Others,Others.epublibre,UP,200,554,,
2026-08-28T05:12:04.976548+00:00,Others,Others.epublibre,UP,200,545,,
2026-08-28T05:13:06.203692+00:00,Others,Others.epublibre,UP,200,667,,
2026-08-28T05:14:06.568647+00:00,Others,Others.epublibre,UP,200,569,,
2026-08-28T05:15:06.264254+00:00,Others,Others.epublibre,UP,200,589,,
2026-08-28T05:16:06.699682+00:00,Others,Others.epublibre,UP,200,579,,
2026-08-28T05:17:07.184989+00:00,Others,Others.epublibre,UP,200,580,,
2026-08-28T05:18:08.203295+00:00,Others,Others.epublibre,UP,200,543,,
2026-08-28T05:19:08.177966+00:00,Others,Others.epublibre,UP,200,578,,
2026-08-28T05:20:08.136512+00:00,Others,Others.epublibre,UP,200,565,,
2026-08-28T05:21:08.663772+00:00,Others,Others.epublibre,UP,200,612,,
2026-08-28T05:22:08.722506+00:00,Others,Others.epublibre,UP,200,551,,
2026-08-28T05:23:08.337820+00:00,Others,Others.epublibre,UP,200,218,,
2026-08-28T05:24:08.854314+00:00,Others,Others.epublibre,UP,200,537,,
2026-08-28T05:25:09.086539+00:00,Others,Others.epublibre,UP,200,620,,
2026-08-28T05:26:09.051167+00:00,Others,Others.epublibre,UP,200,606,,
2026-08-28T05:27:09.016715+00:00,Others,Others.epublibre,UP,200,558,,
2026-08-28T05:28:08.902118+00:00,Others,Others.epublibre,UP,200,140,,
2026-08-28T05:29:09.395885+00:00,Others,Others.epublibre,UP,200,659,,
2026-08-28T05:30:09.661771+00:00,Others,Others.epublibre,UP,200,561,,
2026-08-28T05:31:10.268320+00:00,Others,Others.epublibre,UP,200,556,,
2026-08-28T05:32:10.119762+00:00,Others,Others.epublibre,UP,200,610,,
2026-08-28T05:33:10.797979+00:00,Others,Others.epublibre,UP,200,572,,
2026-08-28T05:34:10.237294+00:00,Others,Others.epublibre,UP,200,571,,
2026-08-28T05:35:10.547585+00:00,Others,Others.epublibre,UP,200,565,,
2026-08-28T05:36:10.618827+00:00,Others,Others.epublibre,UP,200,589,,
2026-08-28T05:37:11.568572+00:00,Others,Others.epublibre,UP,200,561,,
2026-08-28T05:38:12.291598+00:00,Others,Others.epublibre,UP,200,655,,
2026-08-28T05:39:11.959120+00:00,Others,Others.epublibre,UP,200,605,,
2026-08-28T05:40:12.060230+00:00,Others,Others.epublibre,UP,200,547,,
2026-08-28T05:41:12.324386+00:00,Others,Others.epublibre,UP,200,536,,
2026-08-28T05:42:12.260206+00:00,Others,Others.epublibre,UP,200,549,,
2026-08-28T05:43:12.832720+00:00,Others,Others.epublibre,UP,200,133,,
2026-08-28T05:44:13.257399+00:00,Others,Others.epublibre,UP,200,570,,
2026-08-28T05:45:13.458999+00:00,Others,Others.epublibre,UP,200,559,,
2026-08-28T05:46:13.650687+00:00,Others,Others.epublibre,UP,200,617,,
2026-08-28T05:47:13.988798+00:00,Others,Others.epublibre,UP,200,569,,
2026-08-28T05:48:14.022218+00:00,Others,Others.epublibre,UP,200,557,,
2026-08-28T05:49:13.659485+00:00,Others,Others.epublibre,UP,200,135,,
2026-08-28T05:50:14.767748+00:00,Others,Others.epublibre,UP,200,137,,
2026-08-28T05:51:15.302019+00:00,Others,Others.epublibre,UP,200,564,,
2026-08-28T05:52:15.417717+00:00,Others,Others.epublibre,UP,200,609,,
2026-08-28T05:53:15.582562+00:00,Others,Others.epublibre,UP,200,572,,
2026-08-28T05:54:15.735705+00:00,Others,Others.epublibre,UP,200,634,,
2026-08-28T05:55:16.204546+00:00,Others,Others.epublibre,UP,200,571,,
2026-08-28T05:56:16.390689+00:00,Others,Others.epublibre,UP,200,561,,
2026-08-28T05:57:16.493962+00:00,Others,Others.epublibre,UP,200,535,,
2026-08-28T05:58:16.684342+00:00,Others,Others.epublibre,UP,200,573,,
2026-08-28T05:59:16.480901+00:00,Others,Others.epublibre,UP,200,614,,
2026-08-28T06:00:16.324594+00:00,Others,Others.epublibre,UP,200,149,,
2026-08-28T06:01:16.990762+00:00,Others,Others.epublibre,UP,200,577,,
2026-08-28T06:02:17.242995+00:00,Others,Others.epublibre,UP,200,563,,
2026-08-28T06:03:16.972618+00:00,Others,Others.epublibre,UP,200,141,,
2026-08-28T06:04:17.643358+00:00,Others,Others.epublibre,UP,200,585,,
2026-08-28T06:05:18.611186+00:00,Others,Others.epublibre,UP,200,601,,
2026-08-28T06:06:19.029047+00:00,Others,Others.epublibre,UP,200,575,,
2026-08-28T06:07:19.892631+00:00,Others,Others.epublibre,UP,200,552,,
2026-08-28T06:08:19.708760+00:00,Others,Others.epublibre,UP,200,553,,
2026-08-28T06:09:20.290683+00:00,Others,Others.epublibre,UP,200,741,,
2026-08-28T06:10:20.438460+00:00,Others,Others.epublibre,UP,200,558,,
2026-08-28T06:11:20.849806+00:00,Others,Others.epublibre,UP,200,550,,
2026-08-28T06:12:20.949028+00:00,Others,Others.epublibre,UP,200,584,,
2026-08-28T06:13:21.355222+00:00,Others,Others.epublibre,UP,200,607,,
2026-08-28T06:14:21.972066+00:00,Others,Others.epublibre,UP,200,541,,
2026-08-28T06:15:22.553220+00:00,Others,Others.epublibre,UP,200,581,,
2026-08-28T06:16:22.906335+00:00,Others,Others.epublibre,UP,200,610,,
2026-08-28T06:17:22.685526+00:00,Others,Others.epublibre,UP,200,147,,
2026-08-28T06:18:23.393138+00:00,Others,Others.epublibre,UP,200,553,,
2026-08-28T06:19:23.845327+00:00,Others,Others.epublibre,UP,200,544,,
2026-08-28T06:20:23.857470+00:00,Others,Others.epublibre,UP,200,646,,
2026-08-28T06:21:24.021213+00:00,Others,Others.epublibre,UP,200,536,,
2026-08-28T06:22:24.572138+00:00,Others,Others.epublibre,UP,200,566,,
2026-08-28T06:23:24.750029+00:00,Others,Others.epublibre,UP,200,637,,
2026-08-28T06:24:24.824074+00:00,Others,Others.epublibre,UP,200,566,,
2026-08-28T06:25:25.201348+00:00,Others,Others.epublibre,UP,200,585,,
2026-08-28T06:26:25.667893+00:00,Others,Others.epublibre,UP,200,605,,
2026-08-28T06:27:25.568725+00:00,Others,Others.epublibre,UP,200,567,,
2026-08-28T06:28:26.009521+00:00,Others,Others.epublibre,UP,200,556,,
2026-08-28T06:29:26.520972+00:00,Others,Others.epublibre,UP,200,571,,
2026-08-28T06:30:26.975825+00:00,Others,Others.epublibre,UP,200,704,,
2026-08-28T06:31:26.930616+00:00,Others,Others.epublibre,UP,200,609,,
2026-08-28T06:32:27.221947+00:00,Others,Others.epublibre,UP,200,552,,
2026-08-28T06:33:27.161035+00:00,Others,Others.epublibre,UP,200,577,,
2026-08-28T06:34:27.188086+00:00,Others,Others.epublibre,UP,200,603,,
2026-08-28T06:35:27.415181+00:00,Others,Others.epublibre,UP,200,587,,
2026-08-28T06:36:28.442477+00:00,Others,Others.epublibre,UP,200,570,,
2026-08-28T06:37:28.195961+00:00,Others,Others.epublibre,UP,200,547,,
2026-08-28T06:38:28.637652+00:00,Others,Others.epublibre,UP,200,612,,
2026-08-28T06:39:29.495009+00:00,Others,Others.epublibre,UP,200,632,,
2026-08-28T06:40:29.329079+00:00,Others,Others.epublibre,UP,200,588,,
2026-08-28T06:41:29.476525+00:00,Others,Others.epublibre,UP,200,566,,
2026-08-28T06:42:29.585747+00:00,Others,Others.epublibre,UP,200,646,,
2026-08-28T06:43:30.061867+00:00,Others,Others.epublibre,UP,200,545,,
2026-08-28T06:44:30.017006+00:00,Others,Others.epublibre,UP,200,555,,
2026-08-28T06:45:31.641824+00:00,Others,Others.epublibre,UP,200,138,,
2026-08-28T06:46:32.358843+00:00,Others,Others.epublibre,UP,200,626,,
2026-08-28T06:47:32.732571+00:00,Others,Others.epublibre,UP,200,544,,
2026-08-28T06:48:33.606293+00:00,Others,Others.epublibre,UP,200,564,,
2026-08-28T06:49:33.443039+00:00,Others,Others.epublibre,UP,200,583,,
2026-08-28T06:50:34.217527+00:00,Others,Others.epublibre,UP,200,550,,
2026-08-28T06:51:34.281264+00:00,Others,Others.epublibre,UP,200,567,,
2026-08-28T06:52:34.627672+00:00,Others,Others.epublibre,UP,200,647,,
2026-08-28T06:53:34.971327+00:00,Others,Others.epublibre,UP,200,589,,
2026-08-28T06:54:35.093919+00:00,Others,Others.epublibre,UP,200,542,,
2026-08-28T06:55:35.129008+00:00,Others,Others.epublibre,UP,200,635,,
2026-08-28T06:56:35.845942+00:00,Others,Others.epublibre,UP,200,590,,
2026-08-28T06:57:36.261532+00:00,Others,Others.epublibre,UP,200,647,,
2026-08-28T06:58:37.092018+00:00,Others,Others.epublibre,UP,200,763,,
2026-08-28T06:59:38.190822+00:00,Others,Others.epublibre,UP,200,612,,
2026-08-28T07:00:38.975702+00:00,Others,Others.epublibre,UP,200,682,,
2026-08-28T07:01:38.857794+00:00,Others,Others.epublibre,UP,200,560,,
2026-08-28T07:02:39.494728+00:00,Others,Others.epublibre,UP,200,590,,
2026-08-28T07:03:39.730904+00:00,Others,Others.epublibre,UP,200,546,,
2026-08-28T07:04:40.712039+00:00,Others,Others.epublibre,UP,200,586,,
2026-08-28T07:05:41.352826+00:00,Others,Others.epublibre,UP,200,580,,
2026-08-28T07:06:41.478649+00:00,Others,Others.epublibre,UP,200,138,,
2026-08-28T07:07:42.314335+00:00,Others,Others.epublibre,UP,200,141,,
2026-08-28T07:08:43.514614+00:00,Others,Others.epublibre,UP,200,583,,
2026-08-28T07:09:43.744507+00:00,Others,Others.epublibre,UP,200,559,,
2026-08-28T07:10:44.503622+00:00,Others,Others.epublibre,UP,200,573,,
2026-08-28T07:11:45.095398+00:00,Others,Others.epublibre,UP,200,562,,
2026-08-28T07:12:45.739096+00:00,Others,Others.epublibre,UP,200,579,,
2026-08-28T07:13:46.335201+00:00,Others,Others.epublibre,UP,200,557,,
2026-08-28T07:14:46.931909+00:00,Others,Others.epublibre,UP,200,556,,
2026-08-28T07:15:47.862885+00:00,Others,Others.epublibre,UP,200,538,,
2026-08-28T07:16:48.281935+00:00,Others,Others.epublibre,UP,200,568,,
2026-08-28T07:17:49.026198+00:00,Others,Others.epublibre,UP,200,574,,
2026-08-28T07:18:49.696712+00:00,Others,Others.epublibre,UP,200,576,,
2026-08-28T07:19:50.369316+00:00,Others,Others.epublibre,UP,200,552,,
2026-08-28T07:20:50.336638+00:00,Others,Others.epublibre,UP,200,139,,
2026-08-28T07:21:51.601059+00:00,Others,Others.epublibre,UP,200,559,,
2026-08-28T07:22:52.234048+00:00,Others,Others.epublibre,UP,200,583,,
2026-08-28T07:23:52.404167+00:00,Others,Others.epublibre,UP,200,585,,
2026-08-28T07:24:53.167701+00:00,Others,Others.epublibre,UP,200,547,,
2026-08-28T07:25:53.587589+00:00,Others,Others.epublibre,UP,200,552,,
2026-08-28T07:26:54.560725+00:00,Others,Others.epublibre,UP,200,557,,
2026-08-28T07:27:55.115816+00:00,Others,Others.epublibre,UP,200,580,,
2026-08-28T07:28:55.657888+00:00,Others,Others.epublibre,UP,200,545,,
2026-08-28T07:29:56.338627+00:00,Others,Others.epublibre,UP,200,537,,
2026-08-28T07:30:56.806250+00:00,Others,Others.epublibre,UP,200,136,,
2026-08-28T07:31:57.547556+00:00,Others,Others.epublibre,UP,200,574,,
2026-08-28T07:32:58.202649+00:00,Others,Others.epublibre,UP,200,546,,
2026-08-28T07:33:59.025845+00:00,Others,Others.epublibre,UP,200,594,,
2026-08-28T07:34:59.645208+00:00,Others,Others.epublibre,UP,200,568,,
2026-08-28T07:36:00.428205+00:00,Others,Others.epublibre,UP,200,593,,
2026-08-28T07:37:01.592089+00:00,Others,Others.epublibre,UP,200,575,,
2026-08-28T07:38:01.544830+00:00,Others,Others.epublibre,UP,200,561,,
2026-08-28T07:39:02.182858+00:00,Others,Others.epublibre,UP,200,605,,
2026-08-28T07:40:03.039745+00:00,Others,Others.epublibre,UP,200,689,,
2026-08-28T07:41:03.788584+00:00,Others,Others.epublibre,UP,200,578,,
2026-08-28T07:42:04.053363+00:00,Others,Others.epublibre,UP,200,565,,
2026-08-28T07:43:04.748531+00:00,Others,Others.epublibre,UP,200,552,,
2026-08-28T07:44:05.494506+00:00,Others,Others.epublibre,UP,200,588,,
2026-08-28T07:45:06.112451+00:00,Others,Others.epublibre,UP,200,621,,
2026-08-28T07:46:07.143628+00:00,Others,Others.epublibre,UP,200,547,,
2026-08-28T07:47:07.272068+00:00,Others,Others.epublibre,UP,200,585,,
2026-08-28T07:48:07.810667+00:00,Others,Others.epublibre,UP,200,557,,
2026-08-28T07:49:08.303822+00:00,Others,Others.epublibre,UP,200,535,,
2026-08-28T07:50:08.730806+00:00,Others,Others.epublibre,UP,200,131,,
2026-08-28T07:51:09.889435+00:00,Others,Others.epublibre,UP,200,547,,
2026-08-28T07:52:10.116390+00:00,Others,Others.epublibre,UP,200,594,,
2026-08-28T07:53:10.923011+00:00,Others,Others.epublibre,UP,200,741,,
2026-08-28T07:54:12.035826+00:00,Others,Others.epublibre,UP,200,658,,
2026-08-28T07:55:12.760043+00:00,Others,Others.epublibre,UP,200,676,,
2026-08-28T07:56:13.351463+00:00,Others,Others.epublibre,UP,200,610,,
2026-08-28T07:57:14.420331+00:00,Others,Others.epublibre,UP,200,655,,
2026-08-28T07:58:14.964568+00:00,Others,Others.epublibre,UP,200,610,,
2026-08-28T07:59:15.923886+00:00,Others,Others.epublibre,UP,200,643,,
2026-08-28T08:00:17.151552+00:00,Others,Others.epublibre,UP,200,668,,
2026-08-28T08:01:16.381974+00:00,Others,Others.epublibre,UP,200,135,,
2026-08-28T08:02:17.301789+00:00,Others,Others.epublibre,UP,200,561,,
2026-08-28T08:03:18.091988+00:00,Others,Others.epublibre,UP,200,546,,
2026-08-28T08:04:18.510783+00:00,Others,Others.epublibre,UP,200,590,,
2026-08-28T08:05:19.144038+00:00,Others,Others.epublibre,UP,200,594,,
2026-08-28T08:06:19.659559+00:00,Others,Others.epublibre,UP,200,573,,
2026-08-28T08:07:20.512648+00:00,Others,Others.epublibre,UP,200,578,,
2026-08-28T08:08:20.916108+00:00,Others,Others.epublibre,UP,200,541,,
2026-08-28T08:09:21.419794+00:00,Others,Others.epublibre,UP,200,557,,
2026-08-28T08:10:22.105815+00:00,Others,Others.epublibre,UP,200,548,,
2026-08-28T08:11:23.242673+00:00,Others,Others.epublibre,UP,200,614,,
2026-08-28T08:12:23.769481+00:00,Others,Others.epublibre,UP,200,582,,
2026-08-28T08:13:24.322472+00:00,Others,Others.epublibre,UP,200,552,,
2026-08-28T08:14:24.768428+00:00,Others,Others.epublibre,UP,200,575,,
2026-08-28T08:15:25.513408+00:00,Others,Others.epublibre,UP,200,594,,
2026-08-28T08:16:26.384812+00:00,Others,Others.epublibre,UP,200,580,,
2026-08-28T08:17:27.005203+00:00,Others,Others.epublibre,UP,200,615,,
2026-08-28T08:18:27.737491+00:00,Others,Others.epublibre,UP,200,589,,
2026-08-28T08:19:28.519307+00:00,Others,Others.epublibre,UP,200,565,,
2026-08-28T08:20:29.197675+00:00,Others,Others.epublibre,UP,200,564,,
2026-08-28T08:21:29.675561+00:00,Others,Others.epublibre,UP,200,547,,
2026-08-28T08:22:30.564667+00:00,Others,Others.epublibre,UP,200,576,,
2026-08-28T08:23:30.860453+00:00,Others,Others.epublibre,UP,200,134,,
2026-08-28T08:24:32.058745+00:00,Others,Others.epublibre,UP,200,554,,
2026-08-28T08:25:32.404966+00:00,Others,Others.epublibre,UP,200,676,,
2026-08-28T08:26:32.526041+00:00,Others,Others.epublibre,UP,200,597,,
2026-08-28T08:27:33.071468+00:00,Others,Others.epublibre,UP,200,563,,
2026-08-28T08:28:33.715210+00:00,Others,Others.epublibre,UP,200,555,,
2026-08-28T08:29:34.543477+00:00,Others,Others.epublibre,UP,200,576,,
2026-08-28T08:30:35.205465+00:00,Others,Others.epublibre,UP,200,654,,
2026-08-28T08:31:36.119677+00:00,Others,Others.epublibre,UP,200,560,,
2026-08-28T08:32:36.075425+00:00,Others,Others.epublibre,UP,200,142,,
2026-08-28T08:33:36.532861+00:00,Others,Others.epublibre,UP,200,137,,
2026-08-28T08:34:37.640272+00:00,Others,Others.epublibre,UP,200,135,,
2026-08-28T08:35:38.711837+00:00,Others,Others.epublibre,UP,200,559,,
2026-08-28T08:36:38.995693+00:00,Others,Others.epublibre,UP,200,132,,
2026-08-28T08:37:39.997867+00:00,Others,Others.epublibre,UP,200,546,,
2026-08-28T08:38:40.818139+00:00,Others,Others.epublibre,UP,200,561,,
2026-08-28T08:39:41.388960+00:00,Others,Others.epublibre,UP,200,552,,
2026-08-28T08:40:41.950351+00:00,Others,Others.epublibre,UP,200,550,,
2026-08-28T08:41:42.877019+00:00,Others,Others.epublibre,UP,200,548,,
2026-08-28T08:42:43.616972+00:00,Others,Others.epublibre,UP,200,553,,
2026-08-28T08:43:43.933110+00:00,Others,Others.epublibre,UP,200,553,,
2026-08-28T08:44:44.589353+00:00,Others,Others.epublibre,UP,200,587,,
2026-08-28T08:45:45.267165+00:00,Others,Others.epublibre,UP,200,574,,
2026-08-28T08:46:45.970099+00:00,Others,Others.epublibre,UP,200,569,,
2026-08-28T08:47:46.730389+00:00,Others,Others.epublibre,UP,200,567,,
2026-08-28T08:48:47.215822+00:00,Others,Others.epublibre,UP,200,547,,
2026-08-28T08:49:48.352422+00:00,Others,Others.epublibre,UP,200,579,,
2026-08-28T08:50:48.792683+00:00,Others,Others.epublibre,UP,200,586,,
2026-08-28T08:51:49.178488+00:00,Others,Others.epublibre,UP,200,137,,
2026-08-28T08:52:50.409919+00:00,Others,Others.epublibre,UP,200,574,,
2026-08-28T08:53:51.167519+00:00,Others,Others.epublibre,UP,200,546,,
2026-08-28T08:54:51.940791+00:00,Others,Others.epublibre,UP,200,552,,
2026-08-28T08:55:52.606188+00:00,Others,Others.epublibre,UP,200,576,,
2026-08-28T08:56:53.097025+00:00,Others,Others.epublibre,UP,200,579,,
2026-08-28T08:57:53.571600+00:00,Others,Others.epublibre,UP,200,547,,
2026-08-28T08:58:54.388829+00:00,Others,Others.epublibre,UP,200,534,,
2026-08-28T08:59:55.076466+00:00,Others,Others.epublibre,UP,200,563,,
2026-08-28T09:00:55.724210+00:00,Others,Others.epublibre,UP,200,596,,
2026-08-28T09:01:56.539049+00:00,Others,Others.epublibre,UP,200,564,,
2026-08-28T09:02:57.016049+00:00,Others,Others.epublibre,UP,200,545,,
2026-08-28T09:03:57.945407+00:00,Others,Others.epublibre,UP,200,557,,
2026-08-28T09:04:58.795004+00:00,Others,Others.epublibre,UP,200,551,,
2026-08-28T09:05:59.197388+00:00,Others,Others.epublibre,UP,200,545,,
2026-08-28T09:06:59.873897+00:00,Others,Others.epublibre,UP,200,555,,
2026-08-28T09:08:00.588821+00:00,Others,Others.epublibre,UP,200,617,,
2026-08-28T09:09:01.179903+00:00,Others,Others.epublibre,UP,200,577,,
2026-08-28T09:10:02.392235+00:00,Others,Others.epublibre,UP,200,719,,
2026-08-28T09:11:02.125355+00:00,Others,Others.epublibre,UP,200,611,,
2026-08-28T09:12:02.804459+00:00,Others,Others.epublibre,UP,200,612,,
2026-08-28T09:13:03.568981+00:00,Others,Others.epublibre,UP,200,578,,
2026-08-28T09:14:04.184172+00:00,Others,Others.epublibre,UP,200,736,,
2026-08-28T09:15:05.252317+00:00,Others,Others.epublibre,UP,200,592,,
2026-08-28T09:16:05.767426+00:00,Others,Others.epublibre,UP,200,609,,
2026-08-28T09:17:06.362371+00:00,Others,Others.epublibre,UP,200,584,,
2026-08-28T09:18:06.963822+00:00,Others,Others.epublibre,UP,200,556,,
2026-08-28T09:19:07.668154+00:00,Others,Others.epublibre,UP,200,552,,
2026-08-28T09:20:08.238391+00:00,Others,Others.epublibre,UP,200,137,,
2026-08-28T09:21:09.391963+00:00,Others,Others.epublibre,UP,200,569,,
2026-08-28T09:22:09.505420+00:00,Others,Others.epublibre,UP,200,136,,
2026-08-28T09:23:10.794524+00:00,Others,Others.epublibre,UP,200,553,,
2026-08-28T09:24:11.488310+00:00,Others,Others.epublibre,UP,200,561,,
2026-08-28T09:25:11.929710+00:00,Others,Others.epublibre,UP,200,567,,
2026-08-28T09:26:12.796119+00:00,Others,Others.epublibre,UP,200,617,,
2026-08-28T09:27:13.239235+00:00,Others,Others.epublibre,UP,200,567,,
2026-08-28T09:28:13.975495+00:00,Others,Others.epublibre,UP,200,573,,
2026-08-28T09:29:21.960889+00:00,Others,Others.epublibre,DEGRADED,200,7813,latency_high,
2026-08-28T09:30:15.308392+00:00,Others,Others.epublibre,UP,200,590,,
2026-08-28T09:31:15.941917+00:00,Others,Others.epublibre,UP,200,612,,
2026-08-28T09:32:16.673696+00:00,Others,Others.epublibre,UP,200,575,,
2026-08-28T09:33:17.035476+00:00,Others,Others.epublibre,UP,200,143,,
2026-08-28T09:34:17.804685+00:00,Others,Others.epublibre,UP,200,141,,
2026-08-28T09:35:19.034826+00:00,Others,Others.epublibre,UP,200,568,,
2026-08-28T09:36:19.928956+00:00,Others,Others.epublibre,UP,200,572,,
2026-08-28T09:37:20.244099+00:00,Others,Others.epublibre,UP,200,543,,
2026-08-28T09:38:21.124710+00:00,Others,Others.epublibre,UP,200,557,,
2026-08-28T09:39:21.458988+00:00,Others,Others.epublibre,UP,200,633,,
2026-08-28T09:40:22.243242+00:00,Others,Others.epublibre,UP,200,640,,
2026-08-28T09:41:23.116702+00:00,Others,Others.epublibre,UP,200,633,,
2026-08-28T09:42:23.983018+00:00,Others,Others.epublibre,UP,200,682,,
2026-08-28T09:43:24.648167+00:00,Others,Others.epublibre,UP,200,613,,
2026-08-28T09:44:25.325819+00:00,Others,Others.epublibre,UP,200,657,,
2026-08-28T09:45:26.427656+00:00,Others,Others.epublibre,UP,200,651,,
2026-08-28T09:46:27.161550+00:00,Others,Others.epublibre,UP,200,672,,
2026-08-28T09:47:27.958027+00:00,Others,Others.epublibre,UP,200,641,,
2026-08-28T09:48:29.013250+00:00,Others,Others.epublibre,UP,200,654,,
2026-08-28T09:49:29.656616+00:00,Others,Others.epublibre,UP,200,642,,
2026-08-28T09:50:30.887879+00:00,Others,Others.epublibre,UP,200,775,,
2026-08-28T09:51:30.877543+00:00,Others,Others.epublibre,UP,200,588,,
2026-08-28T09:52:31.595051+00:00,Others,Others.epublibre,UP,200,549,,
2026-08-28T09:53:32.357153+00:00,Others,Others.epublibre,UP,200,572,,
2026-08-28T09:54:32.836436+00:00,Others,Others.epublibre,UP,200,600,,
2026-08-28T09:55:37.933569+00:00,Others,Others.epublibre,DEGRADED,200,4906,latency_high,
2026-08-28T09:56:34.655126+00:00,Others,Others.epublibre,UP,200,668,,
2026-08-28T09:57:35.753476+00:00,Others,Others.epublibre,UP,200,583,,
2026-08-28T09:58:36.404785+00:00,Others,Others.epublibre,UP,200,621,,
2026-08-28T09:59:36.982968+00:00,Others,Others.epublibre,UP,200,582,,
2026-08-28T10:00:37.649345+00:00,Others,Others.epublibre,UP,200,144,,
2026-08-28T10:01:38.952252+00:00,Others,Others.epublibre,UP,200,605,,
2026-08-28T10:02:39.845671+00:00,Others,Others.epublibre,UP,200,585,,
2026-08-28T10:03:40.816433+00:00,Others,Others.epublibre,UP,200,626,,
2026-08-28T10:04:41.546161+00:00,Others,Others.epublibre,UP,200,622,,
2026-08-28T10:05:42.514181+00:00,Others,Others.epublibre,UP,200,541,,
2026-08-28T10:06:43.505047+00:00,Others,Others.epublibre,UP,200,573,,
2026-08-28T10:07:43.562711+00:00,Others,Others.epublibre,UP,200,144,,
2026-08-28T10:08:44.652653+00:00,Others,Others.epublibre,UP,200,641,,
2026-08-28T10:09:45.469896+00:00,Others,Others.epublibre,UP,200,635,,
2026-08-28T10:10:46.481468+00:00,Others,Others.epublibre,UP,200,656,,
2026-08-28T10:11:47.454778+00:00,Others,Others.epublibre,UP,200,705,,
2026-08-28T10:12:47.198397+00:00,Others,Others.epublibre,UP,200,575,,
2026-08-28T10:13:48.003557+00:00,Others,Others.epublibre,UP,200,571,,
2026-08-28T10:14:48.823308+00:00,Others,Others.epublibre,UP,200,570,,
2026-08-28T10:15:49.474127+00:00,Others,Others.epublibre,UP,200,573,,
2026-08-28T10:16:49.834973+00:00,Others,Others.epublibre,UP,200,137,,
2026-08-28T10:17:50.896187+00:00,Others,Others.epublibre,UP,200,558,,
2026-08-28T10:18:51.576150+00:00,Others,Others.epublibre,UP,200,567,,
2026-08-28T10:19:52.351448+00:00,Others,Others.epublibre,UP,200,567,,
2026-08-28T10:20:53.188553+00:00,Others,Others.epublibre,UP,200,559,,
2026-08-28T10:21:53.535808+00:00,Others,Others.epublibre,UP,200,563,,
2026-08-28T10:22:54.383684+00:00,Others,Others.epublibre,UP,200,594,,
2026-08-28T10:23:55.112928+00:00,Others,Others.epublibre,UP,200,554,,
2026-08-28T10:24:55.859855+00:00,Others,Others.epublibre,UP,200,581,,
2026-08-28T10:25:56.740717+00:00,Others,Others.epublibre,UP,200,566,,
2026-08-28T10:26:57.195838+00:00,Others,Others.epublibre,UP,200,543,,
2026-08-28T10:27:57.699146+00:00,Others,Others.epublibre,UP,200,135,,
2026-08-28T10:28:58.938010+00:00,Others,Others.epublibre,UP,200,553,,
2026-08-28T10:29:59.141453+00:00,Others,Others.epublibre,UP,200,568,,
2026-08-28T10:31:00.058660+00:00,Others,Others.epublibre,UP,200,572,,
2026-08-28T10:32:00.959123+00:00,Others,Others.epublibre,UP,200,570,,
2026-08-28T10:33:01.748892+00:00,Others,Others.epublibre,UP,200,592,,
2026-08-28T10:34:02.359067+00:00,Others,Others.epublibre,UP,200,595,,
2026-08-28T10:35:03.469497+00:00,Others,Others.epublibre,UP,200,656,,
2026-08-28T10:36:03.740944+00:00,Others,Others.epublibre,UP,200,574,,
2026-08-28T10:37:04.105158+00:00,Others,Others.epublibre,UP,200,143,,
2026-08-28T10:38:04.996367+00:00,Others,Others.epublibre,UP,200,553,,
2026-08-28T10:39:05.537999+00:00,Others,Others.epublibre,UP,200,146,,
2026-08-28T10:40:06.506691+00:00,Others,Others.epublibre,UP,200,614,,
2026-08-28T10:41:07.252135+00:00,Others,Others.epublibre,UP,200,650,,
2026-08-28T10:42:07.953676+00:00,Others,Others.epublibre,UP,200,533,,
2026-08-28T10:43:08.780052+00:00,Others,Others.epublibre,UP,200,551,,
2026-08-28T10:44:09.301644+00:00,Others,Others.epublibre,UP,200,562,,
2026-08-28T10:45:10.185684+00:00,Others,Others.epublibre,UP,200,600,,
2026-08-28T10:46:10.785076+00:00,Others,Others.epublibre,UP,200,568,,
2026-08-28T10:47:11.294989+00:00,Others,Others.epublibre,UP,200,140,,
2026-08-28T10:48:12.201361+00:00,Others,Others.epublibre,UP,200,549,,
2026-08-28T10:49:13.047461+00:00,Others,Others.epublibre,UP,200,583,,
2026-08-28T10:50:13.528569+00:00,Others,Others.epublibre,UP,200,568,,
2026-08-28T10:51:14.493151+00:00,Others,Others.epublibre,UP,200,611,,
2026-08-28T10:52:15.414419+00:00,Others,Others.epublibre,UP,200,711,,
2026-08-28T10:53:15.827091+00:00,Others,Others.epublibre,UP,200,579,,
2026-08-28T10:54:16.368631+00:00,Others,Others.epublibre,UP,200,563,,
2026-08-28T10:55:17.396736+00:00,Others,Others.epublibre,UP,200,699,,
2026-08-28T10:56:18.214598+00:00,Others,Others.epublibre,UP,200,557,,
2026-08-28T10:57:18.748253+00:00,Others,Others.epublibre,UP,200,573,,
2026-08-28T10:58:19.245397+00:00,Others,Others.epublibre,UP,200,273,,
2026-08-28T10:59:19.940854+00:00,Others,Others.epublibre,UP,200,687,,
2026-08-28T11:00:30.680749+00:00,Others,Others.epublibre,DEGRADED,200,10425,latency_high,
2026-08-28T11:01:21.797776+00:00,Others,Others.epublibre,UP,200,569,,
2026-08-28T11:02:24.781501+00:00,Others,Others.epublibre,UP,200,2999,,
2026-08-28T11:03:22.861374+00:00,Others,Others.epublibre,UP,200,550,,
2026-08-28T11:04:23.560227+00:00,Others,Others.epublibre,UP,200,565,,
2026-08-28T11:05:24.053221+00:00,Others,Others.epublibre,UP,200,139,,
2026-08-28T11:06:25.080169+00:00,Others,Others.epublibre,UP,200,549,,
2026-08-28T11:07:26.011046+00:00,Others,Others.epublibre,UP,200,543,,
2026-08-28T11:08:26.510878+00:00,Others,Others.epublibre,UP,200,589,,
2026-08-28T11:09:28.759495+00:00,Others,Others.epublibre,UP,200,2114,,
2026-08-28T11:10:28.208757+00:00,Others,Others.epublibre,UP,200,703,,
2026-08-28T11:11:28.676765+00:00,Others,Others.epublibre,UP,200,549,,
2026-08-28T11:12:29.443365+00:00,Others,Others.epublibre,UP,200,565,,
2026-08-28T11:13:30.128265+00:00,Others,Others.epublibre,UP,200,686,,
2026-08-28T11:14:31.037736+00:00,Others,Others.epublibre,UP,200,579,,
2026-08-28T11:15:31.569966+00:00,Others,Others.epublibre,UP,200,590,,
2026-08-28T11:16:32.539333+00:00,Others,Others.epublibre,UP,200,689,,
2026-08-28T11:17:32.735320+00:00,Others,Others.epublibre,UP,200,571,,
2026-08-28T11:18:33.865517+00:00,Others,Others.epublibre,UP,200,588,,
2026-08-28T11:19:34.394548+00:00,Others,Others.epublibre,UP,200,787,,
2026-08-28T11:20:34.209298+00:00,Others,Others.epublibre,UP,200,689,,
2026-08-28T11:21:34.734110+00:00,Others,Others.epublibre,UP,200,580,,
2026-08-28T11:22:34.981730+00:00,Others,Others.epublibre,UP,200,615,,
2026-08-28T11:23:35.870106+00:00,Others,Others.epublibre,UP,200,653,,
2026-08-28T11:24:36.587361+00:00,Others,Others.epublibre,UP,200,596,,
2026-08-28T11:25:37.377602+00:00,Others,Others.epublibre,UP,200,599,,
2026-08-28T11:26:38.419615+00:00,Others,Others.epublibre,UP,200,699,,
2026-08-28T11:27:39.417751+00:00,Others,Others.epublibre,UP,200,654,,
2026-08-28T11:28:40.278419+00:00,Others,Others.epublibre,UP,200,633,,
2026-08-28T11:29:41.131536+00:00,Others,Others.epublibre,UP,200,649,,
2026-08-28T11:30:42.024231+00:00,Others,Others.epublibre,UP,200,646,,
2026-08-28T11:31:42.865161+00:00,Others,Others.epublibre,UP,200,634,,
2026-08-28T11:32:44.170870+00:00,Others,Others.epublibre,UP,200,593,,
2026-08-28T11:33:44.772028+00:00,Others,Others.epublibre,UP,200,626,,
2026-08-28T11:34:45.974947+00:00,Others,Others.epublibre,UP,200,753,,
2026-08-28T11:35:46.864743+00:00,Others,Others.epublibre,UP,200,672,,
2026-08-28T11:36:46.450066+00:00,Others,Others.epublibre,UP,200,573,,
2026-08-28T11:37:47.019197+00:00,Others,Others.epublibre,UP,200,588,,
2026-08-28T11:38:47.763991+00:00,Others,Others.epublibre,UP,200,549,,
2026-08-28T11:39:48.613115+00:00,Others,Others.epublibre,UP,200,570,,
2026-08-28T11:40:49.351736+00:00,Others,Others.epublibre,UP,200,574,,
2026-08-28T11:41:50.298564+00:00,Others,Others.epublibre,UP,200,726,,
2026-08-28T11:42:50.880655+00:00,Others,Others.epublibre,UP,200,566,,
2026-08-28T11:43:51.921177+00:00,Others,Others.epublibre,UP,200,676,,
2026-08-28T11:44:52.589754+00:00,Others,Others.epublibre,UP,200,561,,
2026-08-28T11:45:53.235522+00:00,Others,Others.epublibre,UP,200,566,,
2026-08-28T11:46:53.836605+00:00,Others,Others.epublibre,UP,200,555,,
2026-08-28T11:47:53.737559+00:00,Others,Others.epublibre,UP,200,140,,
2026-08-28T11:48:55.007350+00:00,Others,Others.epublibre,UP,200,548,,
2026-08-28T11:49:56.581883+00:00,Others,Others.epublibre,UP,200,704,,
2026-08-28T11:50:57.034903+00:00,Others,Others.epublibre,UP,200,559,,
2026-08-28T11:51:57.527718+00:00,Others,Others.epublibre,UP,200,613,,
2026-08-28T11:52:58.318191+00:00,Others,Others.epublibre,UP,200,554,,
2026-08-28T11:53:59.049637+00:00,Others,Others.epublibre,UP,200,543,,
2026-08-28T11:54:59.831385+00:00,Others,Others.epublibre,UP,200,584,,
2026-08-28T11:55:59.747844+00:00,Others,Others.epublibre,UP,200,543,,
2026-08-28T11:57:00.945017+00:00,Others,Others.epublibre,UP,200,605,,
2026-08-28T11:58:01.919927+00:00,Others,Others.epublibre,UP,200,561,,
2026-08-28T11:59:02.391699+00:00,Others,Others.epublibre,UP,200,583,,
2026-08-28T12:00:03.887650+00:00,Others,Others.epublibre,UP,200,826,,
2026-08-28T12:01:03.544368+00:00,Others,Others.epublibre,UP,200,571,,
2026-08-28T12:02:04.213776+00:00,Others,Others.epublibre,UP,200,623,,
2026-08-28T12:03:04.830550+00:00,Others,Others.epublibre,UP,200,581,,
2026-08-28T12:04:05.412874+00:00,Others,Others.epublibre,UP,200,599,,
2026-08-28T12:05:06.441109+00:00,Others,Others.epublibre,UP,200,676,,
2026-08-28T12:06:06.323838+00:00,Others,Others.epublibre,UP,200,558,,
2026-08-28T12:07:07.273073+00:00,Others,Others.epublibre,UP,200,589,,
2026-08-28T12:08:07.699110+00:00,Others,Others.epublibre,UP,200,551,,
2026-08-28T12:09:08.533163+00:00,Others,Others.epublibre,UP,200,565,,
2026-08-28T12:10:09.471898+00:00,Others,Others.epublibre,UP,200,581,,
2026-08-28T12:11:10.367923+00:00,Others,Others.epublibre,UP,200,592,,
2026-08-28T12:12:10.454688+00:00,Others,Others.epublibre,UP,200,143,,
2026-08-28T12:13:11.789314+00:00,Others,Others.epublibre,UP,200,722,,
2026-08-28T12:14:12.466312+00:00,Others,Others.epublibre,UP,200,558,,
2026-08-28T12:15:12.622099+00:00,Others,Others.epublibre,UP,200,134,,
2026-08-28T12:16:14.046589+00:00,Others,Others.epublibre,UP,200,723,,
2026-08-28T12:17:14.226865+00:00,Others,Others.epublibre,UP,200,555,,
2026-08-28T12:18:14.975816+00:00,Others,Others.epublibre,UP,200,574,,
2026-08-28T12:19:15.582062+00:00,Others,Others.epublibre,UP,200,775,,
2026-08-28T12:20:16.419126+00:00,Others,Others.epublibre,UP,200,789,,
2026-08-28T12:21:16.125474+00:00,Others,Others.epublibre,UP,200,569,,
2026-08-28T12:22:17.047693+00:00,Others,Others.epublibre,UP,200,564,,
2026-08-28T12:23:23.017633+00:00,Others,Others.epublibre,DEGRADED,200,5821,latency_high,
2026-08-28T12:24:18.209070+00:00,Others,Others.epublibre,UP,200,557,,
2026-08-28T12:25:19.023601+00:00,Others,Others.epublibre,UP,200,550,,
2026-08-28T12:26:19.949587+00:00,Others,Others.epublibre,UP,200,542,,
2026-08-28T12:27:21.110174+00:00,Others,Others.epublibre,UP,200,546,,
2026-08-28T12:28:21.539422+00:00,Others,Others.epublibre,UP,200,583,,
2026-08-28T12:29:22.320502+00:00,Others,Others.epublibre,UP,200,716,,
2026-08-28T12:30:23.100205+00:00,Others,Others.epublibre,UP,200,625,,
2026-08-28T12:31:23.944927+00:00,Others,Others.epublibre,UP,200,714,,
2026-08-28T12:32:24.318480+00:00,Others,Others.epublibre,UP,200,141,,
2026-08-28T12:33:25.412992+00:00,Others,Others.epublibre,UP,200,555,,
2026-08-28T12:34:25.926971+00:00,Others,Others.epublibre,UP,200,553,,
2026-08-28T12:35:26.833005+00:00,Others,Others.epublibre,UP,200,550,,
2026-08-28T12:36:27.629895+00:00,Others,Others.epublibre,UP,200,592,,
2026-08-28T12:37:28.495083+00:00,Others,Others.epublibre,UP,200,546,,
2026-08-28T12:38:29.250327+00:00,Others,Others.epublibre,UP,200,572,,
2026-08-28T12:39:29.793514+00:00,Others,Others.epublibre,UP,200,567,,
2026-08-28T12:40:30.765837+00:00,Others,Others.epublibre,UP,200,619,,
2026-08-28T12:41:30.387805+00:00,Others,Others.epublibre,UP,200,142,,
2026-08-28T12:42:31.835776+00:00,Others,Others.epublibre,UP,200,565,,
2026-08-28T12:43:32.328095+00:00,Others,Others.epublibre,UP,200,569,,
2026-08-28T12:44:32.467298+00:00,Others,Others.epublibre,UP,200,134,,
2026-08-28T12:45:33.963969+00:00,Others,Others.epublibre,UP,200,565,,
2026-08-28T12:46:34.861387+00:00,Others,Others.epublibre,UP,200,574,,
2026-08-28T12:47:35.697534+00:00,Others,Others.epublibre,UP,200,548,,
2026-08-28T12:48:36.105215+00:00,Others,Others.epublibre,UP,200,585,,
2026-08-28T12:49:36.824394+00:00,Others,Others.epublibre,UP,200,541,,
2026-08-28T12:50:37.818640+00:00,Others,Others.epublibre,UP,200,580,,
2026-08-28T12:51:42.695707+00:00,Others,Others.epublibre,DEGRADED,200,4498,latency_high,
2026-08-28T12:52:39.633327+00:00,Others,Others.epublibre,UP,200,543,,
2026-08-28T12:53:40.161535+00:00,Others,Others.epublibre,UP,200,547,,
2026-08-28T12:54:40.997719+00:00,Others,Others.epublibre,UP,200,579,,
2026-08-28T12:55:41.847465+00:00,Others,Others.epublibre,UP,200,582,,
2026-08-28T12:56:42.559243+00:00,Others,Others.epublibre,UP,200,563,,
2026-08-28T12:57:43.575313+00:00,Others,Others.epublibre,UP,200,586,,
2026-08-28T12:58:44.145996+00:00,Others,Others.epublibre,UP,200,547,,
2026-08-28T12:59:44.072486+00:00,Others,Others.epublibre,UP,200,139,,
2026-08-28T13:00:45.479823+00:00,Others,Others.epublibre,UP,200,641,,
2026-08-28T13:01:46.637868+00:00,Others,Others.epublibre,UP,200,620,,
2026-08-28T13:02:46.724123+00:00,Others,Others.epublibre,UP,200,141,,
2026-08-28T13:03:48.402972+00:00,Others,Others.epublibre,UP,200,672,,
2026-08-28T13:04:47.683818+00:00,Others,Others.epublibre,UP,200,136,,
2026-08-28T13:05:49.071478+00:00,Others,Others.epublibre,UP,200,582,,
2026-08-28T13:06:50.135947+00:00,Others,Others.epublibre,UP,200,609,,
2026-08-28T13:07:50.986304+00:00,Others,Others.epublibre,UP,200,568,,
2026-08-28T13:08:51.624937+00:00,Others,Others.epublibre,UP,200,719,,
2026-08-28T13:09:52.026658+00:00,Others,Others.epublibre,UP,200,596,,
2026-08-28T13:10:53.013950+00:00,Others,Others.epublibre,UP,200,552,,
2026-08-28T13:11:53.440585+00:00,Others,Others.epublibre,UP,200,140,,
2026-08-28T13:12:54.375501+00:00,Others,Others.epublibre,UP,200,559,,
2026-08-28T13:13:55.262104+00:00,Others,Others.epublibre,UP,200,592,,
2026-08-28T13:14:55.629831+00:00,Others,Others.epublibre,UP,200,143,,
2026-08-28T13:15:56.496454+00:00,Others,Others.epublibre,UP,200,146,,
2026-08-28T13:16:57.663523+00:00,Others,Others.epublibre,UP,200,745,,
2026-08-28T13:17:58.126048+00:00,Others,Others.epublibre,UP,200,645,,
2026-08-28T13:18:58.268205+00:00,Others,Others.epublibre,UP,200,580,,
2026-08-28T13:19:58.794075+00:00,Others,Others.epublibre,UP,200,568,,
2026-08-28T13:20:58.543168+00:00,Others,Others.epublibre,UP,200,139,,
2026-08-28T13:21:59.729707+00:00,Others,Others.epublibre,UP,200,636,,
2026-08-28T13:23:00.653955+00:00,Others,Others.epublibre,UP,200,569,,
2026-08-28T13:24:01.806460+00:00,Others,Others.epublibre,UP,200,562,,
2026-08-28T13:25:02.673093+00:00,Others,Others.epublibre,UP,200,669,,
2026-08-28T13:26:02.278693+00:00,Others,Others.epublibre,UP,200,593,,
2026-08-28T13:27:03.323106+00:00,Others,Others.epublibre,UP,200,557,,
2026-08-28T13:28:07.871902+00:00,Others,Others.epublibre,DEGRADED,200,5153,latency_high,
2026-08-28T13:29:04.232134+00:00,Others,Others.epublibre,UP,200,627,,
2026-08-28T13:30:05.587115+00:00,Others,Others.epublibre,UP,200,819,,
2026-08-28T13:31:05.813617+00:00,Others,Others.epublibre,UP,200,582,,
2026-08-28T13:32:06.282813+00:00,Others,Others.epublibre,UP,200,612,,
2026-08-28T13:33:06.977162+00:00,Others,Others.epublibre,UP,200,677,,
2026-08-28T13:34:08.265359+00:00,Others,Others.epublibre,UP,200,841,,
2026-08-28T13:35:08.190759+00:00,Others,Others.epublibre,UP,200,632,,
2026-08-28T13:36:09.008953+00:00,Others,Others.epublibre,UP,200,596,,
2026-08-28T13:37:10.134720+00:00,Others,Others.epublibre,UP,200,562,,
2026-08-28T13:38:10.523028+00:00,Others,Others.epublibre,UP,200,545,,
2026-08-28T13:39:11.391819+00:00,Others,Others.epublibre,UP,200,551,,
2026-08-28T13:40:12.394459+00:00,Others,Others.epublibre,UP,200,573,,
2026-08-28T13:41:13.032124+00:00,Others,Others.epublibre,UP,200,674,,
2026-08-28T13:42:13.721896+00:00,Others,Others.epublibre,UP,200,558,,
2026-08-28T13:43:14.247563+00:00,Others,Others.epublibre,UP,200,576,,
2026-08-28T13:44:15.227976+00:00,Others,Others.epublibre,UP,200,734,,
2026-08-28T13:45:16.233928+00:00,Others,Others.epublibre,UP,200,565,,
2026-08-28T13:46:16.961002+00:00,Others,Others.epublibre,UP,200,554,,
2026-08-28T13:47:17.475960+00:00,Others,Others.epublibre,UP,200,572,,
2026-08-28T13:48:18.176350+00:00,Others,Others.epublibre,UP,200,548,,
2026-08-28T13:49:18.946895+00:00,Others,Others.epublibre,UP,200,590,,
2026-08-28T13:50:19.643972+00:00,Others,Others.epublibre,UP,200,564,,
2026-08-28T13:51:20.782301+00:00,Others,Others.epublibre,UP,200,576,,
2026-08-28T13:52:21.458145+00:00,Others,Others.epublibre,UP,200,744,,
2026-08-28T13:53:21.810752+00:00,Others,Others.epublibre,UP,200,570,,
2026-08-28T13:54:22.025052+00:00,Others,Others.epublibre,UP,200,142,,
2026-08-28T13:55:23.652214+00:00,Others,Others.epublibre,UP,200,598,,
2026-08-28T13:56:24.061409+00:00,Others,Others.epublibre,UP,200,548,,
2026-08-28T13:57:24.757835+00:00,Others,Others.epublibre,UP,200,559,,
2026-08-28T13:58:25.541246+00:00,Others,Others.epublibre,UP,200,133,,
2026-08-28T13:59:26.192514+00:00,Others,Others.epublibre,UP,200,563,,
2026-08-28T14:00:26.621843+00:00,Others,Others.epublibre,UP,200,135,,
2026-08-28T14:01:27.572949+00:00,Others,Others.epublibre,UP,200,770,,
2026-08-28T14:02:28.043196+00:00,Others,Others.epublibre,UP,200,145,,
2026-08-28T14:03:29.161711+00:00,Others,Others.epublibre,UP,200,667,,
2026-08-28T14:04:30.282973+00:00,Others,Others.epublibre,UP,200,689,,
2026-08-28T14:05:30.529051+00:00,Others,Others.epublibre,UP,200,582,,
2026-08-28T14:06:31.505804+00:00,Others,Others.epublibre,UP,200,576,,
2026-08-28T14:07:32.270381+00:00,Others,Others.epublibre,UP,200,588,,
2026-08-28T14:08:33.166940+00:00,Others,Others.epublibre,UP,200,552,,
2026-08-28T14:09:33.693211+00:00,Others,Others.epublibre,UP,200,559,,
2026-08-28T14:10:34.872378+00:00,Others,Others.epublibre,UP,200,572,,
2026-08-28T14:11:35.490121+00:00,Others,Others.epublibre,UP,200,548,,
2026-08-28T14:12:36.147408+00:00,Others,Others.epublibre,UP,200,558,,
2026-08-28T14:13:37.022928+00:00,Others,Others.epublibre,UP,200,577,,
2026-08-28T14:14:37.978127+00:00,Others,Others.epublibre,UP,200,597,,
2026-08-28T14:15:38.648624+00:00,Others,Others.epublibre,UP,200,579,,
2026-08-28T14:16:39.400485+00:00,Others,Others.epublibre,UP,200,545,,
2026-08-28T14:17:39.576768+00:00,Others,Others.epublibre,UP,200,576,,
2026-08-28T14:18:40.489181+00:00,Others,Others.epublibre,UP,200,572,,
2026-08-28T14:19:41.460863+00:00,Others,Others.epublibre,UP,200,559,,
2026-08-28T14:20:42.003383+00:00,Others,Others.epublibre,UP,200,581,,
2026-08-28T14:21:42.652451+00:00,Others,Others.epublibre,UP,200,546,,
2026-08-28T14:22:43.619210+00:00,Others,Others.epublibre,UP,200,540,,
2026-08-28T14:23:43.859578+00:00,Others,Others.epublibre,UP,200,142,,
2026-08-28T14:24:45.205874+00:00,Others,Others.epublibre,UP,200,549,,
2026-08-28T14:25:46.138118+00:00,Others,Others.epublibre,UP,200,546,,
2026-08-28T14:26:46.222768+00:00,Others,Others.epublibre,UP,200,640,,
2026-08-28T14:27:46.815462+00:00,Others,Others.epublibre,UP,200,157,,
2026-08-28T14:28:48.412771+00:00,Others,Others.epublibre,UP,200,645,,
2026-08-28T14:29:48.138608+00:00,Others,Others.epublibre,UP,200,543,,
2026-08-28T14:30:48.992564+00:00,Others,Others.epublibre,UP,200,574,,
2026-08-28T14:31:50.131476+00:00,Others,Others.epublibre,UP,200,546,,
2026-08-28T14:32:50.862821+00:00,Others,Others.epublibre,UP,200,133,,
2026-08-28T14:33:52.551260+00:00,Others,Others.epublibre,UP,200,631,,
2026-08-28T14:34:52.637677+00:00,Others,Others.epublibre,UP,200,544,,
2026-08-28T14:35:53.368484+00:00,Others,Others.epublibre,UP,200,549,,
2026-08-28T14:36:54.006428+00:00,Others,Others.epublibre,UP,200,553,,
2026-08-28T14:37:54.765871+00:00,Others,Others.epublibre,UP,200,556,,
2026-08-28T14:38:55.472113+00:00,Others,Others.epublibre,UP,200,546,,
2026-08-28T14:39:56.225163+00:00,Others,Others.epublibre,UP,200,581,,
2026-08-28T14:40:56.857799+00:00,Others,Others.epublibre,UP,200,139,,
2026-08-28T14:41:57.685724+00:00,Others,Others.epublibre,UP,200,570,,
2026-08-28T14:42:58.902670+00:00,Others,Others.epublibre,UP,200,695,,
2026-08-28T14:43:59.361586+00:00,Others,Others.epublibre,UP,200,553,,
2026-08-28T14:45:00.174530+00:00,Others,Others.epublibre,UP,200,557,,
2026-08-28T14:46:01.531133+00:00,Others,Others.epublibre,UP,200,631,,
2026-08-28T14:47:01.135797+00:00,Others,Others.epublibre,UP,200,552,,
2026-08-28T14:48:01.943350+00:00,Others,Others.epublibre,UP,200,575,,
2026-08-28T14:49:02.927691+00:00,Others,Others.epublibre,UP,200,586,,
2026-08-28T14:50:04.296820+00:00,Others,Others.epublibre,UP,200,632,,
2026-08-28T14:51:04.543874+00:00,Others,Others.epublibre,UP,200,560,,
2026-08-28T14:52:05.526064+00:00,Others,Others.epublibre,UP,200,580,,
2026-08-28T14:53:06.110938+00:00,Others,Others.epublibre,UP,200,688,,
2026-08-28T14:54:06.927144+00:00,Others,Others.epublibre,UP,200,594,,
2026-08-28T14:55:07.965756+00:00,Others,Others.epublibre,UP,200,731,,
2026-08-28T14:56:08.629673+00:00,Others,Others.epublibre,UP,200,574,,
2026-08-28T14:57:09.267659+00:00,Others,Others.epublibre,UP,200,571,,
2026-08-28T14:58:10.314063+00:00,Others,Others.epublibre,UP,200,665,,
2026-08-28T14:59:10.784947+00:00,Others,Others.epublibre,UP,200,571,,
2026-08-28T15:00:11.648352+00:00,Others,Others.epublibre,UP,200,619,,
2026-08-28T15:01:11.733747+00:00,Others,Others.epublibre,UP,200,743,,
2026-08-28T15:02:12.073385+00:00,Others,Others.epublibre,UP,200,607,,
2026-08-28T15:03:12.931072+00:00,Others,Others.epublibre,UP,200,590,,
2026-08-28T15:04:13.933818+00:00,Others,Others.epublibre,UP,200,615,,
2026-08-28T15:05:15.005730+00:00,Others,Others.epublibre,UP,200,647,,
2026-08-28T15:06:15.369557+00:00,Others,Others.epublibre,UP,200,560,,
2026-08-28T15:07:15.820170+00:00,Others,Others.epublibre,UP,200,768,,
2026-08-28T15:08:16.519274+00:00,Others,Others.epublibre,UP,200,573,,
2026-08-28T15:09:17.427701+00:00,Others,Others.epublibre,UP,200,570,,
2026-08-28T15:10:18.497030+00:00,Others,Others.epublibre,UP,200,722,,
2026-08-28T15:11:19.012022+00:00,Others,Others.epublibre,UP,200,556,,
2026-08-28T15:12:20.245848+00:00,Others,Others.epublibre,UP,200,699,,
2026-08-28T15:13:20.782641+00:00,Others,Others.epublibre,UP,200,548,,
2026-08-28T15:14:21.223991+00:00,Others,Others.epublibre,UP,200,572,,
2026-08-28T15:15:22.195596+00:00,Others,Others.epublibre,UP,200,577,,
2026-08-28T15:16:23.201361+00:00,Others,Others.epublibre,UP,200,711,,
2026-08-28T15:17:23.868308+00:00,Others,Others.epublibre,UP,200,738,,
2026-08-28T15:18:24.554261+00:00,Others,Others.epublibre,UP,200,546,,
2026-08-28T15:19:25.213566+00:00,Others,Others.epublibre,UP,200,678,,
2026-08-28T15:20:26.065829+00:00,Others,Others.epublibre,UP,200,575,,
2026-08-28T15:21:26.207017+00:00,Others,Others.epublibre,UP,200,550,,
2026-08-28T15:22:26.485268+00:00,Others,Others.epublibre,UP,200,270,,
2026-08-28T15:23:26.604002+00:00,Others,Others.epublibre,UP,200,571,,
2026-08-28T15:24:26.547456+00:00,Others,Others.epublibre,UP,200,586,,
2026-08-28T15:25:28.032055+00:00,Others,Others.epublibre,UP,200,737,,
2026-08-28T15:26:27.847530+00:00,Others,Others.epublibre,UP,200,568,,
2026-08-28T15:27:28.707225+00:00,Others,Others.epublibre,UP,200,554,,
2026-08-28T15:28:28.972446+00:00,Others,Others.epublibre,UP,200,625,,
2026-08-28T15:29:30.069045+00:00,Others,Others.epublibre,UP,200,609,,
2026-08-28T15:30:29.785841+00:00,Others,Others.epublibre,UP,200,134,,
2026-08-28T15:31:30.160792+00:00,Others,Others.epublibre,UP,200,561,,
2026-08-28T15:32:30.580995+00:00,Others,Others.epublibre,UP,200,131,,
2026-08-28T15:33:31.573973+00:00,Others,Others.epublibre,UP,200,627,,
2026-08-28T15:34:31.491735+00:00,Others,Others.epublibre,UP,200,572,,
2026-08-28T15:35:31.625752+00:00,Others,Others.epublibre,UP,200,612,,
2026-08-28T15:36:32.367469+00:00,Others,Others.epublibre,UP,200,586,,
2026-08-28T15:37:33.031889+00:00,Others,Others.epublibre,UP,200,551,,
2026-08-28T15:38:34.014791+00:00,Others,Others.epublibre,UP,200,689,,
2026-08-28T15:39:41.009671+00:00,Others,Others.epublibre,DEGRADED,200,6807,latency_high,
2026-08-28T15:40:34.821421+00:00,Others,Others.epublibre,UP,200,568,,
2026-08-28T15:41:35.735076+00:00,Others,Others.epublibre,UP,200,870,,
2026-08-28T15:42:35.440645+00:00,Others,Others.epublibre,UP,200,554,,
2026-08-28T15:43:36.393463+00:00,Others,Others.epublibre,UP,200,574,,
2026-08-28T15:44:37.162744+00:00,Others,Others.epublibre,UP,200,606,,
2026-08-28T15:45:37.891665+00:00,Others,Others.epublibre,UP,200,769,,
2026-08-28T15:46:38.631205+00:00,Others,Others.epublibre,UP,200,606,,
2026-08-28T15:47:39.597864+00:00,Others,Others.epublibre,UP,200,623,,
2026-08-28T15:48:40.540855+00:00,Others,Others.epublibre,UP,200,665,,
2026-08-28T15:49:41.170000+00:00,Others,Others.epublibre,UP,200,572,,
2026-08-28T15:50:42.434575+00:00,Others,Others.epublibre,UP,200,693,,
2026-08-28T15:51:42.308819+00:00,Others,Others.epublibre,UP,200,574,,
2026-08-28T15:52:43.184223+00:00,Others,Others.epublibre,UP,200,578,,
2026-08-28T15:53:43.910048+00:00,Others,Others.epublibre,UP,200,600,,
2026-08-28T15:54:45.032751+00:00,Others,Others.epublibre,UP,200,715,,
2026-08-28T15:55:45.663158+00:00,Others,Others.epublibre,UP,200,578,,
2026-08-28T15:56:53.684965+00:00,Others,Others.epublibre,DEGRADED,200,8019,latency_high,
2026-08-28T15:57:47.278890+00:00,Others,Others.epublibre,UP,200,579,,
2026-08-28T15:58:48.218018+00:00,Others,Others.epublibre,UP,200,557,,
2026-08-28T15:59:48.883087+00:00,Others,Others.epublibre,UP,200,135,,
2026-08-28T16:00:49.747316+00:00,Others,Others.epublibre,UP,200,570,,
2026-08-28T16:01:50.831682+00:00,Others,Others.epublibre,UP,200,560,,
2026-08-28T16:02:51.348511+00:00,Others,Others.epublibre,UP,200,595,,
2026-08-28T16:03:52.167132+00:00,Others,Others.epublibre,UP,200,566,,
2026-08-28T16:04:52.968463+00:00,Others,Others.epublibre,UP,200,545,,
2026-08-28T16:05:53.860812+00:00,Others,Others.epublibre,UP,200,545,,
2026-08-28T16:06:54.546016+00:00,Others,Others.epublibre,UP,200,563,,
2026-08-28T16:07:57.646664+00:00,Others,Others.epublibre,UP,200,2852,,
2026-08-28T16:08:56.092771+00:00,Others,Others.epublibre,UP,200,602,,
2026-08-28T16:09:56.793467+00:00,Others,Others.epublibre,UP,200,570,,
2026-08-28T16:10:57.831997+00:00,Others,Others.epublibre,UP,200,564,,
2026-08-28T16:11:59.234590+00:00,Others,Others.epublibre,UP,200,883,,
2026-08-28T16:12:59.649764+00:00,Others,Others.epublibre,UP,200,593,,
2026-08-28T16:13:59.645927+00:00,Others,Others.epublibre,UP,200,673,,
2026-08-28T16:15:00.601412+00:00,Others,Others.epublibre,UP,200,597,,
2026-08-28T16:16:01.161271+00:00,Others,Others.epublibre,UP,200,755,,
2026-08-28T16:17:01.292307+00:00,Others,Others.epublibre,UP,200,592,,
2026-08-28T16:18:01.339235+00:00,Others,Others.epublibre,UP,200,598,,
2026-08-28T16:19:02.250116+00:00,Others,Others.epublibre,UP,200,800,,
2026-08-28T16:20:02.326593+00:00,Others,Others.epublibre,UP,200,818,,
2026-08-28T16:21:02.287648+00:00,Others,Others.epublibre,UP,200,624,,
2026-08-28T16:22:03.671805+00:00,Others,Others.epublibre,UP,200,624,,
2026-08-28T16:23:04.039891+00:00,Others,Others.epublibre,UP,200,549,,
2026-08-28T16:24:04.847310+00:00,Others,Others.epublibre,UP,200,555,,
2026-08-28T16:25:05.627978+00:00,Others,Others.epublibre,UP,200,564,,
2026-08-28T16:26:15.394941+00:00,Others,Others.epublibre,DEGRADED,200,9331,latency_high,
2026-08-28T16:27:07.017597+00:00,Others,Others.epublibre,UP,200,662,,
2026-08-28T16:28:08.173988+00:00,Others,Others.epublibre,UP,200,763,,
2026-08-28T16:29:08.249876+00:00,Others,Others.epublibre,UP,200,558,,
2026-08-28T16:30:08.830033+00:00,Others,Others.epublibre,UP,200,577,,
2026-08-28T16:31:08.730014+00:00,Others,Others.epublibre,UP,200,562,,
2026-08-28T16:32:09.508305+00:00,Others,Others.epublibre,UP,200,597,,
2026-08-28T16:33:10.491168+00:00,Others,Others.epublibre,UP,200,541,,
2026-08-28T16:34:11.368512+00:00,Others,Others.epublibre,UP,200,882,,
2026-08-28T16:35:10.983337+00:00,Others,Others.epublibre,UP,200,568,,
2026-08-28T16:36:11.762741+00:00,Others,Others.epublibre,UP,200,547,,
2026-08-28T16:37:12.699159+00:00,Others,Others.epublibre,UP,200,625,,
2026-08-28T16:38:13.363320+00:00,Others,Others.epublibre,UP,200,591,,
2026-08-28T16:39:14.198329+00:00,Others,Others.epublibre,UP,200,544,,
2026-08-28T16:40:14.935469+00:00,Others,Others.epublibre,UP,200,704,,
2026-08-28T16:41:14.859908+00:00,Others,Others.epublibre,UP,200,141,,
2026-08-28T16:42:16.276078+00:00,Others,Others.epublibre,UP,200,583,,
2026-08-28T16:43:17.015118+00:00,Others,Others.epublibre,UP,200,714,,
2026-08-28T16:44:17.430884+00:00,Others,Others.epublibre,UP,200,628,,
2026-08-28T16:45:18.638350+00:00,Others,Others.epublibre,UP,200,736,,
2026-08-28T16:46:18.602228+00:00,Others,Others.epublibre,UP,200,582,,
2026-08-28T16:47:19.495739+00:00,Others,Others.epublibre,UP,200,690,,
2026-08-28T16:48:19.772573+00:00,Others,Others.epublibre,UP,200,134,,
2026-08-28T16:49:20.217723+00:00,Others,Others.epublibre,UP,200,542,,
2026-08-28T16:50:21.251003+00:00,Others,Others.epublibre,UP,200,630,,
2026-08-28T16:51:20.614696+00:00,Others,Others.epublibre,UP,200,146,,
2026-08-28T16:52:21.928771+00:00,Others,Others.epublibre,UP,200,717,,
2026-08-28T16:53:22.683014+00:00,Others,Others.epublibre,UP,200,590,,
2026-08-28T16:54:23.423597+00:00,Others,Others.epublibre,UP,200,553,,
2026-08-28T16:55:24.123438+00:00,Others,Others.epublibre,UP,200,143,,
2026-08-28T16:56:25.339302+00:00,Others,Others.epublibre,UP,200,554,,
2026-08-28T16:57:25.987305+00:00,Others,Others.epublibre,UP,200,559,,
2026-08-28T16:58:27.154060+00:00,Others,Others.epublibre,UP,200,692,,
2026-08-28T16:59:27.792105+00:00,Others,Others.epublibre,UP,200,565,,
2026-08-28T17:00:28.336149+00:00,Others,Others.epublibre,UP,200,556,,
2026-08-28T17:01:29.131068+00:00,Others,Others.epublibre,UP,200,599,,
2026-08-28T17:02:30.012723+00:00,Others,Others.epublibre,UP,200,889,,
2026-08-28T17:03:30.632638+00:00,Others,Others.epublibre,UP,200,640,,
2026-08-28T17:04:30.725131+00:00,Others,Others.epublibre,UP,200,796,,
2026-08-28T17:05:31.184808+00:00,Others,Others.epublibre,UP,200,666,,
2026-08-28T17:06:31.535030+00:00,Others,Others.epublibre,UP,200,705,,
2026-08-28T17:07:32.236245+00:00,Others,Others.epublibre,UP,200,562,,
2026-08-28T17:08:33.089873+00:00,Others,Others.epublibre,UP,200,717,,
2026-08-28T17:09:34.215333+00:00,Others,Others.epublibre,UP,200,784,,
2026-08-28T17:10:33.589417+00:00,Others,Others.epublibre,UP,200,266,,
2026-08-28T17:11:34.810571+00:00,Others,Others.epublibre,UP,200,558,,
2026-08-28T17:12:35.648814+00:00,Others,Others.epublibre,UP,200,573,,
2026-08-28T17:13:36.523483+00:00,Others,Others.epublibre,UP,200,901,,
2026-08-28T17:14:36.862014+00:00,Others,Others.epublibre,UP,200,613,,
2026-08-28T17:15:36.836316+00:00,Others,Others.epublibre,UP,200,719,,
2026-08-28T17:16:37.896018+00:00,Others,Others.epublibre,UP,200,570,,
2026-08-28T17:17:38.689995+00:00,Others,Others.epublibre,UP,200,678,,
2026-08-28T17:18:39.092860+00:00,Others,Others.epublibre,UP,200,630,,
2026-08-28T17:19:40.359244+00:00,Others,Others.epublibre,UP,200,914,,
2026-08-28T17:20:40.496564+00:00,Others,Others.epublibre,UP,200,688,,
2026-08-28T17:21:40.654068+00:00,Others,Others.epublibre,UP,200,155,,
2026-08-28T17:22:42.195875+00:00,Others,Others.epublibre,UP,200,681,,
2026-08-28T17:23:42.698004+00:00,Others,Others.epublibre,UP,200,693,,
2026-08-28T17:24:43.306351+00:00,Others,Others.epublibre,UP,200,557,,
2026-08-28T17:25:44.354949+00:00,Others,Others.epublibre,UP,200,691,,
2026-08-28T17:26:45.041228+00:00,Others,Others.epublibre,UP,200,564,,
2026-08-28T17:27:46.364985+00:00,Others,Others.epublibre,UP,200,603,,
2026-08-28T17:28:47.258683+00:00,Others,Others.epublibre,UP,200,687,,
2026-08-28T17:29:46.984482+00:00,Others,Others.epublibre,UP,200,596,,
2026-08-28T17:30:47.768893+00:00,Others,Others.epublibre,UP,200,688,,
2026-08-28T17:31:48.377873+00:00,Others,Others.epublibre,UP,200,764,,
2026-08-28T17:32:48.567824+00:00,Others,Others.epublibre,UP,200,575,,
2026-08-28T17:33:49.366630+00:00,Others,Others.epublibre,UP,200,582,,
2026-08-28T17:34:56.331006+00:00,Others,Others.epublibre,DEGRADED,200,6693,latency_high,
2026-08-28T17:35:50.989782+00:00,Others,Others.epublibre,UP,200,689,,
2026-08-28T17:36:51.969261+00:00,Others,Others.epublibre,UP,200,555,,
2026-08-28T17:37:52.649504+00:00,Others,Others.epublibre,UP,200,718,,
2026-08-28T17:38:53.326077+00:00,Others,Others.epublibre,UP,200,565,,
2026-08-28T17:39:54.527764+00:00,Others,Others.epublibre,UP,200,699,,
2026-08-28T17:40:54.671494+00:00,Others,Others.epublibre,UP,200,138,,
2026-08-28T17:41:56.059798+00:00,Others,Others.epublibre,UP,200,730,,
2026-08-28T17:42:56.949564+00:00,Others,Others.epublibre,UP,200,706,,
2026-08-28T17:43:57.478572+00:00,Others,Others.epublibre,UP,200,551,,
2026-08-28T17:44:58.418880+00:00,Others,Others.epublibre,UP,200,565,,
2026-08-28T17:45:58.992467+00:00,Others,Others.epublibre,UP,200,140,,
2026-08-28T17:46:59.556517+00:00,Others,Others.epublibre,UP,200,735,,
2026-08-28T17:48:00.370000+00:00,Others,Others.epublibre,UP,200,593,,
2026-08-28T17:49:01.163754+00:00,Others,Others.epublibre,UP,200,712,,
2026-08-28T17:50:02.916454+00:00,Others,Others.epublibre,UP,200,845,,
2026-08-28T17:51:02.258547+00:00,Others,Others.epublibre,UP,200,619,,
2026-08-28T17:52:02.971769+00:00,Others,Others.epublibre,UP,200,573,,
2026-08-28T17:53:03.615882+00:00,Others,Others.epublibre,UP,200,630,,
2026-08-28T17:54:04.691620+00:00,Others,Others.epublibre,UP,200,572,,
2026-08-28T17:55:05.367469+00:00,Others,Others.epublibre,UP,200,722,,
2026-08-28T17:56:05.393894+00:00,Others,Others.epublibre,UP,200,723,,
2026-08-28T17:57:06.248929+00:00,Others,Others.epublibre,UP,200,648,,
2026-08-28T17:58:06.917475+00:00,Others,Others.epublibre,UP,200,674,,
2026-08-28T17:59:07.659051+00:00,Others,Others.epublibre,UP,200,602,,
2026-08-28T18:00:08.645518+00:00,Others,Others.epublibre,UP,200,630,,
2026-08-28T18:01:08.672216+00:00,Others,Others.epublibre,UP,200,770,,
2026-08-28T18:02:08.880241+00:00,Others,Others.epublibre,UP,200,264,,
2026-08-28T18:03:09.910675+00:00,Others,Others.epublibre,UP,200,571,,
2026-08-28T18:04:10.578180+00:00,Others,Others.epublibre,UP,200,758,,
2026-08-28T18:05:12.114900+00:00,Others,Others.epublibre,UP,200,670,,
2026-08-28T18:06:11.762620+00:00,Others,Others.epublibre,UP,200,559,,
2026-08-28T18:07:13.164269+00:00,Others,Others.epublibre,UP,200,908,,
2026-08-28T18:08:13.483776+00:00,Others,Others.epublibre,UP,200,611,,
2026-08-28T18:09:14.355129+00:00,Others,Others.epublibre,UP,200,617,,
2026-08-28T18:10:15.110649+00:00,Others,Others.epublibre,UP,200,608,,
2026-08-28T18:11:16.220293+00:00,Others,Others.epublibre,UP,200,578,,
2026-08-28T18:12:16.795386+00:00,Others,Others.epublibre,UP,200,581,,
2026-08-28T18:13:17.653460+00:00,Others,Others.epublibre,UP,200,695,,
2026-08-28T18:14:18.621827+00:00,Others,Others.epublibre,UP,200,578,,
2026-08-28T18:15:20.415412+00:00,Others,Others.epublibre,UP,200,1334,,
2026-08-28T18:16:20.496676+00:00,Others,Others.epublibre,UP,200,675,,
2026-08-28T18:17:21.019587+00:00,Others,Others.epublibre,UP,200,553,,
2026-08-28T18:18:21.913860+00:00,Others,Others.epublibre,UP,200,616,,
2026-08-28T18:19:22.961357+00:00,Others,Others.epublibre,UP,200,646,,
2026-08-28T18:20:24.080134+00:00,Others,Others.epublibre,UP,200,693,,
2026-08-28T18:21:24.611643+00:00,Others,Others.epublibre,UP,200,586,,
2026-08-28T18:22:25.720491+00:00,Others,Others.epublibre,UP,200,717,,
2026-08-28T18:23:26.179742+00:00,Others,Others.epublibre,UP,200,141,,
2026-08-28T18:24:27.024705+00:00,Others,Others.epublibre,UP,200,699,,
2026-08-28T18:25:27.044065+00:00,Others,Others.epublibre,UP,200,569,,
2026-08-28T18:26:27.549414+00:00,Others,Others.epublibre,UP,200,542,,
2026-08-28T18:27:28.627446+00:00,Others,Others.epublibre,UP,200,673,,
2026-08-28T18:28:29.570749+00:00,Others,Others.epublibre,UP,200,625,,
2026-08-28T18:29:30.002496+00:00,Others,Others.epublibre,UP,200,140,,
2026-08-28T18:30:31.771061+00:00,Others,Others.epublibre,UP,200,622,,
2026-08-28T18:31:31.422303+00:00,Others,Others.epublibre,UP,200,579,,
2026-08-28T18:32:32.213443+00:00,Others,Others.epublibre,UP,200,552,,
2026-08-28T18:33:32.421077+00:00,Others,Others.epublibre,UP,200,137,,
2026-08-28T18:34:34.116083+00:00,Others,Others.epublibre,UP,200,576,,
2026-08-28T18:35:33.880262+00:00,Others,Others.epublibre,UP,200,578,,
2026-08-28T18:36:34.846799+00:00,Others,Others.epublibre,UP,200,591,,
2026-08-28T18:37:35.399051+00:00,Others,Others.epublibre,UP,200,567,,
2026-08-28T18:38:36.043588+00:00,Others,Others.epublibre,UP,200,542,,
2026-08-28T18:39:36.138715+00:00,Others,Others.epublibre,UP,200,595,,
2026-08-28T18:40:36.966450+00:00,Others,Others.epublibre,UP,200,759,,
2026-08-28T18:41:37.766651+00:00,Others,Others.epublibre,UP,200,619,,
2026-08-28T18:42:38.739128+00:00,Others,Others.epublibre,UP,200,680,,
2026-08-28T18:43:38.565553+00:00,Others,Others.epublibre,UP,200,567,,
2026-08-28T18:44:38.754050+00:00,Others,Others.epublibre,UP,200,550,,
2026-08-28T18:45:39.864228+00:00,Others,Others.epublibre,UP,200,572,,
2026-08-28T18:46:40.246404+00:00,Others,Others.epublibre,UP,200,638,,
2026-08-28T18:47:41.401599+00:00,Others,Others.epublibre,UP,200,810,,
2026-08-28T18:48:42.434646+00:00,Others,Others.epublibre,UP,200,823,,
2026-08-28T18:49:43.170457+00:00,Others,Others.epublibre,UP,200,608,,
2026-08-28T18:50:43.283801+00:00,Others,Others.epublibre,UP,200,562,,
2026-08-28T18:51:43.916349+00:00,Others,Others.epublibre,UP,200,561,,
2026-08-28T18:52:44.925949+00:00,Others,Others.epublibre,UP,200,606,,
2026-08-28T18:53:45.726004+00:00,Others,Others.epublibre,UP,200,692,,
2026-08-28T18:54:46.595662+00:00,Others,Others.epublibre,UP,200,561,,
2026-08-28T18:55:47.426870+00:00,Others,Others.epublibre,UP,200,575,,
2026-08-28T18:56:55.868759+00:00,Others,Others.epublibre,DEGRADED,200,8934,latency_high,
2026-08-28T18:57:48.395379+00:00,Others,Others.epublibre,UP,200,595,,
2026-08-28T18:58:49.051473+00:00,Others,Others.epublibre,UP,200,829,,
2026-08-28T18:59:48.772144+00:00,Others,Others.epublibre,UP,200,573,,
2026-08-28T19:00:49.247922+00:00,Others,Others.epublibre,UP,200,138,,
2026-08-28T19:01:50.528049+00:00,Others,Others.epublibre,UP,200,569,,
2026-08-28T19:02:51.232843+00:00,Others,Others.epublibre,UP,200,552,,
2026-08-28T19:03:51.839452+00:00,Others,Others.epublibre,UP,200,598,,
2026-08-28T19:04:53.314443+00:00,Others,Others.epublibre,UP,200,772,,
2026-08-28T19:05:52.987555+00:00,Others,Others.epublibre,UP,200,575,,
2026-08-28T19:06:53.907014+00:00,Others,Others.epublibre,UP,200,551,,
2026-08-28T19:07:55.097768+00:00,Others,Others.epublibre,UP,200,694,,
2026-08-28T19:08:55.702246+00:00,Others,Others.epublibre,UP,200,564,,
2026-08-28T19:09:56.625335+00:00,Others,Others.epublibre,UP,200,578,,
2026-08-28T19:10:57.413682+00:00,Others,Others.epublibre,UP,200,559,,
2026-08-28T19:11:58.517547+00:00,Others,Others.epublibre,UP,200,713,,
2026-08-28T19:12:59.201012+00:00,Others,Others.epublibre,UP,200,594,,
2026-08-28T19:13:59.076131+00:00,Others,Others.epublibre,UP,200,579,,
2026-08-28T19:15:00.342861+00:00,Others,Others.epublibre,UP,200,910,,
2026-08-28T19:16:01.083639+00:00,Others,Others.epublibre,UP,200,802,,
2026-08-28T19:17:02.088048+00:00,Others,Others.epublibre,UP,200,595,,
2026-08-28T19:18:02.372134+00:00,Others,Others.epublibre,UP,200,680,,
2026-08-28T19:19:02.677700+00:00,Others,Others.epublibre,UP,200,718,,
2026-08-28T19:20:04.212963+00:00,Others,Others.epublibre,UP,200,783,,
2026-08-28T19:21:03.619262+00:00,Others,Others.epublibre,UP,200,599,,
2026-08-28T19:22:04.155210+00:00,Others,Others.epublibre,UP,200,626,,
2026-08-28T19:23:05.031944+00:00,Others,Others.epublibre,UP,200,636,,
2026-08-28T19:24:06.078549+00:00,Others,Others.epublibre,UP,200,672,,
2026-08-28T19:25:06.142163+00:00,Others,Others.epublibre,UP,200,744,,
2026-08-28T19:26:07.015013+00:00,Others,Others.epublibre,UP,200,598,,
2026-08-28T19:27:07.770056+00:00,Others,Others.epublibre,UP,200,571,,
2026-08-28T19:28:09.009245+00:00,Others,Others.epublibre,UP,200,788,,
2026-08-28T19:29:09.894766+00:00,Others,Others.epublibre,UP,200,761,,
2026-08-28T19:30:09.911640+00:00,Others,Others.epublibre,UP,200,151,,
2026-08-28T19:31:10.520653+00:00,Others,Others.epublibre,UP,200,701,,
2026-08-28T19:32:11.508670+00:00,Others,Others.epublibre,UP,200,1004,,
2026-08-28T19:33:10.839362+00:00,Others,Others.epublibre,UP,200,141,,
2026-08-28T19:34:11.861657+00:00,Others,Others.epublibre,UP,200,703,,
2026-08-28T19:35:12.246036+00:00,Others,Others.epublibre,UP,200,144,,
2026-08-28T19:36:14.038083+00:00,Others,Others.epublibre,UP,200,965,,
2026-08-28T19:37:14.172147+00:00,Others,Others.epublibre,UP,200,183,,
2026-08-28T19:38:15.324039+00:00,Others,Others.epublibre,UP,200,558,,
2026-08-28T19:39:15.987897+00:00,Others,Others.epublibre,UP,200,549,,
2026-08-28T19:40:16.989298+00:00,Others,Others.epublibre,UP,200,569,,
2026-08-28T19:41:18.025374+00:00,Others,Others.epublibre,UP,200,738,,
2026-08-28T19:42:19.351472+00:00,Others,Others.epublibre,UP,200,1159,,
2026-08-28T19:43:19.600701+00:00,Others,Others.epublibre,UP,200,677,,
2026-08-28T19:44:20.147988+00:00,Others,Others.epublibre,UP,200,546,,
2026-08-28T19:45:21.076165+00:00,Others,Others.epublibre,UP,200,581,,
2026-08-28T19:46:22.064368+00:00,Others,Others.epublibre,UP,200,692,,
2026-08-28T19:47:22.960184+00:00,Others,Others.epublibre,UP,200,612,,
2026-08-28T19:48:23.776862+00:00,Others,Others.epublibre,UP,200,584,,
2026-08-28T19:49:24.798734+00:00,Others,Others.epublibre,UP,200,737,,
2026-08-28T19:50:25.691308+00:00,Others,Others.epublibre,UP,200,563,,
2026-08-28T19:51:26.552169+00:00,Others,Others.epublibre,UP,200,691,,
2026-08-28T19:52:27.314062+00:00,Others,Others.epublibre,UP,200,881,,
2026-08-28T19:53:28.329248+00:00,Others,Others.epublibre,UP,200,578,,
2026-08-28T19:54:28.236355+00:00,Others,Others.epublibre,UP,200,147,,
2026-08-28T19:55:29.891626+00:00,Others,Others.epublibre,UP,200,683,,
2026-08-28T19:56:29.852828+00:00,Others,Others.epublibre,UP,200,580,,
2026-08-28T19:57:31.091569+00:00,Others,Others.epublibre,UP,200,609,,
2026-08-28T19:58:31.875408+00:00,Others,Others.epublibre,UP,200,574,,
2026-08-28T19:59:32.515350+00:00,Others,Others.epublibre,UP,200,610,,
2026-08-28T20:00:32.539264+00:00,Others,Others.epublibre,UP,200,570,,
2026-08-28T20:01:33.478747+00:00,Others,Others.epublibre,UP,200,575,,
2026-08-28T20:02:34.377245+00:00,Others,Others.epublibre,UP,200,655,,
2026-08-28T20:03:34.018945+00:00,Others,Others.epublibre,UP,200,589,,
2026-08-28T20:04:35.216594+00:00,Others,Others.epublibre,UP,200,700,,
2026-08-28T20:05:36.041936+00:00,Others,Others.epublibre,UP,200,565,,
2026-08-28T20:06:36.807153+00:00,Others,Others.epublibre,UP,200,571,,
2026-08-28T20:07:37.832591+00:00,Others,Others.epublibre,UP,200,610,,
2026-08-28T20:08:38.620648+00:00,Others,Others.epublibre,UP,200,593,,
2026-08-28T20:09:39.666097+00:00,Others,Others.epublibre,UP,200,550,,
2026-08-28T20:10:40.493352+00:00,Others,Others.epublibre,UP,200,582,,
2026-08-28T20:11:41.556885+00:00,Others,Others.epublibre,UP,200,550,,
2026-08-28T20:12:42.397864+00:00,Others,Others.epublibre,UP,200,559,,
2026-08-28T20:13:43.483491+00:00,Others,Others.epublibre,UP,200,584,,
2026-08-28T20:14:44.448009+00:00,Others,Others.epublibre,UP,200,1180,,
2026-08-28T20:15:45.288533+00:00,Others,Others.epublibre,UP,200,587,,
2026-08-28T20:16:45.020645+00:00,Others,Others.epublibre,UP,200,601,,
2026-08-28T20:17:46.043675+00:00,Others,Others.epublibre,UP,200,825,,
2026-08-28T20:18:45.807839+00:00,Others,Others.epublibre,UP,200,588,,
2026-08-28T20:19:46.741942+00:00,Others,Others.epublibre,UP,200,612,,
2026-08-28T20:20:46.977932+00:00,Others,Others.epublibre,UP,200,152,,
2026-08-28T20:21:48.298214+00:00,Others,Others.epublibre,UP,200,585,,
2026-08-28T20:22:49.106787+00:00,Others,Others.epublibre,UP,200,616,,
2026-08-28T20:23:50.126956+00:00,Others,Others.epublibre,UP,200,552,,
2026-08-28T20:24:50.767562+00:00,Others,Others.epublibre,UP,200,575,,
2026-08-28T20:25:51.800452+00:00,Others,Others.epublibre,UP,200,634,,
2026-08-28T20:26:52.687254+00:00,Others,Others.epublibre,UP,200,715,,
2026-08-28T20:27:53.610309+00:00,Others,Others.epublibre,UP,200,620,,
2026-08-28T20:28:54.249226+00:00,Others,Others.epublibre,UP,200,549,,
2026-08-28T20:29:55.420406+00:00,Others,Others.epublibre,UP,200,569,,
2026-08-28T20:30:56.173985+00:00,Others,Others.epublibre,UP,200,595,,
2026-08-28T20:31:57.047384+00:00,Others,Others.epublibre,UP,200,573,,
2026-08-28T20:32:57.816200+00:00,Others,Others.epublibre,UP,200,543,,
2026-08-28T20:33:58.667583+00:00,Others,Others.epublibre,UP,200,563,,
2026-08-28T20:34:59.710160+00:00,Others,Others.epublibre,UP,200,561,,
2026-08-28T20:36:00.178956+00:00,Others,Others.epublibre,UP,200,625,,
2026-08-28T20:36:59.983068+00:00,Others,Others.epublibre,UP,200,535,,
2026-08-28T20:38:00.835436+00:00,Others,Others.epublibre,UP,200,659,,
2026-08-28T20:39:01.424405+00:00,Others,Others.epublibre,UP,200,654,,
2026-08-28T20:40:01.671381+00:00,Others,Others.epublibre,UP,200,710,,
2026-08-28T20:41:01.907777+00:00,Others,Others.epublibre,UP,200,599,,
2026-08-28T20:42:02.442722+00:00,Others,Others.epublibre,UP,200,140,,
2026-08-28T20:43:03.913759+00:00,Others,Others.epublibre,UP,200,716,,
2026-08-28T20:44:04.149680+00:00,Others,Others.epublibre,UP,200,595,,
2026-08-28T20:45:05.624735+00:00,Others,Others.epublibre,UP,200,790,,
2026-08-28T20:46:05.751431+00:00,Others,Others.epublibre,UP,200,554,,
2026-08-28T20:47:06.473326+00:00,Others,Others.epublibre,UP,200,137,,
2026-08-28T20:48:07.732064+00:00,Others,Others.epublibre,UP,200,743,,
2026-08-28T20:49:08.511946+00:00,Others,Others.epublibre,UP,200,698,,
2026-08-28T20:50:10.811304+00:00,Others,Others.epublibre,UP,200,2012,,
2026-08-28T20:51:10.412038+00:00,Others,Others.epublibre,UP,200,571,,
2026-08-28T20:52:11.500601+00:00,Others,Others.epublibre,UP,200,595,,
2026-08-28T20:53:11.946069+00:00,Others,Others.epublibre,UP,200,577,,
2026-08-28T20:54:11.950678+00:00,Others,Others.epublibre,UP,200,579,,
2026-08-28T20:55:12.870785+00:00,Others,Others.epublibre,UP,200,582,,
2026-08-28T20:56:13.873269+00:00,Others,Others.epublibre,UP,200,543,,
2026-08-28T20:57:14.759611+00:00,Others,Others.epublibre,UP,200,573,,
2026-08-28T20:58:15.612993+00:00,Others,Others.epublibre,UP,200,584,,
2026-08-28T20:59:20.335929+00:00,Others,Others.epublibre,DEGRADED,200,4762,latency_high,
2026-08-28T21:00:16.211122+00:00,Others,Others.epublibre,UP,200,621,,
2026-08-28T21:01:16.938963+00:00,Others,Others.epublibre,UP,200,682,,
2026-08-28T21:02:17.969701+00:00,Others,Others.epublibre,UP,200,573,,
2026-08-28T21:03:18.704607+00:00,Others,Others.epublibre,UP,200,568,,
2026-08-28T21:04:19.547664+00:00,Others,Others.epublibre,UP,200,586,,
2026-08-28T21:05:20.047493+00:00,Others,Others.epublibre,UP,200,607,,
2026-08-28T21:06:20.040474+00:00,Others,Others.epublibre,UP,200,575,,
2026-08-28T21:07:20.962467+00:00,Others,Others.epublibre,UP,200,661,,
2026-08-28T21:08:21.535885+00:00,Others,Others.epublibre,UP,200,556,,
2026-08-28T21:09:22.450215+00:00,Others,Others.epublibre,UP,200,604,,
2026-08-28T21:10:22.876666+00:00,Others,Others.epublibre,UP,200,143,,
2026-08-28T21:11:24.257219+00:00,Others,Others.epublibre,UP,200,560,,
2026-08-28T21:12:24.648652+00:00,Others,Others.epublibre,UP,200,136,,
2026-08-28T21:13:25.894100+00:00,Others,Others.epublibre,UP,200,541,,
2026-08-28T21:14:26.998692+00:00,Others,Others.epublibre,UP,200,562,,
2026-08-28T21:15:27.716483+00:00,Others,Others.epublibre,UP,200,568,,
2026-08-28T21:16:28.647606+00:00,Others,Others.epublibre,UP,200,548,,
2026-08-28T21:17:29.569998+00:00,Others,Others.epublibre,UP,200,591,,
2026-08-28T21:18:29.681571+00:00,Others,Others.epublibre,UP,200,581,,
2026-08-28T21:19:29.617317+00:00,Others,Others.epublibre,UP,200,555,,
2026-08-28T21:20:30.171082+00:00,Others,Others.epublibre,UP,200,631,,
2026-08-28T21:21:30.405065+00:00,Others,Others.epublibre,UP,200,601,,
2026-08-28T21:22:31.463697+00:00,Others,Others.epublibre,UP,200,570,,
2026-08-28T21:23:31.830210+00:00,Others,Others.epublibre,UP,200,610,,
2026-08-28T21:24:31.605747+00:00,Others,Others.epublibre,UP,200,138,,
2026-08-28T21:25:32.279215+00:00,Others,Others.epublibre,UP,200,567,,
2026-08-28T21:26:32.932002+00:00,Others,Others.epublibre,UP,200,554,,
2026-08-28T21:27:33.791267+00:00,Others,Others.epublibre,UP,200,569,,
2026-08-28T21:28:34.574576+00:00,Others,Others.epublibre,UP,200,546,,
2026-08-28T21:29:44.923919+00:00,Others,Others.epublibre,DEGRADED,200,10402,latency_high,
2026-08-28T21:30:35.105134+00:00,Others,Others.epublibre,UP,200,561,,
2026-08-28T21:31:36.143703+00:00,Others,Others.epublibre,UP,200,580,,
2026-08-28T21:32:36.630512+00:00,Others,Others.epublibre,UP,200,615,,
2026-08-28T21:33:37.507134+00:00,Others,Others.epublibre,UP,200,638,,
2026-08-28T21:34:38.245906+00:00,Others,Others.epublibre,UP,200,670,,
2026-08-28T21:35:39.602026+00:00,Others,Others.epublibre,UP,200,781,,
2026-08-28T21:36:39.299916+00:00,Others,Others.epublibre,UP,200,595,,
2026-08-28T21:37:39.994006+00:00,Others,Others.epublibre,UP,200,595,,
2026-08-28T21:38:41.378258+00:00,Others,Others.epublibre,UP,200,618,,
2026-08-28T21:39:41.166186+00:00,Others,Others.epublibre,UP,200,547,,
2026-08-28T21:40:42.120107+00:00,Others,Others.epublibre,UP,200,574,,
2026-08-28T21:41:43.210335+00:00,Others,Others.epublibre,UP,200,729,,
2026-08-28T21:42:44.124104+00:00,Others,Others.epublibre,UP,200,586,,
2026-08-28T21:43:44.731935+00:00,Others,Others.epublibre,UP,200,566,,
2026-08-28T21:44:45.546113+00:00,Others,Others.epublibre,UP,200,539,,
2026-08-28T21:45:46.244856+00:00,Others,Others.epublibre,UP,200,131,,
2026-08-28T21:46:47.043207+00:00,Others,Others.epublibre,UP,200,262,,
2026-08-28T21:47:48.496434+00:00,Others,Others.epublibre,UP,200,546,,
2026-08-28T21:48:48.956543+00:00,Others,Others.epublibre,UP,200,562,,
2026-08-28T21:49:50.247301+00:00,Others,Others.epublibre,UP,200,581,,
2026-08-28T21:50:51.088647+00:00,Others,Others.epublibre,UP,200,583,,
2026-08-28T21:51:51.834344+00:00,Others,Others.epublibre,UP,200,558,,
2026-08-28T21:52:52.765581+00:00,Others,Others.epublibre,UP,200,549,,
2026-08-28T21:53:53.640589+00:00,Others,Others.epublibre,UP,200,583,,
2026-08-28T21:55:00.373897+00:00,Others,Others.epublibre,DEGRADED,200,6500,latency_high,
2026-08-28T21:55:55.470862+00:00,Others,Others.epublibre,UP,200,568,,
2026-08-28T21:56:56.439442+00:00,Others,Others.epublibre,UP,200,672,,
2026-08-28T21:57:57.166583+00:00,Others,Others.epublibre,UP,200,133,,
2026-08-28T21:58:57.877007+00:00,Others,Others.epublibre,UP,200,545,,
2026-08-28T21:59:58.923731+00:00,Others,Others.epublibre,UP,200,574,,
2026-08-28T22:00:59.888393+00:00,Others,Others.epublibre,UP,200,594,,
2026-08-28T22:01:59.890492+00:00,Others,Others.epublibre,UP,200,712,,
2026-08-28T22:03:00.861053+00:00,Others,Others.epublibre,UP,200,810,,
2026-08-28T22:04:01.046892+00:00,Others,Others.epublibre,UP,200,968,,
2026-08-28T22:05:02.302015+00:00,Others,Others.epublibre,UP,200,881,,
2026-08-28T22:06:01.786217+00:00,Others,Others.epublibre,UP,200,145,,
2026-08-28T22:07:03.551226+00:00,Others,Others.epublibre,UP,200,719,,
2026-08-28T22:08:04.226097+00:00,Others,Others.epublibre,UP,200,637,,
2026-08-28T22:09:03.850775+00:00,Others,Others.epublibre,UP,200,580,,
2026-08-28T22:10:05.296940+00:00,Others,Others.epublibre,UP,200,560,,
2026-08-28T22:11:04.871857+00:00,Others,Others.epublibre,UP,200,564,,
2026-08-28T22:12:05.780150+00:00,Others,Others.epublibre,UP,200,551,,
2026-08-28T22:13:06.128298+00:00,Others,Others.epublibre,UP,200,659,,
2026-08-28T22:14:06.078518+00:00,Others,Others.epublibre,UP,200,565,,
2026-08-28T22:15:07.345089+00:00,Others,Others.epublibre,UP,200,730,,
2026-08-28T22:16:07.334019+00:00,Others,Others.epublibre,UP,200,590,,
2026-08-28T22:17:08.522921+00:00,Others,Others.epublibre,UP,200,595,,
2026-08-28T22:18:09.408411+00:00,Others,Others.epublibre,UP,200,584,,
2026-08-28T22:19:10.249064+00:00,Others,Others.epublibre,UP,200,566,,
2026-08-28T22:20:11.152734+00:00,Others,Others.epublibre,UP,200,547,,
2026-08-28T22:21:12.175169+00:00,Others,Others.epublibre,UP,200,565,,
2026-08-28T22:22:12.147537+00:00,Others,Others.epublibre,UP,200,556,,
2026-08-28T22:23:12.793849+00:00,Others,Others.epublibre,UP,200,677,,
2026-08-28T22:24:12.554526+00:00,Others,Others.epublibre,UP,200,555,,
2026-08-28T22:25:13.804868+00:00,Others,Others.epublibre,UP,200,702,,
2026-08-28T22:26:14.706944+00:00,Others,Others.epublibre,UP,200,576,,
2026-08-28T22:27:15.568922+00:00,Others,Others.epublibre,UP,200,576,,
2026-08-28T22:28:16.542996+00:00,Others,Others.epublibre,UP,200,682,,
2026-08-28T22:29:16.497121+00:00,Others,Others.epublibre,UP,200,725,,
2026-08-28T22:30:17.319865+00:00,Others,Others.epublibre,UP,200,673,,
2026-08-28T22:31:17.258515+00:00,Others,Others.epublibre,UP,200,556,,
2026-08-28T22:32:18.188073+00:00,Others,Others.epublibre,UP,200,562,,
2026-08-28T22:33:18.650823+00:00,Others,Others.epublibre,UP,200,136,,
2026-08-28T22:34:30.579624+00:00,Others,Others.epublibre,DEGRADED,200,12101,latency_high,
2026-08-28T22:35:19.999593+00:00,Others,Others.epublibre,UP,200,589,,
2026-08-28T22:36:20.898455+00:00,Others,Others.epublibre,UP,200,558,,
2026-08-28T22:37:20.832618+00:00,Others,Others.epublibre,UP,200,268,,
2026-08-28T22:38:22.223312+00:00,Others,Others.epublibre,UP,200,643,,
2026-08-28T22:39:22.464771+00:00,Others,Others.epublibre,UP,200,571,,
2026-08-28T22:40:23.264219+00:00,Others,Others.epublibre,UP,200,734,,
2026-08-28T22:41:24.679413+00:00,Others,Others.epublibre,UP,200,1251,,
2026-08-28T22:42:24.797619+00:00,Others,Others.epublibre,UP,200,584,,
2026-08-28T22:43:25.852608+00:00,Others,Others.epublibre,UP,200,700,,
2026-08-28T22:44:26.397887+00:00,Others,Others.epublibre,UP,200,566,,
2026-08-28T22:45:27.562528+00:00,Others,Others.epublibre,UP,200,576,,
2026-08-28T22:46:28.124088+00:00,Others,Others.epublibre,UP,200,135,,
2026-08-28T22:47:29.226671+00:00,Others,Others.epublibre,UP,200,572,,
2026-08-28T22:48:29.226780+00:00,Others,Others.epublibre,UP,200,556,,
2026-08-28T22:49:29.254610+00:00,Others,Others.epublibre,UP,200,146,,
2026-08-28T22:50:30.916712+00:00,Others,Others.epublibre,UP,200,627,,
2026-08-28T22:51:30.898978+00:00,Others,Others.epublibre,UP,200,622,,
2026-08-28T22:52:31.181034+00:00,Others,Others.epublibre,UP,200,537,,
2026-08-28T22:53:31.820994+00:00,Others,Others.epublibre,UP,200,560,,
2026-08-28T22:54:31.951642+00:00,Others,Others.epublibre,UP,200,571,,
2026-08-28T22:55:31.927165+00:00,Others,Others.epublibre,UP,200,719,,
2026-08-28T22:56:32.916684+00:00,Others,Others.epublibre,UP,200,610,,
2026-08-28T22:57:35.043522+00:00,Others,Others.epublibre,UP,200,1957,,
2026-08-28T22:58:34.624910+00:00,Others,Others.epublibre,UP,200,700,,
2026-08-28T22:59:35.576919+00:00,Others,Others.epublibre,UP,200,531,,
2026-08-28T23:00:35.014524+00:00,Others,Others.epublibre,UP,200,131,,
2026-08-28T23:01:36.180096+00:00,Others,Others.epublibre,UP,200,257,,
2026-08-28T23:02:36.630665+00:00,Others,Others.epublibre,UP,200,711,,
2026-08-28T23:03:36.998308+00:00,Others,Others.epublibre,UP,200,637,,
2026-08-28T23:04:37.117529+00:00,Others,Others.epublibre,UP,200,581,,
2026-08-28T23:05:38.046456+00:00,Others,Others.epublibre,UP,200,545,,
2026-08-28T23:06:38.797431+00:00,Others,Others.epublibre,UP,200,565,,
2026-08-28T23:07:39.477335+00:00,Others,Others.epublibre,UP,200,140,,
2026-08-28T23:08:40.712124+00:00,Others,Others.epublibre,UP,200,133,,
2026-08-28T23:09:40.887746+00:00,Others,Others.epublibre,UP,200,549,,
2026-08-28T23:10:41.115132+00:00,Others,Others.epublibre,UP,200,593,,
2026-08-28T23:11:42.341428+00:00,Others,Others.epublibre,UP,200,588,,
2026-08-28T23:12:42.567510+00:00,Others,Others.epublibre,UP,200,599,,
2026-08-28T23:13:43.496861+00:00,Others,Others.epublibre,UP,200,562,,
2026-08-28T23:14:43.806548+00:00,Others,Others.epublibre,UP,200,640,,
2026-08-28T23:15:43.860624+00:00,Others,Others.epublibre,UP,200,543,,
2026-08-28T23:16:44.736075+00:00,Others,Others.epublibre,UP,200,566,,
2026-08-28T23:17:45.612543+00:00,Others,Others.epublibre,UP,200,567,,
2026-08-28T23:18:46.630240+00:00,Others,Others.epublibre,UP,200,571,,
2026-08-28T23:19:47.552040+00:00,Others,Others.epublibre,UP,200,764,,
2026-08-28T23:20:48.126261+00:00,Others,Others.epublibre,UP,200,680,,
2026-08-28T23:21:49.086111+00:00,Others,Others.epublibre,UP,200,545,,
2026-08-28T23:22:50.274758+00:00,Others,Others.epublibre,UP,200,571,,
2026-08-28T23:23:51.134237+00:00,Others,Others.epublibre,UP,200,568,,
2026-08-28T23:24:52.149074+00:00,Others,Others.epublibre,UP,200,555,,
2026-08-28T23:25:52.015119+00:00,Others,Others.epublibre,UP,200,554,,
2026-08-28T23:26:52.689009+00:00,Others,Others.epublibre,UP,200,538,,
2026-08-28T23:27:54.018698+00:00,Others,Others.epublibre,UP,200,568,,
2026-08-28T23:28:54.381388+00:00,Others,Others.epublibre,UP,200,572,,
2026-08-28T23:29:55.026159+00:00,Others,Others.epublibre,UP,200,663,,
2026-08-28T23:30:55.729812+00:00,Others,Others.epublibre,UP,200,1131,,
2026-08-28T23:31:55.955969+00:00,Others,Others.epublibre,UP,200,576,,
2026-08-28T23:32:56.105430+00:00,Others,Others.epublibre,UP,200,567,,
2026-08-28T23:33:56.932547+00:00,Others,Others.epublibre,UP,200,563,,
2026-08-28T23:34:57.657250+00:00,Others,Others.epublibre,UP,200,639,,
2026-08-28T23:35:57.805906+00:00,Others,Others.epublibre,UP,200,571,,
2026-08-28T23:36:58.440881+00:00,Others,Others.epublibre,UP,200,564,,
2026-08-28T23:37:59.125913+00:00,Others,Others.epublibre,UP,200,582,,
2026-08-28T23:38:59.187043+00:00,Others,Others.epublibre,UP,200,575,,
2026-08-28T23:39:59.673139+00:00,Others,Others.epublibre,UP,200,596,,
2026-08-28T23:41:00.940250+00:00,Others,Others.epublibre,UP,200,793,,
2026-08-28T23:42:00.723746+00:00,Others,Others.epublibre,UP,200,564,,
2026-08-28T23:43:01.434129+00:00,Others,Others.epublibre,UP,200,133,,
2026-08-28T23:44:02.718873+00:00,Others,Others.epublibre,UP,200,610,,
2026-08-28T23:45:04.010588+00:00,Others,Others.epublibre,UP,200,580,,
2026-08-28T23:46:03.821912+00:00,Others,Others.epublibre,UP,200,551,,
2026-08-28T23:47:04.095451+00:00,Others,Others.epublibre,UP,200,599,,
2026-08-28T23:48:03.928411+00:00,Others,Others.epublibre,UP,200,546,,
2026-08-28T23:49:04.687138+00:00,Others,Others.epublibre,UP,200,570,,
2026-08-28T23:50:05.749628+00:00,Others,Others.epublibre,UP,200,682,,
2026-08-28T23:51:05.731556+00:00,Others,Others.epublibre,UP,200,580,,
2026-08-28T23:52:06.476148+00:00,Others,Others.epublibre,UP,200,567,,
2026-08-28T23:53:07.463797+00:00,Others,Others.epublibre,UP,200,583,,
2026-08-28T23:54:08.440044+00:00,Others,Others.epublibre,UP,200,553,,
2026-08-28T23:55:09.673958+00:00,Others,Others.epublibre,UP,200,569,,
2026-08-28T23:56:10.584961+00:00,Others,Others.epublibre,UP,200,702,,
2026-08-28T23:57:09.997596+00:00,Others,Others.epublibre,UP,200,143,,
2026-08-28T23:58:11.362767+00:00,Others,Others.epublibre,UP,200,566,,
2026-08-28T23:59:12.041253+00:00,Others,Others.epublibre,UP,200,557,,
2026-08-29T00:00:13.690533+00:00,Others,Others.epublibre,UP,200,738,,
2026-08-29T00:01:13.840891+00:00,Others,Others.epublibre,UP,200,557,,
2026-08-29T00:02:13.932205+00:00,Others,Others.epublibre,UP,200,659,,
2026-08-29T00:03:14.903743+00:00,Others,Others.epublibre,UP,200,611,,
2026-08-29T00:04:16.088729+00:00,Others,Others.epublibre,UP,200,627,,
2026-08-29T00:05:15.877255+00:00,Others,Others.epublibre,UP,200,616,,
2026-08-29T00:06:17.193052+00:00,Others,Others.epublibre,UP,200,544,,
2026-08-29T00:07:16.681918+00:00,Others,Others.epublibre,UP,200,137,,
2026-08-29T00:08:17.369590+00:00,Others,Others.epublibre,UP,200,610,,
2026-08-29T00:09:18.364655+00:00,Others,Others.epublibre,UP,200,585,,
2026-08-29T00:10:18.267718+00:00,Others,Others.epublibre,UP,200,135,,
2026-08-29T00:11:18.423232+00:00,Others,Others.epublibre,UP,200,635,,
2026-08-29T00:12:19.140927+00:00,Others,Others.epublibre,UP,200,661,,
2026-08-29T00:13:19.020305+00:00,Others,Others.epublibre,UP,200,579,,
2026-08-29T00:14:20.144885+00:00,Others,Others.epublibre,UP,200,559,,
2026-08-29T00:15:20.906011+00:00,Others,Others.epublibre,UP,200,552,,
2026-08-29T00:16:21.769200+00:00,Others,Others.epublibre,UP,200,571,,
2026-08-29T00:17:21.825721+00:00,Others,Others.epublibre,UP,200,561,,
2026-08-29T00:18:22.762665+00:00,Others,Others.epublibre,UP,200,564,,
2026-08-29T00:19:24.114170+00:00,Others,Others.epublibre,UP,200,669,,
2026-08-29T00:20:24.309875+00:00,Others,Others.epublibre,UP,200,785,,
2026-08-29T00:21:24.375674+00:00,Others,Others.epublibre,UP,200,571,,
2026-08-29T00:22:25.195809+00:00,Others,Others.epublibre,UP,200,550,,
2026-08-29T00:23:26.227270+00:00,Others,Others.epublibre,UP,200,571,,
2026-08-29T00:24:27.076793+00:00,Others,Others.epublibre,UP,200,607,,
2026-08-29T00:25:27.920880+00:00,Others,Others.epublibre,UP,200,574,,
2026-08-29T00:26:28.908471+00:00,Others,Others.epublibre,UP,200,563,,
2026-08-29T00:27:29.741493+00:00,Others,Others.epublibre,UP,200,597,,
2026-08-29T00:28:30.833825+00:00,Others,Others.epublibre,UP,200,720,,
2026-08-29T00:29:30.871463+00:00,Others,Others.epublibre,UP,200,702,,
2026-08-29T00:30:31.198816+00:00,Others,Others.epublibre,UP,200,139,,
2026-08-29T00:31:31.824142+00:00,Others,Others.epublibre,UP,200,139,,
2026-08-29T00:32:32.112588+00:00,Others,Others.epublibre,UP,200,566,,
2026-08-29T00:33:33.089505+00:00,Others,Others.epublibre,UP,200,580,,
2026-08-29T00:34:34.113833+00:00,Others,Others.epublibre,UP,200,552,,
2026-08-29T00:35:34.790781+00:00,Others,Others.epublibre,UP,200,569,,
2026-08-29T00:36:35.620001+00:00,Others,Others.epublibre,UP,200,537,,
2026-08-29T00:37:36.157788+00:00,Others,Others.epublibre,UP,200,135,,
2026-08-29T00:38:37.032180+00:00,Others,Others.epublibre,UP,200,138,,
2026-08-29T00:39:38.418827+00:00,Others,Others.epublibre,UP,200,568,,
2026-08-29T00:40:39.141395+00:00,Others,Others.epublibre,UP,200,593,,
2026-08-29T00:41:39.043459+00:00,Others,Others.epublibre,UP,200,561,,
2026-08-29T00:42:39.544497+00:00,Others,Others.epublibre,UP,200,138,,
2026-08-29T00:43:40.642212+00:00,Others,Others.epublibre,UP,200,627,,
2026-08-29T00:44:41.027673+00:00,Others,Others.epublibre,UP,200,567,,
2026-08-29T00:45:41.181648+00:00,Others,Others.epublibre,UP,200,599,,
2026-08-29T00:46:42.527513+00:00,Others,Others.epublibre,UP,200,655,,
2026-08-29T00:47:42.075115+00:00,Others,Others.epublibre,UP,200,136,,
2026-08-29T00:48:43.682053+00:00,Others,Others.epublibre,UP,200,587,,
2026-08-29T00:49:44.453345+00:00,Others,Others.epublibre,UP,200,565,,
2026-08-29T00:50:45.219894+00:00,Others,Others.epublibre,UP,200,611,,
2026-08-29T00:51:46.006206+00:00,Others,Others.epublibre,UP,200,552,,
2026-08-29T00:52:47.192834+00:00,Others,Others.epublibre,UP,200,573,,
2026-08-29T00:53:47.978546+00:00,Others,Others.epublibre,UP,200,558,,
2026-08-29T00:54:48.800204+00:00,Others,Others.epublibre,UP,200,547,,
2026-08-29T00:55:49.857757+00:00,Others,Others.epublibre,UP,200,686,,
2026-08-29T00:56:50.864540+00:00,Others,Others.epublibre,UP,200,577,,
2026-08-29T00:57:50.763852+00:00,Others,Others.epublibre,UP,200,570,,
2026-08-29T00:58:50.856373+00:00,Others,Others.epublibre,UP,200,537,,
2026-08-29T00:59:51.631546+00:00,Others,Others.epublibre,UP,200,572,,
2026-08-29T01:00:52.188539+00:00,Others,Others.epublibre,UP,200,596,,
2026-08-29T01:01:52.475755+00:00,Others,Others.epublibre,UP,200,620,,
2026-08-29T01:02:53.548483+00:00,Others,Others.epublibre,UP,200,564,,
2026-08-29T01:03:54.191716+00:00,Others,Others.epublibre,UP,200,537,,
2026-08-29T01:04:55.164841+00:00,Others,Others.epublibre,UP,200,550,,
2026-08-29T01:05:55.996364+00:00,Others,Others.epublibre,UP,200,560,,
2026-08-29T01:06:56.892785+00:00,Others,Others.epublibre,UP,200,581,,
2026-08-29T01:07:57.725914+00:00,Others,Others.epublibre,UP,200,636,,
2026-08-29T01:08:58.087444+00:00,Others,Others.epublibre,UP,200,564,,
2026-08-29T01:09:58.968236+00:00,Others,Others.epublibre,UP,200,565,,
2026-08-29T01:10:59.556138+00:00,Others,Others.epublibre,UP,200,603,,
2026-08-29T01:11:59.587674+00:00,Others,Others.epublibre,UP,200,553,,
2026-08-29T01:12:59.248760+00:00,Others,Others.epublibre,UP,200,138,,
2026-08-29T01:14:00.765954+00:00,Others,Others.epublibre,UP,200,710,,
2026-08-29T01:15:00.157575+00:00,Others,Others.epublibre,UP,200,141,,
2026-08-29T01:16:01.946458+00:00,Others,Others.epublibre,UP,200,602,,
2026-08-29T01:17:02.575907+00:00,Others,Others.epublibre,UP,200,578,,
2026-08-29T01:18:03.611689+00:00,Others,Others.epublibre,UP,200,627,,
2026-08-29T01:19:04.205520+00:00,Others,Others.epublibre,UP,200,651,,
2026-08-29T01:20:04.796070+00:00,Others,Others.epublibre,UP,200,720,,
2026-08-29T01:21:04.302653+00:00,Others,Others.epublibre,UP,200,549,,
2026-08-29T01:22:04.415904+00:00,Others,Others.epublibre,UP,200,550,,
2026-08-29T01:23:05.092549+00:00,Others,Others.epublibre,UP,200,610,,
2026-08-29T01:24:04.804183+00:00,Others,Others.epublibre,UP,200,553,,
2026-08-29T01:25:05.259388+00:00,Others,Others.epublibre,UP,200,568,,
2026-08-29T01:26:05.364447+00:00,Others,Others.epublibre,UP,200,624,,
2026-08-29T01:27:06.778068+00:00,Others,Others.epublibre,UP,200,657,,
2026-08-29T01:28:05.967038+00:00,Others,Others.epublibre,UP,200,134,,
2026-08-29T01:29:06.649975+00:00,Others,Others.epublibre,UP,200,576,,
2026-08-29T01:30:07.735862+00:00,Others,Others.epublibre,UP,200,634,,
2026-08-29T01:31:08.070451+00:00,Others,Others.epublibre,UP,200,142,,
2026-08-29T01:32:09.370353+00:00,Others,Others.epublibre,UP,200,648,,
2026-08-29T01:33:09.317822+00:00,Others,Others.epublibre,UP,200,553,,
2026-08-29T01:34:09.254733+00:00,Others,Others.epublibre,UP,200,566,,
2026-08-29T01:35:10.498351+00:00,Others,Others.epublibre,UP,200,548,,
2026-08-29T01:36:10.797780+00:00,Others,Others.epublibre,UP,200,607,,
2026-08-29T01:37:11.961164+00:00,Others,Others.epublibre,UP,200,592,,
2026-08-29T01:38:11.558649+00:00,Others,Others.epublibre,UP,200,265,,
2026-08-29T01:39:12.838332+00:00,Others,Others.epublibre,UP,200,570,,
2026-08-29T01:40:13.802336+00:00,Others,Others.epublibre,UP,200,556,,
2026-08-29T01:41:14.470318+00:00,Others,Others.epublibre,UP,200,136,,
2026-08-29T01:42:15.712519+00:00,Others,Others.epublibre,UP,200,575,,
2026-08-29T01:43:16.917491+00:00,Others,Others.epublibre,UP,200,529,,
2026-08-29T01:44:17.554559+00:00,Others,Others.epublibre,UP,200,540,,
2026-08-29T01:45:17.549763+00:00,Others,Others.epublibre,UP,200,585,,
2026-08-29T01:46:17.711491+00:00,Others,Others.epublibre,UP,200,579,,
2026-08-29T01:47:17.979754+00:00,Others,Others.epublibre,UP,200,600,,
2026-08-29T01:48:19.077620+00:00,Others,Others.epublibre,UP,200,599,,
2026-08-29T01:49:20.243187+00:00,Others,Others.epublibre,UP,200,623,,
2026-08-29T01:50:20.521918+00:00,Others,Others.epublibre,UP,200,554,,
2026-08-29T01:51:20.387129+00:00,Others,Others.epublibre,UP,200,598,,
2026-08-29T01:52:21.760439+00:00,Others,Others.epublibre,UP,200,578,,
2026-08-29T01:53:22.403605+00:00,Others,Others.epublibre,UP,200,550,,
2026-08-29T01:54:23.162493+00:00,Others,Others.epublibre,UP,200,539,,
2026-08-29T01:55:24.271114+00:00,Others,Others.epublibre,UP,200,607,,
2026-08-29T01:56:25.083368+00:00,Others,Others.epublibre,UP,200,569,,
2026-08-29T01:57:25.595263+00:00,Others,Others.epublibre,UP,200,634,,
