timestamp,site_id,domain_id,domain_status,http_status,latency_ms,failure_type,protection_type
2026-08-31T01:58:27.595449+00:00,LibGen,LibGen.bz,UP,200,799,,
2026-08-31T01:59:28.349111+00:00,LibGen,LibGen.bz,UP,200,691,,
2026-08-31T02:00:29.023534+00:00,LibGen,LibGen.bz,UP,200,881,,
2026-08-31T02:01:29.820704+00:00,LibGen,LibGen.bz,UP,200,1812,,
2026-08-31T02:02:28.656143+00:00,LibGen,LibGen.bz,UP,200,241,,
2026-08-31T02:03:29.739501+00:00,LibGen,LibGen.bz,UP,200,1105,,
2026-08-31T02:04:49.866810+00:00,LibGen,LibGen.bz,DOWN,,,connection_refused,
2026-08-31T02:05:30.382892+00:00,LibGen,LibGen.bz,UP,200,867,,
2026-08-31T02:06:31.111007+00:00,LibGen,LibGen.bz,UP,200,913,,
2026-08-31T02:07:51.356891+00:00,LibGen,LibGen.bz,DOWN,,,connection_refused,
2026-08-31T02:08:31.320001+00:00,LibGen,LibGen.bz,UP,200,769,,
2026-08-31T02:09:31.338816+00:00,LibGen,LibGen.bz,UP,200,317,,
2026-08-31T02:10:32.708835+00:00,LibGen,LibGen.bz,UP,200,740,,
2026-08-31T02:11:33.457651+00:00,LibGen,LibGen.bz,UP,200,851,,
2026-08-31T02:12:33.928711+00:00,LibGen,LibGen.bz,UP,200,833,,
2026-08-31T02:13:34.782178+00:00,LibGen,LibGen.bz,UP,200,640,,
2026-08-31T02:14:34.729479+00:00,LibGen,LibGen.bz,UP,200,750,,
2026-08-31T02:15:34.608004+00:00,LibGen,LibGen.bz,UP,200,783,,
2026-08-31T02:16:34.633311+00:00,LibGen,LibGen.bz,UP,200,862,,
2026-08-31T02:17:35.536501+00:00,LibGen,LibGen.bz,UP,200,1124,,
2026-08-31T02:18:35.533575+00:00,LibGen,LibGen.bz,UP,200,800,,
2026-08-31T02:19:39.116674+00:00,LibGen,LibGen.bz,DEGRADED,200,4112,latency_high,
2026-08-31T02:20:35.619941+00:00,LibGen,LibGen.bz,UP,200,641,,
2026-08-31T02:21:36.152004+00:00,LibGen,LibGen.bz,UP,200,951,,
2026-08-31T02:22:36.902856+00:00,LibGen,LibGen.bz,UP,200,917,,
2026-08-31T02:23:36.979955+00:00,LibGen,LibGen.bz,UP,200,1111,,
2026-08-31T02:24:38.310916+00:00,LibGen,LibGen.bz,UP,200,1200,,
2026-08-31T02:25:37.247108+00:00,LibGen,LibGen.bz,UP,200,1098,,
2026-08-31T02:26:38.128389+00:00,LibGen,LibGen.bz,UP,200,758,,
2026-08-31T02:27:38.754258+00:00,LibGen,LibGen.bz,UP,200,1155,,
2026-08-31T02:28:39.552233+00:00,LibGen,LibGen.bz,UP,200,744,,
2026-08-31T02:29:43.750458+00:00,LibGen,LibGen.bz,DEGRADED,200,3864,latency_high,
2026-08-31T02:30:39.104649+00:00,LibGen,LibGen.bz,UP,200,254,,
2026-08-31T02:31:39.975526+00:00,LibGen,LibGen.bz,UP,200,626,,
2026-08-31T02:32:40.536937+00:00,LibGen,LibGen.bz,UP,200,631,,
2026-08-31T02:33:41.714497+00:00,LibGen,LibGen.bz,UP,200,801,,
2026-08-31T02:34:42.176548+00:00,LibGen,LibGen.bz,UP,200,759,,
2026-08-31T02:35:42.267893+00:00,LibGen,LibGen.bz,UP,200,299,,
2026-08-31T02:36:42.982077+00:00,LibGen,LibGen.bz,UP,200,811,,
2026-08-31T02:37:43.538477+00:00,LibGen,LibGen.bz,UP,200,1188,,
2026-08-31T02:38:43.637154+00:00,LibGen,LibGen.bz,UP,200,779,,
2026-08-31T02:39:44.544057+00:00,LibGen,LibGen.bz,UP,200,712,,
2026-08-31T02:40:44.608853+00:00,LibGen,LibGen.bz,UP,200,895,,
2026-08-31T02:41:44.397477+00:00,LibGen,LibGen.bz,UP,200,736,,
2026-08-31T02:42:45.019465+00:00,LibGen,LibGen.bz,UP,200,724,,
2026-08-31T02:43:45.185959+00:00,LibGen,LibGen.bz,UP,200,627,,
2026-08-31T02:44:46.400270+00:00,LibGen,LibGen.bz,UP,200,688,,
2026-08-31T02:45:46.796500+00:00,LibGen,LibGen.bz,UP,200,742,,
2026-08-31T02:46:45.733681+00:00,LibGen,LibGen.bz,UP,200,632,,
2026-08-31T02:47:46.351145+00:00,LibGen,LibGen.bz,UP,200,752,,
2026-08-31T02:48:47.298994+00:00,LibGen,LibGen.bz,UP,200,1236,,
2026-08-31T02:49:48.591582+00:00,LibGen,LibGen.bz,UP,200,710,,
2026-08-31T02:50:48.173709+00:00,LibGen,LibGen.bz,UP,200,1042,,
2026-08-31T02:51:47.905540+00:00,LibGen,LibGen.bz,UP,200,897,,
2026-08-31T02:52:48.316295+00:00,LibGen,LibGen.bz,UP,200,855,,
2026-08-31T02:53:48.120019+00:00,LibGen,LibGen.bz,UP,200,723,,
2026-08-31T02:54:48.572983+00:00,LibGen,LibGen.bz,UP,200,702,,
2026-08-31T02:55:48.729427+00:00,LibGen,LibGen.bz,UP,200,681,,
2026-08-31T02:56:49.215728+00:00,LibGen,LibGen.bz,UP,200,747,,
2026-08-31T02:57:50.364359+00:00,LibGen,LibGen.bz,UP,200,749,,
2026-08-31T02:58:50.066153+00:00,LibGen,LibGen.bz,UP,200,780,,
2026-08-31T02:59:49.739953+00:00,LibGen,LibGen.bz,UP,200,601,,
2026-08-31T03:00:49.555474+00:00,LibGen,LibGen.bz,UP,200,699,,
2026-08-31T03:01:50.187511+00:00,LibGen,LibGen.bz,UP,200,812,,
2026-08-31T03:02:50.218409+00:00,LibGen,LibGen.bz,UP,200,724,,
2026-08-31T03:03:50.399156+00:00,LibGen,LibGen.bz,UP,200,263,,
2026-08-31T03:04:50.991679+00:00,LibGen,LibGen.bz,UP,200,1124,,
2026-08-31T03:05:50.617267+00:00,LibGen,LibGen.bz,UP,200,790,,
2026-08-31T03:06:51.373136+00:00,LibGen,LibGen.bz,UP,200,844,,
2026-08-31T03:07:51.973127+00:00,LibGen,LibGen.bz,UP,200,1187,,
2026-08-31T03:08:53.568782+00:00,LibGen,LibGen.bz,UP,200,1711,,
2026-08-31T03:09:52.870062+00:00,LibGen,LibGen.bz,UP,200,645,,
2026-08-31T03:11:11.873757+00:00,LibGen,LibGen.bz,TIMEOUT,,,timeout,
2026-08-31T03:12:12.706987+00:00,LibGen,LibGen.bz,TIMEOUT,,,timeout,
2026-08-31T03:12:52.935926+00:00,LibGen,LibGen.bz,DOWN,500,782,http_error,
2026-08-31T03:13:54.130474+00:00,LibGen,LibGen.bz,UP,200,1414,,
2026-08-31T03:14:54.280698+00:00,LibGen,LibGen.bz,UP,200,825,,
2026-08-31T03:15:54.495478+00:00,LibGen,LibGen.bz,UP,200,807,,
2026-08-31T03:17:15.926257+00:00,LibGen,LibGen.bz,DOWN,,,connection_refused,
2026-08-31T03:17:55.051792+00:00,LibGen,LibGen.bz,UP,200,730,,
2026-08-31T03:18:56.149452+00:00,LibGen,LibGen.bz,UP,200,828,,
2026-08-31T03:19:56.745721+00:00,LibGen,LibGen.bz,UP,200,1161,,
2026-08-31T03:20:56.554761+00:00,LibGen,LibGen.bz,UP,200,981,,
2026-08-31T03:21:56.747548+00:00,LibGen,LibGen.bz,UP,200,803,,
2026-08-31T03:22:57.611466+00:00,LibGen,LibGen.bz,UP,200,700,,
2026-08-31T03:23:57.717741+00:00,LibGen,LibGen.bz,UP,200,1077,,
2026-08-31T03:24:57.917297+00:00,LibGen,LibGen.bz,UP,200,785,,
2026-08-31T03:25:57.916131+00:00,LibGen,LibGen.bz,UP,200,330,,
2026-08-31T03:26:58.618888+00:00,LibGen,LibGen.bz,UP,200,564,,
2026-08-31T03:27:59.234097+00:00,LibGen,LibGen.bz,UP,200,1032,,
2026-08-31T03:29:00.118428+00:00,LibGen,LibGen.bz,UP,200,1310,,
2026-08-31T03:30:00.413815+00:00,LibGen,LibGen.bz,UP,200,965,,
2026-08-31T03:31:02.617068+00:00,LibGen,LibGen.bz,UP,200,1383,,
2026-08-31T03:32:01.559116+00:00,LibGen,LibGen.bz,UP,200,807,,
2026-08-31T03:33:01.770783+00:00,LibGen,LibGen.bz,UP,200,797,,
2026-08-31T03:34:02.481787+00:00,LibGen,LibGen.bz,UP,200,921,,
2026-08-31T03:35:03.279807+00:00,LibGen,LibGen.bz,UP,200,1256,,
2026-08-31T03:36:04.224464+00:00,LibGen,LibGen.bz,UP,200,1999,,
2026-08-31T03:37:03.674441+00:00,LibGen,LibGen.bz,UP,200,1099,,
2026-08-31T03:38:04.090851+00:00,LibGen,LibGen.bz,UP,200,979,,
2026-08-31T03:39:04.273709+00:00,LibGen,LibGen.bz,UP,200,937,,
2026-08-31T03:40:04.232672+00:00,LibGen,LibGen.bz,UP,200,1239,,
2026-08-31T03:41:04.458404+00:00,LibGen,LibGen.bz,UP,200,751,,
2026-08-31T03:42:04.872016+00:00,LibGen,LibGen.bz,UP,200,811,,
2026-08-31T03:43:08.638432+00:00,LibGen,LibGen.bz,DEGRADED,200,3875,latency_high,
2026-08-31T03:44:05.988222+00:00,LibGen,LibGen.bz,UP,200,677,,
2026-08-31T03:45:07.228623+00:00,LibGen,LibGen.bz,DOWN,500,974,http_error,
2026-08-31T03:46:07.517735+00:00,LibGen,LibGen.bz,UP,200,813,,
2026-08-31T03:47:07.931850+00:00,LibGen,LibGen.bz,UP,200,711,,
2026-08-31T03:48:08.277368+00:00,LibGen,LibGen.bz,UP,200,755,,
2026-08-31T03:49:08.384911+00:00,LibGen,LibGen.bz,UP,200,306,,
2026-08-31T03:50:09.659933+00:00,LibGen,LibGen.bz,UP,200,695,,
2026-08-31T03:51:12.846857+00:00,LibGen,LibGen.bz,DEGRADED,200,3699,latency_high,
2026-08-31T03:52:10.520748+00:00,LibGen,LibGen.bz,UP,200,617,,
2026-08-31T03:53:09.968638+00:00,LibGen,LibGen.bz,UP,200,861,,
2026-08-31T03:54:10.645797+00:00,LibGen,LibGen.bz,UP,200,760,,
2026-08-31T03:55:12.011743+00:00,LibGen,LibGen.bz,UP,200,751,,
2026-08-31T03:56:12.332928+00:00,LibGen,LibGen.bz,UP,200,693,,
2026-08-31T03:57:12.134456+00:00,LibGen,LibGen.bz,UP,200,744,,
2026-08-31T03:58:12.170428+00:00,LibGen,LibGen.bz,UP,200,673,,
2026-08-31T03:59:16.664953+00:00,LibGen,LibGen.bz,UP,200,2687,,
2026-08-31T04:00:13.557152+00:00,LibGen,LibGen.bz,UP,200,937,,
2026-08-31T04:01:13.552267+00:00,LibGen,LibGen.bz,UP,200,241,,
2026-08-31T04:02:14.399690+00:00,LibGen,LibGen.bz,UP,200,846,,
2026-08-31T04:03:14.467162+00:00,LibGen,LibGen.bz,UP,200,703,,
2026-08-31T04:04:15.341898+00:00,LibGen,LibGen.bz,UP,200,1065,,
2026-08-31T04:05:15.133507+00:00,LibGen,LibGen.bz,UP,200,307,,
2026-08-31T04:06:15.562558+00:00,LibGen,LibGen.bz,UP,200,763,,
2026-08-31T04:07:16.312914+00:00,LibGen,LibGen.bz,UP,200,1007,,
2026-08-31T04:08:16.989132+00:00,LibGen,LibGen.bz,UP,200,705,,
2026-08-31T04:09:16.646102+00:00,LibGen,LibGen.bz,UP,200,287,,
2026-08-31T04:10:17.432003+00:00,LibGen,LibGen.bz,UP,200,805,,
2026-08-31T04:11:17.811038+00:00,LibGen,LibGen.bz,UP,200,821,,
2026-08-31T04:12:17.358922+00:00,LibGen,LibGen.bz,DOWN,500,569,http_error,
2026-08-31T04:13:18.556698+00:00,LibGen,LibGen.bz,UP,200,751,,
2026-08-31T04:14:19.712595+00:00,LibGen,LibGen.bz,UP,200,915,,
2026-08-31T04:15:20.474812+00:00,LibGen,LibGen.bz,UP,200,1111,,
2026-08-31T04:16:20.843144+00:00,LibGen,LibGen.bz,UP,200,970,,
2026-08-31T04:17:20.218780+00:00,LibGen,LibGen.bz,UP,200,384,,
2026-08-31T04:18:21.247048+00:00,LibGen,LibGen.bz,UP,200,833,,
2026-08-31T04:19:21.196538+00:00,LibGen,LibGen.bz,UP,200,319,,
2026-08-31T04:20:21.629308+00:00,LibGen,LibGen.bz,UP,200,1148,,
2026-08-31T04:21:21.260867+00:00,LibGen,LibGen.bz,UP,200,681,,
2026-08-31T04:22:23.540976+00:00,LibGen,LibGen.bz,UP,200,1491,,
2026-08-31T04:23:22.544120+00:00,LibGen,LibGen.bz,UP,200,654,,
2026-08-31T04:24:22.844946+00:00,LibGen,LibGen.bz,UP,200,748,,
2026-08-31T04:25:23.596315+00:00,LibGen,LibGen.bz,UP,200,1109,,
2026-08-31T04:26:22.838700+00:00,LibGen,LibGen.bz,UP,200,700,,
2026-08-31T04:27:23.380646+00:00,LibGen,LibGen.bz,UP,200,729,,
2026-08-31T04:28:23.840388+00:00,LibGen,LibGen.bz,UP,200,638,,
2026-08-31T04:29:23.436903+00:00,LibGen,LibGen.bz,UP,200,623,,
2026-08-31T04:30:44.498194+00:00,LibGen,LibGen.bz,DOWN,,,connection_refused,
2026-08-31T04:31:24.670193+00:00,LibGen,LibGen.bz,UP,200,882,,
2026-08-31T04:32:44.629680+00:00,LibGen,LibGen.bz,DOWN,,,connection_refused,
2026-08-31T04:33:25.159393+00:00,LibGen,LibGen.bz,UP,200,1098,,
2026-08-31T04:34:26.133429+00:00,LibGen,LibGen.bz,UP,200,1147,,
2026-08-31T04:35:24.836960+00:00,LibGen,LibGen.bz,DOWN,500,224,http_error,
2026-08-31T04:36:25.990911+00:00,LibGen,LibGen.bz,UP,200,744,,
2026-08-31T04:37:26.355189+00:00,LibGen,LibGen.bz,UP,200,946,,
2026-08-31T04:38:27.159323+00:00,LibGen,LibGen.bz,UP,200,673,,
2026-08-31T04:39:27.943757+00:00,LibGen,LibGen.bz,UP,200,677,,
2026-08-31T04:40:28.691283+00:00,LibGen,LibGen.bz,UP,200,813,,
2026-08-31T04:41:28.746981+00:00,LibGen,LibGen.bz,UP,200,1080,,
2026-08-31T04:42:28.873485+00:00,LibGen,LibGen.bz,UP,200,650,,
2026-08-31T04:43:29.543025+00:00,LibGen,LibGen.bz,UP,200,825,,
2026-08-31T04:44:30.575544+00:00,LibGen,LibGen.bz,UP,200,300,,
2026-08-31T04:45:30.240714+00:00,LibGen,LibGen.bz,UP,200,699,,
2026-08-31T04:46:29.872918+00:00,LibGen,LibGen.bz,UP,200,292,,
2026-08-31T04:47:31.426493+00:00,LibGen,LibGen.bz,UP,200,839,,
2026-08-31T04:48:33.206969+00:00,LibGen,LibGen.bz,UP,200,696,,
2026-08-31T04:49:31.588928+00:00,LibGen,LibGen.bz,UP,200,796,,
2026-08-31T04:50:31.854828+00:00,LibGen,LibGen.bz,UP,200,1377,,
2026-08-31T04:51:31.682222+00:00,LibGen,LibGen.bz,UP,200,739,,
2026-08-31T04:52:33.432386+00:00,LibGen,LibGen.bz,UP,200,1136,,
2026-08-31T04:53:32.315136+00:00,LibGen,LibGen.bz,UP,200,681,,
2026-08-31T04:54:32.393300+00:00,LibGen,LibGen.bz,UP,200,1185,,
2026-08-31T04:55:32.872102+00:00,LibGen,LibGen.bz,UP,200,779,,
2026-08-31T04:56:33.078143+00:00,LibGen,LibGen.bz,UP,200,731,,
2026-08-31T04:57:33.790658+00:00,LibGen,LibGen.bz,UP,200,898,,
2026-08-31T04:58:33.655104+00:00,LibGen,LibGen.bz,UP,200,694,,
2026-08-31T04:59:38.207521+00:00,LibGen,LibGen.bz,DEGRADED,200,4710,latency_high,
2026-08-31T05:00:37.155140+00:00,LibGen,LibGen.bz,UP,200,2958,,
2026-08-31T05:01:35.065639+00:00,LibGen,LibGen.bz,UP,200,773,,
2026-08-31T05:02:55.042713+00:00,LibGen,LibGen.bz,DOWN,,,connection_refused,
2026-08-31T05:03:35.167057+00:00,LibGen,LibGen.bz,UP,200,652,,
2026-08-31T05:04:36.401000+00:00,LibGen,LibGen.bz,UP,200,918,,
2026-08-31T05:05:37.544564+00:00,LibGen,LibGen.bz,UP,200,1875,,
2026-08-31T05:06:39.334255+00:00,LibGen,LibGen.bz,DEGRADED,200,3769,latency_high,
2026-08-31T05:07:36.805582+00:00,LibGen,LibGen.bz,UP,200,295,,
2026-08-31T05:08:37.986469+00:00,LibGen,LibGen.bz,UP,200,590,,
2026-08-31T05:09:38.211274+00:00,LibGen,LibGen.bz,UP,200,686,,
2026-08-31T05:10:38.196576+00:00,LibGen,LibGen.bz,DOWN,,,connection_refused,
2026-08-31T05:11:40.145892+00:00,LibGen,LibGen.bz,UP,200,824,,
2026-08-31T05:12:39.748197+00:00,LibGen,LibGen.bz,UP,200,614,,
2026-08-31T05:13:40.746219+00:00,LibGen,LibGen.bz,UP,200,728,,
2026-08-31T05:14:42.756545+00:00,LibGen,LibGen.bz,UP,200,1982,,
2026-08-31T05:15:43.671232+00:00,LibGen,LibGen.bz,DEGRADED,200,3868,latency_high,
2026-08-31T05:17:00.189696+00:00,LibGen,LibGen.bz,TIMEOUT,,,timeout,
2026-08-31T05:17:56.026066+00:00,LibGen,LibGen.bz,DOWN,500,16069,http_error,
2026-08-31T05:18:42.881449+00:00,LibGen,LibGen.bz,UP,200,1778,,
2026-08-31T05:19:41.341519+00:00,LibGen,LibGen.bz,UP,200,290,,
2026-08-31T05:20:42.452430+00:00,LibGen,LibGen.bz,UP,200,1111,,
2026-08-31T05:21:42.532895+00:00,LibGen,LibGen.bz,UP,200,752,,
2026-08-31T05:22:42.739293+00:00,LibGen,LibGen.bz,UP,200,649,,
2026-08-31T05:23:44.150146+00:00,LibGen,LibGen.bz,UP,200,739,,
2026-08-31T05:25:04.817460+00:00,LibGen,LibGen.bz,DOWN,,,connection_refused,
2026-08-31T05:25:47.486764+00:00,LibGen,LibGen.bz,UP,200,697,,
2026-08-31T05:26:49.145791+00:00,LibGen,LibGen.bz,DEGRADED,200,4091,latency_high,
2026-08-31T05:27:49.209791+00:00,LibGen,LibGen.bz,DEGRADED,200,3070,latency_high,
2026-08-31T05:28:47.466991+00:00,LibGen,LibGen.bz,UP,200,296,,
2026-08-31T05:29:48.626511+00:00,LibGen,LibGen.bz,UP,200,681,,
2026-08-31T05:31:09.210808+00:00,LibGen,LibGen.bz,DOWN,,,connection_refused,
2026-08-31T05:31:48.884238+00:00,LibGen,LibGen.bz,UP,200,726,,
2026-08-31T05:32:49.566548+00:00,LibGen,LibGen.bz,UP,200,939,,
2026-08-31T05:33:49.460395+00:00,LibGen,LibGen.bz,UP,200,698,,
2026-08-31T05:34:52.356978+00:00,LibGen,LibGen.bz,UP,200,725,,
2026-08-31T05:35:50.677944+00:00,LibGen,LibGen.bz,UP,200,376,,
2026-08-31T05:36:53.700498+00:00,LibGen,LibGen.bz,DEGRADED,200,3850,latency_high,
2026-08-31T05:37:53.102309+00:00,LibGen,LibGen.bz,UP,200,1869,,
2026-08-31T05:38:52.555918+00:00,LibGen,LibGen.bz,UP,200,657,,
2026-08-31T05:39:53.060893+00:00,LibGen,LibGen.bz,UP,200,724,,
2026-08-31T05:40:53.154798+00:00,LibGen,LibGen.bz,UP,200,730,,
2026-08-31T05:42:14.537884+00:00,LibGen,LibGen.bz,DOWN,,,connection_refused,
2026-08-31T05:42:54.356197+00:00,LibGen,LibGen.bz,DOWN,500,756,http_error,
2026-08-31T05:43:54.199792+00:00,LibGen,LibGen.bz,DOWN,,,connection_refused,
2026-08-31T05:44:55.574767+00:00,LibGen,LibGen.bz,UP,200,809,,
2026-08-31T05:45:55.024995+00:00,LibGen,LibGen.bz,UP,200,660,,
2026-08-31T05:46:56.631560+00:00,LibGen,LibGen.bz,UP,200,1714,,
2026-08-31T05:48:01.924810+00:00,LibGen,LibGen.bz,DEGRADED,200,6625,latency_high,
2026-08-31T05:48:55.943937+00:00,LibGen,LibGen.bz,UP,200,627,,
2026-08-31T05:49:56.493741+00:00,LibGen,LibGen.bz,UP,200,674,,
2026-08-31T05:50:56.471634+00:00,LibGen,LibGen.bz,UP,200,432,,
2026-08-31T05:51:57.848004+00:00,LibGen,LibGen.bz,UP,200,827,,
2026-08-31T05:53:02.305351+00:00,LibGen,LibGen.bz,UP,200,2885,,
2026-08-31T05:54:00.354424+00:00,LibGen,LibGen.bz,UP,200,1985,,
2026-08-31T05:55:00.891503+00:00,LibGen,LibGen.bz,UP,200,2235,,
2026-08-31T05:56:00.812779+00:00,LibGen,LibGen.bz,UP,200,2119,,
2026-08-31T05:57:02.670614+00:00,LibGen,LibGen.bz,UP,200,2771,,
2026-08-31T05:58:00.640027+00:00,LibGen,LibGen.bz,UP,200,989,,
2026-08-31T05:59:01.109244+00:00,LibGen,LibGen.bz,UP,200,1264,,
2026-08-31T06:00:00.997104+00:00,LibGen,LibGen.bz,UP,200,1078,,
2026-08-31T06:01:00.362667+00:00,LibGen,LibGen.bz,UP,200,351,,
2026-08-31T06:02:01.734541+00:00,LibGen,LibGen.bz,UP,200,681,,
2026-08-31T06:03:02.387554+00:00,LibGen,LibGen.bz,UP,200,716,,
2026-08-31T06:04:02.082091+00:00,LibGen,LibGen.bz,UP,200,850,,
2026-08-31T06:05:02.023111+00:00,LibGen,LibGen.bz,UP,200,1162,,
2026-08-31T06:06:21.828785+00:00,LibGen,LibGen.bz,DOWN,,,connection_refused,
2026-08-31T06:07:02.314509+00:00,LibGen,LibGen.bz,UP,200,890,,
2026-08-31T06:08:03.546496+00:00,LibGen,LibGen.bz,UP,200,807,,
2026-08-31T06:09:03.284019+00:00,LibGen,LibGen.bz,UP,200,993,,
2026-08-31T06:10:04.383544+00:00,LibGen,LibGen.bz,UP,200,1926,,
2026-08-31T06:11:24.118614+00:00,LibGen,LibGen.bz,DOWN,,,connection_refused,
2026-08-31T06:12:03.952212+00:00,LibGen,LibGen.bz,UP,200,840,,
2026-08-31T06:13:05.707519+00:00,LibGen,LibGen.bz,UP,200,2137,,
2026-08-31T06:14:03.426345+00:00,LibGen,LibGen.bz,UP,200,647,,
2026-08-31T06:15:07.622008+00:00,LibGen,LibGen.bz,DEGRADED,200,3887,latency_high,
2026-08-31T06:16:07.795680+00:00,LibGen,LibGen.bz,DEGRADED,200,4024,latency_high,
2026-08-31T06:17:05.033521+00:00,LibGen,LibGen.bz,UP,200,755,,
2026-08-31T06:18:07.878779+00:00,LibGen,LibGen.bz,UP,200,851,,
2026-08-31T06:19:06.061690+00:00,LibGen,LibGen.bz,UP,200,767,,
2026-08-31T06:20:08.070453+00:00,LibGen,LibGen.bz,UP,200,1301,,
2026-08-31T06:21:06.801486+00:00,LibGen,LibGen.bz,UP,200,1235,,
2026-08-31T06:22:08.854847+00:00,LibGen,LibGen.bz,UP,200,2082,,
2026-08-31T06:23:06.499046+00:00,LibGen,LibGen.bz,UP,200,768,,
2026-08-31T06:24:07.930846+00:00,LibGen,LibGen.bz,UP,200,776,,
2026-08-31T06:25:09.639647+00:00,LibGen,LibGen.bz,UP,200,2392,,
2026-08-31T06:26:08.573634+00:00,LibGen,LibGen.bz,UP,200,673,,
2026-08-31T06:27:08.850038+00:00,LibGen,LibGen.bz,UP,200,890,,
2026-08-31T06:28:08.807929+00:00,LibGen,LibGen.bz,UP,200,785,,
2026-08-31T06:29:29.268029+00:00,LibGen,LibGen.bz,DOWN,,,connection_refused,
2026-08-31T06:30:11.118944+00:00,LibGen,LibGen.bz,UP,200,1842,,
2026-08-31T06:31:09.065844+00:00,LibGen,LibGen.bz,UP,200,758,,
2026-08-31T06:32:10.679907+00:00,LibGen,LibGen.bz,UP,200,735,,
2026-08-31T06:33:11.011465+00:00,LibGen,LibGen.bz,UP,200,1811,,
2026-08-31T06:34:14.535647+00:00,LibGen,LibGen.bz,DEGRADED,200,5248,latency_high,
2026-08-31T06:35:18.713787+00:00,LibGen,LibGen.bz,DEGRADED,200,8703,latency_high,
2026-08-31T06:36:10.881588+00:00,LibGen,LibGen.bz,UP,200,805,,
2026-08-31T06:37:10.897550+00:00,LibGen,LibGen.bz,UP,200,1158,,
2026-08-31T06:38:10.715882+00:00,LibGen,LibGen.bz,UP,200,800,,
2026-08-31T06:39:11.396927+00:00,LibGen,LibGen.bz,UP,200,671,,
2026-08-31T06:40:11.665976+00:00,LibGen,LibGen.bz,UP,200,802,,
2026-08-31T06:41:12.128484+00:00,LibGen,LibGen.bz,UP,200,773,,
2026-08-31T06:42:12.068166+00:00,LibGen,LibGen.bz,UP,200,559,,
2026-08-31T06:43:32.135350+00:00,LibGen,LibGen.bz,DOWN,,,connection_refused,
2026-08-31T06:44:12.521757+00:00,LibGen,LibGen.bz,UP,200,641,,
2026-08-31T06:45:14.481662+00:00,LibGen,LibGen.bz,UP,200,790,,
2026-08-31T06:46:12.498536+00:00,LibGen,LibGen.bz,UP,200,306,,
2026-08-31T06:47:16.094299+00:00,LibGen,LibGen.bz,DEGRADED,200,3816,latency_high,
2026-08-31T06:48:13.968916+00:00,LibGen,LibGen.bz,UP,200,290,,
2026-08-31T06:49:17.113914+00:00,LibGen,LibGen.bz,DEGRADED,200,3730,latency_high,
2026-08-31T06:50:14.120514+00:00,LibGen,LibGen.bz,UP,200,709,,
2026-08-31T06:51:14.816988+00:00,LibGen,LibGen.bz,UP,200,744,,
2026-08-31T06:52:18.839800+00:00,LibGen,LibGen.bz,DEGRADED,200,4758,latency_high,
2026-08-31T06:53:15.444744+00:00,LibGen,LibGen.bz,UP,200,681,,
2026-08-31T06:54:36.145717+00:00,LibGen,LibGen.bz,DOWN,,,connection_refused,
2026-08-31T06:55:17.535950+00:00,LibGen,LibGen.bz,UP,200,847,,
2026-08-31T06:56:15.860711+00:00,LibGen,LibGen.bz,UP,200,993,,
2026-08-31T06:57:17.690945+00:00,LibGen,LibGen.bz,UP,200,1921,,
2026-08-31T06:58:17.709265+00:00,LibGen,LibGen.bz,UP,200,1780,,
2026-08-31T06:59:16.879004+00:00,LibGen,LibGen.bz,UP,200,728,,
2026-08-31T07:00:41.058828+00:00,LibGen,LibGen.bz,DOWN,,,connection_refused,
2026-08-31T07:01:18.319367+00:00,LibGen,LibGen.bz,UP,200,756,,
2026-08-31T07:02:18.969177+00:00,LibGen,LibGen.bz,UP,200,677,,
2026-08-31T07:03:22.674358+00:00,LibGen,LibGen.bz,DEGRADED,200,3765,latency_high,
2026-08-31T07:04:21.358939+00:00,LibGen,LibGen.bz,UP,200,807,,
2026-08-31T07:05:21.219477+00:00,LibGen,LibGen.bz,UP,200,920,,
2026-08-31T07:06:23.598686+00:00,LibGen,LibGen.bz,UP,200,2138,,
2026-08-31T07:07:42.884956+00:00,LibGen,LibGen.bz,DOWN,,,connection_refused,
2026-08-31T07:08:25.514671+00:00,LibGen,LibGen.bz,UP,200,2911,,
2026-08-31T07:09:24.491809+00:00,LibGen,LibGen.bz,UP,200,831,,
2026-08-31T07:10:25.497760+00:00,LibGen,LibGen.bz,UP,200,1028,,
2026-08-31T07:11:26.798574+00:00,LibGen,LibGen.bz,UP,200,1834,,
2026-08-31T07:12:26.665400+00:00,LibGen,LibGen.bz,UP,200,1045,,
2026-08-31T07:13:26.897627+00:00,LibGen,LibGen.bz,UP,200,311,,
2026-08-31T07:14:28.026882+00:00,LibGen,LibGen.bz,UP,200,1030,,
2026-08-31T07:15:47.620699+00:00,LibGen,LibGen.bz,TIMEOUT,,,timeout,
2026-08-31T07:16:29.405387+00:00,LibGen,LibGen.bz,UP,200,1117,,
2026-08-31T07:17:29.902155+00:00,LibGen,LibGen.bz,UP,200,1141,,
2026-08-31T07:18:30.805542+00:00,LibGen,LibGen.bz,UP,200,667,,
2026-08-31T07:19:31.783496+00:00,LibGen,LibGen.bz,UP,200,983,,
2026-08-31T07:20:36.996887+00:00,LibGen,LibGen.bz,DEGRADED,200,6099,latency_high,
2026-08-31T07:21:52.381005+00:00,LibGen,LibGen.bz,DOWN,,,connection_refused,
2026-08-31T07:22:34.472438+00:00,LibGen,LibGen.bz,UP,200,1835,,
2026-08-31T07:23:33.939727+00:00,LibGen,LibGen.bz,UP,200,684,,
2026-08-31T07:24:39.455758+00:00,LibGen,LibGen.bz,DEGRADED,200,5811,latency_high,
2026-08-31T07:25:35.250975+00:00,LibGen,LibGen.bz,UP,200,968,,
2026-08-31T07:26:36.416866+00:00,LibGen,LibGen.bz,UP,200,1280,,
2026-08-31T07:27:36.493681+00:00,LibGen,LibGen.bz,UP,200,668,,
2026-08-31T07:28:37.423780+00:00,LibGen,LibGen.bz,UP,200,654,,
2026-08-31T07:29:37.842710+00:00,LibGen,LibGen.bz,UP,200,679,,
2026-08-31T07:30:38.889296+00:00,LibGen,LibGen.bz,UP,200,819,,
2026-08-31T07:31:45.251003+00:00,LibGen,LibGen.bz,DEGRADED,200,6908,latency_high,
2026-08-31T07:32:39.659626+00:00,LibGen,LibGen.bz,UP,200,723,,
2026-08-31T07:33:39.594736+00:00,LibGen,LibGen.bz,DOWN,,,connection_refused,
2026-08-31T07:34:41.467788+00:00,LibGen,LibGen.bz,UP,200,1245,,
2026-08-31T07:35:47.778852+00:00,LibGen,LibGen.bz,DEGRADED,200,6894,latency_high,
2026-08-31T07:36:42.178159+00:00,LibGen,LibGen.bz,UP,200,651,,
2026-08-31T07:37:43.050452+00:00,LibGen,LibGen.bz,UP,200,752,,
2026-08-31T07:38:44.849251+00:00,LibGen,LibGen.bz,UP,200,774,,
2026-08-31T07:39:45.282060+00:00,LibGen,LibGen.bz,UP,200,1610,,
2026-08-31T07:40:46.503793+00:00,LibGen,LibGen.bz,UP,200,1654,,
2026-08-31T07:41:47.269216+00:00,LibGen,LibGen.bz,UP,200,708,,
2026-08-31T07:42:54.190961+00:00,LibGen,LibGen.bz,DEGRADED,200,7953,latency_high,
2026-08-31T07:43:47.970803+00:00,LibGen,LibGen.bz,UP,200,273,,
2026-08-31T07:44:52.899850+00:00,LibGen,LibGen.bz,DEGRADED,200,4130,latency_high,
2026-08-31T07:45:48.915048+00:00,LibGen,LibGen.bz,UP,200,941,,
2026-08-31T07:46:49.847122+00:00,LibGen,LibGen.bz,UP,200,739,,
2026-08-31T07:47:53.342582+00:00,LibGen,LibGen.bz,DEGRADED,200,3580,latency_high,
2026-08-31T07:48:51.534393+00:00,LibGen,LibGen.bz,UP,200,1483,,
2026-08-31T07:49:51.471610+00:00,LibGen,LibGen.bz,UP,200,717,,
2026-08-31T07:50:52.270440+00:00,LibGen,LibGen.bz,UP,200,795,,
2026-08-31T07:51:53.052675+00:00,LibGen,LibGen.bz,UP,200,921,,
2026-08-31T07:52:54.295928+00:00,LibGen,LibGen.bz,UP,200,1308,,
2026-08-31T07:53:54.570481+00:00,LibGen,LibGen.bz,UP,200,774,,
2026-08-31T07:54:58.823816+00:00,LibGen,LibGen.bz,DEGRADED,200,4482,latency_high,
2026-08-31T07:55:55.168570+00:00,LibGen,LibGen.bz,UP,200,237,,
2026-08-31T07:56:58.279916+00:00,LibGen,LibGen.bz,UP,200,2556,,
2026-08-31T07:57:58.133122+00:00,LibGen,LibGen.bz,UP,200,1187,,
2026-08-31T07:58:57.824162+00:00,LibGen,LibGen.bz,UP,200,1337,,
2026-08-31T07:59:59.066235+00:00,LibGen,LibGen.bz,UP,200,1868,,
2026-08-31T08:01:03.208370+00:00,LibGen,LibGen.bz,UP,200,2921,,
2026-08-31T08:02:03.858592+00:00,LibGen,LibGen.bz,DEGRADED,200,4858,latency_high,
2026-08-31T08:03:00.539648+00:00,LibGen,LibGen.bz,UP,200,1056,,
2026-08-31T08:04:01.961106+00:00,LibGen,LibGen.bz,UP,200,1225,,
2026-08-31T08:05:02.006862+00:00,LibGen,LibGen.bz,UP,200,1047,,
2026-08-31T08:06:03.499219+00:00,LibGen,LibGen.bz,UP,200,1495,,
2026-08-31T08:07:07.144542+00:00,LibGen,LibGen.bz,DEGRADED,200,3497,latency_high,
2026-08-31T08:08:04.358262+00:00,LibGen,LibGen.bz,UP,200,1073,,
2026-08-31T08:09:05.132429+00:00,LibGen,LibGen.bz,UP,200,1125,,
2026-08-31T08:10:25.738797+00:00,LibGen,LibGen.bz,DOWN,,,connection_refused,
2026-08-31T08:11:06.514679+00:00,LibGen,LibGen.bz,UP,200,821,,
2026-08-31T08:12:06.363810+00:00,LibGen,LibGen.bz,UP,200,666,,
2026-08-31T08:13:10.205736+00:00,LibGen,LibGen.bz,DEGRADED,200,3778,latency_high,
2026-08-31T08:14:10.442165+00:00,LibGen,LibGen.bz,DEGRADED,200,3180,latency_high,
2026-08-31T08:15:09.543612+00:00,LibGen,LibGen.bz,UP,200,963,,
2026-08-31T08:16:08.934451+00:00,LibGen,LibGen.bz,UP,200,706,,
2026-08-31T08:17:10.945701+00:00,LibGen,LibGen.bz,UP,200,1611,,
2026-08-31T08:18:10.586007+00:00,LibGen,LibGen.bz,UP,200,819,,
2026-08-31T08:19:12.189609+00:00,LibGen,LibGen.bz,UP,200,794,,
2026-08-31T08:20:11.734931+00:00,LibGen,LibGen.bz,UP,200,699,,
2026-08-31T08:21:13.384480+00:00,LibGen,LibGen.bz,UP,200,633,,
2026-08-31T08:22:13.509427+00:00,LibGen,LibGen.bz,UP,200,721,,
2026-08-31T08:23:14.323131+00:00,LibGen,LibGen.bz,UP,200,834,,
2026-08-31T08:24:14.487975+00:00,LibGen,LibGen.bz,UP,200,689,,
2026-08-31T08:25:16.632288+00:00,LibGen,LibGen.bz,UP,200,1153,,
2026-08-31T08:26:20.227647+00:00,LibGen,LibGen.bz,DEGRADED,200,4732,latency_high,
2026-08-31T08:27:17.612665+00:00,LibGen,LibGen.bz,UP,200,599,,
2026-08-31T08:28:17.772095+00:00,LibGen,LibGen.bz,UP,200,1159,,
2026-08-31T08:29:18.195536+00:00,LibGen,LibGen.bz,UP,200,463,,
2026-08-31T08:30:22.302895+00:00,LibGen,LibGen.bz,DEGRADED,200,3847,latency_high,
2026-08-31T08:31:19.417678+00:00,LibGen,LibGen.bz,UP,200,728,,
2026-08-31T08:32:20.454374+00:00,LibGen,LibGen.bz,UP,200,951,,
2026-08-31T08:33:20.843549+00:00,LibGen,LibGen.bz,UP,200,717,,
2026-08-31T08:34:22.008040+00:00,LibGen,LibGen.bz,UP,200,797,,
2026-08-31T08:35:25.688069+00:00,LibGen,LibGen.bz,UP,200,1591,,
2026-08-31T08:36:23.453023+00:00,LibGen,LibGen.bz,UP,200,1102,,
2026-08-31T08:37:23.519745+00:00,LibGen,LibGen.bz,UP,200,592,,
2026-08-31T08:38:24.803540+00:00,LibGen,LibGen.bz,UP,200,951,,
2026-08-31T08:39:25.683198+00:00,LibGen,LibGen.bz,UP,200,1204,,
2026-08-31T08:40:25.852338+00:00,LibGen,LibGen.bz,UP,200,853,,
2026-08-31T08:41:27.650553+00:00,LibGen,LibGen.bz,UP,200,280,,
2026-08-31T08:42:27.477858+00:00,LibGen,LibGen.bz,UP,200,1052,,
2026-08-31T08:43:28.627043+00:00,LibGen,LibGen.bz,UP,200,1262,,
2026-08-31T08:44:28.261275+00:00,LibGen,LibGen.bz,UP,200,704,,
2026-08-31T08:45:30.553784+00:00,LibGen,LibGen.bz,UP,200,1689,,
2026-08-31T08:46:29.900021+00:00,LibGen,LibGen.bz,UP,200,700,,
2026-08-31T08:47:35.785599+00:00,LibGen,LibGen.bz,DEGRADED,200,5675,latency_high,
2026-08-31T08:48:51.612361+00:00,LibGen,LibGen.bz,DOWN,,,connection_refused,
2026-08-31T08:49:34.317966+00:00,LibGen,LibGen.bz,UP,200,2360,,
2026-08-31T08:50:34.071266+00:00,LibGen,LibGen.bz,UP,200,1141,,
2026-08-31T08:51:34.664029+00:00,LibGen,LibGen.bz,UP,200,891,,
2026-08-31T08:52:34.695925+00:00,LibGen,LibGen.bz,UP,200,673,,
2026-08-31T08:53:38.693114+00:00,LibGen,LibGen.bz,UP,200,2074,,
2026-08-31T08:54:36.289301+00:00,LibGen,LibGen.bz,UP,200,749,,
2026-08-31T08:55:36.963346+00:00,LibGen,LibGen.bz,UP,200,677,,
2026-08-31T08:56:38.296022+00:00,LibGen,LibGen.bz,UP,200,697,,
2026-08-31T08:57:39.110073+00:00,LibGen,LibGen.bz,UP,200,801,,
2026-08-31T08:58:40.052351+00:00,LibGen,LibGen.bz,UP,200,772,,
2026-08-31T08:59:40.660274+00:00,LibGen,LibGen.bz,UP,200,714,,
2026-08-31T09:00:41.531657+00:00,LibGen,LibGen.bz,UP,200,813,,
2026-08-31T09:01:46.309612+00:00,LibGen,LibGen.bz,DEGRADED,200,5137,latency_high,
2026-08-31T09:02:46.525941+00:00,LibGen,LibGen.bz,DEGRADED,200,4085,latency_high,
2026-08-31T09:03:43.411263+00:00,LibGen,LibGen.bz,UP,200,345,,
2026-08-31T09:04:44.052259+00:00,LibGen,LibGen.bz,UP,200,714,,
2026-08-31T09:05:43.995690+00:00,LibGen,LibGen.bz,DOWN,,,connection_refused,
2026-08-31T09:06:46.484713+00:00,LibGen,LibGen.bz,UP,200,740,,
2026-08-31T09:07:46.504814+00:00,LibGen,LibGen.bz,UP,200,1059,,
2026-08-31T09:08:46.985068+00:00,LibGen,LibGen.bz,UP,200,942,,
2026-08-31T09:09:50.854862+00:00,LibGen,LibGen.bz,DEGRADED,200,3609,latency_high,
2026-08-31T09:10:47.840478+00:00,LibGen,LibGen.bz,UP,200,301,,
2026-08-31T09:11:49.610435+00:00,LibGen,LibGen.bz,UP,200,822,,
2026-08-31T09:12:50.642712+00:00,LibGen,LibGen.bz,UP,200,1348,,
2026-08-31T09:13:50.737598+00:00,LibGen,LibGen.bz,UP,200,832,,
2026-08-31T09:14:53.507933+00:00,LibGen,LibGen.bz,UP,200,2514,,
2026-08-31T09:15:51.896831+00:00,LibGen,LibGen.bz,UP,200,405,,
2026-08-31T09:16:52.806802+00:00,LibGen,LibGen.bz,UP,200,786,,
2026-08-31T09:17:52.797664+00:00,LibGen,LibGen.bz,DOWN,,,connection_refused,
2026-08-31T09:18:54.361927+00:00,LibGen,LibGen.bz,UP,200,591,,
2026-08-31T09:19:54.321477+00:00,LibGen,LibGen.bz,UP,200,266,,
2026-08-31T09:20:56.354672+00:00,LibGen,LibGen.bz,UP,200,1423,,
2026-08-31T09:21:56.812200+00:00,LibGen,LibGen.bz,UP,200,862,,
2026-08-31T09:22:57.131126+00:00,LibGen,LibGen.bz,UP,200,767,,
2026-08-31T09:23:58.149802+00:00,LibGen,LibGen.bz,UP,200,1029,,
2026-08-31T09:25:01.735875+00:00,LibGen,LibGen.bz,DEGRADED,200,3290,latency_high,
2026-08-31T09:26:00.866652+00:00,LibGen,LibGen.bz,UP,200,1962,,
2026-08-31T09:27:01.747780+00:00,LibGen,LibGen.bz,UP,200,1554,,
2026-08-31T09:28:03.747940+00:00,LibGen,LibGen.bz,DEGRADED,200,3110,latency_high,
2026-08-31T09:29:02.164824+00:00,LibGen,LibGen.bz,UP,200,765,,
2026-08-31T09:30:14.992538+00:00,LibGen,LibGen.bz,DEGRADED,200,12827,latency_high,
2026-08-31T09:31:08.122777+00:00,LibGen,LibGen.bz,DEGRADED,200,5665,latency_high,
2026-08-31T09:32:04.267145+00:00,LibGen,LibGen.bz,UP,200,721,,
2026-08-31T09:33:05.141996+00:00,LibGen,LibGen.bz,UP,200,1032,,
2026-08-31T09:34:04.758113+00:00,LibGen,LibGen.bz,UP,200,714,,
2026-08-31T09:35:05.465963+00:00,LibGen,LibGen.bz,UP,200,758,,
2026-08-31T09:36:06.428766+00:00,LibGen,LibGen.bz,UP,200,680,,
2026-08-31T09:37:07.500171+00:00,LibGen,LibGen.bz,UP,200,848,,
2026-08-31T09:38:08.233785+00:00,LibGen,LibGen.bz,UP,200,884,,
2026-08-31T09:39:08.268316+00:00,LibGen,LibGen.bz,UP,200,639,,
2026-08-31T09:40:09.713900+00:00,LibGen,LibGen.bz,UP,200,1198,,
2026-08-31T09:41:10.813755+00:00,LibGen,LibGen.bz,UP,200,795,,
2026-08-31T09:42:10.682979+00:00,LibGen,LibGen.bz,UP,200,798,,
2026-08-31T09:43:12.137035+00:00,LibGen,LibGen.bz,UP,200,1087,,
2026-08-31T09:44:12.614915+00:00,LibGen,LibGen.bz,UP,200,819,,
2026-08-31T09:45:32.629794+00:00,LibGen,LibGen.bz,TIMEOUT,,,timeout,
2026-08-31T09:46:33.404929+00:00,LibGen,LibGen.bz,TIMEOUT,,,timeout,
2026-08-31T09:47:34.392405+00:00,LibGen,LibGen.bz,TIMEOUT,,,timeout,
2026-08-31T09:48:35.629825+00:00,LibGen,LibGen.bz,DOWN,,,connection_refused,
2026-08-31T09:49:16.130458+00:00,LibGen,LibGen.bz,UP,200,792,,
2026-08-31T09:50:16.646665+00:00,LibGen,LibGen.bz,UP,200,792,,
2026-08-31T09:51:17.363430+00:00,LibGen,LibGen.bz,UP,200,725,,
2026-08-31T09:52:18.453560+00:00,LibGen,LibGen.bz,UP,200,711,,
2026-08-31T09:53:19.502400+00:00,LibGen,LibGen.bz,UP,200,835,,
2026-08-31T09:54:19.753635+00:00,LibGen,LibGen.bz,UP,200,815,,
2026-08-31T09:55:20.828811+00:00,LibGen,LibGen.bz,UP,200,640,,
2026-08-31T09:56:21.511775+00:00,LibGen,LibGen.bz,UP,200,628,,
2026-08-31T09:57:36.730529+00:00,LibGen,LibGen.bz,DEGRADED,200,14487,latency_high,
2026-08-31T09:58:23.091030+00:00,LibGen,LibGen.bz,UP,200,1061,,
2026-08-31T09:59:23.238004+00:00,LibGen,LibGen.bz,UP,200,637,,
2026-08-31T10:00:26.472395+00:00,LibGen,LibGen.bz,DEGRADED,200,3037,latency_high,
2026-08-31T10:01:26.718324+00:00,LibGen,LibGen.bz,UP,200,2556,,
2026-08-31T10:02:25.274916+00:00,LibGen,LibGen.bz,UP,200,276,,
2026-08-31T10:03:26.849729+00:00,LibGen,LibGen.bz,UP,200,700,,
2026-08-31T10:04:29.733794+00:00,LibGen,LibGen.bz,UP,200,859,,
2026-08-31T10:05:27.919079+00:00,LibGen,LibGen.bz,UP,200,687,,
2026-08-31T10:06:30.424624+00:00,LibGen,LibGen.bz,UP,200,2037,,
2026-08-31T10:07:30.279628+00:00,LibGen,LibGen.bz,UP,200,729,,
2026-08-31T10:08:31.113097+00:00,LibGen,LibGen.bz,UP,200,731,,
2026-08-31T10:09:33.600840+00:00,LibGen,LibGen.bz,UP,200,2691,,
2026-08-31T10:10:33.597735+00:00,LibGen,LibGen.bz,UP,200,740,,
2026-08-31T10:11:33.611059+00:00,LibGen,LibGen.bz,UP,200,1046,,
2026-08-31T10:12:33.407317+00:00,LibGen,LibGen.bz,UP,200,425,,
2026-08-31T10:13:34.629651+00:00,LibGen,LibGen.bz,UP,200,824,,
2026-08-31T10:14:34.623756+00:00,LibGen,LibGen.bz,UP,200,272,,
2026-08-31T10:15:35.838273+00:00,LibGen,LibGen.bz,UP,200,950,,
2026-08-31T10:16:36.183870+00:00,LibGen,LibGen.bz,UP,200,860,,
2026-08-31T10:17:37.653448+00:00,LibGen,LibGen.bz,UP,200,1153,,
2026-08-31T10:18:37.193792+00:00,LibGen,LibGen.bz,UP,200,677,,
2026-08-31T10:19:38.024334+00:00,LibGen,LibGen.bz,UP,200,808,,
2026-08-31T10:20:41.811569+00:00,LibGen,LibGen.bz,DEGRADED,200,3829,latency_high,
2026-08-31T10:22:00.740800+00:00,LibGen,LibGen.bz,DOWN,,,connection_refused,
2026-08-31T10:22:40.250515+00:00,LibGen,LibGen.bz,UP,200,697,,
2026-08-31T10:23:41.784100+00:00,LibGen,LibGen.bz,UP,200,1011,,
2026-08-31T10:24:41.847892+00:00,LibGen,LibGen.bz,UP,200,666,,
2026-08-31T10:25:44.034435+00:00,LibGen,LibGen.bz,UP,200,991,,
2026-08-31T10:26:43.548005+00:00,LibGen,LibGen.bz,UP,200,874,,
2026-08-31T10:27:49.545120+00:00,LibGen,LibGen.bz,DEGRADED,200,5768,latency_high,
2026-08-31T10:28:44.786030+00:00,LibGen,LibGen.bz,UP,200,655,,
2026-08-31T10:29:45.668762+00:00,LibGen,LibGen.bz,UP,200,755,,
2026-08-31T10:30:46.949497+00:00,LibGen,LibGen.bz,UP,200,796,,
2026-08-31T10:31:53.018693+00:00,LibGen,LibGen.bz,DEGRADED,200,6153,latency_high,
2026-08-31T10:32:48.635719+00:00,LibGen,LibGen.bz,UP,200,723,,
2026-08-31T10:34:10.411515+00:00,LibGen,LibGen.bz,DOWN,,,connection_refused,
2026-08-31T10:34:49.489179+00:00,LibGen,LibGen.bz,UP,200,698,,
2026-08-31T10:35:52.905728+00:00,LibGen,LibGen.bz,UP,200,2957,,
2026-08-31T10:36:52.534950+00:00,LibGen,LibGen.bz,UP,200,1853,,
2026-08-31T10:37:53.089242+00:00,LibGen,LibGen.bz,UP,200,1654,,
2026-08-31T10:38:53.904433+00:00,LibGen,LibGen.bz,UP,200,2021,,
2026-08-31T10:39:54.232344+00:00,LibGen,LibGen.bz,UP,200,609,,
2026-08-31T10:40:54.178312+00:00,LibGen,LibGen.bz,UP,200,769,,
2026-08-31T10:41:54.867398+00:00,LibGen,LibGen.bz,UP,200,699,,
2026-08-31T10:42:56.039998+00:00,LibGen,LibGen.bz,UP,200,1066,,
2026-08-31T10:43:56.838702+00:00,LibGen,LibGen.bz,UP,200,695,,
2026-08-31T10:44:57.201731+00:00,LibGen,LibGen.bz,UP,200,628,,
2026-08-31T10:45:58.688349+00:00,LibGen,LibGen.bz,UP,200,901,,
2026-08-31T10:47:01.168234+00:00,LibGen,LibGen.bz,UP,200,2590,,
2026-08-31T10:48:01.226882+00:00,LibGen,LibGen.bz,UP,200,2920,,
2026-08-31T10:49:21.712770+00:00,LibGen,LibGen.bz,DOWN,,,connection_refused,
2026-08-31T10:50:03.205006+00:00,LibGen,LibGen.bz,UP,200,1910,,
2026-08-31T10:51:02.342633+00:00,LibGen,LibGen.bz,UP,200,964,,
2026-08-31T10:52:04.906403+00:00,LibGen,LibGen.bz,DEGRADED,200,3027,latency_high,
2026-08-31T10:53:05.880704+00:00,LibGen,LibGen.bz,UP,200,1125,,
2026-08-31T10:54:04.247603+00:00,LibGen,LibGen.bz,UP,200,962,,
2026-08-31T10:55:04.791777+00:00,LibGen,LibGen.bz,UP,200,780,,
2026-08-31T10:56:05.738256+00:00,LibGen,LibGen.bz,UP,200,732,,
2026-08-31T10:57:06.199721+00:00,LibGen,LibGen.bz,UP,200,669,,
2026-08-31T10:58:05.572074+00:00,LibGen,LibGen.bz,UP,200,630,,
2026-08-31T10:59:07.450266+00:00,LibGen,LibGen.bz,UP,200,775,,
2026-08-31T11:00:07.155832+00:00,LibGen,LibGen.bz,UP,200,834,,
2026-08-31T11:01:08.861617+00:00,LibGen,LibGen.bz,UP,200,829,,
2026-08-31T11:02:08.854763+00:00,LibGen,LibGen.bz,UP,200,741,,
2026-08-31T11:03:30.967135+00:00,LibGen,LibGen.bz,DOWN,,,connection_refused,
2026-08-31T11:04:10.419535+00:00,LibGen,LibGen.bz,UP,200,631,,
2026-08-31T11:05:11.740609+00:00,LibGen,LibGen.bz,UP,200,1099,,
2026-08-31T11:06:12.341168+00:00,LibGen,LibGen.bz,UP,200,260,,
2026-08-31T11:07:15.366073+00:00,LibGen,LibGen.bz,UP,200,836,,
2026-08-31T11:08:17.410250+00:00,LibGen,LibGen.bz,DEGRADED,200,4372,latency_high,
2026-08-31T11:09:14.555382+00:00,LibGen,LibGen.bz,UP,200,769,,
2026-08-31T11:10:15.521207+00:00,LibGen,LibGen.bz,UP,200,794,,
2026-08-31T11:11:26.107590+00:00,LibGen,LibGen.bz,DEGRADED,200,10585,latency_high,
2026-08-31T11:12:17.928718+00:00,LibGen,LibGen.bz,UP,200,1308,,
2026-08-31T11:13:17.731187+00:00,LibGen,LibGen.bz,DOWN,500,670,http_error,
2026-08-31T11:14:18.631716+00:00,LibGen,LibGen.bz,UP,200,720,,
2026-08-31T11:15:21.215173+00:00,LibGen,LibGen.bz,UP,200,2177,,
2026-08-31T11:16:21.785814+00:00,LibGen,LibGen.bz,UP,200,954,,
2026-08-31T11:17:38.882196+00:00,LibGen,LibGen.bz,DEGRADED,200,18058,latency_high,
2026-08-31T11:18:26.037011+00:00,LibGen,LibGen.bz,DEGRADED,200,4901,latency_high,
2026-08-31T11:19:23.429639+00:00,LibGen,LibGen.bz,UP,200,1105,,
2026-08-31T11:20:24.002630+00:00,LibGen,LibGen.bz,UP,200,978,,
2026-08-31T11:21:24.404601+00:00,LibGen,LibGen.bz,UP,200,778,,
2026-08-31T11:22:25.516371+00:00,LibGen,LibGen.bz,UP,200,1150,,
2026-08-31T11:23:26.051765+00:00,LibGen,LibGen.bz,UP,200,855,,
2026-08-31T11:24:27.156542+00:00,LibGen,LibGen.bz,UP,200,770,,
2026-08-31T11:25:27.952116+00:00,LibGen,LibGen.bz,UP,200,772,,
2026-08-31T11:26:31.831201+00:00,LibGen,LibGen.bz,DEGRADED,200,4106,latency_high,
2026-08-31T11:27:30.596378+00:00,LibGen,LibGen.bz,UP,200,967,,
2026-08-31T11:28:30.349659+00:00,LibGen,LibGen.bz,UP,200,856,,
2026-08-31T11:29:31.243127+00:00,LibGen,LibGen.bz,UP,200,950,,
2026-08-31T11:30:31.338155+00:00,LibGen,LibGen.bz,UP,200,358,,
2026-08-31T11:31:32.503836+00:00,LibGen,LibGen.bz,UP,200,811,,
2026-08-31T11:32:33.371999+00:00,LibGen,LibGen.bz,UP,200,909,,
2026-08-31T11:33:34.836954+00:00,LibGen,LibGen.bz,UP,200,852,,
2026-08-31T11:34:35.020095+00:00,LibGen,LibGen.bz,UP,200,925,,
2026-08-31T11:35:35.199805+00:00,LibGen,LibGen.bz,UP,200,775,,
2026-08-31T11:36:35.708136+00:00,LibGen,LibGen.bz,UP,200,794,,
2026-08-31T11:37:36.524629+00:00,LibGen,LibGen.bz,UP,200,840,,
2026-08-31T11:38:37.282612+00:00,LibGen,LibGen.bz,UP,200,781,,
2026-08-31T11:39:39.876012+00:00,LibGen,LibGen.bz,UP,200,2400,,
2026-08-31T11:40:38.256714+00:00,LibGen,LibGen.bz,UP,200,891,,
2026-08-31T11:41:39.063829+00:00,LibGen,LibGen.bz,UP,200,795,,
2026-08-31T11:42:41.777084+00:00,LibGen,LibGen.bz,UP,200,696,,
2026-08-31T11:43:41.332004+00:00,LibGen,LibGen.bz,UP,200,998,,
2026-08-31T11:44:42.077758+00:00,LibGen,LibGen.bz,UP,200,757,,
2026-08-31T11:45:43.238685+00:00,LibGen,LibGen.bz,UP,200,1205,,
2026-08-31T11:46:41.979145+00:00,LibGen,LibGen.bz,UP,200,752,,
2026-08-31T11:47:41.587182+00:00,LibGen,LibGen.bz,UP,200,300,,
2026-08-31T11:48:44.918007+00:00,LibGen,LibGen.bz,UP,200,2529,,
2026-08-31T11:49:44.038171+00:00,LibGen,LibGen.bz,UP,200,1059,,
2026-08-31T11:50:46.845826+00:00,LibGen,LibGen.bz,UP,200,688,,
2026-08-31T11:51:45.284938+00:00,LibGen,LibGen.bz,UP,200,728,,
2026-08-31T11:52:47.043974+00:00,LibGen,LibGen.bz,UP,200,1151,,
2026-08-31T11:53:47.147189+00:00,LibGen,LibGen.bz,UP,200,1587,,
2026-08-31T11:54:46.950785+00:00,LibGen,LibGen.bz,UP,200,987,,
2026-08-31T11:55:47.633734+00:00,LibGen,LibGen.bz,UP,200,860,,
2026-08-31T11:56:48.150824+00:00,LibGen,LibGen.bz,UP,200,892,,
2026-08-31T11:57:47.946110+00:00,LibGen,LibGen.bz,UP,200,719,,
2026-08-31T11:58:50.278801+00:00,LibGen,LibGen.bz,UP,200,742,,
2026-08-31T11:59:49.694667+00:00,LibGen,LibGen.bz,UP,200,728,,
2026-08-31T12:00:49.740166+00:00,LibGen,LibGen.bz,UP,200,856,,
2026-08-31T12:01:50.825886+00:00,LibGen,LibGen.bz,UP,200,1005,,
2026-08-31T12:02:50.797782+00:00,LibGen,LibGen.bz,DOWN,,,connection_refused,
2026-08-31T12:03:52.794728+00:00,LibGen,LibGen.bz,UP,200,777,,
2026-08-31T12:04:53.659453+00:00,LibGen,LibGen.bz,UP,200,730,,
2026-08-31T12:05:54.303170+00:00,LibGen,LibGen.bz,UP,200,890,,
2026-08-31T12:06:55.130626+00:00,LibGen,LibGen.bz,UP,200,1253,,
2026-08-31T12:07:55.199001+00:00,LibGen,LibGen.bz,UP,200,902,,
2026-08-31T12:08:56.837120+00:00,LibGen,LibGen.bz,UP,200,1412,,
2026-08-31T12:09:57.010181+00:00,LibGen,LibGen.bz,UP,200,389,,
2026-08-31T12:10:57.897002+00:00,LibGen,LibGen.bz,UP,200,802,,
2026-08-31T12:12:17.881376+00:00,LibGen,LibGen.bz,DOWN,,,connection_refused,
2026-08-31T12:12:59.476525+00:00,LibGen,LibGen.bz,UP,200,1098,,
2026-08-31T12:14:00.266297+00:00,LibGen,LibGen.bz,UP,200,1029,,
2026-08-31T12:14:59.492596+00:00,LibGen,LibGen.bz,UP,200,1034,,
2026-08-31T12:15:59.575575+00:00,LibGen,LibGen.bz,UP,200,836,,
2026-08-31T12:17:01.818926+00:00,LibGen,LibGen.bz,UP,200,1037,,
2026-08-31T12:18:01.419132+00:00,LibGen,LibGen.bz,UP,200,1001,,
2026-08-31T12:19:03.065670+00:00,LibGen,LibGen.bz,UP,200,1256,,
2026-08-31T12:20:03.270655+00:00,LibGen,LibGen.bz,UP,200,1147,,
2026-08-31T12:21:02.260947+00:00,LibGen,LibGen.bz,UP,200,959,,
2026-08-31T12:22:04.653764+00:00,LibGen,LibGen.bz,UP,200,1933,,
2026-08-31T12:23:03.986434+00:00,LibGen,LibGen.bz,UP,200,930,,
2026-08-31T12:24:05.670231+00:00,LibGen,LibGen.bz,UP,200,1628,,
2026-08-31T12:25:05.870783+00:00,LibGen,LibGen.bz,UP,200,846,,
2026-08-31T12:26:06.283560+00:00,LibGen,LibGen.bz,UP,200,1219,,
2026-08-31T12:27:05.440389+00:00,LibGen,LibGen.bz,UP,200,384,,
2026-08-31T12:28:06.146070+00:00,LibGen,LibGen.bz,UP,200,1029,,
2026-08-31T12:29:05.990789+00:00,LibGen,LibGen.bz,UP,200,868,,
2026-08-31T12:30:06.817761+00:00,LibGen,LibGen.bz,UP,200,842,,
2026-08-31T12:31:07.635790+00:00,LibGen,LibGen.bz,UP,200,1181,,
2026-08-31T12:32:07.722639+00:00,LibGen,LibGen.bz,UP,200,1163,,
2026-08-31T12:33:07.528563+00:00,LibGen,LibGen.bz,UP,200,914,,
2026-08-31T12:34:08.406024+00:00,LibGen,LibGen.bz,UP,200,1002,,
2026-08-31T12:35:09.487347+00:00,LibGen,LibGen.bz,UP,200,733,,
2026-08-31T12:36:09.782011+00:00,LibGen,LibGen.bz,UP,200,1038,,
2026-08-31T12:37:10.976036+00:00,LibGen,LibGen.bz,UP,200,1657,,
2026-08-31T12:38:10.870321+00:00,LibGen,LibGen.bz,UP,200,292,,
2026-08-31T12:39:11.721907+00:00,LibGen,LibGen.bz,UP,200,892,,
2026-08-31T12:40:12.246154+00:00,LibGen,LibGen.bz,UP,200,634,,
2026-08-31T12:41:13.705579+00:00,LibGen,LibGen.bz,UP,200,773,,
2026-08-31T12:42:14.609713+00:00,LibGen,LibGen.bz,UP,200,696,,
2026-08-31T12:43:15.380114+00:00,LibGen,LibGen.bz,UP,200,1045,,
2026-08-31T12:44:15.870432+00:00,LibGen,LibGen.bz,UP,200,1449,,
2026-08-31T12:45:16.463984+00:00,LibGen,LibGen.bz,UP,200,1268,,
2026-08-31T12:46:16.231506+00:00,LibGen,LibGen.bz,UP,200,894,,
2026-08-31T12:47:17.066360+00:00,LibGen,LibGen.bz,UP,200,963,,
2026-08-31T12:48:17.474578+00:00,LibGen,LibGen.bz,UP,200,729,,
2026-08-31T12:49:16.881874+00:00,LibGen,LibGen.bz,UP,200,232,,
2026-08-31T12:50:18.710180+00:00,LibGen,LibGen.bz,UP,200,775,,
2026-08-31T12:51:18.982652+00:00,LibGen,LibGen.bz,DOWN,500,722,http_error,
2026-08-31T12:52:20.499832+00:00,LibGen,LibGen.bz,DOWN,500,1324,http_error,
2026-08-31T12:53:20.877552+00:00,LibGen,LibGen.bz,UP,200,832,,
2026-08-31T12:54:21.944434+00:00,LibGen,LibGen.bz,UP,200,900,,
2026-08-31T12:55:26.228551+00:00,LibGen,LibGen.bz,DEGRADED,200,3110,latency_high,
2026-08-31T12:56:24.075625+00:00,LibGen,LibGen.bz,UP,200,800,,
2026-08-31T12:57:24.991503+00:00,LibGen,LibGen.bz,UP,200,768,,
2026-08-31T12:58:25.918406+00:00,LibGen,LibGen.bz,UP,200,786,,
2026-08-31T12:59:26.204452+00:00,LibGen,LibGen.bz,UP,200,601,,
2026-08-31T13:00:27.262347+00:00,LibGen,LibGen.bz,UP,200,820,,
2026-08-31T13:01:28.118003+00:00,LibGen,LibGen.bz,UP,200,751,,
2026-08-31T13:02:29.329974+00:00,LibGen,LibGen.bz,UP,200,769,,
2026-08-31T13:03:29.230795+00:00,LibGen,LibGen.bz,UP,200,919,,
2026-08-31T13:04:29.836787+00:00,LibGen,LibGen.bz,UP,200,999,,
2026-08-31T13:05:30.042759+00:00,LibGen,LibGen.bz,UP,200,737,,
2026-08-31T13:06:30.690513+00:00,LibGen,LibGen.bz,UP,200,1401,,
2026-08-31T13:07:30.608487+00:00,LibGen,LibGen.bz,UP,200,769,,
2026-08-31T13:08:30.564832+00:00,LibGen,LibGen.bz,UP,200,283,,
2026-08-31T13:09:32.236365+00:00,LibGen,LibGen.bz,UP,200,1327,,
2026-08-31T13:10:32.220363+00:00,LibGen,LibGen.bz,UP,200,928,,
2026-08-31T13:11:34.221583+00:00,LibGen,LibGen.bz,UP,200,1346,,
2026-08-31T13:12:33.573699+00:00,LibGen,LibGen.bz,UP,200,877,,
2026-08-31T13:13:33.721484+00:00,LibGen,LibGen.bz,DOWN,500,640,http_error,
2026-08-31T13:14:35.140486+00:00,LibGen,LibGen.bz,UP,200,708,,
2026-08-31T13:15:34.677469+00:00,LibGen,LibGen.bz,UP,200,620,,
2026-08-31T13:16:36.392112+00:00,LibGen,LibGen.bz,UP,200,1124,,
2026-08-31T13:17:36.709533+00:00,LibGen,LibGen.bz,UP,200,694,,
2026-08-31T13:18:37.574015+00:00,LibGen,LibGen.bz,DOWN,500,785,http_error,
2026-08-31T13:19:38.678205+00:00,LibGen,LibGen.bz,UP,200,860,,
2026-08-31T13:20:38.718902+00:00,LibGen,LibGen.bz,UP,200,859,,
2026-08-31T13:21:39.531556+00:00,LibGen,LibGen.bz,UP,200,1153,,
2026-08-31T13:22:40.808768+00:00,LibGen,LibGen.bz,UP,200,1795,,
2026-08-31T13:23:40.748750+00:00,LibGen,LibGen.bz,UP,200,1289,,
2026-08-31T13:24:42.034689+00:00,LibGen,LibGen.bz,UP,200,744,,
2026-08-31T13:25:42.530675+00:00,LibGen,LibGen.bz,UP,200,893,,
2026-08-31T13:26:43.500036+00:00,LibGen,LibGen.bz,UP,200,1118,,
2026-08-31T13:27:43.887404+00:00,LibGen,LibGen.bz,UP,200,833,,
2026-08-31T13:28:43.987153+00:00,LibGen,LibGen.bz,UP,200,886,,
2026-08-31T13:29:45.058771+00:00,LibGen,LibGen.bz,UP,200,1193,,
2026-08-31T13:30:46.799755+00:00,LibGen,LibGen.bz,UP,200,2804,,
2026-08-31T13:31:45.874429+00:00,LibGen,LibGen.bz,UP,200,729,,
2026-08-31T13:32:46.500190+00:00,LibGen,LibGen.bz,UP,200,763,,
2026-08-31T13:33:47.138023+00:00,LibGen,LibGen.bz,UP,200,924,,
2026-08-31T13:34:47.352428+00:00,LibGen,LibGen.bz,UP,200,324,,
2026-08-31T13:35:48.481377+00:00,LibGen,LibGen.bz,UP,200,978,,
2026-08-31T13:36:51.659931+00:00,LibGen,LibGen.bz,DEGRADED,200,3943,latency_high,
2026-08-31T13:37:48.167048+00:00,LibGen,LibGen.bz,UP,200,626,,
2026-08-31T13:38:51.421238+00:00,LibGen,LibGen.bz,UP,200,866,,
2026-08-31T13:39:49.858803+00:00,LibGen,LibGen.bz,UP,200,668,,
2026-08-31T13:40:51.267456+00:00,LibGen,LibGen.bz,UP,200,740,,
2026-08-31T13:41:52.014864+00:00,LibGen,LibGen.bz,UP,200,957,,
2026-08-31T13:42:52.612249+00:00,LibGen,LibGen.bz,UP,200,739,,
2026-08-31T13:43:54.144741+00:00,LibGen,LibGen.bz,UP,200,730,,
2026-08-31T13:44:53.116123+00:00,LibGen,LibGen.bz,UP,200,776,,
2026-08-31T13:45:53.215334+00:00,LibGen,LibGen.bz,UP,200,813,,
2026-08-31T13:46:53.200269+00:00,LibGen,LibGen.bz,UP,200,752,,
2026-08-31T13:47:53.758123+00:00,LibGen,LibGen.bz,UP,200,264,,
2026-08-31T13:48:53.858479+00:00,LibGen,LibGen.bz,UP,200,741,,
2026-08-31T13:49:53.923021+00:00,LibGen,LibGen.bz,UP,200,732,,
2026-08-31T13:50:54.374501+00:00,LibGen,LibGen.bz,UP,200,763,,
2026-08-31T13:51:54.788945+00:00,LibGen,LibGen.bz,UP,200,876,,
2026-08-31T13:52:55.104703+00:00,LibGen,LibGen.bz,UP,200,1141,,
2026-08-31T13:53:55.382859+00:00,LibGen,LibGen.bz,UP,200,905,,
2026-08-31T13:54:55.933216+00:00,LibGen,LibGen.bz,UP,200,747,,
2026-08-31T13:55:56.403537+00:00,LibGen,LibGen.bz,UP,200,795,,
2026-08-31T13:56:57.487181+00:00,LibGen,LibGen.bz,UP,200,952,,
2026-08-31T13:57:58.672884+00:00,LibGen,LibGen.bz,UP,200,1120,,
2026-08-31T13:59:19.354850+00:00,LibGen,LibGen.bz,DOWN,,,connection_refused,
2026-08-31T13:59:59.761788+00:00,LibGen,LibGen.bz,UP,200,1243,,
2026-08-31T14:00:59.984556+00:00,LibGen,LibGen.bz,UP,200,773,,
2026-08-31T14:01:59.644558+00:00,LibGen,LibGen.bz,UP,200,724,,
2026-08-31T14:03:00.588306+00:00,LibGen,LibGen.bz,UP,200,808,,
2026-08-31T14:04:01.534524+00:00,LibGen,LibGen.bz,UP,200,1075,,
2026-08-31T14:05:01.654556+00:00,LibGen,LibGen.bz,UP,200,1172,,
2026-08-31T14:06:02.904089+00:00,LibGen,LibGen.bz,UP,200,1416,,
2026-08-31T14:07:02.506523+00:00,LibGen,LibGen.bz,UP,200,1223,,
2026-08-31T14:08:02.185228+00:00,LibGen,LibGen.bz,UP,200,960,,
2026-08-31T14:09:03.217667+00:00,LibGen,LibGen.bz,UP,200,1052,,
2026-08-31T14:10:06.410102+00:00,LibGen,LibGen.bz,DEGRADED,200,4119,latency_high,
2026-08-31T14:11:02.940975+00:00,LibGen,LibGen.bz,UP,200,386,,
2026-08-31T14:12:03.630937+00:00,LibGen,LibGen.bz,UP,200,947,,
2026-08-31T14:13:03.989449+00:00,LibGen,LibGen.bz,UP,200,848,,
2026-08-31T14:14:03.941198+00:00,LibGen,LibGen.bz,UP,200,316,,
2026-08-31T14:15:05.006632+00:00,LibGen,LibGen.bz,UP,200,877,,
2026-08-31T14:16:06.108579+00:00,LibGen,LibGen.bz,UP,200,872,,
2026-08-31T14:17:07.849682+00:00,LibGen,LibGen.bz,UP,200,831,,
2026-08-31T14:18:09.812716+00:00,LibGen,LibGen.bz,DOWN,500,3892,http_error,
2026-08-31T14:19:07.765228+00:00,LibGen,LibGen.bz,UP,200,909,,
2026-08-31T14:20:09.793741+00:00,LibGen,LibGen.bz,UP,200,1613,,
2026-08-31T14:21:08.974720+00:00,LibGen,LibGen.bz,UP,200,800,,
2026-08-31T14:22:12.187343+00:00,LibGen,LibGen.bz,DEGRADED,200,3021,latency_high,
2026-08-31T14:23:09.886744+00:00,LibGen,LibGen.bz,UP,200,821,,
2026-08-31T14:24:10.092342+00:00,LibGen,LibGen.bz,UP,200,700,,
2026-08-31T14:25:11.358852+00:00,LibGen,LibGen.bz,UP,200,821,,
2026-08-31T14:26:13.381361+00:00,LibGen,LibGen.bz,UP,200,767,,
2026-08-31T14:27:16.396684+00:00,LibGen,LibGen.bz,DEGRADED,200,3948,latency_high,
2026-08-31T14:28:33.682784+00:00,LibGen,LibGen.bz,DOWN,,,connection_refused,
2026-08-31T14:29:16.128394+00:00,LibGen,LibGen.bz,UP,200,1963,,
2026-08-31T14:30:16.078196+00:00,LibGen,LibGen.bz,UP,200,936,,
2026-08-31T14:31:20.583804+00:00,LibGen,LibGen.bz,DEGRADED,200,3818,latency_high,
2026-08-31T14:32:16.137921+00:00,LibGen,LibGen.bz,UP,200,327,,
2026-08-31T14:33:18.146164+00:00,LibGen,LibGen.bz,UP,200,1757,,
2026-08-31T14:34:18.410972+00:00,LibGen,LibGen.bz,UP,200,1712,,
2026-08-31T14:35:19.012968+00:00,LibGen,LibGen.bz,UP,200,1181,,
2026-08-31T14:36:18.701493+00:00,LibGen,LibGen.bz,UP,200,684,,
2026-08-31T14:37:18.851467+00:00,LibGen,LibGen.bz,UP,200,832,,
2026-08-31T14:38:19.540864+00:00,LibGen,LibGen.bz,UP,200,705,,
2026-08-31T14:39:20.893294+00:00,LibGen,LibGen.bz,UP,200,656,,
2026-08-31T14:40:21.173530+00:00,LibGen,LibGen.bz,UP,200,301,,
2026-08-31T14:41:21.832177+00:00,LibGen,LibGen.bz,UP,200,1210,,
2026-08-31T14:42:22.625536+00:00,LibGen,LibGen.bz,UP,200,784,,
2026-08-31T14:43:22.617822+00:00,LibGen,LibGen.bz,UP,200,920,,
2026-08-31T14:44:23.891441+00:00,LibGen,LibGen.bz,UP,200,724,,
2026-08-31T14:45:44.026376+00:00,LibGen,LibGen.bz,DOWN,,,connection_refused,
2026-08-31T14:46:25.219705+00:00,LibGen,LibGen.bz,UP,200,984,,
2026-08-31T14:47:25.959895+00:00,LibGen,LibGen.bz,UP,200,1033,,
2026-08-31T14:48:26.678147+00:00,LibGen,LibGen.bz,UP,200,1033,,
2026-08-31T14:49:26.242695+00:00,LibGen,LibGen.bz,UP,200,561,,
2026-08-31T14:50:26.935025+00:00,LibGen,LibGen.bz,UP,200,859,,
2026-08-31T14:51:28.419003+00:00,LibGen,LibGen.bz,UP,200,826,,
2026-08-31T14:52:27.988932+00:00,LibGen,LibGen.bz,DOWN,500,647,http_error,
2026-08-31T14:53:29.190821+00:00,LibGen,LibGen.bz,UP,200,734,,
2026-08-31T14:54:30.895340+00:00,LibGen,LibGen.bz,UP,200,893,,
2026-08-31T14:55:31.080920+00:00,LibGen,LibGen.bz,UP,200,987,,
2026-08-31T14:56:30.876356+00:00,LibGen,LibGen.bz,UP,200,1068,,
2026-08-31T14:57:31.386893+00:00,LibGen,LibGen.bz,UP,200,960,,
2026-08-31T14:58:31.460789+00:00,LibGen,LibGen.bz,UP,200,700,,
2026-08-31T14:59:33.588165+00:00,LibGen,LibGen.bz,UP,200,742,,
2026-08-31T15:00:32.921173+00:00,LibGen,LibGen.bz,UP,200,984,,
2026-08-31T15:01:34.153562+00:00,LibGen,LibGen.bz,UP,200,812,,
2026-08-31T15:02:35.251042+00:00,LibGen,LibGen.bz,UP,200,998,,
2026-08-31T15:03:34.941665+00:00,LibGen,LibGen.bz,UP,200,729,,
2026-08-31T15:04:35.949355+00:00,LibGen,LibGen.bz,UP,200,781,,
2026-08-31T15:05:36.612030+00:00,LibGen,LibGen.bz,UP,200,835,,
2026-08-31T15:06:36.869032+00:00,LibGen,LibGen.bz,UP,200,713,,
2026-08-31T15:07:37.837550+00:00,LibGen,LibGen.bz,UP,200,843,,
2026-08-31T15:08:38.612756+00:00,LibGen,LibGen.bz,UP,200,1083,,
2026-08-31T15:09:38.459549+00:00,LibGen,LibGen.bz,UP,200,855,,
2026-08-31T15:10:39.295861+00:00,LibGen,LibGen.bz,UP,200,591,,
2026-08-31T15:11:38.954094+00:00,LibGen,LibGen.bz,UP,200,909,,
2026-08-31T15:12:40.034853+00:00,LibGen,LibGen.bz,UP,200,790,,
2026-08-31T15:13:41.004415+00:00,LibGen,LibGen.bz,UP,200,792,,
2026-08-31T15:14:41.730890+00:00,LibGen,LibGen.bz,UP,200,736,,
2026-08-31T15:15:42.294344+00:00,LibGen,LibGen.bz,UP,200,824,,
2026-08-31T15:16:43.046252+00:00,LibGen,LibGen.bz,UP,200,696,,
2026-08-31T15:17:43.992493+00:00,LibGen,LibGen.bz,UP,200,797,,
2026-08-31T15:18:44.607672+00:00,LibGen,LibGen.bz,UP,200,1222,,
2026-08-31T15:19:44.334658+00:00,LibGen,LibGen.bz,UP,200,1223,,
2026-08-31T15:20:44.503523+00:00,LibGen,LibGen.bz,UP,200,909,,
2026-08-31T15:21:44.471369+00:00,LibGen,LibGen.bz,UP,200,758,,
2026-08-31T15:22:44.569996+00:00,LibGen,LibGen.bz,UP,200,732,,
2026-08-31T15:23:45.568951+00:00,LibGen,LibGen.bz,UP,200,798,,
2026-08-31T15:24:46.796772+00:00,LibGen,LibGen.bz,UP,200,788,,
2026-08-31T15:25:47.412104+00:00,LibGen,LibGen.bz,UP,200,950,,
2026-08-31T15:26:47.269876+00:00,LibGen,LibGen.bz,UP,200,744,,
2026-08-31T15:27:47.633950+00:00,LibGen,LibGen.bz,UP,200,673,,
2026-08-31T15:28:48.854711+00:00,LibGen,LibGen.bz,UP,200,971,,
2026-08-31T15:29:49.055907+00:00,LibGen,LibGen.bz,UP,200,757,,
2026-08-31T15:30:48.836590+00:00,LibGen,LibGen.bz,UP,200,725,,
2026-08-31T15:31:49.501579+00:00,LibGen,LibGen.bz,UP,200,964,,
2026-08-31T15:32:52.239852+00:00,LibGen,LibGen.bz,DEGRADED,200,3294,latency_high,
2026-08-31T15:33:50.458098+00:00,LibGen,LibGen.bz,UP,200,868,,
2026-08-31T15:34:51.882137+00:00,LibGen,LibGen.bz,UP,200,1010,,
2026-08-31T15:35:52.919899+00:00,LibGen,LibGen.bz,UP,200,277,,
2026-08-31T15:36:51.526031+00:00,LibGen,LibGen.bz,UP,200,337,,
2026-08-31T15:37:52.771832+00:00,LibGen,LibGen.bz,UP,200,782,,
2026-08-31T15:38:54.718486+00:00,LibGen,LibGen.bz,UP,200,917,,
2026-08-31T15:39:54.559974+00:00,LibGen,LibGen.bz,UP,200,751,,
2026-08-31T15:40:55.348973+00:00,LibGen,LibGen.bz,UP,200,838,,
2026-08-31T15:41:55.785137+00:00,LibGen,LibGen.bz,UP,200,823,,
2026-08-31T15:42:55.681008+00:00,LibGen,LibGen.bz,UP,200,646,,
2026-08-31T15:43:55.375961+00:00,LibGen,LibGen.bz,UP,200,334,,
2026-08-31T15:44:57.093488+00:00,LibGen,LibGen.bz,UP,200,746,,
2026-08-31T15:45:56.728910+00:00,LibGen,LibGen.bz,UP,200,916,,
2026-08-31T15:47:00.385011+00:00,LibGen,LibGen.bz,DEGRADED,200,4033,latency_high,
2026-08-31T15:47:59.095034+00:00,LibGen,LibGen.bz,UP,200,1749,,
2026-08-31T15:48:58.842193+00:00,LibGen,LibGen.bz,UP,200,912,,
2026-08-31T15:50:00.206527+00:00,LibGen,LibGen.bz,UP,200,1306,,
2026-08-31T15:51:00.333624+00:00,LibGen,LibGen.bz,UP,200,736,,
2026-08-31T15:52:01.967361+00:00,LibGen,LibGen.bz,UP,200,1138,,
2026-08-31T15:53:01.927231+00:00,LibGen,LibGen.bz,UP,200,911,,
2026-08-31T15:54:01.710922+00:00,LibGen,LibGen.bz,UP,200,1443,,
2026-08-31T15:55:01.716661+00:00,LibGen,LibGen.bz,UP,200,891,,
2026-08-31T15:56:02.117918+00:00,LibGen,LibGen.bz,UP,200,831,,
2026-08-31T15:57:03.317790+00:00,LibGen,LibGen.bz,UP,200,1010,,
2026-08-31T15:58:04.083651+00:00,LibGen,LibGen.bz,UP,200,789,,
2026-08-31T15:59:04.159864+00:00,LibGen,LibGen.bz,UP,200,783,,
2026-08-31T16:00:05.167632+00:00,LibGen,LibGen.bz,UP,200,1326,,
2026-08-31T16:01:05.776061+00:00,LibGen,LibGen.bz,UP,200,719,,
2026-08-31T16:02:07.002048+00:00,LibGen,LibGen.bz,UP,200,829,,
2026-08-31T16:03:06.856564+00:00,LibGen,LibGen.bz,UP,200,1173,,
2026-08-31T16:04:07.377768+00:00,LibGen,LibGen.bz,UP,200,841,,
2026-08-31T16:05:08.264365+00:00,LibGen,LibGen.bz,UP,200,1117,,
2026-08-31T16:06:08.505314+00:00,LibGen,LibGen.bz,UP,200,1014,,
2026-08-31T16:07:10.820501+00:00,LibGen,LibGen.bz,UP,200,1235,,
2026-08-31T16:08:09.325519+00:00,LibGen,LibGen.bz,UP,200,828,,
2026-08-31T16:09:32.014250+00:00,LibGen,LibGen.bz,DOWN,,,connection_refused,
2026-08-31T16:10:10.701581+00:00,LibGen,LibGen.bz,UP,200,806,,
2026-08-31T16:11:10.585446+00:00,LibGen,LibGen.bz,UP,200,781,,
2026-08-31T16:12:10.891325+00:00,LibGen,LibGen.bz,UP,200,799,,
2026-08-31T16:13:11.301552+00:00,LibGen,LibGen.bz,UP,200,767,,
2026-08-31T16:14:12.002676+00:00,LibGen,LibGen.bz,UP,200,828,,
2026-08-31T16:15:11.690215+00:00,LibGen,LibGen.bz,UP,200,689,,
2026-08-31T16:16:12.987386+00:00,LibGen,LibGen.bz,UP,200,709,,
2026-08-31T16:17:13.011769+00:00,LibGen,LibGen.bz,UP,200,764,,
2026-08-31T16:18:14.269844+00:00,LibGen,LibGen.bz,UP,200,792,,
2026-08-31T16:19:14.753319+00:00,LibGen,LibGen.bz,UP,200,739,,
2026-08-31T16:20:16.089523+00:00,LibGen,LibGen.bz,UP,200,984,,
2026-08-31T16:21:16.566207+00:00,LibGen,LibGen.bz,UP,200,1073,,
2026-08-31T16:22:16.684478+00:00,LibGen,LibGen.bz,UP,200,722,,
2026-08-31T16:23:17.540323+00:00,LibGen,LibGen.bz,UP,200,886,,
2026-08-31T16:24:18.322835+00:00,LibGen,LibGen.bz,UP,200,1017,,
2026-08-31T16:25:17.948454+00:00,LibGen,LibGen.bz,UP,200,720,,
2026-08-31T16:26:18.388149+00:00,LibGen,LibGen.bz,UP,200,732,,
2026-08-31T16:27:19.721974+00:00,LibGen,LibGen.bz,UP,200,1217,,
2026-08-31T16:28:18.931924+00:00,LibGen,LibGen.bz,UP,200,779,,
2026-08-31T16:29:19.493676+00:00,LibGen,LibGen.bz,UP,200,882,,
2026-08-31T16:30:20.099988+00:00,LibGen,LibGen.bz,UP,200,943,,
2026-08-31T16:31:20.281061+00:00,LibGen,LibGen.bz,UP,200,1525,,
2026-08-31T16:32:19.769338+00:00,LibGen,LibGen.bz,UP,200,292,,
2026-08-31T16:33:20.737518+00:00,LibGen,LibGen.bz,UP,200,841,,
2026-08-31T16:34:20.559649+00:00,LibGen,LibGen.bz,UP,200,327,,
2026-08-31T16:35:22.570374+00:00,LibGen,LibGen.bz,UP,200,1201,,
2026-08-31T16:36:22.456842+00:00,LibGen,LibGen.bz,UP,200,694,,
2026-08-31T16:37:26.037463+00:00,LibGen,LibGen.bz,DEGRADED,200,3832,latency_high,
2026-08-31T16:38:23.472448+00:00,LibGen,LibGen.bz,UP,200,628,,
2026-08-31T16:39:23.647805+00:00,LibGen,LibGen.bz,UP,200,794,,
2026-08-31T16:40:24.313036+00:00,LibGen,LibGen.bz,UP,200,924,,
2026-08-31T16:41:24.708759+00:00,LibGen,LibGen.bz,UP,200,753,,
2026-08-31T16:42:24.958352+00:00,LibGen,LibGen.bz,UP,200,780,,
2026-08-31T16:43:25.802004+00:00,LibGen,LibGen.bz,UP,200,767,,
2026-08-31T16:44:26.870526+00:00,LibGen,LibGen.bz,UP,200,962,,
2026-08-31T16:45:30.706002+00:00,LibGen,LibGen.bz,DEGRADED,200,3848,latency_high,
2026-08-31T16:46:50.892315+00:00,LibGen,LibGen.bz,DOWN,,,connection_refused,
2026-08-31T16:47:29.423484+00:00,LibGen,LibGen.bz,UP,200,1171,,
2026-08-31T16:48:29.133259+00:00,LibGen,LibGen.bz,UP,200,860,,
2026-08-31T16:49:29.593679+00:00,LibGen,LibGen.bz,UP,200,809,,
2026-08-31T16:50:30.248638+00:00,LibGen,LibGen.bz,UP,200,892,,
2026-08-31T16:51:31.081092+00:00,LibGen,LibGen.bz,UP,200,915,,
2026-08-31T16:52:31.683672+00:00,LibGen,LibGen.bz,UP,200,1315,,
2026-08-31T16:53:31.701860+00:00,LibGen,LibGen.bz,UP,200,941,,
2026-08-31T16:54:31.581539+00:00,LibGen,LibGen.bz,UP,200,701,,
2026-08-31T16:55:31.873830+00:00,LibGen,LibGen.bz,UP,200,982,,
2026-08-31T16:56:31.796058+00:00,LibGen,LibGen.bz,DOWN,,,connection_refused,
2026-08-31T16:57:33.363715+00:00,LibGen,LibGen.bz,UP,200,1258,,
2026-08-31T16:58:33.303614+00:00,LibGen,LibGen.bz,UP,200,946,,
2026-08-31T16:59:33.281332+00:00,LibGen,LibGen.bz,UP,200,758,,
2026-08-31T17:00:34.117569+00:00,LibGen,LibGen.bz,UP,200,1012,,
2026-08-31T17:01:33.968183+00:00,LibGen,LibGen.bz,UP,200,288,,
2026-08-31T17:02:35.181469+00:00,LibGen,LibGen.bz,UP,200,1235,,
2026-08-31T17:03:34.974344+00:00,LibGen,LibGen.bz,UP,200,719,,
2026-08-31T17:04:40.408989+00:00,LibGen,LibGen.bz,DEGRADED,200,3855,latency_high,
2026-08-31T17:05:35.213222+00:00,LibGen,LibGen.bz,UP,200,748,,
2026-08-31T17:06:35.831611+00:00,LibGen,LibGen.bz,UP,200,749,,
2026-08-31T17:07:36.252871+00:00,LibGen,LibGen.bz,UP,200,632,,
2026-08-31T17:08:37.630432+00:00,LibGen,LibGen.bz,UP,200,989,,
2026-08-31T17:09:37.564067+00:00,LibGen,LibGen.bz,UP,200,746,,
2026-08-31T17:10:38.044394+00:00,LibGen,LibGen.bz,UP,200,772,,
2026-08-31T17:11:38.258859+00:00,LibGen,LibGen.bz,UP,200,772,,
2026-08-31T17:12:39.131084+00:00,LibGen,LibGen.bz,UP,200,725,,
2026-08-31T17:13:39.131852+00:00,LibGen,LibGen.bz,UP,200,1050,,
2026-08-31T17:14:39.881166+00:00,LibGen,LibGen.bz,UP,200,914,,
2026-08-31T17:15:39.915943+00:00,LibGen,LibGen.bz,UP,200,783,,
2026-08-31T17:16:39.748263+00:00,LibGen,LibGen.bz,UP,200,846,,
2026-08-31T17:17:40.008299+00:00,LibGen,LibGen.bz,UP,200,666,,
2026-08-31T17:18:40.622975+00:00,LibGen,LibGen.bz,UP,200,805,,
2026-08-31T17:19:40.076914+00:00,LibGen,LibGen.bz,UP,200,234,,
2026-08-31T17:20:41.444556+00:00,LibGen,LibGen.bz,UP,200,712,,
2026-08-31T17:21:42.743765+00:00,LibGen,LibGen.bz,UP,200,797,,
2026-08-31T17:22:41.971861+00:00,LibGen,LibGen.bz,UP,200,792,,
2026-08-31T17:23:43.068136+00:00,LibGen,LibGen.bz,UP,200,708,,
2026-08-31T17:24:45.612943+00:00,LibGen,LibGen.bz,DEGRADED,200,3927,latency_high,
2026-08-31T17:25:43.343669+00:00,LibGen,LibGen.bz,UP,200,739,,
2026-08-31T17:26:44.689916+00:00,LibGen,LibGen.bz,UP,200,1080,,
2026-08-31T17:27:46.253371+00:00,LibGen,LibGen.bz,UP,200,824,,
2026-08-31T17:28:49.029950+00:00,LibGen,LibGen.bz,UP,200,2807,,
2026-08-31T17:29:48.074881+00:00,LibGen,LibGen.bz,UP,200,824,,
2026-08-31T17:30:46.960040+00:00,LibGen,LibGen.bz,UP,200,306,,
2026-08-31T17:31:47.825327+00:00,LibGen,LibGen.bz,UP,200,896,,
2026-08-31T17:32:50.513664+00:00,LibGen,LibGen.bz,UP,200,2945,,
2026-08-31T17:33:48.249666+00:00,LibGen,LibGen.bz,UP,200,751,,
2026-08-31T17:35:09.396240+00:00,LibGen,LibGen.bz,DOWN,,,connection_refused,
2026-08-31T17:35:49.418126+00:00,LibGen,LibGen.bz,UP,200,858,,
2026-08-31T17:36:50.234542+00:00,LibGen,LibGen.bz,UP,200,274,,
2026-08-31T17:37:50.750192+00:00,LibGen,LibGen.bz,UP,200,861,,
2026-08-31T17:38:51.251356+00:00,LibGen,LibGen.bz,UP,200,1031,,
2026-08-31T17:40:11.864442+00:00,LibGen,LibGen.bz,DOWN,,,connection_refused,
2026-08-31T17:40:51.532465+00:00,LibGen,LibGen.bz,UP,200,872,,
2026-08-31T17:41:51.979395+00:00,LibGen,LibGen.bz,UP,200,784,,
2026-08-31T17:42:51.656914+00:00,LibGen,LibGen.bz,UP,200,827,,
2026-08-31T17:43:51.756199+00:00,LibGen,LibGen.bz,UP,200,680,,
2026-08-31T17:44:52.919047+00:00,LibGen,LibGen.bz,UP,200,922,,
2026-08-31T17:45:53.538313+00:00,LibGen,LibGen.bz,UP,200,1073,,
2026-08-31T17:46:53.176744+00:00,LibGen,LibGen.bz,UP,200,996,,
2026-08-31T17:47:52.998097+00:00,LibGen,LibGen.bz,UP,200,298,,
2026-08-31T17:48:54.438024+00:00,LibGen,LibGen.bz,UP,200,1467,,
2026-08-31T17:49:53.879859+00:00,LibGen,LibGen.bz,UP,200,824,,
2026-08-31T17:51:14.363050+00:00,LibGen,LibGen.bz,DOWN,,,connection_refused,
2026-08-31T17:51:54.373224+00:00,LibGen,LibGen.bz,UP,200,738,,
2026-08-31T17:52:55.240895+00:00,LibGen,LibGen.bz,UP,200,903,,
2026-08-31T17:53:55.215123+00:00,LibGen,LibGen.bz,UP,200,838,,
2026-08-31T17:55:15.911327+00:00,LibGen,LibGen.bz,DOWN,,,connection_refused,
2026-08-31T17:55:55.636881+00:00,LibGen,LibGen.bz,UP,200,603,,
2026-08-31T17:56:56.928702+00:00,LibGen,LibGen.bz,UP,200,2044,,
2026-08-31T17:57:56.414948+00:00,LibGen,LibGen.bz,UP,200,730,,
2026-08-31T17:58:57.413738+00:00,LibGen,LibGen.bz,UP,200,1399,,
2026-08-31T17:59:57.582635+00:00,LibGen,LibGen.bz,UP,200,888,,
2026-08-31T18:00:57.796597+00:00,LibGen,LibGen.bz,UP,200,956,,
2026-08-31T18:01:57.799816+00:00,LibGen,LibGen.bz,UP,200,935,,
2026-08-31T18:02:57.459231+00:00,LibGen,LibGen.bz,UP,200,292,,
2026-08-31T18:04:00.178164+00:00,LibGen,LibGen.bz,UP,200,2314,,
2026-08-31T18:04:58.949826+00:00,LibGen,LibGen.bz,UP,200,1144,,
2026-08-31T18:05:58.861625+00:00,LibGen,LibGen.bz,UP,200,870,,
2026-08-31T18:07:00.430999+00:00,LibGen,LibGen.bz,UP,200,1147,,
2026-08-31T18:08:00.233595+00:00,LibGen,LibGen.bz,UP,200,744,,
2026-08-31T18:09:00.469303+00:00,LibGen,LibGen.bz,UP,200,841,,
2026-08-31T18:10:00.196363+00:00,LibGen,LibGen.bz,UP,200,332,,
2026-08-31T18:11:02.102141+00:00,LibGen,LibGen.bz,UP,200,997,,
2026-08-31T18:12:01.604480+00:00,LibGen,LibGen.bz,UP,200,789,,
2026-08-31T18:13:21.784883+00:00,LibGen,LibGen.bz,DOWN,,,connection_refused,
2026-08-31T18:14:01.731207+00:00,LibGen,LibGen.bz,UP,200,869,,
2026-08-31T18:15:03.236501+00:00,LibGen,LibGen.bz,UP,200,1382,,
2026-08-31T18:16:03.043320+00:00,LibGen,LibGen.bz,UP,200,800,,
2026-08-31T18:17:02.997729+00:00,LibGen,LibGen.bz,UP,200,290,,
2026-08-31T18:18:23.773104+00:00,LibGen,LibGen.bz,DOWN,,,connection_refused,
2026-08-31T18:19:04.462945+00:00,LibGen,LibGen.bz,UP,200,1131,,
2026-08-31T18:20:05.618752+00:00,LibGen,LibGen.bz,UP,200,1377,,
2026-08-31T18:21:04.958876+00:00,LibGen,LibGen.bz,UP,200,842,,
2026-08-31T18:22:05.635088+00:00,LibGen,LibGen.bz,UP,200,823,,
2026-08-31T18:23:05.644397+00:00,LibGen,LibGen.bz,UP,200,712,,
2026-08-31T18:24:05.975684+00:00,LibGen,LibGen.bz,UP,200,923,,
2026-08-31T18:25:06.733777+00:00,LibGen,LibGen.bz,UP,200,1285,,
2026-08-31T18:26:06.567408+00:00,LibGen,LibGen.bz,UP,200,796,,
2026-08-31T18:27:07.106805+00:00,LibGen,LibGen.bz,UP,200,883,,
2026-08-31T18:28:07.616110+00:00,LibGen,LibGen.bz,UP,200,817,,
2026-08-31T18:29:08.837650+00:00,LibGen,LibGen.bz,UP,200,816,,
2026-08-31T18:30:08.221895+00:00,LibGen,LibGen.bz,UP,200,1113,,
2026-08-31T18:31:08.798450+00:00,LibGen,LibGen.bz,UP,200,989,,
2026-08-31T18:32:08.885954+00:00,LibGen,LibGen.bz,UP,200,646,,
2026-08-31T18:33:09.939656+00:00,LibGen,LibGen.bz,UP,200,1592,,
2026-08-31T18:34:09.661175+00:00,LibGen,LibGen.bz,UP,200,815,,
2026-08-31T18:35:11.564072+00:00,LibGen,LibGen.bz,UP,200,1273,,
2026-08-31T18:36:10.203567+00:00,LibGen,LibGen.bz,UP,200,823,,
2026-08-31T18:37:11.683608+00:00,LibGen,LibGen.bz,UP,200,1141,,
2026-08-31T18:38:10.862217+00:00,LibGen,LibGen.bz,UP,200,701,,
2026-08-31T18:39:11.492878+00:00,LibGen,LibGen.bz,UP,200,752,,
2026-08-31T18:40:11.479738+00:00,LibGen,LibGen.bz,UP,200,891,,
2026-08-31T18:41:12.107078+00:00,LibGen,LibGen.bz,UP,200,1239,,
2026-08-31T18:42:12.546180+00:00,LibGen,LibGen.bz,UP,200,830,,
2026-08-31T18:43:12.982080+00:00,LibGen,LibGen.bz,UP,200,811,,
2026-08-31T18:44:12.589744+00:00,LibGen,LibGen.bz,UP,200,868,,
2026-08-31T18:45:13.182656+00:00,LibGen,LibGen.bz,UP,200,1060,,
2026-08-31T18:46:13.964499+00:00,LibGen,LibGen.bz,UP,200,1213,,
2026-08-31T18:47:13.649926+00:00,LibGen,LibGen.bz,UP,200,282,,
2026-08-31T18:48:15.309206+00:00,LibGen,LibGen.bz,UP,200,844,,
2026-08-31T18:49:15.316947+00:00,LibGen,LibGen.bz,UP,200,1223,,
2026-08-31T18:50:15.443149+00:00,LibGen,LibGen.bz,UP,200,846,,
2026-08-31T18:51:36.027005+00:00,LibGen,LibGen.bz,DOWN,,,connection_refused,
2026-08-31T18:52:16.499697+00:00,LibGen,LibGen.bz,UP,200,989,,
2026-08-31T18:53:16.863224+00:00,LibGen,LibGen.bz,UP,200,896,,
2026-08-31T18:54:18.247259+00:00,LibGen,LibGen.bz,UP,200,1202,,
2026-08-31T18:55:18.458085+00:00,LibGen,LibGen.bz,UP,200,1100,,
2026-08-31T18:56:20.114768+00:00,LibGen,LibGen.bz,UP,200,702,,
2026-08-31T18:57:18.372526+00:00,LibGen,LibGen.bz,UP,200,645,,
2026-08-31T18:58:19.909809+00:00,LibGen,LibGen.bz,UP,200,1145,,
2026-08-31T18:59:20.271712+00:00,LibGen,LibGen.bz,UP,200,793,,
2026-08-31T19:00:19.605067+00:00,LibGen,LibGen.bz,UP,200,823,,
2026-08-31T19:01:20.052878+00:00,LibGen,LibGen.bz,UP,200,712,,
2026-08-31T19:02:20.432002+00:00,LibGen,LibGen.bz,UP,200,752,,
2026-08-31T19:03:21.604252+00:00,LibGen,LibGen.bz,UP,200,940,,
2026-08-31T19:04:22.040630+00:00,LibGen,LibGen.bz,UP,200,813,,
2026-08-31T19:05:25.047507+00:00,LibGen,LibGen.bz,DEGRADED,200,3786,latency_high,
2026-08-31T19:06:22.025089+00:00,LibGen,LibGen.bz,UP,200,1158,,
2026-08-31T19:07:23.133541+00:00,LibGen,LibGen.bz,UP,200,744,,
2026-08-31T19:08:22.956580+00:00,LibGen,LibGen.bz,UP,200,1075,,
2026-08-31T19:09:23.335521+00:00,LibGen,LibGen.bz,UP,200,867,,
2026-08-31T19:10:24.509551+00:00,LibGen,LibGen.bz,UP,200,1270,,
2026-08-31T19:11:23.614621+00:00,LibGen,LibGen.bz,UP,200,685,,
2026-08-31T19:12:23.989774+00:00,LibGen,LibGen.bz,UP,200,720,,
2026-08-31T19:13:24.729503+00:00,LibGen,LibGen.bz,UP,200,830,,
2026-08-31T19:14:25.414856+00:00,LibGen,LibGen.bz,UP,200,691,,
2026-08-31T19:15:25.595601+00:00,LibGen,LibGen.bz,UP,200,761,,
2026-08-31T19:16:26.465928+00:00,LibGen,LibGen.bz,UP,200,920,,
2026-08-31T19:17:29.113392+00:00,LibGen,LibGen.bz,UP,200,1167,,
2026-08-31T19:18:28.437005+00:00,LibGen,LibGen.bz,UP,200,896,,
2026-08-31T19:19:27.708794+00:00,LibGen,LibGen.bz,UP,200,898,,
2026-08-31T19:20:28.228463+00:00,LibGen,LibGen.bz,UP,200,905,,
2026-08-31T19:21:28.103424+00:00,LibGen,LibGen.bz,UP,200,710,,
2026-08-31T19:22:29.272620+00:00,LibGen,LibGen.bz,UP,200,711,,
2026-08-31T19:23:28.856092+00:00,LibGen,LibGen.bz,UP,200,1072,,
2026-08-31T19:24:29.174024+00:00,LibGen,LibGen.bz,UP,200,612,,
2026-08-31T19:25:29.830198+00:00,LibGen,LibGen.bz,UP,200,800,,
2026-08-31T19:26:31.012884+00:00,LibGen,LibGen.bz,UP,200,1387,,
2026-08-31T19:27:30.939854+00:00,LibGen,LibGen.bz,UP,200,972,,
2026-08-31T19:28:31.709644+00:00,LibGen,LibGen.bz,UP,200,774,,
2026-08-31T19:29:33.440876+00:00,LibGen,LibGen.bz,UP,200,755,,
2026-08-31T19:30:33.205757+00:00,LibGen,LibGen.bz,UP,200,913,,
2026-08-31T19:31:33.081524+00:00,LibGen,LibGen.bz,UP,200,701,,
2026-08-31T19:32:53.607888+00:00,LibGen,LibGen.bz,DOWN,,,connection_refused,
2026-08-31T19:33:35.139561+00:00,LibGen,LibGen.bz,UP,200,2335,,
2026-08-31T19:34:54.776979+00:00,LibGen,LibGen.bz,DOWN,,,connection_refused,
2026-08-31T19:35:35.155945+00:00,LibGen,LibGen.bz,UP,200,693,,
2026-08-31T19:36:34.923003+00:00,LibGen,LibGen.bz,UP,200,843,,
2026-08-31T19:37:34.935392+00:00,LibGen,LibGen.bz,UP,200,633,,
2026-08-31T19:38:35.477699+00:00,LibGen,LibGen.bz,UP,200,660,,
2026-08-31T19:39:38.045307+00:00,LibGen,LibGen.bz,UP,200,2911,,
2026-08-31T19:40:36.141221+00:00,LibGen,LibGen.bz,UP,200,781,,
2026-08-31T19:41:36.365131+00:00,LibGen,LibGen.bz,UP,200,959,,
2026-08-31T19:42:36.349674+00:00,LibGen,LibGen.bz,UP,200,744,,
2026-08-31T19:43:35.918355+00:00,LibGen,LibGen.bz,UP,200,292,,
2026-08-31T19:44:37.273794+00:00,LibGen,LibGen.bz,UP,200,1001,,
2026-08-31T19:45:37.985472+00:00,LibGen,LibGen.bz,UP,200,729,,
2026-08-31T19:47:00.800380+00:00,LibGen,LibGen.bz,DOWN,,,connection_refused,
2026-08-31T19:47:38.647155+00:00,LibGen,LibGen.bz,UP,200,625,,
2026-08-31T19:48:39.497714+00:00,LibGen,LibGen.bz,UP,200,740,,
2026-08-31T19:49:40.501611+00:00,LibGen,LibGen.bz,UP,200,765,,
2026-08-31T19:51:02.942470+00:00,LibGen,LibGen.bz,DOWN,,,connection_refused,
2026-08-31T19:51:43.891842+00:00,LibGen,LibGen.bz,UP,200,2034,,
2026-08-31T19:52:41.718093+00:00,LibGen,LibGen.bz,UP,200,641,,
2026-08-31T19:53:45.527746+00:00,LibGen,LibGen.bz,DEGRADED,200,3799,latency_high,
2026-08-31T19:55:02.674887+00:00,LibGen,LibGen.bz,DOWN,,,connection_refused,
2026-08-31T19:55:43.867189+00:00,LibGen,LibGen.bz,UP,200,2128,,
2026-08-31T19:56:43.045174+00:00,LibGen,LibGen.bz,UP,200,866,,
2026-08-31T19:57:43.126407+00:00,LibGen,LibGen.bz,UP,200,743,,
2026-08-31T19:58:43.810515+00:00,LibGen,LibGen.bz,UP,200,831,,
2026-08-31T19:59:43.450817+00:00,LibGen,LibGen.bz,UP,200,260,,
2026-08-31T20:00:45.133383+00:00,LibGen,LibGen.bz,UP,200,1767,,
2026-08-31T20:01:45.053533+00:00,LibGen,LibGen.bz,UP,200,794,,
2026-08-31T20:02:45.496498+00:00,LibGen,LibGen.bz,UP,200,1038,,
2026-08-31T20:03:45.268995+00:00,LibGen,LibGen.bz,UP,200,309,,
2026-08-31T20:04:45.297133+00:00,LibGen,LibGen.bz,UP,200,628,,
2026-08-31T20:05:45.950545+00:00,LibGen,LibGen.bz,UP,200,824,,
2026-08-31T20:06:46.742854+00:00,LibGen,LibGen.bz,UP,200,728,,
2026-08-31T20:07:51.876935+00:00,LibGen,LibGen.bz,DEGRADED,200,4558,latency_high,
2026-08-31T20:08:48.389569+00:00,LibGen,LibGen.bz,UP,200,1849,,
2026-08-31T20:09:48.213571+00:00,LibGen,LibGen.bz,UP,200,715,,
2026-08-31T20:10:49.123918+00:00,LibGen,LibGen.bz,UP,200,781,,
2026-08-31T20:11:50.480437+00:00,LibGen,LibGen.bz,UP,200,1257,,
2026-08-31T20:12:49.746553+00:00,LibGen,LibGen.bz,UP,200,793,,
2026-08-31T20:13:55.777844+00:00,LibGen,LibGen.bz,DEGRADED,200,5573,latency_high,
2026-08-31T20:14:51.351919+00:00,LibGen,LibGen.bz,UP,200,1514,,
2026-08-31T20:15:51.361569+00:00,LibGen,LibGen.bz,UP,200,731,,
2026-08-31T20:16:51.260372+00:00,LibGen,LibGen.bz,UP,200,731,,
2026-08-31T20:17:52.343994+00:00,LibGen,LibGen.bz,UP,200,1022,,
2026-08-31T20:18:52.116952+00:00,LibGen,LibGen.bz,UP,200,656,,
2026-08-31T20:19:53.410508+00:00,LibGen,LibGen.bz,UP,200,1039,,
2026-08-31T20:20:54.519890+00:00,LibGen,LibGen.bz,UP,200,611,,
2026-08-31T20:21:55.011831+00:00,LibGen,LibGen.bz,UP,200,701,,
2026-08-31T20:22:54.608839+00:00,LibGen,LibGen.bz,UP,200,559,,
2026-08-31T20:23:54.791088+00:00,LibGen,LibGen.bz,UP,200,744,,
2026-08-31T20:24:55.993915+00:00,LibGen,LibGen.bz,UP,200,609,,
2026-08-31T20:25:57.337363+00:00,LibGen,LibGen.bz,UP,200,1001,,
2026-08-31T20:26:57.023656+00:00,LibGen,LibGen.bz,UP,200,662,,
2026-08-31T20:27:57.578837+00:00,LibGen,LibGen.bz,UP,200,786,,
2026-08-31T20:28:57.881917+00:00,LibGen,LibGen.bz,UP,200,677,,
2026-08-31T20:29:58.648659+00:00,LibGen,LibGen.bz,UP,200,638,,
2026-08-31T20:31:19.488837+00:00,LibGen,LibGen.bz,DOWN,,,connection_refused,
2026-08-31T20:32:00.080177+00:00,LibGen,LibGen.bz,UP,200,852,,
2026-08-31T20:33:00.627711+00:00,LibGen,LibGen.bz,UP,200,655,,
2026-08-31T20:34:00.216168+00:00,LibGen,LibGen.bz,UP,200,257,,
2026-08-31T20:35:02.329551+00:00,LibGen,LibGen.bz,UP,200,798,,
2026-08-31T20:36:02.266663+00:00,LibGen,LibGen.bz,UP,200,757,,
2026-08-31T20:37:21.930115+00:00,LibGen,LibGen.bz,DOWN,,,connection_refused,
2026-08-31T20:38:03.551021+00:00,LibGen,LibGen.bz,UP,200,908,,
2026-08-31T20:39:03.270814+00:00,LibGen,LibGen.bz,UP,200,808,,
2026-08-31T20:40:04.481608+00:00,LibGen,LibGen.bz,UP,200,1050,,
2026-08-31T20:41:04.304604+00:00,LibGen,LibGen.bz,UP,200,689,,
2026-08-31T20:42:05.134765+00:00,LibGen,LibGen.bz,UP,200,705,,
2026-08-31T20:43:05.597516+00:00,LibGen,LibGen.bz,UP,200,913,,
2026-08-31T20:44:05.628371+00:00,LibGen,LibGen.bz,UP,200,682,,
2026-08-31T20:45:06.621119+00:00,LibGen,LibGen.bz,UP,200,831,,
2026-08-31T20:46:06.937991+00:00,LibGen,LibGen.bz,UP,200,981,,
2026-08-31T20:47:07.499492+00:00,LibGen,LibGen.bz,UP,200,750,,
2026-08-31T20:48:08.096125+00:00,LibGen,LibGen.bz,UP,200,877,,
2026-08-31T20:49:08.416386+00:00,LibGen,LibGen.bz,UP,200,690,,
2026-08-31T20:50:09.729141+00:00,LibGen,LibGen.bz,UP,200,698,,
2026-08-31T20:51:10.727987+00:00,LibGen,LibGen.bz,UP,200,665,,
2026-08-31T20:52:10.540134+00:00,LibGen,LibGen.bz,UP,200,882,,
2026-08-31T20:53:11.678271+00:00,LibGen,LibGen.bz,UP,200,639,,
2026-08-31T20:54:11.878585+00:00,LibGen,LibGen.bz,UP,200,666,,
2026-08-31T20:55:13.488164+00:00,LibGen,LibGen.bz,UP,200,908,,
2026-08-31T20:56:15.961747+00:00,LibGen,LibGen.bz,UP,200,855,,
2026-08-31T20:57:13.894447+00:00,LibGen,LibGen.bz,UP,200,1011,,
2026-08-31T20:58:14.132863+00:00,LibGen,LibGen.bz,UP,200,858,,
2026-08-31T20:59:14.795386+00:00,LibGen,LibGen.bz,UP,200,620,,
2026-08-31T21:00:15.282710+00:00,LibGen,LibGen.bz,UP,200,871,,
2026-08-31T21:01:15.529910+00:00,LibGen,LibGen.bz,UP,200,669,,
2026-08-31T21:02:16.683963+00:00,LibGen,LibGen.bz,UP,200,726,,
2026-08-31T21:03:17.234222+00:00,LibGen,LibGen.bz,UP,200,707,,
2026-08-31T21:04:17.736524+00:00,LibGen,LibGen.bz,UP,200,687,,
2026-08-31T21:05:18.315429+00:00,LibGen,LibGen.bz,UP,200,737,,
2026-08-31T21:06:18.808427+00:00,LibGen,LibGen.bz,UP,200,724,,
2026-08-31T21:07:19.782334+00:00,LibGen,LibGen.bz,UP,200,743,,
2026-08-31T21:08:20.854395+00:00,LibGen,LibGen.bz,UP,200,745,,
2026-08-31T21:09:21.559239+00:00,LibGen,LibGen.bz,UP,200,674,,
2026-08-31T21:10:22.982239+00:00,LibGen,LibGen.bz,UP,200,800,,
2026-08-31T21:11:22.527837+00:00,LibGen,LibGen.bz,UP,200,683,,
2026-08-31T21:12:23.925430+00:00,LibGen,LibGen.bz,UP,200,798,,
2026-08-31T21:13:24.353783+00:00,LibGen,LibGen.bz,UP,200,761,,
2026-08-31T21:14:24.971815+00:00,LibGen,LibGen.bz,UP,200,607,,
2026-08-31T21:15:24.998027+00:00,LibGen,LibGen.bz,UP,200,766,,
2026-08-31T21:16:25.178905+00:00,LibGen,LibGen.bz,UP,200,691,,
2026-08-31T21:17:25.438931+00:00,LibGen,LibGen.bz,UP,200,666,,
2026-08-31T21:18:25.916857+00:00,LibGen,LibGen.bz,UP,200,596,,
2026-08-31T21:19:25.861323+00:00,LibGen,LibGen.bz,UP,200,843,,
2026-08-31T21:20:26.686143+00:00,LibGen,LibGen.bz,UP,200,724,,
2026-08-31T21:21:27.574997+00:00,LibGen,LibGen.bz,UP,200,659,,
2026-08-31T21:22:27.590835+00:00,LibGen,LibGen.bz,UP,200,611,,
2026-08-31T21:23:31.885972+00:00,LibGen,LibGen.bz,DEGRADED,200,3993,latency_high,
2026-08-31T21:24:29.086860+00:00,LibGen,LibGen.bz,UP,200,923,,
2026-08-31T21:25:28.883202+00:00,LibGen,LibGen.bz,UP,200,229,,
2026-08-31T21:26:29.659353+00:00,LibGen,LibGen.bz,UP,200,784,,
2026-08-31T21:27:30.254808+00:00,LibGen,LibGen.bz,UP,200,1200,,
2026-08-31T21:28:29.684717+00:00,LibGen,LibGen.bz,UP,200,713,,
2026-08-31T21:29:30.776699+00:00,LibGen,LibGen.bz,UP,200,851,,
2026-08-31T21:30:31.643545+00:00,LibGen,LibGen.bz,UP,200,769,,
2026-08-31T21:31:31.429834+00:00,LibGen,LibGen.bz,UP,200,701,,
2026-08-31T21:32:32.887550+00:00,LibGen,LibGen.bz,UP,200,819,,
2026-08-31T21:33:33.612523+00:00,LibGen,LibGen.bz,UP,200,596,,
2026-08-31T21:34:34.727983+00:00,LibGen,LibGen.bz,UP,200,707,,
2026-08-31T21:35:39.029750+00:00,LibGen,LibGen.bz,UP,200,259,,
2026-08-31T21:36:35.697933+00:00,LibGen,LibGen.bz,UP,200,693,,
2026-08-31T21:37:57.305440+00:00,LibGen,LibGen.bz,DOWN,,,connection_refused,
2026-08-31T21:38:37.003495+00:00,LibGen,LibGen.bz,UP,200,648,,
2026-08-31T21:39:37.480816+00:00,LibGen,LibGen.bz,UP,200,640,,
2026-08-31T21:40:37.776698+00:00,LibGen,LibGen.bz,UP,200,630,,
2026-08-31T21:41:39.186124+00:00,LibGen,LibGen.bz,UP,200,712,,
2026-08-31T21:42:39.832814+00:00,LibGen,LibGen.bz,UP,200,588,,
2026-08-31T21:43:40.952747+00:00,LibGen,LibGen.bz,UP,200,699,,
2026-08-31T21:44:41.315403+00:00,LibGen,LibGen.bz,UP,200,609,,
2026-08-31T21:45:41.894307+00:00,LibGen,LibGen.bz,UP,200,705,,
2026-08-31T21:46:42.506515+00:00,LibGen,LibGen.bz,UP,200,760,,
2026-08-31T21:47:43.799144+00:00,LibGen,LibGen.bz,UP,200,1045,,
2026-08-31T21:48:44.293357+00:00,LibGen,LibGen.bz,UP,200,1054,,
2026-08-31T21:50:05.183643+00:00,LibGen,LibGen.bz,DOWN,,,connection_refused,
2026-08-31T21:50:44.607516+00:00,LibGen,LibGen.bz,UP,200,805,,
2026-08-31T21:51:47.211497+00:00,LibGen,LibGen.bz,UP,200,977,,
2026-08-31T21:52:45.980000+00:00,LibGen,LibGen.bz,UP,200,702,,
2026-08-31T21:53:47.143501+00:00,LibGen,LibGen.bz,UP,200,855,,
2026-08-31T21:54:48.383471+00:00,LibGen,LibGen.bz,UP,200,687,,
2026-08-31T21:55:48.699515+00:00,LibGen,LibGen.bz,UP,200,628,,
2026-08-31T21:56:48.716890+00:00,LibGen,LibGen.bz,UP,200,612,,
2026-08-31T21:57:49.686033+00:00,LibGen,LibGen.bz,UP,200,674,,
2026-08-31T21:58:51.051225+00:00,LibGen,LibGen.bz,UP,200,976,,
2026-08-31T21:59:51.934845+00:00,LibGen,LibGen.bz,UP,200,1012,,
2026-08-31T22:00:53.056758+00:00,LibGen,LibGen.bz,UP,200,744,,
2026-08-31T22:01:52.646759+00:00,LibGen,LibGen.bz,UP,200,686,,
2026-08-31T22:02:53.147500+00:00,LibGen,LibGen.bz,UP,200,719,,
2026-08-31T22:03:53.314268+00:00,LibGen,LibGen.bz,UP,200,727,,
2026-08-31T22:04:54.324094+00:00,LibGen,LibGen.bz,UP,200,779,,
2026-08-31T22:05:54.240040+00:00,LibGen,LibGen.bz,UP,200,681,,
2026-08-31T22:06:54.716701+00:00,LibGen,LibGen.bz,UP,200,607,,
2026-08-31T22:07:55.726213+00:00,LibGen,LibGen.bz,UP,200,736,,
2026-08-31T22:08:55.675654+00:00,LibGen,LibGen.bz,UP,200,632,,
2026-08-31T22:09:55.583309+00:00,LibGen,LibGen.bz,UP,200,793,,
2026-08-31T22:10:56.069481+00:00,LibGen,LibGen.bz,UP,200,1045,,
2026-08-31T22:11:56.512770+00:00,LibGen,LibGen.bz,UP,200,794,,
2026-08-31T22:12:58.218336+00:00,LibGen,LibGen.bz,UP,200,2019,,
2026-08-31T22:13:57.364224+00:00,LibGen,LibGen.bz,DOWN,500,246,http_error,
2026-08-31T22:14:58.776054+00:00,LibGen,LibGen.bz,UP,200,675,,
2026-08-31T22:15:58.996568+00:00,LibGen,LibGen.bz,UP,200,628,,
2026-08-31T22:17:00.090505+00:00,LibGen,LibGen.bz,UP,200,692,,
2026-08-31T22:18:00.116302+00:00,LibGen,LibGen.bz,UP,200,613,,
2026-08-31T22:19:00.355547+00:00,LibGen,LibGen.bz,UP,200,787,,
2026-08-31T22:20:02.112195+00:00,LibGen,LibGen.bz,UP,200,1512,,
2026-08-31T22:21:01.346112+00:00,LibGen,LibGen.bz,UP,200,872,,
2026-08-31T22:22:02.244111+00:00,LibGen,LibGen.bz,UP,200,763,,
2026-08-31T22:23:01.859440+00:00,LibGen,LibGen.bz,UP,200,738,,
2026-08-31T22:24:01.914904+00:00,LibGen,LibGen.bz,UP,200,779,,
2026-08-31T22:25:03.018529+00:00,LibGen,LibGen.bz,UP,200,1012,,
2026-08-31T22:26:04.134485+00:00,LibGen,LibGen.bz,UP,200,1110,,
2026-08-31T22:27:03.800608+00:00,LibGen,LibGen.bz,UP,200,700,,
2026-08-31T22:28:04.439567+00:00,LibGen,LibGen.bz,DOWN,500,972,http_error,
2026-08-31T22:29:05.039658+00:00,LibGen,LibGen.bz,UP,200,654,,
2026-08-31T22:30:06.108733+00:00,LibGen,LibGen.bz,UP,200,745,,
2026-08-31T22:31:08.733742+00:00,LibGen,LibGen.bz,UP,200,675,,
2026-08-31T22:32:07.575925+00:00,LibGen,LibGen.bz,UP,200,742,,
2026-08-31T22:33:08.074481+00:00,LibGen,LibGen.bz,UP,200,706,,
2026-08-31T22:34:09.723135+00:00,LibGen,LibGen.bz,UP,200,750,,
2026-08-31T22:35:10.060565+00:00,LibGen,LibGen.bz,UP,200,866,,
2026-08-31T22:36:11.233417+00:00,LibGen,LibGen.bz,UP,200,728,,
2026-08-31T22:37:12.542361+00:00,LibGen,LibGen.bz,UP,200,603,,
2026-08-31T22:38:12.433983+00:00,LibGen,LibGen.bz,UP,200,865,,
2026-08-31T22:39:12.991447+00:00,LibGen,LibGen.bz,UP,200,1275,,
2026-08-31T22:40:14.068969+00:00,LibGen,LibGen.bz,UP,200,1034,,
2026-08-31T22:41:13.485716+00:00,LibGen,LibGen.bz,UP,200,800,,
2026-08-31T22:42:14.471679+00:00,LibGen,LibGen.bz,UP,200,891,,
2026-08-31T22:43:15.190601+00:00,LibGen,LibGen.bz,UP,200,734,,
2026-08-31T22:44:16.269738+00:00,LibGen,LibGen.bz,UP,200,724,,
2026-08-31T22:45:17.075261+00:00,LibGen,LibGen.bz,UP,200,847,,
2026-08-31T22:46:18.072732+00:00,LibGen,LibGen.bz,UP,200,862,,
2026-08-31T22:47:18.074208+00:00,LibGen,LibGen.bz,UP,200,837,,
2026-08-31T22:48:19.832856+00:00,LibGen,LibGen.bz,UP,200,1784,,
2026-08-31T22:49:19.256022+00:00,LibGen,LibGen.bz,DOWN,500,703,http_error,
2026-08-31T22:50:19.658530+00:00,LibGen,LibGen.bz,UP,200,846,,
2026-08-31T22:51:20.957064+00:00,LibGen,LibGen.bz,UP,200,1037,,
2026-08-31T22:52:21.239501+00:00,LibGen,LibGen.bz,UP,200,813,,
2026-08-31T22:53:42.869881+00:00,LibGen,LibGen.bz,DOWN,,,connection_refused,
2026-08-31T22:54:23.722188+00:00,LibGen,LibGen.bz,UP,200,1325,,
2026-08-31T22:55:24.723640+00:00,LibGen,LibGen.bz,UP,200,821,,
2026-08-31T22:56:26.143256+00:00,LibGen,LibGen.bz,UP,200,859,,
2026-08-31T22:57:25.973941+00:00,LibGen,LibGen.bz,UP,200,956,,
2026-08-31T22:58:27.189369+00:00,LibGen,LibGen.bz,UP,200,778,,
2026-08-31T22:59:27.763144+00:00,LibGen,LibGen.bz,UP,200,852,,
2026-08-31T23:00:28.884993+00:00,LibGen,LibGen.bz,UP,200,1021,,
2026-08-31T23:01:29.072363+00:00,LibGen,LibGen.bz,UP,200,818,,
2026-08-31T23:02:29.456109+00:00,LibGen,LibGen.bz,UP,200,809,,
2026-08-31T23:03:29.507972+00:00,LibGen,LibGen.bz,UP,200,795,,
2026-08-31T23:04:30.417741+00:00,LibGen,LibGen.bz,UP,200,899,,
2026-08-31T23:05:29.967895+00:00,LibGen,LibGen.bz,UP,200,794,,
2026-08-31T23:06:30.374547+00:00,LibGen,LibGen.bz,UP,200,727,,
2026-08-31T23:07:31.304237+00:00,LibGen,LibGen.bz,UP,200,1065,,
2026-08-31T23:08:31.922845+00:00,LibGen,LibGen.bz,UP,200,1401,,
2026-08-31T23:09:32.052767+00:00,LibGen,LibGen.bz,UP,200,803,,
2026-08-31T23:10:32.826649+00:00,LibGen,LibGen.bz,UP,200,913,,
2026-08-31T23:11:33.592100+00:00,LibGen,LibGen.bz,UP,200,1061,,
2026-08-31T23:12:35.910309+00:00,LibGen,LibGen.bz,DEGRADED,200,3482,latency_high,
2026-08-31T23:13:34.100923+00:00,LibGen,LibGen.bz,UP,200,695,,
2026-08-31T23:14:35.246558+00:00,LibGen,LibGen.bz,UP,200,714,,
2026-08-31T23:15:35.581326+00:00,LibGen,LibGen.bz,DOWN,500,699,http_error,
2026-08-31T23:16:35.684760+00:00,LibGen,LibGen.bz,UP,200,664,,
2026-08-31T23:17:37.977812+00:00,LibGen,LibGen.bz,UP,200,1173,,
2026-08-31T23:18:38.133143+00:00,LibGen,LibGen.bz,UP,200,2209,,
2026-08-31T23:19:44.709808+00:00,LibGen,LibGen.bz,DEGRADED,200,8371,latency_high,
2026-08-31T23:20:37.498955+00:00,LibGen,LibGen.bz,UP,200,709,,
2026-08-31T23:21:44.276982+00:00,LibGen,LibGen.bz,DEGRADED,200,7446,latency_high,
2026-08-31T23:22:39.219043+00:00,LibGen,LibGen.bz,UP,200,2107,,
2026-08-31T23:23:38.230256+00:00,LibGen,LibGen.bz,UP,200,570,,
2026-08-31T23:24:38.928585+00:00,LibGen,LibGen.bz,UP,200,804,,
2026-08-31T23:25:39.678530+00:00,LibGen,LibGen.bz,UP,200,1919,,
2026-08-31T23:26:39.541822+00:00,LibGen,LibGen.bz,UP,200,815,,
2026-08-31T23:27:39.561428+00:00,LibGen,LibGen.bz,UP,200,754,,
2026-08-31T23:28:41.680328+00:00,LibGen,LibGen.bz,UP,200,1528,,
2026-08-31T23:29:41.710651+00:00,LibGen,LibGen.bz,UP,200,674,,
2026-08-31T23:30:41.723667+00:00,LibGen,LibGen.bz,UP,200,1005,,
2026-08-31T23:31:43.984453+00:00,LibGen,LibGen.bz,UP,200,2191,,
2026-08-31T23:32:42.144064+00:00,LibGen,LibGen.bz,UP,200,702,,
2026-08-31T23:33:42.177810+00:00,LibGen,LibGen.bz,UP,200,727,,
2026-08-31T23:34:42.813695+00:00,LibGen,LibGen.bz,UP,200,750,,
2026-08-31T23:35:42.963942+00:00,LibGen,LibGen.bz,UP,200,777,,
2026-08-31T23:37:03.897983+00:00,LibGen,LibGen.bz,DOWN,,,connection_refused,
2026-08-31T23:37:44.982086+00:00,LibGen,LibGen.bz,UP,200,733,,
2026-08-31T23:38:47.052018+00:00,LibGen,LibGen.bz,UP,200,786,,
2026-08-31T23:39:46.118708+00:00,LibGen,LibGen.bz,UP,200,747,,
2026-08-31T23:40:47.138209+00:00,LibGen,LibGen.bz,UP,200,691,,
2026-08-31T23:41:48.042565+00:00,LibGen,LibGen.bz,UP,200,747,,
2026-08-31T23:42:48.554520+00:00,LibGen,LibGen.bz,UP,200,386,,
2026-08-31T23:43:49.926203+00:00,LibGen,LibGen.bz,UP,200,897,,
2026-08-31T23:44:51.160493+00:00,LibGen,LibGen.bz,UP,200,1153,,
2026-08-31T23:45:51.705599+00:00,LibGen,LibGen.bz,UP,200,1115,,
2026-08-31T23:46:51.379954+00:00,LibGen,LibGen.bz,UP,200,741,,
2026-08-31T23:47:52.115977+00:00,LibGen,LibGen.bz,UP,200,881,,
2026-08-31T23:48:52.165970+00:00,LibGen,LibGen.bz,UP,200,431,,
2026-08-31T23:49:57.064989+00:00,LibGen,LibGen.bz,DEGRADED,200,4754,latency_high,
2026-08-31T23:50:52.952646+00:00,LibGen,LibGen.bz,UP,200,1326,,
2026-08-31T23:52:01.550644+00:00,LibGen,LibGen.bz,DEGRADED,200,9255,latency_high,
2026-08-31T23:52:53.860320+00:00,LibGen,LibGen.bz,UP,200,747,,
2026-08-31T23:53:55.808789+00:00,LibGen,LibGen.bz,UP,200,2550,,
2026-08-31T23:54:55.170760+00:00,LibGen,LibGen.bz,UP,200,334,,
2026-08-31T23:55:56.892983+00:00,LibGen,LibGen.bz,UP,200,2782,,
2026-08-31T23:56:56.797904+00:00,LibGen,LibGen.bz,UP,200,2037,,
2026-08-31T23:57:55.319274+00:00,LibGen,LibGen.bz,UP,200,641,,
2026-08-31T23:58:56.397604+00:00,LibGen,LibGen.bz,UP,200,1396,,
2026-08-31T23:59:56.380695+00:00,LibGen,LibGen.bz,UP,200,769,,
2026-09-01T00:00:58.691306+00:00,LibGen,LibGen.bz,UP,200,2033,,
2026-09-01T00:02:14.481924+00:00,LibGen,LibGen.bz,DEGRADED,200,18217,latency_high,
2026-09-01T00:02:58.062738+00:00,LibGen,LibGen.bz,UP,200,813,,
2026-09-01T00:03:57.430525+00:00,LibGen,LibGen.bz,UP,200,281,,
2026-09-01T00:04:58.479386+00:00,LibGen,LibGen.bz,UP,200,723,,
2026-09-01T00:06:01.683862+00:00,LibGen,LibGen.bz,UP,200,2458,,
2026-09-01T00:07:01.870762+00:00,LibGen,LibGen.bz,UP,200,973,,
2026-09-01T00:08:00.344738+00:00,LibGen,LibGen.bz,UP,200,1310,,
2026-09-01T00:09:00.485522+00:00,LibGen,LibGen.bz,UP,200,376,,
2026-09-01T00:10:01.959062+00:00,LibGen,LibGen.bz,UP,200,1582,,
2026-09-01T00:11:01.724494+00:00,LibGen,LibGen.bz,UP,200,910,,
2026-09-01T00:12:02.790053+00:00,LibGen,LibGen.bz,UP,200,1276,,
2026-09-01T00:13:01.773047+00:00,LibGen,LibGen.bz,UP,200,773,,
2026-09-01T00:14:03.021315+00:00,LibGen,LibGen.bz,UP,200,798,,
2026-09-01T00:15:04.789563+00:00,LibGen,LibGen.bz,UP,200,1220,,
2026-09-01T00:16:03.973606+00:00,LibGen,LibGen.bz,UP,200,1072,,
2026-09-01T00:17:04.661425+00:00,LibGen,LibGen.bz,UP,200,1012,,
2026-09-01T00:18:04.697161+00:00,LibGen,LibGen.bz,UP,200,858,,
2026-09-01T00:19:04.910465+00:00,LibGen,LibGen.bz,UP,200,733,,
2026-09-01T00:20:06.912017+00:00,LibGen,LibGen.bz,UP,200,1193,,
2026-09-01T00:21:06.097726+00:00,LibGen,LibGen.bz,UP,200,819,,
2026-09-01T00:22:06.548600+00:00,LibGen,LibGen.bz,UP,200,1021,,
2026-09-01T00:23:06.800921+00:00,LibGen,LibGen.bz,UP,200,820,,
2026-09-01T00:24:07.307848+00:00,LibGen,LibGen.bz,UP,200,802,,
2026-09-01T00:25:08.020637+00:00,LibGen,LibGen.bz,UP,200,978,,
2026-09-01T00:26:07.824067+00:00,LibGen,LibGen.bz,UP,200,774,,
2026-09-01T00:27:08.245497+00:00,LibGen,LibGen.bz,UP,200,696,,
2026-09-01T00:28:09.305196+00:00,LibGen,LibGen.bz,UP,200,838,,
2026-09-01T00:29:09.594145+00:00,LibGen,LibGen.bz,UP,200,755,,
2026-09-01T00:30:10.020462+00:00,LibGen,LibGen.bz,UP,200,1126,,
2026-09-01T00:31:10.377986+00:00,LibGen,LibGen.bz,UP,200,856,,
2026-09-01T00:32:11.469337+00:00,LibGen,LibGen.bz,UP,200,851,,
2026-09-01T00:33:12.432755+00:00,LibGen,LibGen.bz,UP,200,835,,
2026-09-01T00:34:12.892650+00:00,LibGen,LibGen.bz,UP,200,597,,
2026-09-01T00:35:12.867962+00:00,LibGen,LibGen.bz,UP,200,883,,
2026-09-01T00:36:12.931482+00:00,LibGen,LibGen.bz,UP,200,818,,
2026-09-01T00:37:16.247538+00:00,LibGen,LibGen.bz,DEGRADED,200,3367,latency_high,
2026-09-01T00:38:14.307659+00:00,LibGen,LibGen.bz,UP,200,602,,
2026-09-01T00:39:15.490989+00:00,LibGen,LibGen.bz,UP,200,765,,
2026-09-01T00:40:15.419124+00:00,LibGen,LibGen.bz,UP,200,984,,
2026-09-01T00:41:35.438839+00:00,LibGen,LibGen.bz,DOWN,,,connection_refused,
2026-09-01T00:42:16.341967+00:00,LibGen,LibGen.bz,UP,200,722,,
2026-09-01T00:43:15.984838+00:00,LibGen,LibGen.bz,UP,200,442,,
2026-09-01T00:44:17.093085+00:00,LibGen,LibGen.bz,UP,200,1033,,
2026-09-01T00:45:17.824039+00:00,LibGen,LibGen.bz,UP,200,1309,,
2026-09-01T00:46:17.724593+00:00,LibGen,LibGen.bz,UP,200,841,,
2026-09-01T00:47:18.211030+00:00,LibGen,LibGen.bz,UP,200,721,,
2026-09-01T00:48:17.945988+00:00,LibGen,LibGen.bz,UP,200,656,,
2026-09-01T00:49:38.667310+00:00,LibGen,LibGen.bz,TIMEOUT,,,timeout,
2026-09-01T00:50:38.851135+00:00,LibGen,LibGen.bz,TIMEOUT,,,timeout,
2026-09-01T00:51:38.866365+00:00,LibGen,LibGen.bz,TIMEOUT,,,timeout,
2026-09-01T00:52:39.980056+00:00,LibGen,LibGen.bz,TIMEOUT,,,timeout,
2026-09-01T00:53:40.692939+00:00,LibGen,LibGen.bz,TIMEOUT,,,timeout,
2026-09-01T00:54:41.780738+00:00,LibGen,LibGen.bz,TIMEOUT,,,timeout,
2026-09-01T00:55:41.858895+00:00,LibGen,LibGen.bz,TIMEOUT,,,timeout,
2026-09-01T00:56:41.962775+00:00,LibGen,LibGen.bz,TIMEOUT,,,timeout,
2026-09-01T00:57:43.042487+00:00,LibGen,LibGen.bz,TIMEOUT,,,timeout,
2026-09-01T00:58:23.413479+00:00,LibGen,LibGen.bz,DOWN,500,670,http_error,
2026-09-01T00:59:24.115522+00:00,LibGen,LibGen.bz,UP,200,732,,
2026-09-01T01:00:24.339220+00:00,LibGen,LibGen.bz,UP,200,772,,
2026-09-01T01:01:24.868257+00:00,LibGen,LibGen.bz,UP,200,735,,
2026-09-01T01:02:25.588654+00:00,LibGen,LibGen.bz,UP,200,641,,
2026-09-01T01:03:26.254422+00:00,LibGen,LibGen.bz,UP,200,1346,,
2026-09-01T01:04:26.144712+00:00,LibGen,LibGen.bz,UP,200,678,,
2026-09-01T01:05:26.191712+00:00,LibGen,LibGen.bz,UP,200,998,,
2026-09-01T01:06:26.734597+00:00,LibGen,LibGen.bz,UP,200,747,,
2026-09-01T01:07:26.741399+00:00,LibGen,LibGen.bz,UP,200,657,,
2026-09-01T01:08:27.267383+00:00,LibGen,LibGen.bz,UP,200,864,,
2026-09-01T01:09:26.796655+00:00,LibGen,LibGen.bz,DOWN,,,connection_refused,
2026-09-01T01:10:27.972136+00:00,LibGen,LibGen.bz,UP,200,655,,
2026-09-01T01:11:28.434885+00:00,LibGen,LibGen.bz,UP,200,732,,
2026-09-01T01:12:28.850832+00:00,LibGen,LibGen.bz,UP,200,763,,
2026-09-01T01:13:29.499236+00:00,LibGen,LibGen.bz,UP,200,725,,
2026-09-01T01:14:29.583076+00:00,LibGen,LibGen.bz,UP,200,679,,
2026-09-01T01:15:29.895771+00:00,LibGen,LibGen.bz,UP,200,661,,
2026-09-01T01:16:30.062783+00:00,LibGen,LibGen.bz,UP,200,686,,
2026-09-01T01:17:30.476401+00:00,LibGen,LibGen.bz,UP,200,643,,
2026-09-01T01:18:31.628750+00:00,LibGen,LibGen.bz,UP,200,790,,
2026-09-01T01:19:32.322836+00:00,LibGen,LibGen.bz,UP,200,930,,
2026-09-01T01:20:32.548043+00:00,LibGen,LibGen.bz,UP,200,642,,
2026-09-01T01:21:32.636131+00:00,LibGen,LibGen.bz,UP,200,688,,
2026-09-01T01:22:32.892705+00:00,LibGen,LibGen.bz,UP,200,705,,
2026-09-01T01:23:33.374250+00:00,LibGen,LibGen.bz,UP,200,690,,
2026-09-01T01:24:33.199700+00:00,LibGen,LibGen.bz,DOWN,,,connection_refused,
2026-09-01T01:25:34.331526+00:00,LibGen,LibGen.bz,UP,200,796,,
2026-09-01T01:26:34.386716+00:00,LibGen,LibGen.bz,UP,200,764,,
2026-09-01T01:27:34.682350+00:00,LibGen,LibGen.bz,UP,200,756,,
2026-09-01T01:28:35.130093+00:00,LibGen,LibGen.bz,UP,200,595,,
2026-09-01T01:29:35.660455+00:00,LibGen,LibGen.bz,UP,200,706,,
2026-09-01T01:30:35.424313+00:00,LibGen,LibGen.bz,UP,200,253,,
2026-09-01T01:31:36.050939+00:00,LibGen,LibGen.bz,UP,200,712,,
2026-09-01T01:32:36.247428+00:00,LibGen,LibGen.bz,UP,200,623,,
2026-09-01T01:33:36.749241+00:00,LibGen,LibGen.bz,UP,200,663,,
2026-09-01T01:34:37.653081+00:00,LibGen,LibGen.bz,UP,200,785,,
2026-09-01T01:35:37.328663+00:00,LibGen,LibGen.bz,UP,200,837,,
2026-09-01T01:36:37.706616+00:00,LibGen,LibGen.bz,UP,200,636,,
2026-09-01T01:37:38.400124+00:00,LibGen,LibGen.bz,UP,200,691,,
2026-09-01T01:38:39.168124+00:00,LibGen,LibGen.bz,UP,200,672,,
2026-09-01T01:39:39.440522+00:00,LibGen,LibGen.bz,UP,200,672,,
2026-09-01T01:40:40.141221+00:00,LibGen,LibGen.bz,UP,200,608,,
2026-09-01T01:41:59.539409+00:00,LibGen,LibGen.bz,DOWN,,,connection_refused,
2026-09-01T01:42:39.614524+00:00,LibGen,LibGen.bz,UP,200,655,,
2026-09-01T01:43:41.081837+00:00,LibGen,LibGen.bz,UP,200,789,,
2026-09-01T01:44:40.992132+00:00,LibGen,LibGen.bz,UP,200,239,,
2026-09-01T01:45:41.298242+00:00,LibGen,LibGen.bz,UP,200,751,,
2026-09-01T01:46:41.852215+00:00,LibGen,LibGen.bz,UP,200,706,,
2026-09-01T01:47:41.686078+00:00,LibGen,LibGen.bz,UP,200,785,,
2026-09-01T01:48:41.767499+00:00,LibGen,LibGen.bz,UP,200,765,,
2026-09-01T01:50:02.237800+00:00,LibGen,LibGen.bz,DOWN,,,connection_refused,
2026-09-01T01:50:42.079468+00:00,LibGen,LibGen.bz,UP,200,790,,
2026-09-01T01:51:43.142143+00:00,LibGen,LibGen.bz,UP,200,988,,
2026-09-01T01:52:43.274405+00:00,LibGen,LibGen.bz,UP,200,939,,
2026-09-01T01:53:46.428526+00:00,LibGen,LibGen.bz,DEGRADED,200,3667,latency_high,
2026-09-01T01:54:44.362697+00:00,LibGen,LibGen.bz,UP,200,686,,
2026-09-01T01:55:45.449796+00:00,LibGen,LibGen.bz,UP,200,772,,
2026-09-01T01:56:45.153018+00:00,LibGen,LibGen.bz,UP,200,659,,
2026-09-01T01:57:45.138538+00:00,LibGen,LibGen.bz,UP,200,630,,
2026-09-01T01:58:46.136601+00:00,LibGen,LibGen.bz,UP,200,720,,
2026-09-01T01:59:47.468136+00:00,LibGen,LibGen.bz,UP,200,1715,,
2026-09-01T02:00:47.087843+00:00,LibGen,LibGen.bz,UP,200,790,,
2026-09-01T02:01:50.249049+00:00,LibGen,LibGen.bz,DEGRADED,200,3794,latency_high,
2026-09-01T02:02:49.368156+00:00,LibGen,LibGen.bz,UP,200,2338,,
2026-09-01T02:03:48.923177+00:00,LibGen,LibGen.bz,UP,200,1130,,
2026-09-01T02:04:48.959749+00:00,LibGen,LibGen.bz,UP,200,813,,
2026-09-01T02:05:49.058163+00:00,LibGen,LibGen.bz,UP,200,802,,
2026-09-01T02:06:53.274650+00:00,LibGen,LibGen.bz,DEGRADED,200,4049,latency_high,
2026-09-01T02:07:49.990320+00:00,LibGen,LibGen.bz,UP,200,739,,
2026-09-01T02:08:50.178080+00:00,LibGen,LibGen.bz,UP,200,834,,
2026-09-01T02:09:51.432133+00:00,LibGen,LibGen.bz,UP,200,665,,
2026-09-01T02:10:52.133987+00:00,LibGen,LibGen.bz,UP,200,802,,
2026-09-01T02:11:52.484161+00:00,LibGen,LibGen.bz,UP,200,245,,
2026-09-01T02:12:52.669258+00:00,LibGen,LibGen.bz,UP,200,416,,
2026-09-01T02:13:56.232565+00:00,LibGen,LibGen.bz,UP,200,695,,
2026-09-01T02:14:53.664495+00:00,LibGen,LibGen.bz,UP,200,712,,
2026-09-01T02:15:54.157745+00:00,LibGen,LibGen.bz,UP,200,683,,
2026-09-01T02:16:54.676463+00:00,LibGen,LibGen.bz,UP,200,671,,
2026-09-01T02:17:55.388763+00:00,LibGen,LibGen.bz,UP,200,650,,
2026-09-01T02:18:55.716272+00:00,LibGen,LibGen.bz,UP,200,794,,
2026-09-01T02:19:56.396392+00:00,LibGen,LibGen.bz,UP,200,759,,
2026-09-01T02:20:56.201825+00:00,LibGen,LibGen.bz,UP,200,797,,
2026-09-01T02:21:56.050002+00:00,LibGen,LibGen.bz,UP,200,244,,
2026-09-01T02:22:56.454551+00:00,LibGen,LibGen.bz,UP,200,669,,
2026-09-01T02:23:58.130952+00:00,LibGen,LibGen.bz,UP,200,702,,
2026-09-01T02:24:57.926102+00:00,LibGen,LibGen.bz,UP,200,717,,
2026-09-01T02:25:58.271422+00:00,LibGen,LibGen.bz,UP,200,787,,
2026-09-01T02:26:58.211968+00:00,LibGen,LibGen.bz,UP,200,660,,
2026-09-01T02:28:18.625834+00:00,LibGen,LibGen.bz,DOWN,,,connection_refused,
2026-09-01T02:28:58.872310+00:00,LibGen,LibGen.bz,UP,200,782,,
2026-09-01T02:29:59.983707+00:00,LibGen,LibGen.bz,UP,200,839,,
2026-09-01T02:31:00.825139+00:00,LibGen,LibGen.bz,UP,200,743,,
2026-09-01T02:32:02.488085+00:00,LibGen,LibGen.bz,UP,200,628,,
2026-09-01T02:33:02.248650+00:00,LibGen,LibGen.bz,UP,200,818,,
2026-09-01T02:34:02.124102+00:00,LibGen,LibGen.bz,UP,200,755,,
2026-09-01T02:35:02.875576+00:00,LibGen,LibGen.bz,UP,200,1008,,
2026-09-01T02:36:03.178694+00:00,LibGen,LibGen.bz,UP,200,908,,
2026-09-01T02:37:03.633079+00:00,LibGen,LibGen.bz,UP,200,626,,
2026-09-01T02:38:03.746724+00:00,LibGen,LibGen.bz,UP,200,717,,
2026-09-01T02:39:03.936048+00:00,LibGen,LibGen.bz,UP,200,859,,
2026-09-01T02:40:03.537529+00:00,LibGen,LibGen.bz,UP,200,271,,
2026-09-01T02:41:05.413363+00:00,LibGen,LibGen.bz,UP,200,1169,,
2026-09-01T02:42:05.124124+00:00,LibGen,LibGen.bz,UP,200,705,,
2026-09-01T02:43:05.109467+00:00,LibGen,LibGen.bz,UP,200,761,,
2026-09-01T02:44:05.695304+00:00,LibGen,LibGen.bz,UP,200,831,,
2026-09-01T02:45:06.553672+00:00,LibGen,LibGen.bz,UP,200,1332,,
2026-09-01T02:46:06.460157+00:00,LibGen,LibGen.bz,UP,200,709,,
2026-09-01T02:47:06.466600+00:00,LibGen,LibGen.bz,UP,200,949,,
2026-09-01T02:48:07.345956+00:00,LibGen,LibGen.bz,UP,200,856,,
2026-09-01T02:49:07.420608+00:00,LibGen,LibGen.bz,UP,200,832,,
2026-09-01T02:50:07.677441+00:00,LibGen,LibGen.bz,UP,200,474,,
2026-09-01T02:51:08.212000+00:00,LibGen,LibGen.bz,UP,200,771,,
2026-09-01T02:52:08.511066+00:00,LibGen,LibGen.bz,UP,200,697,,
2026-09-01T02:53:09.582852+00:00,LibGen,LibGen.bz,UP,200,798,,
2026-09-01T02:54:09.592626+00:00,LibGen,LibGen.bz,UP,200,682,,
2026-09-01T02:55:10.553251+00:00,LibGen,LibGen.bz,UP,200,729,,
2026-09-01T02:56:10.343921+00:00,LibGen,LibGen.bz,UP,200,719,,
2026-09-01T02:57:10.393055+00:00,LibGen,LibGen.bz,UP,200,718,,
2026-09-01T02:58:10.801542+00:00,LibGen,LibGen.bz,UP,200,975,,
2026-09-01T02:59:11.219588+00:00,LibGen,LibGen.bz,UP,200,580,,
2026-09-01T03:00:12.545722+00:00,LibGen,LibGen.bz,UP,200,1857,,
2026-09-01T03:01:11.093669+00:00,LibGen,LibGen.bz,UP,200,253,,
2026-09-01T03:02:12.123569+00:00,LibGen,LibGen.bz,UP,200,603,,
2026-09-01T03:03:13.137534+00:00,LibGen,LibGen.bz,UP,200,781,,
2026-09-01T03:04:12.739240+00:00,LibGen,LibGen.bz,UP,200,677,,
2026-09-01T03:05:13.140155+00:00,LibGen,LibGen.bz,UP,200,679,,
2026-09-01T03:06:16.629463+00:00,LibGen,LibGen.bz,DEGRADED,200,3704,latency_high,
2026-09-01T03:07:14.133969+00:00,LibGen,LibGen.bz,UP,200,851,,
2026-09-01T03:08:14.875234+00:00,LibGen,LibGen.bz,UP,200,775,,
2026-09-01T03:09:15.703628+00:00,LibGen,LibGen.bz,UP,200,1128,,
2026-09-01T03:10:15.734717+00:00,LibGen,LibGen.bz,UP,200,842,,
2026-09-01T03:11:15.788107+00:00,LibGen,LibGen.bz,UP,200,700,,
2026-09-01T03:12:17.002572+00:00,LibGen,LibGen.bz,UP,200,975,,
2026-09-01T03:13:16.724942+00:00,LibGen,LibGen.bz,UP,200,669,,
2026-09-01T03:14:16.787380+00:00,LibGen,LibGen.bz,UP,200,577,,
2026-09-01T03:15:17.936302+00:00,LibGen,LibGen.bz,UP,200,1159,,
2026-09-01T03:16:16.852939+00:00,LibGen,LibGen.bz,UP,200,263,,
2026-09-01T03:17:18.859465+00:00,LibGen,LibGen.bz,UP,200,801,,
2026-09-01T03:18:18.281119+00:00,LibGen,LibGen.bz,UP,200,671,,
2026-09-01T03:19:18.073496+00:00,LibGen,LibGen.bz,UP,200,235,,
2026-09-01T03:20:19.014364+00:00,LibGen,LibGen.bz,UP,200,605,,
2026-09-01T03:21:19.477212+00:00,LibGen,LibGen.bz,UP,200,752,,
2026-09-01T03:22:20.165583+00:00,LibGen,LibGen.bz,UP,200,823,,
2026-09-01T03:23:19.579129+00:00,LibGen,LibGen.bz,UP,200,677,,
2026-09-01T03:24:20.209191+00:00,LibGen,LibGen.bz,UP,200,705,,
2026-09-01T03:25:19.907246+00:00,LibGen,LibGen.bz,UP,200,231,,
2026-09-01T03:26:20.440845+00:00,LibGen,LibGen.bz,UP,200,693,,
2026-09-01T03:27:20.423361+00:00,LibGen,LibGen.bz,UP,200,614,,
2026-09-01T03:28:20.396163+00:00,LibGen,LibGen.bz,DOWN,,,connection_refused,
2026-09-01T03:29:21.557396+00:00,LibGen,LibGen.bz,UP,200,688,,
2026-09-01T03:30:22.231227+00:00,LibGen,LibGen.bz,UP,200,865,,
2026-09-01T03:31:22.179671+00:00,LibGen,LibGen.bz,UP,200,917,,
2026-09-01T03:32:22.101775+00:00,LibGen,LibGen.bz,UP,200,724,,
2026-09-01T03:33:23.258077+00:00,LibGen,LibGen.bz,UP,200,786,,
2026-09-01T03:34:23.284861+00:00,LibGen,LibGen.bz,UP,200,582,,
2026-09-01T03:35:24.035537+00:00,LibGen,LibGen.bz,UP,200,1041,,
2026-09-01T03:36:23.830107+00:00,LibGen,LibGen.bz,UP,200,691,,
2026-09-01T03:37:25.228390+00:00,LibGen,LibGen.bz,UP,200,704,,
2026-09-01T03:38:25.340480+00:00,LibGen,LibGen.bz,UP,200,721,,
2026-09-01T03:39:25.425525+00:00,LibGen,LibGen.bz,UP,200,690,,
2026-09-01T03:40:26.577385+00:00,LibGen,LibGen.bz,UP,200,683,,
2026-09-01T03:41:26.126122+00:00,LibGen,LibGen.bz,UP,200,570,,
2026-09-01T03:42:26.468078+00:00,LibGen,LibGen.bz,UP,200,858,,
2026-09-01T03:43:26.816930+00:00,LibGen,LibGen.bz,UP,200,813,,
2026-09-01T03:44:27.027787+00:00,LibGen,LibGen.bz,UP,200,751,,
2026-09-01T03:45:27.928516+00:00,LibGen,LibGen.bz,UP,200,1080,,
2026-09-01T03:46:28.325790+00:00,LibGen,LibGen.bz,UP,200,782,,
2026-09-01T03:47:27.557632+00:00,LibGen,LibGen.bz,UP,200,245,,
2026-09-01T03:48:28.833029+00:00,LibGen,LibGen.bz,UP,200,930,,
2026-09-01T03:49:28.586180+00:00,LibGen,LibGen.bz,UP,200,248,,
2026-09-01T03:50:29.757038+00:00,LibGen,LibGen.bz,UP,200,1706,,
2026-09-01T03:51:29.654181+00:00,LibGen,LibGen.bz,UP,200,696,,
2026-09-01T03:52:29.907838+00:00,LibGen,LibGen.bz,UP,200,799,,
2026-09-01T03:53:30.016343+00:00,LibGen,LibGen.bz,UP,200,525,,
2026-09-01T03:54:30.817242+00:00,LibGen,LibGen.bz,UP,200,764,,
2026-09-01T03:55:33.987704+00:00,LibGen,LibGen.bz,DEGRADED,200,3866,latency_high,
2026-09-01T03:56:31.182755+00:00,LibGen,LibGen.bz,UP,200,606,,
2026-09-01T03:57:31.355765+00:00,LibGen,LibGen.bz,UP,200,231,,
2026-09-01T03:58:32.991798+00:00,LibGen,LibGen.bz,UP,200,606,,
2026-09-01T03:59:33.101851+00:00,LibGen,LibGen.bz,UP,200,975,,
2026-09-01T04:00:33.630947+00:00,LibGen,LibGen.bz,UP,200,918,,
2026-09-01T04:01:33.884836+00:00,LibGen,LibGen.bz,UP,200,592,,
2026-09-01T04:02:34.366273+00:00,LibGen,LibGen.bz,UP,200,755,,
2026-09-01T04:03:54.573490+00:00,LibGen,LibGen.bz,DOWN,,,connection_refused,
2026-09-01T04:04:34.889739+00:00,LibGen,LibGen.bz,UP,200,637,,
2026-09-01T04:05:35.906528+00:00,LibGen,LibGen.bz,UP,200,660,,
2026-09-01T04:06:35.367090+00:00,LibGen,LibGen.bz,UP,200,716,,
2026-09-01T04:07:56.239102+00:00,LibGen,LibGen.bz,DOWN,,,connection_refused,
2026-09-01T04:08:38.977724+00:00,LibGen,LibGen.bz,UP,200,649,,
2026-09-01T04:09:38.918209+00:00,LibGen,LibGen.bz,UP,200,708,,
2026-09-01T04:10:38.607807+00:00,LibGen,LibGen.bz,UP,200,608,,
2026-09-01T04:11:39.580422+00:00,LibGen,LibGen.bz,UP,200,689,,
2026-09-01T04:12:39.771607+00:00,LibGen,LibGen.bz,UP,200,875,,
2026-09-01T04:13:40.054378+00:00,LibGen,LibGen.bz,UP,200,615,,
2026-09-01T04:15:00.757378+00:00,LibGen,LibGen.bz,DOWN,,,connection_refused,
2026-09-01T04:15:40.804483+00:00,LibGen,LibGen.bz,UP,200,701,,
2026-09-01T04:16:40.912531+00:00,LibGen,LibGen.bz,UP,200,613,,
2026-09-01T04:17:41.290176+00:00,LibGen,LibGen.bz,UP,200,809,,
2026-09-01T04:18:42.152981+00:00,LibGen,LibGen.bz,UP,200,729,,
2026-09-01T04:19:42.507866+00:00,LibGen,LibGen.bz,UP,200,627,,
2026-09-01T04:20:43.260471+00:00,LibGen,LibGen.bz,UP,200,738,,
2026-09-01T04:21:43.467740+00:00,LibGen,LibGen.bz,UP,200,710,,
2026-09-01T04:22:43.425839+00:00,LibGen,LibGen.bz,UP,200,632,,
2026-09-01T04:23:43.666830+00:00,LibGen,LibGen.bz,UP,200,646,,
2026-09-01T04:24:44.559410+00:00,LibGen,LibGen.bz,UP,200,1090,,
2026-09-01T04:25:44.632816+00:00,LibGen,LibGen.bz,UP,200,885,,
2026-09-01T04:26:44.704070+00:00,LibGen,LibGen.bz,UP,200,674,,
2026-09-01T04:27:45.426582+00:00,LibGen,LibGen.bz,UP,200,662,,
2026-09-01T04:28:45.420504+00:00,LibGen,LibGen.bz,UP,200,823,,
2026-09-01T04:29:45.259912+00:00,LibGen,LibGen.bz,UP,200,668,,
2026-09-01T04:30:46.636106+00:00,LibGen,LibGen.bz,UP,200,915,,
2026-09-01T04:31:45.988406+00:00,LibGen,LibGen.bz,UP,200,676,,
2026-09-01T04:32:47.379858+00:00,LibGen,LibGen.bz,UP,200,681,,
2026-09-01T04:33:46.335075+00:00,LibGen,LibGen.bz,UP,200,603,,
2026-09-01T04:34:47.938737+00:00,LibGen,LibGen.bz,UP,200,670,,
2026-09-01T04:35:47.367880+00:00,LibGen,LibGen.bz,UP,200,721,,
2026-09-01T04:36:47.470836+00:00,LibGen,LibGen.bz,UP,200,643,,
2026-09-01T04:37:47.672367+00:00,LibGen,LibGen.bz,UP,200,583,,
2026-09-01T04:38:48.750299+00:00,LibGen,LibGen.bz,UP,200,665,,
2026-09-01T04:39:47.966524+00:00,LibGen,LibGen.bz,UP,200,810,,
2026-09-01T04:40:48.406677+00:00,LibGen,LibGen.bz,UP,200,736,,
2026-09-01T04:41:48.598413+00:00,LibGen,LibGen.bz,UP,200,709,,
2026-09-01T04:42:49.342603+00:00,LibGen,LibGen.bz,UP,200,825,,
2026-09-01T04:43:49.368905+00:00,LibGen,LibGen.bz,UP,200,743,,
2026-09-01T04:44:49.626877+00:00,LibGen,LibGen.bz,UP,200,532,,
2026-09-01T04:46:10.094819+00:00,LibGen,LibGen.bz,DOWN,,,connection_refused,
2026-09-01T04:46:50.053506+00:00,LibGen,LibGen.bz,UP,200,652,,
2026-09-01T04:47:50.608401+00:00,LibGen,LibGen.bz,UP,200,883,,
2026-09-01T04:48:50.942217+00:00,LibGen,LibGen.bz,UP,200,716,,
2026-09-01T04:49:51.353980+00:00,LibGen,LibGen.bz,UP,200,697,,
2026-09-01T04:50:51.791376+00:00,LibGen,LibGen.bz,UP,200,687,,
2026-09-01T04:51:52.458275+00:00,LibGen,LibGen.bz,UP,200,904,,
2026-09-01T04:53:13.172863+00:00,LibGen,LibGen.bz,DOWN,,,connection_refused,
2026-09-01T04:53:52.787591+00:00,LibGen,LibGen.bz,UP,200,617,,
2026-09-01T04:54:54.184065+00:00,LibGen,LibGen.bz,UP,200,918,,
2026-09-01T04:55:54.773753+00:00,LibGen,LibGen.bz,UP,200,675,,
2026-09-01T04:57:15.336060+00:00,LibGen,LibGen.bz,DOWN,,,connection_refused,
2026-09-01T04:57:58.257084+00:00,LibGen,LibGen.bz,UP,200,645,,
2026-09-01T04:58:55.677457+00:00,LibGen,LibGen.bz,UP,200,573,,
2026-09-01T04:59:56.576894+00:00,LibGen,LibGen.bz,UP,200,903,,
2026-09-01T05:00:56.376700+00:00,LibGen,LibGen.bz,UP,200,589,,
2026-09-01T05:01:57.500128+00:00,LibGen,LibGen.bz,UP,200,981,,
2026-09-01T05:02:58.664430+00:00,LibGen,LibGen.bz,UP,200,754,,
2026-09-01T05:03:57.542812+00:00,LibGen,LibGen.bz,UP,200,659,,
2026-09-01T05:04:58.215703+00:00,LibGen,LibGen.bz,UP,200,778,,
2026-09-01T05:05:58.193204+00:00,LibGen,LibGen.bz,UP,200,705,,
2026-09-01T05:06:59.905803+00:00,LibGen,LibGen.bz,UP,200,1741,,
2026-09-01T05:08:00.297272+00:00,LibGen,LibGen.bz,UP,200,973,,
2026-09-01T05:08:59.677601+00:00,LibGen,LibGen.bz,UP,200,609,,
2026-09-01T05:10:01.135997+00:00,LibGen,LibGen.bz,UP,200,637,,
2026-09-01T05:11:01.678833+00:00,LibGen,LibGen.bz,UP,200,985,,
2026-09-01T05:12:01.834891+00:00,LibGen,LibGen.bz,UP,200,853,,
2026-09-01T05:13:01.815133+00:00,LibGen,LibGen.bz,UP,200,1014,,
2026-09-01T05:14:01.800665+00:00,LibGen,LibGen.bz,UP,200,597,,
2026-09-01T05:15:03.110861+00:00,LibGen,LibGen.bz,UP,200,1273,,
2026-09-01T05:16:03.389701+00:00,LibGen,LibGen.bz,UP,200,713,,
2026-09-01T05:17:04.090082+00:00,LibGen,LibGen.bz,UP,200,1006,,
2026-09-01T05:18:04.120551+00:00,LibGen,LibGen.bz,UP,200,733,,
2026-09-01T05:19:05.181147+00:00,LibGen,LibGen.bz,UP,200,866,,
2026-09-01T05:20:05.083204+00:00,LibGen,LibGen.bz,UP,200,933,,
2026-09-01T05:21:05.449518+00:00,LibGen,LibGen.bz,UP,200,565,,
2026-09-01T05:22:06.891633+00:00,LibGen,LibGen.bz,UP,200,919,,
2026-09-01T05:23:06.521357+00:00,LibGen,LibGen.bz,UP,200,801,,
2026-09-01T05:24:06.412480+00:00,LibGen,LibGen.bz,UP,200,620,,
2026-09-01T05:25:06.615567+00:00,LibGen,LibGen.bz,UP,200,801,,
2026-09-01T05:26:07.391258+00:00,LibGen,LibGen.bz,UP,200,712,,
2026-09-01T05:27:07.910455+00:00,LibGen,LibGen.bz,UP,200,831,,
2026-09-01T05:28:07.404596+00:00,LibGen,LibGen.bz,UP,200,231,,
2026-09-01T05:29:08.331837+00:00,LibGen,LibGen.bz,UP,200,661,,
2026-09-01T05:30:11.766823+00:00,LibGen,LibGen.bz,DEGRADED,200,3761,latency_high,
2026-09-01T05:31:09.102891+00:00,LibGen,LibGen.bz,UP,200,991,,
2026-09-01T05:32:29.067826+00:00,LibGen,LibGen.bz,DOWN,,,connection_refused,
2026-09-01T05:33:09.252956+00:00,LibGen,LibGen.bz,UP,200,579,,
2026-09-01T05:34:09.442407+00:00,LibGen,LibGen.bz,UP,200,233,,
2026-09-01T05:35:09.798521+00:00,LibGen,LibGen.bz,UP,200,800,,
2026-09-01T05:36:09.761228+00:00,LibGen,LibGen.bz,UP,200,681,,
2026-09-01T05:37:10.375001+00:00,LibGen,LibGen.bz,UP,200,757,,
2026-09-01T05:38:10.397894+00:00,LibGen,LibGen.bz,UP,200,626,,
2026-09-01T05:39:10.063598+00:00,LibGen,LibGen.bz,UP,200,222,,
2026-09-01T05:40:10.902442+00:00,LibGen,LibGen.bz,UP,200,875,,
2026-09-01T05:41:14.012756+00:00,LibGen,LibGen.bz,UP,200,2829,,
2026-09-01T05:42:11.366762+00:00,LibGen,LibGen.bz,UP,200,596,,
2026-09-01T05:43:12.093989+00:00,LibGen,LibGen.bz,UP,200,659,,
2026-09-01T05:44:11.549854+00:00,LibGen,LibGen.bz,UP,200,687,,
2026-09-01T05:45:12.128702+00:00,LibGen,LibGen.bz,UP,200,814,,
2026-09-01T05:46:12.315573+00:00,LibGen,LibGen.bz,UP,200,749,,
2026-09-01T05:47:12.853777+00:00,LibGen,LibGen.bz,UP,200,716,,
2026-09-01T05:48:12.937230+00:00,LibGen,LibGen.bz,UP,200,728,,
2026-09-01T05:49:14.205136+00:00,LibGen,LibGen.bz,UP,200,630,,
2026-09-01T05:50:14.513480+00:00,LibGen,LibGen.bz,UP,200,720,,
2026-09-01T05:51:13.723356+00:00,LibGen,LibGen.bz,UP,200,673,,
2026-09-01T05:52:14.094144+00:00,LibGen,LibGen.bz,UP,200,985,,
2026-09-01T05:53:14.049839+00:00,LibGen,LibGen.bz,UP,200,677,,
2026-09-01T05:54:14.657051+00:00,LibGen,LibGen.bz,UP,200,1136,,
2026-09-01T05:55:15.250313+00:00,LibGen,LibGen.bz,UP,200,767,,
2026-09-01T05:56:16.217212+00:00,LibGen,LibGen.bz,UP,200,1788,,
2026-09-01T05:57:14.663604+00:00,LibGen,LibGen.bz,UP,200,228,,
2026-09-01T05:58:15.708476+00:00,LibGen,LibGen.bz,UP,200,621,,
2026-09-01T05:59:16.289756+00:00,LibGen,LibGen.bz,UP,200,1005,,
2026-09-01T06:00:16.931526+00:00,LibGen,LibGen.bz,UP,200,1305,,
2026-09-01T06:01:17.105003+00:00,LibGen,LibGen.bz,UP,200,684,,
2026-09-01T06:02:17.365819+00:00,LibGen,LibGen.bz,UP,200,755,,
2026-09-01T06:03:16.987719+00:00,LibGen,LibGen.bz,UP,200,735,,
2026-09-01T06:04:18.466909+00:00,LibGen,LibGen.bz,UP,200,753,,
2026-09-01T06:05:18.083201+00:00,LibGen,LibGen.bz,UP,200,713,,
2026-09-01T06:06:18.302614+00:00,LibGen,LibGen.bz,UP,200,777,,
2026-09-01T06:07:18.780185+00:00,LibGen,LibGen.bz,UP,200,997,,
2026-09-01T06:08:19.332974+00:00,LibGen,LibGen.bz,UP,200,971,,
2026-09-01T06:09:19.966804+00:00,LibGen,LibGen.bz,UP,200,1057,,
2026-09-01T06:10:40.395760+00:00,LibGen,LibGen.bz,DOWN,,,connection_refused,
2026-09-01T06:11:21.129370+00:00,LibGen,LibGen.bz,UP,200,784,,
2026-09-01T06:12:24.148273+00:00,LibGen,LibGen.bz,DEGRADED,200,3656,latency_high,
2026-09-01T06:13:21.829803+00:00,LibGen,LibGen.bz,UP,200,672,,
2026-09-01T06:14:22.187198+00:00,LibGen,LibGen.bz,UP,200,747,,
2026-09-01T06:15:22.866436+00:00,LibGen,LibGen.bz,UP,200,722,,
2026-09-01T06:16:23.552343+00:00,LibGen,LibGen.bz,UP,200,731,,
2026-09-01T06:17:23.770080+00:00,LibGen,LibGen.bz,UP,200,722,,
2026-09-01T06:18:23.778248+00:00,LibGen,LibGen.bz,UP,200,678,,
2026-09-01T06:19:24.003810+00:00,LibGen,LibGen.bz,UP,200,688,,
2026-09-01T06:20:25.132619+00:00,LibGen,LibGen.bz,UP,200,818,,
2026-09-01T06:21:25.679495+00:00,LibGen,LibGen.bz,UP,200,675,,
2026-09-01T06:22:25.588528+00:00,LibGen,LibGen.bz,UP,200,709,,
2026-09-01T06:23:26.578623+00:00,LibGen,LibGen.bz,UP,200,724,,
2026-09-01T06:24:27.404859+00:00,LibGen,LibGen.bz,UP,200,815,,
2026-09-01T06:25:28.116341+00:00,LibGen,LibGen.bz,UP,200,709,,
2026-09-01T06:26:14.275810+00:00,LibGen,LibGen.bz,UP,200,913,,
2026-09-01T06:26:28.099584+00:00,LibGen,LibGen.bz,UP,200,812,,
2026-09-01T06:27:29.383862+00:00,LibGen,LibGen.bz,UP,200,791,,
2026-09-01T06:28:30.278829+00:00,LibGen,LibGen.bz,UP,200,1065,,
2026-09-01T06:29:29.501028+00:00,LibGen,LibGen.bz,UP,200,577,,
2026-09-01T06:30:29.706412+00:00,LibGen,LibGen.bz,UP,200,243,,
2026-09-01T06:31:30.378430+00:00,LibGen,LibGen.bz,UP,200,710,,
2026-09-01T06:32:30.840878+00:00,LibGen,LibGen.bz,UP,200,633,,
2026-09-01T06:33:30.873756+00:00,LibGen,LibGen.bz,UP,200,761,,
2026-09-01T06:34:33.917444+00:00,LibGen,LibGen.bz,DEGRADED,200,3695,latency_high,
2026-09-01T06:35:30.976526+00:00,LibGen,LibGen.bz,UP,200,254,,
2026-09-01T06:36:32.359981+00:00,LibGen,LibGen.bz,UP,200,599,,
2026-09-01T06:37:32.448236+00:00,LibGen,LibGen.bz,UP,200,738,,
2026-09-01T06:38:32.930661+00:00,LibGen,LibGen.bz,UP,200,774,,
2026-09-01T06:39:33.442563+00:00,LibGen,LibGen.bz,UP,200,623,,
2026-09-01T06:40:33.901534+00:00,LibGen,LibGen.bz,UP,200,731,,
2026-09-01T06:41:34.021905+00:00,LibGen,LibGen.bz,UP,200,658,,
2026-09-01T06:42:34.073797+00:00,LibGen,LibGen.bz,UP,200,631,,
2026-09-01T06:43:34.055008+00:00,LibGen,LibGen.bz,UP,200,665,,
2026-09-01T06:44:34.135835+00:00,LibGen,LibGen.bz,UP,200,616,,
2026-09-01T06:45:34.869674+00:00,LibGen,LibGen.bz,UP,200,785,,
2026-09-01T06:46:35.092641+00:00,LibGen,LibGen.bz,UP,200,758,,
2026-09-01T06:47:35.781450+00:00,LibGen,LibGen.bz,UP,200,841,,
2026-09-01T06:48:35.925043+00:00,LibGen,LibGen.bz,UP,200,662,,
2026-09-01T06:49:36.009373+00:00,LibGen,LibGen.bz,UP,200,255,,
2026-09-01T06:50:36.931136+00:00,LibGen,LibGen.bz,UP,200,804,,
2026-09-01T06:51:37.543755+00:00,LibGen,LibGen.bz,UP,200,697,,
2026-09-01T06:52:37.294315+00:00,LibGen,LibGen.bz,UP,200,791,,
2026-09-01T06:53:37.248085+00:00,LibGen,LibGen.bz,UP,200,681,,
2026-09-01T06:54:38.886121+00:00,LibGen,LibGen.bz,UP,200,959,,
2026-09-01T06:55:38.645202+00:00,LibGen,LibGen.bz,UP,200,699,,
2026-09-01T06:56:39.569594+00:00,LibGen,LibGen.bz,UP,200,233,,
2026-09-01T06:57:40.623745+00:00,LibGen,LibGen.bz,UP,200,969,,
2026-09-01T06:58:40.787581+00:00,LibGen,LibGen.bz,UP,200,968,,
2026-09-01T06:59:40.879347+00:00,LibGen,LibGen.bz,UP,200,746,,
2026-09-01T07:00:41.119527+00:00,LibGen,LibGen.bz,UP,200,835,,
2026-09-01T07:01:41.927987+00:00,LibGen,LibGen.bz,UP,200,746,,
2026-09-01T07:02:46.179511+00:00,LibGen,LibGen.bz,UP,200,690,,
2026-09-01T07:03:43.107201+00:00,LibGen,LibGen.bz,UP,200,708,,
2026-09-01T07:04:43.319497+00:00,LibGen,LibGen.bz,UP,200,677,,
2026-09-01T07:05:43.405610+00:00,LibGen,LibGen.bz,UP,200,577,,
2026-09-01T07:06:43.655270+00:00,LibGen,LibGen.bz,UP,200,606,,
2026-09-01T07:07:44.960433+00:00,LibGen,LibGen.bz,UP,200,647,,
2026-09-01T07:08:43.787428+00:00,LibGen,LibGen.bz,UP,200,569,,
2026-09-01T07:10:04.431442+00:00,LibGen,LibGen.bz,DOWN,,,connection_refused,
2026-09-01T07:10:44.757090+00:00,LibGen,LibGen.bz,UP,200,738,,
2026-09-01T07:12:05.560961+00:00,LibGen,LibGen.bz,DOWN,,,connection_refused,
2026-09-01T07:12:45.588381+00:00,LibGen,LibGen.bz,UP,200,685,,
2026-09-01T07:13:46.894320+00:00,LibGen,LibGen.bz,UP,200,902,,
2026-09-01T07:14:46.476249+00:00,LibGen,LibGen.bz,UP,200,620,,
2026-09-01T07:15:47.243762+00:00,LibGen,LibGen.bz,UP,200,746,,
2026-09-01T07:16:47.013671+00:00,LibGen,LibGen.bz,UP,200,770,,
2026-09-01T07:17:47.567259+00:00,LibGen,LibGen.bz,UP,200,658,,
2026-09-01T07:18:48.143150+00:00,LibGen,LibGen.bz,UP,200,714,,
2026-09-01T07:19:47.841211+00:00,LibGen,LibGen.bz,UP,200,672,,
2026-09-01T07:20:47.909927+00:00,LibGen,LibGen.bz,UP,200,671,,
2026-09-01T07:21:48.092040+00:00,LibGen,LibGen.bz,UP,200,813,,
2026-09-01T07:22:48.892884+00:00,LibGen,LibGen.bz,UP,200,689,,
2026-09-01T07:23:48.764681+00:00,LibGen,LibGen.bz,UP,200,672,,
2026-09-01T07:24:49.117602+00:00,LibGen,LibGen.bz,UP,200,923,,
2026-09-01T07:25:49.174083+00:00,LibGen,LibGen.bz,UP,200,839,,
2026-09-01T07:26:49.742160+00:00,LibGen,LibGen.bz,UP,200,643,,
2026-09-01T07:27:50.293914+00:00,LibGen,LibGen.bz,UP,200,703,,
2026-09-01T07:28:50.250562+00:00,LibGen,LibGen.bz,UP,200,774,,
2026-09-01T07:29:49.742878+00:00,LibGen,LibGen.bz,UP,200,233,,
2026-09-01T07:30:50.491162+00:00,LibGen,LibGen.bz,UP,200,743,,
2026-09-01T07:31:51.823573+00:00,LibGen,LibGen.bz,UP,200,577,,
2026-09-01T07:32:50.936182+00:00,LibGen,LibGen.bz,UP,200,597,,
2026-09-01T07:33:50.959063+00:00,LibGen,LibGen.bz,UP,200,592,,
2026-09-01T07:34:52.245154+00:00,LibGen,LibGen.bz,UP,200,703,,
2026-09-01T07:35:53.700657+00:00,LibGen,LibGen.bz,UP,200,716,,
2026-09-01T07:36:52.510474+00:00,LibGen,LibGen.bz,UP,200,983,,
2026-09-01T07:37:52.214626+00:00,LibGen,LibGen.bz,UP,200,672,,
2026-09-01T07:38:52.223551+00:00,LibGen,LibGen.bz,UP,200,670,,
2026-09-01T07:39:52.026726+00:00,LibGen,LibGen.bz,UP,200,253,,
2026-09-01T07:40:53.121170+00:00,LibGen,LibGen.bz,UP,200,756,,
2026-09-01T07:41:54.145697+00:00,LibGen,LibGen.bz,UP,200,771,,
2026-09-01T07:42:53.725771+00:00,LibGen,LibGen.bz,UP,200,672,,
2026-09-01T07:43:54.956300+00:00,LibGen,LibGen.bz,UP,200,1033,,
2026-09-01T07:44:54.351056+00:00,LibGen,LibGen.bz,UP,200,666,,
2026-09-01T07:45:54.652361+00:00,LibGen,LibGen.bz,UP,200,777,,
2026-09-01T07:46:55.657587+00:00,LibGen,LibGen.bz,UP,200,233,,
2026-09-01T07:47:55.531912+00:00,LibGen,LibGen.bz,UP,200,241,,
2026-09-01T07:48:55.983618+00:00,LibGen,LibGen.bz,UP,200,666,,
2026-09-01T07:49:56.502343+00:00,LibGen,LibGen.bz,UP,200,572,,
2026-09-01T07:50:57.112239+00:00,LibGen,LibGen.bz,UP,200,610,,
2026-09-01T07:51:57.881997+00:00,LibGen,LibGen.bz,UP,200,619,,
2026-09-01T07:52:57.514293+00:00,LibGen,LibGen.bz,UP,200,723,,
2026-09-01T07:53:57.656602+00:00,LibGen,LibGen.bz,UP,200,1084,,
2026-09-01T07:54:58.217765+00:00,LibGen,LibGen.bz,UP,200,720,,
2026-09-01T07:56:02.532529+00:00,LibGen,LibGen.bz,UP,200,804,,
2026-09-01T07:56:58.506426+00:00,LibGen,LibGen.bz,UP,200,235,,
2026-09-01T07:57:59.639644+00:00,LibGen,LibGen.bz,UP,200,654,,
2026-09-01T07:58:59.975354+00:00,LibGen,LibGen.bz,UP,200,685,,
2026-09-01T08:00:00.350336+00:00,LibGen,LibGen.bz,UP,200,1080,,
2026-09-01T08:01:00.124517+00:00,LibGen,LibGen.bz,UP,200,728,,
2026-09-01T08:02:01.102556+00:00,LibGen,LibGen.bz,UP,200,705,,
2026-09-01T08:03:00.602140+00:00,LibGen,LibGen.bz,UP,200,759,,
2026-09-01T08:04:01.334781+00:00,LibGen,LibGen.bz,UP,200,837,,
2026-09-01T08:05:22.591887+00:00,LibGen,LibGen.bz,DOWN,,,connection_refused,
2026-09-01T08:06:02.953427+00:00,LibGen,LibGen.bz,UP,200,809,,
2026-09-01T08:07:03.572498+00:00,LibGen,LibGen.bz,UP,200,1140,,
2026-09-01T08:08:03.873911+00:00,LibGen,LibGen.bz,UP,200,749,,
2026-09-01T08:09:05.143283+00:00,LibGen,LibGen.bz,UP,200,1059,,
2026-09-01T08:10:06.060137+00:00,LibGen,LibGen.bz,UP,200,821,,
2026-09-01T08:11:05.568470+00:00,LibGen,LibGen.bz,UP,200,827,,
2026-09-01T08:12:06.931226+00:00,LibGen,LibGen.bz,UP,200,1040,,
2026-09-01T08:13:07.240859+00:00,LibGen,LibGen.bz,UP,200,1358,,
2026-09-01T08:14:08.528531+00:00,LibGen,LibGen.bz,UP,200,1264,,
2026-09-01T08:15:09.267945+00:00,LibGen,LibGen.bz,UP,200,1691,,
2026-09-01T08:16:08.907448+00:00,LibGen,LibGen.bz,UP,200,787,,
2026-09-01T08:17:08.860521+00:00,LibGen,LibGen.bz,UP,200,675,,
2026-09-01T08:18:08.568167+00:00,LibGen,LibGen.bz,UP,200,646,,
2026-09-01T08:19:09.695874+00:00,LibGen,LibGen.bz,UP,200,655,,
2026-09-01T08:20:09.308233+00:00,LibGen,LibGen.bz,UP,200,700,,
2026-09-01T08:21:10.333200+00:00,LibGen,LibGen.bz,UP,200,867,,
2026-09-01T08:22:10.891950+00:00,LibGen,LibGen.bz,UP,200,652,,
2026-09-01T08:23:12.258569+00:00,LibGen,LibGen.bz,UP,200,1560,,
2026-09-01T08:24:13.262217+00:00,LibGen,LibGen.bz,UP,200,879,,
2026-09-01T08:25:12.744177+00:00,LibGen,LibGen.bz,UP,200,539,,
2026-09-01T08:26:33.642787+00:00,LibGen,LibGen.bz,DOWN,,,connection_refused,
2026-09-01T08:27:13.906061+00:00,LibGen,LibGen.bz,UP,200,709,,
2026-09-01T08:28:14.082890+00:00,LibGen,LibGen.bz,UP,200,707,,
2026-09-01T08:29:14.348206+00:00,LibGen,LibGen.bz,UP,200,676,,
2026-09-01T08:30:14.660579+00:00,LibGen,LibGen.bz,UP,200,687,,
2026-09-01T08:31:15.282026+00:00,LibGen,LibGen.bz,UP,200,605,,
2026-09-01T08:32:15.332454+00:00,LibGen,LibGen.bz,UP,200,731,,
2026-09-01T08:33:15.675880+00:00,LibGen,LibGen.bz,UP,200,793,,
2026-09-01T08:34:16.097682+00:00,LibGen,LibGen.bz,UP,200,1005,,
2026-09-01T08:35:16.096147+00:00,LibGen,LibGen.bz,UP,200,247,,
2026-09-01T08:36:16.775051+00:00,LibGen,LibGen.bz,UP,200,612,,
2026-09-01T08:37:17.053309+00:00,LibGen,LibGen.bz,UP,200,604,,
2026-09-01T08:38:17.979949+00:00,LibGen,LibGen.bz,UP,200,659,,
2026-09-01T08:39:17.841155+00:00,LibGen,LibGen.bz,UP,200,562,,
2026-09-01T08:40:18.228618+00:00,LibGen,LibGen.bz,UP,200,651,,
2026-09-01T08:41:19.219414+00:00,LibGen,LibGen.bz,UP,200,625,,
2026-09-01T08:42:19.040819+00:00,LibGen,LibGen.bz,UP,200,691,,
2026-09-01T08:43:20.949343+00:00,LibGen,LibGen.bz,UP,200,1003,,
2026-09-01T08:44:20.020842+00:00,LibGen,LibGen.bz,UP,200,672,,
2026-09-01T08:45:20.228400+00:00,LibGen,LibGen.bz,UP,200,809,,
2026-09-01T08:46:23.391796+00:00,LibGen,LibGen.bz,DEGRADED,200,3726,latency_high,
2026-09-01T08:47:20.856669+00:00,LibGen,LibGen.bz,UP,200,692,,
2026-09-01T08:48:21.463331+00:00,LibGen,LibGen.bz,UP,200,1024,,
2026-09-01T08:49:21.354934+00:00,LibGen,LibGen.bz,UP,200,539,,
2026-09-01T08:50:21.384625+00:00,LibGen,LibGen.bz,UP,200,674,,
2026-09-01T08:51:22.353562+00:00,LibGen,LibGen.bz,UP,200,585,,
2026-09-01T08:52:22.560002+00:00,LibGen,LibGen.bz,UP,200,994,,
2026-09-01T08:53:22.151842+00:00,LibGen,LibGen.bz,UP,200,603,,
2026-09-01T08:54:23.117996+00:00,LibGen,LibGen.bz,UP,200,944,,
2026-09-01T08:55:23.219131+00:00,LibGen,LibGen.bz,UP,200,955,,
2026-09-01T08:56:23.691966+00:00,LibGen,LibGen.bz,UP,200,723,,
2026-09-01T08:57:23.007330+00:00,LibGen,LibGen.bz,UP,200,662,,
2026-09-01T08:58:23.662118+00:00,LibGen,LibGen.bz,UP,200,702,,
2026-09-01T08:59:24.130228+00:00,LibGen,LibGen.bz,UP,200,705,,
2026-09-01T09:00:27.967667+00:00,LibGen,LibGen.bz,UP,200,993,,
2026-09-01T09:01:25.495338+00:00,LibGen,LibGen.bz,UP,200,710,,
2026-09-01T09:02:25.758648+00:00,LibGen,LibGen.bz,UP,200,768,,
2026-09-01T09:03:27.020071+00:00,LibGen,LibGen.bz,UP,200,1090,,
2026-09-01T09:04:26.724474+00:00,LibGen,LibGen.bz,UP,200,653,,
2026-09-01T09:05:26.977025+00:00,LibGen,LibGen.bz,UP,200,950,,
2026-09-01T09:06:27.731966+00:00,LibGen,LibGen.bz,UP,200,766,,
2026-09-01T09:07:27.466534+00:00,LibGen,LibGen.bz,UP,200,601,,
2026-09-01T09:08:28.611975+00:00,LibGen,LibGen.bz,UP,200,963,,
2026-09-01T09:09:28.867592+00:00,LibGen,LibGen.bz,UP,200,646,,
2026-09-01T09:10:28.772366+00:00,LibGen,LibGen.bz,UP,200,726,,
2026-09-01T09:11:29.667049+00:00,LibGen,LibGen.bz,UP,200,656,,
2026-09-01T09:12:29.802370+00:00,LibGen,LibGen.bz,UP,200,709,,
2026-09-01T09:13:31.235087+00:00,LibGen,LibGen.bz,UP,200,1011,,
2026-09-01T09:14:31.404687+00:00,LibGen,LibGen.bz,UP,200,580,,
2026-09-01T09:15:33.122086+00:00,LibGen,LibGen.bz,UP,200,654,,
2026-09-01T09:16:32.845036+00:00,LibGen,LibGen.bz,UP,200,740,,
2026-09-01T09:17:33.363684+00:00,LibGen,LibGen.bz,UP,200,680,,
2026-09-01T09:18:33.141639+00:00,LibGen,LibGen.bz,UP,200,770,,
2026-09-01T09:19:34.472543+00:00,LibGen,LibGen.bz,UP,200,775,,
2026-09-01T09:20:34.616847+00:00,LibGen,LibGen.bz,UP,200,897,,
2026-09-01T09:21:34.444718+00:00,LibGen,LibGen.bz,UP,200,655,,
2026-09-01T09:22:34.800860+00:00,LibGen,LibGen.bz,UP,200,648,,
2026-09-01T09:23:35.227105+00:00,LibGen,LibGen.bz,UP,200,732,,
2026-09-01T09:24:55.690149+00:00,LibGen,LibGen.bz,DOWN,,,connection_refused,
2026-09-01T09:25:35.492454+00:00,LibGen,LibGen.bz,UP,200,633,,
2026-09-01T09:26:35.839017+00:00,LibGen,LibGen.bz,UP,200,711,,
2026-09-01T09:27:35.946215+00:00,LibGen,LibGen.bz,UP,200,710,,
2026-09-01T09:28:36.427848+00:00,LibGen,LibGen.bz,UP,200,636,,
2026-09-01T09:29:37.318107+00:00,LibGen,LibGen.bz,UP,200,564,,
2026-09-01T09:30:37.803678+00:00,LibGen,LibGen.bz,UP,200,673,,
2026-09-01T09:31:37.914856+00:00,LibGen,LibGen.bz,UP,200,722,,
2026-09-01T09:32:37.511941+00:00,LibGen,LibGen.bz,UP,200,606,,
2026-09-01T09:33:37.402799+00:00,LibGen,LibGen.bz,DOWN,,,connection_refused,
2026-09-01T09:34:38.193984+00:00,LibGen,LibGen.bz,UP,200,716,,
2026-09-01T09:35:39.721965+00:00,LibGen,LibGen.bz,UP,200,826,,
2026-09-01T09:36:38.614356+00:00,LibGen,LibGen.bz,UP,200,721,,
2026-09-01T09:37:39.761876+00:00,LibGen,LibGen.bz,UP,200,608,,
2026-09-01T09:38:40.117028+00:00,LibGen,LibGen.bz,UP,200,752,,
2026-09-01T09:39:40.032896+00:00,LibGen,LibGen.bz,UP,200,1129,,
2026-09-01T09:40:39.949012+00:00,LibGen,LibGen.bz,UP,200,635,,
2026-09-01T09:41:40.656053+00:00,LibGen,LibGen.bz,UP,200,613,,
2026-09-01T09:42:41.588618+00:00,LibGen,LibGen.bz,UP,200,788,,
2026-09-01T09:43:41.165652+00:00,LibGen,LibGen.bz,UP,200,505,,
2026-09-01T09:44:41.337851+00:00,LibGen,LibGen.bz,UP,200,542,,
2026-09-01T09:45:41.818917+00:00,LibGen,LibGen.bz,UP,200,684,,
2026-09-01T09:46:41.951332+00:00,LibGen,LibGen.bz,UP,200,656,,
2026-09-01T09:47:42.082948+00:00,LibGen,LibGen.bz,UP,200,605,,
2026-09-01T09:48:42.915111+00:00,LibGen,LibGen.bz,UP,200,717,,
2026-09-01T09:49:43.615859+00:00,LibGen,LibGen.bz,UP,200,609,,
2026-09-01T09:50:43.511541+00:00,LibGen,LibGen.bz,UP,200,685,,
2026-09-01T09:51:43.910863+00:00,LibGen,LibGen.bz,UP,200,758,,
2026-09-01T09:52:43.797680+00:00,LibGen,LibGen.bz,DOWN,,,connection_refused,
2026-09-01T09:53:45.337014+00:00,LibGen,LibGen.bz,UP,200,1027,,
2026-09-01T09:54:44.992745+00:00,LibGen,LibGen.bz,UP,200,643,,
2026-09-01T09:55:45.230246+00:00,LibGen,LibGen.bz,UP,200,699,,
2026-09-01T09:56:46.760083+00:00,LibGen,LibGen.bz,UP,200,1516,,
2026-09-01T09:57:45.574341+00:00,LibGen,LibGen.bz,UP,200,246,,
2026-09-01T09:58:46.804564+00:00,LibGen,LibGen.bz,UP,200,708,,
2026-09-01T09:59:46.920891+00:00,LibGen,LibGen.bz,UP,200,670,,
2026-09-01T10:00:47.665558+00:00,LibGen,LibGen.bz,UP,200,834,,
2026-09-01T10:01:48.101530+00:00,LibGen,LibGen.bz,UP,200,746,,
2026-09-01T10:02:47.786728+00:00,LibGen,LibGen.bz,UP,200,246,,
2026-09-01T10:03:49.063813+00:00,LibGen,LibGen.bz,UP,200,702,,
2026-09-01T10:05:10.074856+00:00,LibGen,LibGen.bz,DOWN,,,connection_refused,
2026-09-01T10:05:51.567520+00:00,LibGen,LibGen.bz,UP,200,2861,,
2026-09-01T10:06:49.361306+00:00,LibGen,LibGen.bz,UP,200,218,,
2026-09-01T10:07:49.953610+00:00,LibGen,LibGen.bz,UP,200,691,,
2026-09-01T10:08:52.193692+00:00,LibGen,LibGen.bz,UP,200,1576,,
2026-09-01T10:09:52.262844+00:00,LibGen,LibGen.bz,UP,200,570,,
2026-09-01T10:10:51.800851+00:00,LibGen,LibGen.bz,UP,200,806,,
2026-09-01T10:11:51.845796+00:00,LibGen,LibGen.bz,UP,200,666,,
2026-09-01T10:12:52.261091+00:00,LibGen,LibGen.bz,UP,200,697,,
2026-09-01T10:13:52.171770+00:00,LibGen,LibGen.bz,UP,200,634,,
2026-09-01T10:14:51.911797+00:00,LibGen,LibGen.bz,UP,200,247,,
2026-09-01T10:15:53.292952+00:00,LibGen,LibGen.bz,UP,200,717,,
2026-09-01T10:16:54.128176+00:00,LibGen,LibGen.bz,UP,200,879,,
2026-09-01T10:17:53.881235+00:00,LibGen,LibGen.bz,UP,200,806,,
2026-09-01T10:18:54.162745+00:00,LibGen,LibGen.bz,UP,200,727,,
2026-09-01T10:19:54.405115+00:00,LibGen,LibGen.bz,UP,200,673,,
2026-09-01T10:20:55.179151+00:00,LibGen,LibGen.bz,UP,200,964,,
2026-09-01T10:21:56.038607+00:00,LibGen,LibGen.bz,UP,200,697,,
2026-09-01T10:22:55.983009+00:00,LibGen,LibGen.bz,UP,200,244,,
2026-09-01T10:23:56.139500+00:00,LibGen,LibGen.bz,UP,200,607,,
2026-09-01T10:24:56.843611+00:00,LibGen,LibGen.bz,UP,200,632,,
2026-09-01T10:25:58.588208+00:00,LibGen,LibGen.bz,UP,200,253,,
2026-09-01T10:26:58.600131+00:00,LibGen,LibGen.bz,UP,200,859,,
2026-09-01T10:27:58.037185+00:00,LibGen,LibGen.bz,UP,200,660,,
2026-09-01T10:28:58.534228+00:00,LibGen,LibGen.bz,UP,200,716,,
2026-09-01T10:29:59.385316+00:00,LibGen,LibGen.bz,UP,200,755,,
2026-09-01T10:30:59.391026+00:00,LibGen,LibGen.bz,UP,200,735,,
2026-09-01T10:32:00.226542+00:00,LibGen,LibGen.bz,UP,200,739,,
2026-09-01T10:33:01.055255+00:00,LibGen,LibGen.bz,UP,200,776,,
2026-09-01T10:34:01.374462+00:00,LibGen,LibGen.bz,UP,200,810,,
2026-09-01T10:35:02.275411+00:00,LibGen,LibGen.bz,UP,200,1108,,
2026-09-01T10:36:23.378235+00:00,LibGen,LibGen.bz,DOWN,,,connection_refused,
2026-09-01T10:37:03.160499+00:00,LibGen,LibGen.bz,UP,200,631,,
2026-09-01T10:38:03.925424+00:00,LibGen,LibGen.bz,UP,200,858,,
2026-09-01T10:39:04.697017+00:00,LibGen,LibGen.bz,UP,200,1041,,
2026-09-01T10:40:05.031631+00:00,LibGen,LibGen.bz,UP,200,1058,,
2026-09-01T10:41:05.733375+00:00,LibGen,LibGen.bz,UP,200,989,,
2026-09-01T10:42:05.189790+00:00,LibGen,LibGen.bz,UP,200,247,,
2026-09-01T10:43:06.572575+00:00,LibGen,LibGen.bz,UP,200,736,,
2026-09-01T10:44:07.581224+00:00,LibGen,LibGen.bz,UP,200,702,,
2026-09-01T10:45:07.154298+00:00,LibGen,LibGen.bz,UP,200,1063,,
2026-09-01T10:46:08.320031+00:00,LibGen,LibGen.bz,UP,200,1118,,
2026-09-01T10:47:08.201075+00:00,LibGen,LibGen.bz,UP,200,800,,
2026-09-01T10:48:09.269233+00:00,LibGen,LibGen.bz,UP,200,798,,
2026-09-01T10:49:09.368546+00:00,LibGen,LibGen.bz,UP,200,715,,
2026-09-01T10:50:08.968599+00:00,LibGen,LibGen.bz,UP,200,271,,
2026-09-01T10:51:09.710754+00:00,LibGen,LibGen.bz,UP,200,762,,
2026-09-01T10:52:11.287156+00:00,LibGen,LibGen.bz,UP,200,696,,
2026-09-01T10:53:11.217719+00:00,LibGen,LibGen.bz,UP,200,719,,
2026-09-01T10:54:12.039820+00:00,LibGen,LibGen.bz,UP,200,972,,
2026-09-01T10:55:12.657567+00:00,LibGen,LibGen.bz,UP,200,948,,
2026-09-01T10:56:13.668921+00:00,LibGen,LibGen.bz,UP,200,905,,
2026-09-01T10:57:13.830506+00:00,LibGen,LibGen.bz,UP,200,944,,
2026-09-01T10:58:14.239485+00:00,LibGen,LibGen.bz,UP,200,1018,,
2026-09-01T10:59:14.252899+00:00,LibGen,LibGen.bz,UP,200,709,,
2026-09-01T11:00:15.022599+00:00,LibGen,LibGen.bz,UP,200,1224,,
2026-09-01T11:01:17.711527+00:00,LibGen,LibGen.bz,DEGRADED,200,3908,latency_high,
2026-09-01T11:02:15.042479+00:00,LibGen,LibGen.bz,UP,200,951,,
2026-09-01T11:03:15.279602+00:00,LibGen,LibGen.bz,UP,200,835,,
2026-09-01T11:04:15.414244+00:00,LibGen,LibGen.bz,UP,200,255,,
2026-09-01T11:05:16.115753+00:00,LibGen,LibGen.bz,UP,200,707,,
2026-09-01T11:06:16.724859+00:00,LibGen,LibGen.bz,UP,200,749,,
2026-09-01T11:07:18.108269+00:00,LibGen,LibGen.bz,UP,200,1789,,
2026-09-01T11:08:20.329669+00:00,LibGen,LibGen.bz,DEGRADED,200,3748,latency_high,
2026-09-01T11:09:17.588425+00:00,LibGen,LibGen.bz,UP,200,755,,
2026-09-01T11:10:38.476116+00:00,LibGen,LibGen.bz,DOWN,,,connection_refused,
2026-09-01T11:11:19.201601+00:00,LibGen,LibGen.bz,UP,200,828,,
2026-09-01T11:12:19.679251+00:00,LibGen,LibGen.bz,UP,200,233,,
2026-09-01T11:13:20.919765+00:00,LibGen,LibGen.bz,UP,200,772,,
2026-09-01T11:14:20.701934+00:00,LibGen,LibGen.bz,UP,200,617,,
2026-09-01T11:15:23.017459+00:00,LibGen,LibGen.bz,UP,200,263,,
2026-09-01T11:16:22.084892+00:00,LibGen,LibGen.bz,UP,200,1099,,
2026-09-01T11:17:22.648331+00:00,LibGen,LibGen.bz,UP,200,929,,
2026-09-01T11:18:22.798438+00:00,LibGen,LibGen.bz,UP,200,693,,
2026-09-01T11:19:22.983565+00:00,LibGen,LibGen.bz,UP,200,749,,
2026-09-01T11:20:23.314035+00:00,LibGen,LibGen.bz,UP,200,742,,
2026-09-01T11:21:23.845108+00:00,LibGen,LibGen.bz,UP,200,630,,
2026-09-01T11:22:24.056692+00:00,LibGen,LibGen.bz,UP,200,563,,
2026-09-01T11:23:24.832905+00:00,LibGen,LibGen.bz,UP,200,692,,
2026-09-01T11:24:25.566530+00:00,LibGen,LibGen.bz,UP,200,614,,
2026-09-01T11:25:25.718257+00:00,LibGen,LibGen.bz,UP,200,806,,
2026-09-01T11:26:26.384264+00:00,LibGen,LibGen.bz,UP,200,675,,
2026-09-01T11:27:27.494678+00:00,LibGen,LibGen.bz,UP,200,996,,
2026-09-01T11:28:28.400405+00:00,LibGen,LibGen.bz,UP,200,1327,,
2026-09-01T11:29:31.238542+00:00,LibGen,LibGen.bz,UP,200,1092,,
2026-09-01T11:30:28.930592+00:00,LibGen,LibGen.bz,UP,200,822,,
2026-09-01T11:31:28.934554+00:00,LibGen,LibGen.bz,UP,200,760,,
2026-09-01T11:32:29.262271+00:00,LibGen,LibGen.bz,UP,200,657,,
2026-09-01T11:33:29.848537+00:00,LibGen,LibGen.bz,UP,200,657,,
2026-09-01T11:34:31.470947+00:00,LibGen,LibGen.bz,UP,200,636,,
2026-09-01T11:35:31.594215+00:00,LibGen,LibGen.bz,UP,200,782,,
2026-09-01T11:36:55.426979+00:00,LibGen,LibGen.bz,DOWN,,,connection_refused,
2026-09-01T11:37:32.399609+00:00,LibGen,LibGen.bz,UP,200,677,,
2026-09-01T11:38:33.215049+00:00,LibGen,LibGen.bz,UP,200,669,,
2026-09-01T11:39:34.149061+00:00,LibGen,LibGen.bz,UP,200,1280,,
2026-09-01T11:40:33.673029+00:00,LibGen,LibGen.bz,UP,200,767,,
2026-09-01T11:41:55.019958+00:00,LibGen,LibGen.bz,DOWN,,,connection_refused,
2026-09-01T11:42:34.858502+00:00,LibGen,LibGen.bz,UP,200,893,,
2026-09-01T11:43:36.377540+00:00,LibGen,LibGen.bz,UP,200,1050,,
2026-09-01T11:44:36.190962+00:00,LibGen,LibGen.bz,UP,200,653,,
2026-09-01T11:45:36.899254+00:00,LibGen,LibGen.bz,UP,200,975,,
2026-09-01T11:46:36.866482+00:00,LibGen,LibGen.bz,UP,200,263,,
2026-09-01T11:47:38.343723+00:00,LibGen,LibGen.bz,UP,200,1104,,
2026-09-01T11:48:38.436675+00:00,LibGen,LibGen.bz,UP,200,688,,
2026-09-01T11:49:39.295038+00:00,LibGen,LibGen.bz,UP,200,864,,
2026-09-01T11:50:39.627537+00:00,LibGen,LibGen.bz,UP,200,751,,
2026-09-01T11:51:40.737909+00:00,LibGen,LibGen.bz,UP,200,941,,
2026-09-01T11:52:40.480248+00:00,LibGen,LibGen.bz,UP,200,245,,
2026-09-01T11:53:41.671492+00:00,LibGen,LibGen.bz,UP,200,765,,
2026-09-01T11:54:42.508579+00:00,LibGen,LibGen.bz,UP,200,1110,,
2026-09-01T11:55:42.726645+00:00,LibGen,LibGen.bz,UP,200,270,,
2026-09-01T11:56:43.267621+00:00,LibGen,LibGen.bz,UP,200,738,,
2026-09-01T11:57:44.038087+00:00,LibGen,LibGen.bz,UP,200,811,,
2026-09-01T11:58:44.662383+00:00,LibGen,LibGen.bz,UP,200,751,,
2026-09-01T11:59:47.812640+00:00,LibGen,LibGen.bz,UP,200,947,,
2026-09-01T12:00:48.939205+00:00,LibGen,LibGen.bz,DEGRADED,200,4032,latency_high,
2026-09-01T12:01:46.176230+00:00,LibGen,LibGen.bz,UP,200,886,,
2026-09-01T12:02:47.004094+00:00,LibGen,LibGen.bz,UP,200,676,,
2026-09-01T12:03:47.697022+00:00,LibGen,LibGen.bz,UP,200,752,,
2026-09-01T12:04:47.990562+00:00,LibGen,LibGen.bz,UP,200,942,,
2026-09-01T12:05:48.322021+00:00,LibGen,LibGen.bz,UP,200,847,,
2026-09-01T12:06:48.485240+00:00,LibGen,LibGen.bz,UP,200,598,,
2026-09-01T12:07:49.628522+00:00,LibGen,LibGen.bz,UP,200,832,,
2026-09-01T12:08:49.811774+00:00,LibGen,LibGen.bz,UP,200,909,,
2026-09-01T12:09:50.334070+00:00,LibGen,LibGen.bz,UP,200,734,,
2026-09-01T12:10:51.189880+00:00,LibGen,LibGen.bz,UP,200,832,,
2026-09-01T12:11:52.555010+00:00,LibGen,LibGen.bz,UP,200,882,,
2026-09-01T12:12:52.584708+00:00,LibGen,LibGen.bz,UP,200,1191,,
2026-09-01T12:13:52.913430+00:00,LibGen,LibGen.bz,UP,200,931,,
2026-09-01T12:14:53.773235+00:00,LibGen,LibGen.bz,UP,200,814,,
2026-09-01T12:15:54.474852+00:00,LibGen,LibGen.bz,UP,200,861,,
2026-09-01T12:16:55.402346+00:00,LibGen,LibGen.bz,UP,200,1056,,
2026-09-01T12:17:54.706138+00:00,LibGen,LibGen.bz,UP,200,697,,
2026-09-01T12:18:55.476087+00:00,LibGen,LibGen.bz,UP,200,713,,
2026-09-01T12:19:56.501193+00:00,LibGen,LibGen.bz,UP,200,907,,
2026-09-01T12:20:57.105440+00:00,LibGen,LibGen.bz,UP,200,854,,
2026-09-01T12:21:57.881445+00:00,LibGen,LibGen.bz,UP,200,847,,
2026-09-01T12:22:58.525656+00:00,LibGen,LibGen.bz,UP,200,688,,
2026-09-01T12:24:02.040726+00:00,LibGen,LibGen.bz,UP,200,1134,,
2026-09-01T12:25:00.307738+00:00,LibGen,LibGen.bz,UP,200,942,,
2026-09-01T12:26:00.390126+00:00,LibGen,LibGen.bz,UP,200,817,,
2026-09-01T12:27:01.690540+00:00,LibGen,LibGen.bz,UP,200,968,,
2026-09-01T12:28:01.623864+00:00,LibGen,LibGen.bz,UP,200,277,,
2026-09-01T12:29:02.687718+00:00,LibGen,LibGen.bz,UP,200,978,,
2026-09-01T12:30:03.459691+00:00,LibGen,LibGen.bz,UP,200,1487,,
2026-09-01T12:31:03.168761+00:00,LibGen,LibGen.bz,UP,200,943,,
2026-09-01T12:32:05.468716+00:00,LibGen,LibGen.bz,UP,200,1013,,
2026-09-01T12:33:05.421724+00:00,LibGen,LibGen.bz,UP,200,803,,
2026-09-01T12:34:04.859863+00:00,LibGen,LibGen.bz,UP,200,864,,
2026-09-01T12:35:05.215602+00:00,LibGen,LibGen.bz,UP,200,261,,
2026-09-01T12:36:09.194969+00:00,LibGen,LibGen.bz,DEGRADED,200,3756,latency_high,
2026-09-01T12:37:06.686592+00:00,LibGen,LibGen.bz,UP,200,885,,
2026-09-01T12:38:06.940399+00:00,LibGen,LibGen.bz,UP,200,890,,
2026-09-01T12:39:07.817447+00:00,LibGen,LibGen.bz,UP,200,794,,
2026-09-01T12:40:08.991552+00:00,LibGen,LibGen.bz,UP,200,1398,,
2026-09-01T12:41:09.391140+00:00,LibGen,LibGen.bz,UP,200,718,,
2026-09-01T12:42:10.175584+00:00,LibGen,LibGen.bz,UP,200,659,,
2026-09-01T12:43:29.819846+00:00,LibGen,LibGen.bz,DOWN,,,connection_refused,
2026-09-01T12:44:10.004331+00:00,LibGen,LibGen.bz,UP,200,686,,
2026-09-01T12:45:10.314550+00:00,LibGen,LibGen.bz,UP,200,287,,
2026-09-01T12:46:11.509638+00:00,LibGen,LibGen.bz,UP,200,779,,
2026-09-01T12:47:12.316538+00:00,LibGen,LibGen.bz,UP,200,778,,
2026-09-01T12:48:12.504018+00:00,LibGen,LibGen.bz,UP,200,786,,
2026-09-01T12:49:13.790047+00:00,LibGen,LibGen.bz,UP,200,809,,
2026-09-01T12:50:15.342229+00:00,LibGen,LibGen.bz,UP,200,832,,
2026-09-01T12:51:14.765668+00:00,LibGen,LibGen.bz,UP,200,763,,
2026-09-01T12:52:15.961128+00:00,LibGen,LibGen.bz,UP,200,1089,,
2026-09-01T12:53:36.401770+00:00,LibGen,LibGen.bz,DOWN,,,connection_refused,
2026-09-01T12:54:16.298070+00:00,LibGen,LibGen.bz,UP,200,708,,
2026-09-01T12:55:17.161181+00:00,LibGen,LibGen.bz,UP,200,731,,
2026-09-01T12:56:17.304205+00:00,LibGen,LibGen.bz,UP,200,254,,
2026-09-01T12:57:18.382498+00:00,LibGen,LibGen.bz,UP,200,810,,
2026-09-01T12:58:18.773202+00:00,LibGen,LibGen.bz,UP,200,730,,
2026-09-01T12:59:19.488880+00:00,LibGen,LibGen.bz,UP,200,857,,
2026-09-01T13:00:21.077575+00:00,LibGen,LibGen.bz,UP,200,1293,,
2026-09-01T13:01:21.393063+00:00,LibGen,LibGen.bz,UP,200,808,,
2026-09-01T13:02:21.450926+00:00,LibGen,LibGen.bz,UP,200,756,,
2026-09-01T13:03:21.550088+00:00,LibGen,LibGen.bz,UP,200,714,,
2026-09-01T13:04:22.118691+00:00,LibGen,LibGen.bz,UP,200,772,,
2026-09-01T13:05:22.782622+00:00,LibGen,LibGen.bz,UP,200,751,,
2026-09-01T13:06:23.528047+00:00,LibGen,LibGen.bz,UP,200,727,,
2026-09-01T13:07:44.373964+00:00,LibGen,LibGen.bz,DOWN,,,connection_refused,
2026-09-01T13:08:24.500859+00:00,LibGen,LibGen.bz,UP,200,809,,
2026-09-01T13:09:24.687551+00:00,LibGen,LibGen.bz,UP,200,682,,
2026-09-01T13:10:25.300738+00:00,LibGen,LibGen.bz,UP,200,602,,
2026-09-01T13:11:26.004699+00:00,LibGen,LibGen.bz,UP,200,625,,
2026-09-01T13:12:26.350064+00:00,LibGen,LibGen.bz,UP,200,651,,
2026-09-01T13:13:27.171187+00:00,LibGen,LibGen.bz,UP,200,837,,
2026-09-01T13:14:27.646459+00:00,LibGen,LibGen.bz,UP,200,776,,
2026-09-01T13:15:28.846496+00:00,LibGen,LibGen.bz,UP,200,779,,
2026-09-01T13:16:29.293005+00:00,LibGen,LibGen.bz,UP,200,828,,
2026-09-01T13:17:30.116173+00:00,LibGen,LibGen.bz,UP,200,849,,
2026-09-01T13:18:30.174733+00:00,LibGen,LibGen.bz,UP,200,795,,
2026-09-01T13:19:31.216808+00:00,LibGen,LibGen.bz,UP,200,924,,
2026-09-01T13:20:32.304027+00:00,LibGen,LibGen.bz,UP,200,822,,
2026-09-01T13:21:32.691906+00:00,LibGen,LibGen.bz,UP,200,803,,
2026-09-01T13:22:33.898486+00:00,LibGen,LibGen.bz,UP,200,831,,
2026-09-01T13:23:33.956826+00:00,LibGen,LibGen.bz,UP,200,676,,
2026-09-01T13:24:33.776336+00:00,LibGen,LibGen.bz,UP,200,253,,
2026-09-01T13:25:36.056685+00:00,LibGen,LibGen.bz,UP,200,1477,,
2026-09-01T13:26:35.918550+00:00,LibGen,LibGen.bz,UP,200,723,,
2026-09-01T13:27:36.370880+00:00,LibGen,LibGen.bz,UP,200,702,,
2026-09-01T13:28:37.198426+00:00,LibGen,LibGen.bz,UP,200,883,,
2026-09-01T13:29:37.882481+00:00,LibGen,LibGen.bz,UP,200,978,,
2026-09-01T13:30:38.389576+00:00,LibGen,LibGen.bz,UP,200,838,,
2026-09-01T13:31:39.816761+00:00,LibGen,LibGen.bz,UP,200,1095,,
2026-09-01T13:32:39.969047+00:00,LibGen,LibGen.bz,UP,200,253,,
2026-09-01T13:33:40.908477+00:00,LibGen,LibGen.bz,UP,200,786,,
2026-09-01T13:34:42.500835+00:00,LibGen,LibGen.bz,UP,200,871,,
2026-09-01T13:35:42.122343+00:00,LibGen,LibGen.bz,UP,200,652,,
2026-09-01T13:36:42.617781+00:00,LibGen,LibGen.bz,UP,200,793,,
2026-09-01T13:37:43.613304+00:00,LibGen,LibGen.bz,UP,200,1133,,
2026-09-01T13:38:44.308261+00:00,LibGen,LibGen.bz,UP,200,761,,
2026-09-01T13:39:44.969579+00:00,LibGen,LibGen.bz,UP,200,710,,
2026-09-01T13:40:45.460454+00:00,LibGen,LibGen.bz,UP,200,738,,
2026-09-01T13:41:46.180949+00:00,LibGen,LibGen.bz,UP,200,801,,
2026-09-01T13:42:46.689946+00:00,LibGen,LibGen.bz,UP,200,669,,
2026-09-01T13:43:47.916860+00:00,LibGen,LibGen.bz,UP,200,1181,,
2026-09-01T13:44:48.054613+00:00,LibGen,LibGen.bz,UP,200,677,,
2026-09-01T13:45:49.464562+00:00,LibGen,LibGen.bz,UP,200,735,,
2026-09-01T13:46:49.401031+00:00,LibGen,LibGen.bz,UP,200,906,,
2026-09-01T13:47:50.478019+00:00,LibGen,LibGen.bz,UP,200,787,,
2026-09-01T13:48:50.881676+00:00,LibGen,LibGen.bz,UP,200,722,,
2026-09-01T13:49:51.447642+00:00,LibGen,LibGen.bz,UP,200,853,,
2026-09-01T13:50:52.715000+00:00,LibGen,LibGen.bz,UP,200,1224,,
2026-09-01T13:51:52.165635+00:00,LibGen,LibGen.bz,UP,200,244,,
2026-09-01T13:52:53.735539+00:00,LibGen,LibGen.bz,UP,200,798,,
2026-09-01T13:53:54.143428+00:00,LibGen,LibGen.bz,UP,200,800,,
2026-09-01T13:54:54.224295+00:00,LibGen,LibGen.bz,UP,200,751,,
2026-09-01T13:55:54.195735+00:00,LibGen,LibGen.bz,DOWN,,,connection_refused,
2026-09-01T13:56:55.027749+00:00,LibGen,LibGen.bz,UP,200,799,,
2026-09-01T13:57:54.486891+00:00,LibGen,LibGen.bz,UP,200,244,,
2026-09-01T13:58:55.999349+00:00,LibGen,LibGen.bz,UP,200,827,,
2026-09-01T13:59:56.645301+00:00,LibGen,LibGen.bz,UP,200,757,,
2026-09-01T14:00:57.317234+00:00,LibGen,LibGen.bz,UP,200,866,,
2026-09-01T14:01:57.848419+00:00,LibGen,LibGen.bz,UP,200,845,,
2026-09-01T14:02:57.420562+00:00,LibGen,LibGen.bz,UP,200,765,,
2026-09-01T14:04:01.163647+00:00,LibGen,LibGen.bz,DEGRADED,200,3649,latency_high,
2026-09-01T14:04:58.804230+00:00,LibGen,LibGen.bz,UP,200,674,,
2026-09-01T14:05:59.730622+00:00,LibGen,LibGen.bz,UP,200,722,,
2026-09-01T14:07:01.403524+00:00,LibGen,LibGen.bz,UP,200,954,,
2026-09-01T14:08:04.487037+00:00,LibGen,LibGen.bz,UP,200,1090,,
2026-09-01T14:09:02.503545+00:00,LibGen,LibGen.bz,UP,200,1431,,
2026-09-01T14:10:03.425597+00:00,LibGen,LibGen.bz,UP,200,1530,,
2026-09-01T14:11:03.093853+00:00,LibGen,LibGen.bz,UP,200,280,,
2026-09-01T14:12:04.051692+00:00,LibGen,LibGen.bz,UP,200,752,,
2026-09-01T14:13:05.167355+00:00,LibGen,LibGen.bz,UP,200,707,,
2026-09-01T14:14:04.890650+00:00,LibGen,LibGen.bz,UP,200,633,,
2026-09-01T14:15:06.431723+00:00,LibGen,LibGen.bz,UP,200,1249,,
2026-09-01T14:16:06.285844+00:00,LibGen,LibGen.bz,UP,200,794,,
2026-09-01T14:17:08.303169+00:00,LibGen,LibGen.bz,UP,200,1040,,
2026-09-01T14:18:07.495630+00:00,LibGen,LibGen.bz,UP,200,772,,
2026-09-01T14:19:07.854300+00:00,LibGen,LibGen.bz,UP,200,786,,
2026-09-01T14:20:08.441206+00:00,LibGen,LibGen.bz,UP,200,946,,
2026-09-01T14:21:08.845184+00:00,LibGen,LibGen.bz,UP,200,711,,
2026-09-01T14:22:10.062568+00:00,LibGen,LibGen.bz,UP,200,754,,
2026-09-01T14:23:10.406567+00:00,LibGen,LibGen.bz,UP,200,863,,
2026-09-01T14:24:12.702415+00:00,LibGen,LibGen.bz,UP,200,1751,,
2026-09-01T14:25:11.401955+00:00,LibGen,LibGen.bz,UP,200,996,,
2026-09-01T14:26:12.254481+00:00,LibGen,LibGen.bz,UP,200,664,,
2026-09-01T14:27:12.224567+00:00,LibGen,LibGen.bz,UP,200,629,,
2026-09-01T14:28:12.466388+00:00,LibGen,LibGen.bz,UP,200,561,,
2026-09-01T14:29:12.889521+00:00,LibGen,LibGen.bz,UP,200,701,,
2026-09-01T14:30:13.830767+00:00,LibGen,LibGen.bz,UP,200,866,,
2026-09-01T14:31:15.168685+00:00,LibGen,LibGen.bz,UP,200,1004,,
2026-09-01T14:32:16.489532+00:00,LibGen,LibGen.bz,UP,200,1080,,
2026-09-01T14:33:15.431812+00:00,LibGen,LibGen.bz,UP,200,756,,
2026-09-01T14:34:15.905488+00:00,LibGen,LibGen.bz,UP,200,800,,
2026-09-01T14:35:16.398542+00:00,LibGen,LibGen.bz,UP,200,809,,
2026-09-01T14:36:16.394736+00:00,LibGen,LibGen.bz,DOWN,,,connection_refused,
2026-09-01T14:37:18.141929+00:00,LibGen,LibGen.bz,UP,200,890,,
2026-09-01T14:38:18.817158+00:00,LibGen,LibGen.bz,UP,200,649,,
2026-09-01T14:39:18.449499+00:00,LibGen,LibGen.bz,UP,200,677,,
2026-09-01T14:40:18.866820+00:00,LibGen,LibGen.bz,UP,200,720,,
2026-09-01T14:41:20.130188+00:00,LibGen,LibGen.bz,UP,200,811,,
2026-09-01T14:42:21.196538+00:00,LibGen,LibGen.bz,UP,200,753,,
2026-09-01T14:43:20.589590+00:00,LibGen,LibGen.bz,UP,200,239,,
2026-09-01T14:44:22.867236+00:00,LibGen,LibGen.bz,UP,200,837,,
2026-09-01T14:45:22.202769+00:00,LibGen,LibGen.bz,UP,200,702,,
2026-09-01T14:46:23.675675+00:00,LibGen,LibGen.bz,UP,200,827,,
2026-09-01T14:47:24.189518+00:00,LibGen,LibGen.bz,UP,200,729,,
2026-09-01T14:48:24.583974+00:00,LibGen,LibGen.bz,UP,200,800,,
2026-09-01T14:49:25.277033+00:00,LibGen,LibGen.bz,UP,200,690,,
2026-09-01T14:50:26.194272+00:00,LibGen,LibGen.bz,UP,200,798,,
2026-09-01T14:51:27.406956+00:00,LibGen,LibGen.bz,UP,200,1655,,
2026-09-01T14:52:26.578549+00:00,LibGen,LibGen.bz,UP,200,744,,
2026-09-01T14:53:28.183079+00:00,LibGen,LibGen.bz,UP,200,760,,
2026-09-01T14:54:28.574915+00:00,LibGen,LibGen.bz,UP,200,723,,
2026-09-01T14:55:28.811155+00:00,LibGen,LibGen.bz,UP,200,794,,
2026-09-01T14:56:29.418358+00:00,LibGen,LibGen.bz,UP,200,773,,
2026-09-01T14:57:30.916158+00:00,LibGen,LibGen.bz,UP,200,1093,,
2026-09-01T14:58:30.736460+00:00,LibGen,LibGen.bz,UP,200,1026,,
2026-09-01T14:59:31.700980+00:00,LibGen,LibGen.bz,UP,200,942,,
2026-09-01T15:00:32.838499+00:00,LibGen,LibGen.bz,UP,200,1065,,
2026-09-01T15:01:32.399557+00:00,LibGen,LibGen.bz,UP,200,248,,
2026-09-01T15:02:33.329734+00:00,LibGen,LibGen.bz,UP,200,752,,
2026-09-01T15:03:33.648998+00:00,LibGen,LibGen.bz,UP,200,790,,
2026-09-01T15:04:34.378407+00:00,LibGen,LibGen.bz,UP,200,674,,
2026-09-01T15:05:34.836147+00:00,LibGen,LibGen.bz,UP,200,841,,
2026-09-01T15:06:34.796863+00:00,LibGen,LibGen.bz,DOWN,,,connection_refused,
2026-09-01T15:07:36.236844+00:00,LibGen,LibGen.bz,UP,200,817,,
2026-09-01T15:08:37.018693+00:00,LibGen,LibGen.bz,UP,200,862,,
2026-09-01T15:09:37.342064+00:00,LibGen,LibGen.bz,UP,200,831,,
2026-09-01T15:10:38.435577+00:00,LibGen,LibGen.bz,UP,200,784,,
2026-09-01T15:11:39.435627+00:00,LibGen,LibGen.bz,UP,200,759,,
2026-09-01T15:12:39.695676+00:00,LibGen,LibGen.bz,UP,200,861,,
2026-09-01T15:13:41.844690+00:00,LibGen,LibGen.bz,UP,200,781,,
2026-09-01T15:14:43.687063+00:00,LibGen,LibGen.bz,DEGRADED,200,3696,latency_high,
2026-09-01T15:15:41.249025+00:00,LibGen,LibGen.bz,UP,200,823,,
2026-09-01T15:16:41.921987+00:00,LibGen,LibGen.bz,UP,200,973,,
2026-09-01T15:17:41.892041+00:00,LibGen,LibGen.bz,UP,200,673,,
2026-09-01T15:18:42.672120+00:00,LibGen,LibGen.bz,UP,200,837,,
2026-09-01T15:19:43.791152+00:00,LibGen,LibGen.bz,UP,200,790,,
2026-09-01T15:20:44.366016+00:00,LibGen,LibGen.bz,UP,200,795,,
2026-09-01T15:21:44.640680+00:00,LibGen,LibGen.bz,UP,200,775,,
2026-09-01T15:22:45.366114+00:00,LibGen,LibGen.bz,UP,200,832,,
2026-09-01T15:23:46.218766+00:00,LibGen,LibGen.bz,UP,200,902,,
2026-09-01T15:24:46.655319+00:00,LibGen,LibGen.bz,UP,200,808,,
2026-09-01T15:25:46.176205+00:00,LibGen,LibGen.bz,UP,200,237,,
2026-09-01T15:26:47.784099+00:00,LibGen,LibGen.bz,UP,200,1002,,
2026-09-01T15:27:48.471517+00:00,LibGen,LibGen.bz,UP,200,780,,
2026-09-01T15:28:48.349079+00:00,LibGen,LibGen.bz,UP,200,737,,
2026-09-01T15:29:49.081180+00:00,LibGen,LibGen.bz,UP,200,713,,
2026-09-01T15:30:50.100760+00:00,LibGen,LibGen.bz,UP,200,1169,,
2026-09-01T15:31:49.827240+00:00,LibGen,LibGen.bz,UP,200,716,,
2026-09-01T15:32:51.048466+00:00,LibGen,LibGen.bz,UP,200,753,,
2026-09-01T15:33:50.989607+00:00,LibGen,LibGen.bz,UP,200,994,,
2026-09-01T15:34:51.274182+00:00,LibGen,LibGen.bz,UP,200,258,,
2026-09-01T15:35:51.882031+00:00,LibGen,LibGen.bz,UP,200,796,,
2026-09-01T15:36:52.494365+00:00,LibGen,LibGen.bz,UP,200,849,,
2026-09-01T15:37:53.107035+00:00,LibGen,LibGen.bz,UP,200,620,,
2026-09-01T15:38:53.898711+00:00,LibGen,LibGen.bz,UP,200,849,,
2026-09-01T15:39:54.066030+00:00,LibGen,LibGen.bz,UP,200,1085,,
2026-09-01T15:40:54.354232+00:00,LibGen,LibGen.bz,UP,200,880,,
2026-09-01T15:41:55.204416+00:00,LibGen,LibGen.bz,UP,200,255,,
2026-09-01T15:42:55.481943+00:00,LibGen,LibGen.bz,UP,200,688,,
2026-09-01T15:43:56.063754+00:00,LibGen,LibGen.bz,UP,200,667,,
2026-09-01T15:44:56.859394+00:00,LibGen,LibGen.bz,UP,200,668,,
2026-09-01T15:45:57.143960+00:00,LibGen,LibGen.bz,UP,200,798,,
2026-09-01T15:46:58.472905+00:00,LibGen,LibGen.bz,UP,200,714,,
2026-09-01T15:47:58.613887+00:00,LibGen,LibGen.bz,UP,200,720,,
2026-09-01T15:48:59.302243+00:00,LibGen,LibGen.bz,UP,200,784,,
2026-09-01T15:50:21.106674+00:00,LibGen,LibGen.bz,DOWN,,,connection_refused,
2026-09-01T15:51:00.230067+00:00,LibGen,LibGen.bz,UP,200,846,,
2026-09-01T15:52:01.535709+00:00,LibGen,LibGen.bz,UP,200,1184,,
2026-09-01T15:53:01.689102+00:00,LibGen,LibGen.bz,UP,200,754,,
2026-09-01T15:54:02.021598+00:00,LibGen,LibGen.bz,UP,200,959,,
2026-09-01T15:55:02.830813+00:00,LibGen,LibGen.bz,UP,200,1059,,
2026-09-01T15:56:03.703720+00:00,LibGen,LibGen.bz,UP,200,981,,
2026-09-01T15:57:05.586638+00:00,LibGen,LibGen.bz,UP,200,1211,,
2026-09-01T15:58:05.426815+00:00,LibGen,LibGen.bz,UP,200,864,,
2026-09-01T15:59:05.668648+00:00,LibGen,LibGen.bz,UP,200,705,,
2026-09-01T16:00:08.134867+00:00,LibGen,LibGen.bz,UP,200,1787,,
2026-09-01T16:01:07.001025+00:00,LibGen,LibGen.bz,UP,200,835,,
2026-09-01T16:02:08.269516+00:00,LibGen,LibGen.bz,UP,200,769,,
2026-09-01T16:03:09.282724+00:00,LibGen,LibGen.bz,UP,200,670,,
2026-09-01T16:04:09.634255+00:00,LibGen,LibGen.bz,UP,200,944,,
2026-09-01T16:05:10.184582+00:00,LibGen,LibGen.bz,UP,200,907,,
2026-09-01T16:06:10.141436+00:00,LibGen,LibGen.bz,UP,200,694,,
2026-09-01T16:07:11.387786+00:00,LibGen,LibGen.bz,UP,200,897,,
2026-09-01T16:08:11.117499+00:00,LibGen,LibGen.bz,UP,200,876,,
2026-09-01T16:09:11.201699+00:00,LibGen,LibGen.bz,UP,200,764,,
2026-09-01T16:10:12.164976+00:00,LibGen,LibGen.bz,UP,200,888,,
2026-09-01T16:11:12.420157+00:00,LibGen,LibGen.bz,UP,200,853,,
2026-09-01T16:12:13.552618+00:00,LibGen,LibGen.bz,UP,200,755,,
2026-09-01T16:13:13.136008+00:00,LibGen,LibGen.bz,UP,200,681,,
2026-09-01T16:14:14.046787+00:00,LibGen,LibGen.bz,UP,200,804,,
2026-09-01T16:15:14.975552+00:00,LibGen,LibGen.bz,UP,200,1162,,
2026-09-01T16:16:16.080356+00:00,LibGen,LibGen.bz,UP,200,724,,
2026-09-01T16:17:16.395549+00:00,LibGen,LibGen.bz,UP,200,923,,
2026-09-01T16:18:16.725992+00:00,LibGen,LibGen.bz,UP,200,681,,
2026-09-01T16:19:17.757948+00:00,LibGen,LibGen.bz,UP,200,829,,
2026-09-01T16:20:18.517975+00:00,LibGen,LibGen.bz,UP,200,1291,,
2026-09-01T16:21:19.516597+00:00,LibGen,LibGen.bz,UP,200,1294,,
2026-09-01T16:22:19.778476+00:00,LibGen,LibGen.bz,UP,200,801,,
2026-09-01T16:23:20.383335+00:00,LibGen,LibGen.bz,UP,200,1160,,
2026-09-01T16:24:21.762342+00:00,LibGen,LibGen.bz,UP,200,2457,,
2026-09-01T16:25:20.421193+00:00,LibGen,LibGen.bz,UP,200,732,,
2026-09-01T16:26:21.390694+00:00,LibGen,LibGen.bz,UP,200,711,,
2026-09-01T16:27:22.127248+00:00,LibGen,LibGen.bz,UP,200,820,,
2026-09-01T16:28:23.003688+00:00,LibGen,LibGen.bz,UP,200,865,,
2026-09-01T16:29:22.914975+00:00,LibGen,LibGen.bz,UP,200,239,,
2026-09-01T16:30:24.173842+00:00,LibGen,LibGen.bz,UP,200,761,,
2026-09-01T16:31:25.171271+00:00,LibGen,LibGen.bz,UP,200,808,,
2026-09-01T16:32:26.062209+00:00,LibGen,LibGen.bz,UP,200,1063,,
2026-09-01T16:33:27.020503+00:00,LibGen,LibGen.bz,UP,200,833,,
2026-09-01T16:34:27.955977+00:00,LibGen,LibGen.bz,UP,200,1050,,
2026-09-01T16:35:28.332459+00:00,LibGen,LibGen.bz,UP,200,940,,
2026-09-01T16:36:28.883511+00:00,LibGen,LibGen.bz,UP,200,737,,
2026-09-01T16:37:29.645414+00:00,LibGen,LibGen.bz,UP,200,745,,
2026-09-01T16:38:30.844494+00:00,LibGen,LibGen.bz,UP,200,790,,
2026-09-01T16:39:31.219466+00:00,LibGen,LibGen.bz,UP,200,729,,
2026-09-01T16:40:32.222931+00:00,LibGen,LibGen.bz,UP,200,774,,
2026-09-01T16:41:32.928545+00:00,LibGen,LibGen.bz,UP,200,1035,,
2026-09-01T16:42:33.271462+00:00,LibGen,LibGen.bz,UP,200,766,,
2026-09-01T16:43:34.384211+00:00,LibGen,LibGen.bz,UP,200,819,,
2026-09-01T16:44:34.328113+00:00,LibGen,LibGen.bz,UP,200,750,,
2026-09-01T16:45:34.278527+00:00,LibGen,LibGen.bz,UP,200,660,,
2026-09-01T16:46:35.592877+00:00,LibGen,LibGen.bz,UP,200,1747,,
2026-09-01T16:47:36.140160+00:00,LibGen,LibGen.bz,UP,200,841,,
2026-09-01T16:48:35.925392+00:00,LibGen,LibGen.bz,UP,200,926,,
2026-09-01T16:49:36.601498+00:00,LibGen,LibGen.bz,UP,200,807,,
2026-09-01T16:50:37.855618+00:00,LibGen,LibGen.bz,UP,200,777,,
2026-09-01T16:51:37.814267+00:00,LibGen,LibGen.bz,UP,200,230,,
2026-09-01T16:52:38.702182+00:00,LibGen,LibGen.bz,UP,200,681,,
2026-09-01T16:53:39.117245+00:00,LibGen,LibGen.bz,UP,200,725,,
2026-09-01T16:54:43.020713+00:00,LibGen,LibGen.bz,DEGRADED,200,3910,latency_high,
2026-09-01T16:55:39.811331+00:00,LibGen,LibGen.bz,UP,200,790,,
2026-09-01T16:56:40.492937+00:00,LibGen,LibGen.bz,UP,200,913,,
2026-09-01T16:57:41.036932+00:00,LibGen,LibGen.bz,UP,200,409,,
2026-09-01T16:58:40.784872+00:00,LibGen,LibGen.bz,UP,200,269,,
2026-09-01T16:59:41.921895+00:00,LibGen,LibGen.bz,UP,200,752,,
2026-09-01T17:01:02.818840+00:00,LibGen,LibGen.bz,DOWN,,,connection_refused,
2026-09-01T17:01:44.089007+00:00,LibGen,LibGen.bz,UP,200,854,,
2026-09-01T17:02:44.179550+00:00,LibGen,LibGen.bz,UP,200,706,,
2026-09-01T17:03:45.261207+00:00,LibGen,LibGen.bz,UP,200,1052,,
2026-09-01T17:04:45.778753+00:00,LibGen,LibGen.bz,UP,200,691,,
2026-09-01T17:05:46.697046+00:00,LibGen,LibGen.bz,UP,200,1163,,
2026-09-01T17:06:48.655482+00:00,LibGen,LibGen.bz,UP,200,1906,,
2026-09-01T17:07:47.812576+00:00,LibGen,LibGen.bz,UP,200,230,,
2026-09-01T17:08:48.646547+00:00,LibGen,LibGen.bz,UP,200,816,,
2026-09-01T17:09:49.110745+00:00,LibGen,LibGen.bz,UP,200,802,,
2026-09-01T17:10:49.118816+00:00,LibGen,LibGen.bz,UP,200,729,,
2026-09-01T17:11:50.345403+00:00,LibGen,LibGen.bz,UP,200,819,,
2026-09-01T17:12:51.189480+00:00,LibGen,LibGen.bz,UP,200,1062,,
2026-09-01T17:13:51.267409+00:00,LibGen,LibGen.bz,UP,200,760,,
2026-09-01T17:14:51.890438+00:00,LibGen,LibGen.bz,UP,200,750,,
2026-09-01T17:16:13.260073+00:00,LibGen,LibGen.bz,DOWN,,,connection_refused,
2026-09-01T17:16:53.384238+00:00,LibGen,LibGen.bz,UP,200,661,,
2026-09-01T17:17:55.430532+00:00,LibGen,LibGen.bz,UP,200,1220,,
2026-09-01T17:18:55.614531+00:00,LibGen,LibGen.bz,UP,200,778,,
2026-09-01T17:19:55.297459+00:00,LibGen,LibGen.bz,UP,200,697,,
2026-09-01T17:20:57.459605+00:00,LibGen,LibGen.bz,UP,200,1032,,
2026-09-01T17:21:57.019612+00:00,LibGen,LibGen.bz,UP,200,817,,
2026-09-01T17:22:57.307841+00:00,LibGen,LibGen.bz,UP,200,711,,
2026-09-01T17:23:58.517459+00:00,LibGen,LibGen.bz,UP,200,757,,
2026-09-01T17:24:58.906395+00:00,LibGen,LibGen.bz,UP,200,905,,
2026-09-01T17:25:58.731925+00:00,LibGen,LibGen.bz,UP,200,809,,
2026-09-01T17:26:59.221588+00:00,LibGen,LibGen.bz,UP,200,856,,
2026-09-01T17:28:00.682578+00:00,LibGen,LibGen.bz,UP,200,1021,,
2026-09-01T17:29:00.690767+00:00,LibGen,LibGen.bz,UP,200,1091,,
2026-09-01T17:30:00.961596+00:00,LibGen,LibGen.bz,UP,200,707,,
2026-09-01T17:31:02.072734+00:00,LibGen,LibGen.bz,UP,200,838,,
2026-09-01T17:32:02.474069+00:00,LibGen,LibGen.bz,UP,200,911,,
2026-09-01T17:33:03.176556+00:00,LibGen,LibGen.bz,UP,200,738,,
2026-09-01T17:34:03.702663+00:00,LibGen,LibGen.bz,UP,200,865,,
2026-09-01T17:35:04.450237+00:00,LibGen,LibGen.bz,UP,200,974,,
2026-09-01T17:36:04.803048+00:00,LibGen,LibGen.bz,UP,200,273,,
2026-09-01T17:37:05.743439+00:00,LibGen,LibGen.bz,UP,200,848,,
2026-09-01T17:38:07.597923+00:00,LibGen,LibGen.bz,UP,200,1684,,
2026-09-01T17:39:06.679536+00:00,LibGen,LibGen.bz,UP,200,255,,
2026-09-01T17:40:08.687677+00:00,LibGen,LibGen.bz,UP,200,870,,
2026-09-01T17:41:08.167172+00:00,LibGen,LibGen.bz,UP,200,687,,
2026-09-01T17:42:08.109008+00:00,LibGen,LibGen.bz,UP,200,239,,
2026-09-01T17:43:10.268578+00:00,LibGen,LibGen.bz,UP,200,658,,
2026-09-01T17:44:09.849254+00:00,LibGen,LibGen.bz,UP,200,609,,
2026-09-01T17:45:11.081893+00:00,LibGen,LibGen.bz,UP,200,1065,,
2026-09-01T17:46:11.078527+00:00,LibGen,LibGen.bz,UP,200,970,,
2026-09-01T17:47:31.903191+00:00,LibGen,LibGen.bz,DOWN,,,connection_refused,
2026-09-01T17:48:12.763860+00:00,LibGen,LibGen.bz,UP,200,708,,
2026-09-01T17:49:12.831783+00:00,LibGen,LibGen.bz,UP,200,264,,
2026-09-01T17:50:14.020525+00:00,LibGen,LibGen.bz,UP,200,859,,
2026-09-01T17:51:14.530048+00:00,LibGen,LibGen.bz,UP,200,765,,
2026-09-01T17:52:14.872080+00:00,LibGen,LibGen.bz,UP,200,886,,
2026-09-01T17:53:16.067074+00:00,LibGen,LibGen.bz,UP,200,684,,
2026-09-01T17:54:15.776611+00:00,LibGen,LibGen.bz,UP,200,654,,
2026-09-01T17:55:16.217495+00:00,LibGen,LibGen.bz,UP,200,792,,
2026-09-01T17:56:17.438469+00:00,LibGen,LibGen.bz,UP,200,797,,
2026-09-01T17:57:17.068533+00:00,LibGen,LibGen.bz,UP,200,799,,
2026-09-01T17:58:18.179504+00:00,LibGen,LibGen.bz,UP,200,954,,
2026-09-01T17:59:38.146862+00:00,LibGen,LibGen.bz,DOWN,,,connection_refused,
2026-09-01T18:00:19.443069+00:00,LibGen,LibGen.bz,UP,200,1153,,
2026-09-01T18:01:19.195505+00:00,LibGen,LibGen.bz,UP,200,536,,
2026-09-01T18:02:20.503367+00:00,LibGen,LibGen.bz,UP,200,987,,
2026-09-01T18:03:21.331829+00:00,LibGen,LibGen.bz,UP,200,855,,
2026-09-01T18:04:21.784232+00:00,LibGen,LibGen.bz,UP,200,925,,
2026-09-01T18:05:22.543731+00:00,LibGen,LibGen.bz,UP,200,865,,
2026-09-01T18:06:22.608092+00:00,LibGen,LibGen.bz,UP,200,705,,
2026-09-01T18:07:23.546768+00:00,LibGen,LibGen.bz,UP,200,756,,
2026-09-01T18:08:24.567952+00:00,LibGen,LibGen.bz,UP,200,779,,
2026-09-01T18:09:24.115463+00:00,LibGen,LibGen.bz,UP,200,734,,
2026-09-01T18:10:25.601133+00:00,LibGen,LibGen.bz,UP,200,1155,,
2026-09-01T18:11:25.682728+00:00,LibGen,LibGen.bz,UP,200,884,,
2026-09-01T18:12:25.202689+00:00,LibGen,LibGen.bz,UP,200,270,,
2026-09-01T18:13:27.019468+00:00,LibGen,LibGen.bz,UP,200,773,,
2026-09-01T18:14:27.947636+00:00,LibGen,LibGen.bz,UP,200,1064,,
2026-09-01T18:15:28.612230+00:00,LibGen,LibGen.bz,UP,200,800,,
2026-09-01T18:16:30.309769+00:00,LibGen,LibGen.bz,UP,200,701,,
2026-09-01T18:17:29.181106+00:00,LibGen,LibGen.bz,UP,200,848,,
2026-09-01T18:18:29.700080+00:00,LibGen,LibGen.bz,UP,200,771,,
2026-09-01T18:19:29.999897+00:00,LibGen,LibGen.bz,UP,200,753,,
2026-09-01T18:20:31.270523+00:00,LibGen,LibGen.bz,UP,200,969,,
2026-09-01T18:21:31.537156+00:00,LibGen,LibGen.bz,UP,200,707,,
2026-09-01T18:22:31.862138+00:00,LibGen,LibGen.bz,UP,200,901,,
2026-09-01T18:23:32.593736+00:00,LibGen,LibGen.bz,UP,200,736,,
2026-09-01T18:24:32.534606+00:00,LibGen,LibGen.bz,UP,200,812,,
2026-09-01T18:25:32.834752+00:00,LibGen,LibGen.bz,UP,200,1012,,
2026-09-01T18:26:34.532574+00:00,LibGen,LibGen.bz,UP,200,798,,
2026-09-01T18:27:34.282836+00:00,LibGen,LibGen.bz,UP,200,779,,
2026-09-01T18:28:34.609959+00:00,LibGen,LibGen.bz,UP,200,667,,
2026-09-01T18:29:35.259536+00:00,LibGen,LibGen.bz,UP,200,256,,
2026-09-01T18:30:36.332838+00:00,LibGen,LibGen.bz,UP,200,724,,
2026-09-01T18:31:36.647561+00:00,LibGen,LibGen.bz,UP,200,737,,
2026-09-01T18:32:37.794316+00:00,LibGen,LibGen.bz,UP,200,1019,,
2026-09-01T18:33:56.642818+00:00,LibGen,LibGen.bz,DOWN,,,connection_refused,
2026-09-01T18:34:37.689687+00:00,LibGen,LibGen.bz,UP,200,858,,
2026-09-01T18:35:38.428874+00:00,LibGen,LibGen.bz,UP,200,806,,
2026-09-01T18:36:39.297765+00:00,LibGen,LibGen.bz,UP,200,732,,
2026-09-01T18:37:40.427212+00:00,LibGen,LibGen.bz,UP,200,759,,
2026-09-01T18:38:41.198119+00:00,LibGen,LibGen.bz,UP,200,772,,
2026-09-01T18:39:41.868403+00:00,LibGen,LibGen.bz,UP,200,753,,
2026-09-01T18:40:43.109771+00:00,LibGen,LibGen.bz,UP,200,761,,
2026-09-01T18:41:42.777904+00:00,LibGen,LibGen.bz,UP,200,771,,
2026-09-01T18:42:43.253114+00:00,LibGen,LibGen.bz,UP,200,720,,
2026-09-01T18:43:43.757757+00:00,LibGen,LibGen.bz,UP,200,772,,
2026-09-01T18:44:45.030922+00:00,LibGen,LibGen.bz,UP,200,903,,
2026-09-01T18:45:45.282312+00:00,LibGen,LibGen.bz,UP,200,815,,
2026-09-01T18:46:46.349221+00:00,LibGen,LibGen.bz,UP,200,882,,
2026-09-01T18:47:47.743035+00:00,LibGen,LibGen.bz,UP,200,758,,
2026-09-01T18:48:47.745556+00:00,LibGen,LibGen.bz,UP,200,832,,
2026-09-01T18:49:48.952743+00:00,LibGen,LibGen.bz,UP,200,778,,
2026-09-01T18:50:49.049838+00:00,LibGen,LibGen.bz,UP,200,948,,
2026-09-01T18:51:49.939596+00:00,LibGen,LibGen.bz,UP,200,807,,
2026-09-01T18:52:51.429065+00:00,LibGen,LibGen.bz,UP,200,1820,,
2026-09-01T18:53:51.406099+00:00,LibGen,LibGen.bz,UP,200,1006,,
2026-09-01T18:54:56.364686+00:00,LibGen,LibGen.bz,UP,200,874,,
2026-09-01T18:55:52.296952+00:00,LibGen,LibGen.bz,UP,200,832,,
2026-09-01T18:56:52.385070+00:00,LibGen,LibGen.bz,UP,200,344,,
2026-09-01T18:57:53.696822+00:00,LibGen,LibGen.bz,UP,200,736,,
2026-09-01T18:58:53.929879+00:00,LibGen,LibGen.bz,UP,200,771,,
2026-09-01T18:59:55.032093+00:00,LibGen,LibGen.bz,UP,200,763,,
2026-09-01T19:00:54.639238+00:00,LibGen,LibGen.bz,UP,200,656,,
2026-09-01T19:01:55.551144+00:00,LibGen,LibGen.bz,UP,200,733,,
2026-09-01T19:02:56.768810+00:00,LibGen,LibGen.bz,UP,200,661,,
2026-09-01T19:03:57.321978+00:00,LibGen,LibGen.bz,UP,200,1045,,
2026-09-01T19:05:17.768763+00:00,LibGen,LibGen.bz,DOWN,,,connection_refused,
2026-09-01T19:05:57.912348+00:00,LibGen,LibGen.bz,UP,200,683,,
2026-09-01T19:06:58.446166+00:00,LibGen,LibGen.bz,UP,200,787,,
2026-09-01T19:07:58.940223+00:00,LibGen,LibGen.bz,UP,200,794,,
2026-09-01T19:08:59.930729+00:00,LibGen,LibGen.bz,UP,200,1958,,
2026-09-01T19:09:58.890472+00:00,LibGen,LibGen.bz,UP,200,750,,
2026-09-01T19:10:59.341246+00:00,LibGen,LibGen.bz,UP,200,771,,
2026-09-01T19:12:01.705615+00:00,LibGen,LibGen.bz,UP,200,1621,,
2026-09-01T19:13:01.511624+00:00,LibGen,LibGen.bz,UP,200,1303,,
2026-09-01T19:14:01.908501+00:00,LibGen,LibGen.bz,UP,200,269,,
2026-09-01T19:15:02.921775+00:00,LibGen,LibGen.bz,UP,200,1365,,
2026-09-01T19:16:02.694900+00:00,LibGen,LibGen.bz,UP,200,1201,,
2026-09-01T19:17:02.356945+00:00,LibGen,LibGen.bz,UP,200,1022,,
2026-09-01T19:18:03.275167+00:00,LibGen,LibGen.bz,UP,200,1131,,
2026-09-01T19:19:05.389772+00:00,LibGen,LibGen.bz,UP,200,984,,
2026-09-01T19:20:05.344766+00:00,LibGen,LibGen.bz,UP,200,1981,,
2026-09-01T19:21:04.291575+00:00,LibGen,LibGen.bz,UP,200,945,,
2026-09-01T19:22:04.594617+00:00,LibGen,LibGen.bz,UP,200,270,,
2026-09-01T19:23:05.087660+00:00,LibGen,LibGen.bz,UP,200,787,,
2026-09-01T19:24:05.395485+00:00,LibGen,LibGen.bz,UP,200,822,,
2026-09-01T19:25:05.849881+00:00,LibGen,LibGen.bz,UP,200,921,,
2026-09-01T19:26:08.003364+00:00,LibGen,LibGen.bz,UP,200,1731,,
2026-09-01T19:27:06.849073+00:00,LibGen,LibGen.bz,UP,200,272,,
2026-09-01T19:28:08.344175+00:00,LibGen,LibGen.bz,UP,200,920,,
2026-09-01T19:29:08.236223+00:00,LibGen,LibGen.bz,UP,200,624,,
2026-09-01T19:30:09.645009+00:00,LibGen,LibGen.bz,UP,200,1616,,
2026-09-01T19:31:09.990610+00:00,LibGen,LibGen.bz,UP,200,869,,
2026-09-01T19:32:10.546684+00:00,LibGen,LibGen.bz,UP,200,823,,
2026-09-01T19:33:11.330372+00:00,LibGen,LibGen.bz,UP,200,831,,
2026-09-01T19:34:11.205049+00:00,LibGen,LibGen.bz,DOWN,,,connection_refused,
2026-09-01T19:35:12.603394+00:00,LibGen,LibGen.bz,UP,200,816,,
2026-09-01T19:36:14.747782+00:00,LibGen,LibGen.bz,UP,200,1901,,
2026-09-01T19:37:13.621002+00:00,LibGen,LibGen.bz,UP,200,685,,
2026-09-01T19:38:14.447057+00:00,LibGen,LibGen.bz,UP,200,684,,
2026-09-01T19:39:15.102453+00:00,LibGen,LibGen.bz,UP,200,718,,
2026-09-01T19:40:16.107584+00:00,LibGen,LibGen.bz,UP,200,839,,
2026-09-01T19:41:17.121955+00:00,LibGen,LibGen.bz,UP,200,765,,
2026-09-01T19:42:18.102683+00:00,LibGen,LibGen.bz,UP,200,883,,
2026-09-01T19:43:18.149815+00:00,LibGen,LibGen.bz,UP,200,713,,
2026-09-01T19:44:18.957143+00:00,LibGen,LibGen.bz,UP,200,824,,
2026-09-01T19:45:19.508659+00:00,LibGen,LibGen.bz,UP,200,1000,,
2026-09-01T19:46:19.171466+00:00,LibGen,LibGen.bz,UP,200,817,,
2026-09-01T19:47:19.741738+00:00,LibGen,LibGen.bz,UP,200,784,,
2026-09-01T19:48:22.969357+00:00,LibGen,LibGen.bz,UP,200,1892,,
2026-09-01T19:49:21.702799+00:00,LibGen,LibGen.bz,UP,200,696,,
2026-09-01T19:50:22.514393+00:00,LibGen,LibGen.bz,UP,200,797,,
2026-09-01T19:51:22.712061+00:00,LibGen,LibGen.bz,UP,200,849,,
2026-09-01T19:52:23.703502+00:00,LibGen,LibGen.bz,UP,200,718,,
2026-09-01T19:53:43.906747+00:00,LibGen,LibGen.bz,DOWN,,,connection_refused,
2026-09-01T19:54:24.719414+00:00,LibGen,LibGen.bz,UP,200,857,,
2026-09-01T19:55:25.164788+00:00,LibGen,LibGen.bz,UP,200,744,,
2026-09-01T19:56:30.272226+00:00,LibGen,LibGen.bz,DEGRADED,200,3434,latency_high,
2026-09-01T19:57:26.184483+00:00,LibGen,LibGen.bz,UP,200,916,,
2026-09-01T19:58:26.630547+00:00,LibGen,LibGen.bz,UP,200,640,,
2026-09-01T19:59:27.734712+00:00,LibGen,LibGen.bz,UP,200,825,,
2026-09-01T20:00:29.782088+00:00,LibGen,LibGen.bz,UP,200,929,,
2026-09-01T20:01:28.787446+00:00,LibGen,LibGen.bz,UP,200,267,,
2026-09-01T20:02:29.618171+00:00,LibGen,LibGen.bz,UP,200,759,,
2026-09-01T20:03:30.143669+00:00,LibGen,LibGen.bz,UP,200,790,,
2026-09-01T20:04:32.230115+00:00,LibGen,LibGen.bz,UP,200,2064,,
2026-09-01T20:05:32.011128+00:00,LibGen,LibGen.bz,UP,200,761,,
2026-09-01T20:06:32.936821+00:00,LibGen,LibGen.bz,UP,200,765,,
2026-09-01T20:07:34.207352+00:00,LibGen,LibGen.bz,UP,200,1152,,
2026-09-01T20:08:35.846676+00:00,LibGen,LibGen.bz,UP,200,2178,,
2026-09-01T20:09:34.671981+00:00,LibGen,LibGen.bz,UP,200,715,,
2026-09-01T20:10:35.799854+00:00,LibGen,LibGen.bz,UP,200,852,,
2026-09-01T20:11:36.773405+00:00,LibGen,LibGen.bz,UP,200,747,,
2026-09-01T20:12:37.425555+00:00,LibGen,LibGen.bz,UP,200,375,,
2026-09-01T20:13:37.526992+00:00,LibGen,LibGen.bz,UP,200,694,,
2026-09-01T20:14:39.578082+00:00,LibGen,LibGen.bz,UP,200,1775,,
2026-09-01T20:15:39.534477+00:00,LibGen,LibGen.bz,UP,200,727,,
2026-09-01T20:16:40.089271+00:00,LibGen,LibGen.bz,UP,200,781,,
2026-09-01T20:17:42.272046+00:00,LibGen,LibGen.bz,UP,200,1068,,
2026-09-01T20:18:41.568515+00:00,LibGen,LibGen.bz,UP,200,881,,
2026-09-01T20:19:42.134045+00:00,LibGen,LibGen.bz,UP,200,768,,
2026-09-01T20:20:43.019147+00:00,LibGen,LibGen.bz,UP,200,727,,
2026-09-01T20:21:44.120822+00:00,LibGen,LibGen.bz,UP,200,783,,
2026-09-01T20:22:44.207297+00:00,LibGen,LibGen.bz,UP,200,657,,
2026-09-01T20:23:44.740201+00:00,LibGen,LibGen.bz,UP,200,743,,
2026-09-01T20:24:45.849139+00:00,LibGen,LibGen.bz,UP,200,681,,
2026-09-01T20:25:46.704443+00:00,LibGen,LibGen.bz,UP,200,1094,,
2026-09-01T20:26:46.720927+00:00,LibGen,LibGen.bz,UP,200,328,,
2026-09-01T20:27:47.583906+00:00,LibGen,LibGen.bz,UP,200,772,,
2026-09-01T20:28:49.274228+00:00,LibGen,LibGen.bz,UP,200,717,,
2026-09-01T20:29:49.637265+00:00,LibGen,LibGen.bz,UP,200,551,,
2026-09-01T20:30:49.408851+00:00,LibGen,LibGen.bz,UP,200,792,,
2026-09-01T20:31:49.835988+00:00,LibGen,LibGen.bz,UP,200,690,,
2026-09-01T20:32:50.754617+00:00,LibGen,LibGen.bz,UP,200,797,,
2026-09-01T20:33:51.409095+00:00,LibGen,LibGen.bz,UP,200,704,,
2026-09-01T20:34:52.972218+00:00,LibGen,LibGen.bz,UP,200,1236,,
2026-09-01T20:35:53.536493+00:00,LibGen,LibGen.bz,UP,200,758,,
2026-09-01T20:36:53.650758+00:00,LibGen,LibGen.bz,UP,200,768,,
2026-09-01T20:37:53.980172+00:00,LibGen,LibGen.bz,UP,200,701,,
2026-09-01T20:38:55.186226+00:00,LibGen,LibGen.bz,UP,200,782,,
2026-09-01T20:39:54.377917+00:00,LibGen,LibGen.bz,UP,200,246,,
2026-09-01T20:40:55.698332+00:00,LibGen,LibGen.bz,UP,200,821,,
2026-09-01T20:41:55.534369+00:00,LibGen,LibGen.bz,UP,200,623,,
2026-09-01T20:42:56.585590+00:00,LibGen,LibGen.bz,UP,200,1139,,
2026-09-01T20:43:56.116175+00:00,LibGen,LibGen.bz,UP,200,248,,
2026-09-01T20:44:57.199895+00:00,LibGen,LibGen.bz,UP,200,761,,
2026-09-01T20:45:58.583231+00:00,LibGen,LibGen.bz,UP,200,739,,
2026-09-01T20:46:58.069251+00:00,LibGen,LibGen.bz,UP,200,773,,
2026-09-01T20:47:58.365517+00:00,LibGen,LibGen.bz,UP,200,794,,
2026-09-01T20:48:59.310549+00:00,LibGen,LibGen.bz,UP,200,699,,
2026-09-01T20:49:59.794017+00:00,LibGen,LibGen.bz,UP,200,666,,
2026-09-01T20:51:00.919655+00:00,LibGen,LibGen.bz,UP,200,872,,
2026-09-01T20:52:01.858141+00:00,LibGen,LibGen.bz,UP,200,680,,
2026-09-01T20:53:02.771606+00:00,LibGen,LibGen.bz,UP,200,752,,
2026-09-01T20:54:03.048814+00:00,LibGen,LibGen.bz,UP,200,965,,
2026-09-01T20:55:03.604520+00:00,LibGen,LibGen.bz,UP,200,1104,,
2026-09-01T20:56:04.453208+00:00,LibGen,LibGen.bz,UP,200,881,,
2026-09-01T20:57:05.419545+00:00,LibGen,LibGen.bz,UP,200,1024,,
2026-09-01T20:58:05.419846+00:00,LibGen,LibGen.bz,UP,200,708,,
2026-09-01T20:59:06.346928+00:00,LibGen,LibGen.bz,UP,200,807,,
2026-09-01T21:00:06.942105+00:00,LibGen,LibGen.bz,UP,200,1026,,
2026-09-01T21:01:07.111126+00:00,LibGen,LibGen.bz,UP,200,861,,
2026-09-01T21:02:08.193274+00:00,LibGen,LibGen.bz,UP,200,806,,
2026-09-01T21:03:08.320955+00:00,LibGen,LibGen.bz,UP,200,548,,
2026-09-01T21:04:10.332372+00:00,LibGen,LibGen.bz,UP,200,1434,,
2026-09-01T21:05:10.172036+00:00,LibGen,LibGen.bz,UP,200,1019,,
2026-09-01T21:06:09.612451+00:00,LibGen,LibGen.bz,UP,200,244,,
2026-09-01T21:07:10.970382+00:00,LibGen,LibGen.bz,UP,200,688,,
2026-09-01T21:08:11.492863+00:00,LibGen,LibGen.bz,UP,200,648,,
2026-09-01T21:09:12.584106+00:00,LibGen,LibGen.bz,UP,200,892,,
2026-09-01T21:10:13.442590+00:00,LibGen,LibGen.bz,UP,200,950,,
2026-09-01T21:11:14.087551+00:00,LibGen,LibGen.bz,UP,200,658,,
2026-09-01T21:12:14.617938+00:00,LibGen,LibGen.bz,UP,200,795,,
2026-09-01T21:13:14.442092+00:00,LibGen,LibGen.bz,UP,200,217,,
2026-09-01T21:14:15.588982+00:00,LibGen,LibGen.bz,UP,200,714,,
2026-09-01T21:15:16.464598+00:00,LibGen,LibGen.bz,UP,200,719,,
2026-09-01T21:16:16.639951+00:00,LibGen,LibGen.bz,UP,200,681,,
2026-09-01T21:17:17.373926+00:00,LibGen,LibGen.bz,UP,200,729,,
2026-09-01T21:18:17.960581+00:00,LibGen,LibGen.bz,UP,200,744,,
2026-09-01T21:19:18.579728+00:00,LibGen,LibGen.bz,UP,200,695,,
2026-09-01T21:20:19.395870+00:00,LibGen,LibGen.bz,UP,200,859,,
2026-09-01T21:21:20.227361+00:00,LibGen,LibGen.bz,UP,200,785,,
2026-09-01T21:22:20.199770+00:00,LibGen,LibGen.bz,DOWN,,,connection_refused,
2026-09-01T21:23:21.356348+00:00,LibGen,LibGen.bz,UP,200,740,,
2026-09-01T21:24:22.102682+00:00,LibGen,LibGen.bz,UP,200,577,,
2026-09-01T21:25:22.606807+00:00,LibGen,LibGen.bz,UP,200,771,,
2026-09-01T21:26:24.337622+00:00,LibGen,LibGen.bz,UP,200,997,,
2026-09-01T21:27:24.416608+00:00,LibGen,LibGen.bz,UP,200,965,,
2026-09-01T21:28:24.955166+00:00,LibGen,LibGen.bz,UP,200,1050,,
2026-09-01T21:29:25.360067+00:00,LibGen,LibGen.bz,UP,200,664,,
2026-09-01T21:30:25.956483+00:00,LibGen,LibGen.bz,UP,200,695,,
2026-09-01T21:31:27.029381+00:00,LibGen,LibGen.bz,UP,200,817,,
2026-09-01T21:32:27.779199+00:00,LibGen,LibGen.bz,UP,200,751,,
2026-09-01T21:33:28.664474+00:00,LibGen,LibGen.bz,UP,200,782,,
2026-09-01T21:34:28.696976+00:00,LibGen,LibGen.bz,UP,200,246,,
2026-09-01T21:35:30.083726+00:00,LibGen,LibGen.bz,UP,200,729,,
2026-09-01T21:36:31.129363+00:00,LibGen,LibGen.bz,UP,200,749,,
2026-09-01T21:37:31.105316+00:00,LibGen,LibGen.bz,UP,200,827,,
2026-09-01T21:38:34.995565+00:00,LibGen,LibGen.bz,DEGRADED,200,3707,latency_high,
2026-09-01T21:39:33.418543+00:00,LibGen,LibGen.bz,UP,200,1567,,
2026-09-01T21:40:33.507606+00:00,LibGen,LibGen.bz,UP,200,822,,
2026-09-01T21:41:34.542637+00:00,LibGen,LibGen.bz,UP,200,1023,,
2026-09-01T21:42:34.817804+00:00,LibGen,LibGen.bz,UP,200,747,,
2026-09-01T21:43:36.610056+00:00,LibGen,LibGen.bz,UP,200,1097,,
2026-09-01T21:44:36.047417+00:00,LibGen,LibGen.bz,UP,200,261,,
2026-09-01T21:45:36.888771+00:00,LibGen,LibGen.bz,UP,200,811,,
2026-09-01T21:46:37.965631+00:00,LibGen,LibGen.bz,UP,200,1243,,
2026-09-01T21:47:38.111905+00:00,LibGen,LibGen.bz,UP,200,693,,
2026-09-01T21:48:38.373440+00:00,LibGen,LibGen.bz,UP,200,539,,
2026-09-01T21:49:38.495654+00:00,LibGen,LibGen.bz,UP,200,661,,
2026-09-01T21:50:39.606577+00:00,LibGen,LibGen.bz,UP,200,732,,
2026-09-01T21:51:40.311756+00:00,LibGen,LibGen.bz,UP,200,535,,
2026-09-01T21:52:40.237552+00:00,LibGen,LibGen.bz,UP,200,670,,
2026-09-01T21:53:41.303849+00:00,LibGen,LibGen.bz,UP,200,701,,
2026-09-01T21:54:41.361244+00:00,LibGen,LibGen.bz,UP,200,744,,
2026-09-01T21:55:41.763192+00:00,LibGen,LibGen.bz,UP,200,709,,
2026-09-01T21:56:41.626713+00:00,LibGen,LibGen.bz,UP,200,266,,
2026-09-01T21:58:02.861082+00:00,LibGen,LibGen.bz,DOWN,,,connection_refused,
2026-09-01T21:58:43.470083+00:00,LibGen,LibGen.bz,UP,200,778,,
2026-09-01T21:59:45.588884+00:00,LibGen,LibGen.bz,UP,200,2344,,
2026-09-01T22:00:43.914391+00:00,LibGen,LibGen.bz,UP,200,745,,
2026-09-01T22:01:44.752796+00:00,LibGen,LibGen.bz,UP,200,781,,
2026-09-01T22:02:46.333218+00:00,LibGen,LibGen.bz,UP,200,614,,
2026-09-01T22:03:47.689351+00:00,LibGen,LibGen.bz,UP,200,1691,,
2026-09-01T22:04:46.088118+00:00,LibGen,LibGen.bz,UP,200,237,,
2026-09-01T22:05:47.292789+00:00,LibGen,LibGen.bz,UP,200,805,,
2026-09-01T22:06:48.343192+00:00,LibGen,LibGen.bz,UP,200,985,,
2026-09-01T22:07:49.037707+00:00,LibGen,LibGen.bz,UP,200,794,,
2026-09-01T22:08:49.770496+00:00,LibGen,LibGen.bz,UP,200,822,,
2026-09-01T22:09:50.480489+00:00,LibGen,LibGen.bz,UP,200,717,,
2026-09-01T22:10:50.921095+00:00,LibGen,LibGen.bz,UP,200,722,,
2026-09-01T22:11:51.566205+00:00,LibGen,LibGen.bz,UP,200,792,,
2026-09-01T22:12:52.182562+00:00,LibGen,LibGen.bz,UP,200,1053,,
2026-09-01T22:13:52.724788+00:00,LibGen,LibGen.bz,UP,200,924,,
2026-09-01T22:14:53.084671+00:00,LibGen,LibGen.bz,UP,200,721,,
2026-09-01T22:15:53.727494+00:00,LibGen,LibGen.bz,UP,200,675,,
2026-09-01T22:16:54.411541+00:00,LibGen,LibGen.bz,UP,200,659,,
2026-09-01T22:17:56.247844+00:00,LibGen,LibGen.bz,UP,200,673,,
2026-09-01T22:18:56.190020+00:00,LibGen,LibGen.bz,UP,200,696,,
2026-09-01T22:19:56.225867+00:00,LibGen,LibGen.bz,UP,200,667,,
2026-09-01T22:20:57.383154+00:00,LibGen,LibGen.bz,UP,200,767,,
2026-09-01T22:21:58.415536+00:00,LibGen,LibGen.bz,UP,200,769,,
2026-09-01T22:22:58.961313+00:00,LibGen,LibGen.bz,UP,200,975,,
2026-09-01T22:23:59.808835+00:00,LibGen,LibGen.bz,UP,200,700,,
2026-09-01T22:25:00.200220+00:00,LibGen,LibGen.bz,UP,200,623,,
2026-09-01T22:26:00.267933+00:00,LibGen,LibGen.bz,UP,200,721,,
2026-09-01T22:27:00.313355+00:00,LibGen,LibGen.bz,UP,200,771,,
2026-09-01T22:28:01.162128+00:00,LibGen,LibGen.bz,UP,200,776,,
2026-09-01T22:29:04.425795+00:00,LibGen,LibGen.bz,DEGRADED,200,3813,latency_high,
2026-09-01T22:30:02.705944+00:00,LibGen,LibGen.bz,UP,200,1419,,
2026-09-01T22:31:02.972576+00:00,LibGen,LibGen.bz,UP,200,860,,
2026-09-01T22:32:03.247335+00:00,LibGen,LibGen.bz,UP,200,1015,,
2026-09-01T22:33:03.062856+00:00,LibGen,LibGen.bz,UP,200,828,,
2026-09-01T22:34:04.169715+00:00,LibGen,LibGen.bz,UP,200,668,,
2026-09-01T22:35:04.781511+00:00,LibGen,LibGen.bz,UP,200,905,,
2026-09-01T22:36:04.741491+00:00,LibGen,LibGen.bz,UP,200,706,,
2026-09-01T22:37:05.297994+00:00,LibGen,LibGen.bz,UP,200,618,,
2026-09-01T22:38:06.462488+00:00,LibGen,LibGen.bz,UP,200,789,,
2026-09-01T22:39:05.987116+00:00,LibGen,LibGen.bz,UP,200,244,,
2026-09-01T22:40:07.258033+00:00,LibGen,LibGen.bz,UP,200,1143,,
2026-09-01T22:41:07.466065+00:00,LibGen,LibGen.bz,UP,200,724,,
2026-09-01T22:42:08.571484+00:00,LibGen,LibGen.bz,UP,200,662,,
2026-09-01T22:43:08.563982+00:00,LibGen,LibGen.bz,UP,200,740,,
2026-09-01T22:44:09.229208+00:00,LibGen,LibGen.bz,UP,200,636,,
2026-09-01T22:45:09.544790+00:00,LibGen,LibGen.bz,UP,200,730,,
2026-09-01T22:46:10.351612+00:00,LibGen,LibGen.bz,UP,200,665,,
2026-09-01T22:47:10.718821+00:00,LibGen,LibGen.bz,UP,200,675,,
2026-09-01T22:48:12.294691+00:00,LibGen,LibGen.bz,UP,200,1719,,
2026-09-01T22:49:11.692568+00:00,LibGen,LibGen.bz,UP,200,769,,
2026-09-01T22:50:12.147800+00:00,LibGen,LibGen.bz,UP,200,886,,
2026-09-01T22:51:12.728157+00:00,LibGen,LibGen.bz,UP,200,648,,
2026-09-01T22:52:13.471482+00:00,LibGen,LibGen.bz,UP,200,779,,
2026-09-01T22:53:13.835002+00:00,LibGen,LibGen.bz,UP,200,675,,
2026-09-01T22:54:15.019314+00:00,LibGen,LibGen.bz,UP,200,804,,
2026-09-01T22:55:15.284819+00:00,LibGen,LibGen.bz,UP,200,633,,
2026-09-01T22:56:15.730160+00:00,LibGen,LibGen.bz,UP,200,691,,
2026-09-01T22:57:16.110051+00:00,LibGen,LibGen.bz,UP,200,822,,
2026-09-01T22:58:17.158535+00:00,LibGen,LibGen.bz,UP,200,689,,
2026-09-01T22:59:17.064587+00:00,LibGen,LibGen.bz,UP,200,660,,
2026-09-01T23:00:18.064744+00:00,LibGen,LibGen.bz,UP,200,984,,
2026-09-01T23:01:17.901335+00:00,LibGen,LibGen.bz,UP,200,630,,
2026-09-01T23:02:19.063517+00:00,LibGen,LibGen.bz,UP,200,705,,
2026-09-01T23:03:19.698024+00:00,LibGen,LibGen.bz,UP,200,744,,
2026-09-01T23:04:21.039008+00:00,LibGen,LibGen.bz,UP,200,1648,,
2026-09-01T23:05:20.759611+00:00,LibGen,LibGen.bz,UP,200,758,,
2026-09-01T23:06:21.824552+00:00,LibGen,LibGen.bz,UP,200,913,,
2026-09-01T23:07:22.839361+00:00,LibGen,LibGen.bz,UP,200,558,,
2026-09-01T23:08:22.798212+00:00,LibGen,LibGen.bz,UP,200,685,,
2026-09-01T23:09:23.045260+00:00,LibGen,LibGen.bz,UP,200,692,,
2026-09-01T23:10:23.578090+00:00,LibGen,LibGen.bz,UP,200,756,,
2026-09-01T23:11:24.281338+00:00,LibGen,LibGen.bz,UP,200,742,,
2026-09-01T23:12:24.513442+00:00,LibGen,LibGen.bz,UP,200,257,,
2026-09-01T23:13:25.665972+00:00,LibGen,LibGen.bz,UP,200,730,,
2026-09-01T23:14:25.945400+00:00,LibGen,LibGen.bz,UP,200,649,,
2026-09-01T23:15:25.797766+00:00,LibGen,LibGen.bz,DOWN,,,connection_refused,
2026-09-01T23:16:26.986235+00:00,LibGen,LibGen.bz,UP,200,702,,
2026-09-01T23:17:27.879528+00:00,LibGen,LibGen.bz,UP,200,927,,
2026-09-01T23:18:28.256793+00:00,LibGen,LibGen.bz,UP,200,242,,
2026-09-01T23:19:28.195727+00:00,LibGen,LibGen.bz,DOWN,,,connection_refused,
2026-09-01T23:20:29.359366+00:00,LibGen,LibGen.bz,UP,200,776,,
2026-09-01T23:21:29.652849+00:00,LibGen,LibGen.bz,UP,200,617,,
2026-09-01T23:22:31.089030+00:00,LibGen,LibGen.bz,UP,200,876,,
2026-09-01T23:23:30.542126+00:00,LibGen,LibGen.bz,UP,200,743,,
2026-09-01T23:24:31.284952+00:00,LibGen,LibGen.bz,UP,200,748,,
2026-09-01T23:25:33.740670+00:00,LibGen,LibGen.bz,UP,200,2336,,
2026-09-01T23:26:32.081024+00:00,LibGen,LibGen.bz,UP,200,705,,
2026-09-01T23:27:33.192526+00:00,LibGen,LibGen.bz,UP,200,604,,
2026-09-01T23:28:33.322778+00:00,LibGen,LibGen.bz,UP,200,1075,,
2026-09-01T23:29:33.247123+00:00,LibGen,LibGen.bz,UP,200,620,,
2026-09-01T23:30:34.264954+00:00,LibGen,LibGen.bz,UP,200,732,,
2026-09-01T23:31:35.177907+00:00,LibGen,LibGen.bz,UP,200,752,,
2026-09-01T23:32:55.642817+00:00,LibGen,LibGen.bz,DOWN,,,connection_refused,
2026-09-01T23:33:35.798192+00:00,LibGen,LibGen.bz,UP,200,729,,
2026-09-01T23:34:36.458039+00:00,LibGen,LibGen.bz,UP,200,683,,
2026-09-01T23:35:37.023438+00:00,LibGen,LibGen.bz,UP,200,647,,
2026-09-01T23:36:38.662527+00:00,LibGen,LibGen.bz,UP,200,1046,,
2026-09-01T23:37:38.546889+00:00,LibGen,LibGen.bz,UP,200,691,,
2026-09-01T23:38:38.723044+00:00,LibGen,LibGen.bz,UP,200,694,,
2026-09-01T23:39:39.713310+00:00,LibGen,LibGen.bz,UP,200,661,,
2026-09-01T23:40:39.817678+00:00,LibGen,LibGen.bz,UP,200,719,,
2026-09-01T23:41:40.395496+00:00,LibGen,LibGen.bz,UP,200,824,,
2026-09-01T23:42:40.675347+00:00,LibGen,LibGen.bz,UP,200,766,,
2026-09-01T23:43:41.163123+00:00,LibGen,LibGen.bz,UP,200,557,,
2026-09-01T23:44:41.648643+00:00,LibGen,LibGen.bz,UP,200,685,,
2026-09-01T23:45:42.171436+00:00,LibGen,LibGen.bz,UP,200,646,,
2026-09-01T23:46:43.054955+00:00,LibGen,LibGen.bz,UP,200,852,,
2026-09-01T23:47:43.619658+00:00,LibGen,LibGen.bz,UP,200,735,,
2026-09-01T23:48:45.438354+00:00,LibGen,LibGen.bz,UP,200,1584,,
2026-09-01T23:49:45.213431+00:00,LibGen,LibGen.bz,UP,200,660,,
2026-09-01T23:50:45.696570+00:00,LibGen,LibGen.bz,UP,200,650,,
2026-09-01T23:51:46.523425+00:00,LibGen,LibGen.bz,UP,200,729,,
2026-09-01T23:52:46.547064+00:00,LibGen,LibGen.bz,UP,200,241,,
2026-09-01T23:53:47.752720+00:00,LibGen,LibGen.bz,UP,200,722,,
2026-09-01T23:54:48.347763+00:00,LibGen,LibGen.bz,UP,200,995,,
2026-09-01T23:55:48.384681+00:00,LibGen,LibGen.bz,UP,200,791,,
2026-09-01T23:56:48.728672+00:00,LibGen,LibGen.bz,UP,200,751,,
2026-09-01T23:57:49.749464+00:00,LibGen,LibGen.bz,UP,200,712,,
2026-09-01T23:58:50.372611+00:00,LibGen,LibGen.bz,UP,200,717,,
2026-09-01T23:59:49.809064+00:00,LibGen,LibGen.bz,UP,200,271,,
2026-09-02T00:00:51.392559+00:00,LibGen,LibGen.bz,UP,200,1123,,
2026-09-02T00:01:51.197038+00:00,LibGen,LibGen.bz,UP,200,800,,
2026-09-02T00:02:51.516056+00:00,LibGen,LibGen.bz,UP,200,775,,
2026-09-02T00:03:52.850553+00:00,LibGen,LibGen.bz,UP,200,803,,
2026-09-02T00:04:52.513128+00:00,LibGen,LibGen.bz,UP,200,679,,
2026-09-02T00:05:53.683943+00:00,LibGen,LibGen.bz,UP,200,902,,
2026-09-02T00:06:53.842063+00:00,LibGen,LibGen.bz,UP,200,695,,
2026-09-02T00:07:54.357535+00:00,LibGen,LibGen.bz,UP,200,667,,
2026-09-02T00:08:55.080760+00:00,LibGen,LibGen.bz,UP,200,834,,
2026-09-02T00:09:56.237535+00:00,LibGen,LibGen.bz,UP,200,731,,
2026-09-02T00:10:56.665323+00:00,LibGen,LibGen.bz,UP,200,795,,
2026-09-02T00:11:57.451490+00:00,LibGen,LibGen.bz,UP,200,837,,
2026-09-02T00:12:58.029463+00:00,LibGen,LibGen.bz,UP,200,723,,
2026-09-02T00:13:58.101750+00:00,LibGen,LibGen.bz,UP,200,791,,
2026-09-02T00:14:59.428052+00:00,LibGen,LibGen.bz,UP,200,839,,
2026-09-02T00:15:58.997895+00:00,LibGen,LibGen.bz,UP,200,641,,
2026-09-02T00:17:00.110024+00:00,LibGen,LibGen.bz,UP,200,682,,
2026-09-02T00:18:00.628627+00:00,LibGen,LibGen.bz,UP,200,674,,
2026-09-02T00:19:00.953992+00:00,LibGen,LibGen.bz,UP,200,851,,
2026-09-02T00:20:02.228622+00:00,LibGen,LibGen.bz,UP,200,876,,
2026-09-02T00:21:02.683226+00:00,LibGen,LibGen.bz,UP,200,938,,
2026-09-02T00:22:03.472373+00:00,LibGen,LibGen.bz,UP,200,911,,
2026-09-02T00:23:03.765879+00:00,LibGen,LibGen.bz,UP,200,787,,
2026-09-02T00:24:05.131244+00:00,LibGen,LibGen.bz,UP,200,778,,
2026-09-02T00:25:04.802643+00:00,LibGen,LibGen.bz,UP,200,775,,
2026-09-02T00:26:04.905564+00:00,LibGen,LibGen.bz,UP,200,718,,
2026-09-02T00:27:06.030822+00:00,LibGen,LibGen.bz,UP,200,710,,
2026-09-02T00:28:06.513713+00:00,LibGen,LibGen.bz,UP,200,696,,
2026-09-02T00:29:27.194152+00:00,LibGen,LibGen.bz,DOWN,,,connection_refused,
2026-09-02T00:30:07.715854+00:00,LibGen,LibGen.bz,UP,200,985,,
2026-09-02T00:31:08.451561+00:00,LibGen,LibGen.bz,UP,200,766,,
2026-09-02T00:32:09.338264+00:00,LibGen,LibGen.bz,UP,200,758,,
2026-09-02T00:33:10.163371+00:00,LibGen,LibGen.bz,UP,200,746,,
2026-09-02T00:34:10.959486+00:00,LibGen,LibGen.bz,UP,200,850,,
2026-09-02T00:35:11.432168+00:00,LibGen,LibGen.bz,UP,200,745,,
2026-09-02T00:36:12.330005+00:00,LibGen,LibGen.bz,UP,200,684,,
2026-09-02T00:37:13.918779+00:00,LibGen,LibGen.bz,UP,200,661,,
2026-09-02T00:38:13.517931+00:00,LibGen,LibGen.bz,UP,200,638,,
2026-09-02T00:39:14.357748+00:00,LibGen,LibGen.bz,UP,200,724,,
2026-09-02T00:40:15.229474+00:00,LibGen,LibGen.bz,UP,200,852,,
2026-09-02T00:41:15.383466+00:00,LibGen,LibGen.bz,UP,200,276,,
2026-09-02T00:42:17.065886+00:00,LibGen,LibGen.bz,UP,200,727,,
2026-09-02T00:43:17.330029+00:00,LibGen,LibGen.bz,UP,200,713,,
2026-09-02T00:44:18.121979+00:00,LibGen,LibGen.bz,UP,200,654,,
2026-09-02T00:45:18.641044+00:00,LibGen,LibGen.bz,UP,200,809,,
2026-09-02T00:46:19.122135+00:00,LibGen,LibGen.bz,UP,200,870,,
2026-09-02T00:47:20.343506+00:00,LibGen,LibGen.bz,UP,200,803,,
2026-09-02T00:48:21.261063+00:00,LibGen,LibGen.bz,UP,200,919,,
2026-09-02T00:49:21.085924+00:00,LibGen,LibGen.bz,UP,200,661,,
2026-09-02T00:50:21.916497+00:00,LibGen,LibGen.bz,UP,200,768,,
2026-09-02T00:51:22.944826+00:00,LibGen,LibGen.bz,UP,200,733,,
2026-09-02T00:52:23.476552+00:00,LibGen,LibGen.bz,UP,200,642,,
2026-09-02T00:53:23.380527+00:00,LibGen,LibGen.bz,UP,200,602,,
2026-09-02T00:54:24.165064+00:00,LibGen,LibGen.bz,UP,200,622,,
2026-09-02T00:55:44.846716+00:00,LibGen,LibGen.bz,DOWN,,,connection_refused,
2026-09-02T00:56:25.342575+00:00,LibGen,LibGen.bz,UP,200,743,,
2026-09-02T00:57:25.705030+00:00,LibGen,LibGen.bz,UP,200,712,,
2026-09-02T00:58:25.596632+00:00,LibGen,LibGen.bz,DOWN,,,connection_refused,
2026-09-02T00:59:27.507672+00:00,LibGen,LibGen.bz,UP,200,833,,
2026-09-02T01:00:27.901904+00:00,LibGen,LibGen.bz,UP,200,828,,
2026-09-02T01:01:28.596725+00:00,LibGen,LibGen.bz,UP,200,833,,
2026-09-02T01:02:29.695847+00:00,LibGen,LibGen.bz,UP,200,714,,
2026-09-02T01:03:29.439619+00:00,LibGen,LibGen.bz,UP,200,674,,
2026-09-02T01:04:30.805299+00:00,LibGen,LibGen.bz,UP,200,1122,,
2026-09-02T01:05:31.603866+00:00,LibGen,LibGen.bz,UP,200,657,,
2026-09-02T01:06:52.497959+00:00,LibGen,LibGen.bz,DOWN,,,connection_refused,
2026-09-02T01:07:32.981417+00:00,LibGen,LibGen.bz,UP,200,677,,
2026-09-02T01:08:33.833972+00:00,LibGen,LibGen.bz,UP,200,678,,
2026-09-02T01:09:34.200755+00:00,LibGen,LibGen.bz,UP,200,670,,
2026-09-02T01:10:35.022566+00:00,LibGen,LibGen.bz,UP,200,812,,
2026-09-02T01:11:35.445731+00:00,LibGen,LibGen.bz,UP,200,263,,
2026-09-02T01:12:36.758971+00:00,LibGen,LibGen.bz,UP,200,737,,
2026-09-02T01:13:36.485350+00:00,LibGen,LibGen.bz,UP,200,596,,
2026-09-02T01:14:57.650752+00:00,LibGen,LibGen.bz,DOWN,,,connection_refused,
2026-09-02T01:15:37.998639+00:00,LibGen,LibGen.bz,UP,200,981,,
2026-09-02T01:16:38.758577+00:00,LibGen,LibGen.bz,UP,200,654,,
2026-09-02T01:17:39.494910+00:00,LibGen,LibGen.bz,UP,200,665,,
2026-09-02T01:18:39.723885+00:00,LibGen,LibGen.bz,UP,200,656,,
2026-09-02T01:19:40.071905+00:00,LibGen,LibGen.bz,UP,200,683,,
2026-09-02T01:20:40.956012+00:00,LibGen,LibGen.bz,UP,200,829,,
2026-09-02T01:21:44.338003+00:00,LibGen,LibGen.bz,DEGRADED,200,3750,latency_high,
2026-09-02T01:22:41.240742+00:00,LibGen,LibGen.bz,UP,200,618,,
2026-09-02T01:23:42.287758+00:00,LibGen,LibGen.bz,UP,200,963,,
2026-09-02T01:24:43.316171+00:00,LibGen,LibGen.bz,UP,200,666,,
2026-09-02T01:25:44.011068+00:00,LibGen,LibGen.bz,UP,200,767,,
2026-09-02T01:26:44.118413+00:00,LibGen,LibGen.bz,UP,200,694,,
2026-09-02T01:27:45.225512+00:00,LibGen,LibGen.bz,UP,200,745,,
2026-09-02T01:28:45.365250+00:00,LibGen,LibGen.bz,UP,200,611,,
2026-09-02T01:29:46.458639+00:00,LibGen,LibGen.bz,UP,200,713,,
2026-09-02T01:30:47.447037+00:00,LibGen,LibGen.bz,UP,200,712,,
2026-09-02T01:31:46.840023+00:00,LibGen,LibGen.bz,UP,200,253,,
2026-09-02T01:32:48.315162+00:00,LibGen,LibGen.bz,UP,200,676,,
2026-09-02T01:33:49.815985+00:00,LibGen,LibGen.bz,UP,200,942,,
2026-09-02T01:34:48.884424+00:00,LibGen,LibGen.bz,UP,200,696,,
2026-09-02T01:35:49.628549+00:00,LibGen,LibGen.bz,UP,200,806,,
2026-09-02T01:36:50.342049+00:00,LibGen,LibGen.bz,UP,200,641,,
2026-09-02T01:37:51.514080+00:00,LibGen,LibGen.bz,UP,200,719,,
2026-09-02T01:38:51.499904+00:00,LibGen,LibGen.bz,UP,200,829,,
2026-09-02T01:39:52.348879+00:00,LibGen,LibGen.bz,UP,200,770,,
2026-09-02T01:40:53.287714+00:00,LibGen,LibGen.bz,UP,200,834,,
2026-09-02T01:41:53.960170+00:00,LibGen,LibGen.bz,UP,200,719,,
2026-09-02T01:42:54.775559+00:00,LibGen,LibGen.bz,UP,200,642,,
2026-09-02T01:43:54.920090+00:00,LibGen,LibGen.bz,UP,200,651,,
2026-09-02T01:44:55.520444+00:00,LibGen,LibGen.bz,UP,200,606,,
2026-09-02T01:45:56.466195+00:00,LibGen,LibGen.bz,UP,200,773,,
2026-09-02T01:46:57.303492+00:00,LibGen,LibGen.bz,UP,200,709,,
2026-09-02T01:47:57.421038+00:00,LibGen,LibGen.bz,UP,200,684,,
2026-09-02T01:48:57.927776+00:00,LibGen,LibGen.bz,UP,200,760,,
2026-09-02T01:49:58.241332+00:00,LibGen,LibGen.bz,UP,200,876,,
2026-09-02T01:50:59.691370+00:00,LibGen,LibGen.bz,UP,200,924,,
2026-09-02T01:51:59.850953+00:00,LibGen,LibGen.bz,UP,200,735,,
2026-09-02T01:53:00.797337+00:00,LibGen,LibGen.bz,UP,200,830,,
2026-09-02T01:54:02.083036+00:00,LibGen,LibGen.bz,UP,200,716,,
2026-09-02T01:55:03.313104+00:00,LibGen,LibGen.bz,UP,200,945,,
2026-09-02T01:56:03.331655+00:00,LibGen,LibGen.bz,UP,200,1117,,
2026-09-02T01:57:03.815932+00:00,LibGen,LibGen.bz,UP,200,768,,
2026-09-02T01:58:04.311141+00:00,LibGen,LibGen.bz,UP,200,962,,
2026-09-02T01:59:04.954591+00:00,LibGen,LibGen.bz,UP,200,997,,
2026-09-02T02:00:05.442671+00:00,LibGen,LibGen.bz,UP,200,1051,,
2026-09-02T02:01:05.518272+00:00,LibGen,LibGen.bz,UP,200,298,,
2026-09-02T02:02:06.774871+00:00,LibGen,LibGen.bz,UP,200,738,,
2026-09-02T02:03:07.888117+00:00,LibGen,LibGen.bz,UP,200,648,,
2026-09-02T02:04:08.003782+00:00,LibGen,LibGen.bz,UP,200,643,,
2026-09-02T02:05:08.937933+00:00,LibGen,LibGen.bz,UP,200,841,,
2026-09-02T02:06:10.215100+00:00,LibGen,LibGen.bz,UP,200,782,,
2026-09-02T02:07:10.284225+00:00,LibGen,LibGen.bz,UP,200,664,,
2026-09-02T02:08:30.720674+00:00,LibGen,LibGen.bz,DOWN,,,connection_refused,
2026-09-02T02:09:10.851055+00:00,LibGen,LibGen.bz,UP,200,713,,
2026-09-02T02:10:11.528013+00:00,LibGen,LibGen.bz,UP,200,685,,
2026-09-02T02:11:12.409311+00:00,LibGen,LibGen.bz,UP,200,749,,
2026-09-02T02:12:12.853170+00:00,LibGen,LibGen.bz,UP,200,654,,
2026-09-02T02:13:13.988258+00:00,LibGen,LibGen.bz,UP,200,778,,
2026-09-02T02:14:14.191480+00:00,LibGen,LibGen.bz,UP,200,836,,
2026-09-02T02:15:15.482552+00:00,LibGen,LibGen.bz,UP,200,884,,
2026-09-02T02:16:15.502313+00:00,LibGen,LibGen.bz,UP,200,241,,
2026-09-02T02:17:15.888411+00:00,LibGen,LibGen.bz,UP,200,801,,
2026-09-02T02:18:16.592019+00:00,LibGen,LibGen.bz,UP,200,688,,
2026-09-02T02:19:17.632892+00:00,LibGen,LibGen.bz,UP,200,929,,
2026-09-02T02:20:17.599759+00:00,LibGen,LibGen.bz,DOWN,,,connection_refused,
2026-09-02T02:21:19.423607+00:00,LibGen,LibGen.bz,UP,200,766,,
2026-09-02T02:22:19.971085+00:00,LibGen,LibGen.bz,UP,200,875,,
2026-09-02T02:23:20.249305+00:00,LibGen,LibGen.bz,UP,200,747,,
2026-09-02T02:24:23.262672+00:00,LibGen,LibGen.bz,DEGRADED,200,3669,latency_high,
2026-09-02T02:25:22.538433+00:00,LibGen,LibGen.bz,UP,200,961,,
2026-09-02T02:26:22.086445+00:00,LibGen,LibGen.bz,UP,200,671,,
2026-09-02T02:27:22.511678+00:00,LibGen,LibGen.bz,UP,200,777,,
2026-09-02T02:28:22.877023+00:00,LibGen,LibGen.bz,UP,200,714,,
2026-09-02T02:29:23.679762+00:00,LibGen,LibGen.bz,UP,200,834,,
2026-09-02T02:30:24.993448+00:00,LibGen,LibGen.bz,UP,200,881,,
2026-09-02T02:31:24.898864+00:00,LibGen,LibGen.bz,UP,200,718,,
2026-09-02T02:32:24.962328+00:00,LibGen,LibGen.bz,UP,200,754,,
2026-09-02T02:33:25.544940+00:00,LibGen,LibGen.bz,UP,200,644,,
2026-09-02T02:34:26.388408+00:00,LibGen,LibGen.bz,UP,200,694,,
2026-09-02T02:35:26.622851+00:00,LibGen,LibGen.bz,UP,200,550,,
2026-09-02T02:36:27.566594+00:00,LibGen,LibGen.bz,UP,200,887,,
2026-09-02T02:37:28.358185+00:00,LibGen,LibGen.bz,UP,200,770,,
2026-09-02T02:38:29.246414+00:00,LibGen,LibGen.bz,UP,200,862,,
2026-09-02T02:39:28.810729+00:00,LibGen,LibGen.bz,UP,200,704,,
2026-09-02T02:40:28.852692+00:00,LibGen,LibGen.bz,UP,200,701,,
2026-09-02T02:41:29.578419+00:00,LibGen,LibGen.bz,UP,200,655,,
2026-09-02T02:42:30.280899+00:00,LibGen,LibGen.bz,UP,200,722,,
2026-09-02T02:43:30.854760+00:00,LibGen,LibGen.bz,UP,200,882,,
2026-09-02T02:44:31.749782+00:00,LibGen,LibGen.bz,UP,200,659,,
2026-09-02T02:45:32.253205+00:00,LibGen,LibGen.bz,UP,200,712,,
2026-09-02T02:46:32.921263+00:00,LibGen,LibGen.bz,UP,200,741,,
2026-09-02T02:47:33.892612+00:00,LibGen,LibGen.bz,UP,200,750,,
2026-09-02T02:48:33.911822+00:00,LibGen,LibGen.bz,UP,200,651,,
2026-09-02T02:49:34.703559+00:00,LibGen,LibGen.bz,UP,200,642,,
2026-09-02T02:50:35.459078+00:00,LibGen,LibGen.bz,UP,200,695,,
2026-09-02T02:51:37.659970+00:00,LibGen,LibGen.bz,UP,200,695,,
2026-09-02T02:52:36.568664+00:00,LibGen,LibGen.bz,UP,200,632,,
2026-09-02T02:53:38.132757+00:00,LibGen,LibGen.bz,UP,200,995,,
2026-09-02T02:54:38.098083+00:00,LibGen,LibGen.bz,UP,200,797,,
2026-09-02T02:55:38.764643+00:00,LibGen,LibGen.bz,UP,200,631,,
2026-09-02T02:56:39.547396+00:00,LibGen,LibGen.bz,UP,200,757,,
2026-09-02T02:57:40.267610+00:00,LibGen,LibGen.bz,UP,200,1012,,
2026-09-02T02:58:40.674188+00:00,LibGen,LibGen.bz,UP,200,1016,,
2026-09-02T02:59:40.717423+00:00,LibGen,LibGen.bz,UP,200,699,,
2026-09-02T03:00:41.889610+00:00,LibGen,LibGen.bz,UP,200,837,,
2026-09-02T03:01:42.447962+00:00,LibGen,LibGen.bz,UP,200,812,,
2026-09-02T03:02:42.770021+00:00,LibGen,LibGen.bz,UP,200,681,,
2026-09-02T03:03:43.869203+00:00,LibGen,LibGen.bz,UP,200,1003,,
2026-09-02T03:04:43.522615+00:00,LibGen,LibGen.bz,UP,200,767,,
2026-09-02T03:05:44.464616+00:00,LibGen,LibGen.bz,UP,200,686,,
2026-09-02T03:06:45.041864+00:00,LibGen,LibGen.bz,UP,200,646,,
2026-09-02T03:07:46.512518+00:00,LibGen,LibGen.bz,UP,200,767,,
2026-09-02T03:08:47.015648+00:00,LibGen,LibGen.bz,UP,200,682,,
2026-09-02T03:09:48.427895+00:00,LibGen,LibGen.bz,UP,200,661,,
2026-09-02T03:11:08.075897+00:00,LibGen,LibGen.bz,DOWN,,,connection_refused,
2026-09-02T03:11:47.915586+00:00,LibGen,LibGen.bz,UP,200,631,,
2026-09-02T03:12:48.436239+00:00,LibGen,LibGen.bz,UP,200,623,,
2026-09-02T03:13:49.010085+00:00,LibGen,LibGen.bz,UP,200,738,,
2026-09-02T03:14:49.477180+00:00,LibGen,LibGen.bz,UP,200,678,,
2026-09-02T03:15:49.530577+00:00,LibGen,LibGen.bz,UP,200,310,,
2026-09-02T03:16:50.846576+00:00,LibGen,LibGen.bz,UP,200,701,,
2026-09-02T03:17:52.535814+00:00,LibGen,LibGen.bz,UP,200,724,,
2026-09-02T03:18:52.261569+00:00,LibGen,LibGen.bz,UP,200,773,,
2026-09-02T03:19:52.662266+00:00,LibGen,LibGen.bz,UP,200,702,,
2026-09-02T03:20:54.019071+00:00,LibGen,LibGen.bz,UP,200,854,,
2026-09-02T03:21:54.076065+00:00,LibGen,LibGen.bz,UP,200,622,,
2026-09-02T03:22:54.878316+00:00,LibGen,LibGen.bz,UP,200,685,,
2026-09-02T03:23:55.663007+00:00,LibGen,LibGen.bz,UP,200,711,,
2026-09-02T03:24:55.479452+00:00,LibGen,LibGen.bz,UP,200,540,,
2026-09-02T03:25:56.269483+00:00,LibGen,LibGen.bz,UP,200,735,,
2026-09-02T03:26:56.882199+00:00,LibGen,LibGen.bz,UP,200,588,,
2026-09-02T03:27:57.792513+00:00,LibGen,LibGen.bz,UP,200,702,,
2026-09-02T03:28:58.976097+00:00,LibGen,LibGen.bz,UP,200,1320,,
2026-09-02T03:29:59.246640+00:00,LibGen,LibGen.bz,UP,200,709,,
2026-09-02T03:31:00.196622+00:00,LibGen,LibGen.bz,UP,200,975,,
2026-09-02T03:31:59.997653+00:00,LibGen,LibGen.bz,DOWN,,,connection_refused,
2026-09-02T03:33:01.291983+00:00,LibGen,LibGen.bz,UP,200,659,,
2026-09-02T03:34:02.510247+00:00,LibGen,LibGen.bz,UP,200,982,,
2026-09-02T03:35:02.607144+00:00,LibGen,LibGen.bz,UP,200,252,,
2026-09-02T03:36:04.012728+00:00,LibGen,LibGen.bz,UP,200,802,,
2026-09-02T03:37:04.419010+00:00,LibGen,LibGen.bz,UP,200,262,,
2026-09-02T03:38:05.209182+00:00,LibGen,LibGen.bz,UP,200,666,,
2026-09-02T03:39:05.455469+00:00,LibGen,LibGen.bz,UP,200,660,,
2026-09-02T03:40:07.578640+00:00,LibGen,LibGen.bz,UP,200,1093,,
2026-09-02T03:41:07.376169+00:00,LibGen,LibGen.bz,UP,200,836,,
2026-09-02T03:42:07.930839+00:00,LibGen,LibGen.bz,UP,200,746,,
2026-09-02T03:43:08.493151+00:00,LibGen,LibGen.bz,UP,200,681,,
2026-09-02T03:44:08.996248+00:00,LibGen,LibGen.bz,UP,200,641,,
2026-09-02T03:45:10.768578+00:00,LibGen,LibGen.bz,UP,200,1265,,
2026-09-02T03:46:09.971879+00:00,LibGen,LibGen.bz,UP,200,745,,
2026-09-02T03:47:10.243952+00:00,LibGen,LibGen.bz,UP,200,636,,
2026-09-02T03:48:11.099524+00:00,LibGen,LibGen.bz,UP,200,659,,
2026-09-02T03:49:11.018055+00:00,LibGen,LibGen.bz,UP,200,647,,
2026-09-02T03:50:12.222546+00:00,LibGen,LibGen.bz,UP,200,1039,,
2026-09-02T03:51:12.362865+00:00,LibGen,LibGen.bz,UP,200,589,,
2026-09-02T03:52:12.787152+00:00,LibGen,LibGen.bz,UP,200,681,,
2026-09-02T03:53:13.503230+00:00,LibGen,LibGen.bz,UP,200,612,,
2026-09-02T03:54:14.660769+00:00,LibGen,LibGen.bz,UP,200,1093,,
2026-09-02T03:55:14.808711+00:00,LibGen,LibGen.bz,UP,200,703,,
2026-09-02T03:56:15.911158+00:00,LibGen,LibGen.bz,UP,200,522,,
2026-09-02T03:57:15.962950+00:00,LibGen,LibGen.bz,UP,200,229,,
2026-09-02T03:58:17.063388+00:00,LibGen,LibGen.bz,UP,200,534,,
2026-09-02T03:59:17.079112+00:00,LibGen,LibGen.bz,UP,200,232,,
2026-09-02T04:00:18.150705+00:00,LibGen,LibGen.bz,UP,200,788,,
2026-09-02T04:01:19.172919+00:00,LibGen,LibGen.bz,UP,200,690,,
2026-09-02T04:02:19.954068+00:00,LibGen,LibGen.bz,UP,200,1090,,
2026-09-02T04:03:20.222923+00:00,LibGen,LibGen.bz,UP,200,752,,
2026-09-02T04:04:20.239850+00:00,LibGen,LibGen.bz,UP,200,573,,
2026-09-02T04:05:21.210260+00:00,LibGen,LibGen.bz,UP,200,768,,
2026-09-02T04:06:21.431738+00:00,LibGen,LibGen.bz,UP,200,654,,
2026-09-02T04:07:21.962622+00:00,LibGen,LibGen.bz,UP,200,656,,
2026-09-02T04:08:22.265191+00:00,LibGen,LibGen.bz,UP,200,531,,
2026-09-02T04:09:23.424826+00:00,LibGen,LibGen.bz,UP,200,714,,
2026-09-02T04:10:23.822851+00:00,LibGen,LibGen.bz,UP,200,723,,
2026-09-02T04:11:24.922343+00:00,LibGen,LibGen.bz,UP,200,687,,
2026-09-02T04:12:25.900553+00:00,LibGen,LibGen.bz,UP,200,1004,,
2026-09-02T04:13:25.184397+00:00,LibGen,LibGen.bz,UP,200,248,,
2026-09-02T04:14:26.160901+00:00,LibGen,LibGen.bz,UP,200,690,,
2026-09-02T04:15:27.466488+00:00,LibGen,LibGen.bz,UP,200,728,,
2026-09-02T04:16:27.736088+00:00,LibGen,LibGen.bz,UP,200,755,,
2026-09-02T04:17:28.472050+00:00,LibGen,LibGen.bz,UP,200,770,,
2026-09-02T04:18:29.310187+00:00,LibGen,LibGen.bz,UP,200,774,,
2026-09-02T04:19:30.382087+00:00,LibGen,LibGen.bz,UP,200,633,,
2026-09-02T04:20:30.810111+00:00,LibGen,LibGen.bz,UP,200,834,,
2026-09-02T04:21:34.293888+00:00,LibGen,LibGen.bz,DEGRADED,200,3705,latency_high,
2026-09-02T04:22:31.506506+00:00,LibGen,LibGen.bz,UP,200,762,,
2026-09-02T04:23:32.134468+00:00,LibGen,LibGen.bz,DOWN,500,717,http_error,
2026-09-02T04:24:32.961697+00:00,LibGen,LibGen.bz,UP,200,621,,
2026-09-02T04:25:33.109345+00:00,LibGen,LibGen.bz,UP,200,648,,
2026-09-02T04:26:33.516844+00:00,LibGen,LibGen.bz,UP,200,628,,
2026-09-02T04:27:34.711717+00:00,LibGen,LibGen.bz,UP,200,706,,
2026-09-02T04:28:35.040052+00:00,LibGen,LibGen.bz,UP,200,660,,
2026-09-02T04:29:35.296595+00:00,LibGen,LibGen.bz,UP,200,826,,
2026-09-02T04:30:35.804678+00:00,LibGen,LibGen.bz,UP,200,1054,,
2026-09-02T04:31:36.634999+00:00,LibGen,LibGen.bz,UP,200,712,,
2026-09-02T04:32:36.747519+00:00,LibGen,LibGen.bz,UP,200,267,,
2026-09-02T04:33:38.408844+00:00,LibGen,LibGen.bz,UP,200,969,,
2026-09-02T04:34:38.410555+00:00,LibGen,LibGen.bz,UP,200,266,,
2026-09-02T04:35:38.930762+00:00,LibGen,LibGen.bz,UP,200,718,,
2026-09-02T04:36:40.650008+00:00,LibGen,LibGen.bz,UP,200,762,,
2026-09-02T04:38:00.590906+00:00,LibGen,LibGen.bz,DOWN,,,connection_refused,
2026-09-02T04:38:40.651610+00:00,LibGen,LibGen.bz,UP,200,675,,
2026-09-02T04:39:41.642921+00:00,LibGen,LibGen.bz,UP,200,610,,
2026-09-02T04:40:41.701047+00:00,LibGen,LibGen.bz,UP,200,249,,
2026-09-02T04:41:43.231001+00:00,LibGen,LibGen.bz,UP,200,783,,
2026-09-02T04:42:42.763899+00:00,LibGen,LibGen.bz,UP,200,719,,
2026-09-02T04:43:43.473754+00:00,LibGen,LibGen.bz,UP,200,774,,
2026-09-02T04:44:45.539803+00:00,LibGen,LibGen.bz,UP,200,277,,
2026-09-02T04:45:44.150947+00:00,LibGen,LibGen.bz,UP,200,243,,
2026-09-02T04:46:46.080792+00:00,LibGen,LibGen.bz,UP,200,1062,,
2026-09-02T04:47:45.800507+00:00,LibGen,LibGen.bz,DOWN,500,661,http_error,
2026-09-02T04:48:46.589006+00:00,LibGen,LibGen.bz,DOWN,500,718,http_error,
2026-09-02T04:49:47.394038+00:00,LibGen,LibGen.bz,DOWN,500,641,http_error,
2026-09-02T04:50:48.076538+00:00,LibGen,LibGen.bz,UP,200,649,,
2026-09-02T04:51:49.307199+00:00,LibGen,LibGen.bz,UP,200,657,,
2026-09-02T04:52:50.155421+00:00,LibGen,LibGen.bz,UP,200,683,,
2026-09-02T04:53:50.709944+00:00,LibGen,LibGen.bz,UP,200,748,,
2026-09-02T04:54:51.714605+00:00,LibGen,LibGen.bz,UP,200,749,,
2026-09-02T04:55:51.941060+00:00,LibGen,LibGen.bz,UP,200,825,,
2026-09-02T04:56:55.265920+00:00,LibGen,LibGen.bz,UP,200,2989,,
2026-09-02T04:57:53.817532+00:00,LibGen,LibGen.bz,UP,200,829,,
2026-09-02T04:58:54.776455+00:00,LibGen,LibGen.bz,UP,200,726,,
2026-09-02T04:59:54.678649+00:00,LibGen,LibGen.bz,UP,200,704,,
2026-09-02T05:00:55.839067+00:00,LibGen,LibGen.bz,UP,200,808,,
2026-09-02T05:01:56.508232+00:00,LibGen,LibGen.bz,UP,200,723,,
2026-09-02T05:02:56.887577+00:00,LibGen,LibGen.bz,UP,200,632,,
2026-09-02T05:03:57.486545+00:00,LibGen,LibGen.bz,UP,200,859,,
2026-09-02T05:04:58.080643+00:00,LibGen,LibGen.bz,UP,200,729,,
2026-09-02T05:06:18.762785+00:00,LibGen,LibGen.bz,DOWN,,,connection_refused,
2026-09-02T05:06:59.362796+00:00,LibGen,LibGen.bz,UP,200,820,,
2026-09-02T05:07:59.847990+00:00,LibGen,LibGen.bz,UP,200,828,,
2026-09-02T05:09:01.634143+00:00,LibGen,LibGen.bz,UP,200,1208,,
2026-09-02T05:10:00.121477+00:00,LibGen,LibGen.bz,UP,200,228,,
2026-09-02T05:11:02.109524+00:00,LibGen,LibGen.bz,UP,200,1179,,
2026-09-02T05:12:01.359777+00:00,LibGen,LibGen.bz,UP,200,712,,
2026-09-02T05:13:02.094179+00:00,LibGen,LibGen.bz,UP,200,851,,
2026-09-02T05:14:02.736459+00:00,LibGen,LibGen.bz,UP,200,797,,
2026-09-02T05:15:04.218937+00:00,LibGen,LibGen.bz,UP,200,980,,
2026-09-02T05:16:04.735796+00:00,LibGen,LibGen.bz,UP,200,600,,
2026-09-02T05:17:04.807826+00:00,LibGen,LibGen.bz,UP,200,590,,
2026-09-02T05:18:05.395237+00:00,LibGen,LibGen.bz,UP,200,691,,
2026-09-02T05:19:06.167305+00:00,LibGen,LibGen.bz,UP,200,693,,
2026-09-02T05:20:07.523920+00:00,LibGen,LibGen.bz,UP,200,826,,
2026-09-02T05:21:08.224545+00:00,LibGen,LibGen.bz,UP,200,780,,
2026-09-02T05:22:09.322921+00:00,LibGen,LibGen.bz,UP,200,1018,,
2026-09-02T05:23:09.982996+00:00,LibGen,LibGen.bz,UP,200,925,,
2026-09-02T05:24:12.619271+00:00,LibGen,LibGen.bz,UP,200,2983,,
2026-09-02T05:25:11.222181+00:00,LibGen,LibGen.bz,UP,200,644,,
2026-09-02T05:26:11.252726+00:00,LibGen,LibGen.bz,UP,200,602,,
2026-09-02T05:27:12.658833+00:00,LibGen,LibGen.bz,UP,200,725,,
2026-09-02T05:28:12.519548+00:00,LibGen,LibGen.bz,UP,200,671,,
2026-09-02T05:29:13.291689+00:00,LibGen,LibGen.bz,UP,200,989,,
2026-09-02T05:30:14.137575+00:00,LibGen,LibGen.bz,UP,200,862,,
2026-09-02T05:31:13.316100+00:00,LibGen,LibGen.bz,UP,200,256,,
2026-09-02T05:32:15.478015+00:00,LibGen,LibGen.bz,UP,200,914,,
2026-09-02T05:33:15.696190+00:00,LibGen,LibGen.bz,UP,200,889,,
2026-09-02T05:34:16.913870+00:00,LibGen,LibGen.bz,UP,200,607,,
2026-09-02T05:35:17.284706+00:00,LibGen,LibGen.bz,UP,200,944,,
2026-09-02T05:36:17.409515+00:00,LibGen,LibGen.bz,UP,200,976,,
2026-09-02T05:37:18.041545+00:00,LibGen,LibGen.bz,UP,200,990,,
2026-09-02T05:38:18.249272+00:00,LibGen,LibGen.bz,UP,200,840,,
2026-09-02T05:39:38.711796+00:00,LibGen,LibGen.bz,DOWN,,,connection_refused,
2026-09-02T05:40:19.531954+00:00,LibGen,LibGen.bz,UP,200,775,,
2026-09-02T05:41:19.948335+00:00,LibGen,LibGen.bz,UP,200,736,,
2026-09-02T05:42:21.391529+00:00,LibGen,LibGen.bz,UP,200,1205,,
2026-09-02T05:43:21.045869+00:00,LibGen,LibGen.bz,UP,200,647,,
2026-09-02T05:44:21.914236+00:00,LibGen,LibGen.bz,UP,200,612,,
2026-09-02T05:45:22.199770+00:00,LibGen,LibGen.bz,UP,200,718,,
2026-09-02T05:46:22.344546+00:00,LibGen,LibGen.bz,UP,200,253,,
2026-09-02T05:47:24.179573+00:00,LibGen,LibGen.bz,UP,200,951,,
2026-09-02T05:48:23.974782+00:00,LibGen,LibGen.bz,UP,200,707,,
2026-09-02T05:49:24.018362+00:00,LibGen,LibGen.bz,UP,200,685,,
2026-09-02T05:50:25.405595+00:00,LibGen,LibGen.bz,UP,200,822,,
2026-09-02T05:51:25.168214+00:00,LibGen,LibGen.bz,UP,200,701,,
2026-09-02T05:52:25.992376+00:00,LibGen,LibGen.bz,UP,200,725,,
2026-09-02T05:53:27.339529+00:00,LibGen,LibGen.bz,UP,200,808,,
2026-09-02T05:54:27.295006+00:00,LibGen,LibGen.bz,UP,200,697,,
2026-09-02T05:55:28.536536+00:00,LibGen,LibGen.bz,UP,200,644,,
2026-09-02T05:56:29.048115+00:00,LibGen,LibGen.bz,UP,200,679,,
2026-09-02T05:57:50.278610+00:00,LibGen,LibGen.bz,DOWN,,,connection_refused,
2026-09-02T05:58:30.973325+00:00,LibGen,LibGen.bz,UP,200,728,,
2026-09-02T05:59:31.634969+00:00,LibGen,LibGen.bz,UP,200,751,,
2026-09-02T06:00:31.479247+00:00,LibGen,LibGen.bz,UP,200,743,,
2026-09-02T06:01:32.340538+00:00,LibGen,LibGen.bz,UP,200,687,,
2026-09-02T06:02:32.750516+00:00,LibGen,LibGen.bz,UP,200,736,,
2026-09-02T06:03:33.160474+00:00,LibGen,LibGen.bz,UP,200,662,,
2026-09-02T06:04:34.077708+00:00,LibGen,LibGen.bz,UP,200,719,,
2026-09-02T06:05:34.370157+00:00,LibGen,LibGen.bz,UP,200,851,,
2026-09-02T06:06:34.162988+00:00,LibGen,LibGen.bz,UP,200,810,,
2026-09-02T06:07:34.943551+00:00,LibGen,LibGen.bz,UP,200,850,,
2026-09-02T06:08:34.422479+00:00,LibGen,LibGen.bz,UP,200,635,,
2026-09-02T06:09:54.959443+00:00,LibGen,LibGen.bz,DOWN,,,connection_refused,
2026-09-02T06:10:37.903374+00:00,LibGen,LibGen.bz,UP,200,809,,
2026-09-02T06:11:36.456551+00:00,LibGen,LibGen.bz,UP,200,755,,
2026-09-02T06:12:37.139507+00:00,LibGen,LibGen.bz,UP,200,669,,
2026-09-02T06:13:38.084116+00:00,LibGen,LibGen.bz,UP,200,710,,
2026-09-02T06:14:37.816841+00:00,LibGen,LibGen.bz,UP,200,696,,
2026-09-02T06:15:39.086922+00:00,LibGen,LibGen.bz,UP,200,811,,
2026-09-02T06:16:40.161106+00:00,LibGen,LibGen.bz,UP,200,1112,,
2026-09-02T06:17:40.625888+00:00,LibGen,LibGen.bz,UP,200,664,,
2026-09-02T06:18:41.165457+00:00,LibGen,LibGen.bz,UP,200,842,,
2026-09-02T06:19:42.120012+00:00,LibGen,LibGen.bz,UP,200,828,,
2026-09-02T06:20:42.459585+00:00,LibGen,LibGen.bz,UP,200,738,,
2026-09-02T06:21:42.525570+00:00,LibGen,LibGen.bz,UP,200,295,,
2026-09-02T06:22:43.818608+00:00,LibGen,LibGen.bz,UP,200,778,,
2026-09-02T06:23:44.577421+00:00,LibGen,LibGen.bz,UP,200,704,,
2026-09-02T06:24:44.981536+00:00,LibGen,LibGen.bz,UP,200,672,,
2026-09-02T06:25:45.115882+00:00,LibGen,LibGen.bz,UP,200,719,,
2026-09-02T06:26:44.691544+00:00,LibGen,LibGen.bz,UP,200,286,,
2026-09-02T06:27:46.403681+00:00,LibGen,LibGen.bz,UP,200,729,,
2026-09-02T06:28:46.878623+00:00,LibGen,LibGen.bz,UP,200,676,,
2026-09-02T06:29:48.145566+00:00,LibGen,LibGen.bz,UP,200,733,,
2026-09-02T06:30:48.522786+00:00,LibGen,LibGen.bz,UP,200,928,,
2026-09-02T06:31:48.786141+00:00,LibGen,LibGen.bz,UP,200,676,,
2026-09-02T06:32:50.049780+00:00,LibGen,LibGen.bz,UP,200,861,,
2026-09-02T06:33:51.478653+00:00,LibGen,LibGen.bz,UP,200,798,,
2026-09-02T06:34:51.407258+00:00,LibGen,LibGen.bz,UP,200,729,,
2026-09-02T06:35:52.148465+00:00,LibGen,LibGen.bz,UP,200,605,,
2026-09-02T06:36:52.622525+00:00,LibGen,LibGen.bz,UP,200,667,,
2026-09-02T06:37:53.841598+00:00,LibGen,LibGen.bz,UP,200,721,,
2026-09-02T06:38:53.686167+00:00,LibGen,LibGen.bz,UP,200,821,,
2026-09-02T06:39:55.307636+00:00,LibGen,LibGen.bz,UP,200,995,,
2026-09-02T06:40:55.983623+00:00,LibGen,LibGen.bz,UP,200,839,,
2026-09-02T06:41:56.579285+00:00,LibGen,LibGen.bz,UP,200,989,,
2026-09-02T06:42:56.787735+00:00,LibGen,LibGen.bz,UP,200,854,,
2026-09-02T06:43:56.705347+00:00,LibGen,LibGen.bz,UP,200,726,,
2026-09-02T06:44:57.919011+00:00,LibGen,LibGen.bz,UP,200,684,,
2026-09-02T06:45:58.113950+00:00,LibGen,LibGen.bz,UP,200,718,,
2026-09-02T06:46:57.876428+00:00,LibGen,LibGen.bz,UP,200,241,,
2026-09-02T06:47:59.572660+00:00,LibGen,LibGen.bz,UP,200,712,,
2026-09-02T06:48:59.961759+00:00,LibGen,LibGen.bz,UP,200,711,,
2026-09-02T06:49:58.929235+00:00,LibGen,LibGen.bz,UP,200,733,,
2026-09-02T06:50:59.383516+00:00,LibGen,LibGen.bz,UP,200,698,,
2026-09-02T06:51:59.482550+00:00,LibGen,LibGen.bz,UP,200,583,,
2026-09-02T06:53:01.327142+00:00,LibGen,LibGen.bz,UP,200,558,,
2026-09-02T06:54:01.249404+00:00,LibGen,LibGen.bz,UP,200,755,,
2026-09-02T06:55:02.481595+00:00,LibGen,LibGen.bz,UP,200,1087,,
2026-09-02T06:56:02.955979+00:00,LibGen,LibGen.bz,UP,200,960,,
2026-09-02T06:57:03.505827+00:00,LibGen,LibGen.bz,UP,200,809,,
2026-09-02T06:58:04.278254+00:00,LibGen,LibGen.bz,UP,200,859,,
2026-09-02T06:59:05.327348+00:00,LibGen,LibGen.bz,UP,200,699,,
2026-09-02T07:00:05.339580+00:00,LibGen,LibGen.bz,UP,200,1042,,
2026-09-02T07:01:05.366297+00:00,LibGen,LibGen.bz,UP,200,785,,
2026-09-02T07:02:06.201610+00:00,LibGen,LibGen.bz,UP,200,1167,,
2026-09-02T07:03:05.541854+00:00,LibGen,LibGen.bz,UP,200,244,,
2026-09-02T07:04:07.865694+00:00,LibGen,LibGen.bz,UP,200,2079,,
2026-09-02T07:05:06.727195+00:00,LibGen,LibGen.bz,UP,200,852,,
2026-09-02T07:06:07.574256+00:00,LibGen,LibGen.bz,UP,200,754,,
2026-09-02T07:07:08.944103+00:00,LibGen,LibGen.bz,UP,200,1243,,
2026-09-02T07:08:29.656174+00:00,LibGen,LibGen.bz,DOWN,,,connection_refused,
2026-09-02T07:09:10.245083+00:00,LibGen,LibGen.bz,UP,200,783,,
2026-09-02T07:10:11.626568+00:00,LibGen,LibGen.bz,UP,200,1092,,
2026-09-02T07:11:12.764576+00:00,LibGen,LibGen.bz,UP,200,1125,,
2026-09-02T07:12:11.937511+00:00,LibGen,LibGen.bz,UP,200,637,,
2026-09-02T07:13:13.019449+00:00,LibGen,LibGen.bz,UP,200,705,,
2026-09-02T07:14:13.420157+00:00,LibGen,LibGen.bz,UP,200,677,,
2026-09-02T07:15:14.816379+00:00,LibGen,LibGen.bz,UP,200,768,,
2026-09-02T07:16:14.383473+00:00,LibGen,LibGen.bz,UP,200,734,,
2026-09-02T07:17:15.627214+00:00,LibGen,LibGen.bz,UP,200,711,,
2026-09-02T07:18:16.087424+00:00,LibGen,LibGen.bz,UP,200,874,,
2026-09-02T07:19:20.409212+00:00,LibGen,LibGen.bz,DEGRADED,200,3857,latency_high,
2026-09-02T07:20:17.915005+00:00,LibGen,LibGen.bz,UP,200,952,,
2026-09-02T07:21:18.721438+00:00,LibGen,LibGen.bz,UP,200,790,,
2026-09-02T07:22:19.896704+00:00,LibGen,LibGen.bz,UP,200,801,,
2026-09-02T07:23:26.233956+00:00,LibGen,LibGen.bz,DEGRADED,200,6308,latency_high,
2026-09-02T07:24:21.244470+00:00,LibGen,LibGen.bz,UP,200,680,,
2026-09-02T07:25:22.262970+00:00,LibGen,LibGen.bz,UP,200,743,,
2026-09-02T07:26:23.343241+00:00,LibGen,LibGen.bz,UP,200,686,,
2026-09-02T07:27:23.640493+00:00,LibGen,LibGen.bz,UP,200,758,,
2026-09-02T07:28:25.020396+00:00,LibGen,LibGen.bz,UP,200,684,,
2026-09-02T07:29:25.754444+00:00,LibGen,LibGen.bz,UP,200,945,,
2026-09-02T07:30:25.979530+00:00,LibGen,LibGen.bz,UP,200,882,,
2026-09-02T07:31:27.148722+00:00,LibGen,LibGen.bz,UP,200,828,,
2026-09-02T07:32:28.050403+00:00,LibGen,LibGen.bz,UP,200,786,,
2026-09-02T07:33:31.630733+00:00,LibGen,LibGen.bz,DEGRADED,200,3769,latency_high,
2026-09-02T07:34:29.450855+00:00,LibGen,LibGen.bz,UP,200,763,,
2026-09-02T07:35:29.237769+00:00,LibGen,LibGen.bz,UP,200,1252,,
2026-09-02T07:36:28.885175+00:00,LibGen,LibGen.bz,UP,200,724,,
2026-09-02T07:37:29.543860+00:00,LibGen,LibGen.bz,UP,200,615,,
2026-09-02T07:38:30.696628+00:00,LibGen,LibGen.bz,UP,200,810,,
2026-09-02T07:39:31.565728+00:00,LibGen,LibGen.bz,UP,200,728,,
2026-09-02T07:40:32.050497+00:00,LibGen,LibGen.bz,UP,200,763,,
2026-09-02T07:41:32.840697+00:00,LibGen,LibGen.bz,UP,200,687,,
2026-09-02T07:42:33.756056+00:00,LibGen,LibGen.bz,UP,200,815,,
2026-09-02T07:43:34.911954+00:00,LibGen,LibGen.bz,UP,200,659,,
2026-09-02T07:44:35.354576+00:00,LibGen,LibGen.bz,UP,200,730,,
2026-09-02T07:45:36.301157+00:00,LibGen,LibGen.bz,UP,200,758,,
2026-09-02T07:46:40.687523+00:00,LibGen,LibGen.bz,DEGRADED,200,3896,latency_high,
2026-09-02T07:47:37.871156+00:00,LibGen,LibGen.bz,UP,200,736,,
2026-09-02T07:48:38.521109+00:00,LibGen,LibGen.bz,UP,200,663,,
2026-09-02T07:49:39.704230+00:00,LibGen,LibGen.bz,UP,200,701,,
2026-09-02T07:50:40.031838+00:00,LibGen,LibGen.bz,UP,200,694,,
2026-09-02T07:51:41.687207+00:00,LibGen,LibGen.bz,UP,200,1005,,
2026-09-02T07:52:41.932450+00:00,LibGen,LibGen.bz,UP,200,660,,
2026-09-02T07:53:41.933246+00:00,LibGen,LibGen.bz,UP,200,259,,
2026-09-02T07:54:43.191084+00:00,LibGen,LibGen.bz,UP,200,763,,
2026-09-02T07:55:43.224904+00:00,LibGen,LibGen.bz,UP,200,790,,
2026-09-02T07:56:44.353509+00:00,LibGen,LibGen.bz,UP,200,741,,
2026-09-02T07:57:44.261004+00:00,LibGen,LibGen.bz,UP,200,248,,
2026-09-02T07:58:45.990555+00:00,LibGen,LibGen.bz,UP,200,827,,
2026-09-02T07:59:45.594812+00:00,LibGen,LibGen.bz,UP,200,601,,
2026-09-02T08:00:46.944858+00:00,LibGen,LibGen.bz,UP,200,708,,
2026-09-02T08:01:46.772918+00:00,LibGen,LibGen.bz,UP,200,629,,
2026-09-02T08:02:47.758703+00:00,LibGen,LibGen.bz,UP,200,779,,
2026-09-02T08:03:48.938877+00:00,LibGen,LibGen.bz,UP,200,822,,
2026-09-02T08:05:09.666777+00:00,LibGen,LibGen.bz,DOWN,,,connection_refused,
2026-09-02T08:05:50.240179+00:00,LibGen,LibGen.bz,UP,200,820,,
2026-09-02T08:06:52.379541+00:00,LibGen,LibGen.bz,UP,200,901,,
2026-09-02T08:07:51.826804+00:00,LibGen,LibGen.bz,UP,200,278,,
2026-09-02T08:08:52.029067+00:00,LibGen,LibGen.bz,UP,200,757,,
2026-09-02T08:09:52.514048+00:00,LibGen,LibGen.bz,UP,200,774,,
2026-09-02T08:10:52.556110+00:00,LibGen,LibGen.bz,UP,200,246,,
2026-09-02T08:11:53.530684+00:00,LibGen,LibGen.bz,UP,200,1171,,
2026-09-02T08:12:53.747546+00:00,LibGen,LibGen.bz,UP,200,947,,
2026-09-02T08:13:53.528646+00:00,LibGen,LibGen.bz,UP,200,747,,
2026-09-02T08:14:54.489561+00:00,LibGen,LibGen.bz,UP,200,767,,
2026-09-02T08:16:14.874936+00:00,LibGen,LibGen.bz,DOWN,,,connection_refused,
2026-09-02T08:16:56.111133+00:00,LibGen,LibGen.bz,UP,200,741,,
2026-09-02T08:17:58.157202+00:00,LibGen,LibGen.bz,UP,200,667,,
2026-09-02T08:18:57.777145+00:00,LibGen,LibGen.bz,UP,200,757,,
2026-09-02T08:19:58.343008+00:00,LibGen,LibGen.bz,UP,200,734,,
2026-09-02T08:20:59.629526+00:00,LibGen,LibGen.bz,UP,200,818,,
2026-09-02T08:22:01.579576+00:00,LibGen,LibGen.bz,UP,200,1804,,
2026-09-02T08:23:01.410100+00:00,LibGen,LibGen.bz,UP,200,978,,
2026-09-02T08:24:00.626934+00:00,LibGen,LibGen.bz,UP,200,274,,
2026-09-02T08:25:03.110998+00:00,LibGen,LibGen.bz,UP,200,796,,
2026-09-02T08:26:02.078044+00:00,LibGen,LibGen.bz,UP,200,941,,
2026-09-02T08:27:03.329409+00:00,LibGen,LibGen.bz,UP,200,1180,,
2026-09-02T08:28:04.205470+00:00,LibGen,LibGen.bz,UP,200,801,,
2026-09-02T08:29:05.490899+00:00,LibGen,LibGen.bz,UP,200,750,,
2026-09-02T08:30:05.502586+00:00,LibGen,LibGen.bz,UP,200,977,,
2026-09-02T08:31:06.153613+00:00,LibGen,LibGen.bz,UP,200,841,,
2026-09-02T08:32:06.667330+00:00,LibGen,LibGen.bz,UP,200,767,,
2026-09-02T08:33:06.823531+00:00,LibGen,LibGen.bz,UP,200,245,,
2026-09-02T08:34:08.106403+00:00,LibGen,LibGen.bz,UP,200,968,,
2026-09-02T08:35:08.673754+00:00,LibGen,LibGen.bz,UP,200,1438,,
2026-09-02T08:36:12.565452+00:00,LibGen,LibGen.bz,UP,200,809,,
2026-09-02T08:37:09.717828+00:00,LibGen,LibGen.bz,UP,200,262,,
2026-09-02T08:38:09.905843+00:00,LibGen,LibGen.bz,DOWN,500,563,http_error,
2026-09-02T08:39:12.344590+00:00,LibGen,LibGen.bz,UP,200,734,,
2026-09-02T08:40:14.153599+00:00,LibGen,LibGen.bz,UP,200,847,,
2026-09-02T08:41:12.340012+00:00,LibGen,LibGen.bz,UP,200,767,,
2026-09-02T08:42:13.229425+00:00,LibGen,LibGen.bz,UP,200,900,,
2026-09-02T08:43:14.042779+00:00,LibGen,LibGen.bz,UP,200,712,,
2026-09-02T08:44:15.034188+00:00,LibGen,LibGen.bz,UP,200,767,,
2026-09-02T08:45:15.968204+00:00,LibGen,LibGen.bz,UP,200,749,,
2026-09-02T08:46:16.508410+00:00,LibGen,LibGen.bz,UP,200,798,,
2026-09-02T08:47:37.442770+00:00,LibGen,LibGen.bz,DOWN,,,connection_refused,
2026-09-02T08:48:18.657102+00:00,LibGen,LibGen.bz,UP,200,777,,
2026-09-02T08:49:19.035025+00:00,LibGen,LibGen.bz,UP,200,750,,
2026-09-02T08:50:20.279137+00:00,LibGen,LibGen.bz,UP,200,772,,
2026-09-02T08:51:20.683179+00:00,LibGen,LibGen.bz,UP,200,773,,
2026-09-02T08:52:21.619899+00:00,LibGen,LibGen.bz,UP,200,976,,
2026-09-02T08:53:24.030698+00:00,LibGen,LibGen.bz,UP,200,2514,,
2026-09-02T08:54:43.082783+00:00,LibGen,LibGen.bz,DOWN,,,connection_refused,
2026-09-02T08:55:24.940124+00:00,LibGen,LibGen.bz,UP,200,1103,,
2026-09-02T08:56:25.330724+00:00,LibGen,LibGen.bz,UP,200,776,,
2026-09-02T08:57:25.662100+00:00,LibGen,LibGen.bz,UP,200,755,,
2026-09-02T08:58:26.598397+00:00,LibGen,LibGen.bz,UP,200,716,,
2026-09-02T08:59:48.101222+00:00,LibGen,LibGen.bz,DOWN,,,connection_refused,
2026-09-02T09:00:28.725705+00:00,LibGen,LibGen.bz,UP,200,674,,
2026-09-02T09:01:28.764057+00:00,LibGen,LibGen.bz,UP,200,706,,
2026-09-02T09:02:29.218591+00:00,LibGen,LibGen.bz,UP,200,654,,
2026-09-02T09:03:29.689727+00:00,LibGen,LibGen.bz,UP,200,1044,,
2026-09-02T09:04:30.100759+00:00,LibGen,LibGen.bz,UP,200,699,,
2026-09-02T09:05:30.419308+00:00,LibGen,LibGen.bz,UP,200,833,,
2026-09-02T09:06:31.442311+00:00,LibGen,LibGen.bz,UP,200,605,,
2026-09-02T09:07:32.479997+00:00,LibGen,LibGen.bz,UP,200,842,,
2026-09-02T09:08:32.732153+00:00,LibGen,LibGen.bz,UP,200,703,,
2026-09-02T09:09:33.609358+00:00,LibGen,LibGen.bz,UP,200,784,,
2026-09-02T09:10:33.531007+00:00,LibGen,LibGen.bz,UP,200,690,,
2026-09-02T09:11:53.618851+00:00,LibGen,LibGen.bz,TIMEOUT,,,timeout,
2026-09-02T09:12:34.132472+00:00,LibGen,LibGen.bz,UP,200,736,,
2026-09-02T09:13:34.816687+00:00,LibGen,LibGen.bz,UP,200,665,,
2026-09-02T09:14:35.610654+00:00,LibGen,LibGen.bz,UP,200,697,,
2026-09-02T09:15:36.479992+00:00,LibGen,LibGen.bz,UP,200,746,,
2026-09-02T09:16:37.376946+00:00,LibGen,LibGen.bz,UP,200,669,,
2026-09-02T09:17:37.874369+00:00,LibGen,LibGen.bz,UP,200,622,,
2026-09-02T09:18:42.356476+00:00,LibGen,LibGen.bz,DEGRADED,200,3952,latency_high,
2026-09-02T09:19:39.786399+00:00,LibGen,LibGen.bz,UP,200,907,,
2026-09-02T09:20:40.754203+00:00,LibGen,LibGen.bz,UP,200,637,,
2026-09-02T09:21:41.724966+00:00,LibGen,LibGen.bz,UP,200,723,,
2026-09-02T09:22:42.467238+00:00,LibGen,LibGen.bz,UP,200,662,,
2026-09-02T09:23:42.542513+00:00,LibGen,LibGen.bz,UP,200,257,,
2026-09-02T09:24:47.195702+00:00,LibGen,LibGen.bz,DEGRADED,200,3640,latency_high,
2026-09-02T09:25:44.621248+00:00,LibGen,LibGen.bz,UP,200,713,,
2026-09-02T09:26:45.370515+00:00,LibGen,LibGen.bz,UP,200,649,,
2026-09-02T09:27:49.254758+00:00,LibGen,LibGen.bz,DEGRADED,200,4016,latency_high,
2026-09-02T09:28:46.804597+00:00,LibGen,LibGen.bz,UP,200,685,,
2026-09-02T09:29:47.649954+00:00,LibGen,LibGen.bz,UP,200,641,,
2026-09-02T09:30:49.880542+00:00,LibGen,LibGen.bz,UP,200,783,,
2026-09-02T09:31:49.296168+00:00,LibGen,LibGen.bz,UP,200,731,,
2026-09-02T09:32:50.252456+00:00,LibGen,LibGen.bz,UP,200,707,,
2026-09-02T09:33:50.844450+00:00,LibGen,LibGen.bz,UP,200,729,,
2026-09-02T09:34:51.581961+00:00,LibGen,LibGen.bz,UP,200,602,,
2026-09-02T09:35:52.844146+00:00,LibGen,LibGen.bz,UP,200,655,,
2026-09-02T09:36:53.249474+00:00,LibGen,LibGen.bz,UP,200,536,,
2026-09-02T09:37:54.373943+00:00,LibGen,LibGen.bz,UP,200,595,,
2026-09-02T09:38:54.703090+00:00,LibGen,LibGen.bz,UP,200,620,,
2026-09-02T09:40:15.623962+00:00,LibGen,LibGen.bz,DOWN,,,connection_refused,
2026-09-02T09:40:57.048937+00:00,LibGen,LibGen.bz,UP,200,991,,
2026-09-02T09:41:58.756132+00:00,LibGen,LibGen.bz,UP,200,1738,,
2026-09-02T09:42:58.442753+00:00,LibGen,LibGen.bz,UP,200,765,,
2026-09-02T09:43:59.134588+00:00,LibGen,LibGen.bz,UP,200,692,,
2026-09-02T09:45:00.045167+00:00,LibGen,LibGen.bz,UP,200,686,,
2026-09-02T09:45:58.762709+00:00,LibGen,LibGen.bz,UP,200,276,,
2026-09-02T09:47:19.298706+00:00,LibGen,LibGen.bz,DOWN,,,connection_refused,
2026-09-02T09:48:00.216699+00:00,LibGen,LibGen.bz,UP,200,704,,
2026-09-02T09:49:01.569871+00:00,LibGen,LibGen.bz,UP,200,847,,
2026-09-02T09:50:01.907804+00:00,LibGen,LibGen.bz,UP,200,908,,
2026-09-02T09:51:03.296361+00:00,LibGen,LibGen.bz,UP,200,1194,,
2026-09-02T09:52:03.866859+00:00,LibGen,LibGen.bz,UP,200,693,,
2026-09-02T09:53:04.280145+00:00,LibGen,LibGen.bz,UP,200,853,,
2026-09-02T09:54:05.901076+00:00,LibGen,LibGen.bz,UP,200,1271,,
2026-09-02T09:55:06.610104+00:00,LibGen,LibGen.bz,UP,200,538,,
2026-09-02T09:56:07.165785+00:00,LibGen,LibGen.bz,UP,200,766,,
2026-09-02T09:57:07.000126+00:00,LibGen,LibGen.bz,UP,200,660,,
2026-09-02T09:58:09.579433+00:00,LibGen,LibGen.bz,UP,200,1336,,
2026-09-02T09:59:09.004206+00:00,LibGen,LibGen.bz,UP,200,1518,,
2026-09-02T10:00:09.150682+00:00,LibGen,LibGen.bz,UP,200,819,,
2026-09-02T10:01:09.634600+00:00,LibGen,LibGen.bz,UP,200,776,,
2026-09-02T10:02:10.225157+00:00,LibGen,LibGen.bz,UP,200,763,,
2026-09-02T10:03:10.524726+00:00,LibGen,LibGen.bz,UP,200,865,,
2026-09-02T10:04:10.782685+00:00,LibGen,LibGen.bz,UP,200,716,,
2026-09-02T10:05:11.870195+00:00,LibGen,LibGen.bz,UP,200,739,,
2026-09-02T10:06:12.163052+00:00,LibGen,LibGen.bz,UP,200,713,,
2026-09-02T10:07:13.869275+00:00,LibGen,LibGen.bz,UP,200,749,,
2026-09-02T10:08:14.073333+00:00,LibGen,LibGen.bz,UP,200,951,,
2026-09-02T10:09:14.554895+00:00,LibGen,LibGen.bz,UP,200,740,,
2026-09-02T10:10:15.854537+00:00,LibGen,LibGen.bz,UP,200,731,,
2026-09-02T10:11:16.729227+00:00,LibGen,LibGen.bz,UP,200,876,,
2026-09-02T10:12:16.307773+00:00,LibGen,LibGen.bz,UP,200,661,,
2026-09-02T10:13:17.244139+00:00,LibGen,LibGen.bz,UP,200,769,,
2026-09-02T10:14:17.739937+00:00,LibGen,LibGen.bz,UP,200,595,,
2026-09-02T10:15:18.225744+00:00,LibGen,LibGen.bz,UP,200,684,,
2026-09-02T10:16:18.174336+00:00,LibGen,LibGen.bz,UP,200,630,,
2026-09-02T10:17:19.108569+00:00,LibGen,LibGen.bz,UP,200,708,,
2026-09-02T10:18:20.340144+00:00,LibGen,LibGen.bz,UP,200,762,,
2026-09-02T10:19:21.126857+00:00,LibGen,LibGen.bz,UP,200,623,,
2026-09-02T10:20:21.597852+00:00,LibGen,LibGen.bz,UP,200,696,,
2026-09-02T10:21:22.944517+00:00,LibGen,LibGen.bz,UP,200,733,,
2026-09-02T10:22:22.859220+00:00,LibGen,LibGen.bz,UP,200,222,,
2026-09-02T10:23:24.523038+00:00,LibGen,LibGen.bz,UP,200,1112,,
2026-09-02T10:24:24.553371+00:00,LibGen,LibGen.bz,UP,200,757,,
2026-09-02T10:25:24.582074+00:00,LibGen,LibGen.bz,UP,200,523,,
2026-09-02T10:26:26.490527+00:00,LibGen,LibGen.bz,UP,200,1891,,
2026-09-02T10:27:26.060657+00:00,LibGen,LibGen.bz,UP,200,695,,
2026-09-02T10:28:26.181756+00:00,LibGen,LibGen.bz,UP,200,712,,
2026-09-02T10:29:27.079943+00:00,LibGen,LibGen.bz,UP,200,746,,
2026-09-02T10:30:27.566398+00:00,LibGen,LibGen.bz,UP,200,779,,
2026-09-02T10:31:27.918310+00:00,LibGen,LibGen.bz,UP,200,719,,
2026-09-02T10:32:27.549642+00:00,LibGen,LibGen.bz,UP,200,675,,
2026-09-02T10:33:28.716566+00:00,LibGen,LibGen.bz,UP,200,909,,
2026-09-02T10:34:29.443885+00:00,LibGen,LibGen.bz,UP,200,770,,
2026-09-02T10:35:29.810730+00:00,LibGen,LibGen.bz,UP,200,672,,
2026-09-02T10:36:30.522830+00:00,LibGen,LibGen.bz,UP,200,719,,
2026-09-02T10:37:30.710576+00:00,LibGen,LibGen.bz,UP,200,683,,
2026-09-02T10:38:31.793039+00:00,LibGen,LibGen.bz,UP,200,1243,,
2026-09-02T10:39:31.346744+00:00,LibGen,LibGen.bz,UP,200,820,,
2026-09-02T10:40:31.405601+00:00,LibGen,LibGen.bz,UP,200,713,,
2026-09-02T10:41:31.883859+00:00,LibGen,LibGen.bz,UP,200,718,,
2026-09-02T10:42:32.609497+00:00,LibGen,LibGen.bz,UP,200,617,,
2026-09-02T10:43:32.628098+00:00,LibGen,LibGen.bz,UP,200,741,,
2026-09-02T10:44:32.175117+00:00,LibGen,LibGen.bz,UP,200,233,,
2026-09-02T10:45:36.152754+00:00,LibGen,LibGen.bz,DEGRADED,200,3702,latency_high,
2026-09-02T10:46:32.767435+00:00,LibGen,LibGen.bz,UP,200,238,,
2026-09-02T10:47:33.732050+00:00,LibGen,LibGen.bz,UP,200,716,,
2026-09-02T10:48:34.369848+00:00,LibGen,LibGen.bz,UP,200,1137,,
2026-09-02T10:49:33.843384+00:00,LibGen,LibGen.bz,UP,200,592,,
2026-09-02T10:50:34.206730+00:00,LibGen,LibGen.bz,UP,200,805,,
2026-09-02T10:51:34.686124+00:00,LibGen,LibGen.bz,UP,200,775,,
2026-09-02T10:52:35.751408+00:00,LibGen,LibGen.bz,UP,200,739,,
2026-09-02T10:53:36.669161+00:00,LibGen,LibGen.bz,UP,200,746,,
2026-09-02T10:54:35.794253+00:00,LibGen,LibGen.bz,UP,200,854,,
2026-09-02T10:55:36.637521+00:00,LibGen,LibGen.bz,UP,200,744,,
2026-09-02T10:56:37.241213+00:00,LibGen,LibGen.bz,UP,200,776,,
2026-09-02T10:57:38.166569+00:00,LibGen,LibGen.bz,UP,200,1248,,
2026-09-02T10:58:38.928158+00:00,LibGen,LibGen.bz,UP,200,855,,
2026-09-02T10:59:39.544564+00:00,LibGen,LibGen.bz,UP,200,806,,
2026-09-02T11:00:39.489893+00:00,LibGen,LibGen.bz,UP,200,823,,
2026-09-02T11:01:39.592932+00:00,LibGen,LibGen.bz,UP,200,917,,
2026-09-02T11:02:40.366383+00:00,LibGen,LibGen.bz,UP,200,741,,
2026-09-02T11:03:40.805028+00:00,LibGen,LibGen.bz,UP,200,787,,
2026-09-02T11:04:40.677699+00:00,LibGen,LibGen.bz,UP,200,230,,
2026-09-02T11:05:41.708518+00:00,LibGen,LibGen.bz,UP,200,786,,
2026-09-02T11:06:41.630215+00:00,LibGen,LibGen.bz,UP,200,918,,
2026-09-02T11:07:42.041916+00:00,LibGen,LibGen.bz,UP,200,792,,
2026-09-02T11:08:42.040901+00:00,LibGen,LibGen.bz,UP,200,652,,
2026-09-02T11:09:41.756596+00:00,LibGen,LibGen.bz,UP,200,247,,
2026-09-02T11:10:42.718631+00:00,LibGen,LibGen.bz,UP,200,829,,
2026-09-02T11:11:43.698313+00:00,LibGen,LibGen.bz,UP,200,1620,,
2026-09-02T11:12:43.531691+00:00,LibGen,LibGen.bz,UP,200,998,,
2026-09-02T11:13:43.245793+00:00,LibGen,LibGen.bz,UP,200,737,,
2026-09-02T11:14:43.462591+00:00,LibGen,LibGen.bz,UP,200,686,,
2026-09-02T11:15:43.532718+00:00,LibGen,LibGen.bz,UP,200,739,,
2026-09-02T11:16:43.567925+00:00,LibGen,LibGen.bz,UP,200,682,,
2026-09-02T11:17:44.282772+00:00,LibGen,LibGen.bz,UP,200,837,,
2026-09-02T11:18:44.714514+00:00,LibGen,LibGen.bz,UP,200,646,,
2026-09-02T11:19:45.354484+00:00,LibGen,LibGen.bz,UP,200,840,,
2026-09-02T11:20:46.214504+00:00,LibGen,LibGen.bz,UP,200,748,,
2026-09-02T11:21:47.478772+00:00,LibGen,LibGen.bz,UP,200,768,,
2026-09-02T11:22:47.657149+00:00,LibGen,LibGen.bz,UP,200,909,,
2026-09-02T11:23:47.591438+00:00,LibGen,LibGen.bz,UP,200,704,,
2026-09-02T11:24:48.704302+00:00,LibGen,LibGen.bz,UP,200,831,,
2026-09-02T11:25:48.726124+00:00,LibGen,LibGen.bz,UP,200,823,,
2026-09-02T11:26:49.358441+00:00,LibGen,LibGen.bz,UP,200,850,,
2026-09-02T11:27:49.575104+00:00,LibGen,LibGen.bz,UP,200,724,,
2026-09-02T11:28:49.745155+00:00,LibGen,LibGen.bz,UP,200,895,,
2026-09-02T11:29:49.859816+00:00,LibGen,LibGen.bz,UP,200,913,,
2026-09-02T11:30:50.428340+00:00,LibGen,LibGen.bz,UP,200,696,,
2026-09-02T11:31:50.798222+00:00,LibGen,LibGen.bz,UP,200,889,,
2026-09-02T11:32:50.850472+00:00,LibGen,LibGen.bz,UP,200,772,,
2026-09-02T11:33:51.626083+00:00,LibGen,LibGen.bz,UP,200,729,,
2026-09-02T11:34:52.513146+00:00,LibGen,LibGen.bz,UP,200,706,,
2026-09-02T11:35:52.457235+00:00,LibGen,LibGen.bz,UP,200,540,,
2026-09-02T11:36:53.864221+00:00,LibGen,LibGen.bz,UP,200,779,,
2026-09-02T11:37:53.626682+00:00,LibGen,LibGen.bz,UP,200,592,,
2026-09-02T11:38:54.518733+00:00,LibGen,LibGen.bz,UP,200,768,,
2026-09-02T11:39:54.536111+00:00,LibGen,LibGen.bz,UP,200,714,,
2026-09-02T11:40:55.524477+00:00,LibGen,LibGen.bz,UP,200,702,,
2026-09-02T11:41:55.963442+00:00,LibGen,LibGen.bz,UP,200,982,,
2026-09-02T11:42:56.640469+00:00,LibGen,LibGen.bz,UP,200,753,,
2026-09-02T11:43:57.566692+00:00,LibGen,LibGen.bz,UP,200,685,,
2026-09-02T11:44:57.795536+00:00,LibGen,LibGen.bz,UP,200,763,,
2026-09-02T11:45:57.476655+00:00,LibGen,LibGen.bz,UP,200,795,,
2026-09-02T11:46:58.286085+00:00,LibGen,LibGen.bz,UP,200,882,,
2026-09-02T11:47:58.573338+00:00,LibGen,LibGen.bz,UP,200,1017,,
2026-09-02T11:48:59.331691+00:00,LibGen,LibGen.bz,UP,200,904,,
2026-09-02T11:49:59.936129+00:00,LibGen,LibGen.bz,UP,200,1006,,
2026-09-02T11:51:00.704235+00:00,LibGen,LibGen.bz,UP,200,857,,
2026-09-02T11:52:01.605527+00:00,LibGen,LibGen.bz,UP,200,1123,,
2026-09-02T11:53:02.014519+00:00,LibGen,LibGen.bz,UP,200,930,,
2026-09-02T11:54:01.964146+00:00,LibGen,LibGen.bz,UP,200,868,,
2026-09-02T11:55:23.269622+00:00,LibGen,LibGen.bz,DOWN,,,connection_refused,
2026-09-02T11:56:03.563237+00:00,LibGen,LibGen.bz,UP,200,984,,
2026-09-02T11:57:03.521898+00:00,LibGen,LibGen.bz,UP,200,934,,
2026-09-02T11:58:05.181332+00:00,LibGen,LibGen.bz,UP,200,656,,
2026-09-02T11:59:05.127263+00:00,LibGen,LibGen.bz,UP,200,721,,
2026-09-02T12:00:05.767764+00:00,LibGen,LibGen.bz,UP,200,1597,,
2026-09-02T12:01:05.194567+00:00,LibGen,LibGen.bz,UP,200,1001,,
2026-09-02T12:02:08.061604+00:00,LibGen,LibGen.bz,UP,200,889,,
2026-09-02T12:03:06.518675+00:00,LibGen,LibGen.bz,UP,200,717,,
2026-09-02T12:04:06.754174+00:00,LibGen,LibGen.bz,UP,200,733,,
2026-09-02T12:05:11.856969+00:00,LibGen,LibGen.bz,DEGRADED,200,4966,latency_high,
2026-09-02T12:06:09.793609+00:00,LibGen,LibGen.bz,UP,200,2183,,
2026-09-02T12:07:09.879141+00:00,LibGen,LibGen.bz,UP,200,1657,,
2026-09-02T12:08:09.394529+00:00,LibGen,LibGen.bz,UP,200,1080,,
2026-09-02T12:09:10.206008+00:00,LibGen,LibGen.bz,UP,200,798,,
2026-09-02T12:10:09.782403+00:00,LibGen,LibGen.bz,UP,200,969,,
2026-09-02T12:11:09.948196+00:00,LibGen,LibGen.bz,UP,200,886,,
2026-09-02T12:12:10.600429+00:00,LibGen,LibGen.bz,UP,200,765,,
2026-09-02T12:13:10.912793+00:00,LibGen,LibGen.bz,UP,200,863,,
2026-09-02T12:14:11.435571+00:00,LibGen,LibGen.bz,UP,200,807,,
2026-09-02T12:15:11.724766+00:00,LibGen,LibGen.bz,UP,200,929,,
2026-09-02T12:16:12.585680+00:00,LibGen,LibGen.bz,UP,200,1190,,
2026-09-02T12:17:12.287487+00:00,LibGen,LibGen.bz,UP,200,771,,
2026-09-02T12:18:12.989549+00:00,LibGen,LibGen.bz,UP,200,935,,
2026-09-02T12:19:12.009126+00:00,LibGen,LibGen.bz,UP,200,242,,
2026-09-02T12:20:13.817037+00:00,LibGen,LibGen.bz,UP,200,1832,,
2026-09-02T12:21:13.182983+00:00,LibGen,LibGen.bz,UP,200,764,,
2026-09-02T12:22:15.023798+00:00,LibGen,LibGen.bz,UP,200,749,,
2026-09-02T12:23:14.691678+00:00,LibGen,LibGen.bz,UP,200,756,,
2026-09-02T12:24:13.228144+00:00,LibGen,LibGen.bz,UP,200,231,,
2026-09-02T12:25:14.876537+00:00,LibGen,LibGen.bz,UP,200,1011,,
2026-09-02T12:26:14.790549+00:00,LibGen,LibGen.bz,UP,200,859,,
2026-09-02T12:27:15.429543+00:00,LibGen,LibGen.bz,UP,200,1051,,
2026-09-02T12:28:14.827334+00:00,LibGen,LibGen.bz,UP,200,875,,
2026-09-02T12:29:14.738508+00:00,LibGen,LibGen.bz,UP,200,749,,
2026-09-02T12:30:15.344356+00:00,LibGen,LibGen.bz,UP,200,1030,,
2026-09-02T12:31:16.779518+00:00,LibGen,LibGen.bz,UP,200,852,,
2026-09-02T12:32:16.432722+00:00,LibGen,LibGen.bz,UP,200,772,,
2026-09-02T12:33:17.615530+00:00,LibGen,LibGen.bz,UP,200,772,,
2026-09-02T12:34:18.014319+00:00,LibGen,LibGen.bz,UP,200,892,,
2026-09-02T12:35:18.086400+00:00,LibGen,LibGen.bz,UP,200,246,,
2026-09-02T12:36:21.290710+00:00,LibGen,LibGen.bz,DEGRADED,200,3881,latency_high,
2026-09-02T12:37:18.313734+00:00,LibGen,LibGen.bz,UP,200,707,,
2026-09-02T12:38:19.371522+00:00,LibGen,LibGen.bz,UP,200,781,,
2026-09-02T12:39:19.596848+00:00,LibGen,LibGen.bz,UP,200,856,,
2026-09-02T12:40:39.930111+00:00,LibGen,LibGen.bz,DOWN,,,connection_refused,
2026-09-02T12:41:19.647640+00:00,LibGen,LibGen.bz,UP,200,820,,
2026-09-02T12:42:19.748756+00:00,LibGen,LibGen.bz,UP,200,720,,
2026-09-02T12:43:19.779385+00:00,LibGen,LibGen.bz,UP,200,681,,
2026-09-02T12:44:20.947526+00:00,LibGen,LibGen.bz,UP,200,952,,
2026-09-02T12:45:20.678044+00:00,LibGen,LibGen.bz,UP,200,236,,
2026-09-02T12:46:21.760726+00:00,LibGen,LibGen.bz,UP,200,764,,
2026-09-02T12:47:22.355730+00:00,LibGen,LibGen.bz,UP,200,714,,
2026-09-02T12:48:23.712448+00:00,LibGen,LibGen.bz,UP,200,1931,,
2026-09-02T12:49:22.496737+00:00,LibGen,LibGen.bz,UP,200,655,,
2026-09-02T12:50:23.304359+00:00,LibGen,LibGen.bz,UP,200,842,,
2026-09-02T12:51:23.863749+00:00,LibGen,LibGen.bz,UP,200,1052,,
2026-09-02T12:52:23.897125+00:00,LibGen,LibGen.bz,UP,200,727,,
2026-09-02T12:53:24.292135+00:00,LibGen,LibGen.bz,UP,200,1137,,
2026-09-02T12:54:23.819672+00:00,LibGen,LibGen.bz,UP,200,740,,
2026-09-02T12:55:24.707501+00:00,LibGen,LibGen.bz,UP,200,850,,
2026-09-02T12:56:25.277569+00:00,LibGen,LibGen.bz,UP,200,1146,,
2026-09-02T12:57:25.364398+00:00,LibGen,LibGen.bz,UP,200,917,,
2026-09-02T12:58:25.672221+00:00,LibGen,LibGen.bz,UP,200,620,,
2026-09-02T12:59:25.099345+00:00,LibGen,LibGen.bz,UP,200,799,,
2026-09-02T13:00:27.236822+00:00,LibGen,LibGen.bz,UP,200,800,,
2026-09-02T13:01:26.982669+00:00,LibGen,LibGen.bz,UP,200,671,,
2026-09-02T13:02:27.186600+00:00,LibGen,LibGen.bz,UP,200,687,,
2026-09-02T13:03:27.601589+00:00,LibGen,LibGen.bz,UP,200,255,,
2026-09-02T13:04:27.829022+00:00,LibGen,LibGen.bz,UP,200,887,,
2026-09-02T13:05:28.414597+00:00,LibGen,LibGen.bz,UP,200,930,,
2026-09-02T13:06:27.705375+00:00,LibGen,LibGen.bz,UP,200,246,,
2026-09-02T13:07:28.367339+00:00,LibGen,LibGen.bz,UP,200,700,,
2026-09-02T13:08:29.062727+00:00,LibGen,LibGen.bz,UP,200,1142,,
2026-09-02T13:09:29.194014+00:00,LibGen,LibGen.bz,UP,200,898,,
2026-09-02T13:10:49.989448+00:00,LibGen,LibGen.bz,DOWN,,,connection_refused,
2026-09-02T13:11:30.415400+00:00,LibGen,LibGen.bz,DOWN,500,784,http_error,
2026-09-02T13:12:33.984725+00:00,LibGen,LibGen.bz,DEGRADED,200,4053,latency_high,
2026-09-02T13:13:31.103619+00:00,LibGen,LibGen.bz,UP,200,919,,
2026-09-02T13:14:47.180800+00:00,LibGen,LibGen.bz,DEGRADED,200,16485,latency_high,
2026-09-02T13:15:32.091270+00:00,LibGen,LibGen.bz,UP,200,760,,
2026-09-02T13:16:32.501014+00:00,LibGen,LibGen.bz,UP,200,796,,
2026-09-02T13:17:32.915397+00:00,LibGen,LibGen.bz,UP,200,1260,,
2026-09-02T13:18:32.888496+00:00,LibGen,LibGen.bz,UP,200,739,,
2026-09-02T13:19:33.280177+00:00,LibGen,LibGen.bz,UP,200,846,,
2026-09-02T13:20:33.074553+00:00,LibGen,LibGen.bz,UP,200,992,,
2026-09-02T13:21:33.232525+00:00,LibGen,LibGen.bz,UP,200,903,,
2026-09-02T13:22:33.658993+00:00,LibGen,LibGen.bz,UP,200,740,,
2026-09-02T13:23:34.892371+00:00,LibGen,LibGen.bz,UP,200,725,,
2026-09-02T13:24:33.454312+00:00,LibGen,LibGen.bz,UP,200,262,,
2026-09-02T13:25:34.628078+00:00,LibGen,LibGen.bz,UP,200,826,,
2026-09-02T13:26:34.907128+00:00,LibGen,LibGen.bz,UP,200,847,,
2026-09-02T13:27:56.102000+00:00,LibGen,LibGen.bz,DOWN,,,connection_refused,
2026-09-02T13:28:35.061491+00:00,LibGen,LibGen.bz,UP,200,1110,,
2026-09-02T13:29:35.063998+00:00,LibGen,LibGen.bz,UP,200,676,,
2026-09-02T13:30:35.847958+00:00,LibGen,LibGen.bz,UP,200,870,,
2026-09-02T13:31:36.553267+00:00,LibGen,LibGen.bz,UP,200,768,,
2026-09-02T13:32:36.697602+00:00,LibGen,LibGen.bz,UP,200,748,,
2026-09-02T13:33:57.178799+00:00,LibGen,LibGen.bz,DOWN,,,connection_refused,
2026-09-02T13:34:36.595237+00:00,LibGen,LibGen.bz,UP,200,987,,
2026-09-02T13:35:37.057569+00:00,LibGen,LibGen.bz,UP,200,778,,
2026-09-02T13:36:37.066466+00:00,LibGen,LibGen.bz,UP,200,784,,
2026-09-02T13:37:37.164670+00:00,LibGen,LibGen.bz,UP,200,848,,
2026-09-02T13:38:37.718358+00:00,LibGen,LibGen.bz,UP,200,810,,
2026-09-02T13:39:37.305644+00:00,LibGen,LibGen.bz,UP,200,771,,
2026-09-02T13:40:39.173446+00:00,LibGen,LibGen.bz,UP,200,943,,
2026-09-02T13:41:58.802717+00:00,LibGen,LibGen.bz,DOWN,,,connection_refused,
2026-09-02T13:42:38.569954+00:00,LibGen,LibGen.bz,UP,200,720,,
2026-09-02T13:43:59.241940+00:00,LibGen,LibGen.bz,DOWN,,,connection_refused,
2026-09-02T13:44:39.036522+00:00,LibGen,LibGen.bz,UP,200,669,,
2026-09-02T13:45:59.829870+00:00,LibGen,LibGen.bz,DOWN,,,connection_refused,
2026-09-02T13:46:42.432384+00:00,LibGen,LibGen.bz,UP,200,1724,,
2026-09-02T13:47:41.030309+00:00,LibGen,LibGen.bz,UP,200,742,,
2026-09-02T13:48:42.490115+00:00,LibGen,LibGen.bz,UP,200,866,,
2026-09-02T13:50:01.979797+00:00,LibGen,LibGen.bz,DOWN,,,connection_refused,
2026-09-02T13:50:43.049604+00:00,LibGen,LibGen.bz,UP,200,616,,
2026-09-02T13:51:43.777211+00:00,LibGen,LibGen.bz,UP,200,811,,
2026-09-02T13:53:03.062864+00:00,LibGen,LibGen.bz,TIMEOUT,,,timeout,
2026-09-02T13:53:43.809171+00:00,LibGen,LibGen.bz,UP,200,1151,,
2026-09-02T13:54:44.000901+00:00,LibGen,LibGen.bz,UP,200,926,,
2026-09-02T13:55:44.641946+00:00,LibGen,LibGen.bz,UP,200,749,,
2026-09-02T13:56:44.615508+00:00,LibGen,LibGen.bz,UP,200,600,,
2026-09-02T13:57:44.591086+00:00,LibGen,LibGen.bz,UP,200,273,,
2026-09-02T13:58:46.207439+00:00,LibGen,LibGen.bz,UP,200,815,,
2026-09-02T13:59:46.443556+00:00,LibGen,LibGen.bz,UP,200,803,,
2026-09-02T14:00:48.199141+00:00,LibGen,LibGen.bz,UP,200,854,,
2026-09-02T14:01:47.305393+00:00,LibGen,LibGen.bz,UP,200,851,,
2026-09-02T14:02:47.948693+00:00,LibGen,LibGen.bz,UP,200,877,,
2026-09-02T14:03:48.637573+00:00,LibGen,LibGen.bz,UP,200,821,,
2026-09-02T14:04:48.995607+00:00,LibGen,LibGen.bz,UP,200,919,,
2026-09-02T14:05:49.004858+00:00,LibGen,LibGen.bz,UP,200,836,,
2026-09-02T14:06:49.549164+00:00,LibGen,LibGen.bz,UP,200,1203,,
2026-09-02T14:07:49.648240+00:00,LibGen,LibGen.bz,UP,200,834,,
2026-09-02T14:08:49.978110+00:00,LibGen,LibGen.bz,UP,200,741,,
2026-09-02T14:09:51.913989+00:00,LibGen,LibGen.bz,UP,200,2541,,
2026-09-02T14:10:50.714830+00:00,LibGen,LibGen.bz,UP,200,936,,
2026-09-02T14:11:51.646249+00:00,LibGen,LibGen.bz,UP,200,841,,
2026-09-02T14:12:51.031028+00:00,LibGen,LibGen.bz,UP,200,245,,
2026-09-02T14:13:51.667857+00:00,LibGen,LibGen.bz,UP,200,772,,
2026-09-02T14:14:52.026162+00:00,LibGen,LibGen.bz,UP,200,979,,
2026-09-02T14:15:52.547507+00:00,LibGen,LibGen.bz,UP,200,979,,
2026-09-02T14:16:53.369390+00:00,LibGen,LibGen.bz,UP,200,815,,
2026-09-02T14:17:52.844427+00:00,LibGen,LibGen.bz,UP,200,705,,
2026-09-02T14:18:54.337926+00:00,LibGen,LibGen.bz,UP,200,1155,,
2026-09-02T14:19:54.773512+00:00,LibGen,LibGen.bz,UP,200,768,,
2026-09-02T14:20:54.639449+00:00,LibGen,LibGen.bz,UP,200,751,,
2026-09-02T14:21:55.039099+00:00,LibGen,LibGen.bz,UP,200,972,,
2026-09-02T14:22:54.873565+00:00,LibGen,LibGen.bz,UP,200,805,,
2026-09-02T14:23:55.208777+00:00,LibGen,LibGen.bz,UP,200,282,,
2026-09-02T14:24:55.764644+00:00,LibGen,LibGen.bz,UP,200,755,,
2026-09-02T14:25:56.700869+00:00,LibGen,LibGen.bz,UP,200,899,,
2026-09-02T14:26:57.430013+00:00,LibGen,LibGen.bz,UP,200,1141,,
2026-09-02T14:27:57.899341+00:00,LibGen,LibGen.bz,UP,200,836,,
2026-09-02T14:28:57.441813+00:00,LibGen,LibGen.bz,UP,200,840,,
2026-09-02T14:29:57.840133+00:00,LibGen,LibGen.bz,UP,200,887,,
2026-09-02T14:30:57.840441+00:00,LibGen,LibGen.bz,UP,200,805,,
2026-09-02T14:31:58.470458+00:00,LibGen,LibGen.bz,UP,200,853,,
2026-09-02T14:32:59.509911+00:00,LibGen,LibGen.bz,UP,200,872,,
2026-09-02T14:33:59.895944+00:00,LibGen,LibGen.bz,UP,200,860,,
2026-09-02T14:35:00.223019+00:00,LibGen,LibGen.bz,UP,200,850,,
2026-09-02T14:36:00.641003+00:00,LibGen,LibGen.bz,UP,200,1060,,
2026-09-02T14:37:00.967549+00:00,LibGen,LibGen.bz,UP,200,1138,,
2026-09-02T14:38:01.366427+00:00,LibGen,LibGen.bz,UP,200,1029,,
2026-09-02T14:39:03.701141+00:00,LibGen,LibGen.bz,UP,200,1874,,
2026-09-02T14:40:02.412984+00:00,LibGen,LibGen.bz,UP,200,1110,,
2026-09-02T14:41:03.207892+00:00,LibGen,LibGen.bz,UP,200,932,,
2026-09-02T14:42:03.898588+00:00,LibGen,LibGen.bz,UP,200,644,,
2026-09-02T14:43:04.046583+00:00,LibGen,LibGen.bz,UP,200,1051,,
2026-09-02T14:44:04.027064+00:00,LibGen,LibGen.bz,UP,200,1009,,
2026-09-02T14:45:05.898480+00:00,LibGen,LibGen.bz,UP,200,2186,,
2026-09-02T14:46:04.349513+00:00,LibGen,LibGen.bz,UP,200,973,,
2026-09-02T14:47:04.902692+00:00,LibGen,LibGen.bz,UP,200,896,,
2026-09-02T14:48:05.008723+00:00,LibGen,LibGen.bz,UP,200,769,,
2026-09-02T14:49:05.193733+00:00,LibGen,LibGen.bz,UP,200,827,,
2026-09-02T14:50:05.531016+00:00,LibGen,LibGen.bz,UP,200,913,,
2026-09-02T14:51:12.882039+00:00,LibGen,LibGen.bz,DEGRADED,200,6948,latency_high,
2026-09-02T14:52:06.499759+00:00,LibGen,LibGen.bz,UP,200,1075,,
2026-09-02T14:53:06.331789+00:00,LibGen,LibGen.bz,UP,200,782,,
2026-09-02T14:54:07.433240+00:00,LibGen,LibGen.bz,UP,200,727,,
2026-09-02T14:55:07.008654+00:00,LibGen,LibGen.bz,UP,200,1062,,
2026-09-02T14:56:07.836575+00:00,LibGen,LibGen.bz,UP,200,857,,
2026-09-02T14:57:08.255362+00:00,LibGen,LibGen.bz,UP,200,691,,
2026-09-02T14:58:07.834358+00:00,LibGen,LibGen.bz,UP,200,643,,
2026-09-02T14:59:08.132647+00:00,LibGen,LibGen.bz,UP,200,720,,
2026-09-02T15:00:12.349272+00:00,LibGen,LibGen.bz,DEGRADED,200,3732,latency_high,
2026-09-02T15:01:13.182849+00:00,LibGen,LibGen.bz,DEGRADED,200,4744,latency_high,
2026-09-02T15:02:10.566551+00:00,LibGen,LibGen.bz,UP,200,1993,,
2026-09-02T15:03:10.153860+00:00,LibGen,LibGen.bz,UP,200,1417,,
2026-09-02T15:04:11.351054+00:00,LibGen,LibGen.bz,UP,200,1366,,
2026-09-02T15:05:30.589902+00:00,LibGen,LibGen.bz,DOWN,,,connection_refused,
2026-09-02T15:06:10.749397+00:00,LibGen,LibGen.bz,UP,200,1165,,
2026-09-02T15:07:11.118820+00:00,LibGen,LibGen.bz,UP,200,904,,
2026-09-02T15:08:13.842138+00:00,LibGen,LibGen.bz,UP,200,749,,
2026-09-02T15:09:11.679332+00:00,LibGen,LibGen.bz,UP,200,237,,
2026-09-02T15:10:13.467195+00:00,LibGen,LibGen.bz,UP,200,980,,
2026-09-02T15:11:14.398866+00:00,LibGen,LibGen.bz,UP,200,639,,
2026-09-02T15:12:13.745418+00:00,LibGen,LibGen.bz,UP,200,867,,
2026-09-02T15:13:14.496121+00:00,LibGen,LibGen.bz,UP,200,726,,
2026-09-02T15:14:14.884398+00:00,LibGen,LibGen.bz,UP,200,691,,
2026-09-02T15:15:15.651131+00:00,LibGen,LibGen.bz,UP,200,868,,
2026-09-02T15:16:15.593127+00:00,LibGen,LibGen.bz,UP,200,699,,
2026-09-02T15:17:15.749454+00:00,LibGen,LibGen.bz,UP,200,721,,
2026-09-02T15:18:16.925557+00:00,LibGen,LibGen.bz,UP,200,758,,
2026-09-02T15:19:17.403956+00:00,LibGen,LibGen.bz,UP,200,758,,
2026-09-02T15:20:17.262150+00:00,LibGen,LibGen.bz,UP,200,957,,
2026-09-02T15:21:17.531043+00:00,LibGen,LibGen.bz,UP,200,775,,
2026-09-02T15:22:18.236320+00:00,LibGen,LibGen.bz,UP,200,1232,,
2026-09-02T15:23:20.924304+00:00,LibGen,LibGen.bz,DEGRADED,200,3848,latency_high,
2026-09-02T15:24:17.796161+00:00,LibGen,LibGen.bz,UP,200,606,,
2026-09-02T15:25:18.121353+00:00,LibGen,LibGen.bz,UP,200,717,,
2026-09-02T15:26:18.762627+00:00,LibGen,LibGen.bz,UP,200,858,,
2026-09-02T15:27:17.819539+00:00,LibGen,LibGen.bz,UP,200,244,,
2026-09-02T15:28:18.645826+00:00,LibGen,LibGen.bz,UP,200,655,,
2026-09-02T15:29:19.380026+00:00,LibGen,LibGen.bz,UP,200,657,,
2026-09-02T15:30:19.466230+00:00,LibGen,LibGen.bz,UP,200,829,,
2026-09-02T15:31:20.220205+00:00,LibGen,LibGen.bz,UP,200,1206,,
2026-09-02T15:32:20.147469+00:00,LibGen,LibGen.bz,UP,200,1040,,
2026-09-02T15:33:20.071133+00:00,LibGen,LibGen.bz,UP,200,663,,
2026-09-02T15:34:20.887757+00:00,LibGen,LibGen.bz,UP,200,754,,
2026-09-02T15:35:21.632232+00:00,LibGen,LibGen.bz,UP,200,938,,
2026-09-02T15:36:21.590044+00:00,LibGen,LibGen.bz,UP,200,888,,
2026-09-02T15:37:21.365630+00:00,LibGen,LibGen.bz,UP,200,256,,
2026-09-02T15:38:21.896232+00:00,LibGen,LibGen.bz,UP,200,921,,
2026-09-02T15:39:21.352648+00:00,LibGen,LibGen.bz,UP,200,233,,
2026-09-02T15:40:22.549153+00:00,LibGen,LibGen.bz,UP,200,1050,,
2026-09-02T15:41:23.096779+00:00,LibGen,LibGen.bz,UP,200,749,,
2026-09-02T15:42:43.833012+00:00,LibGen,LibGen.bz,DOWN,,,connection_refused,
2026-09-02T15:43:24.132502+00:00,LibGen,LibGen.bz,UP,200,866,,
2026-09-02T15:44:24.931322+00:00,LibGen,LibGen.bz,UP,200,948,,
2026-09-02T15:45:27.811887+00:00,LibGen,LibGen.bz,DEGRADED,200,3929,latency_high,
2026-09-02T15:46:26.212006+00:00,LibGen,LibGen.bz,UP,200,1135,,
2026-09-02T15:47:25.941531+00:00,LibGen,LibGen.bz,UP,200,274,,
2026-09-02T15:48:28.371219+00:00,LibGen,LibGen.bz,UP,200,2813,,
2026-09-02T15:49:26.863601+00:00,LibGen,LibGen.bz,UP,200,772,,
2026-09-02T15:50:27.188642+00:00,LibGen,LibGen.bz,UP,200,282,,
2026-09-02T15:51:27.605178+00:00,LibGen,LibGen.bz,UP,200,813,,
2026-09-02T15:52:28.556056+00:00,LibGen,LibGen.bz,UP,200,1764,,
2026-09-02T15:53:28.059971+00:00,LibGen,LibGen.bz,UP,200,840,,
2026-09-02T15:54:28.096196+00:00,LibGen,LibGen.bz,UP,200,822,,
2026-09-02T15:55:27.773637+00:00,LibGen,LibGen.bz,UP,200,740,,
2026-09-02T15:56:27.893377+00:00,LibGen,LibGen.bz,UP,200,807,,
2026-09-02T15:57:29.020639+00:00,LibGen,LibGen.bz,UP,200,1175,,
2026-09-02T15:58:28.632903+00:00,LibGen,LibGen.bz,UP,200,240,,
2026-09-02T15:59:28.599631+00:00,LibGen,LibGen.bz,UP,200,248,,
2026-09-02T16:00:29.520072+00:00,LibGen,LibGen.bz,UP,200,751,,
2026-09-02T16:01:30.482740+00:00,LibGen,LibGen.bz,UP,200,1173,,
2026-09-02T16:02:30.436593+00:00,LibGen,LibGen.bz,UP,200,983,,
2026-09-02T16:03:30.873614+00:00,LibGen,LibGen.bz,UP,200,1040,,
2026-09-02T16:04:31.654589+00:00,LibGen,LibGen.bz,UP,200,1073,,
2026-09-02T16:05:32.449758+00:00,LibGen,LibGen.bz,UP,200,719,,
2026-09-02T16:06:32.355333+00:00,LibGen,LibGen.bz,UP,200,797,,
2026-09-02T16:07:32.505873+00:00,LibGen,LibGen.bz,UP,200,713,,
2026-09-02T16:08:35.932911+00:00,LibGen,LibGen.bz,UP,200,750,,
2026-09-02T16:09:34.361725+00:00,LibGen,LibGen.bz,UP,200,662,,
2026-09-02T16:10:35.009031+00:00,LibGen,LibGen.bz,UP,200,1170,,
2026-09-02T16:11:34.171639+00:00,LibGen,LibGen.bz,UP,200,234,,
2026-09-02T16:12:36.727822+00:00,LibGen,LibGen.bz,UP,200,735,,
2026-09-02T16:13:36.576022+00:00,LibGen,LibGen.bz,UP,200,1753,,
2026-09-02T16:14:35.314971+00:00,LibGen,LibGen.bz,UP,200,707,,
2026-09-02T16:15:37.184529+00:00,LibGen,LibGen.bz,UP,200,1819,,
2026-09-02T16:16:36.159424+00:00,LibGen,LibGen.bz,UP,200,263,,
2026-09-02T16:17:37.213267+00:00,LibGen,LibGen.bz,UP,200,1549,,
2026-09-02T16:18:36.580401+00:00,LibGen,LibGen.bz,UP,200,776,,
2026-09-02T16:19:36.613415+00:00,LibGen,LibGen.bz,UP,200,706,,
2026-09-02T16:20:37.979506+00:00,LibGen,LibGen.bz,UP,200,1083,,
2026-09-02T16:21:37.113552+00:00,LibGen,LibGen.bz,UP,200,706,,
2026-09-02T16:22:38.627469+00:00,LibGen,LibGen.bz,UP,200,804,,
2026-09-02T16:23:38.604457+00:00,LibGen,LibGen.bz,UP,200,734,,
2026-09-02T16:24:38.335203+00:00,LibGen,LibGen.bz,UP,200,276,,
2026-09-02T16:25:38.676671+00:00,LibGen,LibGen.bz,UP,200,771,,
2026-09-02T16:26:39.307330+00:00,LibGen,LibGen.bz,UP,200,645,,
2026-09-02T16:27:59.669232+00:00,LibGen,LibGen.bz,DOWN,,,connection_refused,
2026-09-02T16:29:01.054168+00:00,LibGen,LibGen.bz,DOWN,,,connection_refused,
2026-09-02T16:29:41.548769+00:00,LibGen,LibGen.bz,UP,200,957,,
2026-09-02T16:30:44.056731+00:00,LibGen,LibGen.bz,DEGRADED,200,3963,latency_high,
2026-09-02T16:31:41.658214+00:00,LibGen,LibGen.bz,UP,200,1052,,
2026-09-02T16:32:42.034035+00:00,LibGen,LibGen.bz,UP,200,746,,
2026-09-02T16:33:42.704539+00:00,LibGen,LibGen.bz,UP,200,1113,,
2026-09-02T16:34:43.077629+00:00,LibGen,LibGen.bz,UP,200,779,,
2026-09-02T16:35:43.217029+00:00,LibGen,LibGen.bz,UP,200,785,,
2026-09-02T16:36:43.785554+00:00,LibGen,LibGen.bz,UP,200,938,,
2026-09-02T16:37:43.742604+00:00,LibGen,LibGen.bz,UP,200,679,,
2026-09-02T16:38:46.824836+00:00,LibGen,LibGen.bz,DEGRADED,200,3695,latency_high,
2026-09-02T16:39:54.412993+00:00,LibGen,LibGen.bz,UP,200,719,,
2026-09-02T16:40:44.802828+00:00,LibGen,LibGen.bz,UP,200,791,,
2026-09-02T16:41:44.098450+00:00,LibGen,LibGen.bz,UP,200,754,,
2026-09-02T16:42:44.145328+00:00,LibGen,LibGen.bz,UP,200,747,,
2026-09-02T16:43:44.398320+00:00,LibGen,LibGen.bz,UP,200,872,,
2026-09-02T16:44:44.320101+00:00,LibGen,LibGen.bz,UP,200,261,,
2026-09-02T16:45:45.394381+00:00,LibGen,LibGen.bz,UP,200,801,,
2026-09-02T16:46:46.078008+00:00,LibGen,LibGen.bz,UP,200,793,,
2026-09-02T16:47:45.816658+00:00,LibGen,LibGen.bz,UP,200,736,,
2026-09-02T16:48:45.505142+00:00,LibGen,LibGen.bz,UP,200,726,,
2026-09-02T16:49:46.886420+00:00,LibGen,LibGen.bz,UP,200,848,,
2026-09-02T16:50:45.680105+00:00,LibGen,LibGen.bz,UP,200,748,,
2026-09-02T16:51:47.074749+00:00,LibGen,LibGen.bz,UP,200,690,,
2026-09-02T16:52:47.541525+00:00,LibGen,LibGen.bz,UP,200,768,,
2026-09-02T16:53:47.832470+00:00,LibGen,LibGen.bz,UP,200,750,,
2026-09-02T16:55:07.431516+00:00,LibGen,LibGen.bz,DOWN,,,connection_refused,
2026-09-02T16:55:50.877590+00:00,LibGen,LibGen.bz,DEGRADED,200,3995,latency_high,
2026-09-02T16:56:48.689008+00:00,LibGen,LibGen.bz,UP,200,637,,
2026-09-02T16:57:48.023726+00:00,LibGen,LibGen.bz,UP,200,265,,
2026-09-02T16:58:48.212060+00:00,LibGen,LibGen.bz,UP,200,674,,
2026-09-02T16:59:48.836619+00:00,LibGen,LibGen.bz,UP,200,824,,
2026-09-02T17:00:49.020465+00:00,LibGen,LibGen.bz,UP,200,868,,
2026-09-02T17:01:49.022985+00:00,LibGen,LibGen.bz,UP,200,601,,
2026-09-02T17:02:49.512511+00:00,LibGen,LibGen.bz,UP,200,782,,
2026-09-02T17:03:49.993920+00:00,LibGen,LibGen.bz,UP,200,1043,,
2026-09-02T17:04:50.193111+00:00,LibGen,LibGen.bz,UP,200,816,,
2026-09-02T17:05:50.047676+00:00,LibGen,LibGen.bz,UP,200,729,,
2026-09-02T17:06:49.894273+00:00,LibGen,LibGen.bz,UP,200,852,,
2026-09-02T17:07:49.691308+00:00,LibGen,LibGen.bz,UP,200,618,,
2026-09-02T17:08:50.440204+00:00,LibGen,LibGen.bz,UP,200,746,,
2026-09-02T17:09:51.185785+00:00,LibGen,LibGen.bz,UP,200,1109,,
2026-09-02T17:10:52.064032+00:00,LibGen,LibGen.bz,UP,200,852,,
2026-09-02T17:11:51.278230+00:00,LibGen,LibGen.bz,UP,200,923,,
2026-09-02T17:12:51.564861+00:00,LibGen,LibGen.bz,UP,200,694,,
2026-09-02T17:13:51.628756+00:00,LibGen,LibGen.bz,UP,200,269,,
2026-09-02T17:14:52.770840+00:00,LibGen,LibGen.bz,UP,200,767,,
2026-09-02T17:15:52.473702+00:00,LibGen,LibGen.bz,UP,200,713,,
2026-09-02T17:16:52.863072+00:00,LibGen,LibGen.bz,UP,200,695,,
2026-09-02T17:17:53.881949+00:00,LibGen,LibGen.bz,UP,200,703,,
2026-09-02T17:18:54.148689+00:00,LibGen,LibGen.bz,UP,200,787,,
2026-09-02T17:19:53.750487+00:00,LibGen,LibGen.bz,UP,200,723,,
2026-09-02T17:20:54.782966+00:00,LibGen,LibGen.bz,UP,200,809,,
2026-09-02T17:21:55.370550+00:00,LibGen,LibGen.bz,UP,200,819,,
2026-09-02T17:22:55.366738+00:00,LibGen,LibGen.bz,UP,200,746,,
2026-09-02T17:23:56.132727+00:00,LibGen,LibGen.bz,UP,200,748,,
2026-09-02T17:24:59.525128+00:00,LibGen,LibGen.bz,DEGRADED,200,4036,latency_high,
2026-09-02T17:25:59.377857+00:00,LibGen,LibGen.bz,DEGRADED,200,3740,latency_high,
2026-09-02T17:26:56.517661+00:00,LibGen,LibGen.bz,UP,200,679,,
2026-09-02T17:27:56.619238+00:00,LibGen,LibGen.bz,UP,200,577,,
2026-09-02T17:28:57.442122+00:00,LibGen,LibGen.bz,UP,200,721,,
2026-09-02T17:29:57.279342+00:00,LibGen,LibGen.bz,UP,200,708,,
2026-09-02T17:30:57.220251+00:00,LibGen,LibGen.bz,UP,200,247,,
2026-09-02T17:31:58.015512+00:00,LibGen,LibGen.bz,UP,200,803,,
2026-09-02T17:32:58.540777+00:00,LibGen,LibGen.bz,UP,200,685,,
2026-09-02T17:33:58.700999+00:00,LibGen,LibGen.bz,UP,200,735,,
2026-09-02T17:34:58.660824+00:00,LibGen,LibGen.bz,UP,200,745,,
2026-09-02T17:35:59.459625+00:00,LibGen,LibGen.bz,UP,200,1077,,
2026-09-02T17:36:59.279791+00:00,LibGen,LibGen.bz,UP,200,713,,
2026-09-02T17:37:59.844201+00:00,LibGen,LibGen.bz,UP,200,737,,
2026-09-02T17:39:00.232499+00:00,LibGen,LibGen.bz,UP,200,611,,
2026-09-02T17:40:00.902398+00:00,LibGen,LibGen.bz,UP,200,1090,,
2026-09-02T17:41:22.109037+00:00,LibGen,LibGen.bz,DOWN,,,connection_refused,
2026-09-02T17:42:03.619209+00:00,LibGen,LibGen.bz,UP,200,902,,
2026-09-02T17:43:02.655536+00:00,LibGen,LibGen.bz,UP,200,1034,,
2026-09-02T17:44:03.368263+00:00,LibGen,LibGen.bz,UP,200,838,,
2026-09-02T17:45:03.195947+00:00,LibGen,LibGen.bz,UP,200,988,,
2026-09-02T17:46:04.196625+00:00,LibGen,LibGen.bz,UP,200,913,,
2026-09-02T17:47:04.504328+00:00,LibGen,LibGen.bz,UP,200,912,,
2026-09-02T17:48:04.640076+00:00,LibGen,LibGen.bz,UP,200,782,,
2026-09-02T17:49:04.529696+00:00,LibGen,LibGen.bz,UP,200,988,,
2026-09-02T17:50:24.893088+00:00,LibGen,LibGen.bz,DOWN,,,connection_refused,
2026-09-02T17:51:05.903253+00:00,LibGen,LibGen.bz,UP,200,891,,
2026-09-02T17:52:06.443037+00:00,LibGen,LibGen.bz,UP,200,1376,,
2026-09-02T17:53:06.902005+00:00,LibGen,LibGen.bz,UP,200,876,,
2026-09-02T17:54:06.875753+00:00,LibGen,LibGen.bz,UP,200,755,,
2026-09-02T17:55:27.642868+00:00,LibGen,LibGen.bz,DOWN,,,connection_refused,
2026-09-02T17:56:07.039035+00:00,LibGen,LibGen.bz,UP,200,753,,
2026-09-02T17:57:07.091976+00:00,LibGen,LibGen.bz,UP,200,777,,
2026-09-02T17:58:07.513656+00:00,LibGen,LibGen.bz,UP,200,673,,
2026-09-02T17:59:07.593768+00:00,LibGen,LibGen.bz,UP,200,715,,
2026-09-02T18:00:09.237824+00:00,LibGen,LibGen.bz,UP,200,1346,,
2026-09-02T18:01:09.559908+00:00,LibGen,LibGen.bz,UP,200,1057,,
2026-09-02T18:02:10.510554+00:00,LibGen,LibGen.bz,UP,200,931,,
2026-09-02T18:03:11.545145+00:00,LibGen,LibGen.bz,UP,200,1000,,
2026-09-02T18:04:11.233337+00:00,LibGen,LibGen.bz,UP,200,860,,
2026-09-02T18:05:12.853644+00:00,LibGen,LibGen.bz,UP,200,946,,
2026-09-02T18:06:12.729388+00:00,LibGen,LibGen.bz,UP,200,831,,
2026-09-02T18:07:13.216098+00:00,LibGen,LibGen.bz,UP,200,839,,
2026-09-02T18:08:14.219323+00:00,LibGen,LibGen.bz,UP,200,774,,
2026-09-02T18:09:16.873364+00:00,LibGen,LibGen.bz,DEGRADED,200,3312,latency_high,
2026-09-02T18:10:15.121503+00:00,LibGen,LibGen.bz,UP,200,899,,
2026-09-02T18:11:15.350483+00:00,LibGen,LibGen.bz,UP,200,830,,
2026-09-02T18:12:16.130461+00:00,LibGen,LibGen.bz,UP,200,749,,
2026-09-02T18:13:16.628249+00:00,LibGen,LibGen.bz,UP,200,770,,
2026-09-02T18:14:15.809015+00:00,LibGen,LibGen.bz,UP,200,280,,
2026-09-02T18:15:17.049270+00:00,LibGen,LibGen.bz,UP,200,859,,
2026-09-02T18:16:17.541522+00:00,LibGen,LibGen.bz,UP,200,261,,
2026-09-02T18:17:18.073630+00:00,LibGen,LibGen.bz,UP,200,722,,
2026-09-02T18:18:17.677953+00:00,LibGen,LibGen.bz,UP,200,622,,
2026-09-02T18:19:18.168888+00:00,LibGen,LibGen.bz,UP,200,719,,
2026-09-02T18:20:18.946347+00:00,LibGen,LibGen.bz,UP,200,977,,
2026-09-02T18:21:19.344116+00:00,LibGen,LibGen.bz,UP,200,749,,
2026-09-02T18:22:19.437707+00:00,LibGen,LibGen.bz,UP,200,633,,
2026-09-02T18:23:20.347561+00:00,LibGen,LibGen.bz,UP,200,811,,
2026-09-02T18:24:41.096557+00:00,LibGen,LibGen.bz,DOWN,,,connection_refused,
2026-09-02T18:25:21.808335+00:00,LibGen,LibGen.bz,UP,200,720,,
2026-09-02T18:26:21.274806+00:00,LibGen,LibGen.bz,UP,200,773,,
2026-09-02T18:27:25.338883+00:00,LibGen,LibGen.bz,DEGRADED,200,3904,latency_high,
2026-09-02T18:28:22.382593+00:00,LibGen,LibGen.bz,UP,200,840,,
2026-09-02T18:29:22.790510+00:00,LibGen,LibGen.bz,UP,200,966,,
2026-09-02T18:30:23.783763+00:00,LibGen,LibGen.bz,UP,200,960,,
2026-09-02T18:31:23.557623+00:00,LibGen,LibGen.bz,UP,200,231,,
2026-09-02T18:32:24.474908+00:00,LibGen,LibGen.bz,UP,200,917,,
2026-09-02T18:33:25.074083+00:00,LibGen,LibGen.bz,UP,200,764,,
2026-09-02T18:34:25.080531+00:00,LibGen,LibGen.bz,UP,200,820,,
2026-09-02T18:35:25.678586+00:00,LibGen,LibGen.bz,UP,200,674,,
2026-09-02T18:36:26.536134+00:00,LibGen,LibGen.bz,UP,200,719,,
2026-09-02T18:37:26.195888+00:00,LibGen,LibGen.bz,UP,200,949,,
2026-09-02T18:38:26.948578+00:00,LibGen,LibGen.bz,UP,200,1058,,
2026-09-02T18:39:26.837120+00:00,LibGen,LibGen.bz,UP,200,798,,
2026-09-02T18:40:27.759535+00:00,LibGen,LibGen.bz,UP,200,776,,
2026-09-02T18:41:28.296802+00:00,LibGen,LibGen.bz,UP,200,841,,
2026-09-02T18:42:28.415654+00:00,LibGen,LibGen.bz,UP,200,674,,
2026-09-02T18:43:28.836959+00:00,LibGen,LibGen.bz,UP,200,628,,
2026-09-02T18:44:29.339905+00:00,LibGen,LibGen.bz,UP,200,861,,
2026-09-02T18:45:29.090880+00:00,LibGen,LibGen.bz,UP,200,835,,
2026-09-02T18:46:29.194773+00:00,LibGen,LibGen.bz,UP,200,867,,
2026-09-02T18:47:29.157174+00:00,LibGen,LibGen.bz,UP,200,731,,
2026-09-02T18:48:29.913000+00:00,LibGen,LibGen.bz,UP,200,805,,
2026-09-02T18:49:29.815939+00:00,LibGen,LibGen.bz,UP,200,848,,
2026-09-02T18:50:30.677651+00:00,LibGen,LibGen.bz,UP,200,881,,
2026-09-02T18:51:30.262382+00:00,LibGen,LibGen.bz,UP,200,732,,
2026-09-02T18:52:30.414820+00:00,LibGen,LibGen.bz,UP,200,788,,
2026-09-02T18:53:30.900965+00:00,LibGen,LibGen.bz,UP,200,893,,
2026-09-02T18:54:31.440719+00:00,LibGen,LibGen.bz,UP,200,1118,,
2026-09-02T18:55:32.492134+00:00,LibGen,LibGen.bz,UP,200,953,,
2026-09-02T18:56:52.536560+00:00,LibGen,LibGen.bz,DOWN,,,connection_refused,
2026-09-02T18:57:33.755991+00:00,LibGen,LibGen.bz,UP,200,1362,,
2026-09-02T18:58:33.296746+00:00,LibGen,LibGen.bz,UP,200,717,,
2026-09-02T18:59:34.284888+00:00,LibGen,LibGen.bz,UP,200,732,,
2026-09-02T19:00:35.010487+00:00,LibGen,LibGen.bz,UP,200,899,,
2026-09-02T19:01:35.791120+00:00,LibGen,LibGen.bz,UP,200,1144,,
2026-09-02T19:02:36.552430+00:00,LibGen,LibGen.bz,UP,200,1822,,
2026-09-02T19:03:35.352404+00:00,LibGen,LibGen.bz,UP,200,715,,
2026-09-02T19:04:36.032112+00:00,LibGen,LibGen.bz,UP,200,838,,
2026-09-02T19:05:37.729753+00:00,LibGen,LibGen.bz,UP,200,812,,
2026-09-02T19:06:36.912905+00:00,LibGen,LibGen.bz,UP,200,720,,
2026-09-02T19:07:37.300484+00:00,LibGen,LibGen.bz,UP,200,694,,
2026-09-02T19:08:37.523317+00:00,LibGen,LibGen.bz,UP,200,736,,
2026-09-02T19:09:38.807164+00:00,LibGen,LibGen.bz,UP,200,741,,
2026-09-02T19:10:38.612337+00:00,LibGen,LibGen.bz,UP,200,851,,
2026-09-02T19:11:39.009459+00:00,LibGen,LibGen.bz,UP,200,772,,
2026-09-02T19:12:39.477020+00:00,LibGen,LibGen.bz,UP,200,702,,
2026-09-02T19:13:39.478299+00:00,LibGen,LibGen.bz,UP,200,786,,
2026-09-02T19:14:39.528192+00:00,LibGen,LibGen.bz,UP,200,697,,
2026-09-02T19:15:40.210895+00:00,LibGen,LibGen.bz,UP,200,757,,
2026-09-02T19:16:40.305940+00:00,LibGen,LibGen.bz,UP,200,808,,
2026-09-02T19:18:00.818755+00:00,LibGen,LibGen.bz,DOWN,,,connection_refused,
2026-09-02T19:18:40.849804+00:00,LibGen,LibGen.bz,UP,200,1019,,
2026-09-02T19:19:40.420095+00:00,LibGen,LibGen.bz,UP,200,667,,
2026-09-02T19:20:40.876137+00:00,LibGen,LibGen.bz,UP,200,616,,
2026-09-02T19:21:41.200143+00:00,LibGen,LibGen.bz,UP,200,647,,
2026-09-02T19:22:42.710564+00:00,LibGen,LibGen.bz,UP,200,1204,,
2026-09-02T19:23:41.591382+00:00,LibGen,LibGen.bz,UP,200,830,,
2026-09-02T19:24:42.552522+00:00,LibGen,LibGen.bz,UP,200,928,,
2026-09-02T19:25:44.873741+00:00,LibGen,LibGen.bz,UP,200,2796,,
2026-09-02T19:26:45.811522+00:00,LibGen,LibGen.bz,UP,200,243,,
2026-09-02T19:27:42.964164+00:00,LibGen,LibGen.bz,UP,200,593,,
2026-09-02T19:28:43.776627+00:00,LibGen,LibGen.bz,UP,200,832,,
2026-09-02T19:29:47.464664+00:00,LibGen,LibGen.bz,DEGRADED,200,3747,latency_high,
2026-09-02T19:30:44.727986+00:00,LibGen,LibGen.bz,UP,200,788,,
2026-09-02T19:31:44.578593+00:00,LibGen,LibGen.bz,UP,200,742,,
2026-09-02T19:32:45.101081+00:00,LibGen,LibGen.bz,UP,200,684,,
2026-09-02T19:33:45.212486+00:00,LibGen,LibGen.bz,UP,200,722,,
2026-09-02T19:34:45.293636+00:00,LibGen,LibGen.bz,UP,200,409,,
2026-09-02T19:35:46.918052+00:00,LibGen,LibGen.bz,UP,200,684,,
2026-09-02T19:36:46.236947+00:00,LibGen,LibGen.bz,UP,200,768,,
2026-09-02T19:37:46.974231+00:00,LibGen,LibGen.bz,UP,200,700,,
2026-09-02T19:38:47.673778+00:00,LibGen,LibGen.bz,UP,200,769,,
2026-09-02T19:39:47.667605+00:00,LibGen,LibGen.bz,UP,200,851,,
2026-09-02T19:41:09.226871+00:00,LibGen,LibGen.bz,DOWN,,,connection_refused,
2026-09-02T19:41:50.751742+00:00,LibGen,LibGen.bz,UP,200,1113,,
2026-09-02T19:42:49.694508+00:00,LibGen,LibGen.bz,UP,200,721,,
2026-09-02T19:43:50.072821+00:00,LibGen,LibGen.bz,UP,200,1649,,
2026-09-02T19:44:49.070094+00:00,LibGen,LibGen.bz,UP,200,253,,
2026-09-02T19:45:50.141593+00:00,LibGen,LibGen.bz,UP,200,881,,
2026-09-02T19:47:09.587889+00:00,LibGen,LibGen.bz,DOWN,,,connection_refused,
2026-09-02T19:47:50.722970+00:00,LibGen,LibGen.bz,UP,200,793,,
2026-09-02T19:48:52.907318+00:00,LibGen,LibGen.bz,UP,200,2959,,
2026-09-02T19:49:51.432255+00:00,LibGen,LibGen.bz,UP,200,629,,
2026-09-02T19:50:54.481058+00:00,LibGen,LibGen.bz,DEGRADED,200,3749,latency_high,
2026-09-02T19:51:51.835643+00:00,LibGen,LibGen.bz,UP,200,910,,
2026-09-02T19:52:52.223423+00:00,LibGen,LibGen.bz,UP,200,697,,
2026-09-02T19:53:53.372557+00:00,LibGen,LibGen.bz,UP,200,720,,
2026-09-02T19:54:52.548588+00:00,LibGen,LibGen.bz,UP,200,761,,
2026-09-02T19:55:53.016906+00:00,LibGen,LibGen.bz,UP,200,790,,
2026-09-02T19:56:53.770868+00:00,LibGen,LibGen.bz,UP,200,956,,
2026-09-02T19:57:54.476577+00:00,LibGen,LibGen.bz,UP,200,741,,
2026-09-02T19:58:57.310138+00:00,LibGen,LibGen.bz,UP,200,2934,,
2026-09-02T19:59:54.482512+00:00,LibGen,LibGen.bz,UP,200,708,,
2026-09-02T20:00:55.518648+00:00,LibGen,LibGen.bz,UP,200,1188,,
2026-09-02T20:01:55.607890+00:00,LibGen,LibGen.bz,UP,200,774,,
2026-09-02T20:02:56.527701+00:00,LibGen,LibGen.bz,UP,200,784,,
2026-09-02T20:03:57.311054+00:00,LibGen,LibGen.bz,UP,200,864,,
2026-09-02T20:05:17.856401+00:00,LibGen,LibGen.bz,DOWN,,,connection_refused,
2026-09-02T20:05:58.479669+00:00,LibGen,LibGen.bz,UP,200,949,,
2026-09-02T20:06:59.333532+00:00,LibGen,LibGen.bz,UP,200,805,,
2026-09-02T20:08:00.057684+00:00,LibGen,LibGen.bz,UP,200,626,,
2026-09-02T20:08:59.548292+00:00,LibGen,LibGen.bz,UP,200,826,,
2026-09-02T20:10:00.252594+00:00,LibGen,LibGen.bz,UP,200,932,,
2026-09-02T20:11:01.317625+00:00,LibGen,LibGen.bz,UP,200,982,,
2026-09-02T20:12:01.850106+00:00,LibGen,LibGen.bz,UP,200,1064,,
2026-09-02T20:13:01.344634+00:00,LibGen,LibGen.bz,UP,200,802,,
2026-09-02T20:14:01.668769+00:00,LibGen,LibGen.bz,UP,200,726,,
2026-09-02T20:15:02.781828+00:00,LibGen,LibGen.bz,UP,200,1493,,
2026-09-02T20:16:02.901004+00:00,LibGen,LibGen.bz,UP,200,948,,
2026-09-02T20:17:04.218244+00:00,LibGen,LibGen.bz,UP,200,947,,
2026-09-02T20:18:04.292554+00:00,LibGen,LibGen.bz,UP,200,810,,
2026-09-02T20:19:05.416491+00:00,LibGen,LibGen.bz,UP,200,1124,,
2026-09-02T20:20:05.668645+00:00,LibGen,LibGen.bz,UP,200,1284,,
2026-09-02T20:21:05.370097+00:00,LibGen,LibGen.bz,UP,200,802,,
2026-09-02T20:22:06.873538+00:00,LibGen,LibGen.bz,UP,200,787,,
2026-09-02T20:23:06.157834+00:00,LibGen,LibGen.bz,UP,200,862,,
2026-09-02T20:24:06.519924+00:00,LibGen,LibGen.bz,UP,200,712,,
2026-09-02T20:25:06.741871+00:00,LibGen,LibGen.bz,UP,200,236,,
2026-09-02T20:26:07.757573+00:00,LibGen,LibGen.bz,UP,200,860,,
2026-09-02T20:27:07.909965+00:00,LibGen,LibGen.bz,UP,200,774,,
2026-09-02T20:28:09.154824+00:00,LibGen,LibGen.bz,UP,200,1411,,
2026-09-02T20:29:08.563899+00:00,LibGen,LibGen.bz,UP,200,265,,
2026-09-02T20:30:09.162370+00:00,LibGen,LibGen.bz,UP,200,1183,,
2026-09-02T20:31:09.999876+00:00,LibGen,LibGen.bz,UP,200,1192,,
2026-09-02T20:32:09.520196+00:00,LibGen,LibGen.bz,UP,200,704,,
2026-09-02T20:33:09.316613+00:00,LibGen,LibGen.bz,UP,200,260,,
2026-09-02T20:34:10.954954+00:00,LibGen,LibGen.bz,UP,200,774,,
2026-09-02T20:35:13.594100+00:00,LibGen,LibGen.bz,UP,200,2212,,
2026-09-02T20:36:12.431870+00:00,LibGen,LibGen.bz,UP,200,771,,
2026-09-02T20:37:12.801658+00:00,LibGen,LibGen.bz,UP,200,681,,
2026-09-02T20:38:12.521142+00:00,LibGen,LibGen.bz,UP,200,252,,
2026-09-02T20:39:13.073533+00:00,LibGen,LibGen.bz,UP,200,725,,
2026-09-02T20:40:13.293239+00:00,LibGen,LibGen.bz,UP,200,816,,
2026-09-02T20:41:14.426247+00:00,LibGen,LibGen.bz,UP,200,780,,
2026-09-02T20:42:14.511270+00:00,LibGen,LibGen.bz,UP,200,866,,
2026-09-02T20:43:14.606450+00:00,LibGen,LibGen.bz,UP,200,768,,
2026-09-02T20:44:15.399376+00:00,LibGen,LibGen.bz,UP,200,733,,
2026-09-02T20:45:15.452521+00:00,LibGen,LibGen.bz,UP,200,734,,
2026-09-02T20:46:15.344156+00:00,LibGen,LibGen.bz,UP,200,783,,
2026-09-02T20:47:15.853532+00:00,LibGen,LibGen.bz,UP,200,825,,
2026-09-02T20:48:16.253842+00:00,LibGen,LibGen.bz,UP,200,605,,
2026-09-02T20:49:16.543724+00:00,LibGen,LibGen.bz,UP,200,622,,
2026-09-02T20:50:18.047547+00:00,LibGen,LibGen.bz,UP,200,790,,
2026-09-02T20:51:17.435899+00:00,LibGen,LibGen.bz,UP,200,715,,
2026-09-02T20:52:17.534488+00:00,LibGen,LibGen.bz,UP,200,700,,
2026-09-02T20:53:18.590678+00:00,LibGen,LibGen.bz,UP,200,1074,,
2026-09-02T20:54:18.531220+00:00,LibGen,LibGen.bz,UP,200,694,,
2026-09-02T20:55:18.614979+00:00,LibGen,LibGen.bz,UP,200,751,,
2026-09-02T20:56:18.693670+00:00,LibGen,LibGen.bz,UP,200,230,,
2026-09-02T20:57:18.600727+00:00,LibGen,LibGen.bz,DOWN,,,connection_refused,
2026-09-02T20:58:22.613927+00:00,LibGen,LibGen.bz,UP,200,1616,,
2026-09-02T20:59:21.286445+00:00,LibGen,LibGen.bz,UP,200,1568,,
2026-09-02T21:00:22.058685+00:00,LibGen,LibGen.bz,UP,200,1032,,
2026-09-02T21:01:22.423589+00:00,LibGen,LibGen.bz,UP,200,816,,
2026-09-02T21:02:22.956215+00:00,LibGen,LibGen.bz,UP,200,1030,,
2026-09-02T21:03:22.236154+00:00,LibGen,LibGen.bz,UP,200,241,,
2026-09-02T21:04:22.737685+00:00,LibGen,LibGen.bz,UP,200,651,,
2026-09-02T21:05:43.552604+00:00,LibGen,LibGen.bz,DOWN,,,connection_refused,
2026-09-02T21:06:23.899360+00:00,LibGen,LibGen.bz,UP,200,677,,
2026-09-02T21:07:24.022509+00:00,LibGen,LibGen.bz,UP,200,649,,
2026-09-02T21:08:45.144233+00:00,LibGen,LibGen.bz,DOWN,,,connection_refused,
2026-09-02T21:09:24.365324+00:00,LibGen,LibGen.bz,UP,200,761,,
2026-09-02T21:10:27.900483+00:00,LibGen,LibGen.bz,DEGRADED,200,3716,latency_high,
2026-09-02T21:11:25.703597+00:00,LibGen,LibGen.bz,UP,200,808,,
2026-09-02T21:12:45.816725+00:00,LibGen,LibGen.bz,DOWN,,,connection_refused,
2026-09-02T21:13:25.943054+00:00,LibGen,LibGen.bz,UP,200,785,,
2026-09-02T21:14:27.225493+00:00,LibGen,LibGen.bz,UP,200,706,,
2026-09-02T21:15:26.996631+00:00,LibGen,LibGen.bz,UP,200,986,,
2026-09-02T21:16:27.241228+00:00,LibGen,LibGen.bz,UP,200,749,,
2026-09-02T21:17:28.054501+00:00,LibGen,LibGen.bz,UP,200,975,,
2026-09-02T21:18:28.259696+00:00,LibGen,LibGen.bz,UP,200,694,,
2026-09-02T21:19:29.475564+00:00,LibGen,LibGen.bz,UP,200,629,,
2026-09-02T21:20:28.524780+00:00,LibGen,LibGen.bz,UP,200,564,,
2026-09-02T21:21:29.041438+00:00,LibGen,LibGen.bz,UP,200,538,,
2026-09-02T21:22:29.600954+00:00,LibGen,LibGen.bz,UP,200,680,,
2026-09-02T21:23:30.187790+00:00,LibGen,LibGen.bz,UP,200,792,,
2026-09-02T21:24:31.355025+00:00,LibGen,LibGen.bz,UP,200,901,,
2026-09-02T21:25:31.216639+00:00,LibGen,LibGen.bz,UP,200,656,,
2026-09-02T21:26:31.365748+00:00,LibGen,LibGen.bz,UP,200,699,,
2026-09-02T21:27:31.869717+00:00,LibGen,LibGen.bz,UP,200,649,,
2026-09-02T21:28:32.045302+00:00,LibGen,LibGen.bz,UP,200,725,,
2026-09-02T21:29:32.645171+00:00,LibGen,LibGen.bz,UP,200,978,,
2026-09-02T21:30:32.666336+00:00,LibGen,LibGen.bz,UP,200,736,,
2026-09-02T21:31:33.483166+00:00,LibGen,LibGen.bz,UP,200,806,,
2026-09-02T21:32:33.923663+00:00,LibGen,LibGen.bz,UP,200,690,,
2026-09-02T21:33:33.656675+00:00,LibGen,LibGen.bz,UP,200,752,,
2026-09-02T21:34:34.855741+00:00,LibGen,LibGen.bz,UP,200,867,,
2026-09-02T21:35:37.516464+00:00,LibGen,LibGen.bz,UP,200,2541,,
2026-09-02T21:36:34.183077+00:00,LibGen,LibGen.bz,UP,200,254,,
2026-09-02T21:37:34.788543+00:00,LibGen,LibGen.bz,UP,200,267,,
2026-09-02T21:38:34.605519+00:00,LibGen,LibGen.bz,UP,200,250,,
2026-09-02T21:39:35.798399+00:00,LibGen,LibGen.bz,UP,200,601,,
2026-09-02T21:40:36.382785+00:00,LibGen,LibGen.bz,UP,200,636,,
2026-09-02T21:41:37.031541+00:00,LibGen,LibGen.bz,UP,200,646,,
2026-09-02T21:42:37.478128+00:00,LibGen,LibGen.bz,UP,200,710,,
2026-09-02T21:43:37.558156+00:00,LibGen,LibGen.bz,UP,200,747,,
2026-09-02T21:44:37.940898+00:00,LibGen,LibGen.bz,UP,200,226,,
2026-09-02T21:45:38.989994+00:00,LibGen,LibGen.bz,UP,200,755,,
2026-09-02T21:46:38.603607+00:00,LibGen,LibGen.bz,UP,200,224,,
2026-09-02T21:47:39.298463+00:00,LibGen,LibGen.bz,UP,200,806,,
2026-09-02T21:48:40.038224+00:00,LibGen,LibGen.bz,UP,200,686,,
2026-09-02T21:49:39.839149+00:00,LibGen,LibGen.bz,UP,200,671,,
2026-09-02T21:50:43.897732+00:00,LibGen,LibGen.bz,DEGRADED,200,3671,latency_high,
2026-09-02T21:51:40.612512+00:00,LibGen,LibGen.bz,UP,200,682,,
2026-09-02T21:52:40.374073+00:00,LibGen,LibGen.bz,UP,200,813,,
2026-09-02T21:53:41.199540+00:00,LibGen,LibGen.bz,UP,200,781,,
2026-09-02T21:54:42.020314+00:00,LibGen,LibGen.bz,UP,200,1649,,
2026-09-02T21:55:41.085463+00:00,LibGen,LibGen.bz,UP,200,764,,
2026-09-02T21:56:41.477568+00:00,LibGen,LibGen.bz,UP,200,577,,
2026-09-02T21:57:42.186680+00:00,LibGen,LibGen.bz,UP,200,1073,,
2026-09-02T21:58:43.151536+00:00,LibGen,LibGen.bz,UP,200,769,,
2026-09-02T21:59:43.737314+00:00,LibGen,LibGen.bz,UP,200,750,,
2026-09-02T22:00:44.268773+00:00,LibGen,LibGen.bz,UP,200,895,,
2026-09-02T22:01:44.298534+00:00,LibGen,LibGen.bz,UP,200,752,,
2026-09-02T22:02:44.224504+00:00,LibGen,LibGen.bz,UP,200,618,,
2026-09-02T22:03:45.254518+00:00,LibGen,LibGen.bz,UP,200,665,,
2026-09-02T22:04:45.482081+00:00,LibGen,LibGen.bz,UP,200,1033,,
2026-09-02T22:05:46.394166+00:00,LibGen,LibGen.bz,UP,200,1039,,
2026-09-02T22:06:45.752944+00:00,LibGen,LibGen.bz,UP,200,626,,
2026-09-02T22:08:05.384554+00:00,LibGen,LibGen.bz,TIMEOUT,,,timeout,
2026-09-02T22:08:45.970740+00:00,LibGen,LibGen.bz,UP,200,733,,
2026-09-02T22:09:47.633200+00:00,LibGen,LibGen.bz,UP,200,707,,
2026-09-02T22:10:47.813331+00:00,LibGen,LibGen.bz,UP,200,1296,,
2026-09-02T22:11:49.794360+00:00,LibGen,LibGen.bz,DEGRADED,200,3064,latency_high,
2026-09-02T22:12:47.411105+00:00,LibGen,LibGen.bz,UP,200,713,,
2026-09-02T22:13:49.648059+00:00,LibGen,LibGen.bz,UP,200,2913,,
2026-09-02T22:14:47.280800+00:00,LibGen,LibGen.bz,UP,200,634,,
2026-09-02T22:15:48.795174+00:00,LibGen,LibGen.bz,UP,200,659,,
2026-09-02T22:16:47.927983+00:00,LibGen,LibGen.bz,UP,200,242,,
2026-09-02T22:17:48.055200+00:00,LibGen,LibGen.bz,UP,200,761,,
2026-09-02T22:18:48.000955+00:00,LibGen,LibGen.bz,UP,200,656,,
2026-09-02T22:19:49.816750+00:00,LibGen,LibGen.bz,UP,200,714,,
2026-09-02T22:20:50.102184+00:00,LibGen,LibGen.bz,UP,200,766,,
2026-09-02T22:21:50.321809+00:00,LibGen,LibGen.bz,UP,200,735,,
2026-09-02T22:22:51.404449+00:00,LibGen,LibGen.bz,UP,200,692,,
2026-09-02T22:23:50.569250+00:00,LibGen,LibGen.bz,UP,200,749,,
2026-09-02T22:24:51.406031+00:00,LibGen,LibGen.bz,UP,200,687,,
2026-09-02T22:25:54.036461+00:00,LibGen,LibGen.bz,UP,200,917,,
2026-09-02T22:26:51.839210+00:00,LibGen,LibGen.bz,UP,200,853,,
2026-09-02T22:27:52.206017+00:00,LibGen,LibGen.bz,UP,200,262,,
2026-09-02T22:28:52.629532+00:00,LibGen,LibGen.bz,UP,200,695,,
2026-09-02T22:29:52.490774+00:00,LibGen,LibGen.bz,UP,200,528,,
2026-09-02T22:30:53.301783+00:00,LibGen,LibGen.bz,UP,200,1214,,
2026-09-02T22:31:52.798883+00:00,LibGen,LibGen.bz,UP,200,674,,
2026-09-02T22:32:53.237518+00:00,LibGen,LibGen.bz,UP,200,635,,
2026-09-02T22:33:52.969808+00:00,LibGen,LibGen.bz,UP,200,689,,
2026-09-02T22:34:53.434008+00:00,LibGen,LibGen.bz,UP,200,709,,
2026-09-02T22:35:53.656932+00:00,LibGen,LibGen.bz,UP,200,761,,
2026-09-02T22:36:54.782734+00:00,LibGen,LibGen.bz,UP,200,706,,
2026-09-02T22:37:54.944714+00:00,LibGen,LibGen.bz,UP,200,241,,
2026-09-02T22:38:54.872250+00:00,LibGen,LibGen.bz,UP,200,241,,
2026-09-02T22:39:55.876268+00:00,LibGen,LibGen.bz,UP,200,822,,
2026-09-02T22:40:56.261588+00:00,LibGen,LibGen.bz,UP,200,617,,
2026-09-02T22:41:56.506183+00:00,LibGen,LibGen.bz,UP,200,977,,
2026-09-02T22:42:56.635455+00:00,LibGen,LibGen.bz,UP,200,714,,
2026-09-02T22:43:56.902937+00:00,LibGen,LibGen.bz,UP,200,260,,
2026-09-02T22:44:56.835200+00:00,LibGen,LibGen.bz,UP,200,721,,
2026-09-02T22:45:57.282742+00:00,LibGen,LibGen.bz,UP,200,741,,
2026-09-02T22:46:57.408743+00:00,LibGen,LibGen.bz,UP,200,694,,
2026-09-02T22:47:59.087770+00:00,LibGen,LibGen.bz,UP,200,619,,
2026-09-02T22:48:58.254387+00:00,LibGen,LibGen.bz,UP,200,639,,
2026-09-02T22:49:58.438178+00:00,LibGen,LibGen.bz,UP,200,592,,
2026-09-02T22:50:59.699216+00:00,LibGen,LibGen.bz,UP,200,728,,
2026-09-02T22:52:00.112000+00:00,LibGen,LibGen.bz,UP,200,603,,
2026-09-02T22:53:00.281608+00:00,LibGen,LibGen.bz,UP,200,870,,
2026-09-02T22:54:00.861564+00:00,LibGen,LibGen.bz,UP,200,1167,,
2026-09-02T22:55:04.191387+00:00,LibGen,LibGen.bz,DEGRADED,200,4017,latency_high,
2026-09-02T22:56:01.793497+00:00,LibGen,LibGen.bz,UP,200,848,,
2026-09-02T22:57:01.344657+00:00,LibGen,LibGen.bz,UP,200,264,,
2026-09-02T22:58:02.621238+00:00,LibGen,LibGen.bz,UP,200,1010,,
2026-09-02T22:59:02.502581+00:00,LibGen,LibGen.bz,UP,200,255,,
2026-09-02T23:00:04.216819+00:00,LibGen,LibGen.bz,UP,200,1043,,
2026-09-02T23:01:04.234443+00:00,LibGen,LibGen.bz,UP,200,774,,
2026-09-02T23:02:04.498493+00:00,LibGen,LibGen.bz,UP,200,732,,
2026-09-02T23:03:04.570210+00:00,LibGen,LibGen.bz,UP,200,248,,
2026-09-02T23:04:04.398692+00:00,LibGen,LibGen.bz,DOWN,,,connection_refused,
2026-09-02T23:05:05.865510+00:00,LibGen,LibGen.bz,UP,200,768,,
2026-09-02T23:06:06.160948+00:00,LibGen,LibGen.bz,UP,200,843,,
2026-09-02T23:07:06.499381+00:00,LibGen,LibGen.bz,UP,200,230,,
2026-09-02T23:08:06.641774+00:00,LibGen,LibGen.bz,UP,200,623,,
2026-09-02T23:09:07.341892+00:00,LibGen,LibGen.bz,UP,200,689,,
2026-09-02T23:10:07.063063+00:00,LibGen,LibGen.bz,UP,200,783,,
2026-09-02T23:11:07.996673+00:00,LibGen,LibGen.bz,UP,200,756,,
2026-09-02T23:12:08.382744+00:00,LibGen,LibGen.bz,UP,200,716,,
2026-09-02T23:13:09.513053+00:00,LibGen,LibGen.bz,UP,200,1242,,
2026-09-02T23:14:09.543051+00:00,LibGen,LibGen.bz,UP,200,1138,,
2026-09-02T23:15:09.310918+00:00,LibGen,LibGen.bz,UP,200,691,,
2026-09-02T23:16:10.490853+00:00,LibGen,LibGen.bz,UP,200,1136,,
2026-09-02T23:17:10.573558+00:00,LibGen,LibGen.bz,UP,200,760,,
2026-09-02T23:18:11.369940+00:00,LibGen,LibGen.bz,UP,200,1128,,
2026-09-02T23:19:13.785399+00:00,LibGen,LibGen.bz,UP,200,1087,,
2026-09-02T23:20:11.816330+00:00,LibGen,LibGen.bz,UP,200,614,,
2026-09-02T23:21:13.216429+00:00,LibGen,LibGen.bz,UP,200,866,,
2026-09-02T23:22:12.725791+00:00,LibGen,LibGen.bz,UP,200,682,,
2026-09-02T23:23:13.745122+00:00,LibGen,LibGen.bz,UP,200,931,,
2026-09-02T23:24:13.403101+00:00,LibGen,LibGen.bz,UP,200,626,,
2026-09-02T23:25:14.206261+00:00,LibGen,LibGen.bz,UP,200,640,,
2026-09-02T23:26:14.338037+00:00,LibGen,LibGen.bz,UP,200,644,,
2026-09-02T23:27:15.101470+00:00,LibGen,LibGen.bz,UP,200,824,,
2026-09-02T23:28:16.241977+00:00,LibGen,LibGen.bz,UP,200,1561,,
2026-09-02T23:29:18.280507+00:00,LibGen,LibGen.bz,DEGRADED,200,3244,latency_high,
2026-09-02T23:30:15.752374+00:00,LibGen,LibGen.bz,UP,200,841,,
2026-09-02T23:31:16.552956+00:00,LibGen,LibGen.bz,UP,200,914,,
2026-09-02T23:32:16.702090+00:00,LibGen,LibGen.bz,UP,200,716,,
2026-09-02T23:33:17.627069+00:00,LibGen,LibGen.bz,UP,200,711,,
2026-09-02T23:34:18.030052+00:00,LibGen,LibGen.bz,UP,200,961,,
2026-09-02T23:35:18.119669+00:00,LibGen,LibGen.bz,UP,200,637,,
2026-09-02T23:36:17.921475+00:00,LibGen,LibGen.bz,UP,200,262,,
2026-09-02T23:37:19.452564+00:00,LibGen,LibGen.bz,UP,200,1567,,
2026-09-02T23:38:39.879576+00:00,LibGen,LibGen.bz,DOWN,,,connection_refused,
2026-09-02T23:39:40.754769+00:00,LibGen,LibGen.bz,DOWN,,,connection_refused,
2026-09-02T23:40:21.513656+00:00,LibGen,LibGen.bz,UP,200,842,,
2026-09-02T23:41:23.330009+00:00,LibGen,LibGen.bz,UP,200,767,,
2026-09-02T23:42:23.432545+00:00,LibGen,LibGen.bz,UP,200,697,,
2026-09-02T23:43:23.262407+00:00,LibGen,LibGen.bz,UP,200,723,,
2026-09-02T23:44:23.474327+00:00,LibGen,LibGen.bz,UP,200,747,,
2026-09-02T23:45:23.742018+00:00,LibGen,LibGen.bz,UP,200,708,,
2026-09-02T23:46:25.242510+00:00,LibGen,LibGen.bz,UP,200,788,,
2026-09-02T23:47:24.827411+00:00,LibGen,LibGen.bz,UP,200,587,,
2026-09-02T23:48:25.795888+00:00,LibGen,LibGen.bz,UP,200,657,,
2026-09-02T23:49:26.174489+00:00,LibGen,LibGen.bz,UP,200,708,,
2026-09-02T23:50:25.902797+00:00,LibGen,LibGen.bz,UP,200,786,,
2026-09-02T23:51:26.554495+00:00,LibGen,LibGen.bz,UP,200,768,,
2026-09-02T23:52:26.303914+00:00,LibGen,LibGen.bz,UP,200,692,,
2026-09-02T23:53:27.018990+00:00,LibGen,LibGen.bz,UP,200,772,,
2026-09-02T23:54:27.253922+00:00,LibGen,LibGen.bz,UP,200,276,,
2026-09-02T23:55:28.012537+00:00,LibGen,LibGen.bz,UP,200,754,,
2026-09-02T23:56:28.286257+00:00,LibGen,LibGen.bz,UP,200,633,,
2026-09-02T23:57:28.494099+00:00,LibGen,LibGen.bz,UP,200,687,,
2026-09-02T23:58:29.385764+00:00,LibGen,LibGen.bz,UP,200,606,,
2026-09-02T23:59:29.198939+00:00,LibGen,LibGen.bz,UP,200,272,,
2026-09-03T00:00:30.847794+00:00,LibGen,LibGen.bz,UP,200,1101,,
2026-09-03T00:01:30.358775+00:00,LibGen,LibGen.bz,UP,200,822,,
2026-09-03T00:02:31.540500+00:00,LibGen,LibGen.bz,UP,200,1022,,
2026-09-03T00:03:31.174702+00:00,LibGen,LibGen.bz,UP,200,241,,
2026-09-03T00:04:32.057496+00:00,LibGen,LibGen.bz,UP,200,887,,
2026-09-03T00:05:32.756533+00:00,LibGen,LibGen.bz,UP,200,589,,
2026-09-03T00:06:32.571419+00:00,LibGen,LibGen.bz,UP,200,258,,
2026-09-03T00:07:33.506778+00:00,LibGen,LibGen.bz,UP,200,1030,,
2026-09-03T00:08:35.893622+00:00,LibGen,LibGen.bz,UP,200,744,,
2026-09-03T00:09:34.480356+00:00,LibGen,LibGen.bz,UP,200,739,,
2026-09-03T00:10:34.978498+00:00,LibGen,LibGen.bz,UP,200,946,,
2026-09-03T00:11:35.464567+00:00,LibGen,LibGen.bz,UP,200,774,,
2026-09-03T00:12:34.996832+00:00,LibGen,LibGen.bz,UP,200,699,,
2026-09-03T00:13:35.504726+00:00,LibGen,LibGen.bz,UP,200,758,,
2026-09-03T00:14:38.165811+00:00,LibGen,LibGen.bz,UP,200,2961,,
2026-09-03T00:15:36.839021+00:00,LibGen,LibGen.bz,UP,200,670,,
2026-09-03T00:16:36.592146+00:00,LibGen,LibGen.bz,UP,200,758,,
2026-09-03T00:17:37.399553+00:00,LibGen,LibGen.bz,UP,200,924,,
2026-09-03T00:18:37.775511+00:00,LibGen,LibGen.bz,UP,200,703,,
2026-09-03T00:19:37.797972+00:00,LibGen,LibGen.bz,UP,200,705,,
2026-09-03T00:20:38.104544+00:00,LibGen,LibGen.bz,UP,200,709,,
2026-09-03T00:21:38.156254+00:00,LibGen,LibGen.bz,UP,200,693,,
2026-09-03T00:22:39.636981+00:00,LibGen,LibGen.bz,UP,200,1064,,
2026-09-03T00:23:40.161452+00:00,LibGen,LibGen.bz,UP,200,727,,
2026-09-03T00:24:40.295054+00:00,LibGen,LibGen.bz,UP,200,782,,
2026-09-03T00:25:42.115026+00:00,LibGen,LibGen.bz,UP,200,1664,,
2026-09-03T00:26:41.816941+00:00,LibGen,LibGen.bz,UP,200,1078,,
2026-09-03T00:27:42.088539+00:00,LibGen,LibGen.bz,UP,200,749,,
2026-09-03T00:28:45.300882+00:00,LibGen,LibGen.bz,UP,200,2997,,
2026-09-03T00:29:42.023521+00:00,LibGen,LibGen.bz,UP,200,727,,
2026-09-03T00:30:43.342618+00:00,LibGen,LibGen.bz,UP,200,681,,
2026-09-03T00:31:42.988170+00:00,LibGen,LibGen.bz,UP,200,991,,
2026-09-03T00:32:43.433654+00:00,LibGen,LibGen.bz,UP,200,1025,,
2026-09-03T00:33:43.533035+00:00,LibGen,LibGen.bz,UP,200,688,,
2026-09-03T00:34:43.917344+00:00,LibGen,LibGen.bz,UP,200,840,,
2026-09-03T00:35:43.960814+00:00,LibGen,LibGen.bz,UP,200,718,,
2026-09-03T00:36:44.083472+00:00,LibGen,LibGen.bz,UP,200,743,,
2026-09-03T00:37:45.678627+00:00,LibGen,LibGen.bz,UP,200,1030,,
2026-09-03T00:38:44.807679+00:00,LibGen,LibGen.bz,UP,200,611,,
2026-09-03T00:39:44.674115+00:00,LibGen,LibGen.bz,UP,200,634,,
2026-09-03T00:40:45.242736+00:00,LibGen,LibGen.bz,UP,200,574,,
2026-09-03T00:42:05.842891+00:00,LibGen,LibGen.bz,DOWN,,,connection_refused,
2026-09-03T00:42:45.959071+00:00,LibGen,LibGen.bz,UP,200,760,,
2026-09-03T00:43:45.795531+00:00,LibGen,LibGen.bz,DOWN,,,connection_refused,
2026-09-03T00:44:46.694609+00:00,LibGen,LibGen.bz,UP,200,712,,
2026-09-03T00:45:46.824746+00:00,LibGen,LibGen.bz,UP,200,728,,
2026-09-03T00:46:47.687631+00:00,LibGen,LibGen.bz,UP,200,1257,,
2026-09-03T00:47:48.103096+00:00,LibGen,LibGen.bz,UP,200,737,,
2026-09-03T00:48:48.199951+00:00,LibGen,LibGen.bz,UP,200,1005,,
2026-09-03T00:49:48.396787+00:00,LibGen,LibGen.bz,UP,200,644,,
2026-09-03T00:50:48.139458+00:00,LibGen,LibGen.bz,UP,200,728,,
2026-09-03T00:51:49.205560+00:00,LibGen,LibGen.bz,UP,200,734,,
2026-09-03T00:52:49.849166+00:00,LibGen,LibGen.bz,UP,200,722,,
2026-09-03T00:53:49.670190+00:00,LibGen,LibGen.bz,UP,200,793,,
2026-09-03T00:54:50.089904+00:00,LibGen,LibGen.bz,UP,200,665,,
2026-09-03T00:55:51.043361+00:00,LibGen,LibGen.bz,UP,200,733,,
2026-09-03T00:56:51.314123+00:00,LibGen,LibGen.bz,UP,200,1076,,
2026-09-03T00:57:51.374262+00:00,LibGen,LibGen.bz,UP,200,870,,
2026-09-03T00:58:51.555143+00:00,LibGen,LibGen.bz,UP,200,261,,
2026-09-03T00:59:51.752633+00:00,LibGen,LibGen.bz,UP,200,670,,
2026-09-03T01:00:52.142796+00:00,LibGen,LibGen.bz,UP,200,757,,
2026-09-03T01:01:52.340728+00:00,LibGen,LibGen.bz,UP,200,661,,
2026-09-03T01:02:52.989096+00:00,LibGen,LibGen.bz,UP,200,629,,
2026-09-03T01:04:12.777929+00:00,LibGen,LibGen.bz,DOWN,,,connection_refused,
2026-09-03T01:04:53.377733+00:00,LibGen,LibGen.bz,UP,200,712,,
2026-09-03T01:05:53.976184+00:00,LibGen,LibGen.bz,UP,200,717,,
2026-09-03T01:06:54.234730+00:00,LibGen,LibGen.bz,UP,200,691,,
2026-09-03T01:07:58.139684+00:00,LibGen,LibGen.bz,DEGRADED,200,3936,latency_high,
2026-09-03T01:08:56.234462+00:00,LibGen,LibGen.bz,UP,200,943,,
2026-09-03T01:09:55.822047+00:00,LibGen,LibGen.bz,UP,200,732,,
2026-09-03T01:10:55.492596+00:00,LibGen,LibGen.bz,UP,200,636,,
2026-09-03T01:11:57.317468+00:00,LibGen,LibGen.bz,UP,200,750,,
2026-09-03T01:12:57.053837+00:00,LibGen,LibGen.bz,UP,200,780,,
2026-09-03T01:13:57.957826+00:00,LibGen,LibGen.bz,UP,200,732,,
2026-09-03T01:14:58.056900+00:00,LibGen,LibGen.bz,UP,200,742,,
2026-09-03T01:15:57.995241+00:00,LibGen,LibGen.bz,UP,200,238,,
2026-09-03T01:16:59.130233+00:00,LibGen,LibGen.bz,UP,200,792,,
2026-09-03T01:17:59.243690+00:00,LibGen,LibGen.bz,UP,200,598,,
2026-09-03T01:18:59.971000+00:00,LibGen,LibGen.bz,UP,200,748,,
2026-09-03T01:20:00.926570+00:00,LibGen,LibGen.bz,UP,200,1011,,
2026-09-03T01:21:01.523437+00:00,LibGen,LibGen.bz,UP,200,906,,
2026-09-03T01:22:02.102660+00:00,LibGen,LibGen.bz,UP,200,848,,
2026-09-03T01:23:02.730022+00:00,LibGen,LibGen.bz,UP,200,780,,
2026-09-03T01:24:03.287408+00:00,LibGen,LibGen.bz,UP,200,729,,
2026-09-03T01:25:04.014408+00:00,LibGen,LibGen.bz,UP,200,890,,
2026-09-03T01:26:04.692000+00:00,LibGen,LibGen.bz,UP,200,799,,
2026-09-03T01:27:04.783816+00:00,LibGen,LibGen.bz,UP,200,247,,
2026-09-03T01:28:05.212081+00:00,LibGen,LibGen.bz,UP,200,628,,
2026-09-03T01:29:05.405869+00:00,LibGen,LibGen.bz,UP,200,829,,
2026-09-03T01:30:06.340860+00:00,LibGen,LibGen.bz,UP,200,837,,
2026-09-03T01:31:07.884755+00:00,LibGen,LibGen.bz,UP,200,785,,
2026-09-03T01:32:07.210664+00:00,LibGen,LibGen.bz,UP,200,779,,
2026-09-03T01:33:07.631909+00:00,LibGen,LibGen.bz,UP,200,685,,
2026-09-03T01:34:07.629639+00:00,LibGen,LibGen.bz,UP,200,730,,
2026-09-03T01:35:08.240557+00:00,LibGen,LibGen.bz,UP,200,768,,
2026-09-03T01:36:08.370398+00:00,LibGen,LibGen.bz,UP,200,733,,
2026-09-03T01:37:09.888095+00:00,LibGen,LibGen.bz,UP,200,1269,,
2026-09-03T01:38:09.561195+00:00,LibGen,LibGen.bz,UP,200,635,,
2026-09-03T01:39:10.098392+00:00,LibGen,LibGen.bz,UP,200,708,,
2026-09-03T01:40:09.923536+00:00,LibGen,LibGen.bz,UP,200,710,,
2026-09-03T01:41:09.907117+00:00,LibGen,LibGen.bz,UP,200,589,,
2026-09-03T01:42:10.426926+00:00,LibGen,LibGen.bz,UP,200,697,,
2026-09-03T01:43:10.668772+00:00,LibGen,LibGen.bz,UP,200,721,,
2026-09-03T01:44:11.144254+00:00,LibGen,LibGen.bz,UP,200,752,,
2026-09-03T01:45:11.925563+00:00,LibGen,LibGen.bz,UP,200,784,,
2026-09-03T01:46:12.135718+00:00,LibGen,LibGen.bz,UP,200,643,,
2026-09-03T01:47:12.965909+00:00,LibGen,LibGen.bz,UP,200,705,,
2026-09-03T01:48:13.283920+00:00,LibGen,LibGen.bz,UP,200,658,,
2026-09-03T01:49:13.437077+00:00,LibGen,LibGen.bz,UP,200,710,,
2026-09-03T01:50:13.302883+00:00,LibGen,LibGen.bz,UP,200,709,,
2026-09-03T01:51:13.970309+00:00,LibGen,LibGen.bz,UP,200,829,,
2026-09-03T01:52:14.747093+00:00,LibGen,LibGen.bz,UP,200,1093,,
2026-09-03T01:53:15.095150+00:00,LibGen,LibGen.bz,UP,200,963,,
2026-09-03T01:54:35.273724+00:00,LibGen,LibGen.bz,DOWN,,,connection_refused,
2026-09-03T01:55:16.334708+00:00,LibGen,LibGen.bz,UP,200,732,,
2026-09-03T01:56:16.276605+00:00,LibGen,LibGen.bz,UP,200,730,,
2026-09-03T01:57:16.900561+00:00,LibGen,LibGen.bz,UP,200,1570,,
2026-09-03T01:58:16.609692+00:00,LibGen,LibGen.bz,UP,200,716,,
2026-09-03T01:59:17.407175+00:00,LibGen,LibGen.bz,UP,200,774,,
2026-09-03T02:00:17.757913+00:00,LibGen,LibGen.bz,UP,200,885,,
2026-09-03T02:01:18.304533+00:00,LibGen,LibGen.bz,UP,200,731,,
2026-09-03T02:02:18.915614+00:00,LibGen,LibGen.bz,UP,200,694,,
2026-09-03T02:03:18.801992+00:00,LibGen,LibGen.bz,UP,200,714,,
2026-09-03T02:04:19.893541+00:00,LibGen,LibGen.bz,UP,200,702,,
2026-09-03T02:05:19.796728+00:00,LibGen,LibGen.bz,DOWN,,,connection_refused,
2026-09-03T02:06:21.380405+00:00,LibGen,LibGen.bz,UP,200,778,,
2026-09-03T02:07:21.493054+00:00,LibGen,LibGen.bz,UP,200,572,,
2026-09-03T02:08:22.076607+00:00,LibGen,LibGen.bz,UP,200,819,,
2026-09-03T02:09:22.415675+00:00,LibGen,LibGen.bz,UP,200,841,,
2026-09-03T02:10:22.946004+00:00,LibGen,LibGen.bz,UP,200,728,,
2026-09-03T02:11:22.828985+00:00,LibGen,LibGen.bz,UP,200,252,,
2026-09-03T02:12:23.734035+00:00,LibGen,LibGen.bz,UP,200,856,,
2026-09-03T02:13:23.941100+00:00,LibGen,LibGen.bz,UP,200,776,,
2026-09-03T02:14:24.632465+00:00,LibGen,LibGen.bz,UP,200,696,,
2026-09-03T02:15:25.584045+00:00,LibGen,LibGen.bz,UP,200,733,,
2026-09-03T02:16:25.221569+00:00,LibGen,LibGen.bz,UP,200,266,,
2026-09-03T02:17:25.854129+00:00,LibGen,LibGen.bz,UP,200,659,,
2026-09-03T02:18:26.555345+00:00,LibGen,LibGen.bz,UP,200,1059,,
2026-09-03T02:19:26.827413+00:00,LibGen,LibGen.bz,UP,200,690,,
2026-09-03T02:20:28.096393+00:00,LibGen,LibGen.bz,UP,200,1061,,
2026-09-03T02:21:27.095678+00:00,LibGen,LibGen.bz,UP,200,798,,
2026-09-03T02:22:28.013573+00:00,LibGen,LibGen.bz,UP,200,848,,
2026-09-03T02:23:27.448142+00:00,LibGen,LibGen.bz,UP,200,235,,
2026-09-03T02:24:30.653862+00:00,LibGen,LibGen.bz,DEGRADED,200,3026,latency_high,
2026-09-03T02:25:28.991774+00:00,LibGen,LibGen.bz,UP,200,995,,
2026-09-03T02:26:29.682796+00:00,LibGen,LibGen.bz,UP,200,933,,
2026-09-03T02:27:31.207997+00:00,LibGen,LibGen.bz,UP,200,1131,,
2026-09-03T02:28:30.886427+00:00,LibGen,LibGen.bz,UP,200,725,,
2026-09-03T02:29:31.625192+00:00,LibGen,LibGen.bz,UP,200,769,,
2026-09-03T02:30:31.014856+00:00,LibGen,LibGen.bz,UP,200,723,,
2026-09-03T02:31:31.433846+00:00,LibGen,LibGen.bz,UP,200,476,,
2026-09-03T02:32:32.176602+00:00,LibGen,LibGen.bz,UP,200,749,,
2026-09-03T02:33:32.489627+00:00,LibGen,LibGen.bz,UP,200,943,,
2026-09-03T02:34:32.523066+00:00,LibGen,LibGen.bz,UP,200,237,,
2026-09-03T02:35:34.072304+00:00,LibGen,LibGen.bz,UP,200,1649,,
2026-09-03T02:36:38.439612+00:00,LibGen,LibGen.bz,DEGRADED,200,4082,latency_high,
2026-09-03T02:37:33.668467+00:00,LibGen,LibGen.bz,UP,200,745,,
2026-09-03T02:38:33.844943+00:00,LibGen,LibGen.bz,UP,200,692,,
2026-09-03T02:39:34.434158+00:00,LibGen,LibGen.bz,UP,200,802,,
2026-09-03T02:40:34.593128+00:00,LibGen,LibGen.bz,UP,200,707,,
2026-09-03T02:41:54.285086+00:00,LibGen,LibGen.bz,DOWN,,,connection_refused,
2026-09-03T02:42:35.143056+00:00,LibGen,LibGen.bz,UP,200,929,,
2026-09-03T02:43:35.309763+00:00,LibGen,LibGen.bz,UP,200,698,,
2026-09-03T02:44:36.330044+00:00,LibGen,LibGen.bz,UP,200,675,,
2026-09-03T02:45:36.300538+00:00,LibGen,LibGen.bz,UP,200,260,,
2026-09-03T02:46:37.410789+00:00,LibGen,LibGen.bz,UP,200,1088,,
2026-09-03T02:47:37.193016+00:00,LibGen,LibGen.bz,UP,200,747,,
2026-09-03T02:48:37.341608+00:00,LibGen,LibGen.bz,UP,200,757,,
2026-09-03T02:49:38.158173+00:00,LibGen,LibGen.bz,UP,200,918,,
2026-09-03T02:50:38.226601+00:00,LibGen,LibGen.bz,UP,200,791,,
2026-09-03T02:51:38.737471+00:00,LibGen,LibGen.bz,UP,200,626,,
2026-09-03T02:52:38.556977+00:00,LibGen,LibGen.bz,UP,200,259,,
2026-09-03T02:53:38.615525+00:00,LibGen,LibGen.bz,UP,200,664,,
2026-09-03T02:54:39.497202+00:00,LibGen,LibGen.bz,UP,200,795,,
2026-09-03T02:55:39.911076+00:00,LibGen,LibGen.bz,UP,200,737,,
2026-09-03T02:56:39.993642+00:00,LibGen,LibGen.bz,UP,200,807,,
2026-09-03T02:57:43.460736+00:00,LibGen,LibGen.bz,DEGRADED,200,3938,latency_high,
2026-09-03T02:58:41.881172+00:00,LibGen,LibGen.bz,UP,200,1668,,
2026-09-03T02:59:40.468364+00:00,LibGen,LibGen.bz,UP,200,697,,
2026-09-03T03:00:41.293673+00:00,LibGen,LibGen.bz,UP,200,853,,
2026-09-03T03:01:41.583082+00:00,LibGen,LibGen.bz,UP,200,793,,
2026-09-03T03:02:41.756343+00:00,LibGen,LibGen.bz,UP,200,760,,
2026-09-03T03:03:42.104501+00:00,LibGen,LibGen.bz,UP,200,718,,
2026-09-03T03:04:42.518111+00:00,LibGen,LibGen.bz,UP,200,707,,
2026-09-03T03:05:43.158558+00:00,LibGen,LibGen.bz,UP,200,574,,
2026-09-03T03:06:42.617886+00:00,LibGen,LibGen.bz,UP,200,226,,
2026-09-03T03:07:43.596008+00:00,LibGen,LibGen.bz,UP,200,820,,
2026-09-03T03:08:44.853569+00:00,LibGen,LibGen.bz,UP,200,716,,
2026-09-03T03:09:46.206083+00:00,LibGen,LibGen.bz,UP,200,948,,
2026-09-03T03:10:45.196687+00:00,LibGen,LibGen.bz,UP,200,724,,
2026-09-03T03:11:45.787936+00:00,LibGen,LibGen.bz,UP,200,1003,,
2026-09-03T03:12:45.954288+00:00,LibGen,LibGen.bz,UP,200,686,,
2026-09-03T03:13:46.005268+00:00,LibGen,LibGen.bz,UP,200,540,,
2026-09-03T03:14:48.083104+00:00,LibGen,LibGen.bz,UP,200,801,,
2026-09-03T03:15:48.273207+00:00,LibGen,LibGen.bz,UP,200,1067,,
2026-09-03T03:16:48.000155+00:00,LibGen,LibGen.bz,UP,200,666,,
2026-09-03T03:17:49.021674+00:00,LibGen,LibGen.bz,UP,200,746,,
2026-09-03T03:18:49.245580+00:00,LibGen,LibGen.bz,UP,200,720,,
2026-09-03T03:19:49.179703+00:00,LibGen,LibGen.bz,UP,200,695,,
2026-09-03T03:20:50.657735+00:00,LibGen,LibGen.bz,UP,200,1158,,
2026-09-03T03:21:52.133199+00:00,LibGen,LibGen.bz,UP,200,712,,
2026-09-03T03:22:50.452043+00:00,LibGen,LibGen.bz,UP,200,635,,
2026-09-03T03:23:53.185314+00:00,LibGen,LibGen.bz,DEGRADED,200,3702,latency_high,
2026-09-03T03:24:51.339392+00:00,LibGen,LibGen.bz,UP,200,721,,
2026-09-03T03:25:51.724717+00:00,LibGen,LibGen.bz,UP,200,264,,
2026-09-03T03:26:51.602039+00:00,LibGen,LibGen.bz,UP,200,934,,
2026-09-03T03:28:12.572165+00:00,LibGen,LibGen.bz,DOWN,,,connection_refused,
2026-09-03T03:28:51.540745+00:00,LibGen,LibGen.bz,UP,200,712,,
2026-09-03T03:29:51.412674+00:00,LibGen,LibGen.bz,DOWN,,,connection_refused,
2026-09-03T03:30:52.807875+00:00,LibGen,LibGen.bz,UP,200,706,,
2026-09-03T03:31:52.688738+00:00,LibGen,LibGen.bz,UP,200,767,,
2026-09-03T03:32:53.064637+00:00,LibGen,LibGen.bz,UP,200,623,,
2026-09-03T03:33:53.697659+00:00,LibGen,LibGen.bz,UP,200,685,,
2026-09-03T03:34:54.775943+00:00,LibGen,LibGen.bz,UP,200,1518,,
2026-09-03T03:35:54.370948+00:00,LibGen,LibGen.bz,UP,200,682,,
2026-09-03T03:36:55.131331+00:00,LibGen,LibGen.bz,UP,200,685,,
2026-09-03T03:37:55.099529+00:00,LibGen,LibGen.bz,UP,200,715,,
2026-09-03T03:38:56.413562+00:00,LibGen,LibGen.bz,UP,200,606,,
2026-09-03T03:39:57.279498+00:00,LibGen,LibGen.bz,UP,200,924,,
2026-09-03T03:40:57.258524+00:00,LibGen,LibGen.bz,UP,200,766,,
2026-09-03T03:41:57.710945+00:00,LibGen,LibGen.bz,UP,200,920,,
2026-09-03T03:42:57.882867+00:00,LibGen,LibGen.bz,UP,200,739,,
2026-09-03T03:43:58.645178+00:00,LibGen,LibGen.bz,UP,200,643,,
2026-09-03T03:44:59.175351+00:00,LibGen,LibGen.bz,UP,200,1403,,
2026-09-03T03:45:59.634732+00:00,LibGen,LibGen.bz,UP,200,691,,
2026-09-03T03:47:00.821919+00:00,LibGen,LibGen.bz,UP,200,822,,
2026-09-03T03:47:59.841240+00:00,LibGen,LibGen.bz,UP,200,553,,
2026-09-03T03:48:59.957760+00:00,LibGen,LibGen.bz,UP,200,567,,
2026-09-03T03:50:03.881721+00:00,LibGen,LibGen.bz,DEGRADED,200,3963,latency_high,
2026-09-03T03:51:21.147043+00:00,LibGen,LibGen.bz,DOWN,,,connection_refused,
2026-09-03T03:52:01.309601+00:00,LibGen,LibGen.bz,UP,200,781,,
2026-09-03T03:53:01.768053+00:00,LibGen,LibGen.bz,UP,200,733,,
2026-09-03T03:54:02.573721+00:00,LibGen,LibGen.bz,UP,200,905,,
2026-09-03T03:55:03.494490+00:00,LibGen,LibGen.bz,UP,200,969,,
2026-09-03T03:56:23.247776+00:00,LibGen,LibGen.bz,DOWN,,,connection_refused,
2026-09-03T03:57:23.861876+00:00,LibGen,LibGen.bz,DOWN,,,connection_refused,
2026-09-03T03:58:04.064853+00:00,LibGen,LibGen.bz,UP,200,825,,
2026-09-03T03:59:04.584834+00:00,LibGen,LibGen.bz,UP,200,769,,
2026-09-03T04:00:05.640767+00:00,LibGen,LibGen.bz,UP,200,953,,
2026-09-03T04:01:06.175162+00:00,LibGen,LibGen.bz,UP,200,1072,,
2026-09-03T04:02:06.289652+00:00,LibGen,LibGen.bz,UP,200,653,,
2026-09-03T04:03:06.633934+00:00,LibGen,LibGen.bz,UP,200,758,,
2026-09-03T04:04:07.347612+00:00,LibGen,LibGen.bz,UP,200,644,,
2026-09-03T04:05:07.789580+00:00,LibGen,LibGen.bz,UP,200,1176,,
2026-09-03T04:06:07.510613+00:00,LibGen,LibGen.bz,UP,200,721,,
2026-09-03T04:07:08.069788+00:00,LibGen,LibGen.bz,UP,200,664,,
2026-09-03T04:08:08.469911+00:00,LibGen,LibGen.bz,UP,200,685,,
2026-09-03T04:09:09.400654+00:00,LibGen,LibGen.bz,UP,200,1333,,
2026-09-03T04:10:09.598491+00:00,LibGen,LibGen.bz,UP,200,1379,,
2026-09-03T04:11:10.267104+00:00,LibGen,LibGen.bz,UP,200,901,,
2026-09-03T04:12:10.570354+00:00,LibGen,LibGen.bz,UP,200,713,,
2026-09-03T04:13:10.821901+00:00,LibGen,LibGen.bz,UP,200,815,,
2026-09-03T04:14:11.350096+00:00,LibGen,LibGen.bz,UP,200,741,,
2026-09-03T04:15:12.405632+00:00,LibGen,LibGen.bz,UP,200,1086,,
2026-09-03T04:16:12.627743+00:00,LibGen,LibGen.bz,UP,200,719,,
2026-09-03T04:17:13.154924+00:00,LibGen,LibGen.bz,UP,200,1008,,
2026-09-03T04:18:12.865647+00:00,LibGen,LibGen.bz,UP,200,672,,
2026-09-03T04:19:16.441933+00:00,LibGen,LibGen.bz,DEGRADED,200,3308,latency_high,
2026-09-03T04:20:13.813541+00:00,LibGen,LibGen.bz,UP,200,766,,
2026-09-03T04:21:14.187107+00:00,LibGen,LibGen.bz,UP,200,743,,
2026-09-03T04:22:14.483453+00:00,LibGen,LibGen.bz,UP,200,719,,
2026-09-03T04:23:14.371479+00:00,LibGen,LibGen.bz,UP,200,530,,
2026-09-03T04:24:16.109878+00:00,LibGen,LibGen.bz,UP,200,1573,,
2026-09-03T04:25:15.394966+00:00,LibGen,LibGen.bz,UP,200,689,,
2026-09-03T04:26:16.311574+00:00,LibGen,LibGen.bz,UP,200,716,,
2026-09-03T04:27:19.281758+00:00,LibGen,LibGen.bz,DEGRADED,200,3600,latency_high,
2026-09-03T04:28:16.798509+00:00,LibGen,LibGen.bz,UP,200,679,,
2026-09-03T04:29:16.408253+00:00,LibGen,LibGen.bz,UP,200,714,,
2026-09-03T04:30:17.433567+00:00,LibGen,LibGen.bz,UP,200,763,,
2026-09-03T04:31:18.109179+00:00,LibGen,LibGen.bz,UP,200,1085,,
2026-09-03T04:32:18.117530+00:00,LibGen,LibGen.bz,UP,200,574,,
2026-09-03T04:33:38.269027+00:00,LibGen,LibGen.bz,DOWN,,,connection_refused,
2026-09-03T04:34:19.723157+00:00,LibGen,LibGen.bz,UP,200,1112,,
2026-09-03T04:35:19.264891+00:00,LibGen,LibGen.bz,UP,200,827,,
2026-09-03T04:36:19.886247+00:00,LibGen,LibGen.bz,UP,200,799,,
2026-09-03T04:37:20.123463+00:00,LibGen,LibGen.bz,UP,200,699,,
2026-09-03T04:38:20.676549+00:00,LibGen,LibGen.bz,UP,200,730,,
2026-09-03T04:39:20.463005+00:00,LibGen,LibGen.bz,UP,200,675,,
2026-09-03T04:40:21.810957+00:00,LibGen,LibGen.bz,UP,200,1200,,
2026-09-03T04:41:21.774757+00:00,LibGen,LibGen.bz,UP,200,672,,
2026-09-03T04:42:21.776588+00:00,LibGen,LibGen.bz,UP,200,684,,
2026-09-03T04:43:23.500214+00:00,LibGen,LibGen.bz,UP,200,1646,,
2026-09-03T04:44:42.338795+00:00,LibGen,LibGen.bz,DOWN,,,connection_refused,
2026-09-03T04:45:22.868581+00:00,LibGen,LibGen.bz,UP,200,732,,
2026-09-03T04:46:23.431332+00:00,LibGen,LibGen.bz,UP,200,727,,
2026-09-03T04:47:24.286040+00:00,LibGen,LibGen.bz,UP,200,943,,
2026-09-03T04:48:23.678098+00:00,LibGen,LibGen.bz,DOWN,500,733,http_error,
2026-09-03T04:49:24.312976+00:00,LibGen,LibGen.bz,DOWN,500,741,http_error,
2026-09-03T04:50:25.071665+00:00,LibGen,LibGen.bz,UP,200,875,,
2026-09-03T04:51:24.998581+00:00,LibGen,LibGen.bz,UP,200,737,,
2026-09-03T04:52:25.514718+00:00,LibGen,LibGen.bz,UP,200,735,,
2026-09-03T04:53:45.781592+00:00,LibGen,LibGen.bz,DOWN,,,connection_refused,
2026-09-03T04:54:26.129153+00:00,LibGen,LibGen.bz,UP,200,721,,
2026-09-03T04:55:27.109514+00:00,LibGen,LibGen.bz,UP,200,685,,
2026-09-03T04:56:27.265172+00:00,LibGen,LibGen.bz,UP,200,724,,
2026-09-03T04:57:27.030866+00:00,LibGen,LibGen.bz,UP,200,244,,
2026-09-03T04:58:28.642881+00:00,LibGen,LibGen.bz,UP,200,661,,
2026-09-03T04:59:28.393857+00:00,LibGen,LibGen.bz,UP,200,708,,
2026-09-03T05:00:29.666208+00:00,LibGen,LibGen.bz,UP,200,1004,,
2026-09-03T05:01:30.323721+00:00,LibGen,LibGen.bz,UP,200,755,,
2026-09-03T05:02:31.109475+00:00,LibGen,LibGen.bz,UP,200,835,,
2026-09-03T05:03:31.008527+00:00,LibGen,LibGen.bz,UP,200,271,,
2026-09-03T05:04:31.928685+00:00,LibGen,LibGen.bz,UP,200,717,,
2026-09-03T05:05:52.310320+00:00,LibGen,LibGen.bz,DOWN,,,connection_refused,
2026-09-03T05:06:32.484048+00:00,LibGen,LibGen.bz,UP,200,754,,
2026-09-03T05:07:32.984016+00:00,LibGen,LibGen.bz,UP,200,669,,
2026-09-03T05:08:33.056620+00:00,LibGen,LibGen.bz,UP,200,591,,
2026-09-03T05:09:33.305953+00:00,LibGen,LibGen.bz,UP,200,660,,
2026-09-03T05:10:34.327407+00:00,LibGen,LibGen.bz,UP,200,768,,
2026-09-03T05:11:34.413261+00:00,LibGen,LibGen.bz,UP,200,694,,
2026-09-03T05:12:35.264538+00:00,LibGen,LibGen.bz,UP,200,639,,
2026-09-03T05:13:35.598668+00:00,LibGen,LibGen.bz,UP,200,743,,
2026-09-03T05:14:35.734634+00:00,LibGen,LibGen.bz,UP,200,981,,
2026-09-03T05:15:36.115877+00:00,LibGen,LibGen.bz,UP,200,251,,
2026-09-03T05:16:37.860306+00:00,LibGen,LibGen.bz,UP,200,686,,
2026-09-03T05:17:36.797380+00:00,LibGen,LibGen.bz,UP,200,637,,
2026-09-03T05:18:37.049485+00:00,LibGen,LibGen.bz,UP,200,976,,
2026-09-03T05:19:37.293023+00:00,LibGen,LibGen.bz,UP,200,700,,
2026-09-03T05:20:38.042612+00:00,LibGen,LibGen.bz,UP,200,786,,
2026-09-03T05:21:37.729418+00:00,LibGen,LibGen.bz,UP,200,658,,
2026-09-03T05:22:38.530719+00:00,LibGen,LibGen.bz,UP,200,758,,
2026-09-03T05:23:39.111512+00:00,LibGen,LibGen.bz,UP,200,679,,
2026-09-03T05:24:38.850207+00:00,LibGen,LibGen.bz,UP,200,709,,
2026-09-03T05:25:39.089691+00:00,LibGen,LibGen.bz,UP,200,743,,
2026-09-03T05:26:38.996498+00:00,LibGen,LibGen.bz,DOWN,,,connection_refused,
2026-09-03T05:27:42.379781+00:00,LibGen,LibGen.bz,UP,200,730,,
2026-09-03T05:29:00.369232+00:00,LibGen,LibGen.bz,DOWN,,,connection_refused,
2026-09-03T05:29:40.809553+00:00,LibGen,LibGen.bz,UP,200,737,,
2026-09-03T05:30:40.681330+00:00,LibGen,LibGen.bz,UP,200,692,,
2026-09-03T05:31:41.196272+00:00,LibGen,LibGen.bz,UP,200,578,,
2026-09-03T05:32:41.764053+00:00,LibGen,LibGen.bz,UP,200,629,,
2026-09-03T05:33:42.048496+00:00,LibGen,LibGen.bz,UP,200,735,,
2026-09-03T05:34:42.128309+00:00,LibGen,LibGen.bz,UP,200,723,,
2026-09-03T05:35:42.868452+00:00,LibGen,LibGen.bz,UP,200,1071,,
2026-09-03T05:36:43.207161+00:00,LibGen,LibGen.bz,UP,200,256,,
2026-09-03T05:37:43.405424+00:00,LibGen,LibGen.bz,UP,200,746,,
2026-09-03T05:38:43.663604+00:00,LibGen,LibGen.bz,UP,200,774,,
2026-09-03T05:39:44.473935+00:00,LibGen,LibGen.bz,UP,200,813,,
2026-09-03T05:40:45.036985+00:00,LibGen,LibGen.bz,UP,200,1232,,
2026-09-03T05:41:45.390094+00:00,LibGen,LibGen.bz,UP,200,673,,
2026-09-03T05:42:45.543967+00:00,LibGen,LibGen.bz,UP,200,641,,
2026-09-03T05:43:46.151483+00:00,LibGen,LibGen.bz,UP,200,732,,
2026-09-03T05:44:46.053471+00:00,LibGen,LibGen.bz,UP,200,638,,
2026-09-03T05:45:47.178362+00:00,LibGen,LibGen.bz,UP,200,1522,,
2026-09-03T05:46:47.642013+00:00,LibGen,LibGen.bz,UP,200,1081,,
2026-09-03T05:47:47.273262+00:00,LibGen,LibGen.bz,UP,200,734,,
2026-09-03T05:48:48.675548+00:00,LibGen,LibGen.bz,UP,200,682,,
2026-09-03T05:49:48.124942+00:00,LibGen,LibGen.bz,UP,200,579,,
2026-09-03T05:50:51.029625+00:00,LibGen,LibGen.bz,UP,200,1073,,
2026-09-03T05:51:49.921773+00:00,LibGen,LibGen.bz,UP,200,692,,
2026-09-03T05:52:49.711496+00:00,LibGen,LibGen.bz,UP,200,255,,
2026-09-03T05:53:50.535470+00:00,LibGen,LibGen.bz,UP,200,744,,
2026-09-03T05:54:50.599747+00:00,LibGen,LibGen.bz,UP,200,681,,
2026-09-03T05:55:51.065246+00:00,LibGen,LibGen.bz,UP,200,653,,
2026-09-03T05:56:50.780244+00:00,LibGen,LibGen.bz,UP,200,237,,
2026-09-03T05:57:51.707408+00:00,LibGen,LibGen.bz,UP,200,660,,
2026-09-03T05:58:51.505524+00:00,LibGen,LibGen.bz,UP,200,591,,
2026-09-03T05:59:52.189663+00:00,LibGen,LibGen.bz,UP,200,719,,
2026-09-03T06:00:52.728972+00:00,LibGen,LibGen.bz,UP,200,768,,
2026-09-03T06:01:53.572010+00:00,LibGen,LibGen.bz,UP,200,785,,
2026-09-03T06:02:53.549863+00:00,LibGen,LibGen.bz,UP,200,782,,
2026-09-03T06:03:54.503667+00:00,LibGen,LibGen.bz,UP,200,667,,
2026-09-03T06:04:54.948374+00:00,LibGen,LibGen.bz,UP,200,705,,
2026-09-03T06:05:54.753387+00:00,LibGen,LibGen.bz,UP,200,685,,
2026-09-03T06:06:55.618207+00:00,LibGen,LibGen.bz,UP,200,653,,
2026-09-03T06:07:55.917446+00:00,LibGen,LibGen.bz,UP,200,706,,
2026-09-03T06:08:56.633704+00:00,LibGen,LibGen.bz,UP,200,833,,
2026-09-03T06:09:56.406407+00:00,LibGen,LibGen.bz,UP,200,236,,
2026-09-03T06:10:57.308957+00:00,LibGen,LibGen.bz,UP,200,779,,
2026-09-03T06:11:58.489798+00:00,LibGen,LibGen.bz,UP,200,1077,,
2026-09-03T06:12:58.246202+00:00,LibGen,LibGen.bz,UP,200,640,,
2026-09-03T06:13:58.813578+00:00,LibGen,LibGen.bz,UP,200,725,,
2026-09-03T06:14:59.145316+00:00,LibGen,LibGen.bz,UP,200,658,,
2026-09-03T06:16:00.295690+00:00,LibGen,LibGen.bz,UP,200,738,,
2026-09-03T06:16:59.441225+00:00,LibGen,LibGen.bz,UP,200,253,,
2026-09-03T06:18:01.438529+00:00,LibGen,LibGen.bz,UP,200,1328,,
2026-09-03T06:19:01.148404+00:00,LibGen,LibGen.bz,UP,200,1052,,
2026-09-03T06:20:02.294692+00:00,LibGen,LibGen.bz,UP,200,1035,,
2026-09-03T06:21:01.571614+00:00,LibGen,LibGen.bz,UP,200,445,,
2026-09-03T06:22:02.589759+00:00,LibGen,LibGen.bz,UP,200,859,,
2026-09-03T06:23:03.091169+00:00,LibGen,LibGen.bz,UP,200,848,,
2026-09-03T06:24:03.660026+00:00,LibGen,LibGen.bz,UP,200,1084,,
2026-09-03T06:25:03.786145+00:00,LibGen,LibGen.bz,UP,200,1124,,
2026-09-03T06:26:04.269154+00:00,LibGen,LibGen.bz,UP,200,820,,
2026-09-03T06:27:03.909149+00:00,LibGen,LibGen.bz,UP,200,733,,
2026-09-03T06:28:04.769136+00:00,LibGen,LibGen.bz,UP,200,663,,
2026-09-03T06:29:05.568698+00:00,LibGen,LibGen.bz,UP,200,719,,
2026-09-03T06:30:06.466899+00:00,LibGen,LibGen.bz,UP,200,835,,
2026-09-03T06:31:27.313073+00:00,LibGen,LibGen.bz,DOWN,,,connection_refused,
2026-09-03T06:32:07.618447+00:00,LibGen,LibGen.bz,UP,200,690,,
2026-09-03T06:33:08.096320+00:00,LibGen,LibGen.bz,UP,200,683,,
2026-09-03T06:34:10.254836+00:00,LibGen,LibGen.bz,UP,200,2042,,
2026-09-03T06:35:11.130971+00:00,LibGen,LibGen.bz,UP,200,1158,,
2026-09-03T06:36:10.750867+00:00,LibGen,LibGen.bz,UP,200,746,,
2026-09-03T06:37:11.149222+00:00,LibGen,LibGen.bz,UP,200,744,,
2026-09-03T06:38:11.189264+00:00,LibGen,LibGen.bz,UP,200,726,,
2026-09-03T06:39:12.051392+00:00,LibGen,LibGen.bz,UP,200,628,,
2026-09-03T06:40:13.381458+00:00,LibGen,LibGen.bz,UP,200,859,,
2026-09-03T06:41:13.034709+00:00,LibGen,LibGen.bz,UP,200,757,,
2026-09-03T06:42:13.559705+00:00,LibGen,LibGen.bz,UP,200,714,,
2026-09-03T06:43:13.671117+00:00,LibGen,LibGen.bz,UP,200,760,,
2026-09-03T06:44:14.418927+00:00,LibGen,LibGen.bz,UP,200,717,,
2026-09-03T06:45:15.253716+00:00,LibGen,LibGen.bz,UP,200,783,,
2026-09-03T06:46:16.208727+00:00,LibGen,LibGen.bz,UP,200,839,,
2026-09-03T06:47:17.400970+00:00,LibGen,LibGen.bz,UP,200,676,,
2026-09-03T06:48:18.263678+00:00,LibGen,LibGen.bz,UP,200,724,,
2026-09-03T06:49:19.174898+00:00,LibGen,LibGen.bz,UP,200,874,,
2026-09-03T06:50:19.546646+00:00,LibGen,LibGen.bz,UP,200,844,,
2026-09-03T06:51:21.002136+00:00,LibGen,LibGen.bz,UP,200,914,,
2026-09-03T06:52:21.303735+00:00,LibGen,LibGen.bz,UP,200,765,,
2026-09-03T06:53:22.844094+00:00,LibGen,LibGen.bz,UP,200,788,,
2026-09-03T06:54:22.461566+00:00,LibGen,LibGen.bz,UP,200,270,,
2026-09-03T06:55:43.829554+00:00,LibGen,LibGen.bz,DOWN,,,connection_refused,
2026-09-03T06:56:44.638722+00:00,LibGen,LibGen.bz,DOWN,,,connection_refused,
2026-09-03T06:57:25.937414+00:00,LibGen,LibGen.bz,UP,200,1090,,
2026-09-03T06:58:26.580872+00:00,LibGen,LibGen.bz,UP,200,751,,
2026-09-03T06:59:27.638945+00:00,LibGen,LibGen.bz,UP,200,947,,
2026-09-03T07:00:28.421966+00:00,LibGen,LibGen.bz,UP,200,844,,
2026-09-03T07:01:29.045464+00:00,LibGen,LibGen.bz,UP,200,1155,,
2026-09-03T07:02:28.896362+00:00,LibGen,LibGen.bz,UP,200,721,,
2026-09-03T07:03:29.295685+00:00,LibGen,LibGen.bz,UP,200,880,,
2026-09-03T07:04:29.356570+00:00,LibGen,LibGen.bz,UP,200,846,,
2026-09-03T07:05:29.794450+00:00,LibGen,LibGen.bz,UP,200,845,,
2026-09-03T07:06:30.628582+00:00,LibGen,LibGen.bz,UP,200,772,,
2026-09-03T07:07:32.027859+00:00,LibGen,LibGen.bz,UP,200,718,,
2026-09-03T07:08:31.049385+00:00,LibGen,LibGen.bz,UP,200,600,,
2026-09-03T07:09:31.667842+00:00,LibGen,LibGen.bz,UP,200,827,,
2026-09-03T07:10:31.989610+00:00,LibGen,LibGen.bz,UP,200,670,,
2026-09-03T07:11:31.520545+00:00,LibGen,LibGen.bz,UP,200,414,,
2026-09-03T07:12:34.968735+00:00,LibGen,LibGen.bz,UP,200,742,,
2026-09-03T07:13:33.086972+00:00,LibGen,LibGen.bz,UP,200,671,,
2026-09-03T07:14:34.335387+00:00,LibGen,LibGen.bz,UP,200,1794,,
2026-09-03T07:15:32.717571+00:00,LibGen,LibGen.bz,UP,200,247,,
2026-09-03T07:16:34.460383+00:00,LibGen,LibGen.bz,UP,200,740,,
2026-09-03T07:17:35.312978+00:00,LibGen,LibGen.bz,UP,200,676,,
2026-09-03T07:18:36.437052+00:00,LibGen,LibGen.bz,UP,200,794,,
2026-09-03T07:19:37.279829+00:00,LibGen,LibGen.bz,UP,200,1060,,
2026-09-03T07:20:56.143589+00:00,LibGen,LibGen.bz,TIMEOUT,,,timeout,
2026-09-03T07:21:37.744439+00:00,LibGen,LibGen.bz,UP,200,1041,,
2026-09-03T07:22:38.233196+00:00,LibGen,LibGen.bz,UP,200,647,,
2026-09-03T07:23:38.890044+00:00,LibGen,LibGen.bz,UP,200,757,,
2026-09-03T07:24:39.674695+00:00,LibGen,LibGen.bz,UP,200,770,,
2026-09-03T07:25:40.550011+00:00,LibGen,LibGen.bz,UP,200,763,,
2026-09-03T07:26:41.969155+00:00,LibGen,LibGen.bz,UP,200,804,,
2026-09-03T07:27:44.756674+00:00,LibGen,LibGen.bz,DEGRADED,200,3733,latency_high,
2026-09-03T07:28:42.481928+00:00,LibGen,LibGen.bz,UP,200,702,,
2026-09-03T07:29:43.687495+00:00,LibGen,LibGen.bz,UP,200,927,,
2026-09-03T07:30:43.684369+00:00,LibGen,LibGen.bz,UP,200,898,,
2026-09-03T07:31:44.428231+00:00,LibGen,LibGen.bz,UP,200,688,,
2026-09-03T07:32:45.252374+00:00,LibGen,LibGen.bz,UP,200,660,,
2026-09-03T07:33:46.189556+00:00,LibGen,LibGen.bz,UP,200,802,,
2026-09-03T07:34:46.377608+00:00,LibGen,LibGen.bz,UP,200,763,,
2026-09-03T07:36:06.280274+00:00,LibGen,LibGen.bz,DOWN,,,connection_refused,
2026-09-03T07:36:48.632628+00:00,LibGen,LibGen.bz,UP,200,751,,
2026-09-03T07:37:47.366641+00:00,LibGen,LibGen.bz,UP,200,880,,
2026-09-03T07:38:47.984434+00:00,LibGen,LibGen.bz,UP,200,664,,
2026-09-03T07:39:49.243566+00:00,LibGen,LibGen.bz,UP,200,955,,
2026-09-03T07:40:49.984637+00:00,LibGen,LibGen.bz,UP,200,774,,
2026-09-03T07:41:50.059931+00:00,LibGen,LibGen.bz,UP,200,763,,
2026-09-03T07:42:50.891453+00:00,LibGen,LibGen.bz,UP,200,791,,
2026-09-03T07:44:11.386823+00:00,LibGen,LibGen.bz,DOWN,,,connection_refused,
2026-09-03T07:44:54.303432+00:00,LibGen,LibGen.bz,UP,200,615,,
2026-09-03T07:45:53.529619+00:00,LibGen,LibGen.bz,UP,200,941,,
2026-09-03T07:46:53.877234+00:00,LibGen,LibGen.bz,UP,200,732,,
2026-09-03T07:47:54.006963+00:00,LibGen,LibGen.bz,UP,200,242,,
2026-09-03T07:48:55.210701+00:00,LibGen,LibGen.bz,UP,200,1050,,
2026-09-03T07:49:55.685888+00:00,LibGen,LibGen.bz,UP,200,739,,
2026-09-03T07:50:56.166034+00:00,LibGen,LibGen.bz,UP,200,837,,
2026-09-03T07:51:58.083084+00:00,LibGen,LibGen.bz,UP,200,907,,
2026-09-03T07:52:58.256132+00:00,LibGen,LibGen.bz,UP,200,720,,
2026-09-03T07:53:58.605786+00:00,LibGen,LibGen.bz,UP,200,688,,
2026-09-03T07:54:58.762668+00:00,LibGen,LibGen.bz,UP,200,601,,
2026-09-03T07:55:59.699182+00:00,LibGen,LibGen.bz,UP,200,1062,,
2026-09-03T07:57:00.061713+00:00,LibGen,LibGen.bz,UP,200,998,,
2026-09-03T07:58:20.126510+00:00,LibGen,LibGen.bz,DOWN,,,connection_refused,
2026-09-03T07:59:01.226986+00:00,LibGen,LibGen.bz,UP,200,714,,
2026-09-03T08:00:02.399016+00:00,LibGen,LibGen.bz,UP,200,1304,,
2026-09-03T08:01:02.643575+00:00,LibGen,LibGen.bz,UP,200,854,,
2026-09-03T08:02:02.895671+00:00,LibGen,LibGen.bz,UP,200,753,,
2026-09-03T08:03:03.341561+00:00,LibGen,LibGen.bz,UP,200,840,,
2026-09-03T08:04:06.335864+00:00,LibGen,LibGen.bz,DEGRADED,200,3060,latency_high,
2026-09-03T08:05:04.541945+00:00,LibGen,LibGen.bz,UP,200,851,,
2026-09-03T08:06:05.786769+00:00,LibGen,LibGen.bz,UP,200,740,,
2026-09-03T08:07:05.723051+00:00,LibGen,LibGen.bz,UP,200,252,,
2026-09-03T08:08:07.380250+00:00,LibGen,LibGen.bz,UP,200,710,,
2026-09-03T08:09:07.662099+00:00,LibGen,LibGen.bz,UP,200,251,,
2026-09-03T08:10:09.028267+00:00,LibGen,LibGen.bz,UP,200,883,,
2026-09-03T08:11:11.332187+00:00,LibGen,LibGen.bz,UP,200,2223,,
2026-09-03T08:12:10.862983+00:00,LibGen,LibGen.bz,UP,200,1407,,
2026-09-03T08:13:11.430202+00:00,LibGen,LibGen.bz,UP,200,705,,
2026-09-03T08:14:11.316549+00:00,LibGen,LibGen.bz,UP,200,335,,
2026-09-03T08:15:13.100217+00:00,LibGen,LibGen.bz,UP,200,813,,
2026-09-03T08:16:13.542886+00:00,LibGen,LibGen.bz,UP,200,776,,
2026-09-03T08:17:14.377900+00:00,LibGen,LibGen.bz,UP,200,709,,
2026-09-03T08:18:16.381410+00:00,LibGen,LibGen.bz,UP,200,719,,
2026-09-03T08:19:18.189427+00:00,LibGen,LibGen.bz,UP,200,1706,,
2026-09-03T08:20:16.770502+00:00,LibGen,LibGen.bz,UP,200,693,,
2026-09-03T08:21:19.804952+00:00,LibGen,LibGen.bz,UP,200,685,,
2026-09-03T08:22:18.336034+00:00,LibGen,LibGen.bz,UP,200,613,,
2026-09-03T08:23:19.203263+00:00,LibGen,LibGen.bz,UP,200,640,,
2026-09-03T08:24:20.450851+00:00,LibGen,LibGen.bz,UP,200,748,,
2026-09-03T08:25:21.175506+00:00,LibGen,LibGen.bz,UP,200,706,,
2026-09-03T08:26:41.508896+00:00,LibGen,LibGen.bz,DOWN,,,connection_refused,
2026-09-03T08:27:22.203611+00:00,LibGen,LibGen.bz,UP,200,684,,
2026-09-03T08:28:22.583558+00:00,LibGen,LibGen.bz,UP,200,669,,
2026-09-03T08:29:23.433690+00:00,LibGen,LibGen.bz,UP,200,704,,
2026-09-03T08:30:24.824246+00:00,LibGen,LibGen.bz,UP,200,718,,
2026-09-03T08:31:25.198025+00:00,LibGen,LibGen.bz,UP,200,736,,
2026-09-03T08:32:25.800200+00:00,LibGen,LibGen.bz,UP,200,875,,
2026-09-03T08:33:47.536582+00:00,LibGen,LibGen.bz,DOWN,,,connection_refused,
2026-09-03T08:34:27.821734+00:00,LibGen,LibGen.bz,UP,200,798,,
2026-09-03T08:35:27.326684+00:00,LibGen,LibGen.bz,UP,200,288,,
2026-09-03T08:36:28.383912+00:00,LibGen,LibGen.bz,UP,200,251,,
2026-09-03T08:37:31.783445+00:00,LibGen,LibGen.bz,DEGRADED,200,3750,latency_high,
2026-09-03T08:38:29.597844+00:00,LibGen,LibGen.bz,UP,200,999,,
2026-09-03T08:39:30.721743+00:00,LibGen,LibGen.bz,UP,200,1641,,
2026-09-03T08:40:30.330829+00:00,LibGen,LibGen.bz,UP,200,1222,,
2026-09-03T08:41:30.589114+00:00,LibGen,LibGen.bz,UP,200,776,,
2026-09-03T08:42:32.523953+00:00,LibGen,LibGen.bz,UP,200,1921,,
2026-09-03T08:43:32.140880+00:00,LibGen,LibGen.bz,UP,200,697,,
2026-09-03T08:44:32.919376+00:00,LibGen,LibGen.bz,UP,200,717,,
2026-09-03T08:45:33.968241+00:00,LibGen,LibGen.bz,UP,200,832,,
2026-09-03T08:46:33.817245+00:00,LibGen,LibGen.bz,UP,200,259,,
2026-09-03T08:47:34.918501+00:00,LibGen,LibGen.bz,UP,200,618,,
2026-09-03T08:48:35.276476+00:00,LibGen,LibGen.bz,UP,200,600,,
2026-09-03T08:49:36.184346+00:00,LibGen,LibGen.bz,UP,200,625,,
2026-09-03T08:50:36.822361+00:00,LibGen,LibGen.bz,UP,200,637,,
2026-09-03T08:51:38.082779+00:00,LibGen,LibGen.bz,UP,200,706,,
2026-09-03T08:52:38.367221+00:00,LibGen,LibGen.bz,UP,200,701,,
2026-09-03T08:53:39.416762+00:00,LibGen,LibGen.bz,UP,200,814,,
2026-09-03T08:54:40.921219+00:00,LibGen,LibGen.bz,UP,200,984,,
2026-09-03T08:55:41.944691+00:00,LibGen,LibGen.bz,UP,200,746,,
2026-09-03T08:56:41.684115+00:00,LibGen,LibGen.bz,UP,200,735,,
2026-09-03T08:57:42.338547+00:00,LibGen,LibGen.bz,UP,200,615,,
2026-09-03T08:58:45.503140+00:00,LibGen,LibGen.bz,UP,200,2864,,
2026-09-03T08:59:44.220795+00:00,LibGen,LibGen.bz,UP,200,890,,
2026-09-03T09:00:44.872691+00:00,LibGen,LibGen.bz,UP,200,808,,
2026-09-03T09:01:45.820200+00:00,LibGen,LibGen.bz,UP,200,810,,
2026-09-03T09:02:46.847756+00:00,LibGen,LibGen.bz,UP,200,568,,
2026-09-03T09:03:47.264773+00:00,LibGen,LibGen.bz,UP,200,686,,
2026-09-03T09:04:49.057948+00:00,LibGen,LibGen.bz,UP,200,614,,
2026-09-03T09:05:51.930585+00:00,LibGen,LibGen.bz,DEGRADED,200,3748,latency_high,
2026-09-03T09:06:49.923791+00:00,LibGen,LibGen.bz,UP,200,772,,
2026-09-03T09:07:50.679859+00:00,LibGen,LibGen.bz,UP,200,673,,
2026-09-03T09:08:51.660480+00:00,LibGen,LibGen.bz,UP,200,826,,
2026-09-03T09:09:52.448362+00:00,LibGen,LibGen.bz,UP,200,783,,
2026-09-03T09:10:53.201873+00:00,LibGen,LibGen.bz,UP,200,727,,
2026-09-03T09:11:53.944057+00:00,LibGen,LibGen.bz,UP,200,601,,
2026-09-03T09:12:54.845509+00:00,LibGen,LibGen.bz,UP,200,672,,
2026-09-03T09:13:54.955590+00:00,LibGen,LibGen.bz,UP,200,687,,
2026-09-03T09:14:55.867929+00:00,LibGen,LibGen.bz,UP,200,809,,
2026-09-03T09:15:56.524650+00:00,LibGen,LibGen.bz,UP,200,641,,
2026-09-03T09:16:57.575475+00:00,LibGen,LibGen.bz,UP,200,714,,
2026-09-03T09:18:04.384819+00:00,LibGen,LibGen.bz,DEGRADED,200,7904,latency_high,
2026-09-03T09:18:57.919947+00:00,LibGen,LibGen.bz,UP,200,696,,
2026-09-03T09:19:58.651626+00:00,LibGen,LibGen.bz,UP,200,661,,
2026-09-03T09:20:58.852816+00:00,LibGen,LibGen.bz,UP,200,768,,
2026-09-03T09:21:59.880532+00:00,LibGen,LibGen.bz,UP,200,748,,
2026-09-03T09:23:19.750366+00:00,LibGen,LibGen.bz,DOWN,,,connection_refused,
2026-09-03T09:24:02.073955+00:00,LibGen,LibGen.bz,UP,200,1060,,
2026-09-03T09:25:01.044153+00:00,LibGen,LibGen.bz,UP,200,988,,
2026-09-03T09:26:01.431653+00:00,LibGen,LibGen.bz,UP,200,876,,
2026-09-03T09:27:01.652307+00:00,LibGen,LibGen.bz,UP,200,734,,
2026-09-03T09:28:02.477002+00:00,LibGen,LibGen.bz,UP,200,978,,
2026-09-03T09:29:02.544796+00:00,LibGen,LibGen.bz,UP,200,921,,
2026-09-03T09:30:04.613642+00:00,LibGen,LibGen.bz,UP,200,1727,,
2026-09-03T09:31:03.412510+00:00,LibGen,LibGen.bz,UP,200,265,,
2026-09-03T09:32:05.226653+00:00,LibGen,LibGen.bz,UP,200,747,,
2026-09-03T09:33:05.368202+00:00,LibGen,LibGen.bz,UP,200,682,,
2026-09-03T09:34:06.694717+00:00,LibGen,LibGen.bz,UP,200,802,,
2026-09-03T09:35:06.466327+00:00,LibGen,LibGen.bz,UP,200,867,,
2026-09-03T09:36:07.708113+00:00,LibGen,LibGen.bz,UP,200,1076,,
2026-09-03T09:37:07.988726+00:00,LibGen,LibGen.bz,UP,200,705,,
2026-09-03T09:38:09.727971+00:00,LibGen,LibGen.bz,UP,200,1136,,
2026-09-03T09:39:11.276729+00:00,LibGen,LibGen.bz,UP,200,2358,,
2026-09-03T09:40:10.886135+00:00,LibGen,LibGen.bz,UP,200,1077,,
2026-09-03T09:41:11.393524+00:00,LibGen,LibGen.bz,UP,200,776,,
2026-09-03T09:42:12.408077+00:00,LibGen,LibGen.bz,UP,200,631,,
2026-09-03T09:43:13.238753+00:00,LibGen,LibGen.bz,UP,200,690,,
2026-09-03T09:44:13.500967+00:00,LibGen,LibGen.bz,UP,200,632,,
2026-09-03T09:45:14.490196+00:00,LibGen,LibGen.bz,UP,200,799,,
2026-09-03T09:46:15.261029+00:00,LibGen,LibGen.bz,UP,200,722,,
2026-09-03T09:47:35.284810+00:00,LibGen,LibGen.bz,DOWN,,,connection_refused,
2026-09-03T09:48:37.240261+00:00,LibGen,LibGen.bz,DOWN,,,connection_refused,
2026-09-03T09:49:16.950504+00:00,LibGen,LibGen.bz,UP,200,777,,
2026-09-03T09:50:19.036884+00:00,LibGen,LibGen.bz,UP,200,916,,
2026-09-03T09:51:19.071885+00:00,LibGen,LibGen.bz,UP,200,867,,
2026-09-03T09:52:19.189528+00:00,LibGen,LibGen.bz,UP,200,976,,
2026-09-03T09:53:20.401517+00:00,LibGen,LibGen.bz,UP,200,946,,
2026-09-03T09:54:20.984846+00:00,LibGen,LibGen.bz,UP,200,750,,
2026-09-03T09:55:21.471611+00:00,LibGen,LibGen.bz,UP,200,872,,
2026-09-03T09:56:22.237019+00:00,LibGen,LibGen.bz,UP,200,696,,
2026-09-03T09:57:23.517804+00:00,LibGen,LibGen.bz,UP,200,726,,
2026-09-03T09:58:24.302855+00:00,LibGen,LibGen.bz,UP,200,601,,
2026-09-03T09:59:24.320811+00:00,LibGen,LibGen.bz,UP,200,704,,
2026-09-03T10:00:25.249723+00:00,LibGen,LibGen.bz,UP,200,835,,
2026-09-03T10:01:26.273640+00:00,LibGen,LibGen.bz,UP,200,1272,,
2026-09-03T10:02:26.608393+00:00,LibGen,LibGen.bz,UP,200,802,,
2026-09-03T10:03:26.560811+00:00,LibGen,LibGen.bz,UP,200,744,,
2026-09-03T10:04:27.712757+00:00,LibGen,LibGen.bz,UP,200,990,,
2026-09-03T10:05:27.110115+00:00,LibGen,LibGen.bz,UP,200,818,,
2026-09-03T10:06:28.069760+00:00,LibGen,LibGen.bz,UP,200,824,,
2026-09-03T10:07:29.536338+00:00,LibGen,LibGen.bz,UP,200,1156,,
2026-09-03T10:08:28.117457+00:00,LibGen,LibGen.bz,UP,200,732,,
2026-09-03T10:09:28.199243+00:00,LibGen,LibGen.bz,UP,200,709,,
2026-09-03T10:10:29.438575+00:00,LibGen,LibGen.bz,UP,200,1198,,
2026-09-03T10:11:29.089066+00:00,LibGen,LibGen.bz,UP,200,720,,
2026-09-03T10:12:50.523822+00:00,LibGen,LibGen.bz,DOWN,,,connection_refused,
2026-09-03T10:13:30.626499+00:00,LibGen,LibGen.bz,UP,200,1146,,
2026-09-03T10:14:30.500932+00:00,LibGen,LibGen.bz,UP,200,672,,
2026-09-03T10:15:30.760366+00:00,LibGen,LibGen.bz,UP,200,904,,
2026-09-03T10:16:32.221268+00:00,LibGen,LibGen.bz,UP,200,738,,
2026-09-03T10:17:31.850015+00:00,LibGen,LibGen.bz,UP,200,1092,,
2026-09-03T10:18:31.765175+00:00,LibGen,LibGen.bz,UP,200,292,,
2026-09-03T10:19:32.775991+00:00,LibGen,LibGen.bz,UP,200,764,,
2026-09-03T10:20:32.488993+00:00,LibGen,LibGen.bz,UP,200,802,,
2026-09-03T10:21:33.634538+00:00,LibGen,LibGen.bz,UP,200,967,,
2026-09-03T10:22:33.678718+00:00,LibGen,LibGen.bz,UP,200,722,,
2026-09-03T10:23:34.276730+00:00,LibGen,LibGen.bz,UP,200,1109,,
2026-09-03T10:24:54.987990+00:00,LibGen,LibGen.bz,DOWN,,,connection_refused,
2026-09-03T10:25:35.725712+00:00,LibGen,LibGen.bz,UP,200,865,,
2026-09-03T10:26:36.933809+00:00,LibGen,LibGen.bz,UP,200,709,,
2026-09-03T10:27:37.395547+00:00,LibGen,LibGen.bz,UP,200,858,,
2026-09-03T10:28:38.222890+00:00,LibGen,LibGen.bz,UP,200,755,,
2026-09-03T10:29:38.283524+00:00,LibGen,LibGen.bz,UP,200,749,,
2026-09-03T10:30:38.870028+00:00,LibGen,LibGen.bz,UP,200,800,,
2026-09-03T10:31:41.991586+00:00,LibGen,LibGen.bz,DEGRADED,200,3828,latency_high,
2026-09-03T10:32:39.088955+00:00,LibGen,LibGen.bz,UP,200,759,,
2026-09-03T10:33:39.672518+00:00,LibGen,LibGen.bz,UP,200,738,,
2026-09-03T10:34:39.844601+00:00,LibGen,LibGen.bz,UP,200,697,,
2026-09-03T10:35:51.456467+00:00,LibGen,LibGen.bz,DEGRADED,200,10339,latency_high,
2026-09-03T10:36:41.640727+00:00,LibGen,LibGen.bz,UP,200,783,,
2026-09-03T10:37:42.918234+00:00,LibGen,LibGen.bz,UP,200,697,,
2026-09-03T10:38:44.182934+00:00,LibGen,LibGen.bz,UP,200,1039,,
2026-09-03T10:39:43.843559+00:00,LibGen,LibGen.bz,UP,200,693,,
2026-09-03T10:40:44.929950+00:00,LibGen,LibGen.bz,UP,200,1093,,
2026-09-03T10:41:45.510251+00:00,LibGen,LibGen.bz,UP,200,706,,
2026-09-03T10:42:46.632060+00:00,LibGen,LibGen.bz,UP,200,676,,
2026-09-03T10:43:48.516193+00:00,LibGen,LibGen.bz,UP,200,786,,
2026-09-03T10:44:47.611862+00:00,LibGen,LibGen.bz,UP,200,786,,
2026-09-03T10:45:47.737908+00:00,LibGen,LibGen.bz,UP,200,746,,
2026-09-03T10:46:48.755612+00:00,LibGen,LibGen.bz,UP,200,817,,
2026-09-03T10:47:49.627692+00:00,LibGen,LibGen.bz,UP,200,811,,
2026-09-03T10:48:50.551314+00:00,LibGen,LibGen.bz,UP,200,794,,
2026-09-03T10:49:51.321143+00:00,LibGen,LibGen.bz,UP,200,700,,
2026-09-03T10:50:52.337783+00:00,LibGen,LibGen.bz,UP,200,799,,
2026-09-03T10:51:53.915269+00:00,LibGen,LibGen.bz,UP,200,1034,,
2026-09-03T10:52:54.578509+00:00,LibGen,LibGen.bz,UP,200,836,,
2026-09-03T10:53:55.386238+00:00,LibGen,LibGen.bz,UP,200,686,,
2026-09-03T10:54:54.965322+00:00,LibGen,LibGen.bz,UP,200,730,,
2026-09-03T10:55:55.516849+00:00,LibGen,LibGen.bz,UP,200,787,,
2026-09-03T10:56:55.271944+00:00,LibGen,LibGen.bz,UP,200,307,,
2026-09-03T10:57:56.630471+00:00,LibGen,LibGen.bz,UP,200,754,,
2026-09-03T10:59:16.447571+00:00,LibGen,LibGen.bz,DOWN,,,connection_refused,
2026-09-03T10:59:57.189267+00:00,LibGen,LibGen.bz,UP,200,634,,
2026-09-03T11:00:58.355091+00:00,LibGen,LibGen.bz,UP,200,804,,
2026-09-03T11:01:59.272355+00:00,LibGen,LibGen.bz,UP,200,1040,,
2026-09-03T11:02:59.208863+00:00,LibGen,LibGen.bz,UP,200,633,,
2026-09-03T11:04:00.069679+00:00,LibGen,LibGen.bz,UP,200,981,,
2026-09-03T11:04:59.502518+00:00,LibGen,LibGen.bz,UP,200,238,,
2026-09-03T11:06:00.443826+00:00,LibGen,LibGen.bz,UP,200,727,,
2026-09-03T11:07:00.110546+00:00,LibGen,LibGen.bz,UP,200,752,,
2026-09-03T11:08:01.176086+00:00,LibGen,LibGen.bz,UP,200,880,,
2026-09-03T11:09:01.682803+00:00,LibGen,LibGen.bz,UP,200,924,,
2026-09-03T11:10:02.662678+00:00,LibGen,LibGen.bz,UP,200,2164,,
2026-09-03T11:11:01.620282+00:00,LibGen,LibGen.bz,UP,200,935,,
2026-09-03T11:12:02.896653+00:00,LibGen,LibGen.bz,UP,200,1187,,
2026-09-03T11:13:03.129668+00:00,LibGen,LibGen.bz,UP,200,936,,
2026-09-03T11:14:03.458501+00:00,LibGen,LibGen.bz,UP,200,924,,
2026-09-03T11:15:04.412033+00:00,LibGen,LibGen.bz,UP,200,1019,,
2026-09-03T11:16:04.255537+00:00,LibGen,LibGen.bz,UP,200,725,,
2026-09-03T11:17:05.049603+00:00,LibGen,LibGen.bz,UP,200,989,,
2026-09-03T11:18:04.949518+00:00,LibGen,LibGen.bz,UP,200,765,,
2026-09-03T11:19:05.845675+00:00,LibGen,LibGen.bz,UP,200,701,,
2026-09-03T11:20:10.533967+00:00,LibGen,LibGen.bz,UP,200,889,,
2026-09-03T11:21:07.421356+00:00,LibGen,LibGen.bz,UP,200,1154,,
2026-09-03T11:22:07.355421+00:00,LibGen,LibGen.bz,UP,200,276,,
2026-09-03T11:23:08.983926+00:00,LibGen,LibGen.bz,UP,200,860,,
2026-09-03T11:24:08.021453+00:00,LibGen,LibGen.bz,UP,200,786,,
2026-09-03T11:25:08.659704+00:00,LibGen,LibGen.bz,UP,200,954,,
2026-09-03T11:26:09.881872+00:00,LibGen,LibGen.bz,UP,200,735,,
2026-09-03T11:27:12.124491+00:00,LibGen,LibGen.bz,DEGRADED,200,3917,latency_high,
2026-09-03T11:28:12.344809+00:00,LibGen,LibGen.bz,DEGRADED,200,3159,latency_high,
2026-09-03T11:29:12.712409+00:00,LibGen,LibGen.bz,UP,200,2186,,
2026-09-03T11:30:12.754375+00:00,LibGen,LibGen.bz,UP,200,1736,,
2026-09-03T11:31:12.837231+00:00,LibGen,LibGen.bz,UP,200,1293,,
2026-09-03T11:32:12.985551+00:00,LibGen,LibGen.bz,UP,200,1827,,
2026-09-03T11:33:15.060815+00:00,LibGen,LibGen.bz,DEGRADED,200,3722,latency_high,
2026-09-03T11:34:33.146801+00:00,LibGen,LibGen.bz,DOWN,,,connection_refused,
2026-09-03T11:35:13.049131+00:00,LibGen,LibGen.bz,UP,200,668,,
2026-09-03T11:36:14.086487+00:00,LibGen,LibGen.bz,UP,200,792,,
2026-09-03T11:37:15.262312+00:00,LibGen,LibGen.bz,UP,200,1468,,
2026-09-03T11:38:15.222095+00:00,LibGen,LibGen.bz,UP,200,883,,
2026-09-03T11:39:17.327637+00:00,LibGen,LibGen.bz,UP,200,1142,,
2026-09-03T11:40:36.659825+00:00,LibGen,LibGen.bz,DOWN,,,connection_refused,
2026-09-03T11:41:16.259581+00:00,LibGen,LibGen.bz,UP,200,890,,
2026-09-03T11:42:16.338435+00:00,LibGen,LibGen.bz,UP,200,802,,
2026-09-03T11:43:17.252654+00:00,LibGen,LibGen.bz,UP,200,805,,
2026-09-03T11:44:17.888966+00:00,LibGen,LibGen.bz,UP,200,1254,,
2026-09-03T11:45:17.153857+00:00,LibGen,LibGen.bz,UP,200,885,,
2026-09-03T11:46:18.365609+00:00,LibGen,LibGen.bz,UP,200,1105,,
2026-09-03T11:47:18.457259+00:00,LibGen,LibGen.bz,UP,200,1235,,
2026-09-03T11:48:17.842785+00:00,LibGen,LibGen.bz,UP,200,731,,
2026-09-03T11:49:18.872859+00:00,LibGen,LibGen.bz,UP,200,806,,
2026-09-03T11:50:19.004747+00:00,LibGen,LibGen.bz,UP,200,924,,
2026-09-03T11:51:19.498742+00:00,LibGen,LibGen.bz,UP,200,818,,
2026-09-03T11:52:19.921389+00:00,LibGen,LibGen.bz,UP,200,816,,
2026-09-03T11:53:20.782876+00:00,LibGen,LibGen.bz,UP,200,1071,,
2026-09-03T11:54:21.155692+00:00,LibGen,LibGen.bz,UP,200,764,,
2026-09-03T11:55:22.447575+00:00,LibGen,LibGen.bz,UP,200,722,,
2026-09-03T11:56:23.389744+00:00,LibGen,LibGen.bz,UP,200,903,,
2026-09-03T11:57:23.562467+00:00,LibGen,LibGen.bz,UP,200,791,,
2026-09-03T11:58:23.484698+00:00,LibGen,LibGen.bz,UP,200,719,,
2026-09-03T11:59:24.005041+00:00,LibGen,LibGen.bz,UP,200,731,,
2026-09-03T12:00:24.373820+00:00,LibGen,LibGen.bz,UP,200,975,,
2026-09-03T12:01:25.452579+00:00,LibGen,LibGen.bz,UP,200,903,,
2026-09-03T12:02:25.728478+00:00,LibGen,LibGen.bz,UP,200,849,,
2026-09-03T12:03:26.262920+00:00,LibGen,LibGen.bz,UP,200,800,,
2026-09-03T12:04:25.949101+00:00,LibGen,LibGen.bz,UP,200,773,,
2026-09-03T12:05:26.475879+00:00,LibGen,LibGen.bz,UP,200,348,,
2026-09-03T12:06:26.896608+00:00,LibGen,LibGen.bz,UP,200,815,,
2026-09-03T12:07:27.401611+00:00,LibGen,LibGen.bz,UP,200,842,,
2026-09-03T12:08:27.799592+00:00,LibGen,LibGen.bz,UP,200,714,,
2026-09-03T12:09:30.652682+00:00,LibGen,LibGen.bz,DEGRADED,200,3529,latency_high,
2026-09-03T12:10:28.023884+00:00,LibGen,LibGen.bz,UP,200,858,,
2026-09-03T12:11:28.470808+00:00,LibGen,LibGen.bz,UP,200,866,,
2026-09-03T12:12:28.907617+00:00,LibGen,LibGen.bz,UP,200,711,,
2026-09-03T12:13:29.353459+00:00,LibGen,LibGen.bz,UP,200,869,,
2026-09-03T12:14:29.754082+00:00,LibGen,LibGen.bz,UP,200,892,,
2026-09-03T12:15:30.482430+00:00,LibGen,LibGen.bz,UP,200,934,,
2026-09-03T12:16:31.915145+00:00,LibGen,LibGen.bz,UP,200,1172,,
2026-09-03T12:17:31.877772+00:00,LibGen,LibGen.bz,UP,200,1363,,
2026-09-03T12:18:31.618595+00:00,LibGen,LibGen.bz,UP,200,986,,
2026-09-03T12:19:34.972695+00:00,LibGen,LibGen.bz,DEGRADED,200,3880,latency_high,
2026-09-03T12:20:32.278948+00:00,LibGen,LibGen.bz,UP,200,799,,
2026-09-03T12:21:32.533365+00:00,LibGen,LibGen.bz,UP,200,800,,
2026-09-03T12:22:34.198918+00:00,LibGen,LibGen.bz,UP,200,1328,,
2026-09-03T12:23:34.259484+00:00,LibGen,LibGen.bz,UP,200,1662,,
2026-09-03T12:24:34.589455+00:00,LibGen,LibGen.bz,UP,200,797,,
2026-09-03T12:25:34.129883+00:00,LibGen,LibGen.bz,UP,200,872,,
2026-09-03T12:26:53.728603+00:00,LibGen,LibGen.bz,DOWN,,,connection_refused,
2026-09-03T12:27:34.413563+00:00,LibGen,LibGen.bz,UP,200,805,,
2026-09-03T12:28:37.962072+00:00,LibGen,LibGen.bz,DEGRADED,200,3869,latency_high,
2026-09-03T12:29:35.613043+00:00,LibGen,LibGen.bz,UP,200,682,,
2026-09-03T12:30:36.468264+00:00,LibGen,LibGen.bz,UP,200,1060,,
2026-09-03T12:31:36.336541+00:00,LibGen,LibGen.bz,UP,200,836,,
2026-09-03T12:32:35.543611+00:00,LibGen,LibGen.bz,UP,200,292,,
2026-09-03T12:33:37.081924+00:00,LibGen,LibGen.bz,UP,200,1212,,
2026-09-03T12:34:36.969347+00:00,LibGen,LibGen.bz,UP,200,947,,
2026-09-03T12:35:57.370816+00:00,LibGen,LibGen.bz,DOWN,,,connection_refused,
2026-09-03T12:36:37.037090+00:00,LibGen,LibGen.bz,UP,200,907,,
2026-09-03T12:37:36.996197+00:00,LibGen,LibGen.bz,UP,200,779,,
2026-09-03T12:38:37.484127+00:00,LibGen,LibGen.bz,UP,200,826,,
2026-09-03T12:39:38.762886+00:00,LibGen,LibGen.bz,UP,200,742,,
2026-09-03T12:40:38.980103+00:00,LibGen,LibGen.bz,UP,200,787,,
2026-09-03T12:41:40.005420+00:00,LibGen,LibGen.bz,UP,200,866,,
2026-09-03T12:42:38.945399+00:00,LibGen,LibGen.bz,UP,200,263,,
2026-09-03T12:43:40.528314+00:00,LibGen,LibGen.bz,UP,200,980,,
2026-09-03T12:44:42.132832+00:00,LibGen,LibGen.bz,UP,200,1147,,
2026-09-03T12:45:42.015619+00:00,LibGen,LibGen.bz,UP,200,842,,
2026-09-03T12:46:42.791053+00:00,LibGen,LibGen.bz,UP,200,822,,
2026-09-03T12:47:43.641453+00:00,LibGen,LibGen.bz,UP,200,1783,,
2026-09-03T12:48:43.370573+00:00,LibGen,LibGen.bz,UP,200,763,,
2026-09-03T12:49:43.888813+00:00,LibGen,LibGen.bz,UP,200,582,,
2026-09-03T12:50:43.395705+00:00,LibGen,LibGen.bz,UP,200,766,,
2026-09-03T12:51:43.472967+00:00,LibGen,LibGen.bz,UP,200,740,,
2026-09-03T12:52:44.726613+00:00,LibGen,LibGen.bz,UP,200,929,,
2026-09-03T12:53:45.125223+00:00,LibGen,LibGen.bz,UP,200,829,,
2026-09-03T12:54:45.528629+00:00,LibGen,LibGen.bz,UP,200,776,,
2026-09-03T12:55:46.725957+00:00,LibGen,LibGen.bz,UP,200,668,,
2026-09-03T12:57:08.449213+00:00,LibGen,LibGen.bz,DOWN,,,connection_refused,
2026-09-03T12:57:48.114104+00:00,LibGen,LibGen.bz,UP,200,675,,
2026-09-03T12:58:48.196924+00:00,LibGen,LibGen.bz,UP,200,747,,
2026-09-03T12:59:49.319582+00:00,LibGen,LibGen.bz,UP,200,930,,
2026-09-03T13:00:50.672855+00:00,LibGen,LibGen.bz,UP,200,1787,,
2026-09-03T13:01:49.450523+00:00,LibGen,LibGen.bz,UP,200,771,,
2026-09-03T13:02:50.258754+00:00,LibGen,LibGen.bz,UP,200,671,,
2026-09-03T13:03:51.714358+00:00,LibGen,LibGen.bz,UP,200,774,,
2026-09-03T13:04:52.809880+00:00,LibGen,LibGen.bz,UP,200,868,,
2026-09-03T13:05:52.809154+00:00,LibGen,LibGen.bz,UP,200,242,,
2026-09-03T13:06:54.340005+00:00,LibGen,LibGen.bz,UP,200,811,,
2026-09-03T13:07:53.794497+00:00,LibGen,LibGen.bz,UP,200,784,,
2026-09-03T13:08:55.052899+00:00,LibGen,LibGen.bz,UP,200,1477,,
2026-09-03T13:09:54.890764+00:00,LibGen,LibGen.bz,UP,200,814,,
2026-09-03T13:10:55.020643+00:00,LibGen,LibGen.bz,UP,200,815,,
2026-09-03T13:11:56.726766+00:00,LibGen,LibGen.bz,UP,200,771,,
2026-09-03T13:12:55.861213+00:00,LibGen,LibGen.bz,UP,200,729,,
2026-09-03T13:13:56.700362+00:00,LibGen,LibGen.bz,UP,200,767,,
2026-09-03T13:15:18.115566+00:00,LibGen,LibGen.bz,DOWN,,,connection_refused,
2026-09-03T13:15:58.599904+00:00,LibGen,LibGen.bz,UP,200,738,,
2026-09-03T13:16:59.108609+00:00,LibGen,LibGen.bz,UP,200,1147,,
2026-09-03T13:17:59.178877+00:00,LibGen,LibGen.bz,UP,200,814,,
2026-09-03T13:18:58.998703+00:00,LibGen,LibGen.bz,UP,200,796,,
2026-09-03T13:19:58.767525+00:00,LibGen,LibGen.bz,UP,200,527,,
2026-09-03T13:21:00.638517+00:00,LibGen,LibGen.bz,UP,200,725,,
2026-09-03T13:22:05.948832+00:00,LibGen,LibGen.bz,DEGRADED,200,5832,latency_high,
2026-09-03T13:23:03.085627+00:00,LibGen,LibGen.bz,UP,200,629,,
2026-09-03T13:24:02.372079+00:00,LibGen,LibGen.bz,UP,200,595,,
2026-09-03T13:25:03.597377+00:00,LibGen,LibGen.bz,UP,200,847,,
2026-09-03T13:26:04.713615+00:00,LibGen,LibGen.bz,UP,200,1289,,
2026-09-03T13:27:05.673151+00:00,LibGen,LibGen.bz,UP,200,1346,,
2026-09-03T13:28:05.263267+00:00,LibGen,LibGen.bz,UP,200,804,,
2026-09-03T13:29:04.478653+00:00,LibGen,LibGen.bz,UP,200,790,,
2026-09-03T13:30:05.142844+00:00,LibGen,LibGen.bz,UP,200,1216,,
2026-09-03T13:31:05.057163+00:00,LibGen,LibGen.bz,UP,200,616,,
2026-09-03T13:32:05.826547+00:00,LibGen,LibGen.bz,UP,200,975,,
2026-09-03T13:33:25.976455+00:00,LibGen,LibGen.bz,DOWN,,,connection_refused,
2026-09-03T13:34:06.409396+00:00,LibGen,LibGen.bz,UP,200,717,,
2026-09-03T13:35:07.993916+00:00,LibGen,LibGen.bz,UP,200,844,,
2026-09-03T13:36:07.641240+00:00,LibGen,LibGen.bz,UP,200,842,,
2026-09-03T13:37:07.269108+00:00,LibGen,LibGen.bz,UP,200,324,,
2026-09-03T13:38:07.918475+00:00,LibGen,LibGen.bz,UP,200,702,,
2026-09-03T13:39:08.544146+00:00,LibGen,LibGen.bz,UP,200,769,,
2026-09-03T13:40:09.037450+00:00,LibGen,LibGen.bz,UP,200,1110,,
2026-09-03T13:41:09.904541+00:00,LibGen,LibGen.bz,UP,200,686,,
2026-09-03T13:42:14.263214+00:00,LibGen,LibGen.bz,DEGRADED,200,5157,latency_high,
2026-09-03T13:43:14.901544+00:00,LibGen,LibGen.bz,DEGRADED,200,4974,latency_high,
2026-09-03T13:44:14.495690+00:00,LibGen,LibGen.bz,DEGRADED,200,3166,latency_high,
2026-09-03T13:45:14.815441+00:00,LibGen,LibGen.bz,UP,200,1754,,
2026-09-03T13:46:12.615419+00:00,LibGen,LibGen.bz,DOWN,500,744,http_error,
2026-09-03T13:47:15.977638+00:00,LibGen,LibGen.bz,DEGRADED,200,3452,latency_high,
2026-09-03T13:48:12.749661+00:00,LibGen,LibGen.bz,UP,200,255,,
2026-09-03T13:49:14.291167+00:00,LibGen,LibGen.bz,UP,200,2150,,
2026-09-03T13:50:15.789690+00:00,LibGen,LibGen.bz,UP,200,2457,,
2026-09-03T13:51:13.572020+00:00,LibGen,LibGen.bz,DOWN,500,742,http_error,
2026-09-03T13:52:13.970023+00:00,LibGen,LibGen.bz,DOWN,500,881,http_error,
2026-09-03T13:53:14.157975+00:00,LibGen,LibGen.bz,DOWN,500,887,http_error,
2026-09-03T13:54:15.523774+00:00,LibGen,LibGen.bz,UP,200,2171,,
2026-09-03T13:55:14.577759+00:00,LibGen,LibGen.bz,DOWN,500,732,http_error,
2026-09-03T13:56:14.991095+00:00,LibGen,LibGen.bz,DOWN,500,885,http_error,
2026-09-03T13:57:14.855034+00:00,LibGen,LibGen.bz,DOWN,500,689,http_error,
2026-09-03T13:58:15.329101+00:00,LibGen,LibGen.bz,DOWN,500,706,http_error,
2026-09-03T13:59:16.402150+00:00,LibGen,LibGen.bz,UP,200,769,,
2026-09-03T14:00:16.632326+00:00,LibGen,LibGen.bz,UP,200,796,,
2026-09-03T14:01:17.349731+00:00,LibGen,LibGen.bz,UP,200,683,,
2026-09-03T14:02:17.476066+00:00,LibGen,LibGen.bz,UP,200,1060,,
2026-09-03T14:03:38.127921+00:00,LibGen,LibGen.bz,DOWN,,,connection_refused,
2026-09-03T14:04:18.577710+00:00,LibGen,LibGen.bz,UP,200,1708,,
2026-09-03T14:05:18.427538+00:00,LibGen,LibGen.bz,UP,200,1081,,
2026-09-03T14:06:18.124972+00:00,LibGen,LibGen.bz,UP,200,606,,
2026-09-03T14:07:18.358512+00:00,LibGen,LibGen.bz,UP,200,717,,
2026-09-03T14:08:18.529873+00:00,LibGen,LibGen.bz,UP,200,851,,
2026-09-03T14:09:19.649735+00:00,LibGen,LibGen.bz,UP,200,976,,
2026-09-03T14:10:19.320707+00:00,LibGen,LibGen.bz,UP,200,810,,
2026-09-03T14:11:19.564004+00:00,LibGen,LibGen.bz,UP,200,843,,
2026-09-03T14:12:20.152550+00:00,LibGen,LibGen.bz,UP,200,1229,,
2026-09-03T14:13:24.139095+00:00,LibGen,LibGen.bz,UP,200,2403,,
2026-09-03T14:14:25.011772+00:00,LibGen,LibGen.bz,DEGRADED,200,3900,latency_high,
2026-09-03T14:15:21.666992+00:00,LibGen,LibGen.bz,UP,200,972,,
2026-09-03T14:16:21.504428+00:00,LibGen,LibGen.bz,UP,200,778,,
2026-09-03T14:17:21.361274+00:00,LibGen,LibGen.bz,UP,200,279,,
2026-09-03T14:18:41.836022+00:00,LibGen,LibGen.bz,TIMEOUT,,,timeout,
2026-09-03T14:19:41.970024+00:00,LibGen,LibGen.bz,TIMEOUT,,,timeout,
2026-09-03T14:20:42.122365+00:00,LibGen,LibGen.bz,TIMEOUT,,,timeout,
2026-09-03T14:21:42.337014+00:00,LibGen,LibGen.bz,TIMEOUT,,,timeout,
2026-09-03T14:22:42.375839+00:00,LibGen,LibGen.bz,TIMEOUT,,,timeout,
2026-09-03T14:23:23.176637+00:00,LibGen,LibGen.bz,UP,200,1153,,
2026-09-03T14:24:22.300599+00:00,LibGen,LibGen.bz,UP,200,241,,
2026-09-03T14:25:23.571216+00:00,LibGen,LibGen.bz,UP,200,856,,
2026-09-03T14:26:24.353310+00:00,LibGen,LibGen.bz,UP,200,970,,
2026-09-03T14:27:23.945175+00:00,LibGen,LibGen.bz,UP,200,942,,
2026-09-03T14:28:24.340880+00:00,LibGen,LibGen.bz,UP,200,1143,,
2026-09-03T14:29:24.474010+00:00,LibGen,LibGen.bz,UP,200,787,,
2026-09-03T14:30:30.166580+00:00,LibGen,LibGen.bz,DEGRADED,200,5482,latency_high,
2026-09-03T14:31:45.402905+00:00,LibGen,LibGen.bz,DOWN,,,connection_refused,
2026-09-03T14:32:27.917264+00:00,LibGen,LibGen.bz,UP,200,909,,
2026-09-03T14:33:26.693528+00:00,LibGen,LibGen.bz,UP,200,1159,,
2026-09-03T14:34:26.784902+00:00,LibGen,LibGen.bz,UP,200,958,,
2026-09-03T14:35:28.756666+00:00,LibGen,LibGen.bz,UP,200,673,,
2026-09-03T14:36:27.240467+00:00,LibGen,LibGen.bz,UP,200,811,,
2026-09-03T14:37:27.607580+00:00,LibGen,LibGen.bz,UP,200,913,,
2026-09-03T14:38:28.110164+00:00,LibGen,LibGen.bz,UP,200,822,,
2026-09-03T14:39:28.323979+00:00,LibGen,LibGen.bz,UP,200,851,,
2026-09-03T14:40:29.215478+00:00,LibGen,LibGen.bz,UP,200,881,,
2026-09-03T14:41:30.656399+00:00,LibGen,LibGen.bz,UP,200,2638,,
2026-09-03T14:42:28.889894+00:00,LibGen,LibGen.bz,UP,200,909,,
2026-09-03T14:43:29.319260+00:00,LibGen,LibGen.bz,DOWN,500,777,http_error,
2026-09-03T14:44:29.621146+00:00,LibGen,LibGen.bz,UP,200,805,,
2026-09-03T14:45:30.317881+00:00,LibGen,LibGen.bz,UP,200,832,,
2026-09-03T14:46:31.334321+00:00,LibGen,LibGen.bz,UP,200,1075,,
2026-09-03T14:47:31.247991+00:00,LibGen,LibGen.bz,UP,200,999,,
2026-09-03T14:48:31.331613+00:00,LibGen,LibGen.bz,UP,200,266,,
2026-09-03T14:49:34.945954+00:00,LibGen,LibGen.bz,DEGRADED,200,3906,latency_high,
2026-09-03T14:50:32.552439+00:00,LibGen,LibGen.bz,UP,200,1089,,
2026-09-03T14:51:32.851787+00:00,LibGen,LibGen.bz,UP,200,949,,
2026-09-03T14:52:32.841652+00:00,LibGen,LibGen.bz,UP,200,696,,
2026-09-03T14:53:34.314226+00:00,LibGen,LibGen.bz,UP,200,1134,,
2026-09-03T14:54:33.472410+00:00,LibGen,LibGen.bz,UP,200,282,,
2026-09-03T14:55:41.446797+00:00,LibGen,LibGen.bz,DEGRADED,200,8077,latency_high,
2026-09-03T14:56:35.094453+00:00,LibGen,LibGen.bz,UP,200,796,,
2026-09-03T14:57:35.798508+00:00,LibGen,LibGen.bz,UP,200,637,,
2026-09-03T14:58:36.305570+00:00,LibGen,LibGen.bz,UP,200,721,,
2026-09-03T14:59:36.310981+00:00,LibGen,LibGen.bz,UP,200,286,,
2026-09-03T15:00:37.184826+00:00,LibGen,LibGen.bz,UP,200,910,,
2026-09-03T15:01:37.643822+00:00,LibGen,LibGen.bz,UP,200,790,,
2026-09-03T15:02:57.910263+00:00,LibGen,LibGen.bz,DOWN,,,connection_refused,
2026-09-03T15:03:37.945879+00:00,LibGen,LibGen.bz,UP,200,820,,
2026-09-03T15:04:38.545797+00:00,LibGen,LibGen.bz,UP,200,1306,,
2026-09-03T15:05:39.513359+00:00,LibGen,LibGen.bz,UP,200,2207,,
2026-09-03T15:06:39.099809+00:00,LibGen,LibGen.bz,UP,200,857,,
2026-09-03T15:07:39.983354+00:00,LibGen,LibGen.bz,UP,200,799,,
2026-09-03T15:08:40.921757+00:00,LibGen,LibGen.bz,UP,200,1479,,
2026-09-03T15:09:40.707188+00:00,LibGen,LibGen.bz,UP,200,888,,
2026-09-03T15:10:41.491649+00:00,LibGen,LibGen.bz,UP,200,818,,
2026-09-03T15:11:41.071964+00:00,LibGen,LibGen.bz,UP,200,803,,
2026-09-03T15:12:41.522238+00:00,LibGen,LibGen.bz,UP,200,762,,
2026-09-03T15:13:42.220774+00:00,LibGen,LibGen.bz,UP,200,869,,
2026-09-03T15:14:43.994190+00:00,LibGen,LibGen.bz,UP,200,2089,,
2026-09-03T15:15:42.841494+00:00,LibGen,LibGen.bz,UP,200,833,,
2026-09-03T15:16:43.709896+00:00,LibGen,LibGen.bz,UP,200,1158,,
2026-09-03T15:17:46.458614+00:00,LibGen,LibGen.bz,DEGRADED,200,3307,latency_high,
2026-09-03T15:18:43.647139+00:00,LibGen,LibGen.bz,UP,200,732,,
2026-09-03T15:19:44.658542+00:00,LibGen,LibGen.bz,UP,200,1264,,
2026-09-03T15:20:44.936882+00:00,LibGen,LibGen.bz,UP,200,781,,
2026-09-03T15:21:48.339652+00:00,LibGen,LibGen.bz,DEGRADED,200,3733,latency_high,
2026-09-03T15:22:45.380999+00:00,LibGen,LibGen.bz,UP,200,753,,
2026-09-03T15:23:46.256486+00:00,LibGen,LibGen.bz,UP,200,685,,
2026-09-03T15:24:46.308274+00:00,LibGen,LibGen.bz,DOWN,500,730,http_error,
2026-09-03T15:25:47.427749+00:00,LibGen,LibGen.bz,UP,200,814,,
2026-09-03T15:26:47.480029+00:00,LibGen,LibGen.bz,UP,200,870,,
2026-09-03T15:27:47.146199+00:00,LibGen,LibGen.bz,UP,200,879,,
2026-09-03T15:28:50.564938+00:00,LibGen,LibGen.bz,DOWN,500,4089,http_error,
2026-09-03T15:29:48.075067+00:00,LibGen,LibGen.bz,UP,200,722,,
2026-09-03T15:30:48.035458+00:00,LibGen,LibGen.bz,UP,200,576,,
2026-09-03T15:31:48.687139+00:00,LibGen,LibGen.bz,UP,200,851,,
2026-09-03T15:32:49.072808+00:00,LibGen,LibGen.bz,UP,200,715,,
2026-09-03T15:33:50.038499+00:00,LibGen,LibGen.bz,UP,200,684,,
2026-09-03T15:34:50.632635+00:00,LibGen,LibGen.bz,UP,200,873,,
2026-09-03T15:35:51.493409+00:00,LibGen,LibGen.bz,UP,200,760,,
2026-09-03T15:36:52.455625+00:00,LibGen,LibGen.bz,UP,200,747,,
2026-09-03T15:37:52.525032+00:00,LibGen,LibGen.bz,UP,200,705,,
2026-09-03T15:38:52.652161+00:00,LibGen,LibGen.bz,UP,200,802,,
2026-09-03T15:39:52.795774+00:00,LibGen,LibGen.bz,UP,200,813,,
2026-09-03T15:40:53.425605+00:00,LibGen,LibGen.bz,UP,200,947,,
2026-09-03T15:41:53.819354+00:00,LibGen,LibGen.bz,UP,200,656,,
2026-09-03T15:42:54.858675+00:00,LibGen,LibGen.bz,UP,200,1056,,
2026-09-03T15:43:55.338737+00:00,LibGen,LibGen.bz,UP,200,677,,
2026-09-03T15:44:59.035781+00:00,LibGen,LibGen.bz,UP,200,842,,
2026-09-03T15:45:59.752050+00:00,LibGen,LibGen.bz,DEGRADED,200,3941,latency_high,
2026-09-03T15:46:56.453654+00:00,LibGen,LibGen.bz,UP,200,786,,
2026-09-03T15:48:01.634784+00:00,LibGen,LibGen.bz,DEGRADED,200,5503,latency_high,
2026-09-03T15:48:57.364366+00:00,LibGen,LibGen.bz,UP,200,697,,
2026-09-03T15:49:57.886310+00:00,LibGen,LibGen.bz,UP,200,832,,
2026-09-03T15:50:58.577717+00:00,LibGen,LibGen.bz,UP,200,852,,
2026-09-03T15:51:58.979193+00:00,LibGen,LibGen.bz,UP,200,878,,
2026-09-03T15:53:19.541563+00:00,LibGen,LibGen.bz,DOWN,,,connection_refused,
2026-09-03T15:53:59.235641+00:00,LibGen,LibGen.bz,UP,200,689,,
2026-09-03T15:55:00.740615+00:00,LibGen,LibGen.bz,UP,200,818,,
2026-09-03T15:56:00.625510+00:00,LibGen,LibGen.bz,UP,200,717,,
2026-09-03T15:57:01.327562+00:00,LibGen,LibGen.bz,UP,200,828,,
2026-09-03T15:58:01.579654+00:00,LibGen,LibGen.bz,UP,200,978,,
2026-09-03T15:59:01.979345+00:00,LibGen,LibGen.bz,UP,200,1147,,
2026-09-03T16:00:02.611798+00:00,LibGen,LibGen.bz,UP,200,1225,,
2026-09-03T16:01:02.625791+00:00,LibGen,LibGen.bz,UP,200,1030,,
2026-09-03T16:02:03.002325+00:00,LibGen,LibGen.bz,UP,200,272,,
2026-09-03T16:03:03.808202+00:00,LibGen,LibGen.bz,UP,200,870,,
2026-09-03T16:04:04.853095+00:00,LibGen,LibGen.bz,UP,200,936,,
2026-09-03T16:05:04.913134+00:00,LibGen,LibGen.bz,UP,200,825,,
2026-09-03T16:06:06.159815+00:00,LibGen,LibGen.bz,UP,200,1348,,
2026-09-03T16:07:05.221873+00:00,LibGen,LibGen.bz,UP,200,796,,
2026-09-03T16:08:05.433475+00:00,LibGen,LibGen.bz,UP,200,998,,
2026-09-03T16:09:07.689703+00:00,LibGen,LibGen.bz,UP,200,735,,
2026-09-03T16:10:06.734782+00:00,LibGen,LibGen.bz,UP,200,1265,,
2026-09-03T16:11:06.230602+00:00,LibGen,LibGen.bz,UP,200,325,,
2026-09-03T16:12:06.975219+00:00,LibGen,LibGen.bz,UP,200,840,,
2026-09-03T16:13:07.910584+00:00,LibGen,LibGen.bz,UP,200,794,,
2026-09-03T16:14:08.321157+00:00,LibGen,LibGen.bz,UP,200,658,,
2026-09-03T16:15:08.462774+00:00,LibGen,LibGen.bz,UP,200,733,,
2026-09-03T16:16:09.396390+00:00,LibGen,LibGen.bz,UP,200,1130,,
2026-09-03T16:17:08.764585+00:00,LibGen,LibGen.bz,UP,200,821,,
2026-09-03T16:18:09.560034+00:00,LibGen,LibGen.bz,UP,200,1246,,
2026-09-03T16:19:10.503587+00:00,LibGen,LibGen.bz,UP,200,1717,,
2026-09-03T16:20:13.353027+00:00,LibGen,LibGen.bz,UP,200,2936,,
2026-09-03T16:21:13.439891+00:00,LibGen,LibGen.bz,DEGRADED,200,3891,latency_high,
2026-09-03T16:22:14.250758+00:00,LibGen,LibGen.bz,DEGRADED,200,4194,latency_high,
2026-09-03T16:23:35.423419+00:00,LibGen,LibGen.bz,DOWN,,,connection_refused,
2026-09-03T16:24:17.399951+00:00,LibGen,LibGen.bz,DEGRADED,200,7213,latency_high,
2026-09-03T16:25:15.365072+00:00,LibGen,LibGen.bz,DEGRADED,200,4798,latency_high,
2026-09-03T16:26:14.117783+00:00,LibGen,LibGen.bz,DEGRADED,200,4235,latency_high,
2026-09-03T16:27:13.338001+00:00,LibGen,LibGen.bz,DEGRADED,200,3221,latency_high,
2026-09-03T16:28:14.949677+00:00,LibGen,LibGen.bz,UP,200,2797,,
2026-09-03T16:29:13.907632+00:00,LibGen,LibGen.bz,UP,200,2223,,
2026-09-03T16:30:12.554243+00:00,LibGen,LibGen.bz,DOWN,500,796,http_error,
2026-09-03T16:31:14.309831+00:00,LibGen,LibGen.bz,UP,200,1540,,
2026-09-03T16:32:13.421003+00:00,LibGen,LibGen.bz,UP,200,978,,
2026-09-03T16:33:14.931228+00:00,LibGen,LibGen.bz,UP,200,1327,,
2026-09-03T16:34:13.416962+00:00,LibGen,LibGen.bz,UP,200,815,,
2026-09-03T16:35:13.972257+00:00,LibGen,LibGen.bz,DOWN,500,900,http_error,
2026-09-03T16:36:15.389603+00:00,LibGen,LibGen.bz,UP,200,1715,,
2026-09-03T16:37:14.724642+00:00,LibGen,LibGen.bz,UP,200,962,,
2026-09-03T16:38:15.469476+00:00,LibGen,LibGen.bz,UP,200,964,,
2026-09-03T16:39:15.878097+00:00,LibGen,LibGen.bz,UP,200,838,,
2026-09-03T16:40:16.824590+00:00,LibGen,LibGen.bz,UP,200,807,,
2026-09-03T16:41:17.029052+00:00,LibGen,LibGen.bz,DOWN,500,796,http_error,
2026-09-03T16:42:20.019569+00:00,LibGen,LibGen.bz,UP,200,2694,,
2026-09-03T16:43:18.136899+00:00,LibGen,LibGen.bz,UP,200,926,,
2026-09-03T16:44:18.032649+00:00,LibGen,LibGen.bz,DOWN,500,696,http_error,
2026-09-03T16:45:18.949707+00:00,LibGen,LibGen.bz,UP,200,936,,
2026-09-03T16:46:19.377883+00:00,LibGen,LibGen.bz,UP,200,868,,
2026-09-03T16:47:19.461878+00:00,LibGen,LibGen.bz,UP,200,721,,
2026-09-03T16:48:20.435928+00:00,LibGen,LibGen.bz,UP,200,800,,
2026-09-03T16:49:20.046136+00:00,LibGen,LibGen.bz,UP,200,677,,
2026-09-03T16:50:20.433925+00:00,LibGen,LibGen.bz,UP,200,850,,
2026-09-03T16:51:20.324989+00:00,LibGen,LibGen.bz,DOWN,500,719,http_error,
2026-09-03T16:52:21.519250+00:00,LibGen,LibGen.bz,UP,200,1154,,
2026-09-03T16:53:21.462558+00:00,LibGen,LibGen.bz,UP,200,721,,
2026-09-03T16:54:22.501255+00:00,LibGen,LibGen.bz,UP,200,645,,
2026-09-03T16:55:22.627077+00:00,LibGen,LibGen.bz,UP,200,829,,
2026-09-03T16:56:24.056942+00:00,LibGen,LibGen.bz,UP,200,785,,
2026-09-03T16:57:24.441131+00:00,LibGen,LibGen.bz,UP,200,728,,
2026-09-03T16:58:23.834960+00:00,LibGen,LibGen.bz,UP,200,261,,
2026-09-03T16:59:25.659115+00:00,LibGen,LibGen.bz,UP,200,758,,
2026-09-03T17:00:26.309728+00:00,LibGen,LibGen.bz,UP,200,876,,
2026-09-03T17:01:26.300325+00:00,LibGen,LibGen.bz,UP,200,774,,
2026-09-03T17:02:27.432994+00:00,LibGen,LibGen.bz,UP,200,970,,
2026-09-03T17:03:27.188035+00:00,LibGen,LibGen.bz,UP,200,888,,
2026-09-03T17:04:27.883469+00:00,LibGen,LibGen.bz,UP,200,783,,
2026-09-03T17:05:28.703536+00:00,LibGen,LibGen.bz,UP,200,893,,
2026-09-03T17:06:29.098653+00:00,LibGen,LibGen.bz,UP,200,874,,
2026-09-03T17:07:29.389711+00:00,LibGen,LibGen.bz,UP,200,927,,
2026-09-03T17:08:29.756698+00:00,LibGen,LibGen.bz,UP,200,873,,
2026-09-03T17:09:50.327265+00:00,LibGen,LibGen.bz,DOWN,,,connection_refused,
2026-09-03T17:10:31.484702+00:00,LibGen,LibGen.bz,UP,200,1129,,
2026-09-03T17:11:30.960532+00:00,LibGen,LibGen.bz,UP,200,259,,
2026-09-03T17:12:31.870600+00:00,LibGen,LibGen.bz,UP,200,766,,
2026-09-03T17:13:31.871109+00:00,LibGen,LibGen.bz,UP,200,684,,
2026-09-03T17:14:31.138154+00:00,LibGen,LibGen.bz,UP,200,293,,
2026-09-03T17:15:32.059594+00:00,LibGen,LibGen.bz,UP,200,757,,
2026-09-03T17:16:33.919627+00:00,LibGen,LibGen.bz,UP,200,2070,,
2026-09-03T17:17:33.166406+00:00,LibGen,LibGen.bz,UP,200,603,,
2026-09-03T17:18:32.927703+00:00,LibGen,LibGen.bz,UP,200,765,,
2026-09-03T17:19:34.360150+00:00,LibGen,LibGen.bz,UP,200,884,,
2026-09-03T17:20:33.934649+00:00,LibGen,LibGen.bz,UP,200,968,,
2026-09-03T17:21:34.530182+00:00,LibGen,LibGen.bz,UP,200,873,,
2026-09-03T17:22:35.194471+00:00,LibGen,LibGen.bz,UP,200,797,,
2026-09-03T17:23:35.028591+00:00,LibGen,LibGen.bz,UP,200,797,,
2026-09-03T17:24:36.070889+00:00,LibGen,LibGen.bz,UP,200,1108,,
2026-09-03T17:25:37.490639+00:00,LibGen,LibGen.bz,UP,200,895,,
2026-09-03T17:26:36.791745+00:00,LibGen,LibGen.bz,UP,200,750,,
2026-09-03T17:27:37.084874+00:00,LibGen,LibGen.bz,UP,200,832,,
2026-09-03T17:28:37.681851+00:00,LibGen,LibGen.bz,UP,200,902,,
2026-09-03T17:29:39.610832+00:00,LibGen,LibGen.bz,UP,200,863,,
2026-09-03T17:30:40.217194+00:00,LibGen,LibGen.bz,UP,200,892,,
2026-09-03T17:31:39.749929+00:00,LibGen,LibGen.bz,UP,200,787,,
2026-09-03T17:32:40.426986+00:00,LibGen,LibGen.bz,UP,200,822,,
2026-09-03T17:33:44.058005+00:00,LibGen,LibGen.bz,DEGRADED,200,4171,latency_high,
2026-09-03T17:34:41.693865+00:00,LibGen,LibGen.bz,UP,200,1075,,
2026-09-03T17:35:41.323496+00:00,LibGen,LibGen.bz,UP,200,889,,
2026-09-03T17:36:41.488211+00:00,LibGen,LibGen.bz,UP,200,898,,
2026-09-03T17:37:41.956851+00:00,LibGen,LibGen.bz,UP,200,800,,
2026-09-03T17:38:41.535619+00:00,LibGen,LibGen.bz,UP,200,363,,
2026-09-03T17:39:42.767996+00:00,LibGen,LibGen.bz,UP,200,1065,,
2026-09-03T17:41:02.514174+00:00,LibGen,LibGen.bz,DOWN,,,connection_refused,
2026-09-03T17:41:42.965097+00:00,LibGen,LibGen.bz,UP,200,900,,
2026-09-03T17:42:42.671968+00:00,LibGen,LibGen.bz,UP,200,900,,
2026-09-03T17:43:43.438053+00:00,LibGen,LibGen.bz,UP,200,843,,
2026-09-03T17:44:43.741943+00:00,LibGen,LibGen.bz,UP,200,810,,
2026-09-03T17:45:44.176662+00:00,LibGen,LibGen.bz,UP,200,769,,
2026-09-03T17:46:45.124051+00:00,LibGen,LibGen.bz,UP,200,753,,
2026-09-03T17:47:44.890335+00:00,LibGen,LibGen.bz,UP,200,598,,
2026-09-03T17:48:46.222864+00:00,LibGen,LibGen.bz,UP,200,831,,
2026-09-03T17:49:45.906113+00:00,LibGen,LibGen.bz,UP,200,1026,,
2026-09-03T17:50:46.197839+00:00,LibGen,LibGen.bz,UP,200,942,,
2026-09-03T17:51:45.822322+00:00,LibGen,LibGen.bz,UP,200,745,,
2026-09-03T17:52:46.088598+00:00,LibGen,LibGen.bz,UP,200,866,,
2026-09-03T17:53:47.032170+00:00,LibGen,LibGen.bz,UP,200,1261,,
2026-09-03T17:54:47.402647+00:00,LibGen,LibGen.bz,UP,200,668,,
2026-09-03T17:55:48.165274+00:00,LibGen,LibGen.bz,UP,200,763,,
2026-09-03T17:56:48.523915+00:00,LibGen,LibGen.bz,UP,200,919,,
2026-09-03T17:57:47.912418+00:00,LibGen,LibGen.bz,UP,200,803,,
2026-09-03T17:58:47.982502+00:00,LibGen,LibGen.bz,UP,200,277,,
2026-09-03T17:59:49.178311+00:00,LibGen,LibGen.bz,UP,200,741,,
2026-09-03T18:00:50.705888+00:00,LibGen,LibGen.bz,UP,200,820,,
2026-09-03T18:01:49.169192+00:00,LibGen,LibGen.bz,UP,200,291,,
2026-09-03T18:02:50.550662+00:00,LibGen,LibGen.bz,UP,200,723,,
2026-09-03T18:03:50.403366+00:00,LibGen,LibGen.bz,UP,200,575,,
2026-09-03T18:04:50.919554+00:00,LibGen,LibGen.bz,UP,200,729,,
2026-09-03T18:05:51.381183+00:00,LibGen,LibGen.bz,UP,200,791,,
2026-09-03T18:06:54.193684+00:00,LibGen,LibGen.bz,UP,200,838,,
2026-09-03T18:07:51.929622+00:00,LibGen,LibGen.bz,UP,200,677,,
2026-09-03T18:08:53.281452+00:00,LibGen,LibGen.bz,UP,200,1343,,
2026-09-03T18:09:53.896968+00:00,LibGen,LibGen.bz,UP,200,848,,
2026-09-03T18:10:54.132451+00:00,LibGen,LibGen.bz,UP,200,983,,
2026-09-03T18:11:54.545909+00:00,LibGen,LibGen.bz,UP,200,975,,
2026-09-03T18:12:54.063489+00:00,LibGen,LibGen.bz,UP,200,249,,
2026-09-03T18:13:54.656252+00:00,LibGen,LibGen.bz,UP,200,665,,
2026-09-03T18:14:55.048303+00:00,LibGen,LibGen.bz,UP,200,728,,
2026-09-03T18:15:55.919920+00:00,LibGen,LibGen.bz,UP,200,758,,
2026-09-03T18:16:56.709518+00:00,LibGen,LibGen.bz,UP,200,743,,
2026-09-03T18:17:56.574704+00:00,LibGen,LibGen.bz,UP,200,787,,
2026-09-03T18:18:58.187061+00:00,LibGen,LibGen.bz,UP,200,939,,
2026-09-03T18:20:18.584625+00:00,LibGen,LibGen.bz,DOWN,,,connection_refused,
2026-09-03T18:21:04.072952+00:00,LibGen,LibGen.bz,DEGRADED,200,3881,latency_high,
2026-09-03T18:21:58.464777+00:00,LibGen,LibGen.bz,UP,200,282,,
2026-09-03T18:23:01.244769+00:00,LibGen,LibGen.bz,UP,200,1690,,
2026-09-03T18:24:00.412057+00:00,LibGen,LibGen.bz,UP,200,921,,
2026-09-03T18:25:01.469123+00:00,LibGen,LibGen.bz,UP,200,1200,,
2026-09-03T18:26:01.553701+00:00,LibGen,LibGen.bz,UP,200,857,,
2026-09-03T18:27:02.077136+00:00,LibGen,LibGen.bz,UP,200,993,,
2026-09-03T18:28:02.133744+00:00,LibGen,LibGen.bz,UP,200,898,,
2026-09-03T18:29:02.023139+00:00,LibGen,LibGen.bz,UP,200,974,,
2026-09-03T18:30:04.572310+00:00,LibGen,LibGen.bz,DEGRADED,200,3360,latency_high,
2026-09-03T18:31:23.402131+00:00,LibGen,LibGen.bz,DOWN,,,connection_refused,
2026-09-03T18:32:04.183630+00:00,LibGen,LibGen.bz,UP,200,1220,,
2026-09-03T18:33:03.943130+00:00,LibGen,LibGen.bz,UP,200,850,,
2026-09-03T18:34:05.054848+00:00,LibGen,LibGen.bz,UP,200,753,,
2026-09-03T18:35:04.854881+00:00,LibGen,LibGen.bz,UP,200,1006,,
2026-09-03T18:36:05.810571+00:00,LibGen,LibGen.bz,UP,200,1057,,
2026-09-03T18:37:05.611574+00:00,LibGen,LibGen.bz,UP,200,840,,
2026-09-03T18:38:06.397552+00:00,LibGen,LibGen.bz,UP,200,1004,,
2026-09-03T18:39:07.752378+00:00,LibGen,LibGen.bz,UP,200,888,,
2026-09-03T18:40:07.957721+00:00,LibGen,LibGen.bz,UP,200,862,,
2026-09-03T18:41:07.564928+00:00,LibGen,LibGen.bz,UP,200,719,,
2026-09-03T18:42:08.127580+00:00,LibGen,LibGen.bz,UP,200,739,,
2026-09-03T18:43:07.860880+00:00,LibGen,LibGen.bz,UP,200,850,,
2026-09-03T18:44:08.235256+00:00,LibGen,LibGen.bz,UP,200,679,,
2026-09-03T18:45:09.192543+00:00,LibGen,LibGen.bz,UP,200,890,,
2026-09-03T18:46:08.995550+00:00,LibGen,LibGen.bz,UP,200,644,,
2026-09-03T18:47:09.537162+00:00,LibGen,LibGen.bz,UP,200,778,,
2026-09-03T18:48:10.628570+00:00,LibGen,LibGen.bz,UP,200,845,,
2026-09-03T18:49:10.909389+00:00,LibGen,LibGen.bz,UP,200,957,,
2026-09-03T18:50:12.335236+00:00,LibGen,LibGen.bz,UP,200,970,,
2026-09-03T18:51:12.521036+00:00,LibGen,LibGen.bz,UP,200,1878,,
2026-09-03T18:52:11.154884+00:00,LibGen,LibGen.bz,UP,200,788,,
2026-09-03T18:53:12.127112+00:00,LibGen,LibGen.bz,UP,200,785,,
2026-09-03T18:54:31.950720+00:00,LibGen,LibGen.bz,DOWN,,,connection_refused,
2026-09-03T18:55:32.483718+00:00,LibGen,LibGen.bz,DOWN,,,connection_refused,
2026-09-03T18:56:12.422616+00:00,LibGen,LibGen.bz,UP,200,644,,
2026-09-03T18:57:13.578533+00:00,LibGen,LibGen.bz,UP,200,718,,
2026-09-03T18:58:13.689724+00:00,LibGen,LibGen.bz,UP,200,853,,
2026-09-03T18:59:14.203499+00:00,LibGen,LibGen.bz,UP,200,697,,
2026-09-03T19:00:15.046122+00:00,LibGen,LibGen.bz,UP,200,918,,
2026-09-03T19:01:15.017444+00:00,LibGen,LibGen.bz,UP,200,721,,
2026-09-03T19:02:16.067668+00:00,LibGen,LibGen.bz,UP,200,1210,,
2026-09-03T19:03:15.108952+00:00,LibGen,LibGen.bz,UP,200,711,,
2026-09-03T19:04:15.533039+00:00,LibGen,LibGen.bz,UP,200,792,,
2026-09-03T19:05:15.991218+00:00,LibGen,LibGen.bz,UP,200,833,,
2026-09-03T19:06:16.278997+00:00,LibGen,LibGen.bz,UP,200,773,,
2026-09-03T19:07:19.525590+00:00,LibGen,LibGen.bz,DEGRADED,200,3734,latency_high,
2026-09-03T19:08:17.417695+00:00,LibGen,LibGen.bz,UP,200,1223,,
2026-09-03T19:09:16.899597+00:00,LibGen,LibGen.bz,UP,200,272,,
2026-09-03T19:10:18.422452+00:00,LibGen,LibGen.bz,UP,200,869,,
2026-09-03T19:11:18.352219+00:00,LibGen,LibGen.bz,UP,200,1056,,
2026-09-03T19:12:38.002366+00:00,LibGen,LibGen.bz,DOWN,,,connection_refused,
2026-09-03T19:13:18.075345+00:00,LibGen,LibGen.bz,UP,200,689,,
2026-09-03T19:14:18.296938+00:00,LibGen,LibGen.bz,UP,200,724,,
2026-09-03T19:15:38.594742+00:00,LibGen,LibGen.bz,DOWN,,,connection_refused,
2026-09-03T19:16:19.410593+00:00,LibGen,LibGen.bz,UP,200,802,,
2026-09-03T19:17:19.583127+00:00,LibGen,LibGen.bz,UP,200,845,,
2026-09-03T19:18:20.169685+00:00,LibGen,LibGen.bz,UP,200,838,,
2026-09-03T19:19:20.653222+00:00,LibGen,LibGen.bz,UP,200,812,,
2026-09-03T19:20:20.682870+00:00,LibGen,LibGen.bz,UP,200,701,,
2026-09-03T19:21:21.305334+00:00,LibGen,LibGen.bz,UP,200,753,,
2026-09-03T19:22:21.712634+00:00,LibGen,LibGen.bz,UP,200,660,,
2026-09-03T19:23:22.694391+00:00,LibGen,LibGen.bz,UP,200,736,,
2026-09-03T19:24:22.840973+00:00,LibGen,LibGen.bz,UP,200,726,,
2026-09-03T19:25:23.856567+00:00,LibGen,LibGen.bz,UP,200,1039,,
2026-09-03T19:26:23.832209+00:00,LibGen,LibGen.bz,UP,200,760,,
2026-09-03T19:27:23.966118+00:00,LibGen,LibGen.bz,UP,200,787,,
2026-09-03T19:28:23.895091+00:00,LibGen,LibGen.bz,UP,200,251,,
2026-09-03T19:29:24.656296+00:00,LibGen,LibGen.bz,UP,200,691,,
2026-09-03T19:30:24.776535+00:00,LibGen,LibGen.bz,UP,200,630,,
2026-09-03T19:31:24.637599+00:00,LibGen,LibGen.bz,UP,200,300,,
2026-09-03T19:32:25.567023+00:00,LibGen,LibGen.bz,UP,200,767,,
2026-09-03T19:33:26.778736+00:00,LibGen,LibGen.bz,UP,200,694,,
2026-09-03T19:34:26.317542+00:00,LibGen,LibGen.bz,UP,200,720,,
2026-09-03T19:35:26.495306+00:00,LibGen,LibGen.bz,UP,200,852,,
2026-09-03T19:36:27.829879+00:00,LibGen,LibGen.bz,UP,200,1677,,
2026-09-03T19:37:26.767464+00:00,LibGen,LibGen.bz,UP,200,835,,
2026-09-03T19:38:27.620991+00:00,LibGen,LibGen.bz,UP,200,630,,
2026-09-03T19:39:27.526032+00:00,LibGen,LibGen.bz,UP,200,864,,
2026-09-03T19:40:28.010144+00:00,LibGen,LibGen.bz,UP,200,813,,
2026-09-03T19:41:28.520479+00:00,LibGen,LibGen.bz,UP,200,749,,
2026-09-03T19:42:29.055936+00:00,LibGen,LibGen.bz,UP,200,834,,
2026-09-03T19:43:29.182955+00:00,LibGen,LibGen.bz,UP,200,341,,
2026-09-03T19:44:30.626099+00:00,LibGen,LibGen.bz,UP,200,880,,
2026-09-03T19:45:31.380271+00:00,LibGen,LibGen.bz,UP,200,988,,
2026-09-03T19:46:31.600633+00:00,LibGen,LibGen.bz,UP,200,260,,
2026-09-03T19:47:32.214191+00:00,LibGen,LibGen.bz,UP,200,808,,
2026-09-03T19:48:32.859936+00:00,LibGen,LibGen.bz,UP,200,769,,
2026-09-03T19:49:33.401657+00:00,LibGen,LibGen.bz,UP,200,1736,,
2026-09-03T19:50:32.884374+00:00,LibGen,LibGen.bz,UP,200,626,,
2026-09-03T19:51:33.255006+00:00,LibGen,LibGen.bz,UP,200,645,,
2026-09-03T19:52:34.456626+00:00,LibGen,LibGen.bz,UP,200,701,,
2026-09-03T19:53:33.655227+00:00,LibGen,LibGen.bz,UP,200,255,,
2026-09-03T19:54:37.196396+00:00,LibGen,LibGen.bz,DEGRADED,200,3640,latency_high,
2026-09-03T19:55:35.497405+00:00,LibGen,LibGen.bz,UP,200,820,,
2026-09-03T19:56:34.541886+00:00,LibGen,LibGen.bz,UP,200,251,,
2026-09-03T19:57:34.598046+00:00,LibGen,LibGen.bz,UP,200,640,,
2026-09-03T19:58:35.917029+00:00,LibGen,LibGen.bz,UP,200,998,,
2026-09-03T19:59:36.073233+00:00,LibGen,LibGen.bz,UP,200,817,,
2026-09-03T20:00:36.121401+00:00,LibGen,LibGen.bz,UP,200,867,,
2026-09-03T20:01:37.285948+00:00,LibGen,LibGen.bz,UP,200,926,,
2026-09-03T20:02:37.696684+00:00,LibGen,LibGen.bz,UP,200,781,,
2026-09-03T20:03:38.595802+00:00,LibGen,LibGen.bz,UP,200,821,,
2026-09-03T20:04:39.028729+00:00,LibGen,LibGen.bz,UP,200,726,,
2026-09-03T20:05:40.428723+00:00,LibGen,LibGen.bz,UP,200,1132,,
2026-09-03T20:06:40.345539+00:00,LibGen,LibGen.bz,UP,200,255,,
2026-09-03T20:07:39.848774+00:00,LibGen,LibGen.bz,UP,200,735,,
2026-09-03T20:08:41.649681+00:00,LibGen,LibGen.bz,UP,200,1099,,
2026-09-03T20:09:43.898779+00:00,LibGen,LibGen.bz,DEGRADED,200,3746,latency_high,
2026-09-03T20:10:41.002395+00:00,LibGen,LibGen.bz,UP,200,327,,
2026-09-03T20:11:45.396156+00:00,LibGen,LibGen.bz,UP,200,1104,,
2026-09-03T20:12:42.967718+00:00,LibGen,LibGen.bz,UP,200,834,,
2026-09-03T20:13:43.154471+00:00,LibGen,LibGen.bz,UP,200,804,,
2026-09-03T20:14:43.435117+00:00,LibGen,LibGen.bz,UP,200,687,,
2026-09-03T20:15:43.828481+00:00,LibGen,LibGen.bz,UP,200,811,,
2026-09-03T20:16:44.048130+00:00,LibGen,LibGen.bz,UP,200,832,,
2026-09-03T20:17:44.651656+00:00,LibGen,LibGen.bz,UP,200,1142,,
2026-09-03T20:18:44.722483+00:00,LibGen,LibGen.bz,UP,200,919,,
2026-09-03T20:19:45.238270+00:00,LibGen,LibGen.bz,UP,200,672,,
2026-09-03T20:20:44.997541+00:00,LibGen,LibGen.bz,UP,200,249,,
2026-09-03T20:22:06.039591+00:00,LibGen,LibGen.bz,DOWN,,,connection_refused,
2026-09-03T20:22:46.792265+00:00,LibGen,LibGen.bz,UP,200,643,,
2026-09-03T20:23:46.689678+00:00,LibGen,LibGen.bz,UP,200,851,,
2026-09-03T20:24:47.091506+00:00,LibGen,LibGen.bz,UP,200,1043,,
2026-09-03T20:25:47.696958+00:00,LibGen,LibGen.bz,UP,200,726,,
2026-09-03T20:26:46.887611+00:00,LibGen,LibGen.bz,UP,200,699,,
2026-09-03T20:27:47.658682+00:00,LibGen,LibGen.bz,UP,200,804,,
2026-09-03T20:28:47.942144+00:00,LibGen,LibGen.bz,UP,200,715,,
2026-09-03T20:29:48.043628+00:00,LibGen,LibGen.bz,UP,200,738,,
2026-09-03T20:30:50.070270+00:00,LibGen,LibGen.bz,UP,200,1759,,
2026-09-03T20:31:49.488905+00:00,LibGen,LibGen.bz,UP,200,717,,
2026-09-03T20:32:50.151520+00:00,LibGen,LibGen.bz,UP,200,703,,
2026-09-03T20:33:50.701170+00:00,LibGen,LibGen.bz,UP,200,710,,
2026-09-03T20:34:50.208963+00:00,LibGen,LibGen.bz,UP,200,782,,
2026-09-03T20:35:50.512729+00:00,LibGen,LibGen.bz,UP,200,942,,
2026-09-03T20:36:50.709561+00:00,LibGen,LibGen.bz,UP,200,681,,
2026-09-03T20:37:51.825123+00:00,LibGen,LibGen.bz,UP,200,1623,,
2026-09-03T20:38:51.203516+00:00,LibGen,LibGen.bz,UP,200,708,,
2026-09-03T20:39:52.197295+00:00,LibGen,LibGen.bz,UP,200,1204,,
2026-09-03T20:40:52.284438+00:00,LibGen,LibGen.bz,UP,200,1094,,
2026-09-03T20:41:52.587242+00:00,LibGen,LibGen.bz,UP,200,687,,
2026-09-03T20:43:12.131316+00:00,LibGen,LibGen.bz,TIMEOUT,,,timeout,
2026-09-03T20:43:52.435943+00:00,LibGen,LibGen.bz,UP,200,750,,
2026-09-03T20:44:52.747574+00:00,LibGen,LibGen.bz,UP,200,636,,
2026-09-03T20:45:53.180934+00:00,LibGen,LibGen.bz,UP,200,870,,
2026-09-03T20:46:53.214645+00:00,LibGen,LibGen.bz,UP,200,706,,
2026-09-03T20:47:54.085098+00:00,LibGen,LibGen.bz,UP,200,1347,,
2026-09-03T20:48:55.608029+00:00,LibGen,LibGen.bz,UP,200,1193,,
2026-09-03T20:49:54.830953+00:00,LibGen,LibGen.bz,UP,200,728,,
2026-09-03T20:50:55.414167+00:00,LibGen,LibGen.bz,UP,200,666,,
2026-09-03T20:52:15.680026+00:00,LibGen,LibGen.bz,DOWN,,,connection_refused,
2026-09-03T20:52:55.210555+00:00,LibGen,LibGen.bz,UP,200,1088,,
2026-09-03T20:53:55.682178+00:00,LibGen,LibGen.bz,UP,200,734,,
2026-09-03T20:54:55.933361+00:00,LibGen,LibGen.bz,UP,200,696,,
2026-09-03T20:55:56.472010+00:00,LibGen,LibGen.bz,UP,200,744,,
2026-09-03T20:56:56.158295+00:00,LibGen,LibGen.bz,UP,200,795,,
2026-09-03T20:57:56.427552+00:00,LibGen,LibGen.bz,UP,200,667,,
2026-09-03T20:59:17.671369+00:00,LibGen,LibGen.bz,DOWN,,,connection_refused,
2026-09-03T20:59:57.502845+00:00,LibGen,LibGen.bz,UP,200,693,,
2026-09-03T21:00:57.205296+00:00,LibGen,LibGen.bz,UP,200,818,,
2026-09-03T21:01:57.799965+00:00,LibGen,LibGen.bz,UP,200,638,,
2026-09-03T21:03:18.042877+00:00,LibGen,LibGen.bz,DOWN,,,connection_refused,
2026-09-03T21:03:59.804145+00:00,LibGen,LibGen.bz,UP,200,671,,
2026-09-03T21:04:58.339086+00:00,LibGen,LibGen.bz,UP,200,275,,
2026-09-03T21:06:00.048613+00:00,LibGen,LibGen.bz,UP,200,752,,
2026-09-03T21:07:00.494867+00:00,LibGen,LibGen.bz,UP,200,1015,,
2026-09-03T21:07:59.733485+00:00,LibGen,LibGen.bz,UP,200,254,,
2026-09-03T21:09:00.250572+00:00,LibGen,LibGen.bz,UP,200,690,,
2026-09-03T21:10:01.426582+00:00,LibGen,LibGen.bz,UP,200,1263,,
2026-09-03T21:11:01.964908+00:00,LibGen,LibGen.bz,UP,200,796,,
2026-09-03T21:12:02.193169+00:00,LibGen,LibGen.bz,UP,200,845,,
2026-09-03T21:13:02.505855+00:00,LibGen,LibGen.bz,UP,200,253,,
2026-09-03T21:14:03.341849+00:00,LibGen,LibGen.bz,UP,200,933,,
2026-09-03T21:15:03.943159+00:00,LibGen,LibGen.bz,UP,200,1071,,
2026-09-03T21:16:04.820810+00:00,LibGen,LibGen.bz,UP,200,784,,
2026-09-03T21:17:04.841822+00:00,LibGen,LibGen.bz,UP,200,693,,
2026-09-03T21:18:05.136135+00:00,LibGen,LibGen.bz,UP,200,816,,
2026-09-03T21:19:05.101916+00:00,LibGen,LibGen.bz,UP,200,660,,
2026-09-03T21:20:05.726721+00:00,LibGen,LibGen.bz,UP,200,885,,
2026-09-03T21:21:05.757411+00:00,LibGen,LibGen.bz,UP,200,810,,
2026-09-03T21:22:05.898057+00:00,LibGen,LibGen.bz,UP,200,868,,
2026-09-03T21:23:06.102678+00:00,LibGen,LibGen.bz,UP,200,849,,
2026-09-03T21:24:26.590840+00:00,LibGen,LibGen.bz,DOWN,,,connection_refused,
2026-09-03T21:25:08.124662+00:00,LibGen,LibGen.bz,UP,200,1326,,
2026-09-03T21:26:07.785493+00:00,LibGen,LibGen.bz,UP,200,767,,
2026-09-03T21:27:07.916622+00:00,LibGen,LibGen.bz,UP,200,806,,
2026-09-03T21:28:11.633624+00:00,LibGen,LibGen.bz,DEGRADED,200,3782,latency_high,
2026-09-03T21:29:08.394153+00:00,LibGen,LibGen.bz,UP,200,719,,
2026-09-03T21:30:08.705021+00:00,LibGen,LibGen.bz,UP,200,993,,
2026-09-03T21:31:09.500674+00:00,LibGen,LibGen.bz,UP,200,702,,
2026-09-03T21:32:09.252226+00:00,LibGen,LibGen.bz,UP,200,246,,
2026-09-03T21:33:30.862967+00:00,LibGen,LibGen.bz,DOWN,,,connection_refused,
2026-09-03T21:34:11.099034+00:00,LibGen,LibGen.bz,UP,200,772,,
2026-09-03T21:35:11.755571+00:00,LibGen,LibGen.bz,UP,200,1126,,
2026-09-03T21:36:11.654184+00:00,LibGen,LibGen.bz,UP,200,732,,
2026-09-03T21:37:12.634783+00:00,LibGen,LibGen.bz,UP,200,740,,
2026-09-03T21:38:13.990004+00:00,LibGen,LibGen.bz,UP,200,761,,
2026-09-03T21:39:12.437155+00:00,LibGen,LibGen.bz,UP,200,235,,
2026-09-03T21:40:16.498994+00:00,LibGen,LibGen.bz,DEGRADED,200,3743,latency_high,
2026-09-03T21:41:18.477988+00:00,LibGen,LibGen.bz,UP,200,820,,
2026-09-03T21:42:14.371907+00:00,LibGen,LibGen.bz,UP,200,726,,
2026-09-03T21:43:14.093309+00:00,LibGen,LibGen.bz,UP,200,234,,
2026-09-03T21:44:15.695551+00:00,LibGen,LibGen.bz,UP,200,734,,
2026-09-03T21:45:15.128735+00:00,LibGen,LibGen.bz,UP,200,823,,
2026-09-03T21:46:35.680056+00:00,LibGen,LibGen.bz,DOWN,,,connection_refused,
2026-09-03T21:47:15.712946+00:00,LibGen,LibGen.bz,UP,200,762,,
2026-09-03T21:48:15.670426+00:00,LibGen,LibGen.bz,UP,200,606,,
2026-09-03T21:49:17.406424+00:00,LibGen,LibGen.bz,UP,200,1136,,
2026-09-03T21:50:16.297073+00:00,LibGen,LibGen.bz,UP,200,613,,
2026-09-03T21:51:16.719762+00:00,LibGen,LibGen.bz,UP,200,731,,
2026-09-03T21:52:17.286435+00:00,LibGen,LibGen.bz,UP,200,758,,
2026-09-03T21:53:17.998688+00:00,LibGen,LibGen.bz,UP,200,545,,
2026-09-03T21:54:17.909675+00:00,LibGen,LibGen.bz,UP,200,651,,
2026-09-03T21:55:18.081826+00:00,LibGen,LibGen.bz,UP,200,769,,
2026-09-03T21:56:19.738623+00:00,LibGen,LibGen.bz,UP,200,777,,
2026-09-03T21:57:19.270737+00:00,LibGen,LibGen.bz,UP,200,694,,
2026-09-03T21:58:19.283883+00:00,LibGen,LibGen.bz,UP,200,673,,
2026-09-03T21:59:19.943360+00:00,LibGen,LibGen.bz,UP,200,751,,
2026-09-03T22:00:40.438229+00:00,LibGen,LibGen.bz,DOWN,,,connection_refused,
2026-09-03T22:01:20.990493+00:00,LibGen,LibGen.bz,UP,200,696,,
2026-09-03T22:02:23.713250+00:00,LibGen,LibGen.bz,UP,200,1950,,
2026-09-03T22:03:21.985662+00:00,LibGen,LibGen.bz,UP,200,271,,
2026-09-03T22:04:22.914412+00:00,LibGen,LibGen.bz,UP,200,765,,
2026-09-03T22:05:24.371152+00:00,LibGen,LibGen.bz,UP,200,697,,
2026-09-03T22:06:22.898970+00:00,LibGen,LibGen.bz,UP,200,851,,
2026-09-03T22:07:23.317225+00:00,LibGen,LibGen.bz,UP,200,819,,
2026-09-03T22:08:23.816152+00:00,LibGen,LibGen.bz,UP,200,787,,
2026-09-03T22:09:24.033063+00:00,LibGen,LibGen.bz,UP,200,732,,
2026-09-03T22:10:24.130574+00:00,LibGen,LibGen.bz,UP,200,732,,
2026-09-03T22:11:25.782470+00:00,LibGen,LibGen.bz,UP,200,781,,
2026-09-03T22:12:24.865410+00:00,LibGen,LibGen.bz,UP,200,848,,
2026-09-03T22:13:25.407190+00:00,LibGen,LibGen.bz,UP,200,812,,
2026-09-03T22:14:25.683916+00:00,LibGen,LibGen.bz,UP,200,806,,
2026-09-03T22:15:26.493838+00:00,LibGen,LibGen.bz,UP,200,552,,
2026-09-03T22:16:26.659399+00:00,LibGen,LibGen.bz,UP,200,944,,
2026-09-03T22:17:26.671756+00:00,LibGen,LibGen.bz,UP,200,886,,
2026-09-03T22:18:28.491763+00:00,LibGen,LibGen.bz,UP,200,833,,
2026-09-03T22:19:48.578991+00:00,LibGen,LibGen.bz,DOWN,,,connection_refused,
2026-09-03T22:20:27.743540+00:00,LibGen,LibGen.bz,UP,200,786,,
2026-09-03T22:21:32.225880+00:00,LibGen,LibGen.bz,DEGRADED,200,3776,latency_high,
2026-09-03T22:22:29.562492+00:00,LibGen,LibGen.bz,UP,200,760,,
2026-09-03T22:23:29.351021+00:00,LibGen,LibGen.bz,UP,200,723,,
2026-09-03T22:24:29.613019+00:00,LibGen,LibGen.bz,UP,200,732,,
2026-09-03T22:25:30.341564+00:00,LibGen,LibGen.bz,UP,200,795,,
2026-09-03T22:26:31.683972+00:00,LibGen,LibGen.bz,UP,200,774,,
2026-09-03T22:27:32.145987+00:00,LibGen,LibGen.bz,UP,200,906,,
2026-09-03T22:28:32.097202+00:00,LibGen,LibGen.bz,UP,200,694,,
2026-09-03T22:29:32.625141+00:00,LibGen,LibGen.bz,UP,200,682,,
2026-09-03T22:30:33.657457+00:00,LibGen,LibGen.bz,UP,200,820,,
2026-09-03T22:31:33.696919+00:00,LibGen,LibGen.bz,UP,200,716,,
2026-09-03T22:32:33.057933+00:00,LibGen,LibGen.bz,UP,200,270,,
2026-09-03T22:33:33.725582+00:00,LibGen,LibGen.bz,UP,200,755,,
2026-09-03T22:34:35.099422+00:00,LibGen,LibGen.bz,UP,200,909,,
2026-09-03T22:35:34.110278+00:00,LibGen,LibGen.bz,UP,200,791,,
2026-09-03T22:36:34.999965+00:00,LibGen,LibGen.bz,UP,200,736,,
2026-09-03T22:37:35.198587+00:00,LibGen,LibGen.bz,UP,200,1019,,
2026-09-03T22:38:36.026015+00:00,LibGen,LibGen.bz,UP,200,982,,
2026-09-03T22:39:37.848074+00:00,LibGen,LibGen.bz,UP,200,762,,
2026-09-03T22:40:35.342508+00:00,LibGen,LibGen.bz,UP,200,252,,
2026-09-03T22:41:56.864887+00:00,LibGen,LibGen.bz,DOWN,,,connection_refused,
2026-09-03T22:42:36.639798+00:00,LibGen,LibGen.bz,UP,200,755,,
2026-09-03T22:43:36.766179+00:00,LibGen,LibGen.bz,UP,200,784,,
2026-09-03T22:44:36.737678+00:00,LibGen,LibGen.bz,UP,200,699,,
2026-09-03T22:45:37.462687+00:00,LibGen,LibGen.bz,UP,200,933,,
2026-09-03T22:46:37.982943+00:00,LibGen,LibGen.bz,UP,200,738,,
2026-09-03T22:47:37.988165+00:00,LibGen,LibGen.bz,UP,200,712,,
2026-09-03T22:48:38.432659+00:00,LibGen,LibGen.bz,UP,200,701,,
2026-09-03T22:49:39.520318+00:00,LibGen,LibGen.bz,UP,200,1033,,
2026-09-03T22:50:38.817477+00:00,LibGen,LibGen.bz,UP,200,594,,
2026-09-03T22:51:39.651317+00:00,LibGen,LibGen.bz,UP,200,646,,
2026-09-03T22:52:39.417273+00:00,LibGen,LibGen.bz,UP,200,748,,
2026-09-03T22:53:39.467533+00:00,LibGen,LibGen.bz,UP,200,745,,
2026-09-03T22:54:39.968248+00:00,LibGen,LibGen.bz,UP,200,696,,
2026-09-03T22:55:40.505077+00:00,LibGen,LibGen.bz,UP,200,701,,
2026-09-03T22:56:41.527601+00:00,LibGen,LibGen.bz,UP,200,1111,,
2026-09-03T22:57:41.315781+00:00,LibGen,LibGen.bz,UP,200,536,,
2026-09-03T22:58:41.133680+00:00,LibGen,LibGen.bz,UP,200,674,,
2026-09-03T22:59:41.697494+00:00,LibGen,LibGen.bz,UP,200,721,,
2026-09-03T23:00:42.743017+00:00,LibGen,LibGen.bz,UP,200,775,,
2026-09-03T23:01:43.000497+00:00,LibGen,LibGen.bz,UP,200,843,,
2026-09-03T23:02:42.765336+00:00,LibGen,LibGen.bz,UP,200,684,,
2026-09-03T23:03:43.461270+00:00,LibGen,LibGen.bz,UP,200,774,,
2026-09-03T23:04:44.450872+00:00,LibGen,LibGen.bz,UP,200,673,,
2026-09-03T23:05:44.188633+00:00,LibGen,LibGen.bz,UP,200,701,,
2026-09-03T23:06:45.403530+00:00,LibGen,LibGen.bz,UP,200,713,,
2026-09-03T23:07:45.405653+00:00,LibGen,LibGen.bz,UP,200,659,,
2026-09-03T23:08:45.768932+00:00,LibGen,LibGen.bz,UP,200,774,,
2026-09-03T23:10:05.791620+00:00,LibGen,LibGen.bz,DOWN,,,connection_refused,
2026-09-03T23:10:47.302813+00:00,LibGen,LibGen.bz,UP,200,1067,,
2026-09-03T23:11:47.453852+00:00,LibGen,LibGen.bz,UP,200,914,,
2026-09-03T23:12:47.485739+00:00,LibGen,LibGen.bz,UP,200,836,,
2026-09-03T23:13:47.343018+00:00,LibGen,LibGen.bz,UP,200,632,,
2026-09-03T23:14:49.065442+00:00,LibGen,LibGen.bz,UP,200,1767,,
2026-09-03T23:15:48.916360+00:00,LibGen,LibGen.bz,UP,200,738,,
2026-09-03T23:16:49.379983+00:00,LibGen,LibGen.bz,UP,200,955,,
2026-09-03T23:17:49.479500+00:00,LibGen,LibGen.bz,UP,200,1066,,
2026-09-03T23:18:49.695369+00:00,LibGen,LibGen.bz,UP,200,868,,
2026-09-03T23:19:49.539236+00:00,LibGen,LibGen.bz,UP,200,340,,
2026-09-03T23:20:50.142628+00:00,LibGen,LibGen.bz,UP,200,770,,
2026-09-03T23:21:50.586902+00:00,LibGen,LibGen.bz,UP,200,680,,
2026-09-03T23:22:50.876108+00:00,LibGen,LibGen.bz,UP,200,751,,
2026-09-03T23:23:50.632244+00:00,LibGen,LibGen.bz,UP,200,739,,
2026-09-03T23:24:51.090315+00:00,LibGen,LibGen.bz,UP,200,709,,
2026-09-03T23:25:52.061603+00:00,LibGen,LibGen.bz,UP,200,1214,,
2026-09-03T23:26:51.534878+00:00,LibGen,LibGen.bz,UP,200,612,,
2026-09-03T23:27:52.646455+00:00,LibGen,LibGen.bz,UP,200,825,,
2026-09-03T23:28:52.285558+00:00,LibGen,LibGen.bz,UP,200,720,,
2026-09-03T23:29:53.557926+00:00,LibGen,LibGen.bz,UP,200,619,,
2026-09-03T23:30:53.471201+00:00,LibGen,LibGen.bz,UP,200,762,,
2026-09-03T23:31:53.520809+00:00,LibGen,LibGen.bz,UP,200,730,,
2026-09-03T23:32:54.424565+00:00,LibGen,LibGen.bz,UP,200,779,,
2026-09-03T23:33:54.533050+00:00,LibGen,LibGen.bz,UP,200,712,,
2026-09-03T23:34:54.816919+00:00,LibGen,LibGen.bz,UP,200,787,,
2026-09-03T23:35:55.481151+00:00,LibGen,LibGen.bz,UP,200,766,,
2026-09-03T23:36:55.689236+00:00,LibGen,LibGen.bz,UP,200,792,,
2026-09-03T23:37:55.710924+00:00,LibGen,LibGen.bz,UP,200,684,,
2026-09-03T23:38:56.322062+00:00,LibGen,LibGen.bz,UP,200,753,,
2026-09-03T23:39:56.705154+00:00,LibGen,LibGen.bz,UP,200,229,,
2026-09-03T23:40:58.055811+00:00,LibGen,LibGen.bz,UP,200,729,,
2026-09-03T23:41:57.432053+00:00,LibGen,LibGen.bz,UP,200,753,,
2026-09-03T23:42:57.539038+00:00,LibGen,LibGen.bz,UP,200,736,,
2026-09-03T23:43:58.889793+00:00,LibGen,LibGen.bz,UP,200,781,,
2026-09-03T23:44:58.441969+00:00,LibGen,LibGen.bz,UP,200,683,,
2026-09-03T23:45:59.459013+00:00,LibGen,LibGen.bz,UP,200,1533,,
2026-09-03T23:46:59.675520+00:00,LibGen,LibGen.bz,UP,200,797,,
2026-09-03T23:48:00.406399+00:00,LibGen,LibGen.bz,UP,200,606,,
2026-09-03T23:49:01.127298+00:00,LibGen,LibGen.bz,UP,200,1076,,
2026-09-03T23:50:02.638397+00:00,LibGen,LibGen.bz,DEGRADED,200,3299,latency_high,
2026-09-03T23:51:00.472621+00:00,LibGen,LibGen.bz,UP,200,311,,
2026-09-03T23:52:04.990653+00:00,LibGen,LibGen.bz,DEGRADED,200,3792,latency_high,
2026-09-03T23:53:01.758507+00:00,LibGen,LibGen.bz,UP,200,816,,
2026-09-03T23:54:02.281842+00:00,LibGen,LibGen.bz,UP,200,733,,
2026-09-03T23:55:23.298744+00:00,LibGen,LibGen.bz,DOWN,,,connection_refused,
2026-09-03T23:56:03.283342+00:00,LibGen,LibGen.bz,UP,200,741,,
2026-09-03T23:57:03.661209+00:00,LibGen,LibGen.bz,UP,200,834,,
2026-09-03T23:58:04.594806+00:00,LibGen,LibGen.bz,UP,200,768,,
2026-09-03T23:59:04.721101+00:00,LibGen,LibGen.bz,UP,200,717,,
2026-09-04T00:00:26.382010+00:00,LibGen,LibGen.bz,DOWN,,,connection_refused,
2026-09-04T00:01:05.732070+00:00,LibGen,LibGen.bz,UP,200,885,,
2026-09-04T00:02:06.127225+00:00,LibGen,LibGen.bz,UP,200,606,,
2026-09-04T00:03:06.392953+00:00,LibGen,LibGen.bz,UP,200,704,,
2026-09-04T00:04:10.021749+00:00,LibGen,LibGen.bz,DEGRADED,200,4249,latency_high,
2026-09-04T00:05:07.469826+00:00,LibGen,LibGen.bz,UP,200,1018,,
2026-09-04T00:06:07.181776+00:00,LibGen,LibGen.bz,UP,200,699,,
2026-09-04T00:07:08.516852+00:00,LibGen,LibGen.bz,UP,200,950,,
2026-09-04T00:08:08.842582+00:00,LibGen,LibGen.bz,UP,200,822,,
2026-09-04T00:09:08.386195+00:00,LibGen,LibGen.bz,UP,200,745,,
2026-09-04T00:10:09.222596+00:00,LibGen,LibGen.bz,UP,200,828,,
2026-09-04T00:11:08.833129+00:00,LibGen,LibGen.bz,UP,200,710,,
2026-09-04T00:12:09.005569+00:00,LibGen,LibGen.bz,UP,200,818,,
2026-09-04T00:13:12.962587+00:00,LibGen,LibGen.bz,DEGRADED,200,3587,latency_high,
2026-09-04T00:14:13.071193+00:00,LibGen,LibGen.bz,DEGRADED,200,3341,latency_high,
2026-09-04T00:15:12.739212+00:00,LibGen,LibGen.bz,UP,200,2396,,
2026-09-04T00:16:11.872668+00:00,LibGen,LibGen.bz,UP,200,1426,,
2026-09-04T00:17:10.977156+00:00,LibGen,LibGen.bz,UP,200,650,,
2026-09-04T00:18:12.057046+00:00,LibGen,LibGen.bz,UP,200,773,,
2026-09-04T00:19:12.284478+00:00,LibGen,LibGen.bz,UP,200,351,,
2026-09-04T00:20:12.619207+00:00,LibGen,LibGen.bz,UP,200,909,,
2026-09-04T00:21:13.153652+00:00,LibGen,LibGen.bz,UP,200,716,,
2026-09-04T00:22:13.333560+00:00,LibGen,LibGen.bz,UP,200,360,,
2026-09-04T00:23:13.483888+00:00,LibGen,LibGen.bz,UP,200,685,,
2026-09-04T00:24:14.533970+00:00,LibGen,LibGen.bz,UP,200,619,,
2026-09-04T00:25:14.253801+00:00,LibGen,LibGen.bz,UP,200,723,,
2026-09-04T00:26:14.974971+00:00,LibGen,LibGen.bz,UP,200,746,,
2026-09-04T00:27:14.828207+00:00,LibGen,LibGen.bz,UP,200,803,,
2026-09-04T00:28:14.988292+00:00,LibGen,LibGen.bz,UP,200,458,,
2026-09-04T00:29:15.865273+00:00,LibGen,LibGen.bz,UP,200,1040,,
2026-09-04T00:30:15.675084+00:00,LibGen,LibGen.bz,UP,200,895,,
2026-09-04T00:31:16.294075+00:00,LibGen,LibGen.bz,UP,200,860,,
2026-09-04T00:32:16.931068+00:00,LibGen,LibGen.bz,UP,200,685,,
2026-09-04T00:33:17.668554+00:00,LibGen,LibGen.bz,UP,200,843,,
2026-09-04T00:34:18.971396+00:00,LibGen,LibGen.bz,UP,200,1806,,
2026-09-04T00:35:18.238874+00:00,LibGen,LibGen.bz,UP,200,712,,
2026-09-04T00:36:18.395724+00:00,LibGen,LibGen.bz,UP,200,685,,
2026-09-04T00:37:18.581400+00:00,LibGen,LibGen.bz,UP,200,747,,
2026-09-04T00:38:19.006972+00:00,LibGen,LibGen.bz,UP,200,705,,
2026-09-04T00:39:19.231312+00:00,LibGen,LibGen.bz,UP,200,595,,
2026-09-04T00:40:20.689432+00:00,LibGen,LibGen.bz,UP,200,664,,
2026-09-04T00:41:20.909671+00:00,LibGen,LibGen.bz,UP,200,1502,,
2026-09-04T00:42:20.305532+00:00,LibGen,LibGen.bz,UP,200,814,,
2026-09-04T00:43:20.564893+00:00,LibGen,LibGen.bz,UP,200,554,,
2026-09-04T00:44:20.891623+00:00,LibGen,LibGen.bz,UP,200,750,,
2026-09-04T00:45:21.667949+00:00,LibGen,LibGen.bz,UP,200,970,,
2026-09-04T00:46:22.555239+00:00,LibGen,LibGen.bz,UP,200,848,,
2026-09-04T00:47:41.919626+00:00,LibGen,LibGen.bz,DOWN,,,connection_refused,
2026-09-04T00:48:25.603779+00:00,LibGen,LibGen.bz,DEGRADED,200,3739,latency_high,
2026-09-04T00:49:24.119102+00:00,LibGen,LibGen.bz,UP,200,661,,
2026-09-04T00:50:23.635229+00:00,LibGen,LibGen.bz,UP,200,861,,
2026-09-04T00:51:24.959625+00:00,LibGen,LibGen.bz,UP,200,764,,
2026-09-04T00:52:26.445130+00:00,LibGen,LibGen.bz,UP,200,723,,
2026-09-04T00:53:24.266636+00:00,LibGen,LibGen.bz,UP,200,715,,
2026-09-04T00:54:24.632820+00:00,LibGen,LibGen.bz,UP,200,785,,
2026-09-04T00:55:26.409018+00:00,LibGen,LibGen.bz,UP,200,1157,,
2026-09-04T00:56:25.701650+00:00,LibGen,LibGen.bz,UP,200,755,,
2026-09-04T00:57:26.475511+00:00,LibGen,LibGen.bz,UP,200,791,,
2026-09-04T00:58:30.921982+00:00,LibGen,LibGen.bz,DEGRADED,200,5341,latency_high,
2026-09-04T00:59:27.624742+00:00,LibGen,LibGen.bz,UP,200,1711,,
2026-09-04T01:00:27.360747+00:00,LibGen,LibGen.bz,UP,200,861,,
2026-09-04T01:01:28.714806+00:00,LibGen,LibGen.bz,UP,200,1167,,
2026-09-04T01:02:28.714082+00:00,LibGen,LibGen.bz,UP,200,1088,,
2026-09-04T01:03:28.519355+00:00,LibGen,LibGen.bz,UP,200,268,,
2026-09-04T01:04:29.120701+00:00,LibGen,LibGen.bz,UP,200,775,,
2026-09-04T01:05:29.290130+00:00,LibGen,LibGen.bz,UP,200,778,,
2026-09-04T01:06:28.824065+00:00,LibGen,LibGen.bz,UP,200,246,,
2026-09-04T01:07:30.856630+00:00,LibGen,LibGen.bz,UP,200,1686,,
2026-09-04T01:08:31.324106+00:00,LibGen,LibGen.bz,UP,200,796,,
2026-09-04T01:09:32.394318+00:00,LibGen,LibGen.bz,UP,200,1219,,
2026-09-04T01:10:31.804363+00:00,LibGen,LibGen.bz,UP,200,734,,
2026-09-04T01:11:32.730980+00:00,LibGen,LibGen.bz,UP,200,841,,
2026-09-04T01:12:32.551037+00:00,LibGen,LibGen.bz,UP,200,827,,
2026-09-04T01:13:33.026959+00:00,LibGen,LibGen.bz,UP,200,639,,
2026-09-04T01:14:32.973174+00:00,LibGen,LibGen.bz,UP,200,573,,
2026-09-04T01:15:32.977361+00:00,LibGen,LibGen.bz,UP,200,242,,
2026-09-04T01:16:34.989724+00:00,LibGen,LibGen.bz,UP,200,1797,,
2026-09-04T01:17:34.374052+00:00,LibGen,LibGen.bz,UP,200,622,,
2026-09-04T01:18:35.358930+00:00,LibGen,LibGen.bz,UP,200,761,,
2026-09-04T01:19:36.118600+00:00,LibGen,LibGen.bz,UP,200,807,,
2026-09-04T01:20:35.887882+00:00,LibGen,LibGen.bz,UP,200,815,,
2026-09-04T01:21:36.559497+00:00,LibGen,LibGen.bz,UP,200,941,,
2026-09-04T01:22:36.616869+00:00,LibGen,LibGen.bz,UP,200,686,,
2026-09-04T01:23:37.278475+00:00,LibGen,LibGen.bz,UP,200,925,,
2026-09-04T01:24:36.869509+00:00,LibGen,LibGen.bz,UP,200,608,,
2026-09-04T01:25:37.352367+00:00,LibGen,LibGen.bz,UP,200,770,,
2026-09-04T01:26:37.485151+00:00,LibGen,LibGen.bz,UP,200,760,,
2026-09-04T01:27:37.505081+00:00,LibGen,LibGen.bz,UP,200,723,,
2026-09-04T01:28:39.492349+00:00,LibGen,LibGen.bz,UP,200,672,,
2026-09-04T01:29:39.082248+00:00,LibGen,LibGen.bz,UP,200,730,,
2026-09-04T01:30:39.662333+00:00,LibGen,LibGen.bz,UP,200,935,,
2026-09-04T01:31:40.057962+00:00,LibGen,LibGen.bz,UP,200,715,,
2026-09-04T01:32:40.497214+00:00,LibGen,LibGen.bz,UP,200,756,,
2026-09-04T01:33:40.832270+00:00,LibGen,LibGen.bz,UP,200,777,,
2026-09-04T01:34:41.354003+00:00,LibGen,LibGen.bz,UP,200,789,,
2026-09-04T01:36:01.386973+00:00,LibGen,LibGen.bz,DOWN,,,connection_refused,
2026-09-04T01:36:42.150818+00:00,LibGen,LibGen.bz,UP,200,891,,
2026-09-04T01:37:42.850702+00:00,LibGen,LibGen.bz,UP,200,1098,,
2026-09-04T01:38:42.467111+00:00,LibGen,LibGen.bz,UP,200,795,,
2026-09-04T01:39:42.515792+00:00,LibGen,LibGen.bz,UP,200,727,,
2026-09-04T01:41:03.342272+00:00,LibGen,LibGen.bz,DOWN,,,connection_refused,
2026-09-04T01:41:43.265474+00:00,LibGen,LibGen.bz,UP,200,499,,
2026-09-04T01:42:43.634546+00:00,LibGen,LibGen.bz,UP,200,685,,
2026-09-04T01:43:43.897253+00:00,LibGen,LibGen.bz,UP,200,861,,
2026-09-04T01:44:45.019387+00:00,LibGen,LibGen.bz,UP,200,1953,,
2026-09-04T01:45:44.406563+00:00,LibGen,LibGen.bz,UP,200,841,,
2026-09-04T01:46:44.576958+00:00,LibGen,LibGen.bz,UP,200,710,,
2026-09-04T01:47:44.842709+00:00,LibGen,LibGen.bz,UP,200,740,,
2026-09-04T01:48:44.919060+00:00,LibGen,LibGen.bz,UP,200,745,,
2026-09-04T01:49:45.451439+00:00,LibGen,LibGen.bz,UP,200,1024,,
2026-09-04T01:50:47.384824+00:00,LibGen,LibGen.bz,UP,200,306,,
2026-09-04T01:51:46.366519+00:00,LibGen,LibGen.bz,UP,200,950,,
2026-09-04T01:52:46.158338+00:00,LibGen,LibGen.bz,UP,200,714,,
2026-09-04T01:53:47.259808+00:00,LibGen,LibGen.bz,UP,200,755,,
2026-09-04T01:54:47.164223+00:00,LibGen,LibGen.bz,UP,200,821,,
2026-09-04T01:55:47.856724+00:00,LibGen,LibGen.bz,UP,200,917,,
2026-09-04T01:56:48.692197+00:00,LibGen,LibGen.bz,UP,200,1186,,
2026-09-04T01:57:48.308670+00:00,LibGen,LibGen.bz,UP,200,680,,
2026-09-04T01:58:51.463804+00:00,LibGen,LibGen.bz,DEGRADED,200,3326,latency_high,
2026-09-04T01:59:48.548970+00:00,LibGen,LibGen.bz,UP,200,731,,
2026-09-04T02:00:48.480650+00:00,LibGen,LibGen.bz,UP,200,265,,
2026-09-04T02:01:49.405423+00:00,LibGen,LibGen.bz,UP,200,758,,
2026-09-04T02:02:49.852412+00:00,LibGen,LibGen.bz,UP,200,883,,
2026-09-04T02:03:49.632713+00:00,LibGen,LibGen.bz,UP,200,272,,
2026-09-04T02:04:50.414086+00:00,LibGen,LibGen.bz,UP,200,879,,
2026-09-04T02:05:50.973363+00:00,LibGen,LibGen.bz,UP,200,1099,,
2026-09-04T02:06:51.073492+00:00,LibGen,LibGen.bz,UP,200,324,,
2026-09-04T02:07:51.815994+00:00,LibGen,LibGen.bz,UP,200,701,,
2026-09-04T02:08:52.389515+00:00,LibGen,LibGen.bz,UP,200,1066,,
2026-09-04T02:09:52.998707+00:00,LibGen,LibGen.bz,UP,200,1213,,
2026-09-04T02:10:53.032795+00:00,LibGen,LibGen.bz,UP,200,778,,
2026-09-04T02:11:53.215750+00:00,LibGen,LibGen.bz,UP,200,826,,
2026-09-04T02:12:53.812341+00:00,LibGen,LibGen.bz,UP,200,991,,
2026-09-04T02:13:53.478187+00:00,LibGen,LibGen.bz,UP,200,760,,
2026-09-04T02:14:54.505103+00:00,LibGen,LibGen.bz,UP,200,1094,,
2026-09-04T02:15:54.816643+00:00,LibGen,LibGen.bz,UP,200,642,,
2026-09-04T02:16:54.573529+00:00,LibGen,LibGen.bz,UP,200,767,,
2026-09-04T02:17:55.742533+00:00,LibGen,LibGen.bz,UP,200,750,,
2026-09-04T02:18:55.333646+00:00,LibGen,LibGen.bz,UP,200,672,,
2026-09-04T02:19:55.523391+00:00,LibGen,LibGen.bz,UP,200,668,,
2026-09-04T02:20:56.260645+00:00,LibGen,LibGen.bz,UP,200,775,,
2026-09-04T02:21:57.148685+00:00,LibGen,LibGen.bz,UP,200,696,,
2026-09-04T02:22:56.915919+00:00,LibGen,LibGen.bz,UP,200,787,,
2026-09-04T02:23:57.518223+00:00,LibGen,LibGen.bz,UP,200,788,,
2026-09-04T02:24:57.624830+00:00,LibGen,LibGen.bz,UP,200,558,,
2026-09-04T02:25:58.174759+00:00,LibGen,LibGen.bz,UP,200,743,,
2026-09-04T02:26:58.791903+00:00,LibGen,LibGen.bz,UP,200,740,,
2026-09-04T02:27:59.173582+00:00,LibGen,LibGen.bz,UP,200,1458,,
2026-09-04T02:28:58.592310+00:00,LibGen,LibGen.bz,UP,200,791,,
2026-09-04T02:29:58.696104+00:00,LibGen,LibGen.bz,UP,200,705,,
2026-09-04T02:30:59.362562+00:00,LibGen,LibGen.bz,UP,200,813,,
2026-09-04T02:32:00.316052+00:00,LibGen,LibGen.bz,UP,200,894,,
2026-09-04T02:33:00.011090+00:00,LibGen,LibGen.bz,UP,200,726,,
2026-09-04T02:34:00.915674+00:00,LibGen,LibGen.bz,UP,200,900,,
2026-09-04T02:35:02.240428+00:00,LibGen,LibGen.bz,UP,200,1377,,
2026-09-04T02:36:02.952354+00:00,LibGen,LibGen.bz,UP,200,1309,,
2026-09-04T02:37:02.074557+00:00,LibGen,LibGen.bz,UP,200,302,,
2026-09-04T02:38:02.648259+00:00,LibGen,LibGen.bz,UP,200,813,,
2026-09-04T02:39:23.137913+00:00,LibGen,LibGen.bz,DOWN,,,connection_refused,
2026-09-04T02:40:03.085716+00:00,LibGen,LibGen.bz,UP,200,1193,,
2026-09-04T02:41:02.908873+00:00,LibGen,LibGen.bz,UP,200,899,,
2026-09-04T02:42:03.448501+00:00,LibGen,LibGen.bz,UP,200,921,,
2026-09-04T02:43:04.120367+00:00,LibGen,LibGen.bz,UP,200,764,,
2026-09-04T02:44:04.290609+00:00,LibGen,LibGen.bz,UP,200,1011,,
2026-09-04T02:45:04.317309+00:00,LibGen,LibGen.bz,UP,200,1011,,
2026-09-04T02:46:04.434060+00:00,LibGen,LibGen.bz,UP,200,736,,
2026-09-04T02:47:05.238666+00:00,LibGen,LibGen.bz,UP,200,786,,
2026-09-04T02:48:05.454879+00:00,LibGen,LibGen.bz,UP,200,720,,
2026-09-04T02:49:05.916513+00:00,LibGen,LibGen.bz,UP,200,898,,
2026-09-04T02:50:07.319378+00:00,LibGen,LibGen.bz,UP,200,1252,,
2026-09-04T02:51:06.343852+00:00,LibGen,LibGen.bz,UP,200,595,,
2026-09-04T02:52:06.424557+00:00,LibGen,LibGen.bz,UP,200,656,,
2026-09-04T02:53:14.917574+00:00,LibGen,LibGen.bz,DEGRADED,200,8861,latency_high,
2026-09-04T02:54:07.832765+00:00,LibGen,LibGen.bz,UP,200,778,,
2026-09-04T02:55:07.373714+00:00,LibGen,LibGen.bz,UP,200,994,,
2026-09-04T02:56:07.302915+00:00,LibGen,LibGen.bz,UP,200,784,,
2026-09-04T02:57:08.021540+00:00,LibGen,LibGen.bz,UP,200,743,,
2026-09-04T02:58:07.676819+00:00,LibGen,LibGen.bz,UP,200,281,,
2026-09-04T02:59:07.596618+00:00,LibGen,LibGen.bz,DOWN,,,connection_refused,
2026-09-04T03:00:09.926249+00:00,LibGen,LibGen.bz,UP,200,1121,,
2026-09-04T03:01:08.962178+00:00,LibGen,LibGen.bz,UP,200,859,,
2026-09-04T03:02:14.124942+00:00,LibGen,LibGen.bz,DEGRADED,200,5060,latency_high,
2026-09-04T03:03:10.193392+00:00,LibGen,LibGen.bz,UP,200,679,,
2026-09-04T03:04:12.890550+00:00,LibGen,LibGen.bz,DOWN,502,3622,http_error,
2026-09-04T03:05:13.965537+00:00,LibGen,LibGen.bz,DEGRADED,200,4419,latency_high,
2026-09-04T03:06:14.582959+00:00,LibGen,LibGen.bz,DEGRADED,200,3860,latency_high,
2026-09-04T03:07:14.213864+00:00,LibGen,LibGen.bz,DEGRADED,200,3447,latency_high,
2026-09-04T03:08:14.804481+00:00,LibGen,LibGen.bz,DEGRADED,200,3244,latency_high,
2026-09-04T03:09:15.129880+00:00,LibGen,LibGen.bz,DEGRADED,200,3256,latency_high,
2026-09-04T03:10:12.484674+00:00,LibGen,LibGen.bz,DOWN,500,736,http_error,
2026-09-04T03:11:14.252745+00:00,LibGen,LibGen.bz,UP,200,1838,,
2026-09-04T03:12:34.527145+00:00,LibGen,LibGen.bz,DOWN,,,connection_refused,
2026-09-04T03:13:13.989118+00:00,LibGen,LibGen.bz,UP,200,1388,,
2026-09-04T03:14:14.445654+00:00,LibGen,LibGen.bz,UP,200,1710,,
2026-09-04T03:15:14.181466+00:00,LibGen,LibGen.bz,UP,200,898,,
2026-09-04T03:16:14.472355+00:00,LibGen,LibGen.bz,UP,200,765,,
2026-09-04T03:17:15.098511+00:00,LibGen,LibGen.bz,UP,200,718,,
2026-09-04T03:18:16.630170+00:00,LibGen,LibGen.bz,UP,200,1578,,
2026-09-04T03:19:15.800876+00:00,LibGen,LibGen.bz,UP,200,955,,
2026-09-04T03:20:15.865899+00:00,LibGen,LibGen.bz,UP,200,762,,
2026-09-04T03:21:16.416582+00:00,LibGen,LibGen.bz,UP,200,658,,
2026-09-04T03:22:16.760093+00:00,LibGen,LibGen.bz,UP,200,834,,
2026-09-04T03:23:18.087921+00:00,LibGen,LibGen.bz,UP,200,1035,,
2026-09-04T03:24:19.847707+00:00,LibGen,LibGen.bz,DEGRADED,200,3793,latency_high,
2026-09-04T03:25:17.528484+00:00,LibGen,LibGen.bz,UP,200,843,,
2026-09-04T03:26:18.414550+00:00,LibGen,LibGen.bz,UP,200,756,,
2026-09-04T03:27:18.481492+00:00,LibGen,LibGen.bz,UP,200,678,,
2026-09-04T03:28:18.978493+00:00,LibGen,LibGen.bz,UP,200,965,,
2026-09-04T03:29:18.536992+00:00,LibGen,LibGen.bz,UP,200,453,,
2026-09-04T03:30:19.194161+00:00,LibGen,LibGen.bz,UP,200,855,,
2026-09-04T03:31:19.758122+00:00,LibGen,LibGen.bz,UP,200,809,,
2026-09-04T03:32:19.392899+00:00,LibGen,LibGen.bz,UP,200,681,,
2026-09-04T03:33:19.488053+00:00,LibGen,LibGen.bz,UP,200,738,,
2026-09-04T03:34:20.606141+00:00,LibGen,LibGen.bz,UP,200,1693,,
2026-09-04T03:35:21.396737+00:00,LibGen,LibGen.bz,UP,200,789,,
2026-09-04T03:36:20.853781+00:00,LibGen,LibGen.bz,UP,200,739,,
2026-09-04T03:37:40.940955+00:00,LibGen,LibGen.bz,DOWN,,,connection_refused,
2026-09-04T03:38:21.117659+00:00,LibGen,LibGen.bz,UP,200,699,,
2026-09-04T03:39:20.844881+00:00,LibGen,LibGen.bz,UP,200,322,,
2026-09-04T03:40:21.897911+00:00,LibGen,LibGen.bz,UP,200,739,,
2026-09-04T03:41:22.581008+00:00,LibGen,LibGen.bz,UP,200,676,,
2026-09-04T03:42:22.635979+00:00,LibGen,LibGen.bz,UP,200,687,,
2026-09-04T03:43:23.092678+00:00,LibGen,LibGen.bz,UP,200,651,,
2026-09-04T03:44:23.063900+00:00,LibGen,LibGen.bz,UP,200,622,,
2026-09-04T03:45:44.066797+00:00,LibGen,LibGen.bz,DOWN,,,connection_refused,
2026-09-04T03:46:24.389293+00:00,LibGen,LibGen.bz,UP,200,819,,
2026-09-04T03:47:25.084548+00:00,LibGen,LibGen.bz,UP,200,897,,
2026-09-04T03:48:24.676696+00:00,LibGen,LibGen.bz,UP,200,796,,
2026-09-04T03:49:25.050678+00:00,LibGen,LibGen.bz,UP,200,744,,
2026-09-04T03:50:26.123929+00:00,LibGen,LibGen.bz,UP,200,749,,
2026-09-04T03:51:26.245866+00:00,LibGen,LibGen.bz,UP,200,755,,
2026-09-04T03:52:26.337921+00:00,LibGen,LibGen.bz,UP,200,697,,
2026-09-04T03:53:26.550497+00:00,LibGen,LibGen.bz,UP,200,745,,
2026-09-04T03:54:27.487793+00:00,LibGen,LibGen.bz,UP,200,740,,
2026-09-04T03:55:27.397234+00:00,LibGen,LibGen.bz,UP,200,275,,
2026-09-04T03:56:28.258145+00:00,LibGen,LibGen.bz,UP,200,914,,
2026-09-04T03:57:28.620474+00:00,LibGen,LibGen.bz,UP,200,1014,,
2026-09-04T03:58:28.817671+00:00,LibGen,LibGen.bz,UP,200,766,,
2026-09-04T03:59:29.029112+00:00,LibGen,LibGen.bz,UP,200,766,,
2026-09-04T04:00:30.858533+00:00,LibGen,LibGen.bz,UP,200,929,,
2026-09-04T04:01:31.449563+00:00,LibGen,LibGen.bz,UP,200,1201,,
2026-09-04T04:02:30.965326+00:00,LibGen,LibGen.bz,UP,200,854,,
2026-09-04T04:03:31.694869+00:00,LibGen,LibGen.bz,UP,200,847,,
2026-09-04T04:04:32.433199+00:00,LibGen,LibGen.bz,UP,200,1438,,
2026-09-04T04:05:33.645255+00:00,LibGen,LibGen.bz,UP,200,1642,,
2026-09-04T04:06:32.036463+00:00,LibGen,LibGen.bz,UP,200,258,,
2026-09-04T04:07:33.177960+00:00,LibGen,LibGen.bz,UP,200,885,,
2026-09-04T04:08:33.306042+00:00,LibGen,LibGen.bz,UP,200,798,,
2026-09-04T04:09:33.902613+00:00,LibGen,LibGen.bz,UP,200,1191,,
2026-09-04T04:10:33.830392+00:00,LibGen,LibGen.bz,UP,200,865,,
2026-09-04T04:11:34.723821+00:00,LibGen,LibGen.bz,UP,200,731,,
2026-09-04T04:12:35.064350+00:00,LibGen,LibGen.bz,UP,200,863,,
2026-09-04T04:13:35.818261+00:00,LibGen,LibGen.bz,UP,200,718,,
2026-09-04T04:14:35.608262+00:00,LibGen,LibGen.bz,UP,200,703,,
2026-09-04T04:15:36.122530+00:00,LibGen,LibGen.bz,UP,200,613,,
2026-09-04T04:16:37.559641+00:00,LibGen,LibGen.bz,UP,200,703,,
2026-09-04T04:17:36.798108+00:00,LibGen,LibGen.bz,UP,200,883,,
2026-09-04T04:18:39.629621+00:00,LibGen,LibGen.bz,DEGRADED,200,3127,latency_high,
2026-09-04T04:19:37.468245+00:00,LibGen,LibGen.bz,UP,200,772,,
2026-09-04T04:20:37.856314+00:00,LibGen,LibGen.bz,UP,200,870,,
2026-09-04T04:21:37.990356+00:00,LibGen,LibGen.bz,UP,200,885,,
2026-09-04T04:22:39.446118+00:00,LibGen,LibGen.bz,UP,200,1783,,
2026-09-04T04:23:39.390386+00:00,LibGen,LibGen.bz,UP,200,749,,
2026-09-04T04:24:40.098523+00:00,LibGen,LibGen.bz,UP,200,1121,,
2026-09-04T04:25:39.872495+00:00,LibGen,LibGen.bz,UP,200,690,,
2026-09-04T04:26:43.991501+00:00,LibGen,LibGen.bz,DEGRADED,200,4675,latency_high,
2026-09-04T04:28:00.260843+00:00,LibGen,LibGen.bz,DOWN,,,connection_refused,
2026-09-04T04:28:40.450913+00:00,LibGen,LibGen.bz,UP,200,817,,
2026-09-04T04:29:41.019116+00:00,LibGen,LibGen.bz,UP,200,679,,
2026-09-04T04:30:41.381864+00:00,LibGen,LibGen.bz,UP,200,795,,
2026-09-04T04:31:41.451642+00:00,LibGen,LibGen.bz,UP,200,669,,
2026-09-04T04:32:41.833203+00:00,LibGen,LibGen.bz,UP,200,723,,
2026-09-04T04:33:42.064734+00:00,LibGen,LibGen.bz,UP,200,762,,
2026-09-04T04:34:42.191531+00:00,LibGen,LibGen.bz,UP,200,881,,
2026-09-04T04:35:42.397710+00:00,LibGen,LibGen.bz,UP,200,906,,
2026-09-04T04:36:42.730121+00:00,LibGen,LibGen.bz,UP,200,664,,
2026-09-04T04:37:44.413139+00:00,LibGen,LibGen.bz,UP,200,890,,
2026-09-04T04:38:43.546002+00:00,LibGen,LibGen.bz,UP,200,790,,
2026-09-04T04:39:44.655736+00:00,LibGen,LibGen.bz,UP,200,750,,
2026-09-04T04:40:44.275410+00:00,LibGen,LibGen.bz,UP,200,724,,
2026-09-04T04:41:44.533050+00:00,LibGen,LibGen.bz,UP,200,719,,
2026-09-04T04:42:44.485527+00:00,LibGen,LibGen.bz,UP,200,624,,
2026-09-04T04:43:45.005161+00:00,LibGen,LibGen.bz,UP,200,637,,
2026-09-04T04:44:45.386729+00:00,LibGen,LibGen.bz,UP,200,991,,
2026-09-04T04:45:45.158702+00:00,LibGen,LibGen.bz,UP,200,618,,
2026-09-04T04:46:45.638659+00:00,LibGen,LibGen.bz,UP,200,361,,
2026-09-04T04:47:45.749880+00:00,LibGen,LibGen.bz,UP,200,707,,
2026-09-04T04:48:46.035879+00:00,LibGen,LibGen.bz,UP,200,783,,
2026-09-04T04:49:46.767115+00:00,LibGen,LibGen.bz,UP,200,549,,
2026-09-04T04:50:47.087589+00:00,LibGen,LibGen.bz,UP,200,1038,,
2026-09-04T04:51:47.618633+00:00,LibGen,LibGen.bz,UP,200,805,,
2026-09-04T04:52:46.778885+00:00,LibGen,LibGen.bz,UP,200,249,,
2026-09-04T04:53:47.736974+00:00,LibGen,LibGen.bz,UP,200,691,,
2026-09-04T04:54:47.483534+00:00,LibGen,LibGen.bz,UP,200,354,,
2026-09-04T04:55:47.981990+00:00,LibGen,LibGen.bz,DOWN,500,673,http_error,
2026-09-04T04:56:47.685453+00:00,LibGen,LibGen.bz,DOWN,500,229,http_error,
2026-09-04T04:57:48.829655+00:00,LibGen,LibGen.bz,UP,200,769,,
2026-09-04T04:58:49.070515+00:00,LibGen,LibGen.bz,UP,200,820,,
2026-09-04T04:59:49.529661+00:00,LibGen,LibGen.bz,UP,200,1070,,
2026-09-04T05:00:51.160973+00:00,LibGen,LibGen.bz,UP,200,1224,,
2026-09-04T05:01:50.202824+00:00,LibGen,LibGen.bz,UP,200,662,,
2026-09-04T05:02:51.783226+00:00,LibGen,LibGen.bz,UP,200,1167,,
2026-09-04T05:03:51.084006+00:00,LibGen,LibGen.bz,UP,200,1026,,
2026-09-04T05:04:50.866698+00:00,LibGen,LibGen.bz,UP,200,798,,
2026-09-04T05:05:51.036272+00:00,LibGen,LibGen.bz,UP,200,429,,
2026-09-04T05:07:11.705234+00:00,LibGen,LibGen.bz,DOWN,,,connection_refused,
2026-09-04T05:07:51.634434+00:00,LibGen,LibGen.bz,UP,200,698,,
2026-09-04T05:08:51.810887+00:00,LibGen,LibGen.bz,UP,200,796,,
2026-09-04T05:09:53.009972+00:00,LibGen,LibGen.bz,UP,200,657,,
2026-09-04T05:10:52.896496+00:00,LibGen,LibGen.bz,UP,200,735,,
2026-09-04T05:11:53.984480+00:00,LibGen,LibGen.bz,UP,200,717,,
2026-09-04T05:12:52.984700+00:00,LibGen,LibGen.bz,UP,200,589,,
2026-09-04T05:13:53.625877+00:00,LibGen,LibGen.bz,UP,200,554,,
2026-09-04T05:14:54.292459+00:00,LibGen,LibGen.bz,UP,200,803,,
2026-09-04T05:15:54.246930+00:00,LibGen,LibGen.bz,UP,200,757,,
2026-09-04T05:16:54.846188+00:00,LibGen,LibGen.bz,UP,200,769,,
2026-09-04T05:17:54.927021+00:00,LibGen,LibGen.bz,UP,200,638,,
2026-09-04T05:18:55.631073+00:00,LibGen,LibGen.bz,UP,200,647,,
2026-09-04T05:19:56.688424+00:00,LibGen,LibGen.bz,UP,200,1616,,
2026-09-04T05:20:55.708557+00:00,LibGen,LibGen.bz,UP,200,287,,
2026-09-04T05:21:56.206858+00:00,LibGen,LibGen.bz,UP,200,696,,
2026-09-04T05:22:56.807695+00:00,LibGen,LibGen.bz,UP,200,783,,
2026-09-04T05:23:56.914045+00:00,LibGen,LibGen.bz,UP,200,268,,
2026-09-04T05:24:57.477430+00:00,LibGen,LibGen.bz,UP,200,1102,,
2026-09-04T05:25:57.251590+00:00,LibGen,LibGen.bz,UP,200,765,,
2026-09-04T05:26:57.000564+00:00,LibGen,LibGen.bz,UP,200,283,,
2026-09-04T05:27:59.101228+00:00,LibGen,LibGen.bz,UP,200,982,,
2026-09-04T05:28:58.457802+00:00,LibGen,LibGen.bz,UP,200,647,,
2026-09-04T05:29:59.519581+00:00,LibGen,LibGen.bz,UP,200,758,,
2026-09-04T05:31:02.742094+00:00,LibGen,LibGen.bz,DEGRADED,200,3776,latency_high,
2026-09-04T05:31:59.791471+00:00,LibGen,LibGen.bz,UP,200,283,,
2026-09-04T05:32:59.699183+00:00,LibGen,LibGen.bz,UP,200,265,,
2026-09-04T05:34:00.299677+00:00,LibGen,LibGen.bz,UP,200,710,,
2026-09-04T05:35:22.559961+00:00,LibGen,LibGen.bz,DOWN,,,connection_refused,
2026-09-04T05:36:00.980868+00:00,LibGen,LibGen.bz,UP,200,811,,
2026-09-04T05:37:01.548523+00:00,LibGen,LibGen.bz,UP,200,708,,
2026-09-04T05:38:01.719010+00:00,LibGen,LibGen.bz,UP,200,826,,
2026-09-04T05:39:02.731216+00:00,LibGen,LibGen.bz,UP,200,1091,,
2026-09-04T05:40:03.707706+00:00,LibGen,LibGen.bz,UP,200,1491,,
2026-09-04T05:41:02.783634+00:00,LibGen,LibGen.bz,UP,200,839,,
2026-09-04T05:42:03.878344+00:00,LibGen,LibGen.bz,UP,200,725,,
2026-09-04T05:43:03.729356+00:00,LibGen,LibGen.bz,UP,200,796,,
2026-09-04T05:44:04.019767+00:00,LibGen,LibGen.bz,UP,200,701,,
2026-09-04T05:45:03.666608+00:00,LibGen,LibGen.bz,UP,200,320,,
2026-09-04T05:46:05.194076+00:00,LibGen,LibGen.bz,UP,200,1002,,
2026-09-04T05:47:05.005083+00:00,LibGen,LibGen.bz,UP,200,798,,
2026-09-04T05:48:06.024558+00:00,LibGen,LibGen.bz,UP,200,1160,,
2026-09-04T05:49:05.857712+00:00,LibGen,LibGen.bz,UP,200,993,,
2026-09-04T05:50:06.153458+00:00,LibGen,LibGen.bz,UP,200,773,,
2026-09-04T05:51:06.618959+00:00,LibGen,LibGen.bz,UP,200,988,,
2026-09-04T05:52:06.732180+00:00,LibGen,LibGen.bz,UP,200,925,,
2026-09-04T05:53:07.813192+00:00,LibGen,LibGen.bz,UP,200,877,,
2026-09-04T05:54:13.784707+00:00,LibGen,LibGen.bz,DEGRADED,200,7036,latency_high,
2026-09-04T05:55:08.101016+00:00,LibGen,LibGen.bz,UP,200,1077,,
2026-09-04T05:56:09.239371+00:00,LibGen,LibGen.bz,UP,200,684,,
2026-09-04T05:57:08.847588+00:00,LibGen,LibGen.bz,UP,200,692,,
2026-09-04T05:58:08.785226+00:00,LibGen,LibGen.bz,UP,200,704,,
2026-09-04T05:59:09.685124+00:00,LibGen,LibGen.bz,UP,200,1089,,
2026-09-04T06:00:10.257864+00:00,LibGen,LibGen.bz,UP,200,1043,,
2026-09-04T06:01:09.338320+00:00,LibGen,LibGen.bz,UP,200,282,,
2026-09-04T06:02:13.921744+00:00,LibGen,LibGen.bz,DEGRADED,200,4651,latency_high,
2026-09-04T06:03:14.722953+00:00,LibGen,LibGen.bz,DEGRADED,200,5020,latency_high,
2026-09-04T06:04:14.027792+00:00,LibGen,LibGen.bz,DEGRADED,200,4237,latency_high,
2026-09-04T06:05:14.593788+00:00,LibGen,LibGen.bz,DEGRADED,200,4054,latency_high,
2026-09-04T06:06:20.264798+00:00,LibGen,LibGen.bz,DEGRADED,200,4957,latency_high,
2026-09-04T06:07:14.112009+00:00,LibGen,LibGen.bz,DEGRADED,200,3831,latency_high,
2026-09-04T06:08:15.576354+00:00,LibGen,LibGen.bz,DEGRADED,200,4176,latency_high,
2026-09-04T06:09:14.516864+00:00,LibGen,LibGen.bz,DEGRADED,200,3433,latency_high,
2026-09-04T06:10:34.389566+00:00,LibGen,LibGen.bz,DOWN,,,connection_refused,
2026-09-04T06:11:14.317168+00:00,LibGen,LibGen.bz,UP,200,2438,,
2026-09-04T06:12:14.635146+00:00,LibGen,LibGen.bz,UP,200,2542,,
2026-09-04T06:13:14.998618+00:00,LibGen,LibGen.bz,UP,200,2892,,
2026-09-04T06:14:17.150016+00:00,LibGen,LibGen.bz,DEGRADED,200,4186,latency_high,
2026-09-04T06:15:14.224623+00:00,LibGen,LibGen.bz,DOWN,500,1020,http_error,
2026-09-04T06:16:14.877970+00:00,LibGen,LibGen.bz,UP,200,754,,
2026-09-04T06:17:15.735259+00:00,LibGen,LibGen.bz,UP,200,894,,
2026-09-04T06:18:15.651926+00:00,LibGen,LibGen.bz,UP,200,661,,
2026-09-04T06:19:16.260807+00:00,LibGen,LibGen.bz,UP,200,620,,
2026-09-04T06:20:16.893822+00:00,LibGen,LibGen.bz,UP,200,812,,
2026-09-04T06:21:17.998176+00:00,LibGen,LibGen.bz,UP,200,769,,
2026-09-04T06:22:17.368044+00:00,LibGen,LibGen.bz,UP,200,259,,
2026-09-04T06:23:18.066048+00:00,LibGen,LibGen.bz,UP,200,787,,
2026-09-04T06:24:18.166446+00:00,LibGen,LibGen.bz,UP,200,731,,
2026-09-04T06:25:19.054056+00:00,LibGen,LibGen.bz,UP,200,1007,,
2026-09-04T06:26:19.972052+00:00,LibGen,LibGen.bz,UP,200,832,,
2026-09-04T06:27:21.078251+00:00,LibGen,LibGen.bz,UP,200,1131,,
2026-09-04T06:28:21.029004+00:00,LibGen,LibGen.bz,UP,200,875,,
2026-09-04T06:29:24.154759+00:00,LibGen,LibGen.bz,UP,200,2980,,
2026-09-04T06:30:22.216311+00:00,LibGen,LibGen.bz,UP,200,908,,
2026-09-04T06:31:22.833643+00:00,LibGen,LibGen.bz,UP,200,705,,
2026-09-04T06:32:23.108663+00:00,LibGen,LibGen.bz,UP,200,627,,
2026-09-04T06:33:24.239945+00:00,LibGen,LibGen.bz,UP,200,775,,
2026-09-04T06:34:25.062693+00:00,LibGen,LibGen.bz,UP,200,748,,
2026-09-04T06:35:26.085853+00:00,LibGen,LibGen.bz,UP,200,832,,
2026-09-04T06:36:27.405408+00:00,LibGen,LibGen.bz,UP,200,909,,
2026-09-04T06:37:27.050648+00:00,LibGen,LibGen.bz,UP,200,954,,
2026-09-04T06:38:27.747065+00:00,LibGen,LibGen.bz,UP,200,813,,
2026-09-04T06:39:28.079764+00:00,LibGen,LibGen.bz,UP,200,832,,
2026-09-04T06:40:29.402724+00:00,LibGen,LibGen.bz,UP,200,1761,,
2026-09-04T06:41:33.596460+00:00,LibGen,LibGen.bz,UP,200,1023,,
2026-09-04T06:42:29.252595+00:00,LibGen,LibGen.bz,UP,200,720,,
2026-09-04T06:43:30.311870+00:00,LibGen,LibGen.bz,UP,200,862,,
2026-09-04T06:44:30.405947+00:00,LibGen,LibGen.bz,DOWN,,,connection_refused,
2026-09-04T06:45:32.166209+00:00,LibGen,LibGen.bz,UP,200,819,,
2026-09-04T06:46:34.134321+00:00,LibGen,LibGen.bz,UP,200,924,,
2026-09-04T06:47:34.138331+00:00,LibGen,LibGen.bz,UP,200,801,,
2026-09-04T06:48:34.966470+00:00,LibGen,LibGen.bz,UP,200,788,,
2026-09-04T06:49:35.557262+00:00,LibGen,LibGen.bz,UP,200,802,,
2026-09-04T06:50:35.572658+00:00,LibGen,LibGen.bz,UP,200,991,,
2026-09-04T06:51:35.339774+00:00,LibGen,LibGen.bz,UP,200,755,,
2026-09-04T06:52:35.736814+00:00,LibGen,LibGen.bz,UP,200,765,,
2026-09-04T06:53:36.001134+00:00,LibGen,LibGen.bz,UP,200,710,,
2026-09-04T06:54:37.065792+00:00,LibGen,LibGen.bz,UP,200,1093,,
2026-09-04T06:55:43.259352+00:00,LibGen,LibGen.bz,UP,200,1406,,
2026-09-04T06:56:38.756449+00:00,LibGen,LibGen.bz,UP,200,735,,
2026-09-04T06:57:40.353078+00:00,LibGen,LibGen.bz,UP,200,675,,
2026-09-04T06:58:59.925736+00:00,LibGen,LibGen.bz,DOWN,,,connection_refused,
2026-09-04T06:59:40.678558+00:00,LibGen,LibGen.bz,UP,200,693,,
2026-09-04T07:00:41.808151+00:00,LibGen,LibGen.bz,UP,200,912,,
2026-09-04T07:01:42.836087+00:00,LibGen,LibGen.bz,UP,200,741,,
2026-09-04T07:02:46.263679+00:00,LibGen,LibGen.bz,DEGRADED,200,3783,latency_high,
2026-09-04T07:03:44.524885+00:00,LibGen,LibGen.bz,UP,200,1190,,
2026-09-04T07:04:46.024475+00:00,LibGen,LibGen.bz,UP,200,822,,
2026-09-04T07:05:45.727617+00:00,LibGen,LibGen.bz,UP,200,720,,
2026-09-04T07:06:47.195505+00:00,LibGen,LibGen.bz,UP,200,915,,
2026-09-04T07:07:50.631970+00:00,LibGen,LibGen.bz,DEGRADED,200,4055,latency_high,
2026-09-04T07:08:48.709018+00:00,LibGen,LibGen.bz,UP,200,938,,
2026-09-04T07:09:50.756111+00:00,LibGen,LibGen.bz,UP,200,315,,
2026-09-04T07:10:49.829417+00:00,LibGen,LibGen.bz,UP,200,777,,
2026-09-04T07:11:50.639371+00:00,LibGen,LibGen.bz,UP,200,774,,
2026-09-04T07:12:51.508071+00:00,LibGen,LibGen.bz,UP,200,739,,
2026-09-04T07:13:51.614061+00:00,LibGen,LibGen.bz,UP,200,277,,
2026-09-04T07:14:52.755937+00:00,LibGen,LibGen.bz,UP,200,689,,
2026-09-04T07:15:53.598236+00:00,LibGen,LibGen.bz,UP,200,748,,
2026-09-04T07:16:54.663609+00:00,LibGen,LibGen.bz,UP,200,686,,
2026-09-04T07:17:54.981519+00:00,LibGen,LibGen.bz,UP,200,755,,
2026-09-04T07:19:15.626800+00:00,LibGen,LibGen.bz,TIMEOUT,,,timeout,
2026-09-04T07:19:56.013498+00:00,LibGen,LibGen.bz,UP,200,693,,
2026-09-04T07:21:00.977529+00:00,LibGen,LibGen.bz,DEGRADED,200,4474,latency_high,
2026-09-04T07:21:57.824850+00:00,LibGen,LibGen.bz,UP,200,787,,
2026-09-04T07:22:59.184525+00:00,LibGen,LibGen.bz,UP,200,1742,,
2026-09-04T07:23:58.612187+00:00,LibGen,LibGen.bz,UP,200,693,,
2026-09-04T07:24:59.164387+00:00,LibGen,LibGen.bz,UP,200,800,,
2026-09-04T07:25:59.843286+00:00,LibGen,LibGen.bz,UP,200,800,,
2026-09-04T07:26:59.554855+00:00,LibGen,LibGen.bz,UP,200,846,,
2026-09-04T07:28:00.412859+00:00,LibGen,LibGen.bz,UP,200,714,,
2026-09-04T07:29:01.509728+00:00,LibGen,LibGen.bz,UP,200,1038,,
2026-09-04T07:30:01.671170+00:00,LibGen,LibGen.bz,UP,200,1141,,
2026-09-04T07:31:03.703724+00:00,LibGen,LibGen.bz,UP,200,2315,,
2026-09-04T07:32:02.814055+00:00,LibGen,LibGen.bz,UP,200,1342,,
2026-09-04T07:33:03.286524+00:00,LibGen,LibGen.bz,UP,200,1016,,
2026-09-04T07:34:03.490915+00:00,LibGen,LibGen.bz,UP,200,889,,
2026-09-04T07:35:06.532496+00:00,LibGen,LibGen.bz,UP,200,846,,
2026-09-04T07:36:05.150460+00:00,LibGen,LibGen.bz,UP,200,794,,
2026-09-04T07:37:05.514239+00:00,LibGen,LibGen.bz,UP,200,725,,
2026-09-04T07:38:07.049548+00:00,LibGen,LibGen.bz,UP,200,884,,
2026-09-04T07:39:08.648418+00:00,LibGen,LibGen.bz,UP,200,2063,,
2026-09-04T07:40:08.474680+00:00,LibGen,LibGen.bz,UP,200,1025,,
2026-09-04T07:41:08.541184+00:00,LibGen,LibGen.bz,UP,200,952,,
2026-09-04T07:42:08.250794+00:00,LibGen,LibGen.bz,UP,200,768,,
2026-09-04T07:43:08.634591+00:00,LibGen,LibGen.bz,UP,200,612,,
2026-09-04T07:44:08.833701+00:00,LibGen,LibGen.bz,UP,200,750,,
2026-09-04T07:45:11.458983+00:00,LibGen,LibGen.bz,UP,200,1802,,
2026-09-04T07:46:09.755533+00:00,LibGen,LibGen.bz,UP,200,814,,
2026-09-04T07:47:14.696803+00:00,LibGen,LibGen.bz,DEGRADED,200,4440,latency_high,
2026-09-04T07:48:14.305993+00:00,LibGen,LibGen.bz,DEGRADED,200,3781,latency_high,
2026-09-04T07:49:13.422101+00:00,LibGen,LibGen.bz,UP,200,1454,,
2026-09-04T07:50:15.083713+00:00,LibGen,LibGen.bz,UP,200,2349,,
2026-09-04T07:51:17.072189+00:00,LibGen,LibGen.bz,DEGRADED,200,4727,latency_high,
2026-09-04T07:52:14.027382+00:00,LibGen,LibGen.bz,DOWN,500,851,http_error,
2026-09-04T07:53:14.575388+00:00,LibGen,LibGen.bz,DOWN,500,983,http_error,
2026-09-04T07:54:15.311166+00:00,LibGen,LibGen.bz,UP,200,814,,
2026-09-04T07:55:20.593919+00:00,LibGen,LibGen.bz,DEGRADED,200,3787,latency_high,
2026-09-04T07:56:16.474442+00:00,LibGen,LibGen.bz,UP,200,678,,
2026-09-04T07:57:16.890803+00:00,LibGen,LibGen.bz,UP,200,765,,
2026-09-04T07:58:18.163040+00:00,LibGen,LibGen.bz,UP,200,854,,
2026-09-04T07:59:18.276695+00:00,LibGen,LibGen.bz,UP,200,633,,
2026-09-04T08:00:19.379006+00:00,LibGen,LibGen.bz,UP,200,990,,
2026-09-04T08:01:19.127608+00:00,LibGen,LibGen.bz,UP,200,694,,
2026-09-04T08:02:41.017940+00:00,LibGen,LibGen.bz,DOWN,,,connection_refused,
2026-09-04T08:03:20.497396+00:00,LibGen,LibGen.bz,UP,200,831,,
2026-09-04T08:04:20.903117+00:00,LibGen,LibGen.bz,UP,200,703,,
2026-09-04T08:05:21.835775+00:00,LibGen,LibGen.bz,UP,200,933,,
2026-09-04T08:06:21.376629+00:00,LibGen,LibGen.bz,UP,200,801,,
2026-09-04T08:07:22.803621+00:00,LibGen,LibGen.bz,UP,200,959,,
2026-09-04T08:08:22.944621+00:00,LibGen,LibGen.bz,UP,200,757,,
2026-09-04T08:09:24.238995+00:00,LibGen,LibGen.bz,UP,200,892,,
2026-09-04T08:10:44.426862+00:00,LibGen,LibGen.bz,DOWN,,,connection_refused,
2026-09-04T08:11:25.545475+00:00,LibGen,LibGen.bz,UP,200,667,,
2026-09-04T08:12:26.055249+00:00,LibGen,LibGen.bz,UP,200,705,,
2026-09-04T08:13:27.593398+00:00,LibGen,LibGen.bz,UP,200,850,,
2026-09-04T08:14:28.146814+00:00,LibGen,LibGen.bz,UP,200,958,,
2026-09-04T08:15:28.892511+00:00,LibGen,LibGen.bz,UP,200,806,,
2026-09-04T08:16:29.072657+00:00,LibGen,LibGen.bz,UP,200,875,,
2026-09-04T08:17:29.204323+00:00,LibGen,LibGen.bz,UP,200,718,,
2026-09-04T08:18:29.406093+00:00,LibGen,LibGen.bz,UP,200,722,,
2026-09-04T08:19:29.739423+00:00,LibGen,LibGen.bz,UP,200,769,,
2026-09-04T08:20:31.229229+00:00,LibGen,LibGen.bz,UP,200,1081,,
2026-09-04T08:21:38.330809+00:00,LibGen,LibGen.bz,DEGRADED,200,7914,latency_high,
2026-09-04T08:22:32.990628+00:00,LibGen,LibGen.bz,UP,200,800,,
2026-09-04T08:23:32.019197+00:00,LibGen,LibGen.bz,UP,200,294,,
2026-09-04T08:24:32.870204+00:00,LibGen,LibGen.bz,UP,200,727,,
2026-09-04T08:25:33.050035+00:00,LibGen,LibGen.bz,UP,200,745,,
2026-09-04T08:26:34.147542+00:00,LibGen,LibGen.bz,UP,200,701,,
2026-09-04T08:27:34.487652+00:00,LibGen,LibGen.bz,UP,200,829,,
2026-09-04T08:28:35.648770+00:00,LibGen,LibGen.bz,UP,200,1354,,
2026-09-04T08:29:55.549164+00:00,LibGen,LibGen.bz,DOWN,,,connection_refused,
2026-09-04T08:30:55.682211+00:00,LibGen,LibGen.bz,DOWN,,,connection_refused,
2026-09-04T08:31:35.574247+00:00,LibGen,LibGen.bz,UP,200,795,,
2026-09-04T08:32:37.836418+00:00,LibGen,LibGen.bz,UP,200,1082,,
2026-09-04T08:33:37.753282+00:00,LibGen,LibGen.bz,UP,200,813,,
2026-09-04T08:34:37.972961+00:00,LibGen,LibGen.bz,UP,200,738,,
2026-09-04T08:35:37.649416+00:00,LibGen,LibGen.bz,UP,200,794,,
2026-09-04T08:36:38.392672+00:00,LibGen,LibGen.bz,UP,200,668,,
2026-09-04T08:37:39.593616+00:00,LibGen,LibGen.bz,UP,200,945,,
2026-09-04T08:38:39.397784+00:00,LibGen,LibGen.bz,DOWN,,,connection_refused,
2026-09-04T08:39:41.375721+00:00,LibGen,LibGen.bz,UP,200,877,,
2026-09-04T08:40:42.311914+00:00,LibGen,LibGen.bz,UP,200,818,,
2026-09-04T08:41:42.659424+00:00,LibGen,LibGen.bz,UP,200,802,,
2026-09-04T08:42:43.918733+00:00,LibGen,LibGen.bz,UP,200,798,,
2026-09-04T08:43:45.180867+00:00,LibGen,LibGen.bz,UP,200,661,,
2026-09-04T08:44:45.125540+00:00,LibGen,LibGen.bz,UP,200,683,,
2026-09-04T08:45:46.387121+00:00,LibGen,LibGen.bz,UP,200,1132,,
2026-09-04T08:46:46.879171+00:00,LibGen,LibGen.bz,UP,200,899,,
2026-09-04T08:47:47.780489+00:00,LibGen,LibGen.bz,UP,200,665,,
2026-09-04T08:48:47.599679+00:00,LibGen,LibGen.bz,DOWN,,,connection_refused,
2026-09-04T08:49:49.053771+00:00,LibGen,LibGen.bz,UP,200,760,,
2026-09-04T08:50:49.970657+00:00,LibGen,LibGen.bz,UP,200,833,,
2026-09-04T08:51:54.645230+00:00,LibGen,LibGen.bz,UP,200,821,,
2026-09-04T08:52:50.093606+00:00,LibGen,LibGen.bz,UP,200,906,,
2026-09-04T08:53:50.300358+00:00,LibGen,LibGen.bz,UP,200,716,,
2026-09-04T08:54:51.322574+00:00,LibGen,LibGen.bz,UP,200,779,,
2026-09-04T08:55:52.205761+00:00,LibGen,LibGen.bz,UP,200,710,,
2026-09-04T08:56:52.496697+00:00,LibGen,LibGen.bz,UP,200,799,,
2026-09-04T08:57:53.068818+00:00,LibGen,LibGen.bz,UP,200,697,,
2026-09-04T08:58:53.884708+00:00,LibGen,LibGen.bz,UP,200,714,,
2026-09-04T08:59:54.898472+00:00,LibGen,LibGen.bz,UP,200,1003,,
2026-09-04T09:00:55.612868+00:00,LibGen,LibGen.bz,UP,200,771,,
2026-09-04T09:01:56.833868+00:00,LibGen,LibGen.bz,UP,200,732,,
2026-09-04T09:02:57.700314+00:00,LibGen,LibGen.bz,UP,200,1051,,
2026-09-04T09:03:58.288727+00:00,LibGen,LibGen.bz,UP,200,875,,
2026-09-04T09:04:59.609544+00:00,LibGen,LibGen.bz,UP,200,894,,
2026-09-04T09:05:59.268903+00:00,LibGen,LibGen.bz,UP,200,327,,
2026-09-04T09:07:00.283962+00:00,LibGen,LibGen.bz,UP,200,1126,,
2026-09-04T09:08:01.124009+00:00,LibGen,LibGen.bz,UP,200,829,,
2026-09-04T09:09:00.997515+00:00,LibGen,LibGen.bz,UP,200,818,,
2026-09-04T09:10:01.572433+00:00,LibGen,LibGen.bz,UP,200,907,,
2026-09-04T09:11:02.828934+00:00,LibGen,LibGen.bz,UP,200,858,,
2026-09-04T09:12:01.754472+00:00,LibGen,LibGen.bz,UP,200,297,,
2026-09-04T09:13:02.463571+00:00,LibGen,LibGen.bz,UP,200,907,,
2026-09-04T09:14:03.316908+00:00,LibGen,LibGen.bz,UP,200,820,,
2026-09-04T09:15:03.579404+00:00,LibGen,LibGen.bz,UP,200,1187,,
2026-09-04T09:16:03.986235+00:00,LibGen,LibGen.bz,UP,200,273,,
2026-09-04T09:17:04.686882+00:00,LibGen,LibGen.bz,UP,200,663,,
2026-09-04T09:18:05.161555+00:00,LibGen,LibGen.bz,UP,200,779,,
2026-09-04T09:19:06.472884+00:00,LibGen,LibGen.bz,UP,200,1086,,
2026-09-04T09:20:06.499718+00:00,LibGen,LibGen.bz,UP,200,802,,
2026-09-04T09:21:07.131924+00:00,LibGen,LibGen.bz,UP,200,1073,,
2026-09-04T09:22:08.065292+00:00,LibGen,LibGen.bz,UP,200,1078,,
2026-09-04T09:23:09.114235+00:00,LibGen,LibGen.bz,UP,200,610,,
2026-09-04T09:24:09.032046+00:00,LibGen,LibGen.bz,UP,200,693,,
2026-09-04T09:25:09.906913+00:00,LibGen,LibGen.bz,UP,200,834,,
2026-09-04T09:26:10.062937+00:00,LibGen,LibGen.bz,UP,200,802,,
2026-09-04T09:27:11.603718+00:00,LibGen,LibGen.bz,UP,200,1730,,
2026-09-04T09:28:14.624611+00:00,LibGen,LibGen.bz,DEGRADED,200,3760,latency_high,
2026-09-04T09:29:12.908673+00:00,LibGen,LibGen.bz,UP,200,927,,
2026-09-04T09:30:12.532562+00:00,LibGen,LibGen.bz,UP,200,297,,
2026-09-04T09:31:13.774564+00:00,LibGen,LibGen.bz,UP,200,1098,,
2026-09-04T09:32:14.624835+00:00,LibGen,LibGen.bz,UP,200,882,,
2026-09-04T09:33:15.821090+00:00,LibGen,LibGen.bz,UP,200,1639,,
2026-09-04T09:34:15.628638+00:00,LibGen,LibGen.bz,UP,200,283,,
2026-09-04T09:35:16.927385+00:00,LibGen,LibGen.bz,UP,200,709,,
2026-09-04T09:36:17.164689+00:00,LibGen,LibGen.bz,UP,200,636,,
2026-09-04T09:37:18.033150+00:00,LibGen,LibGen.bz,UP,200,712,,
2026-09-04T09:38:19.441559+00:00,LibGen,LibGen.bz,UP,200,767,,
2026-09-04T09:39:20.187941+00:00,LibGen,LibGen.bz,UP,200,764,,
2026-09-04T09:40:20.583830+00:00,LibGen,LibGen.bz,UP,200,297,,
2026-09-04T09:41:21.544855+00:00,LibGen,LibGen.bz,UP,200,723,,
2026-09-04T09:42:22.397180+00:00,LibGen,LibGen.bz,UP,200,709,,
2026-09-04T09:43:22.584076+00:00,LibGen,LibGen.bz,UP,200,874,,
2026-09-04T09:44:23.153508+00:00,LibGen,LibGen.bz,UP,200,692,,
2026-09-04T09:45:25.004781+00:00,LibGen,LibGen.bz,UP,200,1679,,
2026-09-04T09:46:24.037954+00:00,LibGen,LibGen.bz,UP,200,322,,
2026-09-04T09:47:25.303805+00:00,LibGen,LibGen.bz,UP,200,633,,
2026-09-04T09:48:26.281478+00:00,LibGen,LibGen.bz,UP,200,778,,
2026-09-04T09:49:26.191171+00:00,LibGen,LibGen.bz,UP,200,678,,
2026-09-04T09:50:27.199378+00:00,LibGen,LibGen.bz,UP,200,840,,
2026-09-04T09:51:28.267826+00:00,LibGen,LibGen.bz,UP,200,761,,
2026-09-04T09:52:29.548771+00:00,LibGen,LibGen.bz,UP,200,812,,
2026-09-04T09:53:29.946238+00:00,LibGen,LibGen.bz,UP,200,1120,,
2026-09-04T09:54:29.533554+00:00,LibGen,LibGen.bz,UP,200,689,,
2026-09-04T09:55:29.482825+00:00,LibGen,LibGen.bz,UP,200,763,,
2026-09-04T09:56:31.194515+00:00,LibGen,LibGen.bz,UP,200,1794,,
2026-09-04T09:57:51.121588+00:00,LibGen,LibGen.bz,DOWN,,,connection_refused,
2026-09-04T09:58:31.545700+00:00,LibGen,LibGen.bz,UP,200,821,,
2026-09-04T09:59:33.302105+00:00,LibGen,LibGen.bz,UP,200,1123,,
2026-09-04T10:00:32.640235+00:00,LibGen,LibGen.bz,UP,200,799,,
2026-09-04T10:01:33.461893+00:00,LibGen,LibGen.bz,UP,200,716,,
2026-09-04T10:02:34.761060+00:00,LibGen,LibGen.bz,UP,200,711,,
2026-09-04T10:03:36.407106+00:00,LibGen,LibGen.bz,UP,200,814,,
2026-09-04T10:04:35.668445+00:00,LibGen,LibGen.bz,UP,200,778,,
2026-09-04T10:05:35.603051+00:00,LibGen,LibGen.bz,UP,200,674,,
2026-09-04T10:06:36.605950+00:00,LibGen,LibGen.bz,UP,200,814,,
2026-09-04T10:07:37.700362+00:00,LibGen,LibGen.bz,UP,200,732,,
2026-09-04T10:08:38.532851+00:00,LibGen,LibGen.bz,UP,200,738,,
2026-09-04T10:09:38.872869+00:00,LibGen,LibGen.bz,UP,200,777,,
2026-09-04T10:10:39.860748+00:00,LibGen,LibGen.bz,UP,200,854,,
2026-09-04T10:11:40.284936+00:00,LibGen,LibGen.bz,UP,200,666,,
2026-09-04T10:12:41.086709+00:00,LibGen,LibGen.bz,UP,200,813,,
2026-09-04T10:13:41.734836+00:00,LibGen,LibGen.bz,UP,200,831,,
2026-09-04T10:14:42.811868+00:00,LibGen,LibGen.bz,UP,200,766,,
2026-09-04T10:15:43.255860+00:00,LibGen,LibGen.bz,UP,200,733,,
2026-09-04T10:16:44.116590+00:00,LibGen,LibGen.bz,UP,200,761,,
2026-09-04T10:17:46.296864+00:00,LibGen,LibGen.bz,UP,200,1007,,
2026-09-04T10:18:45.730483+00:00,LibGen,LibGen.bz,UP,200,719,,
2026-09-04T10:19:45.385981+00:00,LibGen,LibGen.bz,UP,200,769,,
2026-09-04T10:20:47.366945+00:00,LibGen,LibGen.bz,UP,200,1039,,
2026-09-04T10:21:47.641634+00:00,LibGen,LibGen.bz,UP,200,772,,
2026-09-04T10:22:48.126376+00:00,LibGen,LibGen.bz,UP,200,772,,
2026-09-04T10:23:48.862581+00:00,LibGen,LibGen.bz,UP,200,787,,
2026-09-04T10:24:50.241512+00:00,LibGen,LibGen.bz,UP,200,833,,
2026-09-04T10:25:50.871187+00:00,LibGen,LibGen.bz,UP,200,741,,
2026-09-04T10:26:50.797742+00:00,LibGen,LibGen.bz,DOWN,,,connection_refused,
2026-09-04T10:27:52.814981+00:00,LibGen,LibGen.bz,UP,200,685,,
2026-09-04T10:28:53.602775+00:00,LibGen,LibGen.bz,UP,200,722,,
2026-09-04T10:29:53.136257+00:00,LibGen,LibGen.bz,UP,200,692,,
2026-09-04T10:30:54.488588+00:00,LibGen,LibGen.bz,UP,200,1226,,
2026-09-04T10:31:53.472805+00:00,LibGen,LibGen.bz,UP,200,302,,
2026-09-04T10:32:55.205170+00:00,LibGen,LibGen.bz,UP,200,803,,
2026-09-04T10:33:56.120960+00:00,LibGen,LibGen.bz,UP,200,883,,
2026-09-04T10:34:57.630585+00:00,LibGen,LibGen.bz,UP,200,663,,
2026-09-04T10:35:57.619630+00:00,LibGen,LibGen.bz,UP,200,1110,,
2026-09-04T10:36:57.980245+00:00,LibGen,LibGen.bz,UP,200,768,,
2026-09-04T10:38:01.820032+00:00,LibGen,LibGen.bz,DEGRADED,200,3789,latency_high,
2026-09-04T10:38:59.009444+00:00,LibGen,LibGen.bz,UP,200,922,,
2026-09-04T10:40:00.536555+00:00,LibGen,LibGen.bz,UP,200,1575,,
2026-09-04T10:41:01.170799+00:00,LibGen,LibGen.bz,UP,200,1798,,
2026-09-04T10:41:59.722922+00:00,LibGen,LibGen.bz,UP,200,323,,
2026-09-04T10:43:00.376544+00:00,LibGen,LibGen.bz,UP,200,816,,
2026-09-04T10:44:00.772677+00:00,LibGen,LibGen.bz,UP,200,803,,
2026-09-04T10:45:01.562646+00:00,LibGen,LibGen.bz,UP,200,979,,
2026-09-04T10:46:02.114214+00:00,LibGen,LibGen.bz,UP,200,831,,
2026-09-04T10:47:02.983632+00:00,LibGen,LibGen.bz,UP,200,811,,
2026-09-04T10:48:04.008465+00:00,LibGen,LibGen.bz,UP,200,930,,
2026-09-04T10:49:04.291984+00:00,LibGen,LibGen.bz,UP,200,722,,
2026-09-04T10:50:25.071553+00:00,LibGen,LibGen.bz,DOWN,,,connection_refused,
2026-09-04T10:51:05.610950+00:00,LibGen,LibGen.bz,UP,200,1069,,
2026-09-04T10:52:06.123870+00:00,LibGen,LibGen.bz,UP,200,355,,
2026-09-04T10:53:09.675510+00:00,LibGen,LibGen.bz,DEGRADED,200,3053,latency_high,
2026-09-04T10:54:07.157688+00:00,LibGen,LibGen.bz,UP,200,1038,,
2026-09-04T10:55:07.726089+00:00,LibGen,LibGen.bz,UP,200,1443,,
2026-09-04T10:56:07.439196+00:00,LibGen,LibGen.bz,UP,200,746,,
2026-09-04T10:57:07.695883+00:00,LibGen,LibGen.bz,UP,200,816,,
2026-09-04T10:58:08.061176+00:00,LibGen,LibGen.bz,UP,200,761,,
2026-09-04T10:59:08.971794+00:00,LibGen,LibGen.bz,UP,200,747,,
2026-09-04T11:00:10.054906+00:00,LibGen,LibGen.bz,UP,200,869,,
2026-09-04T11:01:15.984658+00:00,LibGen,LibGen.bz,DEGRADED,200,6558,latency_high,
2026-09-04T11:02:16.340613+00:00,LibGen,LibGen.bz,DEGRADED,200,5540,latency_high,
2026-09-04T11:03:16.129487+00:00,LibGen,LibGen.bz,DEGRADED,200,4968,latency_high,
2026-09-04T11:04:16.711255+00:00,LibGen,LibGen.bz,DEGRADED,200,4574,latency_high,
2026-09-04T11:05:16.038012+00:00,LibGen,LibGen.bz,UP,200,2921,,
2026-09-04T11:06:18.394619+00:00,LibGen,LibGen.bz,DEGRADED,200,3957,latency_high,
2026-09-04T11:07:15.360091+00:00,LibGen,LibGen.bz,DOWN,500,526,http_error,
2026-09-04T11:08:16.852665+00:00,LibGen,LibGen.bz,UP,200,973,,
2026-09-04T11:09:18.130622+00:00,LibGen,LibGen.bz,UP,200,1453,,
2026-09-04T11:10:18.644092+00:00,LibGen,LibGen.bz,UP,200,1156,,
2026-09-04T11:11:20.308256+00:00,LibGen,LibGen.bz,UP,200,803,,
2026-09-04T11:12:24.651079+00:00,LibGen,LibGen.bz,DEGRADED,200,3813,latency_high,
2026-09-04T11:13:21.097636+00:00,LibGen,LibGen.bz,UP,200,746,,
2026-09-04T11:14:21.551804+00:00,LibGen,LibGen.bz,UP,200,734,,
2026-09-04T11:15:21.815984+00:00,LibGen,LibGen.bz,UP,200,771,,
2026-09-04T11:16:21.242226+00:00,LibGen,LibGen.bz,UP,200,351,,
2026-09-04T11:17:21.400973+00:00,LibGen,LibGen.bz,DOWN,,,connection_refused,
2026-09-04T11:18:22.888724+00:00,LibGen,LibGen.bz,UP,200,908,,
2026-09-04T11:19:22.147751+00:00,LibGen,LibGen.bz,UP,200,622,,
2026-09-04T11:20:23.729646+00:00,LibGen,LibGen.bz,UP,200,851,,
2026-09-04T11:21:23.704208+00:00,LibGen,LibGen.bz,UP,200,288,,
2026-09-04T11:22:25.536309+00:00,LibGen,LibGen.bz,UP,200,884,,
2026-09-04T11:23:25.893155+00:00,LibGen,LibGen.bz,UP,200,330,,
2026-09-04T11:24:26.845624+00:00,LibGen,LibGen.bz,UP,200,805,,
2026-09-04T11:25:28.121876+00:00,LibGen,LibGen.bz,UP,200,1106,,
2026-09-04T11:26:27.701866+00:00,LibGen,LibGen.bz,UP,200,773,,
2026-09-04T11:27:28.319065+00:00,LibGen,LibGen.bz,UP,200,1183,,
2026-09-04T11:28:27.812919+00:00,LibGen,LibGen.bz,UP,200,832,,
2026-09-04T11:29:29.514814+00:00,LibGen,LibGen.bz,UP,200,1863,,
2026-09-04T11:30:48.105024+00:00,LibGen,LibGen.bz,DOWN,,,connection_refused,
2026-09-04T11:31:49.119743+00:00,LibGen,LibGen.bz,DOWN,,,connection_refused,
2026-09-04T11:32:29.383764+00:00,LibGen,LibGen.bz,UP,200,897,,
2026-09-04T11:33:30.765911+00:00,LibGen,LibGen.bz,UP,200,772,,
2026-09-04T11:34:51.056869+00:00,LibGen,LibGen.bz,DOWN,,,connection_refused,
2026-09-04T11:35:31.491574+00:00,LibGen,LibGen.bz,UP,200,725,,
2026-09-04T11:36:32.967685+00:00,LibGen,LibGen.bz,UP,200,840,,
2026-09-04T11:37:33.368861+00:00,LibGen,LibGen.bz,UP,200,743,,
2026-09-04T11:38:34.844060+00:00,LibGen,LibGen.bz,UP,200,914,,
2026-09-04T11:39:35.187365+00:00,LibGen,LibGen.bz,UP,200,846,,
2026-09-04T11:40:37.071377+00:00,LibGen,LibGen.bz,UP,200,844,,
2026-09-04T11:41:37.052679+00:00,LibGen,LibGen.bz,UP,200,881,,
2026-09-04T11:42:38.227902+00:00,LibGen,LibGen.bz,UP,200,778,,
2026-09-04T11:43:38.237076+00:00,LibGen,LibGen.bz,UP,200,757,,
2026-09-04T11:44:38.885075+00:00,LibGen,LibGen.bz,UP,200,872,,
2026-09-04T11:45:39.813817+00:00,LibGen,LibGen.bz,UP,200,835,,
2026-09-04T11:46:41.218109+00:00,LibGen,LibGen.bz,UP,200,1213,,
2026-09-04T11:47:40.710014+00:00,LibGen,LibGen.bz,UP,200,760,,
2026-09-04T11:48:41.117948+00:00,LibGen,LibGen.bz,UP,200,710,,
2026-09-04T11:49:41.273824+00:00,LibGen,LibGen.bz,UP,200,274,,
2026-09-04T11:50:43.309449+00:00,LibGen,LibGen.bz,UP,200,1150,,
2026-09-04T11:51:41.578814+00:00,LibGen,LibGen.bz,UP,200,827,,
2026-09-04T11:52:41.512145+00:00,LibGen,LibGen.bz,UP,200,252,,
2026-09-04T11:53:43.065672+00:00,LibGen,LibGen.bz,UP,200,734,,
2026-09-04T11:54:43.613422+00:00,LibGen,LibGen.bz,UP,200,909,,
2026-09-04T11:55:43.397944+00:00,LibGen,LibGen.bz,UP,200,872,,
2026-09-04T11:56:44.124360+00:00,LibGen,LibGen.bz,UP,200,636,,
2026-09-04T11:57:44.421565+00:00,LibGen,LibGen.bz,UP,200,848,,
2026-09-04T11:58:45.653399+00:00,LibGen,LibGen.bz,UP,200,1147,,
2026-09-04T11:59:45.353912+00:00,LibGen,LibGen.bz,UP,200,838,,
2026-09-04T12:00:44.991598+00:00,LibGen,LibGen.bz,UP,200,320,,
2026-09-04T12:01:45.391525+00:00,LibGen,LibGen.bz,UP,200,640,,
2026-09-04T12:02:46.430534+00:00,LibGen,LibGen.bz,UP,200,686,,
2026-09-04T12:03:47.206970+00:00,LibGen,LibGen.bz,UP,200,623,,
2026-09-04T12:04:48.782200+00:00,LibGen,LibGen.bz,UP,200,892,,
2026-09-04T12:05:49.298769+00:00,LibGen,LibGen.bz,UP,200,1023,,
2026-09-04T12:06:49.353393+00:00,LibGen,LibGen.bz,UP,200,781,,
2026-09-04T12:07:49.352452+00:00,LibGen,LibGen.bz,UP,200,664,,
2026-09-04T12:08:50.420165+00:00,LibGen,LibGen.bz,UP,200,789,,
2026-09-04T12:09:50.841043+00:00,LibGen,LibGen.bz,UP,200,721,,
2026-09-04T12:10:51.011565+00:00,LibGen,LibGen.bz,UP,200,781,,
2026-09-04T12:11:51.992170+00:00,LibGen,LibGen.bz,UP,200,781,,
2026-09-04T12:12:52.233003+00:00,LibGen,LibGen.bz,UP,200,713,,
2026-09-04T12:13:53.132317+00:00,LibGen,LibGen.bz,UP,200,650,,
2026-09-04T12:14:53.819559+00:00,LibGen,LibGen.bz,UP,200,1168,,
2026-09-04T12:15:53.723189+00:00,LibGen,LibGen.bz,UP,200,715,,
2026-09-04T12:16:54.011970+00:00,LibGen,LibGen.bz,UP,200,752,,
2026-09-04T12:17:54.650199+00:00,LibGen,LibGen.bz,UP,200,821,,
2026-09-04T12:18:55.404504+00:00,LibGen,LibGen.bz,UP,200,1077,,
2026-09-04T12:19:59.628517+00:00,LibGen,LibGen.bz,DEGRADED,200,3717,latency_high,
2026-09-04T12:20:57.151630+00:00,LibGen,LibGen.bz,UP,200,768,,
2026-09-04T12:21:56.249028+00:00,LibGen,LibGen.bz,UP,200,759,,
2026-09-04T12:22:57.144799+00:00,LibGen,LibGen.bz,UP,200,765,,
2026-09-04T12:23:57.600878+00:00,LibGen,LibGen.bz,UP,200,703,,
2026-09-04T12:24:58.218512+00:00,LibGen,LibGen.bz,UP,200,694,,
2026-09-04T12:25:58.017412+00:00,LibGen,LibGen.bz,UP,200,757,,
2026-09-04T12:26:59.421143+00:00,LibGen,LibGen.bz,UP,200,811,,
2026-09-04T12:27:59.148119+00:00,LibGen,LibGen.bz,UP,200,839,,
2026-09-04T12:29:00.791585+00:00,LibGen,LibGen.bz,UP,200,1685,,
2026-09-04T12:30:00.455988+00:00,LibGen,LibGen.bz,UP,200,844,,
2026-09-04T12:31:00.917344+00:00,LibGen,LibGen.bz,UP,200,848,,
2026-09-04T12:32:02.968603+00:00,LibGen,LibGen.bz,UP,200,1005,,
2026-09-04T12:33:02.054771+00:00,LibGen,LibGen.bz,UP,200,870,,
2026-09-04T12:34:03.281064+00:00,LibGen,LibGen.bz,UP,200,1132,,
2026-09-04T12:35:03.357789+00:00,LibGen,LibGen.bz,UP,200,1106,,
2026-09-04T12:36:02.320585+00:00,LibGen,LibGen.bz,UP,200,238,,
2026-09-04T12:37:03.331034+00:00,LibGen,LibGen.bz,UP,200,861,,
2026-09-04T12:38:04.441321+00:00,LibGen,LibGen.bz,UP,200,881,,
2026-09-04T12:39:04.566696+00:00,LibGen,LibGen.bz,UP,200,910,,
2026-09-04T12:40:05.148371+00:00,LibGen,LibGen.bz,UP,200,262,,
2026-09-04T12:41:05.334526+00:00,LibGen,LibGen.bz,UP,200,1192,,
2026-09-04T12:42:04.809694+00:00,LibGen,LibGen.bz,UP,200,736,,
2026-09-04T12:43:05.776397+00:00,LibGen,LibGen.bz,UP,200,738,,
2026-09-04T12:44:06.854375+00:00,LibGen,LibGen.bz,UP,200,893,,
2026-09-04T12:45:07.479815+00:00,LibGen,LibGen.bz,UP,200,1001,,
2026-09-04T12:46:11.770171+00:00,LibGen,LibGen.bz,DEGRADED,200,5143,latency_high,
2026-09-04T12:47:07.944434+00:00,LibGen,LibGen.bz,UP,200,1011,,
2026-09-04T12:48:07.730692+00:00,LibGen,LibGen.bz,UP,200,769,,
2026-09-04T12:49:09.014613+00:00,LibGen,LibGen.bz,UP,200,708,,
2026-09-04T12:50:08.979263+00:00,LibGen,LibGen.bz,UP,200,1070,,
2026-09-04T12:51:08.832705+00:00,LibGen,LibGen.bz,UP,200,279,,
2026-09-04T12:52:10.408049+00:00,LibGen,LibGen.bz,UP,200,772,,
2026-09-04T12:53:10.335842+00:00,LibGen,LibGen.bz,UP,200,1006,,
2026-09-04T12:54:14.161370+00:00,LibGen,LibGen.bz,DEGRADED,200,4060,latency_high,
2026-09-04T12:55:12.061752+00:00,LibGen,LibGen.bz,UP,200,945,,
2026-09-04T12:56:12.387672+00:00,LibGen,LibGen.bz,UP,200,1173,,
2026-09-04T12:57:12.474652+00:00,LibGen,LibGen.bz,UP,200,945,,
2026-09-04T12:58:12.911242+00:00,LibGen,LibGen.bz,UP,200,698,,
2026-09-04T12:59:14.079161+00:00,LibGen,LibGen.bz,UP,200,1197,,
2026-09-04T13:00:15.173840+00:00,LibGen,LibGen.bz,UP,200,865,,
2026-09-04T13:01:14.597316+00:00,LibGen,LibGen.bz,UP,200,689,,
2026-09-04T13:02:15.542572+00:00,LibGen,LibGen.bz,UP,200,649,,
2026-09-04T13:03:16.658734+00:00,LibGen,LibGen.bz,UP,200,812,,
2026-09-04T13:04:17.275750+00:00,LibGen,LibGen.bz,UP,200,789,,
2026-09-04T13:05:16.752536+00:00,LibGen,LibGen.bz,UP,200,242,,
2026-09-04T13:06:18.253415+00:00,LibGen,LibGen.bz,UP,200,1379,,
2026-09-04T13:07:18.008931+00:00,LibGen,LibGen.bz,UP,200,822,,
2026-09-04T13:08:18.218246+00:00,LibGen,LibGen.bz,UP,200,771,,
2026-09-04T13:09:18.314252+00:00,LibGen,LibGen.bz,UP,200,644,,
2026-09-04T13:10:19.793206+00:00,LibGen,LibGen.bz,UP,200,730,,
2026-09-04T13:11:19.796710+00:00,LibGen,LibGen.bz,UP,200,740,,
2026-09-04T13:12:20.184973+00:00,LibGen,LibGen.bz,UP,200,755,,
2026-09-04T13:13:20.282240+00:00,LibGen,LibGen.bz,UP,200,749,,
2026-09-04T13:14:20.896679+00:00,LibGen,LibGen.bz,UP,200,742,,
2026-09-04T13:15:20.872075+00:00,LibGen,LibGen.bz,UP,200,878,,
2026-09-04T13:16:41.717063+00:00,LibGen,LibGen.bz,DOWN,,,connection_refused,
2026-09-04T13:17:22.311462+00:00,LibGen,LibGen.bz,UP,200,1076,,
2026-09-04T13:18:22.565138+00:00,LibGen,LibGen.bz,UP,200,701,,
2026-09-04T13:19:22.571806+00:00,LibGen,LibGen.bz,UP,200,672,,
2026-09-04T13:20:22.674253+00:00,LibGen,LibGen.bz,UP,200,770,,
2026-09-04T13:21:24.996079+00:00,LibGen,LibGen.bz,UP,200,755,,
2026-09-04T13:22:24.185918+00:00,LibGen,LibGen.bz,UP,200,1672,,
2026-09-04T13:23:23.373911+00:00,LibGen,LibGen.bz,UP,200,691,,
2026-09-04T13:24:24.761517+00:00,LibGen,LibGen.bz,UP,200,1075,,
2026-09-04T13:25:24.519766+00:00,LibGen,LibGen.bz,UP,200,256,,
2026-09-04T13:26:25.084734+00:00,LibGen,LibGen.bz,UP,200,696,,
2026-09-04T13:27:25.902556+00:00,LibGen,LibGen.bz,UP,200,844,,
2026-09-04T13:28:25.405590+00:00,LibGen,LibGen.bz,UP,200,722,,
2026-09-04T13:29:26.876389+00:00,LibGen,LibGen.bz,UP,200,1094,,
2026-09-04T13:30:25.975189+00:00,LibGen,LibGen.bz,UP,200,257,,
2026-09-04T13:31:27.707673+00:00,LibGen,LibGen.bz,UP,200,786,,
2026-09-04T13:32:26.976554+00:00,LibGen,LibGen.bz,UP,200,322,,
2026-09-04T13:33:28.073084+00:00,LibGen,LibGen.bz,UP,200,837,,
2026-09-04T13:34:28.425310+00:00,LibGen,LibGen.bz,UP,200,619,,
2026-09-04T13:35:29.432628+00:00,LibGen,LibGen.bz,UP,200,703,,
2026-09-04T13:36:28.321685+00:00,LibGen,LibGen.bz,UP,200,275,,
2026-09-04T13:37:29.569151+00:00,LibGen,LibGen.bz,UP,200,837,,
2026-09-04T13:38:29.811031+00:00,LibGen,LibGen.bz,UP,200,699,,
2026-09-04T13:39:29.765237+00:00,LibGen,LibGen.bz,UP,200,819,,
2026-09-04T13:40:30.732216+00:00,LibGen,LibGen.bz,UP,200,1229,,
2026-09-04T13:41:50.726208+00:00,LibGen,LibGen.bz,DOWN,,,connection_refused,
2026-09-04T13:42:31.035040+00:00,LibGen,LibGen.bz,UP,200,910,,
2026-09-04T13:43:40.749861+00:00,LibGen,LibGen.bz,DEGRADED,200,10638,latency_high,
2026-09-04T13:44:31.206643+00:00,LibGen,LibGen.bz,UP,200,881,,
2026-09-04T13:45:31.569739+00:00,LibGen,LibGen.bz,UP,200,861,,
2026-09-04T13:46:34.029757+00:00,LibGen,LibGen.bz,UP,200,847,,
2026-09-04T13:47:32.229237+00:00,LibGen,LibGen.bz,UP,200,268,,
2026-09-04T13:48:33.452659+00:00,LibGen,LibGen.bz,UP,200,1062,,
2026-09-04T13:49:33.170485+00:00,LibGen,LibGen.bz,UP,200,268,,
2026-09-04T13:50:32.909812+00:00,LibGen,LibGen.bz,UP,200,859,,
2026-09-04T13:51:33.527372+00:00,LibGen,LibGen.bz,UP,200,842,,
2026-09-04T13:52:33.789248+00:00,LibGen,LibGen.bz,UP,200,604,,
2026-09-04T13:53:34.290237+00:00,LibGen,LibGen.bz,UP,200,768,,
2026-09-04T13:54:34.876420+00:00,LibGen,LibGen.bz,UP,200,721,,
2026-09-04T13:55:55.414700+00:00,LibGen,LibGen.bz,DOWN,,,connection_refused,
2026-09-04T13:56:36.149694+00:00,LibGen,LibGen.bz,UP,200,943,,
2026-09-04T13:57:36.293177+00:00,LibGen,LibGen.bz,UP,200,726,,
2026-09-04T13:58:36.944572+00:00,LibGen,LibGen.bz,UP,200,1139,,
2026-09-04T13:59:36.912063+00:00,LibGen,LibGen.bz,UP,200,807,,
2026-09-04T14:00:38.848137+00:00,LibGen,LibGen.bz,UP,200,935,,
2026-09-04T14:01:59.073412+00:00,LibGen,LibGen.bz,DOWN,,,connection_refused,
2026-09-04T14:02:39.352794+00:00,LibGen,LibGen.bz,UP,200,824,,
2026-09-04T14:03:38.999528+00:00,LibGen,LibGen.bz,UP,200,385,,
2026-09-04T14:04:39.161824+00:00,LibGen,LibGen.bz,UP,200,891,,
2026-09-04T14:05:39.472292+00:00,LibGen,LibGen.bz,UP,200,735,,
2026-09-04T14:06:39.858861+00:00,LibGen,LibGen.bz,UP,200,811,,
2026-09-04T14:07:39.900699+00:00,LibGen,LibGen.bz,UP,200,877,,
2026-09-04T14:08:39.650028+00:00,LibGen,LibGen.bz,UP,200,789,,
2026-09-04T14:09:41.198139+00:00,LibGen,LibGen.bz,UP,200,729,,
2026-09-04T14:10:41.256244+00:00,LibGen,LibGen.bz,UP,200,726,,
2026-09-04T14:11:46.846355+00:00,LibGen,LibGen.bz,DEGRADED,200,4273,latency_high,
2026-09-04T14:12:41.932125+00:00,LibGen,LibGen.bz,UP,200,1263,,
2026-09-04T14:13:41.895092+00:00,LibGen,LibGen.bz,UP,200,730,,
2026-09-04T14:14:43.253347+00:00,LibGen,LibGen.bz,UP,200,734,,
2026-09-04T14:15:42.000773+00:00,LibGen,LibGen.bz,UP,200,266,,
2026-09-04T14:16:43.171542+00:00,LibGen,LibGen.bz,UP,200,1282,,
2026-09-04T14:17:43.214132+00:00,LibGen,LibGen.bz,UP,200,352,,
2026-09-04T14:18:44.620536+00:00,LibGen,LibGen.bz,UP,200,868,,
2026-09-04T14:19:44.424548+00:00,LibGen,LibGen.bz,UP,200,1103,,
2026-09-04T14:20:44.197127+00:00,LibGen,LibGen.bz,UP,200,718,,
2026-09-04T14:21:44.588558+00:00,LibGen,LibGen.bz,UP,200,767,,
2026-09-04T14:22:44.837978+00:00,LibGen,LibGen.bz,UP,200,820,,
2026-09-04T14:23:45.396029+00:00,LibGen,LibGen.bz,UP,200,809,,
2026-09-04T14:24:45.819431+00:00,LibGen,LibGen.bz,UP,200,688,,
2026-09-04T14:25:46.970583+00:00,LibGen,LibGen.bz,UP,200,803,,
2026-09-04T14:26:47.204557+00:00,LibGen,LibGen.bz,UP,200,837,,
2026-09-04T14:27:47.117259+00:00,LibGen,LibGen.bz,UP,200,845,,
2026-09-04T14:28:48.207320+00:00,LibGen,LibGen.bz,UP,200,1374,,
2026-09-04T14:29:47.280051+00:00,LibGen,LibGen.bz,UP,200,259,,
2026-09-04T14:30:47.431737+00:00,LibGen,LibGen.bz,UP,200,812,,
2026-09-04T14:31:49.289380+00:00,LibGen,LibGen.bz,UP,200,1995,,
2026-09-04T14:32:48.452451+00:00,LibGen,LibGen.bz,UP,200,849,,
2026-09-04T14:33:49.312533+00:00,LibGen,LibGen.bz,UP,200,839,,
2026-09-04T14:34:51.648529+00:00,LibGen,LibGen.bz,UP,200,1283,,
2026-09-04T14:35:50.242988+00:00,LibGen,LibGen.bz,UP,200,820,,
2026-09-04T14:36:51.771843+00:00,LibGen,LibGen.bz,UP,200,1891,,
2026-09-04T14:38:11.602779+00:00,LibGen,LibGen.bz,DOWN,,,connection_refused,
2026-09-04T14:38:52.331444+00:00,LibGen,LibGen.bz,UP,200,1820,,
2026-09-04T14:39:50.816188+00:00,LibGen,LibGen.bz,UP,200,247,,
2026-09-04T14:40:51.952906+00:00,LibGen,LibGen.bz,UP,200,816,,
2026-09-04T14:41:52.498050+00:00,LibGen,LibGen.bz,UP,200,632,,
2026-09-04T14:42:52.106528+00:00,LibGen,LibGen.bz,UP,200,637,,
2026-09-04T14:43:53.651015+00:00,LibGen,LibGen.bz,UP,200,1150,,
2026-09-04T14:44:54.344805+00:00,LibGen,LibGen.bz,UP,200,795,,
2026-09-04T14:45:54.358306+00:00,LibGen,LibGen.bz,UP,200,853,,
2026-09-04T14:46:55.171555+00:00,LibGen,LibGen.bz,UP,200,849,,
2026-09-04T14:47:55.255637+00:00,LibGen,LibGen.bz,UP,200,802,,
2026-09-04T14:48:55.739692+00:00,LibGen,LibGen.bz,UP,200,772,,
2026-09-04T14:49:56.463551+00:00,LibGen,LibGen.bz,UP,200,781,,
2026-09-04T14:50:57.172906+00:00,LibGen,LibGen.bz,UP,200,722,,
2026-09-04T14:51:57.706432+00:00,LibGen,LibGen.bz,UP,200,872,,
2026-09-04T14:52:57.781408+00:00,LibGen,LibGen.bz,UP,200,707,,
2026-09-04T14:54:01.430714+00:00,LibGen,LibGen.bz,DEGRADED,200,4124,latency_high,
2026-09-04T14:54:58.587324+00:00,LibGen,LibGen.bz,UP,200,744,,
2026-09-04T14:55:58.704026+00:00,LibGen,LibGen.bz,UP,200,753,,
2026-09-04T14:56:59.251677+00:00,LibGen,LibGen.bz,UP,200,801,,
2026-09-04T14:57:59.172404+00:00,LibGen,LibGen.bz,UP,200,733,,
2026-09-04T14:58:59.839361+00:00,LibGen,LibGen.bz,UP,200,832,,
2026-09-04T15:00:00.887916+00:00,LibGen,LibGen.bz,UP,200,1037,,
2026-09-04T15:01:01.594587+00:00,LibGen,LibGen.bz,UP,200,1013,,
2026-09-04T15:02:01.962670+00:00,LibGen,LibGen.bz,UP,200,1014,,
2026-09-04T15:03:02.762715+00:00,LibGen,LibGen.bz,UP,200,1064,,
2026-09-04T15:04:03.938443+00:00,LibGen,LibGen.bz,UP,200,1078,,
2026-09-04T15:05:03.453758+00:00,LibGen,LibGen.bz,UP,200,422,,
2026-09-04T15:06:03.436925+00:00,LibGen,LibGen.bz,UP,200,1008,,
2026-09-04T15:07:05.998175+00:00,LibGen,LibGen.bz,UP,200,780,,
2026-09-04T15:08:04.335640+00:00,LibGen,LibGen.bz,UP,200,1011,,
2026-09-04T15:09:04.585388+00:00,LibGen,LibGen.bz,UP,200,742,,
2026-09-04T15:10:05.767597+00:00,LibGen,LibGen.bz,UP,200,844,,
2026-09-04T15:11:05.513639+00:00,LibGen,LibGen.bz,UP,200,780,,
2026-09-04T15:12:06.023199+00:00,LibGen,LibGen.bz,UP,200,1121,,
2026-09-04T15:13:06.200909+00:00,LibGen,LibGen.bz,UP,200,841,,
2026-09-04T15:14:06.974708+00:00,LibGen,LibGen.bz,UP,200,851,,
2026-09-04T15:15:06.428690+00:00,LibGen,LibGen.bz,UP,200,683,,
2026-09-04T15:16:06.070585+00:00,LibGen,LibGen.bz,UP,200,267,,
2026-09-04T15:17:06.715083+00:00,LibGen,LibGen.bz,UP,200,802,,
2026-09-04T15:18:07.717634+00:00,LibGen,LibGen.bz,UP,200,797,,
2026-09-04T15:19:07.853546+00:00,LibGen,LibGen.bz,UP,200,799,,
2026-09-04T15:20:08.149170+00:00,LibGen,LibGen.bz,UP,200,970,,
2026-09-04T15:21:08.146336+00:00,LibGen,LibGen.bz,UP,200,707,,
2026-09-04T15:22:08.890603+00:00,LibGen,LibGen.bz,UP,200,671,,
2026-09-04T15:23:08.637362+00:00,LibGen,LibGen.bz,UP,200,691,,
2026-09-04T15:24:09.294562+00:00,LibGen,LibGen.bz,UP,200,807,,
2026-09-04T15:25:08.919053+00:00,LibGen,LibGen.bz,UP,200,835,,
2026-09-04T15:26:09.472190+00:00,LibGen,LibGen.bz,UP,200,839,,
2026-09-04T15:27:09.383140+00:00,LibGen,LibGen.bz,UP,200,728,,
2026-09-04T15:28:09.591413+00:00,LibGen,LibGen.bz,UP,200,858,,
2026-09-04T15:29:10.483567+00:00,LibGen,LibGen.bz,UP,200,768,,
2026-09-04T15:30:10.195762+00:00,LibGen,LibGen.bz,UP,200,744,,
2026-09-04T15:31:11.440014+00:00,LibGen,LibGen.bz,UP,200,1695,,
2026-09-04T15:32:12.824533+00:00,LibGen,LibGen.bz,UP,200,1183,,
2026-09-04T15:33:11.633819+00:00,LibGen,LibGen.bz,UP,200,877,,
2026-09-04T15:34:12.218262+00:00,LibGen,LibGen.bz,UP,200,773,,
2026-09-04T15:35:16.173973+00:00,LibGen,LibGen.bz,DEGRADED,200,3892,latency_high,
2026-09-04T15:36:12.625337+00:00,LibGen,LibGen.bz,UP,200,1008,,
2026-09-04T15:37:12.619179+00:00,LibGen,LibGen.bz,UP,200,709,,
2026-09-04T15:38:12.777773+00:00,LibGen,LibGen.bz,UP,200,786,,
2026-09-04T15:39:13.278223+00:00,LibGen,LibGen.bz,UP,200,724,,
2026-09-04T15:40:13.126992+00:00,LibGen,LibGen.bz,UP,200,782,,
2026-09-04T15:41:14.656925+00:00,LibGen,LibGen.bz,UP,200,1447,,
2026-09-04T15:42:17.184570+00:00,LibGen,LibGen.bz,DEGRADED,200,3878,latency_high,
2026-09-04T15:43:14.150509+00:00,LibGen,LibGen.bz,UP,200,742,,
2026-09-04T15:44:14.687443+00:00,LibGen,LibGen.bz,UP,200,708,,
2026-09-04T15:45:14.893963+00:00,LibGen,LibGen.bz,UP,200,825,,
2026-09-04T15:46:16.034116+00:00,LibGen,LibGen.bz,UP,200,308,,
2026-09-04T15:47:16.036475+00:00,LibGen,LibGen.bz,UP,200,818,,
2026-09-04T15:48:15.460542+00:00,LibGen,LibGen.bz,UP,200,698,,
2026-09-04T15:49:16.898996+00:00,LibGen,LibGen.bz,UP,200,764,,
2026-09-04T15:50:17.458818+00:00,LibGen,LibGen.bz,UP,200,831,,
2026-09-04T15:51:17.837323+00:00,LibGen,LibGen.bz,UP,200,943,,
2026-09-04T15:52:19.474087+00:00,LibGen,LibGen.bz,UP,200,1129,,
2026-09-04T15:53:38.869123+00:00,LibGen,LibGen.bz,DOWN,,,connection_refused,
2026-09-04T15:54:19.762794+00:00,LibGen,LibGen.bz,UP,200,1585,,
2026-09-04T15:55:19.837916+00:00,LibGen,LibGen.bz,UP,200,1170,,
2026-09-04T15:56:19.688404+00:00,LibGen,LibGen.bz,UP,200,679,,
2026-09-04T15:57:23.137221+00:00,LibGen,LibGen.bz,UP,200,2835,,
2026-09-04T15:58:22.073351+00:00,LibGen,LibGen.bz,UP,200,707,,
2026-09-04T15:59:22.474130+00:00,LibGen,LibGen.bz,UP,200,654,,
2026-09-04T16:00:23.556539+00:00,LibGen,LibGen.bz,UP,200,832,,
2026-09-04T16:01:24.418535+00:00,LibGen,LibGen.bz,UP,200,1103,,
2026-09-04T16:02:24.890576+00:00,LibGen,LibGen.bz,UP,200,832,,
2026-09-04T16:03:24.959367+00:00,LibGen,LibGen.bz,UP,200,238,,
2026-09-04T16:04:26.047992+00:00,LibGen,LibGen.bz,UP,200,1590,,
2026-09-04T16:05:25.378822+00:00,LibGen,LibGen.bz,UP,200,828,,
2026-09-04T16:06:26.249255+00:00,LibGen,LibGen.bz,UP,200,791,,
2026-09-04T16:07:26.383068+00:00,LibGen,LibGen.bz,UP,200,741,,
2026-09-04T16:08:26.667970+00:00,LibGen,LibGen.bz,UP,200,820,,
2026-09-04T16:09:27.572569+00:00,LibGen,LibGen.bz,UP,200,680,,
2026-09-04T16:10:28.616807+00:00,LibGen,LibGen.bz,UP,200,1450,,
2026-09-04T16:11:27.954453+00:00,LibGen,LibGen.bz,UP,200,820,,
2026-09-04T16:12:28.670503+00:00,LibGen,LibGen.bz,UP,200,817,,
2026-09-04T16:13:28.604885+00:00,LibGen,LibGen.bz,UP,200,692,,
2026-09-04T16:14:29.481203+00:00,LibGen,LibGen.bz,UP,200,786,,
2026-09-04T16:15:30.408425+00:00,LibGen,LibGen.bz,UP,200,832,,
2026-09-04T16:16:30.262095+00:00,LibGen,LibGen.bz,UP,200,260,,
2026-09-04T16:17:31.700301+00:00,LibGen,LibGen.bz,UP,200,799,,
2026-09-04T16:18:52.339319+00:00,LibGen,LibGen.bz,DOWN,,,connection_refused,
2026-09-04T16:19:33.076038+00:00,LibGen,LibGen.bz,UP,200,720,,
2026-09-04T16:20:52.732895+00:00,LibGen,LibGen.bz,DOWN,,,connection_refused,
2026-09-04T16:21:33.052568+00:00,LibGen,LibGen.bz,UP,200,772,,
2026-09-04T16:22:34.006219+00:00,LibGen,LibGen.bz,UP,200,1387,,
2026-09-04T16:23:33.672171+00:00,LibGen,LibGen.bz,UP,200,592,,
2026-09-04T16:24:34.618161+00:00,LibGen,LibGen.bz,UP,200,947,,
2026-09-04T16:25:34.152310+00:00,LibGen,LibGen.bz,UP,200,675,,
2026-09-04T16:26:34.905165+00:00,LibGen,LibGen.bz,UP,200,879,,
2026-09-04T16:27:35.095820+00:00,LibGen,LibGen.bz,UP,200,576,,
2026-09-04T16:28:37.639109+00:00,LibGen,LibGen.bz,UP,200,638,,
2026-09-04T16:29:37.239191+00:00,LibGen,LibGen.bz,UP,200,1067,,
2026-09-04T16:30:37.099033+00:00,LibGen,LibGen.bz,UP,200,757,,
2026-09-04T16:31:37.229243+00:00,LibGen,LibGen.bz,UP,200,759,,
2026-09-04T16:32:37.976959+00:00,LibGen,LibGen.bz,UP,200,1026,,
2026-09-04T16:33:38.727509+00:00,LibGen,LibGen.bz,UP,200,858,,
2026-09-04T16:34:38.921805+00:00,LibGen,LibGen.bz,UP,200,966,,
2026-09-04T16:35:39.247514+00:00,LibGen,LibGen.bz,UP,200,246,,
2026-09-04T16:36:43.989585+00:00,LibGen,LibGen.bz,UP,200,913,,
2026-09-04T16:37:40.006558+00:00,LibGen,LibGen.bz,UP,200,752,,
2026-09-04T16:38:40.795361+00:00,LibGen,LibGen.bz,UP,200,782,,
2026-09-04T16:39:41.497027+00:00,LibGen,LibGen.bz,UP,200,745,,
2026-09-04T16:40:42.114108+00:00,LibGen,LibGen.bz,UP,200,959,,
2026-09-04T16:42:01.341059+00:00,LibGen,LibGen.bz,DOWN,,,connection_refused,
2026-09-04T16:42:43.385478+00:00,LibGen,LibGen.bz,UP,200,801,,
2026-09-04T16:43:43.047550+00:00,LibGen,LibGen.bz,UP,200,760,,
2026-09-04T16:44:44.162954+00:00,LibGen,LibGen.bz,UP,200,1798,,
2026-09-04T16:45:43.264999+00:00,LibGen,LibGen.bz,UP,200,828,,
2026-09-04T16:46:44.033636+00:00,LibGen,LibGen.bz,UP,200,864,,
2026-09-04T16:47:44.285884+00:00,LibGen,LibGen.bz,UP,200,719,,
2026-09-04T16:48:45.152537+00:00,LibGen,LibGen.bz,UP,200,765,,
2026-09-04T16:49:45.570508+00:00,LibGen,LibGen.bz,UP,200,868,,
2026-09-04T16:50:46.368028+00:00,LibGen,LibGen.bz,UP,200,868,,
2026-09-04T16:51:46.165167+00:00,LibGen,LibGen.bz,UP,200,813,,
2026-09-04T16:52:46.329189+00:00,LibGen,LibGen.bz,UP,200,798,,
2026-09-04T16:54:07.172081+00:00,LibGen,LibGen.bz,DOWN,,,connection_refused,
2026-09-04T16:54:47.148908+00:00,LibGen,LibGen.bz,UP,200,995,,
2026-09-04T16:55:47.520321+00:00,LibGen,LibGen.bz,UP,200,797,,
2026-09-04T16:56:47.748127+00:00,LibGen,LibGen.bz,UP,200,904,,
2026-09-04T16:57:48.024563+00:00,LibGen,LibGen.bz,UP,200,970,,
2026-09-04T16:58:48.024154+00:00,LibGen,LibGen.bz,UP,200,856,,
2026-09-04T16:59:50.284402+00:00,LibGen,LibGen.bz,UP,200,620,,
2026-09-04T17:00:48.272935+00:00,LibGen,LibGen.bz,UP,200,321,,
2026-09-04T17:01:49.178207+00:00,LibGen,LibGen.bz,UP,200,858,,
2026-09-04T17:02:49.869159+00:00,LibGen,LibGen.bz,UP,200,956,,
2026-09-04T17:03:49.520484+00:00,LibGen,LibGen.bz,UP,200,644,,
2026-09-04T17:04:50.261650+00:00,LibGen,LibGen.bz,UP,200,799,,
2026-09-04T17:05:50.395192+00:00,LibGen,LibGen.bz,UP,200,769,,
2026-09-04T17:06:51.205016+00:00,LibGen,LibGen.bz,UP,200,1435,,
2026-09-04T17:07:51.394204+00:00,LibGen,LibGen.bz,UP,200,785,,
2026-09-04T17:08:52.748493+00:00,LibGen,LibGen.bz,UP,200,1627,,
2026-09-04T17:09:52.126057+00:00,LibGen,LibGen.bz,UP,200,1233,,
2026-09-04T17:10:51.881658+00:00,LibGen,LibGen.bz,UP,200,870,,
2026-09-04T17:11:53.090017+00:00,LibGen,LibGen.bz,UP,200,900,,
2026-09-04T17:12:53.585048+00:00,LibGen,LibGen.bz,UP,200,1196,,
2026-09-04T17:13:53.707867+00:00,LibGen,LibGen.bz,UP,200,1170,,
2026-09-04T17:14:53.414693+00:00,LibGen,LibGen.bz,UP,200,783,,
2026-09-04T17:15:54.678421+00:00,LibGen,LibGen.bz,UP,200,848,,
2026-09-04T17:16:54.012211+00:00,LibGen,LibGen.bz,UP,200,678,,
2026-09-04T17:17:56.728227+00:00,LibGen,LibGen.bz,UP,200,770,,
2026-09-04T17:18:54.514666+00:00,LibGen,LibGen.bz,UP,200,800,,
2026-09-04T17:19:54.795631+00:00,LibGen,LibGen.bz,UP,200,1000,,
2026-09-04T17:20:55.388307+00:00,LibGen,LibGen.bz,UP,200,862,,
2026-09-04T17:21:55.918695+00:00,LibGen,LibGen.bz,UP,200,740,,
2026-09-04T17:22:55.906741+00:00,LibGen,LibGen.bz,UP,200,745,,
2026-09-04T17:23:56.553001+00:00,LibGen,LibGen.bz,UP,200,673,,
2026-09-04T17:24:58.237510+00:00,LibGen,LibGen.bz,UP,200,895,,
2026-09-04T17:25:58.544216+00:00,LibGen,LibGen.bz,UP,200,1209,,
2026-09-04T17:26:58.288908+00:00,LibGen,LibGen.bz,UP,200,806,,
2026-09-04T17:27:58.786601+00:00,LibGen,LibGen.bz,UP,200,852,,
2026-09-04T17:29:02.425667+00:00,LibGen,LibGen.bz,UP,200,2885,,
2026-09-04T17:29:59.538036+00:00,LibGen,LibGen.bz,UP,200,800,,
2026-09-04T17:31:00.309513+00:00,LibGen,LibGen.bz,UP,200,859,,
2026-09-04T17:32:00.800748+00:00,LibGen,LibGen.bz,UP,200,874,,
2026-09-04T17:33:01.362577+00:00,LibGen,LibGen.bz,UP,200,1114,,
2026-09-04T17:34:04.804378+00:00,LibGen,LibGen.bz,DEGRADED,200,3696,latency_high,
2026-09-04T17:35:01.962343+00:00,LibGen,LibGen.bz,UP,200,351,,
2026-09-04T17:36:03.016857+00:00,LibGen,LibGen.bz,UP,200,977,,
2026-09-04T17:37:03.153188+00:00,LibGen,LibGen.bz,UP,200,976,,
2026-09-04T17:38:03.935784+00:00,LibGen,LibGen.bz,UP,200,864,,
2026-09-04T17:39:03.800751+00:00,LibGen,LibGen.bz,UP,200,742,,
2026-09-04T17:40:05.300212+00:00,LibGen,LibGen.bz,UP,200,843,,
2026-09-04T17:41:05.034915+00:00,LibGen,LibGen.bz,UP,200,768,,
2026-09-04T17:42:05.025098+00:00,LibGen,LibGen.bz,UP,200,715,,
2026-09-04T17:43:05.648497+00:00,LibGen,LibGen.bz,UP,200,715,,
2026-09-04T17:44:08.796442+00:00,LibGen,LibGen.bz,UP,200,925,,
2026-09-04T17:45:07.541398+00:00,LibGen,LibGen.bz,UP,200,966,,
2026-09-04T17:46:07.082547+00:00,LibGen,LibGen.bz,UP,200,847,,
2026-09-04T17:47:07.548499+00:00,LibGen,LibGen.bz,UP,200,895,,
2026-09-04T17:48:08.010129+00:00,LibGen,LibGen.bz,UP,200,830,,
2026-09-04T17:49:07.977182+00:00,LibGen,LibGen.bz,UP,200,678,,
2026-09-04T17:50:08.687752+00:00,LibGen,LibGen.bz,UP,200,810,,
2026-09-04T17:51:08.808552+00:00,LibGen,LibGen.bz,UP,200,815,,
2026-09-04T17:52:09.787611+00:00,LibGen,LibGen.bz,UP,200,1025,,
2026-09-04T17:53:09.373027+00:00,LibGen,LibGen.bz,UP,200,634,,
2026-09-04T17:54:10.341610+00:00,LibGen,LibGen.bz,UP,200,668,,
2026-09-04T17:55:12.560449+00:00,LibGen,LibGen.bz,UP,200,2797,,
2026-09-04T17:56:12.650418+00:00,LibGen,LibGen.bz,UP,200,2661,,
2026-09-04T17:57:12.528340+00:00,LibGen,LibGen.bz,UP,200,2242,,
2026-09-04T17:58:12.376844+00:00,LibGen,LibGen.bz,UP,200,1594,,
2026-09-04T17:59:14.118331+00:00,LibGen,LibGen.bz,UP,200,1837,,
2026-09-04T18:00:13.529473+00:00,LibGen,LibGen.bz,UP,200,1720,,
2026-09-04T18:01:32.960952+00:00,LibGen,LibGen.bz,DOWN,,,connection_refused,
2026-09-04T18:02:12.655902+00:00,LibGen,LibGen.bz,UP,200,844,,
2026-09-04T18:03:17.247755+00:00,LibGen,LibGen.bz,UP,200,2512,,
2026-09-04T18:04:15.172368+00:00,LibGen,LibGen.bz,UP,200,754,,
2026-09-04T18:05:14.727007+00:00,LibGen,LibGen.bz,UP,200,333,,
2026-09-04T18:06:14.750913+00:00,LibGen,LibGen.bz,UP,200,929,,
2026-09-04T18:07:15.256383+00:00,LibGen,LibGen.bz,UP,200,792,,
2026-09-04T18:08:39.192193+00:00,LibGen,LibGen.bz,DOWN,,,connection_refused,
2026-09-04T18:09:16.138874+00:00,LibGen,LibGen.bz,UP,200,1106,,
2026-09-04T18:10:16.030543+00:00,LibGen,LibGen.bz,UP,200,967,,
2026-09-04T18:11:16.710994+00:00,LibGen,LibGen.bz,UP,200,895,,
2026-09-04T18:12:17.423835+00:00,LibGen,LibGen.bz,UP,200,825,,
2026-09-04T18:13:17.033513+00:00,LibGen,LibGen.bz,UP,200,257,,
2026-09-04T18:14:18.024106+00:00,LibGen,LibGen.bz,UP,200,926,,
2026-09-04T18:15:18.815780+00:00,LibGen,LibGen.bz,UP,200,969,,
2026-09-04T18:16:19.415071+00:00,LibGen,LibGen.bz,UP,200,811,,
2026-09-04T18:17:21.567505+00:00,LibGen,LibGen.bz,UP,200,1965,,
2026-09-04T18:18:21.796522+00:00,LibGen,LibGen.bz,UP,200,836,,
2026-09-04T18:19:21.573476+00:00,LibGen,LibGen.bz,UP,200,732,,
2026-09-04T18:20:22.365881+00:00,LibGen,LibGen.bz,UP,200,744,,
2026-09-04T18:21:22.513113+00:00,LibGen,LibGen.bz,UP,200,810,,
2026-09-04T18:22:22.599685+00:00,LibGen,LibGen.bz,UP,200,894,,
2026-09-04T18:23:23.046613+00:00,LibGen,LibGen.bz,UP,200,255,,
2026-09-04T18:24:25.672004+00:00,LibGen,LibGen.bz,UP,200,808,,
2026-09-04T18:25:23.558231+00:00,LibGen,LibGen.bz,UP,200,793,,
2026-09-04T18:26:23.764647+00:00,LibGen,LibGen.bz,UP,200,750,,
2026-09-04T18:27:24.051567+00:00,LibGen,LibGen.bz,UP,200,859,,
2026-09-04T18:28:29.384190+00:00,LibGen,LibGen.bz,DEGRADED,200,5990,latency_high,
2026-09-04T18:29:25.920444+00:00,LibGen,LibGen.bz,UP,200,2057,,
2026-09-04T18:30:24.714964+00:00,LibGen,LibGen.bz,UP,200,815,,
2026-09-04T18:31:25.811849+00:00,LibGen,LibGen.bz,UP,200,837,,
2026-09-04T18:32:26.828608+00:00,LibGen,LibGen.bz,UP,200,1290,,
2026-09-04T18:33:26.421044+00:00,LibGen,LibGen.bz,UP,200,979,,
2026-09-04T18:34:26.392764+00:00,LibGen,LibGen.bz,UP,200,831,,
2026-09-04T18:35:27.407849+00:00,LibGen,LibGen.bz,UP,200,917,,
2026-09-04T18:36:27.951232+00:00,LibGen,LibGen.bz,UP,200,808,,
2026-09-04T18:37:28.173622+00:00,LibGen,LibGen.bz,UP,200,808,,
2026-09-04T18:38:30.406597+00:00,LibGen,LibGen.bz,UP,200,1144,,
2026-09-04T18:39:29.231206+00:00,LibGen,LibGen.bz,UP,200,799,,
2026-09-04T18:40:29.281116+00:00,LibGen,LibGen.bz,UP,200,311,,
2026-09-04T18:41:30.532885+00:00,LibGen,LibGen.bz,UP,200,860,,
2026-09-04T18:42:32.020923+00:00,LibGen,LibGen.bz,UP,200,1168,,
2026-09-04T18:43:31.841253+00:00,LibGen,LibGen.bz,UP,200,854,,
2026-09-04T18:44:31.719373+00:00,LibGen,LibGen.bz,UP,200,830,,
2026-09-04T18:45:31.956542+00:00,LibGen,LibGen.bz,UP,200,732,,
2026-09-04T18:46:33.733532+00:00,LibGen,LibGen.bz,UP,200,743,,
2026-09-04T18:47:35.726369+00:00,LibGen,LibGen.bz,UP,200,850,,
2026-09-04T18:48:33.715746+00:00,LibGen,LibGen.bz,UP,200,851,,
2026-09-04T18:49:34.319024+00:00,LibGen,LibGen.bz,UP,200,806,,
2026-09-04T18:50:34.448498+00:00,LibGen,LibGen.bz,UP,200,764,,
2026-09-04T18:51:34.781754+00:00,LibGen,LibGen.bz,UP,200,695,,
2026-09-04T18:52:35.297646+00:00,LibGen,LibGen.bz,UP,200,934,,
2026-09-04T18:53:34.745200+00:00,LibGen,LibGen.bz,UP,200,336,,
2026-09-04T18:54:36.091510+00:00,LibGen,LibGen.bz,UP,200,670,,
2026-09-04T18:55:36.019870+00:00,LibGen,LibGen.bz,UP,200,691,,
2026-09-04T18:56:36.154250+00:00,LibGen,LibGen.bz,UP,200,794,,
2026-09-04T18:57:37.742997+00:00,LibGen,LibGen.bz,UP,200,1823,,
2026-09-04T18:58:37.010565+00:00,LibGen,LibGen.bz,UP,200,859,,
2026-09-04T18:59:40.147569+00:00,LibGen,LibGen.bz,UP,200,2976,,
2026-09-04T19:00:37.634272+00:00,LibGen,LibGen.bz,UP,200,970,,
2026-09-04T19:01:38.210848+00:00,LibGen,LibGen.bz,UP,200,756,,
2026-09-04T19:02:38.586619+00:00,LibGen,LibGen.bz,UP,200,766,,
2026-09-04T19:03:38.598543+00:00,LibGen,LibGen.bz,UP,200,850,,
2026-09-04T19:04:40.228783+00:00,LibGen,LibGen.bz,UP,200,695,,
2026-09-04T19:05:59.555394+00:00,LibGen,LibGen.bz,DOWN,,,connection_refused,
2026-09-04T19:06:39.632840+00:00,LibGen,LibGen.bz,UP,200,688,,
2026-09-04T19:07:40.356209+00:00,LibGen,LibGen.bz,UP,200,740,,
2026-09-04T19:08:40.771400+00:00,LibGen,LibGen.bz,UP,200,1497,,
2026-09-04T19:09:39.649164+00:00,LibGen,LibGen.bz,UP,200,250,,
2026-09-04T19:10:40.662551+00:00,LibGen,LibGen.bz,UP,200,642,,
2026-09-04T19:11:41.138624+00:00,LibGen,LibGen.bz,UP,200,710,,
2026-09-04T19:12:41.323380+00:00,LibGen,LibGen.bz,UP,200,572,,
2026-09-04T19:13:43.071626+00:00,LibGen,LibGen.bz,UP,200,1788,,
2026-09-04T19:14:42.919082+00:00,LibGen,LibGen.bz,UP,200,821,,
2026-09-04T19:15:42.697176+00:00,LibGen,LibGen.bz,UP,200,243,,
2026-09-04T19:16:43.627653+00:00,LibGen,LibGen.bz,UP,200,752,,
2026-09-04T19:17:44.344937+00:00,LibGen,LibGen.bz,UP,200,1003,,
2026-09-04T19:19:05.159553+00:00,LibGen,LibGen.bz,DOWN,,,connection_refused,
2026-09-04T19:19:45.126588+00:00,LibGen,LibGen.bz,UP,200,706,,
2026-09-04T19:20:45.591740+00:00,LibGen,LibGen.bz,UP,200,972,,
2026-09-04T19:21:45.812363+00:00,LibGen,LibGen.bz,UP,200,799,,
2026-09-04T19:22:50.304152+00:00,LibGen,LibGen.bz,DEGRADED,200,4699,latency_high,
2026-09-04T19:23:47.662115+00:00,LibGen,LibGen.bz,UP,200,786,,
2026-09-04T19:24:47.315535+00:00,LibGen,LibGen.bz,UP,200,252,,
2026-09-04T19:25:47.358860+00:00,LibGen,LibGen.bz,UP,200,766,,
2026-09-04T19:26:47.534700+00:00,LibGen,LibGen.bz,UP,200,729,,
2026-09-04T19:27:48.391749+00:00,LibGen,LibGen.bz,UP,200,796,,
2026-09-04T19:28:48.009193+00:00,LibGen,LibGen.bz,UP,200,706,,
2026-09-04T19:29:48.403940+00:00,LibGen,LibGen.bz,UP,200,820,,
2026-09-04T19:30:50.224352+00:00,LibGen,LibGen.bz,UP,200,928,,
2026-09-04T19:31:50.100110+00:00,LibGen,LibGen.bz,UP,200,630,,
2026-09-04T19:32:49.963688+00:00,LibGen,LibGen.bz,UP,200,722,,
2026-09-04T19:33:51.862942+00:00,LibGen,LibGen.bz,UP,200,696,,
2026-09-04T19:34:50.768741+00:00,LibGen,LibGen.bz,UP,200,776,,
2026-09-04T19:35:50.717503+00:00,LibGen,LibGen.bz,UP,200,234,,
2026-09-04T19:36:51.826781+00:00,LibGen,LibGen.bz,UP,200,763,,
2026-09-04T19:37:51.678093+00:00,LibGen,LibGen.bz,UP,200,847,,
2026-09-04T19:38:52.294744+00:00,LibGen,LibGen.bz,UP,200,731,,
2026-09-04T19:39:52.161356+00:00,LibGen,LibGen.bz,UP,200,790,,
2026-09-04T19:40:53.153842+00:00,LibGen,LibGen.bz,UP,200,793,,
2026-09-04T19:41:52.951544+00:00,LibGen,LibGen.bz,UP,200,276,,
2026-09-04T19:42:53.297618+00:00,LibGen,LibGen.bz,UP,200,691,,
2026-09-04T19:43:53.691067+00:00,LibGen,LibGen.bz,UP,200,639,,
2026-09-04T19:44:54.409292+00:00,LibGen,LibGen.bz,UP,200,646,,
2026-09-04T19:45:54.255516+00:00,LibGen,LibGen.bz,UP,200,784,,
2026-09-04T19:46:54.488841+00:00,LibGen,LibGen.bz,UP,200,956,,
2026-09-04T19:47:55.229647+00:00,LibGen,LibGen.bz,UP,200,684,,
2026-09-04T19:48:55.759884+00:00,LibGen,LibGen.bz,UP,200,1119,,
2026-09-04T19:49:55.392144+00:00,LibGen,LibGen.bz,UP,200,654,,
2026-09-04T19:50:55.718899+00:00,LibGen,LibGen.bz,UP,200,655,,
2026-09-04T19:51:56.479642+00:00,LibGen,LibGen.bz,UP,200,765,,
2026-09-04T19:52:56.164722+00:00,LibGen,LibGen.bz,UP,200,715,,
2026-09-04T19:53:56.045079+00:00,LibGen,LibGen.bz,UP,200,581,,
2026-09-04T19:54:56.590352+00:00,LibGen,LibGen.bz,UP,200,674,,
2026-09-04T19:55:56.661805+00:00,LibGen,LibGen.bz,UP,200,638,,
2026-09-04T19:56:57.772923+00:00,LibGen,LibGen.bz,UP,200,760,,
2026-09-04T19:57:57.795224+00:00,LibGen,LibGen.bz,UP,200,770,,
2026-09-04T19:58:58.908223+00:00,LibGen,LibGen.bz,UP,200,950,,
2026-09-04T19:59:58.668427+00:00,LibGen,LibGen.bz,UP,200,734,,
2026-09-04T20:00:58.955170+00:00,LibGen,LibGen.bz,UP,200,748,,
2026-09-04T20:01:59.536082+00:00,LibGen,LibGen.bz,UP,200,689,,
2026-09-04T20:02:59.938619+00:00,LibGen,LibGen.bz,UP,200,882,,
2026-09-04T20:04:00.436832+00:00,LibGen,LibGen.bz,UP,200,696,,
2026-09-04T20:05:01.780606+00:00,LibGen,LibGen.bz,UP,200,904,,
2026-09-04T20:06:00.352523+00:00,LibGen,LibGen.bz,UP,200,257,,
2026-09-04T20:07:01.733183+00:00,LibGen,LibGen.bz,UP,200,702,,
2026-09-04T20:08:03.480370+00:00,LibGen,LibGen.bz,UP,200,790,,
2026-09-04T20:09:03.757379+00:00,LibGen,LibGen.bz,UP,200,1299,,
2026-09-04T20:10:03.489536+00:00,LibGen,LibGen.bz,UP,200,866,,
2026-09-04T20:11:03.346641+00:00,LibGen,LibGen.bz,UP,200,966,,
2026-09-04T20:12:13.870015+00:00,LibGen,LibGen.bz,DEGRADED,200,3134,latency_high,
2026-09-04T20:13:04.654177+00:00,LibGen,LibGen.bz,UP,200,1030,,
2026-09-04T20:14:24.682828+00:00,LibGen,LibGen.bz,DOWN,,,connection_refused,
2026-09-04T20:15:04.842886+00:00,LibGen,LibGen.bz,UP,200,881,,
2026-09-04T20:16:05.645620+00:00,LibGen,LibGen.bz,UP,200,975,,
2026-09-04T20:17:06.292490+00:00,LibGen,LibGen.bz,UP,200,1512,,
2026-09-04T20:18:06.088264+00:00,LibGen,LibGen.bz,UP,200,364,,
2026-09-04T20:19:06.566599+00:00,LibGen,LibGen.bz,UP,200,749,,
2026-09-04T20:20:08.632974+00:00,LibGen,LibGen.bz,UP,200,772,,
2026-09-04T20:21:08.027773+00:00,LibGen,LibGen.bz,UP,200,654,,
2026-09-04T20:22:08.781934+00:00,LibGen,LibGen.bz,UP,200,1043,,
2026-09-04T20:23:08.721509+00:00,LibGen,LibGen.bz,UP,200,620,,
2026-09-04T20:24:09.175207+00:00,LibGen,LibGen.bz,UP,200,736,,
2026-09-04T20:25:10.102843+00:00,LibGen,LibGen.bz,UP,200,879,,
2026-09-04T20:26:10.542949+00:00,LibGen,LibGen.bz,UP,200,723,,
2026-09-04T20:27:15.090545+00:00,LibGen,LibGen.bz,DEGRADED,200,4862,latency_high,
2026-09-04T20:28:10.734718+00:00,LibGen,LibGen.bz,UP,200,571,,
2026-09-04T20:29:12.307144+00:00,LibGen,LibGen.bz,UP,200,1722,,
2026-09-04T20:30:11.546792+00:00,LibGen,LibGen.bz,UP,200,1251,,
2026-09-04T20:31:11.654180+00:00,LibGen,LibGen.bz,UP,200,1258,,
2026-09-04T20:32:12.029190+00:00,LibGen,LibGen.bz,UP,200,708,,
2026-09-04T20:33:13.152589+00:00,LibGen,LibGen.bz,UP,200,946,,
2026-09-04T20:34:14.042160+00:00,LibGen,LibGen.bz,UP,200,1699,,
2026-09-04T20:35:13.684443+00:00,LibGen,LibGen.bz,UP,200,767,,
2026-09-04T20:36:13.570188+00:00,LibGen,LibGen.bz,UP,200,706,,
2026-09-04T20:37:14.841832+00:00,LibGen,LibGen.bz,UP,200,887,,
2026-09-04T20:38:14.647128+00:00,LibGen,LibGen.bz,UP,200,786,,
2026-09-04T20:39:14.902239+00:00,LibGen,LibGen.bz,UP,200,753,,
2026-09-04T20:40:15.349559+00:00,LibGen,LibGen.bz,UP,200,842,,
2026-09-04T20:41:16.445815+00:00,LibGen,LibGen.bz,UP,200,925,,
2026-09-04T20:42:16.079796+00:00,LibGen,LibGen.bz,UP,200,440,,
2026-09-04T20:43:16.922742+00:00,LibGen,LibGen.bz,UP,200,1701,,
2026-09-04T20:44:15.575410+00:00,LibGen,LibGen.bz,UP,200,707,,
2026-09-04T20:45:17.286623+00:00,LibGen,LibGen.bz,UP,200,654,,
2026-09-04T20:46:17.098681+00:00,LibGen,LibGen.bz,UP,200,709,,
2026-09-04T20:47:17.259962+00:00,LibGen,LibGen.bz,UP,200,677,,
2026-09-04T20:48:17.301825+00:00,LibGen,LibGen.bz,UP,200,697,,
2026-09-04T20:49:18.563525+00:00,LibGen,LibGen.bz,UP,200,876,,
2026-09-04T20:50:18.286489+00:00,LibGen,LibGen.bz,UP,200,668,,
2026-09-04T20:51:18.359609+00:00,LibGen,LibGen.bz,UP,200,725,,
2026-09-04T20:52:18.437767+00:00,LibGen,LibGen.bz,UP,200,800,,
2026-09-04T20:53:19.327173+00:00,LibGen,LibGen.bz,UP,200,724,,
2026-09-04T20:54:19.302248+00:00,LibGen,LibGen.bz,UP,200,688,,
2026-09-04T20:55:19.656001+00:00,LibGen,LibGen.bz,UP,200,872,,
2026-09-04T20:56:20.579005+00:00,LibGen,LibGen.bz,UP,200,793,,
2026-09-04T20:57:21.126934+00:00,LibGen,LibGen.bz,UP,200,1746,,
2026-09-04T20:58:23.271984+00:00,LibGen,LibGen.bz,DEGRADED,200,3841,latency_high,
2026-09-04T20:59:21.154758+00:00,LibGen,LibGen.bz,UP,200,768,,
2026-09-04T21:00:21.455215+00:00,LibGen,LibGen.bz,UP,200,847,,
2026-09-04T21:01:21.875562+00:00,LibGen,LibGen.bz,UP,200,768,,
2026-09-04T21:02:21.936998+00:00,LibGen,LibGen.bz,UP,200,649,,
2026-09-04T21:03:22.470600+00:00,LibGen,LibGen.bz,UP,200,1102,,
2026-09-04T21:04:23.675753+00:00,LibGen,LibGen.bz,UP,200,1735,,
2026-09-04T21:05:25.733069+00:00,LibGen,LibGen.bz,DEGRADED,200,3878,latency_high,
2026-09-04T21:06:22.842385+00:00,LibGen,LibGen.bz,UP,200,841,,
2026-09-04T21:07:23.091992+00:00,LibGen,LibGen.bz,UP,200,668,,
2026-09-04T21:08:23.397208+00:00,LibGen,LibGen.bz,UP,200,794,,
2026-09-04T21:09:24.246877+00:00,LibGen,LibGen.bz,UP,200,707,,
2026-09-04T21:10:24.423214+00:00,LibGen,LibGen.bz,UP,200,865,,
2026-09-04T21:11:24.482976+00:00,LibGen,LibGen.bz,UP,200,280,,
2026-09-04T21:12:25.018014+00:00,LibGen,LibGen.bz,UP,200,749,,
2026-09-04T21:13:25.314452+00:00,LibGen,LibGen.bz,UP,200,717,,
2026-09-04T21:14:26.188395+00:00,LibGen,LibGen.bz,UP,200,689,,
2026-09-04T21:15:26.928187+00:00,LibGen,LibGen.bz,UP,200,782,,
2026-09-04T21:16:28.068039+00:00,LibGen,LibGen.bz,UP,200,1175,,
2026-09-04T21:17:27.197521+00:00,LibGen,LibGen.bz,UP,200,730,,
2026-09-04T21:18:27.416254+00:00,LibGen,LibGen.bz,UP,200,793,,
2026-09-04T21:19:28.369245+00:00,LibGen,LibGen.bz,UP,200,702,,
2026-09-04T21:20:27.893657+00:00,LibGen,LibGen.bz,UP,200,684,,
2026-09-04T21:21:28.731782+00:00,LibGen,LibGen.bz,UP,200,723,,
2026-09-04T21:22:27.885498+00:00,LibGen,LibGen.bz,UP,200,297,,
2026-09-04T21:23:31.301248+00:00,LibGen,LibGen.bz,UP,200,896,,
2026-09-04T21:24:29.262640+00:00,LibGen,LibGen.bz,UP,200,624,,
2026-09-04T21:25:30.145602+00:00,LibGen,LibGen.bz,UP,200,947,,
2026-09-04T21:26:30.524237+00:00,LibGen,LibGen.bz,UP,200,805,,
2026-09-04T21:27:31.201846+00:00,LibGen,LibGen.bz,UP,200,937,,
2026-09-04T21:28:31.832879+00:00,LibGen,LibGen.bz,UP,200,843,,
2026-09-04T21:29:31.649562+00:00,LibGen,LibGen.bz,UP,200,479,,
2026-09-04T21:30:32.678085+00:00,LibGen,LibGen.bz,UP,200,1352,,
2026-09-04T21:31:32.420335+00:00,LibGen,LibGen.bz,UP,200,653,,
2026-09-04T21:32:32.562352+00:00,LibGen,LibGen.bz,UP,200,712,,
2026-09-04T21:33:34.081983+00:00,LibGen,LibGen.bz,UP,200,789,,
2026-09-04T21:34:33.789616+00:00,LibGen,LibGen.bz,UP,200,854,,
2026-09-04T21:35:54.382845+00:00,LibGen,LibGen.bz,DOWN,,,connection_refused,
2026-09-04T21:36:34.876999+00:00,LibGen,LibGen.bz,UP,200,734,,
2026-09-04T21:37:55.042972+00:00,LibGen,LibGen.bz,DOWN,,,connection_refused,
2026-09-04T21:38:35.618815+00:00,LibGen,LibGen.bz,UP,200,877,,
2026-09-04T21:39:35.962344+00:00,LibGen,LibGen.bz,UP,200,801,,
2026-09-04T21:40:36.402545+00:00,LibGen,LibGen.bz,UP,200,605,,
2026-09-04T21:41:37.120967+00:00,LibGen,LibGen.bz,UP,200,796,,
2026-09-04T21:42:37.386436+00:00,LibGen,LibGen.bz,UP,200,895,,
2026-09-04T21:43:38.046184+00:00,LibGen,LibGen.bz,UP,200,686,,
2026-09-04T21:44:37.424855+00:00,LibGen,LibGen.bz,UP,200,750,,
2026-09-04T21:45:37.929883+00:00,LibGen,LibGen.bz,UP,200,803,,
2026-09-04T21:46:37.989062+00:00,LibGen,LibGen.bz,UP,200,785,,
2026-09-04T21:47:38.713409+00:00,LibGen,LibGen.bz,UP,200,902,,
2026-09-04T21:48:40.134883+00:00,LibGen,LibGen.bz,UP,200,810,,
2026-09-04T21:49:39.375652+00:00,LibGen,LibGen.bz,UP,200,821,,
2026-09-04T21:50:39.471389+00:00,LibGen,LibGen.bz,UP,200,798,,
2026-09-04T21:51:39.974900+00:00,LibGen,LibGen.bz,UP,200,721,,
2026-09-04T21:52:40.034500+00:00,LibGen,LibGen.bz,UP,200,666,,
2026-09-04T21:53:41.192603+00:00,LibGen,LibGen.bz,UP,200,1209,,
2026-09-04T21:54:40.841868+00:00,LibGen,LibGen.bz,UP,200,726,,
2026-09-04T21:55:41.562952+00:00,LibGen,LibGen.bz,UP,200,888,,
2026-09-04T21:56:40.712623+00:00,LibGen,LibGen.bz,UP,200,284,,
2026-09-04T21:57:41.761356+00:00,LibGen,LibGen.bz,UP,200,698,,
2026-09-04T21:58:43.045636+00:00,LibGen,LibGen.bz,UP,200,1516,,
2026-09-04T21:59:41.614233+00:00,LibGen,LibGen.bz,UP,200,265,,
2026-09-04T22:00:42.630599+00:00,LibGen,LibGen.bz,UP,200,750,,
2026-09-04T22:01:43.654734+00:00,LibGen,LibGen.bz,UP,200,781,,
2026-09-04T22:02:43.573894+00:00,LibGen,LibGen.bz,UP,200,709,,
2026-09-04T22:03:45.909034+00:00,LibGen,LibGen.bz,UP,200,1076,,
2026-09-04T22:04:43.586634+00:00,LibGen,LibGen.bz,UP,200,897,,
2026-09-04T22:05:44.255000+00:00,LibGen,LibGen.bz,UP,200,779,,
2026-09-04T22:06:45.857189+00:00,LibGen,LibGen.bz,UP,200,707,,
2026-09-04T22:07:44.934523+00:00,LibGen,LibGen.bz,UP,200,676,,
2026-09-04T22:08:46.984906+00:00,LibGen,LibGen.bz,UP,200,1627,,
2026-09-04T22:09:47.043141+00:00,LibGen,LibGen.bz,UP,200,720,,
2026-09-04T22:10:47.608708+00:00,LibGen,LibGen.bz,UP,200,1274,,
2026-09-04T22:11:47.829994+00:00,LibGen,LibGen.bz,UP,200,1268,,
2026-09-04T22:12:48.385253+00:00,LibGen,LibGen.bz,UP,200,901,,
2026-09-04T22:13:48.167424+00:00,LibGen,LibGen.bz,UP,200,934,,
2026-09-04T22:14:48.071790+00:00,LibGen,LibGen.bz,UP,200,708,,
2026-09-04T22:15:48.037604+00:00,LibGen,LibGen.bz,UP,200,645,,
2026-09-04T22:16:48.632829+00:00,LibGen,LibGen.bz,UP,200,698,,
2026-09-04T22:17:49.751114+00:00,LibGen,LibGen.bz,UP,200,1272,,
2026-09-04T22:18:49.652492+00:00,LibGen,LibGen.bz,UP,200,1061,,
2026-09-04T22:19:50.782459+00:00,LibGen,LibGen.bz,UP,200,308,,
2026-09-04T22:20:50.184525+00:00,LibGen,LibGen.bz,UP,200,641,,
2026-09-04T22:21:51.375316+00:00,LibGen,LibGen.bz,UP,200,805,,
2026-09-04T22:22:51.336556+00:00,LibGen,LibGen.bz,UP,200,828,,
2026-09-04T22:23:52.282399+00:00,LibGen,LibGen.bz,UP,200,783,,
2026-09-04T22:24:52.364454+00:00,LibGen,LibGen.bz,UP,200,652,,
2026-09-04T22:25:52.758779+00:00,LibGen,LibGen.bz,UP,200,673,,
2026-09-04T22:26:53.626948+00:00,LibGen,LibGen.bz,UP,200,932,,
2026-09-04T22:27:53.128935+00:00,LibGen,LibGen.bz,UP,200,347,,
2026-09-04T22:28:53.564623+00:00,LibGen,LibGen.bz,UP,200,790,,
2026-09-04T22:29:55.063149+00:00,LibGen,LibGen.bz,UP,200,1131,,
2026-09-04T22:30:55.312812+00:00,LibGen,LibGen.bz,UP,200,1200,,
2026-09-04T22:31:55.543375+00:00,LibGen,LibGen.bz,UP,200,788,,
2026-09-04T22:32:56.904681+00:00,LibGen,LibGen.bz,UP,200,1927,,
2026-09-04T22:33:56.689720+00:00,LibGen,LibGen.bz,UP,200,1215,,
2026-09-04T22:35:17.154849+00:00,LibGen,LibGen.bz,DOWN,,,connection_refused,
2026-09-04T22:35:56.622003+00:00,LibGen,LibGen.bz,DOWN,500,713,http_error,
2026-09-04T22:36:57.641880+00:00,LibGen,LibGen.bz,UP,200,1195,,
2026-09-04T22:37:57.867999+00:00,LibGen,LibGen.bz,UP,200,1246,,
2026-09-04T22:38:58.160748+00:00,LibGen,LibGen.bz,UP,200,699,,
2026-09-04T22:39:58.374932+00:00,LibGen,LibGen.bz,UP,200,763,,
2026-09-04T22:40:58.875893+00:00,LibGen,LibGen.bz,UP,200,702,,
2026-09-04T22:41:59.186269+00:00,LibGen,LibGen.bz,UP,200,767,,
2026-09-04T22:42:59.387163+00:00,LibGen,LibGen.bz,UP,200,863,,
2026-09-04T22:43:59.293124+00:00,LibGen,LibGen.bz,UP,200,710,,
2026-09-04T22:44:59.592271+00:00,LibGen,LibGen.bz,UP,200,808,,
2026-09-04T22:45:59.966749+00:00,LibGen,LibGen.bz,UP,200,886,,
2026-09-04T22:47:00.334227+00:00,LibGen,LibGen.bz,UP,200,906,,
2026-09-04T22:48:00.627130+00:00,LibGen,LibGen.bz,UP,200,1026,,
2026-09-04T22:49:01.471431+00:00,LibGen,LibGen.bz,UP,200,763,,
2026-09-04T22:50:03.058159+00:00,LibGen,LibGen.bz,UP,200,1605,,
2026-09-04T22:51:02.636496+00:00,LibGen,LibGen.bz,UP,200,955,,
2026-09-04T22:52:02.926095+00:00,LibGen,LibGen.bz,UP,200,944,,
2026-09-04T22:53:03.030907+00:00,LibGen,LibGen.bz,UP,200,844,,
2026-09-04T22:54:03.350640+00:00,LibGen,LibGen.bz,UP,200,1062,,
2026-09-04T22:55:03.378591+00:00,LibGen,LibGen.bz,UP,200,1029,,
2026-09-04T22:56:03.949987+00:00,LibGen,LibGen.bz,UP,200,1032,,
2026-09-04T22:57:03.917933+00:00,LibGen,LibGen.bz,UP,200,941,,
2026-09-04T22:58:04.430920+00:00,LibGen,LibGen.bz,UP,200,812,,
2026-09-04T22:59:04.074994+00:00,LibGen,LibGen.bz,UP,200,367,,
2026-09-04T23:00:07.870797+00:00,LibGen,LibGen.bz,DEGRADED,200,4428,latency_high,
2026-09-04T23:01:04.625428+00:00,LibGen,LibGen.bz,UP,200,888,,
2026-09-04T23:02:05.138528+00:00,LibGen,LibGen.bz,UP,200,798,,
2026-09-04T23:03:05.030091+00:00,LibGen,LibGen.bz,UP,200,708,,
2026-09-04T23:04:06.146098+00:00,LibGen,LibGen.bz,UP,200,764,,
2026-09-04T23:05:05.605733+00:00,LibGen,LibGen.bz,UP,200,771,,
2026-09-04T23:06:05.762650+00:00,LibGen,LibGen.bz,UP,200,759,,
2026-09-04T23:07:06.510647+00:00,LibGen,LibGen.bz,UP,200,839,,
2026-09-04T23:08:05.588971+00:00,LibGen,LibGen.bz,UP,200,810,,
2026-09-04T23:09:05.587763+00:00,LibGen,LibGen.bz,UP,200,800,,
2026-09-04T23:10:06.868076+00:00,LibGen,LibGen.bz,UP,200,1312,,
2026-09-04T23:11:06.625729+00:00,LibGen,LibGen.bz,UP,200,937,,
2026-09-04T23:12:07.357001+00:00,LibGen,LibGen.bz,UP,200,895,,
2026-09-04T23:13:07.577852+00:00,LibGen,LibGen.bz,UP,200,728,,
2026-09-04T23:14:07.659480+00:00,LibGen,LibGen.bz,UP,200,726,,
2026-09-04T23:15:07.715981+00:00,LibGen,LibGen.bz,UP,200,869,,
2026-09-04T23:16:07.669804+00:00,LibGen,LibGen.bz,UP,200,657,,
2026-09-04T23:17:27.421763+00:00,LibGen,LibGen.bz,TIMEOUT,,,timeout,
2026-09-04T23:18:08.274015+00:00,LibGen,LibGen.bz,UP,200,834,,
2026-09-04T23:19:08.499039+00:00,LibGen,LibGen.bz,UP,200,1049,,
2026-09-04T23:20:09.809318+00:00,LibGen,LibGen.bz,UP,200,1900,,
2026-09-04T23:21:08.450555+00:00,LibGen,LibGen.bz,UP,200,751,,
2026-09-04T23:22:08.640854+00:00,LibGen,LibGen.bz,UP,200,805,,
2026-09-04T23:23:08.925232+00:00,LibGen,LibGen.bz,UP,200,817,,
2026-09-04T23:24:09.171477+00:00,LibGen,LibGen.bz,UP,200,832,,
2026-09-04T23:25:09.301529+00:00,LibGen,LibGen.bz,UP,200,823,,
2026-09-04T23:26:30.306832+00:00,LibGen,LibGen.bz,DOWN,,,connection_refused,
2026-09-04T23:27:10.204920+00:00,LibGen,LibGen.bz,UP,200,1192,,
2026-09-04T23:28:10.223743+00:00,LibGen,LibGen.bz,UP,200,1153,,
2026-09-04T23:29:09.681024+00:00,LibGen,LibGen.bz,UP,200,668,,
2026-09-04T23:30:13.252613+00:00,LibGen,LibGen.bz,DEGRADED,200,3249,latency_high,
2026-09-04T23:31:14.229408+00:00,LibGen,LibGen.bz,DEGRADED,200,3956,latency_high,
2026-09-04T23:32:14.800795+00:00,LibGen,LibGen.bz,DEGRADED,200,3389,latency_high,
2026-09-04T23:33:13.781768+00:00,LibGen,LibGen.bz,UP,200,2661,,
2026-09-04T23:34:13.845589+00:00,LibGen,LibGen.bz,UP,200,2424,,
2026-09-04T23:35:13.241413+00:00,LibGen,LibGen.bz,UP,200,1710,,
2026-09-04T23:36:12.882306+00:00,LibGen,LibGen.bz,UP,200,1327,,
2026-09-04T23:37:12.948457+00:00,LibGen,LibGen.bz,UP,200,1089,,
2026-09-04T23:38:13.985746+00:00,LibGen,LibGen.bz,UP,200,2003,,
2026-09-04T23:39:13.439783+00:00,LibGen,LibGen.bz,UP,200,1092,,
2026-09-04T23:40:14.116788+00:00,LibGen,LibGen.bz,UP,200,1494,,
2026-09-04T23:41:16.793817+00:00,LibGen,LibGen.bz,DEGRADED,200,4470,latency_high,
2026-09-04T23:42:14.392986+00:00,LibGen,LibGen.bz,UP,200,1902,,
2026-09-04T23:43:13.337635+00:00,LibGen,LibGen.bz,UP,200,782,,
2026-09-04T23:44:15.294235+00:00,LibGen,LibGen.bz,UP,200,1573,,
2026-09-04T23:45:14.748345+00:00,LibGen,LibGen.bz,UP,200,1210,,
2026-09-04T23:46:15.009268+00:00,LibGen,LibGen.bz,UP,200,854,,
2026-09-04T23:47:15.363140+00:00,LibGen,LibGen.bz,UP,200,1187,,
2026-09-04T23:48:14.876889+00:00,LibGen,LibGen.bz,UP,200,710,,
2026-09-04T23:49:14.818869+00:00,LibGen,LibGen.bz,UP,200,414,,
2026-09-04T23:50:15.151504+00:00,LibGen,LibGen.bz,UP,200,918,,
2026-09-04T23:51:15.403643+00:00,LibGen,LibGen.bz,UP,200,1071,,
2026-09-04T23:52:15.600689+00:00,LibGen,LibGen.bz,UP,200,820,,
2026-09-04T23:53:15.615298+00:00,LibGen,LibGen.bz,UP,200,781,,
2026-09-04T23:54:17.354504+00:00,LibGen,LibGen.bz,UP,200,1170,,
2026-09-04T23:55:16.105600+00:00,LibGen,LibGen.bz,UP,200,884,,
2026-09-04T23:56:16.313012+00:00,LibGen,LibGen.bz,UP,200,811,,
2026-09-04T23:57:15.963242+00:00,LibGen,LibGen.bz,UP,200,285,,
2026-09-04T23:58:17.284757+00:00,LibGen,LibGen.bz,UP,200,1006,,
2026-09-04T23:59:17.128434+00:00,LibGen,LibGen.bz,UP,200,854,,
2026-09-05T00:00:17.315712+00:00,LibGen,LibGen.bz,UP,200,930,,
2026-09-05T00:01:18.903681+00:00,LibGen,LibGen.bz,UP,200,1139,,
2026-09-05T00:02:17.768855+00:00,LibGen,LibGen.bz,UP,200,729,,
2026-09-05T00:03:18.582527+00:00,LibGen,LibGen.bz,UP,200,1010,,
2026-09-05T00:04:18.375241+00:00,LibGen,LibGen.bz,UP,200,787,,
2026-09-05T00:05:18.878225+00:00,LibGen,LibGen.bz,UP,200,340,,
2026-09-05T00:06:19.049899+00:00,LibGen,LibGen.bz,UP,200,908,,
2026-09-05T00:07:20.556731+00:00,LibGen,LibGen.bz,UP,200,946,,
2026-09-05T00:08:19.789251+00:00,LibGen,LibGen.bz,UP,200,804,,
2026-09-05T00:09:19.505643+00:00,LibGen,LibGen.bz,DOWN,500,249,http_error,
2026-09-05T00:10:20.374105+00:00,LibGen,LibGen.bz,DOWN,500,819,http_error,
2026-09-05T00:11:20.418965+00:00,LibGen,LibGen.bz,DOWN,500,697,http_error,
2026-09-05T00:12:21.204471+00:00,LibGen,LibGen.bz,UP,200,892,,
2026-09-05T00:13:20.847235+00:00,LibGen,LibGen.bz,UP,200,737,,
2026-09-05T00:14:21.224006+00:00,LibGen,LibGen.bz,UP,200,500,,
2026-09-05T00:15:22.434944+00:00,LibGen,LibGen.bz,UP,200,1149,,
2026-09-05T00:16:22.739470+00:00,LibGen,LibGen.bz,UP,200,707,,
2026-09-05T00:17:41.728398+00:00,LibGen,LibGen.bz,TIMEOUT,,,timeout,
2026-09-05T00:18:23.410071+00:00,LibGen,LibGen.bz,UP,200,1765,,
2026-09-05T00:19:22.562275+00:00,LibGen,LibGen.bz,UP,200,756,,
2026-09-05T00:20:23.109489+00:00,LibGen,LibGen.bz,UP,200,1042,,
2026-09-05T00:21:23.700149+00:00,LibGen,LibGen.bz,UP,200,755,,
2026-09-05T00:22:23.683690+00:00,LibGen,LibGen.bz,UP,200,966,,
2026-09-05T00:23:23.589771+00:00,LibGen,LibGen.bz,UP,200,716,,
2026-09-05T00:24:24.142426+00:00,LibGen,LibGen.bz,UP,200,723,,
2026-09-05T00:25:24.499917+00:00,LibGen,LibGen.bz,UP,200,927,,
2026-09-05T00:26:24.436779+00:00,LibGen,LibGen.bz,UP,200,634,,
2026-09-05T00:27:25.393840+00:00,LibGen,LibGen.bz,UP,200,1096,,
2026-09-05T00:28:24.936410+00:00,LibGen,LibGen.bz,UP,200,946,,
2026-09-05T00:29:25.339968+00:00,LibGen,LibGen.bz,UP,200,861,,
2026-09-05T00:30:25.709113+00:00,LibGen,LibGen.bz,UP,200,841,,
2026-09-05T00:31:27.979146+00:00,LibGen,LibGen.bz,UP,200,1904,,
2026-09-05T00:32:27.345109+00:00,LibGen,LibGen.bz,UP,200,1124,,
2026-09-05T00:33:27.130503+00:00,LibGen,LibGen.bz,UP,200,800,,
2026-09-05T00:34:27.750621+00:00,LibGen,LibGen.bz,UP,200,864,,
2026-09-05T00:35:27.435129+00:00,LibGen,LibGen.bz,UP,200,935,,
2026-09-05T00:36:28.450116+00:00,LibGen,LibGen.bz,UP,200,1588,,
2026-09-05T00:37:27.680955+00:00,LibGen,LibGen.bz,UP,200,791,,
2026-09-05T00:38:28.425176+00:00,LibGen,LibGen.bz,UP,200,953,,
2026-09-05T00:39:28.010472+00:00,LibGen,LibGen.bz,UP,200,831,,
2026-09-05T00:40:28.639966+00:00,LibGen,LibGen.bz,UP,200,972,,
2026-09-05T00:41:29.180635+00:00,LibGen,LibGen.bz,UP,200,868,,
2026-09-05T00:42:34.876407+00:00,LibGen,LibGen.bz,DEGRADED,200,4314,latency_high,
2026-09-05T00:43:30.752009+00:00,LibGen,LibGen.bz,UP,200,1254,,
2026-09-05T00:44:30.867086+00:00,LibGen,LibGen.bz,UP,200,867,,
2026-09-05T00:45:31.132832+00:00,LibGen,LibGen.bz,UP,200,795,,
2026-09-05T00:46:31.356585+00:00,LibGen,LibGen.bz,UP,200,729,,
2026-09-05T00:47:32.399307+00:00,LibGen,LibGen.bz,UP,200,1198,,
2026-09-05T00:48:32.423020+00:00,LibGen,LibGen.bz,UP,200,734,,
2026-09-05T00:49:33.675378+00:00,LibGen,LibGen.bz,UP,200,1783,,
2026-09-05T00:50:34.012821+00:00,LibGen,LibGen.bz,UP,200,1110,,
2026-09-05T00:51:34.124823+00:00,LibGen,LibGen.bz,UP,200,707,,
2026-09-05T00:52:34.636684+00:00,LibGen,LibGen.bz,UP,200,1389,,
2026-09-05T00:53:34.018176+00:00,LibGen,LibGen.bz,UP,200,687,,
2026-09-05T00:54:34.557621+00:00,LibGen,LibGen.bz,UP,200,1001,,
2026-09-05T00:55:35.087533+00:00,LibGen,LibGen.bz,UP,200,805,,
2026-09-05T00:56:35.757003+00:00,LibGen,LibGen.bz,UP,200,723,,
2026-09-05T00:57:55.578695+00:00,LibGen,LibGen.bz,TIMEOUT,,,timeout,
2026-09-05T00:58:55.943788+00:00,LibGen,LibGen.bz,TIMEOUT,,,timeout,
2026-09-05T00:59:56.210779+00:00,LibGen,LibGen.bz,TIMEOUT,,,timeout,
2026-09-05T01:00:56.714402+00:00,LibGen,LibGen.bz,TIMEOUT,,,timeout,
2026-09-05T01:01:57.059854+00:00,LibGen,LibGen.bz,TIMEOUT,,,timeout,
2026-09-05T01:02:57.171988+00:00,LibGen,LibGen.bz,TIMEOUT,,,timeout,
2026-09-05T01:03:38.039986+00:00,LibGen,LibGen.bz,UP,200,1059,,
2026-09-05T01:04:38.393039+00:00,LibGen,LibGen.bz,UP,200,651,,
2026-09-05T01:05:39.171335+00:00,LibGen,LibGen.bz,UP,200,936,,
2026-09-05T01:06:38.993847+00:00,LibGen,LibGen.bz,UP,200,887,,
2026-09-05T01:07:38.994549+00:00,LibGen,LibGen.bz,UP,200,717,,
2026-09-05T01:08:39.613305+00:00,LibGen,LibGen.bz,UP,200,778,,
2026-09-05T01:09:40.803987+00:00,LibGen,LibGen.bz,UP,200,741,,
2026-09-05T01:10:40.718404+00:00,LibGen,LibGen.bz,UP,200,886,,
2026-09-05T01:11:41.030511+00:00,LibGen,LibGen.bz,UP,200,765,,
2026-09-05T01:12:40.753311+00:00,LibGen,LibGen.bz,UP,200,768,,
2026-09-05T01:13:42.405328+00:00,LibGen,LibGen.bz,UP,200,681,,
2026-09-05T01:14:42.384389+00:00,LibGen,LibGen.bz,UP,200,651,,
2026-09-05T01:15:43.735090+00:00,LibGen,LibGen.bz,UP,200,2416,,
2026-09-05T01:16:44.488677+00:00,LibGen,LibGen.bz,UP,200,1898,,
2026-09-05T01:17:42.817769+00:00,LibGen,LibGen.bz,UP,200,784,,
2026-09-05T01:18:47.408680+00:00,LibGen,LibGen.bz,DEGRADED,200,4426,latency_high,
2026-09-05T01:19:44.447588+00:00,LibGen,LibGen.bz,UP,200,822,,
2026-09-05T01:20:44.964270+00:00,LibGen,LibGen.bz,UP,200,773,,
2026-09-05T01:21:45.928231+00:00,LibGen,LibGen.bz,UP,200,1345,,
2026-09-05T01:22:45.708328+00:00,LibGen,LibGen.bz,UP,200,694,,
2026-09-05T01:23:45.880773+00:00,LibGen,LibGen.bz,UP,200,782,,
2026-09-05T01:24:46.693663+00:00,LibGen,LibGen.bz,UP,200,767,,
2026-09-05T01:25:47.392621+00:00,LibGen,LibGen.bz,UP,200,1160,,
