timestamp,site_id,domain_id,domain_status,http_status,latency_ms,failure_type,protection_type
2026-08-31T01:58:29.219619+00:00,LibGen,LibGen.gl,PROTECTED,200,1556,,Cloudflare
2026-08-31T01:59:28.767957+00:00,LibGen,LibGen.gl,PROTECTED,200,786,,Cloudflare
2026-08-31T02:00:31.331440+00:00,LibGen,LibGen.gl,PROTECTED,200,1188,,Cloudflare
2026-08-31T02:01:30.407184+00:00,LibGen,LibGen.gl,PROTECTED,200,2363,,Cloudflare
2026-08-31T02:02:29.745525+00:00,LibGen,LibGen.gl,PROTECTED,200,976,,Cloudflare
2026-08-31T02:03:30.115815+00:00,LibGen,LibGen.gl,PROTECTED,200,1315,,Cloudflare
2026-08-31T02:04:30.114346+00:00,LibGen,LibGen.gl,PROTECTED,200,1072,,Cloudflare
2026-08-31T02:05:30.685124+00:00,LibGen,LibGen.gl,PROTECTED,200,831,,Cloudflare
2026-08-31T02:06:31.101995+00:00,LibGen,LibGen.gl,PROTECTED,200,722,,Cloudflare
2026-08-31T02:07:32.393179+00:00,LibGen,LibGen.gl,PROTECTED,200,1590,,Cloudflare
2026-08-31T02:08:33.299243+00:00,LibGen,LibGen.gl,PROTECTED,200,2195,,Cloudflare
2026-08-31T02:09:32.628886+00:00,LibGen,LibGen.gl,PROTECTED,200,1465,,Cloudflare
2026-08-31T02:10:33.501318+00:00,LibGen,LibGen.gl,PROTECTED,200,1745,,Cloudflare
2026-08-31T02:11:34.036725+00:00,LibGen,LibGen.gl,PROTECTED,200,1088,,Cloudflare
2026-08-31T02:12:35.431052+00:00,LibGen,LibGen.gl,PROTECTED,200,1343,,Cloudflare
2026-08-31T02:13:35.490630+00:00,LibGen,LibGen.gl,PROTECTED,200,1515,,Cloudflare
2026-08-31T02:14:36.756226+00:00,LibGen,LibGen.gl,PROTECTED,200,2366,,Cloudflare
2026-08-31T02:15:36.021059+00:00,LibGen,LibGen.gl,PROTECTED,200,2228,,Cloudflare
2026-08-31T02:16:34.969026+00:00,LibGen,LibGen.gl,PROTECTED,200,849,,Cloudflare
2026-08-31T02:17:35.934256+00:00,LibGen,LibGen.gl,PROTECTED,200,1501,,Cloudflare
2026-08-31T02:18:36.759930+00:00,LibGen,LibGen.gl,PROTECTED,200,1883,,Cloudflare
2026-08-31T02:19:37.558063+00:00,LibGen,LibGen.gl,PROTECTED,200,2534,,Cloudflare
2026-08-31T02:20:39.261801+00:00,LibGen,LibGen.gl,PROTECTED,200,2913,,Cloudflare
2026-08-31T02:21:36.622961+00:00,LibGen,LibGen.gl,PROTECTED,200,1238,,Cloudflare
2026-08-31T02:22:37.587674+00:00,LibGen,LibGen.gl,PROTECTED,200,1630,,Cloudflare
2026-08-31T02:23:38.173763+00:00,LibGen,LibGen.gl,PROTECTED,200,1103,,Cloudflare
2026-08-31T02:24:37.928684+00:00,LibGen,LibGen.gl,PROTECTED,200,1058,,Cloudflare
2026-08-31T02:25:38.590859+00:00,LibGen,LibGen.gl,PROTECTED,200,782,,Cloudflare
2026-08-31T02:26:38.081952+00:00,LibGen,LibGen.gl,PROTECTED,200,734,,Cloudflare
2026-08-31T02:27:40.214784+00:00,LibGen,LibGen.gl,PROTECTED,200,2391,,Cloudflare
2026-08-31T02:28:38.990549+00:00,LibGen,LibGen.gl,PROTECTED,200,874,,Cloudflare
2026-08-31T02:29:42.936517+00:00,LibGen,LibGen.gl,PROTECTED,200,3843,,Cloudflare
2026-08-31T02:30:40.724802+00:00,LibGen,LibGen.gl,PROTECTED,200,1743,,Cloudflare
2026-08-31T02:31:40.619073+00:00,LibGen,LibGen.gl,PROTECTED,200,926,,Cloudflare
2026-08-31T02:32:41.480046+00:00,LibGen,LibGen.gl,PROTECTED,200,1855,,Cloudflare
2026-08-31T02:33:41.816646+00:00,LibGen,LibGen.gl,PROTECTED,200,1032,,Cloudflare
2026-08-31T02:34:43.572055+00:00,LibGen,LibGen.gl,PROTECTED,200,2004,,Cloudflare
2026-08-31T02:35:42.682130+00:00,LibGen,LibGen.gl,PROTECTED,200,724,,Cloudflare
2026-08-31T02:36:43.659970+00:00,LibGen,LibGen.gl,PROTECTED,200,1820,,Cloudflare
2026-08-31T02:37:44.259701+00:00,LibGen,LibGen.gl,PROTECTED,200,2179,,Cloudflare
2026-08-31T02:38:45.076730+00:00,LibGen,LibGen.gl,PROTECTED,200,2072,,Cloudflare
2026-08-31T02:39:47.029002+00:00,LibGen,LibGen.gl,PROTECTED,200,3476,,Cloudflare
2026-08-31T02:40:45.306838+00:00,LibGen,LibGen.gl,PROTECTED,200,833,,Cloudflare
2026-08-31T02:41:45.535741+00:00,LibGen,LibGen.gl,PROTECTED,200,1736,,Cloudflare
2026-08-31T02:42:46.776476+00:00,LibGen,LibGen.gl,PROTECTED,200,1706,,Cloudflare
2026-08-31T02:43:45.572565+00:00,LibGen,LibGen.gl,PROTECTED,200,797,,Cloudflare
2026-08-31T02:44:45.751089+00:00,LibGen,LibGen.gl,PROTECTED,200,956,,Cloudflare
2026-08-31T02:45:45.607785+00:00,LibGen,LibGen.gl,PROTECTED,200,692,,Cloudflare
2026-08-31T02:46:46.789548+00:00,LibGen,LibGen.gl,PROTECTED,200,1546,,Cloudflare
2026-08-31T02:47:48.149747+00:00,LibGen,LibGen.gl,PROTECTED,200,2008,,Cloudflare
2026-08-31T02:48:49.173184+00:00,LibGen,LibGen.gl,PROTECTED,200,3424,,Cloudflare
2026-08-31T02:49:48.325674+00:00,LibGen,LibGen.gl,PROTECTED,200,1421,,Cloudflare
2026-08-31T02:50:48.304928+00:00,LibGen,LibGen.gl,PROTECTED,200,753,,Cloudflare
2026-08-31T02:51:50.098681+00:00,LibGen,LibGen.gl,PROTECTED,200,1560,,Cloudflare
2026-08-31T02:52:49.459893+00:00,LibGen,LibGen.gl,PROTECTED,200,1826,,Cloudflare
2026-08-31T02:53:49.214653+00:00,LibGen,LibGen.gl,PROTECTED,200,1480,,Cloudflare
2026-08-31T02:54:49.668302+00:00,LibGen,LibGen.gl,PROTECTED,200,1655,,Cloudflare
2026-08-31T02:55:49.641586+00:00,LibGen,LibGen.gl,PROTECTED,200,1255,,Cloudflare
2026-08-31T02:56:49.207614+00:00,LibGen,LibGen.gl,PROTECTED,200,805,,Cloudflare
2026-08-31T02:57:51.310453+00:00,LibGen,LibGen.gl,PROTECTED,200,2176,,Cloudflare
2026-08-31T02:58:49.980095+00:00,LibGen,LibGen.gl,PROTECTED,200,1077,,Cloudflare
2026-08-31T02:59:52.172977+00:00,LibGen,LibGen.gl,PROTECTED,200,1429,,Cloudflare
2026-08-31T03:00:52.275758+00:00,LibGen,LibGen.gl,PROTECTED,200,3074,,Cloudflare
2026-08-31T03:01:50.493162+00:00,LibGen,LibGen.gl,PROTECTED,200,1229,,Cloudflare
2026-08-31T03:02:53.167793+00:00,LibGen,LibGen.gl,PROTECTED,200,3422,,Cloudflare
2026-08-31T03:03:51.317063+00:00,LibGen,LibGen.gl,PROTECTED,200,1438,,Cloudflare
2026-08-31T03:04:56.507879+00:00,LibGen,LibGen.gl,PROTECTED,200,6224,,Cloudflare
2026-08-31T03:05:52.179940+00:00,LibGen,LibGen.gl,PROTECTED,200,1475,,Cloudflare
2026-08-31T03:06:51.965904+00:00,LibGen,LibGen.gl,PROTECTED,200,1269,,Cloudflare
2026-08-31T03:07:58.495848+00:00,LibGen,LibGen.gl,PROTECTED,200,5916,,Cloudflare
2026-08-31T03:08:54.836218+00:00,LibGen,LibGen.gl,PROTECTED,200,2739,,Cloudflare
2026-08-31T03:09:53.365331+00:00,LibGen,LibGen.gl,PROTECTED,200,1411,,Cloudflare
2026-08-31T03:11:11.874127+00:00,LibGen,LibGen.gl,TIMEOUT,,,timeout,
2026-08-31T03:12:12.592190+00:00,LibGen,LibGen.gl,TIMEOUT,,,timeout,
2026-08-31T03:12:55.608325+00:00,LibGen,LibGen.gl,PROTECTED,200,2858,,Cloudflare
2026-08-31T03:13:55.792251+00:00,LibGen,LibGen.gl,PROTECTED,200,1255,,Cloudflare
2026-08-31T03:14:55.318627+00:00,LibGen,LibGen.gl,PROTECTED,200,2072,,Cloudflare
2026-08-31T03:15:55.339940+00:00,LibGen,LibGen.gl,PROTECTED,200,1924,,Cloudflare
2026-08-31T03:16:56.354976+00:00,LibGen,LibGen.gl,PROTECTED,200,2347,,Cloudflare
2026-08-31T03:17:55.670558+00:00,LibGen,LibGen.gl,PROTECTED,200,990,,Cloudflare
2026-08-31T03:18:56.327969+00:00,LibGen,LibGen.gl,PROTECTED,200,902,,Cloudflare
2026-08-31T03:19:57.131860+00:00,LibGen,LibGen.gl,PROTECTED,200,2364,,Cloudflare
2026-08-31T03:20:57.998958+00:00,LibGen,LibGen.gl,PROTECTED,200,2461,,Cloudflare
2026-08-31T03:21:57.471434+00:00,LibGen,LibGen.gl,PROTECTED,200,1816,,Cloudflare
2026-08-31T03:22:59.544017+00:00,LibGen,LibGen.gl,PROTECTED,200,758,,Cloudflare
2026-08-31T03:23:58.649468+00:00,LibGen,LibGen.gl,PROTECTED,200,1987,,Cloudflare
2026-08-31T03:24:59.202233+00:00,LibGen,LibGen.gl,PROTECTED,200,1241,,Cloudflare
2026-08-31T03:25:58.643268+00:00,LibGen,LibGen.gl,PROTECTED,200,1062,,Cloudflare
2026-08-31T03:26:59.152851+00:00,LibGen,LibGen.gl,PROTECTED,200,1189,,Cloudflare
2026-08-31T03:28:01.280991+00:00,LibGen,LibGen.gl,PROTECTED,200,1198,,Cloudflare
2026-08-31T03:29:00.848307+00:00,LibGen,LibGen.gl,PROTECTED,200,1443,,Cloudflare
2026-08-31T03:30:02.382777+00:00,LibGen,LibGen.gl,PROTECTED,200,1758,,Cloudflare
2026-08-31T03:31:01.701659+00:00,LibGen,LibGen.gl,PROTECTED,200,1239,,Cloudflare
2026-08-31T03:32:03.572721+00:00,LibGen,LibGen.gl,PROTECTED,200,2231,,Cloudflare
2026-08-31T03:33:02.702123+00:00,LibGen,LibGen.gl,PROTECTED,200,810,,Cloudflare
2026-08-31T03:34:02.580893+00:00,LibGen,LibGen.gl,PROTECTED,200,1173,,Cloudflare
2026-08-31T03:35:05.139266+00:00,LibGen,LibGen.gl,PROTECTED,200,2292,,Cloudflare
2026-08-31T03:36:06.097178+00:00,LibGen,LibGen.gl,PROTECTED,200,2307,,Cloudflare
2026-08-31T03:37:05.213147+00:00,LibGen,LibGen.gl,PROTECTED,200,2889,,Cloudflare
2026-08-31T03:38:04.396857+00:00,LibGen,LibGen.gl,PROTECTED,200,1426,,Cloudflare
2026-08-31T03:39:05.455199+00:00,LibGen,LibGen.gl,PROTECTED,200,2154,,Cloudflare
2026-08-31T03:40:04.990690+00:00,LibGen,LibGen.gl,PROTECTED,200,1991,,Cloudflare
2026-08-31T03:41:04.376993+00:00,LibGen,LibGen.gl,PROTECTED,200,663,,Cloudflare
2026-08-31T03:42:04.829777+00:00,LibGen,LibGen.gl,PROTECTED,200,768,,Cloudflare
2026-08-31T03:43:05.990217+00:00,LibGen,LibGen.gl,PROTECTED,200,1191,,Cloudflare
2026-08-31T03:44:06.260990+00:00,LibGen,LibGen.gl,PROTECTED,200,949,,Cloudflare
2026-08-31T03:45:07.541750+00:00,LibGen,LibGen.gl,DOWN,500,1278,http_error,
2026-08-31T03:46:07.402829+00:00,LibGen,LibGen.gl,PROTECTED,200,719,,Cloudflare
2026-08-31T03:47:08.202870+00:00,LibGen,LibGen.gl,PROTECTED,200,1017,,Cloudflare
2026-08-31T03:48:08.488528+00:00,LibGen,LibGen.gl,PROTECTED,200,1027,,Cloudflare
2026-08-31T03:49:10.101050+00:00,LibGen,LibGen.gl,PROTECTED,200,1485,,Cloudflare
2026-08-31T03:50:09.797049+00:00,LibGen,LibGen.gl,PROTECTED,200,1574,,Cloudflare
2026-08-31T03:51:10.995798+00:00,LibGen,LibGen.gl,PROTECTED,200,2138,,Cloudflare
2026-08-31T03:52:10.980706+00:00,LibGen,LibGen.gl,PROTECTED,200,1484,,Cloudflare
2026-08-31T03:53:11.956426+00:00,LibGen,LibGen.gl,PROTECTED,200,2082,,Cloudflare
2026-08-31T03:54:11.054719+00:00,LibGen,LibGen.gl,PROTECTED,200,826,,Cloudflare
2026-08-31T03:55:12.026524+00:00,LibGen,LibGen.gl,PROTECTED,200,878,,Cloudflare
2026-08-31T03:56:13.411594+00:00,LibGen,LibGen.gl,PROTECTED,200,1690,,Cloudflare
2026-08-31T03:57:14.965806+00:00,LibGen,LibGen.gl,PROTECTED,200,2342,,Cloudflare
2026-08-31T03:58:13.037948+00:00,LibGen,LibGen.gl,PROTECTED,200,1202,,Cloudflare
2026-08-31T03:59:16.869178+00:00,LibGen,LibGen.gl,PROTECTED,200,4084,,Cloudflare
2026-08-31T04:00:14.193240+00:00,LibGen,LibGen.gl,PROTECTED,200,1236,,Cloudflare
2026-08-31T04:01:14.979725+00:00,LibGen,LibGen.gl,PROTECTED,200,1495,,Cloudflare
2026-08-31T04:02:15.799954+00:00,LibGen,LibGen.gl,PROTECTED,200,1360,,Cloudflare
2026-08-31T04:03:14.822719+00:00,LibGen,LibGen.gl,PROTECTED,200,718,,Cloudflare
2026-08-31T04:04:16.377660+00:00,LibGen,LibGen.gl,PROTECTED,200,2214,,Cloudflare
2026-08-31T04:05:16.604760+00:00,LibGen,LibGen.gl,PROTECTED,200,1078,,Cloudflare
2026-08-31T04:06:16.767889+00:00,LibGen,LibGen.gl,PROTECTED,200,1430,,Cloudflare
2026-08-31T04:07:20.524361+00:00,LibGen,LibGen.gl,PROTECTED,200,4591,,Cloudflare
2026-08-31T04:08:17.588676+00:00,LibGen,LibGen.gl,PROTECTED,200,1528,,Cloudflare
2026-08-31T04:09:17.033219+00:00,LibGen,LibGen.gl,PROTECTED,200,756,,Cloudflare
2026-08-31T04:10:20.068210+00:00,LibGen,LibGen.gl,PROTECTED,200,1550,,Cloudflare
2026-08-31T04:11:18.817472+00:00,LibGen,LibGen.gl,PROTECTED,200,1348,,Cloudflare
2026-08-31T04:12:17.929859+00:00,LibGen,LibGen.gl,DOWN,500,1140,http_error,
2026-08-31T04:13:19.829347+00:00,LibGen,LibGen.gl,PROTECTED,200,1885,,Cloudflare
2026-08-31T04:14:20.285104+00:00,LibGen,LibGen.gl,PROTECTED,200,1347,,Cloudflare
2026-08-31T04:15:21.422244+00:00,LibGen,LibGen.gl,PROTECTED,200,1822,,Cloudflare
2026-08-31T04:16:21.718695+00:00,LibGen,LibGen.gl,PROTECTED,200,1199,,Cloudflare
2026-08-31T04:17:23.070731+00:00,LibGen,LibGen.gl,PROTECTED,200,2559,,Cloudflare
2026-08-31T04:18:23.088547+00:00,LibGen,LibGen.gl,PROTECTED,200,1057,,Cloudflare
2026-08-31T04:19:22.059664+00:00,LibGen,LibGen.gl,PROTECTED,200,1298,,Cloudflare
2026-08-31T04:20:23.905062+00:00,LibGen,LibGen.gl,PROTECTED,200,2474,,Cloudflare
2026-08-31T04:21:23.445184+00:00,LibGen,LibGen.gl,PROTECTED,200,928,,Cloudflare
2026-08-31T04:22:44.386133+00:00,LibGen,LibGen.gl,DOWN,,,connection_refused,
2026-08-31T04:23:23.112196+00:00,LibGen,LibGen.gl,PROTECTED,200,1491,,Cloudflare
2026-08-31T04:24:23.585865+00:00,LibGen,LibGen.gl,PROTECTED,200,1322,,Cloudflare
2026-08-31T04:25:24.110272+00:00,LibGen,LibGen.gl,PROTECTED,200,1889,,Cloudflare
2026-08-31T04:26:23.492907+00:00,LibGen,LibGen.gl,PROTECTED,200,1016,,Cloudflare
2026-08-31T04:27:25.372837+00:00,LibGen,LibGen.gl,PROTECTED,200,1727,,Cloudflare
2026-08-31T04:28:25.733101+00:00,LibGen,LibGen.gl,PROTECTED,200,1790,,Cloudflare
2026-08-31T04:29:24.028221+00:00,LibGen,LibGen.gl,PROTECTED,200,863,,Cloudflare
2026-08-31T04:30:25.014077+00:00,LibGen,LibGen.gl,PROTECTED,200,1514,,Cloudflare
2026-08-31T04:31:26.662237+00:00,LibGen,LibGen.gl,PROTECTED,200,1032,,Cloudflare
2026-08-31T04:32:25.812043+00:00,LibGen,LibGen.gl,PROTECTED,200,857,,Cloudflare
2026-08-31T04:33:26.254966+00:00,LibGen,LibGen.gl,PROTECTED,200,1178,,Cloudflare
2026-08-31T04:34:25.999134+00:00,LibGen,LibGen.gl,PROTECTED,200,1173,,Cloudflare
2026-08-31T04:35:25.820560+00:00,LibGen,LibGen.gl,DOWN,500,1207,http_error,
2026-08-31T04:36:28.013698+00:00,LibGen,LibGen.gl,PROTECTED,200,1705,,Cloudflare
2026-08-31T04:37:27.062978+00:00,LibGen,LibGen.gl,PROTECTED,200,1310,,Cloudflare
2026-08-31T04:38:28.245064+00:00,LibGen,LibGen.gl,PROTECTED,200,1779,,Cloudflare
2026-08-31T04:39:30.688890+00:00,LibGen,LibGen.gl,PROTECTED,200,968,,Cloudflare
2026-08-31T04:40:30.264920+00:00,LibGen,LibGen.gl,PROTECTED,200,1053,,Cloudflare
2026-08-31T04:41:29.377242+00:00,LibGen,LibGen.gl,PROTECTED,200,965,,Cloudflare
2026-08-31T04:42:30.336154+00:00,LibGen,LibGen.gl,PROTECTED,200,2470,,Cloudflare
2026-08-31T04:43:30.652722+00:00,LibGen,LibGen.gl,PROTECTED,200,1591,,Cloudflare
2026-08-31T04:44:30.618926+00:00,LibGen,LibGen.gl,PROTECTED,200,1057,,Cloudflare
2026-08-31T04:45:31.436905+00:00,LibGen,LibGen.gl,PROTECTED,200,926,,Cloudflare
2026-08-31T04:46:30.710048+00:00,LibGen,LibGen.gl,PROTECTED,200,796,,Cloudflare
2026-08-31T04:47:34.265726+00:00,LibGen,LibGen.gl,PROTECTED,200,3815,,Cloudflare
2026-08-31T04:48:32.006477+00:00,LibGen,LibGen.gl,PROTECTED,200,1352,,Cloudflare
2026-08-31T04:49:32.596798+00:00,LibGen,LibGen.gl,PROTECTED,200,1036,,Cloudflare
2026-08-31T04:50:33.354946+00:00,LibGen,LibGen.gl,PROTECTED,200,2731,,Cloudflare
2026-08-31T04:51:34.047746+00:00,LibGen,LibGen.gl,PROTECTED,200,1541,,Cloudflare
2026-08-31T04:52:32.937813+00:00,LibGen,LibGen.gl,PROTECTED,200,1741,,Cloudflare
2026-08-31T04:53:32.159732+00:00,LibGen,LibGen.gl,PROTECTED,200,756,,Cloudflare
2026-08-31T04:54:32.469026+00:00,LibGen,LibGen.gl,PROTECTED,200,1046,,Cloudflare
2026-08-31T04:55:33.836903+00:00,LibGen,LibGen.gl,PROTECTED,200,2043,,Cloudflare
2026-08-31T04:56:36.014928+00:00,LibGen,LibGen.gl,PROTECTED,200,3186,,Cloudflare
2026-08-31T04:57:35.631106+00:00,LibGen,LibGen.gl,PROTECTED,200,2422,,Cloudflare
2026-08-31T04:58:35.366077+00:00,LibGen,LibGen.gl,PROTECTED,200,2261,,Cloudflare
2026-08-31T04:59:35.091753+00:00,LibGen,LibGen.gl,PROTECTED,200,1258,,Cloudflare
2026-08-31T05:00:37.225674+00:00,LibGen,LibGen.gl,PROTECTED,200,2650,,Cloudflare
2026-08-31T05:01:35.544319+00:00,LibGen,LibGen.gl,PROTECTED,200,1265,,Cloudflare
2026-08-31T05:02:36.220035+00:00,LibGen,LibGen.gl,PROTECTED,200,896,,Cloudflare
2026-08-31T05:03:36.292571+00:00,LibGen,LibGen.gl,PROTECTED,200,905,,Cloudflare
2026-08-31T05:04:37.806627+00:00,LibGen,LibGen.gl,PROTECTED,200,2183,,Cloudflare
2026-08-31T05:05:39.656805+00:00,LibGen,LibGen.gl,PROTECTED,200,3959,,Cloudflare
2026-08-31T05:06:39.297101+00:00,LibGen,LibGen.gl,PROTECTED,200,2557,,Cloudflare
2026-08-31T05:07:38.525626+00:00,LibGen,LibGen.gl,PROTECTED,200,1471,,Cloudflare
2026-08-31T05:08:38.699899+00:00,LibGen,LibGen.gl,PROTECTED,200,1378,,Cloudflare
2026-08-31T05:09:39.706053+00:00,LibGen,LibGen.gl,PROTECTED,200,983,,Cloudflare
2026-08-31T05:10:39.222703+00:00,LibGen,LibGen.gl,PROTECTED,200,731,,Cloudflare
2026-08-31T05:11:40.075506+00:00,LibGen,LibGen.gl,PROTECTED,200,1723,,Cloudflare
2026-08-31T05:12:40.989504+00:00,LibGen,LibGen.gl,PROTECTED,200,1714,,Cloudflare
2026-08-31T05:13:42.729659+00:00,LibGen,LibGen.gl,PROTECTED,200,2213,,Cloudflare
2026-08-31T05:14:42.570443+00:00,LibGen,LibGen.gl,PROTECTED,200,1847,,Cloudflare
2026-08-31T05:15:42.932073+00:00,LibGen,LibGen.gl,PROTECTED,200,2097,,Cloudflare
2026-08-31T05:16:59.826756+00:00,LibGen,LibGen.gl,TIMEOUT,,,timeout,
2026-08-31T05:17:56.251470+00:00,LibGen,LibGen.gl,DOWN,500,16292,http_error,
2026-08-31T05:18:47.349772+00:00,LibGen,LibGen.gl,PROTECTED,200,6216,,Cloudflare
2026-08-31T05:19:42.478443+00:00,LibGen,LibGen.gl,PROTECTED,200,1021,,Cloudflare
2026-08-31T05:20:42.308604+00:00,LibGen,LibGen.gl,PROTECTED,200,744,,Cloudflare
2026-08-31T05:21:43.341143+00:00,LibGen,LibGen.gl,PROTECTED,200,726,,Cloudflare
2026-08-31T05:22:43.709842+00:00,LibGen,LibGen.gl,PROTECTED,200,1279,,Cloudflare
2026-08-31T05:23:46.117096+00:00,LibGen,LibGen.gl,PROTECTED,200,2181,,Cloudflare
2026-08-31T05:24:45.518878+00:00,LibGen,LibGen.gl,PROTECTED,200,1163,,Cloudflare
2026-08-31T05:25:47.092913+00:00,LibGen,LibGen.gl,PROTECTED,200,1973,,Cloudflare
2026-08-31T05:26:46.660534+00:00,LibGen,LibGen.gl,PROTECTED,200,1269,,Cloudflare
2026-08-31T05:27:48.851383+00:00,LibGen,LibGen.gl,PROTECTED,200,2279,,Cloudflare
2026-08-31T05:28:48.160615+00:00,LibGen,LibGen.gl,PROTECTED,200,837,,Cloudflare
2026-08-31T05:29:50.571414+00:00,LibGen,LibGen.gl,PROTECTED,200,1771,,Cloudflare
2026-08-31T05:30:50.447312+00:00,LibGen,LibGen.gl,PROTECTED,200,692,,Cloudflare
2026-08-31T05:31:49.738840+00:00,LibGen,LibGen.gl,PROTECTED,200,1433,,Cloudflare
2026-08-31T05:32:51.376404+00:00,LibGen,LibGen.gl,PROTECTED,200,1799,,Cloudflare
2026-08-31T05:34:06.972021+00:00,LibGen,LibGen.gl,PROTECTED,200,16491,,Cloudflare
2026-08-31T05:34:50.074157+00:00,LibGen,LibGen.gl,PROTECTED,200,870,,Cloudflare
2026-08-31T05:35:51.626179+00:00,LibGen,LibGen.gl,PROTECTED,200,1647,,Cloudflare
2026-08-31T05:37:02.666942+00:00,LibGen,LibGen.gl,PROTECTED,200,9574,,Cloudflare
2026-08-31T05:37:56.865794+00:00,LibGen,LibGen.gl,PROTECTED,200,5725,,Cloudflare
2026-08-31T05:38:52.795898+00:00,LibGen,LibGen.gl,PROTECTED,200,710,,Cloudflare
2026-08-31T05:39:58.025507+00:00,LibGen,LibGen.gl,PROTECTED,200,5344,,Cloudflare
2026-08-31T05:41:13.269619+00:00,LibGen,LibGen.gl,DOWN,,,connection_refused,
2026-08-31T05:41:57.744079+00:00,LibGen,LibGen.gl,PROTECTED,200,4001,,Cloudflare
2026-08-31T05:42:55.263000+00:00,LibGen,LibGen.gl,DOWN,500,1660,http_error,
2026-08-31T05:43:56.571214+00:00,LibGen,LibGen.gl,PROTECTED,200,679,,Cloudflare
2026-08-31T05:44:55.733319+00:00,LibGen,LibGen.gl,PROTECTED,200,1025,,Cloudflare
2026-08-31T05:45:56.863086+00:00,LibGen,LibGen.gl,PROTECTED,200,2354,,Cloudflare
2026-08-31T05:46:57.787046+00:00,LibGen,LibGen.gl,PROTECTED,200,2521,,Cloudflare
2026-08-31T05:47:56.977263+00:00,LibGen,LibGen.gl,PROTECTED,200,1538,,Cloudflare
2026-08-31T05:48:57.912301+00:00,LibGen,LibGen.gl,PROTECTED,200,1462,,Cloudflare
2026-08-31T05:49:58.413458+00:00,LibGen,LibGen.gl,PROTECTED,200,1634,,Cloudflare
2026-08-31T05:51:01.096516+00:00,LibGen,LibGen.gl,PROTECTED,200,3768,,Cloudflare
2026-08-31T05:51:59.133258+00:00,LibGen,LibGen.gl,PROTECTED,200,988,,Cloudflare
2026-08-31T05:53:00.687004+00:00,LibGen,LibGen.gl,PROTECTED,200,2318,,Cloudflare
2026-08-31T05:54:01.482095+00:00,LibGen,LibGen.gl,PROTECTED,200,3137,,Cloudflare
2026-08-31T05:55:03.141092+00:00,LibGen,LibGen.gl,PROTECTED,200,2339,,Cloudflare
2026-08-31T05:56:02.301848+00:00,LibGen,LibGen.gl,PROTECTED,200,2885,,Cloudflare
2026-08-31T05:57:02.738835+00:00,LibGen,LibGen.gl,PROTECTED,200,3993,,Cloudflare
2026-08-31T05:58:03.344945+00:00,LibGen,LibGen.gl,PROTECTED,200,3802,,Cloudflare
2026-08-31T05:59:03.759096+00:00,LibGen,LibGen.gl,PROTECTED,200,2244,,Cloudflare
2026-08-31T06:00:01.971833+00:00,LibGen,LibGen.gl,PROTECTED,200,1907,,Cloudflare
2026-08-31T06:01:01.274751+00:00,LibGen,LibGen.gl,PROTECTED,200,920,,Cloudflare
2026-08-31T06:02:02.474987+00:00,LibGen,LibGen.gl,PROTECTED,200,1475,,Cloudflare
2026-08-31T06:03:02.524195+00:00,LibGen,LibGen.gl,PROTECTED,200,863,,Cloudflare
2026-08-31T06:04:02.830307+00:00,LibGen,LibGen.gl,PROTECTED,200,1758,,Cloudflare
2026-08-31T06:05:02.780865+00:00,LibGen,LibGen.gl,PROTECTED,200,1709,,Cloudflare
2026-08-31T06:06:03.554661+00:00,LibGen,LibGen.gl,PROTECTED,200,1595,,Cloudflare
2026-08-31T06:07:04.342924+00:00,LibGen,LibGen.gl,PROTECTED,200,3189,,Cloudflare
2026-08-31T06:08:03.122113+00:00,LibGen,LibGen.gl,PROTECTED,200,1017,,Cloudflare
2026-08-31T06:09:04.562866+00:00,LibGen,LibGen.gl,PROTECTED,200,1109,,Cloudflare
2026-08-31T06:10:06.827967+00:00,LibGen,LibGen.gl,PROTECTED,200,4204,,Cloudflare
2026-08-31T06:11:05.218448+00:00,LibGen,LibGen.gl,PROTECTED,200,1579,,Cloudflare
2026-08-31T06:12:07.781700+00:00,LibGen,LibGen.gl,PROTECTED,200,4133,,Cloudflare
2026-08-31T06:13:06.325573+00:00,LibGen,LibGen.gl,PROTECTED,200,2753,,Cloudflare
2026-08-31T06:14:23.802703+00:00,LibGen,LibGen.gl,DOWN,,,connection_refused,
2026-08-31T06:15:04.896618+00:00,LibGen,LibGen.gl,PROTECTED,200,814,,Cloudflare
2026-08-31T06:16:11.017999+00:00,LibGen,LibGen.gl,PROTECTED,200,4701,,Cloudflare
2026-08-31T06:17:07.263821+00:00,LibGen,LibGen.gl,PROTECTED,200,2218,,Cloudflare
2026-08-31T06:18:06.996334+00:00,LibGen,LibGen.gl,PROTECTED,200,2113,,Cloudflare
2026-08-31T06:19:06.249141+00:00,LibGen,LibGen.gl,PROTECTED,200,1074,,Cloudflare
2026-08-31T06:20:08.253837+00:00,LibGen,LibGen.gl,PROTECTED,200,2153,,Cloudflare
2026-08-31T06:21:29.345562+00:00,LibGen,LibGen.gl,DOWN,,,connection_refused,
2026-08-31T06:22:10.254569+00:00,LibGen,LibGen.gl,PROTECTED,200,4284,,Cloudflare
2026-08-31T06:23:07.131083+00:00,LibGen,LibGen.gl,PROTECTED,200,1051,,Cloudflare
2026-08-31T06:24:09.707951+00:00,LibGen,LibGen.gl,PROTECTED,200,2844,,Cloudflare
2026-08-31T06:25:09.623684+00:00,LibGen,LibGen.gl,PROTECTED,200,2026,,Cloudflare
2026-08-31T06:26:09.700991+00:00,LibGen,LibGen.gl,PROTECTED,200,1458,,Cloudflare
2026-08-31T06:27:09.674084+00:00,LibGen,LibGen.gl,PROTECTED,200,1562,,Cloudflare
2026-08-31T06:28:09.412709+00:00,LibGen,LibGen.gl,PROTECTED,200,1047,,Cloudflare
2026-08-31T06:29:09.654657+00:00,LibGen,LibGen.gl,PROTECTED,200,1463,,Cloudflare
2026-08-31T06:30:10.529737+00:00,LibGen,LibGen.gl,PROTECTED,200,1998,,Cloudflare
2026-08-31T06:31:09.735635+00:00,LibGen,LibGen.gl,PROTECTED,200,1085,,Cloudflare
2026-08-31T06:32:28.920053+00:00,LibGen,LibGen.gl,PROTECTED,200,19919,,Cloudflare
2026-08-31T06:33:15.839938+00:00,LibGen,LibGen.gl,PROTECTED,200,4761,,Cloudflare
2026-08-31T06:34:11.103672+00:00,LibGen,LibGen.gl,PROTECTED,200,1675,,Cloudflare
2026-08-31T06:35:14.395932+00:00,LibGen,LibGen.gl,PROTECTED,200,4706,,Cloudflare
2026-08-31T06:36:11.134847+00:00,LibGen,LibGen.gl,PROTECTED,200,1135,,Cloudflare
2026-08-31T06:37:12.075775+00:00,LibGen,LibGen.gl,PROTECTED,200,1998,,Cloudflare
2026-08-31T06:38:11.900165+00:00,LibGen,LibGen.gl,PROTECTED,200,1058,,Cloudflare
2026-08-31T06:39:11.774807+00:00,LibGen,LibGen.gl,PROTECTED,200,708,,Cloudflare
2026-08-31T06:40:13.167068+00:00,LibGen,LibGen.gl,PROTECTED,200,1385,,Cloudflare
2026-08-31T06:41:14.674521+00:00,LibGen,LibGen.gl,PROTECTED,200,1995,,Cloudflare
2026-08-31T06:42:13.709815+00:00,LibGen,LibGen.gl,PROTECTED,200,2518,,Cloudflare
2026-08-31T06:43:17.276038+00:00,LibGen,LibGen.gl,PROTECTED,200,5085,,Cloudflare
2026-08-31T06:44:13.120316+00:00,LibGen,LibGen.gl,PROTECTED,200,1911,,Cloudflare
2026-08-31T06:45:15.482927+00:00,LibGen,LibGen.gl,PROTECTED,200,2091,,Cloudflare
2026-08-31T06:46:15.040393+00:00,LibGen,LibGen.gl,PROTECTED,200,1229,,Cloudflare
2026-08-31T06:47:21.835892+00:00,LibGen,LibGen.gl,PROTECTED,200,9220,,Cloudflare
2026-08-31T06:48:16.045688+00:00,LibGen,LibGen.gl,PROTECTED,200,1835,,Cloudflare
2026-08-31T06:49:15.464556+00:00,LibGen,LibGen.gl,PROTECTED,200,1384,,Cloudflare
2026-08-31T06:50:15.849381+00:00,LibGen,LibGen.gl,PROTECTED,200,1891,,Cloudflare
2026-08-31T06:51:14.949686+00:00,LibGen,LibGen.gl,PROTECTED,200,952,,Cloudflare
2026-08-31T06:52:17.114878+00:00,LibGen,LibGen.gl,PROTECTED,200,3311,,Cloudflare
2026-08-31T06:53:18.621261+00:00,LibGen,LibGen.gl,PROTECTED,200,3439,,Cloudflare
2026-08-31T06:54:17.617616+00:00,LibGen,LibGen.gl,PROTECTED,200,1374,,Cloudflare
2026-08-31T06:55:18.373097+00:00,LibGen,LibGen.gl,PROTECTED,200,3812,,Cloudflare
2026-08-31T06:56:16.638630+00:00,LibGen,LibGen.gl,PROTECTED,200,1415,,Cloudflare
2026-08-31T06:57:36.258949+00:00,LibGen,LibGen.gl,DOWN,,,connection_refused,
2026-08-31T06:58:18.096854+00:00,LibGen,LibGen.gl,PROTECTED,200,1715,,Cloudflare
2026-08-31T06:59:17.966741+00:00,LibGen,LibGen.gl,PROTECTED,200,1684,,Cloudflare
2026-08-31T07:00:18.884165+00:00,LibGen,LibGen.gl,PROTECTED,200,1520,,Cloudflare
2026-08-31T07:01:19.406079+00:00,LibGen,LibGen.gl,PROTECTED,200,1505,,Cloudflare
2026-08-31T07:02:20.012940+00:00,LibGen,LibGen.gl,PROTECTED,200,1367,,Cloudflare
2026-08-31T07:03:22.171475+00:00,LibGen,LibGen.gl,PROTECTED,200,2919,,Cloudflare
2026-08-31T07:04:32.327528+00:00,LibGen,LibGen.gl,PROTECTED,200,2060,,Cloudflare
2026-08-31T07:05:22.708138+00:00,LibGen,LibGen.gl,PROTECTED,200,2264,,Cloudflare
2026-08-31T07:06:26.263002+00:00,LibGen,LibGen.gl,PROTECTED,200,3592,,Cloudflare
2026-08-31T07:07:25.260842+00:00,LibGen,LibGen.gl,PROTECTED,200,2590,,Cloudflare
2026-08-31T07:08:26.205816+00:00,LibGen,LibGen.gl,PROTECTED,200,2748,,Cloudflare
2026-08-31T07:09:25.974985+00:00,LibGen,LibGen.gl,PROTECTED,200,2353,,Cloudflare
2026-08-31T07:10:26.903895+00:00,LibGen,LibGen.gl,PROTECTED,200,1865,,Cloudflare
2026-08-31T07:11:26.652406+00:00,LibGen,LibGen.gl,PROTECTED,200,1466,,Cloudflare
2026-08-31T07:12:27.005307+00:00,LibGen,LibGen.gl,PROTECTED,200,1144,,Cloudflare
2026-08-31T07:13:27.940696+00:00,LibGen,LibGen.gl,PROTECTED,200,1558,,Cloudflare
2026-08-31T07:14:29.124874+00:00,LibGen,LibGen.gl,PROTECTED,200,1443,,Cloudflare
2026-08-31T07:15:29.176328+00:00,LibGen,LibGen.gl,PROTECTED,200,1641,,Cloudflare
2026-08-31T07:16:29.025383+00:00,LibGen,LibGen.gl,PROTECTED,200,783,,Cloudflare
2026-08-31T07:17:30.530337+00:00,LibGen,LibGen.gl,PROTECTED,200,1431,,Cloudflare
2026-08-31T07:18:32.693910+00:00,LibGen,LibGen.gl,PROTECTED,200,2435,,Cloudflare
2026-08-31T07:19:32.915779+00:00,LibGen,LibGen.gl,PROTECTED,200,2093,,Cloudflare
2026-08-31T07:20:32.918142+00:00,LibGen,LibGen.gl,PROTECTED,200,1234,,Cloudflare
2026-08-31T07:21:35.538217+00:00,LibGen,LibGen.gl,PROTECTED,200,3633,,Cloudflare
2026-08-31T07:22:33.866834+00:00,LibGen,LibGen.gl,PROTECTED,200,1324,,Cloudflare
2026-08-31T07:23:34.363438+00:00,LibGen,LibGen.gl,PROTECTED,200,1176,,Cloudflare
2026-08-31T07:24:35.385475+00:00,LibGen,LibGen.gl,PROTECTED,200,723,,Cloudflare
2026-08-31T07:25:36.566436+00:00,LibGen,LibGen.gl,PROTECTED,200,1105,,Cloudflare
2026-08-31T07:26:36.871074+00:00,LibGen,LibGen.gl,PROTECTED,200,1505,,Cloudflare
2026-08-31T07:27:37.909514+00:00,LibGen,LibGen.gl,PROTECTED,200,1257,,Cloudflare
2026-08-31T07:28:38.311484+00:00,LibGen,LibGen.gl,PROTECTED,200,1430,,Cloudflare
2026-08-31T07:29:38.681444+00:00,LibGen,LibGen.gl,PROTECTED,200,714,,Cloudflare
2026-08-31T07:30:39.870651+00:00,LibGen,LibGen.gl,PROTECTED,200,1667,,Cloudflare
2026-08-31T07:31:49.689305+00:00,LibGen,LibGen.gl,PROTECTED,200,9616,,Cloudflare
2026-08-31T07:32:40.508688+00:00,LibGen,LibGen.gl,PROTECTED,200,1429,,Cloudflare
2026-08-31T07:33:41.550840+00:00,LibGen,LibGen.gl,PROTECTED,200,1622,,Cloudflare
2026-08-31T07:34:42.204136+00:00,LibGen,LibGen.gl,PROTECTED,200,1640,,Cloudflare
2026-08-31T07:35:42.351724+00:00,LibGen,LibGen.gl,DOWN,500,1520,http_error,
2026-08-31T07:36:42.758630+00:00,LibGen,LibGen.gl,PROTECTED,200,891,,Cloudflare
2026-08-31T07:37:43.680904+00:00,LibGen,LibGen.gl,PROTECTED,200,1043,,Cloudflare
2026-08-31T07:38:45.044565+00:00,LibGen,LibGen.gl,PROTECTED,200,1895,,Cloudflare
2026-08-31T07:39:46.917864+00:00,LibGen,LibGen.gl,PROTECTED,200,2298,,Cloudflare
2026-08-31T07:40:46.295226+00:00,LibGen,LibGen.gl,PROTECTED,200,953,,Cloudflare
2026-08-31T07:41:47.391425+00:00,LibGen,LibGen.gl,PROTECTED,200,2101,,Cloudflare
2026-08-31T07:42:48.223323+00:00,LibGen,LibGen.gl,PROTECTED,200,2278,,Cloudflare
2026-08-31T07:43:48.629711+00:00,LibGen,LibGen.gl,PROTECTED,200,1589,,Cloudflare
2026-08-31T07:44:53.519352+00:00,LibGen,LibGen.gl,PROTECTED,200,5204,,Cloudflare
2026-08-31T07:45:49.993801+00:00,LibGen,LibGen.gl,PROTECTED,200,1869,,Cloudflare
2026-08-31T07:46:49.791145+00:00,LibGen,LibGen.gl,PROTECTED,200,706,,Cloudflare
2026-08-31T07:47:52.239954+00:00,LibGen,LibGen.gl,PROTECTED,200,1873,,Cloudflare
2026-08-31T07:48:52.564967+00:00,LibGen,LibGen.gl,PROTECTED,200,856,,Cloudflare
2026-08-31T07:49:51.970887+00:00,LibGen,LibGen.gl,PROTECTED,200,871,,Cloudflare
2026-08-31T07:50:54.583632+00:00,LibGen,LibGen.gl,PROTECTED,200,2126,,Cloudflare
2026-08-31T07:51:55.192126+00:00,LibGen,LibGen.gl,PROTECTED,200,1831,,Cloudflare
2026-08-31T07:52:56.113979+00:00,LibGen,LibGen.gl,PROTECTED,200,2249,,Cloudflare
2026-08-31T07:53:55.490971+00:00,LibGen,LibGen.gl,PROTECTED,200,1728,,Cloudflare
2026-08-31T07:54:55.331937+00:00,LibGen,LibGen.gl,PROTECTED,200,1041,,Cloudflare
2026-08-31T07:55:56.975394+00:00,LibGen,LibGen.gl,PROTECTED,200,1901,,Cloudflare
2026-08-31T07:56:58.152140+00:00,LibGen,LibGen.gl,PROTECTED,200,2273,,Cloudflare
2026-08-31T07:57:58.106551+00:00,LibGen,LibGen.gl,PROTECTED,200,1229,,Cloudflare
2026-08-31T07:58:57.409950+00:00,LibGen,LibGen.gl,PROTECTED,200,696,,Cloudflare
2026-08-31T07:59:59.007021+00:00,LibGen,LibGen.gl,PROTECTED,200,953,,Cloudflare
2026-08-31T08:01:01.157026+00:00,LibGen,LibGen.gl,PROTECTED,200,3059,,Cloudflare
2026-08-31T08:02:07.152761+00:00,LibGen,LibGen.gl,PROTECTED,200,5041,,Cloudflare
2026-08-31T08:03:23.143113+00:00,LibGen,LibGen.gl,DOWN,,,connection_refused,
2026-08-31T08:04:01.600769+00:00,LibGen,LibGen.gl,PROTECTED,200,1020,,Cloudflare
2026-08-31T08:05:03.365236+00:00,LibGen,LibGen.gl,PROTECTED,200,2283,,Cloudflare
2026-08-31T08:06:03.841737+00:00,LibGen,LibGen.gl,PROTECTED,200,1662,,Cloudflare
2026-08-31T08:07:06.274879+00:00,LibGen,LibGen.gl,PROTECTED,200,2170,,Cloudflare
2026-08-31T08:08:05.964870+00:00,LibGen,LibGen.gl,PROTECTED,200,1689,,Cloudflare
2026-08-31T08:09:07.243088+00:00,LibGen,LibGen.gl,PROTECTED,200,2295,,Cloudflare
2026-08-31T08:10:05.923528+00:00,LibGen,LibGen.gl,PROTECTED,200,1045,,Cloudflare
2026-08-31T08:11:07.260224+00:00,LibGen,LibGen.gl,PROTECTED,200,1784,,Cloudflare
2026-08-31T08:12:07.150984+00:00,LibGen,LibGen.gl,PROTECTED,200,1114,,Cloudflare
2026-08-31T08:13:08.304110+00:00,LibGen,LibGen.gl,PROTECTED,200,1004,,Cloudflare
2026-08-31T08:14:08.967236+00:00,LibGen,LibGen.gl,PROTECTED,200,1369,,Cloudflare
2026-08-31T08:15:09.353925+00:00,LibGen,LibGen.gl,PROTECTED,200,801,,Cloudflare
2026-08-31T08:16:09.921699+00:00,LibGen,LibGen.gl,PROTECTED,200,1551,,Cloudflare
2026-08-31T08:17:09.986214+00:00,LibGen,LibGen.gl,PROTECTED,200,727,,Cloudflare
2026-08-31T08:18:13.868946+00:00,LibGen,LibGen.gl,PROTECTED,200,3761,,Cloudflare
2026-08-31T08:19:11.541789+00:00,LibGen,LibGen.gl,PROTECTED,200,789,,Cloudflare
2026-08-31T08:20:13.763003+00:00,LibGen,LibGen.gl,PROTECTED,200,2585,,Cloudflare
2026-08-31T08:21:14.507808+00:00,LibGen,LibGen.gl,PROTECTED,200,2628,,Cloudflare
2026-08-31T08:22:15.565801+00:00,LibGen,LibGen.gl,PROTECTED,200,2995,,Cloudflare
2026-08-31T08:23:16.231614+00:00,LibGen,LibGen.gl,PROTECTED,200,2957,,Cloudflare
2026-08-31T08:24:16.112776+00:00,LibGen,LibGen.gl,PROTECTED,200,1342,,Cloudflare
2026-08-31T08:25:17.367763+00:00,LibGen,LibGen.gl,PROTECTED,200,2774,,Cloudflare
2026-08-31T08:26:16.567634+00:00,LibGen,LibGen.gl,PROTECTED,200,1087,,Cloudflare
2026-08-31T08:27:17.550136+00:00,LibGen,LibGen.gl,PROTECTED,200,1561,,Cloudflare
2026-08-31T08:28:18.913371+00:00,LibGen,LibGen.gl,PROTECTED,200,1356,,Cloudflare
2026-08-31T08:29:19.523646+00:00,LibGen,LibGen.gl,PROTECTED,200,2119,,Cloudflare
2026-08-31T08:30:21.361807+00:00,LibGen,LibGen.gl,PROTECTED,200,3029,,Cloudflare
2026-08-31T08:31:20.456758+00:00,LibGen,LibGen.gl,PROTECTED,200,1427,,Cloudflare
2026-08-31T08:32:21.083848+00:00,LibGen,LibGen.gl,PROTECTED,200,1234,,Cloudflare
2026-08-31T08:33:21.931898+00:00,LibGen,LibGen.gl,PROTECTED,200,911,,Cloudflare
2026-08-31T08:34:24.018464+00:00,LibGen,LibGen.gl,PROTECTED,200,1523,,Cloudflare
2026-08-31T08:35:24.043721+00:00,LibGen,LibGen.gl,PROTECTED,200,1413,,Cloudflare
2026-08-31T08:36:25.099801+00:00,LibGen,LibGen.gl,PROTECTED,200,2720,,Cloudflare
2026-08-31T08:37:25.929903+00:00,LibGen,LibGen.gl,PROTECTED,200,2458,,Cloudflare
2026-08-31T08:38:25.592708+00:00,LibGen,LibGen.gl,PROTECTED,200,1557,,Cloudflare
2026-08-31T08:39:26.343516+00:00,LibGen,LibGen.gl,PROTECTED,200,1831,,Cloudflare
2026-08-31T08:40:27.687453+00:00,LibGen,LibGen.gl,PROTECTED,200,2344,,Cloudflare
2026-08-31T08:41:33.177058+00:00,LibGen,LibGen.gl,PROTECTED,200,6658,,Cloudflare
2026-08-31T08:42:28.840791+00:00,LibGen,LibGen.gl,PROTECTED,200,2385,,Cloudflare
2026-08-31T08:43:28.437592+00:00,LibGen,LibGen.gl,PROTECTED,200,1149,,Cloudflare
2026-08-31T08:44:29.337881+00:00,LibGen,LibGen.gl,PROTECTED,200,737,,Cloudflare
2026-08-31T08:45:32.128808+00:00,LibGen,LibGen.gl,PROTECTED,200,2023,,Cloudflare
2026-08-31T08:46:31.698691+00:00,LibGen,LibGen.gl,PROTECTED,200,2355,,Cloudflare
2026-08-31T08:47:32.305910+00:00,LibGen,LibGen.gl,PROTECTED,200,1845,,Cloudflare
2026-08-31T08:48:34.464519+00:00,LibGen,LibGen.gl,PROTECTED,200,2663,,Cloudflare
2026-08-31T08:49:34.849543+00:00,LibGen,LibGen.gl,PROTECTED,200,2902,,Cloudflare
2026-08-31T08:50:36.399819+00:00,LibGen,LibGen.gl,PROTECTED,200,1549,,Cloudflare
2026-08-31T08:51:38.611936+00:00,LibGen,LibGen.gl,PROTECTED,200,4114,,Cloudflare
2026-08-31T08:52:37.080955+00:00,LibGen,LibGen.gl,PROTECTED,200,2908,,Cloudflare
2026-08-31T08:53:36.081464+00:00,LibGen,LibGen.gl,PROTECTED,200,1043,,Cloudflare
2026-08-31T08:54:37.958832+00:00,LibGen,LibGen.gl,PROTECTED,200,1492,,Cloudflare
2026-08-31T08:55:38.175041+00:00,LibGen,LibGen.gl,PROTECTED,200,853,,Cloudflare
2026-08-31T08:56:44.419229+00:00,LibGen,LibGen.gl,PROTECTED,200,6303,,Cloudflare
2026-08-31T08:57:43.604244+00:00,LibGen,LibGen.gl,PROTECTED,200,5567,,Cloudflare
2026-08-31T08:58:41.970446+00:00,LibGen,LibGen.gl,PROTECTED,200,1242,,Cloudflare
2026-08-31T08:59:43.007915+00:00,LibGen,LibGen.gl,PROTECTED,200,3338,,Cloudflare
2026-08-31T09:00:41.996020+00:00,LibGen,LibGen.gl,PROTECTED,200,1532,,Cloudflare
2026-08-31T09:01:45.794543+00:00,LibGen,LibGen.gl,PROTECTED,200,4379,,Cloudflare
2026-08-31T09:02:46.916713+00:00,LibGen,LibGen.gl,PROTECTED,200,4524,,Cloudflare
2026-08-31T09:03:44.646296+00:00,LibGen,LibGen.gl,PROTECTED,200,1805,,Cloudflare
2026-08-31T09:04:46.502196+00:00,LibGen,LibGen.gl,PROTECTED,200,2312,,Cloudflare
2026-08-31T09:05:49.430442+00:00,LibGen,LibGen.gl,PROTECTED,200,3579,,Cloudflare
2026-08-31T09:06:48.288935+00:00,LibGen,LibGen.gl,PROTECTED,200,1710,,Cloudflare
2026-08-31T09:07:48.630658+00:00,LibGen,LibGen.gl,PROTECTED,200,2154,,Cloudflare
2026-08-31T09:08:56.567723+00:00,LibGen,LibGen.gl,PROTECTED,200,9977,,Cloudflare
2026-08-31T09:09:51.614852+00:00,LibGen,LibGen.gl,PROTECTED,200,3726,,Cloudflare
2026-08-31T09:10:48.692462+00:00,LibGen,LibGen.gl,PROTECTED,200,802,,Cloudflare
2026-08-31T09:11:49.674536+00:00,LibGen,LibGen.gl,PROTECTED,200,975,,Cloudflare
2026-08-31T09:12:50.639922+00:00,LibGen,LibGen.gl,PROTECTED,200,1106,,Cloudflare
2026-08-31T09:13:52.170437+00:00,LibGen,LibGen.gl,PROTECTED,200,1284,,Cloudflare
2026-08-31T09:14:51.945671+00:00,LibGen,LibGen.gl,PROTECTED,200,1032,,Cloudflare
2026-08-31T09:15:52.948025+00:00,LibGen,LibGen.gl,PROTECTED,200,1473,,Cloudflare
2026-08-31T09:16:55.299610+00:00,LibGen,LibGen.gl,PROTECTED,200,2506,,Cloudflare
2026-08-31T09:17:53.803357+00:00,LibGen,LibGen.gl,PROTECTED,200,712,,Cloudflare
2026-08-31T09:18:54.581873+00:00,LibGen,LibGen.gl,PROTECTED,200,845,,Cloudflare
2026-08-31T09:19:55.140769+00:00,LibGen,LibGen.gl,PROTECTED,200,722,,Cloudflare
2026-08-31T09:20:57.016066+00:00,LibGen,LibGen.gl,PROTECTED,200,1115,,Cloudflare
2026-08-31T09:21:57.314138+00:00,LibGen,LibGen.gl,PROTECTED,200,741,,Cloudflare
2026-08-31T09:22:58.008750+00:00,LibGen,LibGen.gl,PROTECTED,200,1497,,Cloudflare
2026-08-31T09:23:58.687142+00:00,LibGen,LibGen.gl,PROTECTED,200,1224,,Cloudflare
2026-08-31T09:25:01.848781+00:00,LibGen,LibGen.gl,PROTECTED,200,3491,,Cloudflare
2026-08-31T09:26:03.421067+00:00,LibGen,LibGen.gl,PROTECTED,200,4376,,Cloudflare
2026-08-31T09:27:01.307913+00:00,LibGen,LibGen.gl,PROTECTED,200,1259,,Cloudflare
2026-08-31T09:28:07.023983+00:00,LibGen,LibGen.gl,PROTECTED,200,6091,,Cloudflare
2026-08-31T09:29:02.692215+00:00,LibGen,LibGen.gl,PROTECTED,200,968,,Cloudflare
2026-08-31T09:30:09.308209+00:00,LibGen,LibGen.gl,PROTECTED,200,7027,,Cloudflare
2026-08-31T09:31:04.767274+00:00,LibGen,LibGen.gl,PROTECTED,200,2167,,Cloudflare
2026-08-31T09:32:05.739588+00:00,LibGen,LibGen.gl,PROTECTED,200,3121,,Cloudflare
2026-08-31T09:33:05.153180+00:00,LibGen,LibGen.gl,PROTECTED,200,1843,,Cloudflare
2026-08-31T09:34:07.872581+00:00,LibGen,LibGen.gl,PROTECTED,200,1385,,Cloudflare
2026-08-31T09:35:07.305696+00:00,LibGen,LibGen.gl,PROTECTED,200,731,,Cloudflare
2026-08-31T09:36:07.876492+00:00,LibGen,LibGen.gl,PROTECTED,200,2334,,Cloudflare
2026-08-31T09:37:09.577379+00:00,LibGen,LibGen.gl,PROTECTED,200,3259,,Cloudflare
2026-08-31T09:38:11.539776+00:00,LibGen,LibGen.gl,PROTECTED,200,3845,,Cloudflare
2026-08-31T09:39:09.078002+00:00,LibGen,LibGen.gl,PROTECTED,200,722,,Cloudflare
2026-08-31T09:40:12.991244+00:00,LibGen,LibGen.gl,PROTECTED,200,4454,,Cloudflare
2026-08-31T09:41:12.746723+00:00,LibGen,LibGen.gl,PROTECTED,200,1571,,Cloudflare
2026-08-31T09:42:11.351559+00:00,LibGen,LibGen.gl,PROTECTED,200,1112,,Cloudflare
2026-08-31T09:43:13.099969+00:00,LibGen,LibGen.gl,PROTECTED,200,1322,,Cloudflare
2026-08-31T09:44:14.816210+00:00,LibGen,LibGen.gl,PROTECTED,200,2484,,Cloudflare
2026-08-31T09:45:32.417389+00:00,LibGen,LibGen.gl,TIMEOUT,,,timeout,
2026-08-31T09:46:32.978628+00:00,LibGen,LibGen.gl,TIMEOUT,,,timeout,
2026-08-31T09:47:33.778271+00:00,LibGen,LibGen.gl,TIMEOUT,,,timeout,
2026-08-31T09:48:16.608000+00:00,LibGen,LibGen.gl,PROTECTED,200,982,,Cloudflare
2026-08-31T09:49:17.668235+00:00,LibGen,LibGen.gl,PROTECTED,200,2368,,Cloudflare
2026-08-31T09:50:17.143759+00:00,LibGen,LibGen.gl,PROTECTED,200,944,,Cloudflare
2026-08-31T09:51:17.714059+00:00,LibGen,LibGen.gl,PROTECTED,200,732,,Cloudflare
2026-08-31T09:52:22.307765+00:00,LibGen,LibGen.gl,PROTECTED,200,957,,Cloudflare
2026-08-31T09:53:21.705691+00:00,LibGen,LibGen.gl,PROTECTED,200,1547,,Cloudflare
2026-08-31T09:54:21.667716+00:00,LibGen,LibGen.gl,PROTECTED,200,1030,,Cloudflare
2026-08-31T09:55:20.895752+00:00,LibGen,LibGen.gl,PROTECTED,200,745,,Cloudflare
2026-08-31T09:56:21.488640+00:00,LibGen,LibGen.gl,PROTECTED,200,689,,Cloudflare
2026-08-31T09:57:22.276668+00:00,LibGen,LibGen.gl,PROTECTED,200,719,,Cloudflare
2026-08-31T09:58:23.921260+00:00,LibGen,LibGen.gl,PROTECTED,200,1850,,Cloudflare
2026-08-31T09:59:23.762836+00:00,LibGen,LibGen.gl,PROTECTED,200,1026,,Cloudflare
2026-08-31T10:00:24.375768+00:00,LibGen,LibGen.gl,PROTECTED,200,711,,Cloudflare
2026-08-31T10:01:26.223510+00:00,LibGen,LibGen.gl,PROTECTED,200,1029,,Cloudflare
2026-08-31T10:02:25.860742+00:00,LibGen,LibGen.gl,PROTECTED,200,690,,Cloudflare
2026-08-31T10:03:28.271593+00:00,LibGen,LibGen.gl,PROTECTED,200,2139,,Cloudflare
2026-08-31T10:04:30.740093+00:00,LibGen,LibGen.gl,PROTECTED,200,4031,,Cloudflare
2026-08-31T10:05:29.176392+00:00,LibGen,LibGen.gl,PROTECTED,200,862,,Cloudflare
2026-08-31T10:06:30.564864+00:00,LibGen,LibGen.gl,PROTECTED,200,2429,,Cloudflare
2026-08-31T10:07:31.628830+00:00,LibGen,LibGen.gl,PROTECTED,200,855,,Cloudflare
2026-08-31T10:08:31.533932+00:00,LibGen,LibGen.gl,PROTECTED,200,692,,Cloudflare
2026-08-31T10:09:35.836642+00:00,LibGen,LibGen.gl,PROTECTED,200,4583,,Cloudflare
2026-08-31T10:10:35.458910+00:00,LibGen,LibGen.gl,PROTECTED,200,1924,,Cloudflare
2026-08-31T10:11:37.201966+00:00,LibGen,LibGen.gl,PROTECTED,200,4285,,Cloudflare
2026-08-31T10:12:34.798613+00:00,LibGen,LibGen.gl,PROTECTED,200,2067,,Cloudflare
2026-08-31T10:13:35.743959+00:00,LibGen,LibGen.gl,PROTECTED,200,1748,,Cloudflare
2026-08-31T10:14:36.305188+00:00,LibGen,LibGen.gl,PROTECTED,200,1453,,Cloudflare
2026-08-31T10:15:37.007787+00:00,LibGen,LibGen.gl,PROTECTED,200,1137,,Cloudflare
2026-08-31T10:16:36.930458+00:00,LibGen,LibGen.gl,PROTECTED,200,1100,,Cloudflare
2026-08-31T10:17:37.168069+00:00,LibGen,LibGen.gl,PROTECTED,200,1110,,Cloudflare
2026-08-31T10:18:39.104659+00:00,LibGen,LibGen.gl,PROTECTED,200,1448,,Cloudflare
2026-08-31T10:19:42.537989+00:00,LibGen,LibGen.gl,PROTECTED,200,2285,,Cloudflare
2026-08-31T10:21:04.212560+00:00,LibGen,LibGen.gl,DOWN,,,connection_refused,
2026-08-31T10:21:41.250848+00:00,LibGen,LibGen.gl,PROTECTED,200,2250,,Cloudflare
2026-08-31T10:22:41.685849+00:00,LibGen,LibGen.gl,PROTECTED,200,1979,,Cloudflare
2026-08-31T10:23:42.235125+00:00,LibGen,LibGen.gl,PROTECTED,200,1729,,Cloudflare
2026-08-31T10:24:42.946445+00:00,LibGen,LibGen.gl,PROTECTED,200,1623,,Cloudflare
2026-08-31T10:25:47.122782+00:00,LibGen,LibGen.gl,PROTECTED,200,4101,,Cloudflare
2026-08-31T10:26:44.040216+00:00,LibGen,LibGen.gl,PROTECTED,200,1029,,Cloudflare
2026-08-31T10:27:44.921127+00:00,LibGen,LibGen.gl,PROTECTED,200,1209,,Cloudflare
2026-08-31T10:28:46.744528+00:00,LibGen,LibGen.gl,PROTECTED,200,744,,Cloudflare
2026-08-31T10:29:46.075148+00:00,LibGen,LibGen.gl,PROTECTED,200,1216,,Cloudflare
2026-08-31T10:30:46.956726+00:00,LibGen,LibGen.gl,PROTECTED,200,898,,Cloudflare
2026-08-31T10:31:50.353265+00:00,LibGen,LibGen.gl,PROTECTED,200,3262,,Cloudflare
2026-08-31T10:32:48.970436+00:00,LibGen,LibGen.gl,PROTECTED,200,1573,,Cloudflare
2026-08-31T10:33:50.809594+00:00,LibGen,LibGen.gl,PROTECTED,200,1300,,Cloudflare
2026-08-31T10:34:50.345895+00:00,LibGen,LibGen.gl,PROTECTED,200,1211,,Cloudflare
2026-08-31T10:35:51.290616+00:00,LibGen,LibGen.gl,PROTECTED,200,1422,,Cloudflare
2026-08-31T10:36:53.618173+00:00,LibGen,LibGen.gl,PROTECTED,200,3222,,Cloudflare
2026-08-31T10:37:52.952635+00:00,LibGen,LibGen.gl,PROTECTED,200,1530,,Cloudflare
2026-08-31T10:38:55.123343+00:00,LibGen,LibGen.gl,PROTECTED,200,1280,,Cloudflare
2026-08-31T10:39:54.204706+00:00,LibGen,LibGen.gl,PROTECTED,200,1455,,Cloudflare
2026-08-31T10:40:56.087139+00:00,LibGen,LibGen.gl,PROTECTED,200,1109,,Cloudflare
2026-08-31T10:41:56.620301+00:00,LibGen,LibGen.gl,PROTECTED,200,1447,,Cloudflare
2026-08-31T10:42:58.159036+00:00,LibGen,LibGen.gl,PROTECTED,200,1993,,Cloudflare
2026-08-31T10:44:00.964802+00:00,LibGen,LibGen.gl,PROTECTED,200,5032,,Cloudflare
2026-08-31T10:44:57.656462+00:00,LibGen,LibGen.gl,PROTECTED,200,749,,Cloudflare
2026-08-31T10:45:59.445524+00:00,LibGen,LibGen.gl,PROTECTED,200,1868,,Cloudflare
2026-08-31T10:47:01.820125+00:00,LibGen,LibGen.gl,PROTECTED,200,2730,,Cloudflare
2026-08-31T10:48:03.439306+00:00,LibGen,LibGen.gl,PROTECTED,200,3087,,Cloudflare
2026-08-31T10:49:03.140648+00:00,LibGen,LibGen.gl,PROTECTED,200,3640,,Cloudflare
2026-08-31T10:50:02.347858+00:00,LibGen,LibGen.gl,PROTECTED,200,2057,,Cloudflare
2026-08-31T10:51:04.666611+00:00,LibGen,LibGen.gl,PROTECTED,200,2042,,Cloudflare
2026-08-31T10:52:05.606200+00:00,LibGen,LibGen.gl,PROTECTED,200,1862,,Cloudflare
2026-08-31T10:53:06.360612+00:00,LibGen,LibGen.gl,PROTECTED,200,3045,,Cloudflare
2026-08-31T10:54:05.452027+00:00,LibGen,LibGen.gl,PROTECTED,200,1229,,Cloudflare
2026-08-31T10:55:05.777897+00:00,LibGen,LibGen.gl,PROTECTED,200,901,,Cloudflare
2026-08-31T10:56:05.044730+00:00,LibGen,LibGen.gl,PROTECTED,200,671,,Cloudflare
2026-08-31T10:57:05.536697+00:00,LibGen,LibGen.gl,PROTECTED,200,690,,Cloudflare
2026-08-31T10:58:06.489135+00:00,LibGen,LibGen.gl,PROTECTED,200,1768,,Cloudflare
2026-08-31T10:59:09.884923+00:00,LibGen,LibGen.gl,PROTECTED,200,3614,,Cloudflare
2026-08-31T11:00:15.555905+00:00,LibGen,LibGen.gl,PROTECTED,200,9096,,Cloudflare
2026-08-31T11:01:09.222873+00:00,LibGen,LibGen.gl,PROTECTED,200,1572,,Cloudflare
2026-08-31T11:02:10.155755+00:00,LibGen,LibGen.gl,PROTECTED,200,934,,Cloudflare
2026-08-31T11:03:09.911998+00:00,LibGen,LibGen.gl,PROTECTED,200,702,,Cloudflare
2026-08-31T11:04:12.534998+00:00,LibGen,LibGen.gl,PROTECTED,200,1773,,Cloudflare
2026-08-31T11:05:13.918055+00:00,LibGen,LibGen.gl,PROTECTED,200,1511,,Cloudflare
2026-08-31T11:06:15.077006+00:00,LibGen,LibGen.gl,PROTECTED,200,2940,,Cloudflare
2026-08-31T11:07:13.830854+00:00,LibGen,LibGen.gl,PROTECTED,200,1359,,Cloudflare
2026-08-31T11:08:15.119931+00:00,LibGen,LibGen.gl,PROTECTED,200,1513,,Cloudflare
2026-08-31T11:09:20.111105+00:00,LibGen,LibGen.gl,PROTECTED,200,5308,,Cloudflare
2026-08-31T11:10:19.419747+00:00,LibGen,LibGen.gl,PROTECTED,200,3847,,Cloudflare
2026-08-31T11:11:17.180147+00:00,LibGen,LibGen.gl,PROTECTED,200,1475,,Cloudflare
2026-08-31T11:12:17.371951+00:00,LibGen,LibGen.gl,DOWN,500,1267,http_error,
2026-08-31T11:13:17.825455+00:00,LibGen,LibGen.gl,DOWN,500,758,http_error,
2026-08-31T11:14:20.584520+00:00,LibGen,LibGen.gl,PROTECTED,200,698,,Cloudflare
2026-08-31T11:15:25.177141+00:00,LibGen,LibGen.gl,PROTECTED,200,6106,,Cloudflare
2026-08-31T11:16:25.945176+00:00,LibGen,LibGen.gl,PROTECTED,200,6010,,Cloudflare
2026-08-31T11:17:33.725599+00:00,LibGen,LibGen.gl,PROTECTED,200,12981,,Cloudflare
2026-08-31T11:18:32.300648+00:00,LibGen,LibGen.gl,PROTECTED,200,7536,,Cloudflare
2026-08-31T11:19:23.446661+00:00,LibGen,LibGen.gl,PROTECTED,200,1196,,Cloudflare
2026-08-31T11:20:25.359275+00:00,LibGen,LibGen.gl,PROTECTED,200,2556,,Cloudflare
2026-08-31T11:21:25.246772+00:00,LibGen,LibGen.gl,PROTECTED,200,1453,,Cloudflare
2026-08-31T11:22:26.393788+00:00,LibGen,LibGen.gl,PROTECTED,200,1214,,Cloudflare
2026-08-31T11:23:27.225669+00:00,LibGen,LibGen.gl,PROTECTED,200,1877,,Cloudflare
2026-08-31T11:24:29.329832+00:00,LibGen,LibGen.gl,PROTECTED,200,754,,Cloudflare
2026-08-31T11:25:28.193908+00:00,LibGen,LibGen.gl,PROTECTED,200,1075,,Cloudflare
2026-08-31T11:26:36.458009+00:00,LibGen,LibGen.gl,PROTECTED,200,8696,,Cloudflare
2026-08-31T11:27:32.046355+00:00,LibGen,LibGen.gl,PROTECTED,200,1778,,Cloudflare
2026-08-31T11:28:33.058339+00:00,LibGen,LibGen.gl,PROTECTED,200,1115,,Cloudflare
2026-08-31T11:29:33.414206+00:00,LibGen,LibGen.gl,PROTECTED,200,1983,,Cloudflare
2026-08-31T11:30:32.915042+00:00,LibGen,LibGen.gl,PROTECTED,200,2243,,Cloudflare
2026-08-31T11:31:53.331888+00:00,LibGen,LibGen.gl,DOWN,,,connection_refused,
2026-08-31T11:32:35.244066+00:00,LibGen,LibGen.gl,PROTECTED,200,2011,,Cloudflare
2026-08-31T11:33:34.962037+00:00,LibGen,LibGen.gl,PROTECTED,200,1855,,Cloudflare
2026-08-31T11:34:35.105051+00:00,LibGen,LibGen.gl,PROTECTED,200,1508,,Cloudflare
2026-08-31T11:35:38.439743+00:00,LibGen,LibGen.gl,PROTECTED,200,3599,,Cloudflare
2026-08-31T11:36:37.808862+00:00,LibGen,LibGen.gl,PROTECTED,200,2125,,Cloudflare
2026-08-31T11:37:38.011839+00:00,LibGen,LibGen.gl,PROTECTED,200,1791,,Cloudflare
2026-08-31T11:38:43.486478+00:00,LibGen,LibGen.gl,PROTECTED,200,5738,,Cloudflare
2026-08-31T11:39:40.754670+00:00,LibGen,LibGen.gl,PROTECTED,200,1579,,Cloudflare
2026-08-31T11:40:41.558755+00:00,LibGen,LibGen.gl,PROTECTED,200,3076,,Cloudflare
2026-08-31T11:41:40.461970+00:00,LibGen,LibGen.gl,PROTECTED,200,1856,,Cloudflare
2026-08-31T11:42:40.233286+00:00,LibGen,LibGen.gl,PROTECTED,200,758,,Cloudflare
2026-08-31T11:43:44.097053+00:00,LibGen,LibGen.gl,PROTECTED,200,2549,,Cloudflare
2026-08-31T11:44:43.124912+00:00,LibGen,LibGen.gl,PROTECTED,200,728,,Cloudflare
2026-08-31T11:45:43.463849+00:00,LibGen,LibGen.gl,PROTECTED,200,1777,,Cloudflare
2026-08-31T11:46:43.022795+00:00,LibGen,LibGen.gl,PROTECTED,200,1659,,Cloudflare
2026-08-31T11:47:43.978855+00:00,LibGen,LibGen.gl,PROTECTED,200,1598,,Cloudflare
2026-08-31T11:48:46.833026+00:00,LibGen,LibGen.gl,PROTECTED,200,4482,,Cloudflare
2026-08-31T11:49:45.494747+00:00,LibGen,LibGen.gl,PROTECTED,200,1442,,Cloudflare
2026-08-31T11:50:45.425026+00:00,LibGen,LibGen.gl,PROTECTED,200,1204,,Cloudflare
2026-08-31T11:51:46.267778+00:00,LibGen,LibGen.gl,PROTECTED,200,750,,Cloudflare
2026-08-31T11:52:48.158676+00:00,LibGen,LibGen.gl,PROTECTED,200,1749,,Cloudflare
2026-08-31T11:53:47.511634+00:00,LibGen,LibGen.gl,PROTECTED,200,1915,,Cloudflare
2026-08-31T11:54:55.656225+00:00,LibGen,LibGen.gl,PROTECTED,200,9665,,Cloudflare
2026-08-31T11:55:48.674369+00:00,LibGen,LibGen.gl,PROTECTED,200,1758,,Cloudflare
2026-08-31T11:56:50.297338+00:00,LibGen,LibGen.gl,PROTECTED,200,3488,,Cloudflare
2026-08-31T11:57:49.288553+00:00,LibGen,LibGen.gl,PROTECTED,200,1498,,Cloudflare
2026-08-31T11:58:49.021806+00:00,LibGen,LibGen.gl,PROTECTED,200,1631,,Cloudflare
2026-08-31T11:59:50.519582+00:00,LibGen,LibGen.gl,PROTECTED,200,2117,,Cloudflare
2026-08-31T12:00:50.854238+00:00,LibGen,LibGen.gl,PROTECTED,200,1183,,Cloudflare
2026-08-31T12:01:52.284868+00:00,LibGen,LibGen.gl,PROTECTED,200,2117,,Cloudflare
2026-08-31T12:02:52.854180+00:00,LibGen,LibGen.gl,PROTECTED,200,1917,,Cloudflare
2026-08-31T12:03:53.934582+00:00,LibGen,LibGen.gl,PROTECTED,200,1709,,Cloudflare
2026-08-31T12:04:55.096798+00:00,LibGen,LibGen.gl,PROTECTED,200,1482,,Cloudflare
2026-08-31T12:05:56.891238+00:00,LibGen,LibGen.gl,PROTECTED,200,3326,,Cloudflare
2026-08-31T12:06:55.531969+00:00,LibGen,LibGen.gl,PROTECTED,200,1107,,Cloudflare
2026-08-31T12:08:16.093536+00:00,LibGen,LibGen.gl,DOWN,,,connection_refused,
2026-08-31T12:08:59.487129+00:00,LibGen,LibGen.gl,PROTECTED,200,4049,,Cloudflare
2026-08-31T12:09:58.578184+00:00,LibGen,LibGen.gl,PROTECTED,200,2211,,Cloudflare
2026-08-31T12:10:57.814690+00:00,LibGen,LibGen.gl,PROTECTED,200,773,,Cloudflare
2026-08-31T12:12:07.979157+00:00,LibGen,LibGen.gl,PROTECTED,200,10792,,Cloudflare
2026-08-31T12:12:59.598635+00:00,LibGen,LibGen.gl,PROTECTED,200,1444,,Cloudflare
2026-08-31T12:14:01.679770+00:00,LibGen,LibGen.gl,PROTECTED,200,1591,,Cloudflare
2026-08-31T12:15:00.316223+00:00,LibGen,LibGen.gl,PROTECTED,200,1190,,Cloudflare
2026-08-31T12:16:00.096748+00:00,LibGen,LibGen.gl,PROTECTED,200,1018,,Cloudflare
2026-08-31T12:17:01.244841+00:00,LibGen,LibGen.gl,PROTECTED,200,1187,,Cloudflare
2026-08-31T12:18:02.076757+00:00,LibGen,LibGen.gl,PROTECTED,200,1536,,Cloudflare
2026-08-31T12:19:23.114875+00:00,LibGen,LibGen.gl,DOWN,,,connection_refused,
2026-08-31T12:20:05.471725+00:00,LibGen,LibGen.gl,PROTECTED,200,2631,,Cloudflare
2026-08-31T12:21:02.385378+00:00,LibGen,LibGen.gl,PROTECTED,200,773,,Cloudflare
2026-08-31T12:22:06.048016+00:00,LibGen,LibGen.gl,PROTECTED,200,1367,,Cloudflare
2026-08-31T12:23:05.694322+00:00,LibGen,LibGen.gl,PROTECTED,200,2487,,Cloudflare
2026-08-31T12:24:06.242224+00:00,LibGen,LibGen.gl,PROTECTED,200,2046,,Cloudflare
2026-08-31T12:25:06.228143+00:00,LibGen,LibGen.gl,PROTECTED,200,717,,Cloudflare
2026-08-31T12:26:07.179025+00:00,LibGen,LibGen.gl,PROTECTED,200,1763,,Cloudflare
2026-08-31T12:27:08.412923+00:00,LibGen,LibGen.gl,PROTECTED,200,3011,,Cloudflare
2026-08-31T12:28:08.026021+00:00,LibGen,LibGen.gl,PROTECTED,200,1192,,Cloudflare
2026-08-31T12:29:07.299268+00:00,LibGen,LibGen.gl,PROTECTED,200,1823,,Cloudflare
2026-08-31T12:30:07.118873+00:00,LibGen,LibGen.gl,PROTECTED,200,810,,Cloudflare
2026-08-31T12:31:09.187877+00:00,LibGen,LibGen.gl,PROTECTED,200,2041,,Cloudflare
2026-08-31T12:32:08.240991+00:00,LibGen,LibGen.gl,PROTECTED,200,1644,,Cloudflare
2026-08-31T12:33:09.572869+00:00,LibGen,LibGen.gl,PROTECTED,200,2082,,Cloudflare
2026-08-31T12:34:08.863162+00:00,LibGen,LibGen.gl,PROTECTED,200,1114,,Cloudflare
2026-08-31T12:35:09.343839+00:00,LibGen,LibGen.gl,PROTECTED,200,714,,Cloudflare
2026-08-31T12:36:10.090786+00:00,LibGen,LibGen.gl,PROTECTED,200,771,,Cloudflare
2026-08-31T12:37:10.264253+00:00,LibGen,LibGen.gl,PROTECTED,200,705,,Cloudflare
2026-08-31T12:38:11.485458+00:00,LibGen,LibGen.gl,PROTECTED,200,1038,,Cloudflare
2026-08-31T12:39:13.921477+00:00,LibGen,LibGen.gl,PROTECTED,200,1182,,Cloudflare
2026-08-31T12:40:12.951465+00:00,LibGen,LibGen.gl,PROTECTED,200,987,,Cloudflare
2026-08-31T12:41:14.724812+00:00,LibGen,LibGen.gl,PROTECTED,200,1648,,Cloudflare
2026-08-31T12:42:16.928887+00:00,LibGen,LibGen.gl,PROTECTED,200,2250,,Cloudflare
2026-08-31T12:43:18.247058+00:00,LibGen,LibGen.gl,PROTECTED,200,3416,,Cloudflare
2026-08-31T12:44:18.651657+00:00,LibGen,LibGen.gl,PROTECTED,200,3430,,Cloudflare
2026-08-31T12:45:17.466656+00:00,LibGen,LibGen.gl,PROTECTED,200,1923,,Cloudflare
2026-08-31T12:46:17.335828+00:00,LibGen,LibGen.gl,PROTECTED,200,807,,Cloudflare
2026-08-31T12:47:17.217908+00:00,LibGen,LibGen.gl,PROTECTED,200,1165,,Cloudflare
2026-08-31T12:48:17.754063+00:00,LibGen,LibGen.gl,PROTECTED,200,1031,,Cloudflare
2026-08-31T12:49:18.445079+00:00,LibGen,LibGen.gl,PROTECTED,200,1665,,Cloudflare
2026-08-31T12:50:18.799304+00:00,LibGen,LibGen.gl,PROTECTED,200,988,,Cloudflare
2026-08-31T12:51:18.955600+00:00,LibGen,LibGen.gl,DOWN,500,692,http_error,
2026-08-31T12:52:20.663508+00:00,LibGen,LibGen.gl,DOWN,500,1485,http_error,
2026-08-31T12:53:23.718500+00:00,LibGen,LibGen.gl,PROTECTED,200,3330,,Cloudflare
2026-08-31T12:54:22.899346+00:00,LibGen,LibGen.gl,PROTECTED,200,1710,,Cloudflare
2026-08-31T12:55:24.327578+00:00,LibGen,LibGen.gl,PROTECTED,200,1159,,Cloudflare
2026-08-31T12:56:25.495816+00:00,LibGen,LibGen.gl,PROTECTED,200,1503,,Cloudflare
2026-08-31T12:57:26.765824+00:00,LibGen,LibGen.gl,PROTECTED,200,2844,,Cloudflare
2026-08-31T12:58:28.694890+00:00,LibGen,LibGen.gl,PROTECTED,200,2850,,Cloudflare
2026-08-31T12:59:29.199774+00:00,LibGen,LibGen.gl,PROTECTED,200,2832,,Cloudflare
2026-08-31T13:00:28.962344+00:00,LibGen,LibGen.gl,PROTECTED,200,810,,Cloudflare
2026-08-31T13:01:29.331140+00:00,LibGen,LibGen.gl,PROTECTED,200,1422,,Cloudflare
2026-08-31T13:02:30.036687+00:00,LibGen,LibGen.gl,PROTECTED,200,804,,Cloudflare
2026-08-31T13:03:30.858529+00:00,LibGen,LibGen.gl,PROTECTED,200,756,,Cloudflare
2026-08-31T13:04:30.493053+00:00,LibGen,LibGen.gl,PROTECTED,200,1638,,Cloudflare
2026-08-31T13:05:31.280146+00:00,LibGen,LibGen.gl,PROTECTED,200,1630,,Cloudflare
2026-08-31T13:06:32.978892+00:00,LibGen,LibGen.gl,PROTECTED,200,2263,,Cloudflare
2026-08-31T13:07:31.609655+00:00,LibGen,LibGen.gl,PROTECTED,200,1418,,Cloudflare
2026-08-31T13:08:33.562741+00:00,LibGen,LibGen.gl,PROTECTED,200,2076,,Cloudflare
2026-08-31T13:09:32.403635+00:00,LibGen,LibGen.gl,PROTECTED,200,1482,,Cloudflare
2026-08-31T13:10:32.724912+00:00,LibGen,LibGen.gl,PROTECTED,200,1515,,Cloudflare
2026-08-31T13:11:33.990253+00:00,LibGen,LibGen.gl,PROTECTED,200,699,,Cloudflare
2026-08-31T13:12:33.248918+00:00,LibGen,LibGen.gl,PROTECTED,200,684,,Cloudflare
2026-08-31T13:13:33.755033+00:00,LibGen,LibGen.gl,DOWN,500,673,http_error,
2026-08-31T13:14:37.488929+00:00,LibGen,LibGen.gl,PROTECTED,200,1944,,Cloudflare
2026-08-31T13:15:36.423647+00:00,LibGen,LibGen.gl,PROTECTED,200,1257,,Cloudflare
2026-08-31T13:16:37.596772+00:00,LibGen,LibGen.gl,PROTECTED,200,2561,,Cloudflare
2026-08-31T13:17:37.189661+00:00,LibGen,LibGen.gl,PROTECTED,200,951,,Cloudflare
2026-08-31T13:18:39.548128+00:00,LibGen,LibGen.gl,PROTECTED,200,1018,,Cloudflare
2026-08-31T13:19:40.686810+00:00,LibGen,LibGen.gl,PROTECTED,200,1053,,Cloudflare
2026-08-31T13:20:39.094899+00:00,LibGen,LibGen.gl,PROTECTED,200,895,,Cloudflare
2026-08-31T13:21:40.872338+00:00,LibGen,LibGen.gl,PROTECTED,200,1662,,Cloudflare
2026-08-31T13:22:41.169943+00:00,LibGen,LibGen.gl,PROTECTED,200,1834,,Cloudflare
2026-08-31T13:23:42.151976+00:00,LibGen,LibGen.gl,PROTECTED,200,2663,,Cloudflare
2026-08-31T13:24:42.876210+00:00,LibGen,LibGen.gl,PROTECTED,200,2526,,Cloudflare
2026-08-31T13:25:43.968148+00:00,LibGen,LibGen.gl,PROTECTED,200,1661,,Cloudflare
2026-08-31T13:26:44.115339+00:00,LibGen,LibGen.gl,PROTECTED,200,1159,,Cloudflare
2026-08-31T13:28:06.246541+00:00,LibGen,LibGen.gl,DOWN,,,connection_refused,
2026-08-31T13:28:45.215080+00:00,LibGen,LibGen.gl,PROTECTED,200,1778,,Cloudflare
2026-08-31T13:29:46.176861+00:00,LibGen,LibGen.gl,PROTECTED,200,2166,,Cloudflare
2026-08-31T13:30:44.944374+00:00,LibGen,LibGen.gl,DOWN,500,1116,http_error,
2026-08-31T13:31:49.581805+00:00,LibGen,LibGen.gl,PROTECTED,200,4657,,Cloudflare
2026-08-31T13:32:47.628828+00:00,LibGen,LibGen.gl,PROTECTED,200,1748,,Cloudflare
2026-08-31T13:33:48.475623+00:00,LibGen,LibGen.gl,PROTECTED,200,2105,,Cloudflare
2026-08-31T13:34:48.639829+00:00,LibGen,LibGen.gl,PROTECTED,200,1618,,Cloudflare
2026-08-31T13:35:52.526307+00:00,LibGen,LibGen.gl,PROTECTED,200,5081,,Cloudflare
2026-08-31T13:36:49.403199+00:00,LibGen,LibGen.gl,PROTECTED,200,1691,,Cloudflare
2026-08-31T13:37:49.327421+00:00,LibGen,LibGen.gl,PROTECTED,200,1551,,Cloudflare
2026-08-31T13:38:50.113038+00:00,LibGen,LibGen.gl,PROTECTED,200,846,,Cloudflare
2026-08-31T13:39:53.443424+00:00,LibGen,LibGen.gl,PROTECTED,200,3361,,Cloudflare
2026-08-31T13:40:51.427146+00:00,LibGen,LibGen.gl,PROTECTED,200,975,,Cloudflare
2026-08-31T13:41:52.523208+00:00,LibGen,LibGen.gl,PROTECTED,200,1122,,Cloudflare
2026-08-31T13:42:53.870587+00:00,LibGen,LibGen.gl,PROTECTED,200,807,,Cloudflare
2026-08-31T13:43:55.770699+00:00,LibGen,LibGen.gl,PROTECTED,200,2616,,Cloudflare
2026-08-31T13:44:53.439453+00:00,LibGen,LibGen.gl,PROTECTED,200,755,,Cloudflare
2026-08-31T13:45:53.640155+00:00,LibGen,LibGen.gl,PROTECTED,200,889,,Cloudflare
2026-08-31T13:46:55.321543+00:00,LibGen,LibGen.gl,PROTECTED,200,1732,,Cloudflare
2026-08-31T13:47:54.922079+00:00,LibGen,LibGen.gl,PROTECTED,200,698,,Cloudflare
2026-08-31T13:48:55.015226+00:00,LibGen,LibGen.gl,PROTECTED,200,727,,Cloudflare
2026-08-31T13:49:55.154769+00:00,LibGen,LibGen.gl,PROTECTED,200,1626,,Cloudflare
2026-08-31T13:50:59.615351+00:00,LibGen,LibGen.gl,PROTECTED,200,2352,,Cloudflare
2026-08-31T13:51:55.877260+00:00,LibGen,LibGen.gl,PROTECTED,200,1780,,Cloudflare
2026-08-31T13:52:54.996753+00:00,LibGen,LibGen.gl,PROTECTED,200,791,,Cloudflare
2026-08-31T13:53:56.535955+00:00,LibGen,LibGen.gl,PROTECTED,200,1919,,Cloudflare
2026-08-31T13:55:03.948660+00:00,LibGen,LibGen.gl,PROTECTED,200,9053,,Cloudflare
2026-08-31T13:55:58.018845+00:00,LibGen,LibGen.gl,PROTECTED,200,1249,,Cloudflare
2026-08-31T13:56:59.617100+00:00,LibGen,LibGen.gl,PROTECTED,200,2950,,Cloudflare
2026-08-31T13:57:59.659533+00:00,LibGen,LibGen.gl,PROTECTED,200,2068,,Cloudflare
2026-08-31T13:59:00.603916+00:00,LibGen,LibGen.gl,PROTECTED,200,2577,,Cloudflare
2026-08-31T13:59:59.915115+00:00,LibGen,LibGen.gl,PROTECTED,200,1185,,Cloudflare
2026-08-31T14:01:02.893893+00:00,LibGen,LibGen.gl,PROTECTED,200,1544,,Cloudflare
2026-08-31T14:02:01.209708+00:00,LibGen,LibGen.gl,PROTECTED,200,2155,,Cloudflare
2026-08-31T14:03:01.610258+00:00,LibGen,LibGen.gl,PROTECTED,200,1687,,Cloudflare
2026-08-31T14:04:03.094865+00:00,LibGen,LibGen.gl,PROTECTED,200,1326,,Cloudflare
2026-08-31T14:05:02.534734+00:00,LibGen,LibGen.gl,PROTECTED,200,2126,,Cloudflare
2026-08-31T14:06:01.276524+00:00,LibGen,LibGen.gl,PROTECTED,200,770,,Cloudflare
2026-08-31T14:07:02.612857+00:00,LibGen,LibGen.gl,PROTECTED,200,775,,Cloudflare
2026-08-31T14:08:02.544910+00:00,LibGen,LibGen.gl,PROTECTED,200,1317,,Cloudflare
2026-08-31T14:09:03.202721+00:00,LibGen,LibGen.gl,PROTECTED,200,1034,,Cloudflare
2026-08-31T14:10:03.766999+00:00,LibGen,LibGen.gl,PROTECTED,200,1466,,Cloudflare
2026-08-31T14:11:03.360099+00:00,LibGen,LibGen.gl,PROTECTED,200,804,,Cloudflare
2026-08-31T14:12:04.893733+00:00,LibGen,LibGen.gl,PROTECTED,200,2210,,Cloudflare
2026-08-31T14:13:04.589985+00:00,LibGen,LibGen.gl,PROTECTED,200,1111,,Cloudflare
2026-08-31T14:14:24.362857+00:00,LibGen,LibGen.gl,DOWN,,,connection_refused,
2026-08-31T14:15:05.933350+00:00,LibGen,LibGen.gl,PROTECTED,200,781,,Cloudflare
2026-08-31T14:16:07.738708+00:00,LibGen,LibGen.gl,PROTECTED,200,745,,Cloudflare
2026-08-31T14:17:08.461731+00:00,LibGen,LibGen.gl,PROTECTED,200,1581,,Cloudflare
2026-08-31T14:18:07.062523+00:00,LibGen,LibGen.gl,DOWN,500,1140,http_error,
2026-08-31T14:19:10.660875+00:00,LibGen,LibGen.gl,PROTECTED,200,1067,,Cloudflare
2026-08-31T14:20:10.573450+00:00,LibGen,LibGen.gl,PROTECTED,200,1786,,Cloudflare
2026-08-31T14:21:09.274645+00:00,LibGen,LibGen.gl,PROTECTED,200,1383,,Cloudflare
2026-08-31T14:22:11.970544+00:00,LibGen,LibGen.gl,PROTECTED,200,1342,,Cloudflare
2026-08-31T14:23:11.177492+00:00,LibGen,LibGen.gl,PROTECTED,200,1559,,Cloudflare
2026-08-31T14:24:34.521709+00:00,LibGen,LibGen.gl,DOWN,,,connection_refused,
2026-08-31T14:25:12.387199+00:00,LibGen,LibGen.gl,PROTECTED,200,1135,,Cloudflare
2026-08-31T14:26:29.400913+00:00,LibGen,LibGen.gl,PROTECTED,200,17562,,Cloudflare
2026-08-31T14:27:16.251880+00:00,LibGen,LibGen.gl,PROTECTED,200,4174,,Cloudflare
2026-08-31T14:28:13.693340+00:00,LibGen,LibGen.gl,PROTECTED,200,1017,,Cloudflare
2026-08-31T14:29:19.547940+00:00,LibGen,LibGen.gl,PROTECTED,200,4456,,Cloudflare
2026-08-31T14:30:27.005097+00:00,LibGen,LibGen.gl,PROTECTED,200,9168,,Cloudflare
2026-08-31T14:31:15.862526+00:00,LibGen,LibGen.gl,PROTECTED,200,938,,Cloudflare
2026-08-31T14:32:17.012873+00:00,LibGen,LibGen.gl,PROTECTED,200,1422,,Cloudflare
2026-08-31T14:33:17.892103+00:00,LibGen,LibGen.gl,PROTECTED,200,948,,Cloudflare
2026-08-31T14:34:19.223347+00:00,LibGen,LibGen.gl,PROTECTED,200,1683,,Cloudflare
2026-08-31T14:35:18.746716+00:00,LibGen,LibGen.gl,PROTECTED,200,749,,Cloudflare
2026-08-31T14:36:20.046429+00:00,LibGen,LibGen.gl,PROTECTED,200,1483,,Cloudflare
2026-08-31T14:37:19.345396+00:00,LibGen,LibGen.gl,PROTECTED,200,980,,Cloudflare
2026-08-31T14:38:20.389824+00:00,LibGen,LibGen.gl,PROTECTED,200,1220,,Cloudflare
2026-08-31T14:39:21.202564+00:00,LibGen,LibGen.gl,PROTECTED,200,1218,,Cloudflare
2026-08-31T14:40:22.223323+00:00,LibGen,LibGen.gl,PROTECTED,200,2017,,Cloudflare
2026-08-31T14:41:22.016917+00:00,LibGen,LibGen.gl,PROTECTED,200,1743,,Cloudflare
2026-08-31T14:42:24.343835+00:00,LibGen,LibGen.gl,PROTECTED,200,2434,,Cloudflare
2026-08-31T14:43:27.304905+00:00,LibGen,LibGen.gl,PROTECTED,200,3691,,Cloudflare
2026-08-31T14:44:24.552078+00:00,LibGen,LibGen.gl,PROTECTED,200,1713,,Cloudflare
2026-08-31T14:45:44.102155+00:00,LibGen,LibGen.gl,DOWN,,,connection_refused,
2026-08-31T14:46:44.255502+00:00,LibGen,LibGen.gl,TIMEOUT,,,timeout,
2026-08-31T14:47:26.896515+00:00,LibGen,LibGen.gl,PROTECTED,200,1939,,Cloudflare
2026-08-31T14:48:28.511249+00:00,LibGen,LibGen.gl,PROTECTED,200,2166,,Cloudflare
2026-08-31T14:49:27.531867+00:00,LibGen,LibGen.gl,PROTECTED,200,711,,Cloudflare
2026-08-31T14:50:27.599418+00:00,LibGen,LibGen.gl,PROTECTED,200,1160,,Cloudflare
2026-08-31T14:51:28.536661+00:00,LibGen,LibGen.gl,PROTECTED,200,1504,,Cloudflare
2026-08-31T14:52:28.208587+00:00,LibGen,LibGen.gl,DOWN,500,865,http_error,
2026-08-31T14:53:30.223423+00:00,LibGen,LibGen.gl,PROTECTED,200,813,,Cloudflare
2026-08-31T14:54:32.701608+00:00,LibGen,LibGen.gl,PROTECTED,200,2487,,Cloudflare
2026-08-31T14:55:32.128468+00:00,LibGen,LibGen.gl,PROTECTED,200,2340,,Cloudflare
2026-08-31T14:56:32.596404+00:00,LibGen,LibGen.gl,PROTECTED,200,2646,,Cloudflare
2026-08-31T14:57:32.561233+00:00,LibGen,LibGen.gl,PROTECTED,200,2003,,Cloudflare
2026-08-31T14:58:31.913791+00:00,LibGen,LibGen.gl,PROTECTED,200,799,,Cloudflare
2026-08-31T14:59:32.011955+00:00,LibGen,LibGen.gl,PROTECTED,503,313,,Cloudflare
2026-08-31T15:00:35.957400+00:00,LibGen,LibGen.gl,PROTECTED,200,2457,,Cloudflare
2026-08-31T15:01:38.711182+00:00,LibGen,LibGen.gl,PROTECTED,200,4662,,Cloudflare
2026-08-31T15:02:34.910746+00:00,LibGen,LibGen.gl,PROTECTED,200,748,,Cloudflare
2026-08-31T15:03:36.737930+00:00,LibGen,LibGen.gl,PROTECTED,200,696,,Cloudflare
2026-08-31T15:04:36.730130+00:00,LibGen,LibGen.gl,PROTECTED,200,1418,,Cloudflare
2026-08-31T15:05:38.745205+00:00,LibGen,LibGen.gl,PROTECTED,200,2338,,Cloudflare
2026-08-31T15:06:37.973402+00:00,LibGen,LibGen.gl,PROTECTED,200,1481,,Cloudflare
2026-08-31T15:07:39.506492+00:00,LibGen,LibGen.gl,PROTECTED,200,835,,Cloudflare
2026-08-31T15:08:39.854306+00:00,LibGen,LibGen.gl,PROTECTED,200,1719,,Cloudflare
2026-08-31T15:09:38.995580+00:00,LibGen,LibGen.gl,PROTECTED,200,1052,,Cloudflare
2026-08-31T15:10:40.586364+00:00,LibGen,LibGen.gl,PROTECTED,200,2470,,Cloudflare
2026-08-31T15:11:40.489833+00:00,LibGen,LibGen.gl,PROTECTED,200,1506,,Cloudflare
2026-08-31T15:12:39.293576+00:00,LibGen,LibGen.gl,PROTECTED,503,497,,Cloudflare
2026-08-31T15:13:41.634752+00:00,LibGen,LibGen.gl,PROTECTED,200,1759,,Cloudflare
2026-08-31T15:14:42.737205+00:00,LibGen,LibGen.gl,PROTECTED,200,1037,,Cloudflare
2026-08-31T15:15:42.545627+00:00,LibGen,LibGen.gl,PROTECTED,200,738,,Cloudflare
2026-08-31T15:16:44.290827+00:00,LibGen,LibGen.gl,PROTECTED,200,1797,,Cloudflare
2026-08-31T15:17:44.692752+00:00,LibGen,LibGen.gl,PROTECTED,200,1129,,Cloudflare
2026-08-31T15:18:44.530147+00:00,LibGen,LibGen.gl,PROTECTED,200,1220,,Cloudflare
2026-08-31T15:19:44.098228+00:00,LibGen,LibGen.gl,PROTECTED,200,701,,Cloudflare
2026-08-31T15:20:45.322685+00:00,LibGen,LibGen.gl,PROTECTED,200,919,,Cloudflare
2026-08-31T15:21:45.108532+00:00,LibGen,LibGen.gl,PROTECTED,200,1050,,Cloudflare
2026-08-31T15:22:46.237145+00:00,LibGen,LibGen.gl,PROTECTED,200,2258,,Cloudflare
2026-08-31T15:23:48.302019+00:00,LibGen,LibGen.gl,PROTECTED,200,3388,,Cloudflare
2026-08-31T15:24:48.831766+00:00,LibGen,LibGen.gl,PROTECTED,200,1482,,Cloudflare
2026-08-31T15:25:49.160867+00:00,LibGen,LibGen.gl,PROTECTED,200,1106,,Cloudflare
2026-08-31T15:26:47.896571+00:00,LibGen,LibGen.gl,PROTECTED,200,1032,,Cloudflare
2026-08-31T15:27:48.711179+00:00,LibGen,LibGen.gl,PROTECTED,200,1606,,Cloudflare
2026-08-31T15:28:49.341809+00:00,LibGen,LibGen.gl,PROTECTED,200,1132,,Cloudflare
2026-08-31T15:29:49.908374+00:00,LibGen,LibGen.gl,PROTECTED,200,1821,,Cloudflare
2026-08-31T15:30:49.294514+00:00,LibGen,LibGen.gl,PROTECTED,200,1013,,Cloudflare
2026-08-31T15:31:49.538542+00:00,LibGen,LibGen.gl,PROTECTED,200,769,,Cloudflare
2026-08-31T15:32:50.903396+00:00,LibGen,LibGen.gl,PROTECTED,200,1992,,Cloudflare
2026-08-31T15:33:52.074886+00:00,LibGen,LibGen.gl,PROTECTED,200,2337,,Cloudflare
2026-08-31T15:34:52.590096+00:00,LibGen,LibGen.gl,PROTECTED,200,1213,,Cloudflare
2026-08-31T15:35:52.606807+00:00,LibGen,LibGen.gl,PROTECTED,200,2017,,Cloudflare
2026-08-31T15:36:52.938901+00:00,LibGen,LibGen.gl,PROTECTED,200,1608,,Cloudflare
2026-08-31T15:37:53.244571+00:00,LibGen,LibGen.gl,PROTECTED,200,917,,Cloudflare
2026-08-31T15:39:14.404385+00:00,LibGen,LibGen.gl,DOWN,,,connection_refused,
2026-08-31T15:39:55.494406+00:00,LibGen,LibGen.gl,PROTECTED,200,1499,,Cloudflare
2026-08-31T15:40:56.438168+00:00,LibGen,LibGen.gl,PROTECTED,200,846,,Cloudflare
2026-08-31T15:41:56.495602+00:00,LibGen,LibGen.gl,PROTECTED,200,1048,,Cloudflare
2026-08-31T15:42:54.853231+00:00,LibGen,LibGen.gl,PROTECTED,503,288,,Cloudflare
2026-08-31T15:43:57.202902+00:00,LibGen,LibGen.gl,PROTECTED,200,1107,,Cloudflare
2026-08-31T15:44:56.444544+00:00,LibGen,LibGen.gl,PROTECTED,200,768,,Cloudflare
2026-08-31T15:46:02.013311+00:00,LibGen,LibGen.gl,PROTECTED,200,5072,,Cloudflare
2026-08-31T15:47:01.816051+00:00,LibGen,LibGen.gl,PROTECTED,200,5312,,Cloudflare
2026-08-31T15:47:59.611375+00:00,LibGen,LibGen.gl,PROTECTED,200,1928,,Cloudflare
2026-08-31T15:48:59.566522+00:00,LibGen,LibGen.gl,PROTECTED,200,1530,,Cloudflare
2026-08-31T15:50:01.855780+00:00,LibGen,LibGen.gl,PROTECTED,200,1821,,Cloudflare
2026-08-31T15:51:00.606361+00:00,LibGen,LibGen.gl,PROTECTED,200,858,,Cloudflare
2026-08-31T15:52:01.530947+00:00,LibGen,LibGen.gl,PROTECTED,200,1310,,Cloudflare
2026-08-31T15:53:02.082964+00:00,LibGen,LibGen.gl,PROTECTED,200,1893,,Cloudflare
2026-08-31T15:54:01.591857+00:00,LibGen,LibGen.gl,PROTECTED,200,1108,,Cloudflare
2026-08-31T15:55:02.347775+00:00,LibGen,LibGen.gl,PROTECTED,200,1533,,Cloudflare
2026-08-31T15:56:03.063201+00:00,LibGen,LibGen.gl,PROTECTED,200,764,,Cloudflare
2026-08-31T15:57:03.858425+00:00,LibGen,LibGen.gl,PROTECTED,200,1210,,Cloudflare
2026-08-31T15:58:04.773875+00:00,LibGen,LibGen.gl,PROTECTED,200,1141,,Cloudflare
2026-08-31T15:59:06.667130+00:00,LibGen,LibGen.gl,PROTECTED,200,1576,,Cloudflare
2026-08-31T16:00:07.396725+00:00,LibGen,LibGen.gl,PROTECTED,200,2597,,Cloudflare
2026-08-31T16:01:07.094371+00:00,LibGen,LibGen.gl,PROTECTED,200,1590,,Cloudflare
2026-08-31T16:02:06.286979+00:00,LibGen,LibGen.gl,PROTECTED,200,1162,,Cloudflare
2026-08-31T16:03:07.828958+00:00,LibGen,LibGen.gl,PROTECTED,200,1259,,Cloudflare
2026-08-31T16:04:09.047645+00:00,LibGen,LibGen.gl,PROTECTED,200,1559,,Cloudflare
2026-08-31T16:05:09.659405+00:00,LibGen,LibGen.gl,PROTECTED,200,1797,,Cloudflare
2026-08-31T16:06:09.405581+00:00,LibGen,LibGen.gl,PROTECTED,200,768,,Cloudflare
2026-08-31T16:07:11.393989+00:00,LibGen,LibGen.gl,PROTECTED,200,1108,,Cloudflare
2026-08-31T16:08:10.302912+00:00,LibGen,LibGen.gl,PROTECTED,200,1466,,Cloudflare
2026-08-31T16:09:14.721841+00:00,LibGen,LibGen.gl,PROTECTED,200,3276,,Cloudflare
2026-08-31T16:10:11.918397+00:00,LibGen,LibGen.gl,PROTECTED,200,1344,,Cloudflare
2026-08-31T16:11:14.073139+00:00,LibGen,LibGen.gl,PROTECTED,200,4095,,Cloudflare
2026-08-31T16:12:13.082013+00:00,LibGen,LibGen.gl,PROTECTED,200,3255,,Cloudflare
2026-08-31T16:13:12.556182+00:00,LibGen,LibGen.gl,PROTECTED,200,1041,,Cloudflare
2026-08-31T16:14:13.588805+00:00,LibGen,LibGen.gl,PROTECTED,200,1660,,Cloudflare
2026-08-31T16:15:12.672032+00:00,LibGen,LibGen.gl,PROTECTED,200,1336,,Cloudflare
2026-08-31T16:16:14.035473+00:00,LibGen,LibGen.gl,PROTECTED,200,2044,,Cloudflare
2026-08-31T16:17:13.764602+00:00,LibGen,LibGen.gl,PROTECTED,200,1346,,Cloudflare
2026-08-31T16:18:15.221937+00:00,LibGen,LibGen.gl,PROTECTED,200,1109,,Cloudflare
2026-08-31T16:19:15.083547+00:00,LibGen,LibGen.gl,PROTECTED,200,728,,Cloudflare
2026-08-31T16:20:16.283736+00:00,LibGen,LibGen.gl,PROTECTED,200,1301,,Cloudflare
2026-08-31T16:21:17.282651+00:00,LibGen,LibGen.gl,PROTECTED,200,756,,Cloudflare
2026-08-31T16:22:16.675931+00:00,LibGen,LibGen.gl,PROTECTED,200,757,,Cloudflare
2026-08-31T16:23:18.904164+00:00,LibGen,LibGen.gl,PROTECTED,200,2283,,Cloudflare
2026-08-31T16:24:19.373511+00:00,LibGen,LibGen.gl,PROTECTED,200,2324,,Cloudflare
2026-08-31T16:25:19.247876+00:00,LibGen,LibGen.gl,PROTECTED,200,1030,,Cloudflare
2026-08-31T16:26:18.565184+00:00,LibGen,LibGen.gl,PROTECTED,200,984,,Cloudflare
2026-08-31T16:27:19.845876+00:00,LibGen,LibGen.gl,PROTECTED,200,1371,,Cloudflare
2026-08-31T16:28:20.586200+00:00,LibGen,LibGen.gl,PROTECTED,200,715,,Cloudflare
2026-08-31T16:29:22.563878+00:00,LibGen,LibGen.gl,PROTECTED,200,2993,,Cloudflare
2026-08-31T16:30:19.752433+00:00,LibGen,LibGen.gl,PROTECTED,200,760,,Cloudflare
2026-08-31T16:31:21.917629+00:00,LibGen,LibGen.gl,PROTECTED,200,2718,,Cloudflare
2026-08-31T16:32:21.043978+00:00,LibGen,LibGen.gl,PROTECTED,200,739,,Cloudflare
2026-08-31T16:33:22.199241+00:00,LibGen,LibGen.gl,PROTECTED,200,1192,,Cloudflare
2026-08-31T16:34:23.068689+00:00,LibGen,LibGen.gl,PROTECTED,200,2074,,Cloudflare
2026-08-31T16:35:22.347114+00:00,LibGen,LibGen.gl,PROTECTED,200,1146,,Cloudflare
2026-08-31T16:36:23.313717+00:00,LibGen,LibGen.gl,PROTECTED,200,1412,,Cloudflare
2026-08-31T16:37:27.949041+00:00,LibGen,LibGen.gl,PROTECTED,200,5605,,Cloudflare
2026-08-31T16:38:23.567735+00:00,LibGen,LibGen.gl,PROTECTED,200,833,,Cloudflare
2026-08-31T16:39:24.088018+00:00,LibGen,LibGen.gl,PROTECTED,200,786,,Cloudflare
2026-08-31T16:40:26.090592+00:00,LibGen,LibGen.gl,PROTECTED,200,1708,,Cloudflare
2026-08-31T16:41:25.015728+00:00,LibGen,LibGen.gl,PROTECTED,200,1063,,Cloudflare
2026-08-31T16:42:25.300639+00:00,LibGen,LibGen.gl,PROTECTED,200,775,,Cloudflare
2026-08-31T16:43:26.148720+00:00,LibGen,LibGen.gl,PROTECTED,200,764,,Cloudflare
2026-08-31T16:44:28.681669+00:00,LibGen,LibGen.gl,PROTECTED,200,2435,,Cloudflare
2026-08-31T16:45:29.948824+00:00,LibGen,LibGen.gl,PROTECTED,200,2272,,Cloudflare
2026-08-31T16:46:29.912814+00:00,LibGen,LibGen.gl,PROTECTED,200,1255,,Cloudflare
2026-08-31T16:47:29.565738+00:00,LibGen,LibGen.gl,PROTECTED,200,1099,,Cloudflare
2026-08-31T16:48:30.770454+00:00,LibGen,LibGen.gl,PROTECTED,200,765,,Cloudflare
2026-08-31T16:49:31.545237+00:00,LibGen,LibGen.gl,PROTECTED,200,1054,,Cloudflare
2026-08-31T16:50:30.689778+00:00,LibGen,LibGen.gl,PROTECTED,200,990,,Cloudflare
2026-08-31T16:51:36.699371+00:00,LibGen,LibGen.gl,PROTECTED,200,4050,,Cloudflare
2026-08-31T16:52:31.548136+00:00,LibGen,LibGen.gl,PROTECTED,200,726,,Cloudflare
2026-08-31T16:53:33.433726+00:00,LibGen,LibGen.gl,PROTECTED,200,1934,,Cloudflare
2026-08-31T16:54:33.475711+00:00,LibGen,LibGen.gl,PROTECTED,200,998,,Cloudflare
2026-08-31T16:55:32.506982+00:00,LibGen,LibGen.gl,PROTECTED,200,1274,,Cloudflare
2026-08-31T16:56:34.449542+00:00,LibGen,LibGen.gl,PROTECTED,200,2494,,Cloudflare
2026-08-31T16:57:33.777035+00:00,LibGen,LibGen.gl,PROTECTED,200,1715,,Cloudflare
2026-08-31T16:58:34.308215+00:00,LibGen,LibGen.gl,PROTECTED,200,1806,,Cloudflare
2026-08-31T16:59:33.943760+00:00,LibGen,LibGen.gl,PROTECTED,200,1078,,Cloudflare
2026-08-31T17:00:34.683976+00:00,LibGen,LibGen.gl,PROTECTED,200,1241,,Cloudflare
2026-08-31T17:01:34.445127+00:00,LibGen,LibGen.gl,PROTECTED,200,774,,Cloudflare
2026-08-31T17:02:35.539539+00:00,LibGen,LibGen.gl,PROTECTED,200,752,,Cloudflare
2026-08-31T17:03:35.422134+00:00,LibGen,LibGen.gl,PROTECTED,200,814,,Cloudflare
2026-08-31T17:04:38.023647+00:00,LibGen,LibGen.gl,PROTECTED,200,2724,,Cloudflare
2026-08-31T17:05:35.540512+00:00,LibGen,LibGen.gl,PROTECTED,200,720,,Cloudflare
2026-08-31T17:06:36.273680+00:00,LibGen,LibGen.gl,PROTECTED,200,834,,Cloudflare
2026-08-31T17:07:38.064875+00:00,LibGen,LibGen.gl,PROTECTED,200,770,,Cloudflare
2026-08-31T17:08:37.885068+00:00,LibGen,LibGen.gl,PROTECTED,200,1470,,Cloudflare
2026-08-31T17:09:38.185876+00:00,LibGen,LibGen.gl,PROTECTED,200,1589,,Cloudflare
2026-08-31T17:10:38.672914+00:00,LibGen,LibGen.gl,PROTECTED,200,1633,,Cloudflare
2026-08-31T17:11:38.249644+00:00,LibGen,LibGen.gl,PROTECTED,200,792,,Cloudflare
2026-08-31T17:12:39.059592+00:00,LibGen,LibGen.gl,PROTECTED,200,726,,Cloudflare
2026-08-31T17:13:40.085359+00:00,LibGen,LibGen.gl,PROTECTED,200,1850,,Cloudflare
2026-08-31T17:14:40.639628+00:00,LibGen,LibGen.gl,PROTECTED,200,1060,,Cloudflare
2026-08-31T17:15:39.872714+00:00,LibGen,LibGen.gl,PROTECTED,200,773,,Cloudflare
2026-08-31T17:17:01.134813+00:00,LibGen,LibGen.gl,DOWN,,,connection_refused,
2026-08-31T17:17:44.477206+00:00,LibGen,LibGen.gl,PROTECTED,200,5416,,Cloudflare
2026-08-31T17:18:46.159081+00:00,LibGen,LibGen.gl,PROTECTED,200,6212,,Cloudflare
2026-08-31T17:19:40.099762+00:00,LibGen,LibGen.gl,PROTECTED,503,308,,Cloudflare
2026-08-31T17:20:40.550008+00:00,LibGen,LibGen.gl,PROTECTED,503,298,,Cloudflare
2026-08-31T17:21:44.456145+00:00,LibGen,LibGen.gl,PROTECTED,200,3557,,Cloudflare
2026-08-31T17:22:42.361749+00:00,LibGen,LibGen.gl,PROTECTED,200,848,,Cloudflare
2026-08-31T17:24:02.530134+00:00,LibGen,LibGen.gl,DOWN,,,connection_refused,
2026-08-31T17:24:46.516797+00:00,LibGen,LibGen.gl,PROTECTED,200,4684,,Cloudflare
2026-08-31T17:25:46.895977+00:00,LibGen,LibGen.gl,PROTECTED,200,2680,,Cloudflare
2026-08-31T17:26:45.397657+00:00,LibGen,LibGen.gl,PROTECTED,200,754,,Cloudflare
2026-08-31T17:27:45.893217+00:00,LibGen,LibGen.gl,PROTECTED,200,1108,,Cloudflare
2026-08-31T17:28:47.060714+00:00,LibGen,LibGen.gl,PROTECTED,200,1320,,Cloudflare
2026-08-31T17:29:48.158263+00:00,LibGen,LibGen.gl,PROTECTED,200,1717,,Cloudflare
2026-08-31T17:30:48.752943+00:00,LibGen,LibGen.gl,PROTECTED,200,1250,,Cloudflare
2026-08-31T17:31:49.224680+00:00,LibGen,LibGen.gl,PROTECTED,200,1105,,Cloudflare
2026-08-31T17:32:49.310666+00:00,LibGen,LibGen.gl,PROTECTED,200,1003,,Cloudflare
2026-08-31T17:33:50.309918+00:00,LibGen,LibGen.gl,PROTECTED,200,1834,,Cloudflare
2026-08-31T17:34:51.869930+00:00,LibGen,LibGen.gl,PROTECTED,200,2844,,Cloudflare
2026-08-31T17:35:49.582947+00:00,LibGen,LibGen.gl,PROTECTED,200,696,,Cloudflare
2026-08-31T17:36:50.765006+00:00,LibGen,LibGen.gl,PROTECTED,200,937,,Cloudflare
2026-08-31T17:37:51.078943+00:00,LibGen,LibGen.gl,PROTECTED,200,821,,Cloudflare
2026-08-31T17:38:51.783040+00:00,LibGen,LibGen.gl,PROTECTED,200,723,,Cloudflare
2026-08-31T17:39:53.090996+00:00,LibGen,LibGen.gl,PROTECTED,200,1749,,Cloudflare
2026-08-31T17:40:51.675220+00:00,LibGen,LibGen.gl,PROTECTED,200,1113,,Cloudflare
2026-08-31T17:41:53.103940+00:00,LibGen,LibGen.gl,PROTECTED,200,2230,,Cloudflare
2026-08-31T17:42:54.288062+00:00,LibGen,LibGen.gl,PROTECTED,200,2921,,Cloudflare
2026-08-31T17:43:52.623562+00:00,LibGen,LibGen.gl,PROTECTED,200,1207,,Cloudflare
2026-08-31T17:44:53.657153+00:00,LibGen,LibGen.gl,PROTECTED,200,1319,,Cloudflare
2026-08-31T17:45:54.244111+00:00,LibGen,LibGen.gl,PROTECTED,200,2068,,Cloudflare
2026-08-31T17:46:54.303234+00:00,LibGen,LibGen.gl,PROTECTED,200,1783,,Cloudflare
2026-08-31T17:47:54.526045+00:00,LibGen,LibGen.gl,PROTECTED,200,874,,Cloudflare
2026-08-31T17:48:54.529757+00:00,LibGen,LibGen.gl,PROTECTED,200,1213,,Cloudflare
2026-08-31T17:49:56.558803+00:00,LibGen,LibGen.gl,PROTECTED,200,3360,,Cloudflare
2026-08-31T17:50:55.845163+00:00,LibGen,LibGen.gl,PROTECTED,200,2483,,Cloudflare
2026-08-31T17:51:57.231818+00:00,LibGen,LibGen.gl,PROTECTED,200,3448,,Cloudflare
2026-08-31T17:52:55.687646+00:00,LibGen,LibGen.gl,PROTECTED,200,1183,,Cloudflare
2026-08-31T17:53:55.594268+00:00,LibGen,LibGen.gl,PROTECTED,200,890,,Cloudflare
2026-08-31T17:54:55.906913+00:00,LibGen,LibGen.gl,PROTECTED,200,1050,,Cloudflare
2026-08-31T17:55:56.303589+00:00,LibGen,LibGen.gl,PROTECTED,200,1623,,Cloudflare
2026-08-31T17:56:57.750416+00:00,LibGen,LibGen.gl,PROTECTED,200,2529,,Cloudflare
2026-08-31T17:57:58.332789+00:00,LibGen,LibGen.gl,PROTECTED,200,1680,,Cloudflare
2026-08-31T17:59:18.531631+00:00,LibGen,LibGen.gl,DOWN,,,connection_refused,
2026-08-31T17:59:58.088204+00:00,LibGen,LibGen.gl,PROTECTED,200,836,,Cloudflare
2026-08-31T18:01:07.518506+00:00,LibGen,LibGen.gl,PROTECTED,200,10545,,Cloudflare
2026-08-31T18:01:58.347017+00:00,LibGen,LibGen.gl,PROTECTED,200,1145,,Cloudflare
2026-08-31T18:02:58.273772+00:00,LibGen,LibGen.gl,PROTECTED,200,760,,Cloudflare
2026-08-31T18:04:01.808889+00:00,LibGen,LibGen.gl,PROTECTED,200,3550,,Cloudflare
2026-08-31T18:04:59.790146+00:00,LibGen,LibGen.gl,PROTECTED,200,1885,,Cloudflare
2026-08-31T18:05:59.861497+00:00,LibGen,LibGen.gl,PROTECTED,200,1730,,Cloudflare
2026-08-31T18:07:01.758177+00:00,LibGen,LibGen.gl,PROTECTED,200,2254,,Cloudflare
2026-08-31T18:08:00.898094+00:00,LibGen,LibGen.gl,PROTECTED,200,1068,,Cloudflare
2026-08-31T18:09:02.085966+00:00,LibGen,LibGen.gl,PROTECTED,200,2339,,Cloudflare
2026-08-31T18:10:01.704181+00:00,LibGen,LibGen.gl,PROTECTED,200,1697,,Cloudflare
2026-08-31T18:11:03.541408+00:00,LibGen,LibGen.gl,PROTECTED,200,2037,,Cloudflare
2026-08-31T18:12:02.191982+00:00,LibGen,LibGen.gl,PROTECTED,200,1124,,Cloudflare
2026-08-31T18:13:03.185014+00:00,LibGen,LibGen.gl,PROTECTED,200,2218,,Cloudflare
2026-08-31T18:14:02.391729+00:00,LibGen,LibGen.gl,PROTECTED,200,1163,,Cloudflare
2026-08-31T18:15:02.539916+00:00,LibGen,LibGen.gl,PROTECTED,200,817,,Cloudflare
2026-08-31T18:16:03.788820+00:00,LibGen,LibGen.gl,PROTECTED,200,1210,,Cloudflare
2026-08-31T18:17:03.796447+00:00,LibGen,LibGen.gl,PROTECTED,200,735,,Cloudflare
2026-08-31T18:18:06.176685+00:00,LibGen,LibGen.gl,PROTECTED,200,1451,,Cloudflare
2026-08-31T18:19:04.781484+00:00,LibGen,LibGen.gl,PROTECTED,200,783,,Cloudflare
2026-08-31T18:20:06.190860+00:00,LibGen,LibGen.gl,PROTECTED,200,2222,,Cloudflare
2026-08-31T18:21:06.576751+00:00,LibGen,LibGen.gl,PROTECTED,200,1423,,Cloudflare
2026-08-31T18:22:07.248812+00:00,LibGen,LibGen.gl,PROTECTED,200,1785,,Cloudflare
2026-08-31T18:23:07.640141+00:00,LibGen,LibGen.gl,PROTECTED,200,1694,,Cloudflare
2026-08-31T18:24:07.185786+00:00,LibGen,LibGen.gl,PROTECTED,200,1168,,Cloudflare
2026-08-31T18:25:10.875892+00:00,LibGen,LibGen.gl,PROTECTED,200,4307,,Cloudflare
2026-08-31T18:26:07.547799+00:00,LibGen,LibGen.gl,PROTECTED,200,1605,,Cloudflare
2026-08-31T18:27:07.889773+00:00,LibGen,LibGen.gl,PROTECTED,200,1514,,Cloudflare
2026-08-31T18:28:07.935754+00:00,LibGen,LibGen.gl,PROTECTED,200,790,,Cloudflare
2026-08-31T18:29:09.849220+00:00,LibGen,LibGen.gl,PROTECTED,200,1832,,Cloudflare
2026-08-31T18:30:08.802979+00:00,LibGen,LibGen.gl,PROTECTED,200,1365,,Cloudflare
2026-08-31T18:31:09.574417+00:00,LibGen,LibGen.gl,PROTECTED,200,1633,,Cloudflare
2026-08-31T18:32:10.838900+00:00,LibGen,LibGen.gl,PROTECTED,200,1501,,Cloudflare
2026-08-31T18:33:09.928768+00:00,LibGen,LibGen.gl,PROTECTED,200,1239,,Cloudflare
2026-08-31T18:34:10.218885+00:00,LibGen,LibGen.gl,PROTECTED,200,741,,Cloudflare
2026-08-31T18:35:15.336973+00:00,LibGen,LibGen.gl,PROTECTED,200,5865,,Cloudflare
2026-08-31T18:36:10.811060+00:00,LibGen,LibGen.gl,PROTECTED,200,1086,,Cloudflare
2026-08-31T18:37:11.843575+00:00,LibGen,LibGen.gl,PROTECTED,200,2000,,Cloudflare
2026-08-31T18:38:14.161423+00:00,LibGen,LibGen.gl,PROTECTED,200,3201,,Cloudflare
2026-08-31T18:39:12.339076+00:00,LibGen,LibGen.gl,PROTECTED,200,1834,,Cloudflare
2026-08-31T18:40:12.735528+00:00,LibGen,LibGen.gl,PROTECTED,200,1600,,Cloudflare
2026-08-31T18:41:11.950010+00:00,LibGen,LibGen.gl,PROTECTED,200,865,,Cloudflare
2026-08-31T18:42:13.253178+00:00,LibGen,LibGen.gl,PROTECTED,200,1778,,Cloudflare
2026-08-31T18:43:14.036565+00:00,LibGen,LibGen.gl,PROTECTED,200,2012,,Cloudflare
2026-08-31T18:44:14.059750+00:00,LibGen,LibGen.gl,PROTECTED,200,1224,,Cloudflare
2026-08-31T18:45:13.903950+00:00,LibGen,LibGen.gl,PROTECTED,200,1449,,Cloudflare
2026-08-31T18:46:15.841628+00:00,LibGen,LibGen.gl,PROTECTED,200,2067,,Cloudflare
2026-08-31T18:47:15.223720+00:00,LibGen,LibGen.gl,PROTECTED,200,1140,,Cloudflare
2026-08-31T18:48:17.763252+00:00,LibGen,LibGen.gl,PROTECTED,200,2123,,Cloudflare
2026-08-31T18:49:15.525042+00:00,LibGen,LibGen.gl,PROTECTED,200,738,,Cloudflare
2026-08-31T18:50:16.167971+00:00,LibGen,LibGen.gl,PROTECTED,200,1871,,Cloudflare
2026-08-31T18:51:17.505069+00:00,LibGen,LibGen.gl,PROTECTED,200,1752,,Cloudflare
2026-08-31T18:52:17.316383+00:00,LibGen,LibGen.gl,PROTECTED,200,1427,,Cloudflare
2026-08-31T18:53:18.513881+00:00,LibGen,LibGen.gl,PROTECTED,200,1416,,Cloudflare
2026-08-31T18:54:18.578789+00:00,LibGen,LibGen.gl,PROTECTED,200,1515,,Cloudflare
2026-08-31T18:55:18.596501+00:00,LibGen,LibGen.gl,PROTECTED,200,1299,,Cloudflare
2026-08-31T18:56:19.913573+00:00,LibGen,LibGen.gl,PROTECTED,200,2076,,Cloudflare
2026-08-31T18:57:19.422780+00:00,LibGen,LibGen.gl,PROTECTED,200,922,,Cloudflare
2026-08-31T18:58:19.855903+00:00,LibGen,LibGen.gl,PROTECTED,200,941,,Cloudflare
2026-08-31T18:59:20.656848+00:00,LibGen,LibGen.gl,PROTECTED,200,1623,,Cloudflare
2026-08-31T19:00:19.862873+00:00,LibGen,LibGen.gl,PROTECTED,200,726,,Cloudflare
2026-08-31T19:01:21.409042+00:00,LibGen,LibGen.gl,PROTECTED,200,1514,,Cloudflare
2026-08-31T19:02:22.252198+00:00,LibGen,LibGen.gl,PROTECTED,200,1416,,Cloudflare
2026-08-31T19:03:22.832569+00:00,LibGen,LibGen.gl,PROTECTED,200,1275,,Cloudflare
2026-08-31T19:04:22.798581+00:00,LibGen,LibGen.gl,PROTECTED,200,1869,,Cloudflare
2026-08-31T19:05:22.467902+00:00,LibGen,LibGen.gl,PROTECTED,200,1480,,Cloudflare
2026-08-31T19:06:22.972342+00:00,LibGen,LibGen.gl,PROTECTED,200,1764,,Cloudflare
2026-08-31T19:07:23.998606+00:00,LibGen,LibGen.gl,PROTECTED,200,1991,,Cloudflare
2026-08-31T19:08:25.080979+00:00,LibGen,LibGen.gl,PROTECTED,200,1286,,Cloudflare
2026-08-31T19:09:26.793451+00:00,LibGen,LibGen.gl,PROTECTED,200,4641,,Cloudflare
2026-08-31T19:10:26.507905+00:00,LibGen,LibGen.gl,PROTECTED,200,3148,,Cloudflare
2026-08-31T19:11:25.132571+00:00,LibGen,LibGen.gl,PROTECTED,200,1619,,Cloudflare
2026-08-31T19:12:25.497974+00:00,LibGen,LibGen.gl,PROTECTED,200,1438,,Cloudflare
2026-08-31T19:13:26.222842+00:00,LibGen,LibGen.gl,PROTECTED,200,1423,,Cloudflare
2026-08-31T19:14:26.211189+00:00,LibGen,LibGen.gl,PROTECTED,200,766,,Cloudflare
2026-08-31T19:15:25.906892+00:00,LibGen,LibGen.gl,PROTECTED,200,712,,Cloudflare
2026-08-31T19:16:27.337420+00:00,LibGen,LibGen.gl,PROTECTED,200,722,,Cloudflare
2026-08-31T19:17:28.429170+00:00,LibGen,LibGen.gl,PROTECTED,200,1784,,Cloudflare
2026-08-31T19:18:28.969230+00:00,LibGen,LibGen.gl,PROTECTED,200,2299,,Cloudflare
2026-08-31T19:19:29.226656+00:00,LibGen,LibGen.gl,PROTECTED,200,1877,,Cloudflare
2026-08-31T19:20:29.723213+00:00,LibGen,LibGen.gl,PROTECTED,200,1439,,Cloudflare
2026-08-31T19:21:29.543477+00:00,LibGen,LibGen.gl,PROTECTED,200,2008,,Cloudflare
2026-08-31T19:22:28.915378+00:00,LibGen,LibGen.gl,PROTECTED,200,1050,,Cloudflare
2026-08-31T19:23:28.775717+00:00,LibGen,LibGen.gl,PROTECTED,200,735,,Cloudflare
2026-08-31T19:24:29.764064+00:00,LibGen,LibGen.gl,PROTECTED,200,1477,,Cloudflare
2026-08-31T19:25:31.038910+00:00,LibGen,LibGen.gl,PROTECTED,200,1860,,Cloudflare
2026-08-31T19:26:31.724993+00:00,LibGen,LibGen.gl,PROTECTED,200,1225,,Cloudflare
2026-08-31T19:27:33.325535+00:00,LibGen,LibGen.gl,PROTECTED,200,3014,,Cloudflare
2026-08-31T19:28:32.829909+00:00,LibGen,LibGen.gl,PROTECTED,200,1542,,Cloudflare
2026-08-31T19:29:34.556085+00:00,LibGen,LibGen.gl,PROTECTED,200,2799,,Cloudflare
2026-08-31T19:30:33.838712+00:00,LibGen,LibGen.gl,PROTECTED,200,1262,,Cloudflare
2026-08-31T19:31:34.339109+00:00,LibGen,LibGen.gl,PROTECTED,200,1419,,Cloudflare
2026-08-31T19:32:36.112721+00:00,LibGen,LibGen.gl,PROTECTED,200,1666,,Cloudflare
2026-08-31T19:33:34.981665+00:00,LibGen,LibGen.gl,PROTECTED,200,1848,,Cloudflare
2026-08-31T19:34:42.553200+00:00,LibGen,LibGen.gl,PROTECTED,200,8914,,Cloudflare
2026-08-31T19:35:35.231979+00:00,LibGen,LibGen.gl,PROTECTED,200,928,,Cloudflare
2026-08-31T19:36:35.162068+00:00,LibGen,LibGen.gl,PROTECTED,200,759,,Cloudflare
2026-08-31T19:37:36.002224+00:00,LibGen,LibGen.gl,PROTECTED,200,1366,,Cloudflare
2026-08-31T19:38:38.737988+00:00,LibGen,LibGen.gl,PROTECTED,200,1601,,Cloudflare
2026-08-31T19:39:36.278272+00:00,LibGen,LibGen.gl,PROTECTED,200,919,,Cloudflare
2026-08-31T19:40:37.283041+00:00,LibGen,LibGen.gl,PROTECTED,200,1784,,Cloudflare
2026-08-31T19:41:35.900939+00:00,LibGen,LibGen.gl,PROTECTED,503,558,,Cloudflare
2026-08-31T19:42:35.883020+00:00,LibGen,LibGen.gl,PROTECTED,503,325,,Cloudflare
2026-08-31T19:43:36.698664+00:00,LibGen,LibGen.gl,PROTECTED,200,726,,Cloudflare
2026-08-31T19:44:37.772423+00:00,LibGen,LibGen.gl,PROTECTED,200,869,,Cloudflare
2026-08-31T19:45:38.442892+00:00,LibGen,LibGen.gl,PROTECTED,200,952,,Cloudflare
2026-08-31T19:46:42.725376+00:00,LibGen,LibGen.gl,PROTECTED,200,1013,,Cloudflare
2026-08-31T19:47:40.906780+00:00,LibGen,LibGen.gl,PROTECTED,200,2545,,Cloudflare
2026-08-31T19:48:40.619095+00:00,LibGen,LibGen.gl,PROTECTED,200,1057,,Cloudflare
2026-08-31T19:49:40.767698+00:00,LibGen,LibGen.gl,PROTECTED,200,906,,Cloudflare
2026-08-31T19:50:42.600842+00:00,LibGen,LibGen.gl,PROTECTED,200,1285,,Cloudflare
2026-08-31T19:51:46.512024+00:00,LibGen,LibGen.gl,PROTECTED,200,1658,,Cloudflare
2026-08-31T19:52:42.764808+00:00,LibGen,LibGen.gl,PROTECTED,200,791,,Cloudflare
2026-08-31T19:53:43.149641+00:00,LibGen,LibGen.gl,PROTECTED,200,871,,Cloudflare
2026-08-31T19:54:42.946711+00:00,LibGen,LibGen.gl,PROTECTED,200,1052,,Cloudflare
2026-08-31T19:55:43.360785+00:00,LibGen,LibGen.gl,PROTECTED,200,1273,,Cloudflare
2026-08-31T19:56:43.698064+00:00,LibGen,LibGen.gl,PROTECTED,200,1781,,Cloudflare
2026-08-31T19:57:48.944379+00:00,LibGen,LibGen.gl,PROTECTED,200,4932,,Cloudflare
2026-08-31T19:58:45.422719+00:00,LibGen,LibGen.gl,PROTECTED,200,1744,,Cloudflare
2026-08-31T19:59:44.359554+00:00,LibGen,LibGen.gl,PROTECTED,200,1260,,Cloudflare
2026-08-31T20:00:46.037826+00:00,LibGen,LibGen.gl,PROTECTED,200,2634,,Cloudflare
2026-08-31T20:01:46.757732+00:00,LibGen,LibGen.gl,PROTECTED,200,1028,,Cloudflare
2026-08-31T20:02:45.893545+00:00,LibGen,LibGen.gl,PROTECTED,200,1214,,Cloudflare
2026-08-31T20:03:46.527631+00:00,LibGen,LibGen.gl,PROTECTED,200,1779,,Cloudflare
2026-08-31T20:04:45.729507+00:00,LibGen,LibGen.gl,PROTECTED,200,729,,Cloudflare
2026-08-31T20:05:47.145868+00:00,LibGen,LibGen.gl,PROTECTED,200,1090,,Cloudflare
2026-08-31T20:06:48.677559+00:00,LibGen,LibGen.gl,PROTECTED,200,691,,Cloudflare
2026-08-31T20:07:51.955868+00:00,LibGen,LibGen.gl,PROTECTED,200,4636,,Cloudflare
2026-08-31T20:08:50.105518+00:00,LibGen,LibGen.gl,PROTECTED,200,2614,,Cloudflare
2026-08-31T20:09:50.133616+00:00,LibGen,LibGen.gl,PROTECTED,200,2300,,Cloudflare
2026-08-31T20:10:49.438134+00:00,LibGen,LibGen.gl,PROTECTED,200,733,,Cloudflare
2026-08-31T20:11:52.762544+00:00,LibGen,LibGen.gl,PROTECTED,200,3047,,Cloudflare
2026-08-31T20:12:49.734391+00:00,LibGen,LibGen.gl,DOWN,500,832,http_error,
2026-08-31T20:13:52.923817+00:00,LibGen,LibGen.gl,PROTECTED,200,1175,,Cloudflare
2026-08-31T20:14:52.463999+00:00,LibGen,LibGen.gl,PROTECTED,200,1649,,Cloudflare
2026-08-31T20:15:52.142653+00:00,LibGen,LibGen.gl,PROTECTED,200,1885,,Cloudflare
2026-08-31T20:16:54.288758+00:00,LibGen,LibGen.gl,PROTECTED,200,1920,,Cloudflare
2026-08-31T20:17:53.655103+00:00,LibGen,LibGen.gl,PROTECTED,200,1632,,Cloudflare
2026-08-31T20:18:53.102132+00:00,LibGen,LibGen.gl,PROTECTED,200,1503,,Cloudflare
2026-08-31T20:19:53.458703+00:00,LibGen,LibGen.gl,PROTECTED,200,1427,,Cloudflare
2026-08-31T20:20:54.853075+00:00,LibGen,LibGen.gl,PROTECTED,200,1822,,Cloudflare
2026-08-31T20:21:56.402639+00:00,LibGen,LibGen.gl,PROTECTED,200,931,,Cloudflare
2026-08-31T20:22:57.945660+00:00,LibGen,LibGen.gl,PROTECTED,200,1989,,Cloudflare
2026-08-31T20:23:55.081581+00:00,LibGen,LibGen.gl,PROTECTED,200,690,,Cloudflare
2026-08-31T20:24:56.984980+00:00,LibGen,LibGen.gl,PROTECTED,200,1886,,Cloudflare
2026-08-31T20:25:58.457265+00:00,LibGen,LibGen.gl,PROTECTED,200,2060,,Cloudflare
2026-08-31T20:26:58.999137+00:00,LibGen,LibGen.gl,PROTECTED,200,1854,,Cloudflare
2026-08-31T20:27:59.311652+00:00,LibGen,LibGen.gl,PROTECTED,200,2799,,Cloudflare
2026-08-31T20:28:59.189620+00:00,LibGen,LibGen.gl,PROTECTED,200,1453,,Cloudflare
2026-08-31T20:29:59.046891+00:00,LibGen,LibGen.gl,PROTECTED,200,686,,Cloudflare
2026-08-31T20:31:01.537663+00:00,LibGen,LibGen.gl,PROTECTED,200,1881,,Cloudflare
2026-08-31T20:32:01.191757+00:00,LibGen,LibGen.gl,PROTECTED,200,1100,,Cloudflare
2026-08-31T20:33:01.476668+00:00,LibGen,LibGen.gl,PROTECTED,200,1402,,Cloudflare
2026-08-31T20:34:01.505971+00:00,LibGen,LibGen.gl,PROTECTED,200,1406,,Cloudflare
2026-08-31T20:35:02.854733+00:00,LibGen,LibGen.gl,PROTECTED,200,1389,,Cloudflare
2026-08-31T20:36:02.688990+00:00,LibGen,LibGen.gl,PROTECTED,200,1188,,Cloudflare
2026-08-31T20:37:05.511011+00:00,LibGen,LibGen.gl,PROTECTED,200,2626,,Cloudflare
2026-08-31T20:38:04.417948+00:00,LibGen,LibGen.gl,PROTECTED,200,1461,,Cloudflare
2026-08-31T20:39:03.959856+00:00,LibGen,LibGen.gl,PROTECTED,200,1144,,Cloudflare
2026-08-31T20:40:08.682023+00:00,LibGen,LibGen.gl,PROTECTED,200,5604,,Cloudflare
2026-08-31T20:41:04.668318+00:00,LibGen,LibGen.gl,PROTECTED,200,706,,Cloudflare
2026-08-31T20:42:04.767151+00:00,LibGen,LibGen.gl,PROTECTED,200,708,,Cloudflare
2026-08-31T20:43:06.244755+00:00,LibGen,LibGen.gl,PROTECTED,200,1231,,Cloudflare
2026-08-31T20:44:07.516711+00:00,LibGen,LibGen.gl,PROTECTED,200,1751,,Cloudflare
2026-08-31T20:45:08.791946+00:00,LibGen,LibGen.gl,PROTECTED,200,1814,,Cloudflare
2026-08-31T20:46:07.500193+00:00,LibGen,LibGen.gl,PROTECTED,200,1345,,Cloudflare
2026-08-31T20:47:09.960107+00:00,LibGen,LibGen.gl,PROTECTED,200,2623,,Cloudflare
2026-08-31T20:48:08.768678+00:00,LibGen,LibGen.gl,PROTECTED,200,1670,,Cloudflare
2026-08-31T20:49:10.051559+00:00,LibGen,LibGen.gl,PROTECTED,200,1985,,Cloudflare
2026-08-31T20:50:29.520465+00:00,LibGen,LibGen.gl,DOWN,,,connection_refused,
2026-08-31T20:51:14.197397+00:00,LibGen,LibGen.gl,PROTECTED,200,1220,,Cloudflare
2026-08-31T20:52:12.908885+00:00,LibGen,LibGen.gl,PROTECTED,200,3154,,Cloudflare
2026-08-31T20:53:12.325212+00:00,LibGen,LibGen.gl,PROTECTED,200,1349,,Cloudflare
2026-08-31T20:54:14.561341+00:00,LibGen,LibGen.gl,PROTECTED,200,925,,Cloudflare
2026-08-31T20:55:14.820642+00:00,LibGen,LibGen.gl,PROTECTED,200,1682,,Cloudflare
2026-08-31T20:56:14.043384+00:00,LibGen,LibGen.gl,PROTECTED,200,678,,Cloudflare
2026-08-31T20:57:14.201407+00:00,LibGen,LibGen.gl,PROTECTED,200,1357,,Cloudflare
2026-08-31T20:58:14.731673+00:00,LibGen,LibGen.gl,PROTECTED,200,689,,Cloudflare
2026-08-31T20:59:16.683731+00:00,LibGen,LibGen.gl,PROTECTED,200,2368,,Cloudflare
2026-08-31T21:00:17.649251+00:00,LibGen,LibGen.gl,PROTECTED,200,3092,,Cloudflare
2026-08-31T21:01:15.729641+00:00,LibGen,LibGen.gl,PROTECTED,200,698,,Cloudflare
2026-08-31T21:02:17.415436+00:00,LibGen,LibGen.gl,PROTECTED,200,1475,,Cloudflare
2026-08-31T21:03:17.577610+00:00,LibGen,LibGen.gl,PROTECTED,200,699,,Cloudflare
2026-08-31T21:04:19.464972+00:00,LibGen,LibGen.gl,PROTECTED,200,1633,,Cloudflare
2026-08-31T21:05:18.481088+00:00,LibGen,LibGen.gl,PROTECTED,200,983,,Cloudflare
2026-08-31T21:06:20.063263+00:00,LibGen,LibGen.gl,PROTECTED,200,884,,Cloudflare
2026-08-31T21:07:21.577372+00:00,LibGen,LibGen.gl,PROTECTED,200,2392,,Cloudflare
2026-08-31T21:08:22.552190+00:00,LibGen,LibGen.gl,PROTECTED,200,2481,,Cloudflare
2026-08-31T21:09:22.490246+00:00,LibGen,LibGen.gl,PROTECTED,200,706,,Cloudflare
2026-08-31T21:10:24.508199+00:00,LibGen,LibGen.gl,PROTECTED,200,2542,,Cloudflare
2026-08-31T21:11:23.711866+00:00,LibGen,LibGen.gl,PROTECTED,200,1735,,Cloudflare
2026-08-31T21:12:25.253351+00:00,LibGen,LibGen.gl,PROTECTED,200,1750,,Cloudflare
2026-08-31T21:13:24.861049+00:00,LibGen,LibGen.gl,PROTECTED,200,931,,Cloudflare
2026-08-31T21:14:25.535904+00:00,LibGen,LibGen.gl,PROTECTED,200,900,,Cloudflare
2026-08-31T21:15:26.873040+00:00,LibGen,LibGen.gl,PROTECTED,200,2192,,Cloudflare
2026-08-31T21:16:26.255959+00:00,LibGen,LibGen.gl,PROTECTED,200,1411,,Cloudflare
2026-08-31T21:17:25.988818+00:00,LibGen,LibGen.gl,PROTECTED,200,856,,Cloudflare
2026-08-31T21:18:26.969815+00:00,LibGen,LibGen.gl,PROTECTED,200,1860,,Cloudflare
2026-08-31T21:19:27.856577+00:00,LibGen,LibGen.gl,PROTECTED,200,2689,,Cloudflare
2026-08-31T21:20:27.245220+00:00,LibGen,LibGen.gl,PROTECTED,200,934,,Cloudflare
2026-08-31T21:21:28.446226+00:00,LibGen,LibGen.gl,PROTECTED,200,1183,,Cloudflare
2026-08-31T21:22:29.197462+00:00,LibGen,LibGen.gl,PROTECTED,200,1321,,Cloudflare
2026-08-31T21:23:29.222002+00:00,LibGen,LibGen.gl,PROTECTED,200,1918,,Cloudflare
2026-08-31T21:24:30.189888+00:00,LibGen,LibGen.gl,PROTECTED,200,1253,,Cloudflare
2026-08-31T21:25:30.044385+00:00,LibGen,LibGen.gl,PROTECTED,200,1054,,Cloudflare
2026-08-31T21:26:30.945153+00:00,LibGen,LibGen.gl,PROTECTED,200,1083,,Cloudflare
2026-08-31T21:27:32.229977+00:00,LibGen,LibGen.gl,PROTECTED,200,2145,,Cloudflare
2026-08-31T21:28:31.948837+00:00,LibGen,LibGen.gl,PROTECTED,200,1020,,Cloudflare
2026-08-31T21:29:32.008736+00:00,LibGen,LibGen.gl,PROTECTED,200,882,,Cloudflare
2026-08-31T21:30:31.964912+00:00,LibGen,LibGen.gl,PROTECTED,200,1198,,Cloudflare
2026-08-31T21:31:46.706693+00:00,LibGen,LibGen.gl,PROTECTED,200,11600,,Cloudflare
2026-08-31T21:32:34.041019+00:00,LibGen,LibGen.gl,PROTECTED,200,1801,,Cloudflare
2026-08-31T21:33:34.861065+00:00,LibGen,LibGen.gl,PROTECTED,200,1958,,Cloudflare
2026-08-31T21:34:37.068009+00:00,LibGen,LibGen.gl,PROTECTED,200,2981,,Cloudflare
2026-08-31T21:35:41.760995+00:00,LibGen,LibGen.gl,PROTECTED,200,3172,,Cloudflare
2026-08-31T21:36:36.851082+00:00,LibGen,LibGen.gl,PROTECTED,200,1932,,Cloudflare
2026-08-31T21:37:36.694844+00:00,LibGen,LibGen.gl,PROTECTED,200,885,,Cloudflare
2026-08-31T21:38:37.633835+00:00,LibGen,LibGen.gl,PROTECTED,200,940,,Cloudflare
2026-08-31T21:39:38.515130+00:00,LibGen,LibGen.gl,PROTECTED,200,1537,,Cloudflare
2026-08-31T21:40:38.313205+00:00,LibGen,LibGen.gl,PROTECTED,200,827,,Cloudflare
2026-08-31T21:41:39.633431+00:00,LibGen,LibGen.gl,PROTECTED,200,1441,,Cloudflare
2026-08-31T21:42:40.846886+00:00,LibGen,LibGen.gl,PROTECTED,200,1823,,Cloudflare
2026-08-31T21:43:42.178660+00:00,LibGen,LibGen.gl,PROTECTED,200,2173,,Cloudflare
2026-08-31T21:44:42.443618+00:00,LibGen,LibGen.gl,PROTECTED,200,847,,Cloudflare
2026-08-31T21:45:41.839275+00:00,LibGen,LibGen.gl,PROTECTED,200,745,,Cloudflare
2026-08-31T21:46:44.835813+00:00,LibGen,LibGen.gl,PROTECTED,200,2941,,Cloudflare
2026-08-31T21:47:44.003191+00:00,LibGen,LibGen.gl,PROTECTED,200,1001,,Cloudflare
2026-08-31T21:48:46.718168+00:00,LibGen,LibGen.gl,PROTECTED,200,2672,,Cloudflare
2026-08-31T21:49:47.965076+00:00,LibGen,LibGen.gl,PROTECTED,200,2227,,Cloudflare
2026-08-31T21:50:45.359800+00:00,LibGen,LibGen.gl,PROTECTED,200,1756,,Cloudflare
2026-08-31T21:51:47.276707+00:00,LibGen,LibGen.gl,PROTECTED,200,2097,,Cloudflare
2026-08-31T21:52:51.300706+00:00,LibGen,LibGen.gl,PROTECTED,200,4993,,Cloudflare
2026-08-31T21:53:49.277013+00:00,LibGen,LibGen.gl,PROTECTED,200,2650,,Cloudflare
2026-08-31T21:54:48.435348+00:00,LibGen,LibGen.gl,PROTECTED,200,876,,Cloudflare
2026-08-31T21:55:49.199727+00:00,LibGen,LibGen.gl,PROTECTED,200,1409,,Cloudflare
2026-08-31T21:56:51.121926+00:00,LibGen,LibGen.gl,PROTECTED,200,2668,,Cloudflare
2026-08-31T21:57:55.134100+00:00,LibGen,LibGen.gl,PROTECTED,200,5289,,Cloudflare
2026-08-31T21:58:53.633714+00:00,LibGen,LibGen.gl,PROTECTED,200,1446,,Cloudflare
2026-08-31T21:59:52.511985+00:00,LibGen,LibGen.gl,PROTECTED,200,1245,,Cloudflare
2026-08-31T22:00:53.992952+00:00,LibGen,LibGen.gl,PROTECTED,200,1192,,Cloudflare
2026-08-31T22:01:54.128576+00:00,LibGen,LibGen.gl,PROTECTED,200,1193,,Cloudflare
2026-08-31T22:02:55.703812+00:00,LibGen,LibGen.gl,PROTECTED,200,3137,,Cloudflare
2026-08-31T22:03:56.528398+00:00,LibGen,LibGen.gl,PROTECTED,200,1361,,Cloudflare
2026-08-31T22:04:54.602680+00:00,LibGen,LibGen.gl,PROTECTED,200,713,,Cloudflare
2026-08-31T22:05:55.229079+00:00,LibGen,LibGen.gl,PROTECTED,200,1331,,Cloudflare
2026-08-31T22:06:55.662007+00:00,LibGen,LibGen.gl,PROTECTED,200,1417,,Cloudflare
2026-08-31T22:07:56.709687+00:00,LibGen,LibGen.gl,PROTECTED,200,866,,Cloudflare
2026-08-31T22:08:55.350579+00:00,LibGen,LibGen.gl,PROTECTED,200,725,,Cloudflare
2026-08-31T22:09:55.848321+00:00,LibGen,LibGen.gl,PROTECTED,200,1126,,Cloudflare
2026-08-31T22:10:56.789164+00:00,LibGen,LibGen.gl,PROTECTED,200,1542,,Cloudflare
2026-08-31T22:11:59.997972+00:00,LibGen,LibGen.gl,PROTECTED,200,1485,,Cloudflare
2026-08-31T22:13:06.844502+00:00,LibGen,LibGen.gl,PROTECTED,200,10313,,Cloudflare
2026-08-31T22:13:58.138033+00:00,LibGen,LibGen.gl,DOWN,500,1019,http_error,
2026-08-31T22:15:00.057848+00:00,LibGen,LibGen.gl,PROTECTED,200,1800,,Cloudflare
2026-08-31T22:16:01.283031+00:00,LibGen,LibGen.gl,PROTECTED,200,2764,,Cloudflare
2026-08-31T22:17:01.568060+00:00,LibGen,LibGen.gl,PROTECTED,200,901,,Cloudflare
2026-08-31T22:18:01.153775+00:00,LibGen,LibGen.gl,PROTECTED,200,1526,,Cloudflare
2026-08-31T22:19:02.020187+00:00,LibGen,LibGen.gl,PROTECTED,200,1533,,Cloudflare
2026-08-31T22:20:01.335677+00:00,LibGen,LibGen.gl,PROTECTED,200,833,,Cloudflare
2026-08-31T22:21:01.970178+00:00,LibGen,LibGen.gl,PROTECTED,200,1170,,Cloudflare
2026-08-31T22:22:03.031990+00:00,LibGen,LibGen.gl,PROTECTED,200,1017,,Cloudflare
2026-08-31T22:23:05.111317+00:00,LibGen,LibGen.gl,PROTECTED,200,721,,Cloudflare
2026-08-31T22:24:03.150352+00:00,LibGen,LibGen.gl,PROTECTED,200,959,,Cloudflare
2026-08-31T22:25:04.908826+00:00,LibGen,LibGen.gl,PROTECTED,200,1733,,Cloudflare
2026-08-31T22:26:04.861113+00:00,LibGen,LibGen.gl,PROTECTED,200,1753,,Cloudflare
2026-08-31T22:27:04.216865+00:00,LibGen,LibGen.gl,PROTECTED,200,703,,Cloudflare
2026-08-31T22:28:08.133201+00:00,LibGen,LibGen.gl,PROTECTED,200,4468,,Cloudflare
2026-08-31T22:29:06.139045+00:00,LibGen,LibGen.gl,PROTECTED,200,864,,Cloudflare
2026-08-31T22:30:07.084735+00:00,LibGen,LibGen.gl,PROTECTED,200,758,,Cloudflare
2026-08-31T22:31:27.459495+00:00,LibGen,LibGen.gl,DOWN,,,connection_refused,
2026-08-31T22:32:08.571497+00:00,LibGen,LibGen.gl,PROTECTED,200,1549,,Cloudflare
2026-08-31T22:33:09.271759+00:00,LibGen,LibGen.gl,PROTECTED,200,952,,Cloudflare
2026-08-31T22:34:10.417378+00:00,LibGen,LibGen.gl,PROTECTED,200,2020,,Cloudflare
2026-08-31T22:35:10.790707+00:00,LibGen,LibGen.gl,PROTECTED,200,1453,,Cloudflare
2026-08-31T22:36:12.543989+00:00,LibGen,LibGen.gl,PROTECTED,200,698,,Cloudflare
2026-08-31T22:37:16.297698+00:00,LibGen,LibGen.gl,PROTECTED,200,4525,,Cloudflare
2026-08-31T22:38:13.572191+00:00,LibGen,LibGen.gl,PROTECTED,200,1469,,Cloudflare
2026-08-31T22:39:15.084963+00:00,LibGen,LibGen.gl,PROTECTED,200,3022,,Cloudflare
2026-08-31T22:40:16.929553+00:00,LibGen,LibGen.gl,PROTECTED,200,3075,,Cloudflare
2026-08-31T22:41:15.358984+00:00,LibGen,LibGen.gl,PROTECTED,200,1738,,Cloudflare
2026-08-31T22:42:16.364574+00:00,LibGen,LibGen.gl,PROTECTED,200,2635,,Cloudflare
2026-08-31T22:43:18.883232+00:00,LibGen,LibGen.gl,PROTECTED,200,3240,,Cloudflare
2026-08-31T22:44:17.980913+00:00,LibGen,LibGen.gl,PROTECTED,200,2073,,Cloudflare
2026-08-31T22:45:18.065897+00:00,LibGen,LibGen.gl,PROTECTED,200,1477,,Cloudflare
2026-08-31T22:46:19.643874+00:00,LibGen,LibGen.gl,PROTECTED,200,1423,,Cloudflare
2026-08-31T22:47:21.628847+00:00,LibGen,LibGen.gl,PROTECTED,200,2839,,Cloudflare
2026-08-31T22:48:20.381813+00:00,LibGen,LibGen.gl,PROTECTED,200,1997,,Cloudflare
2026-08-31T22:49:19.473455+00:00,LibGen,LibGen.gl,DOWN,500,919,http_error,
2026-08-31T22:50:21.327160+00:00,LibGen,LibGen.gl,PROTECTED,200,1670,,Cloudflare
2026-08-31T22:51:26.203797+00:00,LibGen,LibGen.gl,PROTECTED,200,6544,,Cloudflare
2026-08-31T22:52:22.423189+00:00,LibGen,LibGen.gl,PROTECTED,200,1443,,Cloudflare
2026-08-31T22:53:25.087761+00:00,LibGen,LibGen.gl,PROTECTED,200,2207,,Cloudflare
2026-08-31T22:54:24.372735+00:00,LibGen,LibGen.gl,PROTECTED,200,1951,,Cloudflare
2026-08-31T22:55:24.867600+00:00,LibGen,LibGen.gl,PROTECTED,200,1371,,Cloudflare
2026-08-31T22:56:26.211901+00:00,LibGen,LibGen.gl,PROTECTED,200,1975,,Cloudflare
2026-08-31T22:57:27.378460+00:00,LibGen,LibGen.gl,PROTECTED,200,2209,,Cloudflare
2026-08-31T22:58:29.094913+00:00,LibGen,LibGen.gl,PROTECTED,200,1167,,Cloudflare
2026-08-31T22:59:30.721847+00:00,LibGen,LibGen.gl,PROTECTED,200,2867,,Cloudflare
2026-08-31T23:00:29.527185+00:00,LibGen,LibGen.gl,PROTECTED,200,1316,,Cloudflare
2026-08-31T23:01:29.746513+00:00,LibGen,LibGen.gl,PROTECTED,200,1156,,Cloudflare
2026-08-31T23:02:30.409920+00:00,LibGen,LibGen.gl,PROTECTED,200,1751,,Cloudflare
2026-08-31T23:03:31.581970+00:00,LibGen,LibGen.gl,PROTECTED,200,1920,,Cloudflare
2026-08-31T23:04:30.898649+00:00,LibGen,LibGen.gl,PROTECTED,200,704,,Cloudflare
2026-08-31T23:05:31.200453+00:00,LibGen,LibGen.gl,PROTECTED,200,988,,Cloudflare
2026-08-31T23:06:30.891467+00:00,LibGen,LibGen.gl,PROTECTED,200,910,,Cloudflare
2026-08-31T23:07:32.840765+00:00,LibGen,LibGen.gl,PROTECTED,200,1757,,Cloudflare
2026-08-31T23:08:31.701757+00:00,LibGen,LibGen.gl,PROTECTED,200,1476,,Cloudflare
2026-08-31T23:09:33.102577+00:00,LibGen,LibGen.gl,PROTECTED,200,1764,,Cloudflare
2026-08-31T23:10:33.891230+00:00,LibGen,LibGen.gl,PROTECTED,200,2239,,Cloudflare
2026-08-31T23:11:34.178112+00:00,LibGen,LibGen.gl,PROTECTED,200,1613,,Cloudflare
2026-08-31T23:12:38.701748+00:00,LibGen,LibGen.gl,PROTECTED,200,5099,,Cloudflare
2026-08-31T23:13:36.302021+00:00,LibGen,LibGen.gl,PROTECTED,200,1949,,Cloudflare
2026-08-31T23:14:35.413783+00:00,LibGen,LibGen.gl,PROTECTED,200,702,,Cloudflare
2026-08-31T23:15:35.724169+00:00,LibGen,LibGen.gl,DOWN,500,842,http_error,
2026-08-31T23:16:36.097797+00:00,LibGen,LibGen.gl,PROTECTED,200,727,,Cloudflare
2026-08-31T23:17:36.591959+00:00,LibGen,LibGen.gl,PROTECTED,200,1016,,Cloudflare
2026-08-31T23:18:39.477960+00:00,LibGen,LibGen.gl,PROTECTED,200,2471,,Cloudflare
2026-08-31T23:19:37.874757+00:00,LibGen,LibGen.gl,PROTECTED,200,1201,,Cloudflare
2026-08-31T23:20:38.173966+00:00,LibGen,LibGen.gl,PROTECTED,200,1450,,Cloudflare
2026-08-31T23:21:39.630271+00:00,LibGen,LibGen.gl,PROTECTED,200,2937,,Cloudflare
2026-08-31T23:22:42.138551+00:00,LibGen,LibGen.gl,PROTECTED,200,4582,,Cloudflare
2026-08-31T23:23:39.927984+00:00,LibGen,LibGen.gl,PROTECTED,200,2483,,Cloudflare
2026-08-31T23:24:39.068055+00:00,LibGen,LibGen.gl,PROTECTED,200,957,,Cloudflare
2026-08-31T23:25:41.066916+00:00,LibGen,LibGen.gl,PROTECTED,200,2163,,Cloudflare
2026-08-31T23:26:41.819861+00:00,LibGen,LibGen.gl,PROTECTED,200,2949,,Cloudflare
2026-08-31T23:27:40.802555+00:00,LibGen,LibGen.gl,PROTECTED,200,1019,,Cloudflare
2026-08-31T23:28:43.523917+00:00,LibGen,LibGen.gl,PROTECTED,200,3446,,Cloudflare
2026-08-31T23:29:42.303025+00:00,LibGen,LibGen.gl,PROTECTED,200,1558,,Cloudflare
2026-08-31T23:30:42.278878+00:00,LibGen,LibGen.gl,PROTECTED,200,1222,,Cloudflare
2026-08-31T23:31:44.119941+00:00,LibGen,LibGen.gl,PROTECTED,200,2604,,Cloudflare
2026-08-31T23:32:43.209905+00:00,LibGen,LibGen.gl,PROTECTED,200,1619,,Cloudflare
2026-08-31T23:33:43.334874+00:00,LibGen,LibGen.gl,PROTECTED,200,1743,,Cloudflare
2026-08-31T23:34:43.934946+00:00,LibGen,LibGen.gl,PROTECTED,200,1732,,Cloudflare
2026-08-31T23:35:44.960708+00:00,LibGen,LibGen.gl,PROTECTED,200,1105,,Cloudflare
2026-08-31T23:36:46.503425+00:00,LibGen,LibGen.gl,PROTECTED,200,3241,,Cloudflare
2026-08-31T23:37:45.721052+00:00,LibGen,LibGen.gl,PROTECTED,200,767,,Cloudflare
2026-08-31T23:38:46.177175+00:00,LibGen,LibGen.gl,PROTECTED,200,1070,,Cloudflare
2026-08-31T23:39:47.105827+00:00,LibGen,LibGen.gl,PROTECTED,200,1233,,Cloudflare
2026-08-31T23:40:47.629713+00:00,LibGen,LibGen.gl,PROTECTED,200,1529,,Cloudflare
2026-08-31T23:41:50.396955+00:00,LibGen,LibGen.gl,PROTECTED,200,3341,,Cloudflare
2026-08-31T23:42:50.110774+00:00,LibGen,LibGen.gl,PROTECTED,200,2219,,Cloudflare
2026-08-31T23:43:51.614754+00:00,LibGen,LibGen.gl,PROTECTED,200,2850,,Cloudflare
2026-08-31T23:44:52.764764+00:00,LibGen,LibGen.gl,PROTECTED,200,3087,,Cloudflare
2026-08-31T23:45:52.390123+00:00,LibGen,LibGen.gl,PROTECTED,200,1517,,Cloudflare
2026-08-31T23:46:53.021044+00:00,LibGen,LibGen.gl,PROTECTED,200,751,,Cloudflare
2026-08-31T23:47:53.352988+00:00,LibGen,LibGen.gl,PROTECTED,200,1972,,Cloudflare
2026-08-31T23:48:54.557140+00:00,LibGen,LibGen.gl,PROTECTED,200,1086,,Cloudflare
2026-08-31T23:49:53.779836+00:00,LibGen,LibGen.gl,PROTECTED,200,804,,Cloudflare
2026-08-31T23:50:54.732229+00:00,LibGen,LibGen.gl,PROTECTED,200,2496,,Cloudflare
2026-08-31T23:51:54.404538+00:00,LibGen,LibGen.gl,PROTECTED,200,1619,,Cloudflare
2026-08-31T23:52:54.204606+00:00,LibGen,LibGen.gl,PROTECTED,200,1914,,Cloudflare
2026-08-31T23:53:55.054843+00:00,LibGen,LibGen.gl,PROTECTED,200,894,,Cloudflare
2026-08-31T23:54:56.694036+00:00,LibGen,LibGen.gl,PROTECTED,200,782,,Cloudflare
2026-08-31T23:55:58.476173+00:00,LibGen,LibGen.gl,PROTECTED,200,3384,,Cloudflare
2026-08-31T23:56:55.460669+00:00,LibGen,LibGen.gl,PROTECTED,200,784,,Cloudflare
2026-08-31T23:57:57.061817+00:00,LibGen,LibGen.gl,PROTECTED,200,2404,,Cloudflare
2026-08-31T23:59:09.008158+00:00,LibGen,LibGen.gl,PROTECTED,200,5462,,Cloudflare
2026-08-31T23:59:59.085066+00:00,LibGen,LibGen.gl,PROTECTED,200,1108,,Cloudflare
2026-09-01T00:00:57.964062+00:00,LibGen,LibGen.gl,PROTECTED,200,1211,,Cloudflare
2026-09-01T00:02:01.246886+00:00,LibGen,LibGen.gl,PROTECTED,200,4645,,Cloudflare
2026-09-01T00:02:58.266902+00:00,LibGen,LibGen.gl,PROTECTED,200,1056,,Cloudflare
2026-09-01T00:04:00.465544+00:00,LibGen,LibGen.gl,PROTECTED,200,2401,,Cloudflare
2026-09-01T00:04:59.046095+00:00,LibGen,LibGen.gl,PROTECTED,200,958,,Cloudflare
2026-09-01T00:06:04.097065+00:00,LibGen,LibGen.gl,PROTECTED,200,5247,,Cloudflare
2026-09-01T00:07:01.975463+00:00,LibGen,LibGen.gl,PROTECTED,200,3031,,Cloudflare
2026-09-01T00:08:00.309922+00:00,LibGen,LibGen.gl,PROTECTED,200,920,,Cloudflare
2026-09-01T00:09:20.770709+00:00,LibGen,LibGen.gl,DOWN,,,connection_refused,
2026-09-01T00:10:05.285215+00:00,LibGen,LibGen.gl,PROTECTED,200,2237,,Cloudflare
2026-09-01T00:11:01.559793+00:00,LibGen,LibGen.gl,PROTECTED,200,778,,Cloudflare
2026-09-01T00:12:02.959369+00:00,LibGen,LibGen.gl,PROTECTED,200,1331,,Cloudflare
2026-09-01T00:13:03.873049+00:00,LibGen,LibGen.gl,PROTECTED,200,2600,,Cloudflare
2026-09-01T00:14:03.117735+00:00,LibGen,LibGen.gl,PROTECTED,200,972,,Cloudflare
2026-09-01T00:15:04.847099+00:00,LibGen,LibGen.gl,PROTECTED,200,1462,,Cloudflare
2026-09-01T00:16:05.481995+00:00,LibGen,LibGen.gl,PROTECTED,200,2436,,Cloudflare
2026-09-01T00:17:05.417869+00:00,LibGen,LibGen.gl,PROTECTED,200,1168,,Cloudflare
2026-09-01T00:18:05.536784+00:00,LibGen,LibGen.gl,PROTECTED,200,1567,,Cloudflare
2026-09-01T00:19:05.317602+00:00,LibGen,LibGen.gl,PROTECTED,200,781,,Cloudflare
2026-09-01T00:20:05.822612+00:00,LibGen,LibGen.gl,PROTECTED,200,836,,Cloudflare
2026-09-01T00:21:07.446388+00:00,LibGen,LibGen.gl,PROTECTED,200,1500,,Cloudflare
2026-09-01T00:22:06.551951+00:00,LibGen,LibGen.gl,PROTECTED,200,688,,Cloudflare
2026-09-01T00:23:28.282817+00:00,LibGen,LibGen.gl,DOWN,,,connection_refused,
2026-09-01T00:24:07.495270+00:00,LibGen,LibGen.gl,PROTECTED,200,1061,,Cloudflare
2026-09-01T00:25:09.669078+00:00,LibGen,LibGen.gl,PROTECTED,200,2491,,Cloudflare
2026-09-01T00:26:08.754271+00:00,LibGen,LibGen.gl,PROTECTED,200,1703,,Cloudflare
2026-09-01T00:27:08.291335+00:00,LibGen,LibGen.gl,PROTECTED,200,741,,Cloudflare
2026-09-01T00:28:09.545144+00:00,LibGen,LibGen.gl,PROTECTED,200,1068,,Cloudflare
2026-09-01T00:29:09.556668+00:00,LibGen,LibGen.gl,PROTECTED,200,715,,Cloudflare
2026-09-01T00:30:09.632241+00:00,LibGen,LibGen.gl,PROTECTED,200,736,,Cloudflare
2026-09-01T00:31:10.628611+00:00,LibGen,LibGen.gl,PROTECTED,200,1099,,Cloudflare
2026-09-01T00:32:11.502910+00:00,LibGen,LibGen.gl,PROTECTED,200,962,,Cloudflare
2026-09-01T00:33:12.570553+00:00,LibGen,LibGen.gl,PROTECTED,200,1072,,Cloudflare
2026-09-01T00:34:13.456134+00:00,LibGen,LibGen.gl,PROTECTED,200,1313,,Cloudflare
2026-09-01T00:35:17.143048+00:00,LibGen,LibGen.gl,PROTECTED,200,4171,,Cloudflare
2026-09-01T00:36:13.597685+00:00,LibGen,LibGen.gl,PROTECTED,200,1140,,Cloudflare
2026-09-01T00:37:17.187128+00:00,LibGen,LibGen.gl,PROTECTED,200,3115,,Cloudflare
2026-09-01T00:38:15.507911+00:00,LibGen,LibGen.gl,PROTECTED,200,1609,,Cloudflare
2026-09-01T00:39:16.669151+00:00,LibGen,LibGen.gl,PROTECTED,200,1343,,Cloudflare
2026-09-01T00:40:18.459846+00:00,LibGen,LibGen.gl,PROTECTED,200,2476,,Cloudflare
2026-09-01T00:41:16.459931+00:00,LibGen,LibGen.gl,PROTECTED,200,1567,,Cloudflare
2026-09-01T00:42:15.710013+00:00,LibGen,LibGen.gl,PROTECTED,200,791,,Cloudflare
2026-09-01T00:43:18.402576+00:00,LibGen,LibGen.gl,PROTECTED,200,2719,,Cloudflare
2026-09-01T00:44:17.651653+00:00,LibGen,LibGen.gl,PROTECTED,200,1254,,Cloudflare
2026-09-01T00:45:27.244936+00:00,LibGen,LibGen.gl,PROTECTED,200,9827,,Cloudflare
2026-09-01T00:46:18.650271+00:00,LibGen,LibGen.gl,PROTECTED,200,1174,,Cloudflare
2026-09-01T00:47:19.146236+00:00,LibGen,LibGen.gl,PROTECTED,200,1966,,Cloudflare
2026-09-01T00:48:19.300983+00:00,LibGen,LibGen.gl,PROTECTED,200,1449,,Cloudflare
2026-09-01T00:49:38.274856+00:00,LibGen,LibGen.gl,TIMEOUT,,,timeout,
2026-09-01T00:50:18.678180+00:00,LibGen,LibGen.gl,PROTECTED,503,264,,Cloudflare
2026-09-01T00:51:38.474175+00:00,LibGen,LibGen.gl,TIMEOUT,,,timeout,
2026-09-01T00:52:19.641760+00:00,LibGen,LibGen.gl,PROTECTED,503,296,,Cloudflare
2026-09-01T00:53:40.320953+00:00,LibGen,LibGen.gl,TIMEOUT,,,timeout,
2026-09-01T00:54:41.432308+00:00,LibGen,LibGen.gl,TIMEOUT,,,timeout,
2026-09-01T00:55:41.568327+00:00,LibGen,LibGen.gl,TIMEOUT,,,timeout,
2026-09-01T00:56:41.762725+00:00,LibGen,LibGen.gl,TIMEOUT,,,timeout,
2026-09-01T00:57:42.820370+00:00,LibGen,LibGen.gl,TIMEOUT,,,timeout,
2026-09-01T00:58:23.666270+00:00,LibGen,LibGen.gl,DOWN,500,922,http_error,
2026-09-01T00:59:25.975978+00:00,LibGen,LibGen.gl,PROTECTED,200,1684,,Cloudflare
2026-09-01T01:00:25.734762+00:00,LibGen,LibGen.gl,PROTECTED,200,1067,,Cloudflare
2026-09-01T01:01:25.506521+00:00,LibGen,LibGen.gl,PROTECTED,200,1038,,Cloudflare
2026-09-01T01:02:26.414560+00:00,LibGen,LibGen.gl,PROTECTED,200,709,,Cloudflare
2026-09-01T01:03:26.751169+00:00,LibGen,LibGen.gl,PROTECTED,200,1496,,Cloudflare
2026-09-01T01:04:26.067041+00:00,LibGen,LibGen.gl,PROTECTED,200,672,,Cloudflare
2026-09-01T01:05:27.026834+00:00,LibGen,LibGen.gl,PROTECTED,200,1794,,Cloudflare
2026-09-01T01:06:27.004253+00:00,LibGen,LibGen.gl,PROTECTED,200,1056,,Cloudflare
2026-09-01T01:07:27.732069+00:00,LibGen,LibGen.gl,PROTECTED,200,670,,Cloudflare
2026-09-01T01:08:28.156186+00:00,LibGen,LibGen.gl,PROTECTED,200,1435,,Cloudflare
2026-09-01T01:09:29.145812+00:00,LibGen,LibGen.gl,PROTECTED,200,1607,,Cloudflare
2026-09-01T01:10:28.848139+00:00,LibGen,LibGen.gl,PROTECTED,200,1387,,Cloudflare
2026-09-01T01:11:28.933432+00:00,LibGen,LibGen.gl,PROTECTED,200,892,,Cloudflare
2026-09-01T01:12:30.332648+00:00,LibGen,LibGen.gl,PROTECTED,200,2007,,Cloudflare
2026-09-01T01:13:29.579644+00:00,LibGen,LibGen.gl,PROTECTED,200,885,,Cloudflare
2026-09-01T01:14:30.790498+00:00,LibGen,LibGen.gl,PROTECTED,200,1011,,Cloudflare
2026-09-01T01:15:30.770890+00:00,LibGen,LibGen.gl,PROTECTED,200,1393,,Cloudflare
2026-09-01T01:16:30.403726+00:00,LibGen,LibGen.gl,PROTECTED,200,683,,Cloudflare
2026-09-01T01:17:30.852065+00:00,LibGen,LibGen.gl,PROTECTED,200,1126,,Cloudflare
2026-09-01T01:18:32.393496+00:00,LibGen,LibGen.gl,PROTECTED,200,1770,,Cloudflare
2026-09-01T01:19:32.475069+00:00,LibGen,LibGen.gl,PROTECTED,200,1349,,Cloudflare
2026-09-01T01:20:32.518415+00:00,LibGen,LibGen.gl,PROTECTED,200,680,,Cloudflare
2026-09-01T01:21:34.396569+00:00,LibGen,LibGen.gl,PROTECTED,200,963,,Cloudflare
2026-09-01T01:22:33.468272+00:00,LibGen,LibGen.gl,PROTECTED,200,939,,Cloudflare
2026-09-01T01:23:34.510749+00:00,LibGen,LibGen.gl,PROTECTED,200,855,,Cloudflare
2026-09-01T01:24:34.436121+00:00,LibGen,LibGen.gl,PROTECTED,200,945,,Cloudflare
2026-09-01T01:25:35.411627+00:00,LibGen,LibGen.gl,PROTECTED,200,1726,,Cloudflare
2026-09-01T01:26:36.208548+00:00,LibGen,LibGen.gl,PROTECTED,200,1226,,Cloudflare
2026-09-01T01:27:36.772566+00:00,LibGen,LibGen.gl,PROTECTED,200,2081,,Cloudflare
2026-09-01T01:28:35.624473+00:00,LibGen,LibGen.gl,PROTECTED,200,749,,Cloudflare
2026-09-01T01:29:35.624759+00:00,LibGen,LibGen.gl,PROTECTED,200,692,,Cloudflare
2026-09-01T01:30:39.547070+00:00,LibGen,LibGen.gl,PROTECTED,200,4577,,Cloudflare
2026-09-01T01:31:36.575058+00:00,LibGen,LibGen.gl,PROTECTED,200,889,,Cloudflare
2026-09-01T01:32:37.201483+00:00,LibGen,LibGen.gl,PROTECTED,200,1441,,Cloudflare
2026-09-01T01:33:38.785116+00:00,LibGen,LibGen.gl,PROTECTED,200,2161,,Cloudflare
2026-09-01T01:34:37.817956+00:00,LibGen,LibGen.gl,PROTECTED,200,1071,,Cloudflare
2026-09-01T01:35:38.518903+00:00,LibGen,LibGen.gl,PROTECTED,200,1656,,Cloudflare
2026-09-01T01:36:38.988183+00:00,LibGen,LibGen.gl,PROTECTED,200,785,,Cloudflare
2026-09-01T01:37:39.141149+00:00,LibGen,LibGen.gl,PROTECTED,200,705,,Cloudflare
2026-09-01T01:38:39.347444+00:00,LibGen,LibGen.gl,PROTECTED,200,675,,Cloudflare
2026-09-01T01:39:41.250675+00:00,LibGen,LibGen.gl,PROTECTED,200,2707,,Cloudflare
2026-09-01T01:40:40.818369+00:00,LibGen,LibGen.gl,PROTECTED,200,2094,,Cloudflare
2026-09-01T01:41:40.456639+00:00,LibGen,LibGen.gl,PROTECTED,200,795,,Cloudflare
2026-09-01T01:42:39.996693+00:00,LibGen,LibGen.gl,PROTECTED,200,690,,Cloudflare
2026-09-01T01:43:42.736949+00:00,LibGen,LibGen.gl,PROTECTED,200,1982,,Cloudflare
2026-09-01T01:44:42.644589+00:00,LibGen,LibGen.gl,PROTECTED,200,2058,,Cloudflare
2026-09-01T01:45:43.819512+00:00,LibGen,LibGen.gl,PROTECTED,200,2561,,Cloudflare
2026-09-01T01:46:42.080721+00:00,LibGen,LibGen.gl,PROTECTED,200,942,,Cloudflare
2026-09-01T01:47:43.427603+00:00,LibGen,LibGen.gl,PROTECTED,200,1767,,Cloudflare
2026-09-01T01:48:43.187297+00:00,LibGen,LibGen.gl,PROTECTED,200,1410,,Cloudflare
2026-09-01T01:49:42.958264+00:00,LibGen,LibGen.gl,PROTECTED,200,1698,,Cloudflare
2026-09-01T01:50:44.351737+00:00,LibGen,LibGen.gl,PROTECTED,200,1108,,Cloudflare
2026-09-01T01:51:44.496371+00:00,LibGen,LibGen.gl,PROTECTED,200,1702,,Cloudflare
2026-09-01T01:52:44.286969+00:00,LibGen,LibGen.gl,PROTECTED,200,1525,,Cloudflare
2026-09-01T01:53:45.415045+00:00,LibGen,LibGen.gl,PROTECTED,200,2914,,Cloudflare
2026-09-01T01:54:45.208673+00:00,LibGen,LibGen.gl,PROTECTED,200,1543,,Cloudflare
2026-09-01T01:55:46.869749+00:00,LibGen,LibGen.gl,PROTECTED,200,2492,,Cloudflare
2026-09-01T01:56:45.365925+00:00,LibGen,LibGen.gl,PROTECTED,200,693,,Cloudflare
2026-09-01T01:57:45.584098+00:00,LibGen,LibGen.gl,PROTECTED,200,730,,Cloudflare
2026-09-01T01:58:47.216856+00:00,LibGen,LibGen.gl,PROTECTED,200,1028,,Cloudflare
2026-09-01T01:59:51.814592+00:00,LibGen,LibGen.gl,PROTECTED,200,5920,,Cloudflare
2026-09-01T02:00:49.874900+00:00,LibGen,LibGen.gl,PROTECTED,200,1041,,Cloudflare
2026-09-01T02:01:48.356440+00:00,LibGen,LibGen.gl,PROTECTED,200,1758,,Cloudflare
2026-09-01T02:02:50.368558+00:00,LibGen,LibGen.gl,DOWN,502,3397,http_error,
2026-09-01T02:03:49.117153+00:00,LibGen,LibGen.gl,PROTECTED,200,993,,Cloudflare
2026-09-01T02:04:50.085200+00:00,LibGen,LibGen.gl,PROTECTED,200,1384,,Cloudflare
2026-09-01T02:05:50.341112+00:00,LibGen,LibGen.gl,PROTECTED,200,883,,Cloudflare
2026-09-01T02:06:51.439264+00:00,LibGen,LibGen.gl,PROTECTED,200,2522,,Cloudflare
2026-09-01T02:07:51.474092+00:00,LibGen,LibGen.gl,PROTECTED,200,1653,,Cloudflare
2026-09-01T02:08:51.327956+00:00,LibGen,LibGen.gl,PROTECTED,200,1130,,Cloudflare
2026-09-01T02:09:51.651062+00:00,LibGen,LibGen.gl,PROTECTED,200,972,,Cloudflare
2026-09-01T02:10:53.563784+00:00,LibGen,LibGen.gl,PROTECTED,200,2089,,Cloudflare
2026-09-01T02:11:52.842016+00:00,LibGen,LibGen.gl,PROTECTED,200,677,,Cloudflare
2026-09-01T02:12:52.969077+00:00,LibGen,LibGen.gl,PROTECTED,200,667,,Cloudflare
2026-09-01T02:13:54.924937+00:00,LibGen,LibGen.gl,PROTECTED,200,913,,Cloudflare
2026-09-01T02:14:54.608293+00:00,LibGen,LibGen.gl,PROTECTED,200,1303,,Cloudflare
2026-09-01T02:15:54.549072+00:00,LibGen,LibGen.gl,PROTECTED,200,716,,Cloudflare
2026-09-01T02:16:55.015671+00:00,LibGen,LibGen.gl,PROTECTED,200,665,,Cloudflare
2026-09-01T02:18:00.923156+00:00,LibGen,LibGen.gl,PROTECTED,200,3796,,Cloudflare
2026-09-01T02:18:57.790543+00:00,LibGen,LibGen.gl,PROTECTED,200,1352,,Cloudflare
2026-09-01T02:19:57.218550+00:00,LibGen,LibGen.gl,PROTECTED,200,1038,,Cloudflare
2026-09-01T02:21:00.326681+00:00,LibGen,LibGen.gl,PROTECTED,200,4582,,Cloudflare
2026-09-01T02:22:00.814480+00:00,LibGen,LibGen.gl,PROTECTED,200,4390,,Cloudflare
2026-09-01T02:22:57.543628+00:00,LibGen,LibGen.gl,PROTECTED,200,699,,Cloudflare
2026-09-01T02:23:57.455256+00:00,LibGen,LibGen.gl,PROTECTED,200,685,,Cloudflare
2026-09-01T02:24:57.784544+00:00,LibGen,LibGen.gl,PROTECTED,200,661,,Cloudflare
2026-09-01T02:25:58.276545+00:00,LibGen,LibGen.gl,PROTECTED,200,1103,,Cloudflare
2026-09-01T02:27:00.519900+00:00,LibGen,LibGen.gl,PROTECTED,200,2472,,Cloudflare
2026-09-01T02:27:58.787400+00:00,LibGen,LibGen.gl,PROTECTED,200,688,,Cloudflare
2026-09-01T02:29:00.579497+00:00,LibGen,LibGen.gl,PROTECTED,200,1719,,Cloudflare
2026-09-01T02:30:01.053184+00:00,LibGen,LibGen.gl,PROTECTED,200,1065,,Cloudflare
2026-09-01T02:31:01.375953+00:00,LibGen,LibGen.gl,PROTECTED,200,1282,,Cloudflare
2026-09-01T02:32:02.440098+00:00,LibGen,LibGen.gl,PROTECTED,200,702,,Cloudflare
2026-09-01T02:33:02.074088+00:00,LibGen,LibGen.gl,PROTECTED,200,702,,Cloudflare
2026-09-01T02:34:05.069792+00:00,LibGen,LibGen.gl,PROTECTED,200,3345,,Cloudflare
2026-09-01T02:35:03.205094+00:00,LibGen,LibGen.gl,PROTECTED,200,1369,,Cloudflare
2026-09-01T02:36:04.420050+00:00,LibGen,LibGen.gl,PROTECTED,200,1188,,Cloudflare
2026-09-01T02:37:03.676073+00:00,LibGen,LibGen.gl,PROTECTED,200,683,,Cloudflare
2026-09-01T02:38:03.667222+00:00,LibGen,LibGen.gl,PROTECTED,200,675,,Cloudflare
2026-09-01T02:39:04.110734+00:00,LibGen,LibGen.gl,PROTECTED,200,1102,,Cloudflare
2026-09-01T02:40:08.296984+00:00,LibGen,LibGen.gl,PROTECTED,200,4486,,Cloudflare
2026-09-01T02:41:05.536001+00:00,LibGen,LibGen.gl,PROTECTED,200,1082,,Cloudflare
2026-09-01T02:42:05.853768+00:00,LibGen,LibGen.gl,PROTECTED,200,1460,,Cloudflare
2026-09-01T02:43:06.124755+00:00,LibGen,LibGen.gl,PROTECTED,200,1439,,Cloudflare
2026-09-01T02:44:07.030704+00:00,LibGen,LibGen.gl,PROTECTED,200,1394,,Cloudflare
2026-09-01T02:45:07.594990+00:00,LibGen,LibGen.gl,PROTECTED,200,2338,,Cloudflare
2026-09-01T02:46:06.426721+00:00,LibGen,LibGen.gl,PROTECTED,200,686,,Cloudflare
2026-09-01T02:47:08.299137+00:00,LibGen,LibGen.gl,PROTECTED,200,2008,,Cloudflare
2026-09-01T02:48:07.167805+00:00,LibGen,LibGen.gl,PROTECTED,200,710,,Cloudflare
2026-09-01T02:49:08.072140+00:00,LibGen,LibGen.gl,PROTECTED,200,1131,,Cloudflare
2026-09-01T02:50:08.541224+00:00,LibGen,LibGen.gl,PROTECTED,200,1663,,Cloudflare
2026-09-01T02:51:09.393434+00:00,LibGen,LibGen.gl,PROTECTED,200,1070,,Cloudflare
2026-09-01T02:52:09.152271+00:00,LibGen,LibGen.gl,PROTECTED,200,996,,Cloudflare
2026-09-01T02:53:11.040873+00:00,LibGen,LibGen.gl,PROTECTED,200,2108,,Cloudflare
2026-09-01T02:54:11.332753+00:00,LibGen,LibGen.gl,PROTECTED,200,1741,,Cloudflare
2026-09-01T02:55:12.039732+00:00,LibGen,LibGen.gl,PROTECTED,200,2084,,Cloudflare
2026-09-01T02:56:12.555815+00:00,LibGen,LibGen.gl,PROTECTED,200,2786,,Cloudflare
2026-09-01T02:57:10.716634+00:00,LibGen,LibGen.gl,PROTECTED,200,689,,Cloudflare
2026-09-01T02:58:10.990797+00:00,LibGen,LibGen.gl,PROTECTED,200,941,,Cloudflare
2026-09-01T02:59:12.196840+00:00,LibGen,LibGen.gl,PROTECTED,200,1786,,Cloudflare
2026-09-01T03:00:15.736027+00:00,LibGen,LibGen.gl,PROTECTED,200,4642,,Cloudflare
2026-09-01T03:01:13.966526+00:00,LibGen,LibGen.gl,PROTECTED,200,3000,,Cloudflare
2026-09-01T03:02:13.572978+00:00,LibGen,LibGen.gl,PROTECTED,200,1697,,Cloudflare
2026-09-01T03:03:13.502667+00:00,LibGen,LibGen.gl,PROTECTED,200,1635,,Cloudflare
2026-09-01T03:04:17.617074+00:00,LibGen,LibGen.gl,PROTECTED,200,5011,,Cloudflare
2026-09-01T03:05:13.817552+00:00,LibGen,LibGen.gl,PROTECTED,200,911,,Cloudflare
2026-09-01T03:06:15.979339+00:00,LibGen,LibGen.gl,PROTECTED,200,2904,,Cloudflare
2026-09-01T03:07:15.007752+00:00,LibGen,LibGen.gl,PROTECTED,200,738,,Cloudflare
2026-09-01T03:08:15.277009+00:00,LibGen,LibGen.gl,PROTECTED,200,989,,Cloudflare
2026-09-01T03:09:17.585834+00:00,LibGen,LibGen.gl,PROTECTED,200,1272,,Cloudflare
2026-09-01T03:10:17.122801+00:00,LibGen,LibGen.gl,PROTECTED,200,1490,,Cloudflare
2026-09-01T03:11:17.595162+00:00,LibGen,LibGen.gl,PROTECTED,200,2361,,Cloudflare
2026-09-01T03:12:17.110349+00:00,LibGen,LibGen.gl,PROTECTED,200,1070,,Cloudflare
2026-09-01T03:13:18.344463+00:00,LibGen,LibGen.gl,PROTECTED,200,1158,,Cloudflare
2026-09-01T03:14:17.474848+00:00,LibGen,LibGen.gl,PROTECTED,200,941,,Cloudflare
2026-09-01T03:15:17.981922+00:00,LibGen,LibGen.gl,PROTECTED,200,1319,,Cloudflare
2026-09-01T03:16:17.905803+00:00,LibGen,LibGen.gl,PROTECTED,200,1058,,Cloudflare
2026-09-01T03:17:19.446982+00:00,LibGen,LibGen.gl,PROTECTED,200,1128,,Cloudflare
2026-09-01T03:18:19.587620+00:00,LibGen,LibGen.gl,PROTECTED,200,679,,Cloudflare
2026-09-01T03:19:19.367682+00:00,LibGen,LibGen.gl,PROTECTED,200,1385,,Cloudflare
2026-09-01T03:20:21.900780+00:00,LibGen,LibGen.gl,PROTECTED,200,1177,,Cloudflare
2026-09-01T03:21:24.176157+00:00,LibGen,LibGen.gl,PROTECTED,200,4631,,Cloudflare
2026-09-01T03:22:21.016902+00:00,LibGen,LibGen.gl,PROTECTED,200,1060,,Cloudflare
2026-09-01T03:23:20.037714+00:00,LibGen,LibGen.gl,PROTECTED,200,794,,Cloudflare
2026-09-01T03:24:21.018224+00:00,LibGen,LibGen.gl,PROTECTED,200,1367,,Cloudflare
2026-09-01T03:25:21.350708+00:00,LibGen,LibGen.gl,PROTECTED,200,686,,Cloudflare
2026-09-01T03:26:21.864835+00:00,LibGen,LibGen.gl,PROTECTED,200,1777,,Cloudflare
2026-09-01T03:27:20.824897+00:00,LibGen,LibGen.gl,PROTECTED,200,691,,Cloudflare
2026-09-01T03:28:23.118118+00:00,LibGen,LibGen.gl,PROTECTED,200,2201,,Cloudflare
2026-09-01T03:29:23.318569+00:00,LibGen,LibGen.gl,PROTECTED,200,2315,,Cloudflare
2026-09-01T03:30:24.445240+00:00,LibGen,LibGen.gl,PROTECTED,200,2875,,Cloudflare
2026-09-01T03:31:22.967145+00:00,LibGen,LibGen.gl,PROTECTED,200,678,,Cloudflare
2026-09-01T03:32:23.218200+00:00,LibGen,LibGen.gl,PROTECTED,200,1500,,Cloudflare
2026-09-01T03:33:23.872840+00:00,LibGen,LibGen.gl,PROTECTED,200,1498,,Cloudflare
2026-09-01T03:34:23.302633+00:00,LibGen,LibGen.gl,PROTECTED,200,655,,Cloudflare
2026-09-01T03:35:24.574725+00:00,LibGen,LibGen.gl,PROTECTED,200,667,,Cloudflare
2026-09-01T03:36:26.235169+00:00,LibGen,LibGen.gl,PROTECTED,200,2554,,Cloudflare
2026-09-01T03:37:25.693988+00:00,LibGen,LibGen.gl,PROTECTED,200,1390,,Cloudflare
2026-09-01T03:38:25.512678+00:00,LibGen,LibGen.gl,PROTECTED,200,986,,Cloudflare
2026-09-01T03:39:26.311006+00:00,LibGen,LibGen.gl,PROTECTED,200,1439,,Cloudflare
2026-09-01T03:40:27.608823+00:00,LibGen,LibGen.gl,PROTECTED,200,1592,,Cloudflare
2026-09-01T03:41:28.050321+00:00,LibGen,LibGen.gl,PROTECTED,200,679,,Cloudflare
2026-09-01T03:42:27.186594+00:00,LibGen,LibGen.gl,PROTECTED,200,717,,Cloudflare
2026-09-01T03:43:27.983995+00:00,LibGen,LibGen.gl,PROTECTED,200,1839,,Cloudflare
2026-09-01T03:44:28.241067+00:00,LibGen,LibGen.gl,PROTECTED,200,1627,,Cloudflare
2026-09-01T03:45:28.658499+00:00,LibGen,LibGen.gl,PROTECTED,200,1065,,Cloudflare
2026-09-01T03:46:29.724129+00:00,LibGen,LibGen.gl,PROTECTED,200,2206,,Cloudflare
2026-09-01T03:47:29.808876+00:00,LibGen,LibGen.gl,PROTECTED,200,1392,,Cloudflare
2026-09-01T03:48:29.071880+00:00,LibGen,LibGen.gl,PROTECTED,200,1488,,Cloudflare
2026-09-01T03:49:30.256981+00:00,LibGen,LibGen.gl,PROTECTED,200,1982,,Cloudflare
2026-09-01T03:50:29.213770+00:00,LibGen,LibGen.gl,PROTECTED,200,927,,Cloudflare
2026-09-01T03:51:30.047649+00:00,LibGen,LibGen.gl,PROTECTED,200,659,,Cloudflare
2026-09-01T03:52:30.130107+00:00,LibGen,LibGen.gl,PROTECTED,200,681,,Cloudflare
2026-09-01T03:53:32.076690+00:00,LibGen,LibGen.gl,PROTECTED,200,2161,,Cloudflare
2026-09-01T03:54:32.023121+00:00,LibGen,LibGen.gl,PROTECTED,200,1996,,Cloudflare
2026-09-01T03:55:31.630501+00:00,LibGen,LibGen.gl,PROTECTED,200,1165,,Cloudflare
2026-09-01T03:56:31.730592+00:00,LibGen,LibGen.gl,PROTECTED,200,676,,Cloudflare
2026-09-01T03:57:31.937432+00:00,LibGen,LibGen.gl,PROTECTED,200,877,,Cloudflare
2026-09-01T03:58:34.691903+00:00,LibGen,LibGen.gl,PROTECTED,200,1377,,Cloudflare
2026-09-01T03:59:34.144984+00:00,LibGen,LibGen.gl,PROTECTED,200,1576,,Cloudflare
2026-09-01T04:00:33.569950+00:00,LibGen,LibGen.gl,PROTECTED,200,701,,Cloudflare
2026-09-01T04:01:34.329694+00:00,LibGen,LibGen.gl,PROTECTED,200,680,,Cloudflare
2026-09-01T04:02:35.015411+00:00,LibGen,LibGen.gl,PROTECTED,200,1046,,Cloudflare
2026-09-01T04:03:36.919087+00:00,LibGen,LibGen.gl,PROTECTED,200,2021,,Cloudflare
2026-09-01T04:04:36.782227+00:00,LibGen,LibGen.gl,PROTECTED,200,2183,,Cloudflare
2026-09-01T04:05:36.829663+00:00,LibGen,LibGen.gl,PROTECTED,200,1748,,Cloudflare
2026-09-01T04:06:36.070157+00:00,LibGen,LibGen.gl,PROTECTED,200,914,,Cloudflare
2026-09-01T04:07:37.472053+00:00,LibGen,LibGen.gl,PROTECTED,200,2149,,Cloudflare
2026-09-01T04:08:37.785622+00:00,LibGen,LibGen.gl,PROTECTED,200,1293,,Cloudflare
2026-09-01T04:09:42.108998+00:00,LibGen,LibGen.gl,PROTECTED,200,3374,,Cloudflare
2026-09-01T04:10:39.909458+00:00,LibGen,LibGen.gl,PROTECTED,200,2182,,Cloudflare
2026-09-01T04:11:42.478755+00:00,LibGen,LibGen.gl,PROTECTED,200,3687,,Cloudflare
2026-09-01T04:12:40.857028+00:00,LibGen,LibGen.gl,PROTECTED,200,848,,Cloudflare
2026-09-01T04:13:41.465115+00:00,LibGen,LibGen.gl,PROTECTED,200,2357,,Cloudflare
2026-09-01T04:14:40.849553+00:00,LibGen,LibGen.gl,PROTECTED,200,951,,Cloudflare
2026-09-01T04:15:42.322247+00:00,LibGen,LibGen.gl,PROTECTED,200,1310,,Cloudflare
2026-09-01T04:16:49.219414+00:00,LibGen,LibGen.gl,PROTECTED,200,8778,,Cloudflare
2026-09-01T04:17:44.126775+00:00,LibGen,LibGen.gl,PROTECTED,200,2783,,Cloudflare
2026-09-01T04:18:43.235609+00:00,LibGen,LibGen.gl,PROTECTED,200,1474,,Cloudflare
2026-09-01T04:19:44.024865+00:00,LibGen,LibGen.gl,PROTECTED,200,2000,,Cloudflare
2026-09-01T04:20:43.787677+00:00,LibGen,LibGen.gl,PROTECTED,200,1388,,Cloudflare
2026-09-01T04:21:43.325921+00:00,LibGen,LibGen.gl,PROTECTED,200,678,,Cloudflare
2026-09-01T04:22:43.819461+00:00,LibGen,LibGen.gl,PROTECTED,200,688,,Cloudflare
2026-09-01T04:23:46.157884+00:00,LibGen,LibGen.gl,PROTECTED,200,2426,,Cloudflare
2026-09-01T04:24:44.314687+00:00,LibGen,LibGen.gl,PROTECTED,200,928,,Cloudflare
2026-09-01T04:25:45.773926+00:00,LibGen,LibGen.gl,PROTECTED,200,1845,,Cloudflare
2026-09-01T04:26:46.418773+00:00,LibGen,LibGen.gl,PROTECTED,200,1250,,Cloudflare
2026-09-01T04:27:46.589436+00:00,LibGen,LibGen.gl,PROTECTED,200,676,,Cloudflare
2026-09-01T04:28:46.758697+00:00,LibGen,LibGen.gl,PROTECTED,200,1617,,Cloudflare
2026-09-01T04:29:46.118926+00:00,LibGen,LibGen.gl,PROTECTED,200,1177,,Cloudflare
2026-09-01T04:30:45.662826+00:00,LibGen,LibGen.gl,PROTECTED,200,675,,Cloudflare
2026-09-01T04:31:47.296355+00:00,LibGen,LibGen.gl,PROTECTED,200,857,,Cloudflare
2026-09-01T04:32:47.649519+00:00,LibGen,LibGen.gl,PROTECTED,200,1421,,Cloudflare
2026-09-01T04:33:47.850449+00:00,LibGen,LibGen.gl,PROTECTED,200,1148,,Cloudflare
2026-09-01T04:34:47.659362+00:00,LibGen,LibGen.gl,PROTECTED,200,1380,,Cloudflare
2026-09-01T04:35:47.491257+00:00,LibGen,LibGen.gl,PROTECTED,200,669,,Cloudflare
2026-09-01T04:36:48.376226+00:00,LibGen,LibGen.gl,PROTECTED,200,1396,,Cloudflare
2026-09-01T04:37:48.737490+00:00,LibGen,LibGen.gl,PROTECTED,200,1291,,Cloudflare
2026-09-01T04:38:48.237674+00:00,LibGen,LibGen.gl,PROTECTED,200,768,,Cloudflare
2026-09-01T04:39:50.181831+00:00,LibGen,LibGen.gl,PROTECTED,200,1380,,Cloudflare
2026-09-01T04:40:48.770489+00:00,LibGen,LibGen.gl,PROTECTED,200,761,,Cloudflare
2026-09-01T04:41:49.624104+00:00,LibGen,LibGen.gl,PROTECTED,200,1592,,Cloudflare
2026-09-01T04:42:49.478823+00:00,LibGen,LibGen.gl,PROTECTED,200,990,,Cloudflare
2026-09-01T04:43:49.669115+00:00,LibGen,LibGen.gl,PROTECTED,200,699,,Cloudflare
2026-09-01T04:44:53.262231+00:00,LibGen,LibGen.gl,PROTECTED,200,1500,,Cloudflare
2026-09-01T04:46:10.095228+00:00,LibGen,LibGen.gl,DOWN,,,connection_refused,
2026-09-01T04:46:50.794903+00:00,LibGen,LibGen.gl,PROTECTED,200,792,,Cloudflare
2026-09-01T04:47:50.659951+00:00,LibGen,LibGen.gl,PROTECTED,200,998,,Cloudflare
2026-09-01T04:48:51.632745+00:00,LibGen,LibGen.gl,PROTECTED,200,1440,,Cloudflare
2026-09-01T04:49:52.542940+00:00,LibGen,LibGen.gl,PROTECTED,200,1741,,Cloudflare
2026-09-01T04:50:52.572892+00:00,LibGen,LibGen.gl,PROTECTED,200,662,,Cloudflare
2026-09-01T04:51:53.769558+00:00,LibGen,LibGen.gl,PROTECTED,200,1669,,Cloudflare
2026-09-01T04:52:53.198528+00:00,LibGen,LibGen.gl,PROTECTED,200,751,,Cloudflare
2026-09-01T04:53:53.294164+00:00,LibGen,LibGen.gl,PROTECTED,200,782,,Cloudflare
2026-09-01T04:54:54.714977+00:00,LibGen,LibGen.gl,PROTECTED,200,1426,,Cloudflare
2026-09-01T04:55:54.916181+00:00,LibGen,LibGen.gl,PROTECTED,200,889,,Cloudflare
2026-09-01T04:56:56.904212+00:00,LibGen,LibGen.gl,PROTECTED,200,681,,Cloudflare
2026-09-01T04:57:56.486948+00:00,LibGen,LibGen.gl,PROTECTED,200,677,,Cloudflare
2026-09-01T04:58:56.810831+00:00,LibGen,LibGen.gl,PROTECTED,200,744,,Cloudflare
2026-09-01T04:59:57.084007+00:00,LibGen,LibGen.gl,PROTECTED,200,686,,Cloudflare
2026-09-01T05:00:56.829435+00:00,LibGen,LibGen.gl,PROTECTED,200,693,,Cloudflare
2026-09-01T05:01:58.054183+00:00,LibGen,LibGen.gl,PROTECTED,200,1300,,Cloudflare
2026-09-01T05:02:58.474695+00:00,LibGen,LibGen.gl,PROTECTED,200,1392,,Cloudflare
2026-09-01T05:03:59.322486+00:00,LibGen,LibGen.gl,PROTECTED,200,1512,,Cloudflare
2026-09-01T05:04:59.243031+00:00,LibGen,LibGen.gl,PROTECTED,200,1285,,Cloudflare
2026-09-01T05:06:00.150827+00:00,LibGen,LibGen.gl,PROTECTED,200,710,,Cloudflare
2026-09-01T05:07:00.582003+00:00,LibGen,LibGen.gl,PROTECTED,200,1570,,Cloudflare
2026-09-01T05:07:59.459614+00:00,LibGen,LibGen.gl,PROTECTED,200,838,,Cloudflare
2026-09-01T05:08:59.737606+00:00,LibGen,LibGen.gl,PROTECTED,200,730,,Cloudflare
2026-09-01T05:10:01.228876+00:00,LibGen,LibGen.gl,PROTECTED,200,688,,Cloudflare
2026-09-01T05:11:04.868752+00:00,LibGen,LibGen.gl,PROTECTED,200,3518,,Cloudflare
2026-09-01T05:12:07.185944+00:00,LibGen,LibGen.gl,PROTECTED,200,6271,,Cloudflare
2026-09-01T05:13:01.720640+00:00,LibGen,LibGen.gl,PROTECTED,200,673,,Cloudflare
2026-09-01T05:14:03.523717+00:00,LibGen,LibGen.gl,PROTECTED,200,1407,,Cloudflare
2026-09-01T05:15:04.291900+00:00,LibGen,LibGen.gl,PROTECTED,200,1429,,Cloudflare
2026-09-01T05:16:04.658251+00:00,LibGen,LibGen.gl,PROTECTED,200,1441,,Cloudflare
2026-09-01T05:17:04.283608+00:00,LibGen,LibGen.gl,PROTECTED,200,845,,Cloudflare
2026-09-01T05:18:06.706475+00:00,LibGen,LibGen.gl,PROTECTED,200,1649,,Cloudflare
2026-09-01T05:19:04.945679+00:00,LibGen,LibGen.gl,PROTECTED,200,713,,Cloudflare
2026-09-01T05:20:07.182940+00:00,LibGen,LibGen.gl,PROTECTED,200,2873,,Cloudflare
2026-09-01T05:21:06.139740+00:00,LibGen,LibGen.gl,PROTECTED,200,1522,,Cloudflare
2026-09-01T05:22:06.467952+00:00,LibGen,LibGen.gl,PROTECTED,200,1143,,Cloudflare
2026-09-01T05:23:07.593363+00:00,LibGen,LibGen.gl,PROTECTED,200,1469,,Cloudflare
2026-09-01T05:24:08.982833+00:00,LibGen,LibGen.gl,PROTECTED,200,2890,,Cloudflare
2026-09-01T05:25:07.684273+00:00,LibGen,LibGen.gl,PROTECTED,200,1162,,Cloudflare
2026-09-01T05:26:07.964869+00:00,LibGen,LibGen.gl,PROTECTED,200,1349,,Cloudflare
2026-09-01T05:27:08.184764+00:00,LibGen,LibGen.gl,PROTECTED,200,701,,Cloudflare
2026-09-01T05:28:09.425545+00:00,LibGen,LibGen.gl,PROTECTED,200,750,,Cloudflare
2026-09-01T05:29:09.413403+00:00,LibGen,LibGen.gl,PROTECTED,200,1454,,Cloudflare
2026-09-01T05:30:09.294779+00:00,LibGen,LibGen.gl,PROTECTED,200,712,,Cloudflare
2026-09-01T05:31:12.048081+00:00,LibGen,LibGen.gl,PROTECTED,200,2912,,Cloudflare
2026-09-01T05:32:09.576517+00:00,LibGen,LibGen.gl,PROTECTED,200,1428,,Cloudflare
2026-09-01T05:33:10.575936+00:00,LibGen,LibGen.gl,PROTECTED,200,1402,,Cloudflare
2026-09-01T05:34:10.974906+00:00,LibGen,LibGen.gl,PROTECTED,200,693,,Cloudflare
2026-09-01T05:35:17.245125+00:00,LibGen,LibGen.gl,PROTECTED,200,1404,,Cloudflare
2026-09-01T05:36:12.911945+00:00,LibGen,LibGen.gl,PROTECTED,200,1542,,Cloudflare
2026-09-01T05:37:10.907506+00:00,LibGen,LibGen.gl,PROTECTED,200,1519,,Cloudflare
2026-09-01T05:38:11.756719+00:00,LibGen,LibGen.gl,PROTECTED,200,1897,,Cloudflare
2026-09-01T05:39:10.887818+00:00,LibGen,LibGen.gl,PROTECTED,200,681,,Cloudflare
2026-09-01T05:40:12.022008+00:00,LibGen,LibGen.gl,PROTECTED,200,1132,,Cloudflare
2026-09-01T05:41:11.831112+00:00,LibGen,LibGen.gl,PROTECTED,200,704,,Cloudflare
2026-09-01T05:42:13.154794+00:00,LibGen,LibGen.gl,PROTECTED,200,1406,,Cloudflare
2026-09-01T05:43:13.601068+00:00,LibGen,LibGen.gl,PROTECTED,200,728,,Cloudflare
2026-09-01T05:44:11.891982+00:00,LibGen,LibGen.gl,PROTECTED,200,689,,Cloudflare
2026-09-01T05:45:12.775135+00:00,LibGen,LibGen.gl,PROTECTED,200,955,,Cloudflare
2026-09-01T05:46:13.555761+00:00,LibGen,LibGen.gl,PROTECTED,200,913,,Cloudflare
2026-09-01T05:47:13.692947+00:00,LibGen,LibGen.gl,PROTECTED,200,1412,,Cloudflare
2026-09-01T05:48:15.331397+00:00,LibGen,LibGen.gl,PROTECTED,200,2009,,Cloudflare
2026-09-01T05:49:13.229536+00:00,LibGen,LibGen.gl,PROTECTED,200,659,,Cloudflare
2026-09-01T05:50:15.205750+00:00,LibGen,LibGen.gl,PROTECTED,200,1895,,Cloudflare
2026-09-01T05:51:14.678938+00:00,LibGen,LibGen.gl,PROTECTED,200,1478,,Cloudflare
2026-09-01T05:52:17.611041+00:00,LibGen,LibGen.gl,PROTECTED,200,3380,,Cloudflare
2026-09-01T05:53:14.968702+00:00,LibGen,LibGen.gl,PROTECTED,200,1259,,Cloudflare
2026-09-01T05:54:14.518465+00:00,LibGen,LibGen.gl,PROTECTED,200,761,,Cloudflare
2026-09-01T05:55:15.004577+00:00,LibGen,LibGen.gl,PROTECTED,200,1183,,Cloudflare
2026-09-01T05:56:16.404662+00:00,LibGen,LibGen.gl,PROTECTED,200,2017,,Cloudflare
2026-09-01T05:57:17.473152+00:00,LibGen,LibGen.gl,PROTECTED,200,740,,Cloudflare
2026-09-01T05:58:15.691936+00:00,LibGen,LibGen.gl,PROTECTED,200,680,,Cloudflare
2026-09-01T05:59:17.449928+00:00,LibGen,LibGen.gl,PROTECTED,200,1362,,Cloudflare
2026-09-01T06:00:17.196868+00:00,LibGen,LibGen.gl,PROTECTED,200,850,,Cloudflare
2026-09-01T06:01:17.067152+00:00,LibGen,LibGen.gl,PROTECTED,200,669,,Cloudflare
2026-09-01T06:02:20.271823+00:00,LibGen,LibGen.gl,PROTECTED,200,751,,Cloudflare
2026-09-01T06:03:17.459591+00:00,LibGen,LibGen.gl,PROTECTED,200,860,,Cloudflare
2026-09-01T06:04:18.068722+00:00,LibGen,LibGen.gl,PROTECTED,200,960,,Cloudflare
2026-09-01T06:05:18.798111+00:00,LibGen,LibGen.gl,PROTECTED,200,699,,Cloudflare
2026-09-01T06:06:18.826693+00:00,LibGen,LibGen.gl,PROTECTED,200,947,,Cloudflare
2026-09-01T06:07:21.734658+00:00,LibGen,LibGen.gl,PROTECTED,200,3131,,Cloudflare
2026-09-01T06:08:19.826444+00:00,LibGen,LibGen.gl,PROTECTED,200,1255,,Cloudflare
2026-09-01T06:09:20.690692+00:00,LibGen,LibGen.gl,PROTECTED,200,1477,,Cloudflare
2026-09-01T06:10:20.891686+00:00,LibGen,LibGen.gl,PROTECTED,200,1033,,Cloudflare
2026-09-01T06:11:22.826660+00:00,LibGen,LibGen.gl,PROTECTED,200,987,,Cloudflare
2026-09-01T06:12:23.311825+00:00,LibGen,LibGen.gl,PROTECTED,200,692,,Cloudflare
2026-09-01T06:13:22.361857+00:00,LibGen,LibGen.gl,PROTECTED,200,689,,Cloudflare
2026-09-01T06:14:24.389189+00:00,LibGen,LibGen.gl,PROTECTED,200,982,,Cloudflare
2026-09-01T06:15:24.298979+00:00,LibGen,LibGen.gl,PROTECTED,200,864,,Cloudflare
2026-09-01T06:16:23.997561+00:00,LibGen,LibGen.gl,PROTECTED,200,1700,,Cloudflare
2026-09-01T06:17:24.410867+00:00,LibGen,LibGen.gl,PROTECTED,200,871,,Cloudflare
2026-09-01T06:18:24.305110+00:00,LibGen,LibGen.gl,PROTECTED,200,861,,Cloudflare
2026-09-01T06:19:25.129135+00:00,LibGen,LibGen.gl,PROTECTED,200,909,,Cloudflare
2026-09-01T06:20:26.870224+00:00,LibGen,LibGen.gl,PROTECTED,200,2859,,Cloudflare
2026-09-01T06:21:27.134919+00:00,LibGen,LibGen.gl,PROTECTED,200,1366,,Cloudflare
2026-09-01T06:22:25.924027+00:00,LibGen,LibGen.gl,PROTECTED,200,703,,Cloudflare
2026-09-01T06:23:27.800203+00:00,LibGen,LibGen.gl,PROTECTED,200,1281,,Cloudflare
2026-09-01T06:24:27.463738+00:00,LibGen,LibGen.gl,PROTECTED,200,882,,Cloudflare
2026-09-01T06:25:28.952761+00:00,LibGen,LibGen.gl,PROTECTED,200,692,,Cloudflare
2026-09-01T06:26:14.764978+00:00,LibGen,LibGen.gl,PROTECTED,200,1093,,Cloudflare
2026-09-01T06:26:28.945632+00:00,LibGen,LibGen.gl,PROTECTED,200,1041,,Cloudflare
2026-09-01T06:27:29.620820+00:00,LibGen,LibGen.gl,PROTECTED,200,1643,,Cloudflare
2026-09-01T06:28:30.123768+00:00,LibGen,LibGen.gl,PROTECTED,200,1507,,Cloudflare
2026-09-01T06:29:30.523142+00:00,LibGen,LibGen.gl,PROTECTED,200,697,,Cloudflare
2026-09-01T06:30:30.082657+00:00,LibGen,LibGen.gl,PROTECTED,200,693,,Cloudflare
2026-09-01T06:31:30.430872+00:00,LibGen,LibGen.gl,PROTECTED,200,829,,Cloudflare
2026-09-01T06:32:31.269941+00:00,LibGen,LibGen.gl,PROTECTED,200,1366,,Cloudflare
2026-09-01T06:33:42.074340+00:00,LibGen,LibGen.gl,PROTECTED,200,11612,,Cloudflare
2026-09-01T06:34:31.848069+00:00,LibGen,LibGen.gl,PROTECTED,200,701,,Cloudflare
2026-09-01T06:35:32.783185+00:00,LibGen,LibGen.gl,PROTECTED,200,1914,,Cloudflare
2026-09-01T06:36:32.355606+00:00,LibGen,LibGen.gl,PROTECTED,200,680,,Cloudflare
2026-09-01T06:37:33.226539+00:00,LibGen,LibGen.gl,PROTECTED,200,1381,,Cloudflare
2026-09-01T06:38:33.461610+00:00,LibGen,LibGen.gl,PROTECTED,200,956,,Cloudflare
2026-09-01T06:39:36.958565+00:00,LibGen,LibGen.gl,PROTECTED,200,1313,,Cloudflare
2026-09-01T06:40:36.865241+00:00,LibGen,LibGen.gl,PROTECTED,200,3717,,Cloudflare
2026-09-01T06:41:35.978768+00:00,LibGen,LibGen.gl,PROTECTED,200,2194,,Cloudflare
2026-09-01T06:42:34.006823+00:00,LibGen,LibGen.gl,PROTECTED,200,678,,Cloudflare
2026-09-01T06:43:34.213803+00:00,LibGen,LibGen.gl,PROTECTED,200,859,,Cloudflare
2026-09-01T06:44:34.554379+00:00,LibGen,LibGen.gl,PROTECTED,200,682,,Cloudflare
2026-09-01T06:45:35.250073+00:00,LibGen,LibGen.gl,PROTECTED,200,820,,Cloudflare
2026-09-01T06:46:36.462824+00:00,LibGen,LibGen.gl,PROTECTED,200,1586,,Cloudflare
2026-09-01T06:47:38.964800+00:00,LibGen,LibGen.gl,PROTECTED,200,4087,,Cloudflare
2026-09-01T06:48:35.875663+00:00,LibGen,LibGen.gl,PROTECTED,200,681,,Cloudflare
2026-09-01T06:49:38.139214+00:00,LibGen,LibGen.gl,PROTECTED,200,1089,,Cloudflare
2026-09-01T06:50:38.737188+00:00,LibGen,LibGen.gl,PROTECTED,200,1058,,Cloudflare
2026-09-01T06:51:38.269635+00:00,LibGen,LibGen.gl,PROTECTED,200,690,,Cloudflare
2026-09-01T06:52:40.310612+00:00,LibGen,LibGen.gl,PROTECTED,200,2102,,Cloudflare
2026-09-01T06:53:38.488973+00:00,LibGen,LibGen.gl,PROTECTED,200,953,,Cloudflare
2026-09-01T06:54:41.677085+00:00,LibGen,LibGen.gl,PROTECTED,200,3758,,Cloudflare
2026-09-01T06:55:40.510379+00:00,LibGen,LibGen.gl,PROTECTED,200,2378,,Cloudflare
2026-09-01T06:56:39.950920+00:00,LibGen,LibGen.gl,PROTECTED,200,2020,,Cloudflare
2026-09-01T06:57:40.152745+00:00,LibGen,LibGen.gl,PROTECTED,200,949,,Cloudflare
2026-09-01T06:58:40.385081+00:00,LibGen,LibGen.gl,PROTECTED,200,1425,,Cloudflare
2026-09-01T06:59:41.917774+00:00,LibGen,LibGen.gl,PROTECTED,200,1294,,Cloudflare
2026-09-01T07:00:42.114624+00:00,LibGen,LibGen.gl,PROTECTED,200,690,,Cloudflare
2026-09-01T07:01:43.300041+00:00,LibGen,LibGen.gl,PROTECTED,200,1009,,Cloudflare
2026-09-01T07:02:43.086217+00:00,LibGen,LibGen.gl,PROTECTED,200,985,,Cloudflare
2026-09-01T07:03:43.454063+00:00,LibGen,LibGen.gl,PROTECTED,200,677,,Cloudflare
2026-09-01T07:04:43.487713+00:00,LibGen,LibGen.gl,PROTECTED,200,924,,Cloudflare
2026-09-01T07:05:47.620800+00:00,LibGen,LibGen.gl,PROTECTED,200,3697,,Cloudflare
2026-09-01T07:06:45.292339+00:00,LibGen,LibGen.gl,PROTECTED,200,1276,,Cloudflare
2026-09-01T07:07:44.747745+00:00,LibGen,LibGen.gl,PROTECTED,200,1472,,Cloudflare
2026-09-01T07:08:45.272810+00:00,LibGen,LibGen.gl,PROTECTED,200,1115,,Cloudflare
2026-09-01T07:09:44.954084+00:00,LibGen,LibGen.gl,PROTECTED,200,891,,Cloudflare
2026-09-01T07:10:46.596576+00:00,LibGen,LibGen.gl,PROTECTED,200,1435,,Cloudflare
2026-09-01T07:11:45.754675+00:00,LibGen,LibGen.gl,PROTECTED,200,843,,Cloudflare
2026-09-01T07:12:48.405979+00:00,LibGen,LibGen.gl,PROTECTED,200,1795,,Cloudflare
2026-09-01T07:13:48.045406+00:00,LibGen,LibGen.gl,PROTECTED,200,853,,Cloudflare
2026-09-01T07:14:48.284332+00:00,LibGen,LibGen.gl,PROTECTED,200,657,,Cloudflare
2026-09-01T07:15:48.020458+00:00,LibGen,LibGen.gl,PROTECTED,200,987,,Cloudflare
2026-09-01T07:16:48.160689+00:00,LibGen,LibGen.gl,PROTECTED,200,1009,,Cloudflare
2026-09-01T07:17:50.336494+00:00,LibGen,LibGen.gl,PROTECTED,200,2363,,Cloudflare
2026-09-01T07:18:49.717372+00:00,LibGen,LibGen.gl,PROTECTED,200,2306,,Cloudflare
2026-09-01T07:19:49.658117+00:00,LibGen,LibGen.gl,PROTECTED,200,930,,Cloudflare
2026-09-01T07:20:48.776841+00:00,LibGen,LibGen.gl,PROTECTED,200,1390,,Cloudflare
2026-09-01T07:21:50.288264+00:00,LibGen,LibGen.gl,PROTECTED,200,2460,,Cloudflare
2026-09-01T07:22:50.258757+00:00,LibGen,LibGen.gl,PROTECTED,200,705,,Cloudflare
2026-09-01T07:23:49.628988+00:00,LibGen,LibGen.gl,PROTECTED,200,691,,Cloudflare
2026-09-01T07:24:50.575466+00:00,LibGen,LibGen.gl,PROTECTED,200,2229,,Cloudflare
2026-09-01T07:25:52.555575+00:00,LibGen,LibGen.gl,PROTECTED,200,4071,,Cloudflare
2026-09-01T07:26:53.653652+00:00,LibGen,LibGen.gl,PROTECTED,200,1733,,Cloudflare
2026-09-01T07:27:51.352187+00:00,LibGen,LibGen.gl,PROTECTED,200,1982,,Cloudflare
2026-09-01T07:28:51.365443+00:00,LibGen,LibGen.gl,PROTECTED,200,1743,,Cloudflare
2026-09-01T07:30:13.595336+00:00,LibGen,LibGen.gl,DOWN,,,connection_refused,
2026-09-01T07:30:52.759317+00:00,LibGen,LibGen.gl,PROTECTED,200,1307,,Cloudflare
2026-09-01T07:31:54.756668+00:00,LibGen,LibGen.gl,PROTECTED,200,4177,,Cloudflare
2026-09-01T07:32:53.559900+00:00,LibGen,LibGen.gl,PROTECTED,200,897,,Cloudflare
2026-09-01T07:33:53.064737+00:00,LibGen,LibGen.gl,PROTECTED,200,917,,Cloudflare
2026-09-01T07:34:53.662535+00:00,LibGen,LibGen.gl,PROTECTED,200,2991,,Cloudflare
2026-09-01T07:35:52.783378+00:00,LibGen,LibGen.gl,PROTECTED,200,665,,Cloudflare
2026-09-01T07:36:56.012994+00:00,LibGen,LibGen.gl,PROTECTED,200,3707,,Cloudflare
2026-09-01T07:37:53.978745+00:00,LibGen,LibGen.gl,PROTECTED,200,2300,,Cloudflare
2026-09-01T07:38:56.091694+00:00,LibGen,LibGen.gl,PROTECTED,200,3185,,Cloudflare
2026-09-01T07:39:53.529293+00:00,LibGen,LibGen.gl,PROTECTED,200,672,,Cloudflare
2026-09-01T07:40:54.501905+00:00,LibGen,LibGen.gl,PROTECTED,200,1995,,Cloudflare
2026-09-01T07:41:55.421529+00:00,LibGen,LibGen.gl,PROTECTED,200,1475,,Cloudflare
2026-09-01T07:42:55.724638+00:00,LibGen,LibGen.gl,PROTECTED,200,1889,,Cloudflare
2026-09-01T07:43:55.274853+00:00,LibGen,LibGen.gl,PROTECTED,200,1623,,Cloudflare
2026-09-01T07:44:56.684051+00:00,LibGen,LibGen.gl,PROTECTED,200,2913,,Cloudflare
2026-09-01T07:45:58.964034+00:00,LibGen,LibGen.gl,PROTECTED,200,3726,,Cloudflare
2026-09-01T07:46:55.797977+00:00,LibGen,LibGen.gl,PROTECTED,200,940,,Cloudflare
2026-09-01T07:47:56.339435+00:00,LibGen,LibGen.gl,PROTECTED,200,692,,Cloudflare
2026-09-01T07:48:57.723975+00:00,LibGen,LibGen.gl,PROTECTED,200,2146,,Cloudflare
2026-09-01T07:49:56.525637+00:00,LibGen,LibGen.gl,PROTECTED,200,676,,Cloudflare
2026-09-01T07:50:58.516457+00:00,LibGen,LibGen.gl,PROTECTED,200,1565,,Cloudflare
2026-09-01T07:51:57.798119+00:00,LibGen,LibGen.gl,PROTECTED,200,1157,,Cloudflare
2026-09-01T07:53:00.755423+00:00,LibGen,LibGen.gl,PROTECTED,200,2748,,Cloudflare
2026-09-01T07:53:57.910850+00:00,LibGen,LibGen.gl,PROTECTED,200,997,,Cloudflare
2026-09-01T07:55:00.136031+00:00,LibGen,LibGen.gl,PROTECTED,200,2836,,Cloudflare
2026-09-01T07:55:58.518125+00:00,LibGen,LibGen.gl,PROTECTED,200,1057,,Cloudflare
2026-09-01T07:57:01.450919+00:00,LibGen,LibGen.gl,PROTECTED,200,924,,Cloudflare
2026-09-01T07:57:59.538040+00:00,LibGen,LibGen.gl,PROTECTED,200,686,,Cloudflare
2026-09-01T07:59:00.050490+00:00,LibGen,LibGen.gl,PROTECTED,200,849,,Cloudflare
2026-09-01T08:00:01.035785+00:00,LibGen,LibGen.gl,PROTECTED,200,1740,,Cloudflare
2026-09-01T08:01:02.565749+00:00,LibGen,LibGen.gl,PROTECTED,200,2467,,Cloudflare
2026-09-01T08:02:00.925681+00:00,LibGen,LibGen.gl,PROTECTED,200,936,,Cloudflare
2026-09-01T08:03:01.308226+00:00,LibGen,LibGen.gl,PROTECTED,200,687,,Cloudflare
2026-09-01T08:04:03.117520+00:00,LibGen,LibGen.gl,PROTECTED,200,1089,,Cloudflare
2026-09-01T08:05:03.177029+00:00,LibGen,LibGen.gl,PROTECTED,200,715,,Cloudflare
2026-09-01T08:06:03.170059+00:00,LibGen,LibGen.gl,PROTECTED,200,682,,Cloudflare
2026-09-01T08:07:04.584023+00:00,LibGen,LibGen.gl,PROTECTED,200,1386,,Cloudflare
2026-09-01T08:08:04.838602+00:00,LibGen,LibGen.gl,PROTECTED,200,670,,Cloudflare
2026-09-01T08:09:05.872887+00:00,LibGen,LibGen.gl,PROTECTED,200,1659,,Cloudflare
2026-09-01T08:10:06.117174+00:00,LibGen,LibGen.gl,PROTECTED,200,1819,,Cloudflare
2026-09-01T08:11:06.240733+00:00,LibGen,LibGen.gl,PROTECTED,200,1162,,Cloudflare
2026-09-01T08:12:09.729827+00:00,LibGen,LibGen.gl,PROTECTED,200,693,,Cloudflare
2026-09-01T08:13:06.924308+00:00,LibGen,LibGen.gl,PROTECTED,200,691,,Cloudflare
2026-09-01T08:14:09.239965+00:00,LibGen,LibGen.gl,PROTECTED,200,2373,,Cloudflare
2026-09-01T08:15:09.599773+00:00,LibGen,LibGen.gl,PROTECTED,200,1305,,Cloudflare
2026-09-01T08:16:09.765867+00:00,LibGen,LibGen.gl,PROTECTED,200,2598,,Cloudflare
2026-09-01T08:17:09.852447+00:00,LibGen,LibGen.gl,PROTECTED,200,1738,,Cloudflare
2026-09-01T08:18:11.217908+00:00,LibGen,LibGen.gl,PROTECTED,200,1996,,Cloudflare
2026-09-01T08:19:09.726311+00:00,LibGen,LibGen.gl,PROTECTED,200,1546,,Cloudflare
2026-09-01T08:20:10.541203+00:00,LibGen,LibGen.gl,PROTECTED,200,1400,,Cloudflare
2026-09-01T08:21:11.095007+00:00,LibGen,LibGen.gl,PROTECTED,200,1289,,Cloudflare
2026-09-01T08:22:12.147025+00:00,LibGen,LibGen.gl,PROTECTED,200,709,,Cloudflare
2026-09-01T08:23:34.102919+00:00,LibGen,LibGen.gl,DOWN,,,connection_refused,
2026-09-01T08:24:13.755030+00:00,LibGen,LibGen.gl,PROTECTED,200,1423,,Cloudflare
2026-09-01T08:25:13.392229+00:00,LibGen,LibGen.gl,PROTECTED,200,1316,,Cloudflare
2026-09-01T08:26:14.443917+00:00,LibGen,LibGen.gl,PROTECTED,200,827,,Cloudflare
2026-09-01T08:27:14.444962+00:00,LibGen,LibGen.gl,PROTECTED,200,670,,Cloudflare
2026-09-01T08:28:14.275183+00:00,LibGen,LibGen.gl,PROTECTED,200,993,,Cloudflare
2026-09-01T08:29:14.911135+00:00,LibGen,LibGen.gl,PROTECTED,200,1403,,Cloudflare
2026-09-01T08:30:15.413180+00:00,LibGen,LibGen.gl,PROTECTED,200,975,,Cloudflare
2026-09-01T08:31:16.028707+00:00,LibGen,LibGen.gl,PROTECTED,200,1724,,Cloudflare
2026-09-01T08:32:16.270395+00:00,LibGen,LibGen.gl,PROTECTED,200,1073,,Cloudflare
2026-09-01T08:33:16.432529+00:00,LibGen,LibGen.gl,PROTECTED,200,1047,,Cloudflare
2026-09-01T08:34:17.099882+00:00,LibGen,LibGen.gl,PROTECTED,200,1054,,Cloudflare
2026-09-01T08:35:17.153725+00:00,LibGen,LibGen.gl,PROTECTED,200,967,,Cloudflare
2026-09-01T08:36:17.993442+00:00,LibGen,LibGen.gl,PROTECTED,200,849,,Cloudflare
2026-09-01T08:37:17.572955+00:00,LibGen,LibGen.gl,PROTECTED,200,791,,Cloudflare
2026-09-01T08:38:18.743241+00:00,LibGen,LibGen.gl,PROTECTED,200,1643,,Cloudflare
2026-09-01T08:39:18.801924+00:00,LibGen,LibGen.gl,PROTECTED,200,1383,,Cloudflare
2026-09-01T08:40:19.456714+00:00,LibGen,LibGen.gl,PROTECTED,200,1899,,Cloudflare
2026-09-01T08:41:19.327507+00:00,LibGen,LibGen.gl,PROTECTED,200,1369,,Cloudflare
2026-09-01T08:42:19.907964+00:00,LibGen,LibGen.gl,PROTECTED,200,1206,,Cloudflare
2026-09-01T08:43:22.251993+00:00,LibGen,LibGen.gl,PROTECTED,200,2736,,Cloudflare
2026-09-01T08:44:23.122195+00:00,LibGen,LibGen.gl,PROTECTED,200,1395,,Cloudflare
2026-09-01T08:45:24.767249+00:00,LibGen,LibGen.gl,PROTECTED,200,1760,,Cloudflare
2026-09-01T08:46:21.522481+00:00,LibGen,LibGen.gl,PROTECTED,200,1378,,Cloudflare
2026-09-01T08:47:21.410437+00:00,LibGen,LibGen.gl,PROTECTED,200,909,,Cloudflare
2026-09-01T08:48:25.560080+00:00,LibGen,LibGen.gl,PROTECTED,200,4904,,Cloudflare
2026-09-01T08:49:21.476518+00:00,LibGen,LibGen.gl,PROTECTED,200,784,,Cloudflare
2026-09-01T08:50:22.354219+00:00,LibGen,LibGen.gl,PROTECTED,200,1309,,Cloudflare
2026-09-01T08:51:23.724039+00:00,LibGen,LibGen.gl,PROTECTED,200,1899,,Cloudflare
2026-09-01T08:52:22.765475+00:00,LibGen,LibGen.gl,PROTECTED,200,970,,Cloudflare
2026-09-01T08:53:23.164917+00:00,LibGen,LibGen.gl,PROTECTED,200,1273,,Cloudflare
2026-09-01T08:54:23.620464+00:00,LibGen,LibGen.gl,PROTECTED,200,1209,,Cloudflare
2026-09-01T08:55:24.156912+00:00,LibGen,LibGen.gl,PROTECTED,200,902,,Cloudflare
2026-09-01T08:56:24.710716+00:00,LibGen,LibGen.gl,PROTECTED,200,2156,,Cloudflare
2026-09-01T08:57:23.532885+00:00,LibGen,LibGen.gl,PROTECTED,200,1042,,Cloudflare
2026-09-01T08:58:25.644751+00:00,LibGen,LibGen.gl,PROTECTED,200,1564,,Cloudflare
2026-09-01T08:59:24.921035+00:00,LibGen,LibGen.gl,PROTECTED,200,1355,,Cloudflare
2026-09-01T09:00:25.219611+00:00,LibGen,LibGen.gl,PROTECTED,200,1148,,Cloudflare
2026-09-01T09:01:27.421103+00:00,LibGen,LibGen.gl,PROTECTED,200,2507,,Cloudflare
2026-09-01T09:02:29.254198+00:00,LibGen,LibGen.gl,PROTECTED,200,3916,,Cloudflare
2026-09-01T09:03:26.753622+00:00,LibGen,LibGen.gl,PROTECTED,200,973,,Cloudflare
2026-09-01T09:04:26.737795+00:00,LibGen,LibGen.gl,PROTECTED,200,683,,Cloudflare
2026-09-01T09:05:26.944560+00:00,LibGen,LibGen.gl,PROTECTED,200,678,,Cloudflare
2026-09-01T09:06:27.867752+00:00,LibGen,LibGen.gl,PROTECTED,200,986,,Cloudflare
2026-09-01T09:07:28.438212+00:00,LibGen,LibGen.gl,PROTECTED,200,675,,Cloudflare
2026-09-01T09:08:29.878206+00:00,LibGen,LibGen.gl,PROTECTED,200,2511,,Cloudflare
2026-09-01T09:09:29.353326+00:00,LibGen,LibGen.gl,PROTECTED,200,927,,Cloudflare
2026-09-01T09:10:29.857839+00:00,LibGen,LibGen.gl,PROTECTED,200,1675,,Cloudflare
2026-09-01T09:11:31.589778+00:00,LibGen,LibGen.gl,PROTECTED,200,680,,Cloudflare
2026-09-01T09:12:31.529636+00:00,LibGen,LibGen.gl,PROTECTED,200,1660,,Cloudflare
2026-09-01T09:13:31.261892+00:00,LibGen,LibGen.gl,PROTECTED,200,699,,Cloudflare
2026-09-01T09:14:33.881632+00:00,LibGen,LibGen.gl,PROTECTED,200,2510,,Cloudflare
2026-09-01T09:15:33.688787+00:00,LibGen,LibGen.gl,PROTECTED,200,856,,Cloudflare
2026-09-01T09:16:35.420549+00:00,LibGen,LibGen.gl,PROTECTED,200,2345,,Cloudflare
2026-09-01T09:17:54.763620+00:00,LibGen,LibGen.gl,DOWN,,,connection_refused,
2026-09-01T09:18:34.200394+00:00,LibGen,LibGen.gl,PROTECTED,200,1496,,Cloudflare
2026-09-01T09:19:36.799796+00:00,LibGen,LibGen.gl,PROTECTED,200,3768,,Cloudflare
2026-09-01T09:20:34.263362+00:00,LibGen,LibGen.gl,PROTECTED,200,672,,Cloudflare
2026-09-01T09:21:35.087264+00:00,LibGen,LibGen.gl,PROTECTED,200,682,,Cloudflare
2026-09-01T09:22:34.760593+00:00,LibGen,LibGen.gl,PROTECTED,200,686,,Cloudflare
2026-09-01T09:24:04.735480+00:00,LibGen,LibGen.gl,DOWN,,,connection_refused,
2026-09-01T09:24:36.297777+00:00,LibGen,LibGen.gl,PROTECTED,200,1119,,Cloudflare
2026-09-01T09:25:40.133772+00:00,LibGen,LibGen.gl,PROTECTED,200,5130,,Cloudflare
2026-09-01T09:26:37.447923+00:00,LibGen,LibGen.gl,PROTECTED,200,2179,,Cloudflare
2026-09-01T09:27:37.040116+00:00,LibGen,LibGen.gl,PROTECTED,200,942,,Cloudflare
2026-09-01T09:28:36.813929+00:00,LibGen,LibGen.gl,PROTECTED,200,688,,Cloudflare
2026-09-01T09:29:38.521535+00:00,LibGen,LibGen.gl,PROTECTED,200,1387,,Cloudflare
2026-09-01T09:30:39.220133+00:00,LibGen,LibGen.gl,PROTECTED,200,2113,,Cloudflare
2026-09-01T09:31:38.246317+00:00,LibGen,LibGen.gl,PROTECTED,200,1269,,Cloudflare
2026-09-01T09:32:38.568379+00:00,LibGen,LibGen.gl,PROTECTED,200,697,,Cloudflare
2026-09-01T09:33:39.179690+00:00,LibGen,LibGen.gl,PROTECTED,200,1616,,Cloudflare
2026-09-01T09:34:39.374068+00:00,LibGen,LibGen.gl,PROTECTED,200,1759,,Cloudflare
2026-09-01T09:35:39.350034+00:00,LibGen,LibGen.gl,PROTECTED,200,1431,,Cloudflare
2026-09-01T09:36:40.712774+00:00,LibGen,LibGen.gl,PROTECTED,200,910,,Cloudflare
2026-09-01T09:37:39.483773+00:00,LibGen,LibGen.gl,PROTECTED,200,703,,Cloudflare
2026-09-01T09:38:40.459939+00:00,LibGen,LibGen.gl,PROTECTED,200,684,,Cloudflare
2026-09-01T09:39:40.645100+00:00,LibGen,LibGen.gl,PROTECTED,200,1706,,Cloudflare
2026-09-01T09:40:40.924214+00:00,LibGen,LibGen.gl,PROTECTED,200,773,,Cloudflare
2026-09-01T09:41:41.087420+00:00,LibGen,LibGen.gl,PROTECTED,200,671,,Cloudflare
2026-09-01T09:42:42.484344+00:00,LibGen,LibGen.gl,PROTECTED,200,1068,,Cloudflare
2026-09-01T09:43:43.976501+00:00,LibGen,LibGen.gl,PROTECTED,200,676,,Cloudflare
2026-09-01T09:44:44.180171+00:00,LibGen,LibGen.gl,PROTECTED,200,1731,,Cloudflare
2026-09-01T09:45:47.491831+00:00,LibGen,LibGen.gl,PROTECTED,200,2015,,Cloudflare
2026-09-01T09:46:42.986745+00:00,LibGen,LibGen.gl,PROTECTED,200,1545,,Cloudflare
2026-09-01T09:47:43.630796+00:00,LibGen,LibGen.gl,PROTECTED,200,1384,,Cloudflare
2026-09-01T09:48:43.393863+00:00,LibGen,LibGen.gl,PROTECTED,200,1021,,Cloudflare
2026-09-01T09:49:44.293150+00:00,LibGen,LibGen.gl,PROTECTED,200,1362,,Cloudflare
2026-09-01T09:50:44.695755+00:00,LibGen,LibGen.gl,PROTECTED,200,672,,Cloudflare
2026-09-01T09:51:44.525662+00:00,LibGen,LibGen.gl,PROTECTED,200,1028,,Cloudflare
2026-09-01T09:52:45.053457+00:00,LibGen,LibGen.gl,PROTECTED,200,920,,Cloudflare
2026-09-01T09:53:46.058150+00:00,LibGen,LibGen.gl,PROTECTED,200,1712,,Cloudflare
2026-09-01T09:54:46.455041+00:00,LibGen,LibGen.gl,PROTECTED,200,1550,,Cloudflare
2026-09-01T09:55:45.766003+00:00,LibGen,LibGen.gl,PROTECTED,200,898,,Cloudflare
2026-09-01T09:56:46.958505+00:00,LibGen,LibGen.gl,PROTECTED,200,1681,,Cloudflare
2026-09-01T09:57:47.001971+00:00,LibGen,LibGen.gl,PROTECTED,200,700,,Cloudflare
2026-09-01T09:58:47.536946+00:00,LibGen,LibGen.gl,PROTECTED,200,1656,,Cloudflare
2026-09-01T09:59:47.568040+00:00,LibGen,LibGen.gl,PROTECTED,200,1582,,Cloudflare
2026-09-01T10:00:48.366840+00:00,LibGen,LibGen.gl,PROTECTED,200,1789,,Cloudflare
2026-09-01T10:01:49.179969+00:00,LibGen,LibGen.gl,PROTECTED,200,709,,Cloudflare
2026-09-01T10:02:48.518959+00:00,LibGen,LibGen.gl,PROTECTED,200,1034,,Cloudflare
2026-09-01T10:03:48.389620+00:00,LibGen,LibGen.gl,PROTECTED,200,696,,Cloudflare
2026-09-01T10:04:49.648901+00:00,LibGen,LibGen.gl,PROTECTED,200,690,,Cloudflare
2026-09-01T10:05:50.673554+00:00,LibGen,LibGen.gl,PROTECTED,200,1069,,Cloudflare
2026-09-01T10:06:50.249745+00:00,LibGen,LibGen.gl,PROTECTED,200,763,,Cloudflare
2026-09-01T10:07:50.402425+00:00,LibGen,LibGen.gl,PROTECTED,200,696,,Cloudflare
2026-09-01T10:08:51.569553+00:00,LibGen,LibGen.gl,PROTECTED,200,673,,Cloudflare
2026-09-01T10:09:51.873701+00:00,LibGen,LibGen.gl,PROTECTED,200,1470,,Cloudflare
2026-09-01T10:10:53.342804+00:00,LibGen,LibGen.gl,PROTECTED,200,1946,,Cloudflare
2026-09-01T10:11:52.370652+00:00,LibGen,LibGen.gl,PROTECTED,200,842,,Cloudflare
2026-09-01T10:12:53.492813+00:00,LibGen,LibGen.gl,PROTECTED,200,2002,,Cloudflare
2026-09-01T10:13:52.563905+00:00,LibGen,LibGen.gl,PROTECTED,200,686,,Cloudflare
2026-09-01T10:14:53.799842+00:00,LibGen,LibGen.gl,PROTECTED,200,1991,,Cloudflare
2026-09-01T10:15:53.519712+00:00,LibGen,LibGen.gl,PROTECTED,200,961,,Cloudflare
2026-09-01T10:16:53.857632+00:00,LibGen,LibGen.gl,PROTECTED,200,687,,Cloudflare
2026-09-01T10:17:54.122473+00:00,LibGen,LibGen.gl,PROTECTED,200,712,,Cloudflare
2026-09-01T10:18:56.140879+00:00,LibGen,LibGen.gl,PROTECTED,200,1748,,Cloudflare
2026-09-01T10:19:54.844398+00:00,LibGen,LibGen.gl,PROTECTED,200,776,,Cloudflare
2026-09-01T10:20:55.662786+00:00,LibGen,LibGen.gl,PROTECTED,200,661,,Cloudflare
2026-09-01T10:21:57.005308+00:00,LibGen,LibGen.gl,PROTECTED,200,1938,,Cloudflare
2026-09-01T10:22:56.319846+00:00,LibGen,LibGen.gl,PROTECTED,200,664,,Cloudflare
2026-09-01T10:23:58.066493+00:00,LibGen,LibGen.gl,PROTECTED,200,2195,,Cloudflare
2026-09-01T10:24:57.037599+00:00,LibGen,LibGen.gl,PROTECTED,200,899,,Cloudflare
2026-09-01T10:25:57.675002+00:00,LibGen,LibGen.gl,PROTECTED,200,790,,Cloudflare
2026-09-01T10:26:59.414242+00:00,LibGen,LibGen.gl,PROTECTED,200,2227,,Cloudflare
2026-09-01T10:27:59.665203+00:00,LibGen,LibGen.gl,PROTECTED,200,1334,,Cloudflare
2026-09-01T10:29:00.387083+00:00,LibGen,LibGen.gl,PROTECTED,200,903,,Cloudflare
2026-09-01T10:30:00.229855+00:00,LibGen,LibGen.gl,PROTECTED,200,994,,Cloudflare
2026-09-01T10:31:01.162897+00:00,LibGen,LibGen.gl,PROTECTED,200,1387,,Cloudflare
2026-09-01T10:32:00.531458+00:00,LibGen,LibGen.gl,PROTECTED,200,707,,Cloudflare
2026-09-01T10:33:01.575876+00:00,LibGen,LibGen.gl,PROTECTED,200,718,,Cloudflare
2026-09-01T10:34:02.405263+00:00,LibGen,LibGen.gl,PROTECTED,200,698,,Cloudflare
2026-09-01T10:35:02.641762+00:00,LibGen,LibGen.gl,PROTECTED,200,690,,Cloudflare
2026-09-01T10:36:04.586660+00:00,LibGen,LibGen.gl,PROTECTED,200,2350,,Cloudflare
2026-09-01T10:37:03.404809+00:00,LibGen,LibGen.gl,PROTECTED,200,697,,Cloudflare
2026-09-01T10:38:05.589429+00:00,LibGen,LibGen.gl,PROTECTED,200,1716,,Cloudflare
2026-09-01T10:39:04.715813+00:00,LibGen,LibGen.gl,PROTECTED,200,830,,Cloudflare
2026-09-01T10:40:06.884358+00:00,LibGen,LibGen.gl,PROTECTED,200,2922,,Cloudflare
2026-09-01T10:41:05.527575+00:00,LibGen,LibGen.gl,PROTECTED,200,853,,Cloudflare
2026-09-01T10:42:06.687996+00:00,LibGen,LibGen.gl,PROTECTED,200,1398,,Cloudflare
2026-09-01T10:43:07.675086+00:00,LibGen,LibGen.gl,PROTECTED,200,1349,,Cloudflare
2026-09-01T10:44:07.564705+00:00,LibGen,LibGen.gl,PROTECTED,200,1634,,Cloudflare
2026-09-01T10:45:08.139141+00:00,LibGen,LibGen.gl,PROTECTED,200,1337,,Cloudflare
2026-09-01T10:46:09.416538+00:00,LibGen,LibGen.gl,PROTECTED,200,1804,,Cloudflare
2026-09-01T10:47:11.884340+00:00,LibGen,LibGen.gl,PROTECTED,200,2037,,Cloudflare
2026-09-01T10:48:09.482387+00:00,LibGen,LibGen.gl,PROTECTED,200,1098,,Cloudflare
2026-09-01T10:49:10.595093+00:00,LibGen,LibGen.gl,PROTECTED,200,2160,,Cloudflare
2026-09-01T10:50:10.581237+00:00,LibGen,LibGen.gl,PROTECTED,200,1086,,Cloudflare
2026-09-01T10:51:10.865955+00:00,LibGen,LibGen.gl,PROTECTED,200,1382,,Cloudflare
2026-09-01T10:52:11.415794+00:00,LibGen,LibGen.gl,PROTECTED,200,684,,Cloudflare
2026-09-01T10:53:14.988827+00:00,LibGen,LibGen.gl,PROTECTED,200,1445,,Cloudflare
2026-09-01T10:54:12.619692+00:00,LibGen,LibGen.gl,PROTECTED,200,816,,Cloudflare
2026-09-01T10:55:13.350620+00:00,LibGen,LibGen.gl,PROTECTED,200,698,,Cloudflare
2026-09-01T10:56:14.658810+00:00,LibGen,LibGen.gl,PROTECTED,200,1179,,Cloudflare
2026-09-01T10:57:14.624630+00:00,LibGen,LibGen.gl,PROTECTED,200,1707,,Cloudflare
2026-09-01T10:58:15.178969+00:00,LibGen,LibGen.gl,PROTECTED,200,1924,,Cloudflare
2026-09-01T10:59:18.711751+00:00,LibGen,LibGen.gl,PROTECTED,200,4399,,Cloudflare
2026-09-01T11:00:16.121083+00:00,LibGen,LibGen.gl,PROTECTED,200,1499,,Cloudflare
2026-09-01T11:01:17.047472+00:00,LibGen,LibGen.gl,PROTECTED,200,1560,,Cloudflare
2026-09-01T11:02:16.571898+00:00,LibGen,LibGen.gl,PROTECTED,200,2334,,Cloudflare
2026-09-01T11:03:18.555577+00:00,LibGen,LibGen.gl,PROTECTED,200,1821,,Cloudflare
2026-09-01T11:04:16.312407+00:00,LibGen,LibGen.gl,PROTECTED,200,1163,,Cloudflare
2026-09-01T11:05:16.083927+00:00,LibGen,LibGen.gl,PROTECTED,200,674,,Cloudflare
2026-09-01T11:06:16.813058+00:00,LibGen,LibGen.gl,PROTECTED,200,832,,Cloudflare
2026-09-01T11:07:17.225541+00:00,LibGen,LibGen.gl,PROTECTED,200,906,,Cloudflare
2026-09-01T11:08:17.257160+00:00,LibGen,LibGen.gl,PROTECTED,200,675,,Cloudflare
2026-09-01T11:09:18.279875+00:00,LibGen,LibGen.gl,PROTECTED,200,1446,,Cloudflare
2026-09-01T11:10:19.556990+00:00,LibGen,LibGen.gl,PROTECTED,200,1870,,Cloudflare
2026-09-01T11:11:19.845277+00:00,LibGen,LibGen.gl,PROTECTED,200,1127,,Cloudflare
2026-09-01T11:12:19.995601+00:00,LibGen,LibGen.gl,PROTECTED,200,663,,Cloudflare
2026-09-01T11:13:21.006796+00:00,LibGen,LibGen.gl,PROTECTED,200,668,,Cloudflare
2026-09-01T11:14:21.128320+00:00,LibGen,LibGen.gl,PROTECTED,200,705,,Cloudflare
2026-09-01T11:15:21.688324+00:00,LibGen,LibGen.gl,PROTECTED,200,921,,Cloudflare
2026-09-01T11:16:22.686019+00:00,LibGen,LibGen.gl,PROTECTED,200,1670,,Cloudflare
2026-09-01T11:17:22.903658+00:00,LibGen,LibGen.gl,PROTECTED,200,1244,,Cloudflare
2026-09-01T11:18:23.600997+00:00,LibGen,LibGen.gl,PROTECTED,200,972,,Cloudflare
2026-09-01T11:19:25.242112+00:00,LibGen,LibGen.gl,PROTECTED,200,3231,,Cloudflare
2026-09-01T11:20:24.960802+00:00,LibGen,LibGen.gl,PROTECTED,200,685,,Cloudflare
2026-09-01T11:21:25.203499+00:00,LibGen,LibGen.gl,PROTECTED,200,1843,,Cloudflare
2026-09-01T11:22:24.962249+00:00,LibGen,LibGen.gl,PROTECTED,200,1139,,Cloudflare
2026-09-01T11:23:25.034579+00:00,LibGen,LibGen.gl,PROTECTED,200,908,,Cloudflare
2026-09-01T11:24:26.425735+00:00,LibGen,LibGen.gl,PROTECTED,200,1511,,Cloudflare
2026-09-01T11:25:26.966270+00:00,LibGen,LibGen.gl,PROTECTED,200,1906,,Cloudflare
2026-09-01T11:26:28.826532+00:00,LibGen,LibGen.gl,PROTECTED,200,2968,,Cloudflare
2026-09-01T11:27:30.221132+00:00,LibGen,LibGen.gl,PROTECTED,200,2876,,Cloudflare
2026-09-01T11:28:47.280527+00:00,LibGen,LibGen.gl,TIMEOUT,,,timeout,
2026-09-01T11:29:30.140498+00:00,LibGen,LibGen.gl,PROTECTED,200,688,,Cloudflare
2026-09-01T11:30:30.033584+00:00,LibGen,LibGen.gl,PROTECTED,200,1578,,Cloudflare
2026-09-01T11:31:31.419765+00:00,LibGen,LibGen.gl,PROTECTED,200,2713,,Cloudflare
2026-09-01T11:32:31.253475+00:00,LibGen,LibGen.gl,PROTECTED,200,2092,,Cloudflare
2026-09-01T11:33:32.080202+00:00,LibGen,LibGen.gl,PROTECTED,200,1335,,Cloudflare
2026-09-01T11:34:33.530717+00:00,LibGen,LibGen.gl,PROTECTED,200,2019,,Cloudflare
2026-09-01T11:35:34.543939+00:00,LibGen,LibGen.gl,PROTECTED,200,2101,,Cloudflare
2026-09-01T11:36:33.592209+00:00,LibGen,LibGen.gl,PROTECTED,200,1202,,Cloudflare
2026-09-01T11:37:33.960859+00:00,LibGen,LibGen.gl,PROTECTED,200,2093,,Cloudflare
2026-09-01T11:38:33.807550+00:00,LibGen,LibGen.gl,PROTECTED,200,1276,,Cloudflare
2026-09-01T11:39:34.679074+00:00,LibGen,LibGen.gl,PROTECTED,200,1480,,Cloudflare
2026-09-01T11:40:35.095109+00:00,LibGen,LibGen.gl,PROTECTED,200,1398,,Cloudflare
2026-09-01T11:41:34.329747+00:00,LibGen,LibGen.gl,PROTECTED,200,674,,Cloudflare
2026-09-01T11:42:35.637563+00:00,LibGen,LibGen.gl,PROTECTED,200,1896,,Cloudflare
2026-09-01T11:43:36.483983+00:00,LibGen,LibGen.gl,PROTECTED,200,1877,,Cloudflare
2026-09-01T11:44:42.777885+00:00,LibGen,LibGen.gl,PROTECTED,200,5858,,Cloudflare
2026-09-01T11:45:37.767932+00:00,LibGen,LibGen.gl,PROTECTED,200,1874,,Cloudflare
2026-09-01T11:46:38.083679+00:00,LibGen,LibGen.gl,PROTECTED,200,1325,,Cloudflare
2026-09-01T11:47:38.566777+00:00,LibGen,LibGen.gl,PROTECTED,200,1111,,Cloudflare
2026-09-01T11:48:39.278581+00:00,LibGen,LibGen.gl,PROTECTED,200,1843,,Cloudflare
2026-09-01T11:49:40.041818+00:00,LibGen,LibGen.gl,PROTECTED,200,1899,,Cloudflare
2026-09-01T11:50:40.853572+00:00,LibGen,LibGen.gl,PROTECTED,200,1422,,Cloudflare
2026-09-01T11:51:40.926179+00:00,LibGen,LibGen.gl,PROTECTED,200,1148,,Cloudflare
2026-09-01T11:52:42.466113+00:00,LibGen,LibGen.gl,PROTECTED,200,2101,,Cloudflare
2026-09-01T11:53:42.381709+00:00,LibGen,LibGen.gl,PROTECTED,200,717,,Cloudflare
2026-09-01T11:54:44.011656+00:00,LibGen,LibGen.gl,PROTECTED,200,1922,,Cloudflare
2026-09-01T11:55:44.048531+00:00,LibGen,LibGen.gl,PROTECTED,200,1886,,Cloudflare
2026-09-01T11:56:43.579986+00:00,LibGen,LibGen.gl,PROTECTED,200,715,,Cloudflare
2026-09-01T11:57:45.749716+00:00,LibGen,LibGen.gl,PROTECTED,200,2377,,Cloudflare
2026-09-01T11:58:45.400107+00:00,LibGen,LibGen.gl,PROTECTED,200,1174,,Cloudflare
2026-09-01T11:59:46.677577+00:00,LibGen,LibGen.gl,PROTECTED,200,1182,,Cloudflare
2026-09-01T12:00:46.660503+00:00,LibGen,LibGen.gl,PROTECTED,200,1724,,Cloudflare
2026-09-01T12:01:48.752825+00:00,LibGen,LibGen.gl,PROTECTED,200,1770,,Cloudflare
2026-09-01T12:02:49.871891+00:00,LibGen,LibGen.gl,PROTECTED,200,2924,,Cloudflare
2026-09-01T12:03:47.840954+00:00,LibGen,LibGen.gl,PROTECTED,200,918,,Cloudflare
2026-09-01T12:04:49.385726+00:00,LibGen,LibGen.gl,PROTECTED,200,2693,,Cloudflare
2026-09-01T12:05:49.974127+00:00,LibGen,LibGen.gl,PROTECTED,200,990,,Cloudflare
2026-09-01T12:06:49.437796+00:00,LibGen,LibGen.gl,PROTECTED,200,1559,,Cloudflare
2026-09-01T12:07:49.497123+00:00,LibGen,LibGen.gl,PROTECTED,200,719,,Cloudflare
2026-09-01T12:08:51.002841+00:00,LibGen,LibGen.gl,PROTECTED,200,696,,Cloudflare
2026-09-01T12:09:50.922894+00:00,LibGen,LibGen.gl,PROTECTED,200,990,,Cloudflare
2026-09-01T12:10:52.776038+00:00,LibGen,LibGen.gl,PROTECTED,200,2270,,Cloudflare
2026-09-01T12:11:54.362540+00:00,LibGen,LibGen.gl,PROTECTED,200,1027,,Cloudflare
2026-09-01T12:12:54.454858+00:00,LibGen,LibGen.gl,PROTECTED,200,2258,,Cloudflare
2026-09-01T12:13:53.915397+00:00,LibGen,LibGen.gl,PROTECTED,200,1604,,Cloudflare
2026-09-01T12:14:55.258021+00:00,LibGen,LibGen.gl,PROTECTED,200,2356,,Cloudflare
2026-09-01T12:15:55.213963+00:00,LibGen,LibGen.gl,PROTECTED,200,1605,,Cloudflare
2026-09-01T12:16:55.429891+00:00,LibGen,LibGen.gl,PROTECTED,200,690,,Cloudflare
2026-09-01T12:17:55.848998+00:00,LibGen,LibGen.gl,PROTECTED,200,713,,Cloudflare
2026-09-01T12:18:57.456124+00:00,LibGen,LibGen.gl,PROTECTED,200,1773,,Cloudflare
2026-09-01T12:19:56.478250+00:00,LibGen,LibGen.gl,PROTECTED,200,670,,Cloudflare
2026-09-01T12:20:57.999742+00:00,LibGen,LibGen.gl,PROTECTED,200,708,,Cloudflare
2026-09-01T12:22:00.929621+00:00,LibGen,LibGen.gl,PROTECTED,200,3337,,Cloudflare
2026-09-01T12:22:59.747798+00:00,LibGen,LibGen.gl,PROTECTED,200,1390,,Cloudflare
2026-09-01T12:24:01.834881+00:00,LibGen,LibGen.gl,PROTECTED,200,2154,,Cloudflare
2026-09-01T12:25:02.022912+00:00,LibGen,LibGen.gl,PROTECTED,200,1661,,Cloudflare
2026-09-01T12:26:00.593726+00:00,LibGen,LibGen.gl,PROTECTED,200,665,,Cloudflare
2026-09-01T12:27:03.109459+00:00,LibGen,LibGen.gl,PROTECTED,200,1930,,Cloudflare
2026-09-01T12:28:02.720874+00:00,LibGen,LibGen.gl,PROTECTED,200,1203,,Cloudflare
2026-09-01T12:29:02.935176+00:00,LibGen,LibGen.gl,PROTECTED,200,1248,,Cloudflare
2026-09-01T12:30:04.119847+00:00,LibGen,LibGen.gl,PROTECTED,200,1333,,Cloudflare
2026-09-01T12:31:05.102678+00:00,LibGen,LibGen.gl,PROTECTED,200,2705,,Cloudflare
2026-09-01T12:32:04.182161+00:00,LibGen,LibGen.gl,PROTECTED,200,697,,Cloudflare
2026-09-01T12:33:06.876930+00:00,LibGen,LibGen.gl,PROTECTED,200,2023,,Cloudflare
2026-09-01T12:34:06.380917+00:00,LibGen,LibGen.gl,PROTECTED,200,1849,,Cloudflare
2026-09-01T12:35:08.385349+00:00,LibGen,LibGen.gl,PROTECTED,200,3638,,Cloudflare
2026-09-01T12:36:07.537946+00:00,LibGen,LibGen.gl,PROTECTED,200,1745,,Cloudflare
2026-09-01T12:37:08.833597+00:00,LibGen,LibGen.gl,PROTECTED,200,2856,,Cloudflare
2026-09-01T12:38:08.189088+00:00,LibGen,LibGen.gl,PROTECTED,200,1136,,Cloudflare
2026-09-01T12:39:07.887643+00:00,LibGen,LibGen.gl,PROTECTED,200,703,,Cloudflare
2026-09-01T12:40:11.111754+00:00,LibGen,LibGen.gl,PROTECTED,200,2566,,Cloudflare
2026-09-01T12:41:10.015045+00:00,LibGen,LibGen.gl,PROTECTED,200,694,,Cloudflare
2026-09-01T12:42:13.251923+00:00,LibGen,LibGen.gl,PROTECTED,200,708,,Cloudflare
2026-09-01T12:43:10.961072+00:00,LibGen,LibGen.gl,PROTECTED,200,1057,,Cloudflare
2026-09-01T12:44:10.868778+00:00,LibGen,LibGen.gl,PROTECTED,200,1212,,Cloudflare
2026-09-01T12:45:11.268868+00:00,LibGen,LibGen.gl,PROTECTED,200,905,,Cloudflare
2026-09-01T12:46:13.267882+00:00,LibGen,LibGen.gl,PROTECTED,200,2397,,Cloudflare
2026-09-01T12:47:13.445109+00:00,LibGen,LibGen.gl,PROTECTED,200,2073,,Cloudflare
2026-09-01T12:48:13.177918+00:00,LibGen,LibGen.gl,PROTECTED,200,1104,,Cloudflare
2026-09-01T12:49:14.149786+00:00,LibGen,LibGen.gl,PROTECTED,200,1314,,Cloudflare
2026-09-01T12:50:16.791859+00:00,LibGen,LibGen.gl,PROTECTED,200,2412,,Cloudflare
2026-09-01T12:51:15.037298+00:00,LibGen,LibGen.gl,PROTECTED,200,677,,Cloudflare
2026-09-01T12:52:16.520447+00:00,LibGen,LibGen.gl,PROTECTED,200,1612,,Cloudflare
2026-09-01T12:53:19.230887+00:00,LibGen,LibGen.gl,PROTECTED,200,2232,,Cloudflare
2026-09-01T12:54:17.694495+00:00,LibGen,LibGen.gl,PROTECTED,200,1079,,Cloudflare
2026-09-01T12:55:17.822183+00:00,LibGen,LibGen.gl,PROTECTED,200,686,,Cloudflare
2026-09-01T12:56:18.885346+00:00,LibGen,LibGen.gl,PROTECTED,200,2038,,Cloudflare
2026-09-01T12:57:18.611016+00:00,LibGen,LibGen.gl,PROTECTED,200,668,,Cloudflare
2026-09-01T12:58:20.085420+00:00,LibGen,LibGen.gl,PROTECTED,200,1912,,Cloudflare
2026-09-01T12:59:21.775976+00:00,LibGen,LibGen.gl,PROTECTED,200,2351,,Cloudflare
2026-09-01T13:00:22.894024+00:00,LibGen,LibGen.gl,PROTECTED,200,2763,,Cloudflare
2026-09-01T13:01:22.822732+00:00,LibGen,LibGen.gl,PROTECTED,200,2366,,Cloudflare
2026-09-01T13:02:21.743001+00:00,LibGen,LibGen.gl,PROTECTED,200,680,,Cloudflare
2026-09-01T13:03:23.852974+00:00,LibGen,LibGen.gl,PROTECTED,200,1482,,Cloudflare
2026-09-01T13:04:23.094169+00:00,LibGen,LibGen.gl,PROTECTED,200,1794,,Cloudflare
2026-09-01T13:05:23.697616+00:00,LibGen,LibGen.gl,PROTECTED,200,1695,,Cloudflare
2026-09-01T13:06:24.330972+00:00,LibGen,LibGen.gl,PROTECTED,200,1364,,Cloudflare
2026-09-01T13:07:28.026824+00:00,LibGen,LibGen.gl,PROTECTED,200,4657,,Cloudflare
2026-09-01T13:08:35.779114+00:00,LibGen,LibGen.gl,PROTECTED,200,11545,,Cloudflare
2026-09-01T13:09:25.421733+00:00,LibGen,LibGen.gl,PROTECTED,200,1070,,Cloudflare
2026-09-01T13:10:25.735460+00:00,LibGen,LibGen.gl,PROTECTED,200,687,,Cloudflare
2026-09-01T13:11:27.998813+00:00,LibGen,LibGen.gl,PROTECTED,200,1693,,Cloudflare
2026-09-01T13:12:26.726442+00:00,LibGen,LibGen.gl,PROTECTED,200,685,,Cloudflare
2026-09-01T13:13:28.378630+00:00,LibGen,LibGen.gl,PROTECTED,200,1846,,Cloudflare
2026-09-01T13:14:28.403966+00:00,LibGen,LibGen.gl,PROTECTED,200,1386,,Cloudflare
2026-09-01T13:15:29.860448+00:00,LibGen,LibGen.gl,PROTECTED,200,1194,,Cloudflare
2026-09-01T13:16:30.766613+00:00,LibGen,LibGen.gl,PROTECTED,200,735,,Cloudflare
2026-09-01T13:17:31.275989+00:00,LibGen,LibGen.gl,PROTECTED,200,1092,,Cloudflare
2026-09-01T13:18:31.149345+00:00,LibGen,LibGen.gl,PROTECTED,200,1616,,Cloudflare
2026-09-01T13:19:34.408071+00:00,LibGen,LibGen.gl,PROTECTED,200,3776,,Cloudflare
2026-09-01T13:20:33.090969+00:00,LibGen,LibGen.gl,PROTECTED,200,1828,,Cloudflare
2026-09-01T13:21:34.488568+00:00,LibGen,LibGen.gl,PROTECTED,200,2268,,Cloudflare
2026-09-01T13:22:35.836348+00:00,LibGen,LibGen.gl,PROTECTED,200,2250,,Cloudflare
2026-09-01T13:23:34.642407+00:00,LibGen,LibGen.gl,PROTECTED,200,1182,,Cloudflare
2026-09-01T13:24:35.074374+00:00,LibGen,LibGen.gl,PROTECTED,200,721,,Cloudflare
2026-09-01T13:25:35.785056+00:00,LibGen,LibGen.gl,PROTECTED,200,1331,,Cloudflare
2026-09-01T13:26:37.735512+00:00,LibGen,LibGen.gl,PROTECTED,200,2183,,Cloudflare
2026-09-01T13:27:38.097243+00:00,LibGen,LibGen.gl,PROTECTED,200,1626,,Cloudflare
2026-09-01T13:28:37.669855+00:00,LibGen,LibGen.gl,PROTECTED,200,1402,,Cloudflare
2026-09-01T13:29:39.121052+00:00,LibGen,LibGen.gl,PROTECTED,200,2078,,Cloudflare
2026-09-01T13:30:38.981252+00:00,LibGen,LibGen.gl,PROTECTED,200,1078,,Cloudflare
2026-09-01T13:31:39.997765+00:00,LibGen,LibGen.gl,PROTECTED,200,736,,Cloudflare
2026-09-01T13:32:42.236522+00:00,LibGen,LibGen.gl,PROTECTED,200,2399,,Cloudflare
2026-09-01T13:33:42.265803+00:00,LibGen,LibGen.gl,PROTECTED,200,1198,,Cloudflare
2026-09-01T13:34:42.289355+00:00,LibGen,LibGen.gl,PROTECTED,200,1676,,Cloudflare
2026-09-01T13:35:43.170224+00:00,LibGen,LibGen.gl,PROTECTED,200,1918,,Cloudflare
2026-09-01T13:36:44.224110+00:00,LibGen,LibGen.gl,PROTECTED,200,2253,,Cloudflare
2026-09-01T13:37:44.502159+00:00,LibGen,LibGen.gl,PROTECTED,200,1366,,Cloudflare
2026-09-01T13:38:45.767127+00:00,LibGen,LibGen.gl,PROTECTED,200,2379,,Cloudflare
2026-09-01T13:39:46.191902+00:00,LibGen,LibGen.gl,PROTECTED,200,1550,,Cloudflare
2026-09-01T13:40:46.479018+00:00,LibGen,LibGen.gl,PROTECTED,200,1618,,Cloudflare
2026-09-01T13:41:46.648387+00:00,LibGen,LibGen.gl,PROTECTED,200,928,,Cloudflare
2026-09-01T13:42:48.403157+00:00,LibGen,LibGen.gl,PROTECTED,200,1422,,Cloudflare
2026-09-01T13:43:48.989885+00:00,LibGen,LibGen.gl,PROTECTED,200,2234,,Cloudflare
2026-09-01T13:44:49.307086+00:00,LibGen,LibGen.gl,PROTECTED,200,1391,,Cloudflare
2026-09-01T13:45:51.391407+00:00,LibGen,LibGen.gl,PROTECTED,200,1537,,Cloudflare
2026-09-01T13:46:49.976982+00:00,LibGen,LibGen.gl,PROTECTED,200,1143,,Cloudflare
2026-09-01T13:47:50.815605+00:00,LibGen,LibGen.gl,PROTECTED,200,678,,Cloudflare
2026-09-01T13:48:51.153341+00:00,LibGen,LibGen.gl,PROTECTED,200,1074,,Cloudflare
2026-09-01T13:50:12.551563+00:00,LibGen,LibGen.gl,DOWN,,,connection_refused,
2026-09-01T13:50:52.109948+00:00,LibGen,LibGen.gl,PROTECTED,200,686,,Cloudflare
2026-09-01T13:51:53.940116+00:00,LibGen,LibGen.gl,PROTECTED,200,1888,,Cloudflare
2026-09-01T13:52:53.824247+00:00,LibGen,LibGen.gl,PROTECTED,200,932,,Cloudflare
2026-09-01T13:53:53.976534+00:00,LibGen,LibGen.gl,PROTECTED,200,712,,Cloudflare
2026-09-01T13:54:55.825194+00:00,LibGen,LibGen.gl,PROTECTED,200,2211,,Cloudflare
2026-09-01T13:55:56.368676+00:00,LibGen,LibGen.gl,PROTECTED,200,1054,,Cloudflare
2026-09-01T13:56:55.607610+00:00,LibGen,LibGen.gl,PROTECTED,200,1023,,Cloudflare
2026-09-01T13:57:56.255781+00:00,LibGen,LibGen.gl,PROTECTED,200,1863,,Cloudflare
2026-09-01T13:58:56.497274+00:00,LibGen,LibGen.gl,PROTECTED,200,984,,Cloudflare
2026-09-01T13:59:57.012752+00:00,LibGen,LibGen.gl,PROTECTED,200,753,,Cloudflare
2026-09-01T14:00:57.942345+00:00,LibGen,LibGen.gl,PROTECTED,200,1050,,Cloudflare
2026-09-01T14:02:00.305593+00:00,LibGen,LibGen.gl,PROTECTED,200,1128,,Cloudflare
2026-09-01T14:03:00.916154+00:00,LibGen,LibGen.gl,PROTECTED,200,2050,,Cloudflare
2026-09-01T14:04:02.153088+00:00,LibGen,LibGen.gl,PROTECTED,200,4492,,Cloudflare
2026-09-01T14:05:00.590331+00:00,LibGen,LibGen.gl,PROTECTED,200,1672,,Cloudflare
2026-09-01T14:06:03.728859+00:00,LibGen,LibGen.gl,PROTECTED,200,1711,,Cloudflare
2026-09-01T14:07:01.496780+00:00,LibGen,LibGen.gl,PROTECTED,200,1383,,Cloudflare
2026-09-01T14:08:01.863911+00:00,LibGen,LibGen.gl,PROTECTED,200,680,,Cloudflare
2026-09-01T14:09:04.022860+00:00,LibGen,LibGen.gl,PROTECTED,200,1938,,Cloudflare
2026-09-01T14:10:05.320112+00:00,LibGen,LibGen.gl,PROTECTED,200,1240,,Cloudflare
2026-09-01T14:11:04.711965+00:00,LibGen,LibGen.gl,PROTECTED,200,2090,,Cloudflare
2026-09-01T14:12:05.719773+00:00,LibGen,LibGen.gl,PROTECTED,200,2269,,Cloudflare
2026-09-01T14:13:06.027697+00:00,LibGen,LibGen.gl,PROTECTED,200,901,,Cloudflare
2026-09-01T14:14:06.917951+00:00,LibGen,LibGen.gl,PROTECTED,200,2106,,Cloudflare
2026-09-01T14:15:06.674147+00:00,LibGen,LibGen.gl,PROTECTED,200,1278,,Cloudflare
2026-09-01T14:16:06.726296+00:00,LibGen,LibGen.gl,PROTECTED,200,671,,Cloudflare
2026-09-01T14:17:08.599848+00:00,LibGen,LibGen.gl,PROTECTED,200,1202,,Cloudflare
2026-09-01T14:18:08.384742+00:00,LibGen,LibGen.gl,PROTECTED,200,717,,Cloudflare
2026-09-01T14:19:08.132605+00:00,LibGen,LibGen.gl,PROTECTED,200,719,,Cloudflare
2026-09-01T14:20:10.078911+00:00,LibGen,LibGen.gl,PROTECTED,200,2030,,Cloudflare
2026-09-01T14:21:10.056720+00:00,LibGen,LibGen.gl,PROTECTED,200,850,,Cloudflare
2026-09-01T14:22:11.701968+00:00,LibGen,LibGen.gl,PROTECTED,200,2095,,Cloudflare
2026-09-01T14:23:11.370998+00:00,LibGen,LibGen.gl,PROTECTED,200,707,,Cloudflare
2026-09-01T14:24:13.023532+00:00,LibGen,LibGen.gl,PROTECTED,200,2169,,Cloudflare
2026-09-01T14:25:12.694370+00:00,LibGen,LibGen.gl,PROTECTED,200,712,,Cloudflare
2026-09-01T14:26:12.752825+00:00,LibGen,LibGen.gl,PROTECTED,200,1446,,Cloudflare
2026-09-01T14:27:14.005184+00:00,LibGen,LibGen.gl,PROTECTED,200,1855,,Cloudflare
2026-09-01T14:28:13.587824+00:00,LibGen,LibGen.gl,PROTECTED,200,1537,,Cloudflare
2026-09-01T14:29:14.531686+00:00,LibGen,LibGen.gl,PROTECTED,200,2185,,Cloudflare
2026-09-01T14:30:14.998143+00:00,LibGen,LibGen.gl,PROTECTED,200,1138,,Cloudflare
2026-09-01T14:31:17.210838+00:00,LibGen,LibGen.gl,PROTECTED,200,2441,,Cloudflare
2026-09-01T14:32:17.292031+00:00,LibGen,LibGen.gl,PROTECTED,200,2769,,Cloudflare
2026-09-01T14:33:15.759977+00:00,LibGen,LibGen.gl,PROTECTED,200,727,,Cloudflare
2026-09-01T14:34:16.687197+00:00,LibGen,LibGen.gl,PROTECTED,200,1437,,Cloudflare
2026-09-01T14:35:18.075760+00:00,LibGen,LibGen.gl,PROTECTED,200,1518,,Cloudflare
2026-09-01T14:36:21.026715+00:00,LibGen,LibGen.gl,PROTECTED,200,1835,,Cloudflare
2026-09-01T14:37:18.929856+00:00,LibGen,LibGen.gl,PROTECTED,200,1763,,Cloudflare
2026-09-01T14:38:18.410262+00:00,LibGen,LibGen.gl,PROTECTED,200,691,,Cloudflare
2026-09-01T14:39:19.681670+00:00,LibGen,LibGen.gl,PROTECTED,200,903,,Cloudflare
2026-09-01T14:40:20.947037+00:00,LibGen,LibGen.gl,PROTECTED,200,1227,,Cloudflare
2026-09-01T14:41:20.915234+00:00,LibGen,LibGen.gl,PROTECTED,200,1420,,Cloudflare
2026-09-01T14:42:21.545634+00:00,LibGen,LibGen.gl,PROTECTED,200,1670,,Cloudflare
2026-09-01T14:43:22.311997+00:00,LibGen,LibGen.gl,PROTECTED,200,1810,,Cloudflare
2026-09-01T14:44:23.522771+00:00,LibGen,LibGen.gl,PROTECTED,200,1572,,Cloudflare
2026-09-01T14:45:22.717060+00:00,LibGen,LibGen.gl,PROTECTED,200,871,,Cloudflare
2026-09-01T14:46:24.089677+00:00,LibGen,LibGen.gl,PROTECTED,200,1462,,Cloudflare
2026-09-01T14:47:24.383399+00:00,LibGen,LibGen.gl,PROTECTED,200,1011,,Cloudflare
2026-09-01T14:48:25.691912+00:00,LibGen,LibGen.gl,PROTECTED,200,1770,,Cloudflare
2026-09-01T14:49:33.120540+00:00,LibGen,LibGen.gl,PROTECTED,200,1459,,Cloudflare
2026-09-01T14:50:26.385781+00:00,LibGen,LibGen.gl,PROTECTED,200,1083,,Cloudflare
2026-09-01T14:51:27.953129+00:00,LibGen,LibGen.gl,PROTECTED,200,2529,,Cloudflare
2026-09-01T14:52:30.395799+00:00,LibGen,LibGen.gl,PROTECTED,200,4218,,Cloudflare
2026-09-01T14:53:28.446446+00:00,LibGen,LibGen.gl,PROTECTED,200,1036,,Cloudflare
2026-09-01T14:54:30.950263+00:00,LibGen,LibGen.gl,PROTECTED,200,2919,,Cloudflare
2026-09-01T14:55:28.813835+00:00,LibGen,LibGen.gl,PROTECTED,200,822,,Cloudflare
2026-09-01T14:56:30.796739+00:00,LibGen,LibGen.gl,PROTECTED,200,1805,,Cloudflare
2026-09-01T14:57:30.721818+00:00,LibGen,LibGen.gl,PROTECTED,200,1197,,Cloudflare
2026-09-01T14:58:30.851533+00:00,LibGen,LibGen.gl,PROTECTED,200,907,,Cloudflare
2026-09-01T14:59:31.923555+00:00,LibGen,LibGen.gl,PROTECTED,200,1263,,Cloudflare
2026-09-01T15:00:33.523664+00:00,LibGen,LibGen.gl,PROTECTED,200,1243,,Cloudflare
2026-09-01T15:01:34.725900+00:00,LibGen,LibGen.gl,PROTECTED,200,2438,,Cloudflare
2026-09-01T15:02:35.570429+00:00,LibGen,LibGen.gl,PROTECTED,200,1497,,Cloudflare
2026-09-01T15:03:34.460718+00:00,LibGen,LibGen.gl,PROTECTED,200,1450,,Cloudflare
2026-09-01T15:04:34.354533+00:00,LibGen,LibGen.gl,PROTECTED,200,721,,Cloudflare
2026-09-01T15:05:35.544455+00:00,LibGen,LibGen.gl,PROTECTED,200,1404,,Cloudflare
2026-09-01T15:06:37.247096+00:00,LibGen,LibGen.gl,PROTECTED,200,2312,,Cloudflare
2026-09-01T15:07:37.468429+00:00,LibGen,LibGen.gl,PROTECTED,200,1695,,Cloudflare
2026-09-01T15:08:41.672232+00:00,LibGen,LibGen.gl,PROTECTED,200,3883,,Cloudflare
2026-09-01T15:09:39.945208+00:00,LibGen,LibGen.gl,PROTECTED,200,2889,,Cloudflare
2026-09-01T15:10:38.864921+00:00,LibGen,LibGen.gl,PROTECTED,200,1430,,Cloudflare
2026-09-01T15:11:39.811685+00:00,LibGen,LibGen.gl,PROTECTED,200,663,,Cloudflare
2026-09-01T15:12:40.191926+00:00,LibGen,LibGen.gl,PROTECTED,200,1021,,Cloudflare
2026-09-01T15:13:41.309352+00:00,LibGen,LibGen.gl,PROTECTED,200,1645,,Cloudflare
2026-09-01T15:14:41.617532+00:00,LibGen,LibGen.gl,PROTECTED,200,904,,Cloudflare
2026-09-01T15:15:42.144830+00:00,LibGen,LibGen.gl,PROTECTED,200,716,,Cloudflare
2026-09-01T15:16:42.832901+00:00,LibGen,LibGen.gl,PROTECTED,200,1915,,Cloudflare
2026-09-01T15:17:44.371892+00:00,LibGen,LibGen.gl,PROTECTED,200,690,,Cloudflare
2026-09-01T15:18:43.259789+00:00,LibGen,LibGen.gl,PROTECTED,200,1096,,Cloudflare
2026-09-01T15:19:45.175963+00:00,LibGen,LibGen.gl,PROTECTED,200,2445,,Cloudflare
2026-09-01T15:20:44.639440+00:00,LibGen,LibGen.gl,PROTECTED,200,1083,,Cloudflare
2026-09-01T15:21:44.919187+00:00,LibGen,LibGen.gl,PROTECTED,200,711,,Cloudflare
2026-09-01T15:22:46.477822+00:00,LibGen,LibGen.gl,PROTECTED,200,1603,,Cloudflare
2026-09-01T15:23:48.436948+00:00,LibGen,LibGen.gl,PROTECTED,200,2345,,Cloudflare
2026-09-01T15:24:52.956832+00:00,LibGen,LibGen.gl,PROTECTED,200,4696,,Cloudflare
2026-09-01T15:25:49.444952+00:00,LibGen,LibGen.gl,PROTECTED,200,1823,,Cloudflare
2026-09-01T15:26:49.213994+00:00,LibGen,LibGen.gl,PROTECTED,200,1601,,Cloudflare
2026-09-01T15:27:49.536855+00:00,LibGen,LibGen.gl,PROTECTED,200,1704,,Cloudflare
2026-09-01T15:28:49.864982+00:00,LibGen,LibGen.gl,PROTECTED,200,1716,,Cloudflare
2026-09-01T15:29:49.038601+00:00,LibGen,LibGen.gl,PROTECTED,200,690,,Cloudflare
2026-09-01T15:30:51.095923+00:00,LibGen,LibGen.gl,PROTECTED,200,2141,,Cloudflare
2026-09-01T15:31:53.160261+00:00,LibGen,LibGen.gl,PROTECTED,200,1681,,Cloudflare
2026-09-01T15:32:53.405624+00:00,LibGen,LibGen.gl,PROTECTED,200,1735,,Cloudflare
2026-09-01T15:33:53.216517+00:00,LibGen,LibGen.gl,PROTECTED,200,1465,,Cloudflare
2026-09-01T15:34:51.651917+00:00,LibGen,LibGen.gl,PROTECTED,200,671,,Cloudflare
2026-09-01T15:35:53.440024+00:00,LibGen,LibGen.gl,PROTECTED,200,1821,,Cloudflare
2026-09-01T15:36:53.558499+00:00,LibGen,LibGen.gl,PROTECTED,200,1375,,Cloudflare
2026-09-01T15:37:53.675225+00:00,LibGen,LibGen.gl,PROTECTED,200,1213,,Cloudflare
2026-09-01T15:38:56.023689+00:00,LibGen,LibGen.gl,PROTECTED,200,2349,,Cloudflare
2026-09-01T15:39:56.296877+00:00,LibGen,LibGen.gl,PROTECTED,200,1727,,Cloudflare
2026-09-01T15:40:57.054275+00:00,LibGen,LibGen.gl,PROTECTED,200,1229,,Cloudflare
2026-09-01T15:41:55.870004+00:00,LibGen,LibGen.gl,PROTECTED,200,1726,,Cloudflare
2026-09-01T15:42:56.099104+00:00,LibGen,LibGen.gl,PROTECTED,200,962,,Cloudflare
2026-09-01T15:43:57.945660+00:00,LibGen,LibGen.gl,PROTECTED,200,2387,,Cloudflare
2026-09-01T15:44:56.833440+00:00,LibGen,LibGen.gl,PROTECTED,200,663,,Cloudflare
2026-09-01T15:45:58.254048+00:00,LibGen,LibGen.gl,PROTECTED,200,1764,,Cloudflare
2026-09-01T15:46:59.115434+00:00,LibGen,LibGen.gl,PROTECTED,200,1443,,Cloudflare
2026-09-01T15:48:00.045729+00:00,LibGen,LibGen.gl,PROTECTED,200,1023,,Cloudflare
2026-09-01T15:48:59.574787+00:00,LibGen,LibGen.gl,PROTECTED,200,706,,Cloudflare
2026-09-01T15:50:01.830144+00:00,LibGen,LibGen.gl,PROTECTED,200,1760,,Cloudflare
2026-09-01T15:51:00.685480+00:00,LibGen,LibGen.gl,PROTECTED,200,987,,Cloudflare
2026-09-01T15:52:01.566134+00:00,LibGen,LibGen.gl,PROTECTED,200,1406,,Cloudflare
2026-09-01T15:53:03.660056+00:00,LibGen,LibGen.gl,PROTECTED,200,1772,,Cloudflare
2026-09-01T15:54:03.137228+00:00,LibGen,LibGen.gl,PROTECTED,200,1925,,Cloudflare
2026-09-01T15:55:03.728717+00:00,LibGen,LibGen.gl,PROTECTED,200,1815,,Cloudflare
2026-09-01T15:56:03.779728+00:00,LibGen,LibGen.gl,PROTECTED,200,730,,Cloudflare
2026-09-01T15:57:06.245843+00:00,LibGen,LibGen.gl,PROTECTED,200,1695,,Cloudflare
2026-09-01T15:58:06.508950+00:00,LibGen,LibGen.gl,PROTECTED,200,1398,,Cloudflare
2026-09-01T15:59:05.995634+00:00,LibGen,LibGen.gl,PROTECTED,200,693,,Cloudflare
2026-09-01T16:00:06.986471+00:00,LibGen,LibGen.gl,PROTECTED,200,763,,Cloudflare
2026-09-01T16:01:08.774425+00:00,LibGen,LibGen.gl,PROTECTED,200,789,,Cloudflare
2026-09-01T16:02:08.774219+00:00,LibGen,LibGen.gl,PROTECTED,200,679,,Cloudflare
2026-09-01T16:03:12.569003+00:00,LibGen,LibGen.gl,PROTECTED,200,4535,,Cloudflare
2026-09-01T16:04:10.514410+00:00,LibGen,LibGen.gl,PROTECTED,200,1832,,Cloudflare
2026-09-01T16:05:11.172468+00:00,LibGen,LibGen.gl,PROTECTED,200,1916,,Cloudflare
2026-09-01T16:06:10.963135+00:00,LibGen,LibGen.gl,PROTECTED,200,1379,,Cloudflare
2026-09-01T16:07:12.030814+00:00,LibGen,LibGen.gl,PROTECTED,200,1546,,Cloudflare
2026-09-01T16:08:12.213818+00:00,LibGen,LibGen.gl,PROTECTED,200,1429,,Cloudflare
2026-09-01T16:09:11.742710+00:00,LibGen,LibGen.gl,PROTECTED,200,968,,Cloudflare
2026-09-01T16:10:13.552682+00:00,LibGen,LibGen.gl,PROTECTED,200,1481,,Cloudflare
2026-09-01T16:11:12.850795+00:00,LibGen,LibGen.gl,PROTECTED,200,951,,Cloudflare
2026-09-01T16:12:15.322108+00:00,LibGen,LibGen.gl,PROTECTED,200,2837,,Cloudflare
2026-09-01T16:13:14.016411+00:00,LibGen,LibGen.gl,PROTECTED,200,1420,,Cloudflare
2026-09-01T16:14:14.631477+00:00,LibGen,LibGen.gl,PROTECTED,200,1043,,Cloudflare
2026-09-01T16:15:16.301926+00:00,LibGen,LibGen.gl,PROTECTED,200,1841,,Cloudflare
2026-09-01T16:16:16.264162+00:00,LibGen,LibGen.gl,PROTECTED,200,1452,,Cloudflare
2026-09-01T16:17:17.658355+00:00,LibGen,LibGen.gl,PROTECTED,200,1670,,Cloudflare
2026-09-01T16:18:17.086716+00:00,LibGen,LibGen.gl,PROTECTED,200,696,,Cloudflare
2026-09-01T16:19:19.669723+00:00,LibGen,LibGen.gl,PROTECTED,200,2384,,Cloudflare
2026-09-01T16:20:18.819361+00:00,LibGen,LibGen.gl,PROTECTED,200,1254,,Cloudflare
2026-09-01T16:21:19.773550+00:00,LibGen,LibGen.gl,PROTECTED,200,1411,,Cloudflare
2026-09-01T16:22:19.895880+00:00,LibGen,LibGen.gl,PROTECTED,200,1429,,Cloudflare
2026-09-01T16:23:21.118762+00:00,LibGen,LibGen.gl,PROTECTED,200,1363,,Cloudflare
2026-09-01T16:24:21.282239+00:00,LibGen,LibGen.gl,PROTECTED,200,998,,Cloudflare
2026-09-01T16:25:22.743517+00:00,LibGen,LibGen.gl,PROTECTED,200,2507,,Cloudflare
2026-09-01T16:26:22.396313+00:00,LibGen,LibGen.gl,PROTECTED,200,732,,Cloudflare
2026-09-01T16:27:23.251267+00:00,LibGen,LibGen.gl,PROTECTED,200,1793,,Cloudflare
2026-09-01T16:28:24.774710+00:00,LibGen,LibGen.gl,PROTECTED,200,1894,,Cloudflare
2026-09-01T16:29:25.394383+00:00,LibGen,LibGen.gl,PROTECTED,200,1951,,Cloudflare
2026-09-01T16:30:25.742253+00:00,LibGen,LibGen.gl,PROTECTED,200,1402,,Cloudflare
2026-09-01T16:31:25.924697+00:00,LibGen,LibGen.gl,PROTECTED,200,1422,,Cloudflare
2026-09-01T16:32:28.688757+00:00,LibGen,LibGen.gl,PROTECTED,200,1893,,Cloudflare
2026-09-01T16:33:27.838911+00:00,LibGen,LibGen.gl,PROTECTED,200,1989,,Cloudflare
2026-09-01T16:34:28.119688+00:00,LibGen,LibGen.gl,PROTECTED,200,1316,,Cloudflare
2026-09-01T16:35:29.175955+00:00,LibGen,LibGen.gl,PROTECTED,200,1618,,Cloudflare
2026-09-01T16:36:29.667844+00:00,LibGen,LibGen.gl,PROTECTED,200,1192,,Cloudflare
2026-09-01T16:37:30.466393+00:00,LibGen,LibGen.gl,PROTECTED,200,1422,,Cloudflare
2026-09-01T16:38:30.832215+00:00,LibGen,LibGen.gl,PROTECTED,200,791,,Cloudflare
2026-09-01T16:39:33.028932+00:00,LibGen,LibGen.gl,PROTECTED,200,1411,,Cloudflare
2026-09-01T16:40:33.757213+00:00,LibGen,LibGen.gl,PROTECTED,200,1898,,Cloudflare
2026-09-01T16:41:35.376225+00:00,LibGen,LibGen.gl,PROTECTED,200,1021,,Cloudflare
2026-09-01T16:42:38.153223+00:00,LibGen,LibGen.gl,PROTECTED,200,1036,,Cloudflare
2026-09-01T16:43:34.567087+00:00,LibGen,LibGen.gl,PROTECTED,200,725,,Cloudflare
2026-09-01T16:44:35.443198+00:00,LibGen,LibGen.gl,PROTECTED,200,1720,,Cloudflare
2026-09-01T16:45:36.313829+00:00,LibGen,LibGen.gl,PROTECTED,200,2137,,Cloudflare
2026-09-01T16:46:36.231117+00:00,LibGen,LibGen.gl,PROTECTED,200,1470,,Cloudflare
2026-09-01T16:47:37.198935+00:00,LibGen,LibGen.gl,PROTECTED,200,1063,,Cloudflare
2026-09-01T16:48:36.893011+00:00,LibGen,LibGen.gl,PROTECTED,200,1743,,Cloudflare
2026-09-01T16:49:36.871683+00:00,LibGen,LibGen.gl,PROTECTED,200,1087,,Cloudflare
2026-09-01T16:50:38.338192+00:00,LibGen,LibGen.gl,PROTECTED,200,1435,,Cloudflare
2026-09-01T16:51:40.852372+00:00,LibGen,LibGen.gl,PROTECTED,200,2442,,Cloudflare
2026-09-01T16:52:40.028064+00:00,LibGen,LibGen.gl,PROTECTED,200,1601,,Cloudflare
2026-09-01T16:53:40.173203+00:00,LibGen,LibGen.gl,PROTECTED,200,1434,,Cloudflare
2026-09-01T16:54:39.847961+00:00,LibGen,LibGen.gl,PROTECTED,200,746,,Cloudflare
2026-09-01T16:55:40.261059+00:00,LibGen,LibGen.gl,PROTECTED,200,1065,,Cloudflare
2026-09-01T16:56:41.105917+00:00,LibGen,LibGen.gl,PROTECTED,200,1182,,Cloudflare
2026-09-01T16:57:44.118132+00:00,LibGen,LibGen.gl,PROTECTED,200,2438,,Cloudflare
2026-09-01T16:58:42.078792+00:00,LibGen,LibGen.gl,PROTECTED,200,720,,Cloudflare
2026-09-01T16:59:43.445501+00:00,LibGen,LibGen.gl,PROTECTED,200,1503,,Cloudflare
2026-09-01T17:00:43.512848+00:00,LibGen,LibGen.gl,PROTECTED,200,1385,,Cloudflare
2026-09-01T17:01:44.466480+00:00,LibGen,LibGen.gl,PROTECTED,200,1806,,Cloudflare
2026-09-01T17:02:44.533864+00:00,LibGen,LibGen.gl,PROTECTED,200,705,,Cloudflare
2026-09-01T17:03:45.484906+00:00,LibGen,LibGen.gl,PROTECTED,200,1038,,Cloudflare
2026-09-01T17:04:46.481170+00:00,LibGen,LibGen.gl,PROTECTED,200,1618,,Cloudflare
2026-09-01T17:05:47.623711+00:00,LibGen,LibGen.gl,PROTECTED,200,2071,,Cloudflare
2026-09-01T17:06:47.292110+00:00,LibGen,LibGen.gl,PROTECTED,200,723,,Cloudflare
2026-09-01T17:07:48.713284+00:00,LibGen,LibGen.gl,PROTECTED,200,1403,,Cloudflare
2026-09-01T17:08:50.577119+00:00,LibGen,LibGen.gl,PROTECTED,200,1020,,Cloudflare
2026-09-01T17:09:51.021091+00:00,LibGen,LibGen.gl,PROTECTED,200,1773,,Cloudflare
2026-09-01T17:10:49.718961+00:00,LibGen,LibGen.gl,PROTECTED,200,997,,Cloudflare
2026-09-01T17:11:51.558087+00:00,LibGen,LibGen.gl,PROTECTED,200,2313,,Cloudflare
2026-09-01T17:12:53.080095+00:00,LibGen,LibGen.gl,PROTECTED,200,1371,,Cloudflare
2026-09-01T17:13:53.917078+00:00,LibGen,LibGen.gl,PROTECTED,200,929,,Cloudflare
2026-09-01T17:14:52.228666+00:00,LibGen,LibGen.gl,PROTECTED,200,717,,Cloudflare
2026-09-01T17:15:53.489900+00:00,LibGen,LibGen.gl,PROTECTED,200,1127,,Cloudflare
2026-09-01T17:16:54.329461+00:00,LibGen,LibGen.gl,PROTECTED,200,1260,,Cloudflare
2026-09-01T17:17:54.581400+00:00,LibGen,LibGen.gl,PROTECTED,200,701,,Cloudflare
2026-09-01T17:18:56.682984+00:00,LibGen,LibGen.gl,PROTECTED,200,1745,,Cloudflare
2026-09-01T17:19:55.433563+00:00,LibGen,LibGen.gl,PROTECTED,200,673,,Cloudflare
2026-09-01T17:20:56.813595+00:00,LibGen,LibGen.gl,PROTECTED,200,1380,,Cloudflare
2026-09-01T17:21:57.605935+00:00,LibGen,LibGen.gl,PROTECTED,200,1432,,Cloudflare
2026-09-01T17:22:59.738234+00:00,LibGen,LibGen.gl,PROTECTED,200,977,,Cloudflare
2026-09-01T17:23:59.228871+00:00,LibGen,LibGen.gl,PROTECTED,200,1514,,Cloudflare
2026-09-01T17:24:59.086674+00:00,LibGen,LibGen.gl,PROTECTED,200,1175,,Cloudflare
2026-09-01T17:25:59.299088+00:00,LibGen,LibGen.gl,PROTECTED,200,1402,,Cloudflare
2026-09-01T17:27:00.121915+00:00,LibGen,LibGen.gl,PROTECTED,200,747,,Cloudflare
2026-09-01T17:28:00.480544+00:00,LibGen,LibGen.gl,PROTECTED,200,903,,Cloudflare
2026-09-01T17:29:00.831848+00:00,LibGen,LibGen.gl,PROTECTED,200,1020,,Cloudflare
2026-09-01T17:30:02.278424+00:00,LibGen,LibGen.gl,PROTECTED,200,1522,,Cloudflare
2026-09-01T17:31:03.143480+00:00,LibGen,LibGen.gl,PROTECTED,200,1772,,Cloudflare
2026-09-01T17:32:03.114832+00:00,LibGen,LibGen.gl,PROTECTED,200,1408,,Cloudflare
2026-09-01T17:33:04.323054+00:00,LibGen,LibGen.gl,PROTECTED,200,1730,,Cloudflare
2026-09-01T17:34:05.336755+00:00,LibGen,LibGen.gl,PROTECTED,200,1946,,Cloudflare
2026-09-01T17:35:10.133719+00:00,LibGen,LibGen.gl,PROTECTED,200,6515,,Cloudflare
2026-09-01T17:36:05.517657+00:00,LibGen,LibGen.gl,PROTECTED,200,999,,Cloudflare
2026-09-01T17:37:07.071398+00:00,LibGen,LibGen.gl,PROTECTED,200,1400,,Cloudflare
2026-09-01T17:38:08.527709+00:00,LibGen,LibGen.gl,PROTECTED,200,1050,,Cloudflare
2026-09-01T17:39:09.431390+00:00,LibGen,LibGen.gl,PROTECTED,200,1133,,Cloudflare
2026-09-01T17:40:07.871704+00:00,LibGen,LibGen.gl,PROTECTED,200,746,,Cloudflare
2026-09-01T17:41:10.879539+00:00,LibGen,LibGen.gl,PROTECTED,200,2427,,Cloudflare
2026-09-01T17:42:10.178079+00:00,LibGen,LibGen.gl,PROTECTED,200,1527,,Cloudflare
2026-09-01T17:43:10.196962+00:00,LibGen,LibGen.gl,PROTECTED,200,1322,,Cloudflare
2026-09-01T17:44:09.856793+00:00,LibGen,LibGen.gl,PROTECTED,200,682,,Cloudflare
2026-09-01T17:45:12.516164+00:00,LibGen,LibGen.gl,PROTECTED,200,1349,,Cloudflare
2026-09-01T17:46:12.673857+00:00,LibGen,LibGen.gl,PROTECTED,200,2435,,Cloudflare
2026-09-01T17:47:13.582029+00:00,LibGen,LibGen.gl,PROTECTED,200,2410,,Cloudflare
2026-09-01T17:48:12.934712+00:00,LibGen,LibGen.gl,PROTECTED,200,956,,Cloudflare
2026-09-01T17:49:13.566791+00:00,LibGen,LibGen.gl,PROTECTED,200,1012,,Cloudflare
2026-09-01T17:50:14.620786+00:00,LibGen,LibGen.gl,PROTECTED,200,1467,,Cloudflare
2026-09-01T17:51:15.343891+00:00,LibGen,LibGen.gl,PROTECTED,200,1385,,Cloudflare
2026-09-01T17:52:17.597913+00:00,LibGen,LibGen.gl,PROTECTED,200,1937,,Cloudflare
2026-09-01T17:53:16.190478+00:00,LibGen,LibGen.gl,PROTECTED,200,1671,,Cloudflare
2026-09-01T17:54:15.971611+00:00,LibGen,LibGen.gl,PROTECTED,200,865,,Cloudflare
2026-09-01T17:55:16.621479+00:00,LibGen,LibGen.gl,PROTECTED,200,1460,,Cloudflare
2026-09-01T17:56:18.029438+00:00,LibGen,LibGen.gl,PROTECTED,200,2244,,Cloudflare
2026-09-01T17:57:17.865041+00:00,LibGen,LibGen.gl,PROTECTED,200,1454,,Cloudflare
2026-09-01T17:58:19.166410+00:00,LibGen,LibGen.gl,PROTECTED,200,2160,,Cloudflare
2026-09-01T17:59:19.681904+00:00,LibGen,LibGen.gl,PROTECTED,200,1784,,Cloudflare
2026-09-01T18:00:19.507817+00:00,LibGen,LibGen.gl,PROTECTED,200,749,,Cloudflare
2026-09-01T18:01:20.346191+00:00,LibGen,LibGen.gl,PROTECTED,200,1351,,Cloudflare
2026-09-01T18:02:22.813625+00:00,LibGen,LibGen.gl,PROTECTED,200,2482,,Cloudflare
2026-09-01T18:03:23.298883+00:00,LibGen,LibGen.gl,PROTECTED,200,1169,,Cloudflare
2026-09-01T18:04:24.208899+00:00,LibGen,LibGen.gl,PROTECTED,200,2410,,Cloudflare
2026-09-01T18:05:25.703390+00:00,LibGen,LibGen.gl,PROTECTED,200,3886,,Cloudflare
2026-09-01T18:06:23.489035+00:00,LibGen,LibGen.gl,PROTECTED,200,1443,,Cloudflare
2026-09-01T18:07:23.978142+00:00,LibGen,LibGen.gl,PROTECTED,200,1015,,Cloudflare
2026-09-01T18:08:25.154384+00:00,LibGen,LibGen.gl,PROTECTED,200,1201,,Cloudflare
2026-09-01T18:09:25.255934+00:00,LibGen,LibGen.gl,PROTECTED,200,745,,Cloudflare
2026-09-01T18:10:25.976136+00:00,LibGen,LibGen.gl,PROTECTED,200,1286,,Cloudflare
2026-09-01T18:11:28.446547+00:00,LibGen,LibGen.gl,PROTECTED,200,3085,,Cloudflare
2026-09-01T18:12:26.692997+00:00,LibGen,LibGen.gl,PROTECTED,200,1619,,Cloudflare
2026-09-01T18:13:27.860110+00:00,LibGen,LibGen.gl,PROTECTED,200,947,,Cloudflare
2026-09-01T18:14:31.733658+00:00,LibGen,LibGen.gl,PROTECTED,200,4037,,Cloudflare
2026-09-01T18:15:29.611500+00:00,LibGen,LibGen.gl,PROTECTED,200,1163,,Cloudflare
2026-09-01T18:16:30.268508+00:00,LibGen,LibGen.gl,PROTECTED,200,1910,,Cloudflare
2026-09-01T18:17:31.372125+00:00,LibGen,LibGen.gl,PROTECTED,200,2136,,Cloudflare
2026-09-01T18:18:29.555100+00:00,LibGen,LibGen.gl,PROTECTED,200,696,,Cloudflare
2026-09-01T18:19:30.288224+00:00,LibGen,LibGen.gl,PROTECTED,200,704,,Cloudflare
2026-09-01T18:20:34.059328+00:00,LibGen,LibGen.gl,PROTECTED,200,3048,,Cloudflare
2026-09-01T18:21:32.483371+00:00,LibGen,LibGen.gl,PROTECTED,200,1172,,Cloudflare
2026-09-01T18:22:34.115859+00:00,LibGen,LibGen.gl,PROTECTED,200,1869,,Cloudflare
2026-09-01T18:23:33.712633+00:00,LibGen,LibGen.gl,PROTECTED,200,1879,,Cloudflare
2026-09-01T18:24:35.600110+00:00,LibGen,LibGen.gl,PROTECTED,200,3097,,Cloudflare
2026-09-01T18:25:34.872886+00:00,LibGen,LibGen.gl,PROTECTED,200,2478,,Cloudflare
2026-09-01T18:26:35.049691+00:00,LibGen,LibGen.gl,PROTECTED,200,1790,,Cloudflare
2026-09-01T18:27:40.266996+00:00,LibGen,LibGen.gl,PROTECTED,200,5802,,Cloudflare
2026-09-01T18:28:35.713256+00:00,LibGen,LibGen.gl,PROTECTED,200,1417,,Cloudflare
2026-09-01T18:29:35.635862+00:00,LibGen,LibGen.gl,PROTECTED,200,1498,,Cloudflare
2026-09-01T18:30:37.172327+00:00,LibGen,LibGen.gl,PROTECTED,200,1171,,Cloudflare
2026-09-01T18:31:38.856941+00:00,LibGen,LibGen.gl,PROTECTED,200,2823,,Cloudflare
2026-09-01T18:32:37.049605+00:00,LibGen,LibGen.gl,PROTECTED,200,907,,Cloudflare
2026-09-01T18:33:38.079537+00:00,LibGen,LibGen.gl,PROTECTED,200,1543,,Cloudflare
2026-09-01T18:34:38.189687+00:00,LibGen,LibGen.gl,PROTECTED,200,1008,,Cloudflare
2026-09-01T18:35:39.850075+00:00,LibGen,LibGen.gl,PROTECTED,200,2094,,Cloudflare
2026-09-01T18:36:39.595725+00:00,LibGen,LibGen.gl,PROTECTED,200,690,,Cloudflare
2026-09-01T18:37:40.808586+00:00,LibGen,LibGen.gl,PROTECTED,200,1405,,Cloudflare
2026-09-01T18:38:42.310016+00:00,LibGen,LibGen.gl,PROTECTED,200,2050,,Cloudflare
2026-09-01T18:39:42.634329+00:00,LibGen,LibGen.gl,PROTECTED,200,1728,,Cloudflare
2026-09-01T18:40:43.834841+00:00,LibGen,LibGen.gl,PROTECTED,200,1688,,Cloudflare
2026-09-01T18:41:45.569005+00:00,LibGen,LibGen.gl,PROTECTED,200,3328,,Cloudflare
2026-09-01T18:42:44.913965+00:00,LibGen,LibGen.gl,PROTECTED,200,2237,,Cloudflare
2026-09-01T18:43:46.070071+00:00,LibGen,LibGen.gl,PROTECTED,200,931,,Cloudflare
2026-09-01T18:44:45.196094+00:00,LibGen,LibGen.gl,PROTECTED,200,691,,Cloudflare
2026-09-01T18:45:47.593182+00:00,LibGen,LibGen.gl,PROTECTED,200,2352,,Cloudflare
2026-09-01T18:46:47.566449+00:00,LibGen,LibGen.gl,PROTECTED,200,1157,,Cloudflare
2026-09-01T18:47:47.938353+00:00,LibGen,LibGen.gl,PROTECTED,200,1005,,Cloudflare
2026-09-01T18:48:50.444030+00:00,LibGen,LibGen.gl,PROTECTED,200,3435,,Cloudflare
2026-09-01T18:49:48.729784+00:00,LibGen,LibGen.gl,PROTECTED,200,1239,,Cloudflare
2026-09-01T18:50:49.948012+00:00,LibGen,LibGen.gl,PROTECTED,200,1842,,Cloudflare
2026-09-01T18:51:50.638854+00:00,LibGen,LibGen.gl,PROTECTED,200,1790,,Cloudflare
2026-09-01T18:52:51.871123+00:00,LibGen,LibGen.gl,PROTECTED,200,740,,Cloudflare
2026-09-01T18:53:51.966169+00:00,LibGen,LibGen.gl,PROTECTED,200,956,,Cloudflare
2026-09-01T18:54:52.619747+00:00,LibGen,LibGen.gl,PROTECTED,200,1563,,Cloudflare
2026-09-01T18:55:54.344257+00:00,LibGen,LibGen.gl,PROTECTED,200,2742,,Cloudflare
2026-09-01T18:56:54.094625+00:00,LibGen,LibGen.gl,PROTECTED,200,1200,,Cloudflare
2026-09-01T18:57:56.270935+00:00,LibGen,LibGen.gl,PROTECTED,200,2660,,Cloudflare
2026-09-01T18:58:55.312413+00:00,LibGen,LibGen.gl,PROTECTED,200,1430,,Cloudflare
2026-09-01T18:59:55.199495+00:00,LibGen,LibGen.gl,PROTECTED,200,955,,Cloudflare
2026-09-01T19:00:55.538206+00:00,LibGen,LibGen.gl,PROTECTED,200,1453,,Cloudflare
2026-09-01T19:01:57.244692+00:00,LibGen,LibGen.gl,PROTECTED,200,1888,,Cloudflare
2026-09-01T19:02:58.037240+00:00,LibGen,LibGen.gl,PROTECTED,200,1199,,Cloudflare
2026-09-01T19:03:58.121047+00:00,LibGen,LibGen.gl,PROTECTED,200,1410,,Cloudflare
2026-09-01T19:04:58.903630+00:00,LibGen,LibGen.gl,PROTECTED,200,1914,,Cloudflare
2026-09-01T19:05:58.038944+00:00,LibGen,LibGen.gl,PROTECTED,200,835,,Cloudflare
2026-09-01T19:06:59.417277+00:00,LibGen,LibGen.gl,PROTECTED,200,680,,Cloudflare
2026-09-01T19:07:59.570522+00:00,LibGen,LibGen.gl,PROTECTED,200,1520,,Cloudflare
2026-09-01T19:08:59.531808+00:00,LibGen,LibGen.gl,PROTECTED,200,1437,,Cloudflare
2026-09-01T19:10:00.849827+00:00,LibGen,LibGen.gl,PROTECTED,200,2576,,Cloudflare
2026-09-01T19:11:00.463994+00:00,LibGen,LibGen.gl,PROTECTED,200,1742,,Cloudflare
2026-09-01T19:12:01.478756+00:00,LibGen,LibGen.gl,PROTECTED,200,1411,,Cloudflare
2026-09-01T19:13:03.245465+00:00,LibGen,LibGen.gl,PROTECTED,200,1314,,Cloudflare
2026-09-01T19:14:01.997771+00:00,LibGen,LibGen.gl,PROTECTED,200,962,,Cloudflare
2026-09-01T19:15:02.322055+00:00,LibGen,LibGen.gl,PROTECTED,200,748,,Cloudflare
2026-09-01T19:16:03.368071+00:00,LibGen,LibGen.gl,PROTECTED,200,1178,,Cloudflare
2026-09-01T19:17:04.225853+00:00,LibGen,LibGen.gl,PROTECTED,200,2748,,Cloudflare
2026-09-01T19:18:06.094404+00:00,LibGen,LibGen.gl,PROTECTED,200,3208,,Cloudflare
2026-09-01T19:19:04.832025+00:00,LibGen,LibGen.gl,PROTECTED,200,2099,,Cloudflare
2026-09-01T19:20:04.518163+00:00,LibGen,LibGen.gl,PROTECTED,200,1246,,Cloudflare
2026-09-01T19:21:05.086127+00:00,LibGen,LibGen.gl,PROTECTED,200,1759,,Cloudflare
2026-09-01T19:22:04.428012+00:00,LibGen,LibGen.gl,PROTECTED,200,1071,,Cloudflare
2026-09-01T19:23:05.888551+00:00,LibGen,LibGen.gl,PROTECTED,200,1554,,Cloudflare
2026-09-01T19:24:06.427658+00:00,LibGen,LibGen.gl,PROTECTED,200,933,,Cloudflare
2026-09-01T19:25:06.871514+00:00,LibGen,LibGen.gl,PROTECTED,200,1600,,Cloudflare
2026-09-01T19:26:07.284721+00:00,LibGen,LibGen.gl,PROTECTED,200,1392,,Cloudflare
2026-09-01T19:27:08.811477+00:00,LibGen,LibGen.gl,PROTECTED,200,670,,Cloudflare
2026-09-01T19:28:09.901837+00:00,LibGen,LibGen.gl,PROTECTED,200,1222,,Cloudflare
2026-09-01T19:29:09.646991+00:00,LibGen,LibGen.gl,PROTECTED,200,1234,,Cloudflare
2026-09-01T19:30:10.542463+00:00,LibGen,LibGen.gl,PROTECTED,200,2611,,Cloudflare
2026-09-01T19:31:10.600861+00:00,LibGen,LibGen.gl,PROTECTED,200,1568,,Cloudflare
2026-09-01T19:32:11.710025+00:00,LibGen,LibGen.gl,PROTECTED,200,1880,,Cloudflare
2026-09-01T19:33:12.599238+00:00,LibGen,LibGen.gl,PROTECTED,200,1050,,Cloudflare
2026-09-01T19:34:12.786088+00:00,LibGen,LibGen.gl,PROTECTED,200,1277,,Cloudflare
2026-09-01T19:35:13.936934+00:00,LibGen,LibGen.gl,PROTECTED,200,1167,,Cloudflare
2026-09-01T19:36:14.597223+00:00,LibGen,LibGen.gl,PROTECTED,200,2159,,Cloudflare
2026-09-01T19:37:14.678895+00:00,LibGen,LibGen.gl,PROTECTED,200,661,,Cloudflare
2026-09-01T19:38:17.118796+00:00,LibGen,LibGen.gl,PROTECTED,200,2479,,Cloudflare
2026-09-01T19:39:17.830121+00:00,LibGen,LibGen.gl,PROTECTED,200,2514,,Cloudflare
2026-09-01T19:40:16.313834+00:00,LibGen,LibGen.gl,PROTECTED,200,695,,Cloudflare
2026-09-01T19:41:17.775754+00:00,LibGen,LibGen.gl,PROTECTED,200,1474,,Cloudflare
2026-09-01T19:42:18.069103+00:00,LibGen,LibGen.gl,PROTECTED,200,1049,,Cloudflare
2026-09-01T19:43:19.381163+00:00,LibGen,LibGen.gl,PROTECTED,200,1399,,Cloudflare
2026-09-01T19:44:19.957361+00:00,LibGen,LibGen.gl,PROTECTED,200,1528,,Cloudflare
2026-09-01T19:45:20.819048+00:00,LibGen,LibGen.gl,PROTECTED,200,1900,,Cloudflare
2026-09-01T19:46:20.398764+00:00,LibGen,LibGen.gl,PROTECTED,200,1199,,Cloudflare
2026-09-01T19:47:20.504391+00:00,LibGen,LibGen.gl,PROTECTED,200,1401,,Cloudflare
2026-09-01T19:48:21.722735+00:00,LibGen,LibGen.gl,PROTECTED,200,1106,,Cloudflare
2026-09-01T19:49:22.185374+00:00,LibGen,LibGen.gl,PROTECTED,200,1397,,Cloudflare
2026-09-01T19:50:22.470867+00:00,LibGen,LibGen.gl,PROTECTED,200,958,,Cloudflare
2026-09-01T19:51:23.468004+00:00,LibGen,LibGen.gl,PROTECTED,200,1459,,Cloudflare
2026-09-01T19:52:24.315828+00:00,LibGen,LibGen.gl,PROTECTED,200,1718,,Cloudflare
2026-09-01T19:53:25.533961+00:00,LibGen,LibGen.gl,PROTECTED,200,1868,,Cloudflare
2026-09-01T19:54:26.063786+00:00,LibGen,LibGen.gl,PROTECTED,200,2112,,Cloudflare
2026-09-01T19:55:25.930956+00:00,LibGen,LibGen.gl,PROTECTED,200,1375,,Cloudflare
2026-09-01T19:56:29.210839+00:00,LibGen,LibGen.gl,PROTECTED,200,2029,,Cloudflare
2026-09-01T19:57:28.623758+00:00,LibGen,LibGen.gl,PROTECTED,200,2467,,Cloudflare
2026-09-01T19:58:27.010869+00:00,LibGen,LibGen.gl,PROTECTED,200,714,,Cloudflare
2026-09-01T19:59:28.847444+00:00,LibGen,LibGen.gl,PROTECTED,200,1794,,Cloudflare
2026-09-01T20:00:31.664266+00:00,LibGen,LibGen.gl,PROTECTED,200,3396,,Cloudflare
2026-09-01T20:01:31.110251+00:00,LibGen,LibGen.gl,PROTECTED,200,2192,,Cloudflare
2026-09-01T20:02:30.409139+00:00,LibGen,LibGen.gl,PROTECTED,200,1254,,Cloudflare
2026-09-01T20:03:31.779769+00:00,LibGen,LibGen.gl,PROTECTED,200,2279,,Cloudflare
2026-09-01T20:04:32.021843+00:00,LibGen,LibGen.gl,PROTECTED,200,1526,,Cloudflare
2026-09-01T20:05:32.424889+00:00,LibGen,LibGen.gl,PROTECTED,200,1405,,Cloudflare
2026-09-01T20:06:33.896752+00:00,LibGen,LibGen.gl,PROTECTED,200,1661,,Cloudflare
2026-09-01T20:07:34.163774+00:00,LibGen,LibGen.gl,PROTECTED,200,1371,,Cloudflare
2026-09-01T20:08:34.700815+00:00,LibGen,LibGen.gl,PROTECTED,200,736,,Cloudflare
2026-09-01T20:09:35.426659+00:00,LibGen,LibGen.gl,PROTECTED,200,1027,,Cloudflare
2026-09-01T20:10:37.822726+00:00,LibGen,LibGen.gl,PROTECTED,200,2723,,Cloudflare
2026-09-01T20:11:37.716943+00:00,LibGen,LibGen.gl,PROTECTED,200,1913,,Cloudflare
2026-09-01T20:12:38.368002+00:00,LibGen,LibGen.gl,PROTECTED,200,1583,,Cloudflare
2026-09-01T20:13:39.329220+00:00,LibGen,LibGen.gl,PROTECTED,200,1707,,Cloudflare
2026-09-01T20:14:38.795598+00:00,LibGen,LibGen.gl,PROTECTED,200,692,,Cloudflare
2026-09-01T20:15:40.191731+00:00,LibGen,LibGen.gl,PROTECTED,200,716,,Cloudflare
2026-09-01T20:16:41.020230+00:00,LibGen,LibGen.gl,PROTECTED,200,1414,,Cloudflare
2026-09-01T20:17:42.865971+00:00,LibGen,LibGen.gl,PROTECTED,200,2593,,Cloudflare
2026-09-01T20:18:42.024685+00:00,LibGen,LibGen.gl,PROTECTED,200,1033,,Cloudflare
2026-09-01T20:20:03.238496+00:00,LibGen,LibGen.gl,DOWN,,,connection_refused,
2026-09-01T20:20:44.037896+00:00,LibGen,LibGen.gl,PROTECTED,200,1397,,Cloudflare
2026-09-01T20:21:46.195253+00:00,LibGen,LibGen.gl,PROTECTED,200,2064,,Cloudflare
2026-09-01T20:22:46.094360+00:00,LibGen,LibGen.gl,PROTECTED,200,2405,,Cloudflare
2026-09-01T20:23:45.826157+00:00,LibGen,LibGen.gl,PROTECTED,200,1689,,Cloudflare
2026-09-01T20:24:46.274119+00:00,LibGen,LibGen.gl,PROTECTED,200,1411,,Cloudflare
2026-09-01T20:25:48.666167+00:00,LibGen,LibGen.gl,PROTECTED,200,1414,,Cloudflare
2026-09-01T20:26:49.070082+00:00,LibGen,LibGen.gl,PROTECTED,200,1440,,Cloudflare
2026-09-01T20:27:49.767703+00:00,LibGen,LibGen.gl,PROTECTED,200,3230,,Cloudflare
2026-09-01T20:28:48.868675+00:00,LibGen,LibGen.gl,PROTECTED,200,1398,,Cloudflare
2026-09-01T20:29:50.062101+00:00,LibGen,LibGen.gl,PROTECTED,200,960,,Cloudflare
2026-09-01T20:30:50.805749+00:00,LibGen,LibGen.gl,PROTECTED,200,1072,,Cloudflare
2026-09-01T20:31:52.422722+00:00,LibGen,LibGen.gl,PROTECTED,200,2508,,Cloudflare
2026-09-01T20:32:51.850900+00:00,LibGen,LibGen.gl,PROTECTED,200,1407,,Cloudflare
2026-09-01T20:33:52.353515+00:00,LibGen,LibGen.gl,PROTECTED,200,676,,Cloudflare
2026-09-01T20:34:52.654765+00:00,LibGen,LibGen.gl,PROTECTED,200,1125,,Cloudflare
2026-09-01T20:35:54.417968+00:00,LibGen,LibGen.gl,PROTECTED,200,2147,,Cloudflare
2026-09-01T20:36:54.263740+00:00,LibGen,LibGen.gl,PROTECTED,200,1401,,Cloudflare
2026-09-01T20:37:54.655806+00:00,LibGen,LibGen.gl,PROTECTED,200,1648,,Cloudflare
2026-09-01T20:38:55.372072+00:00,LibGen,LibGen.gl,PROTECTED,200,1577,,Cloudflare
2026-09-01T20:39:55.489339+00:00,LibGen,LibGen.gl,PROTECTED,200,1010,,Cloudflare
2026-09-01T20:40:56.574035+00:00,LibGen,LibGen.gl,PROTECTED,200,1596,,Cloudflare
2026-09-01T20:41:55.968101+00:00,LibGen,LibGen.gl,PROTECTED,200,698,,Cloudflare
2026-09-01T20:42:57.293054+00:00,LibGen,LibGen.gl,PROTECTED,200,1755,,Cloudflare
2026-09-01T20:43:58.581692+00:00,LibGen,LibGen.gl,PROTECTED,200,1177,,Cloudflare
2026-09-01T20:45:00.217822+00:00,LibGen,LibGen.gl,PROTECTED,200,3231,,Cloudflare
2026-09-01T20:45:58.534059+00:00,LibGen,LibGen.gl,PROTECTED,200,1630,,Cloudflare
2026-09-01T20:46:59.100772+00:00,LibGen,LibGen.gl,PROTECTED,200,707,,Cloudflare
2026-09-01T20:47:58.985905+00:00,LibGen,LibGen.gl,PROTECTED,200,1073,,Cloudflare
2026-09-01T20:49:00.812063+00:00,LibGen,LibGen.gl,PROTECTED,200,710,,Cloudflare
2026-09-01T20:50:00.163913+00:00,LibGen,LibGen.gl,PROTECTED,200,689,,Cloudflare
2026-09-01T20:51:01.580648+00:00,LibGen,LibGen.gl,PROTECTED,200,1195,,Cloudflare
2026-09-01T20:52:02.460970+00:00,LibGen,LibGen.gl,PROTECTED,200,814,,Cloudflare
2026-09-01T20:53:03.122118+00:00,LibGen,LibGen.gl,PROTECTED,200,1379,,Cloudflare
2026-09-01T20:54:04.071088+00:00,LibGen,LibGen.gl,PROTECTED,200,1843,,Cloudflare
2026-09-01T20:55:07.064885+00:00,LibGen,LibGen.gl,PROTECTED,200,3607,,Cloudflare
2026-09-01T20:56:04.984528+00:00,LibGen,LibGen.gl,PROTECTED,200,1441,,Cloudflare
2026-09-01T20:57:06.439922+00:00,LibGen,LibGen.gl,PROTECTED,200,1678,,Cloudflare
2026-09-01T20:58:07.188495+00:00,LibGen,LibGen.gl,PROTECTED,200,1331,,Cloudflare
2026-09-01T20:59:08.829819+00:00,LibGen,LibGen.gl,PROTECTED,200,1544,,Cloudflare
2026-09-01T21:00:08.586698+00:00,LibGen,LibGen.gl,PROTECTED,200,2536,,Cloudflare
2026-09-01T21:01:08.161151+00:00,LibGen,LibGen.gl,PROTECTED,200,1770,,Cloudflare
2026-09-01T21:02:09.234612+00:00,LibGen,LibGen.gl,PROTECTED,200,2067,,Cloudflare
2026-09-01T21:03:10.037062+00:00,LibGen,LibGen.gl,PROTECTED,200,1341,,Cloudflare
2026-09-01T21:04:10.262664+00:00,LibGen,LibGen.gl,PROTECTED,200,1696,,Cloudflare
2026-09-01T21:05:11.264194+00:00,LibGen,LibGen.gl,PROTECTED,200,1962,,Cloudflare
2026-09-01T21:06:11.259775+00:00,LibGen,LibGen.gl,PROTECTED,200,911,,Cloudflare
2026-09-01T21:07:13.334718+00:00,LibGen,LibGen.gl,PROTECTED,200,1168,,Cloudflare
2026-09-01T21:08:12.886228+00:00,LibGen,LibGen.gl,PROTECTED,200,1890,,Cloudflare
2026-09-01T21:09:13.500570+00:00,LibGen,LibGen.gl,PROTECTED,200,719,,Cloudflare
2026-09-01T21:10:13.990575+00:00,LibGen,LibGen.gl,PROTECTED,200,1179,,Cloudflare
2026-09-01T21:11:16.171316+00:00,LibGen,LibGen.gl,PROTECTED,200,909,,Cloudflare
2026-09-01T21:12:16.005343+00:00,LibGen,LibGen.gl,PROTECTED,200,1266,,Cloudflare
2026-09-01T21:13:15.240124+00:00,LibGen,LibGen.gl,PROTECTED,200,680,,Cloudflare
2026-09-01T21:14:15.922798+00:00,LibGen,LibGen.gl,PROTECTED,200,691,,Cloudflare
2026-09-01T21:15:16.412728+00:00,LibGen,LibGen.gl,PROTECTED,200,691,,Cloudflare
2026-09-01T21:16:16.995711+00:00,LibGen,LibGen.gl,PROTECTED,200,700,,Cloudflare
2026-09-01T21:17:18.505920+00:00,LibGen,LibGen.gl,PROTECTED,200,709,,Cloudflare
2026-09-01T21:18:18.704883+00:00,LibGen,LibGen.gl,PROTECTED,200,1486,,Cloudflare
2026-09-01T21:19:18.749113+00:00,LibGen,LibGen.gl,PROTECTED,200,861,,Cloudflare
2026-09-01T21:20:19.682988+00:00,LibGen,LibGen.gl,PROTECTED,200,1145,,Cloudflare
2026-09-01T21:21:20.619783+00:00,LibGen,LibGen.gl,PROTECTED,200,1172,,Cloudflare
2026-09-01T21:22:20.797717+00:00,LibGen,LibGen.gl,PROTECTED,200,705,,Cloudflare
2026-09-01T21:23:21.787085+00:00,LibGen,LibGen.gl,PROTECTED,200,1168,,Cloudflare
2026-09-01T21:24:22.342079+00:00,LibGen,LibGen.gl,PROTECTED,200,822,,Cloudflare
2026-09-01T21:25:23.991828+00:00,LibGen,LibGen.gl,PROTECTED,200,1025,,Cloudflare
2026-09-01T21:26:27.205886+00:00,LibGen,LibGen.gl,PROTECTED,200,3915,,Cloudflare
2026-09-01T21:27:25.412942+00:00,LibGen,LibGen.gl,PROTECTED,200,2232,,Cloudflare
2026-09-01T21:28:25.777734+00:00,LibGen,LibGen.gl,PROTECTED,200,1897,,Cloudflare
2026-09-01T21:29:26.907485+00:00,LibGen,LibGen.gl,PROTECTED,200,1447,,Cloudflare
2026-09-01T21:30:27.145535+00:00,LibGen,LibGen.gl,PROTECTED,200,728,,Cloudflare
2026-09-01T21:31:28.047761+00:00,LibGen,LibGen.gl,PROTECTED,200,1870,,Cloudflare
2026-09-01T21:32:28.572143+00:00,LibGen,LibGen.gl,PROTECTED,200,1389,,Cloudflare
2026-09-01T21:33:30.259679+00:00,LibGen,LibGen.gl,PROTECTED,200,1812,,Cloudflare
2026-09-01T21:34:30.681770+00:00,LibGen,LibGen.gl,PROTECTED,200,1889,,Cloudflare
2026-09-01T21:35:31.758648+00:00,LibGen,LibGen.gl,PROTECTED,200,1430,,Cloudflare
2026-09-01T21:36:31.981237+00:00,LibGen,LibGen.gl,PROTECTED,200,1026,,Cloudflare
2026-09-01T21:37:32.682726+00:00,LibGen,LibGen.gl,PROTECTED,200,2251,,Cloudflare
2026-09-01T21:38:32.992739+00:00,LibGen,LibGen.gl,PROTECTED,200,1507,,Cloudflare
2026-09-01T21:39:33.594825+00:00,LibGen,LibGen.gl,PROTECTED,200,1712,,Cloudflare
2026-09-01T21:40:33.959694+00:00,LibGen,LibGen.gl,PROTECTED,200,1246,,Cloudflare
2026-09-01T21:41:36.815194+00:00,LibGen,LibGen.gl,PROTECTED,200,1657,,Cloudflare
2026-09-01T21:42:37.140699+00:00,LibGen,LibGen.gl,PROTECTED,200,1412,,Cloudflare
2026-09-01T21:43:36.084901+00:00,LibGen,LibGen.gl,PROTECTED,200,689,,Cloudflare
2026-09-01T21:44:38.150592+00:00,LibGen,LibGen.gl,PROTECTED,200,1938,,Cloudflare
2026-09-01T21:45:37.984725+00:00,LibGen,LibGen.gl,PROTECTED,200,1762,,Cloudflare
2026-09-01T21:46:38.173123+00:00,LibGen,LibGen.gl,PROTECTED,200,683,,Cloudflare
2026-09-01T21:47:40.148693+00:00,LibGen,LibGen.gl,PROTECTED,200,968,,Cloudflare
2026-09-01T21:48:39.418832+00:00,LibGen,LibGen.gl,PROTECTED,200,831,,Cloudflare
2026-09-01T21:49:39.866951+00:00,LibGen,LibGen.gl,PROTECTED,200,1884,,Cloudflare
2026-09-01T21:50:41.790245+00:00,LibGen,LibGen.gl,PROTECTED,200,986,,Cloudflare
2026-09-01T21:51:40.824708+00:00,LibGen,LibGen.gl,PROTECTED,200,1404,,Cloudflare
2026-09-01T21:52:41.754805+00:00,LibGen,LibGen.gl,PROTECTED,200,1421,,Cloudflare
2026-09-01T21:53:41.552489+00:00,LibGen,LibGen.gl,PROTECTED,200,1580,,Cloudflare
2026-09-01T21:54:42.937326+00:00,LibGen,LibGen.gl,PROTECTED,200,2177,,Cloudflare
2026-09-01T21:55:42.810200+00:00,LibGen,LibGen.gl,PROTECTED,200,1164,,Cloudflare
2026-09-01T21:56:44.347430+00:00,LibGen,LibGen.gl,PROTECTED,200,1853,,Cloudflare
2026-09-01T21:57:45.731116+00:00,LibGen,LibGen.gl,PROTECTED,200,1038,,Cloudflare
2026-09-01T21:58:45.643776+00:00,LibGen,LibGen.gl,PROTECTED,200,2187,,Cloudflare
2026-09-01T21:59:45.059510+00:00,LibGen,LibGen.gl,PROTECTED,200,1379,,Cloudflare
2026-09-01T22:00:46.099909+00:00,LibGen,LibGen.gl,PROTECTED,200,1429,,Cloudflare
2026-09-01T22:01:49.519324+00:00,LibGen,LibGen.gl,PROTECTED,200,2271,,Cloudflare
2026-09-01T22:02:46.183551+00:00,LibGen,LibGen.gl,PROTECTED,200,1167,,Cloudflare
2026-09-01T22:03:47.044325+00:00,LibGen,LibGen.gl,PROTECTED,200,1757,,Cloudflare
2026-09-01T22:04:48.017872+00:00,LibGen,LibGen.gl,PROTECTED,200,1910,,Cloudflare
2026-09-01T22:05:50.661380+00:00,LibGen,LibGen.gl,PROTECTED,200,3255,,Cloudflare
2026-09-01T22:06:50.431076+00:00,LibGen,LibGen.gl,PROTECTED,200,2928,,Cloudflare
2026-09-01T22:07:49.979779+00:00,LibGen,LibGen.gl,PROTECTED,200,1948,,Cloudflare
2026-09-01T22:08:51.179581+00:00,LibGen,LibGen.gl,PROTECTED,200,2463,,Cloudflare
2026-09-01T22:09:50.998795+00:00,LibGen,LibGen.gl,PROTECTED,200,1317,,Cloudflare
2026-09-01T22:10:51.343398+00:00,LibGen,LibGen.gl,PROTECTED,200,1415,,Cloudflare
2026-09-01T22:11:53.438833+00:00,LibGen,LibGen.gl,PROTECTED,200,2087,,Cloudflare
2026-09-01T22:12:54.040989+00:00,LibGen,LibGen.gl,PROTECTED,200,2255,,Cloudflare
2026-09-01T22:13:53.715368+00:00,LibGen,LibGen.gl,PROTECTED,200,1885,,Cloudflare
2026-09-01T22:14:54.166726+00:00,LibGen,LibGen.gl,PROTECTED,200,981,,Cloudflare
2026-09-01T22:15:56.128814+00:00,LibGen,LibGen.gl,PROTECTED,200,1388,,Cloudflare
2026-09-01T22:16:55.009370+00:00,LibGen,LibGen.gl,PROTECTED,200,915,,Cloudflare
2026-09-01T22:17:55.708039+00:00,LibGen,LibGen.gl,PROTECTED,200,821,,Cloudflare
2026-09-01T22:18:56.091657+00:00,LibGen,LibGen.gl,PROTECTED,200,671,,Cloudflare
2026-09-01T22:20:00.538217+00:00,LibGen,LibGen.gl,PROTECTED,200,4199,,Cloudflare
2026-09-01T22:20:57.789253+00:00,LibGen,LibGen.gl,PROTECTED,200,1377,,Cloudflare
2026-09-01T22:21:59.563892+00:00,LibGen,LibGen.gl,PROTECTED,200,2151,,Cloudflare
2026-09-01T22:23:00.318412+00:00,LibGen,LibGen.gl,PROTECTED,200,1211,,Cloudflare
2026-09-01T22:24:00.282933+00:00,LibGen,LibGen.gl,PROTECTED,200,1390,,Cloudflare
2026-09-01T22:25:01.637903+00:00,LibGen,LibGen.gl,PROTECTED,200,1138,,Cloudflare
2026-09-01T22:26:00.817215+00:00,LibGen,LibGen.gl,PROTECTED,200,930,,Cloudflare
2026-09-01T22:27:02.561642+00:00,LibGen,LibGen.gl,PROTECTED,200,1004,,Cloudflare
2026-09-01T22:28:01.054599+00:00,LibGen,LibGen.gl,PROTECTED,200,687,,Cloudflare
2026-09-01T22:29:02.659114+00:00,LibGen,LibGen.gl,PROTECTED,200,1911,,Cloudflare
2026-09-01T22:30:03.703677+00:00,LibGen,LibGen.gl,PROTECTED,200,2303,,Cloudflare
2026-09-01T22:31:03.166979+00:00,LibGen,LibGen.gl,PROTECTED,200,1056,,Cloudflare
2026-09-01T22:32:04.332756+00:00,LibGen,LibGen.gl,PROTECTED,200,1760,,Cloudflare
2026-09-01T22:33:04.555943+00:00,LibGen,LibGen.gl,PROTECTED,200,2169,,Cloudflare
2026-09-01T22:34:04.915333+00:00,LibGen,LibGen.gl,PROTECTED,200,714,,Cloudflare
2026-09-01T22:35:05.525870+00:00,LibGen,LibGen.gl,PROTECTED,200,1853,,Cloudflare
2026-09-01T22:36:06.751766+00:00,LibGen,LibGen.gl,PROTECTED,200,1907,,Cloudflare
2026-09-01T22:37:06.398010+00:00,LibGen,LibGen.gl,PROTECTED,200,1575,,Cloudflare
2026-09-01T22:38:08.815973+00:00,LibGen,LibGen.gl,PROTECTED,200,1726,,Cloudflare
2026-09-01T22:39:07.646947+00:00,LibGen,LibGen.gl,PROTECTED,200,821,,Cloudflare
2026-09-01T22:40:08.864839+00:00,LibGen,LibGen.gl,PROTECTED,200,1980,,Cloudflare
2026-09-01T22:41:07.789959+00:00,LibGen,LibGen.gl,PROTECTED,200,694,,Cloudflare
2026-09-01T22:42:09.322424+00:00,LibGen,LibGen.gl,PROTECTED,200,1698,,Cloudflare
2026-09-01T22:43:10.199880+00:00,LibGen,LibGen.gl,PROTECTED,200,2199,,Cloudflare
2026-09-01T22:44:09.690972+00:00,LibGen,LibGen.gl,PROTECTED,200,1188,,Cloudflare
2026-09-01T22:45:10.847596+00:00,LibGen,LibGen.gl,PROTECTED,200,1493,,Cloudflare
2026-09-01T22:46:15.120951+00:00,LibGen,LibGen.gl,PROTECTED,200,3148,,Cloudflare
2026-09-01T22:47:11.767728+00:00,LibGen,LibGen.gl,PROTECTED,200,1582,,Cloudflare
2026-09-01T22:48:15.083065+00:00,LibGen,LibGen.gl,PROTECTED,200,4535,,Cloudflare
2026-09-01T22:49:13.441843+00:00,LibGen,LibGen.gl,PROTECTED,200,1552,,Cloudflare
2026-09-01T22:50:12.919809+00:00,LibGen,LibGen.gl,PROTECTED,200,739,,Cloudflare
2026-09-01T22:51:13.089915+00:00,LibGen,LibGen.gl,PROTECTED,200,664,,Cloudflare
2026-09-01T22:52:14.245132+00:00,LibGen,LibGen.gl,PROTECTED,200,1331,,Cloudflare
2026-09-01T22:53:14.015457+00:00,LibGen,LibGen.gl,PROTECTED,200,680,,Cloudflare
2026-09-01T22:54:16.236416+00:00,LibGen,LibGen.gl,PROTECTED,200,1512,,Cloudflare
2026-09-01T22:55:16.675168+00:00,LibGen,LibGen.gl,PROTECTED,200,2298,,Cloudflare
2026-09-01T22:56:16.300227+00:00,LibGen,LibGen.gl,PROTECTED,200,698,,Cloudflare
2026-09-01T22:57:18.863906+00:00,LibGen,LibGen.gl,PROTECTED,200,2783,,Cloudflare
2026-09-01T22:58:19.290677+00:00,LibGen,LibGen.gl,PROTECTED,200,1580,,Cloudflare
2026-09-01T22:59:18.461158+00:00,LibGen,LibGen.gl,PROTECTED,200,1202,,Cloudflare
2026-09-01T23:00:18.699384+00:00,LibGen,LibGen.gl,PROTECTED,200,1286,,Cloudflare
2026-09-01T23:01:18.900558+00:00,LibGen,LibGen.gl,PROTECTED,200,1478,,Cloudflare
2026-09-01T23:02:19.980234+00:00,LibGen,LibGen.gl,PROTECTED,200,866,,Cloudflare
2026-09-01T23:03:20.570578+00:00,LibGen,LibGen.gl,PROTECTED,200,1892,,Cloudflare
2026-09-01T23:04:20.810791+00:00,LibGen,LibGen.gl,PROTECTED,200,1403,,Cloudflare
2026-09-01T23:05:21.397099+00:00,LibGen,LibGen.gl,PROTECTED,200,1056,,Cloudflare
2026-09-01T23:06:22.857666+00:00,LibGen,LibGen.gl,PROTECTED,200,1716,,Cloudflare
2026-09-01T23:07:24.367187+00:00,LibGen,LibGen.gl,PROTECTED,200,1998,,Cloudflare
2026-09-01T23:08:22.740772+00:00,LibGen,LibGen.gl,PROTECTED,200,699,,Cloudflare
2026-09-01T23:09:26.725147+00:00,LibGen,LibGen.gl,PROTECTED,200,2474,,Cloudflare
2026-09-01T23:10:25.136799+00:00,LibGen,LibGen.gl,PROTECTED,200,2176,,Cloudflare
2026-09-01T23:11:25.381037+00:00,LibGen,LibGen.gl,PROTECTED,200,1702,,Cloudflare
2026-09-01T23:12:26.083159+00:00,LibGen,LibGen.gl,PROTECTED,200,1604,,Cloudflare
2026-09-01T23:13:25.894510+00:00,LibGen,LibGen.gl,PROTECTED,200,982,,Cloudflare
2026-09-01T23:14:26.911351+00:00,LibGen,LibGen.gl,PROTECTED,200,659,,Cloudflare
2026-09-01T23:15:27.241607+00:00,LibGen,LibGen.gl,PROTECTED,200,1102,,Cloudflare
2026-09-01T23:16:27.444121+00:00,LibGen,LibGen.gl,PROTECTED,200,822,,Cloudflare
2026-09-01T23:17:28.296551+00:00,LibGen,LibGen.gl,PROTECTED,200,1195,,Cloudflare
2026-09-01T23:18:29.645569+00:00,LibGen,LibGen.gl,PROTECTED,200,1444,,Cloudflare
2026-09-01T23:19:30.025267+00:00,LibGen,LibGen.gl,PROTECTED,200,1502,,Cloudflare
2026-09-01T23:20:29.893639+00:00,LibGen,LibGen.gl,PROTECTED,200,966,,Cloudflare
2026-09-01T23:21:31.657850+00:00,LibGen,LibGen.gl,PROTECTED,200,1837,,Cloudflare
2026-09-01T23:22:31.350561+00:00,LibGen,LibGen.gl,PROTECTED,200,706,,Cloudflare
2026-09-01T23:23:30.875811+00:00,LibGen,LibGen.gl,PROTECTED,200,716,,Cloudflare
2026-09-01T23:24:37.678751+00:00,LibGen,LibGen.gl,PROTECTED,200,6201,,Cloudflare
2026-09-01T23:25:32.869683+00:00,LibGen,LibGen.gl,PROTECTED,200,1757,,Cloudflare
2026-09-01T23:26:33.873837+00:00,LibGen,LibGen.gl,PROTECTED,200,1931,,Cloudflare
2026-09-01T23:27:33.725017+00:00,LibGen,LibGen.gl,PROTECTED,200,1776,,Cloudflare
2026-09-01T23:28:34.018740+00:00,LibGen,LibGen.gl,PROTECTED,200,1679,,Cloudflare
2026-09-01T23:29:33.663612+00:00,LibGen,LibGen.gl,PROTECTED,200,688,,Cloudflare
2026-09-01T23:30:35.521524+00:00,LibGen,LibGen.gl,PROTECTED,200,1294,,Cloudflare
2026-09-01T23:31:36.325553+00:00,LibGen,LibGen.gl,PROTECTED,200,2171,,Cloudflare
2026-09-01T23:32:36.076698+00:00,LibGen,LibGen.gl,PROTECTED,200,1365,,Cloudflare
2026-09-01T23:33:36.861689+00:00,LibGen,LibGen.gl,PROTECTED,200,1439,,Cloudflare
2026-09-01T23:34:38.029259+00:00,LibGen,LibGen.gl,PROTECTED,200,1123,,Cloudflare
2026-09-01T23:35:38.423922+00:00,LibGen,LibGen.gl,PROTECTED,200,1447,,Cloudflare
2026-09-01T23:36:39.030752+00:00,LibGen,LibGen.gl,PROTECTED,200,2060,,Cloudflare
2026-09-01T23:37:39.361643+00:00,LibGen,LibGen.gl,PROTECTED,200,821,,Cloudflare
2026-09-01T23:38:39.739133+00:00,LibGen,LibGen.gl,PROTECTED,200,669,,Cloudflare
2026-09-01T23:39:41.931863+00:00,LibGen,LibGen.gl,PROTECTED,200,1415,,Cloudflare
2026-09-01T23:40:40.426787+00:00,LibGen,LibGen.gl,PROTECTED,200,984,,Cloudflare
2026-09-01T23:41:40.994100+00:00,LibGen,LibGen.gl,PROTECTED,200,1079,,Cloudflare
2026-09-01T23:42:42.172202+00:00,LibGen,LibGen.gl,PROTECTED,200,1724,,Cloudflare
2026-09-01T23:43:43.113269+00:00,LibGen,LibGen.gl,PROTECTED,200,1287,,Cloudflare
2026-09-01T23:44:43.659772+00:00,LibGen,LibGen.gl,PROTECTED,200,1769,,Cloudflare
2026-09-01T23:45:43.149226+00:00,LibGen,LibGen.gl,PROTECTED,200,1278,,Cloudflare
2026-09-01T23:46:43.445696+00:00,LibGen,LibGen.gl,PROTECTED,200,1074,,Cloudflare
2026-09-01T23:47:45.644159+00:00,LibGen,LibGen.gl,PROTECTED,200,1841,,Cloudflare
2026-09-01T23:48:46.110735+00:00,LibGen,LibGen.gl,PROTECTED,200,2222,,Cloudflare
2026-09-01T23:49:46.327999+00:00,LibGen,LibGen.gl,PROTECTED,200,703,,Cloudflare
2026-09-01T23:50:47.796093+00:00,LibGen,LibGen.gl,PROTECTED,200,904,,Cloudflare
2026-09-01T23:51:46.998174+00:00,LibGen,LibGen.gl,PROTECTED,200,858,,Cloudflare
2026-09-01T23:52:49.442070+00:00,LibGen,LibGen.gl,PROTECTED,200,2991,,Cloudflare
2026-09-01T23:53:47.900625+00:00,LibGen,LibGen.gl,PROTECTED,200,689,,Cloudflare
2026-09-01T23:54:48.517853+00:00,LibGen,LibGen.gl,PROTECTED,200,938,,Cloudflare
2026-09-01T23:55:52.056720+00:00,LibGen,LibGen.gl,PROTECTED,200,2039,,Cloudflare
2026-09-01T23:56:49.638156+00:00,LibGen,LibGen.gl,PROTECTED,200,697,,Cloudflare
2026-09-01T23:57:50.709056+00:00,LibGen,LibGen.gl,PROTECTED,200,1903,,Cloudflare
2026-09-01T23:58:51.188317+00:00,LibGen,LibGen.gl,PROTECTED,200,972,,Cloudflare
2026-09-01T23:59:51.532043+00:00,LibGen,LibGen.gl,PROTECTED,200,1850,,Cloudflare
2026-09-02T00:00:55.496985+00:00,LibGen,LibGen.gl,PROTECTED,200,5050,,Cloudflare
2026-09-02T00:01:51.315588+00:00,LibGen,LibGen.gl,PROTECTED,200,933,,Cloudflare
2026-09-02T00:02:52.768124+00:00,LibGen,LibGen.gl,PROTECTED,200,1875,,Cloudflare
2026-09-02T00:03:55.255351+00:00,LibGen,LibGen.gl,PROTECTED,200,1052,,Cloudflare
2026-09-02T00:04:54.606072+00:00,LibGen,LibGen.gl,PROTECTED,200,1717,,Cloudflare
2026-09-02T00:05:53.897021+00:00,LibGen,LibGen.gl,PROTECTED,200,1176,,Cloudflare
2026-09-02T00:06:55.361871+00:00,LibGen,LibGen.gl,PROTECTED,200,2071,,Cloudflare
2026-09-02T00:07:56.578572+00:00,LibGen,LibGen.gl,PROTECTED,200,1229,,Cloudflare
2026-09-02T00:08:56.671308+00:00,LibGen,LibGen.gl,PROTECTED,200,2279,,Cloudflare
2026-09-02T00:09:56.401214+00:00,LibGen,LibGen.gl,PROTECTED,200,1027,,Cloudflare
2026-09-02T00:10:56.870806+00:00,LibGen,LibGen.gl,PROTECTED,200,663,,Cloudflare
2026-09-02T00:11:59.735970+00:00,LibGen,LibGen.gl,PROTECTED,200,2172,,Cloudflare
2026-09-02T00:12:58.332118+00:00,LibGen,LibGen.gl,PROTECTED,200,690,,Cloudflare
2026-09-02T00:14:00.680520+00:00,LibGen,LibGen.gl,PROTECTED,200,3227,,Cloudflare
2026-09-02T00:15:00.739850+00:00,LibGen,LibGen.gl,PROTECTED,200,1619,,Cloudflare
2026-09-02T00:16:00.177750+00:00,LibGen,LibGen.gl,PROTECTED,200,701,,Cloudflare
2026-09-02T00:17:02.453844+00:00,LibGen,LibGen.gl,PROTECTED,200,1358,,Cloudflare
2026-09-02T00:18:01.080842+00:00,LibGen,LibGen.gl,PROTECTED,200,1148,,Cloudflare
2026-09-02T00:19:01.765798+00:00,LibGen,LibGen.gl,PROTECTED,200,1324,,Cloudflare
2026-09-02T00:20:03.348986+00:00,LibGen,LibGen.gl,PROTECTED,200,2386,,Cloudflare
2026-09-02T00:21:04.448683+00:00,LibGen,LibGen.gl,PROTECTED,200,1222,,Cloudflare
2026-09-02T00:22:05.056110+00:00,LibGen,LibGen.gl,PROTECTED,200,1886,,Cloudflare
2026-09-02T00:23:04.521144+00:00,LibGen,LibGen.gl,PROTECTED,200,1260,,Cloudflare
2026-09-02T00:24:05.997802+00:00,LibGen,LibGen.gl,PROTECTED,200,2521,,Cloudflare
2026-09-02T00:25:05.087970+00:00,LibGen,LibGen.gl,PROTECTED,200,700,,Cloudflare
2026-09-02T00:26:05.206649+00:00,LibGen,LibGen.gl,PROTECTED,200,680,,Cloudflare
2026-09-02T00:27:06.779511+00:00,LibGen,LibGen.gl,PROTECTED,200,1673,,Cloudflare
2026-09-02T00:28:07.482711+00:00,LibGen,LibGen.gl,PROTECTED,200,694,,Cloudflare
2026-09-02T00:29:08.772026+00:00,LibGen,LibGen.gl,PROTECTED,200,2300,,Cloudflare
2026-09-02T00:30:09.298372+00:00,LibGen,LibGen.gl,PROTECTED,200,2030,,Cloudflare
2026-09-02T00:31:09.854871+00:00,LibGen,LibGen.gl,PROTECTED,200,703,,Cloudflare
2026-09-02T00:32:10.260795+00:00,LibGen,LibGen.gl,PROTECTED,200,674,,Cloudflare
2026-09-02T00:33:11.928790+00:00,LibGen,LibGen.gl,PROTECTED,200,2373,,Cloudflare
2026-09-02T00:34:11.382208+00:00,LibGen,LibGen.gl,PROTECTED,200,937,,Cloudflare
2026-09-02T00:35:12.575483+00:00,LibGen,LibGen.gl,PROTECTED,200,1547,,Cloudflare
2026-09-02T00:36:17.983222+00:00,LibGen,LibGen.gl,PROTECTED,200,5582,,Cloudflare
2026-09-02T00:37:14.476957+00:00,LibGen,LibGen.gl,PROTECTED,200,1319,,Cloudflare
2026-09-02T00:38:13.883830+00:00,LibGen,LibGen.gl,PROTECTED,200,670,,Cloudflare
2026-09-02T00:39:22.852193+00:00,LibGen,LibGen.gl,PROTECTED,200,8179,,Cloudflare
2026-09-02T00:40:15.881272+00:00,LibGen,LibGen.gl,PROTECTED,200,1160,,Cloudflare
2026-09-02T00:41:17.941044+00:00,LibGen,LibGen.gl,PROTECTED,200,1082,,Cloudflare
2026-09-02T00:42:17.096196+00:00,LibGen,LibGen.gl,PROTECTED,200,886,,Cloudflare
2026-09-02T00:43:18.133909+00:00,LibGen,LibGen.gl,PROTECTED,200,1371,,Cloudflare
2026-09-02T00:44:19.760120+00:00,LibGen,LibGen.gl,PROTECTED,200,1514,,Cloudflare
2026-09-02T00:45:19.201483+00:00,LibGen,LibGen.gl,PROTECTED,200,1028,,Cloudflare
2026-09-02T00:46:19.277591+00:00,LibGen,LibGen.gl,PROTECTED,200,680,,Cloudflare
2026-09-02T00:47:20.728601+00:00,LibGen,LibGen.gl,PROTECTED,200,1416,,Cloudflare
2026-09-02T00:48:21.424778+00:00,LibGen,LibGen.gl,PROTECTED,200,1112,,Cloudflare
2026-09-02T00:49:22.169510+00:00,LibGen,LibGen.gl,PROTECTED,200,1407,,Cloudflare
2026-09-02T00:50:25.905564+00:00,LibGen,LibGen.gl,PROTECTED,200,3084,,Cloudflare
2026-09-02T00:51:25.137050+00:00,LibGen,LibGen.gl,PROTECTED,200,687,,Cloudflare
2026-09-02T00:52:25.539396+00:00,LibGen,LibGen.gl,PROTECTED,200,1293,,Cloudflare
2026-09-02T00:53:24.366784+00:00,LibGen,LibGen.gl,PROTECTED,200,1441,,Cloudflare
2026-09-02T00:54:24.597188+00:00,LibGen,LibGen.gl,PROTECTED,200,709,,Cloudflare
2026-09-02T00:55:25.688371+00:00,LibGen,LibGen.gl,PROTECTED,200,1214,,Cloudflare
2026-09-02T00:56:28.091738+00:00,LibGen,LibGen.gl,PROTECTED,200,1070,,Cloudflare
2026-09-02T00:57:27.673901+00:00,LibGen,LibGen.gl,PROTECTED,200,2143,,Cloudflare
2026-09-02T00:58:27.573272+00:00,LibGen,LibGen.gl,PROTECTED,200,1866,,Cloudflare
2026-09-02T00:59:28.727194+00:00,LibGen,LibGen.gl,PROTECTED,200,2287,,Cloudflare
2026-09-02T01:00:28.570565+00:00,LibGen,LibGen.gl,PROTECTED,200,1162,,Cloudflare
2026-09-02T01:01:31.447910+00:00,LibGen,LibGen.gl,PROTECTED,200,2929,,Cloudflare
2026-09-02T01:02:32.119124+00:00,LibGen,LibGen.gl,PROTECTED,200,3034,,Cloudflare
2026-09-02T01:03:31.766885+00:00,LibGen,LibGen.gl,PROTECTED,200,2442,,Cloudflare
2026-09-02T01:04:31.101710+00:00,LibGen,LibGen.gl,PROTECTED,200,1731,,Cloudflare
2026-09-02T01:05:32.110198+00:00,LibGen,LibGen.gl,PROTECTED,200,1185,,Cloudflare
2026-09-02T01:06:32.912746+00:00,LibGen,LibGen.gl,PROTECTED,200,1400,,Cloudflare
2026-09-02T01:07:34.460780+00:00,LibGen,LibGen.gl,PROTECTED,200,2013,,Cloudflare
2026-09-02T01:08:35.202093+00:00,LibGen,LibGen.gl,PROTECTED,200,2117,,Cloudflare
2026-09-02T01:09:34.887649+00:00,LibGen,LibGen.gl,PROTECTED,200,1113,,Cloudflare
2026-09-02T01:10:35.979402+00:00,LibGen,LibGen.gl,PROTECTED,200,1425,,Cloudflare
2026-09-02T01:11:36.858879+00:00,LibGen,LibGen.gl,PROTECTED,200,1132,,Cloudflare
2026-09-02T01:12:38.265200+00:00,LibGen,LibGen.gl,PROTECTED,200,1767,,Cloudflare
2026-09-02T01:13:38.442755+00:00,LibGen,LibGen.gl,PROTECTED,200,1826,,Cloudflare
2026-09-02T01:14:38.367147+00:00,LibGen,LibGen.gl,PROTECTED,200,1631,,Cloudflare
2026-09-02T01:15:38.207534+00:00,LibGen,LibGen.gl,PROTECTED,200,894,,Cloudflare
2026-09-02T01:16:40.800052+00:00,LibGen,LibGen.gl,PROTECTED,200,1346,,Cloudflare
2026-09-02T01:17:39.605368+00:00,LibGen,LibGen.gl,PROTECTED,200,859,,Cloudflare
2026-09-02T01:18:40.499325+00:00,LibGen,LibGen.gl,PROTECTED,200,1501,,Cloudflare
2026-09-02T01:19:40.399191+00:00,LibGen,LibGen.gl,PROTECTED,200,664,,Cloudflare
2026-09-02T01:20:41.365940+00:00,LibGen,LibGen.gl,PROTECTED,200,1053,,Cloudflare
2026-09-02T01:21:41.383679+00:00,LibGen,LibGen.gl,PROTECTED,200,957,,Cloudflare
2026-09-02T01:22:42.160105+00:00,LibGen,LibGen.gl,PROTECTED,200,673,,Cloudflare
2026-09-02T01:23:44.297503+00:00,LibGen,LibGen.gl,PROTECTED,200,2073,,Cloudflare
2026-09-02T01:24:43.599161+00:00,LibGen,LibGen.gl,PROTECTED,200,1040,,Cloudflare
2026-09-02T01:25:43.908991+00:00,LibGen,LibGen.gl,PROTECTED,200,672,,Cloudflare
2026-09-02T01:27:05.098727+00:00,LibGen,LibGen.gl,DOWN,,,connection_refused,
2026-09-02T01:27:45.904058+00:00,LibGen,LibGen.gl,PROTECTED,200,1497,,Cloudflare
2026-09-02T01:28:45.906196+00:00,LibGen,LibGen.gl,PROTECTED,200,818,,Cloudflare
2026-09-02T01:29:47.426703+00:00,LibGen,LibGen.gl,PROTECTED,200,704,,Cloudflare
2026-09-02T01:30:46.659815+00:00,LibGen,LibGen.gl,PROTECTED,503,747,,Cloudflare
2026-09-02T01:31:49.371619+00:00,LibGen,LibGen.gl,PROTECTED,200,2644,,Cloudflare
2026-09-02T01:32:51.289690+00:00,LibGen,LibGen.gl,PROTECTED,200,3096,,Cloudflare
2026-09-02T01:33:49.902410+00:00,LibGen,LibGen.gl,PROTECTED,200,1946,,Cloudflare
2026-09-02T01:34:50.525206+00:00,LibGen,LibGen.gl,PROTECTED,200,691,,Cloudflare
2026-09-02T01:35:50.996167+00:00,LibGen,LibGen.gl,PROTECTED,200,1034,,Cloudflare
2026-09-02T01:36:51.193130+00:00,LibGen,LibGen.gl,PROTECTED,200,1512,,Cloudflare
2026-09-02T01:37:52.385868+00:00,LibGen,LibGen.gl,PROTECTED,200,1411,,Cloudflare
2026-09-02T01:38:53.407771+00:00,LibGen,LibGen.gl,PROTECTED,200,1622,,Cloudflare
2026-09-02T01:39:54.054014+00:00,LibGen,LibGen.gl,PROTECTED,200,1678,,Cloudflare
2026-09-02T01:40:54.998569+00:00,LibGen,LibGen.gl,PROTECTED,200,1525,,Cloudflare
2026-09-02T01:41:55.084433+00:00,LibGen,LibGen.gl,PROTECTED,200,1695,,Cloudflare
2026-09-02T01:42:54.806961+00:00,LibGen,LibGen.gl,PROTECTED,200,684,,Cloudflare
2026-09-02T01:43:55.404678+00:00,LibGen,LibGen.gl,PROTECTED,200,796,,Cloudflare
2026-09-02T01:44:55.944195+00:00,LibGen,LibGen.gl,PROTECTED,200,683,,Cloudflare
2026-09-02T01:45:57.701691+00:00,LibGen,LibGen.gl,PROTECTED,200,1860,,Cloudflare
2026-09-02T01:46:58.919387+00:00,LibGen,LibGen.gl,PROTECTED,200,2548,,Cloudflare
2026-09-02T01:47:57.785716+00:00,LibGen,LibGen.gl,PROTECTED,200,903,,Cloudflare
2026-09-02T01:48:58.096163+00:00,LibGen,LibGen.gl,PROTECTED,200,1024,,Cloudflare
2026-09-02T01:49:58.927719+00:00,LibGen,LibGen.gl,PROTECTED,200,1421,,Cloudflare
2026-09-02T01:50:59.827296+00:00,LibGen,LibGen.gl,PROTECTED,200,1148,,Cloudflare
2026-09-02T01:52:01.706030+00:00,LibGen,LibGen.gl,PROTECTED,200,1664,,Cloudflare
2026-09-02T01:53:01.469231+00:00,LibGen,LibGen.gl,PROTECTED,200,1358,,Cloudflare
2026-09-02T01:54:03.933782+00:00,LibGen,LibGen.gl,PROTECTED,200,1326,,Cloudflare
2026-09-02T01:55:02.739416+00:00,LibGen,LibGen.gl,PROTECTED,200,1040,,Cloudflare
2026-09-02T01:56:03.727137+00:00,LibGen,LibGen.gl,PROTECTED,200,719,,Cloudflare
2026-09-02T01:57:05.052129+00:00,LibGen,LibGen.gl,PROTECTED,200,2349,,Cloudflare
2026-09-02T01:58:05.025580+00:00,LibGen,LibGen.gl,PROTECTED,200,685,,Cloudflare
2026-09-02T01:59:05.560233+00:00,LibGen,LibGen.gl,PROTECTED,200,1364,,Cloudflare
2026-09-02T02:00:06.482140+00:00,LibGen,LibGen.gl,PROTECTED,200,1943,,Cloudflare
2026-09-02T02:01:07.744570+00:00,LibGen,LibGen.gl,PROTECTED,200,1706,,Cloudflare
2026-09-02T02:02:07.802557+00:00,LibGen,LibGen.gl,PROTECTED,200,1622,,Cloudflare
2026-09-02T02:03:08.879004+00:00,LibGen,LibGen.gl,PROTECTED,200,1501,,Cloudflare
2026-09-02T02:04:09.153090+00:00,LibGen,LibGen.gl,PROTECTED,200,673,,Cloudflare
2026-09-02T02:05:09.899127+00:00,LibGen,LibGen.gl,PROTECTED,200,1460,,Cloudflare
2026-09-02T02:06:31.010729+00:00,LibGen,LibGen.gl,DOWN,,,connection_refused,
2026-09-02T02:07:11.131116+00:00,LibGen,LibGen.gl,PROTECTED,200,1546,,Cloudflare
2026-09-02T02:08:11.374562+00:00,LibGen,LibGen.gl,PROTECTED,200,1469,,Cloudflare
2026-09-02T02:09:12.054988+00:00,LibGen,LibGen.gl,PROTECTED,200,954,,Cloudflare
2026-09-02T02:10:12.397323+00:00,LibGen,LibGen.gl,PROTECTED,200,1407,,Cloudflare
2026-09-02T02:11:12.980362+00:00,LibGen,LibGen.gl,PROTECTED,200,980,,Cloudflare
2026-09-02T02:12:14.411121+00:00,LibGen,LibGen.gl,PROTECTED,200,1299,,Cloudflare
2026-09-02T02:13:14.107760+00:00,LibGen,LibGen.gl,PROTECTED,200,981,,Cloudflare
2026-09-02T02:14:14.889720+00:00,LibGen,LibGen.gl,PROTECTED,200,1394,,Cloudflare
2026-09-02T02:15:16.720605+00:00,LibGen,LibGen.gl,PROTECTED,200,2409,,Cloudflare
2026-09-02T02:16:15.698849+00:00,LibGen,LibGen.gl,PROTECTED,200,1097,,Cloudflare
2026-09-02T02:17:17.502542+00:00,LibGen,LibGen.gl,PROTECTED,200,1444,,Cloudflare
2026-09-02T02:18:18.087069+00:00,LibGen,LibGen.gl,PROTECTED,200,1646,,Cloudflare
2026-09-02T02:19:19.385585+00:00,LibGen,LibGen.gl,PROTECTED,200,1744,,Cloudflare
2026-09-02T02:20:20.361895+00:00,LibGen,LibGen.gl,PROTECTED,200,2718,,Cloudflare
2026-09-02T02:21:20.899236+00:00,LibGen,LibGen.gl,PROTECTED,200,987,,Cloudflare
2026-09-02T02:22:20.135739+00:00,LibGen,LibGen.gl,PROTECTED,200,690,,Cloudflare
2026-09-02T02:23:22.558057+00:00,LibGen,LibGen.gl,PROTECTED,200,2512,,Cloudflare
2026-09-02T02:24:21.223888+00:00,LibGen,LibGen.gl,PROTECTED,200,1291,,Cloudflare
2026-09-02T02:25:22.742302+00:00,LibGen,LibGen.gl,PROTECTED,200,1291,,Cloudflare
2026-09-02T02:26:25.047822+00:00,LibGen,LibGen.gl,PROTECTED,200,1143,,Cloudflare
2026-09-02T02:27:23.378963+00:00,LibGen,LibGen.gl,PROTECTED,200,1480,,Cloudflare
2026-09-02T02:28:24.323060+00:00,LibGen,LibGen.gl,PROTECTED,200,2020,,Cloudflare
2026-09-02T02:29:25.253962+00:00,LibGen,LibGen.gl,PROTECTED,200,1505,,Cloudflare
2026-09-02T02:30:25.791427+00:00,LibGen,LibGen.gl,PROTECTED,200,1900,,Cloudflare
2026-09-02T02:31:25.052610+00:00,LibGen,LibGen.gl,PROTECTED,200,934,,Cloudflare
2026-09-02T02:32:26.246955+00:00,LibGen,LibGen.gl,PROTECTED,200,1892,,Cloudflare
2026-09-02T02:33:28.245638+00:00,LibGen,LibGen.gl,PROTECTED,200,3564,,Cloudflare
2026-09-02T02:34:27.053930+00:00,LibGen,LibGen.gl,PROTECTED,200,691,,Cloudflare
2026-09-02T02:35:27.094875+00:00,LibGen,LibGen.gl,PROTECTED,200,683,,Cloudflare
2026-09-02T02:36:28.725147+00:00,LibGen,LibGen.gl,PROTECTED,200,1900,,Cloudflare
2026-09-02T02:37:30.485123+00:00,LibGen,LibGen.gl,PROTECTED,200,2187,,Cloudflare
2026-09-02T02:38:28.993592+00:00,LibGen,LibGen.gl,PROTECTED,200,683,,Cloudflare
2026-09-02T02:39:30.466246+00:00,LibGen,LibGen.gl,PROTECTED,200,1400,,Cloudflare
2026-09-02T02:40:32.470002+00:00,LibGen,LibGen.gl,PROTECTED,200,1991,,Cloudflare
2026-09-02T02:41:31.325414+00:00,LibGen,LibGen.gl,PROTECTED,200,1428,,Cloudflare
2026-09-02T02:42:30.590633+00:00,LibGen,LibGen.gl,PROTECTED,200,864,,Cloudflare
2026-09-02T02:43:31.978542+00:00,LibGen,LibGen.gl,PROTECTED,200,1658,,Cloudflare
2026-09-02T02:44:33.406478+00:00,LibGen,LibGen.gl,PROTECTED,200,2200,,Cloudflare
2026-09-02T02:45:33.144241+00:00,LibGen,LibGen.gl,PROTECTED,200,1265,,Cloudflare
2026-09-02T02:46:34.545041+00:00,LibGen,LibGen.gl,PROTECTED,200,1380,,Cloudflare
2026-09-02T02:47:35.377789+00:00,LibGen,LibGen.gl,PROTECTED,200,1433,,Cloudflare
2026-09-02T02:48:34.998558+00:00,LibGen,LibGen.gl,PROTECTED,200,1389,,Cloudflare
2026-09-02T02:49:37.254311+00:00,LibGen,LibGen.gl,PROTECTED,200,1861,,Cloudflare
2026-09-02T02:50:36.159006+00:00,LibGen,LibGen.gl,PROTECTED,200,669,,Cloudflare
2026-09-02T02:51:36.494762+00:00,LibGen,LibGen.gl,PROTECTED,200,928,,Cloudflare
2026-09-02T02:52:37.450143+00:00,LibGen,LibGen.gl,PROTECTED,200,1174,,Cloudflare
2026-09-02T02:53:38.463795+00:00,LibGen,LibGen.gl,PROTECTED,200,1163,,Cloudflare
2026-09-02T02:54:39.827950+00:00,LibGen,LibGen.gl,PROTECTED,200,2832,,Cloudflare
2026-09-02T02:55:39.325393+00:00,LibGen,LibGen.gl,PROTECTED,200,1474,,Cloudflare
2026-09-02T02:56:39.932135+00:00,LibGen,LibGen.gl,PROTECTED,200,1215,,Cloudflare
2026-09-02T02:57:40.632770+00:00,LibGen,LibGen.gl,PROTECTED,200,1155,,Cloudflare
2026-09-02T02:58:41.175572+00:00,LibGen,LibGen.gl,PROTECTED,200,1485,,Cloudflare
2026-09-02T02:59:43.373900+00:00,LibGen,LibGen.gl,PROTECTED,200,3222,,Cloudflare
2026-09-02T03:00:43.437731+00:00,LibGen,LibGen.gl,PROTECTED,200,1199,,Cloudflare
2026-09-02T03:01:43.650627+00:00,LibGen,LibGen.gl,PROTECTED,200,1868,,Cloudflare
2026-09-02T03:02:44.542749+00:00,LibGen,LibGen.gl,PROTECTED,200,1405,,Cloudflare
2026-09-02T03:03:44.304314+00:00,LibGen,LibGen.gl,PROTECTED,200,1229,,Cloudflare
2026-09-02T03:04:43.817141+00:00,LibGen,LibGen.gl,PROTECTED,200,717,,Cloudflare
2026-09-02T03:05:44.444182+00:00,LibGen,LibGen.gl,PROTECTED,200,694,,Cloudflare
2026-09-02T03:06:46.743885+00:00,LibGen,LibGen.gl,PROTECTED,200,2192,,Cloudflare
2026-09-02T03:07:46.739620+00:00,LibGen,LibGen.gl,PROTECTED,200,1024,,Cloudflare
2026-09-02T03:08:49.238499+00:00,LibGen,LibGen.gl,PROTECTED,200,1409,,Cloudflare
2026-09-02T03:09:48.274988+00:00,LibGen,LibGen.gl,PROTECTED,200,1375,,Cloudflare
2026-09-02T03:10:49.495205+00:00,LibGen,LibGen.gl,PROTECTED,200,2088,,Cloudflare
2026-09-02T03:11:50.105050+00:00,LibGen,LibGen.gl,PROTECTED,200,2476,,Cloudflare
2026-09-02T03:12:49.798072+00:00,LibGen,LibGen.gl,PROTECTED,200,1833,,Cloudflare
2026-09-02T03:13:52.870915+00:00,LibGen,LibGen.gl,PROTECTED,200,3827,,Cloudflare
2026-09-02T03:14:54.316531+00:00,LibGen,LibGen.gl,PROTECTED,200,4899,,Cloudflare
2026-09-02T03:15:51.774595+00:00,LibGen,LibGen.gl,PROTECTED,200,2213,,Cloudflare
2026-09-02T03:16:51.525785+00:00,LibGen,LibGen.gl,PROTECTED,200,1399,,Cloudflare
2026-09-02T03:17:52.145602+00:00,LibGen,LibGen.gl,PROTECTED,200,1001,,Cloudflare
2026-09-02T03:18:53.783029+00:00,LibGen,LibGen.gl,PROTECTED,200,1760,,Cloudflare
2026-09-02T03:19:53.889326+00:00,LibGen,LibGen.gl,PROTECTED,200,956,,Cloudflare
2026-09-02T03:20:56.219298+00:00,LibGen,LibGen.gl,PROTECTED,200,3329,,Cloudflare
2026-09-02T03:21:54.481514+00:00,LibGen,LibGen.gl,PROTECTED,200,681,,Cloudflare
2026-09-02T03:22:56.147530+00:00,LibGen,LibGen.gl,PROTECTED,200,1412,,Cloudflare
2026-09-02T03:23:56.861533+00:00,LibGen,LibGen.gl,PROTECTED,200,1703,,Cloudflare
2026-09-02T03:24:57.112402+00:00,LibGen,LibGen.gl,PROTECTED,200,2021,,Cloudflare
2026-09-02T03:25:58.903780+00:00,LibGen,LibGen.gl,PROTECTED,200,1484,,Cloudflare
2026-09-02T03:26:57.779044+00:00,LibGen,LibGen.gl,PROTECTED,200,679,,Cloudflare
2026-09-02T03:27:59.120876+00:00,LibGen,LibGen.gl,PROTECTED,200,1626,,Cloudflare
2026-09-02T03:28:59.986703+00:00,LibGen,LibGen.gl,PROTECTED,200,2610,,Cloudflare
2026-09-02T03:30:00.158035+00:00,LibGen,LibGen.gl,PROTECTED,200,1901,,Cloudflare
2026-09-02T03:31:00.473970+00:00,LibGen,LibGen.gl,PROTECTED,200,1296,,Cloudflare
2026-09-02T03:32:21.173963+00:00,LibGen,LibGen.gl,DOWN,,,connection_refused,
2026-09-02T03:33:04.750927+00:00,LibGen,LibGen.gl,PROTECTED,200,3975,,Cloudflare
2026-09-02T03:34:04.571002+00:00,LibGen,LibGen.gl,PROTECTED,200,2261,,Cloudflare
2026-09-02T03:35:08.460145+00:00,LibGen,LibGen.gl,PROTECTED,200,5561,,Cloudflare
2026-09-02T03:36:04.883764+00:00,LibGen,LibGen.gl,PROTECTED,200,1538,,Cloudflare
2026-09-02T03:37:06.685206+00:00,LibGen,LibGen.gl,PROTECTED,200,1846,,Cloudflare
2026-09-02T03:38:06.230943+00:00,LibGen,LibGen.gl,PROTECTED,200,1946,,Cloudflare
2026-09-02T03:39:06.301777+00:00,LibGen,LibGen.gl,PROTECTED,200,1371,,Cloudflare
2026-09-02T03:40:07.714788+00:00,LibGen,LibGen.gl,PROTECTED,200,1885,,Cloudflare
2026-09-02T03:41:09.043061+00:00,LibGen,LibGen.gl,PROTECTED,200,1604,,Cloudflare
2026-09-02T03:42:08.296890+00:00,LibGen,LibGen.gl,PROTECTED,200,1159,,Cloudflare
2026-09-02T03:43:09.130153+00:00,LibGen,LibGen.gl,PROTECTED,200,1192,,Cloudflare
2026-09-02T03:44:09.901495+00:00,LibGen,LibGen.gl,PROTECTED,200,695,,Cloudflare
2026-09-02T03:45:11.938738+00:00,LibGen,LibGen.gl,PROTECTED,200,2745,,Cloudflare
2026-09-02T03:46:09.890563+00:00,LibGen,LibGen.gl,PROTECTED,200,680,,Cloudflare
2026-09-02T03:47:12.269712+00:00,LibGen,LibGen.gl,PROTECTED,200,2309,,Cloudflare
2026-09-02T03:48:11.818874+00:00,LibGen,LibGen.gl,PROTECTED,200,1650,,Cloudflare
2026-09-02T03:49:12.262666+00:00,LibGen,LibGen.gl,PROTECTED,200,1550,,Cloudflare
2026-09-02T03:50:32.158509+00:00,LibGen,LibGen.gl,DOWN,,,connection_refused,
2026-09-02T03:51:13.581644+00:00,LibGen,LibGen.gl,PROTECTED,200,1662,,Cloudflare
2026-09-02T03:52:14.027515+00:00,LibGen,LibGen.gl,PROTECTED,200,1782,,Cloudflare
2026-09-02T03:53:15.361496+00:00,LibGen,LibGen.gl,PROTECTED,200,1120,,Cloudflare
2026-09-02T03:54:14.245241+00:00,LibGen,LibGen.gl,PROTECTED,200,661,,Cloudflare
2026-09-02T03:55:19.422928+00:00,LibGen,LibGen.gl,PROTECTED,200,5177,,Cloudflare
2026-09-02T03:56:35.915625+00:00,LibGen,LibGen.gl,DOWN,,,connection_refused,
2026-09-02T03:57:35.874545+00:00,LibGen,LibGen.gl,TIMEOUT,,,timeout,
2026-09-02T03:58:19.447939+00:00,LibGen,LibGen.gl,PROTECTED,200,2999,,Cloudflare
2026-09-02T03:59:38.609359+00:00,LibGen,LibGen.gl,DOWN,,,connection_refused,
2026-09-02T04:00:20.063713+00:00,LibGen,LibGen.gl,PROTECTED,200,1937,,Cloudflare
2026-09-02T04:01:19.348667+00:00,LibGen,LibGen.gl,PROTECTED,200,1111,,Cloudflare
2026-09-02T04:02:21.137134+00:00,LibGen,LibGen.gl,PROTECTED,200,1627,,Cloudflare
2026-09-02T04:03:25.958125+00:00,LibGen,LibGen.gl,PROTECTED,200,5131,,Cloudflare
2026-09-02T04:04:42.031162+00:00,LibGen,LibGen.gl,DOWN,,,connection_refused,
2026-09-02T04:05:24.940793+00:00,LibGen,LibGen.gl,PROTECTED,200,3295,,Cloudflare
2026-09-02T04:06:22.998738+00:00,LibGen,LibGen.gl,PROTECTED,200,904,,Cloudflare
2026-09-02T04:07:22.891212+00:00,LibGen,LibGen.gl,PROTECTED,200,1414,,Cloudflare
2026-09-02T04:08:24.050940+00:00,LibGen,LibGen.gl,PROTECTED,200,1376,,Cloudflare
2026-09-02T04:09:23.871707+00:00,LibGen,LibGen.gl,PROTECTED,200,1426,,Cloudflare
2026-09-02T04:10:45.526313+00:00,LibGen,LibGen.gl,DOWN,,,connection_refused,
2026-09-02T04:11:25.423316+00:00,LibGen,LibGen.gl,PROTECTED,200,683,,Cloudflare
2026-09-02T04:12:27.559062+00:00,LibGen,LibGen.gl,PROTECTED,200,1905,,Cloudflare
2026-09-02T04:13:27.229133+00:00,LibGen,LibGen.gl,PROTECTED,200,2149,,Cloudflare
2026-09-02T04:14:27.224263+00:00,LibGen,LibGen.gl,PROTECTED,200,1622,,Cloudflare
2026-09-02T04:15:28.930513+00:00,LibGen,LibGen.gl,PROTECTED,200,2292,,Cloudflare
2026-09-02T04:16:29.143326+00:00,LibGen,LibGen.gl,PROTECTED,200,1201,,Cloudflare
2026-09-02T04:17:29.409697+00:00,LibGen,LibGen.gl,PROTECTED,200,1566,,Cloudflare
2026-09-02T04:18:30.069426+00:00,LibGen,LibGen.gl,PROTECTED,200,1392,,Cloudflare
2026-09-02T04:19:31.716880+00:00,LibGen,LibGen.gl,PROTECTED,200,2188,,Cloudflare
2026-09-02T04:20:33.011114+00:00,LibGen,LibGen.gl,PROTECTED,200,2279,,Cloudflare
2026-09-02T04:21:32.338996+00:00,LibGen,LibGen.gl,PROTECTED,200,1604,,Cloudflare
2026-09-02T04:22:32.540686+00:00,LibGen,LibGen.gl,PROTECTED,200,1458,,Cloudflare
2026-09-02T04:23:32.917130+00:00,LibGen,LibGen.gl,DOWN,500,1498,http_error,
2026-09-02T04:24:34.198728+00:00,LibGen,LibGen.gl,PROTECTED,200,1393,,Cloudflare
2026-09-02T04:25:34.993032+00:00,LibGen,LibGen.gl,PROTECTED,200,2389,,Cloudflare
2026-09-02T04:26:34.019151+00:00,LibGen,LibGen.gl,PROTECTED,200,779,,Cloudflare
2026-09-02T04:27:35.302902+00:00,LibGen,LibGen.gl,PROTECTED,200,1383,,Cloudflare
2026-09-02T04:28:37.280078+00:00,LibGen,LibGen.gl,PROTECTED,200,1469,,Cloudflare
2026-09-02T04:29:37.113134+00:00,LibGen,LibGen.gl,PROTECTED,200,1519,,Cloudflare
2026-09-02T04:30:38.554707+00:00,LibGen,LibGen.gl,PROTECTED,200,2560,,Cloudflare
2026-09-02T04:31:37.359537+00:00,LibGen,LibGen.gl,PROTECTED,200,1705,,Cloudflare
2026-09-02T04:32:39.195620+00:00,LibGen,LibGen.gl,PROTECTED,200,1198,,Cloudflare
2026-09-02T04:33:38.793944+00:00,LibGen,LibGen.gl,PROTECTED,200,889,,Cloudflare
2026-09-02T04:34:40.818600+00:00,LibGen,LibGen.gl,PROTECTED,200,2928,,Cloudflare
2026-09-02T04:35:40.583998+00:00,LibGen,LibGen.gl,PROTECTED,200,2228,,Cloudflare
2026-09-02T04:36:42.046858+00:00,LibGen,LibGen.gl,PROTECTED,200,1495,,Cloudflare
2026-09-02T04:37:41.273104+00:00,LibGen,LibGen.gl,PROTECTED,200,1545,,Cloudflare
2026-09-02T04:38:41.849886+00:00,LibGen,LibGen.gl,PROTECTED,200,1732,,Cloudflare
2026-09-02T04:39:42.371937+00:00,LibGen,LibGen.gl,PROTECTED,200,712,,Cloudflare
2026-09-02T04:40:42.957564+00:00,LibGen,LibGen.gl,PROTECTED,200,1725,,Cloudflare
2026-09-02T04:41:45.551069+00:00,LibGen,LibGen.gl,PROTECTED,200,3378,,Cloudflare
2026-09-02T04:42:43.102323+00:00,LibGen,LibGen.gl,PROTECTED,200,713,,Cloudflare
2026-09-02T04:43:44.251348+00:00,LibGen,LibGen.gl,PROTECTED,200,707,,Cloudflare
2026-09-02T04:44:45.271127+00:00,LibGen,LibGen.gl,PROTECTED,200,1327,,Cloudflare
2026-09-02T04:45:46.832321+00:00,LibGen,LibGen.gl,PROTECTED,200,1300,,Cloudflare
2026-09-02T04:46:47.864456+00:00,LibGen,LibGen.gl,PROTECTED,200,2036,,Cloudflare
2026-09-02T04:47:46.027533+00:00,LibGen,LibGen.gl,DOWN,500,887,http_error,
2026-09-02T04:48:46.782696+00:00,LibGen,LibGen.gl,DOWN,500,911,http_error,
2026-09-02T04:49:47.957558+00:00,LibGen,LibGen.gl,DOWN,500,1204,http_error,
2026-09-02T04:50:52.027960+00:00,LibGen,LibGen.gl,PROTECTED,200,3473,,Cloudflare
2026-09-02T04:51:49.383639+00:00,LibGen,LibGen.gl,PROTECTED,200,734,,Cloudflare
2026-09-02T04:52:52.510624+00:00,LibGen,LibGen.gl,PROTECTED,200,3327,,Cloudflare
2026-09-02T04:53:51.819936+00:00,LibGen,LibGen.gl,PROTECTED,200,1719,,Cloudflare
2026-09-02T04:54:52.086492+00:00,LibGen,LibGen.gl,PROTECTED,200,1200,,Cloudflare
2026-09-02T04:55:53.119091+00:00,LibGen,LibGen.gl,PROTECTED,200,1083,,Cloudflare
2026-09-02T04:56:53.990626+00:00,LibGen,LibGen.gl,PROTECTED,200,1658,,Cloudflare
2026-09-02T04:57:55.364726+00:00,LibGen,LibGen.gl,PROTECTED,200,2263,,Cloudflare
2026-09-02T04:58:56.139067+00:00,LibGen,LibGen.gl,PROTECTED,200,1895,,Cloudflare
2026-09-02T04:59:57.263582+00:00,LibGen,LibGen.gl,PROTECTED,200,2489,,Cloudflare
2026-09-02T05:00:57.746111+00:00,LibGen,LibGen.gl,PROTECTED,200,1571,,Cloudflare
2026-09-02T05:01:57.218123+00:00,LibGen,LibGen.gl,PROTECTED,200,1677,,Cloudflare
2026-09-02T05:02:57.447701+00:00,LibGen,LibGen.gl,PROTECTED,200,698,,Cloudflare
2026-09-02T05:03:59.808122+00:00,LibGen,LibGen.gl,PROTECTED,200,1133,,Cloudflare
2026-09-02T05:04:58.406473+00:00,LibGen,LibGen.gl,PROTECTED,200,700,,Cloudflare
2026-09-02T05:06:00.018754+00:00,LibGen,LibGen.gl,PROTECTED,200,1324,,Cloudflare
2026-09-02T05:07:00.470569+00:00,LibGen,LibGen.gl,PROTECTED,200,1583,,Cloudflare
2026-09-02T05:08:00.298104+00:00,LibGen,LibGen.gl,PROTECTED,200,703,,Cloudflare
2026-09-02T05:09:01.635652+00:00,LibGen,LibGen.gl,PROTECTED,200,2133,,Cloudflare
2026-09-02T05:10:02.030177+00:00,LibGen,LibGen.gl,PROTECTED,200,1455,,Cloudflare
2026-09-02T05:11:05.427743+00:00,LibGen,LibGen.gl,PROTECTED,200,3382,,Cloudflare
2026-09-02T05:12:03.738804+00:00,LibGen,LibGen.gl,PROTECTED,200,1383,,Cloudflare
2026-09-02T05:13:03.563253+00:00,LibGen,LibGen.gl,PROTECTED,200,1785,,Cloudflare
2026-09-02T05:14:04.615096+00:00,LibGen,LibGen.gl,PROTECTED,200,1543,,Cloudflare
2026-09-02T05:15:05.787256+00:00,LibGen,LibGen.gl,PROTECTED,200,1386,,Cloudflare
2026-09-02T05:16:04.920683+00:00,LibGen,LibGen.gl,PROTECTED,200,883,,Cloudflare
2026-09-02T05:17:06.149077+00:00,LibGen,LibGen.gl,PROTECTED,200,1791,,Cloudflare
2026-09-02T05:18:07.776545+00:00,LibGen,LibGen.gl,PROTECTED,200,2735,,Cloudflare
2026-09-02T05:19:06.733025+00:00,LibGen,LibGen.gl,PROTECTED,200,910,,Cloudflare
2026-09-02T05:20:08.818587+00:00,LibGen,LibGen.gl,PROTECTED,200,2398,,Cloudflare
2026-09-02T05:21:09.494213+00:00,LibGen,LibGen.gl,PROTECTED,200,1777,,Cloudflare
2026-09-02T05:22:10.973893+00:00,LibGen,LibGen.gl,PROTECTED,200,1175,,Cloudflare
2026-09-02T05:23:10.228438+00:00,LibGen,LibGen.gl,PROTECTED,200,1190,,Cloudflare
2026-09-02T05:24:12.048387+00:00,LibGen,LibGen.gl,PROTECTED,200,1997,,Cloudflare
2026-09-02T05:25:12.318435+00:00,LibGen,LibGen.gl,PROTECTED,200,2011,,Cloudflare
2026-09-02T05:26:13.776569+00:00,LibGen,LibGen.gl,PROTECTED,200,2058,,Cloudflare
2026-09-02T05:27:13.450114+00:00,LibGen,LibGen.gl,PROTECTED,200,1403,,Cloudflare
2026-09-02T05:28:13.073059+00:00,LibGen,LibGen.gl,PROTECTED,200,884,,Cloudflare
2026-09-02T05:29:13.864207+00:00,LibGen,LibGen.gl,PROTECTED,200,1324,,Cloudflare
2026-09-02T05:30:15.484072+00:00,LibGen,LibGen.gl,PROTECTED,200,2451,,Cloudflare
2026-09-02T05:31:17.647910+00:00,LibGen,LibGen.gl,PROTECTED,200,4236,,Cloudflare
2026-09-02T05:32:16.448919+00:00,LibGen,LibGen.gl,PROTECTED,200,2445,,Cloudflare
2026-09-02T05:33:17.307198+00:00,LibGen,LibGen.gl,PROTECTED,200,1512,,Cloudflare
2026-09-02T05:34:17.440024+00:00,LibGen,LibGen.gl,PROTECTED,200,1714,,Cloudflare
2026-09-02T05:35:18.435580+00:00,LibGen,LibGen.gl,PROTECTED,200,1771,,Cloudflare
2026-09-02T05:36:17.477965+00:00,LibGen,LibGen.gl,PROTECTED,200,699,,Cloudflare
2026-09-02T05:37:20.390305+00:00,LibGen,LibGen.gl,PROTECTED,200,2406,,Cloudflare
2026-09-02T05:38:19.072941+00:00,LibGen,LibGen.gl,PROTECTED,200,1517,,Cloudflare
2026-09-02T05:39:20.616075+00:00,LibGen,LibGen.gl,PROTECTED,200,1344,,Cloudflare
2026-09-02T05:40:20.846168+00:00,LibGen,LibGen.gl,PROTECTED,200,1740,,Cloudflare
2026-09-02T05:41:21.122658+00:00,LibGen,LibGen.gl,PROTECTED,200,1060,,Cloudflare
2026-09-02T05:42:21.543333+00:00,LibGen,LibGen.gl,PROTECTED,200,1390,,Cloudflare
2026-09-02T05:43:21.436902+00:00,LibGen,LibGen.gl,PROTECTED,200,703,,Cloudflare
2026-09-02T05:44:21.922845+00:00,LibGen,LibGen.gl,PROTECTED,200,701,,Cloudflare
2026-09-02T05:45:23.277872+00:00,LibGen,LibGen.gl,PROTECTED,200,1457,,Cloudflare
2026-09-02T05:46:23.611017+00:00,LibGen,LibGen.gl,PROTECTED,200,1196,,Cloudflare
2026-09-02T05:47:25.021102+00:00,LibGen,LibGen.gl,PROTECTED,200,1865,,Cloudflare
2026-09-02T05:48:24.827208+00:00,LibGen,LibGen.gl,PROTECTED,200,1409,,Cloudflare
2026-09-02T05:49:25.662066+00:00,LibGen,LibGen.gl,PROTECTED,200,1396,,Cloudflare
2026-09-02T05:50:29.178009+00:00,LibGen,LibGen.gl,PROTECTED,200,4887,,Cloudflare
2026-09-02T05:51:25.580552+00:00,LibGen,LibGen.gl,PROTECTED,200,770,,Cloudflare
2026-09-02T05:52:27.565157+00:00,LibGen,LibGen.gl,PROTECTED,200,2157,,Cloudflare
2026-09-02T05:53:27.502200+00:00,LibGen,LibGen.gl,PROTECTED,200,1060,,Cloudflare
2026-09-02T05:54:27.761362+00:00,LibGen,LibGen.gl,PROTECTED,200,822,,Cloudflare
2026-09-02T05:55:29.280202+00:00,LibGen,LibGen.gl,PROTECTED,200,1654,,Cloudflare
2026-09-02T05:56:29.986304+00:00,LibGen,LibGen.gl,PROTECTED,200,1472,,Cloudflare
2026-09-02T05:57:31.105632+00:00,LibGen,LibGen.gl,PROTECTED,200,1528,,Cloudflare
2026-09-02T05:58:31.330983+00:00,LibGen,LibGen.gl,PROTECTED,200,1387,,Cloudflare
2026-09-02T05:59:37.518378+00:00,LibGen,LibGen.gl,PROTECTED,200,6857,,Cloudflare
2026-09-02T06:00:32.915175+00:00,LibGen,LibGen.gl,PROTECTED,200,1204,,Cloudflare
2026-09-02T06:01:33.335028+00:00,LibGen,LibGen.gl,PROTECTED,200,1333,,Cloudflare
2026-09-02T06:02:35.110698+00:00,LibGen,LibGen.gl,PROTECTED,200,1825,,Cloudflare
2026-09-02T06:03:34.636749+00:00,LibGen,LibGen.gl,PROTECTED,200,1404,,Cloudflare
2026-09-02T06:04:33.966218+00:00,LibGen,LibGen.gl,PROTECTED,200,684,,Cloudflare
2026-09-02T06:05:34.531083+00:00,LibGen,LibGen.gl,PROTECTED,200,1143,,Cloudflare
2026-09-02T06:06:34.633749+00:00,LibGen,LibGen.gl,PROTECTED,200,1103,,Cloudflare
2026-09-02T06:07:34.815897+00:00,LibGen,LibGen.gl,PROTECTED,200,1094,,Cloudflare
2026-09-02T06:08:35.339314+00:00,LibGen,LibGen.gl,PROTECTED,200,688,,Cloudflare
2026-09-02T06:09:35.680545+00:00,LibGen,LibGen.gl,PROTECTED,200,1701,,Cloudflare
2026-09-02T06:10:36.550617+00:00,LibGen,LibGen.gl,PROTECTED,200,769,,Cloudflare
2026-09-02T06:11:36.755667+00:00,LibGen,LibGen.gl,PROTECTED,200,709,,Cloudflare
2026-09-02T06:12:38.620040+00:00,LibGen,LibGen.gl,PROTECTED,200,1499,,Cloudflare
2026-09-02T06:13:38.549199+00:00,LibGen,LibGen.gl,PROTECTED,200,1838,,Cloudflare
2026-09-02T06:14:39.460027+00:00,LibGen,LibGen.gl,PROTECTED,200,2194,,Cloudflare
2026-09-02T06:15:39.737980+00:00,LibGen,LibGen.gl,PROTECTED,200,1543,,Cloudflare
2026-09-02T06:16:40.053042+00:00,LibGen,LibGen.gl,PROTECTED,200,1076,,Cloudflare
2026-09-02T06:17:41.910761+00:00,LibGen,LibGen.gl,PROTECTED,200,1377,,Cloudflare
2026-09-02T06:18:41.761362+00:00,LibGen,LibGen.gl,PROTECTED,200,1124,,Cloudflare
2026-09-02T06:19:44.799878+00:00,LibGen,LibGen.gl,PROTECTED,200,3401,,Cloudflare
2026-09-02T06:20:42.878989+00:00,LibGen,LibGen.gl,PROTECTED,200,1172,,Cloudflare
2026-09-02T06:21:44.762246+00:00,LibGen,LibGen.gl,PROTECTED,200,2386,,Cloudflare
2026-09-02T06:22:44.348630+00:00,LibGen,LibGen.gl,PROTECTED,200,963,,Cloudflare
2026-09-02T06:23:45.713462+00:00,LibGen,LibGen.gl,PROTECTED,200,1696,,Cloudflare
2026-09-02T06:24:45.665099+00:00,LibGen,LibGen.gl,PROTECTED,200,1436,,Cloudflare
2026-09-02T06:25:44.981737+00:00,LibGen,LibGen.gl,PROTECTED,200,686,,Cloudflare
2026-09-02T06:26:47.044848+00:00,LibGen,LibGen.gl,PROTECTED,200,1630,,Cloudflare
2026-09-02T06:27:47.738802+00:00,LibGen,LibGen.gl,PROTECTED,200,692,,Cloudflare
2026-09-02T06:28:48.122965+00:00,LibGen,LibGen.gl,PROTECTED,200,925,,Cloudflare
2026-09-02T06:30:09.585052+00:00,LibGen,LibGen.gl,DOWN,,,connection_refused,
2026-09-02T06:30:51.186987+00:00,LibGen,LibGen.gl,PROTECTED,200,3857,,Cloudflare
2026-09-02T06:31:49.161988+00:00,LibGen,LibGen.gl,PROTECTED,200,705,,Cloudflare
2026-09-02T06:32:50.678089+00:00,LibGen,LibGen.gl,PROTECTED,200,729,,Cloudflare
2026-09-02T06:33:50.946404+00:00,LibGen,LibGen.gl,PROTECTED,200,706,,Cloudflare
2026-09-02T06:34:52.442194+00:00,LibGen,LibGen.gl,PROTECTED,200,1425,,Cloudflare
2026-09-02T06:35:53.097412+00:00,LibGen,LibGen.gl,PROTECTED,200,1422,,Cloudflare
2026-09-02T06:36:54.588347+00:00,LibGen,LibGen.gl,PROTECTED,200,2097,,Cloudflare
2026-09-02T06:37:53.738383+00:00,LibGen,LibGen.gl,PROTECTED,200,689,,Cloudflare
2026-09-02T06:38:54.707271+00:00,LibGen,LibGen.gl,PROTECTED,200,1506,,Cloudflare
2026-09-02T06:39:55.420074+00:00,LibGen,LibGen.gl,PROTECTED,200,1431,,Cloudflare
2026-09-02T06:40:58.253180+00:00,LibGen,LibGen.gl,PROTECTED,200,3383,,Cloudflare
2026-09-02T06:41:57.316912+00:00,LibGen,LibGen.gl,PROTECTED,200,1783,,Cloudflare
2026-09-02T06:42:58.256617+00:00,LibGen,LibGen.gl,PROTECTED,200,1776,,Cloudflare
2026-09-02T06:43:57.735561+00:00,LibGen,LibGen.gl,PROTECTED,200,1417,,Cloudflare
2026-09-02T06:44:58.083743+00:00,LibGen,LibGen.gl,PROTECTED,200,889,,Cloudflare
2026-09-02T06:45:58.717633+00:00,LibGen,LibGen.gl,PROTECTED,200,1173,,Cloudflare
2026-09-02T06:46:59.653488+00:00,LibGen,LibGen.gl,PROTECTED,200,1884,,Cloudflare
2026-09-02T06:48:00.204253+00:00,LibGen,LibGen.gl,PROTECTED,200,1828,,Cloudflare
2026-09-02T06:49:00.202052+00:00,LibGen,LibGen.gl,PROTECTED,200,942,,Cloudflare
2026-09-02T06:50:01.606894+00:00,LibGen,LibGen.gl,PROTECTED,200,2343,,Cloudflare
2026-09-02T06:50:59.740745+00:00,LibGen,LibGen.gl,PROTECTED,200,697,,Cloudflare
2026-09-02T06:52:03.313458+00:00,LibGen,LibGen.gl,PROTECTED,200,3588,,Cloudflare
2026-09-02T06:53:01.225095+00:00,LibGen,LibGen.gl,PROTECTED,200,1410,,Cloudflare
2026-09-02T06:54:02.353045+00:00,LibGen,LibGen.gl,PROTECTED,200,1520,,Cloudflare
2026-09-02T06:55:04.707957+00:00,LibGen,LibGen.gl,PROTECTED,200,1748,,Cloudflare
2026-09-02T06:56:03.362230+00:00,LibGen,LibGen.gl,PROTECTED,200,755,,Cloudflare
2026-09-02T06:57:05.550273+00:00,LibGen,LibGen.gl,PROTECTED,200,1433,,Cloudflare
2026-09-02T06:58:04.887520+00:00,LibGen,LibGen.gl,PROTECTED,200,1128,,Cloudflare
2026-09-02T06:59:06.033200+00:00,LibGen,LibGen.gl,PROTECTED,200,985,,Cloudflare
2026-09-02T07:00:06.243939+00:00,LibGen,LibGen.gl,PROTECTED,200,1800,,Cloudflare
2026-09-02T07:01:06.527600+00:00,LibGen,LibGen.gl,PROTECTED,200,1604,,Cloudflare
2026-09-02T07:02:07.928836+00:00,LibGen,LibGen.gl,PROTECTED,200,2173,,Cloudflare
2026-09-02T07:03:06.333016+00:00,LibGen,LibGen.gl,PROTECTED,200,695,,Cloudflare
2026-09-02T07:04:10.893392+00:00,LibGen,LibGen.gl,PROTECTED,200,5081,,Cloudflare
2026-09-02T07:05:07.320201+00:00,LibGen,LibGen.gl,PROTECTED,200,1111,,Cloudflare
2026-09-02T07:06:07.870013+00:00,LibGen,LibGen.gl,PROTECTED,200,711,,Cloudflare
2026-09-02T07:07:09.995486+00:00,LibGen,LibGen.gl,PROTECTED,200,1413,,Cloudflare
2026-09-02T07:08:09.912927+00:00,LibGen,LibGen.gl,PROTECTED,200,1025,,Cloudflare
2026-09-02T07:09:10.629526+00:00,LibGen,LibGen.gl,PROTECTED,200,960,,Cloudflare
2026-09-02T07:10:15.575010+00:00,LibGen,LibGen.gl,PROTECTED,200,5015,,Cloudflare
2026-09-02T07:11:11.587770+00:00,LibGen,LibGen.gl,PROTECTED,200,765,,Cloudflare
2026-09-02T07:12:12.445639+00:00,LibGen,LibGen.gl,PROTECTED,200,1427,,Cloudflare
2026-09-02T07:13:15.200151+00:00,LibGen,LibGen.gl,PROTECTED,200,1718,,Cloudflare
2026-09-02T07:14:14.378017+00:00,LibGen,LibGen.gl,PROTECTED,200,1298,,Cloudflare
2026-09-02T07:15:15.723807+00:00,LibGen,LibGen.gl,PROTECTED,200,1110,,Cloudflare
2026-09-02T07:16:15.998791+00:00,LibGen,LibGen.gl,PROTECTED,200,1462,,Cloudflare
2026-09-02T07:17:16.559999+00:00,LibGen,LibGen.gl,PROTECTED,200,1178,,Cloudflare
2026-09-02T07:18:16.666395+00:00,LibGen,LibGen.gl,PROTECTED,200,1112,,Cloudflare
2026-09-02T07:19:21.274522+00:00,LibGen,LibGen.gl,PROTECTED,200,5028,,Cloudflare
2026-09-02T07:20:19.138963+00:00,LibGen,LibGen.gl,PROTECTED,200,2033,,Cloudflare
2026-09-02T07:21:19.738880+00:00,LibGen,LibGen.gl,PROTECTED,200,684,,Cloudflare
2026-09-02T07:22:21.249026+00:00,LibGen,LibGen.gl,PROTECTED,200,751,,Cloudflare
2026-09-02T07:23:22.735982+00:00,LibGen,LibGen.gl,PROTECTED,200,1952,,Cloudflare
2026-09-02T07:24:22.551652+00:00,LibGen,LibGen.gl,PROTECTED,200,1516,,Cloudflare
2026-09-02T07:25:22.365541+00:00,LibGen,LibGen.gl,PROTECTED,200,678,,Cloudflare
2026-09-02T07:26:23.865214+00:00,LibGen,LibGen.gl,PROTECTED,200,676,,Cloudflare
2026-09-02T07:27:25.247576+00:00,LibGen,LibGen.gl,PROTECTED,200,2219,,Cloudflare
2026-09-02T07:28:24.753845+00:00,LibGen,LibGen.gl,PROTECTED,200,815,,Cloudflare
2026-09-02T07:29:26.297183+00:00,LibGen,LibGen.gl,PROTECTED,200,1629,,Cloudflare
2026-09-02T07:30:26.474823+00:00,LibGen,LibGen.gl,PROTECTED,200,1016,,Cloudflare
2026-09-02T07:31:35.576116+00:00,LibGen,LibGen.gl,PROTECTED,200,9462,,Cloudflare
2026-09-02T07:32:28.063546+00:00,LibGen,LibGen.gl,PROTECTED,200,878,,Cloudflare
2026-09-02T07:33:28.962622+00:00,LibGen,LibGen.gl,PROTECTED,200,929,,Cloudflare
2026-09-02T07:34:30.723554+00:00,LibGen,LibGen.gl,PROTECTED,200,1843,,Cloudflare
2026-09-02T07:35:30.636995+00:00,LibGen,LibGen.gl,PROTECTED,200,987,,Cloudflare
2026-09-02T07:36:29.181908+00:00,LibGen,LibGen.gl,PROTECTED,200,1016,,Cloudflare
2026-09-02T07:37:30.200795+00:00,LibGen,LibGen.gl,PROTECTED,200,1269,,Cloudflare
2026-09-02T07:38:30.999347+00:00,LibGen,LibGen.gl,PROTECTED,200,1105,,Cloudflare
2026-09-02T07:39:32.237622+00:00,LibGen,LibGen.gl,PROTECTED,200,1392,,Cloudflare
2026-09-02T07:40:32.173861+00:00,LibGen,LibGen.gl,PROTECTED,200,883,,Cloudflare
2026-09-02T07:41:33.498720+00:00,LibGen,LibGen.gl,PROTECTED,200,1344,,Cloudflare
2026-09-02T07:42:35.210872+00:00,LibGen,LibGen.gl,PROTECTED,200,2131,,Cloudflare
2026-09-02T07:43:35.995707+00:00,LibGen,LibGen.gl,PROTECTED,200,1985,,Cloudflare
2026-09-02T07:44:36.584875+00:00,LibGen,LibGen.gl,PROTECTED,200,1401,,Cloudflare
2026-09-02T07:45:37.416932+00:00,LibGen,LibGen.gl,PROTECTED,200,1734,,Cloudflare
2026-09-02T07:46:38.285327+00:00,LibGen,LibGen.gl,PROTECTED,200,1577,,Cloudflare
2026-09-02T07:47:40.157758+00:00,LibGen,LibGen.gl,PROTECTED,200,1006,,Cloudflare
2026-09-02T07:48:39.848322+00:00,LibGen,LibGen.gl,PROTECTED,200,803,,Cloudflare
2026-09-02T07:49:40.773913+00:00,LibGen,LibGen.gl,PROTECTED,200,2030,,Cloudflare
2026-09-02T07:50:41.633600+00:00,LibGen,LibGen.gl,PROTECTED,200,1205,,Cloudflare
2026-09-02T07:51:42.567898+00:00,LibGen,LibGen.gl,PROTECTED,200,677,,Cloudflare
2026-09-02T07:52:43.434140+00:00,LibGen,LibGen.gl,PROTECTED,200,1968,,Cloudflare
2026-09-02T07:53:43.336487+00:00,LibGen,LibGen.gl,PROTECTED,200,1313,,Cloudflare
2026-09-02T07:54:46.777858+00:00,LibGen,LibGen.gl,PROTECTED,200,4016,,Cloudflare
2026-09-02T07:55:46.364874+00:00,LibGen,LibGen.gl,PROTECTED,200,1511,,Cloudflare
2026-09-02T07:56:49.343423+00:00,LibGen,LibGen.gl,PROTECTED,200,1936,,Cloudflare
2026-09-02T07:57:45.779545+00:00,LibGen,LibGen.gl,PROTECTED,200,1411,,Cloudflare
2026-09-02T07:58:47.132755+00:00,LibGen,LibGen.gl,PROTECTED,200,1561,,Cloudflare
2026-09-02T07:59:46.726810+00:00,LibGen,LibGen.gl,PROTECTED,200,774,,Cloudflare
2026-09-02T08:00:46.946937+00:00,LibGen,LibGen.gl,PROTECTED,200,684,,Cloudflare
2026-09-02T08:01:49.133639+00:00,LibGen,LibGen.gl,PROTECTED,200,2852,,Cloudflare
2026-09-02T08:02:48.374885+00:00,LibGen,LibGen.gl,PROTECTED,200,1056,,Cloudflare
2026-09-02T08:03:49.524457+00:00,LibGen,LibGen.gl,PROTECTED,200,666,,Cloudflare
2026-09-02T08:04:54.716324+00:00,LibGen,LibGen.gl,PROTECTED,200,1114,,Cloudflare
2026-09-02T08:05:53.483985+00:00,LibGen,LibGen.gl,PROTECTED,200,3723,,Cloudflare
2026-09-02T08:06:52.527804+00:00,LibGen,LibGen.gl,PROTECTED,200,1063,,Cloudflare
2026-09-02T08:07:55.926037+00:00,LibGen,LibGen.gl,PROTECTED,200,2437,,Cloudflare
2026-09-02T08:08:54.128610+00:00,LibGen,LibGen.gl,PROTECTED,200,1200,,Cloudflare
2026-09-02T08:09:55.263449+00:00,LibGen,LibGen.gl,PROTECTED,200,2732,,Cloudflare
2026-09-02T08:10:53.781168+00:00,LibGen,LibGen.gl,PROTECTED,200,1741,,Cloudflare
2026-09-02T08:11:54.521899+00:00,LibGen,LibGen.gl,PROTECTED,200,2436,,Cloudflare
2026-09-02T08:12:54.496691+00:00,LibGen,LibGen.gl,PROTECTED,200,1401,,Cloudflare
2026-09-02T08:13:56.745025+00:00,LibGen,LibGen.gl,PROTECTED,200,2730,,Cloudflare
2026-09-02T08:14:55.605098+00:00,LibGen,LibGen.gl,PROTECTED,200,702,,Cloudflare
2026-09-02T08:15:57.043168+00:00,LibGen,LibGen.gl,PROTECTED,200,2817,,Cloudflare
2026-09-02T08:16:56.614115+00:00,LibGen,LibGen.gl,PROTECTED,200,1508,,Cloudflare
2026-09-02T08:17:56.816815+00:00,LibGen,LibGen.gl,PROTECTED,200,680,,Cloudflare
2026-09-02T08:19:17.738793+00:00,LibGen,LibGen.gl,DOWN,,,connection_refused,
2026-09-02T08:19:58.797274+00:00,LibGen,LibGen.gl,PROTECTED,200,1009,,Cloudflare
2026-09-02T08:21:00.195529+00:00,LibGen,LibGen.gl,PROTECTED,200,1524,,Cloudflare
2026-09-02T08:22:01.619616+00:00,LibGen,LibGen.gl,PROTECTED,200,2200,,Cloudflare
2026-09-02T08:23:03.679074+00:00,LibGen,LibGen.gl,PROTECTED,200,1846,,Cloudflare
2026-09-02T08:24:02.522376+00:00,LibGen,LibGen.gl,PROTECTED,200,1831,,Cloudflare
2026-09-02T08:25:02.383750+00:00,LibGen,LibGen.gl,PROTECTED,200,696,,Cloudflare
2026-09-02T08:26:03.544226+00:00,LibGen,LibGen.gl,PROTECTED,200,674,,Cloudflare
2026-09-02T08:27:04.100662+00:00,LibGen,LibGen.gl,PROTECTED,200,1516,,Cloudflare
2026-09-02T08:28:05.654044+00:00,LibGen,LibGen.gl,PROTECTED,200,1602,,Cloudflare
2026-09-02T08:29:05.905719+00:00,LibGen,LibGen.gl,PROTECTED,200,1567,,Cloudflare
2026-09-02T08:30:06.106708+00:00,LibGen,LibGen.gl,PROTECTED,200,1222,,Cloudflare
2026-09-02T08:31:08.897349+00:00,LibGen,LibGen.gl,PROTECTED,200,3213,,Cloudflare
2026-09-02T08:32:27.295266+00:00,LibGen,LibGen.gl,DOWN,,,connection_refused,
2026-09-02T08:33:08.585723+00:00,LibGen,LibGen.gl,PROTECTED,200,1621,,Cloudflare
2026-09-02T08:34:09.258251+00:00,LibGen,LibGen.gl,PROTECTED,200,2550,,Cloudflare
2026-09-02T08:35:10.364969+00:00,LibGen,LibGen.gl,PROTECTED,200,2990,,Cloudflare
2026-09-02T08:36:13.035976+00:00,LibGen,LibGen.gl,PROTECTED,200,2826,,Cloudflare
2026-09-02T08:37:11.067546+00:00,LibGen,LibGen.gl,PROTECTED,200,1135,,Cloudflare
2026-09-02T08:38:10.013547+00:00,LibGen,LibGen.gl,DOWN,500,664,http_error,
2026-09-02T08:39:11.471851+00:00,LibGen,LibGen.gl,PROTECTED,200,797,,Cloudflare
2026-09-02T08:40:12.901082+00:00,LibGen,LibGen.gl,PROTECTED,200,1676,,Cloudflare
2026-09-02T08:41:12.589542+00:00,LibGen,LibGen.gl,PROTECTED,200,1025,,Cloudflare
2026-09-02T08:42:13.375102+00:00,LibGen,LibGen.gl,PROTECTED,200,702,,Cloudflare
2026-09-02T08:43:15.356970+00:00,LibGen,LibGen.gl,PROTECTED,200,1405,,Cloudflare
2026-09-02T08:44:15.807674+00:00,LibGen,LibGen.gl,PROTECTED,200,1755,,Cloudflare
2026-09-02T08:45:16.110657+00:00,LibGen,LibGen.gl,PROTECTED,200,961,,Cloudflare
2026-09-02T08:46:18.471645+00:00,LibGen,LibGen.gl,PROTECTED,200,1636,,Cloudflare
2026-09-02T08:47:18.524800+00:00,LibGen,LibGen.gl,PROTECTED,200,1110,,Cloudflare
2026-09-02T08:48:18.534131+00:00,LibGen,LibGen.gl,PROTECTED,200,705,,Cloudflare
2026-09-02T08:49:39.521941+00:00,LibGen,LibGen.gl,DOWN,,,connection_refused,
2026-09-02T08:50:22.318712+00:00,LibGen,LibGen.gl,PROTECTED,200,2198,,Cloudflare
2026-09-02T08:51:22.560938+00:00,LibGen,LibGen.gl,PROTECTED,200,1474,,Cloudflare
2026-09-02T08:52:23.071743+00:00,LibGen,LibGen.gl,PROTECTED,200,898,,Cloudflare
2026-09-02T08:53:22.931434+00:00,LibGen,LibGen.gl,PROTECTED,200,1176,,Cloudflare
2026-09-02T08:54:23.355209+00:00,LibGen,LibGen.gl,PROTECTED,200,708,,Cloudflare
2026-09-02T08:55:25.042975+00:00,LibGen,LibGen.gl,PROTECTED,200,1036,,Cloudflare
2026-09-02T08:56:28.211890+00:00,LibGen,LibGen.gl,PROTECTED,200,2543,,Cloudflare
2026-09-02T08:57:27.230747+00:00,LibGen,LibGen.gl,PROTECTED,200,1335,,Cloudflare
2026-09-02T08:58:27.748607+00:00,LibGen,LibGen.gl,PROTECTED,200,1068,,Cloudflare
2026-09-02T08:59:30.610970+00:00,LibGen,LibGen.gl,PROTECTED,200,2829,,Cloudflare
2026-09-02T09:00:28.703848+00:00,LibGen,LibGen.gl,PROTECTED,200,910,,Cloudflare
2026-09-02T09:01:30.299567+00:00,LibGen,LibGen.gl,PROTECTED,200,1493,,Cloudflare
2026-09-02T09:02:31.373128+00:00,LibGen,LibGen.gl,PROTECTED,200,3079,,Cloudflare
2026-09-02T09:03:30.440615+00:00,LibGen,LibGen.gl,PROTECTED,200,1064,,Cloudflare
2026-09-02T09:04:32.868680+00:00,LibGen,LibGen.gl,PROTECTED,200,2739,,Cloudflare
2026-09-02T09:05:31.483628+00:00,LibGen,LibGen.gl,PROTECTED,200,1041,,Cloudflare
2026-09-02T09:06:31.933784+00:00,LibGen,LibGen.gl,PROTECTED,200,1363,,Cloudflare
2026-09-02T09:07:32.740629+00:00,LibGen,LibGen.gl,PROTECTED,200,1377,,Cloudflare
2026-09-02T09:08:33.338929+00:00,LibGen,LibGen.gl,PROTECTED,200,978,,Cloudflare
2026-09-02T09:09:35.130213+00:00,LibGen,LibGen.gl,PROTECTED,200,1391,,Cloudflare
2026-09-02T09:10:34.800489+00:00,LibGen,LibGen.gl,PROTECTED,200,1414,,Cloudflare
2026-09-02T09:11:53.256355+00:00,LibGen,LibGen.gl,TIMEOUT,,,timeout,
2026-09-02T09:12:38.243568+00:00,LibGen,LibGen.gl,PROTECTED,200,3728,,Cloudflare
2026-09-02T09:13:35.914094+00:00,LibGen,LibGen.gl,PROTECTED,200,1621,,Cloudflare
2026-09-02T09:14:37.517807+00:00,LibGen,LibGen.gl,PROTECTED,200,1683,,Cloudflare
2026-09-02T09:15:37.521776+00:00,LibGen,LibGen.gl,PROTECTED,200,1447,,Cloudflare
2026-09-02T09:16:38.228544+00:00,LibGen,LibGen.gl,PROTECTED,200,1351,,Cloudflare
2026-09-02T09:17:38.281774+00:00,LibGen,LibGen.gl,PROTECTED,200,686,,Cloudflare
2026-09-02T09:18:39.458063+00:00,LibGen,LibGen.gl,PROTECTED,200,1133,,Cloudflare
2026-09-02T09:19:40.799024+00:00,LibGen,LibGen.gl,PROTECTED,200,1005,,Cloudflare
2026-09-02T09:20:42.807262+00:00,LibGen,LibGen.gl,PROTECTED,200,1310,,Cloudflare
2026-09-02T09:21:43.481751+00:00,LibGen,LibGen.gl,PROTECTED,200,1893,,Cloudflare
2026-09-02T09:22:44.227672+00:00,LibGen,LibGen.gl,PROTECTED,200,2487,,Cloudflare
2026-09-02T09:23:43.687882+00:00,LibGen,LibGen.gl,PROTECTED,200,1044,,Cloudflare
2026-09-02T09:24:44.170850+00:00,LibGen,LibGen.gl,PROTECTED,200,686,,Cloudflare
2026-09-02T09:25:46.875946+00:00,LibGen,LibGen.gl,PROTECTED,200,1426,,Cloudflare
2026-09-02T09:26:46.347196+00:00,LibGen,LibGen.gl,PROTECTED,200,1289,,Cloudflare
2026-09-02T09:27:46.769491+00:00,LibGen,LibGen.gl,PROTECTED,200,1501,,Cloudflare
2026-09-02T09:28:49.173532+00:00,LibGen,LibGen.gl,PROTECTED,200,2182,,Cloudflare
2026-09-02T09:29:48.036290+00:00,LibGen,LibGen.gl,PROTECTED,200,681,,Cloudflare
2026-09-02T09:30:52.567105+00:00,LibGen,LibGen.gl,PROTECTED,200,4210,,Cloudflare
2026-09-02T09:31:50.761717+00:00,LibGen,LibGen.gl,PROTECTED,200,1408,,Cloudflare
2026-09-02T09:32:50.939879+00:00,LibGen,LibGen.gl,PROTECTED,200,1674,,Cloudflare
2026-09-02T09:33:53.072600+00:00,LibGen,LibGen.gl,PROTECTED,200,1130,,Cloudflare
2026-09-02T09:34:52.502672+00:00,LibGen,LibGen.gl,PROTECTED,200,1385,,Cloudflare
2026-09-02T09:35:54.496826+00:00,LibGen,LibGen.gl,PROTECTED,200,836,,Cloudflare
2026-09-02T09:36:57.276863+00:00,LibGen,LibGen.gl,PROTECTED,200,1151,,Cloudflare
2026-09-02T09:37:55.739005+00:00,LibGen,LibGen.gl,PROTECTED,200,668,,Cloudflare
2026-09-02T09:38:56.843051+00:00,LibGen,LibGen.gl,PROTECTED,200,2618,,Cloudflare
2026-09-02T09:39:57.085870+00:00,LibGen,LibGen.gl,PROTECTED,200,972,,Cloudflare
2026-09-02T09:41:00.499733+00:00,LibGen,LibGen.gl,PROTECTED,200,4509,,Cloudflare
2026-09-02T09:41:57.961167+00:00,LibGen,LibGen.gl,PROTECTED,200,1143,,Cloudflare
2026-09-02T09:42:58.608615+00:00,LibGen,LibGen.gl,PROTECTED,200,1016,,Cloudflare
2026-09-02T09:44:00.434394+00:00,LibGen,LibGen.gl,PROTECTED,200,2171,,Cloudflare
2026-09-02T09:45:01.879611+00:00,LibGen,LibGen.gl,PROTECTED,200,1116,,Cloudflare
2026-09-02T09:46:00.384532+00:00,LibGen,LibGen.gl,PROTECTED,200,1551,,Cloudflare
2026-09-02T09:47:00.427001+00:00,LibGen,LibGen.gl,PROTECTED,200,1738,,Cloudflare
2026-09-02T09:48:05.136147+00:00,LibGen,LibGen.gl,PROTECTED,200,5478,,Cloudflare
2026-09-02T09:49:01.382515+00:00,LibGen,LibGen.gl,PROTECTED,200,738,,Cloudflare
2026-09-02T09:50:02.253466+00:00,LibGen,LibGen.gl,PROTECTED,200,1439,,Cloudflare
2026-09-02T09:51:03.098538+00:00,LibGen,LibGen.gl,PROTECTED,200,1130,,Cloudflare
2026-09-02T09:52:04.217655+00:00,LibGen,LibGen.gl,PROTECTED,200,1490,,Cloudflare
2026-09-02T09:53:05.699413+00:00,LibGen,LibGen.gl,PROTECTED,200,1503,,Cloudflare
2026-09-02T09:54:06.195206+00:00,LibGen,LibGen.gl,PROTECTED,200,1885,,Cloudflare
2026-09-02T09:55:06.097742+00:00,LibGen,LibGen.gl,PROTECTED,200,702,,Cloudflare
2026-09-02T09:56:08.226021+00:00,LibGen,LibGen.gl,PROTECTED,200,1433,,Cloudflare
2026-09-02T09:57:07.967778+00:00,LibGen,LibGen.gl,PROTECTED,200,1285,,Cloudflare
2026-09-02T09:58:09.931944+00:00,LibGen,LibGen.gl,PROTECTED,200,2485,,Cloudflare
2026-09-02T09:59:17.684706+00:00,LibGen,LibGen.gl,PROTECTED,200,10055,,Cloudflare
2026-09-02T10:00:11.343782+00:00,LibGen,LibGen.gl,PROTECTED,200,2239,,Cloudflare
2026-09-02T10:01:10.597963+00:00,LibGen,LibGen.gl,PROTECTED,200,2059,,Cloudflare
2026-09-02T10:02:10.164034+00:00,LibGen,LibGen.gl,PROTECTED,200,1326,,Cloudflare
2026-09-02T10:03:12.921780+00:00,LibGen,LibGen.gl,PROTECTED,200,1667,,Cloudflare
2026-09-02T10:04:12.064779+00:00,LibGen,LibGen.gl,PROTECTED,200,1647,,Cloudflare
2026-09-02T10:05:30.681811+00:00,LibGen,LibGen.gl,DOWN,522,20261,http_error,
2026-09-02T10:06:13.515047+00:00,LibGen,LibGen.gl,PROTECTED,200,2123,,Cloudflare
2026-09-02T10:07:13.666225+00:00,LibGen,LibGen.gl,PROTECTED,200,1426,,Cloudflare
2026-09-02T10:08:15.272804+00:00,LibGen,LibGen.gl,PROTECTED,200,1917,,Cloudflare
2026-09-02T10:09:16.276381+00:00,LibGen,LibGen.gl,PROTECTED,200,1491,,Cloudflare
2026-09-02T10:10:17.240256+00:00,LibGen,LibGen.gl,PROTECTED,200,2397,,Cloudflare
2026-09-02T10:11:16.138942+00:00,LibGen,LibGen.gl,PROTECTED,200,1211,,Cloudflare
2026-09-02T10:12:17.735042+00:00,LibGen,LibGen.gl,PROTECTED,200,1945,,Cloudflare
2026-09-02T10:13:19.160529+00:00,LibGen,LibGen.gl,PROTECTED,200,1732,,Cloudflare
2026-09-02T10:14:18.714701+00:00,LibGen,LibGen.gl,PROTECTED,200,721,,Cloudflare
2026-09-02T10:15:19.217869+00:00,LibGen,LibGen.gl,PROTECTED,200,1539,,Cloudflare
2026-09-02T10:16:19.289754+00:00,LibGen,LibGen.gl,PROTECTED,200,879,,Cloudflare
2026-09-02T10:17:19.689176+00:00,LibGen,LibGen.gl,PROTECTED,200,955,,Cloudflare
2026-09-02T10:18:23.665655+00:00,LibGen,LibGen.gl,PROTECTED,200,2196,,Cloudflare
2026-09-02T10:19:21.982551+00:00,LibGen,LibGen.gl,PROTECTED,200,700,,Cloudflare
2026-09-02T10:20:21.926715+00:00,LibGen,LibGen.gl,PROTECTED,200,684,,Cloudflare
2026-09-02T10:21:22.890222+00:00,LibGen,LibGen.gl,PROTECTED,200,759,,Cloudflare
2026-09-02T10:22:24.536037+00:00,LibGen,LibGen.gl,PROTECTED,200,802,,Cloudflare
2026-09-02T10:23:25.517932+00:00,LibGen,LibGen.gl,PROTECTED,200,1081,,Cloudflare
2026-09-02T10:24:25.096838+00:00,LibGen,LibGen.gl,PROTECTED,200,2231,,Cloudflare
2026-09-02T10:25:26.855356+00:00,LibGen,LibGen.gl,PROTECTED,200,1383,,Cloudflare
2026-09-02T10:26:26.844955+00:00,LibGen,LibGen.gl,PROTECTED,200,1271,,Cloudflare
2026-09-02T10:27:26.872658+00:00,LibGen,LibGen.gl,PROTECTED,200,1164,,Cloudflare
2026-09-02T10:28:49.753552+00:00,LibGen,LibGen.gl,DOWN,,,connection_refused,
2026-09-02T10:29:27.830784+00:00,LibGen,LibGen.gl,PROTECTED,200,1355,,Cloudflare
2026-09-02T10:30:29.717195+00:00,LibGen,LibGen.gl,PROTECTED,200,2076,,Cloudflare
2026-09-02T10:31:28.512837+00:00,LibGen,LibGen.gl,PROTECTED,200,692,,Cloudflare
2026-09-02T10:32:28.655328+00:00,LibGen,LibGen.gl,PROTECTED,200,1441,,Cloudflare
2026-09-02T10:33:29.329349+00:00,LibGen,LibGen.gl,PROTECTED,200,1222,,Cloudflare
2026-09-02T10:34:30.426192+00:00,LibGen,LibGen.gl,PROTECTED,200,2028,,Cloudflare
2026-09-02T10:35:32.951616+00:00,LibGen,LibGen.gl,PROTECTED,200,3668,,Cloudflare
2026-09-02T10:36:32.785473+00:00,LibGen,LibGen.gl,PROTECTED,200,1357,,Cloudflare
2026-09-02T10:37:31.683503+00:00,LibGen,LibGen.gl,PROTECTED,200,1875,,Cloudflare
2026-09-02T10:38:31.385079+00:00,LibGen,LibGen.gl,PROTECTED,200,1120,,Cloudflare
2026-09-02T10:39:33.040461+00:00,LibGen,LibGen.gl,PROTECTED,200,2376,,Cloudflare
2026-09-02T10:40:35.407837+00:00,LibGen,LibGen.gl,PROTECTED,200,4576,,Cloudflare
2026-09-02T10:41:32.019389+00:00,LibGen,LibGen.gl,PROTECTED,200,1195,,Cloudflare
2026-09-02T10:42:32.527919+00:00,LibGen,LibGen.gl,PROTECTED,200,891,,Cloudflare
2026-09-02T10:43:34.620396+00:00,LibGen,LibGen.gl,PROTECTED,200,998,,Cloudflare
2026-09-02T10:44:33.505976+00:00,LibGen,LibGen.gl,PROTECTED,200,1416,,Cloudflare
2026-09-02T10:45:33.255609+00:00,LibGen,LibGen.gl,PROTECTED,200,664,,Cloudflare
2026-09-02T10:46:33.335455+00:00,LibGen,LibGen.gl,PROTECTED,200,677,,Cloudflare
2026-09-02T10:47:33.480124+00:00,LibGen,LibGen.gl,PROTECTED,200,674,,Cloudflare
2026-09-02T10:48:34.495478+00:00,LibGen,LibGen.gl,PROTECTED,200,1236,,Cloudflare
2026-09-02T10:49:34.224515+00:00,LibGen,LibGen.gl,PROTECTED,200,840,,Cloudflare
2026-09-02T10:50:34.603046+00:00,LibGen,LibGen.gl,PROTECTED,200,1071,,Cloudflare
2026-09-02T10:51:36.169112+00:00,LibGen,LibGen.gl,PROTECTED,200,2122,,Cloudflare
2026-09-02T10:52:36.184922+00:00,LibGen,LibGen.gl,PROTECTED,200,715,,Cloudflare
2026-09-02T10:53:36.726801+00:00,LibGen,LibGen.gl,PROTECTED,200,691,,Cloudflare
2026-09-02T10:54:40.882887+00:00,LibGen,LibGen.gl,PROTECTED,200,2435,,Cloudflare
2026-09-02T10:55:37.988105+00:00,LibGen,LibGen.gl,PROTECTED,200,1770,,Cloudflare
2026-09-02T10:56:38.765068+00:00,LibGen,LibGen.gl,PROTECTED,200,2160,,Cloudflare
2026-09-02T10:57:39.307793+00:00,LibGen,LibGen.gl,PROTECTED,200,1649,,Cloudflare
2026-09-02T10:58:39.486813+00:00,LibGen,LibGen.gl,PROTECTED,200,666,,Cloudflare
2026-09-02T10:59:40.072877+00:00,LibGen,LibGen.gl,PROTECTED,200,1701,,Cloudflare
2026-09-02T11:00:39.865637+00:00,LibGen,LibGen.gl,PROTECTED,200,1056,,Cloudflare
2026-09-02T11:01:41.638900+00:00,LibGen,LibGen.gl,PROTECTED,200,2821,,Cloudflare
2026-09-02T11:02:41.579134+00:00,LibGen,LibGen.gl,PROTECTED,200,1811,,Cloudflare
2026-09-02T11:03:40.888028+00:00,LibGen,LibGen.gl,PROTECTED,200,723,,Cloudflare
2026-09-02T11:04:41.182601+00:00,LibGen,LibGen.gl,PROTECTED,200,935,,Cloudflare
2026-09-02T11:06:01.364401+00:00,LibGen,LibGen.gl,DOWN,,,connection_refused,
2026-09-02T11:06:42.952865+00:00,LibGen,LibGen.gl,PROTECTED,200,1102,,Cloudflare
2026-09-02T11:07:43.960010+00:00,LibGen,LibGen.gl,PROTECTED,200,2221,,Cloudflare
2026-09-02T11:08:42.710914+00:00,LibGen,LibGen.gl,PROTECTED,200,1022,,Cloudflare
2026-09-02T11:09:43.191142+00:00,LibGen,LibGen.gl,PROTECTED,200,700,,Cloudflare
2026-09-02T11:10:43.126085+00:00,LibGen,LibGen.gl,PROTECTED,200,1095,,Cloudflare
2026-09-02T11:11:42.914416+00:00,LibGen,LibGen.gl,PROTECTED,200,813,,Cloudflare
2026-09-02T11:12:44.497749+00:00,LibGen,LibGen.gl,PROTECTED,200,1878,,Cloudflare
2026-09-02T11:13:44.773217+00:00,LibGen,LibGen.gl,PROTECTED,200,2121,,Cloudflare
2026-09-02T11:14:45.563763+00:00,LibGen,LibGen.gl,PROTECTED,200,2651,,Cloudflare
2026-09-02T11:15:44.634820+00:00,LibGen,LibGen.gl,PROTECTED,200,1700,,Cloudflare
2026-09-02T11:16:46.716000+00:00,LibGen,LibGen.gl,PROTECTED,200,3687,,Cloudflare
2026-09-02T11:17:46.491974+00:00,LibGen,LibGen.gl,PROTECTED,200,1177,,Cloudflare
2026-09-02T11:18:45.029678+00:00,LibGen,LibGen.gl,PROTECTED,200,1184,,Cloudflare
2026-09-02T11:19:47.141701+00:00,LibGen,LibGen.gl,PROTECTED,200,2492,,Cloudflare
2026-09-02T11:20:47.267975+00:00,LibGen,LibGen.gl,PROTECTED,200,1460,,Cloudflare
2026-09-02T11:21:48.142452+00:00,LibGen,LibGen.gl,PROTECTED,200,1706,,Cloudflare
2026-09-02T11:23:08.921961+00:00,LibGen,LibGen.gl,DOWN,,,connection_refused,
2026-09-02T11:23:48.415240+00:00,LibGen,LibGen.gl,PROTECTED,200,1389,,Cloudflare
2026-09-02T11:24:49.533236+00:00,LibGen,LibGen.gl,PROTECTED,200,696,,Cloudflare
2026-09-02T11:25:49.876033+00:00,LibGen,LibGen.gl,PROTECTED,200,1832,,Cloudflare
2026-09-02T11:26:51.600980+00:00,LibGen,LibGen.gl,PROTECTED,200,1489,,Cloudflare
2026-09-02T11:27:49.964872+00:00,LibGen,LibGen.gl,PROTECTED,200,955,,Cloudflare
2026-09-02T11:28:53.526779+00:00,LibGen,LibGen.gl,PROTECTED,200,2967,,Cloudflare
2026-09-02T11:29:52.147920+00:00,LibGen,LibGen.gl,PROTECTED,200,1633,,Cloudflare
2026-09-02T11:30:51.897837+00:00,LibGen,LibGen.gl,PROTECTED,200,2205,,Cloudflare
2026-09-02T11:31:50.803652+00:00,LibGen,LibGen.gl,PROTECTED,200,745,,Cloudflare
2026-09-02T11:32:52.060065+00:00,LibGen,LibGen.gl,PROTECTED,200,1004,,Cloudflare
2026-09-02T11:33:55.418660+00:00,LibGen,LibGen.gl,PROTECTED,200,4383,,Cloudflare
2026-09-02T11:34:55.494807+00:00,LibGen,LibGen.gl,PROTECTED,200,3159,,Cloudflare
2026-09-02T11:35:55.406216+00:00,LibGen,LibGen.gl,PROTECTED,200,3461,,Cloudflare
2026-09-02T11:36:54.070812+00:00,LibGen,LibGen.gl,PROTECTED,200,693,,Cloudflare
2026-09-02T11:37:55.026344+00:00,LibGen,LibGen.gl,PROTECTED,200,1812,,Cloudflare
2026-09-02T11:38:56.622086+00:00,LibGen,LibGen.gl,PROTECTED,200,2728,,Cloudflare
2026-09-02T11:39:55.462005+00:00,LibGen,LibGen.gl,PROTECTED,200,1491,,Cloudflare
2026-09-02T11:40:57.465154+00:00,LibGen,LibGen.gl,PROTECTED,200,1874,,Cloudflare
2026-09-02T11:41:58.678634+00:00,LibGen,LibGen.gl,PROTECTED,200,1784,,Cloudflare
2026-09-02T11:42:57.380233+00:00,LibGen,LibGen.gl,PROTECTED,200,1149,,Cloudflare
2026-09-02T11:43:57.624869+00:00,LibGen,LibGen.gl,PROTECTED,200,815,,Cloudflare
2026-09-02T11:44:58.181228+00:00,LibGen,LibGen.gl,PROTECTED,200,1230,,Cloudflare
2026-09-02T11:45:59.169156+00:00,LibGen,LibGen.gl,PROTECTED,200,656,,Cloudflare
2026-09-02T11:46:59.636250+00:00,LibGen,LibGen.gl,PROTECTED,200,1877,,Cloudflare
2026-09-02T11:47:58.978863+00:00,LibGen,LibGen.gl,PROTECTED,200,1189,,Cloudflare
2026-09-02T11:49:00.185636+00:00,LibGen,LibGen.gl,PROTECTED,200,1412,,Cloudflare
2026-09-02T11:50:00.163883+00:00,LibGen,LibGen.gl,PROTECTED,200,688,,Cloudflare
2026-09-02T11:51:01.514162+00:00,LibGen,LibGen.gl,PROTECTED,200,1882,,Cloudflare
2026-09-02T11:52:03.097348+00:00,LibGen,LibGen.gl,PROTECTED,200,2146,,Cloudflare
2026-09-02T11:53:04.020248+00:00,LibGen,LibGen.gl,PROTECTED,200,1565,,Cloudflare
2026-09-02T11:54:03.563837+00:00,LibGen,LibGen.gl,PROTECTED,200,2331,,Cloudflare
2026-09-02T11:55:05.368950+00:00,LibGen,LibGen.gl,PROTECTED,200,1797,,Cloudflare
2026-09-02T11:56:05.590676+00:00,LibGen,LibGen.gl,PROTECTED,200,2442,,Cloudflare
2026-09-02T11:57:05.074817+00:00,LibGen,LibGen.gl,PROTECTED,200,2341,,Cloudflare
2026-09-02T11:58:06.525015+00:00,LibGen,LibGen.gl,PROTECTED,200,2866,,Cloudflare
2026-09-02T11:59:06.418024+00:00,LibGen,LibGen.gl,PROTECTED,200,1454,,Cloudflare
2026-09-02T12:00:06.466536+00:00,LibGen,LibGen.gl,PROTECTED,200,1880,,Cloudflare
2026-09-02T12:01:07.349375+00:00,LibGen,LibGen.gl,PROTECTED,200,3011,,Cloudflare
2026-09-02T12:02:09.605510+00:00,LibGen,LibGen.gl,PROTECTED,200,4427,,Cloudflare
2026-09-02T12:03:09.560273+00:00,LibGen,LibGen.gl,PROTECTED,200,3187,,Cloudflare
2026-09-02T12:04:06.958152+00:00,LibGen,LibGen.gl,PROTECTED,200,981,,Cloudflare
2026-09-02T12:05:13.156972+00:00,LibGen,LibGen.gl,PROTECTED,200,6115,,Cloudflare
2026-09-02T12:06:29.921645+00:00,LibGen,LibGen.gl,DOWN,,,connection_refused,
2026-09-02T12:07:10.573889+00:00,LibGen,LibGen.gl,PROTECTED,200,1453,,Cloudflare
2026-09-02T12:08:10.324936+00:00,LibGen,LibGen.gl,PROTECTED,200,1678,,Cloudflare
2026-09-02T12:09:10.667349+00:00,LibGen,LibGen.gl,PROTECTED,200,2192,,Cloudflare
2026-09-02T12:10:11.663190+00:00,LibGen,LibGen.gl,PROTECTED,200,1212,,Cloudflare
2026-09-02T12:11:12.368964+00:00,LibGen,LibGen.gl,PROTECTED,200,2946,,Cloudflare
2026-09-02T12:12:12.008921+00:00,LibGen,LibGen.gl,PROTECTED,200,1222,,Cloudflare
2026-09-02T12:13:12.510663+00:00,LibGen,LibGen.gl,PROTECTED,200,1910,,Cloudflare
2026-09-02T12:14:11.802160+00:00,LibGen,LibGen.gl,PROTECTED,200,1441,,Cloudflare
2026-09-02T12:15:13.436097+00:00,LibGen,LibGen.gl,PROTECTED,200,2499,,Cloudflare
2026-09-02T12:16:16.371922+00:00,LibGen,LibGen.gl,PROTECTED,200,1261,,Cloudflare
2026-09-02T12:17:13.802824+00:00,LibGen,LibGen.gl,PROTECTED,200,1346,,Cloudflare
2026-09-02T12:18:14.197936+00:00,LibGen,LibGen.gl,PROTECTED,200,2403,,Cloudflare
2026-09-02T12:19:12.829213+00:00,LibGen,LibGen.gl,PROTECTED,200,720,,Cloudflare
2026-09-02T12:20:13.432041+00:00,LibGen,LibGen.gl,PROTECTED,200,1211,,Cloudflare
2026-09-02T12:21:13.644370+00:00,LibGen,LibGen.gl,PROTECTED,200,1442,,Cloudflare
2026-09-02T12:22:18.327237+00:00,LibGen,LibGen.gl,PROTECTED,200,1445,,Cloudflare
2026-09-02T12:23:13.197638+00:00,LibGen,LibGen.gl,PROTECTED,503,315,,Cloudflare
2026-09-02T12:24:14.247168+00:00,LibGen,LibGen.gl,PROTECTED,200,912,,Cloudflare
2026-09-02T12:25:15.131531+00:00,LibGen,LibGen.gl,PROTECTED,200,1473,,Cloudflare
2026-09-02T12:26:15.397389+00:00,LibGen,LibGen.gl,PROTECTED,200,1119,,Cloudflare
2026-09-02T12:27:15.852393+00:00,LibGen,LibGen.gl,PROTECTED,200,745,,Cloudflare
2026-09-02T12:28:16.998732+00:00,LibGen,LibGen.gl,PROTECTED,200,684,,Cloudflare
2026-09-02T12:29:15.386610+00:00,LibGen,LibGen.gl,PROTECTED,200,1049,,Cloudflare
2026-09-02T12:30:19.780879+00:00,LibGen,LibGen.gl,PROTECTED,200,3789,,Cloudflare
2026-09-02T12:31:17.381979+00:00,LibGen,LibGen.gl,PROTECTED,200,1932,,Cloudflare
2026-09-02T12:32:46.874100+00:00,LibGen,LibGen.gl,DOWN,,,connection_refused,
2026-09-02T12:33:18.089691+00:00,LibGen,LibGen.gl,PROTECTED,200,1516,,Cloudflare
2026-09-02T12:34:38.498870+00:00,LibGen,LibGen.gl,DOWN,,,connection_refused,
2026-09-02T12:35:18.431777+00:00,LibGen,LibGen.gl,PROTECTED,200,885,,Cloudflare
2026-09-02T12:36:39.369484+00:00,LibGen,LibGen.gl,DOWN,,,connection_refused,
2026-09-02T12:37:19.905844+00:00,LibGen,LibGen.gl,PROTECTED,200,2165,,Cloudflare
2026-09-02T12:38:24.508744+00:00,LibGen,LibGen.gl,PROTECTED,200,5752,,Cloudflare
2026-09-02T12:39:20.113715+00:00,LibGen,LibGen.gl,PROTECTED,200,1249,,Cloudflare
2026-09-02T12:40:21.163115+00:00,LibGen,LibGen.gl,PROTECTED,200,2037,,Cloudflare
2026-09-02T12:41:40.535411+00:00,LibGen,LibGen.gl,DOWN,,,connection_refused,
2026-09-02T12:42:22.006972+00:00,LibGen,LibGen.gl,PROTECTED,200,1155,,Cloudflare
2026-09-02T12:43:39.068896+00:00,LibGen,LibGen.gl,TIMEOUT,,,timeout,
2026-09-02T12:44:22.301835+00:00,LibGen,LibGen.gl,PROTECTED,200,1204,,Cloudflare
2026-09-02T12:45:23.718933+00:00,LibGen,LibGen.gl,PROTECTED,200,2386,,Cloudflare
2026-09-02T12:46:30.781764+00:00,LibGen,LibGen.gl,PROTECTED,200,1805,,Cloudflare
2026-09-02T12:47:23.103682+00:00,LibGen,LibGen.gl,PROTECTED,200,1316,,Cloudflare
2026-09-02T12:48:24.577599+00:00,LibGen,LibGen.gl,PROTECTED,200,1916,,Cloudflare
2026-09-02T12:49:23.180419+00:00,LibGen,LibGen.gl,PROTECTED,200,1387,,Cloudflare
2026-09-02T12:50:23.706618+00:00,LibGen,LibGen.gl,PROTECTED,200,1071,,Cloudflare
2026-09-02T12:51:25.573327+00:00,LibGen,LibGen.gl,PROTECTED,200,2630,,Cloudflare
2026-09-02T12:52:24.168135+00:00,LibGen,LibGen.gl,PROTECTED,200,1214,,Cloudflare
2026-09-02T12:53:28.777218+00:00,LibGen,LibGen.gl,PROTECTED,200,2235,,Cloudflare
2026-09-02T12:54:26.040233+00:00,LibGen,LibGen.gl,PROTECTED,200,694,,Cloudflare
2026-09-02T12:55:25.242469+00:00,LibGen,LibGen.gl,PROTECTED,200,1600,,Cloudflare
2026-09-02T12:56:27.254550+00:00,LibGen,LibGen.gl,PROTECTED,200,1668,,Cloudflare
2026-09-02T12:57:27.114490+00:00,LibGen,LibGen.gl,PROTECTED,200,1232,,Cloudflare
2026-09-02T12:58:25.714046+00:00,LibGen,LibGen.gl,PROTECTED,200,1304,,Cloudflare
2026-09-02T12:59:46.124230+00:00,LibGen,LibGen.gl,DOWN,,,connection_refused,
2026-09-02T13:00:27.759584+00:00,LibGen,LibGen.gl,PROTECTED,200,1712,,Cloudflare
2026-09-02T13:01:27.509745+00:00,LibGen,LibGen.gl,PROTECTED,200,741,,Cloudflare
2026-09-02T13:02:26.934735+00:00,LibGen,LibGen.gl,PROTECTED,200,707,,Cloudflare
2026-09-02T13:03:29.009023+00:00,LibGen,LibGen.gl,PROTECTED,200,713,,Cloudflare
2026-09-02T13:04:28.971476+00:00,LibGen,LibGen.gl,PROTECTED,200,1681,,Cloudflare
2026-09-02T13:05:28.565200+00:00,LibGen,LibGen.gl,PROTECTED,200,1188,,Cloudflare
2026-09-02T13:06:29.437650+00:00,LibGen,LibGen.gl,PROTECTED,200,1646,,Cloudflare
2026-09-02T13:07:28.704186+00:00,LibGen,LibGen.gl,PROTECTED,200,686,,Cloudflare
2026-09-02T13:08:30.760839+00:00,LibGen,LibGen.gl,PROTECTED,200,1377,,Cloudflare
2026-09-02T13:09:30.811815+00:00,LibGen,LibGen.gl,PROTECTED,200,690,,Cloudflare
2026-09-02T13:10:36.020893+00:00,LibGen,LibGen.gl,PROTECTED,200,6149,,Cloudflare
2026-09-02T13:11:30.321505+00:00,LibGen,LibGen.gl,DOWN,500,690,http_error,
2026-09-02T13:12:31.295687+00:00,LibGen,LibGen.gl,PROTECTED,200,1194,,Cloudflare
2026-09-02T13:13:32.756648+00:00,LibGen,LibGen.gl,PROTECTED,200,2395,,Cloudflare
2026-09-02T13:14:49.098091+00:00,LibGen,LibGen.gl,PROTECTED,200,18263,,Cloudflare
2026-09-02T13:15:32.792387+00:00,LibGen,LibGen.gl,PROTECTED,200,1786,,Cloudflare
2026-09-02T13:16:33.184133+00:00,LibGen,LibGen.gl,PROTECTED,200,1844,,Cloudflare
2026-09-02T13:17:34.849340+00:00,LibGen,LibGen.gl,PROTECTED,200,2559,,Cloudflare
2026-09-02T13:18:35.430550+00:00,LibGen,LibGen.gl,PROTECTED,200,2536,,Cloudflare
2026-09-02T13:19:34.855038+00:00,LibGen,LibGen.gl,PROTECTED,200,2490,,Cloudflare
2026-09-02T13:20:37.604792+00:00,LibGen,LibGen.gl,PROTECTED,200,4378,,Cloudflare
2026-09-02T13:21:35.682930+00:00,LibGen,LibGen.gl,PROTECTED,200,3212,,Cloudflare
2026-09-02T13:22:34.821810+00:00,LibGen,LibGen.gl,PROTECTED,200,1762,,Cloudflare
2026-09-02T13:23:34.623968+00:00,LibGen,LibGen.gl,PROTECTED,200,740,,Cloudflare
2026-09-02T13:24:38.148497+00:00,LibGen,LibGen.gl,PROTECTED,200,4824,,Cloudflare
2026-09-02T13:25:35.245047+00:00,LibGen,LibGen.gl,PROTECTED,200,1613,,Cloudflare
2026-09-02T13:26:37.222047+00:00,LibGen,LibGen.gl,PROTECTED,200,1637,,Cloudflare
2026-09-02T13:27:35.321823+00:00,LibGen,LibGen.gl,PROTECTED,200,1185,,Cloudflare
2026-09-02T13:28:42.112225+00:00,LibGen,LibGen.gl,PROTECTED,200,6586,,Cloudflare
2026-09-02T13:29:36.107225+00:00,LibGen,LibGen.gl,PROTECTED,200,2028,,Cloudflare
2026-09-02T13:30:36.742123+00:00,LibGen,LibGen.gl,PROTECTED,200,1892,,Cloudflare
2026-09-02T13:31:37.063601+00:00,LibGen,LibGen.gl,PROTECTED,200,1340,,Cloudflare
2026-09-02T13:32:37.930154+00:00,LibGen,LibGen.gl,PROTECTED,200,2288,,Cloudflare
2026-09-02T13:33:37.291910+00:00,LibGen,LibGen.gl,PROTECTED,200,705,,Cloudflare
2026-09-02T13:34:37.936682+00:00,LibGen,LibGen.gl,PROTECTED,200,1667,,Cloudflare
2026-09-02T13:35:37.674823+00:00,LibGen,LibGen.gl,PROTECTED,200,1605,,Cloudflare
2026-09-02T13:36:39.390218+00:00,LibGen,LibGen.gl,PROTECTED,200,1403,,Cloudflare
2026-09-02T13:37:42.733979+00:00,LibGen,LibGen.gl,PROTECTED,200,6303,,Cloudflare
2026-09-02T13:38:38.234013+00:00,LibGen,LibGen.gl,PROTECTED,200,729,,Cloudflare
2026-09-02T13:39:37.582631+00:00,LibGen,LibGen.gl,PROTECTED,200,709,,Cloudflare
2026-09-02T13:40:39.723260+00:00,LibGen,LibGen.gl,PROTECTED,200,1962,,Cloudflare
2026-09-02T13:41:39.582767+00:00,LibGen,LibGen.gl,PROTECTED,200,1766,,Cloudflare
2026-09-02T13:42:42.520786+00:00,LibGen,LibGen.gl,PROTECTED,200,2735,,Cloudflare
2026-09-02T13:43:41.233823+00:00,LibGen,LibGen.gl,PROTECTED,200,2184,,Cloudflare
2026-09-02T13:44:41.289760+00:00,LibGen,LibGen.gl,PROTECTED,200,708,,Cloudflare
2026-09-02T13:45:44.651679+00:00,LibGen,LibGen.gl,PROTECTED,200,5439,,Cloudflare
2026-09-02T13:46:42.198988+00:00,LibGen,LibGen.gl,PROTECTED,200,2013,,Cloudflare
2026-09-02T13:47:41.615723+00:00,LibGen,LibGen.gl,PROTECTED,200,989,,Cloudflare
2026-09-02T13:48:47.275878+00:00,LibGen,LibGen.gl,PROTECTED,200,1096,,Cloudflare
2026-09-02T13:49:43.476819+00:00,LibGen,LibGen.gl,PROTECTED,200,1710,,Cloudflare
2026-09-02T13:50:42.406134+00:00,LibGen,LibGen.gl,PROTECTED,200,708,,Cloudflare
2026-09-02T13:51:43.791139+00:00,LibGen,LibGen.gl,PROTECTED,200,1724,,Cloudflare
2026-09-02T13:52:44.418203+00:00,LibGen,LibGen.gl,PROTECTED,200,1590,,Cloudflare
2026-09-02T13:53:43.617367+00:00,LibGen,LibGen.gl,PROTECTED,200,931,,Cloudflare
2026-09-02T13:54:45.567645+00:00,LibGen,LibGen.gl,PROTECTED,200,725,,Cloudflare
2026-09-02T13:55:45.260192+00:00,LibGen,LibGen.gl,PROTECTED,200,1632,,Cloudflare
2026-09-02T13:56:47.593986+00:00,LibGen,LibGen.gl,PROTECTED,200,3285,,Cloudflare
2026-09-02T13:57:45.017387+00:00,LibGen,LibGen.gl,PROTECTED,200,704,,Cloudflare
2026-09-02T13:58:47.491577+00:00,LibGen,LibGen.gl,PROTECTED,200,1744,,Cloudflare
2026-09-02T13:59:47.461074+00:00,LibGen,LibGen.gl,PROTECTED,200,720,,Cloudflare
2026-09-02T14:00:47.754968+00:00,LibGen,LibGen.gl,PROTECTED,200,1233,,Cloudflare
2026-09-02T14:01:48.157027+00:00,LibGen,LibGen.gl,PROTECTED,200,733,,Cloudflare
2026-09-02T14:02:49.459207+00:00,LibGen,LibGen.gl,PROTECTED,200,2069,,Cloudflare
2026-09-02T14:03:50.116412+00:00,LibGen,LibGen.gl,PROTECTED,200,2632,,Cloudflare
2026-09-02T14:04:49.895763+00:00,LibGen,LibGen.gl,PROTECTED,200,1142,,Cloudflare
2026-09-02T14:05:50.622024+00:00,LibGen,LibGen.gl,PROTECTED,200,752,,Cloudflare
2026-09-02T14:06:49.760614+00:00,LibGen,LibGen.gl,PROTECTED,200,1419,,Cloudflare
2026-09-02T14:07:50.256893+00:00,LibGen,LibGen.gl,PROTECTED,200,1099,,Cloudflare
2026-09-02T14:08:51.672455+00:00,LibGen,LibGen.gl,PROTECTED,200,1509,,Cloudflare
2026-09-02T14:09:51.982056+00:00,LibGen,LibGen.gl,PROTECTED,200,2456,,Cloudflare
2026-09-02T14:10:50.420400+00:00,LibGen,LibGen.gl,DOWN,500,679,http_error,
2026-09-02T14:11:52.604938+00:00,LibGen,LibGen.gl,PROTECTED,200,1041,,Cloudflare
2026-09-02T14:12:51.809146+00:00,LibGen,LibGen.gl,PROTECTED,200,682,,Cloudflare
2026-09-02T14:13:57.319197+00:00,LibGen,LibGen.gl,PROTECTED,200,4787,,Cloudflare
2026-09-02T14:14:53.964084+00:00,LibGen,LibGen.gl,PROTECTED,200,1975,,Cloudflare
2026-09-02T14:15:53.199485+00:00,LibGen,LibGen.gl,PROTECTED,200,1304,,Cloudflare
2026-09-02T14:16:53.431248+00:00,LibGen,LibGen.gl,PROTECTED,200,1082,,Cloudflare
2026-09-02T14:17:53.734045+00:00,LibGen,LibGen.gl,PROTECTED,200,705,,Cloudflare
2026-09-02T14:18:55.016049+00:00,LibGen,LibGen.gl,PROTECTED,200,1096,,Cloudflare
2026-09-02T14:19:57.317644+00:00,LibGen,LibGen.gl,PROTECTED,200,2926,,Cloudflare
2026-09-02T14:20:56.359325+00:00,LibGen,LibGen.gl,PROTECTED,200,2334,,Cloudflare
2026-09-02T14:21:57.571518+00:00,LibGen,LibGen.gl,PROTECTED,200,3476,,Cloudflare
2026-09-02T14:22:56.893081+00:00,LibGen,LibGen.gl,PROTECTED,200,1872,,Cloudflare
2026-09-02T14:23:59.640711+00:00,LibGen,LibGen.gl,PROTECTED,200,3288,,Cloudflare
2026-09-02T14:24:55.695004+00:00,LibGen,LibGen.gl,PROTECTED,200,721,,Cloudflare
2026-09-02T14:25:58.214193+00:00,LibGen,LibGen.gl,PROTECTED,200,2753,,Cloudflare
2026-09-02T14:26:59.493639+00:00,LibGen,LibGen.gl,PROTECTED,200,2988,,Cloudflare
2026-09-02T14:27:57.904715+00:00,LibGen,LibGen.gl,PROTECTED,200,1216,,Cloudflare
2026-09-02T14:29:03.005419+00:00,LibGen,LibGen.gl,PROTECTED,200,735,,Cloudflare
2026-09-02T14:29:58.327556+00:00,LibGen,LibGen.gl,PROTECTED,200,1224,,Cloudflare
2026-09-02T14:31:18.795022+00:00,LibGen,LibGen.gl,DOWN,,,connection_refused,
2026-09-02T14:32:00.194775+00:00,LibGen,LibGen.gl,PROTECTED,200,1154,,Cloudflare
2026-09-02T14:33:11.456996+00:00,LibGen,LibGen.gl,PROTECTED,200,13346,,Cloudflare
2026-09-02T14:34:21.634390+00:00,LibGen,LibGen.gl,PROTECTED,200,16081,,Cloudflare
2026-09-02T14:34:59.852253+00:00,LibGen,LibGen.gl,PROTECTED,503,1035,,Cloudflare
2026-09-02T14:36:01.051277+00:00,LibGen,LibGen.gl,PROTECTED,503,1909,,Cloudflare
2026-09-02T14:37:01.081654+00:00,LibGen,LibGen.gl,PROTECTED,200,1217,,Cloudflare
2026-09-02T14:38:01.913910+00:00,LibGen,LibGen.gl,PROTECTED,200,1388,,Cloudflare
2026-09-02T14:39:04.020399+00:00,LibGen,LibGen.gl,PROTECTED,200,2447,,Cloudflare
2026-09-02T14:40:02.318768+00:00,LibGen,LibGen.gl,PROTECTED,200,1227,,Cloudflare
2026-09-02T14:41:24.423039+00:00,LibGen,LibGen.gl,DOWN,,,connection_refused,
2026-09-02T14:42:25.936603+00:00,LibGen,LibGen.gl,DOWN,,,connection_refused,
2026-09-02T14:43:04.827930+00:00,LibGen,LibGen.gl,PROTECTED,200,1869,,Cloudflare
2026-09-02T14:44:04.629303+00:00,LibGen,LibGen.gl,PROTECTED,200,694,,Cloudflare
2026-09-02T14:45:07.862636+00:00,LibGen,LibGen.gl,PROTECTED,200,2715,,Cloudflare
2026-09-02T14:46:06.039989+00:00,LibGen,LibGen.gl,PROTECTED,200,749,,Cloudflare
2026-09-02T14:47:07.601804+00:00,LibGen,LibGen.gl,PROTECTED,200,2659,,Cloudflare
2026-09-02T14:48:05.708050+00:00,LibGen,LibGen.gl,PROTECTED,200,696,,Cloudflare
2026-09-02T14:49:26.219800+00:00,LibGen,LibGen.gl,DOWN,,,connection_refused,
2026-09-02T14:50:05.778104+00:00,LibGen,LibGen.gl,PROTECTED,200,1209,,Cloudflare
2026-09-02T14:51:06.379854+00:00,LibGen,LibGen.gl,PROTECTED,200,1126,,Cloudflare
2026-09-02T14:52:07.083011+00:00,LibGen,LibGen.gl,PROTECTED,200,1305,,Cloudflare
2026-09-02T14:53:08.961413+00:00,LibGen,LibGen.gl,PROTECTED,200,3091,,Cloudflare
2026-09-02T14:54:06.797781+00:00,LibGen,LibGen.gl,PROTECTED,200,965,,Cloudflare
2026-09-02T14:55:07.972939+00:00,LibGen,LibGen.gl,PROTECTED,200,1286,,Cloudflare
2026-09-02T14:56:08.068752+00:00,LibGen,LibGen.gl,PROTECTED,200,1125,,Cloudflare
2026-09-02T14:57:14.541079+00:00,LibGen,LibGen.gl,PROTECTED,200,7158,,Cloudflare
2026-09-02T14:58:08.931605+00:00,LibGen,LibGen.gl,PROTECTED,200,669,,Cloudflare
2026-09-02T14:59:12.912627+00:00,LibGen,LibGen.gl,PROTECTED,200,3265,,Cloudflare
2026-09-02T15:00:16.776017+00:00,LibGen,LibGen.gl,PROTECTED,200,8517,,Cloudflare
2026-09-02T15:01:13.871080+00:00,LibGen,LibGen.gl,PROTECTED,200,5394,,Cloudflare
2026-09-02T15:02:12.317478+00:00,LibGen,LibGen.gl,PROTECTED,200,2884,,Cloudflare
2026-09-02T15:03:19.651947+00:00,LibGen,LibGen.gl,PROTECTED,200,10603,,Cloudflare
2026-09-02T15:04:12.426507+00:00,LibGen,LibGen.gl,PROTECTED,200,2340,,Cloudflare
2026-09-02T15:05:11.916925+00:00,LibGen,LibGen.gl,PROTECTED,200,1645,,Cloudflare
2026-09-02T15:06:12.867575+00:00,LibGen,LibGen.gl,PROTECTED,200,771,,Cloudflare
2026-09-02T15:07:15.173142+00:00,LibGen,LibGen.gl,PROTECTED,200,1767,,Cloudflare
2026-09-02T15:08:12.783094+00:00,LibGen,LibGen.gl,PROTECTED,200,721,,Cloudflare
2026-09-02T15:09:14.540998+00:00,LibGen,LibGen.gl,PROTECTED,200,1697,,Cloudflare
2026-09-02T15:10:13.373559+00:00,LibGen,LibGen.gl,PROTECTED,200,1216,,Cloudflare
2026-09-02T15:11:13.971520+00:00,LibGen,LibGen.gl,PROTECTED,200,1050,,Cloudflare
2026-09-02T15:12:15.468039+00:00,LibGen,LibGen.gl,PROTECTED,200,725,,Cloudflare
2026-09-02T15:13:15.893418+00:00,LibGen,LibGen.gl,PROTECTED,200,1781,,Cloudflare
2026-09-02T15:14:16.308687+00:00,LibGen,LibGen.gl,PROTECTED,200,1726,,Cloudflare
2026-09-02T15:15:20.743880+00:00,LibGen,LibGen.gl,PROTECTED,200,5506,,Cloudflare
2026-09-02T15:16:18.457336+00:00,LibGen,LibGen.gl,PROTECTED,200,3411,,Cloudflare
2026-09-02T15:17:16.377017+00:00,LibGen,LibGen.gl,PROTECTED,200,1210,,Cloudflare
2026-09-02T15:18:16.615783+00:00,LibGen,LibGen.gl,PROTECTED,200,713,,Cloudflare
2026-09-02T15:19:18.942980+00:00,LibGen,LibGen.gl,PROTECTED,200,2580,,Cloudflare
2026-09-02T15:20:37.951944+00:00,LibGen,LibGen.gl,DOWN,,,connection_refused,
2026-09-02T15:21:19.000027+00:00,LibGen,LibGen.gl,PROTECTED,200,1539,,Cloudflare
2026-09-02T15:22:18.469160+00:00,LibGen,LibGen.gl,PROTECTED,200,1758,,Cloudflare
2026-09-02T15:23:18.010712+00:00,LibGen,LibGen.gl,PROTECTED,200,1143,,Cloudflare
2026-09-02T15:24:18.034626+00:00,LibGen,LibGen.gl,PROTECTED,200,700,,Cloudflare
2026-09-02T15:25:18.202228+00:00,LibGen,LibGen.gl,PROTECTED,200,663,,Cloudflare
2026-09-02T15:26:28.928203+00:00,LibGen,LibGen.gl,PROTECTED,200,11174,,Cloudflare
2026-09-02T15:27:19.981736+00:00,LibGen,LibGen.gl,PROTECTED,200,676,,Cloudflare
2026-09-02T15:28:20.449003+00:00,LibGen,LibGen.gl,PROTECTED,200,1839,,Cloudflare
2026-09-02T15:29:22.418917+00:00,LibGen,LibGen.gl,PROTECTED,200,848,,Cloudflare
2026-09-02T15:30:39.018739+00:00,LibGen,LibGen.gl,TIMEOUT,,,timeout,
2026-09-02T15:31:50.256857+00:00,LibGen,LibGen.gl,DOWN,,,connection_refused,
2026-09-02T15:32:42.942714+00:00,LibGen,LibGen.gl,DOWN,,,connection_refused,
2026-09-02T15:33:33.668212+00:00,LibGen,LibGen.gl,PROTECTED,200,1387,,Cloudflare
2026-09-02T15:34:50.044374+00:00,LibGen,LibGen.gl,DOWN,,,connection_refused,
2026-09-02T15:35:23.191400+00:00,LibGen,LibGen.gl,PROTECTED,200,1108,,Cloudflare
2026-09-02T15:36:22.395055+00:00,LibGen,LibGen.gl,PROTECTED,200,1355,,Cloudflare
2026-09-02T15:37:27.214271+00:00,LibGen,LibGen.gl,PROTECTED,200,5163,,Cloudflare
2026-09-02T15:38:22.652266+00:00,LibGen,LibGen.gl,PROTECTED,503,1727,,Cloudflare
2026-09-02T15:39:26.019165+00:00,LibGen,LibGen.gl,PROTECTED,200,4960,,Cloudflare
2026-09-02T15:40:24.460722+00:00,LibGen,LibGen.gl,PROTECTED,200,1158,,Cloudflare
2026-09-02T15:41:25.039776+00:00,LibGen,LibGen.gl,PROTECTED,200,1790,,Cloudflare
2026-09-02T15:42:25.059968+00:00,LibGen,LibGen.gl,PROTECTED,200,2302,,Cloudflare
2026-09-02T15:43:41.363068+00:00,LibGen,LibGen.gl,PROTECTED,200,17575,,Cloudflare
2026-09-02T15:44:31.633104+00:00,LibGen,LibGen.gl,PROTECTED,200,2011,,Cloudflare
2026-09-02T15:45:26.711849+00:00,LibGen,LibGen.gl,PROTECTED,200,2661,,Cloudflare
2026-09-02T15:46:25.223078+00:00,LibGen,LibGen.gl,PROTECTED,200,733,,Cloudflare
2026-09-02T15:47:26.304853+00:00,LibGen,LibGen.gl,PROTECTED,200,684,,Cloudflare
2026-09-02T15:48:46.272102+00:00,LibGen,LibGen.gl,DOWN,,,connection_refused,
2026-09-02T15:49:28.005910+00:00,LibGen,LibGen.gl,PROTECTED,200,2131,,Cloudflare
2026-09-02T15:50:27.155975+00:00,LibGen,LibGen.gl,PROTECTED,200,1075,,Cloudflare
2026-09-02T15:51:30.364078+00:00,LibGen,LibGen.gl,PROTECTED,200,3796,,Cloudflare
2026-09-02T15:52:48.665395+00:00,LibGen,LibGen.gl,DOWN,,,connection_refused,
2026-09-02T15:53:28.543138+00:00,LibGen,LibGen.gl,PROTECTED,200,1599,,Cloudflare
2026-09-02T15:54:30.052079+00:00,LibGen,LibGen.gl,PROTECTED,200,2043,,Cloudflare
2026-09-02T15:55:38.559257+00:00,LibGen,LibGen.gl,PROTECTED,200,10366,,Cloudflare
2026-09-02T15:56:29.043001+00:00,LibGen,LibGen.gl,PROTECTED,200,1106,,Cloudflare
2026-09-02T15:57:30.023030+00:00,LibGen,LibGen.gl,PROTECTED,200,1226,,Cloudflare
2026-09-02T15:58:28.837605+00:00,LibGen,LibGen.gl,PROTECTED,200,727,,Cloudflare
2026-09-02T15:59:50.821504+00:00,LibGen,LibGen.gl,DOWN,,,connection_refused,
2026-09-02T16:00:50.135229+00:00,LibGen,LibGen.gl,DOWN,,,connection_refused,
2026-09-02T16:01:31.794423+00:00,LibGen,LibGen.gl,PROTECTED,200,1682,,Cloudflare
2026-09-02T16:02:33.659936+00:00,LibGen,LibGen.gl,PROTECTED,200,2691,,Cloudflare
2026-09-02T16:03:31.244644+00:00,LibGen,LibGen.gl,PROTECTED,200,1264,,Cloudflare
2026-09-02T16:04:32.012108+00:00,LibGen,LibGen.gl,PROTECTED,200,1280,,Cloudflare
2026-09-02T16:05:32.135157+00:00,LibGen,LibGen.gl,PROTECTED,200,686,,Cloudflare
2026-09-02T16:06:33.662982+00:00,LibGen,LibGen.gl,PROTECTED,200,1761,,Cloudflare
2026-09-02T16:07:33.582795+00:00,LibGen,LibGen.gl,PROTECTED,200,908,,Cloudflare
2026-09-02T16:08:33.948050+00:00,LibGen,LibGen.gl,PROTECTED,200,1036,,Cloudflare
2026-09-02T16:09:34.954622+00:00,LibGen,LibGen.gl,PROTECTED,200,1580,,Cloudflare
2026-09-02T16:10:39.870789+00:00,LibGen,LibGen.gl,PROTECTED,200,6013,,Cloudflare
2026-09-02T16:11:34.771607+00:00,LibGen,LibGen.gl,PROTECTED,200,687,,Cloudflare
2026-09-02T16:12:55.173911+00:00,LibGen,LibGen.gl,DOWN,,,connection_refused,
2026-09-02T16:13:56.241577+00:00,LibGen,LibGen.gl,DOWN,,,connection_refused,
2026-09-02T16:14:35.781456+00:00,LibGen,LibGen.gl,PROTECTED,200,1015,,Cloudflare
2026-09-02T16:15:57.584025+00:00,LibGen,LibGen.gl,DOWN,,,connection_refused,
2026-09-02T16:16:36.592209+00:00,LibGen,LibGen.gl,PROTECTED,200,1234,,Cloudflare
2026-09-02T16:17:37.608148+00:00,LibGen,LibGen.gl,PROTECTED,200,1804,,Cloudflare
2026-09-02T16:18:38.584431+00:00,LibGen,LibGen.gl,PROTECTED,200,1734,,Cloudflare
2026-09-02T16:19:38.068556+00:00,LibGen,LibGen.gl,PROTECTED,200,2016,,Cloudflare
2026-09-02T16:20:38.394525+00:00,LibGen,LibGen.gl,PROTECTED,200,2176,,Cloudflare
2026-09-02T16:21:37.746726+00:00,LibGen,LibGen.gl,PROTECTED,200,1373,,Cloudflare
2026-09-02T16:22:38.034814+00:00,LibGen,LibGen.gl,PROTECTED,200,1111,,Cloudflare
2026-09-02T16:23:39.739082+00:00,LibGen,LibGen.gl,PROTECTED,200,1507,,Cloudflare
2026-09-02T16:24:41.165719+00:00,LibGen,LibGen.gl,PROTECTED,200,1567,,Cloudflare
2026-09-02T16:25:41.276018+00:00,LibGen,LibGen.gl,PROTECTED,200,1722,,Cloudflare
2026-09-02T16:26:39.991836+00:00,LibGen,LibGen.gl,PROTECTED,200,1597,,Cloudflare
2026-09-02T16:27:40.423022+00:00,LibGen,LibGen.gl,PROTECTED,200,1425,,Cloudflare
2026-09-02T16:28:41.412495+00:00,LibGen,LibGen.gl,PROTECTED,200,1414,,Cloudflare
2026-09-02T16:29:40.600158+00:00,LibGen,LibGen.gl,PROTECTED,200,911,,Cloudflare
2026-09-02T16:30:40.964672+00:00,LibGen,LibGen.gl,PROTECTED,200,731,,Cloudflare
2026-09-02T16:31:41.712904+00:00,LibGen,LibGen.gl,PROTECTED,200,1036,,Cloudflare
2026-09-02T16:32:43.603836+00:00,LibGen,LibGen.gl,PROTECTED,200,2615,,Cloudflare
2026-09-02T16:33:44.119456+00:00,LibGen,LibGen.gl,PROTECTED,200,1540,,Cloudflare
2026-09-02T16:34:43.050650+00:00,LibGen,LibGen.gl,PROTECTED,200,772,,Cloudflare
2026-09-02T16:35:43.593800+00:00,LibGen,LibGen.gl,PROTECTED,200,1021,,Cloudflare
2026-09-02T16:36:44.730994+00:00,LibGen,LibGen.gl,PROTECTED,200,1065,,Cloudflare
2026-09-02T16:37:43.883934+00:00,LibGen,LibGen.gl,PROTECTED,200,672,,Cloudflare
2026-09-02T16:38:45.708415+00:00,LibGen,LibGen.gl,PROTECTED,200,2628,,Cloudflare
2026-09-02T16:39:45.582157+00:00,LibGen,LibGen.gl,PROTECTED,200,2264,,Cloudflare
2026-09-02T16:40:48.842855+00:00,LibGen,LibGen.gl,PROTECTED,200,4454,,Cloudflare
2026-09-02T16:42:05.432245+00:00,LibGen,LibGen.gl,DOWN,,,connection_refused,
2026-09-02T16:42:46.428088+00:00,LibGen,LibGen.gl,PROTECTED,200,2308,,Cloudflare
2026-09-02T16:43:46.180308+00:00,LibGen,LibGen.gl,PROTECTED,200,1743,,Cloudflare
2026-09-02T16:44:47.057045+00:00,LibGen,LibGen.gl,PROTECTED,200,2880,,Cloudflare
2026-09-02T16:45:46.468174+00:00,LibGen,LibGen.gl,PROTECTED,200,2086,,Cloudflare
2026-09-02T16:46:48.181833+00:00,LibGen,LibGen.gl,PROTECTED,200,1023,,Cloudflare
2026-09-02T16:48:05.455338+00:00,LibGen,LibGen.gl,DOWN,,,connection_refused,
2026-09-02T16:48:45.590995+00:00,LibGen,LibGen.gl,PROTECTED,200,675,,Cloudflare
2026-09-02T16:49:46.725801+00:00,LibGen,LibGen.gl,PROTECTED,200,1684,,Cloudflare
2026-09-02T16:50:46.774065+00:00,LibGen,LibGen.gl,PROTECTED,200,1033,,Cloudflare
2026-09-02T16:51:49.780741+00:00,LibGen,LibGen.gl,PROTECTED,200,3701,,Cloudflare
2026-09-02T16:52:48.613526+00:00,LibGen,LibGen.gl,PROTECTED,200,1089,,Cloudflare
2026-09-02T16:53:47.819591+00:00,LibGen,LibGen.gl,PROTECTED,200,1008,,Cloudflare
2026-09-02T16:54:48.265811+00:00,LibGen,LibGen.gl,PROTECTED,200,684,,Cloudflare
2026-09-02T16:55:48.545949+00:00,LibGen,LibGen.gl,PROTECTED,200,687,,Cloudflare
2026-09-02T16:57:06.942677+00:00,LibGen,LibGen.gl,TIMEOUT,,,timeout,
2026-09-02T16:57:51.117818+00:00,LibGen,LibGen.gl,PROTECTED,200,3746,,Cloudflare
2026-09-02T16:58:49.066345+00:00,LibGen,LibGen.gl,PROTECTED,200,1196,,Cloudflare
2026-09-02T16:59:50.503884+00:00,LibGen,LibGen.gl,PROTECTED,200,2296,,Cloudflare
2026-09-02T17:00:53.574902+00:00,LibGen,LibGen.gl,PROTECTED,200,4607,,Cloudflare
2026-09-02T17:01:50.308019+00:00,LibGen,LibGen.gl,PROTECTED,200,1920,,Cloudflare
2026-09-02T17:02:51.081009+00:00,LibGen,LibGen.gl,PROTECTED,200,2180,,Cloudflare
2026-09-02T17:03:51.213396+00:00,LibGen,LibGen.gl,PROTECTED,200,1383,,Cloudflare
2026-09-02T17:05:09.263562+00:00,LibGen,LibGen.gl,TIMEOUT,,,timeout,
2026-09-02T17:05:53.220304+00:00,LibGen,LibGen.gl,PROTECTED,200,1966,,Cloudflare
2026-09-02T17:06:50.407999+00:00,LibGen,LibGen.gl,PROTECTED,200,1067,,Cloudflare
2026-09-02T17:07:50.288913+00:00,LibGen,LibGen.gl,PROTECTED,200,911,,Cloudflare
2026-09-02T17:08:51.242346+00:00,LibGen,LibGen.gl,PROTECTED,200,1213,,Cloudflare
2026-09-02T17:09:54.610894+00:00,LibGen,LibGen.gl,PROTECTED,200,4713,,Cloudflare
2026-09-02T17:10:51.209432+00:00,LibGen,LibGen.gl,PROTECTED,200,678,,Cloudflare
2026-09-02T17:11:51.881614+00:00,LibGen,LibGen.gl,PROTECTED,200,1386,,Cloudflare
2026-09-02T17:13:01.994891+00:00,LibGen,LibGen.gl,PROTECTED,200,11185,,Cloudflare
2026-09-02T17:13:54.477025+00:00,LibGen,LibGen.gl,PROTECTED,200,2597,,Cloudflare
2026-09-02T17:15:11.353006+00:00,LibGen,LibGen.gl,DOWN,522,20111,http_error,
2026-09-02T17:15:53.974048+00:00,LibGen,LibGen.gl,PROTECTED,200,710,,Cloudflare
2026-09-02T17:16:55.042831+00:00,LibGen,LibGen.gl,PROTECTED,200,1331,,Cloudflare
2026-09-02T17:17:56.701383+00:00,LibGen,LibGen.gl,PROTECTED,200,3110,,Cloudflare
2026-09-02T17:18:55.972025+00:00,LibGen,LibGen.gl,PROTECTED,200,2021,,Cloudflare
2026-09-02T17:19:54.842472+00:00,LibGen,LibGen.gl,PROTECTED,200,1477,,Cloudflare
2026-09-02T17:20:55.389471+00:00,LibGen,LibGen.gl,PROTECTED,200,1538,,Cloudflare
2026-09-02T17:21:56.785500+00:00,LibGen,LibGen.gl,PROTECTED,200,2579,,Cloudflare
2026-09-02T17:22:56.838778+00:00,LibGen,LibGen.gl,PROTECTED,200,1531,,Cloudflare
2026-09-02T17:23:56.232308+00:00,LibGen,LibGen.gl,PROTECTED,200,883,,Cloudflare
2026-09-02T17:25:00.490963+00:00,LibGen,LibGen.gl,PROTECTED,200,5323,,Cloudflare
2026-09-02T17:25:58.214790+00:00,LibGen,LibGen.gl,PROTECTED,200,1166,,Cloudflare
2026-09-02T17:26:59.137848+00:00,LibGen,LibGen.gl,PROTECTED,200,2885,,Cloudflare
2026-09-02T17:27:57.655835+00:00,LibGen,LibGen.gl,PROTECTED,200,1465,,Cloudflare
2026-09-02T17:28:58.432159+00:00,LibGen,LibGen.gl,PROTECTED,200,994,,Cloudflare
2026-09-02T17:29:59.164147+00:00,LibGen,LibGen.gl,PROTECTED,200,1376,,Cloudflare
2026-09-02T17:30:59.661980+00:00,LibGen,LibGen.gl,PROTECTED,200,701,,Cloudflare
2026-09-02T17:31:59.292103+00:00,LibGen,LibGen.gl,PROTECTED,200,2109,,Cloudflare
2026-09-02T17:33:01.841560+00:00,LibGen,LibGen.gl,PROTECTED,200,2056,,Cloudflare
2026-09-02T17:33:59.796698+00:00,LibGen,LibGen.gl,PROTECTED,200,1714,,Cloudflare
2026-09-02T17:34:59.470120+00:00,LibGen,LibGen.gl,PROTECTED,200,952,,Cloudflare
2026-09-02T17:36:00.567231+00:00,LibGen,LibGen.gl,PROTECTED,200,1512,,Cloudflare
2026-09-02T17:37:00.479539+00:00,LibGen,LibGen.gl,PROTECTED,200,1775,,Cloudflare
2026-09-02T17:38:01.909046+00:00,LibGen,LibGen.gl,PROTECTED,200,1017,,Cloudflare
2026-09-02T17:39:01.342594+00:00,LibGen,LibGen.gl,PROTECTED,200,1363,,Cloudflare
2026-09-02T17:40:01.831093+00:00,LibGen,LibGen.gl,PROTECTED,200,1106,,Cloudflare
2026-09-02T17:41:02.034621+00:00,LibGen,LibGen.gl,PROTECTED,200,1329,,Cloudflare
2026-09-02T17:42:03.252632+00:00,LibGen,LibGen.gl,PROTECTED,200,1200,,Cloudflare
2026-09-02T17:43:02.851406+00:00,LibGen,LibGen.gl,PROTECTED,200,1334,,Cloudflare
2026-09-02T17:44:04.123669+00:00,LibGen,LibGen.gl,PROTECTED,200,1610,,Cloudflare
2026-09-02T17:45:03.927610+00:00,LibGen,LibGen.gl,PROTECTED,200,784,,Cloudflare
2026-09-02T17:46:06.472791+00:00,LibGen,LibGen.gl,PROTECTED,200,3421,,Cloudflare
2026-09-02T17:47:05.324424+00:00,LibGen,LibGen.gl,PROTECTED,200,1739,,Cloudflare
2026-09-02T17:48:04.725352+00:00,LibGen,LibGen.gl,PROTECTED,200,1058,,Cloudflare
2026-09-02T17:49:06.044591+00:00,LibGen,LibGen.gl,PROTECTED,200,2363,,Cloudflare
2026-09-02T17:50:08.186901+00:00,LibGen,LibGen.gl,PROTECTED,200,2187,,Cloudflare
2026-09-02T17:51:05.434765+00:00,LibGen,LibGen.gl,PROTECTED,200,720,,Cloudflare
2026-09-02T17:52:06.365479+00:00,LibGen,LibGen.gl,PROTECTED,200,1355,,Cloudflare
2026-09-02T17:53:07.710555+00:00,LibGen,LibGen.gl,PROTECTED,200,2580,,Cloudflare
2026-09-02T17:54:06.945666+00:00,LibGen,LibGen.gl,PROTECTED,200,962,,Cloudflare
2026-09-02T17:55:07.456920+00:00,LibGen,LibGen.gl,PROTECTED,200,1831,,Cloudflare
2026-09-02T17:56:07.625559+00:00,LibGen,LibGen.gl,PROTECTED,200,1339,,Cloudflare
2026-09-02T17:57:07.028102+00:00,LibGen,LibGen.gl,PROTECTED,200,711,,Cloudflare
2026-09-02T17:58:07.551484+00:00,LibGen,LibGen.gl,PROTECTED,200,709,,Cloudflare
2026-09-02T17:59:07.854050+00:00,LibGen,LibGen.gl,PROTECTED,200,974,,Cloudflare
2026-09-02T18:00:11.944102+00:00,LibGen,LibGen.gl,PROTECTED,200,1498,,Cloudflare
2026-09-02T18:01:11.139108+00:00,LibGen,LibGen.gl,PROTECTED,200,2084,,Cloudflare
2026-09-02T18:02:12.495728+00:00,LibGen,LibGen.gl,PROTECTED,200,1728,,Cloudflare
2026-09-02T18:03:12.819763+00:00,LibGen,LibGen.gl,PROTECTED,200,1802,,Cloudflare
2026-09-02T18:04:11.712524+00:00,LibGen,LibGen.gl,PROTECTED,200,986,,Cloudflare
2026-09-02T18:05:14.034865+00:00,LibGen,LibGen.gl,PROTECTED,200,1973,,Cloudflare
2026-09-02T18:06:13.644810+00:00,LibGen,LibGen.gl,PROTECTED,200,1020,,Cloudflare
2026-09-02T18:07:14.749761+00:00,LibGen,LibGen.gl,PROTECTED,200,1827,,Cloudflare
2026-09-02T18:08:15.317514+00:00,LibGen,LibGen.gl,PROTECTED,200,1430,,Cloudflare
2026-09-02T18:09:14.983188+00:00,LibGen,LibGen.gl,PROTECTED,200,1109,,Cloudflare
2026-09-02T18:10:15.728764+00:00,LibGen,LibGen.gl,PROTECTED,200,1784,,Cloudflare
2026-09-02T18:11:16.184832+00:00,LibGen,LibGen.gl,PROTECTED,200,1518,,Cloudflare
2026-09-02T18:12:16.608090+00:00,LibGen,LibGen.gl,PROTECTED,200,878,,Cloudflare
2026-09-02T18:13:17.314744+00:00,LibGen,LibGen.gl,PROTECTED,200,1688,,Cloudflare
2026-09-02T18:14:16.601861+00:00,LibGen,LibGen.gl,PROTECTED,200,727,,Cloudflare
2026-09-02T18:15:20.781240+00:00,LibGen,LibGen.gl,PROTECTED,200,2836,,Cloudflare
2026-09-02T18:16:20.122225+00:00,LibGen,LibGen.gl,PROTECTED,200,1577,,Cloudflare
2026-09-02T18:17:19.518322+00:00,LibGen,LibGen.gl,PROTECTED,200,2379,,Cloudflare
2026-09-02T18:18:18.049153+00:00,LibGen,LibGen.gl,PROTECTED,200,657,,Cloudflare
2026-09-02T18:19:18.541971+00:00,LibGen,LibGen.gl,PROTECTED,200,696,,Cloudflare
2026-09-02T18:20:20.392991+00:00,LibGen,LibGen.gl,PROTECTED,200,1288,,Cloudflare
2026-09-02T18:21:20.876752+00:00,LibGen,LibGen.gl,PROTECTED,200,1461,,Cloudflare
2026-09-02T18:22:20.391904+00:00,LibGen,LibGen.gl,PROTECTED,200,1889,,Cloudflare
2026-09-02T18:23:23.231083+00:00,LibGen,LibGen.gl,PROTECTED,200,1111,,Cloudflare
2026-09-02T18:24:21.477570+00:00,LibGen,LibGen.gl,PROTECTED,200,1168,,Cloudflare
2026-09-02T18:25:22.953791+00:00,LibGen,LibGen.gl,PROTECTED,200,674,,Cloudflare
2026-09-02T18:26:22.335109+00:00,LibGen,LibGen.gl,PROTECTED,200,955,,Cloudflare
2026-09-02T18:27:23.679759+00:00,LibGen,LibGen.gl,PROTECTED,200,1617,,Cloudflare
2026-09-02T18:28:23.015505+00:00,LibGen,LibGen.gl,PROTECTED,200,1126,,Cloudflare
2026-09-02T18:29:24.346120+00:00,LibGen,LibGen.gl,PROTECTED,200,1988,,Cloudflare
2026-09-02T18:30:23.918786+00:00,LibGen,LibGen.gl,PROTECTED,200,1189,,Cloudflare
2026-09-02T18:31:25.638555+00:00,LibGen,LibGen.gl,PROTECTED,200,1532,,Cloudflare
2026-09-02T18:32:25.871610+00:00,LibGen,LibGen.gl,PROTECTED,200,1516,,Cloudflare
2026-09-02T18:33:24.602584+00:00,LibGen,LibGen.gl,PROTECTED,200,707,,Cloudflare
2026-09-02T18:34:26.228147+00:00,LibGen,LibGen.gl,PROTECTED,200,1125,,Cloudflare
2026-09-02T18:35:27.241981+00:00,LibGen,LibGen.gl,PROTECTED,200,1440,,Cloudflare
2026-09-02T18:36:25.750459+00:00,LibGen,LibGen.gl,PROTECTED,200,687,,Cloudflare
2026-09-02T18:37:28.238163+00:00,LibGen,LibGen.gl,PROTECTED,200,1915,,Cloudflare
2026-09-02T18:38:26.839095+00:00,LibGen,LibGen.gl,PROTECTED,200,723,,Cloudflare
2026-09-02T18:39:27.863527+00:00,LibGen,LibGen.gl,PROTECTED,200,704,,Cloudflare
2026-09-02T18:40:28.986101+00:00,LibGen,LibGen.gl,PROTECTED,200,1598,,Cloudflare
2026-09-02T18:41:29.837075+00:00,LibGen,LibGen.gl,PROTECTED,200,2240,,Cloudflare
2026-09-02T18:42:29.342029+00:00,LibGen,LibGen.gl,PROTECTED,200,1263,,Cloudflare
2026-09-02T18:43:28.872583+00:00,LibGen,LibGen.gl,PROTECTED,200,675,,Cloudflare
2026-09-02T18:44:30.084181+00:00,LibGen,LibGen.gl,PROTECTED,200,1884,,Cloudflare
2026-09-02T18:45:30.261113+00:00,LibGen,LibGen.gl,PROTECTED,200,1070,,Cloudflare
2026-09-02T18:46:30.306936+00:00,LibGen,LibGen.gl,PROTECTED,200,1639,,Cloudflare
2026-09-02T18:47:31.587666+00:00,LibGen,LibGen.gl,PROTECTED,200,1585,,Cloudflare
2026-09-02T18:48:30.774840+00:00,LibGen,LibGen.gl,PROTECTED,200,1993,,Cloudflare
2026-09-02T18:49:30.503610+00:00,LibGen,LibGen.gl,PROTECTED,200,690,,Cloudflare
2026-09-02T18:50:30.896994+00:00,LibGen,LibGen.gl,PROTECTED,200,1178,,Cloudflare
2026-09-02T18:51:30.556270+00:00,LibGen,LibGen.gl,PROTECTED,200,677,,Cloudflare
2026-09-02T18:52:31.500046+00:00,LibGen,LibGen.gl,PROTECTED,200,1737,,Cloudflare
2026-09-02T18:53:31.077043+00:00,LibGen,LibGen.gl,PROTECTED,200,700,,Cloudflare
2026-09-02T18:54:32.919583+00:00,LibGen,LibGen.gl,PROTECTED,200,2561,,Cloudflare
2026-09-02T18:55:32.170970+00:00,LibGen,LibGen.gl,PROTECTED,200,710,,Cloudflare
2026-09-02T18:56:32.392586+00:00,LibGen,LibGen.gl,PROTECTED,200,710,,Cloudflare
2026-09-02T18:57:34.347526+00:00,LibGen,LibGen.gl,PROTECTED,200,1917,,Cloudflare
2026-09-02T18:58:33.906582+00:00,LibGen,LibGen.gl,PROTECTED,200,982,,Cloudflare
2026-09-02T18:59:34.593414+00:00,LibGen,LibGen.gl,PROTECTED,200,687,,Cloudflare
2026-09-02T19:00:36.611121+00:00,LibGen,LibGen.gl,PROTECTED,200,1674,,Cloudflare
2026-09-02T19:01:36.070842+00:00,LibGen,LibGen.gl,PROTECTED,200,1384,,Cloudflare
2026-09-02T19:02:36.713015+00:00,LibGen,LibGen.gl,PROTECTED,200,1232,,Cloudflare
2026-09-02T19:03:37.095910+00:00,LibGen,LibGen.gl,PROTECTED,200,1678,,Cloudflare
2026-09-02T19:04:37.846945+00:00,LibGen,LibGen.gl,PROTECTED,200,1856,,Cloudflare
2026-09-02T19:05:38.398954+00:00,LibGen,LibGen.gl,PROTECTED,200,1572,,Cloudflare
2026-09-02T19:06:38.044802+00:00,LibGen,LibGen.gl,PROTECTED,200,854,,Cloudflare
2026-09-02T19:07:38.071404+00:00,LibGen,LibGen.gl,PROTECTED,200,700,,Cloudflare
2026-09-02T19:08:38.991553+00:00,LibGen,LibGen.gl,PROTECTED,200,1484,,Cloudflare
2026-09-02T19:09:42.574164+00:00,LibGen,LibGen.gl,PROTECTED,200,5080,,Cloudflare
2026-09-02T19:10:40.255202+00:00,LibGen,LibGen.gl,PROTECTED,200,2356,,Cloudflare
2026-09-02T19:11:40.258863+00:00,LibGen,LibGen.gl,PROTECTED,200,1109,,Cloudflare
2026-09-02T19:12:41.345774+00:00,LibGen,LibGen.gl,PROTECTED,200,2035,,Cloudflare
2026-09-02T19:13:41.230203+00:00,LibGen,LibGen.gl,PROTECTED,200,1726,,Cloudflare
2026-09-02T19:14:40.859898+00:00,LibGen,LibGen.gl,PROTECTED,200,1885,,Cloudflare
2026-09-02T19:15:40.780157+00:00,LibGen,LibGen.gl,PROTECTED,200,1170,,Cloudflare
2026-09-02T19:16:42.510888+00:00,LibGen,LibGen.gl,PROTECTED,200,1195,,Cloudflare
2026-09-02T19:17:41.927379+00:00,LibGen,LibGen.gl,PROTECTED,200,746,,Cloudflare
2026-09-02T19:18:42.200095+00:00,LibGen,LibGen.gl,PROTECTED,200,2341,,Cloudflare
2026-09-02T19:19:41.909767+00:00,LibGen,LibGen.gl,PROTECTED,200,1186,,Cloudflare
2026-09-02T19:20:42.973041+00:00,LibGen,LibGen.gl,PROTECTED,200,1768,,Cloudflare
2026-09-02T19:21:43.306767+00:00,LibGen,LibGen.gl,PROTECTED,200,1990,,Cloudflare
2026-09-02T19:22:42.703624+00:00,LibGen,LibGen.gl,PROTECTED,200,1058,,Cloudflare
2026-09-02T19:23:42.164365+00:00,LibGen,LibGen.gl,PROTECTED,200,1041,,Cloudflare
2026-09-02T19:24:43.530825+00:00,LibGen,LibGen.gl,PROTECTED,200,2153,,Cloudflare
2026-09-02T19:25:43.485330+00:00,LibGen,LibGen.gl,PROTECTED,200,1176,,Cloudflare
2026-09-02T19:26:43.993720+00:00,LibGen,LibGen.gl,PROTECTED,200,1320,,Cloudflare
2026-09-02T19:27:43.411882+00:00,LibGen,LibGen.gl,PROTECTED,200,696,,Cloudflare
2026-09-02T19:28:45.607149+00:00,LibGen,LibGen.gl,PROTECTED,200,1809,,Cloudflare
2026-09-02T19:29:48.055412+00:00,LibGen,LibGen.gl,PROTECTED,200,3775,,Cloudflare
2026-09-02T19:30:46.307947+00:00,LibGen,LibGen.gl,PROTECTED,200,1012,,Cloudflare
2026-09-02T19:31:48.478208+00:00,LibGen,LibGen.gl,PROTECTED,200,3096,,Cloudflare
2026-09-02T19:32:44.245615+00:00,LibGen,LibGen.gl,PROTECTED,503,301,,Cloudflare
2026-09-02T19:33:46.420797+00:00,LibGen,LibGen.gl,PROTECTED,200,1779,,Cloudflare
2026-09-02T19:34:47.038186+00:00,LibGen,LibGen.gl,PROTECTED,200,1020,,Cloudflare
2026-09-02T19:35:50.333853+00:00,LibGen,LibGen.gl,PROTECTED,200,4530,,Cloudflare
2026-09-02T19:36:46.611718+00:00,LibGen,LibGen.gl,PROTECTED,200,773,,Cloudflare
2026-09-02T19:37:49.193037+00:00,LibGen,LibGen.gl,PROTECTED,200,1735,,Cloudflare
2026-09-02T19:38:47.989166+00:00,LibGen,LibGen.gl,PROTECTED,200,1360,,Cloudflare
2026-09-02T19:39:48.668529+00:00,LibGen,LibGen.gl,PROTECTED,200,1517,,Cloudflare
2026-09-02T19:40:48.210841+00:00,LibGen,LibGen.gl,PROTECTED,200,713,,Cloudflare
2026-09-02T19:41:50.119752+00:00,LibGen,LibGen.gl,PROTECTED,200,1034,,Cloudflare
2026-09-02T19:42:50.955398+00:00,LibGen,LibGen.gl,PROTECTED,200,2153,,Cloudflare
2026-09-02T19:43:49.589567+00:00,LibGen,LibGen.gl,PROTECTED,200,941,,Cloudflare
2026-09-02T19:44:50.347652+00:00,LibGen,LibGen.gl,PROTECTED,200,915,,Cloudflare
2026-09-02T19:45:51.003056+00:00,LibGen,LibGen.gl,PROTECTED,200,1094,,Cloudflare
2026-09-02T19:46:50.374107+00:00,LibGen,LibGen.gl,PROTECTED,200,707,,Cloudflare
2026-09-02T19:47:51.094784+00:00,LibGen,LibGen.gl,PROTECTED,200,1438,,Cloudflare
2026-09-02T19:48:51.102906+00:00,LibGen,LibGen.gl,PROTECTED,200,962,,Cloudflare
2026-09-02T19:49:53.202879+00:00,LibGen,LibGen.gl,PROTECTED,200,1171,,Cloudflare
2026-09-02T19:50:52.912156+00:00,LibGen,LibGen.gl,PROTECTED,200,1408,,Cloudflare
2026-09-02T19:51:52.519116+00:00,LibGen,LibGen.gl,PROTECTED,200,1334,,Cloudflare
2026-09-02T19:52:55.949326+00:00,LibGen,LibGen.gl,PROTECTED,200,2590,,Cloudflare
2026-09-02T19:53:52.863059+00:00,LibGen,LibGen.gl,PROTECTED,200,678,,Cloudflare
2026-09-02T19:55:14.380034+00:00,LibGen,LibGen.gl,DOWN,,,connection_refused,
2026-09-02T19:55:53.356129+00:00,LibGen,LibGen.gl,PROTECTED,200,1709,,Cloudflare
2026-09-02T19:56:56.017612+00:00,LibGen,LibGen.gl,PROTECTED,200,2568,,Cloudflare
2026-09-02T19:57:58.472900+00:00,LibGen,LibGen.gl,PROTECTED,200,5052,,Cloudflare
2026-09-02T19:59:00.208468+00:00,LibGen,LibGen.gl,PROTECTED,200,2420,,Cloudflare
2026-09-02T19:59:58.725795+00:00,LibGen,LibGen.gl,PROTECTED,200,3977,,Cloudflare
2026-09-02T20:00:59.430431+00:00,LibGen,LibGen.gl,PROTECTED,200,1881,,Cloudflare
2026-09-02T20:01:57.818140+00:00,LibGen,LibGen.gl,PROTECTED,200,1611,,Cloudflare
2026-09-02T20:02:57.172612+00:00,LibGen,LibGen.gl,PROTECTED,200,1080,,Cloudflare
2026-09-02T20:03:58.861680+00:00,LibGen,LibGen.gl,PROTECTED,200,2283,,Cloudflare
2026-09-02T20:04:58.182174+00:00,LibGen,LibGen.gl,PROTECTED,200,1176,,Cloudflare
2026-09-02T20:05:59.791538+00:00,LibGen,LibGen.gl,PROTECTED,200,2484,,Cloudflare
2026-09-02T20:07:02.004488+00:00,LibGen,LibGen.gl,PROTECTED,200,1462,,Cloudflare
2026-09-02T20:08:01.215235+00:00,LibGen,LibGen.gl,PROTECTED,200,2381,,Cloudflare
2026-09-02T20:09:02.303619+00:00,LibGen,LibGen.gl,PROTECTED,200,1819,,Cloudflare
2026-09-02T20:10:02.573030+00:00,LibGen,LibGen.gl,PROTECTED,200,2478,,Cloudflare
2026-09-02T20:11:02.491174+00:00,LibGen,LibGen.gl,PROTECTED,200,1320,,Cloudflare
2026-09-02T20:12:03.901221+00:00,LibGen,LibGen.gl,PROTECTED,200,3066,,Cloudflare
2026-09-02T20:13:02.924732+00:00,LibGen,LibGen.gl,PROTECTED,200,2247,,Cloudflare
2026-09-02T20:14:02.010758+00:00,LibGen,LibGen.gl,PROTECTED,200,714,,Cloudflare
2026-09-02T20:15:02.807785+00:00,LibGen,LibGen.gl,PROTECTED,200,1499,,Cloudflare
2026-09-02T20:16:04.309935+00:00,LibGen,LibGen.gl,PROTECTED,200,1395,,Cloudflare
2026-09-02T20:17:04.833686+00:00,LibGen,LibGen.gl,PROTECTED,200,1561,,Cloudflare
2026-09-02T20:18:04.081876+00:00,LibGen,LibGen.gl,PROTECTED,200,684,,Cloudflare
2026-09-02T20:19:07.632804+00:00,LibGen,LibGen.gl,PROTECTED,200,3292,,Cloudflare
2026-09-02T20:20:06.333168+00:00,LibGen,LibGen.gl,PROTECTED,200,1906,,Cloudflare
2026-09-02T20:21:08.111733+00:00,LibGen,LibGen.gl,PROTECTED,200,2412,,Cloudflare
2026-09-02T20:22:06.556241+00:00,LibGen,LibGen.gl,PROTECTED,200,959,,Cloudflare
2026-09-02T20:23:09.320219+00:00,LibGen,LibGen.gl,PROTECTED,200,1812,,Cloudflare
2026-09-02T20:24:07.624602+00:00,LibGen,LibGen.gl,PROTECTED,200,1671,,Cloudflare
2026-09-02T20:25:08.517297+00:00,LibGen,LibGen.gl,PROTECTED,200,1995,,Cloudflare
2026-09-02T20:26:08.771991+00:00,LibGen,LibGen.gl,PROTECTED,200,2156,,Cloudflare
2026-09-02T20:27:08.507048+00:00,LibGen,LibGen.gl,PROTECTED,200,1015,,Cloudflare
2026-09-02T20:28:12.615408+00:00,LibGen,LibGen.gl,PROTECTED,200,3791,,Cloudflare
2026-09-02T20:29:10.189901+00:00,LibGen,LibGen.gl,PROTECTED,200,2117,,Cloudflare
2026-09-02T20:30:09.999744+00:00,LibGen,LibGen.gl,PROTECTED,200,1647,,Cloudflare
2026-09-02T20:31:10.400370+00:00,LibGen,LibGen.gl,PROTECTED,200,1946,,Cloudflare
2026-09-02T20:32:10.093603+00:00,LibGen,LibGen.gl,PROTECTED,200,931,,Cloudflare
2026-09-02T20:33:11.318844+00:00,LibGen,LibGen.gl,PROTECTED,200,2141,,Cloudflare
2026-09-02T20:34:12.346538+00:00,LibGen,LibGen.gl,PROTECTED,200,2193,,Cloudflare
2026-09-02T20:35:14.975365+00:00,LibGen,LibGen.gl,PROTECTED,200,3234,,Cloudflare
2026-09-02T20:36:13.125012+00:00,LibGen,LibGen.gl,PROTECTED,200,1044,,Cloudflare
2026-09-02T20:37:13.565247+00:00,LibGen,LibGen.gl,PROTECTED,200,688,,Cloudflare
2026-09-02T20:38:12.825636+00:00,LibGen,LibGen.gl,PROTECTED,200,653,,Cloudflare
2026-09-02T20:39:14.172724+00:00,LibGen,LibGen.gl,PROTECTED,200,2186,,Cloudflare
2026-09-02T20:40:14.397618+00:00,LibGen,LibGen.gl,PROTECTED,200,1779,,Cloudflare
2026-09-02T20:41:14.778312+00:00,LibGen,LibGen.gl,PROTECTED,200,1165,,Cloudflare
2026-09-02T20:42:14.535648+00:00,LibGen,LibGen.gl,PROTECTED,200,715,,Cloudflare
2026-09-02T20:43:15.357711+00:00,LibGen,LibGen.gl,PROTECTED,200,1359,,Cloudflare
2026-09-02T20:44:16.177384+00:00,LibGen,LibGen.gl,PROTECTED,200,1085,,Cloudflare
2026-09-02T20:45:15.948759+00:00,LibGen,LibGen.gl,PROTECTED,200,954,,Cloudflare
2026-09-02T20:46:16.746872+00:00,LibGen,LibGen.gl,PROTECTED,200,2050,,Cloudflare
2026-09-02T20:47:17.385028+00:00,LibGen,LibGen.gl,PROTECTED,200,1771,,Cloudflare
2026-09-02T20:48:16.968617+00:00,LibGen,LibGen.gl,PROTECTED,200,694,,Cloudflare
2026-09-02T20:49:17.307736+00:00,LibGen,LibGen.gl,PROTECTED,200,1665,,Cloudflare
2026-09-02T20:50:18.328204+00:00,LibGen,LibGen.gl,PROTECTED,200,1692,,Cloudflare
2026-09-02T20:51:18.981612+00:00,LibGen,LibGen.gl,PROTECTED,200,1724,,Cloudflare
2026-09-02T20:52:18.101735+00:00,LibGen,LibGen.gl,PROTECTED,200,933,,Cloudflare
2026-09-02T20:53:19.669200+00:00,LibGen,LibGen.gl,PROTECTED,200,1736,,Cloudflare
2026-09-02T20:54:19.209146+00:00,LibGen,LibGen.gl,PROTECTED,200,1380,,Cloudflare
2026-09-02T20:55:19.931934+00:00,LibGen,LibGen.gl,PROTECTED,200,1882,,Cloudflare
2026-09-02T20:56:19.621742+00:00,LibGen,LibGen.gl,PROTECTED,200,1382,,Cloudflare
2026-09-02T20:57:23.486255+00:00,LibGen,LibGen.gl,PROTECTED,200,3955,,Cloudflare
2026-09-02T20:58:20.073702+00:00,LibGen,LibGen.gl,PROTECTED,200,1104,,Cloudflare
2026-09-02T20:59:21.428908+00:00,LibGen,LibGen.gl,PROTECTED,200,681,,Cloudflare
2026-09-02T21:00:22.718796+00:00,LibGen,LibGen.gl,PROTECTED,200,1980,,Cloudflare
2026-09-02T21:01:22.707732+00:00,LibGen,LibGen.gl,PROTECTED,200,1121,,Cloudflare
2026-09-02T21:02:23.673486+00:00,LibGen,LibGen.gl,PROTECTED,200,1499,,Cloudflare
2026-09-02T21:03:23.006053+00:00,LibGen,LibGen.gl,PROTECTED,200,682,,Cloudflare
2026-09-02T21:04:24.420696+00:00,LibGen,LibGen.gl,PROTECTED,200,2190,,Cloudflare
2026-09-02T21:05:24.071859+00:00,LibGen,LibGen.gl,PROTECTED,200,1018,,Cloudflare
2026-09-02T21:06:25.288730+00:00,LibGen,LibGen.gl,PROTECTED,200,1497,,Cloudflare
2026-09-02T21:07:26.786685+00:00,LibGen,LibGen.gl,PROTECTED,200,1466,,Cloudflare
2026-09-02T21:08:25.364830+00:00,LibGen,LibGen.gl,PROTECTED,200,691,,Cloudflare
2026-09-02T21:09:26.047388+00:00,LibGen,LibGen.gl,PROTECTED,200,2108,,Cloudflare
2026-09-02T21:10:29.656022+00:00,LibGen,LibGen.gl,PROTECTED,200,4274,,Cloudflare
2026-09-02T21:11:27.913021+00:00,LibGen,LibGen.gl,PROTECTED,200,2051,,Cloudflare
2026-09-02T21:12:29.471771+00:00,LibGen,LibGen.gl,PROTECTED,200,1730,,Cloudflare
2026-09-02T21:13:27.429948+00:00,LibGen,LibGen.gl,PROTECTED,200,2126,,Cloudflare
2026-09-02T21:14:26.784018+00:00,LibGen,LibGen.gl,PROTECTED,200,691,,Cloudflare
2026-09-02T21:15:28.088541+00:00,LibGen,LibGen.gl,PROTECTED,200,1740,,Cloudflare
2026-09-02T21:16:27.528075+00:00,LibGen,LibGen.gl,PROTECTED,200,685,,Cloudflare
2026-09-02T21:17:29.119255+00:00,LibGen,LibGen.gl,PROTECTED,200,1700,,Cloudflare
2026-09-02T21:18:28.606714+00:00,LibGen,LibGen.gl,PROTECTED,200,897,,Cloudflare
2026-09-02T21:19:29.413567+00:00,LibGen,LibGen.gl,PROTECTED,200,1201,,Cloudflare
2026-09-02T21:20:32.627495+00:00,LibGen,LibGen.gl,PROTECTED,200,4527,,Cloudflare
2026-09-02T21:21:34.178060+00:00,LibGen,LibGen.gl,PROTECTED,200,5532,,Cloudflare
2026-09-02T21:22:30.746576+00:00,LibGen,LibGen.gl,PROTECTED,200,1680,,Cloudflare
2026-09-02T21:23:32.656992+00:00,LibGen,LibGen.gl,PROTECTED,200,2729,,Cloudflare
2026-09-02T21:24:32.198570+00:00,LibGen,LibGen.gl,PROTECTED,200,1745,,Cloudflare
2026-09-02T21:25:31.584389+00:00,LibGen,LibGen.gl,PROTECTED,200,682,,Cloudflare
2026-09-02T21:26:33.069700+00:00,LibGen,LibGen.gl,PROTECTED,200,1864,,Cloudflare
2026-09-02T21:27:32.306011+00:00,LibGen,LibGen.gl,PROTECTED,200,1367,,Cloudflare
2026-09-02T21:28:33.245997+00:00,LibGen,LibGen.gl,PROTECTED,200,931,,Cloudflare
2026-09-02T21:29:33.493645+00:00,LibGen,LibGen.gl,PROTECTED,200,951,,Cloudflare
2026-09-02T21:30:33.434114+00:00,LibGen,LibGen.gl,PROTECTED,200,1173,,Cloudflare
2026-09-02T21:31:35.817993+00:00,LibGen,LibGen.gl,PROTECTED,200,962,,Cloudflare
2026-09-02T21:32:33.839580+00:00,LibGen,LibGen.gl,PROTECTED,200,687,,Cloudflare
2026-09-02T21:33:34.273254+00:00,LibGen,LibGen.gl,PROTECTED,200,1034,,Cloudflare
2026-09-02T21:34:35.787068+00:00,LibGen,LibGen.gl,PROTECTED,200,1875,,Cloudflare
2026-09-02T21:35:35.180618+00:00,LibGen,LibGen.gl,PROTECTED,200,1453,,Cloudflare
2026-09-02T21:36:35.681021+00:00,LibGen,LibGen.gl,PROTECTED,200,1419,,Cloudflare
2026-09-02T21:37:36.304252+00:00,LibGen,LibGen.gl,PROTECTED,200,1393,,Cloudflare
2026-09-02T21:38:35.653195+00:00,LibGen,LibGen.gl,PROTECTED,200,953,,Cloudflare
2026-09-02T21:39:37.036818+00:00,LibGen,LibGen.gl,PROTECTED,200,2062,,Cloudflare
2026-09-02T21:40:36.792769+00:00,LibGen,LibGen.gl,PROTECTED,200,1146,,Cloudflare
2026-09-02T21:41:39.024816+00:00,LibGen,LibGen.gl,PROTECTED,200,1466,,Cloudflare
2026-09-02T21:42:38.273844+00:00,LibGen,LibGen.gl,PROTECTED,200,1424,,Cloudflare
2026-09-02T21:43:38.857149+00:00,LibGen,LibGen.gl,PROTECTED,200,973,,Cloudflare
2026-09-02T21:44:39.355801+00:00,LibGen,LibGen.gl,PROTECTED,200,1982,,Cloudflare
2026-09-02T21:45:39.264818+00:00,LibGen,LibGen.gl,PROTECTED,200,696,,Cloudflare
2026-09-02T21:46:39.827471+00:00,LibGen,LibGen.gl,PROTECTED,200,1116,,Cloudflare
2026-09-02T21:47:40.845135+00:00,LibGen,LibGen.gl,PROTECTED,200,2217,,Cloudflare
2026-09-02T21:48:40.488860+00:00,LibGen,LibGen.gl,PROTECTED,200,1161,,Cloudflare
2026-09-02T21:49:40.701955+00:00,LibGen,LibGen.gl,PROTECTED,200,1390,,Cloudflare
2026-09-02T21:50:42.194594+00:00,LibGen,LibGen.gl,PROTECTED,200,1162,,Cloudflare
2026-09-02T21:51:45.312599+00:00,LibGen,LibGen.gl,PROTECTED,200,5659,,Cloudflare
2026-09-02T21:52:40.943684+00:00,LibGen,LibGen.gl,PROTECTED,200,1042,,Cloudflare
2026-09-02T21:53:43.015179+00:00,LibGen,LibGen.gl,PROTECTED,200,1011,,Cloudflare
2026-09-02T21:54:43.205816+00:00,LibGen,LibGen.gl,PROTECTED,200,2188,,Cloudflare
2026-09-02T21:55:42.806668+00:00,LibGen,LibGen.gl,PROTECTED,200,1708,,Cloudflare
2026-09-02T21:56:42.706018+00:00,LibGen,LibGen.gl,PROTECTED,200,670,,Cloudflare
2026-09-02T21:57:44.552183+00:00,LibGen,LibGen.gl,PROTECTED,200,1887,,Cloudflare
2026-09-02T21:58:43.331874+00:00,LibGen,LibGen.gl,PROTECTED,200,1013,,Cloudflare
2026-09-02T21:59:46.577944+00:00,LibGen,LibGen.gl,PROTECTED,200,1897,,Cloudflare
2026-09-02T22:00:46.567554+00:00,LibGen,LibGen.gl,PROTECTED,200,2836,,Cloudflare
2026-09-02T22:01:45.133051+00:00,LibGen,LibGen.gl,PROTECTED,200,1243,,Cloudflare
2026-09-02T22:02:44.641753+00:00,LibGen,LibGen.gl,PROTECTED,200,693,,Cloudflare
2026-09-02T22:03:46.531526+00:00,LibGen,LibGen.gl,PROTECTED,200,2165,,Cloudflare
2026-09-02T22:04:47.486685+00:00,LibGen,LibGen.gl,PROTECTED,200,2500,,Cloudflare
2026-09-02T22:05:46.114612+00:00,LibGen,LibGen.gl,PROTECTED,200,1159,,Cloudflare
2026-09-02T22:06:50.130137+00:00,LibGen,LibGen.gl,PROTECTED,200,2209,,Cloudflare
2026-09-02T22:07:46.811779+00:00,LibGen,LibGen.gl,PROTECTED,200,1168,,Cloudflare
2026-09-02T22:08:45.850393+00:00,LibGen,LibGen.gl,PROTECTED,200,686,,Cloudflare
2026-09-02T22:09:48.460923+00:00,LibGen,LibGen.gl,PROTECTED,200,1162,,Cloudflare
2026-09-02T22:10:48.063634+00:00,LibGen,LibGen.gl,PROTECTED,200,1873,,Cloudflare
2026-09-02T22:11:47.756131+00:00,LibGen,LibGen.gl,PROTECTED,200,1097,,Cloudflare
2026-09-02T22:12:48.818851+00:00,LibGen,LibGen.gl,PROTECTED,200,1156,,Cloudflare
2026-09-02T22:13:48.195823+00:00,LibGen,LibGen.gl,PROTECTED,200,674,,Cloudflare
2026-09-02T22:14:48.483073+00:00,LibGen,LibGen.gl,PROTECTED,200,709,,Cloudflare
2026-09-02T22:15:49.603208+00:00,LibGen,LibGen.gl,PROTECTED,200,1704,,Cloudflare
2026-09-02T22:16:48.591876+00:00,LibGen,LibGen.gl,PROTECTED,200,975,,Cloudflare
2026-09-02T22:17:49.142529+00:00,LibGen,LibGen.gl,PROTECTED,200,999,,Cloudflare
2026-09-02T22:18:48.900724+00:00,LibGen,LibGen.gl,PROTECTED,200,1416,,Cloudflare
2026-09-02T22:19:51.539865+00:00,LibGen,LibGen.gl,PROTECTED,200,2447,,Cloudflare
2026-09-02T22:20:52.307863+00:00,LibGen,LibGen.gl,PROTECTED,200,2798,,Cloudflare
2026-09-02T22:21:52.079983+00:00,LibGen,LibGen.gl,PROTECTED,200,2352,,Cloudflare
2026-09-02T22:22:51.231058+00:00,LibGen,LibGen.gl,PROTECTED,200,673,,Cloudflare
2026-09-02T22:23:52.543923+00:00,LibGen,LibGen.gl,PROTECTED,200,2580,,Cloudflare
2026-09-02T22:24:52.123731+00:00,LibGen,LibGen.gl,PROTECTED,200,792,,Cloudflare
2026-09-02T22:25:57.341342+00:00,LibGen,LibGen.gl,PROTECTED,200,5103,,Cloudflare
2026-09-02T22:26:52.506016+00:00,LibGen,LibGen.gl,PROTECTED,200,1375,,Cloudflare
2026-09-02T22:27:52.228951+00:00,LibGen,LibGen.gl,PROTECTED,200,879,,Cloudflare
2026-09-02T22:28:55.236701+00:00,LibGen,LibGen.gl,PROTECTED,200,1800,,Cloudflare
2026-09-02T22:29:53.686023+00:00,LibGen,LibGen.gl,PROTECTED,200,738,,Cloudflare
2026-09-02T22:30:54.848825+00:00,LibGen,LibGen.gl,PROTECTED,200,2043,,Cloudflare
2026-09-02T22:31:54.440696+00:00,LibGen,LibGen.gl,PROTECTED,200,1196,,Cloudflare
2026-09-02T22:32:55.684220+00:00,LibGen,LibGen.gl,PROTECTED,200,846,,Cloudflare
2026-09-02T22:33:53.329577+00:00,LibGen,LibGen.gl,PROTECTED,200,708,,Cloudflare
2026-09-02T22:34:53.536411+00:00,LibGen,LibGen.gl,PROTECTED,200,847,,Cloudflare
2026-09-02T22:35:54.719908+00:00,LibGen,LibGen.gl,PROTECTED,200,1414,,Cloudflare
2026-09-02T22:37:14.146809+00:00,LibGen,LibGen.gl,DOWN,,,connection_refused,
2026-09-02T22:37:55.377561+00:00,LibGen,LibGen.gl,PROTECTED,200,1608,,Cloudflare
2026-09-02T22:38:58.238916+00:00,LibGen,LibGen.gl,PROTECTED,200,3245,,Cloudflare
2026-09-02T22:39:56.784440+00:00,LibGen,LibGen.gl,PROTECTED,200,1120,,Cloudflare
2026-09-02T22:40:56.765607+00:00,LibGen,LibGen.gl,PROTECTED,200,1401,,Cloudflare
2026-09-02T22:41:57.612572+00:00,LibGen,LibGen.gl,PROTECTED,200,2058,,Cloudflare
2026-09-02T22:42:56.768688+00:00,LibGen,LibGen.gl,PROTECTED,200,928,,Cloudflare
2026-09-02T22:43:57.349089+00:00,LibGen,LibGen.gl,PROTECTED,200,687,,Cloudflare
2026-09-02T22:45:17.759852+00:00,LibGen,LibGen.gl,DOWN,,,connection_refused,
2026-09-02T22:45:58.141869+00:00,LibGen,LibGen.gl,PROTECTED,200,1252,,Cloudflare
2026-09-02T22:46:57.793261+00:00,LibGen,LibGen.gl,PROTECTED,200,731,,Cloudflare
2026-09-02T22:47:59.119747+00:00,LibGen,LibGen.gl,PROTECTED,200,1349,,Cloudflare
2026-09-02T22:49:00.412364+00:00,LibGen,LibGen.gl,PROTECTED,200,1168,,Cloudflare
2026-09-02T22:49:58.872037+00:00,LibGen,LibGen.gl,PROTECTED,200,689,,Cloudflare
2026-09-02T22:51:01.170086+00:00,LibGen,LibGen.gl,PROTECTED,200,2278,,Cloudflare
2026-09-02T22:52:01.316770+00:00,LibGen,LibGen.gl,PROTECTED,200,1700,,Cloudflare
2026-09-02T22:53:01.723967+00:00,LibGen,LibGen.gl,PROTECTED,200,2492,,Cloudflare
2026-09-02T22:54:01.384037+00:00,LibGen,LibGen.gl,PROTECTED,200,1647,,Cloudflare
2026-09-02T22:55:03.740759+00:00,LibGen,LibGen.gl,PROTECTED,200,1836,,Cloudflare
2026-09-02T22:56:02.848950+00:00,LibGen,LibGen.gl,PROTECTED,200,1006,,Cloudflare
2026-09-02T22:57:02.725169+00:00,LibGen,LibGen.gl,PROTECTED,200,676,,Cloudflare
2026-09-02T22:58:03.620597+00:00,LibGen,LibGen.gl,PROTECTED,200,1665,,Cloudflare
2026-09-02T22:59:05.215512+00:00,LibGen,LibGen.gl,PROTECTED,200,2845,,Cloudflare
2026-09-02T23:00:08.087781+00:00,LibGen,LibGen.gl,PROTECTED,200,4380,,Cloudflare
2026-09-02T23:01:05.844832+00:00,LibGen,LibGen.gl,PROTECTED,200,2240,,Cloudflare
2026-09-02T23:02:05.283055+00:00,LibGen,LibGen.gl,PROTECTED,200,677,,Cloudflare
2026-09-02T23:03:06.772324+00:00,LibGen,LibGen.gl,PROTECTED,200,677,,Cloudflare
2026-09-02T23:04:08.273838+00:00,LibGen,LibGen.gl,PROTECTED,200,3323,,Cloudflare
2026-09-02T23:05:06.265457+00:00,LibGen,LibGen.gl,PROTECTED,200,1458,,Cloudflare
2026-09-02T23:06:07.233891+00:00,LibGen,LibGen.gl,PROTECTED,200,1151,,Cloudflare
2026-09-02T23:07:10.979945+00:00,LibGen,LibGen.gl,PROTECTED,200,4235,,Cloudflare
2026-09-02T23:08:07.064825+00:00,LibGen,LibGen.gl,PROTECTED,200,705,,Cloudflare
2026-09-02T23:09:08.270143+00:00,LibGen,LibGen.gl,PROTECTED,200,1887,,Cloudflare
2026-09-02T23:10:08.152079+00:00,LibGen,LibGen.gl,PROTECTED,200,1729,,Cloudflare
2026-09-02T23:11:09.420609+00:00,LibGen,LibGen.gl,PROTECTED,200,2392,,Cloudflare
2026-09-02T23:12:10.175708+00:00,LibGen,LibGen.gl,PROTECTED,200,2160,,Cloudflare
2026-09-02T23:13:09.603136+00:00,LibGen,LibGen.gl,PROTECTED,200,1120,,Cloudflare
2026-09-02T23:14:11.486815+00:00,LibGen,LibGen.gl,PROTECTED,200,2081,,Cloudflare
2026-09-02T23:15:10.659967+00:00,LibGen,LibGen.gl,PROTECTED,200,1894,,Cloudflare
2026-09-02T23:16:11.123699+00:00,LibGen,LibGen.gl,PROTECTED,200,954,,Cloudflare
2026-09-02T23:17:11.188919+00:00,LibGen,LibGen.gl,PROTECTED,200,1145,,Cloudflare
2026-09-02T23:18:11.507594+00:00,LibGen,LibGen.gl,PROTECTED,200,1337,,Cloudflare
2026-09-02T23:19:11.803666+00:00,LibGen,LibGen.gl,PROTECTED,200,1043,,Cloudflare
2026-09-02T23:20:11.881868+00:00,LibGen,LibGen.gl,PROTECTED,200,699,,Cloudflare
2026-09-02T23:21:13.674637+00:00,LibGen,LibGen.gl,PROTECTED,200,1648,,Cloudflare
2026-09-02T23:22:14.626122+00:00,LibGen,LibGen.gl,PROTECTED,200,2610,,Cloudflare
2026-09-02T23:23:13.430141+00:00,LibGen,LibGen.gl,PROTECTED,200,716,,Cloudflare
2026-09-02T23:24:15.828391+00:00,LibGen,LibGen.gl,PROTECTED,200,1637,,Cloudflare
2026-09-02T23:25:16.118073+00:00,LibGen,LibGen.gl,PROTECTED,200,2013,,Cloudflare
2026-09-02T23:26:15.613063+00:00,LibGen,LibGen.gl,PROTECTED,200,848,,Cloudflare
2026-09-02T23:27:16.663806+00:00,LibGen,LibGen.gl,PROTECTED,200,1542,,Cloudflare
2026-09-02T23:28:17.276442+00:00,LibGen,LibGen.gl,PROTECTED,200,1680,,Cloudflare
2026-09-02T23:29:15.886709+00:00,LibGen,LibGen.gl,PROTECTED,200,683,,Cloudflare
2026-09-02T23:30:16.523655+00:00,LibGen,LibGen.gl,PROTECTED,200,681,,Cloudflare
2026-09-02T23:31:17.019171+00:00,LibGen,LibGen.gl,PROTECTED,200,1037,,Cloudflare
2026-09-02T23:32:19.368751+00:00,LibGen,LibGen.gl,PROTECTED,200,3244,,Cloudflare
2026-09-02T23:33:18.165845+00:00,LibGen,LibGen.gl,PROTECTED,200,916,,Cloudflare
2026-09-02T23:34:21.097844+00:00,LibGen,LibGen.gl,PROTECTED,200,1169,,Cloudflare
2026-09-02T23:35:20.137953+00:00,LibGen,LibGen.gl,PROTECTED,200,1755,,Cloudflare
2026-09-02T23:36:18.713202+00:00,LibGen,LibGen.gl,PROTECTED,200,723,,Cloudflare
2026-09-02T23:37:20.376938+00:00,LibGen,LibGen.gl,PROTECTED,200,1683,,Cloudflare
2026-09-02T23:38:20.137604+00:00,LibGen,LibGen.gl,PROTECTED,200,1040,,Cloudflare
2026-09-02T23:39:22.664030+00:00,LibGen,LibGen.gl,PROTECTED,200,1422,,Cloudflare
2026-09-02T23:40:22.626015+00:00,LibGen,LibGen.gl,PROTECTED,200,1601,,Cloudflare
2026-09-02T23:41:23.002776+00:00,LibGen,LibGen.gl,PROTECTED,200,1192,,Cloudflare
2026-09-02T23:42:23.104096+00:00,LibGen,LibGen.gl,PROTECTED,200,766,,Cloudflare
2026-09-02T23:43:24.376677+00:00,LibGen,LibGen.gl,PROTECTED,200,2063,,Cloudflare
2026-09-02T23:44:26.821530+00:00,LibGen,LibGen.gl,PROTECTED,200,3166,,Cloudflare
2026-09-02T23:45:24.560598+00:00,LibGen,LibGen.gl,PROTECTED,200,1387,,Cloudflare
2026-09-02T23:46:25.654967+00:00,LibGen,LibGen.gl,PROTECTED,200,1492,,Cloudflare
2026-09-02T23:47:26.472065+00:00,LibGen,LibGen.gl,PROTECTED,200,1426,,Cloudflare
2026-09-02T23:48:27.052839+00:00,LibGen,LibGen.gl,PROTECTED,200,1138,,Cloudflare
2026-09-02T23:49:28.333892+00:00,LibGen,LibGen.gl,PROTECTED,200,3163,,Cloudflare
2026-09-02T23:50:26.628622+00:00,LibGen,LibGen.gl,PROTECTED,200,1180,,Cloudflare
2026-09-02T23:51:26.879465+00:00,LibGen,LibGen.gl,PROTECTED,200,704,,Cloudflare
2026-09-02T23:52:27.462991+00:00,LibGen,LibGen.gl,PROTECTED,200,1701,,Cloudflare
2026-09-02T23:53:27.932434+00:00,LibGen,LibGen.gl,PROTECTED,200,784,,Cloudflare
2026-09-02T23:54:28.471143+00:00,LibGen,LibGen.gl,PROTECTED,200,951,,Cloudflare
2026-09-02T23:55:28.456704+00:00,LibGen,LibGen.gl,PROTECTED,200,1411,,Cloudflare
2026-09-02T23:56:30.368145+00:00,LibGen,LibGen.gl,PROTECTED,200,2177,,Cloudflare
2026-09-02T23:57:28.975452+00:00,LibGen,LibGen.gl,PROTECTED,200,827,,Cloudflare
2026-09-02T23:58:29.559065+00:00,LibGen,LibGen.gl,PROTECTED,200,810,,Cloudflare
2026-09-02T23:59:31.965720+00:00,LibGen,LibGen.gl,PROTECTED,200,2200,,Cloudflare
2026-09-03T00:00:30.634148+00:00,LibGen,LibGen.gl,PROTECTED,200,1306,,Cloudflare
2026-09-03T00:01:32.539853+00:00,LibGen,LibGen.gl,PROTECTED,200,2852,,Cloudflare
2026-09-03T00:02:31.165390+00:00,LibGen,LibGen.gl,PROTECTED,200,717,,Cloudflare
2026-09-03T00:03:31.967691+00:00,LibGen,LibGen.gl,PROTECTED,200,698,,Cloudflare
2026-09-03T00:04:33.283766+00:00,LibGen,LibGen.gl,PROTECTED,200,1777,,Cloudflare
2026-09-03T00:05:33.740937+00:00,LibGen,LibGen.gl,PROTECTED,200,1851,,Cloudflare
2026-09-03T00:06:34.423921+00:00,LibGen,LibGen.gl,PROTECTED,200,678,,Cloudflare
2026-09-03T00:07:34.409106+00:00,LibGen,LibGen.gl,PROTECTED,200,940,,Cloudflare
2026-09-03T00:08:34.309109+00:00,LibGen,LibGen.gl,PROTECTED,200,1017,,Cloudflare
2026-09-03T00:09:35.149039+00:00,LibGen,LibGen.gl,PROTECTED,200,927,,Cloudflare
2026-09-03T00:10:34.669092+00:00,LibGen,LibGen.gl,PROTECTED,200,818,,Cloudflare
2026-09-03T00:11:35.350384+00:00,LibGen,LibGen.gl,PROTECTED,200,837,,Cloudflare
2026-09-03T00:12:37.326301+00:00,LibGen,LibGen.gl,PROTECTED,200,1598,,Cloudflare
2026-09-03T00:13:36.149394+00:00,LibGen,LibGen.gl,PROTECTED,200,1058,,Cloudflare
2026-09-03T00:14:37.011139+00:00,LibGen,LibGen.gl,PROTECTED,200,1581,,Cloudflare
2026-09-03T00:15:37.007978+00:00,LibGen,LibGen.gl,PROTECTED,200,1410,,Cloudflare
2026-09-03T00:16:36.871590+00:00,LibGen,LibGen.gl,PROTECTED,200,694,,Cloudflare
2026-09-03T00:17:39.148371+00:00,LibGen,LibGen.gl,PROTECTED,200,2916,,Cloudflare
2026-09-03T00:18:39.381936+00:00,LibGen,LibGen.gl,PROTECTED,200,2153,,Cloudflare
2026-09-03T00:19:43.484152+00:00,LibGen,LibGen.gl,PROTECTED,200,6247,,Cloudflare
2026-09-03T00:20:38.925908+00:00,LibGen,LibGen.gl,PROTECTED,200,1210,,Cloudflare
2026-09-03T00:21:40.002000+00:00,LibGen,LibGen.gl,PROTECTED,200,2396,,Cloudflare
2026-09-03T00:22:40.853074+00:00,LibGen,LibGen.gl,PROTECTED,200,1192,,Cloudflare
2026-09-03T00:23:40.817942+00:00,LibGen,LibGen.gl,PROTECTED,200,1037,,Cloudflare
2026-09-03T00:24:43.434540+00:00,LibGen,LibGen.gl,PROTECTED,200,1588,,Cloudflare
2026-09-03T00:25:45.407149+00:00,LibGen,LibGen.gl,PROTECTED,200,4398,,Cloudflare
2026-09-03T00:26:42.157480+00:00,LibGen,LibGen.gl,PROTECTED,200,1708,,Cloudflare
2026-09-03T00:27:42.708881+00:00,LibGen,LibGen.gl,PROTECTED,200,675,,Cloudflare
2026-09-03T00:28:43.493050+00:00,LibGen,LibGen.gl,PROTECTED,200,2369,,Cloudflare
2026-09-03T00:29:42.843183+00:00,LibGen,LibGen.gl,PROTECTED,200,701,,Cloudflare
2026-09-03T00:30:44.501142+00:00,LibGen,LibGen.gl,PROTECTED,200,1329,,Cloudflare
2026-09-03T00:31:43.043618+00:00,LibGen,LibGen.gl,PROTECTED,200,708,,Cloudflare
2026-09-03T00:32:44.509052+00:00,LibGen,LibGen.gl,PROTECTED,200,676,,Cloudflare
2026-09-03T00:33:45.957141+00:00,LibGen,LibGen.gl,PROTECTED,200,3121,,Cloudflare
2026-09-03T00:34:44.099854+00:00,LibGen,LibGen.gl,PROTECTED,200,673,,Cloudflare
2026-09-03T00:35:46.277546+00:00,LibGen,LibGen.gl,PROTECTED,200,2107,,Cloudflare
2026-09-03T00:36:45.180927+00:00,LibGen,LibGen.gl,PROTECTED,200,1695,,Cloudflare
2026-09-03T00:37:45.901858+00:00,LibGen,LibGen.gl,PROTECTED,200,1932,,Cloudflare
2026-09-03T00:38:46.269532+00:00,LibGen,LibGen.gl,PROTECTED,200,1164,,Cloudflare
2026-09-03T00:39:45.610588+00:00,LibGen,LibGen.gl,PROTECTED,200,1219,,Cloudflare
2026-09-03T00:40:45.691585+00:00,LibGen,LibGen.gl,PROTECTED,200,679,,Cloudflare
2026-09-03T00:41:46.534261+00:00,LibGen,LibGen.gl,PROTECTED,200,1402,,Cloudflare
2026-09-03T00:42:47.271977+00:00,LibGen,LibGen.gl,PROTECTED,200,1000,,Cloudflare
2026-09-03T00:43:48.663796+00:00,LibGen,LibGen.gl,PROTECTED,200,1884,,Cloudflare
2026-09-03T00:44:48.231965+00:00,LibGen,LibGen.gl,PROTECTED,200,1276,,Cloudflare
2026-09-03T00:45:48.138666+00:00,LibGen,LibGen.gl,PROTECTED,200,1518,,Cloudflare
2026-09-03T00:46:47.908793+00:00,LibGen,LibGen.gl,PROTECTED,200,1244,,Cloudflare
2026-09-03T00:47:48.454615+00:00,LibGen,LibGen.gl,PROTECTED,200,1724,,Cloudflare
2026-09-03T00:48:48.427780+00:00,LibGen,LibGen.gl,PROTECTED,200,1031,,Cloudflare
2026-09-03T00:49:48.355834+00:00,LibGen,LibGen.gl,PROTECTED,200,675,,Cloudflare
2026-09-03T00:50:49.934307+00:00,LibGen,LibGen.gl,PROTECTED,200,1461,,Cloudflare
2026-09-03T00:51:49.556333+00:00,LibGen,LibGen.gl,PROTECTED,200,1184,,Cloudflare
2026-09-03T00:52:50.724528+00:00,LibGen,LibGen.gl,PROTECTED,200,929,,Cloudflare
2026-09-03T00:53:53.252816+00:00,LibGen,LibGen.gl,PROTECTED,200,3272,,Cloudflare
2026-09-03T00:54:52.058211+00:00,LibGen,LibGen.gl,PROTECTED,200,1204,,Cloudflare
2026-09-03T00:55:52.059611+00:00,LibGen,LibGen.gl,PROTECTED,200,685,,Cloudflare
2026-09-03T00:56:51.849969+00:00,LibGen,LibGen.gl,PROTECTED,200,1589,,Cloudflare
2026-09-03T00:57:52.845862+00:00,LibGen,LibGen.gl,PROTECTED,200,2359,,Cloudflare
2026-09-03T00:58:52.095745+00:00,LibGen,LibGen.gl,PROTECTED,200,874,,Cloudflare
2026-09-03T00:59:53.027843+00:00,LibGen,LibGen.gl,PROTECTED,200,1800,,Cloudflare
2026-09-03T01:00:52.921189+00:00,LibGen,LibGen.gl,PROTECTED,200,1188,,Cloudflare
2026-09-03T01:01:53.438940+00:00,LibGen,LibGen.gl,PROTECTED,200,698,,Cloudflare
2026-09-03T01:02:55.699968+00:00,LibGen,LibGen.gl,PROTECTED,200,1689,,Cloudflare
2026-09-03T01:03:54.749433+00:00,LibGen,LibGen.gl,PROTECTED,200,2070,,Cloudflare
2026-09-03T01:04:53.936209+00:00,LibGen,LibGen.gl,PROTECTED,200,932,,Cloudflare
2026-09-03T01:05:53.902620+00:00,LibGen,LibGen.gl,PROTECTED,200,677,,Cloudflare
2026-09-03T01:06:54.843657+00:00,LibGen,LibGen.gl,PROTECTED,200,950,,Cloudflare
2026-09-03T01:07:56.442862+00:00,LibGen,LibGen.gl,PROTECTED,200,1900,,Cloudflare
2026-09-03T01:08:55.619513+00:00,LibGen,LibGen.gl,PROTECTED,200,691,,Cloudflare
2026-09-03T01:09:56.166826+00:00,LibGen,LibGen.gl,PROTECTED,200,1119,,Cloudflare
2026-09-03T01:10:55.981788+00:00,LibGen,LibGen.gl,PROTECTED,200,784,,Cloudflare
2026-09-03T01:11:57.526065+00:00,LibGen,LibGen.gl,PROTECTED,200,1664,,Cloudflare
2026-09-03T01:12:58.225559+00:00,LibGen,LibGen.gl,PROTECTED,200,1596,,Cloudflare
2026-09-03T01:13:57.544435+00:00,LibGen,LibGen.gl,PROTECTED,200,701,,Cloudflare
2026-09-03T01:14:58.746135+00:00,LibGen,LibGen.gl,PROTECTED,200,1724,,Cloudflare
2026-09-03T01:16:00.071673+00:00,LibGen,LibGen.gl,PROTECTED,200,1397,,Cloudflare
2026-09-03T01:17:03.774055+00:00,LibGen,LibGen.gl,PROTECTED,200,4696,,Cloudflare
2026-09-03T01:17:59.690982+00:00,LibGen,LibGen.gl,PROTECTED,200,708,,Cloudflare
2026-09-03T01:19:01.357125+00:00,LibGen,LibGen.gl,PROTECTED,200,1039,,Cloudflare
2026-09-03T01:20:04.018305+00:00,LibGen,LibGen.gl,PROTECTED,200,1939,,Cloudflare
2026-09-03T01:21:02.175728+00:00,LibGen,LibGen.gl,PROTECTED,200,1242,,Cloudflare
2026-09-03T01:22:03.442112+00:00,LibGen,LibGen.gl,PROTECTED,200,1112,,Cloudflare
2026-09-03T01:23:03.490642+00:00,LibGen,LibGen.gl,PROTECTED,200,1402,,Cloudflare
2026-09-03T01:24:03.646399+00:00,LibGen,LibGen.gl,PROTECTED,200,698,,Cloudflare
2026-09-03T01:25:04.595098+00:00,LibGen,LibGen.gl,PROTECTED,200,1148,,Cloudflare
2026-09-03T01:26:06.540066+00:00,LibGen,LibGen.gl,PROTECTED,200,1798,,Cloudflare
2026-09-03T01:27:06.722076+00:00,LibGen,LibGen.gl,PROTECTED,200,1747,,Cloudflare
2026-09-03T01:28:06.941643+00:00,LibGen,LibGen.gl,PROTECTED,200,813,,Cloudflare
2026-09-03T01:29:06.484889+00:00,LibGen,LibGen.gl,PROTECTED,200,1578,,Cloudflare
2026-09-03T01:30:07.125869+00:00,LibGen,LibGen.gl,PROTECTED,200,1491,,Cloudflare
2026-09-03T01:31:08.143605+00:00,LibGen,LibGen.gl,PROTECTED,200,2217,,Cloudflare
2026-09-03T01:32:07.807863+00:00,LibGen,LibGen.gl,PROTECTED,200,1052,,Cloudflare
2026-09-03T01:33:07.796568+00:00,LibGen,LibGen.gl,PROTECTED,200,682,,Cloudflare
2026-09-03T01:34:11.888719+00:00,LibGen,LibGen.gl,PROTECTED,200,1992,,Cloudflare
2026-09-03T01:35:08.705056+00:00,LibGen,LibGen.gl,PROTECTED,200,1310,,Cloudflare
2026-09-03T01:36:08.888243+00:00,LibGen,LibGen.gl,PROTECTED,200,902,,Cloudflare
2026-09-03T01:37:10.095801+00:00,LibGen,LibGen.gl,PROTECTED,200,1128,,Cloudflare
2026-09-03T01:38:10.087573+00:00,LibGen,LibGen.gl,PROTECTED,200,808,,Cloudflare
2026-09-03T01:39:10.030038+00:00,LibGen,LibGen.gl,PROTECTED,200,676,,Cloudflare
2026-09-03T01:40:11.968587+00:00,LibGen,LibGen.gl,PROTECTED,200,1214,,Cloudflare
2026-09-03T01:41:11.066108+00:00,LibGen,LibGen.gl,PROTECTED,200,841,,Cloudflare
2026-09-03T01:42:11.934963+00:00,LibGen,LibGen.gl,PROTECTED,200,2224,,Cloudflare
2026-09-03T01:43:11.984998+00:00,LibGen,LibGen.gl,PROTECTED,200,1897,,Cloudflare
2026-09-03T01:44:11.941809+00:00,LibGen,LibGen.gl,PROTECTED,200,1211,,Cloudflare
2026-09-03T01:45:13.005778+00:00,LibGen,LibGen.gl,PROTECTED,200,2213,,Cloudflare
2026-09-03T01:46:13.023359+00:00,LibGen,LibGen.gl,PROTECTED,200,1191,,Cloudflare
2026-09-03T01:47:13.915841+00:00,LibGen,LibGen.gl,PROTECTED,200,1922,,Cloudflare
2026-09-03T01:48:14.346604+00:00,LibGen,LibGen.gl,PROTECTED,200,1595,,Cloudflare
2026-09-03T01:49:13.600978+00:00,LibGen,LibGen.gl,PROTECTED,200,897,,Cloudflare
2026-09-03T01:50:14.551469+00:00,LibGen,LibGen.gl,PROTECTED,200,1417,,Cloudflare
2026-09-03T01:51:15.154009+00:00,LibGen,LibGen.gl,PROTECTED,200,1876,,Cloudflare
2026-09-03T01:52:16.851751+00:00,LibGen,LibGen.gl,PROTECTED,200,3166,,Cloudflare
2026-09-03T01:53:15.621801+00:00,LibGen,LibGen.gl,PROTECTED,200,1047,,Cloudflare
2026-09-03T01:54:15.863211+00:00,LibGen,LibGen.gl,PROTECTED,200,1469,,Cloudflare
2026-09-03T01:55:16.420467+00:00,LibGen,LibGen.gl,PROTECTED,200,1375,,Cloudflare
2026-09-03T01:56:16.746794+00:00,LibGen,LibGen.gl,PROTECTED,200,1425,,Cloudflare
2026-09-03T01:57:16.347167+00:00,LibGen,LibGen.gl,PROTECTED,200,686,,Cloudflare
2026-09-03T01:58:18.501769+00:00,LibGen,LibGen.gl,PROTECTED,200,2485,,Cloudflare
2026-09-03T01:59:19.539314+00:00,LibGen,LibGen.gl,PROTECTED,200,1394,,Cloudflare
2026-09-03T02:00:18.665413+00:00,LibGen,LibGen.gl,PROTECTED,200,1141,,Cloudflare
2026-09-03T02:01:20.551020+00:00,LibGen,LibGen.gl,PROTECTED,200,2258,,Cloudflare
2026-09-03T02:02:20.870140+00:00,LibGen,LibGen.gl,PROTECTED,200,2558,,Cloudflare
2026-09-03T02:03:19.629992+00:00,LibGen,LibGen.gl,PROTECTED,200,688,,Cloudflare
2026-09-03T02:04:22.544960+00:00,LibGen,LibGen.gl,PROTECTED,200,3214,,Cloudflare
2026-09-03T02:05:23.167234+00:00,LibGen,LibGen.gl,PROTECTED,200,2542,,Cloudflare
2026-09-03T02:06:21.815559+00:00,LibGen,LibGen.gl,PROTECTED,200,665,,Cloudflare
2026-09-03T02:07:21.482904+00:00,LibGen,LibGen.gl,PROTECTED,200,711,,Cloudflare
2026-09-03T02:08:22.427061+00:00,LibGen,LibGen.gl,PROTECTED,200,1401,,Cloudflare
2026-09-03T02:09:22.843427+00:00,LibGen,LibGen.gl,PROTECTED,200,919,,Cloudflare
2026-09-03T02:10:23.654622+00:00,LibGen,LibGen.gl,PROTECTED,200,1702,,Cloudflare
2026-09-03T02:11:24.507965+00:00,LibGen,LibGen.gl,PROTECTED,200,1953,,Cloudflare
2026-09-03T02:12:25.146479+00:00,LibGen,LibGen.gl,PROTECTED,200,2119,,Cloudflare
2026-09-03T02:13:25.734083+00:00,LibGen,LibGen.gl,PROTECTED,200,1718,,Cloudflare
2026-09-03T02:14:24.942215+00:00,LibGen,LibGen.gl,PROTECTED,200,665,,Cloudflare
2026-09-03T02:15:26.333926+00:00,LibGen,LibGen.gl,PROTECTED,200,945,,Cloudflare
2026-09-03T02:16:25.556383+00:00,LibGen,LibGen.gl,PROTECTED,200,670,,Cloudflare
2026-09-03T02:17:26.546078+00:00,LibGen,LibGen.gl,PROTECTED,200,701,,Cloudflare
2026-09-03T02:18:28.068731+00:00,LibGen,LibGen.gl,PROTECTED,200,739,,Cloudflare
2026-09-03T02:19:26.844570+00:00,LibGen,LibGen.gl,PROTECTED,200,860,,Cloudflare
2026-09-03T02:20:27.068243+00:00,LibGen,LibGen.gl,PROTECTED,200,1009,,Cloudflare
2026-09-03T02:21:29.079120+00:00,LibGen,LibGen.gl,PROTECTED,200,2399,,Cloudflare
2026-09-03T02:22:28.721050+00:00,LibGen,LibGen.gl,PROTECTED,200,1599,,Cloudflare
2026-09-03T02:23:30.460789+00:00,LibGen,LibGen.gl,PROTECTED,200,1499,,Cloudflare
2026-09-03T02:24:29.381241+00:00,LibGen,LibGen.gl,PROTECTED,200,1730,,Cloudflare
2026-09-03T02:25:30.346595+00:00,LibGen,LibGen.gl,PROTECTED,200,1806,,Cloudflare
2026-09-03T02:26:30.413642+00:00,LibGen,LibGen.gl,PROTECTED,200,688,,Cloudflare
2026-09-03T02:27:31.150559+00:00,LibGen,LibGen.gl,PROTECTED,200,1186,,Cloudflare
2026-09-03T02:28:31.557748+00:00,LibGen,LibGen.gl,PROTECTED,200,672,,Cloudflare
2026-09-03T02:29:34.832490+00:00,LibGen,LibGen.gl,PROTECTED,200,4873,,Cloudflare
2026-09-03T02:30:31.614029+00:00,LibGen,LibGen.gl,PROTECTED,200,975,,Cloudflare
2026-09-03T02:31:36.017363+00:00,LibGen,LibGen.gl,PROTECTED,200,3243,,Cloudflare
2026-09-03T02:32:51.993702+00:00,LibGen,LibGen.gl,DOWN,,,connection_refused,
2026-09-03T02:33:33.470016+00:00,LibGen,LibGen.gl,PROTECTED,200,1583,,Cloudflare
2026-09-03T02:34:34.136601+00:00,LibGen,LibGen.gl,PROTECTED,200,2182,,Cloudflare
2026-09-03T02:35:34.278242+00:00,LibGen,LibGen.gl,PROTECTED,200,673,,Cloudflare
2026-09-03T02:36:34.663381+00:00,LibGen,LibGen.gl,PROTECTED,200,1003,,Cloudflare
2026-09-03T02:37:50.135650+00:00,LibGen,LibGen.gl,PROTECTED,200,16670,,Cloudflare
2026-09-03T02:38:34.954029+00:00,LibGen,LibGen.gl,PROTECTED,200,1453,,Cloudflare
2026-09-03T02:39:36.134306+00:00,LibGen,LibGen.gl,PROTECTED,200,2356,,Cloudflare
2026-09-03T02:40:36.521962+00:00,LibGen,LibGen.gl,PROTECTED,200,2483,,Cloudflare
2026-09-03T02:41:37.021263+00:00,LibGen,LibGen.gl,PROTECTED,200,2128,,Cloudflare
2026-09-03T02:42:35.124681+00:00,LibGen,LibGen.gl,PROTECTED,200,679,,Cloudflare
2026-09-03T02:43:36.632922+00:00,LibGen,LibGen.gl,PROTECTED,200,1875,,Cloudflare
2026-09-03T02:44:36.799012+00:00,LibGen,LibGen.gl,PROTECTED,200,1203,,Cloudflare
2026-09-03T02:45:37.825799+00:00,LibGen,LibGen.gl,PROTECTED,200,927,,Cloudflare
2026-09-03T02:46:39.510383+00:00,LibGen,LibGen.gl,PROTECTED,200,1615,,Cloudflare
2026-09-03T02:47:38.818994+00:00,LibGen,LibGen.gl,PROTECTED,200,2229,,Cloudflare
2026-09-03T02:48:39.372513+00:00,LibGen,LibGen.gl,PROTECTED,200,1035,,Cloudflare
2026-09-03T02:49:39.261406+00:00,LibGen,LibGen.gl,PROTECTED,200,1407,,Cloudflare
2026-09-03T02:50:39.029792+00:00,LibGen,LibGen.gl,PROTECTED,200,1032,,Cloudflare
2026-09-03T02:51:39.640652+00:00,LibGen,LibGen.gl,PROTECTED,200,843,,Cloudflare
2026-09-03T02:52:39.766509+00:00,LibGen,LibGen.gl,PROTECTED,200,1492,,Cloudflare
2026-09-03T02:53:39.824622+00:00,LibGen,LibGen.gl,PROTECTED,200,1725,,Cloudflare
2026-09-03T02:54:42.080275+00:00,LibGen,LibGen.gl,PROTECTED,200,1549,,Cloudflare
2026-09-03T02:55:40.500835+00:00,LibGen,LibGen.gl,PROTECTED,200,724,,Cloudflare
2026-09-03T02:56:42.155394+00:00,LibGen,LibGen.gl,PROTECTED,200,2828,,Cloudflare
2026-09-03T02:57:41.216698+00:00,LibGen,LibGen.gl,PROTECTED,200,1676,,Cloudflare
2026-09-03T02:58:41.377584+00:00,LibGen,LibGen.gl,PROTECTED,200,1384,,Cloudflare
2026-09-03T02:59:41.717430+00:00,LibGen,LibGen.gl,PROTECTED,200,1403,,Cloudflare
2026-09-03T03:00:43.696208+00:00,LibGen,LibGen.gl,PROTECTED,200,700,,Cloudflare
2026-09-03T03:01:41.850799+00:00,LibGen,LibGen.gl,PROTECTED,200,712,,Cloudflare
2026-09-03T03:02:42.551091+00:00,LibGen,LibGen.gl,PROTECTED,200,689,,Cloudflare
2026-09-03T03:03:43.664799+00:00,LibGen,LibGen.gl,PROTECTED,200,1579,,Cloudflare
2026-09-03T03:04:43.882962+00:00,LibGen,LibGen.gl,PROTECTED,200,1524,,Cloudflare
2026-09-03T03:05:44.131603+00:00,LibGen,LibGen.gl,PROTECTED,200,1407,,Cloudflare
2026-09-03T03:06:44.963701+00:00,LibGen,LibGen.gl,PROTECTED,200,1420,,Cloudflare
2026-09-03T03:07:45.506443+00:00,LibGen,LibGen.gl,PROTECTED,200,1733,,Cloudflare
2026-09-03T03:08:44.513241+00:00,LibGen,LibGen.gl,PROTECTED,200,699,,Cloudflare
2026-09-03T03:09:46.745797+00:00,LibGen,LibGen.gl,PROTECTED,200,1415,,Cloudflare
2026-09-03T03:10:45.497582+00:00,LibGen,LibGen.gl,PROTECTED,200,684,,Cloudflare
2026-09-03T03:11:47.621086+00:00,LibGen,LibGen.gl,PROTECTED,200,1353,,Cloudflare
2026-09-03T03:12:47.087737+00:00,LibGen,LibGen.gl,PROTECTED,200,1666,,Cloudflare
2026-09-03T03:13:46.488725+00:00,LibGen,LibGen.gl,PROTECTED,200,686,,Cloudflare
2026-09-03T03:14:48.032743+00:00,LibGen,LibGen.gl,PROTECTED,200,1424,,Cloudflare
2026-09-03T03:15:49.133686+00:00,LibGen,LibGen.gl,PROTECTED,200,1275,,Cloudflare
2026-09-03T03:16:49.289055+00:00,LibGen,LibGen.gl,PROTECTED,200,818,,Cloudflare
2026-09-03T03:17:50.005834+00:00,LibGen,LibGen.gl,PROTECTED,200,1195,,Cloudflare
2026-09-03T03:18:49.225459+00:00,LibGen,LibGen.gl,PROTECTED,200,714,,Cloudflare
2026-09-03T03:19:50.824223+00:00,LibGen,LibGen.gl,PROTECTED,200,1405,,Cloudflare
2026-09-03T03:20:50.560650+00:00,LibGen,LibGen.gl,PROTECTED,200,1169,,Cloudflare
2026-09-03T03:21:53.117685+00:00,LibGen,LibGen.gl,PROTECTED,200,2194,,Cloudflare
2026-09-03T03:22:52.388919+00:00,LibGen,LibGen.gl,PROTECTED,200,2305,,Cloudflare
2026-09-03T03:23:52.900924+00:00,LibGen,LibGen.gl,PROTECTED,200,3271,,Cloudflare
2026-09-03T03:24:52.210148+00:00,LibGen,LibGen.gl,PROTECTED,200,1227,,Cloudflare
2026-09-03T03:25:52.176487+00:00,LibGen,LibGen.gl,PROTECTED,200,1334,,Cloudflare
2026-09-03T03:26:54.242765+00:00,LibGen,LibGen.gl,PROTECTED,200,2904,,Cloudflare
2026-09-03T03:27:55.938478+00:00,LibGen,LibGen.gl,PROTECTED,200,4986,,Cloudflare
2026-09-03T03:28:52.613790+00:00,LibGen,LibGen.gl,PROTECTED,200,1448,,Cloudflare
2026-09-03T03:29:54.872016+00:00,LibGen,LibGen.gl,PROTECTED,200,1698,,Cloudflare
2026-09-03T03:30:53.704567+00:00,LibGen,LibGen.gl,PROTECTED,200,1537,,Cloudflare
2026-09-03T03:31:55.764573+00:00,LibGen,LibGen.gl,PROTECTED,200,1325,,Cloudflare
2026-09-03T03:32:54.556821+00:00,LibGen,LibGen.gl,PROTECTED,200,1157,,Cloudflare
2026-09-03T03:33:55.347728+00:00,LibGen,LibGen.gl,PROTECTED,200,1223,,Cloudflare
2026-09-03T03:35:15.234031+00:00,LibGen,LibGen.gl,DOWN,,,connection_refused,
2026-09-03T03:35:55.014391+00:00,LibGen,LibGen.gl,PROTECTED,200,825,,Cloudflare
2026-09-03T03:36:55.852682+00:00,LibGen,LibGen.gl,PROTECTED,200,1773,,Cloudflare
2026-09-03T03:37:57.030372+00:00,LibGen,LibGen.gl,PROTECTED,200,1547,,Cloudflare
2026-09-03T03:38:58.944009+00:00,LibGen,LibGen.gl,PROTECTED,200,1859,,Cloudflare
2026-09-03T03:39:57.041818+00:00,LibGen,LibGen.gl,PROTECTED,200,714,,Cloudflare
2026-09-03T03:41:00.316270+00:00,LibGen,LibGen.gl,PROTECTED,200,3474,,Cloudflare
2026-09-03T03:41:59.784580+00:00,LibGen,LibGen.gl,PROTECTED,200,2845,,Cloudflare
2026-09-03T03:43:01.519619+00:00,LibGen,LibGen.gl,PROTECTED,200,4018,,Cloudflare
2026-09-03T03:43:59.354744+00:00,LibGen,LibGen.gl,PROTECTED,200,1423,,Cloudflare
2026-09-03T03:45:01.327564+00:00,LibGen,LibGen.gl,PROTECTED,200,3401,,Cloudflare
2026-09-03T03:46:01.553393+00:00,LibGen,LibGen.gl,PROTECTED,200,1729,,Cloudflare
2026-09-03T03:47:00.528992+00:00,LibGen,LibGen.gl,PROTECTED,200,1164,,Cloudflare
2026-09-03T03:48:00.808550+00:00,LibGen,LibGen.gl,PROTECTED,200,1377,,Cloudflare
2026-09-03T03:49:00.941832+00:00,LibGen,LibGen.gl,PROTECTED,200,1401,,Cloudflare
2026-09-03T03:50:01.436509+00:00,LibGen,LibGen.gl,PROTECTED,200,1170,,Cloudflare
2026-09-03T03:51:01.922147+00:00,LibGen,LibGen.gl,PROTECTED,200,1449,,Cloudflare
2026-09-03T03:52:02.446798+00:00,LibGen,LibGen.gl,PROTECTED,200,1573,,Cloudflare
2026-09-03T03:53:03.226026+00:00,LibGen,LibGen.gl,PROTECTED,200,1421,,Cloudflare
2026-09-03T03:54:21.674942+00:00,LibGen,LibGen.gl,TIMEOUT,,,timeout,
2026-09-03T03:55:05.647922+00:00,LibGen,LibGen.gl,PROTECTED,200,3383,,Cloudflare
2026-09-03T03:56:04.853548+00:00,LibGen,LibGen.gl,PROTECTED,200,2243,,Cloudflare
2026-09-03T03:57:05.025156+00:00,LibGen,LibGen.gl,PROTECTED,200,1696,,Cloudflare
2026-09-03T03:58:04.643493+00:00,LibGen,LibGen.gl,PROTECTED,200,1077,,Cloudflare
2026-09-03T03:59:08.940585+00:00,LibGen,LibGen.gl,PROTECTED,200,4573,,Cloudflare
2026-09-03T04:00:07.552969+00:00,LibGen,LibGen.gl,PROTECTED,200,1353,,Cloudflare
2026-09-03T04:01:06.768904+00:00,LibGen,LibGen.gl,PROTECTED,200,1501,,Cloudflare
2026-09-03T04:02:06.708333+00:00,LibGen,LibGen.gl,PROTECTED,200,1190,,Cloudflare
2026-09-03T04:03:08.583997+00:00,LibGen,LibGen.gl,PROTECTED,200,2556,,Cloudflare
2026-09-03T04:04:09.324963+00:00,LibGen,LibGen.gl,PROTECTED,200,1341,,Cloudflare
2026-09-03T04:05:08.406369+00:00,LibGen,LibGen.gl,PROTECTED,200,1759,,Cloudflare
2026-09-03T04:06:08.014038+00:00,LibGen,LibGen.gl,PROTECTED,200,878,,Cloudflare
2026-09-03T04:07:08.116649+00:00,LibGen,LibGen.gl,PROTECTED,200,709,,Cloudflare
2026-09-03T04:08:08.688658+00:00,LibGen,LibGen.gl,PROTECTED,200,900,,Cloudflare
2026-09-03T04:09:10.204263+00:00,LibGen,LibGen.gl,PROTECTED,200,2132,,Cloudflare
2026-09-03T04:10:09.743703+00:00,LibGen,LibGen.gl,PROTECTED,200,1519,,Cloudflare
2026-09-03T04:11:11.877838+00:00,LibGen,LibGen.gl,PROTECTED,200,2231,,Cloudflare
2026-09-03T04:12:11.178887+00:00,LibGen,LibGen.gl,PROTECTED,200,969,,Cloudflare
2026-09-03T04:13:12.073906+00:00,LibGen,LibGen.gl,PROTECTED,200,1042,,Cloudflare
2026-09-03T04:14:12.765062+00:00,LibGen,LibGen.gl,PROTECTED,200,1183,,Cloudflare
2026-09-03T04:15:13.449127+00:00,LibGen,LibGen.gl,PROTECTED,200,680,,Cloudflare
2026-09-03T04:16:13.657340+00:00,LibGen,LibGen.gl,PROTECTED,200,1400,,Cloudflare
2026-09-03T04:17:13.831140+00:00,LibGen,LibGen.gl,PROTECTED,200,1450,,Cloudflare
2026-09-03T04:18:14.336581+00:00,LibGen,LibGen.gl,PROTECTED,200,1605,,Cloudflare
2026-09-03T04:19:15.001658+00:00,LibGen,LibGen.gl,PROTECTED,200,2123,,Cloudflare
2026-09-03T04:20:16.316034+00:00,LibGen,LibGen.gl,PROTECTED,200,2720,,Cloudflare
2026-09-03T04:21:15.052809+00:00,LibGen,LibGen.gl,PROTECTED,200,697,,Cloudflare
2026-09-03T04:22:16.277170+00:00,LibGen,LibGen.gl,PROTECTED,200,1761,,Cloudflare
2026-09-03T04:23:15.445866+00:00,LibGen,LibGen.gl,PROTECTED,200,663,,Cloudflare
2026-09-03T04:24:15.957362+00:00,LibGen,LibGen.gl,PROTECTED,200,1468,,Cloudflare
2026-09-03T04:25:15.813854+00:00,LibGen,LibGen.gl,PROTECTED,200,681,,Cloudflare
2026-09-03T04:26:16.793171+00:00,LibGen,LibGen.gl,PROTECTED,200,1463,,Cloudflare
2026-09-03T04:27:17.740112+00:00,LibGen,LibGen.gl,PROTECTED,200,2268,,Cloudflare
2026-09-03T04:28:20.880780+00:00,LibGen,LibGen.gl,PROTECTED,200,4960,,Cloudflare
2026-09-03T04:29:18.523568+00:00,LibGen,LibGen.gl,PROTECTED,200,2688,,Cloudflare
2026-09-03T04:30:17.330816+00:00,LibGen,LibGen.gl,PROTECTED,200,718,,Cloudflare
2026-09-03T04:31:18.792465+00:00,LibGen,LibGen.gl,PROTECTED,200,674,,Cloudflare
2026-09-03T04:32:19.001232+00:00,LibGen,LibGen.gl,PROTECTED,200,1115,,Cloudflare
2026-09-03T04:33:18.847365+00:00,LibGen,LibGen.gl,PROTECTED,200,888,,Cloudflare
2026-09-03T04:34:39.114835+00:00,LibGen,LibGen.gl,DOWN,,,connection_refused,
2026-09-03T04:35:21.490328+00:00,LibGen,LibGen.gl,PROTECTED,200,2690,,Cloudflare
2026-09-03T04:36:20.210672+00:00,LibGen,LibGen.gl,PROTECTED,200,1417,,Cloudflare
2026-09-03T04:37:22.034483+00:00,LibGen,LibGen.gl,PROTECTED,200,1362,,Cloudflare
2026-09-03T04:38:23.741966+00:00,LibGen,LibGen.gl,PROTECTED,200,2385,,Cloudflare
2026-09-03T04:39:20.963460+00:00,LibGen,LibGen.gl,PROTECTED,200,830,,Cloudflare
2026-09-03T04:40:22.305213+00:00,LibGen,LibGen.gl,PROTECTED,200,1464,,Cloudflare
2026-09-03T04:41:26.221962+00:00,LibGen,LibGen.gl,PROTECTED,200,1621,,Cloudflare
2026-09-03T04:42:23.664422+00:00,LibGen,LibGen.gl,PROTECTED,200,2434,,Cloudflare
2026-09-03T04:43:22.585542+00:00,LibGen,LibGen.gl,PROTECTED,200,896,,Cloudflare
2026-09-03T04:44:23.706683+00:00,LibGen,LibGen.gl,PROTECTED,200,970,,Cloudflare
2026-09-03T04:45:24.769317+00:00,LibGen,LibGen.gl,PROTECTED,200,1164,,Cloudflare
2026-09-03T04:46:24.054870+00:00,LibGen,LibGen.gl,PROTECTED,200,1367,,Cloudflare
2026-09-03T04:47:25.276212+00:00,LibGen,LibGen.gl,PROTECTED,200,2255,,Cloudflare
2026-09-03T04:48:23.896714+00:00,LibGen,LibGen.gl,DOWN,500,951,http_error,
2026-09-03T04:49:24.267067+00:00,LibGen,LibGen.gl,DOWN,500,695,http_error,
2026-09-03T04:50:26.544865+00:00,LibGen,LibGen.gl,PROTECTED,200,2373,,Cloudflare
2026-09-03T04:51:25.937997+00:00,LibGen,LibGen.gl,PROTECTED,200,1335,,Cloudflare
2026-09-03T04:52:26.646200+00:00,LibGen,LibGen.gl,PROTECTED,200,1486,,Cloudflare
2026-09-03T04:53:27.378506+00:00,LibGen,LibGen.gl,PROTECTED,200,1175,,Cloudflare
2026-09-03T04:54:27.709024+00:00,LibGen,LibGen.gl,PROTECTED,200,2160,,Cloudflare
2026-09-03T04:55:28.620862+00:00,LibGen,LibGen.gl,PROTECTED,200,689,,Cloudflare
2026-09-03T04:56:29.337203+00:00,LibGen,LibGen.gl,PROTECTED,200,2656,,Cloudflare
2026-09-03T04:57:28.613777+00:00,LibGen,LibGen.gl,PROTECTED,200,725,,Cloudflare
2026-09-03T04:58:28.500613+00:00,LibGen,LibGen.gl,PROTECTED,200,677,,Cloudflare
2026-09-03T04:59:28.882834+00:00,LibGen,LibGen.gl,PROTECTED,200,855,,Cloudflare
2026-09-03T05:00:31.558300+00:00,LibGen,LibGen.gl,PROTECTED,200,2751,,Cloudflare
2026-09-03T05:01:31.145612+00:00,LibGen,LibGen.gl,PROTECTED,200,1866,,Cloudflare
2026-09-03T05:02:32.561338+00:00,LibGen,LibGen.gl,PROTECTED,200,1045,,Cloudflare
2026-09-03T05:03:35.193745+00:00,LibGen,LibGen.gl,PROTECTED,200,4480,,Cloudflare
2026-09-03T05:04:32.570412+00:00,LibGen,LibGen.gl,PROTECTED,200,670,,Cloudflare
2026-09-03T05:05:35.124773+00:00,LibGen,LibGen.gl,PROTECTED,200,2104,,Cloudflare
2026-09-03T05:06:33.290251+00:00,LibGen,LibGen.gl,PROTECTED,200,669,,Cloudflare
2026-09-03T05:07:34.781475+00:00,LibGen,LibGen.gl,PROTECTED,200,1928,,Cloudflare
2026-09-03T05:08:34.600193+00:00,LibGen,LibGen.gl,PROTECTED,200,1156,,Cloudflare
2026-09-03T05:09:33.865509+00:00,LibGen,LibGen.gl,PROTECTED,200,876,,Cloudflare
2026-09-03T05:10:35.366067+00:00,LibGen,LibGen.gl,PROTECTED,200,2128,,Cloudflare
2026-09-03T05:11:35.451959+00:00,LibGen,LibGen.gl,PROTECTED,200,678,,Cloudflare
2026-09-03T05:12:36.459970+00:00,LibGen,LibGen.gl,PROTECTED,200,1138,,Cloudflare
2026-09-03T05:13:35.502635+00:00,LibGen,LibGen.gl,PROTECTED,200,677,,Cloudflare
2026-09-03T05:14:36.804193+00:00,LibGen,LibGen.gl,PROTECTED,200,1604,,Cloudflare
2026-09-03T05:15:37.352524+00:00,LibGen,LibGen.gl,PROTECTED,200,1568,,Cloudflare
2026-09-03T05:16:37.077515+00:00,LibGen,LibGen.gl,PROTECTED,200,903,,Cloudflare
2026-09-03T05:17:37.476986+00:00,LibGen,LibGen.gl,PROTECTED,200,1142,,Cloudflare
2026-09-03T05:18:38.329905+00:00,LibGen,LibGen.gl,PROTECTED,200,1148,,Cloudflare
2026-09-03T05:19:38.403675+00:00,LibGen,LibGen.gl,PROTECTED,200,1471,,Cloudflare
2026-09-03T05:20:38.288737+00:00,LibGen,LibGen.gl,PROTECTED,200,1252,,Cloudflare
2026-09-03T05:21:39.737447+00:00,LibGen,LibGen.gl,PROTECTED,200,1780,,Cloudflare
2026-09-03T05:22:39.345751+00:00,LibGen,LibGen.gl,PROTECTED,200,1391,,Cloudflare
2026-09-03T05:23:39.964257+00:00,LibGen,LibGen.gl,PROTECTED,200,1169,,Cloudflare
2026-09-03T05:24:41.386913+00:00,LibGen,LibGen.gl,PROTECTED,200,1558,,Cloudflare
2026-09-03T05:25:41.806928+00:00,LibGen,LibGen.gl,PROTECTED,200,2470,,Cloudflare
2026-09-03T05:26:41.140760+00:00,LibGen,LibGen.gl,PROTECTED,200,1412,,Cloudflare
2026-09-03T05:27:41.019499+00:00,LibGen,LibGen.gl,PROTECTED,200,1297,,Cloudflare
2026-09-03T05:28:41.485964+00:00,LibGen,LibGen.gl,PROTECTED,200,1163,,Cloudflare
2026-09-03T05:29:41.001366+00:00,LibGen,LibGen.gl,PROTECTED,200,1011,,Cloudflare
2026-09-03T05:30:41.547874+00:00,LibGen,LibGen.gl,PROTECTED,200,1416,,Cloudflare
2026-09-03T05:31:42.224888+00:00,LibGen,LibGen.gl,PROTECTED,200,1465,,Cloudflare
2026-09-03T05:32:41.862668+00:00,LibGen,LibGen.gl,PROTECTED,200,778,,Cloudflare
2026-09-03T05:33:42.716387+00:00,LibGen,LibGen.gl,PROTECTED,200,991,,Cloudflare
2026-09-03T05:34:43.197550+00:00,LibGen,LibGen.gl,PROTECTED,200,1464,,Cloudflare
2026-09-03T05:35:44.088690+00:00,LibGen,LibGen.gl,PROTECTED,200,671,,Cloudflare
2026-09-03T05:36:42.994662+00:00,LibGen,LibGen.gl,PROTECTED,200,688,,Cloudflare
2026-09-03T05:37:44.729094+00:00,LibGen,LibGen.gl,PROTECTED,200,2313,,Cloudflare
2026-09-03T05:38:45.450793+00:00,LibGen,LibGen.gl,PROTECTED,200,2420,,Cloudflare
2026-09-03T05:39:44.221265+00:00,LibGen,LibGen.gl,PROTECTED,200,663,,Cloudflare
2026-09-03T05:40:45.358622+00:00,LibGen,LibGen.gl,PROTECTED,200,1504,,Cloudflare
2026-09-03T05:41:45.987697+00:00,LibGen,LibGen.gl,PROTECTED,200,1401,,Cloudflare
2026-09-03T05:42:46.113836+00:00,LibGen,LibGen.gl,PROTECTED,200,683,,Cloudflare
2026-09-03T05:43:46.216118+00:00,LibGen,LibGen.gl,PROTECTED,200,883,,Cloudflare
2026-09-03T05:44:47.342899+00:00,LibGen,LibGen.gl,PROTECTED,200,1391,,Cloudflare
2026-09-03T05:45:46.567996+00:00,LibGen,LibGen.gl,PROTECTED,200,680,,Cloudflare
2026-09-03T05:46:52.290414+00:00,LibGen,LibGen.gl,PROTECTED,200,4751,,Cloudflare
2026-09-03T05:47:48.423406+00:00,LibGen,LibGen.gl,PROTECTED,200,740,,Cloudflare
2026-09-03T05:48:47.999684+00:00,LibGen,LibGen.gl,PROTECTED,200,708,,Cloudflare
2026-09-03T05:49:48.062240+00:00,LibGen,LibGen.gl,PROTECTED,200,675,,Cloudflare
2026-09-03T05:50:50.086822+00:00,LibGen,LibGen.gl,PROTECTED,200,2148,,Cloudflare
2026-09-03T05:51:50.151637+00:00,LibGen,LibGen.gl,PROTECTED,200,1317,,Cloudflare
2026-09-03T05:52:51.040808+00:00,LibGen,LibGen.gl,PROTECTED,200,830,,Cloudflare
2026-09-03T05:53:52.182087+00:00,LibGen,LibGen.gl,PROTECTED,200,1779,,Cloudflare
2026-09-03T05:54:52.496705+00:00,LibGen,LibGen.gl,PROTECTED,200,861,,Cloudflare
2026-09-03T05:55:52.021798+00:00,LibGen,LibGen.gl,PROTECTED,200,1904,,Cloudflare
2026-09-03T05:56:52.099468+00:00,LibGen,LibGen.gl,PROTECTED,200,1412,,Cloudflare
2026-09-03T05:57:52.949353+00:00,LibGen,LibGen.gl,PROTECTED,200,2105,,Cloudflare
2026-09-03T05:58:52.846300+00:00,LibGen,LibGen.gl,PROTECTED,200,1386,,Cloudflare
2026-09-03T05:59:53.187188+00:00,LibGen,LibGen.gl,PROTECTED,200,1369,,Cloudflare
2026-09-03T06:00:53.949340+00:00,LibGen,LibGen.gl,PROTECTED,200,839,,Cloudflare
2026-09-03T06:01:55.867088+00:00,LibGen,LibGen.gl,PROTECTED,200,1586,,Cloudflare
2026-09-03T06:02:55.663730+00:00,LibGen,LibGen.gl,PROTECTED,200,1045,,Cloudflare
2026-09-03T06:03:54.486110+00:00,LibGen,LibGen.gl,PROTECTED,200,713,,Cloudflare
2026-09-03T06:04:55.841250+00:00,LibGen,LibGen.gl,PROTECTED,200,1895,,Cloudflare
2026-09-03T06:05:55.308162+00:00,LibGen,LibGen.gl,PROTECTED,200,892,,Cloudflare
2026-09-03T06:06:56.340391+00:00,LibGen,LibGen.gl,PROTECTED,200,1399,,Cloudflare
2026-09-03T06:07:58.687806+00:00,LibGen,LibGen.gl,PROTECTED,200,1752,,Cloudflare
2026-09-03T06:08:58.382580+00:00,LibGen,LibGen.gl,PROTECTED,200,675,,Cloudflare
2026-09-03T06:09:57.191409+00:00,LibGen,LibGen.gl,PROTECTED,200,687,,Cloudflare
2026-09-03T06:10:57.403784+00:00,LibGen,LibGen.gl,PROTECTED,200,696,,Cloudflare
2026-09-03T06:11:58.147838+00:00,LibGen,LibGen.gl,PROTECTED,200,825,,Cloudflare
2026-09-03T06:12:58.809117+00:00,LibGen,LibGen.gl,PROTECTED,200,857,,Cloudflare
2026-09-03T06:14:00.242993+00:00,LibGen,LibGen.gl,PROTECTED,200,1064,,Cloudflare
2026-09-03T06:15:00.366223+00:00,LibGen,LibGen.gl,PROTECTED,200,732,,Cloudflare
2026-09-03T06:16:01.122588+00:00,LibGen,LibGen.gl,PROTECTED,200,1185,,Cloudflare
2026-09-03T06:17:01.071003+00:00,LibGen,LibGen.gl,PROTECTED,200,866,,Cloudflare
2026-09-03T06:18:01.626218+00:00,LibGen,LibGen.gl,PROTECTED,200,1281,,Cloudflare
2026-09-03T06:19:02.276918+00:00,LibGen,LibGen.gl,PROTECTED,200,1841,,Cloudflare
2026-09-03T06:20:02.445113+00:00,LibGen,LibGen.gl,PROTECTED,200,1307,,Cloudflare
2026-09-03T06:21:03.066754+00:00,LibGen,LibGen.gl,PROTECTED,200,1797,,Cloudflare
2026-09-03T06:22:05.329729+00:00,LibGen,LibGen.gl,PROTECTED,200,2664,,Cloudflare
2026-09-03T06:23:06.624251+00:00,LibGen,LibGen.gl,PROTECTED,200,2639,,Cloudflare
2026-09-03T06:24:04.058591+00:00,LibGen,LibGen.gl,PROTECTED,200,711,,Cloudflare
2026-09-03T06:25:07.343979+00:00,LibGen,LibGen.gl,PROTECTED,200,2405,,Cloudflare
2026-09-03T06:26:04.013296+00:00,LibGen,LibGen.gl,PROTECTED,200,697,,Cloudflare
2026-09-03T06:27:04.820898+00:00,LibGen,LibGen.gl,PROTECTED,200,706,,Cloudflare
2026-09-03T06:28:06.972860+00:00,LibGen,LibGen.gl,PROTECTED,200,2041,,Cloudflare
2026-09-03T06:29:07.437486+00:00,LibGen,LibGen.gl,PROTECTED,200,1443,,Cloudflare
2026-09-03T06:30:08.195523+00:00,LibGen,LibGen.gl,PROTECTED,200,1481,,Cloudflare
2026-09-03T06:31:07.235375+00:00,LibGen,LibGen.gl,PROTECTED,200,677,,Cloudflare
2026-09-03T06:32:08.538860+00:00,LibGen,LibGen.gl,PROTECTED,200,1884,,Cloudflare
2026-09-03T06:33:11.982512+00:00,LibGen,LibGen.gl,PROTECTED,200,4424,,Cloudflare
2026-09-03T06:34:12.100906+00:00,LibGen,LibGen.gl,PROTECTED,200,3102,,Cloudflare
2026-09-03T06:35:10.781166+00:00,LibGen,LibGen.gl,PROTECTED,200,1307,,Cloudflare
2026-09-03T06:36:11.096910+00:00,LibGen,LibGen.gl,PROTECTED,200,942,,Cloudflare
2026-09-03T06:37:11.809310+00:00,LibGen,LibGen.gl,PROTECTED,200,1042,,Cloudflare
2026-09-03T06:38:11.970896+00:00,LibGen,LibGen.gl,PROTECTED,200,1163,,Cloudflare
2026-09-03T06:39:13.548919+00:00,LibGen,LibGen.gl,PROTECTED,200,1430,,Cloudflare
2026-09-03T06:40:14.165170+00:00,LibGen,LibGen.gl,PROTECTED,200,1666,,Cloudflare
2026-09-03T06:41:13.849649+00:00,LibGen,LibGen.gl,PROTECTED,200,1427,,Cloudflare
2026-09-03T06:42:14.132081+00:00,LibGen,LibGen.gl,PROTECTED,200,940,,Cloudflare
2026-09-03T06:43:14.824652+00:00,LibGen,LibGen.gl,PROTECTED,200,864,,Cloudflare
2026-09-03T06:44:15.266117+00:00,LibGen,LibGen.gl,PROTECTED,200,1221,,Cloudflare
2026-09-03T06:45:16.738269+00:00,LibGen,LibGen.gl,PROTECTED,200,1722,,Cloudflare
2026-09-03T06:46:20.880928+00:00,LibGen,LibGen.gl,PROTECTED,200,2327,,Cloudflare
2026-09-03T06:47:20.646182+00:00,LibGen,LibGen.gl,PROTECTED,200,3444,,Cloudflare
2026-09-03T06:48:18.829011+00:00,LibGen,LibGen.gl,PROTECTED,200,844,,Cloudflare
2026-09-03T06:49:19.890888+00:00,LibGen,LibGen.gl,PROTECTED,200,1149,,Cloudflare
2026-09-03T06:50:20.892775+00:00,LibGen,LibGen.gl,PROTECTED,200,1189,,Cloudflare
2026-09-03T06:51:21.541697+00:00,LibGen,LibGen.gl,PROTECTED,200,1561,,Cloudflare
2026-09-03T06:52:22.899254+00:00,LibGen,LibGen.gl,PROTECTED,200,2017,,Cloudflare
2026-09-03T06:53:23.365720+00:00,LibGen,LibGen.gl,PROTECTED,200,1911,,Cloudflare
2026-09-03T06:54:24.162470+00:00,LibGen,LibGen.gl,PROTECTED,200,1630,,Cloudflare
2026-09-03T06:55:25.310494+00:00,LibGen,LibGen.gl,PROTECTED,200,1211,,Cloudflare
2026-09-03T06:56:26.257925+00:00,LibGen,LibGen.gl,PROTECTED,200,2144,,Cloudflare
2026-09-03T06:57:27.540901+00:00,LibGen,LibGen.gl,PROTECTED,200,2356,,Cloudflare
2026-09-03T06:58:27.178366+00:00,LibGen,LibGen.gl,PROTECTED,200,1010,,Cloudflare
2026-09-03T06:59:30.941852+00:00,LibGen,LibGen.gl,PROTECTED,200,2510,,Cloudflare
2026-09-03T07:00:29.389320+00:00,LibGen,LibGen.gl,PROTECTED,200,1466,,Cloudflare
2026-09-03T07:01:29.937459+00:00,LibGen,LibGen.gl,PROTECTED,200,1801,,Cloudflare
2026-09-03T07:02:32.591158+00:00,LibGen,LibGen.gl,PROTECTED,200,1501,,Cloudflare
2026-09-03T07:03:31.133022+00:00,LibGen,LibGen.gl,PROTECTED,200,726,,Cloudflare
2026-09-03T07:04:34.272945+00:00,LibGen,LibGen.gl,PROTECTED,200,4921,,Cloudflare
2026-09-03T07:05:50.003068+00:00,LibGen,LibGen.gl,DOWN,,,connection_refused,
2026-09-03T07:06:32.240064+00:00,LibGen,LibGen.gl,PROTECTED,200,2231,,Cloudflare
2026-09-03T07:07:31.919461+00:00,LibGen,LibGen.gl,PROTECTED,200,746,,Cloudflare
2026-09-03T07:08:37.625715+00:00,LibGen,LibGen.gl,PROTECTED,200,5991,,Cloudflare
2026-09-03T07:09:32.060609+00:00,LibGen,LibGen.gl,PROTECTED,200,694,,Cloudflare
2026-09-03T07:10:34.069824+00:00,LibGen,LibGen.gl,PROTECTED,200,1464,,Cloudflare
2026-09-03T07:11:32.733830+00:00,LibGen,LibGen.gl,PROTECTED,200,772,,Cloudflare
2026-09-03T07:12:33.004495+00:00,LibGen,LibGen.gl,PROTECTED,200,1192,,Cloudflare
2026-09-03T07:13:34.782982+00:00,LibGen,LibGen.gl,PROTECTED,200,1433,,Cloudflare
2026-09-03T07:14:34.306887+00:00,LibGen,LibGen.gl,PROTECTED,200,691,,Cloudflare
2026-09-03T07:15:33.725719+00:00,LibGen,LibGen.gl,PROTECTED,200,908,,Cloudflare
2026-09-03T07:16:35.258043+00:00,LibGen,LibGen.gl,PROTECTED,200,976,,Cloudflare
2026-09-03T07:17:35.255835+00:00,LibGen,LibGen.gl,PROTECTED,200,721,,Cloudflare
2026-09-03T07:18:37.216243+00:00,LibGen,LibGen.gl,PROTECTED,200,759,,Cloudflare
2026-09-03T07:19:37.272892+00:00,LibGen,LibGen.gl,PROTECTED,200,2364,,Cloudflare
2026-09-03T07:20:55.946405+00:00,LibGen,LibGen.gl,TIMEOUT,,,timeout,
2026-09-03T07:21:38.664796+00:00,LibGen,LibGen.gl,PROTECTED,200,1174,,Cloudflare
2026-09-03T07:22:38.859588+00:00,LibGen,LibGen.gl,PROTECTED,200,1116,,Cloudflare
2026-09-03T07:23:40.534726+00:00,LibGen,LibGen.gl,PROTECTED,200,2258,,Cloudflare
2026-09-03T07:24:41.471751+00:00,LibGen,LibGen.gl,PROTECTED,200,1009,,Cloudflare
2026-09-03T07:25:41.453712+00:00,LibGen,LibGen.gl,PROTECTED,200,1317,,Cloudflare
2026-09-03T07:26:43.115602+00:00,LibGen,LibGen.gl,PROTECTED,200,2241,,Cloudflare
2026-09-03T07:27:43.277209+00:00,LibGen,LibGen.gl,PROTECTED,200,1432,,Cloudflare
2026-09-03T07:28:43.839266+00:00,LibGen,LibGen.gl,PROTECTED,200,1520,,Cloudflare
2026-09-03T07:29:45.571660+00:00,LibGen,LibGen.gl,PROTECTED,200,1237,,Cloudflare
2026-09-03T07:30:48.921896+00:00,LibGen,LibGen.gl,PROTECTED,200,5776,,Cloudflare
2026-09-03T07:31:47.815120+00:00,LibGen,LibGen.gl,PROTECTED,200,3229,,Cloudflare
2026-09-03T07:32:46.533700+00:00,LibGen,LibGen.gl,PROTECTED,200,1798,,Cloudflare
2026-09-03T07:33:46.827521+00:00,LibGen,LibGen.gl,PROTECTED,200,1577,,Cloudflare
2026-09-03T07:34:47.075809+00:00,LibGen,LibGen.gl,PROTECTED,200,725,,Cloudflare
2026-09-03T07:35:47.343397+00:00,LibGen,LibGen.gl,PROTECTED,200,1419,,Cloudflare
2026-09-03T07:36:47.240900+00:00,LibGen,LibGen.gl,PROTECTED,200,1420,,Cloudflare
2026-09-03T07:37:48.006814+00:00,LibGen,LibGen.gl,PROTECTED,200,1178,,Cloudflare
2026-09-03T07:38:49.673764+00:00,LibGen,LibGen.gl,PROTECTED,200,2209,,Cloudflare
2026-09-03T07:39:49.873616+00:00,LibGen,LibGen.gl,PROTECTED,200,1243,,Cloudflare
2026-09-03T07:40:52.356104+00:00,LibGen,LibGen.gl,PROTECTED,200,1495,,Cloudflare
2026-09-03T07:41:50.993560+00:00,LibGen,LibGen.gl,PROTECTED,200,706,,Cloudflare
2026-09-03T07:42:51.933879+00:00,LibGen,LibGen.gl,PROTECTED,200,1483,,Cloudflare
2026-09-03T07:43:52.370893+00:00,LibGen,LibGen.gl,PROTECTED,200,1246,,Cloudflare
2026-09-03T07:44:54.188775+00:00,LibGen,LibGen.gl,PROTECTED,200,2166,,Cloudflare
2026-09-03T07:45:54.292014+00:00,LibGen,LibGen.gl,PROTECTED,200,1128,,Cloudflare
2026-09-03T07:46:55.124222+00:00,LibGen,LibGen.gl,PROTECTED,200,1951,,Cloudflare
2026-09-03T07:47:55.099545+00:00,LibGen,LibGen.gl,PROTECTED,200,670,,Cloudflare
2026-09-03T07:48:56.381866+00:00,LibGen,LibGen.gl,PROTECTED,200,689,,Cloudflare
2026-09-03T07:49:56.864995+00:00,LibGen,LibGen.gl,PROTECTED,200,703,,Cloudflare
2026-09-03T07:50:57.135600+00:00,LibGen,LibGen.gl,PROTECTED,200,1149,,Cloudflare
2026-09-03T07:51:58.249172+00:00,LibGen,LibGen.gl,PROTECTED,200,1112,,Cloudflare
2026-09-03T07:53:00.502017+00:00,LibGen,LibGen.gl,PROTECTED,200,1464,,Cloudflare
2026-09-03T07:54:20.086742+00:00,LibGen,LibGen.gl,DOWN,,,connection_refused,
2026-09-03T07:55:00.205845+00:00,LibGen,LibGen.gl,PROTECTED,200,1486,,Cloudflare
2026-09-03T07:56:00.969227+00:00,LibGen,LibGen.gl,PROTECTED,200,1451,,Cloudflare
2026-09-03T07:57:00.252130+00:00,LibGen,LibGen.gl,PROTECTED,200,1250,,Cloudflare
2026-09-03T07:58:03.460718+00:00,LibGen,LibGen.gl,PROTECTED,200,2240,,Cloudflare
2026-09-03T07:59:02.753357+00:00,LibGen,LibGen.gl,PROTECTED,200,1881,,Cloudflare
2026-09-03T08:00:08.913258+00:00,LibGen,LibGen.gl,PROTECTED,200,761,,Cloudflare
2026-09-03T08:01:05.479413+00:00,LibGen,LibGen.gl,PROTECTED,200,1607,,Cloudflare
2026-09-03T08:02:04.013893+00:00,LibGen,LibGen.gl,PROTECTED,200,1526,,Cloudflare
2026-09-03T08:03:04.492753+00:00,LibGen,LibGen.gl,PROTECTED,200,1028,,Cloudflare
2026-09-03T08:04:04.837778+00:00,LibGen,LibGen.gl,PROTECTED,200,1956,,Cloudflare
2026-09-03T08:05:04.765636+00:00,LibGen,LibGen.gl,PROTECTED,200,728,,Cloudflare
2026-09-03T08:06:06.825765+00:00,LibGen,LibGen.gl,PROTECTED,200,2005,,Cloudflare
2026-09-03T08:07:07.347344+00:00,LibGen,LibGen.gl,PROTECTED,200,1531,,Cloudflare
2026-09-03T08:08:11.977223+00:00,LibGen,LibGen.gl,PROTECTED,200,4652,,Cloudflare
2026-09-03T08:09:08.234778+00:00,LibGen,LibGen.gl,PROTECTED,200,892,,Cloudflare
2026-09-03T08:10:10.000196+00:00,LibGen,LibGen.gl,PROTECTED,200,2152,,Cloudflare
2026-09-03T08:11:15.383951+00:00,LibGen,LibGen.gl,PROTECTED,200,2377,,Cloudflare
2026-09-03T08:12:12.684787+00:00,LibGen,LibGen.gl,PROTECTED,200,2194,,Cloudflare
2026-09-03T08:13:12.432405+00:00,LibGen,LibGen.gl,PROTECTED,200,2063,,Cloudflare
2026-09-03T08:14:13.057791+00:00,LibGen,LibGen.gl,PROTECTED,200,1322,,Cloudflare
2026-09-03T08:15:14.190559+00:00,LibGen,LibGen.gl,PROTECTED,200,2205,,Cloudflare
2026-09-03T08:16:15.328924+00:00,LibGen,LibGen.gl,PROTECTED,200,1539,,Cloudflare
2026-09-03T08:17:31.882800+00:00,LibGen,LibGen.gl,PROTECTED,200,3729,,Cloudflare
2026-09-03T08:18:17.214670+00:00,LibGen,LibGen.gl,PROTECTED,200,2551,,Cloudflare
2026-09-03T08:19:24.938601+00:00,LibGen,LibGen.gl,PROTECTED,200,9451,,Cloudflare
2026-09-03T08:20:31.799957+00:00,LibGen,LibGen.gl,PROTECTED,200,1185,,Cloudflare
2026-09-03T08:21:18.833579+00:00,LibGen,LibGen.gl,PROTECTED,200,1757,,Cloudflare
2026-09-03T08:22:20.699845+00:00,LibGen,LibGen.gl,PROTECTED,200,2796,,Cloudflare
2026-09-03T08:23:20.330750+00:00,LibGen,LibGen.gl,PROTECTED,200,833,,Cloudflare
2026-09-03T08:24:21.081740+00:00,LibGen,LibGen.gl,PROTECTED,200,1467,,Cloudflare
2026-09-03T08:25:22.848501+00:00,LibGen,LibGen.gl,PROTECTED,200,1636,,Cloudflare
2026-09-03T08:26:23.913702+00:00,LibGen,LibGen.gl,PROTECTED,200,702,,Cloudflare
2026-09-03T08:27:23.215849+00:00,LibGen,LibGen.gl,PROTECTED,200,1353,,Cloudflare
2026-09-03T08:28:23.467830+00:00,LibGen,LibGen.gl,PROTECTED,200,1200,,Cloudflare
2026-09-03T08:29:44.610857+00:00,LibGen,LibGen.gl,DOWN,,,connection_refused,
2026-09-03T08:30:26.841258+00:00,LibGen,LibGen.gl,PROTECTED,200,1205,,Cloudflare
2026-09-03T08:31:29.558717+00:00,LibGen,LibGen.gl,PROTECTED,200,3601,,Cloudflare
2026-09-03T08:32:27.156581+00:00,LibGen,LibGen.gl,PROTECTED,200,1162,,Cloudflare
2026-09-03T08:33:28.087549+00:00,LibGen,LibGen.gl,PROTECTED,200,1177,,Cloudflare
2026-09-03T08:34:28.534778+00:00,LibGen,LibGen.gl,PROTECTED,200,1571,,Cloudflare
2026-09-03T08:35:28.562518+00:00,LibGen,LibGen.gl,PROTECTED,200,1203,,Cloudflare
2026-09-03T08:36:29.389568+00:00,LibGen,LibGen.gl,PROTECTED,200,683,,Cloudflare
2026-09-03T08:37:30.509549+00:00,LibGen,LibGen.gl,PROTECTED,200,1936,,Cloudflare
2026-09-03T08:38:30.485638+00:00,LibGen,LibGen.gl,PROTECTED,200,802,,Cloudflare
2026-09-03T08:39:32.136559+00:00,LibGen,LibGen.gl,PROTECTED,200,1377,,Cloudflare
2026-09-03T08:40:30.262187+00:00,LibGen,LibGen.gl,PROTECTED,200,911,,Cloudflare
2026-09-03T08:41:33.257535+00:00,LibGen,LibGen.gl,PROTECTED,200,2497,,Cloudflare
2026-09-03T08:42:33.252791+00:00,LibGen,LibGen.gl,PROTECTED,200,2273,,Cloudflare
2026-09-03T08:43:33.016823+00:00,LibGen,LibGen.gl,PROTECTED,200,1230,,Cloudflare
2026-09-03T08:44:53.602946+00:00,LibGen,LibGen.gl,DOWN,,,connection_refused,
2026-09-03T08:45:35.673086+00:00,LibGen,LibGen.gl,PROTECTED,200,2393,,Cloudflare
2026-09-03T08:46:35.821357+00:00,LibGen,LibGen.gl,PROTECTED,200,2116,,Cloudflare
2026-09-03T08:47:34.994030+00:00,LibGen,LibGen.gl,PROTECTED,200,780,,Cloudflare
2026-09-03T08:48:36.192558+00:00,LibGen,LibGen.gl,PROTECTED,200,1176,,Cloudflare
2026-09-03T08:49:37.715242+00:00,LibGen,LibGen.gl,PROTECTED,200,2175,,Cloudflare
2026-09-03T08:50:58.126363+00:00,LibGen,LibGen.gl,DOWN,,,connection_refused,
2026-09-03T08:51:38.287363+00:00,LibGen,LibGen.gl,PROTECTED,200,972,,Cloudflare
2026-09-03T08:52:40.679929+00:00,LibGen,LibGen.gl,PROTECTED,200,2167,,Cloudflare
2026-09-03T08:53:40.922628+00:00,LibGen,LibGen.gl,PROTECTED,200,2337,,Cloudflare
2026-09-03T08:54:42.196899+00:00,LibGen,LibGen.gl,PROTECTED,200,1209,,Cloudflare
2026-09-03T08:55:42.642216+00:00,LibGen,LibGen.gl,PROTECTED,200,1582,,Cloudflare
2026-09-03T08:56:43.189565+00:00,LibGen,LibGen.gl,PROTECTED,200,1329,,Cloudflare
2026-09-03T08:57:42.748485+00:00,LibGen,LibGen.gl,PROTECTED,200,683,,Cloudflare
2026-09-03T08:58:43.579594+00:00,LibGen,LibGen.gl,PROTECTED,200,691,,Cloudflare
2026-09-03T08:59:45.501632+00:00,LibGen,LibGen.gl,PROTECTED,200,1164,,Cloudflare
2026-09-03T09:00:46.887431+00:00,LibGen,LibGen.gl,PROTECTED,200,2477,,Cloudflare
2026-09-03T09:01:49.975229+00:00,LibGen,LibGen.gl,PROTECTED,200,4821,,Cloudflare
2026-09-03T09:02:47.756211+00:00,LibGen,LibGen.gl,PROTECTED,200,1797,,Cloudflare
2026-09-03T09:03:48.629126+00:00,LibGen,LibGen.gl,PROTECTED,200,1900,,Cloudflare
2026-09-03T09:04:49.283066+00:00,LibGen,LibGen.gl,PROTECTED,200,1778,,Cloudflare
2026-09-03T09:05:49.903994+00:00,LibGen,LibGen.gl,PROTECTED,200,1383,,Cloudflare
2026-09-03T09:06:52.708038+00:00,LibGen,LibGen.gl,PROTECTED,200,2398,,Cloudflare
2026-09-03T09:07:53.298612+00:00,LibGen,LibGen.gl,PROTECTED,200,1294,,Cloudflare
2026-09-03T09:08:53.472785+00:00,LibGen,LibGen.gl,PROTECTED,200,1537,,Cloudflare
2026-09-03T09:09:54.671547+00:00,LibGen,LibGen.gl,PROTECTED,200,1055,,Cloudflare
2026-09-03T09:10:54.452586+00:00,LibGen,LibGen.gl,PROTECTED,200,1813,,Cloudflare
2026-09-03T09:11:54.351632+00:00,LibGen,LibGen.gl,PROTECTED,200,671,,Cloudflare
2026-09-03T09:12:56.340464+00:00,LibGen,LibGen.gl,PROTECTED,200,2018,,Cloudflare
2026-09-03T09:13:55.587266+00:00,LibGen,LibGen.gl,PROTECTED,200,971,,Cloudflare
2026-09-03T09:14:57.169124+00:00,LibGen,LibGen.gl,PROTECTED,200,1212,,Cloudflare
2026-09-03T09:15:57.157751+00:00,LibGen,LibGen.gl,PROTECTED,200,1315,,Cloudflare
2026-09-03T09:16:58.569627+00:00,LibGen,LibGen.gl,PROTECTED,200,1974,,Cloudflare
2026-09-03T09:18:05.539648+00:00,LibGen,LibGen.gl,PROTECTED,200,8913,,Cloudflare
2026-09-03T09:18:59.460489+00:00,LibGen,LibGen.gl,PROTECTED,200,2094,,Cloudflare
2026-09-03T09:19:59.048710+00:00,LibGen,LibGen.gl,PROTECTED,200,706,,Cloudflare
2026-09-03T09:20:59.164655+00:00,LibGen,LibGen.gl,PROTECTED,200,730,,Cloudflare
2026-09-03T09:22:01.163988+00:00,LibGen,LibGen.gl,PROTECTED,200,1465,,Cloudflare
2026-09-03T09:23:04.083497+00:00,LibGen,LibGen.gl,PROTECTED,200,4854,,Cloudflare
2026-09-03T09:24:02.764922+00:00,LibGen,LibGen.gl,PROTECTED,200,2567,,Cloudflare
2026-09-03T09:25:01.648153+00:00,LibGen,LibGen.gl,PROTECTED,200,1234,,Cloudflare
2026-09-03T09:26:01.127133+00:00,LibGen,LibGen.gl,PROTECTED,200,686,,Cloudflare
2026-09-03T09:27:02.788152+00:00,LibGen,LibGen.gl,PROTECTED,200,1724,,Cloudflare
2026-09-03T09:28:04.180742+00:00,LibGen,LibGen.gl,PROTECTED,200,2125,,Cloudflare
2026-09-03T09:29:09.387385+00:00,LibGen,LibGen.gl,PROTECTED,200,7617,,Cloudflare
2026-09-03T09:30:05.888877+00:00,LibGen,LibGen.gl,PROTECTED,200,2242,,Cloudflare
2026-09-03T09:31:04.776071+00:00,LibGen,LibGen.gl,PROTECTED,200,733,,Cloudflare
2026-09-03T09:32:05.613839+00:00,LibGen,LibGen.gl,PROTECTED,200,1220,,Cloudflare
2026-09-03T09:33:05.740866+00:00,LibGen,LibGen.gl,PROTECTED,200,871,,Cloudflare
2026-09-03T09:34:07.350995+00:00,LibGen,LibGen.gl,PROTECTED,200,1000,,Cloudflare
2026-09-03T09:35:07.765708+00:00,LibGen,LibGen.gl,PROTECTED,200,2024,,Cloudflare
2026-09-03T09:36:08.787858+00:00,LibGen,LibGen.gl,PROTECTED,200,2139,,Cloudflare
2026-09-03T09:37:10.767871+00:00,LibGen,LibGen.gl,PROTECTED,200,3336,,Cloudflare
2026-09-03T09:38:09.918225+00:00,LibGen,LibGen.gl,PROTECTED,200,1684,,Cloudflare
2026-09-03T09:39:30.822779+00:00,LibGen,LibGen.gl,PROTECTED,200,18350,,Cloudflare
2026-09-03T09:40:12.209348+00:00,LibGen,LibGen.gl,PROTECTED,200,1489,,Cloudflare
2026-09-03T09:41:12.396988+00:00,LibGen,LibGen.gl,PROTECTED,200,1424,,Cloudflare
2026-09-03T09:42:13.001130+00:00,LibGen,LibGen.gl,PROTECTED,200,1517,,Cloudflare
2026-09-03T09:43:14.548213+00:00,LibGen,LibGen.gl,PROTECTED,200,1372,,Cloudflare
2026-09-03T09:44:14.588598+00:00,LibGen,LibGen.gl,PROTECTED,200,1573,,Cloudflare
2026-09-03T09:45:14.766983+00:00,LibGen,LibGen.gl,PROTECTED,200,722,,Cloudflare
2026-09-03T09:46:16.411484+00:00,LibGen,LibGen.gl,PROTECTED,200,787,,Cloudflare
2026-09-03T09:47:16.818467+00:00,LibGen,LibGen.gl,PROTECTED,200,2104,,Cloudflare
2026-09-03T09:48:17.414922+00:00,LibGen,LibGen.gl,PROTECTED,200,994,,Cloudflare
2026-09-03T09:49:17.995963+00:00,LibGen,LibGen.gl,PROTECTED,200,929,,Cloudflare
2026-09-03T09:50:18.573735+00:00,LibGen,LibGen.gl,PROTECTED,200,1133,,Cloudflare
2026-09-03T09:51:19.411659+00:00,LibGen,LibGen.gl,PROTECTED,200,726,,Cloudflare
2026-09-03T09:52:20.417736+00:00,LibGen,LibGen.gl,PROTECTED,200,1237,,Cloudflare
2026-09-03T09:53:20.587734+00:00,LibGen,LibGen.gl,PROTECTED,200,1482,,Cloudflare
2026-09-03T09:54:21.867397+00:00,LibGen,LibGen.gl,PROTECTED,200,1960,,Cloudflare
2026-09-03T09:55:22.837009+00:00,LibGen,LibGen.gl,PROTECTED,200,1202,,Cloudflare
2026-09-03T09:56:23.707174+00:00,LibGen,LibGen.gl,PROTECTED,200,2022,,Cloudflare
2026-09-03T09:57:23.478868+00:00,LibGen,LibGen.gl,PROTECTED,200,784,,Cloudflare
2026-09-03T09:58:24.909851+00:00,LibGen,LibGen.gl,PROTECTED,200,1556,,Cloudflare
2026-09-03T09:59:27.137355+00:00,LibGen,LibGen.gl,PROTECTED,200,2514,,Cloudflare
2026-09-03T10:00:26.774022+00:00,LibGen,LibGen.gl,PROTECTED,200,1420,,Cloudflare
2026-09-03T10:01:26.286249+00:00,LibGen,LibGen.gl,PROTECTED,200,1052,,Cloudflare
2026-09-03T10:02:27.068489+00:00,LibGen,LibGen.gl,PROTECTED,200,913,,Cloudflare
2026-09-03T10:03:28.499257+00:00,LibGen,LibGen.gl,PROTECTED,200,1809,,Cloudflare
2026-09-03T10:04:28.607979+00:00,LibGen,LibGen.gl,PROTECTED,200,2228,,Cloudflare
2026-09-03T10:05:28.259995+00:00,LibGen,LibGen.gl,PROTECTED,200,1817,,Cloudflare
2026-09-03T10:06:29.025878+00:00,LibGen,LibGen.gl,PROTECTED,200,1430,,Cloudflare
2026-09-03T10:07:29.957224+00:00,LibGen,LibGen.gl,PROTECTED,200,2528,,Cloudflare
2026-09-03T10:08:30.730923+00:00,LibGen,LibGen.gl,PROTECTED,200,3197,,Cloudflare
2026-09-03T10:09:28.587527+00:00,LibGen,LibGen.gl,PROTECTED,200,749,,Cloudflare
2026-09-03T10:10:29.710495+00:00,LibGen,LibGen.gl,PROTECTED,200,1235,,Cloudflare
2026-09-03T10:11:29.430627+00:00,LibGen,LibGen.gl,PROTECTED,200,714,,Cloudflare
2026-09-03T10:12:30.575136+00:00,LibGen,LibGen.gl,PROTECTED,200,886,,Cloudflare
2026-09-03T10:13:31.981985+00:00,LibGen,LibGen.gl,PROTECTED,200,1796,,Cloudflare
2026-09-03T10:14:30.975561+00:00,LibGen,LibGen.gl,PROTECTED,200,1150,,Cloudflare
2026-09-03T10:15:31.322756+00:00,LibGen,LibGen.gl,PROTECTED,200,1310,,Cloudflare
2026-09-03T10:16:31.811406+00:00,LibGen,LibGen.gl,PROTECTED,200,999,,Cloudflare
2026-09-03T10:17:31.706429+00:00,LibGen,LibGen.gl,PROTECTED,200,722,,Cloudflare
2026-09-03T10:18:33.492676+00:00,LibGen,LibGen.gl,PROTECTED,200,2288,,Cloudflare
2026-09-03T10:19:33.133790+00:00,LibGen,LibGen.gl,PROTECTED,200,1229,,Cloudflare
2026-09-03T10:20:34.439835+00:00,LibGen,LibGen.gl,PROTECTED,200,1529,,Cloudflare
2026-09-03T10:21:34.303072+00:00,LibGen,LibGen.gl,PROTECTED,200,1384,,Cloudflare
2026-09-03T10:22:34.495769+00:00,LibGen,LibGen.gl,PROTECTED,200,1211,,Cloudflare
2026-09-03T10:23:36.473172+00:00,LibGen,LibGen.gl,PROTECTED,200,2383,,Cloudflare
2026-09-03T10:24:35.983742+00:00,LibGen,LibGen.gl,PROTECTED,200,1962,,Cloudflare
2026-09-03T10:25:44.039741+00:00,LibGen,LibGen.gl,PROTECTED,200,9036,,Cloudflare
2026-09-03T10:26:38.399771+00:00,LibGen,LibGen.gl,PROTECTED,200,836,,Cloudflare
2026-09-03T10:27:38.025359+00:00,LibGen,LibGen.gl,PROTECTED,200,1136,,Cloudflare
2026-09-03T10:28:39.059798+00:00,LibGen,LibGen.gl,PROTECTED,200,689,,Cloudflare
2026-09-03T10:29:39.507553+00:00,LibGen,LibGen.gl,PROTECTED,200,756,,Cloudflare
2026-09-03T10:30:39.855937+00:00,LibGen,LibGen.gl,PROTECTED,200,941,,Cloudflare
2026-09-03T10:31:39.642602+00:00,LibGen,LibGen.gl,PROTECTED,200,1137,,Cloudflare
2026-09-03T10:32:39.853774+00:00,LibGen,LibGen.gl,PROTECTED,200,1177,,Cloudflare
2026-09-03T10:33:39.986031+00:00,LibGen,LibGen.gl,PROTECTED,200,879,,Cloudflare
2026-09-03T10:34:40.432175+00:00,LibGen,LibGen.gl,PROTECTED,200,941,,Cloudflare
2026-09-03T10:35:42.603360+00:00,LibGen,LibGen.gl,PROTECTED,200,1631,,Cloudflare
2026-09-03T10:36:42.668728+00:00,LibGen,LibGen.gl,PROTECTED,200,1472,,Cloudflare
2026-09-03T10:37:43.339759+00:00,LibGen,LibGen.gl,PROTECTED,200,1437,,Cloudflare
2026-09-03T10:38:46.097867+00:00,LibGen,LibGen.gl,PROTECTED,200,3266,,Cloudflare
2026-09-03T10:39:43.813362+00:00,LibGen,LibGen.gl,PROTECTED,200,715,,Cloudflare
2026-09-03T10:40:45.018089+00:00,LibGen,LibGen.gl,PROTECTED,200,954,,Cloudflare
2026-09-03T10:41:45.757934+00:00,LibGen,LibGen.gl,PROTECTED,200,778,,Cloudflare
2026-09-03T10:42:46.513382+00:00,LibGen,LibGen.gl,PROTECTED,200,662,,Cloudflare
2026-09-03T10:43:48.321082+00:00,LibGen,LibGen.gl,PROTECTED,200,1563,,Cloudflare
2026-09-03T10:44:48.067209+00:00,LibGen,LibGen.gl,PROTECTED,200,892,,Cloudflare
2026-09-03T10:45:48.635266+00:00,LibGen,LibGen.gl,PROTECTED,200,1499,,Cloudflare
2026-09-03T10:46:50.085474+00:00,LibGen,LibGen.gl,PROTECTED,200,1801,,Cloudflare
2026-09-03T10:47:52.047195+00:00,LibGen,LibGen.gl,PROTECTED,200,1495,,Cloudflare
2026-09-03T10:48:53.137784+00:00,LibGen,LibGen.gl,PROTECTED,200,2335,,Cloudflare
2026-09-03T10:49:54.960120+00:00,LibGen,LibGen.gl,PROTECTED,200,3498,,Cloudflare
2026-09-03T10:51:13.531666+00:00,LibGen,LibGen.gl,DOWN,,,connection_refused,
2026-09-03T10:51:54.984957+00:00,LibGen,LibGen.gl,PROTECTED,200,2411,,Cloudflare
2026-09-03T10:52:56.027878+00:00,LibGen,LibGen.gl,PROTECTED,200,2518,,Cloudflare
2026-09-03T10:53:55.252929+00:00,LibGen,LibGen.gl,PROTECTED,200,729,,Cloudflare
2026-09-03T10:54:56.377743+00:00,LibGen,LibGen.gl,PROTECTED,200,1995,,Cloudflare
2026-09-03T10:55:55.995803+00:00,LibGen,LibGen.gl,PROTECTED,200,900,,Cloudflare
2026-09-03T10:56:56.216952+00:00,LibGen,LibGen.gl,PROTECTED,200,1093,,Cloudflare
2026-09-03T10:57:57.386609+00:00,LibGen,LibGen.gl,PROTECTED,200,1820,,Cloudflare
2026-09-03T10:58:57.443087+00:00,LibGen,LibGen.gl,PROTECTED,200,1565,,Cloudflare
2026-09-03T10:59:58.195890+00:00,LibGen,LibGen.gl,PROTECTED,200,1493,,Cloudflare
2026-09-03T11:01:00.981501+00:00,LibGen,LibGen.gl,PROTECTED,200,1456,,Cloudflare
2026-09-03T11:02:00.164061+00:00,LibGen,LibGen.gl,PROTECTED,200,1412,,Cloudflare
2026-09-03T11:03:00.084596+00:00,LibGen,LibGen.gl,PROTECTED,200,1165,,Cloudflare
2026-09-03T11:04:00.027717+00:00,LibGen,LibGen.gl,PROTECTED,200,705,,Cloudflare
2026-09-03T11:05:02.920558+00:00,LibGen,LibGen.gl,PROTECTED,200,1258,,Cloudflare
2026-09-03T11:06:03.963000+00:00,LibGen,LibGen.gl,PROTECTED,200,4539,,Cloudflare
2026-09-03T11:07:01.019044+00:00,LibGen,LibGen.gl,PROTECTED,200,727,,Cloudflare
2026-09-03T11:08:01.589945+00:00,LibGen,LibGen.gl,PROTECTED,200,723,,Cloudflare
2026-09-03T11:09:03.975601+00:00,LibGen,LibGen.gl,PROTECTED,200,1679,,Cloudflare
2026-09-03T11:10:03.820959+00:00,LibGen,LibGen.gl,PROTECTED,200,2680,,Cloudflare
2026-09-03T11:11:02.791032+00:00,LibGen,LibGen.gl,PROTECTED,200,1250,,Cloudflare
2026-09-03T11:12:02.754801+00:00,LibGen,LibGen.gl,PROTECTED,200,710,,Cloudflare
2026-09-03T11:13:03.757395+00:00,LibGen,LibGen.gl,PROTECTED,200,1422,,Cloudflare
2026-09-03T11:14:04.897142+00:00,LibGen,LibGen.gl,PROTECTED,200,2221,,Cloudflare
2026-09-03T11:15:06.353409+00:00,LibGen,LibGen.gl,PROTECTED,200,2801,,Cloudflare
2026-09-03T11:16:05.800913+00:00,LibGen,LibGen.gl,PROTECTED,200,1338,,Cloudflare
2026-09-03T11:17:05.158653+00:00,LibGen,LibGen.gl,PROTECTED,200,757,,Cloudflare
2026-09-03T11:18:06.806686+00:00,LibGen,LibGen.gl,PROTECTED,200,2477,,Cloudflare
2026-09-03T11:19:08.029035+00:00,LibGen,LibGen.gl,PROTECTED,200,930,,Cloudflare
2026-09-03T11:20:07.599545+00:00,LibGen,LibGen.gl,PROTECTED,200,1255,,Cloudflare
2026-09-03T11:21:07.756787+00:00,LibGen,LibGen.gl,PROTECTED,200,1257,,Cloudflare
2026-09-03T11:22:27.077123+00:00,LibGen,LibGen.gl,TIMEOUT,,,timeout,
2026-09-03T11:23:08.773015+00:00,LibGen,LibGen.gl,PROTECTED,200,1331,,Cloudflare
2026-09-03T11:24:08.404391+00:00,LibGen,LibGen.gl,PROTECTED,200,830,,Cloudflare
2026-09-03T11:25:14.605020+00:00,LibGen,LibGen.gl,PROTECTED,200,4956,,Cloudflare
2026-09-03T11:26:09.788778+00:00,LibGen,LibGen.gl,PROTECTED,200,1525,,Cloudflare
2026-09-03T11:27:20.840980+00:00,LibGen,LibGen.gl,PROTECTED,200,11761,,Cloudflare
2026-09-03T11:28:14.084826+00:00,LibGen,LibGen.gl,PROTECTED,200,3336,,Cloudflare
2026-09-03T11:29:12.787561+00:00,LibGen,LibGen.gl,PROTECTED,200,2350,,Cloudflare
2026-09-03T11:30:13.366138+00:00,LibGen,LibGen.gl,PROTECTED,200,1905,,Cloudflare
2026-09-03T11:31:12.932573+00:00,LibGen,LibGen.gl,PROTECTED,200,1436,,Cloudflare
2026-09-03T11:32:11.387856+00:00,LibGen,LibGen.gl,PROTECTED,503,278,,Cloudflare
2026-09-03T11:33:15.714636+00:00,LibGen,LibGen.gl,PROTECTED,200,4012,,Cloudflare
2026-09-03T11:34:14.312441+00:00,LibGen,LibGen.gl,PROTECTED,200,1820,,Cloudflare
2026-09-03T11:35:14.282490+00:00,LibGen,LibGen.gl,PROTECTED,200,868,,Cloudflare
2026-09-03T11:36:18.781886+00:00,LibGen,LibGen.gl,PROTECTED,200,5005,,Cloudflare
2026-09-03T11:37:18.652916+00:00,LibGen,LibGen.gl,PROTECTED,200,4448,,Cloudflare
2026-09-03T11:38:16.978103+00:00,LibGen,LibGen.gl,PROTECTED,200,2495,,Cloudflare
2026-09-03T11:39:20.378156+00:00,LibGen,LibGen.gl,PROTECTED,200,1899,,Cloudflare
2026-09-03T11:40:18.633044+00:00,LibGen,LibGen.gl,PROTECTED,200,1309,,Cloudflare
2026-09-03T11:41:17.501192+00:00,LibGen,LibGen.gl,PROTECTED,200,1117,,Cloudflare
2026-09-03T11:42:18.315427+00:00,LibGen,LibGen.gl,PROTECTED,200,2616,,Cloudflare
2026-09-03T11:43:17.945177+00:00,LibGen,LibGen.gl,PROTECTED,200,930,,Cloudflare
2026-09-03T11:44:19.820922+00:00,LibGen,LibGen.gl,PROTECTED,200,1899,,Cloudflare
2026-09-03T11:45:19.095757+00:00,LibGen,LibGen.gl,PROTECTED,200,2687,,Cloudflare
2026-09-03T11:46:21.067165+00:00,LibGen,LibGen.gl,PROTECTED,200,2494,,Cloudflare
2026-09-03T11:47:21.165523+00:00,LibGen,LibGen.gl,PROTECTED,200,1825,,Cloudflare
2026-09-03T11:48:18.692867+00:00,LibGen,LibGen.gl,PROTECTED,200,1239,,Cloudflare
2026-09-03T11:49:19.154161+00:00,LibGen,LibGen.gl,PROTECTED,200,759,,Cloudflare
2026-09-03T11:50:19.632161+00:00,LibGen,LibGen.gl,PROTECTED,200,1207,,Cloudflare
2026-09-03T11:51:24.761797+00:00,LibGen,LibGen.gl,PROTECTED,200,5939,,Cloudflare
2026-09-03T11:52:22.489138+00:00,LibGen,LibGen.gl,PROTECTED,200,3649,,Cloudflare
2026-09-03T11:53:22.715851+00:00,LibGen,LibGen.gl,PROTECTED,200,2980,,Cloudflare
2026-09-03T11:54:23.739787+00:00,LibGen,LibGen.gl,PROTECTED,200,3209,,Cloudflare
2026-09-03T11:55:23.188925+00:00,LibGen,LibGen.gl,PROTECTED,200,1754,,Cloudflare
2026-09-03T11:56:25.167141+00:00,LibGen,LibGen.gl,PROTECTED,200,2208,,Cloudflare
2026-09-03T11:57:23.793305+00:00,LibGen,LibGen.gl,PROTECTED,200,1222,,Cloudflare
2026-09-03T11:58:25.134591+00:00,LibGen,LibGen.gl,PROTECTED,200,1447,,Cloudflare
2026-09-03T11:59:26.631815+00:00,LibGen,LibGen.gl,PROTECTED,200,3210,,Cloudflare
2026-09-03T12:00:24.549939+00:00,LibGen,LibGen.gl,PROTECTED,200,788,,Cloudflare
2026-09-03T12:01:25.745184+00:00,LibGen,LibGen.gl,PROTECTED,200,1280,,Cloudflare
2026-09-03T12:02:26.786307+00:00,LibGen,LibGen.gl,PROTECTED,200,1759,,Cloudflare
2026-09-03T12:03:26.470805+00:00,LibGen,LibGen.gl,PROTECTED,200,1091,,Cloudflare
2026-09-03T12:04:27.985096+00:00,LibGen,LibGen.gl,PROTECTED,200,1626,,Cloudflare
2026-09-03T12:05:27.618003+00:00,LibGen,LibGen.gl,PROTECTED,200,1546,,Cloudflare
2026-09-03T12:06:27.985732+00:00,LibGen,LibGen.gl,PROTECTED,200,1754,,Cloudflare
2026-09-03T12:07:28.239668+00:00,LibGen,LibGen.gl,PROTECTED,200,1555,,Cloudflare
2026-09-03T12:08:27.755635+00:00,LibGen,LibGen.gl,PROTECTED,200,707,,Cloudflare
2026-09-03T12:09:31.131802+00:00,LibGen,LibGen.gl,PROTECTED,200,3668,,Cloudflare
2026-09-03T12:10:29.076805+00:00,LibGen,LibGen.gl,PROTECTED,200,1224,,Cloudflare
2026-09-03T12:11:29.505670+00:00,LibGen,LibGen.gl,PROTECTED,200,988,,Cloudflare
2026-09-03T12:12:31.331970+00:00,LibGen,LibGen.gl,PROTECTED,200,1357,,Cloudflare
2026-09-03T12:13:31.024726+00:00,LibGen,LibGen.gl,PROTECTED,200,2402,,Cloudflare
2026-09-03T12:14:31.605930+00:00,LibGen,LibGen.gl,PROTECTED,200,2091,,Cloudflare
2026-09-03T12:15:31.090149+00:00,LibGen,LibGen.gl,PROTECTED,200,1844,,Cloudflare
2026-09-03T12:16:33.072683+00:00,LibGen,LibGen.gl,PROTECTED,200,739,,Cloudflare
2026-09-03T12:17:32.550814+00:00,LibGen,LibGen.gl,PROTECTED,200,1753,,Cloudflare
2026-09-03T12:18:32.798700+00:00,LibGen,LibGen.gl,PROTECTED,200,2021,,Cloudflare
2026-09-03T12:19:52.032891+00:00,LibGen,LibGen.gl,DOWN,,,connection_refused,
2026-09-03T12:20:33.042574+00:00,LibGen,LibGen.gl,PROTECTED,200,1579,,Cloudflare
2026-09-03T12:21:33.480947+00:00,LibGen,LibGen.gl,PROTECTED,200,733,,Cloudflare
2026-09-03T12:22:35.401867+00:00,LibGen,LibGen.gl,PROTECTED,200,2454,,Cloudflare
2026-09-03T12:23:34.669182+00:00,LibGen,LibGen.gl,PROTECTED,200,1812,,Cloudflare
2026-09-03T12:24:35.626069+00:00,LibGen,LibGen.gl,PROTECTED,200,2532,,Cloudflare
2026-09-03T12:25:35.376886+00:00,LibGen,LibGen.gl,PROTECTED,200,1153,,Cloudflare
2026-09-03T12:26:54.869101+00:00,LibGen,LibGen.gl,DOWN,,,connection_refused,
2026-09-03T12:27:35.576427+00:00,LibGen,LibGen.gl,PROTECTED,200,1823,,Cloudflare
2026-09-03T12:28:35.899828+00:00,LibGen,LibGen.gl,PROTECTED,200,817,,Cloudflare
2026-09-03T12:29:36.278753+00:00,LibGen,LibGen.gl,PROTECTED,200,1488,,Cloudflare
2026-09-03T12:30:36.975534+00:00,LibGen,LibGen.gl,PROTECTED,200,1933,,Cloudflare
2026-09-03T12:31:36.498520+00:00,LibGen,LibGen.gl,PROTECTED,200,1046,,Cloudflare
2026-09-03T12:32:36.825575+00:00,LibGen,LibGen.gl,PROTECTED,200,1235,,Cloudflare
2026-09-03T12:33:37.220462+00:00,LibGen,LibGen.gl,PROTECTED,200,1078,,Cloudflare
2026-09-03T12:34:38.159818+00:00,LibGen,LibGen.gl,PROTECTED,200,1986,,Cloudflare
2026-09-03T12:35:37.486613+00:00,LibGen,LibGen.gl,PROTECTED,200,1061,,Cloudflare
2026-09-03T12:36:44.525898+00:00,LibGen,LibGen.gl,PROTECTED,200,4750,,Cloudflare
2026-09-03T12:37:37.444313+00:00,LibGen,LibGen.gl,PROTECTED,200,902,,Cloudflare
2026-09-03T12:38:39.871857+00:00,LibGen,LibGen.gl,PROTECTED,200,3051,,Cloudflare
2026-09-03T12:39:41.173730+00:00,LibGen,LibGen.gl,PROTECTED,200,3414,,Cloudflare
2026-09-03T12:40:39.534980+00:00,LibGen,LibGen.gl,PROTECTED,200,889,,Cloudflare
2026-09-03T12:41:41.440705+00:00,LibGen,LibGen.gl,PROTECTED,200,1605,,Cloudflare
2026-09-03T12:42:40.573521+00:00,LibGen,LibGen.gl,PROTECTED,200,987,,Cloudflare
2026-09-03T12:43:41.241747+00:00,LibGen,LibGen.gl,PROTECTED,200,1356,,Cloudflare
2026-09-03T12:44:42.943722+00:00,LibGen,LibGen.gl,PROTECTED,200,1513,,Cloudflare
2026-09-03T12:45:43.192084+00:00,LibGen,LibGen.gl,PROTECTED,200,1883,,Cloudflare
2026-09-03T12:46:43.674891+00:00,LibGen,LibGen.gl,PROTECTED,200,2021,,Cloudflare
2026-09-03T12:47:43.178308+00:00,LibGen,LibGen.gl,PROTECTED,200,1074,,Cloudflare
2026-09-03T12:48:44.234613+00:00,LibGen,LibGen.gl,PROTECTED,200,1448,,Cloudflare
2026-09-03T12:49:44.118411+00:00,LibGen,LibGen.gl,PROTECTED,200,1457,,Cloudflare
2026-09-03T12:50:44.265146+00:00,LibGen,LibGen.gl,PROTECTED,200,703,,Cloudflare
2026-09-03T12:51:45.533965+00:00,LibGen,LibGen.gl,PROTECTED,200,961,,Cloudflare
2026-09-03T12:52:46.200487+00:00,LibGen,LibGen.gl,PROTECTED,200,1885,,Cloudflare
2026-09-03T12:53:45.688760+00:00,LibGen,LibGen.gl,PROTECTED,200,1514,,Cloudflare
2026-09-03T12:54:46.956056+00:00,LibGen,LibGen.gl,PROTECTED,200,1197,,Cloudflare
2026-09-03T12:55:46.930659+00:00,LibGen,LibGen.gl,PROTECTED,200,894,,Cloudflare
2026-09-03T12:56:50.661215+00:00,LibGen,LibGen.gl,PROTECTED,200,1785,,Cloudflare
2026-09-03T12:57:49.404948+00:00,LibGen,LibGen.gl,PROTECTED,200,1819,,Cloudflare
2026-09-03T12:58:48.797680+00:00,LibGen,LibGen.gl,PROTECTED,200,992,,Cloudflare
2026-09-03T12:59:49.537884+00:00,LibGen,LibGen.gl,PROTECTED,200,1453,,Cloudflare
2026-09-03T13:00:51.426216+00:00,LibGen,LibGen.gl,PROTECTED,200,1963,,Cloudflare
2026-09-03T13:01:51.791479+00:00,LibGen,LibGen.gl,PROTECTED,200,2955,,Cloudflare
2026-09-03T13:02:58.451920+00:00,LibGen,LibGen.gl,PROTECTED,200,8715,,Cloudflare
2026-09-03T13:03:52.083152+00:00,LibGen,LibGen.gl,PROTECTED,200,1220,,Cloudflare
2026-09-03T13:04:56.689475+00:00,LibGen,LibGen.gl,PROTECTED,200,3097,,Cloudflare
2026-09-03T13:05:58.741079+00:00,LibGen,LibGen.gl,PROTECTED,200,3279,,Cloudflare
2026-09-03T13:06:53.854129+00:00,LibGen,LibGen.gl,PROTECTED,200,993,,Cloudflare
2026-09-03T13:07:55.776366+00:00,LibGen,LibGen.gl,PROTECTED,200,1751,,Cloudflare
2026-09-03T13:08:56.073766+00:00,LibGen,LibGen.gl,PROTECTED,200,1893,,Cloudflare
2026-09-03T13:09:57.171691+00:00,LibGen,LibGen.gl,PROTECTED,200,1092,,Cloudflare
2026-09-03T13:10:55.614941+00:00,LibGen,LibGen.gl,PROTECTED,200,1066,,Cloudflare
2026-09-03T13:11:56.614793+00:00,LibGen,LibGen.gl,PROTECTED,200,1608,,Cloudflare
2026-09-03T13:12:57.887799+00:00,LibGen,LibGen.gl,PROTECTED,200,750,,Cloudflare
2026-09-03T13:13:57.257199+00:00,LibGen,LibGen.gl,PROTECTED,200,978,,Cloudflare
2026-09-03T13:15:01.663406+00:00,LibGen,LibGen.gl,PROTECTED,200,3743,,Cloudflare
2026-09-03T13:15:58.123326+00:00,LibGen,LibGen.gl,PROTECTED,200,696,,Cloudflare
2026-09-03T13:16:58.879406+00:00,LibGen,LibGen.gl,PROTECTED,200,1075,,Cloudflare
2026-09-03T13:17:59.506734+00:00,LibGen,LibGen.gl,PROTECTED,200,1422,,Cloudflare
2026-09-03T13:19:01.657036+00:00,LibGen,LibGen.gl,PROTECTED,200,1922,,Cloudflare
2026-09-03T13:20:00.809529+00:00,LibGen,LibGen.gl,PROTECTED,200,784,,Cloudflare
2026-09-03T13:21:00.853710+00:00,LibGen,LibGen.gl,PROTECTED,200,805,,Cloudflare
2026-09-03T13:22:06.052105+00:00,LibGen,LibGen.gl,PROTECTED,200,5586,,Cloudflare
2026-09-03T13:23:02.235765+00:00,LibGen,LibGen.gl,PROTECTED,200,903,,Cloudflare
2026-09-03T13:24:06.465006+00:00,LibGen,LibGen.gl,PROTECTED,200,918,,Cloudflare
2026-09-03T13:25:04.256896+00:00,LibGen,LibGen.gl,PROTECTED,200,1151,,Cloudflare
2026-09-03T13:26:06.257821+00:00,LibGen,LibGen.gl,PROTECTED,200,2358,,Cloudflare
2026-09-03T13:27:06.134651+00:00,LibGen,LibGen.gl,PROTECTED,200,1404,,Cloudflare
2026-09-03T13:28:05.512308+00:00,LibGen,LibGen.gl,PROTECTED,200,1072,,Cloudflare
2026-09-03T13:29:05.937027+00:00,LibGen,LibGen.gl,PROTECTED,200,1354,,Cloudflare
2026-09-03T13:30:06.128743+00:00,LibGen,LibGen.gl,PROTECTED,200,1469,,Cloudflare
2026-09-03T13:31:04.969732+00:00,LibGen,LibGen.gl,PROTECTED,200,698,,Cloudflare
2026-09-03T13:32:06.630008+00:00,LibGen,LibGen.gl,PROTECTED,200,2043,,Cloudflare
2026-09-03T13:33:09.728436+00:00,LibGen,LibGen.gl,PROTECTED,200,991,,Cloudflare
2026-09-03T13:34:06.776230+00:00,LibGen,LibGen.gl,PROTECTED,200,736,,Cloudflare
2026-09-03T13:35:11.763872+00:00,LibGen,LibGen.gl,PROTECTED,200,4923,,Cloudflare
2026-09-03T13:36:09.668789+00:00,LibGen,LibGen.gl,PROTECTED,200,2009,,Cloudflare
2026-09-03T13:37:09.095245+00:00,LibGen,LibGen.gl,PROTECTED,200,1245,,Cloudflare
2026-09-03T13:38:08.869211+00:00,LibGen,LibGen.gl,PROTECTED,200,753,,Cloudflare
2026-09-03T13:39:10.396444+00:00,LibGen,LibGen.gl,PROTECTED,200,1061,,Cloudflare
2026-09-03T13:40:09.551933+00:00,LibGen,LibGen.gl,PROTECTED,200,1255,,Cloudflare
2026-09-03T13:41:09.313937+00:00,LibGen,LibGen.gl,PROTECTED,200,723,,Cloudflare
2026-09-03T13:42:15.360118+00:00,LibGen,LibGen.gl,PROTECTED,200,5369,,Cloudflare
2026-09-03T13:43:15.401642+00:00,LibGen,LibGen.gl,PROTECTED,200,5135,,Cloudflare
2026-09-03T13:44:16.094444+00:00,LibGen,LibGen.gl,PROTECTED,200,3318,,Cloudflare
2026-09-03T13:45:14.849179+00:00,LibGen,LibGen.gl,PROTECTED,200,2989,,Cloudflare
2026-09-03T13:46:16.441931+00:00,LibGen,LibGen.gl,PROTECTED,200,4373,,Cloudflare
2026-09-03T13:47:15.981016+00:00,LibGen,LibGen.gl,PROTECTED,200,3634,,Cloudflare
2026-09-03T13:48:19.607801+00:00,LibGen,LibGen.gl,PROTECTED,200,5153,,Cloudflare
2026-09-03T13:49:14.348844+00:00,LibGen,LibGen.gl,DOWN,500,2264,http_error,
2026-09-03T13:50:15.244902+00:00,LibGen,LibGen.gl,PROTECTED,200,2609,,Cloudflare
2026-09-03T13:51:13.541581+00:00,LibGen,LibGen.gl,DOWN,500,709,http_error,
2026-09-03T13:52:17.853823+00:00,LibGen,LibGen.gl,PROTECTED,200,4562,,Cloudflare
2026-09-03T13:53:14.435379+00:00,LibGen,LibGen.gl,DOWN,500,1162,http_error,
2026-09-03T13:54:14.234158+00:00,LibGen,LibGen.gl,DOWN,500,939,http_error,
2026-09-03T13:55:14.734332+00:00,LibGen,LibGen.gl,DOWN,500,888,http_error,
2026-09-03T13:56:15.223813+00:00,LibGen,LibGen.gl,DOWN,500,1110,http_error,
2026-09-03T13:57:14.862916+00:00,LibGen,LibGen.gl,DOWN,500,696,http_error,
2026-09-03T13:58:15.310238+00:00,LibGen,LibGen.gl,DOWN,500,687,http_error,
2026-09-03T13:59:16.712607+00:00,LibGen,LibGen.gl,PROTECTED,200,727,,Cloudflare
2026-09-03T14:00:17.666552+00:00,LibGen,LibGen.gl,PROTECTED,200,1481,,Cloudflare
2026-09-03T14:01:17.489279+00:00,LibGen,LibGen.gl,PROTECTED,200,936,,Cloudflare
2026-09-03T14:02:18.223106+00:00,LibGen,LibGen.gl,PROTECTED,200,1778,,Cloudflare
2026-09-03T14:03:21.163953+00:00,LibGen,LibGen.gl,PROTECTED,200,4506,,Cloudflare
2026-09-03T14:04:18.035746+00:00,LibGen,LibGen.gl,PROTECTED,200,925,,Cloudflare
2026-09-03T14:05:20.691914+00:00,LibGen,LibGen.gl,PROTECTED,200,1622,,Cloudflare
2026-09-03T14:06:19.530741+00:00,LibGen,LibGen.gl,PROTECTED,200,843,,Cloudflare
2026-09-03T14:07:18.976857+00:00,LibGen,LibGen.gl,PROTECTED,200,978,,Cloudflare
2026-09-03T14:08:19.061806+00:00,LibGen,LibGen.gl,PROTECTED,200,1040,,Cloudflare
2026-09-03T14:09:21.061427+00:00,LibGen,LibGen.gl,PROTECTED,200,2693,,Cloudflare
2026-09-03T14:10:20.779902+00:00,LibGen,LibGen.gl,PROTECTED,200,1249,,Cloudflare
2026-09-03T14:11:19.765645+00:00,LibGen,LibGen.gl,PROTECTED,200,707,,Cloudflare
2026-09-03T14:12:21.092085+00:00,LibGen,LibGen.gl,PROTECTED,200,2137,,Cloudflare
2026-09-03T14:13:22.386881+00:00,LibGen,LibGen.gl,PROTECTED,200,924,,Cloudflare
2026-09-03T14:14:21.088754+00:00,LibGen,LibGen.gl,PROTECTED,200,716,,Cloudflare
2026-09-03T14:15:22.014838+00:00,LibGen,LibGen.gl,PROTECTED,200,740,,Cloudflare
2026-09-03T14:16:22.362017+00:00,LibGen,LibGen.gl,PROTECTED,200,900,,Cloudflare
2026-09-03T14:17:25.786897+00:00,LibGen,LibGen.gl,PROTECTED,200,1380,,Cloudflare
2026-09-03T14:18:41.520476+00:00,LibGen,LibGen.gl,TIMEOUT,,,timeout,
2026-09-03T14:19:41.441306+00:00,LibGen,LibGen.gl,TIMEOUT,,,timeout,
2026-09-03T14:20:41.954830+00:00,LibGen,LibGen.gl,TIMEOUT,,,timeout,
2026-09-03T14:21:42.109372+00:00,LibGen,LibGen.gl,TIMEOUT,,,timeout,
2026-09-03T14:22:42.141801+00:00,LibGen,LibGen.gl,TIMEOUT,,,timeout,
2026-09-03T14:23:24.335275+00:00,LibGen,LibGen.gl,PROTECTED,200,1323,,Cloudflare
2026-09-03T14:24:24.267032+00:00,LibGen,LibGen.gl,PROTECTED,200,1043,,Cloudflare
2026-09-03T14:25:24.715434+00:00,LibGen,LibGen.gl,PROTECTED,200,1863,,Cloudflare
2026-09-03T14:26:25.313761+00:00,LibGen,LibGen.gl,PROTECTED,200,1974,,Cloudflare
2026-09-03T14:27:27.114391+00:00,LibGen,LibGen.gl,PROTECTED,200,3170,,Cloudflare
2026-09-03T14:28:25.919134+00:00,LibGen,LibGen.gl,PROTECTED,200,2298,,Cloudflare
2026-09-03T14:29:29.188153+00:00,LibGen,LibGen.gl,PROTECTED,200,1703,,Cloudflare
2026-09-03T14:30:26.616416+00:00,LibGen,LibGen.gl,PROTECTED,200,1211,,Cloudflare
2026-09-03T14:31:28.611701+00:00,LibGen,LibGen.gl,PROTECTED,200,2708,,Cloudflare
2026-09-03T14:32:27.116004+00:00,LibGen,LibGen.gl,PROTECTED,200,1218,,Cloudflare
2026-09-03T14:33:26.482135+00:00,LibGen,LibGen.gl,PROTECTED,200,714,,Cloudflare
2026-09-03T14:34:28.298739+00:00,LibGen,LibGen.gl,PROTECTED,200,1265,,Cloudflare
2026-09-03T14:35:27.062009+00:00,LibGen,LibGen.gl,PROTECTED,200,782,,Cloudflare
2026-09-03T14:36:32.888025+00:00,LibGen,LibGen.gl,PROTECTED,200,3724,,Cloudflare
2026-09-03T14:37:28.972484+00:00,LibGen,LibGen.gl,PROTECTED,200,2145,,Cloudflare
2026-09-03T14:38:28.863255+00:00,LibGen,LibGen.gl,PROTECTED,200,1439,,Cloudflare
2026-09-03T14:39:29.602493+00:00,LibGen,LibGen.gl,PROTECTED,200,1110,,Cloudflare
2026-09-03T14:40:30.107741+00:00,LibGen,LibGen.gl,PROTECTED,200,1353,,Cloudflare
2026-09-03T14:41:31.127152+00:00,LibGen,LibGen.gl,PROTECTED,200,2802,,Cloudflare
2026-09-03T14:42:30.328813+00:00,LibGen,LibGen.gl,PROTECTED,200,1210,,Cloudflare
2026-09-03T14:43:33.541163+00:00,LibGen,LibGen.gl,DOWN,500,4994,http_error,
2026-09-03T14:44:29.817073+00:00,LibGen,LibGen.gl,PROTECTED,200,700,,Cloudflare
2026-09-03T14:45:32.474141+00:00,LibGen,LibGen.gl,PROTECTED,200,2315,,Cloudflare
2026-09-03T14:46:32.206084+00:00,LibGen,LibGen.gl,PROTECTED,200,2358,,Cloudflare
2026-09-03T14:47:31.865638+00:00,LibGen,LibGen.gl,PROTECTED,200,704,,Cloudflare
2026-09-03T14:48:31.989728+00:00,LibGen,LibGen.gl,PROTECTED,200,749,,Cloudflare
2026-09-03T14:49:36.944137+00:00,LibGen,LibGen.gl,PROTECTED,200,4713,,Cloudflare
2026-09-03T14:50:35.209371+00:00,LibGen,LibGen.gl,PROTECTED,200,1892,,Cloudflare
2026-09-03T14:51:33.516597+00:00,LibGen,LibGen.gl,PROTECTED,200,1520,,Cloudflare
2026-09-03T14:52:37.271058+00:00,LibGen,LibGen.gl,PROTECTED,200,4981,,Cloudflare
2026-09-03T14:53:35.243578+00:00,LibGen,LibGen.gl,PROTECTED,200,1949,,Cloudflare
2026-09-03T14:54:35.383777+00:00,LibGen,LibGen.gl,PROTECTED,200,1856,,Cloudflare
2026-09-03T14:55:41.562946+00:00,LibGen,LibGen.gl,PROTECTED,200,7888,,Cloudflare
2026-09-03T14:56:36.963736+00:00,LibGen,LibGen.gl,PROTECTED,200,2564,,Cloudflare
2026-09-03T14:57:36.934485+00:00,LibGen,LibGen.gl,PROTECTED,200,772,,Cloudflare
2026-09-03T14:58:36.913965+00:00,LibGen,LibGen.gl,PROTECTED,200,982,,Cloudflare
2026-09-03T14:59:37.895985+00:00,LibGen,LibGen.gl,PROTECTED,200,1018,,Cloudflare
2026-09-03T15:00:38.390998+00:00,LibGen,LibGen.gl,PROTECTED,200,1217,,Cloudflare
2026-09-03T15:01:38.602397+00:00,LibGen,LibGen.gl,PROTECTED,200,1632,,Cloudflare
2026-09-03T15:02:38.079120+00:00,LibGen,LibGen.gl,PROTECTED,200,774,,Cloudflare
2026-09-03T15:03:39.684903+00:00,LibGen,LibGen.gl,PROTECTED,200,2406,,Cloudflare
2026-09-03T15:04:39.301588+00:00,LibGen,LibGen.gl,PROTECTED,200,1727,,Cloudflare
2026-09-03T15:05:39.939578+00:00,LibGen,LibGen.gl,PROTECTED,200,2342,,Cloudflare
2026-09-03T15:06:39.478101+00:00,LibGen,LibGen.gl,PROTECTED,200,860,,Cloudflare
2026-09-03T15:07:42.215673+00:00,LibGen,LibGen.gl,PROTECTED,200,1587,,Cloudflare
2026-09-03T15:08:44.718133+00:00,LibGen,LibGen.gl,PROTECTED,200,4900,,Cloudflare
2026-09-03T15:09:40.921027+00:00,LibGen,LibGen.gl,PROTECTED,200,1446,,Cloudflare
2026-09-03T15:10:43.051983+00:00,LibGen,LibGen.gl,PROTECTED,200,1219,,Cloudflare
2026-09-03T15:11:42.472561+00:00,LibGen,LibGen.gl,PROTECTED,200,2057,,Cloudflare
2026-09-03T15:12:42.011370+00:00,LibGen,LibGen.gl,PROTECTED,200,895,,Cloudflare
2026-09-03T15:13:43.075025+00:00,LibGen,LibGen.gl,PROTECTED,200,1107,,Cloudflare
2026-09-03T15:14:45.444843+00:00,LibGen,LibGen.gl,PROTECTED,200,2313,,Cloudflare
2026-09-03T15:15:43.043412+00:00,LibGen,LibGen.gl,PROTECTED,200,687,,Cloudflare
2026-09-03T15:16:44.277157+00:00,LibGen,LibGen.gl,PROTECTED,200,1377,,Cloudflare
2026-09-03T15:17:45.897123+00:00,LibGen,LibGen.gl,PROTECTED,200,2750,,Cloudflare
2026-09-03T15:18:44.756486+00:00,LibGen,LibGen.gl,PROTECTED,200,859,,Cloudflare
2026-09-03T15:19:45.751956+00:00,LibGen,LibGen.gl,PROTECTED,200,2201,,Cloudflare
2026-09-03T15:20:50.144850+00:00,LibGen,LibGen.gl,PROTECTED,200,5637,,Cloudflare
2026-09-03T15:21:48.073021+00:00,LibGen,LibGen.gl,PROTECTED,200,994,,Cloudflare
2026-09-03T15:22:47.009581+00:00,LibGen,LibGen.gl,PROTECTED,200,1404,,Cloudflare
2026-09-03T15:23:47.486269+00:00,LibGen,LibGen.gl,PROTECTED,200,979,,Cloudflare
2026-09-03T15:24:46.323361+00:00,LibGen,LibGen.gl,DOWN,500,741,http_error,
2026-09-03T15:25:47.250105+00:00,LibGen,LibGen.gl,PROTECTED,200,717,,Cloudflare
2026-09-03T15:26:48.260882+00:00,LibGen,LibGen.gl,PROTECTED,200,1856,,Cloudflare
2026-09-03T15:27:48.884559+00:00,LibGen,LibGen.gl,PROTECTED,200,1686,,Cloudflare
2026-09-03T15:28:50.774523+00:00,LibGen,LibGen.gl,DOWN,500,4297,http_error,
2026-09-03T15:29:49.043646+00:00,LibGen,LibGen.gl,PROTECTED,200,737,,Cloudflare
2026-09-03T15:30:49.086156+00:00,LibGen,LibGen.gl,PROTECTED,200,740,,Cloudflare
2026-09-03T15:31:49.426188+00:00,LibGen,LibGen.gl,PROTECTED,200,1242,,Cloudflare
2026-09-03T15:32:50.800220+00:00,LibGen,LibGen.gl,PROTECTED,200,2506,,Cloudflare
2026-09-03T15:33:54.239903+00:00,LibGen,LibGen.gl,PROTECTED,200,4349,,Cloudflare
2026-09-03T15:34:51.540538+00:00,LibGen,LibGen.gl,PROTECTED,200,1435,,Cloudflare
2026-09-03T15:35:51.884947+00:00,LibGen,LibGen.gl,PROTECTED,200,797,,Cloudflare
2026-09-03T15:36:52.763727+00:00,LibGen,LibGen.gl,PROTECTED,200,709,,Cloudflare
2026-09-03T15:37:54.353196+00:00,LibGen,LibGen.gl,PROTECTED,200,1539,,Cloudflare
2026-09-03T15:38:56.685250+00:00,LibGen,LibGen.gl,PROTECTED,200,1475,,Cloudflare
2026-09-03T15:39:54.368141+00:00,LibGen,LibGen.gl,PROTECTED,200,2235,,Cloudflare
2026-09-03T15:40:55.118540+00:00,LibGen,LibGen.gl,PROTECTED,200,2069,,Cloudflare
2026-09-03T15:41:53.877041+00:00,LibGen,LibGen.gl,PROTECTED,200,764,,Cloudflare
2026-09-03T15:42:56.036227+00:00,LibGen,LibGen.gl,PROTECTED,200,2205,,Cloudflare
2026-09-03T15:43:57.847556+00:00,LibGen,LibGen.gl,PROTECTED,200,1244,,Cloudflare
2026-09-03T15:44:58.223896+00:00,LibGen,LibGen.gl,PROTECTED,200,1659,,Cloudflare
2026-09-03T15:46:01.509858+00:00,LibGen,LibGen.gl,PROTECTED,200,4676,,Cloudflare
2026-09-03T15:46:58.745344+00:00,LibGen,LibGen.gl,PROTECTED,200,2178,,Cloudflare
2026-09-03T15:48:00.110429+00:00,LibGen,LibGen.gl,PROTECTED,200,3745,,Cloudflare
2026-09-03T15:48:59.138961+00:00,LibGen,LibGen.gl,PROTECTED,200,1989,,Cloudflare
2026-09-03T15:50:02.474393+00:00,LibGen,LibGen.gl,PROTECTED,200,4906,,Cloudflare
2026-09-03T15:51:00.001876+00:00,LibGen,LibGen.gl,PROTECTED,200,1456,,Cloudflare
2026-09-03T15:51:59.674688+00:00,LibGen,LibGen.gl,PROTECTED,200,1023,,Cloudflare
2026-09-03T15:52:59.652876+00:00,LibGen,LibGen.gl,PROTECTED,200,973,,Cloudflare
2026-09-03T15:53:59.758529+00:00,LibGen,LibGen.gl,PROTECTED,200,861,,Cloudflare
2026-09-03T15:55:01.446573+00:00,LibGen,LibGen.gl,PROTECTED,200,1866,,Cloudflare
2026-09-03T15:56:00.645679+00:00,LibGen,LibGen.gl,PROTECTED,200,761,,Cloudflare
2026-09-03T15:57:01.272356+00:00,LibGen,LibGen.gl,PROTECTED,200,1010,,Cloudflare
2026-09-03T15:58:02.266093+00:00,LibGen,LibGen.gl,PROTECTED,200,1519,,Cloudflare
2026-09-03T15:59:02.941221+00:00,LibGen,LibGen.gl,PROTECTED,200,1777,,Cloudflare
2026-09-03T16:00:02.928855+00:00,LibGen,LibGen.gl,PROTECTED,200,1609,,Cloudflare
2026-09-03T16:01:04.463124+00:00,LibGen,LibGen.gl,PROTECTED,200,1872,,Cloudflare
2026-09-03T16:02:04.775959+00:00,LibGen,LibGen.gl,PROTECTED,200,1279,,Cloudflare
2026-09-03T16:03:05.118658+00:00,LibGen,LibGen.gl,PROTECTED,200,1224,,Cloudflare
2026-09-03T16:04:05.061497+00:00,LibGen,LibGen.gl,PROTECTED,200,784,,Cloudflare
2026-09-03T16:05:05.218757+00:00,LibGen,LibGen.gl,PROTECTED,200,767,,Cloudflare
2026-09-03T16:06:06.698423+00:00,LibGen,LibGen.gl,PROTECTED,200,1501,,Cloudflare
2026-09-03T16:07:05.851711+00:00,LibGen,LibGen.gl,PROTECTED,200,1073,,Cloudflare
2026-09-03T16:08:06.481216+00:00,LibGen,LibGen.gl,PROTECTED,200,1897,,Cloudflare
2026-09-03T16:09:06.633114+00:00,LibGen,LibGen.gl,PROTECTED,200,712,,Cloudflare
2026-09-03T16:10:08.943916+00:00,LibGen,LibGen.gl,PROTECTED,200,3249,,Cloudflare
2026-09-03T16:11:07.191810+00:00,LibGen,LibGen.gl,PROTECTED,200,943,,Cloudflare
2026-09-03T16:12:09.352091+00:00,LibGen,LibGen.gl,PROTECTED,200,1239,,Cloudflare
2026-09-03T16:13:08.411943+00:00,LibGen,LibGen.gl,PROTECTED,200,1159,,Cloudflare
2026-09-03T16:14:09.943782+00:00,LibGen,LibGen.gl,PROTECTED,200,1200,,Cloudflare
2026-09-03T16:15:10.960835+00:00,LibGen,LibGen.gl,PROTECTED,200,2448,,Cloudflare
2026-09-03T16:16:08.979614+00:00,LibGen,LibGen.gl,PROTECTED,200,822,,Cloudflare
2026-09-03T16:17:09.663134+00:00,LibGen,LibGen.gl,PROTECTED,200,706,,Cloudflare
2026-09-03T16:18:14.804086+00:00,LibGen,LibGen.gl,PROTECTED,200,5690,,Cloudflare
2026-09-03T16:19:11.681965+00:00,LibGen,LibGen.gl,PROTECTED,200,2964,,Cloudflare
2026-09-03T16:20:12.037877+00:00,LibGen,LibGen.gl,PROTECTED,200,2710,,Cloudflare
2026-09-03T16:21:14.582820+00:00,LibGen,LibGen.gl,PROTECTED,200,4212,,Cloudflare
2026-09-03T16:22:14.350709+00:00,LibGen,LibGen.gl,PROTECTED,200,4351,,Cloudflare
2026-09-03T16:23:17.068869+00:00,LibGen,LibGen.gl,PROTECTED,200,6540,,Cloudflare
2026-09-03T16:24:18.973804+00:00,LibGen,LibGen.gl,PROTECTED,200,8877,,Cloudflare
2026-09-03T16:25:16.024202+00:00,LibGen,LibGen.gl,PROTECTED,200,6127,,Cloudflare
2026-09-03T16:26:34.402806+00:00,LibGen,LibGen.gl,DOWN,,,connection_refused,
2026-09-03T16:27:19.906822+00:00,LibGen,LibGen.gl,PROTECTED,200,8068,,Cloudflare
2026-09-03T16:28:13.747131+00:00,LibGen,LibGen.gl,PROTECTED,200,3035,,Cloudflare
2026-09-03T16:29:14.503644+00:00,LibGen,LibGen.gl,PROTECTED,200,2371,,Cloudflare
2026-09-03T16:30:12.500642+00:00,LibGen,LibGen.gl,PROTECTED,503,738,,Cloudflare
2026-09-03T16:31:15.809021+00:00,LibGen,LibGen.gl,PROTECTED,200,2710,,Cloudflare
2026-09-03T16:32:15.218852+00:00,LibGen,LibGen.gl,PROTECTED,200,1131,,Cloudflare
2026-09-03T16:33:14.951824+00:00,LibGen,LibGen.gl,PROTECTED,200,1494,,Cloudflare
2026-09-03T16:34:15.684883+00:00,LibGen,LibGen.gl,PROTECTED,200,1093,,Cloudflare
2026-09-03T16:35:13.807321+00:00,LibGen,LibGen.gl,DOWN,500,735,http_error,
2026-09-03T16:36:15.976861+00:00,LibGen,LibGen.gl,PROTECTED,200,1946,,Cloudflare
2026-09-03T16:37:15.550042+00:00,LibGen,LibGen.gl,PROTECTED,200,757,,Cloudflare
2026-09-03T16:38:15.801162+00:00,LibGen,LibGen.gl,PROTECTED,200,1128,,Cloudflare
2026-09-03T16:39:17.473833+00:00,LibGen,LibGen.gl,PROTECTED,200,1871,,Cloudflare
2026-09-03T16:40:17.623039+00:00,LibGen,LibGen.gl,PROTECTED,200,1256,,Cloudflare
2026-09-03T16:41:16.940100+00:00,LibGen,LibGen.gl,DOWN,500,706,http_error,
2026-09-03T16:42:18.961416+00:00,LibGen,LibGen.gl,PROTECTED,200,1748,,Cloudflare
2026-09-03T16:43:18.764801+00:00,LibGen,LibGen.gl,PROTECTED,200,1199,,Cloudflare
2026-09-03T16:44:18.338051+00:00,LibGen,LibGen.gl,DOWN,500,1001,http_error,
2026-09-03T16:45:20.627182+00:00,LibGen,LibGen.gl,PROTECTED,200,2458,,Cloudflare
2026-09-03T16:46:19.891439+00:00,LibGen,LibGen.gl,PROTECTED,200,1045,,Cloudflare
2026-09-03T16:47:22.006507+00:00,LibGen,LibGen.gl,PROTECTED,200,2251,,Cloudflare
2026-09-03T16:48:20.198645+00:00,LibGen,LibGen.gl,PROTECTED,200,1033,,Cloudflare
2026-09-03T16:49:21.249206+00:00,LibGen,LibGen.gl,PROTECTED,200,702,,Cloudflare
2026-09-03T16:50:21.085330+00:00,LibGen,LibGen.gl,PROTECTED,200,1177,,Cloudflare
2026-09-03T16:51:20.319274+00:00,LibGen,LibGen.gl,DOWN,500,712,http_error,
2026-09-03T16:52:21.390681+00:00,LibGen,LibGen.gl,PROTECTED,200,812,,Cloudflare
2026-09-03T16:53:22.413435+00:00,LibGen,LibGen.gl,PROTECTED,200,1526,,Cloudflare
2026-09-03T16:54:22.703695+00:00,LibGen,LibGen.gl,PROTECTED,200,691,,Cloudflare
2026-09-03T16:55:43.034722+00:00,LibGen,LibGen.gl,DOWN,,,connection_refused,
2026-09-03T16:56:24.697073+00:00,LibGen,LibGen.gl,PROTECTED,200,1771,,Cloudflare
2026-09-03T16:57:25.252653+00:00,LibGen,LibGen.gl,PROTECTED,200,1053,,Cloudflare
2026-09-03T16:58:25.906896+00:00,LibGen,LibGen.gl,PROTECTED,200,1429,,Cloudflare
2026-09-03T16:59:26.284822+00:00,LibGen,LibGen.gl,PROTECTED,200,885,,Cloudflare
2026-09-03T17:00:26.729029+00:00,LibGen,LibGen.gl,PROTECTED,200,1693,,Cloudflare
2026-09-03T17:01:27.800182+00:00,LibGen,LibGen.gl,PROTECTED,200,1053,,Cloudflare
2026-09-03T17:02:27.634303+00:00,LibGen,LibGen.gl,PROTECTED,200,714,,Cloudflare
2026-09-03T17:03:27.423155+00:00,LibGen,LibGen.gl,PROTECTED,200,759,,Cloudflare
2026-09-03T17:04:28.056550+00:00,LibGen,LibGen.gl,PROTECTED,200,1035,,Cloudflare
2026-09-03T17:05:29.071980+00:00,LibGen,LibGen.gl,PROTECTED,200,1336,,Cloudflare
2026-09-03T17:06:30.719616+00:00,LibGen,LibGen.gl,PROTECTED,200,2722,,Cloudflare
2026-09-03T17:07:31.655685+00:00,LibGen,LibGen.gl,PROTECTED,200,2397,,Cloudflare
2026-09-03T17:08:30.929111+00:00,LibGen,LibGen.gl,PROTECTED,200,1111,,Cloudflare
2026-09-03T17:09:31.618373+00:00,LibGen,LibGen.gl,PROTECTED,200,2080,,Cloudflare
2026-09-03T17:10:32.670953+00:00,LibGen,LibGen.gl,PROTECTED,200,1168,,Cloudflare
2026-09-03T17:11:32.124321+00:00,LibGen,LibGen.gl,PROTECTED,200,1094,,Cloudflare
2026-09-03T17:12:36.045155+00:00,LibGen,LibGen.gl,PROTECTED,200,5140,,Cloudflare
2026-09-03T17:13:31.854200+00:00,LibGen,LibGen.gl,PROTECTED,200,719,,Cloudflare
2026-09-03T17:14:33.393641+00:00,LibGen,LibGen.gl,PROTECTED,200,1713,,Cloudflare
2026-09-03T17:15:33.687576+00:00,LibGen,LibGen.gl,PROTECTED,200,1352,,Cloudflare
2026-09-03T17:16:34.250713+00:00,LibGen,LibGen.gl,PROTECTED,200,2035,,Cloudflare
2026-09-03T17:17:34.938022+00:00,LibGen,LibGen.gl,PROTECTED,200,954,,Cloudflare
2026-09-03T17:18:35.384802+00:00,LibGen,LibGen.gl,PROTECTED,200,3025,,Cloudflare
2026-09-03T17:19:33.807423+00:00,LibGen,LibGen.gl,PROTECTED,200,1040,,Cloudflare
2026-09-03T17:20:36.004025+00:00,LibGen,LibGen.gl,PROTECTED,200,2885,,Cloudflare
2026-09-03T17:21:36.725339+00:00,LibGen,LibGen.gl,PROTECTED,200,2272,,Cloudflare
2026-09-03T17:22:35.072246+00:00,LibGen,LibGen.gl,PROTECTED,200,790,,Cloudflare
2026-09-03T17:23:36.257925+00:00,LibGen,LibGen.gl,PROTECTED,200,1898,,Cloudflare
2026-09-03T17:24:37.785916+00:00,LibGen,LibGen.gl,PROTECTED,200,1839,,Cloudflare
2026-09-03T17:25:37.345954+00:00,LibGen,LibGen.gl,PROTECTED,200,1513,,Cloudflare
2026-09-03T17:26:38.603925+00:00,LibGen,LibGen.gl,PROTECTED,200,1168,,Cloudflare
2026-09-03T17:27:38.506365+00:00,LibGen,LibGen.gl,PROTECTED,200,732,,Cloudflare
2026-09-03T17:28:47.663997+00:00,LibGen,LibGen.gl,PROTECTED,200,9888,,Cloudflare
2026-09-03T17:29:41.397632+00:00,LibGen,LibGen.gl,PROTECTED,200,2827,,Cloudflare
2026-09-03T17:30:40.774145+00:00,LibGen,LibGen.gl,PROTECTED,200,2406,,Cloudflare
2026-09-03T17:31:40.926094+00:00,LibGen,LibGen.gl,PROTECTED,200,772,,Cloudflare
2026-09-03T17:32:41.041817+00:00,LibGen,LibGen.gl,PROTECTED,200,772,,Cloudflare
2026-09-03T17:33:41.865993+00:00,LibGen,LibGen.gl,PROTECTED,200,1152,,Cloudflare
2026-09-03T17:34:41.029617+00:00,LibGen,LibGen.gl,PROTECTED,503,901,,Cloudflare
2026-09-03T17:35:42.671545+00:00,LibGen,LibGen.gl,PROTECTED,200,2091,,Cloudflare
2026-09-03T17:36:42.210862+00:00,LibGen,LibGen.gl,PROTECTED,200,718,,Cloudflare
2026-09-03T17:37:42.794501+00:00,LibGen,LibGen.gl,PROTECTED,200,956,,Cloudflare
2026-09-03T17:38:43.030483+00:00,LibGen,LibGen.gl,PROTECTED,200,776,,Cloudflare
2026-09-03T17:39:43.380219+00:00,LibGen,LibGen.gl,PROTECTED,200,1901,,Cloudflare
2026-09-03T17:40:44.098877+00:00,LibGen,LibGen.gl,PROTECTED,200,2339,,Cloudflare
2026-09-03T17:41:44.704690+00:00,LibGen,LibGen.gl,PROTECTED,200,2911,,Cloudflare
2026-09-03T17:42:42.912700+00:00,LibGen,LibGen.gl,PROTECTED,200,761,,Cloudflare
2026-09-03T17:43:44.434078+00:00,LibGen,LibGen.gl,PROTECTED,200,1687,,Cloudflare
2026-09-03T17:44:45.330881+00:00,LibGen,LibGen.gl,PROTECTED,200,1291,,Cloudflare
2026-09-03T17:45:45.468993+00:00,LibGen,LibGen.gl,PROTECTED,200,1077,,Cloudflare
2026-09-03T17:46:46.166058+00:00,LibGen,LibGen.gl,PROTECTED,200,2004,,Cloudflare
2026-09-03T17:48:05.834082+00:00,LibGen,LibGen.gl,DOWN,,,connection_refused,
2026-09-03T17:48:46.983646+00:00,LibGen,LibGen.gl,PROTECTED,200,1482,,Cloudflare
2026-09-03T17:50:04.925097+00:00,LibGen,LibGen.gl,PROTECTED,200,20078,,Cloudflare
2026-09-03T17:50:45.964670+00:00,LibGen,LibGen.gl,PROTECTED,200,765,,Cloudflare
2026-09-03T17:51:46.940079+00:00,LibGen,LibGen.gl,PROTECTED,200,729,,Cloudflare
2026-09-03T17:52:46.406060+00:00,LibGen,LibGen.gl,PROTECTED,200,826,,Cloudflare
2026-09-03T17:53:49.012981+00:00,LibGen,LibGen.gl,PROTECTED,200,1509,,Cloudflare
2026-09-03T17:54:48.886477+00:00,LibGen,LibGen.gl,PROTECTED,200,2228,,Cloudflare
2026-09-03T17:55:51.846425+00:00,LibGen,LibGen.gl,PROTECTED,200,4600,,Cloudflare
2026-09-03T17:56:49.615938+00:00,LibGen,LibGen.gl,PROTECTED,200,2689,,Cloudflare
2026-09-03T17:57:48.683103+00:00,LibGen,LibGen.gl,PROTECTED,200,1230,,Cloudflare
2026-09-03T17:58:48.812889+00:00,LibGen,LibGen.gl,PROTECTED,200,748,,Cloudflare
2026-09-03T17:59:50.336252+00:00,LibGen,LibGen.gl,PROTECTED,200,768,,Cloudflare
2026-09-03T18:00:51.880379+00:00,LibGen,LibGen.gl,PROTECTED,200,3030,,Cloudflare
2026-09-03T18:01:52.591188+00:00,LibGen,LibGen.gl,PROTECTED,200,3563,,Cloudflare
2026-09-03T18:02:50.725993+00:00,LibGen,LibGen.gl,PROTECTED,200,1114,,Cloudflare
2026-09-03T18:03:50.983357+00:00,LibGen,LibGen.gl,PROTECTED,200,929,,Cloudflare
2026-09-03T18:04:51.161693+00:00,LibGen,LibGen.gl,PROTECTED,200,808,,Cloudflare
2026-09-03T18:05:52.940188+00:00,LibGen,LibGen.gl,PROTECTED,200,2405,,Cloudflare
2026-09-03T18:06:52.512648+00:00,LibGen,LibGen.gl,PROTECTED,200,1160,,Cloudflare
2026-09-03T18:07:53.780975+00:00,LibGen,LibGen.gl,PROTECTED,200,2386,,Cloudflare
2026-09-03T18:08:54.572743+00:00,LibGen,LibGen.gl,PROTECTED,200,2602,,Cloudflare
2026-09-03T18:09:54.584995+00:00,LibGen,LibGen.gl,PROTECTED,200,1088,,Cloudflare
2026-09-03T18:10:55.334135+00:00,LibGen,LibGen.gl,PROTECTED,200,1291,,Cloudflare
2026-09-03T18:11:55.952234+00:00,LibGen,LibGen.gl,PROTECTED,200,1525,,Cloudflare
2026-09-03T18:12:56.385096+00:00,LibGen,LibGen.gl,PROTECTED,200,1530,,Cloudflare
2026-09-03T18:13:55.085808+00:00,LibGen,LibGen.gl,PROTECTED,200,686,,Cloudflare
2026-09-03T18:14:55.419579+00:00,LibGen,LibGen.gl,PROTECTED,200,746,,Cloudflare
2026-09-03T18:15:55.905996+00:00,LibGen,LibGen.gl,PROTECTED,200,905,,Cloudflare
2026-09-03T18:16:57.335270+00:00,LibGen,LibGen.gl,PROTECTED,200,755,,Cloudflare
2026-09-03T18:17:57.153958+00:00,LibGen,LibGen.gl,PROTECTED,200,1021,,Cloudflare
2026-09-03T18:18:59.405859+00:00,LibGen,LibGen.gl,PROTECTED,200,1613,,Cloudflare
2026-09-03T18:19:59.735003+00:00,LibGen,LibGen.gl,PROTECTED,200,1051,,Cloudflare
2026-09-03T18:20:59.913044+00:00,LibGen,LibGen.gl,PROTECTED,200,703,,Cloudflare
2026-09-03T18:21:59.928038+00:00,LibGen,LibGen.gl,PROTECTED,200,1385,,Cloudflare
2026-09-03T18:23:01.782066+00:00,LibGen,LibGen.gl,PROTECTED,200,2788,,Cloudflare
2026-09-03T18:24:02.483155+00:00,LibGen,LibGen.gl,PROTECTED,200,1859,,Cloudflare
2026-09-03T18:25:02.946972+00:00,LibGen,LibGen.gl,PROTECTED,200,2587,,Cloudflare
2026-09-03T18:26:02.170554+00:00,LibGen,LibGen.gl,PROTECTED,200,1523,,Cloudflare
2026-09-03T18:27:11.569798+00:00,LibGen,LibGen.gl,PROTECTED,200,10816,,Cloudflare
2026-09-03T18:28:04.271643+00:00,LibGen,LibGen.gl,PROTECTED,200,2840,,Cloudflare
2026-09-03T18:29:05.282805+00:00,LibGen,LibGen.gl,PROTECTED,200,3885,,Cloudflare
2026-09-03T18:30:03.552416+00:00,LibGen,LibGen.gl,PROTECTED,200,1550,,Cloudflare
2026-09-03T18:31:03.688720+00:00,LibGen,LibGen.gl,PROTECTED,200,1267,,Cloudflare
2026-09-03T18:32:04.517501+00:00,LibGen,LibGen.gl,PROTECTED,200,1326,,Cloudflare
2026-09-03T18:33:05.186855+00:00,LibGen,LibGen.gl,PROTECTED,200,1950,,Cloudflare
2026-09-03T18:34:04.537790+00:00,LibGen,LibGen.gl,PROTECTED,200,923,,Cloudflare
2026-09-03T18:35:06.477980+00:00,LibGen,LibGen.gl,PROTECTED,200,2516,,Cloudflare
2026-09-03T18:36:07.610234+00:00,LibGen,LibGen.gl,PROTECTED,200,2622,,Cloudflare
2026-09-03T18:37:06.471271+00:00,LibGen,LibGen.gl,PROTECTED,200,1544,,Cloudflare
2026-09-03T18:38:07.817335+00:00,LibGen,LibGen.gl,PROTECTED,200,1878,,Cloudflare
2026-09-03T18:39:09.132892+00:00,LibGen,LibGen.gl,PROTECTED,200,1623,,Cloudflare
2026-09-03T18:40:12.317636+00:00,LibGen,LibGen.gl,PROTECTED,200,5058,,Cloudflare
2026-09-03T18:41:09.072892+00:00,LibGen,LibGen.gl,PROTECTED,200,1030,,Cloudflare
2026-09-03T18:42:10.026197+00:00,LibGen,LibGen.gl,PROTECTED,200,2458,,Cloudflare
2026-09-03T18:43:10.277075+00:00,LibGen,LibGen.gl,PROTECTED,200,3114,,Cloudflare
2026-09-03T18:44:09.903600+00:00,LibGen,LibGen.gl,PROTECTED,200,2206,,Cloudflare
2026-09-03T18:45:10.116065+00:00,LibGen,LibGen.gl,PROTECTED,200,2079,,Cloudflare
2026-09-03T18:46:09.930680+00:00,LibGen,LibGen.gl,PROTECTED,200,724,,Cloudflare
2026-09-03T18:47:12.531497+00:00,LibGen,LibGen.gl,PROTECTED,200,2548,,Cloudflare
2026-09-03T18:48:11.194004+00:00,LibGen,LibGen.gl,PROTECTED,200,1000,,Cloudflare
2026-09-03T18:49:11.441109+00:00,LibGen,LibGen.gl,PROTECTED,200,1131,,Cloudflare
2026-09-03T18:50:12.427230+00:00,LibGen,LibGen.gl,PROTECTED,200,1348,,Cloudflare
2026-09-03T18:51:13.443018+00:00,LibGen,LibGen.gl,PROTECTED,200,3032,,Cloudflare
2026-09-03T18:52:12.276003+00:00,LibGen,LibGen.gl,PROTECTED,200,1754,,Cloudflare
2026-09-03T18:53:13.284582+00:00,LibGen,LibGen.gl,PROTECTED,200,1556,,Cloudflare
2026-09-03T18:54:14.393966+00:00,LibGen,LibGen.gl,PROTECTED,200,3039,,Cloudflare
2026-09-03T18:55:13.025641+00:00,LibGen,LibGen.gl,PROTECTED,200,1245,,Cloudflare
2026-09-03T18:56:13.658811+00:00,LibGen,LibGen.gl,PROTECTED,200,1737,,Cloudflare
2026-09-03T18:57:14.335672+00:00,LibGen,LibGen.gl,PROTECTED,200,1387,,Cloudflare
2026-09-03T18:58:14.290969+00:00,LibGen,LibGen.gl,PROTECTED,200,1116,,Cloudflare
2026-09-03T18:59:14.213199+00:00,LibGen,LibGen.gl,PROTECTED,200,765,,Cloudflare
2026-09-03T19:00:16.351733+00:00,LibGen,LibGen.gl,PROTECTED,200,2365,,Cloudflare
2026-09-03T19:01:14.912372+00:00,LibGen,LibGen.gl,PROTECTED,200,742,,Cloudflare
2026-09-03T19:02:16.445182+00:00,LibGen,LibGen.gl,PROTECTED,200,1975,,Cloudflare
2026-09-03T19:03:17.319326+00:00,LibGen,LibGen.gl,PROTECTED,200,1968,,Cloudflare
2026-09-03T19:04:16.916937+00:00,LibGen,LibGen.gl,PROTECTED,200,1774,,Cloudflare
2026-09-03T19:05:16.566105+00:00,LibGen,LibGen.gl,PROTECTED,200,1075,,Cloudflare
2026-09-03T19:06:17.377437+00:00,LibGen,LibGen.gl,PROTECTED,200,1730,,Cloudflare
2026-09-03T19:07:16.857116+00:00,LibGen,LibGen.gl,PROTECTED,200,715,,Cloudflare
2026-09-03T19:08:18.341839+00:00,LibGen,LibGen.gl,PROTECTED,200,1490,,Cloudflare
2026-09-03T19:09:18.567984+00:00,LibGen,LibGen.gl,PROTECTED,200,978,,Cloudflare
2026-09-03T19:10:18.576719+00:00,LibGen,LibGen.gl,PROTECTED,200,1155,,Cloudflare
2026-09-03T19:11:19.225938+00:00,LibGen,LibGen.gl,PROTECTED,200,1005,,Cloudflare
2026-09-03T19:12:19.473194+00:00,LibGen,LibGen.gl,PROTECTED,200,1950,,Cloudflare
2026-09-03T19:13:22.611719+00:00,LibGen,LibGen.gl,PROTECTED,200,5077,,Cloudflare
2026-09-03T19:14:19.114764+00:00,LibGen,LibGen.gl,PROTECTED,200,1370,,Cloudflare
2026-09-03T19:15:20.487095+00:00,LibGen,LibGen.gl,PROTECTED,200,1850,,Cloudflare
2026-09-03T19:16:19.667915+00:00,LibGen,LibGen.gl,PROTECTED,200,717,,Cloudflare
2026-09-03T19:17:19.828935+00:00,LibGen,LibGen.gl,PROTECTED,200,718,,Cloudflare
2026-09-03T19:18:20.416738+00:00,LibGen,LibGen.gl,PROTECTED,200,737,,Cloudflare
2026-09-03T19:19:21.175210+00:00,LibGen,LibGen.gl,PROTECTED,200,981,,Cloudflare
2026-09-03T19:20:21.659262+00:00,LibGen,LibGen.gl,PROTECTED,200,1521,,Cloudflare
2026-09-03T19:21:23.742816+00:00,LibGen,LibGen.gl,PROTECTED,200,3053,,Cloudflare
2026-09-03T19:22:22.810902+00:00,LibGen,LibGen.gl,PROTECTED,200,1611,,Cloudflare
2026-09-03T19:23:25.044697+00:00,LibGen,LibGen.gl,PROTECTED,200,2144,,Cloudflare
2026-09-03T19:24:24.229828+00:00,LibGen,LibGen.gl,PROTECTED,200,1964,,Cloudflare
2026-09-03T19:25:23.957397+00:00,LibGen,LibGen.gl,PROTECTED,200,1134,,Cloudflare
2026-09-03T19:26:25.779724+00:00,LibGen,LibGen.gl,PROTECTED,200,755,,Cloudflare
2026-09-03T19:27:25.778587+00:00,LibGen,LibGen.gl,PROTECTED,200,1567,,Cloudflare
2026-09-03T19:28:24.846761+00:00,LibGen,LibGen.gl,PROTECTED,200,1289,,Cloudflare
2026-09-03T19:29:25.922160+00:00,LibGen,LibGen.gl,PROTECTED,200,1976,,Cloudflare
2026-09-03T19:30:27.281104+00:00,LibGen,LibGen.gl,PROTECTED,200,2993,,Cloudflare
2026-09-03T19:31:27.182000+00:00,LibGen,LibGen.gl,PROTECTED,200,2078,,Cloudflare
2026-09-03T19:32:26.041414+00:00,LibGen,LibGen.gl,PROTECTED,200,1475,,Cloudflare
2026-09-03T19:33:27.713986+00:00,LibGen,LibGen.gl,PROTECTED,200,2559,,Cloudflare
2026-09-03T19:34:28.816972+00:00,LibGen,LibGen.gl,PROTECTED,200,3082,,Cloudflare
2026-09-03T19:35:26.769710+00:00,LibGen,LibGen.gl,PROTECTED,200,781,,Cloudflare
2026-09-03T19:36:28.768192+00:00,LibGen,LibGen.gl,PROTECTED,200,1866,,Cloudflare
2026-09-03T19:37:29.997525+00:00,LibGen,LibGen.gl,PROTECTED,200,3059,,Cloudflare
2026-09-03T19:38:28.825293+00:00,LibGen,LibGen.gl,PROTECTED,200,2230,,Cloudflare
2026-09-03T19:39:29.197708+00:00,LibGen,LibGen.gl,PROTECTED,200,1992,,Cloudflare
2026-09-03T19:40:29.221027+00:00,LibGen,LibGen.gl,PROTECTED,200,2249,,Cloudflare
2026-09-03T19:41:30.941690+00:00,LibGen,LibGen.gl,PROTECTED,200,1223,,Cloudflare
2026-09-03T19:42:31.793125+00:00,LibGen,LibGen.gl,PROTECTED,200,1678,,Cloudflare
2026-09-03T19:43:30.206462+00:00,LibGen,LibGen.gl,PROTECTED,200,1008,,Cloudflare
2026-09-03T19:44:30.877619+00:00,LibGen,LibGen.gl,PROTECTED,200,793,,Cloudflare
2026-09-03T19:45:32.569472+00:00,LibGen,LibGen.gl,PROTECTED,200,2034,,Cloudflare
2026-09-03T19:46:33.017848+00:00,LibGen,LibGen.gl,PROTECTED,200,1926,,Cloudflare
2026-09-03T19:47:32.488702+00:00,LibGen,LibGen.gl,PROTECTED,200,731,,Cloudflare
2026-09-03T19:48:34.610750+00:00,LibGen,LibGen.gl,PROTECTED,200,2300,,Cloudflare
2026-09-03T19:49:32.629696+00:00,LibGen,LibGen.gl,PROTECTED,200,728,,Cloudflare
2026-09-03T19:50:33.104623+00:00,LibGen,LibGen.gl,PROTECTED,200,696,,Cloudflare
2026-09-03T19:51:34.085977+00:00,LibGen,LibGen.gl,PROTECTED,200,1701,,Cloudflare
2026-09-03T19:52:36.830482+00:00,LibGen,LibGen.gl,PROTECTED,200,1478,,Cloudflare
2026-09-03T19:53:35.326637+00:00,LibGen,LibGen.gl,PROTECTED,200,1028,,Cloudflare
2026-09-03T19:54:35.428170+00:00,LibGen,LibGen.gl,PROTECTED,200,694,,Cloudflare
2026-09-03T19:55:37.779244+00:00,LibGen,LibGen.gl,PROTECTED,200,3650,,Cloudflare
2026-09-03T19:56:35.187396+00:00,LibGen,LibGen.gl,PROTECTED,200,971,,Cloudflare
2026-09-03T19:57:38.679781+00:00,LibGen,LibGen.gl,PROTECTED,200,4382,,Cloudflare
2026-09-03T19:58:37.992594+00:00,LibGen,LibGen.gl,PROTECTED,200,1191,,Cloudflare
2026-09-03T19:59:37.163930+00:00,LibGen,LibGen.gl,PROTECTED,200,1484,,Cloudflare
2026-09-03T20:00:36.714197+00:00,LibGen,LibGen.gl,PROTECTED,200,1117,,Cloudflare
2026-09-03T20:01:38.893883+00:00,LibGen,LibGen.gl,PROTECTED,200,2396,,Cloudflare
2026-09-03T20:03:03.507771+00:00,LibGen,LibGen.gl,DOWN,,,connection_refused,
2026-09-03T20:03:39.502333+00:00,LibGen,LibGen.gl,PROTECTED,200,1106,,Cloudflare
2026-09-03T20:04:40.120330+00:00,LibGen,LibGen.gl,PROTECTED,200,685,,Cloudflare
2026-09-03T20:05:41.027797+00:00,LibGen,LibGen.gl,PROTECTED,200,2117,,Cloudflare
2026-09-03T20:06:41.984826+00:00,LibGen,LibGen.gl,PROTECTED,200,1986,,Cloudflare
2026-09-03T20:07:43.924376+00:00,LibGen,LibGen.gl,PROTECTED,200,4463,,Cloudflare
2026-09-03T20:08:42.043262+00:00,LibGen,LibGen.gl,PROTECTED,200,761,,Cloudflare
2026-09-03T20:09:45.718023+00:00,LibGen,LibGen.gl,PROTECTED,200,2194,,Cloudflare
2026-09-03T20:10:43.991331+00:00,LibGen,LibGen.gl,PROTECTED,200,991,,Cloudflare
2026-09-03T20:11:43.335641+00:00,LibGen,LibGen.gl,PROTECTED,200,2157,,Cloudflare
2026-09-03T20:12:44.368819+00:00,LibGen,LibGen.gl,PROTECTED,200,2077,,Cloudflare
2026-09-03T20:13:43.813783+00:00,LibGen,LibGen.gl,PROTECTED,200,1508,,Cloudflare
2026-09-03T20:14:45.993899+00:00,LibGen,LibGen.gl,PROTECTED,200,1981,,Cloudflare
2026-09-03T20:15:44.394649+00:00,LibGen,LibGen.gl,PROTECTED,200,1395,,Cloudflare
2026-09-03T20:16:45.039092+00:00,LibGen,LibGen.gl,PROTECTED,200,1667,,Cloudflare
2026-09-03T20:17:47.351601+00:00,LibGen,LibGen.gl,PROTECTED,200,2094,,Cloudflare
2026-09-03T20:18:46.224937+00:00,LibGen,LibGen.gl,PROTECTED,200,2268,,Cloudflare
2026-09-03T20:19:46.767744+00:00,LibGen,LibGen.gl,PROTECTED,200,2054,,Cloudflare
2026-09-03T20:20:47.261297+00:00,LibGen,LibGen.gl,PROTECTED,200,2377,,Cloudflare
2026-09-03T20:21:48.626723+00:00,LibGen,LibGen.gl,PROTECTED,200,928,,Cloudflare
2026-09-03T20:22:47.463956+00:00,LibGen,LibGen.gl,PROTECTED,200,708,,Cloudflare
2026-09-03T20:23:46.698124+00:00,LibGen,LibGen.gl,PROTECTED,200,988,,Cloudflare
2026-09-03T20:24:47.945861+00:00,LibGen,LibGen.gl,PROTECTED,200,1863,,Cloudflare
2026-09-03T20:25:48.182239+00:00,LibGen,LibGen.gl,PROTECTED,200,1045,,Cloudflare
2026-09-03T20:26:47.559035+00:00,LibGen,LibGen.gl,PROTECTED,200,1023,,Cloudflare
2026-09-03T20:27:48.859988+00:00,LibGen,LibGen.gl,PROTECTED,200,1111,,Cloudflare
2026-09-03T20:28:48.252683+00:00,LibGen,LibGen.gl,PROTECTED,200,682,,Cloudflare
2026-09-03T20:29:48.400053+00:00,LibGen,LibGen.gl,PROTECTED,200,748,,Cloudflare
2026-09-03T20:30:49.224550+00:00,LibGen,LibGen.gl,PROTECTED,200,1031,,Cloudflare
2026-09-03T20:31:50.908819+00:00,LibGen,LibGen.gl,PROTECTED,200,876,,Cloudflare
2026-09-03T20:32:51.017378+00:00,LibGen,LibGen.gl,PROTECTED,200,2471,,Cloudflare
2026-09-03T20:33:49.957100+00:00,LibGen,LibGen.gl,PROTECTED,200,715,,Cloudflare
2026-09-03T20:34:51.801083+00:00,LibGen,LibGen.gl,PROTECTED,200,2392,,Cloudflare
2026-09-03T20:35:53.194732+00:00,LibGen,LibGen.gl,PROTECTED,200,3474,,Cloudflare
2026-09-03T20:36:51.472610+00:00,LibGen,LibGen.gl,PROTECTED,200,1722,,Cloudflare
2026-09-03T20:37:51.682418+00:00,LibGen,LibGen.gl,PROTECTED,200,705,,Cloudflare
2026-09-03T20:38:52.132881+00:00,LibGen,LibGen.gl,PROTECTED,200,1490,,Cloudflare
2026-09-03T20:39:52.838647+00:00,LibGen,LibGen.gl,PROTECTED,200,2085,,Cloudflare
2026-09-03T20:40:52.530047+00:00,LibGen,LibGen.gl,PROTECTED,200,1085,,Cloudflare
2026-09-03T20:41:53.537704+00:00,LibGen,LibGen.gl,PROTECTED,200,1895,,Cloudflare
2026-09-03T20:43:11.897335+00:00,LibGen,LibGen.gl,TIMEOUT,,,timeout,
2026-09-03T20:43:53.145635+00:00,LibGen,LibGen.gl,PROTECTED,200,1108,,Cloudflare
2026-09-03T20:44:56.069880+00:00,LibGen,LibGen.gl,PROTECTED,200,1471,,Cloudflare
2026-09-03T20:45:54.344912+00:00,LibGen,LibGen.gl,PROTECTED,200,1880,,Cloudflare
2026-09-03T20:46:54.132144+00:00,LibGen,LibGen.gl,PROTECTED,200,724,,Cloudflare
2026-09-03T20:47:54.154860+00:00,LibGen,LibGen.gl,PROTECTED,200,1382,,Cloudflare
2026-09-03T20:48:54.599185+00:00,LibGen,LibGen.gl,PROTECTED,200,1048,,Cloudflare
2026-09-03T20:49:55.074817+00:00,LibGen,LibGen.gl,PROTECTED,200,1039,,Cloudflare
2026-09-03T20:50:56.686049+00:00,LibGen,LibGen.gl,PROTECTED,200,2006,,Cloudflare
2026-09-03T20:51:55.786642+00:00,LibGen,LibGen.gl,PROTECTED,200,1490,,Cloudflare
2026-09-03T20:52:55.568929+00:00,LibGen,LibGen.gl,PROTECTED,200,1414,,Cloudflare
2026-09-03T20:53:56.428096+00:00,LibGen,LibGen.gl,PROTECTED,200,1771,,Cloudflare
2026-09-03T20:54:57.358602+00:00,LibGen,LibGen.gl,PROTECTED,200,1704,,Cloudflare
2026-09-03T20:55:55.875794+00:00,LibGen,LibGen.gl,PROTECTED,200,698,,Cloudflare
2026-09-03T20:56:56.465417+00:00,LibGen,LibGen.gl,PROTECTED,200,734,,Cloudflare
2026-09-03T20:58:16.866045+00:00,LibGen,LibGen.gl,DOWN,,,connection_refused,
2026-09-03T20:58:57.576816+00:00,LibGen,LibGen.gl,PROTECTED,200,1490,,Cloudflare
2026-09-03T20:59:58.977968+00:00,LibGen,LibGen.gl,PROTECTED,200,2457,,Cloudflare
2026-09-03T21:00:58.116194+00:00,LibGen,LibGen.gl,PROTECTED,200,954,,Cloudflare
2026-09-03T21:01:59.790826+00:00,LibGen,LibGen.gl,PROTECTED,200,937,,Cloudflare
2026-09-03T21:02:58.964189+00:00,LibGen,LibGen.gl,PROTECTED,200,1548,,Cloudflare
2026-09-03T21:03:59.407466+00:00,LibGen,LibGen.gl,PROTECTED,200,1377,,Cloudflare
2026-09-03T21:04:59.213692+00:00,LibGen,LibGen.gl,PROTECTED,200,990,,Cloudflare
2026-09-03T21:06:01.590164+00:00,LibGen,LibGen.gl,PROTECTED,200,1739,,Cloudflare
2026-09-03T21:07:01.754998+00:00,LibGen,LibGen.gl,PROTECTED,200,1505,,Cloudflare
2026-09-03T21:08:00.521954+00:00,LibGen,LibGen.gl,PROTECTED,200,697,,Cloudflare
2026-09-03T21:09:01.443396+00:00,LibGen,LibGen.gl,PROTECTED,200,751,,Cloudflare
2026-09-03T21:10:05.807585+00:00,LibGen,LibGen.gl,PROTECTED,200,4707,,Cloudflare
2026-09-03T21:11:03.249409+00:00,LibGen,LibGen.gl,PROTECTED,200,2402,,Cloudflare
2026-09-03T21:12:03.464642+00:00,LibGen,LibGen.gl,PROTECTED,200,1008,,Cloudflare
2026-09-03T21:13:02.960213+00:00,LibGen,LibGen.gl,PROTECTED,200,717,,Cloudflare
2026-09-03T21:14:04.971944+00:00,LibGen,LibGen.gl,PROTECTED,200,1987,,Cloudflare
2026-09-03T21:15:03.970428+00:00,LibGen,LibGen.gl,PROTECTED,200,741,,Cloudflare
2026-09-03T21:16:05.716032+00:00,LibGen,LibGen.gl,PROTECTED,200,1165,,Cloudflare
2026-09-03T21:17:06.573982+00:00,LibGen,LibGen.gl,PROTECTED,200,1766,,Cloudflare
2026-09-03T21:18:06.160567+00:00,LibGen,LibGen.gl,PROTECTED,200,1072,,Cloudflare
2026-09-03T21:19:06.080025+00:00,LibGen,LibGen.gl,PROTECTED,200,682,,Cloudflare
2026-09-03T21:20:06.351911+00:00,LibGen,LibGen.gl,PROTECTED,200,1177,,Cloudflare
2026-09-03T21:21:09.721996+00:00,LibGen,LibGen.gl,PROTECTED,200,4627,,Cloudflare
2026-09-03T21:22:07.266026+00:00,LibGen,LibGen.gl,PROTECTED,200,1109,,Cloudflare
2026-09-03T21:23:06.681236+00:00,LibGen,LibGen.gl,PROTECTED,200,1084,,Cloudflare
2026-09-03T21:24:08.562776+00:00,LibGen,LibGen.gl,PROTECTED,200,1653,,Cloudflare
2026-09-03T21:25:07.934526+00:00,LibGen,LibGen.gl,PROTECTED,200,1278,,Cloudflare
2026-09-03T21:26:09.212961+00:00,LibGen,LibGen.gl,PROTECTED,200,703,,Cloudflare
2026-09-03T21:27:08.701384+00:00,LibGen,LibGen.gl,PROTECTED,200,1813,,Cloudflare
2026-09-03T21:28:11.015604+00:00,LibGen,LibGen.gl,PROTECTED,200,3277,,Cloudflare
2026-09-03T21:29:09.544656+00:00,LibGen,LibGen.gl,PROTECTED,200,1728,,Cloudflare
2026-09-03T21:30:09.306441+00:00,LibGen,LibGen.gl,PROTECTED,200,1247,,Cloudflare
2026-09-03T21:31:11.987559+00:00,LibGen,LibGen.gl,PROTECTED,200,2445,,Cloudflare
2026-09-03T21:32:11.466188+00:00,LibGen,LibGen.gl,PROTECTED,200,1349,,Cloudflare
2026-09-03T21:33:11.011031+00:00,LibGen,LibGen.gl,PROTECTED,200,729,,Cloudflare
2026-09-03T21:34:11.402244+00:00,LibGen,LibGen.gl,PROTECTED,200,1084,,Cloudflare
2026-09-03T21:35:12.294265+00:00,LibGen,LibGen.gl,PROTECTED,200,1480,,Cloudflare
2026-09-03T21:36:12.816267+00:00,LibGen,LibGen.gl,PROTECTED,200,1000,,Cloudflare
2026-09-03T21:37:12.934079+00:00,LibGen,LibGen.gl,PROTECTED,200,690,,Cloudflare
2026-09-03T21:38:13.182589+00:00,LibGen,LibGen.gl,PROTECTED,200,672,,Cloudflare
2026-09-03T21:39:14.619454+00:00,LibGen,LibGen.gl,PROTECTED,200,2261,,Cloudflare
2026-09-03T21:40:14.308993+00:00,LibGen,LibGen.gl,PROTECTED,200,1197,,Cloudflare
2026-09-03T21:41:14.428403+00:00,LibGen,LibGen.gl,PROTECTED,200,1054,,Cloudflare
2026-09-03T21:42:14.985521+00:00,LibGen,LibGen.gl,PROTECTED,200,1624,,Cloudflare
2026-09-03T21:43:15.187176+00:00,LibGen,LibGen.gl,PROTECTED,200,1004,,Cloudflare
2026-09-03T21:44:16.297747+00:00,LibGen,LibGen.gl,PROTECTED,200,1455,,Cloudflare
2026-09-03T21:45:16.360687+00:00,LibGen,LibGen.gl,PROTECTED,200,1917,,Cloudflare
2026-09-03T21:46:16.482720+00:00,LibGen,LibGen.gl,PROTECTED,200,1150,,Cloudflare
2026-09-03T21:47:16.889974+00:00,LibGen,LibGen.gl,PROTECTED,200,1762,,Cloudflare
2026-09-03T21:48:16.235381+00:00,LibGen,LibGen.gl,PROTECTED,200,676,,Cloudflare
2026-09-03T21:49:16.522491+00:00,LibGen,LibGen.gl,PROTECTED,200,1002,,Cloudflare
2026-09-03T21:50:16.827798+00:00,LibGen,LibGen.gl,PROTECTED,200,797,,Cloudflare
2026-09-03T21:51:18.779832+00:00,LibGen,LibGen.gl,PROTECTED,200,2647,,Cloudflare
2026-09-03T21:52:18.400765+00:00,LibGen,LibGen.gl,PROTECTED,200,1021,,Cloudflare
2026-09-03T21:53:20.089685+00:00,LibGen,LibGen.gl,PROTECTED,200,2972,,Cloudflare
2026-09-03T21:54:18.938387+00:00,LibGen,LibGen.gl,PROTECTED,200,1333,,Cloudflare
2026-09-03T21:55:18.969956+00:00,LibGen,LibGen.gl,PROTECTED,200,719,,Cloudflare
2026-09-03T21:56:19.153691+00:00,LibGen,LibGen.gl,PROTECTED,200,863,,Cloudflare
2026-09-03T21:57:20.010103+00:00,LibGen,LibGen.gl,PROTECTED,200,696,,Cloudflare
2026-09-03T21:58:19.927827+00:00,LibGen,LibGen.gl,PROTECTED,200,1376,,Cloudflare
2026-09-03T21:59:20.537365+00:00,LibGen,LibGen.gl,PROTECTED,200,1005,,Cloudflare
2026-09-03T22:00:40.623958+00:00,LibGen,LibGen.gl,DOWN,,,connection_refused,
2026-09-03T22:01:21.525417+00:00,LibGen,LibGen.gl,PROTECTED,200,870,,Cloudflare
2026-09-03T22:02:24.662617+00:00,LibGen,LibGen.gl,PROTECTED,200,2045,,Cloudflare
2026-09-03T22:03:23.907233+00:00,LibGen,LibGen.gl,PROTECTED,200,1683,,Cloudflare
2026-09-03T22:04:24.002605+00:00,LibGen,LibGen.gl,PROTECTED,200,1725,,Cloudflare
2026-09-03T22:05:22.683434+00:00,LibGen,LibGen.gl,PROTECTED,200,942,,Cloudflare
2026-09-03T22:06:24.813573+00:00,LibGen,LibGen.gl,PROTECTED,200,2623,,Cloudflare
2026-09-03T22:07:25.604157+00:00,LibGen,LibGen.gl,PROTECTED,200,2966,,Cloudflare
2026-09-03T22:08:24.428315+00:00,LibGen,LibGen.gl,PROTECTED,200,1471,,Cloudflare
2026-09-03T22:09:24.551952+00:00,LibGen,LibGen.gl,PROTECTED,200,1583,,Cloudflare
2026-09-03T22:10:44.233479+00:00,LibGen,LibGen.gl,DOWN,,,connection_refused,
2026-09-03T22:11:24.932722+00:00,LibGen,LibGen.gl,PROTECTED,200,715,,Cloudflare
2026-09-03T22:12:35.972155+00:00,LibGen,LibGen.gl,PROTECTED,200,10174,,Cloudflare
2026-09-03T22:13:25.623741+00:00,LibGen,LibGen.gl,PROTECTED,200,1110,,Cloudflare
2026-09-03T22:14:26.354885+00:00,LibGen,LibGen.gl,PROTECTED,200,1112,,Cloudflare
2026-09-03T22:15:29.036805+00:00,LibGen,LibGen.gl,PROTECTED,200,3175,,Cloudflare
2026-09-03T22:16:29.004466+00:00,LibGen,LibGen.gl,PROTECTED,200,3149,,Cloudflare
2026-09-03T22:17:27.422590+00:00,LibGen,LibGen.gl,PROTECTED,200,1289,,Cloudflare
2026-09-03T22:18:28.196192+00:00,LibGen,LibGen.gl,PROTECTED,200,1330,,Cloudflare
2026-09-03T22:19:28.034073+00:00,LibGen,LibGen.gl,PROTECTED,200,854,,Cloudflare
2026-09-03T22:20:28.532257+00:00,LibGen,LibGen.gl,PROTECTED,200,696,,Cloudflare
2026-09-03T22:21:32.705951+00:00,LibGen,LibGen.gl,PROTECTED,200,3961,,Cloudflare
2026-09-03T22:22:30.065541+00:00,LibGen,LibGen.gl,PROTECTED,200,1598,,Cloudflare
2026-09-03T22:23:29.970937+00:00,LibGen,LibGen.gl,PROTECTED,200,1001,,Cloudflare
2026-09-03T22:24:30.747260+00:00,LibGen,LibGen.gl,PROTECTED,200,1716,,Cloudflare
2026-09-03T22:25:32.105894+00:00,LibGen,LibGen.gl,PROTECTED,200,2411,,Cloudflare
2026-09-03T22:26:35.349074+00:00,LibGen,LibGen.gl,PROTECTED,200,2869,,Cloudflare
2026-09-03T22:27:32.780089+00:00,LibGen,LibGen.gl,PROTECTED,200,1942,,Cloudflare
2026-09-03T22:28:34.296242+00:00,LibGen,LibGen.gl,PROTECTED,200,3141,,Cloudflare
2026-09-03T22:29:36.953702+00:00,LibGen,LibGen.gl,PROTECTED,200,4475,,Cloudflare
2026-09-03T22:30:35.679257+00:00,LibGen,LibGen.gl,PROTECTED,200,701,,Cloudflare
2026-09-03T22:31:33.673613+00:00,LibGen,LibGen.gl,PROTECTED,200,704,,Cloudflare
2026-09-03T22:32:34.109968+00:00,LibGen,LibGen.gl,PROTECTED,200,965,,Cloudflare
2026-09-03T22:33:36.704180+00:00,LibGen,LibGen.gl,PROTECTED,200,3175,,Cloudflare
2026-09-03T22:34:56.146834+00:00,LibGen,LibGen.gl,DOWN,,,connection_refused,
2026-09-03T22:35:34.895210+00:00,LibGen,LibGen.gl,PROTECTED,200,690,,Cloudflare
2026-09-03T22:36:35.336058+00:00,LibGen,LibGen.gl,PROTECTED,200,1762,,Cloudflare
2026-09-03T22:37:55.117796+00:00,LibGen,LibGen.gl,DOWN,,,connection_refused,
2026-09-03T22:38:37.045558+00:00,LibGen,LibGen.gl,PROTECTED,200,2317,,Cloudflare
2026-09-03T22:39:37.838833+00:00,LibGen,LibGen.gl,PROTECTED,200,1501,,Cloudflare
2026-09-03T22:40:36.102899+00:00,LibGen,LibGen.gl,PROTECTED,200,671,,Cloudflare
2026-09-03T22:41:37.035703+00:00,LibGen,LibGen.gl,PROTECTED,200,1008,,Cloudflare
2026-09-03T22:42:37.687632+00:00,LibGen,LibGen.gl,PROTECTED,200,1660,,Cloudflare
2026-09-03T22:43:38.171943+00:00,LibGen,LibGen.gl,PROTECTED,200,2046,,Cloudflare
2026-09-03T22:44:39.452215+00:00,LibGen,LibGen.gl,PROTECTED,200,679,,Cloudflare
2026-09-03T22:45:38.831738+00:00,LibGen,LibGen.gl,PROTECTED,200,1150,,Cloudflare
2026-09-03T22:46:40.135864+00:00,LibGen,LibGen.gl,PROTECTED,200,2748,,Cloudflare
2026-09-03T22:47:39.104350+00:00,LibGen,LibGen.gl,PROTECTED,200,1488,,Cloudflare
2026-09-03T22:48:40.433000+00:00,LibGen,LibGen.gl,PROTECTED,200,1482,,Cloudflare
2026-09-03T22:49:40.519778+00:00,LibGen,LibGen.gl,PROTECTED,200,2429,,Cloudflare
2026-09-03T22:50:41.218853+00:00,LibGen,LibGen.gl,PROTECTED,200,1153,,Cloudflare
2026-09-03T22:51:43.775666+00:00,LibGen,LibGen.gl,PROTECTED,200,4616,,Cloudflare
2026-09-03T22:52:39.720906+00:00,LibGen,LibGen.gl,PROTECTED,200,705,,Cloudflare
2026-09-03T22:53:40.610566+00:00,LibGen,LibGen.gl,PROTECTED,200,1739,,Cloudflare
2026-09-03T22:54:41.204112+00:00,LibGen,LibGen.gl,PROTECTED,200,964,,Cloudflare
2026-09-03T22:55:41.062137+00:00,LibGen,LibGen.gl,PROTECTED,200,1520,,Cloudflare
2026-09-03T22:56:42.645401+00:00,LibGen,LibGen.gl,PROTECTED,200,2119,,Cloudflare
2026-09-03T22:57:41.451074+00:00,LibGen,LibGen.gl,PROTECTED,200,682,,Cloudflare
2026-09-03T22:58:41.967683+00:00,LibGen,LibGen.gl,PROTECTED,200,1165,,Cloudflare
2026-09-03T22:59:42.722554+00:00,LibGen,LibGen.gl,PROTECTED,200,732,,Cloudflare
2026-09-03T23:00:44.702958+00:00,LibGen,LibGen.gl,PROTECTED,200,1661,,Cloudflare
2026-09-03T23:01:44.828426+00:00,LibGen,LibGen.gl,PROTECTED,200,2890,,Cloudflare
2026-09-03T23:02:44.740141+00:00,LibGen,LibGen.gl,PROTECTED,200,1719,,Cloudflare
2026-09-03T23:03:44.860640+00:00,LibGen,LibGen.gl,PROTECTED,200,2029,,Cloudflare
2026-09-03T23:04:44.623876+00:00,LibGen,LibGen.gl,PROTECTED,200,933,,Cloudflare
2026-09-03T23:05:45.937715+00:00,LibGen,LibGen.gl,PROTECTED,200,1506,,Cloudflare
2026-09-03T23:06:45.903943+00:00,LibGen,LibGen.gl,PROTECTED,200,1398,,Cloudflare
2026-09-03T23:07:46.642669+00:00,LibGen,LibGen.gl,PROTECTED,200,1748,,Cloudflare
2026-09-03T23:08:46.367497+00:00,LibGen,LibGen.gl,PROTECTED,200,1037,,Cloudflare
2026-09-03T23:09:46.818926+00:00,LibGen,LibGen.gl,PROTECTED,200,1503,,Cloudflare
2026-09-03T23:10:46.552731+00:00,LibGen,LibGen.gl,PROTECTED,200,843,,Cloudflare
2026-09-03T23:11:48.245886+00:00,LibGen,LibGen.gl,PROTECTED,200,1991,,Cloudflare
2026-09-03T23:12:48.060027+00:00,LibGen,LibGen.gl,PROTECTED,200,1071,,Cloudflare
2026-09-03T23:13:47.948316+00:00,LibGen,LibGen.gl,PROTECTED,200,896,,Cloudflare
2026-09-03T23:14:49.707558+00:00,LibGen,LibGen.gl,PROTECTED,200,2067,,Cloudflare
2026-09-03T23:15:51.132853+00:00,LibGen,LibGen.gl,PROTECTED,200,1938,,Cloudflare
2026-09-03T23:16:49.824059+00:00,LibGen,LibGen.gl,PROTECTED,200,890,,Cloudflare
2026-09-03T23:17:50.343461+00:00,LibGen,LibGen.gl,PROTECTED,200,1800,,Cloudflare
2026-09-03T23:18:50.931718+00:00,LibGen,LibGen.gl,PROTECTED,200,1760,,Cloudflare
2026-09-03T23:19:49.895348+00:00,LibGen,LibGen.gl,PROTECTED,200,698,,Cloudflare
2026-09-03T23:20:50.747176+00:00,LibGen,LibGen.gl,PROTECTED,200,990,,Cloudflare
2026-09-03T23:21:51.683416+00:00,LibGen,LibGen.gl,PROTECTED,200,1587,,Cloudflare
2026-09-03T23:22:51.792605+00:00,LibGen,LibGen.gl,PROTECTED,200,1517,,Cloudflare
2026-09-03T23:23:51.780689+00:00,LibGen,LibGen.gl,PROTECTED,200,858,,Cloudflare
2026-09-03T23:24:51.453271+00:00,LibGen,LibGen.gl,PROTECTED,200,711,,Cloudflare
2026-09-03T23:25:54.158871+00:00,LibGen,LibGen.gl,PROTECTED,200,2573,,Cloudflare
2026-09-03T23:26:52.741516+00:00,LibGen,LibGen.gl,PROTECTED,200,695,,Cloudflare
2026-09-03T23:27:53.314193+00:00,LibGen,LibGen.gl,PROTECTED,200,1763,,Cloudflare
2026-09-03T23:28:53.906507+00:00,LibGen,LibGen.gl,PROTECTED,200,1557,,Cloudflare
2026-09-03T23:29:54.270500+00:00,LibGen,LibGen.gl,PROTECTED,200,1396,,Cloudflare
2026-09-03T23:30:54.715271+00:00,LibGen,LibGen.gl,PROTECTED,200,1860,,Cloudflare
2026-09-03T23:31:55.307341+00:00,LibGen,LibGen.gl,PROTECTED,200,952,,Cloudflare
2026-09-03T23:32:56.860862+00:00,LibGen,LibGen.gl,PROTECTED,200,1973,,Cloudflare
2026-09-03T23:33:56.566616+00:00,LibGen,LibGen.gl,PROTECTED,200,1899,,Cloudflare
2026-09-03T23:34:58.781963+00:00,LibGen,LibGen.gl,PROTECTED,200,2070,,Cloudflare
2026-09-03T23:36:15.129135+00:00,LibGen,LibGen.gl,DOWN,,,connection_refused,
2026-09-03T23:36:56.293246+00:00,LibGen,LibGen.gl,PROTECTED,200,1489,,Cloudflare
2026-09-03T23:37:58.375985+00:00,LibGen,LibGen.gl,PROTECTED,200,2400,,Cloudflare
2026-09-03T23:38:57.408822+00:00,LibGen,LibGen.gl,PROTECTED,200,723,,Cloudflare
2026-09-03T23:39:56.968582+00:00,LibGen,LibGen.gl,PROTECTED,200,903,,Cloudflare
2026-09-03T23:40:58.052359+00:00,LibGen,LibGen.gl,PROTECTED,200,1684,,Cloudflare
2026-09-03T23:41:57.718766+00:00,LibGen,LibGen.gl,PROTECTED,200,701,,Cloudflare
2026-09-03T23:42:58.695159+00:00,LibGen,LibGen.gl,PROTECTED,200,1549,,Cloudflare
2026-09-03T23:43:58.954691+00:00,LibGen,LibGen.gl,PROTECTED,200,1550,,Cloudflare
2026-09-03T23:44:58.962696+00:00,LibGen,LibGen.gl,PROTECTED,200,870,,Cloudflare
2026-09-03T23:46:00.141400+00:00,LibGen,LibGen.gl,PROTECTED,200,1865,,Cloudflare
2026-09-03T23:47:02.173796+00:00,LibGen,LibGen.gl,PROTECTED,200,3169,,Cloudflare
2026-09-03T23:48:01.210883+00:00,LibGen,LibGen.gl,PROTECTED,200,2272,,Cloudflare
2026-09-03T23:49:00.806753+00:00,LibGen,LibGen.gl,PROTECTED,200,1450,,Cloudflare
2026-09-03T23:50:01.756814+00:00,LibGen,LibGen.gl,PROTECTED,200,2275,,Cloudflare
2026-09-03T23:51:01.698714+00:00,LibGen,LibGen.gl,PROTECTED,200,1194,,Cloudflare
2026-09-03T23:52:03.309535+00:00,LibGen,LibGen.gl,PROTECTED,200,2390,,Cloudflare
2026-09-03T23:53:03.681810+00:00,LibGen,LibGen.gl,PROTECTED,200,2593,,Cloudflare
2026-09-03T23:54:02.675701+00:00,LibGen,LibGen.gl,PROTECTED,200,768,,Cloudflare
2026-09-03T23:55:04.289273+00:00,LibGen,LibGen.gl,PROTECTED,200,2166,,Cloudflare
2026-09-03T23:56:03.599220+00:00,LibGen,LibGen.gl,PROTECTED,200,711,,Cloudflare
2026-09-03T23:57:05.643588+00:00,LibGen,LibGen.gl,PROTECTED,200,2665,,Cloudflare
2026-09-03T23:58:04.798692+00:00,LibGen,LibGen.gl,PROTECTED,200,1252,,Cloudflare
2026-09-03T23:59:05.556970+00:00,LibGen,LibGen.gl,PROTECTED,200,1411,,Cloudflare
2026-09-04T00:00:07.405459+00:00,LibGen,LibGen.gl,PROTECTED,200,2687,,Cloudflare
2026-09-04T00:01:07.270904+00:00,LibGen,LibGen.gl,PROTECTED,200,2277,,Cloudflare
2026-09-04T00:02:07.023205+00:00,LibGen,LibGen.gl,PROTECTED,200,1162,,Cloudflare
2026-09-04T00:03:10.812012+00:00,LibGen,LibGen.gl,PROTECTED,200,4975,,Cloudflare
2026-09-04T00:04:10.269982+00:00,LibGen,LibGen.gl,PROTECTED,200,4149,,Cloudflare
2026-09-04T00:05:08.351103+00:00,LibGen,LibGen.gl,PROTECTED,200,2204,,Cloudflare
2026-09-04T00:06:09.326782+00:00,LibGen,LibGen.gl,PROTECTED,200,2002,,Cloudflare
2026-09-04T00:07:08.223170+00:00,LibGen,LibGen.gl,PROTECTED,200,738,,Cloudflare
2026-09-04T00:08:09.139254+00:00,LibGen,LibGen.gl,PROTECTED,200,1502,,Cloudflare
2026-09-04T00:09:10.001779+00:00,LibGen,LibGen.gl,PROTECTED,200,2215,,Cloudflare
2026-09-04T00:10:32.926917+00:00,LibGen,LibGen.gl,DOWN,,,connection_refused,
2026-09-04T00:11:13.616045+00:00,LibGen,LibGen.gl,PROTECTED,200,5349,,Cloudflare
2026-09-04T00:12:09.645933+00:00,LibGen,LibGen.gl,PROTECTED,200,1110,,Cloudflare
2026-09-04T00:13:13.041796+00:00,LibGen,LibGen.gl,PROTECTED,200,3755,,Cloudflare
2026-09-04T00:14:15.584016+00:00,LibGen,LibGen.gl,PROTECTED,200,5300,,Cloudflare
2026-09-04T00:15:13.392369+00:00,LibGen,LibGen.gl,PROTECTED,200,2520,,Cloudflare
2026-09-04T00:16:13.148155+00:00,LibGen,LibGen.gl,PROTECTED,200,2926,,Cloudflare
2026-09-04T00:17:12.362051+00:00,LibGen,LibGen.gl,PROTECTED,200,871,,Cloudflare
2026-09-04T00:18:11.917132+00:00,LibGen,LibGen.gl,PROTECTED,200,721,,Cloudflare
2026-09-04T00:19:14.059346+00:00,LibGen,LibGen.gl,PROTECTED,200,2316,,Cloudflare
2026-09-04T00:20:14.506619+00:00,LibGen,LibGen.gl,PROTECTED,200,1953,,Cloudflare
2026-09-04T00:21:13.917563+00:00,LibGen,LibGen.gl,PROTECTED,200,1511,,Cloudflare
2026-09-04T00:22:15.030409+00:00,LibGen,LibGen.gl,PROTECTED,200,2307,,Cloudflare
2026-09-04T00:23:14.699829+00:00,LibGen,LibGen.gl,PROTECTED,200,913,,Cloudflare
2026-09-04T00:24:15.099262+00:00,LibGen,LibGen.gl,PROTECTED,200,724,,Cloudflare
2026-09-04T00:25:14.866567+00:00,LibGen,LibGen.gl,PROTECTED,200,993,,Cloudflare
2026-09-04T00:26:16.932548+00:00,LibGen,LibGen.gl,PROTECTED,200,2252,,Cloudflare
2026-09-04T00:27:16.097941+00:00,LibGen,LibGen.gl,PROTECTED,200,1896,,Cloudflare
2026-09-04T00:28:16.174378+00:00,LibGen,LibGen.gl,PROTECTED,200,1306,,Cloudflare
2026-09-04T00:29:15.986832+00:00,LibGen,LibGen.gl,PROTECTED,200,916,,Cloudflare
2026-09-04T00:30:15.895637+00:00,LibGen,LibGen.gl,PROTECTED,200,770,,Cloudflare
2026-09-04T00:31:16.931804+00:00,LibGen,LibGen.gl,PROTECTED,200,1154,,Cloudflare
2026-09-04T00:32:17.799722+00:00,LibGen,LibGen.gl,PROTECTED,200,1217,,Cloudflare
2026-09-04T00:33:19.699277+00:00,LibGen,LibGen.gl,PROTECTED,200,2243,,Cloudflare
2026-09-04T00:34:18.454219+00:00,LibGen,LibGen.gl,PROTECTED,200,1467,,Cloudflare
2026-09-04T00:35:18.215893+00:00,LibGen,LibGen.gl,PROTECTED,200,686,,Cloudflare
2026-09-04T00:36:18.690213+00:00,LibGen,LibGen.gl,PROTECTED,200,976,,Cloudflare
2026-09-04T00:37:19.062644+00:00,LibGen,LibGen.gl,PROTECTED,200,1226,,Cloudflare
2026-09-04T00:38:19.285733+00:00,LibGen,LibGen.gl,PROTECTED,200,977,,Cloudflare
2026-09-04T00:39:19.321654+00:00,LibGen,LibGen.gl,PROTECTED,200,684,,Cloudflare
2026-09-04T00:40:21.360970+00:00,LibGen,LibGen.gl,PROTECTED,200,1191,,Cloudflare
2026-09-04T00:41:21.558064+00:00,LibGen,LibGen.gl,PROTECTED,200,1806,,Cloudflare
2026-09-04T00:42:21.836822+00:00,LibGen,LibGen.gl,PROTECTED,200,2201,,Cloudflare
2026-09-04T00:43:22.107075+00:00,LibGen,LibGen.gl,PROTECTED,200,1953,,Cloudflare
2026-09-04T00:44:21.808502+00:00,LibGen,LibGen.gl,PROTECTED,200,1527,,Cloudflare
2026-09-04T00:45:23.314235+00:00,LibGen,LibGen.gl,PROTECTED,200,1750,,Cloudflare
2026-09-04T00:46:22.094228+00:00,LibGen,LibGen.gl,PROTECTED,200,1316,,Cloudflare
2026-09-04T00:47:24.894699+00:00,LibGen,LibGen.gl,PROTECTED,200,3363,,Cloudflare
2026-09-04T00:48:28.640932+00:00,LibGen,LibGen.gl,PROTECTED,200,2081,,Cloudflare
2026-09-04T00:49:24.864109+00:00,LibGen,LibGen.gl,PROTECTED,200,1409,,Cloudflare
2026-09-04T00:50:24.315479+00:00,LibGen,LibGen.gl,PROTECTED,200,1549,,Cloudflare
2026-09-04T00:51:26.066249+00:00,LibGen,LibGen.gl,PROTECTED,200,910,,Cloudflare
2026-09-04T00:52:25.294003+00:00,LibGen,LibGen.gl,PROTECTED,200,1743,,Cloudflare
2026-09-04T00:53:25.527788+00:00,LibGen,LibGen.gl,PROTECTED,200,1435,,Cloudflare
2026-09-04T00:54:25.260636+00:00,LibGen,LibGen.gl,PROTECTED,200,1068,,Cloudflare
2026-09-04T00:55:26.615202+00:00,LibGen,LibGen.gl,PROTECTED,200,1256,,Cloudflare
2026-09-04T00:56:27.198851+00:00,LibGen,LibGen.gl,PROTECTED,200,1083,,Cloudflare
2026-09-04T00:57:26.527468+00:00,LibGen,LibGen.gl,PROTECTED,200,923,,Cloudflare
2026-09-04T00:58:29.477872+00:00,LibGen,LibGen.gl,PROTECTED,200,3078,,Cloudflare
2026-09-04T00:59:28.890494+00:00,LibGen,LibGen.gl,PROTECTED,200,1973,,Cloudflare
2026-09-04T01:00:28.490089+00:00,LibGen,LibGen.gl,PROTECTED,200,1851,,Cloudflare
2026-09-04T01:01:30.025089+00:00,LibGen,LibGen.gl,PROTECTED,200,1814,,Cloudflare
2026-09-04T01:02:29.460096+00:00,LibGen,LibGen.gl,PROTECTED,200,1495,,Cloudflare
2026-09-04T01:03:30.601490+00:00,LibGen,LibGen.gl,PROTECTED,200,1358,,Cloudflare
2026-09-04T01:04:30.309098+00:00,LibGen,LibGen.gl,PROTECTED,200,1817,,Cloudflare
2026-09-04T01:05:29.565868+00:00,LibGen,LibGen.gl,PROTECTED,200,705,,Cloudflare
2026-09-04T01:06:30.221254+00:00,LibGen,LibGen.gl,PROTECTED,200,700,,Cloudflare
2026-09-04T01:07:31.651583+00:00,LibGen,LibGen.gl,PROTECTED,200,2137,,Cloudflare
2026-09-04T01:08:31.618969+00:00,LibGen,LibGen.gl,PROTECTED,200,1186,,Cloudflare
2026-09-04T01:09:32.852201+00:00,LibGen,LibGen.gl,PROTECTED,200,1453,,Cloudflare
2026-09-04T01:10:32.384682+00:00,LibGen,LibGen.gl,PROTECTED,200,964,,Cloudflare
2026-09-04T01:11:33.100676+00:00,LibGen,LibGen.gl,PROTECTED,200,1418,,Cloudflare
2026-09-04T01:12:33.275887+00:00,LibGen,LibGen.gl,PROTECTED,200,1214,,Cloudflare
2026-09-04T01:13:33.584956+00:00,LibGen,LibGen.gl,PROTECTED,200,1326,,Cloudflare
2026-09-04T01:14:34.347538+00:00,LibGen,LibGen.gl,PROTECTED,200,1803,,Cloudflare
2026-09-04T01:15:35.397178+00:00,LibGen,LibGen.gl,PROTECTED,200,1654,,Cloudflare
2026-09-04T01:16:35.585055+00:00,LibGen,LibGen.gl,PROTECTED,200,2047,,Cloudflare
2026-09-04T01:17:35.580600+00:00,LibGen,LibGen.gl,PROTECTED,200,671,,Cloudflare
2026-09-04T01:18:37.092944+00:00,LibGen,LibGen.gl,PROTECTED,200,963,,Cloudflare
2026-09-04T01:19:35.653421+00:00,LibGen,LibGen.gl,PROTECTED,200,1060,,Cloudflare
2026-09-04T01:20:35.771046+00:00,LibGen,LibGen.gl,PROTECTED,200,712,,Cloudflare
2026-09-04T01:21:41.519710+00:00,LibGen,LibGen.gl,PROTECTED,200,5939,,Cloudflare
2026-09-04T01:22:38.924555+00:00,LibGen,LibGen.gl,PROTECTED,200,1457,,Cloudflare
2026-09-04T01:23:40.286949+00:00,LibGen,LibGen.gl,PROTECTED,200,1123,,Cloudflare
2026-09-04T01:24:37.648624+00:00,LibGen,LibGen.gl,PROTECTED,200,1420,,Cloudflare
2026-09-04T01:25:38.732951+00:00,LibGen,LibGen.gl,PROTECTED,200,1070,,Cloudflare
2026-09-04T01:26:40.059943+00:00,LibGen,LibGen.gl,PROTECTED,200,3184,,Cloudflare
2026-09-04T01:27:38.030688+00:00,LibGen,LibGen.gl,PROTECTED,200,908,,Cloudflare
2026-09-04T01:28:39.024668+00:00,LibGen,LibGen.gl,PROTECTED,200,891,,Cloudflare
2026-09-04T01:29:39.764816+00:00,LibGen,LibGen.gl,PROTECTED,200,1033,,Cloudflare
2026-09-04T01:30:41.962776+00:00,LibGen,LibGen.gl,PROTECTED,200,2296,,Cloudflare
2026-09-04T01:31:40.218881+00:00,LibGen,LibGen.gl,PROTECTED,200,695,,Cloudflare
2026-09-04T01:32:43.491766+00:00,LibGen,LibGen.gl,PROTECTED,200,2072,,Cloudflare
2026-09-04T01:33:41.888859+00:00,LibGen,LibGen.gl,PROTECTED,200,1691,,Cloudflare
2026-09-04T01:34:42.568944+00:00,LibGen,LibGen.gl,PROTECTED,200,1014,,Cloudflare
2026-09-04T01:35:42.533485+00:00,LibGen,LibGen.gl,PROTECTED,200,723,,Cloudflare
2026-09-04T01:36:42.591761+00:00,LibGen,LibGen.gl,PROTECTED,200,999,,Cloudflare
2026-09-04T01:37:42.948617+00:00,LibGen,LibGen.gl,PROTECTED,200,964,,Cloudflare
2026-09-04T01:38:44.404909+00:00,LibGen,LibGen.gl,PROTECTED,200,1531,,Cloudflare
2026-09-04T01:39:43.851734+00:00,LibGen,LibGen.gl,PROTECTED,200,1509,,Cloudflare
2026-09-04T01:40:46.009455+00:00,LibGen,LibGen.gl,PROTECTED,200,1846,,Cloudflare
2026-09-04T01:41:44.827819+00:00,LibGen,LibGen.gl,PROTECTED,200,1729,,Cloudflare
2026-09-04T01:42:45.583889+00:00,LibGen,LibGen.gl,PROTECTED,200,2172,,Cloudflare
2026-09-04T01:43:43.768938+00:00,LibGen,LibGen.gl,PROTECTED,200,792,,Cloudflare
2026-09-04T01:44:45.898861+00:00,LibGen,LibGen.gl,PROTECTED,200,1764,,Cloudflare
2026-09-04T01:45:47.087918+00:00,LibGen,LibGen.gl,PROTECTED,200,1608,,Cloudflare
2026-09-04T01:46:45.983968+00:00,LibGen,LibGen.gl,PROTECTED,200,1006,,Cloudflare
2026-09-04T01:47:45.916783+00:00,LibGen,LibGen.gl,PROTECTED,200,1465,,Cloudflare
2026-09-04T01:48:46.156371+00:00,LibGen,LibGen.gl,PROTECTED,200,1045,,Cloudflare
2026-09-04T01:49:45.374612+00:00,LibGen,LibGen.gl,PROTECTED,200,713,,Cloudflare
2026-09-04T01:50:47.124224+00:00,LibGen,LibGen.gl,PROTECTED,200,1210,,Cloudflare
2026-09-04T01:51:47.124976+00:00,LibGen,LibGen.gl,PROTECTED,200,1468,,Cloudflare
2026-09-04T01:52:48.145631+00:00,LibGen,LibGen.gl,PROTECTED,200,1170,,Cloudflare
2026-09-04T01:53:47.983936+00:00,LibGen,LibGen.gl,PROTECTED,200,1546,,Cloudflare
2026-09-04T01:54:48.895615+00:00,LibGen,LibGen.gl,PROTECTED,200,1576,,Cloudflare
2026-09-04T01:55:49.009426+00:00,LibGen,LibGen.gl,PROTECTED,200,1641,,Cloudflare
2026-09-04T01:56:49.661014+00:00,LibGen,LibGen.gl,PROTECTED,200,2232,,Cloudflare
2026-09-04T01:57:48.811164+00:00,LibGen,LibGen.gl,PROTECTED,200,1247,,Cloudflare
2026-09-04T01:58:49.273485+00:00,LibGen,LibGen.gl,PROTECTED,200,1811,,Cloudflare
2026-09-04T01:59:49.198920+00:00,LibGen,LibGen.gl,PROTECTED,200,1035,,Cloudflare
2026-09-04T02:00:49.780544+00:00,LibGen,LibGen.gl,PROTECTED,200,1372,,Cloudflare
2026-09-04T02:01:50.769770+00:00,LibGen,LibGen.gl,PROTECTED,200,1938,,Cloudflare
2026-09-04T02:02:50.493997+00:00,LibGen,LibGen.gl,PROTECTED,200,1172,,Cloudflare
2026-09-04T02:03:50.803891+00:00,LibGen,LibGen.gl,PROTECTED,200,1114,,Cloudflare
2026-09-04T02:04:54.130670+00:00,LibGen,LibGen.gl,PROTECTED,200,4251,,Cloudflare
2026-09-04T02:05:52.545341+00:00,LibGen,LibGen.gl,PROTECTED,200,2641,,Cloudflare
2026-09-04T02:07:11.395735+00:00,LibGen,LibGen.gl,DOWN,,,connection_refused,
2026-09-04T02:07:52.486984+00:00,LibGen,LibGen.gl,PROTECTED,200,1442,,Cloudflare
2026-09-04T02:08:53.089179+00:00,LibGen,LibGen.gl,PROTECTED,200,898,,Cloudflare
2026-09-04T02:09:54.116812+00:00,LibGen,LibGen.gl,PROTECTED,200,2296,,Cloudflare
2026-09-04T02:10:54.285502+00:00,LibGen,LibGen.gl,PROTECTED,200,2324,,Cloudflare
2026-09-04T02:11:53.831352+00:00,LibGen,LibGen.gl,PROTECTED,200,1091,,Cloudflare
2026-09-04T02:12:53.839966+00:00,LibGen,LibGen.gl,PROTECTED,200,780,,Cloudflare
2026-09-04T02:13:55.052944+00:00,LibGen,LibGen.gl,PROTECTED,200,1185,,Cloudflare
2026-09-04T02:14:54.347745+00:00,LibGen,LibGen.gl,PROTECTED,200,702,,Cloudflare
2026-09-04T02:15:55.833835+00:00,LibGen,LibGen.gl,PROTECTED,200,1985,,Cloudflare
2026-09-04T02:16:55.359635+00:00,LibGen,LibGen.gl,PROTECTED,200,1204,,Cloudflare
2026-09-04T02:17:55.831784+00:00,LibGen,LibGen.gl,PROTECTED,200,1530,,Cloudflare
2026-09-04T02:18:56.349997+00:00,LibGen,LibGen.gl,PROTECTED,200,1709,,Cloudflare
2026-09-04T02:19:55.959621+00:00,LibGen,LibGen.gl,PROTECTED,200,761,,Cloudflare
2026-09-04T02:20:58.432097+00:00,LibGen,LibGen.gl,PROTECTED,200,2177,,Cloudflare
2026-09-04T02:22:05.597231+00:00,LibGen,LibGen.gl,PROTECTED,200,6522,,Cloudflare
2026-09-04T02:22:57.192621+00:00,LibGen,LibGen.gl,PROTECTED,200,721,,Cloudflare
2026-09-04T02:23:58.659915+00:00,LibGen,LibGen.gl,PROTECTED,200,766,,Cloudflare
2026-09-04T02:24:59.962733+00:00,LibGen,LibGen.gl,PROTECTED,200,2075,,Cloudflare
2026-09-04T02:25:58.397207+00:00,LibGen,LibGen.gl,PROTECTED,200,988,,Cloudflare
2026-09-04T02:27:01.711810+00:00,LibGen,LibGen.gl,PROTECTED,200,3574,,Cloudflare
2026-09-04T02:27:59.855021+00:00,LibGen,LibGen.gl,PROTECTED,200,1788,,Cloudflare
2026-09-04T02:29:00.290978+00:00,LibGen,LibGen.gl,PROTECTED,200,1888,,Cloudflare
2026-09-04T02:29:58.952802+00:00,LibGen,LibGen.gl,PROTECTED,200,797,,Cloudflare
2026-09-04T02:31:00.669535+00:00,LibGen,LibGen.gl,PROTECTED,200,1253,,Cloudflare
2026-09-04T02:32:01.211399+00:00,LibGen,LibGen.gl,PROTECTED,200,1665,,Cloudflare
2026-09-04T02:33:01.220076+00:00,LibGen,LibGen.gl,PROTECTED,200,987,,Cloudflare
2026-09-04T02:34:03.824696+00:00,LibGen,LibGen.gl,PROTECTED,200,2964,,Cloudflare
2026-09-04T02:35:02.793956+00:00,LibGen,LibGen.gl,PROTECTED,200,1485,,Cloudflare
2026-09-04T02:36:03.262726+00:00,LibGen,LibGen.gl,PROTECTED,200,1275,,Cloudflare
2026-09-04T02:37:05.249758+00:00,LibGen,LibGen.gl,PROTECTED,200,3341,,Cloudflare
2026-09-04T02:38:03.460814+00:00,LibGen,LibGen.gl,PROTECTED,200,746,,Cloudflare
2026-09-04T02:39:03.464929+00:00,LibGen,LibGen.gl,PROTECTED,200,1252,,Cloudflare
2026-09-04T02:40:04.036463+00:00,LibGen,LibGen.gl,PROTECTED,200,1998,,Cloudflare
2026-09-04T02:41:03.112932+00:00,LibGen,LibGen.gl,PROTECTED,200,760,,Cloudflare
2026-09-04T02:42:04.765085+00:00,LibGen,LibGen.gl,PROTECTED,200,1210,,Cloudflare
2026-09-04T02:43:04.791834+00:00,LibGen,LibGen.gl,PROTECTED,200,702,,Cloudflare
2026-09-04T02:44:05.119516+00:00,LibGen,LibGen.gl,PROTECTED,200,1659,,Cloudflare
2026-09-04T02:45:04.446763+00:00,LibGen,LibGen.gl,PROTECTED,200,763,,Cloudflare
2026-09-04T02:46:06.080980+00:00,LibGen,LibGen.gl,PROTECTED,200,727,,Cloudflare
2026-09-04T02:47:07.990021+00:00,LibGen,LibGen.gl,PROTECTED,200,3758,,Cloudflare
2026-09-04T02:48:06.296937+00:00,LibGen,LibGen.gl,PROTECTED,200,704,,Cloudflare
2026-09-04T02:49:07.387634+00:00,LibGen,LibGen.gl,PROTECTED,200,1505,,Cloudflare
2026-09-04T02:50:10.360064+00:00,LibGen,LibGen.gl,PROTECTED,200,3956,,Cloudflare
2026-09-04T02:51:07.339805+00:00,LibGen,LibGen.gl,PROTECTED,200,1213,,Cloudflare
2026-09-04T02:52:06.959653+00:00,LibGen,LibGen.gl,PROTECTED,200,837,,Cloudflare
2026-09-04T02:53:14.953732+00:00,LibGen,LibGen.gl,PROTECTED,200,8683,,Cloudflare
2026-09-04T02:54:08.843849+00:00,LibGen,LibGen.gl,PROTECTED,200,2461,,Cloudflare
2026-09-04T02:55:09.101097+00:00,LibGen,LibGen.gl,PROTECTED,200,1979,,Cloudflare
2026-09-04T02:56:28.567624+00:00,LibGen,LibGen.gl,DOWN,,,connection_refused,
2026-09-04T02:57:08.620946+00:00,LibGen,LibGen.gl,PROTECTED,200,1466,,Cloudflare
2026-09-04T02:58:09.008470+00:00,LibGen,LibGen.gl,PROTECTED,200,1465,,Cloudflare
2026-09-04T02:59:11.193952+00:00,LibGen,LibGen.gl,PROTECTED,200,2699,,Cloudflare
2026-09-04T03:00:08.803806+00:00,LibGen,LibGen.gl,PROTECTED,200,701,,Cloudflare
2026-09-04T03:01:11.121027+00:00,LibGen,LibGen.gl,PROTECTED,200,1052,,Cloudflare
2026-09-04T03:02:15.585042+00:00,LibGen,LibGen.gl,PROTECTED,200,5300,,Cloudflare
2026-09-04T03:03:11.553711+00:00,LibGen,LibGen.gl,PROTECTED,200,1506,,Cloudflare
2026-09-04T03:04:29.449404+00:00,LibGen,LibGen.gl,TIMEOUT,,,timeout,
2026-09-04T03:05:15.303396+00:00,LibGen,LibGen.gl,PROTECTED,200,4579,,Cloudflare
2026-09-04T03:06:15.251173+00:00,LibGen,LibGen.gl,PROTECTED,200,4012,,Cloudflare
2026-09-04T03:07:15.590452+00:00,LibGen,LibGen.gl,PROTECTED,200,4678,,Cloudflare
2026-09-04T03:08:22.689005+00:00,LibGen,LibGen.gl,PROTECTED,200,10784,,Cloudflare
2026-09-04T03:09:16.601969+00:00,LibGen,LibGen.gl,PROTECTED,200,3376,,Cloudflare
2026-09-04T03:10:13.104689+00:00,LibGen,LibGen.gl,DOWN,500,1355,http_error,
2026-09-04T03:11:14.746707+00:00,LibGen,LibGen.gl,PROTECTED,200,1987,,Cloudflare
2026-09-04T03:12:15.913182+00:00,LibGen,LibGen.gl,PROTECTED,200,1724,,Cloudflare
2026-09-04T03:13:17.673937+00:00,LibGen,LibGen.gl,PROTECTED,200,4372,,Cloudflare
2026-09-04T03:14:14.938229+00:00,LibGen,LibGen.gl,PROTECTED,200,1845,,Cloudflare
2026-09-04T03:15:14.951943+00:00,LibGen,LibGen.gl,PROTECTED,200,1528,,Cloudflare
2026-09-04T03:16:14.850787+00:00,LibGen,LibGen.gl,PROTECTED,200,792,,Cloudflare
2026-09-04T03:17:16.198126+00:00,LibGen,LibGen.gl,PROTECTED,200,1466,,Cloudflare
2026-09-04T03:18:16.560593+00:00,LibGen,LibGen.gl,PROTECTED,200,684,,Cloudflare
2026-09-04T03:19:16.672965+00:00,LibGen,LibGen.gl,PROTECTED,200,787,,Cloudflare
2026-09-04T03:20:16.351065+00:00,LibGen,LibGen.gl,PROTECTED,200,909,,Cloudflare
2026-09-04T03:21:18.250898+00:00,LibGen,LibGen.gl,PROTECTED,200,2355,,Cloudflare
2026-09-04T03:22:17.384018+00:00,LibGen,LibGen.gl,PROTECTED,200,1111,,Cloudflare
2026-09-04T03:23:19.165422+00:00,LibGen,LibGen.gl,PROTECTED,200,1227,,Cloudflare
2026-09-04T03:24:18.199867+00:00,LibGen,LibGen.gl,PROTECTED,200,995,,Cloudflare
2026-09-04T03:25:18.660556+00:00,LibGen,LibGen.gl,PROTECTED,200,1634,,Cloudflare
2026-09-04T03:26:19.419778+00:00,LibGen,LibGen.gl,PROTECTED,200,1246,,Cloudflare
2026-09-04T03:27:19.088955+00:00,LibGen,LibGen.gl,PROTECTED,200,847,,Cloudflare
2026-09-04T03:28:19.108899+00:00,LibGen,LibGen.gl,PROTECTED,200,1250,,Cloudflare
2026-09-04T03:29:22.013264+00:00,LibGen,LibGen.gl,PROTECTED,200,1478,,Cloudflare
2026-09-04T03:30:20.416135+00:00,LibGen,LibGen.gl,PROTECTED,200,1931,,Cloudflare
2026-09-04T03:31:23.043731+00:00,LibGen,LibGen.gl,PROTECTED,200,4100,,Cloudflare
2026-09-04T03:32:20.326136+00:00,LibGen,LibGen.gl,PROTECTED,200,1474,,Cloudflare
2026-09-04T03:33:20.379935+00:00,LibGen,LibGen.gl,PROTECTED,200,1482,,Cloudflare
2026-09-04T03:34:21.323110+00:00,LibGen,LibGen.gl,PROTECTED,200,1492,,Cloudflare
2026-09-04T03:35:21.783675+00:00,LibGen,LibGen.gl,PROTECTED,200,1067,,Cloudflare
2026-09-04T03:36:21.878808+00:00,LibGen,LibGen.gl,PROTECTED,200,1413,,Cloudflare
2026-09-04T03:37:23.828943+00:00,LibGen,LibGen.gl,PROTECTED,200,3200,,Cloudflare
2026-09-04T03:38:21.750811+00:00,LibGen,LibGen.gl,PROTECTED,200,984,,Cloudflare
2026-09-04T03:39:22.144528+00:00,LibGen,LibGen.gl,PROTECTED,200,1264,,Cloudflare
2026-09-04T03:40:22.858867+00:00,LibGen,LibGen.gl,PROTECTED,200,734,,Cloudflare
2026-09-04T03:41:23.075680+00:00,LibGen,LibGen.gl,PROTECTED,200,1273,,Cloudflare
2026-09-04T03:42:23.244786+00:00,LibGen,LibGen.gl,PROTECTED,200,702,,Cloudflare
2026-09-04T03:43:23.281976+00:00,LibGen,LibGen.gl,PROTECTED,200,885,,Cloudflare
2026-09-04T03:44:26.055865+00:00,LibGen,LibGen.gl,PROTECTED,200,3082,,Cloudflare
2026-09-04T03:45:25.159982+00:00,LibGen,LibGen.gl,PROTECTED,200,1506,,Cloudflare
2026-09-04T03:46:24.691502+00:00,LibGen,LibGen.gl,PROTECTED,200,776,,Cloudflare
2026-09-04T03:47:25.780113+00:00,LibGen,LibGen.gl,PROTECTED,200,1024,,Cloudflare
2026-09-04T03:48:24.950606+00:00,LibGen,LibGen.gl,PROTECTED,200,727,,Cloudflare
2026-09-04T03:49:27.685377+00:00,LibGen,LibGen.gl,PROTECTED,200,2240,,Cloudflare
2026-09-04T03:50:26.658919+00:00,LibGen,LibGen.gl,PROTECTED,200,702,,Cloudflare
2026-09-04T03:51:28.810319+00:00,LibGen,LibGen.gl,PROTECTED,200,2409,,Cloudflare
2026-09-04T03:52:26.932958+00:00,LibGen,LibGen.gl,PROTECTED,200,954,,Cloudflare
2026-09-04T03:53:28.004941+00:00,LibGen,LibGen.gl,PROTECTED,200,988,,Cloudflare
2026-09-04T03:54:28.311881+00:00,LibGen,LibGen.gl,PROTECTED,200,1546,,Cloudflare
2026-09-04T03:55:28.624869+00:00,LibGen,LibGen.gl,PROTECTED,200,945,,Cloudflare
2026-09-04T03:56:30.717019+00:00,LibGen,LibGen.gl,PROTECTED,200,1718,,Cloudflare
2026-09-04T03:57:30.224645+00:00,LibGen,LibGen.gl,PROTECTED,200,1147,,Cloudflare
2026-09-04T03:58:30.828024+00:00,LibGen,LibGen.gl,PROTECTED,200,3004,,Cloudflare
2026-09-04T03:59:29.158403+00:00,LibGen,LibGen.gl,PROTECTED,200,714,,Cloudflare
2026-09-04T04:00:30.829589+00:00,LibGen,LibGen.gl,PROTECTED,200,1705,,Cloudflare
2026-09-04T04:01:31.507841+00:00,LibGen,LibGen.gl,PROTECTED,200,1612,,Cloudflare
2026-09-04T04:02:33.166518+00:00,LibGen,LibGen.gl,PROTECTED,200,2701,,Cloudflare
2026-09-04T04:03:32.324130+00:00,LibGen,LibGen.gl,PROTECTED,200,975,,Cloudflare
2026-09-04T04:04:32.579691+00:00,LibGen,LibGen.gl,PROTECTED,200,1353,,Cloudflare
2026-09-04T04:05:33.109882+00:00,LibGen,LibGen.gl,PROTECTED,200,1245,,Cloudflare
2026-09-04T04:06:34.429120+00:00,LibGen,LibGen.gl,PROTECTED,200,756,,Cloudflare
2026-09-04T04:07:36.611926+00:00,LibGen,LibGen.gl,PROTECTED,200,2292,,Cloudflare
2026-09-04T04:08:34.623487+00:00,LibGen,LibGen.gl,PROTECTED,200,1570,,Cloudflare
2026-09-04T04:09:33.745608+00:00,LibGen,LibGen.gl,PROTECTED,200,798,,Cloudflare
2026-09-04T04:10:34.958848+00:00,LibGen,LibGen.gl,PROTECTED,200,1845,,Cloudflare
2026-09-04T04:11:35.210465+00:00,LibGen,LibGen.gl,PROTECTED,200,1250,,Cloudflare
2026-09-04T04:12:39.133029+00:00,LibGen,LibGen.gl,PROTECTED,200,4594,,Cloudflare
2026-09-04T04:13:36.817764+00:00,LibGen,LibGen.gl,PROTECTED,200,1939,,Cloudflare
2026-09-04T04:14:35.943551+00:00,LibGen,LibGen.gl,PROTECTED,200,696,,Cloudflare
2026-09-04T04:15:36.643237+00:00,LibGen,LibGen.gl,PROTECTED,200,773,,Cloudflare
2026-09-04T04:16:37.598592+00:00,LibGen,LibGen.gl,PROTECTED,200,732,,Cloudflare
2026-09-04T04:17:37.801576+00:00,LibGen,LibGen.gl,PROTECTED,200,1747,,Cloudflare
2026-09-04T04:18:39.816813+00:00,LibGen,LibGen.gl,PROTECTED,200,2607,,Cloudflare
2026-09-04T04:19:40.361145+00:00,LibGen,LibGen.gl,PROTECTED,200,3522,,Cloudflare
2026-09-04T04:20:39.321846+00:00,LibGen,LibGen.gl,PROTECTED,200,2189,,Cloudflare
2026-09-04T04:21:39.069537+00:00,LibGen,LibGen.gl,PROTECTED,200,811,,Cloudflare
2026-09-04T04:22:40.042637+00:00,LibGen,LibGen.gl,PROTECTED,200,2043,,Cloudflare
2026-09-04T04:23:44.110964+00:00,LibGen,LibGen.gl,PROTECTED,200,1549,,Cloudflare
2026-09-04T04:24:43.367820+00:00,LibGen,LibGen.gl,PROTECTED,200,700,,Cloudflare
2026-09-04T04:25:41.586975+00:00,LibGen,LibGen.gl,PROTECTED,200,1556,,Cloudflare
2026-09-04T04:26:44.268825+00:00,LibGen,LibGen.gl,PROTECTED,200,4617,,Cloudflare
2026-09-04T04:27:42.142436+00:00,LibGen,LibGen.gl,PROTECTED,200,2475,,Cloudflare
2026-09-04T04:28:42.566795+00:00,LibGen,LibGen.gl,PROTECTED,200,903,,Cloudflare
2026-09-04T04:29:42.343893+00:00,LibGen,LibGen.gl,PROTECTED,200,2037,,Cloudflare
2026-09-04T04:30:44.227100+00:00,LibGen,LibGen.gl,PROTECTED,200,2635,,Cloudflare
2026-09-04T04:31:42.553885+00:00,LibGen,LibGen.gl,PROTECTED,200,936,,Cloudflare
2026-09-04T04:32:44.523422+00:00,LibGen,LibGen.gl,PROTECTED,200,3270,,Cloudflare
2026-09-04T04:33:43.831572+00:00,LibGen,LibGen.gl,PROTECTED,200,2389,,Cloudflare
2026-09-04T04:34:43.865954+00:00,LibGen,LibGen.gl,PROTECTED,200,2405,,Cloudflare
2026-09-04T04:35:43.678010+00:00,LibGen,LibGen.gl,PROTECTED,200,2050,,Cloudflare
2026-09-04T04:36:43.694025+00:00,LibGen,LibGen.gl,PROTECTED,200,1484,,Cloudflare
2026-09-04T04:37:44.406149+00:00,LibGen,LibGen.gl,PROTECTED,200,760,,Cloudflare
2026-09-04T04:38:44.311326+00:00,LibGen,LibGen.gl,PROTECTED,200,1204,,Cloudflare
2026-09-04T04:39:44.996493+00:00,LibGen,LibGen.gl,PROTECTED,200,1647,,Cloudflare
2026-09-04T04:40:46.475804+00:00,LibGen,LibGen.gl,PROTECTED,200,945,,Cloudflare
2026-09-04T04:41:45.615559+00:00,LibGen,LibGen.gl,PROTECTED,200,1452,,Cloudflare
2026-09-04T04:42:45.797609+00:00,LibGen,LibGen.gl,PROTECTED,200,734,,Cloudflare
2026-09-04T04:43:46.429906+00:00,LibGen,LibGen.gl,PROTECTED,200,1507,,Cloudflare
2026-09-04T04:44:46.345529+00:00,LibGen,LibGen.gl,PROTECTED,200,1263,,Cloudflare
2026-09-04T04:45:46.332437+00:00,LibGen,LibGen.gl,PROTECTED,200,1649,,Cloudflare
2026-09-04T04:46:47.273033+00:00,LibGen,LibGen.gl,PROTECTED,200,752,,Cloudflare
2026-09-04T04:47:47.023939+00:00,LibGen,LibGen.gl,PROTECTED,200,919,,Cloudflare
2026-09-04T04:48:47.147563+00:00,LibGen,LibGen.gl,PROTECTED,200,1558,,Cloudflare
2026-09-04T04:49:46.866727+00:00,LibGen,LibGen.gl,PROTECTED,200,714,,Cloudflare
2026-09-04T04:50:49.085573+00:00,LibGen,LibGen.gl,PROTECTED,200,2685,,Cloudflare
2026-09-04T04:51:48.892057+00:00,LibGen,LibGen.gl,PROTECTED,200,1623,,Cloudflare
2026-09-04T04:52:51.137996+00:00,LibGen,LibGen.gl,PROTECTED,200,4260,,Cloudflare
2026-09-04T04:53:48.658143+00:00,LibGen,LibGen.gl,PROTECTED,200,1089,,Cloudflare
2026-09-04T04:54:48.929544+00:00,LibGen,LibGen.gl,PROTECTED,200,697,,Cloudflare
2026-09-04T04:55:47.993628+00:00,LibGen,LibGen.gl,DOWN,500,683,http_error,
2026-09-04T04:56:48.229072+00:00,LibGen,LibGen.gl,DOWN,500,773,http_error,
2026-09-04T04:57:50.077626+00:00,LibGen,LibGen.gl,PROTECTED,200,1880,,Cloudflare
2026-09-04T04:58:53.289846+00:00,LibGen,LibGen.gl,PROTECTED,200,4898,,Cloudflare
2026-09-04T04:59:49.760983+00:00,LibGen,LibGen.gl,PROTECTED,200,1065,,Cloudflare
2026-09-04T05:00:50.631984+00:00,LibGen,LibGen.gl,PROTECTED,200,1398,,Cloudflare
2026-09-04T05:01:50.886014+00:00,LibGen,LibGen.gl,PROTECTED,200,942,,Cloudflare
2026-09-04T05:02:51.481848+00:00,LibGen,LibGen.gl,PROTECTED,200,1315,,Cloudflare
2026-09-04T05:03:52.941392+00:00,LibGen,LibGen.gl,PROTECTED,200,2850,,Cloudflare
2026-09-04T05:04:52.023954+00:00,LibGen,LibGen.gl,PROTECTED,200,768,,Cloudflare
2026-09-04T05:05:52.547742+00:00,LibGen,LibGen.gl,PROTECTED,200,744,,Cloudflare
2026-09-04T05:06:53.222854+00:00,LibGen,LibGen.gl,PROTECTED,200,1148,,Cloudflare
2026-09-04T05:07:52.979408+00:00,LibGen,LibGen.gl,PROTECTED,200,927,,Cloudflare
2026-09-04T05:08:52.106003+00:00,LibGen,LibGen.gl,PROTECTED,200,950,,Cloudflare
2026-09-04T05:09:58.181611+00:00,LibGen,LibGen.gl,PROTECTED,200,5409,,Cloudflare
2026-09-04T05:10:54.150194+00:00,LibGen,LibGen.gl,PROTECTED,200,862,,Cloudflare
2026-09-04T05:11:58.176755+00:00,LibGen,LibGen.gl,PROTECTED,200,1452,,Cloudflare
2026-09-04T05:12:54.259973+00:00,LibGen,LibGen.gl,PROTECTED,200,662,,Cloudflare
2026-09-04T05:13:54.948824+00:00,LibGen,LibGen.gl,PROTECTED,200,1198,,Cloudflare
2026-09-04T05:14:54.226076+00:00,LibGen,LibGen.gl,PROTECTED,200,700,,Cloudflare
2026-09-04T05:15:54.812037+00:00,LibGen,LibGen.gl,PROTECTED,200,970,,Cloudflare
2026-09-04T05:16:55.923010+00:00,LibGen,LibGen.gl,PROTECTED,200,685,,Cloudflare
2026-09-04T05:17:56.468088+00:00,LibGen,LibGen.gl,PROTECTED,200,2037,,Cloudflare
2026-09-04T05:18:56.087337+00:00,LibGen,LibGen.gl,PROTECTED,200,663,,Cloudflare
2026-09-04T05:19:57.693373+00:00,LibGen,LibGen.gl,PROTECTED,200,2278,,Cloudflare
2026-09-04T05:20:57.603407+00:00,LibGen,LibGen.gl,PROTECTED,200,1004,,Cloudflare
2026-09-04T05:21:57.267774+00:00,LibGen,LibGen.gl,PROTECTED,200,1610,,Cloudflare
2026-09-04T05:22:57.300702+00:00,LibGen,LibGen.gl,PROTECTED,200,918,,Cloudflare
2026-09-04T05:23:59.555724+00:00,LibGen,LibGen.gl,PROTECTED,200,3178,,Cloudflare
2026-09-04T05:25:17.300005+00:00,LibGen,LibGen.gl,DOWN,,,connection_refused,
2026-09-04T05:25:58.845845+00:00,LibGen,LibGen.gl,PROTECTED,200,1488,,Cloudflare
2026-09-04T05:26:58.824136+00:00,LibGen,LibGen.gl,PROTECTED,200,1188,,Cloudflare
2026-09-04T05:27:59.252842+00:00,LibGen,LibGen.gl,PROTECTED,200,1317,,Cloudflare
2026-09-04T05:28:59.348587+00:00,LibGen,LibGen.gl,PROTECTED,200,1202,,Cloudflare
2026-09-04T05:30:00.196827+00:00,LibGen,LibGen.gl,PROTECTED,200,1848,,Cloudflare
2026-09-04T05:31:04.457831+00:00,LibGen,LibGen.gl,PROTECTED,200,5815,,Cloudflare
2026-09-04T05:32:00.769261+00:00,LibGen,LibGen.gl,PROTECTED,200,1518,,Cloudflare
2026-09-04T05:33:01.159862+00:00,LibGen,LibGen.gl,PROTECTED,200,1386,,Cloudflare
2026-09-04T05:34:02.295619+00:00,LibGen,LibGen.gl,PROTECTED,200,1763,,Cloudflare
2026-09-04T05:35:03.060244+00:00,LibGen,LibGen.gl,PROTECTED,200,1750,,Cloudflare
2026-09-04T05:36:01.895609+00:00,LibGen,LibGen.gl,PROTECTED,200,2010,,Cloudflare
2026-09-04T05:37:02.121800+00:00,LibGen,LibGen.gl,PROTECTED,200,1570,,Cloudflare
2026-09-04T05:38:02.286767+00:00,LibGen,LibGen.gl,PROTECTED,200,1055,,Cloudflare
2026-09-04T05:39:03.453619+00:00,LibGen,LibGen.gl,PROTECTED,200,1853,,Cloudflare
2026-09-04T05:40:04.034374+00:00,LibGen,LibGen.gl,PROTECTED,200,1816,,Cloudflare
2026-09-04T05:41:04.464060+00:00,LibGen,LibGen.gl,PROTECTED,200,2371,,Cloudflare
2026-09-04T05:42:03.913029+00:00,LibGen,LibGen.gl,PROTECTED,200,777,,Cloudflare
2026-09-04T05:43:05.303863+00:00,LibGen,LibGen.gl,PROTECTED,200,2223,,Cloudflare
2026-09-04T05:44:05.212809+00:00,LibGen,LibGen.gl,PROTECTED,200,712,,Cloudflare
2026-09-04T05:45:04.454790+00:00,LibGen,LibGen.gl,PROTECTED,200,759,,Cloudflare
2026-09-04T05:46:06.943787+00:00,LibGen,LibGen.gl,PROTECTED,200,1225,,Cloudflare
2026-09-04T05:47:04.923831+00:00,LibGen,LibGen.gl,PROTECTED,200,742,,Cloudflare
2026-09-04T05:48:06.824811+00:00,LibGen,LibGen.gl,PROTECTED,200,755,,Cloudflare
2026-09-04T05:49:06.689606+00:00,LibGen,LibGen.gl,PROTECTED,200,1790,,Cloudflare
2026-09-04T05:50:08.071203+00:00,LibGen,LibGen.gl,PROTECTED,200,2285,,Cloudflare
2026-09-04T05:51:06.817647+00:00,LibGen,LibGen.gl,PROTECTED,200,1262,,Cloudflare
2026-09-04T05:52:11.061096+00:00,LibGen,LibGen.gl,PROTECTED,200,4411,,Cloudflare
2026-09-04T05:53:08.424780+00:00,LibGen,LibGen.gl,PROTECTED,200,1573,,Cloudflare
2026-09-04T05:54:08.091820+00:00,LibGen,LibGen.gl,PROTECTED,200,1004,,Cloudflare
2026-09-04T05:55:08.003816+00:00,LibGen,LibGen.gl,PROTECTED,200,756,,Cloudflare
2026-09-04T05:56:09.935072+00:00,LibGen,LibGen.gl,PROTECTED,200,2310,,Cloudflare
2026-09-04T05:57:09.386555+00:00,LibGen,LibGen.gl,PROTECTED,200,1287,,Cloudflare
2026-09-04T05:58:08.553182+00:00,LibGen,LibGen.gl,PROTECTED,503,526,,Cloudflare
2026-09-04T05:59:09.894799+00:00,LibGen,LibGen.gl,PROTECTED,200,1392,,Cloudflare
2026-09-04T06:00:15.005639+00:00,LibGen,LibGen.gl,PROTECTED,200,6125,,Cloudflare
2026-09-04T06:01:10.257198+00:00,LibGen,LibGen.gl,PROTECTED,200,1033,,Cloudflare
2026-09-04T06:02:14.892916+00:00,LibGen,LibGen.gl,PROTECTED,200,5842,,Cloudflare
2026-09-04T06:03:15.334555+00:00,LibGen,LibGen.gl,PROTECTED,200,5924,,Cloudflare
2026-09-04T06:04:14.775353+00:00,LibGen,LibGen.gl,PROTECTED,200,4380,,Cloudflare
2026-09-04T06:05:15.251184+00:00,LibGen,LibGen.gl,PROTECTED,200,4271,,Cloudflare
2026-09-04T06:06:15.648011+00:00,LibGen,LibGen.gl,PROTECTED,200,5336,,Cloudflare
2026-09-04T06:07:15.177511+00:00,LibGen,LibGen.gl,PROTECTED,200,3991,,Cloudflare
2026-09-04T06:08:15.779044+00:00,LibGen,LibGen.gl,PROTECTED,200,5056,,Cloudflare
2026-09-04T06:09:14.667536+00:00,LibGen,LibGen.gl,PROTECTED,200,3608,,Cloudflare
2026-09-04T06:10:15.320857+00:00,LibGen,LibGen.gl,PROTECTED,200,3993,,Cloudflare
2026-09-04T06:11:15.886120+00:00,LibGen,LibGen.gl,PROTECTED,200,2785,,Cloudflare
2026-09-04T06:12:15.931358+00:00,LibGen,LibGen.gl,PROTECTED,200,3855,,Cloudflare
2026-09-04T06:13:15.782968+00:00,LibGen,LibGen.gl,PROTECTED,200,3330,,Cloudflare
2026-09-04T06:14:20.997945+00:00,LibGen,LibGen.gl,PROTECTED,200,7857,,Cloudflare
2026-09-04T06:15:14.905161+00:00,LibGen,LibGen.gl,PROTECTED,200,1299,,Cloudflare
2026-09-04T06:16:14.807581+00:00,LibGen,LibGen.gl,PROTECTED,200,786,,Cloudflare
2026-09-04T06:17:15.891820+00:00,LibGen,LibGen.gl,PROTECTED,200,1167,,Cloudflare
2026-09-04T06:18:16.228673+00:00,LibGen,LibGen.gl,PROTECTED,200,1007,,Cloudflare
2026-09-04T06:19:17.167013+00:00,LibGen,LibGen.gl,PROTECTED,200,1173,,Cloudflare
2026-09-04T06:20:17.668971+00:00,LibGen,LibGen.gl,PROTECTED,200,1441,,Cloudflare
2026-09-04T06:21:18.305661+00:00,LibGen,LibGen.gl,PROTECTED,200,1235,,Cloudflare
2026-09-04T06:22:20.415921+00:00,LibGen,LibGen.gl,PROTECTED,200,3158,,Cloudflare
2026-09-04T06:23:20.146874+00:00,LibGen,LibGen.gl,PROTECTED,200,1077,,Cloudflare
2026-09-04T06:24:18.652358+00:00,LibGen,LibGen.gl,PROTECTED,200,852,,Cloudflare
2026-09-04T06:25:20.334129+00:00,LibGen,LibGen.gl,PROTECTED,200,738,,Cloudflare
2026-09-04T06:26:21.061564+00:00,LibGen,LibGen.gl,PROTECTED,200,1745,,Cloudflare
2026-09-04T06:27:21.153416+00:00,LibGen,LibGen.gl,PROTECTED,200,685,,Cloudflare
2026-09-04T06:28:21.627934+00:00,LibGen,LibGen.gl,PROTECTED,200,1134,,Cloudflare
2026-09-04T06:29:23.883853+00:00,LibGen,LibGen.gl,PROTECTED,200,1326,,Cloudflare
2026-09-04T06:30:23.130596+00:00,LibGen,LibGen.gl,PROTECTED,200,2166,,Cloudflare
2026-09-04T06:31:24.056362+00:00,LibGen,LibGen.gl,PROTECTED,200,2200,,Cloudflare
2026-09-04T06:32:27.222680+00:00,LibGen,LibGen.gl,PROTECTED,200,4185,,Cloudflare
2026-09-04T06:33:24.630039+00:00,LibGen,LibGen.gl,PROTECTED,200,810,,Cloudflare
2026-09-04T06:34:26.118736+00:00,LibGen,LibGen.gl,PROTECTED,200,1458,,Cloudflare
2026-09-04T06:35:27.679362+00:00,LibGen,LibGen.gl,PROTECTED,200,1565,,Cloudflare
2026-09-04T06:36:33.317357+00:00,LibGen,LibGen.gl,PROTECTED,200,3709,,Cloudflare
2026-09-04T06:37:28.445489+00:00,LibGen,LibGen.gl,PROTECTED,200,1329,,Cloudflare
2026-09-04T06:38:27.991927+00:00,LibGen,LibGen.gl,PROTECTED,200,714,,Cloudflare
2026-09-04T06:39:29.175898+00:00,LibGen,LibGen.gl,PROTECTED,200,974,,Cloudflare
2026-09-04T06:40:30.767943+00:00,LibGen,LibGen.gl,PROTECTED,200,3100,,Cloudflare
2026-09-04T06:41:29.212309+00:00,LibGen,LibGen.gl,PROTECTED,200,872,,Cloudflare
2026-09-04T06:42:50.708973+00:00,LibGen,LibGen.gl,DOWN,,,connection_refused,
2026-09-04T06:43:31.350910+00:00,LibGen,LibGen.gl,PROTECTED,200,1552,,Cloudflare
2026-09-04T06:44:32.402780+00:00,LibGen,LibGen.gl,PROTECTED,200,1851,,Cloudflare
2026-09-04T06:45:33.720421+00:00,LibGen,LibGen.gl,PROTECTED,200,2226,,Cloudflare
2026-09-04T06:46:34.115094+00:00,LibGen,LibGen.gl,PROTECTED,200,1592,,Cloudflare
2026-09-04T06:47:36.013095+00:00,LibGen,LibGen.gl,PROTECTED,200,2685,,Cloudflare
2026-09-04T06:48:35.856645+00:00,LibGen,LibGen.gl,PROTECTED,200,1970,,Cloudflare
2026-09-04T06:49:36.802920+00:00,LibGen,LibGen.gl,PROTECTED,200,2090,,Cloudflare
2026-09-04T06:50:36.226457+00:00,LibGen,LibGen.gl,PROTECTED,200,1304,,Cloudflare
2026-09-04T06:51:37.208267+00:00,LibGen,LibGen.gl,PROTECTED,200,753,,Cloudflare
2026-09-04T06:52:37.360611+00:00,LibGen,LibGen.gl,PROTECTED,200,1391,,Cloudflare
2026-09-04T06:53:36.933442+00:00,LibGen,LibGen.gl,PROTECTED,200,1670,,Cloudflare
2026-09-04T06:54:38.430544+00:00,LibGen,LibGen.gl,PROTECTED,200,2315,,Cloudflare
2026-09-04T06:55:40.407940+00:00,LibGen,LibGen.gl,PROTECTED,200,3466,,Cloudflare
2026-09-04T06:56:40.831083+00:00,LibGen,LibGen.gl,PROTECTED,200,2349,,Cloudflare
2026-09-04T06:57:40.121527+00:00,LibGen,LibGen.gl,PROTECTED,200,1452,,Cloudflare
2026-09-04T06:58:41.378152+00:00,LibGen,LibGen.gl,PROTECTED,200,1600,,Cloudflare
2026-09-04T06:59:41.790786+00:00,LibGen,LibGen.gl,PROTECTED,200,777,,Cloudflare
2026-09-04T07:00:44.717592+00:00,LibGen,LibGen.gl,PROTECTED,200,1786,,Cloudflare
2026-09-04T07:01:46.923800+00:00,LibGen,LibGen.gl,PROTECTED,200,1954,,Cloudflare
2026-09-04T07:02:44.133194+00:00,LibGen,LibGen.gl,PROTECTED,200,1507,,Cloudflare
2026-09-04T07:03:44.807100+00:00,LibGen,LibGen.gl,PROTECTED,200,1235,,Cloudflare
2026-09-04T07:04:46.025043+00:00,LibGen,LibGen.gl,PROTECTED,200,1802,,Cloudflare
2026-09-04T07:05:54.114044+00:00,LibGen,LibGen.gl,PROTECTED,200,8964,,Cloudflare
2026-09-04T07:06:47.912347+00:00,LibGen,LibGen.gl,PROTECTED,200,1393,,Cloudflare
2026-09-04T07:07:53.191413+00:00,LibGen,LibGen.gl,PROTECTED,200,6066,,Cloudflare
2026-09-04T07:08:50.131092+00:00,LibGen,LibGen.gl,PROTECTED,200,786,,Cloudflare
2026-09-04T07:09:50.966896+00:00,LibGen,LibGen.gl,PROTECTED,200,2607,,Cloudflare
2026-09-04T07:10:54.084061+00:00,LibGen,LibGen.gl,PROTECTED,200,4889,,Cloudflare
2026-09-04T07:11:51.710532+00:00,LibGen,LibGen.gl,PROTECTED,200,1504,,Cloudflare
2026-09-04T07:12:53.012542+00:00,LibGen,LibGen.gl,PROTECTED,200,2265,,Cloudflare
2026-09-04T07:13:53.223072+00:00,LibGen,LibGen.gl,PROTECTED,200,1744,,Cloudflare
2026-09-04T07:14:54.324911+00:00,LibGen,LibGen.gl,PROTECTED,200,1062,,Cloudflare
2026-09-04T07:15:54.207683+00:00,LibGen,LibGen.gl,PROTECTED,200,1005,,Cloudflare
2026-09-04T07:16:56.200689+00:00,LibGen,LibGen.gl,PROTECTED,200,1023,,Cloudflare
2026-09-04T07:17:56.548860+00:00,LibGen,LibGen.gl,PROTECTED,200,707,,Cloudflare
2026-09-04T07:19:15.419004+00:00,LibGen,LibGen.gl,TIMEOUT,,,timeout,
2026-09-04T07:19:57.819852+00:00,LibGen,LibGen.gl,PROTECTED,200,1656,,Cloudflare
2026-09-04T07:21:00.621716+00:00,LibGen,LibGen.gl,PROTECTED,200,4155,,Cloudflare
2026-09-04T07:21:58.053123+00:00,LibGen,LibGen.gl,PROTECTED,200,1532,,Cloudflare
2026-09-04T07:22:58.780167+00:00,LibGen,LibGen.gl,PROTECTED,200,1459,,Cloudflare
2026-09-04T07:23:59.506270+00:00,LibGen,LibGen.gl,PROTECTED,200,1223,,Cloudflare
2026-09-04T07:24:59.443795+00:00,LibGen,LibGen.gl,PROTECTED,200,722,,Cloudflare
2026-09-04T07:26:00.654303+00:00,LibGen,LibGen.gl,PROTECTED,200,1443,,Cloudflare
2026-09-04T07:27:01.179048+00:00,LibGen,LibGen.gl,PROTECTED,200,764,,Cloudflare
2026-09-04T07:28:00.935430+00:00,LibGen,LibGen.gl,PROTECTED,200,886,,Cloudflare
2026-09-04T07:29:21.033049+00:00,LibGen,LibGen.gl,DOWN,,,connection_refused,
2026-09-04T07:30:02.949918+00:00,LibGen,LibGen.gl,PROTECTED,200,2269,,Cloudflare
2026-09-04T07:31:03.405922+00:00,LibGen,LibGen.gl,PROTECTED,200,1722,,Cloudflare
2026-09-04T07:32:03.407419+00:00,LibGen,LibGen.gl,PROTECTED,200,1906,,Cloudflare
2026-09-04T07:33:04.398041+00:00,LibGen,LibGen.gl,PROTECTED,200,2069,,Cloudflare
2026-09-04T07:34:04.870271+00:00,LibGen,LibGen.gl,PROTECTED,200,1841,,Cloudflare
2026-09-04T07:35:05.042552+00:00,LibGen,LibGen.gl,PROTECTED,200,1849,,Cloudflare
2026-09-04T07:36:08.051776+00:00,LibGen,LibGen.gl,PROTECTED,200,3799,,Cloudflare
2026-09-04T07:37:07.234665+00:00,LibGen,LibGen.gl,PROTECTED,200,1347,,Cloudflare
2026-09-04T07:38:12.362428+00:00,LibGen,LibGen.gl,PROTECTED,200,6482,,Cloudflare
2026-09-04T07:39:08.629011+00:00,LibGen,LibGen.gl,PROTECTED,200,1263,,Cloudflare
2026-09-04T07:40:11.263527+00:00,LibGen,LibGen.gl,PROTECTED,200,2017,,Cloudflare
2026-09-04T07:41:08.601849+00:00,LibGen,LibGen.gl,PROTECTED,200,756,,Cloudflare
2026-09-04T07:42:08.687643+00:00,LibGen,LibGen.gl,PROTECTED,200,860,,Cloudflare
2026-09-04T07:43:08.561053+00:00,LibGen,LibGen.gl,PROTECTED,200,700,,Cloudflare
2026-09-04T07:44:09.207790+00:00,LibGen,LibGen.gl,PROTECTED,200,738,,Cloudflare
2026-09-04T07:45:10.009954+00:00,LibGen,LibGen.gl,PROTECTED,200,957,,Cloudflare
2026-09-04T07:46:14.977192+00:00,LibGen,LibGen.gl,PROTECTED,200,5479,,Cloudflare
2026-09-04T07:47:14.459325+00:00,LibGen,LibGen.gl,PROTECTED,200,4298,,Cloudflare
2026-09-04T07:48:14.840088+00:00,LibGen,LibGen.gl,PROTECTED,200,3972,,Cloudflare
2026-09-04T07:49:13.483171+00:00,LibGen,LibGen.gl,PROTECTED,200,1608,,Cloudflare
2026-09-04T07:50:16.614014+00:00,LibGen,LibGen.gl,PROTECTED,200,2505,,Cloudflare
2026-09-04T07:51:38.181577+00:00,LibGen,LibGen.gl,DOWN,,,connection_refused,
2026-09-04T07:52:14.346537+00:00,LibGen,LibGen.gl,DOWN,500,1170,http_error,
2026-09-04T07:53:15.066992+00:00,LibGen,LibGen.gl,DOWN,500,1474,http_error,
2026-09-04T07:54:16.942723+00:00,LibGen,LibGen.gl,PROTECTED,200,1886,,Cloudflare
2026-09-04T07:55:17.386060+00:00,LibGen,LibGen.gl,PROTECTED,200,2102,,Cloudflare
2026-09-04T07:56:16.989132+00:00,LibGen,LibGen.gl,PROTECTED,200,713,,Cloudflare
2026-09-04T07:57:17.190051+00:00,LibGen,LibGen.gl,PROTECTED,200,716,,Cloudflare
2026-09-04T07:58:55.042952+00:00,LibGen,LibGen.gl,DOWN,,,connection_refused,
2026-09-04T07:59:20.918087+00:00,LibGen,LibGen.gl,PROTECTED,200,3132,,Cloudflare
2026-09-04T08:00:21.240921+00:00,LibGen,LibGen.gl,PROTECTED,200,2707,,Cloudflare
2026-09-04T08:01:20.679866+00:00,LibGen,LibGen.gl,PROTECTED,200,1399,,Cloudflare
2026-09-04T08:02:36.853796+00:00,LibGen,LibGen.gl,PROTECTED,200,17682,,Cloudflare
2026-09-04T08:03:20.661728+00:00,LibGen,LibGen.gl,PROTECTED,200,1107,,Cloudflare
2026-09-04T08:04:23.262834+00:00,LibGen,LibGen.gl,PROTECTED,200,1342,,Cloudflare
2026-09-04T08:05:23.709147+00:00,LibGen,LibGen.gl,PROTECTED,200,2232,,Cloudflare
2026-09-04T08:06:24.052799+00:00,LibGen,LibGen.gl,PROTECTED,200,3328,,Cloudflare
2026-09-04T08:07:23.636990+00:00,LibGen,LibGen.gl,PROTECTED,200,834,,Cloudflare
2026-09-04T08:08:23.260461+00:00,LibGen,LibGen.gl,PROTECTED,200,732,,Cloudflare
2026-09-04T08:09:24.048655+00:00,LibGen,LibGen.gl,PROTECTED,200,770,,Cloudflare
2026-09-04T08:10:41.163064+00:00,LibGen,LibGen.gl,PROTECTED,200,16551,,Cloudflare
2026-09-04T08:11:25.663576+00:00,LibGen,LibGen.gl,PROTECTED,200,816,,Cloudflare
2026-09-04T08:12:27.217028+00:00,LibGen,LibGen.gl,PROTECTED,200,1723,,Cloudflare
2026-09-04T08:13:28.178943+00:00,LibGen,LibGen.gl,PROTECTED,200,1599,,Cloudflare
2026-09-04T08:14:30.015968+00:00,LibGen,LibGen.gl,PROTECTED,200,1979,,Cloudflare
2026-09-04T08:15:28.614789+00:00,LibGen,LibGen.gl,PROTECTED,503,583,,Cloudflare
2026-09-04T08:16:31.483460+00:00,LibGen,LibGen.gl,PROTECTED,200,1543,,Cloudflare
2026-09-04T08:17:29.958858+00:00,LibGen,LibGen.gl,PROTECTED,200,703,,Cloudflare
2026-09-04T08:18:31.988555+00:00,LibGen,LibGen.gl,PROTECTED,200,3162,,Cloudflare
2026-09-04T08:19:31.624857+00:00,LibGen,LibGen.gl,PROTECTED,200,1715,,Cloudflare
2026-09-04T08:20:30.335381+00:00,LibGen,LibGen.gl,PROTECTED,200,862,,Cloudflare
2026-09-04T08:21:43.165724+00:00,LibGen,LibGen.gl,PROTECTED,200,12150,,Cloudflare
2026-09-04T08:22:32.260813+00:00,LibGen,LibGen.gl,PROTECTED,200,1068,,Cloudflare
2026-09-04T08:23:33.452536+00:00,LibGen,LibGen.gl,PROTECTED,200,2022,,Cloudflare
2026-09-04T08:24:34.969824+00:00,LibGen,LibGen.gl,PROTECTED,200,1987,,Cloudflare
2026-09-04T08:25:37.098006+00:00,LibGen,LibGen.gl,PROTECTED,200,1532,,Cloudflare
2026-09-04T08:26:34.865400+00:00,LibGen,LibGen.gl,PROTECTED,200,748,,Cloudflare
2026-09-04T08:27:39.098962+00:00,LibGen,LibGen.gl,PROTECTED,200,3797,,Cloudflare
2026-09-04T08:28:35.239830+00:00,LibGen,LibGen.gl,PROTECTED,200,1147,,Cloudflare
2026-09-04T08:29:36.904102+00:00,LibGen,LibGen.gl,PROTECTED,200,1846,,Cloudflare
2026-09-04T08:30:43.691067+00:00,LibGen,LibGen.gl,PROTECTED,200,8823,,Cloudflare
2026-09-04T08:31:35.937336+00:00,LibGen,LibGen.gl,PROTECTED,200,816,,Cloudflare
2026-09-04T08:32:38.083052+00:00,LibGen,LibGen.gl,PROTECTED,200,2290,,Cloudflare
2026-09-04T08:33:37.985806+00:00,LibGen,LibGen.gl,PROTECTED,200,1188,,Cloudflare
2026-09-04T08:34:37.929586+00:00,LibGen,LibGen.gl,PROTECTED,200,744,,Cloudflare
2026-09-04T08:35:39.391826+00:00,LibGen,LibGen.gl,PROTECTED,200,2393,,Cloudflare
2026-09-04T08:36:42.021031+00:00,LibGen,LibGen.gl,PROTECTED,200,1644,,Cloudflare
2026-09-04T08:37:40.662803+00:00,LibGen,LibGen.gl,PROTECTED,200,1978,,Cloudflare
2026-09-04T08:38:44.498032+00:00,LibGen,LibGen.gl,PROTECTED,200,798,,Cloudflare
2026-09-04T08:39:42.395824+00:00,LibGen,LibGen.gl,PROTECTED,200,2123,,Cloudflare
2026-09-04T08:40:42.790636+00:00,LibGen,LibGen.gl,PROTECTED,200,1498,,Cloudflare
2026-09-04T08:41:45.774331+00:00,LibGen,LibGen.gl,PROTECTED,200,2601,,Cloudflare
2026-09-04T08:42:44.839397+00:00,LibGen,LibGen.gl,PROTECTED,200,1180,,Cloudflare
2026-09-04T08:43:47.111849+00:00,LibGen,LibGen.gl,PROTECTED,200,3408,,Cloudflare
2026-09-04T08:44:46.572656+00:00,LibGen,LibGen.gl,PROTECTED,200,1349,,Cloudflare
2026-09-04T08:45:47.095248+00:00,LibGen,LibGen.gl,PROTECTED,200,1797,,Cloudflare
2026-09-04T08:46:47.876324+00:00,LibGen,LibGen.gl,PROTECTED,200,1749,,Cloudflare
2026-09-04T08:47:48.303410+00:00,LibGen,LibGen.gl,PROTECTED,200,1188,,Cloudflare
2026-09-04T08:48:50.657863+00:00,LibGen,LibGen.gl,PROTECTED,200,2755,,Cloudflare
2026-09-04T08:49:49.896819+00:00,LibGen,LibGen.gl,PROTECTED,200,1455,,Cloudflare
2026-09-04T08:50:51.616234+00:00,LibGen,LibGen.gl,PROTECTED,200,1921,,Cloudflare
2026-09-04T08:51:52.010063+00:00,LibGen,LibGen.gl,PROTECTED,200,2674,,Cloudflare
2026-09-04T08:52:52.166553+00:00,LibGen,LibGen.gl,PROTECTED,200,2168,,Cloudflare
2026-09-04T08:53:50.847775+00:00,LibGen,LibGen.gl,PROTECTED,200,914,,Cloudflare
2026-09-04T08:54:53.148578+00:00,LibGen,LibGen.gl,PROTECTED,200,1566,,Cloudflare
2026-09-04T08:55:52.566925+00:00,LibGen,LibGen.gl,PROTECTED,200,722,,Cloudflare
2026-09-04T08:56:52.917440+00:00,LibGen,LibGen.gl,PROTECTED,200,1042,,Cloudflare
2026-09-04T08:57:53.641238+00:00,LibGen,LibGen.gl,PROTECTED,200,939,,Cloudflare
2026-09-04T08:58:55.545648+00:00,LibGen,LibGen.gl,PROTECTED,200,1270,,Cloudflare
2026-09-04T08:59:55.544420+00:00,LibGen,LibGen.gl,PROTECTED,200,1281,,Cloudflare
2026-09-04T09:00:57.758506+00:00,LibGen,LibGen.gl,PROTECTED,200,1762,,Cloudflare
2026-09-04T09:01:57.077506+00:00,LibGen,LibGen.gl,PROTECTED,200,983,,Cloudflare
2026-09-04T09:02:58.161227+00:00,LibGen,LibGen.gl,PROTECTED,200,1480,,Cloudflare
2026-09-04T09:03:59.386970+00:00,LibGen,LibGen.gl,PROTECTED,200,1829,,Cloudflare
2026-09-04T09:04:59.343863+00:00,LibGen,LibGen.gl,PROTECTED,200,730,,Cloudflare
2026-09-04T09:06:01.311202+00:00,LibGen,LibGen.gl,PROTECTED,200,2224,,Cloudflare
2026-09-04T09:07:01.537024+00:00,LibGen,LibGen.gl,PROTECTED,200,1445,,Cloudflare
2026-09-04T09:08:01.493889+00:00,LibGen,LibGen.gl,PROTECTED,200,1029,,Cloudflare
2026-09-04T09:09:01.287770+00:00,LibGen,LibGen.gl,PROTECTED,200,767,,Cloudflare
2026-09-04T09:10:03.338171+00:00,LibGen,LibGen.gl,PROTECTED,200,1694,,Cloudflare
2026-09-04T09:11:01.998160+00:00,LibGen,LibGen.gl,PROTECTED,200,758,,Cloudflare
2026-09-04T09:12:02.523597+00:00,LibGen,LibGen.gl,PROTECTED,200,699,,Cloudflare
2026-09-04T09:13:03.142785+00:00,LibGen,LibGen.gl,PROTECTED,200,1438,,Cloudflare
2026-09-04T09:14:03.066191+00:00,LibGen,LibGen.gl,PROTECTED,200,705,,Cloudflare
2026-09-04T09:15:03.952055+00:00,LibGen,LibGen.gl,PROTECTED,200,1211,,Cloudflare
2026-09-04T09:16:04.569825+00:00,LibGen,LibGen.gl,PROTECTED,200,886,,Cloudflare
2026-09-04T09:17:05.811868+00:00,LibGen,LibGen.gl,PROTECTED,200,1210,,Cloudflare
2026-09-04T09:18:06.108823+00:00,LibGen,LibGen.gl,PROTECTED,200,972,,Cloudflare
2026-09-04T09:19:07.195154+00:00,LibGen,LibGen.gl,PROTECTED,200,1759,,Cloudflare
2026-09-04T09:20:08.239848+00:00,LibGen,LibGen.gl,PROTECTED,200,2000,,Cloudflare
2026-09-04T09:21:10.864162+00:00,LibGen,LibGen.gl,PROTECTED,200,1320,,Cloudflare
2026-09-04T09:22:08.014780+00:00,LibGen,LibGen.gl,PROTECTED,200,781,,Cloudflare
2026-09-04T09:23:10.800745+00:00,LibGen,LibGen.gl,PROTECTED,200,2054,,Cloudflare
2026-09-04T09:24:10.307581+00:00,LibGen,LibGen.gl,PROTECTED,200,872,,Cloudflare
2026-09-04T09:25:12.008092+00:00,LibGen,LibGen.gl,PROTECTED,200,2593,,Cloudflare
2026-09-04T09:26:13.464166+00:00,LibGen,LibGen.gl,PROTECTED,200,2527,,Cloudflare
2026-09-04T09:27:12.078835+00:00,LibGen,LibGen.gl,PROTECTED,200,1860,,Cloudflare
2026-09-04T09:28:12.875572+00:00,LibGen,LibGen.gl,PROTECTED,200,1654,,Cloudflare
2026-09-04T09:29:13.274764+00:00,LibGen,LibGen.gl,PROTECTED,200,1123,,Cloudflare
2026-09-04T09:30:14.841991+00:00,LibGen,LibGen.gl,PROTECTED,200,769,,Cloudflare
2026-09-04T09:31:13.872645+00:00,LibGen,LibGen.gl,PROTECTED,200,977,,Cloudflare
2026-09-04T09:32:14.746391+00:00,LibGen,LibGen.gl,PROTECTED,200,1031,,Cloudflare
2026-09-04T09:33:17.373614+00:00,LibGen,LibGen.gl,PROTECTED,200,2046,,Cloudflare
2026-09-04T09:34:19.678403+00:00,LibGen,LibGen.gl,PROTECTED,200,1632,,Cloudflare
2026-09-04T09:35:17.958610+00:00,LibGen,LibGen.gl,PROTECTED,200,1057,,Cloudflare
2026-09-04T09:36:17.846824+00:00,LibGen,LibGen.gl,PROTECTED,200,913,,Cloudflare
2026-09-04T09:37:19.273495+00:00,LibGen,LibGen.gl,PROTECTED,200,906,,Cloudflare
2026-09-04T09:38:19.982090+00:00,LibGen,LibGen.gl,PROTECTED,200,758,,Cloudflare
2026-09-04T09:39:21.900814+00:00,LibGen,LibGen.gl,PROTECTED,200,2365,,Cloudflare
2026-09-04T09:40:22.181091+00:00,LibGen,LibGen.gl,PROTECTED,200,2157,,Cloudflare
2026-09-04T09:41:21.884635+00:00,LibGen,LibGen.gl,PROTECTED,200,713,,Cloudflare
2026-09-04T09:42:23.550562+00:00,LibGen,LibGen.gl,PROTECTED,200,1514,,Cloudflare
2026-09-04T09:43:23.277935+00:00,LibGen,LibGen.gl,PROTECTED,200,1226,,Cloudflare
2026-09-04T09:44:25.000148+00:00,LibGen,LibGen.gl,PROTECTED,200,796,,Cloudflare
2026-09-04T09:45:26.066850+00:00,LibGen,LibGen.gl,PROTECTED,200,3083,,Cloudflare
2026-09-04T09:46:26.330894+00:00,LibGen,LibGen.gl,PROTECTED,200,1759,,Cloudflare
2026-09-04T09:47:25.742783+00:00,LibGen,LibGen.gl,PROTECTED,200,725,,Cloudflare
2026-09-04T09:48:26.869747+00:00,LibGen,LibGen.gl,PROTECTED,200,1018,,Cloudflare
2026-09-04T09:49:29.085563+00:00,LibGen,LibGen.gl,PROTECTED,200,3422,,Cloudflare
2026-09-04T09:50:28.410034+00:00,LibGen,LibGen.gl,PROTECTED,200,1226,,Cloudflare
2026-09-04T09:51:28.940146+00:00,LibGen,LibGen.gl,PROTECTED,200,1458,,Cloudflare
2026-09-04T09:52:31.208205+00:00,LibGen,LibGen.gl,PROTECTED,200,1115,,Cloudflare
2026-09-04T09:53:29.476662+00:00,LibGen,LibGen.gl,PROTECTED,200,804,,Cloudflare
2026-09-04T09:54:30.194562+00:00,LibGen,LibGen.gl,PROTECTED,200,1687,,Cloudflare
2026-09-04T09:55:30.573394+00:00,LibGen,LibGen.gl,PROTECTED,200,691,,Cloudflare
2026-09-04T09:56:31.296561+00:00,LibGen,LibGen.gl,PROTECTED,200,2191,,Cloudflare
2026-09-04T09:57:32.465460+00:00,LibGen,LibGen.gl,PROTECTED,200,2510,,Cloudflare
2026-09-04T09:58:32.799595+00:00,LibGen,LibGen.gl,PROTECTED,200,1100,,Cloudflare
2026-09-04T09:59:34.066558+00:00,LibGen,LibGen.gl,PROTECTED,200,2286,,Cloudflare
2026-09-04T10:00:33.312762+00:00,LibGen,LibGen.gl,PROTECTED,200,1332,,Cloudflare
2026-09-04T10:01:34.881842+00:00,LibGen,LibGen.gl,PROTECTED,200,1264,,Cloudflare
2026-09-04T10:02:37.510382+00:00,LibGen,LibGen.gl,PROTECTED,200,2153,,Cloudflare
2026-09-04T10:03:36.481180+00:00,LibGen,LibGen.gl,PROTECTED,200,1054,,Cloudflare
2026-09-04T10:04:36.886788+00:00,LibGen,LibGen.gl,PROTECTED,200,1841,,Cloudflare
2026-09-04T10:05:37.177599+00:00,LibGen,LibGen.gl,PROTECTED,200,1430,,Cloudflare
2026-09-04T10:06:38.527001+00:00,LibGen,LibGen.gl,PROTECTED,200,1897,,Cloudflare
2026-09-04T10:07:38.712639+00:00,LibGen,LibGen.gl,PROTECTED,200,2018,,Cloudflare
2026-09-04T10:08:39.563731+00:00,LibGen,LibGen.gl,PROTECTED,200,1687,,Cloudflare
2026-09-04T10:09:39.886304+00:00,LibGen,LibGen.gl,PROTECTED,200,1643,,Cloudflare
2026-09-04T10:10:40.969004+00:00,LibGen,LibGen.gl,PROTECTED,200,1592,,Cloudflare
2026-09-04T10:11:40.687719+00:00,LibGen,LibGen.gl,PROTECTED,200,1426,,Cloudflare
2026-09-04T10:12:42.359017+00:00,LibGen,LibGen.gl,PROTECTED,200,2339,,Cloudflare
2026-09-04T10:13:43.279801+00:00,LibGen,LibGen.gl,PROTECTED,200,2401,,Cloudflare
2026-09-04T10:14:44.745312+00:00,LibGen,LibGen.gl,PROTECTED,200,2193,,Cloudflare
2026-09-04T10:15:44.360133+00:00,LibGen,LibGen.gl,PROTECTED,200,1487,,Cloudflare
2026-09-04T10:16:46.669792+00:00,LibGen,LibGen.gl,PROTECTED,200,732,,Cloudflare
2026-09-04T10:17:46.037727+00:00,LibGen,LibGen.gl,PROTECTED,200,1502,,Cloudflare
2026-09-04T10:18:47.047153+00:00,LibGen,LibGen.gl,PROTECTED,200,1531,,Cloudflare
2026-09-04T10:19:47.689623+00:00,LibGen,LibGen.gl,PROTECTED,200,1412,,Cloudflare
2026-09-04T10:20:50.468741+00:00,LibGen,LibGen.gl,PROTECTED,200,1441,,Cloudflare
2026-09-04T10:21:48.506951+00:00,LibGen,LibGen.gl,PROTECTED,200,2058,,Cloudflare
2026-09-04T10:22:48.534806+00:00,LibGen,LibGen.gl,PROTECTED,200,998,,Cloudflare
2026-09-04T10:23:50.912767+00:00,LibGen,LibGen.gl,PROTECTED,200,1004,,Cloudflare
2026-09-04T10:24:51.311735+00:00,LibGen,LibGen.gl,PROTECTED,200,2160,,Cloudflare
2026-09-04T10:25:52.251635+00:00,LibGen,LibGen.gl,PROTECTED,200,1452,,Cloudflare
2026-09-04T10:26:52.762717+00:00,LibGen,LibGen.gl,PROTECTED,200,1826,,Cloudflare
2026-09-04T10:27:53.702653+00:00,LibGen,LibGen.gl,PROTECTED,200,1601,,Cloudflare
2026-09-04T10:28:53.083942+00:00,LibGen,LibGen.gl,PROTECTED,200,918,,Cloudflare
2026-09-04T10:29:53.563363+00:00,LibGen,LibGen.gl,PROTECTED,200,937,,Cloudflare
2026-09-04T10:30:53.779188+00:00,LibGen,LibGen.gl,PROTECTED,200,1075,,Cloudflare
2026-09-04T10:31:55.549333+00:00,LibGen,LibGen.gl,PROTECTED,200,735,,Cloudflare
2026-09-04T10:32:56.370104+00:00,LibGen,LibGen.gl,PROTECTED,200,1581,,Cloudflare
2026-09-04T10:33:57.929761+00:00,LibGen,LibGen.gl,PROTECTED,200,2176,,Cloudflare
2026-09-04T10:34:58.619612+00:00,LibGen,LibGen.gl,PROTECTED,200,2070,,Cloudflare
2026-09-04T10:35:58.970947+00:00,LibGen,LibGen.gl,PROTECTED,200,1774,,Cloudflare
2026-09-04T10:36:58.306745+00:00,LibGen,LibGen.gl,PROTECTED,200,742,,Cloudflare
2026-09-04T10:38:04.290226+00:00,LibGen,LibGen.gl,PROTECTED,200,5098,,Cloudflare
2026-09-04T10:38:59.543769+00:00,LibGen,LibGen.gl,PROTECTED,200,1111,,Cloudflare
2026-09-04T10:40:19.763224+00:00,LibGen,LibGen.gl,DOWN,,,connection_refused,
2026-09-04T10:41:01.560378+00:00,LibGen,LibGen.gl,PROTECTED,200,1527,,Cloudflare
2026-09-04T10:42:01.742983+00:00,LibGen,LibGen.gl,PROTECTED,200,795,,Cloudflare
2026-09-04T10:43:00.863222+00:00,LibGen,LibGen.gl,PROTECTED,200,984,,Cloudflare
2026-09-04T10:44:03.306725+00:00,LibGen,LibGen.gl,PROTECTED,200,1440,,Cloudflare
2026-09-04T10:45:01.715472+00:00,LibGen,LibGen.gl,PROTECTED,200,1272,,Cloudflare
2026-09-04T10:46:06.022075+00:00,LibGen,LibGen.gl,PROTECTED,200,3386,,Cloudflare
2026-09-04T10:47:05.034740+00:00,LibGen,LibGen.gl,PROTECTED,200,2458,,Cloudflare
2026-09-04T10:48:06.099253+00:00,LibGen,LibGen.gl,PROTECTED,200,1585,,Cloudflare
2026-09-04T10:49:06.055030+00:00,LibGen,LibGen.gl,PROTECTED,200,1524,,Cloudflare
2026-09-04T10:50:05.277879+00:00,LibGen,LibGen.gl,PROTECTED,200,728,,Cloudflare
2026-09-04T10:51:04.907840+00:00,LibGen,LibGen.gl,PROTECTED,503,544,,Cloudflare
2026-09-04T10:52:06.973859+00:00,LibGen,LibGen.gl,PROTECTED,200,710,,Cloudflare
2026-09-04T10:53:08.040637+00:00,LibGen,LibGen.gl,PROTECTED,200,1569,,Cloudflare
2026-09-04T10:54:07.536627+00:00,LibGen,LibGen.gl,PROTECTED,200,1412,,Cloudflare
2026-09-04T10:55:07.535459+00:00,LibGen,LibGen.gl,PROTECTED,200,1251,,Cloudflare
2026-09-04T10:56:08.093852+00:00,LibGen,LibGen.gl,PROTECTED,200,1398,,Cloudflare
2026-09-04T10:57:08.052848+00:00,LibGen,LibGen.gl,PROTECTED,200,1172,,Cloudflare
2026-09-04T10:58:08.021260+00:00,LibGen,LibGen.gl,PROTECTED,200,720,,Cloudflare
2026-09-04T10:59:09.824187+00:00,LibGen,LibGen.gl,PROTECTED,200,1598,,Cloudflare
2026-09-04T11:00:12.315952+00:00,LibGen,LibGen.gl,PROTECTED,200,819,,Cloudflare
2026-09-04T11:01:17.315762+00:00,LibGen,LibGen.gl,PROTECTED,200,6734,,Cloudflare
2026-09-04T11:02:16.488800+00:00,LibGen,LibGen.gl,PROTECTED,200,5809,,Cloudflare
2026-09-04T11:03:17.445880+00:00,LibGen,LibGen.gl,PROTECTED,200,6140,,Cloudflare
2026-09-04T11:04:17.099088+00:00,LibGen,LibGen.gl,PROTECTED,200,4612,,Cloudflare
2026-09-04T11:05:16.576295+00:00,LibGen,LibGen.gl,PROTECTED,200,3107,,Cloudflare
2026-09-04T11:06:15.022087+00:00,LibGen,LibGen.gl,DOWN,500,1031,http_error,
2026-09-04T11:07:15.595099+00:00,LibGen,LibGen.gl,DOWN,500,759,http_error,
2026-09-04T11:08:17.666594+00:00,LibGen,LibGen.gl,PROTECTED,200,1428,,Cloudflare
2026-09-04T11:09:19.542417+00:00,LibGen,LibGen.gl,PROTECTED,200,2328,,Cloudflare
2026-09-04T11:10:20.626762+00:00,LibGen,LibGen.gl,PROTECTED,200,2786,,Cloudflare
2026-09-04T11:11:20.782068+00:00,LibGen,LibGen.gl,PROTECTED,200,765,,Cloudflare
2026-09-04T11:12:22.470260+00:00,LibGen,LibGen.gl,PROTECTED,200,1507,,Cloudflare
2026-09-04T11:13:21.639268+00:00,LibGen,LibGen.gl,PROTECTED,200,953,,Cloudflare
2026-09-04T11:14:22.372966+00:00,LibGen,LibGen.gl,PROTECTED,200,1204,,Cloudflare
2026-09-04T11:15:22.807918+00:00,LibGen,LibGen.gl,PROTECTED,200,1064,,Cloudflare
2026-09-04T11:16:22.777742+00:00,LibGen,LibGen.gl,PROTECTED,200,1746,,Cloudflare
2026-09-04T11:17:23.717470+00:00,LibGen,LibGen.gl,PROTECTED,200,1155,,Cloudflare
2026-09-04T11:18:26.931741+00:00,LibGen,LibGen.gl,PROTECTED,200,5303,,Cloudflare
2026-09-04T11:19:23.067477+00:00,LibGen,LibGen.gl,PROTECTED,200,1200,,Cloudflare
2026-09-04T11:20:24.429201+00:00,LibGen,LibGen.gl,PROTECTED,200,959,,Cloudflare
2026-09-04T11:21:26.335815+00:00,LibGen,LibGen.gl,PROTECTED,200,1391,,Cloudflare
2026-09-04T11:22:28.232760+00:00,LibGen,LibGen.gl,PROTECTED,200,1270,,Cloudflare
2026-09-04T11:23:26.224906+00:00,LibGen,LibGen.gl,PROTECTED,200,733,,Cloudflare
2026-09-04T11:24:27.902432+00:00,LibGen,LibGen.gl,PROTECTED,200,1503,,Cloudflare
2026-09-04T11:25:31.374826+00:00,LibGen,LibGen.gl,PROTECTED,200,1284,,Cloudflare
2026-09-04T11:26:28.630024+00:00,LibGen,LibGen.gl,PROTECTED,200,721,,Cloudflare
2026-09-04T11:27:30.591653+00:00,LibGen,LibGen.gl,PROTECTED,200,2252,,Cloudflare
2026-09-04T11:28:28.616506+00:00,LibGen,LibGen.gl,PROTECTED,200,1490,,Cloudflare
2026-09-04T11:29:30.226974+00:00,LibGen,LibGen.gl,PROTECTED,200,2141,,Cloudflare
2026-09-04T11:30:29.485632+00:00,LibGen,LibGen.gl,PROTECTED,200,1371,,Cloudflare
2026-09-04T11:31:30.224362+00:00,LibGen,LibGen.gl,PROTECTED,200,1535,,Cloudflare
2026-09-04T11:32:46.084957+00:00,LibGen,LibGen.gl,PROTECTED,200,16764,,Cloudflare
2026-09-04T11:33:32.158108+00:00,LibGen,LibGen.gl,PROTECTED,200,2531,,Cloudflare
2026-09-04T11:34:31.147931+00:00,LibGen,LibGen.gl,PROTECTED,200,925,,Cloudflare
2026-09-04T11:35:33.201186+00:00,LibGen,LibGen.gl,PROTECTED,200,1489,,Cloudflare
2026-09-04T11:36:33.660149+00:00,LibGen,LibGen.gl,PROTECTED,200,1836,,Cloudflare
2026-09-04T11:37:39.846895+00:00,LibGen,LibGen.gl,PROTECTED,200,5458,,Cloudflare
2026-09-04T11:38:42.522679+00:00,LibGen,LibGen.gl,PROTECTED,200,8897,,Cloudflare
2026-09-04T11:39:36.372767+00:00,LibGen,LibGen.gl,PROTECTED,200,1878,,Cloudflare
2026-09-04T11:40:37.433271+00:00,LibGen,LibGen.gl,PROTECTED,200,1944,,Cloudflare
2026-09-04T11:41:38.596832+00:00,LibGen,LibGen.gl,PROTECTED,200,1510,,Cloudflare
2026-09-04T11:42:38.145463+00:00,LibGen,LibGen.gl,PROTECTED,200,743,,Cloudflare
2026-09-04T11:43:43.228951+00:00,LibGen,LibGen.gl,PROTECTED,200,5226,,Cloudflare
2026-09-04T11:44:39.937820+00:00,LibGen,LibGen.gl,PROTECTED,200,1577,,Cloudflare
2026-09-04T11:45:40.757628+00:00,LibGen,LibGen.gl,PROTECTED,200,770,,Cloudflare
2026-09-04T11:46:41.412949+00:00,LibGen,LibGen.gl,PROTECTED,200,1128,,Cloudflare
2026-09-04T11:47:41.671176+00:00,LibGen,LibGen.gl,PROTECTED,200,1380,,Cloudflare
2026-09-04T11:48:43.152185+00:00,LibGen,LibGen.gl,PROTECTED,200,852,,Cloudflare
2026-09-04T11:49:43.834125+00:00,LibGen,LibGen.gl,PROTECTED,200,1475,,Cloudflare
2026-09-04T11:50:41.749669+00:00,LibGen,LibGen.gl,PROTECTED,200,742,,Cloudflare
2026-09-04T11:51:41.839929+00:00,LibGen,LibGen.gl,PROTECTED,200,952,,Cloudflare
2026-09-04T11:52:43.604068+00:00,LibGen,LibGen.gl,PROTECTED,200,1363,,Cloudflare
2026-09-04T11:53:43.273772+00:00,LibGen,LibGen.gl,PROTECTED,200,750,,Cloudflare
2026-09-04T11:54:46.556189+00:00,LibGen,LibGen.gl,PROTECTED,200,3908,,Cloudflare
2026-09-04T11:55:44.008939+00:00,LibGen,LibGen.gl,PROTECTED,200,1143,,Cloudflare
2026-09-04T11:56:46.233784+00:00,LibGen,LibGen.gl,PROTECTED,200,728,,Cloudflare
2026-09-04T11:57:47.139810+00:00,LibGen,LibGen.gl,PROTECTED,200,1576,,Cloudflare
2026-09-04T11:58:46.613986+00:00,LibGen,LibGen.gl,PROTECTED,200,1686,,Cloudflare
2026-09-04T11:59:46.583262+00:00,LibGen,LibGen.gl,PROTECTED,200,1139,,Cloudflare
2026-09-04T12:00:50.600849+00:00,LibGen,LibGen.gl,PROTECTED,200,4890,,Cloudflare
2026-09-04T12:01:46.058882+00:00,LibGen,LibGen.gl,PROTECTED,200,970,,Cloudflare
2026-09-04T12:02:46.798324+00:00,LibGen,LibGen.gl,PROTECTED,200,711,,Cloudflare
2026-09-04T12:03:49.059719+00:00,LibGen,LibGen.gl,PROTECTED,200,1313,,Cloudflare
2026-09-04T12:04:48.652664+00:00,LibGen,LibGen.gl,PROTECTED,200,854,,Cloudflare
2026-09-04T12:05:49.059334+00:00,LibGen,LibGen.gl,PROTECTED,200,788,,Cloudflare
2026-09-04T12:06:52.028115+00:00,LibGen,LibGen.gl,PROTECTED,200,1068,,Cloudflare
2026-09-04T12:07:51.693649+00:00,LibGen,LibGen.gl,PROTECTED,200,2860,,Cloudflare
2026-09-04T12:08:50.692807+00:00,LibGen,LibGen.gl,PROTECTED,200,703,,Cloudflare
2026-09-04T12:09:51.183534+00:00,LibGen,LibGen.gl,PROTECTED,200,697,,Cloudflare
2026-09-04T12:10:51.583254+00:00,LibGen,LibGen.gl,PROTECTED,200,1017,,Cloudflare
2026-09-04T12:11:52.546255+00:00,LibGen,LibGen.gl,PROTECTED,200,970,,Cloudflare
2026-09-04T12:12:55.291544+00:00,LibGen,LibGen.gl,PROTECTED,200,2729,,Cloudflare
2026-09-04T12:13:53.514633+00:00,LibGen,LibGen.gl,PROTECTED,200,691,,Cloudflare
2026-09-04T12:14:54.013687+00:00,LibGen,LibGen.gl,PROTECTED,200,1118,,Cloudflare
2026-09-04T12:15:54.708506+00:00,LibGen,LibGen.gl,PROTECTED,200,1359,,Cloudflare
2026-09-04T12:16:55.588858+00:00,LibGen,LibGen.gl,PROTECTED,200,678,,Cloudflare
2026-09-04T12:17:54.568991+00:00,LibGen,LibGen.gl,PROTECTED,200,921,,Cloudflare
2026-09-04T12:18:56.062844+00:00,LibGen,LibGen.gl,PROTECTED,200,1502,,Cloudflare
2026-09-04T12:19:56.664095+00:00,LibGen,LibGen.gl,PROTECTED,200,1688,,Cloudflare
2026-09-04T12:20:57.023704+00:00,LibGen,LibGen.gl,PROTECTED,200,1245,,Cloudflare
2026-09-04T12:21:57.304626+00:00,LibGen,LibGen.gl,PROTECTED,200,1465,,Cloudflare
2026-09-04T12:23:00.093988+00:00,LibGen,LibGen.gl,PROTECTED,200,3171,,Cloudflare
2026-09-04T12:23:57.562896+00:00,LibGen,LibGen.gl,PROTECTED,200,686,,Cloudflare
2026-09-04T12:24:58.631723+00:00,LibGen,LibGen.gl,PROTECTED,200,1230,,Cloudflare
2026-09-04T12:25:59.841550+00:00,LibGen,LibGen.gl,PROTECTED,200,2037,,Cloudflare
2026-09-04T12:26:59.702114+00:00,LibGen,LibGen.gl,PROTECTED,200,1126,,Cloudflare
2026-09-04T12:27:59.836048+00:00,LibGen,LibGen.gl,PROTECTED,200,1189,,Cloudflare
2026-09-04T12:29:01.881514+00:00,LibGen,LibGen.gl,PROTECTED,200,2750,,Cloudflare
2026-09-04T12:30:01.415379+00:00,LibGen,LibGen.gl,PROTECTED,200,1462,,Cloudflare
2026-09-04T12:31:01.684910+00:00,LibGen,LibGen.gl,PROTECTED,200,1471,,Cloudflare
2026-09-04T12:32:04.433006+00:00,LibGen,LibGen.gl,PROTECTED,200,4097,,Cloudflare
2026-09-04T12:33:02.224788+00:00,LibGen,LibGen.gl,PROTECTED,200,697,,Cloudflare
2026-09-04T12:34:22.004505+00:00,LibGen,LibGen.gl,TIMEOUT,,,timeout,
2026-09-04T12:35:05.305680+00:00,LibGen,LibGen.gl,PROTECTED,200,3168,,Cloudflare
2026-09-04T12:36:04.356328+00:00,LibGen,LibGen.gl,PROTECTED,200,973,,Cloudflare
2026-09-04T12:37:22.110774+00:00,LibGen,LibGen.gl,TIMEOUT,,,timeout,
2026-09-04T12:38:05.133347+00:00,LibGen,LibGen.gl,PROTECTED,200,1128,,Cloudflare
2026-09-04T12:39:14.764542+00:00,LibGen,LibGen.gl,PROTECTED,200,9830,,Cloudflare
2026-09-04T12:40:05.294696+00:00,LibGen,LibGen.gl,PROTECTED,200,1287,,Cloudflare
2026-09-04T12:41:05.996365+00:00,LibGen,LibGen.gl,PROTECTED,200,1642,,Cloudflare
2026-09-04T12:42:27.443650+00:00,LibGen,LibGen.gl,DOWN,,,connection_refused,
2026-09-04T12:43:33.405047+00:00,LibGen,LibGen.gl,PROTECTED,200,11816,,Cloudflare
2026-09-04T12:44:17.845763+00:00,LibGen,LibGen.gl,PROTECTED,200,11529,,Cloudflare
2026-09-04T12:45:07.705195+00:00,LibGen,LibGen.gl,PROTECTED,200,1247,,Cloudflare
2026-09-04T12:46:27.023808+00:00,LibGen,LibGen.gl,TIMEOUT,,,timeout,
2026-09-04T12:47:26.203625+00:00,LibGen,LibGen.gl,PROTECTED,200,12277,,Cloudflare
2026-09-04T12:48:08.511742+00:00,LibGen,LibGen.gl,PROTECTED,200,1211,,Cloudflare
2026-09-04T12:49:28.088405+00:00,LibGen,LibGen.gl,TIMEOUT,,,timeout,
2026-09-04T12:50:09.600585+00:00,LibGen,LibGen.gl,PROTECTED,200,1341,,Cloudflare
2026-09-04T12:51:11.172246+00:00,LibGen,LibGen.gl,PROTECTED,200,1773,,Cloudflare
2026-09-04T12:52:12.963067+00:00,LibGen,LibGen.gl,PROTECTED,200,2831,,Cloudflare
2026-09-04T12:53:10.268379+00:00,LibGen,LibGen.gl,PROTECTED,200,706,,Cloudflare
2026-09-04T12:54:14.709137+00:00,LibGen,LibGen.gl,PROTECTED,200,4247,,Cloudflare
2026-09-04T12:55:12.539242+00:00,LibGen,LibGen.gl,PROTECTED,200,1290,,Cloudflare
2026-09-04T12:56:13.054836+00:00,LibGen,LibGen.gl,PROTECTED,200,1031,,Cloudflare
2026-09-04T12:57:13.702129+00:00,LibGen,LibGen.gl,PROTECTED,200,1214,,Cloudflare
2026-09-04T12:58:13.731970+00:00,LibGen,LibGen.gl,PROTECTED,200,736,,Cloudflare
2026-09-04T12:59:16.197046+00:00,LibGen,LibGen.gl,PROTECTED,200,2576,,Cloudflare
2026-09-04T13:00:16.760704+00:00,LibGen,LibGen.gl,PROTECTED,200,1208,,Cloudflare
2026-09-04T13:01:17.434431+00:00,LibGen,LibGen.gl,PROTECTED,200,1814,,Cloudflare
2026-09-04T13:02:18.021266+00:00,LibGen,LibGen.gl,PROTECTED,200,1438,,Cloudflare
2026-09-04T13:03:18.504755+00:00,LibGen,LibGen.gl,PROTECTED,200,1101,,Cloudflare
2026-09-04T13:04:19.143543+00:00,LibGen,LibGen.gl,PROTECTED,200,2709,,Cloudflare
2026-09-04T13:05:18.040984+00:00,LibGen,LibGen.gl,PROTECTED,200,1183,,Cloudflare
2026-09-04T13:06:18.509131+00:00,LibGen,LibGen.gl,PROTECTED,200,1469,,Cloudflare
2026-09-04T13:07:22.657085+00:00,LibGen,LibGen.gl,PROTECTED,200,5319,,Cloudflare
2026-09-04T13:08:19.524407+00:00,LibGen,LibGen.gl,PROTECTED,200,963,,Cloudflare
2026-09-04T13:09:19.208130+00:00,LibGen,LibGen.gl,PROTECTED,200,1191,,Cloudflare
2026-09-04T13:10:20.586364+00:00,LibGen,LibGen.gl,PROTECTED,200,907,,Cloudflare
2026-09-04T13:11:22.366735+00:00,LibGen,LibGen.gl,PROTECTED,200,2463,,Cloudflare
2026-09-04T13:12:21.787957+00:00,LibGen,LibGen.gl,PROTECTED,200,1487,,Cloudflare
2026-09-04T13:13:21.469517+00:00,LibGen,LibGen.gl,PROTECTED,200,1022,,Cloudflare
2026-09-04T13:14:21.362759+00:00,LibGen,LibGen.gl,PROTECTED,200,1249,,Cloudflare
2026-09-04T13:15:21.070439+00:00,LibGen,LibGen.gl,PROTECTED,200,727,,Cloudflare
2026-09-04T13:16:22.004778+00:00,LibGen,LibGen.gl,PROTECTED,200,693,,Cloudflare
2026-09-04T13:17:23.426741+00:00,LibGen,LibGen.gl,PROTECTED,200,1208,,Cloudflare
2026-09-04T13:18:24.362589+00:00,LibGen,LibGen.gl,PROTECTED,200,2354,,Cloudflare
2026-09-04T13:19:24.819028+00:00,LibGen,LibGen.gl,PROTECTED,200,2142,,Cloudflare
2026-09-04T13:20:24.251874+00:00,LibGen,LibGen.gl,PROTECTED,200,1234,,Cloudflare
2026-09-04T13:21:25.008061+00:00,LibGen,LibGen.gl,PROTECTED,200,1247,,Cloudflare
2026-09-04T13:22:26.080972+00:00,LibGen,LibGen.gl,PROTECTED,200,1955,,Cloudflare
2026-09-04T13:23:25.180645+00:00,LibGen,LibGen.gl,PROTECTED,200,1462,,Cloudflare
2026-09-04T13:24:25.390706+00:00,LibGen,LibGen.gl,PROTECTED,200,1678,,Cloudflare
2026-09-04T13:25:25.432762+00:00,LibGen,LibGen.gl,PROTECTED,200,1263,,Cloudflare
2026-09-04T13:26:26.704245+00:00,LibGen,LibGen.gl,PROTECTED,200,2176,,Cloudflare
2026-09-04T13:27:27.334306+00:00,LibGen,LibGen.gl,PROTECTED,200,1609,,Cloudflare
2026-09-04T13:28:26.908763+00:00,LibGen,LibGen.gl,PROTECTED,200,1184,,Cloudflare
2026-09-04T13:29:27.710154+00:00,LibGen,LibGen.gl,PROTECTED,200,1438,,Cloudflare
2026-09-04T13:30:27.431827+00:00,LibGen,LibGen.gl,PROTECTED,200,848,,Cloudflare
2026-09-04T13:31:27.726328+00:00,LibGen,LibGen.gl,PROTECTED,200,869,,Cloudflare
2026-09-04T13:32:27.807715+00:00,LibGen,LibGen.gl,PROTECTED,200,813,,Cloudflare
2026-09-04T13:33:29.928831+00:00,LibGen,LibGen.gl,PROTECTED,200,2549,,Cloudflare
2026-09-04T13:34:28.497645+00:00,LibGen,LibGen.gl,PROTECTED,200,761,,Cloudflare
2026-09-04T13:35:33.500608+00:00,LibGen,LibGen.gl,PROTECTED,200,4514,,Cloudflare
2026-09-04T13:36:33.555141+00:00,LibGen,LibGen.gl,PROTECTED,200,4975,,Cloudflare
2026-09-04T13:37:31.963761+00:00,LibGen,LibGen.gl,PROTECTED,200,3075,,Cloudflare
2026-09-04T13:38:32.670369+00:00,LibGen,LibGen.gl,PROTECTED,200,3987,,Cloudflare
2026-09-04T13:39:31.220222+00:00,LibGen,LibGen.gl,PROTECTED,200,1163,,Cloudflare
2026-09-04T13:40:32.320173+00:00,LibGen,LibGen.gl,PROTECTED,200,2384,,Cloudflare
2026-09-04T13:41:31.664645+00:00,LibGen,LibGen.gl,PROTECTED,200,1725,,Cloudflare
2026-09-04T13:42:32.046645+00:00,LibGen,LibGen.gl,PROTECTED,200,1788,,Cloudflare
2026-09-04T13:43:33.106822+00:00,LibGen,LibGen.gl,PROTECTED,200,2090,,Cloudflare
2026-09-04T13:44:31.988139+00:00,LibGen,LibGen.gl,PROTECTED,200,1332,,Cloudflare
2026-09-04T13:45:34.208183+00:00,LibGen,LibGen.gl,PROTECTED,200,3358,,Cloudflare
2026-09-04T13:46:32.805718+00:00,LibGen,LibGen.gl,PROTECTED,200,1694,,Cloudflare
2026-09-04T13:47:35.600565+00:00,LibGen,LibGen.gl,PROTECTED,200,3470,,Cloudflare
2026-09-04T13:48:33.569185+00:00,LibGen,LibGen.gl,PROTECTED,200,1302,,Cloudflare
2026-09-04T13:49:33.565892+00:00,LibGen,LibGen.gl,PROTECTED,200,678,,Cloudflare
2026-09-04T13:50:34.168708+00:00,LibGen,LibGen.gl,PROTECTED,200,1136,,Cloudflare
2026-09-04T13:51:34.101641+00:00,LibGen,LibGen.gl,PROTECTED,200,1280,,Cloudflare
2026-09-04T13:52:36.701757+00:00,LibGen,LibGen.gl,PROTECTED,200,2612,,Cloudflare
2026-09-04T13:53:35.963628+00:00,LibGen,LibGen.gl,PROTECTED,200,1465,,Cloudflare
2026-09-04T13:54:36.125781+00:00,LibGen,LibGen.gl,PROTECTED,200,2029,,Cloudflare
2026-09-04T13:55:38.005066+00:00,LibGen,LibGen.gl,PROTECTED,200,3332,,Cloudflare
2026-09-04T13:56:36.362732+00:00,LibGen,LibGen.gl,PROTECTED,200,1236,,Cloudflare
2026-09-04T13:57:36.723695+00:00,LibGen,LibGen.gl,PROTECTED,200,1493,,Cloudflare
2026-09-04T13:58:37.950342+00:00,LibGen,LibGen.gl,PROTECTED,200,1354,,Cloudflare
2026-09-04T13:59:37.924937+00:00,LibGen,LibGen.gl,PROTECTED,200,1474,,Cloudflare
2026-09-04T14:00:38.093852+00:00,LibGen,LibGen.gl,PROTECTED,200,1218,,Cloudflare
2026-09-04T14:01:39.575789+00:00,LibGen,LibGen.gl,PROTECTED,200,1925,,Cloudflare
2026-09-04T14:02:39.493380+00:00,LibGen,LibGen.gl,PROTECTED,200,1656,,Cloudflare
2026-09-04T14:03:38.940850+00:00,LibGen,LibGen.gl,PROTECTED,200,800,,Cloudflare
2026-09-04T14:04:40.319015+00:00,LibGen,LibGen.gl,PROTECTED,200,1147,,Cloudflare
2026-09-04T14:05:40.154237+00:00,LibGen,LibGen.gl,PROTECTED,200,1452,,Cloudflare
2026-09-04T14:06:42.817106+00:00,LibGen,LibGen.gl,PROTECTED,200,4182,,Cloudflare
2026-09-04T14:07:42.182058+00:00,LibGen,LibGen.gl,PROTECTED,200,1617,,Cloudflare
2026-09-04T14:08:42.491154+00:00,LibGen,LibGen.gl,PROTECTED,200,2794,,Cloudflare
2026-09-04T14:09:41.459061+00:00,LibGen,LibGen.gl,PROTECTED,200,1792,,Cloudflare
2026-09-04T14:10:41.202382+00:00,LibGen,LibGen.gl,PROTECTED,200,777,,Cloudflare
2026-09-04T14:11:45.338902+00:00,LibGen,LibGen.gl,PROTECTED,200,4665,,Cloudflare
2026-09-04T14:12:42.542787+00:00,LibGen,LibGen.gl,PROTECTED,200,1852,,Cloudflare
2026-09-04T14:13:43.731732+00:00,LibGen,LibGen.gl,PROTECTED,200,2038,,Cloudflare
2026-09-04T14:14:43.178099+00:00,LibGen,LibGen.gl,PROTECTED,200,720,,Cloudflare
2026-09-04T14:15:43.919079+00:00,LibGen,LibGen.gl,PROTECTED,200,1138,,Cloudflare
2026-09-04T14:16:43.482878+00:00,LibGen,LibGen.gl,PROTECTED,200,712,,Cloudflare
2026-09-04T14:17:43.904139+00:00,LibGen,LibGen.gl,PROTECTED,200,1093,,Cloudflare
2026-09-04T14:18:44.786797+00:00,LibGen,LibGen.gl,PROTECTED,200,1697,,Cloudflare
2026-09-04T14:19:44.688539+00:00,LibGen,LibGen.gl,PROTECTED,200,962,,Cloudflare
2026-09-04T14:20:45.097544+00:00,LibGen,LibGen.gl,PROTECTED,200,1487,,Cloudflare
2026-09-04T14:21:47.075529+00:00,LibGen,LibGen.gl,PROTECTED,200,1595,,Cloudflare
2026-09-04T14:22:46.749208+00:00,LibGen,LibGen.gl,PROTECTED,200,1864,,Cloudflare
2026-09-04T14:23:49.908853+00:00,LibGen,LibGen.gl,PROTECTED,200,1031,,Cloudflare
2026-09-04T14:24:46.203873+00:00,LibGen,LibGen.gl,PROTECTED,200,932,,Cloudflare
2026-09-04T14:25:47.699961+00:00,LibGen,LibGen.gl,PROTECTED,200,1897,,Cloudflare
2026-09-04T14:26:47.276011+00:00,LibGen,LibGen.gl,PROTECTED,200,742,,Cloudflare
2026-09-04T14:27:47.676672+00:00,LibGen,LibGen.gl,PROTECTED,200,1070,,Cloudflare
2026-09-04T14:28:49.572043+00:00,LibGen,LibGen.gl,PROTECTED,200,3083,,Cloudflare
2026-09-04T14:29:54.025253+00:00,LibGen,LibGen.gl,PROTECTED,200,4866,,Cloudflare
2026-09-04T14:30:48.292604+00:00,LibGen,LibGen.gl,PROTECTED,200,1532,,Cloudflare
2026-09-04T14:31:49.616126+00:00,LibGen,LibGen.gl,PROTECTED,200,2110,,Cloudflare
2026-09-04T14:32:49.693063+00:00,LibGen,LibGen.gl,PROTECTED,200,913,,Cloudflare
2026-09-04T14:33:51.385699+00:00,LibGen,LibGen.gl,PROTECTED,200,2356,,Cloudflare
2026-09-04T14:34:51.903988+00:00,LibGen,LibGen.gl,PROTECTED,200,1428,,Cloudflare
2026-09-04T14:35:51.447172+00:00,LibGen,LibGen.gl,PROTECTED,200,1105,,Cloudflare
2026-09-04T14:36:51.849399+00:00,LibGen,LibGen.gl,PROTECTED,200,1930,,Cloudflare
2026-09-04T14:37:53.315780+00:00,LibGen,LibGen.gl,PROTECTED,200,731,,Cloudflare
2026-09-04T14:38:53.344677+00:00,LibGen,LibGen.gl,PROTECTED,200,1970,,Cloudflare
2026-09-04T14:39:51.804179+00:00,LibGen,LibGen.gl,PROTECTED,200,886,,Cloudflare
2026-09-04T14:40:52.734143+00:00,LibGen,LibGen.gl,PROTECTED,200,1034,,Cloudflare
2026-09-04T14:41:55.440596+00:00,LibGen,LibGen.gl,PROTECTED,200,768,,Cloudflare
2026-09-04T14:42:53.858641+00:00,LibGen,LibGen.gl,PROTECTED,200,2247,,Cloudflare
2026-09-04T14:43:54.394357+00:00,LibGen,LibGen.gl,PROTECTED,200,1031,,Cloudflare
2026-09-04T14:44:56.067074+00:00,LibGen,LibGen.gl,PROTECTED,200,2540,,Cloudflare
2026-09-04T14:45:55.140801+00:00,LibGen,LibGen.gl,PROTECTED,200,1492,,Cloudflare
2026-09-04T14:46:55.634511+00:00,LibGen,LibGen.gl,PROTECTED,200,880,,Cloudflare
2026-09-04T14:47:55.601884+00:00,LibGen,LibGen.gl,PROTECTED,200,1423,,Cloudflare
2026-09-04T14:48:57.380260+00:00,LibGen,LibGen.gl,PROTECTED,200,2266,,Cloudflare
2026-09-04T14:49:57.683839+00:00,LibGen,LibGen.gl,PROTECTED,200,1870,,Cloudflare
2026-09-04T14:50:58.502156+00:00,LibGen,LibGen.gl,PROTECTED,200,1508,,Cloudflare
2026-09-04T14:52:00.505681+00:00,LibGen,LibGen.gl,PROTECTED,200,1664,,Cloudflare
2026-09-04T14:53:00.107871+00:00,LibGen,LibGen.gl,PROTECTED,200,2654,,Cloudflare
2026-09-04T14:54:00.574149+00:00,LibGen,LibGen.gl,PROTECTED,200,2820,,Cloudflare
2026-09-04T14:54:59.232716+00:00,LibGen,LibGen.gl,PROTECTED,200,1019,,Cloudflare
2026-09-04T14:56:00.817777+00:00,LibGen,LibGen.gl,PROTECTED,200,2087,,Cloudflare
2026-09-04T14:57:03.275014+00:00,LibGen,LibGen.gl,PROTECTED,200,5092,,Cloudflare
2026-09-04T14:58:00.218494+00:00,LibGen,LibGen.gl,PROTECTED,200,1801,,Cloudflare
2026-09-04T14:59:01.160671+00:00,LibGen,LibGen.gl,PROTECTED,200,1308,,Cloudflare
2026-09-04T15:00:02.907774+00:00,LibGen,LibGen.gl,PROTECTED,200,2727,,Cloudflare
2026-09-04T15:01:01.696627+00:00,LibGen,LibGen.gl,PROTECTED,200,767,,Cloudflare
2026-09-04T15:02:03.281661+00:00,LibGen,LibGen.gl,PROTECTED,200,1245,,Cloudflare
2026-09-04T15:03:10.246521+00:00,LibGen,LibGen.gl,PROTECTED,200,8400,,Cloudflare
2026-09-04T15:04:22.170955+00:00,LibGen,LibGen.gl,TIMEOUT,,,timeout,
2026-09-04T15:05:04.607210+00:00,LibGen,LibGen.gl,PROTECTED,200,2181,,Cloudflare
2026-09-04T15:06:05.174545+00:00,LibGen,LibGen.gl,PROTECTED,200,1836,,Cloudflare
2026-09-04T15:07:03.967195+00:00,LibGen,LibGen.gl,PROTECTED,200,708,,Cloudflare
2026-09-04T15:08:04.918571+00:00,LibGen,LibGen.gl,PROTECTED,200,1440,,Cloudflare
2026-09-04T15:09:05.260992+00:00,LibGen,LibGen.gl,PROTECTED,200,1105,,Cloudflare
2026-09-04T15:10:05.458929+00:00,LibGen,LibGen.gl,PROTECTED,200,708,,Cloudflare
2026-09-04T15:11:07.384884+00:00,LibGen,LibGen.gl,PROTECTED,200,972,,Cloudflare
2026-09-04T15:12:07.655594+00:00,LibGen,LibGen.gl,PROTECTED,200,2052,,Cloudflare
2026-09-04T15:13:07.292945+00:00,LibGen,LibGen.gl,PROTECTED,200,1589,,Cloudflare
2026-09-04T15:14:06.742497+00:00,LibGen,LibGen.gl,PROTECTED,200,673,,Cloudflare
2026-09-04T15:15:10.570718+00:00,LibGen,LibGen.gl,PROTECTED,200,3709,,Cloudflare
2026-09-04T15:16:09.977862+00:00,LibGen,LibGen.gl,PROTECTED,200,3350,,Cloudflare
2026-09-04T15:17:07.501552+00:00,LibGen,LibGen.gl,PROTECTED,200,1236,,Cloudflare
2026-09-04T15:18:07.360927+00:00,LibGen,LibGen.gl,PROTECTED,200,745,,Cloudflare
2026-09-04T15:19:07.718902+00:00,LibGen,LibGen.gl,PROTECTED,200,732,,Cloudflare
2026-09-04T15:20:09.544165+00:00,LibGen,LibGen.gl,PROTECTED,200,1965,,Cloudflare
2026-09-04T15:21:09.006670+00:00,LibGen,LibGen.gl,PROTECTED,200,700,,Cloudflare
2026-09-04T15:22:09.543146+00:00,LibGen,LibGen.gl,PROTECTED,200,674,,Cloudflare
2026-09-04T15:23:09.250517+00:00,LibGen,LibGen.gl,PROTECTED,200,927,,Cloudflare
2026-09-04T15:24:10.034769+00:00,LibGen,LibGen.gl,PROTECTED,200,1758,,Cloudflare
2026-09-04T15:25:10.891065+00:00,LibGen,LibGen.gl,PROTECTED,200,2048,,Cloudflare
2026-09-04T15:26:10.002546+00:00,LibGen,LibGen.gl,PROTECTED,200,1013,,Cloudflare
2026-09-04T15:27:10.594896+00:00,LibGen,LibGen.gl,PROTECTED,200,1401,,Cloudflare
2026-09-04T15:28:10.151863+00:00,LibGen,LibGen.gl,PROTECTED,200,1070,,Cloudflare
2026-09-04T15:29:12.387156+00:00,LibGen,LibGen.gl,PROTECTED,200,2976,,Cloudflare
2026-09-04T15:30:10.722343+00:00,LibGen,LibGen.gl,PROTECTED,200,929,,Cloudflare
2026-09-04T15:31:12.588520+00:00,LibGen,LibGen.gl,PROTECTED,200,1836,,Cloudflare
2026-09-04T15:32:12.359546+00:00,LibGen,LibGen.gl,PROTECTED,200,1338,,Cloudflare
2026-09-04T15:33:14.522020+00:00,LibGen,LibGen.gl,PROTECTED,200,1046,,Cloudflare
2026-09-04T15:34:12.917319+00:00,LibGen,LibGen.gl,PROTECTED,200,1323,,Cloudflare
2026-09-04T15:35:14.927483+00:00,LibGen,LibGen.gl,PROTECTED,200,2923,,Cloudflare
2026-09-04T15:36:14.725469+00:00,LibGen,LibGen.gl,PROTECTED,200,2951,,Cloudflare
2026-09-04T15:37:13.835167+00:00,LibGen,LibGen.gl,PROTECTED,200,736,,Cloudflare
2026-09-04T15:38:14.989240+00:00,LibGen,LibGen.gl,PROTECTED,200,2649,,Cloudflare
2026-09-04T15:39:13.346697+00:00,LibGen,LibGen.gl,PROTECTED,200,774,,Cloudflare
2026-09-04T15:40:13.856602+00:00,LibGen,LibGen.gl,PROTECTED,200,1187,,Cloudflare
2026-09-04T15:41:14.816713+00:00,LibGen,LibGen.gl,PROTECTED,200,1444,,Cloudflare
2026-09-04T15:42:14.370668+00:00,LibGen,LibGen.gl,PROTECTED,200,719,,Cloudflare
2026-09-04T15:43:15.260803+00:00,LibGen,LibGen.gl,PROTECTED,200,1504,,Cloudflare
2026-09-04T15:44:16.284444+00:00,LibGen,LibGen.gl,PROTECTED,200,1306,,Cloudflare
2026-09-04T15:45:15.573617+00:00,LibGen,LibGen.gl,PROTECTED,200,1152,,Cloudflare
2026-09-04T15:46:16.444883+00:00,LibGen,LibGen.gl,PROTECTED,200,838,,Cloudflare
2026-09-04T15:47:17.909759+00:00,LibGen,LibGen.gl,PROTECTED,200,1609,,Cloudflare
2026-09-04T15:48:18.332871+00:00,LibGen,LibGen.gl,PROTECTED,200,2738,,Cloudflare
2026-09-04T15:49:18.198082+00:00,LibGen,LibGen.gl,PROTECTED,200,1470,,Cloudflare
2026-09-04T15:50:18.413807+00:00,LibGen,LibGen.gl,PROTECTED,200,1285,,Cloudflare
2026-09-04T15:51:17.980834+00:00,LibGen,LibGen.gl,PROTECTED,200,730,,Cloudflare
2026-09-04T15:52:19.903086+00:00,LibGen,LibGen.gl,PROTECTED,200,1654,,Cloudflare
2026-09-04T15:53:19.138386+00:00,LibGen,LibGen.gl,PROTECTED,200,725,,Cloudflare
2026-09-04T15:54:19.298676+00:00,LibGen,LibGen.gl,PROTECTED,200,752,,Cloudflare
2026-09-04T15:55:21.784144+00:00,LibGen,LibGen.gl,PROTECTED,200,2180,,Cloudflare
2026-09-04T15:56:20.310652+00:00,LibGen,LibGen.gl,PROTECTED,200,953,,Cloudflare
2026-09-04T15:57:21.413577+00:00,LibGen,LibGen.gl,PROTECTED,200,1164,,Cloudflare
2026-09-04T15:58:22.896970+00:00,LibGen,LibGen.gl,PROTECTED,200,1684,,Cloudflare
2026-09-04T15:59:27.927877+00:00,LibGen,LibGen.gl,PROTECTED,200,5958,,Cloudflare
2026-09-04T16:00:25.153665+00:00,LibGen,LibGen.gl,PROTECTED,200,2288,,Cloudflare
2026-09-04T16:01:24.984248+00:00,LibGen,LibGen.gl,PROTECTED,200,967,,Cloudflare
2026-09-04T16:02:26.708156+00:00,LibGen,LibGen.gl,PROTECTED,200,705,,Cloudflare
2026-09-04T16:03:25.342398+00:00,LibGen,LibGen.gl,PROTECTED,200,716,,Cloudflare
2026-09-04T16:04:28.356525+00:00,LibGen,LibGen.gl,PROTECTED,200,2011,,Cloudflare
2026-09-04T16:05:26.536535+00:00,LibGen,LibGen.gl,PROTECTED,200,1790,,Cloudflare
2026-09-04T16:06:27.045065+00:00,LibGen,LibGen.gl,PROTECTED,200,1623,,Cloudflare
2026-09-04T16:07:27.643712+00:00,LibGen,LibGen.gl,PROTECTED,200,1844,,Cloudflare
2026-09-04T16:08:27.908850+00:00,LibGen,LibGen.gl,PROTECTED,200,1090,,Cloudflare
2026-09-04T16:09:27.499691+00:00,LibGen,LibGen.gl,PROTECTED,200,735,,Cloudflare
2026-09-04T16:10:29.676121+00:00,LibGen,LibGen.gl,PROTECTED,200,1745,,Cloudflare
2026-09-04T16:11:29.064017+00:00,LibGen,LibGen.gl,PROTECTED,200,1788,,Cloudflare
2026-09-04T16:12:29.276877+00:00,LibGen,LibGen.gl,PROTECTED,200,1700,,Cloudflare
2026-09-04T16:13:29.621095+00:00,LibGen,LibGen.gl,PROTECTED,200,689,,Cloudflare
2026-09-04T16:14:30.022946+00:00,LibGen,LibGen.gl,PROTECTED,200,1000,,Cloudflare
2026-09-04T16:15:30.596695+00:00,LibGen,LibGen.gl,PROTECTED,200,1132,,Cloudflare
2026-09-04T16:16:31.176119+00:00,LibGen,LibGen.gl,PROTECTED,200,1171,,Cloudflare
2026-09-04T16:17:32.222606+00:00,LibGen,LibGen.gl,PROTECTED,200,841,,Cloudflare
2026-09-04T16:18:33.386766+00:00,LibGen,LibGen.gl,PROTECTED,200,1478,,Cloudflare
2026-09-04T16:19:32.561353+00:00,LibGen,LibGen.gl,PROTECTED,200,737,,Cloudflare
2026-09-04T16:20:33.253835+00:00,LibGen,LibGen.gl,PROTECTED,200,1084,,Cloudflare
2026-09-04T16:21:33.284268+00:00,LibGen,LibGen.gl,PROTECTED,200,1012,,Cloudflare
2026-09-04T16:22:34.664707+00:00,LibGen,LibGen.gl,PROTECTED,200,1209,,Cloudflare
2026-09-04T16:23:34.342691+00:00,LibGen,LibGen.gl,PROTECTED,200,912,,Cloudflare
2026-09-04T16:24:34.734822+00:00,LibGen,LibGen.gl,PROTECTED,200,1410,,Cloudflare
2026-09-04T16:25:35.799038+00:00,LibGen,LibGen.gl,PROTECTED,200,1184,,Cloudflare
2026-09-04T16:26:36.582698+00:00,LibGen,LibGen.gl,PROTECTED,200,2412,,Cloudflare
2026-09-04T16:27:35.686613+00:00,LibGen,LibGen.gl,PROTECTED,200,938,,Cloudflare
2026-09-04T16:28:37.072846+00:00,LibGen,LibGen.gl,PROTECTED,200,1737,,Cloudflare
2026-09-04T16:29:37.928783+00:00,LibGen,LibGen.gl,PROTECTED,200,1903,,Cloudflare
2026-09-04T16:30:37.934105+00:00,LibGen,LibGen.gl,PROTECTED,200,1533,,Cloudflare
2026-09-04T16:31:40.883521+00:00,LibGen,LibGen.gl,PROTECTED,200,3568,,Cloudflare
2026-09-04T16:32:38.494550+00:00,LibGen,LibGen.gl,PROTECTED,200,955,,Cloudflare
2026-09-04T16:33:39.864037+00:00,LibGen,LibGen.gl,PROTECTED,200,1161,,Cloudflare
2026-09-04T16:34:40.046752+00:00,LibGen,LibGen.gl,PROTECTED,200,1760,,Cloudflare
2026-09-04T16:35:40.445905+00:00,LibGen,LibGen.gl,PROTECTED,200,736,,Cloudflare
2026-09-04T16:36:41.724033+00:00,LibGen,LibGen.gl,PROTECTED,200,2022,,Cloudflare
2026-09-04T16:37:42.276517+00:00,LibGen,LibGen.gl,PROTECTED,200,1806,,Cloudflare
2026-09-04T16:38:41.001162+00:00,LibGen,LibGen.gl,PROTECTED,200,1094,,Cloudflare
2026-09-04T16:39:41.185751+00:00,LibGen,LibGen.gl,PROTECTED,200,938,,Cloudflare
2026-09-04T16:40:41.235721+00:00,LibGen,LibGen.gl,PROTECTED,200,770,,Cloudflare
2026-09-04T16:41:41.265748+00:00,LibGen,LibGen.gl,PROTECTED,200,719,,Cloudflare
2026-09-04T16:43:04.112942+00:00,LibGen,LibGen.gl,DOWN,,,connection_refused,
2026-09-04T16:43:44.393006+00:00,LibGen,LibGen.gl,PROTECTED,200,2118,,Cloudflare
2026-09-04T16:44:43.737118+00:00,LibGen,LibGen.gl,PROTECTED,200,1150,,Cloudflare
2026-09-04T16:45:44.310810+00:00,LibGen,LibGen.gl,PROTECTED,200,1518,,Cloudflare
2026-09-04T16:46:45.046197+00:00,LibGen,LibGen.gl,PROTECTED,200,1534,,Cloudflare
2026-09-04T16:47:45.132422+00:00,LibGen,LibGen.gl,PROTECTED,200,1215,,Cloudflare
2026-09-04T16:48:46.030702+00:00,LibGen,LibGen.gl,PROTECTED,200,1018,,Cloudflare
2026-09-04T16:49:45.831132+00:00,LibGen,LibGen.gl,PROTECTED,200,778,,Cloudflare
2026-09-04T16:50:46.990056+00:00,LibGen,LibGen.gl,PROTECTED,200,1844,,Cloudflare
2026-09-04T16:51:48.879035+00:00,LibGen,LibGen.gl,PROTECTED,200,2086,,Cloudflare
2026-09-04T16:52:48.780039+00:00,LibGen,LibGen.gl,PROTECTED,200,2899,,Cloudflare
2026-09-04T16:53:49.365704+00:00,LibGen,LibGen.gl,PROTECTED,200,2534,,Cloudflare
2026-09-04T16:54:48.744440+00:00,LibGen,LibGen.gl,PROTECTED,200,1438,,Cloudflare
2026-09-04T16:55:47.758508+00:00,LibGen,LibGen.gl,PROTECTED,200,1121,,Cloudflare
2026-09-04T16:56:48.374012+00:00,LibGen,LibGen.gl,PROTECTED,200,1178,,Cloudflare
2026-09-04T16:57:48.831234+00:00,LibGen,LibGen.gl,PROTECTED,200,1620,,Cloudflare
2026-09-04T16:58:51.405996+00:00,LibGen,LibGen.gl,PROTECTED,200,3162,,Cloudflare
2026-09-04T16:59:48.942592+00:00,LibGen,LibGen.gl,PROTECTED,200,1247,,Cloudflare
2026-09-04T17:00:49.866388+00:00,LibGen,LibGen.gl,PROTECTED,200,1122,,Cloudflare
2026-09-04T17:01:49.929537+00:00,LibGen,LibGen.gl,PROTECTED,200,1469,,Cloudflare
2026-09-04T17:02:49.718726+00:00,LibGen,LibGen.gl,PROTECTED,200,896,,Cloudflare
2026-09-04T17:03:50.477109+00:00,LibGen,LibGen.gl,PROTECTED,200,1460,,Cloudflare
2026-09-04T17:04:51.297142+00:00,LibGen,LibGen.gl,PROTECTED,200,1691,,Cloudflare
2026-09-04T17:05:51.476218+00:00,LibGen,LibGen.gl,PROTECTED,200,1506,,Cloudflare
2026-09-04T17:06:51.328510+00:00,LibGen,LibGen.gl,PROTECTED,200,1212,,Cloudflare
2026-09-04T17:07:52.287135+00:00,LibGen,LibGen.gl,PROTECTED,200,711,,Cloudflare
2026-09-04T17:08:51.868619+00:00,LibGen,LibGen.gl,PROTECTED,200,790,,Cloudflare
2026-09-04T17:09:53.091040+00:00,LibGen,LibGen.gl,PROTECTED,200,2169,,Cloudflare
2026-09-04T17:10:54.114589+00:00,LibGen,LibGen.gl,PROTECTED,200,2253,,Cloudflare
2026-09-04T17:11:53.659564+00:00,LibGen,LibGen.gl,PROTECTED,200,1136,,Cloudflare
2026-09-04T17:12:54.449684+00:00,LibGen,LibGen.gl,PROTECTED,200,1125,,Cloudflare
2026-09-04T17:13:54.273141+00:00,LibGen,LibGen.gl,PROTECTED,200,754,,Cloudflare
2026-09-04T17:14:53.840631+00:00,LibGen,LibGen.gl,PROTECTED,200,854,,Cloudflare
2026-09-04T17:15:54.192088+00:00,LibGen,LibGen.gl,PROTECTED,200,1102,,Cloudflare
2026-09-04T17:16:54.633478+00:00,LibGen,LibGen.gl,PROTECTED,200,935,,Cloudflare
2026-09-04T17:17:54.755156+00:00,LibGen,LibGen.gl,PROTECTED,200,747,,Cloudflare
2026-09-04T17:18:56.193094+00:00,LibGen,LibGen.gl,PROTECTED,200,1063,,Cloudflare
2026-09-04T17:19:56.688689+00:00,LibGen,LibGen.gl,PROTECTED,200,1954,,Cloudflare
2026-09-04T17:20:56.504100+00:00,LibGen,LibGen.gl,PROTECTED,200,1175,,Cloudflare
2026-09-04T17:22:15.892870+00:00,LibGen,LibGen.gl,DOWN,,,connection_refused,
2026-09-04T17:23:04.733530+00:00,LibGen,LibGen.gl,PROTECTED,200,8740,,Cloudflare
2026-09-04T17:23:58.148732+00:00,LibGen,LibGen.gl,PROTECTED,200,2539,,Cloudflare
2026-09-04T17:24:58.338544+00:00,LibGen,LibGen.gl,PROTECTED,200,1239,,Cloudflare
2026-09-04T17:25:59.531759+00:00,LibGen,LibGen.gl,PROTECTED,200,1324,,Cloudflare
2026-09-04T17:26:58.585643+00:00,LibGen,LibGen.gl,PROTECTED,200,752,,Cloudflare
2026-09-04T17:28:00.146066+00:00,LibGen,LibGen.gl,PROTECTED,200,2255,,Cloudflare
2026-09-04T17:29:04.538201+00:00,LibGen,LibGen.gl,PROTECTED,200,1809,,Cloudflare
2026-09-04T17:30:02.212472+00:00,LibGen,LibGen.gl,PROTECTED,200,1578,,Cloudflare
2026-09-04T17:31:03.422408+00:00,LibGen,LibGen.gl,PROTECTED,200,1116,,Cloudflare
2026-09-04T17:32:22.865711+00:00,LibGen,LibGen.gl,DOWN,,,connection_refused,
2026-09-04T17:33:02.400874+00:00,LibGen,LibGen.gl,PROTECTED,200,2178,,Cloudflare
2026-09-04T17:34:02.179829+00:00,LibGen,LibGen.gl,PROTECTED,200,1190,,Cloudflare
2026-09-04T17:35:03.949433+00:00,LibGen,LibGen.gl,PROTECTED,200,1498,,Cloudflare
2026-09-04T17:36:04.119012+00:00,LibGen,LibGen.gl,PROTECTED,200,1538,,Cloudflare
2026-09-04T17:37:03.877628+00:00,LibGen,LibGen.gl,PROTECTED,200,1515,,Cloudflare
2026-09-04T17:38:04.523023+00:00,LibGen,LibGen.gl,PROTECTED,200,731,,Cloudflare
2026-09-04T17:39:05.726218+00:00,LibGen,LibGen.gl,PROTECTED,200,2115,,Cloudflare
2026-09-04T17:40:05.661504+00:00,LibGen,LibGen.gl,PROTECTED,200,724,,Cloudflare
2026-09-04T17:41:06.774236+00:00,LibGen,LibGen.gl,PROTECTED,200,1959,,Cloudflare
2026-09-04T17:42:05.658743+00:00,LibGen,LibGen.gl,PROTECTED,200,993,,Cloudflare
2026-09-04T17:43:08.034123+00:00,LibGen,LibGen.gl,PROTECTED,200,1451,,Cloudflare
2026-09-04T17:44:06.855746+00:00,LibGen,LibGen.gl,PROTECTED,200,1177,,Cloudflare
2026-09-04T17:45:07.151891+00:00,LibGen,LibGen.gl,PROTECTED,200,1267,,Cloudflare
2026-09-04T17:46:07.921259+00:00,LibGen,LibGen.gl,PROTECTED,200,1720,,Cloudflare
2026-09-04T17:47:08.635702+00:00,LibGen,LibGen.gl,PROTECTED,200,1646,,Cloudflare
2026-09-04T17:48:10.187269+00:00,LibGen,LibGen.gl,PROTECTED,200,2019,,Cloudflare
2026-09-04T17:49:08.925582+00:00,LibGen,LibGen.gl,PROTECTED,200,1478,,Cloudflare
2026-09-04T17:50:09.880831+00:00,LibGen,LibGen.gl,PROTECTED,200,1400,,Cloudflare
2026-09-04T17:51:11.106854+00:00,LibGen,LibGen.gl,PROTECTED,200,1166,,Cloudflare
2026-09-04T17:52:13.549048+00:00,LibGen,LibGen.gl,PROTECTED,200,4754,,Cloudflare
2026-09-04T17:53:11.573174+00:00,LibGen,LibGen.gl,PROTECTED,200,2079,,Cloudflare
2026-09-04T17:54:12.321633+00:00,LibGen,LibGen.gl,PROTECTED,200,1175,,Cloudflare
2026-09-04T17:55:13.078839+00:00,LibGen,LibGen.gl,PROTECTED,200,2968,,Cloudflare
2026-09-04T17:56:14.003644+00:00,LibGen,LibGen.gl,PROTECTED,200,3872,,Cloudflare
2026-09-04T17:57:14.595166+00:00,LibGen,LibGen.gl,PROTECTED,200,3515,,Cloudflare
2026-09-04T17:58:14.924802+00:00,LibGen,LibGen.gl,PROTECTED,200,4001,,Cloudflare
2026-09-04T17:59:14.036176+00:00,LibGen,LibGen.gl,PROTECTED,200,1591,,Cloudflare
2026-09-04T18:00:13.771250+00:00,LibGen,LibGen.gl,PROTECTED,200,2361,,Cloudflare
2026-09-04T18:01:15.144903+00:00,LibGen,LibGen.gl,PROTECTED,200,1065,,Cloudflare
2026-09-04T18:02:14.249730+00:00,LibGen,LibGen.gl,PROTECTED,200,1555,,Cloudflare
2026-09-04T18:03:16.338097+00:00,LibGen,LibGen.gl,PROTECTED,200,2673,,Cloudflare
2026-09-04T18:04:16.137757+00:00,LibGen,LibGen.gl,PROTECTED,200,2030,,Cloudflare
2026-09-04T18:05:16.753604+00:00,LibGen,LibGen.gl,PROTECTED,200,1260,,Cloudflare
2026-09-04T18:06:15.304003+00:00,LibGen,LibGen.gl,PROTECTED,200,1149,,Cloudflare
2026-09-04T18:07:17.993088+00:00,LibGen,LibGen.gl,PROTECTED,200,2351,,Cloudflare
2026-09-04T18:08:20.947229+00:00,LibGen,LibGen.gl,PROTECTED,200,4975,,Cloudflare
2026-09-04T18:09:16.773619+00:00,LibGen,LibGen.gl,PROTECTED,200,797,,Cloudflare
2026-09-04T18:10:16.655803+00:00,LibGen,LibGen.gl,PROTECTED,200,1462,,Cloudflare
2026-09-04T18:11:18.923947+00:00,LibGen,LibGen.gl,PROTECTED,200,1173,,Cloudflare
2026-09-04T18:12:17.850196+00:00,LibGen,LibGen.gl,PROTECTED,200,908,,Cloudflare
2026-09-04T18:13:18.151688+00:00,LibGen,LibGen.gl,PROTECTED,200,1031,,Cloudflare
2026-09-04T18:14:19.584871+00:00,LibGen,LibGen.gl,PROTECTED,200,1930,,Cloudflare
2026-09-04T18:15:24.077988+00:00,LibGen,LibGen.gl,PROTECTED,200,5020,,Cloudflare
2026-09-04T18:16:20.042771+00:00,LibGen,LibGen.gl,PROTECTED,200,1086,,Cloudflare
2026-09-04T18:17:21.191114+00:00,LibGen,LibGen.gl,PROTECTED,200,1249,,Cloudflare
2026-09-04T18:18:24.452939+00:00,LibGen,LibGen.gl,PROTECTED,200,2643,,Cloudflare
2026-09-04T18:19:24.217222+00:00,LibGen,LibGen.gl,PROTECTED,200,1531,,Cloudflare
2026-09-04T18:20:24.659525+00:00,LibGen,LibGen.gl,PROTECTED,200,2039,,Cloudflare
2026-09-04T18:21:24.313461+00:00,LibGen,LibGen.gl,PROTECTED,200,2467,,Cloudflare
2026-09-04T18:22:23.920991+00:00,LibGen,LibGen.gl,PROTECTED,200,2072,,Cloudflare
2026-09-04T18:23:26.411516+00:00,LibGen,LibGen.gl,PROTECTED,200,711,,Cloudflare
2026-09-04T18:24:27.652981+00:00,LibGen,LibGen.gl,PROTECTED,200,1504,,Cloudflare
2026-09-04T18:25:24.755922+00:00,LibGen,LibGen.gl,PROTECTED,200,952,,Cloudflare
2026-09-04T18:26:24.071735+00:00,LibGen,LibGen.gl,PROTECTED,200,717,,Cloudflare
2026-09-04T18:27:24.472154+00:00,LibGen,LibGen.gl,PROTECTED,200,948,,Cloudflare
2026-09-04T18:28:26.353086+00:00,LibGen,LibGen.gl,PROTECTED,200,1514,,Cloudflare
2026-09-04T18:29:26.494318+00:00,LibGen,LibGen.gl,PROTECTED,200,2655,,Cloudflare
2026-09-04T18:30:28.865367+00:00,LibGen,LibGen.gl,PROTECTED,200,3324,,Cloudflare
2026-09-04T18:31:27.212728+00:00,LibGen,LibGen.gl,PROTECTED,200,1105,,Cloudflare
2026-09-04T18:32:26.544422+00:00,LibGen,LibGen.gl,PROTECTED,200,1163,,Cloudflare
2026-09-04T18:33:28.656694+00:00,LibGen,LibGen.gl,PROTECTED,200,3245,,Cloudflare
2026-09-04T18:34:28.073559+00:00,LibGen,LibGen.gl,PROTECTED,200,1546,,Cloudflare
2026-09-04T18:35:28.754029+00:00,LibGen,LibGen.gl,PROTECTED,200,1215,,Cloudflare
2026-09-04T18:36:27.754733+00:00,LibGen,LibGen.gl,PROTECTED,200,730,,Cloudflare
2026-09-04T18:37:28.807897+00:00,LibGen,LibGen.gl,PROTECTED,200,1091,,Cloudflare
2026-09-04T18:38:29.954113+00:00,LibGen,LibGen.gl,PROTECTED,200,694,,Cloudflare
2026-09-04T18:39:30.981638+00:00,LibGen,LibGen.gl,PROTECTED,200,1649,,Cloudflare
2026-09-04T18:40:31.489775+00:00,LibGen,LibGen.gl,PROTECTED,200,1603,,Cloudflare
2026-09-04T18:41:31.935114+00:00,LibGen,LibGen.gl,PROTECTED,200,2118,,Cloudflare
2026-09-04T18:42:32.604519+00:00,LibGen,LibGen.gl,PROTECTED,200,1823,,Cloudflare
2026-09-04T18:43:32.948792+00:00,LibGen,LibGen.gl,PROTECTED,200,1178,,Cloudflare
2026-09-04T18:44:34.581077+00:00,LibGen,LibGen.gl,PROTECTED,200,886,,Cloudflare
2026-09-04T18:45:32.874057+00:00,LibGen,LibGen.gl,PROTECTED,200,1503,,Cloudflare
2026-09-04T18:46:34.335186+00:00,LibGen,LibGen.gl,PROTECTED,200,1506,,Cloudflare
2026-09-04T18:47:34.361642+00:00,LibGen,LibGen.gl,PROTECTED,200,760,,Cloudflare
2026-09-04T18:48:53.798856+00:00,LibGen,LibGen.gl,DOWN,,,connection_refused,
2026-09-04T18:49:35.144543+00:00,LibGen,LibGen.gl,PROTECTED,200,1888,,Cloudflare
2026-09-04T18:50:37.550769+00:00,LibGen,LibGen.gl,PROTECTED,200,2201,,Cloudflare
2026-09-04T18:51:35.360802+00:00,LibGen,LibGen.gl,PROTECTED,200,924,,Cloudflare
2026-09-04T18:52:36.420847+00:00,LibGen,LibGen.gl,PROTECTED,200,1021,,Cloudflare
2026-09-04T18:53:35.786269+00:00,LibGen,LibGen.gl,PROTECTED,200,1025,,Cloudflare
2026-09-04T18:54:37.002887+00:00,LibGen,LibGen.gl,PROTECTED,200,1458,,Cloudflare
2026-09-04T18:55:37.790064+00:00,LibGen,LibGen.gl,PROTECTED,200,1913,,Cloudflare
2026-09-04T18:56:37.530749+00:00,LibGen,LibGen.gl,PROTECTED,200,1047,,Cloudflare
2026-09-04T18:57:38.577510+00:00,LibGen,LibGen.gl,PROTECTED,200,1518,,Cloudflare
2026-09-04T18:58:37.995467+00:00,LibGen,LibGen.gl,PROTECTED,200,1715,,Cloudflare
2026-09-04T18:59:45.077068+00:00,LibGen,LibGen.gl,PROTECTED,200,8540,,Cloudflare
2026-09-04T19:00:43.338767+00:00,LibGen,LibGen.gl,PROTECTED,200,5868,,Cloudflare
2026-09-04T19:01:40.344598+00:00,LibGen,LibGen.gl,PROTECTED,200,1808,,Cloudflare
2026-09-04T19:02:38.969811+00:00,LibGen,LibGen.gl,PROTECTED,200,1502,,Cloudflare
2026-09-04T19:03:43.563160+00:00,LibGen,LibGen.gl,PROTECTED,200,5673,,Cloudflare
2026-09-04T19:04:40.142542+00:00,LibGen,LibGen.gl,PROTECTED,200,1434,,Cloudflare
2026-09-04T19:05:39.828482+00:00,LibGen,LibGen.gl,PROTECTED,200,728,,Cloudflare
2026-09-04T19:06:40.476895+00:00,LibGen,LibGen.gl,PROTECTED,200,1392,,Cloudflare
2026-09-04T19:07:43.395835+00:00,LibGen,LibGen.gl,PROTECTED,200,986,,Cloudflare
2026-09-04T19:08:42.251008+00:00,LibGen,LibGen.gl,PROTECTED,200,2934,,Cloudflare
2026-09-04T19:09:40.412643+00:00,LibGen,LibGen.gl,PROTECTED,200,685,,Cloudflare
2026-09-04T19:10:42.626381+00:00,LibGen,LibGen.gl,PROTECTED,200,2468,,Cloudflare
2026-09-04T19:11:43.947915+00:00,LibGen,LibGen.gl,PROTECTED,200,1782,,Cloudflare
2026-09-04T19:12:42.786559+00:00,LibGen,LibGen.gl,PROTECTED,200,990,,Cloudflare
2026-09-04T19:13:44.046440+00:00,LibGen,LibGen.gl,PROTECTED,200,1739,,Cloudflare
2026-09-04T19:14:44.309525+00:00,LibGen,LibGen.gl,PROTECTED,200,1081,,Cloudflare
2026-09-04T19:15:44.282813+00:00,LibGen,LibGen.gl,PROTECTED,200,1496,,Cloudflare
2026-09-04T19:16:44.425832+00:00,LibGen,LibGen.gl,PROTECTED,200,1201,,Cloudflare
2026-09-04T19:17:44.350924+00:00,LibGen,LibGen.gl,PROTECTED,200,778,,Cloudflare
2026-09-04T19:18:47.092627+00:00,LibGen,LibGen.gl,PROTECTED,200,2359,,Cloudflare
2026-09-04T19:19:45.669084+00:00,LibGen,LibGen.gl,PROTECTED,200,900,,Cloudflare
2026-09-04T19:20:48.335096+00:00,LibGen,LibGen.gl,PROTECTED,200,2749,,Cloudflare
2026-09-04T19:21:46.865907+00:00,LibGen,LibGen.gl,PROTECTED,200,1884,,Cloudflare
2026-09-04T19:22:47.855242+00:00,LibGen,LibGen.gl,PROTECTED,200,2224,,Cloudflare
2026-09-04T19:23:47.210076+00:00,LibGen,LibGen.gl,PROTECTED,200,999,,Cloudflare
2026-09-04T19:24:48.626996+00:00,LibGen,LibGen.gl,PROTECTED,200,2453,,Cloudflare
2026-09-04T19:25:47.331080+00:00,LibGen,LibGen.gl,PROTECTED,200,799,,Cloudflare
2026-09-04T19:26:50.760903+00:00,LibGen,LibGen.gl,PROTECTED,200,3813,,Cloudflare
2026-09-04T19:27:49.061269+00:00,LibGen,LibGen.gl,PROTECTED,200,1609,,Cloudflare
2026-09-04T19:28:49.104429+00:00,LibGen,LibGen.gl,PROTECTED,200,1455,,Cloudflare
2026-09-04T19:29:49.593381+00:00,LibGen,LibGen.gl,PROTECTED,200,1864,,Cloudflare
2026-09-04T19:30:49.704678+00:00,LibGen,LibGen.gl,PROTECTED,200,1108,,Cloudflare
2026-09-04T19:31:50.611491+00:00,LibGen,LibGen.gl,PROTECTED,200,746,,Cloudflare
2026-09-04T19:32:50.322721+00:00,LibGen,LibGen.gl,PROTECTED,200,725,,Cloudflare
2026-09-04T19:33:51.663649+00:00,LibGen,LibGen.gl,PROTECTED,200,962,,Cloudflare
2026-09-04T19:34:51.892786+00:00,LibGen,LibGen.gl,PROTECTED,200,1757,,Cloudflare
2026-09-04T19:35:51.695899+00:00,LibGen,LibGen.gl,PROTECTED,200,683,,Cloudflare
2026-09-04T19:36:52.205586+00:00,LibGen,LibGen.gl,PROTECTED,200,1240,,Cloudflare
2026-09-04T19:37:52.781981+00:00,LibGen,LibGen.gl,PROTECTED,200,1791,,Cloudflare
2026-09-04T19:38:52.638740+00:00,LibGen,LibGen.gl,PROTECTED,200,1414,,Cloudflare
2026-09-04T19:39:53.328868+00:00,LibGen,LibGen.gl,PROTECTED,200,1109,,Cloudflare
2026-09-04T19:40:53.298912+00:00,LibGen,LibGen.gl,PROTECTED,200,1066,,Cloudflare
2026-09-04T19:41:54.661598+00:00,LibGen,LibGen.gl,PROTECTED,200,1167,,Cloudflare
2026-09-04T19:42:53.659764+00:00,LibGen,LibGen.gl,PROTECTED,200,696,,Cloudflare
2026-09-04T19:43:54.886752+00:00,LibGen,LibGen.gl,PROTECTED,200,1695,,Cloudflare
2026-09-04T19:44:54.696379+00:00,LibGen,LibGen.gl,PROTECTED,200,972,,Cloudflare
2026-09-04T19:45:58.673411+00:00,LibGen,LibGen.gl,PROTECTED,200,3742,,Cloudflare
2026-09-04T19:46:55.574537+00:00,LibGen,LibGen.gl,PROTECTED,200,1196,,Cloudflare
2026-09-04T19:47:57.319933+00:00,LibGen,LibGen.gl,PROTECTED,200,1345,,Cloudflare
2026-09-04T19:48:55.430094+00:00,LibGen,LibGen.gl,PROTECTED,200,915,,Cloudflare
2026-09-04T19:49:56.219017+00:00,LibGen,LibGen.gl,PROTECTED,200,767,,Cloudflare
2026-09-04T19:50:58.105556+00:00,LibGen,LibGen.gl,PROTECTED,200,2195,,Cloudflare
2026-09-04T19:51:57.268162+00:00,LibGen,LibGen.gl,PROTECTED,200,1778,,Cloudflare
2026-09-04T19:52:56.636978+00:00,LibGen,LibGen.gl,PROTECTED,200,842,,Cloudflare
2026-09-04T19:53:57.538975+00:00,LibGen,LibGen.gl,PROTECTED,200,1936,,Cloudflare
2026-09-04T19:54:57.005186+00:00,LibGen,LibGen.gl,PROTECTED,200,739,,Cloudflare
2026-09-04T19:55:57.070682+00:00,LibGen,LibGen.gl,PROTECTED,200,700,,Cloudflare
2026-09-04T19:56:58.063095+00:00,LibGen,LibGen.gl,PROTECTED,200,705,,Cloudflare
2026-09-04T19:57:59.810095+00:00,LibGen,LibGen.gl,PROTECTED,200,2227,,Cloudflare
2026-09-04T19:58:59.386249+00:00,LibGen,LibGen.gl,PROTECTED,200,1217,,Cloudflare
2026-09-04T19:59:59.318381+00:00,LibGen,LibGen.gl,PROTECTED,200,1033,,Cloudflare
2026-09-04T20:01:00.823484+00:00,LibGen,LibGen.gl,PROTECTED,200,1716,,Cloudflare
2026-09-04T20:01:59.640392+00:00,LibGen,LibGen.gl,PROTECTED,200,869,,Cloudflare
2026-09-04T20:03:01.091273+00:00,LibGen,LibGen.gl,PROTECTED,200,1923,,Cloudflare
2026-09-04T20:04:03.935874+00:00,LibGen,LibGen.gl,PROTECTED,200,3229,,Cloudflare
2026-09-04T20:05:01.951755+00:00,LibGen,LibGen.gl,PROTECTED,200,1974,,Cloudflare
2026-09-04T20:06:01.954794+00:00,LibGen,LibGen.gl,PROTECTED,200,1527,,Cloudflare
2026-09-04T20:07:02.073889+00:00,LibGen,LibGen.gl,PROTECTED,200,687,,Cloudflare
2026-09-04T20:08:03.262729+00:00,LibGen,LibGen.gl,PROTECTED,200,766,,Cloudflare
2026-09-04T20:09:05.309951+00:00,LibGen,LibGen.gl,PROTECTED,200,2325,,Cloudflare
2026-09-04T20:10:04.744502+00:00,LibGen,LibGen.gl,PROTECTED,200,809,,Cloudflare
2026-09-04T20:11:04.512511+00:00,LibGen,LibGen.gl,PROTECTED,200,1217,,Cloudflare
2026-09-04T20:12:04.835892+00:00,LibGen,LibGen.gl,PROTECTED,200,1451,,Cloudflare
2026-09-04T20:13:05.142758+00:00,LibGen,LibGen.gl,PROTECTED,200,1165,,Cloudflare
2026-09-04T20:14:06.115337+00:00,LibGen,LibGen.gl,PROTECTED,200,1135,,Cloudflare
2026-09-04T20:15:07.298246+00:00,LibGen,LibGen.gl,PROTECTED,200,1740,,Cloudflare
2026-09-04T20:16:05.580807+00:00,LibGen,LibGen.gl,PROTECTED,200,690,,Cloudflare
2026-09-04T20:17:07.459022+00:00,LibGen,LibGen.gl,PROTECTED,200,2338,,Cloudflare
2026-09-04T20:18:08.803569+00:00,LibGen,LibGen.gl,PROTECTED,200,2086,,Cloudflare
2026-09-04T20:19:11.428953+00:00,LibGen,LibGen.gl,PROTECTED,200,2546,,Cloudflare
2026-09-04T20:20:08.481688+00:00,LibGen,LibGen.gl,PROTECTED,200,1409,,Cloudflare
2026-09-04T20:21:09.287902+00:00,LibGen,LibGen.gl,PROTECTED,200,1767,,Cloudflare
2026-09-04T20:22:10.056867+00:00,LibGen,LibGen.gl,PROTECTED,200,2531,,Cloudflare
2026-09-04T20:23:11.779890+00:00,LibGen,LibGen.gl,PROTECTED,200,1449,,Cloudflare
2026-09-04T20:24:09.678571+00:00,LibGen,LibGen.gl,PROTECTED,200,1506,,Cloudflare
2026-09-04T20:25:10.470257+00:00,LibGen,LibGen.gl,PROTECTED,200,719,,Cloudflare
2026-09-04T20:26:12.380446+00:00,LibGen,LibGen.gl,PROTECTED,200,1728,,Cloudflare
2026-09-04T20:27:13.983271+00:00,LibGen,LibGen.gl,PROTECTED,200,3957,,Cloudflare
2026-09-04T20:28:11.318752+00:00,LibGen,LibGen.gl,PROTECTED,200,739,,Cloudflare
2026-09-04T20:29:12.090992+00:00,LibGen,LibGen.gl,PROTECTED,200,1571,,Cloudflare
2026-09-04T20:30:12.712846+00:00,LibGen,LibGen.gl,PROTECTED,200,1412,,Cloudflare
2026-09-04T20:31:13.661675+00:00,LibGen,LibGen.gl,PROTECTED,200,1595,,Cloudflare
2026-09-04T20:32:12.633555+00:00,LibGen,LibGen.gl,PROTECTED,200,967,,Cloudflare
2026-09-04T20:33:13.852033+00:00,LibGen,LibGen.gl,PROTECTED,200,1737,,Cloudflare
2026-09-04T20:34:13.405141+00:00,LibGen,LibGen.gl,PROTECTED,200,724,,Cloudflare
2026-09-04T20:35:13.594735+00:00,LibGen,LibGen.gl,PROTECTED,200,711,,Cloudflare
2026-09-04T20:36:14.166646+00:00,LibGen,LibGen.gl,PROTECTED,200,953,,Cloudflare
2026-09-04T20:37:15.074546+00:00,LibGen,LibGen.gl,PROTECTED,200,1197,,Cloudflare
2026-09-04T20:38:15.146593+00:00,LibGen,LibGen.gl,PROTECTED,200,945,,Cloudflare
2026-09-04T20:39:16.284913+00:00,LibGen,LibGen.gl,PROTECTED,200,1094,,Cloudflare
2026-09-04T20:40:15.948558+00:00,LibGen,LibGen.gl,PROTECTED,200,1797,,Cloudflare
2026-09-04T20:41:16.960146+00:00,LibGen,LibGen.gl,PROTECTED,200,1485,,Cloudflare
2026-09-04T20:42:18.032568+00:00,LibGen,LibGen.gl,PROTECTED,200,2255,,Cloudflare
2026-09-04T20:43:17.700424+00:00,LibGen,LibGen.gl,PROTECTED,200,2145,,Cloudflare
2026-09-04T20:44:16.585936+00:00,LibGen,LibGen.gl,PROTECTED,200,774,,Cloudflare
2026-09-04T20:45:17.718560+00:00,LibGen,LibGen.gl,PROTECTED,200,1717,,Cloudflare
2026-09-04T20:46:18.040498+00:00,LibGen,LibGen.gl,PROTECTED,200,1527,,Cloudflare
2026-09-04T20:47:18.249159+00:00,LibGen,LibGen.gl,PROTECTED,200,1318,,Cloudflare
2026-09-04T20:48:17.657509+00:00,LibGen,LibGen.gl,PROTECTED,200,708,,Cloudflare
2026-09-04T20:49:18.654656+00:00,LibGen,LibGen.gl,PROTECTED,200,1029,,Cloudflare
2026-09-04T20:50:20.052953+00:00,LibGen,LibGen.gl,PROTECTED,200,2291,,Cloudflare
2026-09-04T20:51:18.714097+00:00,LibGen,LibGen.gl,PROTECTED,200,739,,Cloudflare
2026-09-04T20:52:18.933414+00:00,LibGen,LibGen.gl,PROTECTED,200,948,,Cloudflare
2026-09-04T20:53:19.347533+00:00,LibGen,LibGen.gl,PROTECTED,200,788,,Cloudflare
2026-09-04T20:54:20.480271+00:00,LibGen,LibGen.gl,PROTECTED,200,1718,,Cloudflare
2026-09-04T20:55:20.407952+00:00,LibGen,LibGen.gl,PROTECTED,200,1486,,Cloudflare
2026-09-04T20:56:21.528791+00:00,LibGen,LibGen.gl,PROTECTED,200,2564,,Cloudflare
2026-09-04T20:57:20.497459+00:00,LibGen,LibGen.gl,PROTECTED,200,878,,Cloudflare
2026-09-04T20:58:20.719274+00:00,LibGen,LibGen.gl,PROTECTED,200,944,,Cloudflare
2026-09-04T20:59:23.475926+00:00,LibGen,LibGen.gl,PROTECTED,200,1214,,Cloudflare
2026-09-04T21:00:24.607424+00:00,LibGen,LibGen.gl,PROTECTED,200,3455,,Cloudflare
2026-09-04T21:01:22.502744+00:00,LibGen,LibGen.gl,PROTECTED,200,1411,,Cloudflare
2026-09-04T21:02:22.416627+00:00,LibGen,LibGen.gl,PROTECTED,200,783,,Cloudflare
2026-09-04T21:03:23.275033+00:00,LibGen,LibGen.gl,PROTECTED,200,1565,,Cloudflare
2026-09-04T21:04:23.495401+00:00,LibGen,LibGen.gl,PROTECTED,200,1481,,Cloudflare
2026-09-04T21:05:27.418907+00:00,LibGen,LibGen.gl,PROTECTED,200,5593,,Cloudflare
2026-09-04T21:06:26.055031+00:00,LibGen,LibGen.gl,PROTECTED,200,2396,,Cloudflare
2026-09-04T21:07:24.884184+00:00,LibGen,LibGen.gl,PROTECTED,200,1418,,Cloudflare
2026-09-04T21:08:23.590039+00:00,LibGen,LibGen.gl,PROTECTED,200,986,,Cloudflare
2026-09-04T21:09:27.951195+00:00,LibGen,LibGen.gl,PROTECTED,200,4407,,Cloudflare
2026-09-04T21:10:24.711418+00:00,LibGen,LibGen.gl,PROTECTED,200,1151,,Cloudflare
2026-09-04T21:11:25.144379+00:00,LibGen,LibGen.gl,PROTECTED,200,937,,Cloudflare
2026-09-04T21:12:25.108737+00:00,LibGen,LibGen.gl,PROTECTED,200,830,,Cloudflare
2026-09-04T21:13:27.991192+00:00,LibGen,LibGen.gl,PROTECTED,200,1453,,Cloudflare
2026-09-04T21:14:26.791935+00:00,LibGen,LibGen.gl,PROTECTED,200,1363,,Cloudflare
2026-09-04T21:15:26.677180+00:00,LibGen,LibGen.gl,PROTECTED,200,1113,,Cloudflare
2026-09-04T21:16:28.623781+00:00,LibGen,LibGen.gl,PROTECTED,200,1535,,Cloudflare
2026-09-04T21:17:28.221843+00:00,LibGen,LibGen.gl,PROTECTED,200,1606,,Cloudflare
2026-09-04T21:18:28.074534+00:00,LibGen,LibGen.gl,PROTECTED,200,1109,,Cloudflare
2026-09-04T21:19:31.159860+00:00,LibGen,LibGen.gl,PROTECTED,200,3050,,Cloudflare
2026-09-04T21:20:29.686583+00:00,LibGen,LibGen.gl,PROTECTED,200,2331,,Cloudflare
2026-09-04T21:21:29.539537+00:00,LibGen,LibGen.gl,PROTECTED,200,1472,,Cloudflare
2026-09-04T21:22:30.585033+00:00,LibGen,LibGen.gl,PROTECTED,200,2424,,Cloudflare
2026-09-04T21:23:30.918259+00:00,LibGen,LibGen.gl,PROTECTED,200,2269,,Cloudflare
2026-09-04T21:24:30.659447+00:00,LibGen,LibGen.gl,PROTECTED,200,1473,,Cloudflare
2026-09-04T21:25:32.459092+00:00,LibGen,LibGen.gl,PROTECTED,200,2284,,Cloudflare
2026-09-04T21:26:30.911318+00:00,LibGen,LibGen.gl,PROTECTED,200,821,,Cloudflare
2026-09-04T21:27:31.895957+00:00,LibGen,LibGen.gl,PROTECTED,200,1282,,Cloudflare
2026-09-04T21:28:32.435330+00:00,LibGen,LibGen.gl,PROTECTED,200,698,,Cloudflare
2026-09-04T21:29:33.437370+00:00,LibGen,LibGen.gl,PROTECTED,200,1569,,Cloudflare
2026-09-04T21:30:33.068662+00:00,LibGen,LibGen.gl,PROTECTED,200,1511,,Cloudflare
2026-09-04T21:31:33.951956+00:00,LibGen,LibGen.gl,PROTECTED,200,2040,,Cloudflare
2026-09-04T21:32:35.630530+00:00,LibGen,LibGen.gl,PROTECTED,200,1416,,Cloudflare
2026-09-04T21:33:33.833855+00:00,LibGen,LibGen.gl,PROTECTED,200,1551,,Cloudflare
2026-09-04T21:34:35.744955+00:00,LibGen,LibGen.gl,PROTECTED,200,1870,,Cloudflare
2026-09-04T21:35:34.984750+00:00,LibGen,LibGen.gl,PROTECTED,200,1033,,Cloudflare
2026-09-04T21:36:36.311297+00:00,LibGen,LibGen.gl,PROTECTED,200,2018,,Cloudflare
2026-09-04T21:37:38.742018+00:00,LibGen,LibGen.gl,PROTECTED,200,3505,,Cloudflare
2026-09-04T21:38:36.564057+00:00,LibGen,LibGen.gl,PROTECTED,200,1114,,Cloudflare
2026-09-04T21:39:36.561495+00:00,LibGen,LibGen.gl,PROTECTED,200,1242,,Cloudflare
2026-09-04T21:40:37.564819+00:00,LibGen,LibGen.gl,PROTECTED,200,1412,,Cloudflare
2026-09-04T21:41:37.783251+00:00,LibGen,LibGen.gl,PROTECTED,200,757,,Cloudflare
2026-09-04T21:42:38.051559+00:00,LibGen,LibGen.gl,PROTECTED,200,1925,,Cloudflare
2026-09-04T21:43:37.791434+00:00,LibGen,LibGen.gl,PROTECTED,200,906,,Cloudflare
2026-09-04T21:44:39.261103+00:00,LibGen,LibGen.gl,PROTECTED,200,1558,,Cloudflare
2026-09-04T21:45:38.280808+00:00,LibGen,LibGen.gl,PROTECTED,200,740,,Cloudflare
2026-09-04T21:46:38.520698+00:00,LibGen,LibGen.gl,PROTECTED,200,978,,Cloudflare
2026-09-04T21:47:39.123578+00:00,LibGen,LibGen.gl,PROTECTED,200,970,,Cloudflare
2026-09-04T21:48:40.435636+00:00,LibGen,LibGen.gl,PROTECTED,200,1558,,Cloudflare
2026-09-04T21:49:40.774727+00:00,LibGen,LibGen.gl,PROTECTED,200,1282,,Cloudflare
2026-09-04T21:50:40.535961+00:00,LibGen,LibGen.gl,PROTECTED,200,918,,Cloudflare
2026-09-04T21:51:40.466576+00:00,LibGen,LibGen.gl,PROTECTED,200,860,,Cloudflare
2026-09-04T21:52:41.270958+00:00,LibGen,LibGen.gl,PROTECTED,200,732,,Cloudflare
2026-09-04T21:53:42.213205+00:00,LibGen,LibGen.gl,PROTECTED,200,1265,,Cloudflare
2026-09-04T21:54:41.265542+00:00,LibGen,LibGen.gl,PROTECTED,200,810,,Cloudflare
2026-09-04T21:55:42.319640+00:00,LibGen,LibGen.gl,PROTECTED,200,1971,,Cloudflare
2026-09-04T21:56:41.821011+00:00,LibGen,LibGen.gl,PROTECTED,200,1050,,Cloudflare
2026-09-04T21:57:42.631557+00:00,LibGen,LibGen.gl,PROTECTED,200,853,,Cloudflare
2026-09-04T21:58:44.366782+00:00,LibGen,LibGen.gl,PROTECTED,200,2856,,Cloudflare
2026-09-04T21:59:43.708202+00:00,LibGen,LibGen.gl,PROTECTED,200,1802,,Cloudflare
2026-09-04T22:00:43.559787+00:00,LibGen,LibGen.gl,PROTECTED,200,1357,,Cloudflare
2026-09-04T22:01:44.637247+00:00,LibGen,LibGen.gl,PROTECTED,200,1399,,Cloudflare
2026-09-04T22:02:44.220259+00:00,LibGen,LibGen.gl,PROTECTED,200,1441,,Cloudflare
2026-09-04T22:03:43.584682+00:00,LibGen,LibGen.gl,PROTECTED,200,707,,Cloudflare
2026-09-04T22:04:44.500528+00:00,LibGen,LibGen.gl,PROTECTED,200,680,,Cloudflare
2026-09-04T22:05:45.885536+00:00,LibGen,LibGen.gl,PROTECTED,200,1856,,Cloudflare
2026-09-04T22:06:46.725065+00:00,LibGen,LibGen.gl,PROTECTED,200,1588,,Cloudflare
2026-09-04T22:07:46.250003+00:00,LibGen,LibGen.gl,PROTECTED,200,810,,Cloudflare
2026-09-04T22:08:46.918599+00:00,LibGen,LibGen.gl,PROTECTED,200,1530,,Cloudflare
2026-09-04T22:09:49.102737+00:00,LibGen,LibGen.gl,PROTECTED,200,2736,,Cloudflare
2026-09-04T22:10:49.153687+00:00,LibGen,LibGen.gl,PROTECTED,200,802,,Cloudflare
2026-09-04T22:11:48.641690+00:00,LibGen,LibGen.gl,PROTECTED,200,1736,,Cloudflare
2026-09-04T22:12:49.193836+00:00,LibGen,LibGen.gl,PROTECTED,200,1057,,Cloudflare
2026-09-04T22:13:49.907802+00:00,LibGen,LibGen.gl,PROTECTED,200,1687,,Cloudflare
2026-09-04T22:14:48.649468+00:00,LibGen,LibGen.gl,PROTECTED,200,957,,Cloudflare
2026-09-04T22:15:49.925466+00:00,LibGen,LibGen.gl,PROTECTED,200,878,,Cloudflare
2026-09-04T22:16:49.524711+00:00,LibGen,LibGen.gl,PROTECTED,200,1436,,Cloudflare
2026-09-04T22:17:51.316850+00:00,LibGen,LibGen.gl,PROTECTED,200,1075,,Cloudflare
2026-09-04T22:18:50.348600+00:00,LibGen,LibGen.gl,PROTECTED,200,1713,,Cloudflare
2026-09-04T22:19:55.538643+00:00,LibGen,LibGen.gl,PROTECTED,200,5940,,Cloudflare
2026-09-04T22:20:52.894939+00:00,LibGen,LibGen.gl,PROTECTED,200,2181,,Cloudflare
2026-09-04T22:21:52.752553+00:00,LibGen,LibGen.gl,PROTECTED,200,968,,Cloudflare
2026-09-04T22:22:51.952368+00:00,LibGen,LibGen.gl,PROTECTED,200,1100,,Cloudflare
2026-09-04T22:23:53.850110+00:00,LibGen,LibGen.gl,PROTECTED,200,1805,,Cloudflare
2026-09-04T22:24:52.900178+00:00,LibGen,LibGen.gl,PROTECTED,200,1020,,Cloudflare
2026-09-04T22:25:53.658026+00:00,LibGen,LibGen.gl,PROTECTED,200,1235,,Cloudflare
2026-09-04T22:26:54.956811+00:00,LibGen,LibGen.gl,PROTECTED,200,2300,,Cloudflare
2026-09-04T22:27:54.308991+00:00,LibGen,LibGen.gl,PROTECTED,200,802,,Cloudflare
2026-09-04T22:28:53.856123+00:00,LibGen,LibGen.gl,PROTECTED,200,728,,Cloudflare
2026-09-04T22:29:56.534014+00:00,LibGen,LibGen.gl,PROTECTED,200,2518,,Cloudflare
2026-09-04T22:30:58.137318+00:00,LibGen,LibGen.gl,PROTECTED,200,3790,,Cloudflare
2026-09-04T22:31:56.056893+00:00,LibGen,LibGen.gl,PROTECTED,200,890,,Cloudflare
2026-09-04T22:32:56.395150+00:00,LibGen,LibGen.gl,PROTECTED,200,1566,,Cloudflare
2026-09-04T22:33:58.394270+00:00,LibGen,LibGen.gl,PROTECTED,200,3308,,Cloudflare
2026-09-04T22:34:56.979501+00:00,LibGen,LibGen.gl,PROTECTED,200,1037,,Cloudflare
2026-09-04T22:35:56.759870+00:00,LibGen,LibGen.gl,DOWN,500,845,http_error,
2026-09-04T22:36:57.942653+00:00,LibGen,LibGen.gl,PROTECTED,200,1257,,Cloudflare
2026-09-04T22:37:59.364602+00:00,LibGen,LibGen.gl,PROTECTED,200,2600,,Cloudflare
2026-09-04T22:38:59.032274+00:00,LibGen,LibGen.gl,PROTECTED,200,1855,,Cloudflare
2026-09-04T22:39:59.200598+00:00,LibGen,LibGen.gl,PROTECTED,200,1039,,Cloudflare
2026-09-04T22:40:59.360534+00:00,LibGen,LibGen.gl,PROTECTED,200,730,,Cloudflare
2026-09-04T22:42:02.403845+00:00,LibGen,LibGen.gl,PROTECTED,200,1040,,Cloudflare
2026-09-04T22:43:01.205365+00:00,LibGen,LibGen.gl,PROTECTED,200,2146,,Cloudflare
2026-09-04T22:43:59.698919+00:00,LibGen,LibGen.gl,PROTECTED,200,768,,Cloudflare
2026-09-04T22:45:00.169168+00:00,LibGen,LibGen.gl,PROTECTED,200,1047,,Cloudflare
2026-09-04T22:46:01.384673+00:00,LibGen,LibGen.gl,PROTECTED,200,1208,,Cloudflare
2026-09-04T22:47:05.929065+00:00,LibGen,LibGen.gl,PROTECTED,200,4770,,Cloudflare
2026-09-04T22:48:00.904736+00:00,LibGen,LibGen.gl,PROTECTED,200,983,,Cloudflare
2026-09-04T22:49:02.430354+00:00,LibGen,LibGen.gl,PROTECTED,200,1576,,Cloudflare
2026-09-04T22:50:03.444992+00:00,LibGen,LibGen.gl,PROTECTED,200,1783,,Cloudflare
2026-09-04T22:51:03.593347+00:00,LibGen,LibGen.gl,PROTECTED,200,1782,,Cloudflare
2026-09-04T22:52:05.035992+00:00,LibGen,LibGen.gl,PROTECTED,200,1232,,Cloudflare
2026-09-04T22:53:04.045779+00:00,LibGen,LibGen.gl,PROTECTED,200,781,,Cloudflare
2026-09-04T22:54:05.082270+00:00,LibGen,LibGen.gl,PROTECTED,200,1894,,Cloudflare
2026-09-04T22:55:05.456938+00:00,LibGen,LibGen.gl,PROTECTED,200,1295,,Cloudflare
2026-09-04T22:56:04.225826+00:00,LibGen,LibGen.gl,PROTECTED,200,1319,,Cloudflare
2026-09-04T22:57:04.894101+00:00,LibGen,LibGen.gl,PROTECTED,200,766,,Cloudflare
2026-09-04T22:58:05.359851+00:00,LibGen,LibGen.gl,PROTECTED,200,1176,,Cloudflare
2026-09-04T22:59:05.315266+00:00,LibGen,LibGen.gl,PROTECTED,200,1140,,Cloudflare
2026-09-04T23:00:09.398435+00:00,LibGen,LibGen.gl,PROTECTED,200,4579,,Cloudflare
2026-09-04T23:01:05.769143+00:00,LibGen,LibGen.gl,PROTECTED,200,1689,,Cloudflare
2026-09-04T23:02:05.038758+00:00,LibGen,LibGen.gl,PROTECTED,200,834,,Cloudflare
2026-09-04T23:03:06.739832+00:00,LibGen,LibGen.gl,PROTECTED,200,1528,,Cloudflare
2026-09-04T23:04:05.416746+00:00,LibGen,LibGen.gl,PROTECTED,200,747,,Cloudflare
2026-09-04T23:05:06.046190+00:00,LibGen,LibGen.gl,PROTECTED,200,1486,,Cloudflare
2026-09-04T23:06:05.805088+00:00,LibGen,LibGen.gl,PROTECTED,200,889,,Cloudflare
2026-09-04T23:07:06.814971+00:00,LibGen,LibGen.gl,PROTECTED,200,1055,,Cloudflare
2026-09-04T23:08:07.864568+00:00,LibGen,LibGen.gl,PROTECTED,200,2945,,Cloudflare
2026-09-04T23:09:06.983929+00:00,LibGen,LibGen.gl,PROTECTED,200,1652,,Cloudflare
2026-09-04T23:10:07.051719+00:00,LibGen,LibGen.gl,PROTECTED,200,1098,,Cloudflare
2026-09-04T23:11:09.043155+00:00,LibGen,LibGen.gl,PROTECTED,200,1622,,Cloudflare
2026-09-04T23:12:08.670731+00:00,LibGen,LibGen.gl,PROTECTED,200,2235,,Cloudflare
2026-09-04T23:13:08.471556+00:00,LibGen,LibGen.gl,PROTECTED,200,1192,,Cloudflare
2026-09-04T23:14:08.199550+00:00,LibGen,LibGen.gl,PROTECTED,200,857,,Cloudflare
2026-09-04T23:15:08.359453+00:00,LibGen,LibGen.gl,PROTECTED,200,1378,,Cloudflare
2026-09-04T23:16:09.690711+00:00,LibGen,LibGen.gl,PROTECTED,200,1915,,Cloudflare
2026-09-04T23:17:27.269245+00:00,LibGen,LibGen.gl,TIMEOUT,,,timeout,
2026-09-04T23:18:09.244084+00:00,LibGen,LibGen.gl,PROTECTED,200,1631,,Cloudflare
2026-09-04T23:19:10.172591+00:00,LibGen,LibGen.gl,PROTECTED,200,1026,,Cloudflare
2026-09-04T23:20:09.532922+00:00,LibGen,LibGen.gl,PROTECTED,200,1659,,Cloudflare
2026-09-04T23:21:10.034119+00:00,LibGen,LibGen.gl,PROTECTED,200,740,,Cloudflare
2026-09-04T23:22:09.919905+00:00,LibGen,LibGen.gl,PROTECTED,200,1934,,Cloudflare
2026-09-04T23:23:10.576224+00:00,LibGen,LibGen.gl,PROTECTED,200,2120,,Cloudflare
2026-09-04T23:24:09.550618+00:00,LibGen,LibGen.gl,PROTECTED,200,911,,Cloudflare
2026-09-04T23:25:11.902621+00:00,LibGen,LibGen.gl,PROTECTED,200,3284,,Cloudflare
2026-09-04T23:26:10.122747+00:00,LibGen,LibGen.gl,PROTECTED,200,968,,Cloudflare
2026-09-04T23:27:09.949145+00:00,LibGen,LibGen.gl,PROTECTED,200,712,,Cloudflare
2026-09-04T23:28:10.049526+00:00,LibGen,LibGen.gl,PROTECTED,200,742,,Cloudflare
2026-09-04T23:29:10.912824+00:00,LibGen,LibGen.gl,PROTECTED,200,812,,Cloudflare
2026-09-04T23:30:11.782588+00:00,LibGen,LibGen.gl,PROTECTED,200,797,,Cloudflare
2026-09-04T23:31:16.285786+00:00,LibGen,LibGen.gl,PROTECTED,200,3806,,Cloudflare
2026-09-04T23:32:14.954104+00:00,LibGen,LibGen.gl,PROTECTED,200,3221,,Cloudflare
2026-09-04T23:33:15.246807+00:00,LibGen,LibGen.gl,PROTECTED,200,3575,,Cloudflare
2026-09-04T23:34:14.761075+00:00,LibGen,LibGen.gl,PROTECTED,200,2224,,Cloudflare
2026-09-04T23:35:13.564796+00:00,LibGen,LibGen.gl,PROTECTED,200,1864,,Cloudflare
2026-09-04T23:36:17.444707+00:00,LibGen,LibGen.gl,PROTECTED,200,4752,,Cloudflare
2026-09-04T23:37:13.828642+00:00,LibGen,LibGen.gl,PROTECTED,200,1633,,Cloudflare
2026-09-04T23:38:14.490374+00:00,LibGen,LibGen.gl,PROTECTED,200,2163,,Cloudflare
2026-09-04T23:39:15.041812+00:00,LibGen,LibGen.gl,PROTECTED,200,2114,,Cloudflare
2026-09-04T23:40:14.638596+00:00,LibGen,LibGen.gl,PROTECTED,200,1643,,Cloudflare
2026-09-04T23:41:17.306685+00:00,LibGen,LibGen.gl,PROTECTED,200,4634,,Cloudflare
2026-09-04T23:42:13.916298+00:00,LibGen,LibGen.gl,PROTECTED,200,1192,,Cloudflare
2026-09-04T23:43:13.837009+00:00,LibGen,LibGen.gl,PROTECTED,200,941,,Cloudflare
2026-09-04T23:44:14.782630+00:00,LibGen,LibGen.gl,PROTECTED,200,1718,,Cloudflare
2026-09-04T23:45:15.538170+00:00,LibGen,LibGen.gl,PROTECTED,200,2310,,Cloudflare
2026-09-04T23:46:15.500976+00:00,LibGen,LibGen.gl,PROTECTED,200,1515,,Cloudflare
2026-09-04T23:47:19.569561+00:00,LibGen,LibGen.gl,PROTECTED,200,5784,,Cloudflare
2026-09-04T23:48:16.698493+00:00,LibGen,LibGen.gl,PROTECTED,200,1199,,Cloudflare
2026-09-04T23:49:15.174486+00:00,LibGen,LibGen.gl,PROTECTED,200,846,,Cloudflare
2026-09-04T23:50:17.326531+00:00,LibGen,LibGen.gl,PROTECTED,200,1238,,Cloudflare
2026-09-04T23:51:17.168264+00:00,LibGen,LibGen.gl,PROTECTED,200,1194,,Cloudflare
2026-09-04T23:52:16.453945+00:00,LibGen,LibGen.gl,PROTECTED,200,1558,,Cloudflare
2026-09-04T23:53:16.455804+00:00,LibGen,LibGen.gl,PROTECTED,200,1476,,Cloudflare
2026-09-04T23:54:17.983159+00:00,LibGen,LibGen.gl,PROTECTED,200,1850,,Cloudflare
2026-09-04T23:55:17.084776+00:00,LibGen,LibGen.gl,PROTECTED,200,1512,,Cloudflare
2026-09-04T23:56:16.568748+00:00,LibGen,LibGen.gl,PROTECTED,200,841,,Cloudflare
2026-09-04T23:57:19.970282+00:00,LibGen,LibGen.gl,PROTECTED,200,1690,,Cloudflare
2026-09-04T23:58:17.529018+00:00,LibGen,LibGen.gl,PROTECTED,200,1328,,Cloudflare
2026-09-04T23:59:18.954707+00:00,LibGen,LibGen.gl,PROTECTED,200,1268,,Cloudflare
2026-09-05T00:00:18.328877+00:00,LibGen,LibGen.gl,PROTECTED,200,1609,,Cloudflare
2026-09-05T00:01:18.362609+00:00,LibGen,LibGen.gl,PROTECTED,200,1249,,Cloudflare
2026-09-05T00:02:21.502789+00:00,LibGen,LibGen.gl,PROTECTED,200,1338,,Cloudflare
2026-09-05T00:03:18.221519+00:00,LibGen,LibGen.gl,PROTECTED,200,804,,Cloudflare
2026-09-05T00:04:19.235175+00:00,LibGen,LibGen.gl,PROTECTED,200,1198,,Cloudflare
2026-09-05T00:05:19.713825+00:00,LibGen,LibGen.gl,PROTECTED,200,1243,,Cloudflare
2026-09-05T00:06:20.369734+00:00,LibGen,LibGen.gl,PROTECTED,200,1233,,Cloudflare
2026-09-05T00:07:20.223536+00:00,LibGen,LibGen.gl,PROTECTED,200,1294,,Cloudflare
2026-09-05T00:08:21.935927+00:00,LibGen,LibGen.gl,PROTECTED,200,2148,,Cloudflare
2026-09-05T00:09:20.411806+00:00,LibGen,LibGen.gl,DOWN,500,1154,http_error,
2026-09-05T00:10:20.249629+00:00,LibGen,LibGen.gl,DOWN,500,688,http_error,
2026-09-05T00:11:20.713209+00:00,LibGen,LibGen.gl,DOWN,500,988,http_error,
2026-09-05T00:12:21.391916+00:00,LibGen,LibGen.gl,PROTECTED,200,1158,,Cloudflare
2026-09-05T00:13:21.644889+00:00,LibGen,LibGen.gl,PROTECTED,200,1189,,Cloudflare
2026-09-05T00:14:22.785797+00:00,LibGen,LibGen.gl,PROTECTED,200,1914,,Cloudflare
2026-09-05T00:15:23.054106+00:00,LibGen,LibGen.gl,PROTECTED,200,2122,,Cloudflare
2026-09-05T00:16:22.325355+00:00,LibGen,LibGen.gl,PROTECTED,200,967,,Cloudflare
2026-09-05T00:17:41.344007+00:00,LibGen,LibGen.gl,TIMEOUT,,,timeout,
2026-09-05T00:18:25.609709+00:00,LibGen,LibGen.gl,PROTECTED,200,2942,,Cloudflare
2026-09-05T00:19:23.572093+00:00,LibGen,LibGen.gl,PROTECTED,200,1621,,Cloudflare
2026-09-05T00:20:23.692583+00:00,LibGen,LibGen.gl,PROTECTED,200,1291,,Cloudflare
2026-09-05T00:21:23.573326+00:00,LibGen,LibGen.gl,PROTECTED,200,744,,Cloudflare
2026-09-05T00:22:27.225616+00:00,LibGen,LibGen.gl,PROTECTED,200,3440,,Cloudflare
2026-09-05T00:23:25.287743+00:00,LibGen,LibGen.gl,PROTECTED,200,1871,,Cloudflare
2026-09-05T00:24:24.751427+00:00,LibGen,LibGen.gl,PROTECTED,200,983,,Cloudflare
2026-09-05T00:25:25.020938+00:00,LibGen,LibGen.gl,PROTECTED,200,1101,,Cloudflare
2026-09-05T00:26:24.675765+00:00,LibGen,LibGen.gl,PROTECTED,200,713,,Cloudflare
2026-09-05T00:27:25.592854+00:00,LibGen,LibGen.gl,PROTECTED,200,866,,Cloudflare
2026-09-05T00:28:28.493979+00:00,LibGen,LibGen.gl,PROTECTED,200,1107,,Cloudflare
2026-09-05T00:29:26.269162+00:00,LibGen,LibGen.gl,PROTECTED,200,1444,,Cloudflare
2026-09-05T00:30:27.228190+00:00,LibGen,LibGen.gl,PROTECTED,200,1502,,Cloudflare
2026-09-05T00:31:27.621872+00:00,LibGen,LibGen.gl,PROTECTED,200,1696,,Cloudflare
2026-09-05T00:32:28.013125+00:00,LibGen,LibGen.gl,PROTECTED,200,1804,,Cloudflare
2026-09-05T00:33:27.989435+00:00,LibGen,LibGen.gl,PROTECTED,200,1430,,Cloudflare
2026-09-05T00:34:27.478192+00:00,LibGen,LibGen.gl,PROTECTED,200,739,,Cloudflare
2026-09-05T00:35:29.438347+00:00,LibGen,LibGen.gl,PROTECTED,200,2591,,Cloudflare
2026-09-05T00:36:29.963953+00:00,LibGen,LibGen.gl,PROTECTED,200,1245,,Cloudflare
2026-09-05T00:37:28.023786+00:00,LibGen,LibGen.gl,PROTECTED,200,782,,Cloudflare
2026-09-05T00:38:31.363500+00:00,LibGen,LibGen.gl,PROTECTED,200,1232,,Cloudflare
2026-09-05T00:39:29.212988+00:00,LibGen,LibGen.gl,PROTECTED,200,892,,Cloudflare
2026-09-05T00:40:29.967069+00:00,LibGen,LibGen.gl,PROTECTED,200,1168,,Cloudflare
2026-09-05T00:41:30.677805+00:00,LibGen,LibGen.gl,PROTECTED,200,1524,,Cloudflare
2026-09-05T00:42:31.409850+00:00,LibGen,LibGen.gl,PROTECTED,200,1424,,Cloudflare
2026-09-05T00:43:30.798885+00:00,LibGen,LibGen.gl,PROTECTED,200,1074,,Cloudflare
2026-09-05T00:44:34.117784+00:00,LibGen,LibGen.gl,PROTECTED,200,1082,,Cloudflare
2026-09-05T00:45:31.912924+00:00,LibGen,LibGen.gl,PROTECTED,200,1238,,Cloudflare
2026-09-05T00:46:32.000008+00:00,LibGen,LibGen.gl,PROTECTED,200,1029,,Cloudflare
2026-09-05T00:47:34.137073+00:00,LibGen,LibGen.gl,PROTECTED,200,2908,,Cloudflare
2026-09-05T00:48:32.854025+00:00,LibGen,LibGen.gl,PROTECTED,200,767,,Cloudflare
2026-09-05T00:49:33.477478+00:00,LibGen,LibGen.gl,PROTECTED,200,1439,,Cloudflare
2026-09-05T00:50:34.477444+00:00,LibGen,LibGen.gl,PROTECTED,200,1963,,Cloudflare
2026-09-05T00:51:34.243485+00:00,LibGen,LibGen.gl,PROTECTED,200,965,,Cloudflare
2026-09-05T00:52:35.029933+00:00,LibGen,LibGen.gl,PROTECTED,200,774,,Cloudflare
2026-09-05T00:53:36.910831+00:00,LibGen,LibGen.gl,PROTECTED,200,967,,Cloudflare
2026-09-05T00:54:35.503831+00:00,LibGen,LibGen.gl,PROTECTED,200,1606,,Cloudflare
2026-09-05T00:55:35.655564+00:00,LibGen,LibGen.gl,PROTECTED,200,1042,,Cloudflare
2026-09-05T00:56:39.499257+00:00,LibGen,LibGen.gl,PROTECTED,200,907,,Cloudflare
2026-09-05T00:57:55.130799+00:00,LibGen,LibGen.gl,TIMEOUT,,,timeout,
2026-09-05T00:58:55.610713+00:00,LibGen,LibGen.gl,TIMEOUT,,,timeout,
2026-09-05T00:59:55.674779+00:00,LibGen,LibGen.gl,TIMEOUT,,,timeout,
2026-09-05T01:00:56.565666+00:00,LibGen,LibGen.gl,TIMEOUT,,,timeout,
2026-09-05T01:01:56.514989+00:00,LibGen,LibGen.gl,TIMEOUT,,,timeout,
2026-09-05T01:02:56.842845+00:00,LibGen,LibGen.gl,TIMEOUT,,,timeout,
2026-09-05T01:03:41.860575+00:00,LibGen,LibGen.gl,PROTECTED,200,3321,,Cloudflare
2026-09-05T01:04:38.950191+00:00,LibGen,LibGen.gl,PROTECTED,200,1488,,Cloudflare
2026-09-05T01:05:39.852751+00:00,LibGen,LibGen.gl,PROTECTED,200,1718,,Cloudflare
2026-09-05T01:06:41.516588+00:00,LibGen,LibGen.gl,PROTECTED,200,3323,,Cloudflare
2026-09-05T01:07:39.330647+00:00,LibGen,LibGen.gl,PROTECTED,200,724,,Cloudflare
2026-09-05T01:08:39.909798+00:00,LibGen,LibGen.gl,PROTECTED,200,724,,Cloudflare
2026-09-05T01:09:40.616876+00:00,LibGen,LibGen.gl,PROTECTED,200,778,,Cloudflare
2026-09-05T01:10:41.903833+00:00,LibGen,LibGen.gl,PROTECTED,200,961,,Cloudflare
2026-09-05T01:11:45.810949+00:00,LibGen,LibGen.gl,PROTECTED,200,5702,,Cloudflare
2026-09-05T01:12:44.427424+00:00,LibGen,LibGen.gl,PROTECTED,200,4101,,Cloudflare
2026-09-05T01:13:42.540642+00:00,LibGen,LibGen.gl,PROTECTED,200,1769,,Cloudflare
2026-09-05T01:14:42.052972+00:00,LibGen,LibGen.gl,PROTECTED,200,805,,Cloudflare
2026-09-05T01:15:43.207153+00:00,LibGen,LibGen.gl,PROTECTED,200,1901,,Cloudflare
2026-09-05T01:16:43.404790+00:00,LibGen,LibGen.gl,PROTECTED,200,1019,,Cloudflare
2026-09-05T01:17:44.625570+00:00,LibGen,LibGen.gl,PROTECTED,200,1824,,Cloudflare
2026-09-05T01:18:44.910750+00:00,LibGen,LibGen.gl,PROTECTED,200,1060,,Cloudflare
2026-09-05T01:19:45.445809+00:00,LibGen,LibGen.gl,PROTECTED,200,2099,,Cloudflare
2026-09-05T01:20:45.968883+00:00,LibGen,LibGen.gl,PROTECTED,200,1803,,Cloudflare
2026-09-05T01:21:47.912932+00:00,LibGen,LibGen.gl,PROTECTED,200,1521,,Cloudflare
2026-09-05T01:22:48.197997+00:00,LibGen,LibGen.gl,PROTECTED,200,3213,,Cloudflare
2026-09-05T01:23:47.030799+00:00,LibGen,LibGen.gl,PROTECTED,200,1584,,Cloudflare
2026-09-05T01:24:47.523623+00:00,LibGen,LibGen.gl,PROTECTED,200,769,,Cloudflare
2026-09-05T01:25:49.551177+00:00,LibGen,LibGen.gl,PROTECTED,200,3285,,Cloudflare
