timestamp,site_id,domain_id,domain_status,http_status,latency_ms,failure_type,protection_type
2026-08-31T01:58:28.060586+00:00,LibGen,LibGen.li,UP,200,804,,
2026-08-31T01:59:48.383771+00:00,LibGen,LibGen.li,DOWN,,,connection_refused,
2026-08-31T02:00:28.894455+00:00,LibGen,LibGen.li,UP,200,876,,
2026-08-31T02:01:29.820986+00:00,LibGen,LibGen.li,UP,200,1568,,
2026-08-31T02:02:29.118963+00:00,LibGen,LibGen.li,UP,200,699,,
2026-08-31T02:03:29.214615+00:00,LibGen,LibGen.li,UP,200,752,,
2026-08-31T02:04:29.441981+00:00,LibGen,LibGen.li,UP,200,735,,
2026-08-31T02:05:31.228850+00:00,LibGen,LibGen.li,UP,200,843,,
2026-08-31T02:06:31.442379+00:00,LibGen,LibGen.li,UP,200,917,,
2026-08-31T02:07:31.709232+00:00,LibGen,LibGen.li,UP,200,892,,
2026-08-31T02:08:31.297435+00:00,LibGen,LibGen.li,UP,200,751,,
2026-08-31T02:09:32.546812+00:00,LibGen,LibGen.li,UP,200,1076,,
2026-08-31T02:10:32.704699+00:00,LibGen,LibGen.li,UP,200,744,,
2026-08-31T02:11:33.816346+00:00,LibGen,LibGen.li,UP,200,851,,
2026-08-31T02:12:34.182515+00:00,LibGen,LibGen.li,UP,200,651,,
2026-08-31T02:13:34.551430+00:00,LibGen,LibGen.li,UP,200,753,,
2026-08-31T02:14:35.440696+00:00,LibGen,LibGen.li,UP,200,752,,
2026-08-31T02:15:34.427227+00:00,LibGen,LibGen.li,UP,200,798,,
2026-08-31T02:16:35.061435+00:00,LibGen,LibGen.li,UP,200,843,,
2026-08-31T02:17:36.172199+00:00,LibGen,LibGen.li,UP,200,1758,,
2026-08-31T02:18:36.260636+00:00,LibGen,LibGen.li,UP,200,1157,,
2026-08-31T02:19:37.280302+00:00,LibGen,LibGen.li,UP,200,2292,,
2026-08-31T02:20:35.333731+00:00,LibGen,LibGen.li,UP,200,359,,
2026-08-31T02:21:35.982764+00:00,LibGen,LibGen.li,UP,200,951,,
2026-08-31T02:22:36.538035+00:00,LibGen,LibGen.li,UP,200,918,,
2026-08-31T02:23:36.971507+00:00,LibGen,LibGen.li,UP,200,1110,,
2026-08-31T02:24:37.331976+00:00,LibGen,LibGen.li,UP,200,1274,,
2026-08-31T02:25:36.773273+00:00,LibGen,LibGen.li,UP,200,750,,
2026-08-31T02:26:37.718370+00:00,LibGen,LibGen.li,UP,200,715,,
2026-08-31T02:27:38.649553+00:00,LibGen,LibGen.li,UP,200,756,,
2026-08-31T02:28:38.891542+00:00,LibGen,LibGen.li,UP,200,1028,,
2026-08-31T02:29:42.781664+00:00,LibGen,LibGen.li,DEGRADED,200,4044,latency_high,
2026-08-31T02:30:39.994917+00:00,LibGen,LibGen.li,UP,200,798,,
2026-08-31T02:31:40.104462+00:00,LibGen,LibGen.li,UP,200,260,,
2026-08-31T02:32:40.565994+00:00,LibGen,LibGen.li,UP,200,636,,
2026-08-31T02:33:41.669793+00:00,LibGen,LibGen.li,UP,200,1124,,
2026-08-31T02:34:42.666198+00:00,LibGen,LibGen.li,UP,200,753,,
2026-08-31T02:35:42.724274+00:00,LibGen,LibGen.li,UP,200,705,,
2026-08-31T02:36:42.516008+00:00,LibGen,LibGen.li,UP,200,815,,
2026-08-31T02:37:43.780138+00:00,LibGen,LibGen.li,UP,200,1736,,
2026-08-31T02:38:44.661000+00:00,LibGen,LibGen.li,UP,200,848,,
2026-08-31T02:39:45.202104+00:00,LibGen,LibGen.li,UP,200,713,,
2026-08-31T02:40:44.873491+00:00,LibGen,LibGen.li,UP,200,895,,
2026-08-31T02:41:44.456810+00:00,LibGen,LibGen.li,UP,200,802,,
2026-08-31T02:42:45.676037+00:00,LibGen,LibGen.li,UP,200,342,,
2026-08-31T02:43:45.335476+00:00,LibGen,LibGen.li,UP,200,725,,
2026-08-31T02:44:44.966128+00:00,LibGen,LibGen.li,UP,200,335,,
2026-08-31T02:45:45.187875+00:00,LibGen,LibGen.li,UP,200,617,,
2026-08-31T02:46:45.918921+00:00,LibGen,LibGen.li,UP,200,819,,
2026-08-31T02:47:46.375858+00:00,LibGen,LibGen.li,UP,200,778,,
2026-08-31T02:48:46.973608+00:00,LibGen,LibGen.li,UP,200,1063,,
2026-08-31T02:49:47.707547+00:00,LibGen,LibGen.li,UP,200,775,,
2026-08-31T02:50:47.472484+00:00,LibGen,LibGen.li,UP,200,854,,
2026-08-31T02:51:48.799619+00:00,LibGen,LibGen.li,UP,200,828,,
2026-08-31T02:52:47.913168+00:00,LibGen,LibGen.li,UP,200,823,,
2026-08-31T02:53:48.174869+00:00,LibGen,LibGen.li,UP,200,798,,
2026-08-31T02:54:48.568811+00:00,LibGen,LibGen.li,UP,200,705,,
2026-08-31T02:55:48.745087+00:00,LibGen,LibGen.li,UP,200,700,,
2026-08-31T02:56:48.832640+00:00,LibGen,LibGen.li,UP,200,778,,
2026-08-31T02:57:49.285078+00:00,LibGen,LibGen.li,UP,200,739,,
2026-08-31T02:58:49.778441+00:00,LibGen,LibGen.li,UP,200,784,,
2026-08-31T02:59:49.788871+00:00,LibGen,LibGen.li,UP,200,642,,
2026-08-31T03:00:49.984550+00:00,LibGen,LibGen.li,UP,200,769,,
2026-08-31T03:01:50.751315+00:00,LibGen,LibGen.li,UP,200,812,,
2026-08-31T03:02:50.205267+00:00,LibGen,LibGen.li,UP,200,715,,
2026-08-31T03:03:51.176463+00:00,LibGen,LibGen.li,UP,200,1022,,
2026-08-31T03:04:51.602455+00:00,LibGen,LibGen.li,UP,200,756,,
2026-08-31T03:05:50.992891+00:00,LibGen,LibGen.li,UP,200,789,,
2026-08-31T03:06:51.641168+00:00,LibGen,LibGen.li,UP,200,915,,
2026-08-31T03:07:52.328724+00:00,LibGen,LibGen.li,UP,200,1444,,
2026-08-31T03:08:52.486000+00:00,LibGen,LibGen.li,UP,200,734,,
2026-08-31T03:09:53.538805+00:00,LibGen,LibGen.li,UP,200,641,,
2026-08-31T03:11:12.138943+00:00,LibGen,LibGen.li,TIMEOUT,,,timeout,
2026-08-31T03:12:12.707383+00:00,LibGen,LibGen.li,TIMEOUT,,,timeout,
2026-08-31T03:12:52.957346+00:00,LibGen,LibGen.li,DOWN,500,810,http_error,
2026-08-31T03:13:53.834211+00:00,LibGen,LibGen.li,UP,200,1114,,
2026-08-31T03:15:00.947088+00:00,LibGen,LibGen.li,DEGRADED,200,7850,latency_high,
2026-08-31T03:15:54.520550+00:00,LibGen,LibGen.li,UP,200,769,,
2026-08-31T03:16:54.749359+00:00,LibGen,LibGen.li,UP,200,892,,
2026-08-31T03:17:58.792948+00:00,LibGen,LibGen.li,DEGRADED,200,3753,latency_high,
2026-08-31T03:18:55.229863+00:00,LibGen,LibGen.li,UP,200,738,,
2026-08-31T03:19:56.159115+00:00,LibGen,LibGen.li,UP,200,1428,,
2026-08-31T03:20:56.065649+00:00,LibGen,LibGen.li,UP,200,871,,
2026-08-31T03:21:56.317471+00:00,LibGen,LibGen.li,UP,200,806,,
2026-08-31T03:22:57.708258+00:00,LibGen,LibGen.li,UP,200,815,,
2026-08-31T03:23:57.713361+00:00,LibGen,LibGen.li,UP,200,716,,
2026-08-31T03:24:57.765688+00:00,LibGen,LibGen.li,UP,200,815,,
2026-08-31T03:25:58.524568+00:00,LibGen,LibGen.li,UP,200,796,,
2026-08-31T03:26:58.631588+00:00,LibGen,LibGen.li,UP,200,996,,
2026-08-31T03:27:59.251056+00:00,LibGen,LibGen.li,UP,200,1043,,
2026-08-31T03:28:59.979132+00:00,LibGen,LibGen.li,UP,200,1530,,
2026-08-31T03:30:00.402751+00:00,LibGen,LibGen.li,UP,200,961,,
2026-08-31T03:31:01.345607+00:00,LibGen,LibGen.li,UP,200,1268,,
2026-08-31T03:32:01.320540+00:00,LibGen,LibGen.li,UP,200,347,,
2026-08-31T03:33:02.186590+00:00,LibGen,LibGen.li,UP,200,802,,
2026-08-31T03:34:01.982341+00:00,LibGen,LibGen.li,UP,200,922,,
2026-08-31T03:35:03.870591+00:00,LibGen,LibGen.li,UP,200,1426,,
2026-08-31T03:36:04.384744+00:00,LibGen,LibGen.li,UP,200,1204,,
2026-08-31T03:37:04.312568+00:00,LibGen,LibGen.li,UP,200,1106,,
2026-08-31T03:38:03.485400+00:00,LibGen,LibGen.li,UP,200,678,,
2026-08-31T03:39:04.094045+00:00,LibGen,LibGen.li,UP,200,946,,
2026-08-31T03:40:04.238985+00:00,LibGen,LibGen.li,UP,200,1276,,
2026-08-31T03:41:04.068144+00:00,LibGen,LibGen.li,UP,200,361,,
2026-08-31T03:42:04.865193+00:00,LibGen,LibGen.li,UP,200,806,,
2026-08-31T03:43:05.799908+00:00,LibGen,LibGen.li,UP,200,1037,,
2026-08-31T03:44:05.942498+00:00,LibGen,LibGen.li,UP,200,632,,
2026-08-31T03:45:07.193187+00:00,LibGen,LibGen.li,DOWN,500,943,http_error,
2026-08-31T03:46:07.109926+00:00,LibGen,LibGen.li,UP,200,777,,
2026-08-31T03:47:07.584902+00:00,LibGen,LibGen.li,UP,200,746,,
2026-08-31T03:48:08.292571+00:00,LibGen,LibGen.li,UP,200,1073,,
2026-08-31T03:49:09.113543+00:00,LibGen,LibGen.li,UP,200,593,,
2026-08-31T03:50:08.782104+00:00,LibGen,LibGen.li,UP,200,701,,
2026-08-31T03:51:10.817852+00:00,LibGen,LibGen.li,UP,200,1758,,
2026-08-31T03:52:10.342228+00:00,LibGen,LibGen.li,UP,200,616,,
2026-08-31T03:53:09.852473+00:00,LibGen,LibGen.li,UP,200,910,,
2026-08-31T03:54:11.754890+00:00,LibGen,LibGen.li,UP,200,656,,
2026-08-31T03:55:11.911667+00:00,LibGen,LibGen.li,UP,200,750,,
2026-08-31T03:56:12.396889+00:00,LibGen,LibGen.li,UP,200,750,,
2026-08-31T03:57:12.137832+00:00,LibGen,LibGen.li,UP,200,748,,
2026-08-31T03:58:13.237675+00:00,LibGen,LibGen.li,UP,200,715,,
2026-08-31T03:59:36.674829+00:00,LibGen,LibGen.li,DOWN,,,connection_refused,
2026-08-31T04:00:14.075431+00:00,LibGen,LibGen.li,UP,200,1352,,
2026-08-31T04:01:14.068150+00:00,LibGen,LibGen.li,UP,200,769,,
2026-08-31T04:02:15.527007+00:00,LibGen,LibGen.li,UP,200,918,,
2026-08-31T04:03:14.443110+00:00,LibGen,LibGen.li,UP,200,684,,
2026-08-31T04:04:14.963582+00:00,LibGen,LibGen.li,UP,200,734,,
2026-08-31T04:05:15.237474+00:00,LibGen,LibGen.li,UP,200,805,,
2026-08-31T04:06:15.574880+00:00,LibGen,LibGen.li,UP,200,776,,
2026-08-31T04:07:15.812995+00:00,LibGen,LibGen.li,UP,200,880,,
2026-08-31T04:08:17.039827+00:00,LibGen,LibGen.li,UP,200,1008,,
2026-08-31T04:09:17.037637+00:00,LibGen,LibGen.li,UP,200,689,,
2026-08-31T04:10:17.740275+00:00,LibGen,LibGen.li,UP,200,805,,
2026-08-31T04:11:19.115409+00:00,LibGen,LibGen.li,UP,200,1082,,
2026-08-31T04:12:17.022080+00:00,LibGen,LibGen.li,DOWN,500,235,http_error,
2026-08-31T04:13:18.578236+00:00,LibGen,LibGen.li,UP,200,780,,
2026-08-31T04:14:19.958182+00:00,LibGen,LibGen.li,UP,200,798,,
2026-08-31T04:15:19.960817+00:00,LibGen,LibGen.li,UP,200,705,,
2026-08-31T04:16:20.222517+00:00,LibGen,LibGen.li,UP,200,824,,
2026-08-31T04:17:20.023893+00:00,LibGen,LibGen.li,UP,200,596,,
2026-08-31T04:18:21.752598+00:00,LibGen,LibGen.li,UP,200,878,,
2026-08-31T04:19:20.767057+00:00,LibGen,LibGen.li,UP,200,345,,
2026-08-31T04:20:21.619988+00:00,LibGen,LibGen.li,UP,200,1138,,
2026-08-31T04:21:21.673804+00:00,LibGen,LibGen.li,UP,200,686,,
2026-08-31T04:22:23.015379+00:00,LibGen,LibGen.li,UP,200,1473,,
2026-08-31T04:23:22.148857+00:00,LibGen,LibGen.li,UP,200,686,,
2026-08-31T04:24:23.025242+00:00,LibGen,LibGen.li,UP,200,676,,
2026-08-31T04:25:43.600865+00:00,LibGen,LibGen.li,DOWN,,,connection_refused,
2026-08-31T04:26:22.863316+00:00,LibGen,LibGen.li,UP,200,728,,
2026-08-31T04:27:23.455629+00:00,LibGen,LibGen.li,UP,200,691,,
2026-08-31T04:28:23.092064+00:00,LibGen,LibGen.li,UP,200,310,,
2026-08-31T04:29:23.879375+00:00,LibGen,LibGen.li,UP,200,615,,
2026-08-31T04:30:24.220933+00:00,LibGen,LibGen.li,UP,200,867,,
2026-08-31T04:31:44.748924+00:00,LibGen,LibGen.li,DOWN,,,connection_refused,
2026-08-31T04:32:24.938847+00:00,LibGen,LibGen.li,UP,200,598,,
2026-08-31T04:33:24.774974+00:00,LibGen,LibGen.li,UP,200,821,,
2026-08-31T04:34:25.197597+00:00,LibGen,LibGen.li,UP,200,712,,
2026-08-31T04:35:25.307219+00:00,LibGen,LibGen.li,DOWN,500,699,http_error,
2026-08-31T04:36:25.677514+00:00,LibGen,LibGen.li,UP,200,260,,
2026-08-31T04:37:26.238406+00:00,LibGen,LibGen.li,UP,200,827,,
2026-08-31T04:38:26.818196+00:00,LibGen,LibGen.li,UP,200,498,,
2026-08-31T04:39:27.936541+00:00,LibGen,LibGen.li,UP,200,673,,
2026-08-31T04:40:28.102661+00:00,LibGen,LibGen.li,UP,200,332,,
2026-08-31T04:41:28.239375+00:00,LibGen,LibGen.li,UP,200,703,,
2026-08-31T04:42:28.045270+00:00,LibGen,LibGen.li,UP,200,332,,
2026-08-31T04:43:29.938067+00:00,LibGen,LibGen.li,UP,200,825,,
2026-08-31T04:44:29.928980+00:00,LibGen,LibGen.li,UP,200,717,,
2026-08-31T04:45:30.257266+00:00,LibGen,LibGen.li,UP,200,714,,
2026-08-31T04:46:30.661949+00:00,LibGen,LibGen.li,UP,200,640,,
2026-08-31T04:47:30.370148+00:00,LibGen,LibGen.li,UP,200,264,,
2026-08-31T04:48:30.995587+00:00,LibGen,LibGen.li,UP,200,678,,
2026-08-31T04:49:32.241034+00:00,LibGen,LibGen.li,UP,200,807,,
2026-08-31T04:50:32.853156+00:00,LibGen,LibGen.li,UP,200,2213,,
2026-08-31T04:51:31.687739+00:00,LibGen,LibGen.li,UP,200,745,,
2026-08-31T04:52:31.962009+00:00,LibGen,LibGen.li,UP,200,915,,
2026-08-31T04:53:32.258047+00:00,LibGen,LibGen.li,UP,200,693,,
2026-08-31T04:54:31.804555+00:00,LibGen,LibGen.li,UP,200,714,,
2026-08-31T04:55:32.418245+00:00,LibGen,LibGen.li,UP,200,773,,
2026-08-31T04:56:33.137700+00:00,LibGen,LibGen.li,UP,200,1115,,
2026-08-31T04:57:34.802401+00:00,LibGen,LibGen.li,UP,200,951,,
2026-08-31T04:58:34.432376+00:00,LibGen,LibGen.li,UP,200,720,,
2026-08-31T04:59:35.436892+00:00,LibGen,LibGen.li,UP,200,1529,,
2026-08-31T05:00:34.560441+00:00,LibGen,LibGen.li,UP,200,778,,
2026-08-31T05:01:34.674660+00:00,LibGen,LibGen.li,UP,200,743,,
2026-08-31T05:02:36.486502+00:00,LibGen,LibGen.li,UP,200,609,,
2026-08-31T05:03:35.206449+00:00,LibGen,LibGen.li,UP,200,689,,
2026-08-31T05:04:36.635950+00:00,LibGen,LibGen.li,UP,200,748,,
2026-08-31T05:05:37.725775+00:00,LibGen,LibGen.li,UP,200,1670,,
2026-08-31T05:06:48.354999+00:00,LibGen,LibGen.li,DEGRADED,200,10494,latency_high,
2026-08-31T05:07:38.123874+00:00,LibGen,LibGen.li,UP,200,1512,,
2026-08-31T05:08:40.627766+00:00,LibGen,LibGen.li,DEGRADED,200,3655,latency_high,
2026-08-31T05:09:42.688898+00:00,LibGen,LibGen.li,DEGRADED,200,5407,latency_high,
2026-08-31T05:10:39.209750+00:00,LibGen,LibGen.li,UP,200,1060,,
2026-08-31T05:11:43.603806+00:00,LibGen,LibGen.li,DEGRADED,200,4969,latency_high,
2026-08-31T05:12:39.740891+00:00,LibGen,LibGen.li,UP,200,608,,
2026-08-31T05:13:39.614531+00:00,LibGen,LibGen.li,DOWN,,,connection_refused,
2026-08-31T05:14:41.700098+00:00,LibGen,LibGen.li,UP,200,868,,
2026-08-31T05:16:01.758815+00:00,LibGen,LibGen.li,DOWN,,,connection_refused,
2026-08-31T05:17:00.188935+00:00,LibGen,LibGen.li,TIMEOUT,,,timeout,
2026-08-31T05:17:56.012153+00:00,LibGen,LibGen.li,DOWN,500,16057,http_error,
2026-08-31T05:18:42.913252+00:00,LibGen,LibGen.li,UP,200,876,,
2026-08-31T05:19:42.878567+00:00,LibGen,LibGen.li,UP,200,729,,
2026-08-31T05:20:41.951466+00:00,LibGen,LibGen.li,UP,200,732,,
2026-08-31T05:21:43.524441+00:00,LibGen,LibGen.li,UP,200,778,,
2026-08-31T05:23:02.754674+00:00,LibGen,LibGen.li,DOWN,,,connection_refused,
2026-08-31T05:24:03.904014+00:00,LibGen,LibGen.li,DOWN,,,connection_refused,
2026-08-31T05:24:49.938740+00:00,LibGen,LibGen.li,DEGRADED,200,5511,latency_high,
2026-08-31T05:25:46.690079+00:00,LibGen,LibGen.li,UP,200,1604,,
2026-08-31T05:26:46.448916+00:00,LibGen,LibGen.li,UP,200,1395,,
2026-08-31T05:27:46.865899+00:00,LibGen,LibGen.li,UP,200,840,,
2026-08-31T05:28:48.630671+00:00,LibGen,LibGen.li,UP,200,603,,
2026-08-31T05:29:49.124815+00:00,LibGen,LibGen.li,UP,200,768,,
2026-08-31T05:30:50.213690+00:00,LibGen,LibGen.li,UP,200,752,,
2026-08-31T05:31:49.279438+00:00,LibGen,LibGen.li,UP,200,693,,
2026-08-31T05:32:51.569964+00:00,LibGen,LibGen.li,UP,200,2761,,
2026-08-31T05:33:50.221401+00:00,LibGen,LibGen.li,UP,200,692,,
2026-08-31T05:34:49.537922+00:00,LibGen,LibGen.li,UP,200,665,,
2026-08-31T05:35:54.740013+00:00,LibGen,LibGen.li,DEGRADED,200,4720,latency_high,
2026-08-31T05:36:50.713718+00:00,LibGen,LibGen.li,UP,200,872,,
2026-08-31T05:37:51.888607+00:00,LibGen,LibGen.li,UP,200,742,,
2026-08-31T05:38:52.857563+00:00,LibGen,LibGen.li,UP,200,660,,
2026-08-31T05:39:53.762504+00:00,LibGen,LibGen.li,UP,200,731,,
2026-08-31T05:40:53.581532+00:00,LibGen,LibGen.li,UP,200,1042,,
2026-08-31T05:41:56.486712+00:00,LibGen,LibGen.li,UP,200,707,,
2026-08-31T05:42:54.332112+00:00,LibGen,LibGen.li,DOWN,500,734,http_error,
2026-08-31T05:43:55.590904+00:00,LibGen,LibGen.li,UP,200,978,,
2026-08-31T05:44:55.172086+00:00,LibGen,LibGen.li,UP,200,815,,
2026-08-31T05:45:55.532918+00:00,LibGen,LibGen.li,UP,200,701,,
2026-08-31T05:46:55.815968+00:00,LibGen,LibGen.li,UP,200,900,,
2026-08-31T05:47:58.476874+00:00,LibGen,LibGen.li,UP,200,2308,,
2026-08-31T05:48:56.339913+00:00,LibGen,LibGen.li,UP,200,631,,
2026-08-31T05:49:57.016272+00:00,LibGen,LibGen.li,UP,200,746,,
2026-08-31T05:50:57.353675+00:00,LibGen,LibGen.li,UP,200,870,,
2026-08-31T05:51:57.847188+00:00,LibGen,LibGen.li,UP,200,828,,
2026-08-31T05:53:01.753702+00:00,LibGen,LibGen.li,DEGRADED,200,3765,latency_high,
2026-08-31T05:54:00.628220+00:00,LibGen,LibGen.li,UP,200,2007,,
2026-08-31T05:55:00.926602+00:00,LibGen,LibGen.li,UP,200,2245,,
2026-08-31T05:56:02.838503+00:00,LibGen,LibGen.li,DEGRADED,200,4160,latency_high,
2026-08-31T05:57:01.364354+00:00,LibGen,LibGen.li,UP,200,2770,,
2026-08-31T05:58:02.265868+00:00,LibGen,LibGen.li,UP,200,1020,,
2026-08-31T05:59:01.134527+00:00,LibGen,LibGen.li,UP,200,955,,
2026-08-31T06:00:00.937300+00:00,LibGen,LibGen.li,UP,200,1023,,
2026-08-31T06:01:00.359253+00:00,LibGen,LibGen.li,UP,200,373,,
2026-08-31T06:02:01.607086+00:00,LibGen,LibGen.li,UP,200,691,,
2026-08-31T06:03:01.540420+00:00,LibGen,LibGen.li,UP,200,714,,
2026-08-31T06:04:01.842942+00:00,LibGen,LibGen.li,UP,200,1112,,
2026-08-31T06:05:03.028462+00:00,LibGen,LibGen.li,UP,200,1813,,
2026-08-31T06:06:01.780141+00:00,LibGen,LibGen.li,UP,200,787,,
2026-08-31T06:07:01.336714+00:00,LibGen,LibGen.li,UP,200,332,,
2026-08-31T06:08:02.528963+00:00,LibGen,LibGen.li,UP,200,779,,
2026-08-31T06:09:03.189086+00:00,LibGen,LibGen.li,UP,200,919,,
2026-08-31T06:10:03.797404+00:00,LibGen,LibGen.li,UP,200,1359,,
2026-08-31T06:11:04.448808+00:00,LibGen,LibGen.li,UP,200,1648,,
2026-08-31T06:12:03.897636+00:00,LibGen,LibGen.li,UP,200,844,,
2026-08-31T06:13:07.139593+00:00,LibGen,LibGen.li,DEGRADED,200,4419,latency_high,
2026-08-31T06:14:03.555430+00:00,LibGen,LibGen.li,UP,200,619,,
2026-08-31T06:15:26.511525+00:00,LibGen,LibGen.li,DOWN,,,connection_refused,
2026-08-31T06:16:08.505486+00:00,LibGen,LibGen.li,DEGRADED,200,4030,latency_high,
2026-08-31T06:17:04.992057+00:00,LibGen,LibGen.li,UP,200,720,,
2026-08-31T06:18:05.961014+00:00,LibGen,LibGen.li,UP,200,823,,
2026-08-31T06:19:05.701325+00:00,LibGen,LibGen.li,UP,200,420,,
2026-08-31T06:20:08.597083+00:00,LibGen,LibGen.li,UP,200,1012,,
2026-08-31T06:21:06.860863+00:00,LibGen,LibGen.li,UP,200,1302,,
2026-08-31T06:22:10.251009+00:00,LibGen,LibGen.li,DEGRADED,200,4218,latency_high,
2026-08-31T06:23:09.890287+00:00,LibGen,LibGen.li,DEGRADED,200,3813,latency_high,
2026-08-31T06:24:07.477751+00:00,LibGen,LibGen.li,UP,200,754,,
2026-08-31T06:25:09.062851+00:00,LibGen,LibGen.li,UP,200,1820,,
2026-08-31T06:26:08.952929+00:00,LibGen,LibGen.li,UP,200,689,,
2026-08-31T06:27:08.854385+00:00,LibGen,LibGen.li,UP,200,899,,
2026-08-31T06:28:09.175595+00:00,LibGen,LibGen.li,UP,200,779,,
2026-08-31T06:29:09.667910+00:00,LibGen,LibGen.li,UP,200,733,,
2026-08-31T06:30:09.506601+00:00,LibGen,LibGen.li,UP,200,903,,
2026-08-31T06:31:09.027085+00:00,LibGen,LibGen.li,UP,200,725,,
2026-08-31T06:32:12.002004+00:00,LibGen,LibGen.li,UP,200,794,,
2026-08-31T06:33:12.214859+00:00,LibGen,LibGen.li,UP,200,2580,,
2026-08-31T06:34:10.480698+00:00,LibGen,LibGen.li,UP,200,1197,,
2026-08-31T06:35:10.404590+00:00,LibGen,LibGen.li,UP,200,862,,
2026-08-31T06:36:10.082903+00:00,LibGen,LibGen.li,UP,200,434,,
2026-08-31T06:37:10.806136+00:00,LibGen,LibGen.li,UP,200,1071,,
2026-08-31T06:38:10.695052+00:00,LibGen,LibGen.li,UP,200,786,,
2026-08-31T06:39:11.875228+00:00,LibGen,LibGen.li,UP,200,1041,,
2026-08-31T06:40:12.056511+00:00,LibGen,LibGen.li,UP,200,814,,
2026-08-31T06:41:11.936247+00:00,LibGen,LibGen.li,UP,200,981,,
2026-08-31T06:42:12.613020+00:00,LibGen,LibGen.li,UP,200,559,,
2026-08-31T06:43:11.680931+00:00,LibGen,LibGen.li,UP,200,629,,
2026-08-31T06:44:11.732196+00:00,LibGen,LibGen.li,UP,200,669,,
2026-08-31T06:45:15.740220+00:00,LibGen,LibGen.li,DEGRADED,200,3048,latency_high,
2026-08-31T06:46:33.075669+00:00,LibGen,LibGen.li,DOWN,,,connection_refused,
2026-08-31T06:47:15.758381+00:00,LibGen,LibGen.li,UP,200,2463,,
2026-08-31T06:48:13.942383+00:00,LibGen,LibGen.li,UP,200,712,,
2026-08-31T06:49:16.043959+00:00,LibGen,LibGen.li,UP,200,2702,,
2026-08-31T06:50:34.466645+00:00,LibGen,LibGen.li,DOWN,,,connection_refused,
2026-08-31T06:51:14.690414+00:00,LibGen,LibGen.li,UP,200,694,,
2026-08-31T06:52:17.715559+00:00,LibGen,LibGen.li,DEGRADED,200,3701,latency_high,
2026-08-31T06:53:14.951356+00:00,LibGen,LibGen.li,UP,200,684,,
2026-08-31T06:54:19.464767+00:00,LibGen,LibGen.li,DEGRADED,200,4292,latency_high,
2026-08-31T06:55:35.253127+00:00,LibGen,LibGen.li,DOWN,,,connection_refused,
2026-08-31T06:56:15.557749+00:00,LibGen,LibGen.li,UP,200,700,,
2026-08-31T06:57:17.435130+00:00,LibGen,LibGen.li,UP,200,1942,,
2026-08-31T06:58:16.491498+00:00,LibGen,LibGen.li,UP,200,682,,
2026-08-31T06:59:16.875650+00:00,LibGen,LibGen.li,UP,200,728,,
2026-08-31T07:00:18.776518+00:00,LibGen,LibGen.li,UP,200,824,,
2026-08-31T07:01:18.341123+00:00,LibGen,LibGen.li,UP,200,784,,
2026-08-31T07:02:19.005825+00:00,LibGen,LibGen.li,UP,200,716,,
2026-08-31T07:03:21.759028+00:00,LibGen,LibGen.li,UP,200,2151,,
2026-08-31T07:04:20.398099+00:00,LibGen,LibGen.li,UP,200,807,,
2026-08-31T07:05:21.792674+00:00,LibGen,LibGen.li,UP,200,1022,,
2026-08-31T07:06:21.920271+00:00,LibGen,LibGen.li,DOWN,500,922,http_error,
2026-08-31T07:07:22.464182+00:00,LibGen,LibGen.li,UP,200,715,,
2026-08-31T07:08:27.878549+00:00,LibGen,LibGen.li,DEGRADED,200,5386,latency_high,
2026-08-31T07:09:26.409072+00:00,LibGen,LibGen.li,UP,200,872,,
2026-08-31T07:10:25.619063+00:00,LibGen,LibGen.li,UP,200,1031,,
2026-08-31T07:11:26.621806+00:00,LibGen,LibGen.li,UP,200,1322,,
2026-08-31T07:12:26.738095+00:00,LibGen,LibGen.li,UP,200,1108,,
2026-08-31T07:13:27.017086+00:00,LibGen,LibGen.li,UP,200,625,,
2026-08-31T07:14:48.592234+00:00,LibGen,LibGen.li,DOWN,,,connection_refused,
2026-08-31T07:15:47.621044+00:00,LibGen,LibGen.li,TIMEOUT,,,timeout,
2026-08-31T07:16:28.641857+00:00,LibGen,LibGen.li,UP,200,754,,
2026-08-31T07:17:29.701334+00:00,LibGen,LibGen.li,UP,200,935,,
2026-08-31T07:18:30.764514+00:00,LibGen,LibGen.li,UP,200,683,,
2026-08-31T07:19:31.337673+00:00,LibGen,LibGen.li,UP,200,660,,
2026-08-31T07:20:37.216741+00:00,LibGen,LibGen.li,DEGRADED,200,6310,latency_high,
2026-08-31T07:21:34.432404+00:00,LibGen,LibGen.li,UP,200,2881,,
2026-08-31T07:22:35.950760+00:00,LibGen,LibGen.li,DEGRADED,200,3750,latency_high,
2026-08-31T07:23:33.484071+00:00,LibGen,LibGen.li,DOWN,500,700,http_error,
2026-08-31T07:24:36.540585+00:00,LibGen,LibGen.li,UP,200,1955,,
2026-08-31T07:25:35.566968+00:00,LibGen,LibGen.li,UP,200,927,,
2026-08-31T07:26:36.637880+00:00,LibGen,LibGen.li,UP,200,1619,,
2026-08-31T07:27:36.374770+00:00,LibGen,LibGen.li,UP,200,717,,
2026-08-31T07:28:37.388635+00:00,LibGen,LibGen.li,UP,200,653,,
2026-08-31T07:29:37.666416+00:00,LibGen,LibGen.li,UP,200,679,,
2026-08-31T07:30:39.321471+00:00,LibGen,LibGen.li,UP,200,822,,
2026-08-31T07:31:58.823458+00:00,LibGen,LibGen.li,TIMEOUT,,,timeout,
2026-08-31T07:32:39.680664+00:00,LibGen,LibGen.li,UP,200,747,,
2026-08-31T07:33:44.806943+00:00,LibGen,LibGen.li,DEGRADED,200,5221,latency_high,
2026-08-31T07:34:42.844552+00:00,LibGen,LibGen.li,UP,200,2460,,
2026-08-31T07:35:42.915690+00:00,LibGen,LibGen.li,UP,200,1581,,
2026-08-31T07:36:42.244566+00:00,LibGen,LibGen.li,UP,200,727,,
2026-08-31T07:37:43.022773+00:00,LibGen,LibGen.li,UP,200,729,,
2026-08-31T07:38:44.036107+00:00,LibGen,LibGen.li,UP,200,876,,
2026-08-31T07:39:44.830359+00:00,LibGen,LibGen.li,UP,200,768,,
2026-08-31T07:40:49.660907+00:00,LibGen,LibGen.li,DEGRADED,200,4684,latency_high,
2026-08-31T07:41:45.875190+00:00,LibGen,LibGen.li,UP,200,724,,
2026-08-31T07:42:47.596021+00:00,LibGen,LibGen.li,UP,200,1687,,
2026-08-31T07:43:47.435907+00:00,LibGen,LibGen.li,UP,200,748,,
2026-08-31T07:44:48.395533+00:00,LibGen,LibGen.li,UP,200,709,,
2026-08-31T07:45:50.096151+00:00,LibGen,LibGen.li,UP,200,1114,,
2026-08-31T07:46:49.925476+00:00,LibGen,LibGen.li,UP,200,740,,
2026-08-31T07:47:50.398880+00:00,LibGen,LibGen.li,UP,200,1010,,
2026-08-31T07:49:10.848820+00:00,LibGen,LibGen.li,DOWN,,,connection_refused,
2026-08-31T07:49:51.841707+00:00,LibGen,LibGen.li,UP,200,724,,
2026-08-31T07:50:52.285911+00:00,LibGen,LibGen.li,UP,200,808,,
2026-08-31T07:51:53.484251+00:00,LibGen,LibGen.li,UP,200,879,,
2026-08-31T07:52:53.739226+00:00,LibGen,LibGen.li,UP,200,865,,
2026-08-31T07:53:54.808436+00:00,LibGen,LibGen.li,UP,200,1079,,
2026-08-31T07:54:54.832180+00:00,LibGen,LibGen.li,UP,200,892,,
2026-08-31T07:55:55.892388+00:00,LibGen,LibGen.li,UP,200,946,,
2026-08-31T07:56:56.964770+00:00,LibGen,LibGen.li,UP,200,1247,,
2026-08-31T07:57:57.060705+00:00,LibGen,LibGen.li,UP,200,847,,
2026-08-31T07:59:01.221538+00:00,LibGen,LibGen.li,DEGRADED,200,4793,latency_high,
2026-08-31T08:00:00.129874+00:00,LibGen,LibGen.li,DEGRADED,200,3123,latency_high,
2026-08-31T08:01:01.141548+00:00,LibGen,LibGen.li,UP,200,2929,,
2026-08-31T08:02:04.231498+00:00,LibGen,LibGen.li,DEGRADED,200,5625,latency_high,
2026-08-31T08:03:00.600567+00:00,LibGen,LibGen.li,UP,200,1121,,
2026-08-31T08:04:01.891460+00:00,LibGen,LibGen.li,UP,200,873,,
2026-08-31T08:05:02.449826+00:00,LibGen,LibGen.li,UP,200,1393,,
2026-08-31T08:06:03.492966+00:00,LibGen,LibGen.li,UP,200,1500,,
2026-08-31T08:07:07.184343+00:00,LibGen,LibGen.li,DEGRADED,200,4449,latency_high,
2026-08-31T08:08:05.351387+00:00,LibGen,LibGen.li,UP,200,2064,,
2026-08-31T08:09:05.132665+00:00,LibGen,LibGen.li,UP,200,819,,
2026-08-31T08:10:05.769419+00:00,LibGen,LibGen.li,UP,200,826,,
2026-08-31T08:11:06.865471+00:00,LibGen,LibGen.li,UP,200,791,,
2026-08-31T08:12:06.308573+00:00,LibGen,LibGen.li,UP,200,621,,
2026-08-31T08:13:07.174700+00:00,LibGen,LibGen.li,UP,200,755,,
2026-08-31T08:14:10.212198+00:00,LibGen,LibGen.li,UP,200,1938,,
2026-08-31T08:15:09.757606+00:00,LibGen,LibGen.li,UP,200,1144,,
2026-08-31T08:16:08.913932+00:00,LibGen,LibGen.li,UP,200,690,,
2026-08-31T08:17:10.081986+00:00,LibGen,LibGen.li,UP,200,717,,
2026-08-31T08:18:30.517996+00:00,LibGen,LibGen.li,DOWN,,,connection_refused,
2026-08-31T08:19:11.367539+00:00,LibGen,LibGen.li,UP,200,799,,
2026-08-31T08:20:11.874712+00:00,LibGen,LibGen.li,UP,200,349,,
2026-08-31T08:21:13.190011+00:00,LibGen,LibGen.li,UP,200,903,,
2026-08-31T08:22:13.523940+00:00,LibGen,LibGen.li,UP,200,678,,
2026-08-31T08:23:13.965635+00:00,LibGen,LibGen.li,UP,200,835,,
2026-08-31T08:24:15.806479+00:00,LibGen,LibGen.li,UP,200,689,,
2026-08-31T08:25:14.737703+00:00,LibGen,LibGen.li,UP,200,290,,
2026-08-31T08:26:19.623338+00:00,LibGen,LibGen.li,UP,200,2984,,
2026-08-31T08:27:17.617451+00:00,LibGen,LibGen.li,UP,200,1660,,
2026-08-31T08:28:18.530796+00:00,LibGen,LibGen.li,UP,200,915,,
2026-08-31T08:29:20.764748+00:00,LibGen,LibGen.li,UP,200,1278,,
2026-08-31T08:30:21.814409+00:00,LibGen,LibGen.li,DEGRADED,200,3824,latency_high,
2026-08-31T08:31:21.896732+00:00,LibGen,LibGen.li,UP,200,2242,,
2026-08-31T08:32:21.072535+00:00,LibGen,LibGen.li,UP,200,1158,,
2026-08-31T08:33:21.228583+00:00,LibGen,LibGen.li,UP,200,1001,,
2026-08-31T08:34:22.091309+00:00,LibGen,LibGen.li,UP,200,1188,,
2026-08-31T08:35:22.638404+00:00,LibGen,LibGen.li,UP,200,1005,,
2026-08-31T08:36:23.827267+00:00,LibGen,LibGen.li,UP,200,1114,,
2026-08-31T08:37:23.952932+00:00,LibGen,LibGen.li,UP,200,922,,
2026-08-31T08:38:25.837138+00:00,LibGen,LibGen.li,UP,200,1122,,
2026-08-31T08:39:25.637457+00:00,LibGen,LibGen.li,UP,200,843,,
2026-08-31T08:40:28.742408+00:00,LibGen,LibGen.li,DEGRADED,200,3751,latency_high,
2026-08-31T08:41:32.535757+00:00,LibGen,LibGen.li,DEGRADED,200,6739,latency_high,
2026-08-31T08:42:27.035301+00:00,LibGen,LibGen.li,UP,200,723,,
2026-08-31T08:43:28.244038+00:00,LibGen,LibGen.li,UP,200,935,,
2026-08-31T08:44:28.694733+00:00,LibGen,LibGen.li,UP,200,777,,
2026-08-31T08:45:49.169048+00:00,LibGen,LibGen.li,DOWN,,,connection_refused,
2026-08-31T08:46:29.869695+00:00,LibGen,LibGen.li,UP,200,671,,
2026-08-31T08:47:31.415505+00:00,LibGen,LibGen.li,UP,200,1309,,
2026-08-31T08:48:32.095106+00:00,LibGen,LibGen.li,UP,200,773,,
2026-08-31T08:49:32.974956+00:00,LibGen,LibGen.li,UP,200,1267,,
2026-08-31T08:50:32.822147+00:00,LibGen,LibGen.li,UP,200,377,,
2026-08-31T08:51:36.160302+00:00,LibGen,LibGen.li,UP,200,1758,,
2026-08-31T08:52:34.721520+00:00,LibGen,LibGen.li,UP,200,696,,
2026-08-31T08:53:36.197246+00:00,LibGen,LibGen.li,UP,200,1067,,
2026-08-31T08:54:36.775308+00:00,LibGen,LibGen.li,UP,200,753,,
2026-08-31T08:55:36.550464+00:00,LibGen,LibGen.li,UP,200,269,,
2026-08-31T08:56:38.649223+00:00,LibGen,LibGen.li,UP,200,687,,
2026-08-31T08:57:39.452780+00:00,LibGen,LibGen.li,UP,200,802,,
2026-08-31T08:58:39.560871+00:00,LibGen,LibGen.li,UP,200,712,,
2026-08-31T08:59:41.767024+00:00,LibGen,LibGen.li,UP,200,795,,
2026-08-31T09:00:41.219158+00:00,LibGen,LibGen.li,UP,200,868,,
2026-08-31T09:01:41.843143+00:00,LibGen,LibGen.li,UP,200,348,,
2026-08-31T09:02:46.734075+00:00,LibGen,LibGen.li,DEGRADED,200,4243,latency_high,
2026-08-31T09:03:43.650422+00:00,LibGen,LibGen.li,UP,200,770,,
2026-08-31T09:04:43.647322+00:00,LibGen,LibGen.li,UP,200,312,,
2026-08-31T09:06:05.959396+00:00,LibGen,LibGen.li,DOWN,,,connection_refused,
2026-08-31T09:06:47.742154+00:00,LibGen,LibGen.li,UP,200,783,,
2026-08-31T09:07:47.036139+00:00,LibGen,LibGen.li,UP,200,722,,
2026-08-31T09:08:47.158866+00:00,LibGen,LibGen.li,UP,200,1121,,
2026-08-31T09:09:47.596570+00:00,LibGen,LibGen.li,UP,200,838,,
2026-08-31T09:10:49.770161+00:00,LibGen,LibGen.li,UP,200,1101,,
2026-08-31T09:11:49.147185+00:00,LibGen,LibGen.li,UP,200,791,,
2026-08-31T09:12:50.894562+00:00,LibGen,LibGen.li,UP,200,1298,,
2026-08-31T09:13:50.850444+00:00,LibGen,LibGen.li,UP,200,956,,
2026-08-31T09:14:52.770587+00:00,LibGen,LibGen.li,UP,200,1760,,
2026-08-31T09:15:51.957461+00:00,LibGen,LibGen.li,UP,200,628,,
2026-08-31T09:16:55.746679+00:00,LibGen,LibGen.li,DEGRADED,200,3728,latency_high,
2026-08-31T09:17:53.330492+00:00,LibGen,LibGen.li,UP,200,584,,
2026-08-31T09:18:54.782796+00:00,LibGen,LibGen.li,UP,200,928,,
2026-08-31T09:19:55.026886+00:00,LibGen,LibGen.li,UP,200,613,,
2026-08-31T09:21:16.445388+00:00,LibGen,LibGen.li,DOWN,,,connection_refused,
2026-08-31T09:21:56.767757+00:00,LibGen,LibGen.li,UP,200,1006,,
2026-08-31T09:22:57.604978+00:00,LibGen,LibGen.li,UP,200,1049,,
2026-08-31T09:23:58.600338+00:00,LibGen,LibGen.li,UP,200,1041,,
2026-08-31T09:25:01.346464+00:00,LibGen,LibGen.li,DEGRADED,200,3331,latency_high,
2026-08-31T09:26:01.935489+00:00,LibGen,LibGen.li,UP,200,2921,,
2026-08-31T09:27:00.954463+00:00,LibGen,LibGen.li,UP,200,791,,
2026-08-31T09:28:16.057736+00:00,LibGen,LibGen.li,DEGRADED,200,15425,latency_high,
2026-08-31T09:29:02.659824+00:00,LibGen,LibGen.li,UP,200,854,,
2026-08-31T09:30:06.926294+00:00,LibGen,LibGen.li,DEGRADED,200,4363,latency_high,
2026-08-31T09:31:03.748193+00:00,LibGen,LibGen.li,UP,200,870,,
2026-08-31T09:32:03.619338+00:00,LibGen,LibGen.li,UP,200,714,,
2026-08-31T09:33:04.037721+00:00,LibGen,LibGen.li,UP,200,726,,
2026-08-31T09:34:04.567937+00:00,LibGen,LibGen.li,UP,200,708,,
2026-08-31T09:35:05.320142+00:00,LibGen,LibGen.li,UP,200,780,,
2026-08-31T09:36:06.081834+00:00,LibGen,LibGen.li,UP,200,696,,
2026-08-31T09:37:07.412640+00:00,LibGen,LibGen.li,UP,200,816,,
2026-08-31T09:38:08.376186+00:00,LibGen,LibGen.li,UP,200,1060,,
2026-08-31T09:39:08.307857+00:00,LibGen,LibGen.li,UP,200,682,,
2026-08-31T09:40:09.699560+00:00,LibGen,LibGen.li,UP,200,840,,
2026-08-31T09:41:10.439768+00:00,LibGen,LibGen.li,UP,200,301,,
2026-08-31T09:42:10.649241+00:00,LibGen,LibGen.li,UP,200,766,,
2026-08-31T09:43:14.346736+00:00,LibGen,LibGen.li,DEGRADED,200,3204,latency_high,
2026-08-31T09:44:13.277085+00:00,LibGen,LibGen.li,UP,200,856,,
2026-08-31T09:45:32.594820+00:00,LibGen,LibGen.li,TIMEOUT,,,timeout,
2026-08-31T09:46:33.405395+00:00,LibGen,LibGen.li,TIMEOUT,,,timeout,
2026-08-31T09:47:34.391918+00:00,LibGen,LibGen.li,TIMEOUT,,,timeout,
2026-08-31T09:48:15.177104+00:00,LibGen,LibGen.li,UP,200,696,,
2026-08-31T09:49:15.933769+00:00,LibGen,LibGen.li,UP,200,780,,
2026-08-31T09:50:17.095000+00:00,LibGen,LibGen.li,UP,200,1117,,
2026-08-31T09:51:17.908062+00:00,LibGen,LibGen.li,UP,200,795,,
2026-08-31T09:52:18.465155+00:00,LibGen,LibGen.li,UP,200,711,,
2026-08-31T09:53:19.488016+00:00,LibGen,LibGen.li,UP,200,836,,
2026-08-31T09:54:19.702077+00:00,LibGen,LibGen.li,UP,200,769,,
2026-08-31T09:55:20.443644+00:00,LibGen,LibGen.li,UP,200,637,,
2026-08-31T09:56:21.474858+00:00,LibGen,LibGen.li,UP,200,597,,
2026-08-31T09:57:25.748775+00:00,LibGen,LibGen.li,DEGRADED,200,4044,latency_high,
2026-08-31T09:58:22.703177+00:00,LibGen,LibGen.li,UP,200,785,,
2026-08-31T09:59:24.288379+00:00,LibGen,LibGen.li,UP,200,659,,
2026-08-31T10:00:24.579976+00:00,LibGen,LibGen.li,UP,200,848,,
2026-08-31T10:01:24.828900+00:00,LibGen,LibGen.li,UP,200,792,,
2026-08-31T10:02:25.681918+00:00,LibGen,LibGen.li,UP,200,867,,
2026-08-31T10:03:26.462112+00:00,LibGen,LibGen.li,UP,200,678,,
2026-08-31T10:04:39.621798+00:00,LibGen,LibGen.li,DEGRADED,200,13054,latency_high,
2026-08-31T10:05:31.272735+00:00,LibGen,LibGen.li,DEGRADED,200,4043,latency_high,
2026-08-31T10:06:29.554652+00:00,LibGen,LibGen.li,UP,200,800,,
2026-08-31T10:07:33.360150+00:00,LibGen,LibGen.li,UP,200,752,,
2026-08-31T10:08:31.796238+00:00,LibGen,LibGen.li,UP,200,766,,
2026-08-31T10:09:32.709209+00:00,LibGen,LibGen.li,UP,200,1375,,
2026-08-31T10:10:32.595746+00:00,LibGen,LibGen.li,UP,200,752,,
2026-08-31T10:11:34.529863+00:00,LibGen,LibGen.li,UP,200,1587,,
2026-08-31T10:12:34.959981+00:00,LibGen,LibGen.li,UP,200,1960,,
2026-08-31T10:13:34.660784+00:00,LibGen,LibGen.li,UP,200,1079,,
2026-08-31T10:14:34.872796+00:00,LibGen,LibGen.li,UP,200,585,,
2026-08-31T10:15:35.840179+00:00,LibGen,LibGen.li,UP,200,957,,
2026-08-31T10:16:35.765622+00:00,LibGen,LibGen.li,UP,200,864,,
2026-08-31T10:17:36.963199+00:00,LibGen,LibGen.li,UP,200,1143,,
2026-08-31T10:18:37.610067+00:00,LibGen,LibGen.li,UP,200,671,,
2026-08-31T10:19:38.174985+00:00,LibGen,LibGen.li,UP,200,959,,
2026-08-31T10:20:58.414228+00:00,LibGen,LibGen.li,TIMEOUT,,,timeout,
2026-08-31T10:21:40.614755+00:00,LibGen,LibGen.li,UP,200,1323,,
2026-08-31T10:22:41.315834+00:00,LibGen,LibGen.li,UP,200,745,,
2026-08-31T10:23:41.068519+00:00,LibGen,LibGen.li,UP,200,713,,
2026-08-31T10:24:42.398468+00:00,LibGen,LibGen.li,UP,200,715,,
2026-08-31T10:25:46.351981+00:00,LibGen,LibGen.li,DEGRADED,200,3942,latency_high,
2026-08-31T10:26:43.964406+00:00,LibGen,LibGen.li,UP,200,875,,
2026-08-31T10:28:04.679169+00:00,LibGen,LibGen.li,DOWN,,,connection_refused,
2026-08-31T10:29:05.895440+00:00,LibGen,LibGen.li,DOWN,,,connection_refused,
2026-08-31T10:29:47.956038+00:00,LibGen,LibGen.li,UP,200,762,,
2026-08-31T10:30:46.494121+00:00,LibGen,LibGen.li,UP,200,777,,
2026-08-31T10:31:47.278766+00:00,LibGen,LibGen.li,UP,200,784,,
2026-08-31T10:32:47.960332+00:00,LibGen,LibGen.li,UP,200,710,,
2026-08-31T10:33:49.753941+00:00,LibGen,LibGen.li,UP,200,1268,,
2026-08-31T10:34:49.923241+00:00,LibGen,LibGen.li,UP,200,675,,
2026-08-31T10:35:52.180512+00:00,LibGen,LibGen.li,UP,200,2308,,
2026-08-31T10:36:52.873005+00:00,LibGen,LibGen.li,UP,200,1809,,
2026-08-31T10:37:54.220225+00:00,LibGen,LibGen.li,UP,200,2647,,
2026-08-31T10:38:58.104039+00:00,LibGen,LibGen.li,DEGRADED,200,5769,latency_high,
2026-08-31T10:39:53.185922+00:00,LibGen,LibGen.li,UP,200,590,,
2026-08-31T10:40:54.181796+00:00,LibGen,LibGen.li,UP,200,777,,
2026-08-31T10:41:54.964938+00:00,LibGen,LibGen.li,UP,200,799,,
2026-08-31T10:42:54.998760+00:00,LibGen,LibGen.li,DOWN,,,connection_refused,
2026-08-31T10:43:56.521747+00:00,LibGen,LibGen.li,UP,200,737,,
2026-08-31T10:44:57.370141+00:00,LibGen,LibGen.li,UP,200,629,,
2026-08-31T10:45:58.324321+00:00,LibGen,LibGen.li,UP,200,905,,
2026-08-31T10:47:20.788977+00:00,LibGen,LibGen.li,DOWN,,,connection_refused,
2026-08-31T10:48:03.793338+00:00,LibGen,LibGen.li,DEGRADED,200,5007,latency_high,
2026-08-31T10:49:01.715447+00:00,LibGen,LibGen.li,UP,200,2176,,
2026-08-31T10:50:00.923449+00:00,LibGen,LibGen.li,DOWN,500,1031,http_error,
2026-08-31T10:51:02.311897+00:00,LibGen,LibGen.li,UP,200,952,,
2026-08-31T10:52:02.572307+00:00,LibGen,LibGen.li,UP,200,809,,
2026-08-31T10:53:08.233004+00:00,LibGen,LibGen.li,DEGRADED,200,5597,latency_high,
2026-08-31T10:54:06.483924+00:00,LibGen,LibGen.li,UP,200,960,,
2026-08-31T10:55:04.749247+00:00,LibGen,LibGen.li,UP,200,741,,
2026-08-31T10:56:05.189488+00:00,LibGen,LibGen.li,UP,200,744,,
2026-08-31T10:57:05.825100+00:00,LibGen,LibGen.li,UP,200,258,,
2026-08-31T10:58:05.350937+00:00,LibGen,LibGen.li,UP,200,618,,
2026-08-31T10:59:06.102080+00:00,LibGen,LibGen.li,UP,200,753,,
2026-08-31T11:00:10.152750+00:00,LibGen,LibGen.li,DEGRADED,200,3841,latency_high,
2026-08-31T11:01:08.583466+00:00,LibGen,LibGen.li,UP,200,1166,,
2026-08-31T11:02:08.906205+00:00,LibGen,LibGen.li,UP,200,795,,
2026-08-31T11:03:10.045268+00:00,LibGen,LibGen.li,UP,200,810,,
2026-08-31T11:04:10.838426+00:00,LibGen,LibGen.li,UP,200,933,,
2026-08-31T11:05:11.773492+00:00,LibGen,LibGen.li,UP,200,970,,
2026-08-31T11:06:12.584843+00:00,LibGen,LibGen.li,UP,200,596,,
2026-08-31T11:07:23.121803+00:00,LibGen,LibGen.li,DEGRADED,200,10991,latency_high,
2026-08-31T11:08:14.165394+00:00,LibGen,LibGen.li,UP,200,715,,
2026-08-31T11:09:14.540558+00:00,LibGen,LibGen.li,UP,200,761,,
2026-08-31T11:10:15.739478+00:00,LibGen,LibGen.li,UP,200,823,,
2026-08-31T11:11:16.337186+00:00,LibGen,LibGen.li,UP,200,985,,
2026-08-31T11:12:18.269976+00:00,LibGen,LibGen.li,UP,200,1011,,
2026-08-31T11:13:37.816095+00:00,LibGen,LibGen.li,DOWN,,,connection_refused,
2026-08-31T11:14:20.410389+00:00,LibGen,LibGen.li,UP,200,721,,
2026-08-31T11:15:21.906821+00:00,LibGen,LibGen.li,UP,200,2182,,
2026-08-31T11:16:21.426789+00:00,LibGen,LibGen.li,UP,200,1377,,
2026-08-31T11:17:35.829608+00:00,LibGen,LibGen.li,DEGRADED,200,15432,latency_high,
2026-08-31T11:18:23.030943+00:00,LibGen,LibGen.li,UP,200,1433,,
2026-08-31T11:19:22.664898+00:00,LibGen,LibGen.li,UP,200,776,,
2026-08-31T11:20:24.342980+00:00,LibGen,LibGen.li,UP,200,1275,,
2026-08-31T11:21:24.237161+00:00,LibGen,LibGen.li,UP,200,785,,
2026-08-31T11:22:25.448501+00:00,LibGen,LibGen.li,UP,200,1100,,
2026-08-31T11:23:26.385226+00:00,LibGen,LibGen.li,UP,200,828,,
2026-08-31T11:24:27.429779+00:00,LibGen,LibGen.li,UP,200,783,,
2026-08-31T11:25:27.584180+00:00,LibGen,LibGen.li,UP,200,823,,
2026-08-31T11:26:31.591630+00:00,LibGen,LibGen.li,DEGRADED,200,3817,latency_high,
2026-08-31T11:27:31.081911+00:00,LibGen,LibGen.li,UP,200,1070,,
2026-08-31T11:28:30.701111+00:00,LibGen,LibGen.li,UP,200,767,,
2026-08-31T11:29:31.282265+00:00,LibGen,LibGen.li,UP,200,986,,
2026-08-31T11:30:30.910705+00:00,LibGen,LibGen.li,UP,200,377,,
2026-08-31T11:31:32.338096+00:00,LibGen,LibGen.li,UP,200,816,,
2026-08-31T11:32:33.832708+00:00,LibGen,LibGen.li,UP,200,1262,,
2026-08-31T11:33:33.748986+00:00,LibGen,LibGen.li,UP,200,826,,
2026-08-31T11:34:38.620746+00:00,LibGen,LibGen.li,DEGRADED,200,3965,latency_high,
2026-08-31T11:35:35.286860+00:00,LibGen,LibGen.li,UP,200,823,,
2026-08-31T11:36:35.681369+00:00,LibGen,LibGen.li,UP,200,765,,
2026-08-31T11:37:36.901354+00:00,LibGen,LibGen.li,UP,200,850,,
2026-08-31T11:38:38.642777+00:00,LibGen,LibGen.li,UP,200,735,,
2026-08-31T11:39:39.583527+00:00,LibGen,LibGen.li,UP,200,1227,,
2026-08-31T11:40:38.913149+00:00,LibGen,LibGen.li,UP,200,1442,,
2026-08-31T11:41:39.316505+00:00,LibGen,LibGen.li,UP,200,701,,
2026-08-31T11:42:40.598616+00:00,LibGen,LibGen.li,UP,200,992,,
2026-08-31T11:43:41.293426+00:00,LibGen,LibGen.li,UP,200,968,,
2026-08-31T11:44:42.582150+00:00,LibGen,LibGen.li,UP,200,857,,
2026-08-31T11:45:41.661592+00:00,LibGen,LibGen.li,UP,200,879,,
2026-08-31T11:46:41.972778+00:00,LibGen,LibGen.li,UP,200,640,,
2026-08-31T11:47:41.630770+00:00,LibGen,LibGen.li,UP,200,322,,
2026-08-31T11:48:44.299419+00:00,LibGen,LibGen.li,UP,200,1981,,
2026-08-31T11:49:43.891388+00:00,LibGen,LibGen.li,UP,200,920,,
2026-08-31T11:50:44.560826+00:00,LibGen,LibGen.li,UP,200,732,,
2026-08-31T11:51:45.290173+00:00,LibGen,LibGen.li,UP,200,733,,
2026-08-31T11:52:46.269854+00:00,LibGen,LibGen.li,UP,200,856,,
2026-08-31T11:53:47.025752+00:00,LibGen,LibGen.li,UP,200,268,,
2026-08-31T11:54:46.530067+00:00,LibGen,LibGen.li,UP,200,679,,
2026-08-31T11:55:48.331983+00:00,LibGen,LibGen.li,UP,200,1128,,
2026-08-31T11:56:49.581728+00:00,LibGen,LibGen.li,UP,200,1654,,
2026-08-31T11:57:47.938415+00:00,LibGen,LibGen.li,UP,200,718,,
2026-08-31T11:58:48.156578+00:00,LibGen,LibGen.li,UP,200,501,,
2026-08-31T11:59:49.789207+00:00,LibGen,LibGen.li,UP,200,1067,,
2026-08-31T12:00:49.898592+00:00,LibGen,LibGen.li,UP,200,1022,,
2026-08-31T12:01:51.076423+00:00,LibGen,LibGen.li,UP,200,1141,,
2026-08-31T12:02:52.102520+00:00,LibGen,LibGen.li,UP,200,943,,
2026-08-31T12:03:52.409872+00:00,LibGen,LibGen.li,UP,200,750,,
2026-08-31T12:04:53.207170+00:00,LibGen,LibGen.li,UP,200,744,,
2026-08-31T12:05:54.230056+00:00,LibGen,LibGen.li,UP,200,829,,
2026-08-31T12:06:54.748844+00:00,LibGen,LibGen.li,UP,200,936,,
2026-08-31T12:08:15.559927+00:00,LibGen,LibGen.li,DOWN,,,connection_refused,
2026-08-31T12:08:56.413467+00:00,LibGen,LibGen.li,UP,200,1123,,
2026-08-31T12:09:57.551907+00:00,LibGen,LibGen.li,UP,200,977,,
2026-08-31T12:10:57.942162+00:00,LibGen,LibGen.li,UP,200,766,,
2026-08-31T12:11:58.357482+00:00,LibGen,LibGen.li,UP,200,864,,
2026-08-31T12:13:00.526155+00:00,LibGen,LibGen.li,UP,200,2041,,
2026-08-31T12:13:59.636418+00:00,LibGen,LibGen.li,UP,200,1029,,
2026-08-31T12:14:59.817072+00:00,LibGen,LibGen.li,UP,200,1420,,
2026-08-31T12:15:59.558753+00:00,LibGen,LibGen.li,UP,200,833,,
2026-08-31T12:17:01.578492+00:00,LibGen,LibGen.li,UP,200,1035,,
2026-08-31T12:18:01.839007+00:00,LibGen,LibGen.li,UP,200,1332,,
2026-08-31T12:19:02.633354+00:00,LibGen,LibGen.li,UP,200,925,,
2026-08-31T12:20:02.232106+00:00,LibGen,LibGen.li,UP,200,1073,,
2026-08-31T12:21:02.215122+00:00,LibGen,LibGen.li,UP,200,939,,
2026-08-31T12:22:03.425729+00:00,LibGen,LibGen.li,UP,200,1252,,
2026-08-31T12:23:23.730707+00:00,LibGen,LibGen.li,DOWN,,,connection_refused,
2026-08-31T12:24:05.796872+00:00,LibGen,LibGen.li,UP,200,1291,,
2026-08-31T12:25:08.491838+00:00,LibGen,LibGen.li,DEGRADED,200,3951,latency_high,
2026-08-31T12:26:05.978242+00:00,LibGen,LibGen.li,UP,200,924,,
2026-08-31T12:27:06.364657+00:00,LibGen,LibGen.li,UP,200,847,,
2026-08-31T12:28:06.104617+00:00,LibGen,LibGen.li,UP,200,1028,,
2026-08-31T12:29:06.406519+00:00,LibGen,LibGen.li,UP,200,1174,,
2026-08-31T12:30:07.011760+00:00,LibGen,LibGen.li,UP,200,335,,
2026-08-31T12:31:07.199269+00:00,LibGen,LibGen.li,UP,200,1186,,
2026-08-31T12:32:08.018517+00:00,LibGen,LibGen.li,UP,200,804,,
2026-08-31T12:33:07.515605+00:00,LibGen,LibGen.li,UP,200,916,,
2026-08-31T12:34:08.801034+00:00,LibGen,LibGen.li,UP,200,1030,,
2026-08-31T12:35:09.405777+00:00,LibGen,LibGen.li,UP,200,688,,
2026-08-31T12:36:08.598074+00:00,LibGen,LibGen.li,UP,200,270,,
2026-08-31T12:37:09.975897+00:00,LibGen,LibGen.li,UP,200,775,,
2026-08-31T12:38:10.914307+00:00,LibGen,LibGen.li,UP,200,803,,
2026-08-31T12:39:11.894868+00:00,LibGen,LibGen.li,UP,200,891,,
2026-08-31T12:40:14.686946+00:00,LibGen,LibGen.li,UP,200,2968,,
2026-08-31T12:41:13.293050+00:00,LibGen,LibGen.li,UP,200,776,,
2026-08-31T12:42:15.282646+00:00,LibGen,LibGen.li,UP,200,1692,,
2026-08-31T12:43:15.620887+00:00,LibGen,LibGen.li,UP,200,1297,,
2026-08-31T12:44:15.459263+00:00,LibGen,LibGen.li,UP,200,1151,,
2026-08-31T12:45:16.459476+00:00,LibGen,LibGen.li,UP,200,1255,,
2026-08-31T12:46:16.603193+00:00,LibGen,LibGen.li,UP,200,930,,
2026-08-31T12:47:16.651962+00:00,LibGen,LibGen.li,UP,200,925,,
2026-08-31T12:48:16.966335+00:00,LibGen,LibGen.li,UP,200,775,,
2026-08-31T12:49:17.326057+00:00,LibGen,LibGen.li,UP,200,685,,
2026-08-31T12:50:18.609250+00:00,LibGen,LibGen.li,UP,200,772,,
2026-08-31T12:51:18.972255+00:00,LibGen,LibGen.li,DOWN,500,720,http_error,
2026-08-31T12:52:20.483103+00:00,LibGen,LibGen.li,DOWN,500,1312,http_error,
2026-08-31T12:53:21.338648+00:00,LibGen,LibGen.li,UP,200,834,,
2026-08-31T12:54:22.843133+00:00,LibGen,LibGen.li,UP,200,862,,
2026-08-31T12:55:23.942160+00:00,LibGen,LibGen.li,UP,200,1016,,
2026-08-31T12:56:23.661959+00:00,LibGen,LibGen.li,UP,200,796,,
2026-08-31T12:57:23.794733+00:00,LibGen,LibGen.li,DOWN,,,connection_refused,
2026-08-31T12:58:26.870201+00:00,LibGen,LibGen.li,UP,200,795,,
2026-08-31T12:59:26.212328+00:00,LibGen,LibGen.li,UP,200,613,,
2026-08-31T13:00:28.427936+00:00,LibGen,LibGen.li,UP,200,1873,,
2026-08-31T13:01:28.545578+00:00,LibGen,LibGen.li,UP,200,1066,,
2026-08-31T13:02:29.631298+00:00,LibGen,LibGen.li,UP,200,905,,
2026-08-31T13:03:29.302752+00:00,LibGen,LibGen.li,UP,200,789,,
2026-08-31T13:04:29.013465+00:00,LibGen,LibGen.li,UP,200,304,,
2026-08-31T13:05:29.949218+00:00,LibGen,LibGen.li,UP,200,741,,
2026-08-31T13:06:30.738462+00:00,LibGen,LibGen.li,UP,200,1399,,
2026-08-31T13:07:30.178585+00:00,LibGen,LibGen.li,UP,200,338,,
2026-08-31T13:08:52.339937+00:00,LibGen,LibGen.li,DOWN,,,connection_refused,
2026-08-31T13:09:32.219407+00:00,LibGen,LibGen.li,UP,200,1334,,
2026-08-31T13:10:32.639021+00:00,LibGen,LibGen.li,UP,200,949,,
2026-08-31T13:11:33.597871+00:00,LibGen,LibGen.li,UP,200,1358,,
2026-08-31T13:12:33.201578+00:00,LibGen,LibGen.li,UP,200,575,,
2026-08-31T13:13:33.701655+00:00,LibGen,LibGen.li,DOWN,500,624,http_error,
2026-08-31T13:14:35.104568+00:00,LibGen,LibGen.li,UP,200,793,,
2026-08-31T13:15:34.668461+00:00,LibGen,LibGen.li,UP,200,617,,
2026-08-31T13:16:36.433644+00:00,LibGen,LibGen.li,UP,200,1130,,
2026-08-31T13:17:36.656389+00:00,LibGen,LibGen.li,UP,200,390,,
2026-08-31T13:18:37.633699+00:00,LibGen,LibGen.li,UP,200,789,,
2026-08-31T13:19:38.667900+00:00,LibGen,LibGen.li,UP,200,861,,
2026-08-31T13:20:39.062311+00:00,LibGen,LibGen.li,UP,200,839,,
2026-08-31T13:21:39.009391+00:00,LibGen,LibGen.li,UP,200,755,,
2026-08-31T13:22:39.819245+00:00,LibGen,LibGen.li,UP,200,1226,,
2026-08-31T13:23:40.674512+00:00,LibGen,LibGen.li,UP,200,1047,,
2026-08-31T13:24:41.335353+00:00,LibGen,LibGen.li,UP,200,705,,
2026-08-31T13:25:42.240544+00:00,LibGen,LibGen.li,UP,200,909,,
2026-08-31T13:26:42.368707+00:00,LibGen,LibGen.li,UP,200,336,,
2026-08-31T13:27:43.494470+00:00,LibGen,LibGen.li,UP,200,1132,,
2026-08-31T13:28:44.034163+00:00,LibGen,LibGen.li,UP,200,939,,
2026-08-31T13:29:45.284735+00:00,LibGen,LibGen.li,UP,200,1310,,
2026-08-31T13:30:46.910343+00:00,LibGen,LibGen.li,UP,200,2902,,
2026-08-31T13:31:46.303953+00:00,LibGen,LibGen.li,UP,200,1047,,
2026-08-31T13:32:46.464250+00:00,LibGen,LibGen.li,UP,200,733,,
2026-08-31T13:34:07.624214+00:00,LibGen,LibGen.li,DOWN,,,connection_refused,
2026-08-31T13:34:47.475653+00:00,LibGen,LibGen.li,UP,200,813,,
2026-08-31T13:35:47.931208+00:00,LibGen,LibGen.li,UP,200,851,,
2026-08-31T13:36:48.647610+00:00,LibGen,LibGen.li,UP,200,894,,
2026-08-31T13:37:51.725846+00:00,LibGen,LibGen.li,DEGRADED,200,3843,latency_high,
2026-08-31T13:38:49.889100+00:00,LibGen,LibGen.li,UP,200,821,,
2026-08-31T13:39:50.037934+00:00,LibGen,LibGen.li,UP,200,674,,
2026-08-31T13:40:52.236816+00:00,LibGen,LibGen.li,UP,200,760,,
2026-08-31T13:41:52.015935+00:00,LibGen,LibGen.li,UP,200,966,,
2026-08-31T13:42:52.568272+00:00,LibGen,LibGen.li,UP,200,713,,
2026-08-31T13:43:53.580727+00:00,LibGen,LibGen.li,UP,200,743,,
2026-08-31T13:44:52.979722+00:00,LibGen,LibGen.li,UP,200,310,,
2026-08-31T13:45:53.798045+00:00,LibGen,LibGen.li,UP,200,942,,
2026-08-31T13:46:53.998641+00:00,LibGen,LibGen.li,UP,200,1073,,
2026-08-31T13:47:54.148023+00:00,LibGen,LibGen.li,UP,200,911,,
2026-08-31T13:48:54.867769+00:00,LibGen,LibGen.li,UP,200,1696,,
2026-08-31T13:49:54.325648+00:00,LibGen,LibGen.li,UP,200,712,,
2026-08-31T13:50:54.361268+00:00,LibGen,LibGen.li,UP,200,759,,
2026-08-31T13:51:54.670310+00:00,LibGen,LibGen.li,UP,200,922,,
2026-08-31T13:52:54.872451+00:00,LibGen,LibGen.li,UP,200,848,,
2026-08-31T13:53:55.371401+00:00,LibGen,LibGen.li,UP,200,894,,
2026-08-31T13:54:55.503177+00:00,LibGen,LibGen.li,UP,200,329,,
2026-08-31T13:55:56.589744+00:00,LibGen,LibGen.li,UP,200,808,,
2026-08-31T13:56:57.477396+00:00,LibGen,LibGen.li,UP,200,959,,
2026-08-31T13:57:58.257696+00:00,LibGen,LibGen.li,UP,200,824,,
2026-08-31T13:58:58.292022+00:00,LibGen,LibGen.li,UP,200,824,,
2026-08-31T13:59:59.421523+00:00,LibGen,LibGen.li,UP,200,1029,,
2026-08-31T14:00:59.886485+00:00,LibGen,LibGen.li,UP,200,755,,
2026-08-31T14:01:59.792301+00:00,LibGen,LibGen.li,UP,200,706,,
2026-08-31T14:03:00.597955+00:00,LibGen,LibGen.li,UP,200,817,,
2026-08-31T14:04:01.096028+00:00,LibGen,LibGen.li,UP,200,1029,,
2026-08-31T14:05:01.239673+00:00,LibGen,LibGen.li,UP,200,736,,
2026-08-31T14:06:02.516895+00:00,LibGen,LibGen.li,UP,200,2267,,
2026-08-31T14:07:01.938198+00:00,LibGen,LibGen.li,UP,200,970,,
2026-08-31T14:08:02.253625+00:00,LibGen,LibGen.li,UP,200,1033,,
2026-08-31T14:09:03.138541+00:00,LibGen,LibGen.li,UP,200,980,,
2026-08-31T14:10:03.471571+00:00,LibGen,LibGen.li,UP,200,1236,,
2026-08-31T14:11:03.646482+00:00,LibGen,LibGen.li,UP,200,1095,,
2026-08-31T14:12:03.740794+00:00,LibGen,LibGen.li,UP,200,1061,,
2026-08-31T14:13:24.962759+00:00,LibGen,LibGen.li,DOWN,,,connection_refused,
2026-08-31T14:14:04.817499+00:00,LibGen,LibGen.li,UP,200,1066,,
2026-08-31T14:15:04.973799+00:00,LibGen,LibGen.li,UP,200,876,,
2026-08-31T14:16:06.115692+00:00,LibGen,LibGen.li,UP,200,874,,
2026-08-31T14:17:06.749561+00:00,LibGen,LibGen.li,UP,200,822,,
2026-08-31T14:18:06.745170+00:00,LibGen,LibGen.li,DOWN,500,829,http_error,
2026-08-31T14:19:07.714842+00:00,LibGen,LibGen.li,UP,200,866,,
2026-08-31T14:20:09.784870+00:00,LibGen,LibGen.li,UP,200,1620,,
2026-08-31T14:21:08.544355+00:00,LibGen,LibGen.li,UP,200,795,,
2026-08-31T14:22:29.887521+00:00,LibGen,LibGen.li,DOWN,,,connection_refused,
2026-08-31T14:23:09.891218+00:00,LibGen,LibGen.li,UP,200,830,,
2026-08-31T14:24:10.036183+00:00,LibGen,LibGen.li,UP,200,649,,
2026-08-31T14:25:11.997140+00:00,LibGen,LibGen.li,UP,200,834,,
2026-08-31T14:26:13.463862+00:00,LibGen,LibGen.li,UP,200,870,,
2026-08-31T14:27:14.331950+00:00,LibGen,LibGen.li,UP,200,2596,,
2026-08-31T14:28:13.744167+00:00,LibGen,LibGen.li,UP,200,791,,
2026-08-31T14:29:14.161323+00:00,LibGen,LibGen.li,UP,200,329,,
2026-08-31T14:30:16.673246+00:00,LibGen,LibGen.li,UP,200,964,,
2026-08-31T14:31:16.729067+00:00,LibGen,LibGen.li,UP,200,1747,,
2026-08-31T14:32:16.236712+00:00,LibGen,LibGen.li,UP,200,798,,
2026-08-31T14:33:36.780736+00:00,LibGen,LibGen.li,DOWN,,,connection_refused,
2026-08-31T14:34:18.396068+00:00,LibGen,LibGen.li,UP,200,1721,,
2026-08-31T14:35:19.865949+00:00,LibGen,LibGen.li,UP,200,2649,,
2026-08-31T14:36:21.009125+00:00,LibGen,LibGen.li,UP,200,690,,
2026-08-31T14:37:39.834849+00:00,LibGen,LibGen.li,DOWN,,,connection_refused,
2026-08-31T14:38:19.915009+00:00,LibGen,LibGen.li,UP,200,714,,
2026-08-31T14:39:20.470848+00:00,LibGen,LibGen.li,UP,200,826,,
2026-08-31T14:40:20.705838+00:00,LibGen,LibGen.li,UP,200,614,,
2026-08-31T14:41:21.129213+00:00,LibGen,LibGen.li,UP,200,840,,
2026-08-31T14:42:22.645785+00:00,LibGen,LibGen.li,UP,200,794,,
2026-08-31T14:43:23.126058+00:00,LibGen,LibGen.li,UP,200,924,,
2026-08-31T14:44:23.417494+00:00,LibGen,LibGen.li,UP,200,734,,
2026-08-31T14:45:24.350426+00:00,LibGen,LibGen.li,UP,200,849,,
2026-08-31T14:46:44.776908+00:00,LibGen,LibGen.li,DOWN,,,connection_refused,
2026-08-31T14:47:26.369547+00:00,LibGen,LibGen.li,UP,200,1063,,
2026-08-31T14:48:26.864593+00:00,LibGen,LibGen.li,UP,200,1032,,
2026-08-31T14:49:28.165056+00:00,LibGen,LibGen.li,UP,200,2382,,
2026-08-31T14:50:27.733274+00:00,LibGen,LibGen.li,UP,200,936,,
2026-08-31T14:51:27.296078+00:00,LibGen,LibGen.li,UP,200,848,,
2026-08-31T14:52:27.980843+00:00,LibGen,LibGen.li,DOWN,500,644,http_error,
2026-08-31T14:53:29.171770+00:00,LibGen,LibGen.li,UP,200,741,,
2026-08-31T14:54:30.496653+00:00,LibGen,LibGen.li,UP,200,891,,
2026-08-31T14:55:31.641593+00:00,LibGen,LibGen.li,UP,200,950,,
2026-08-31T14:56:31.228134+00:00,LibGen,LibGen.li,UP,200,1072,,
2026-08-31T14:57:31.032265+00:00,LibGen,LibGen.li,UP,200,267,,
2026-08-31T14:58:51.170975+00:00,LibGen,LibGen.li,TIMEOUT,,,timeout,
2026-08-31T14:59:32.912573+00:00,LibGen,LibGen.li,UP,200,754,,
2026-08-31T15:00:32.888808+00:00,LibGen,LibGen.li,UP,200,972,,
2026-08-31T15:01:33.731371+00:00,LibGen,LibGen.li,UP,200,838,,
2026-08-31T15:02:34.497429+00:00,LibGen,LibGen.li,UP,200,682,,
2026-08-31T15:03:35.448501+00:00,LibGen,LibGen.li,UP,200,792,,
2026-08-31T15:04:35.894756+00:00,LibGen,LibGen.li,UP,200,725,,
2026-08-31T15:05:36.118619+00:00,LibGen,LibGen.li,UP,200,834,,
2026-08-31T15:06:37.573373+00:00,LibGen,LibGen.li,UP,200,702,,
2026-08-31T15:07:37.819468+00:00,LibGen,LibGen.li,UP,200,825,,
2026-08-31T15:08:38.555602+00:00,LibGen,LibGen.li,UP,200,982,,
2026-08-31T15:09:58.759218+00:00,LibGen,LibGen.li,DOWN,,,connection_refused,
2026-08-31T15:10:38.561360+00:00,LibGen,LibGen.li,UP,200,586,,
2026-08-31T15:11:38.911833+00:00,LibGen,LibGen.li,UP,200,860,,
2026-08-31T15:12:40.465410+00:00,LibGen,LibGen.li,UP,200,1117,,
2026-08-31T15:13:40.518659+00:00,LibGen,LibGen.li,UP,200,786,,
2026-08-31T15:14:41.338208+00:00,LibGen,LibGen.li,UP,200,753,,
2026-08-31T15:15:42.701963+00:00,LibGen,LibGen.li,UP,200,1111,,
2026-08-31T15:16:43.155958+00:00,LibGen,LibGen.li,UP,200,796,,
2026-08-31T15:17:43.521779+00:00,LibGen,LibGen.li,UP,200,802,,
2026-08-31T15:18:44.246177+00:00,LibGen,LibGen.li,UP,200,888,,
2026-08-31T15:19:46.278856+00:00,LibGen,LibGen.li,DEGRADED,200,3107,latency_high,
2026-08-31T15:20:44.599382+00:00,LibGen,LibGen.li,UP,200,910,,
2026-08-31T15:21:45.501212+00:00,LibGen,LibGen.li,UP,200,761,,
2026-08-31T15:22:44.111736+00:00,LibGen,LibGen.li,UP,200,283,,
2026-08-31T15:23:46.131003+00:00,LibGen,LibGen.li,UP,200,890,,
2026-08-31T15:24:46.391119+00:00,LibGen,LibGen.li,UP,200,779,,
2026-08-31T15:25:47.414025+00:00,LibGen,LibGen.li,UP,200,953,,
2026-08-31T15:26:47.240819+00:00,LibGen,LibGen.li,UP,200,710,,
2026-08-31T15:27:47.630207+00:00,LibGen,LibGen.li,UP,200,675,,
2026-08-31T15:28:48.861909+00:00,LibGen,LibGen.li,UP,200,966,,
2026-08-31T15:29:48.743590+00:00,LibGen,LibGen.li,UP,200,806,,
2026-08-31T15:30:49.177046+00:00,LibGen,LibGen.li,UP,200,1114,,
2026-08-31T15:31:49.086032+00:00,LibGen,LibGen.li,UP,200,664,,
2026-08-31T15:32:49.739070+00:00,LibGen,LibGen.li,UP,200,981,,
2026-08-31T15:33:50.331940+00:00,LibGen,LibGen.li,UP,200,405,,
2026-08-31T15:34:51.544255+00:00,LibGen,LibGen.li,UP,200,1098,,
2026-08-31T15:35:51.482168+00:00,LibGen,LibGen.li,UP,200,633,,
2026-08-31T15:37:12.866759+00:00,LibGen,LibGen.li,DOWN,,,connection_refused,
2026-08-31T15:37:52.762898+00:00,LibGen,LibGen.li,UP,200,775,,
2026-08-31T15:38:54.398863+00:00,LibGen,LibGen.li,UP,200,1218,,
2026-08-31T15:39:55.471298+00:00,LibGen,LibGen.li,UP,200,749,,
2026-08-31T15:40:55.776901+00:00,LibGen,LibGen.li,UP,200,843,,
2026-08-31T15:41:55.370890+00:00,LibGen,LibGen.li,UP,200,837,,
2026-08-31T15:42:54.884101+00:00,LibGen,LibGen.li,UP,200,282,,
2026-08-31T15:43:55.868693+00:00,LibGen,LibGen.li,UP,200,829,,
2026-08-31T15:44:55.625889+00:00,LibGen,LibGen.li,UP,200,300,,
2026-08-31T15:45:56.779028+00:00,LibGen,LibGen.li,UP,200,965,,
2026-08-31T15:46:57.252152+00:00,LibGen,LibGen.li,UP,200,905,,
2026-08-31T15:47:59.106201+00:00,LibGen,LibGen.li,UP,200,1766,,
2026-08-31T15:48:58.416681+00:00,LibGen,LibGen.li,UP,200,914,,
2026-08-31T15:50:00.751928+00:00,LibGen,LibGen.li,UP,200,945,,
2026-08-31T15:50:59.817303+00:00,LibGen,LibGen.li,UP,200,406,,
2026-08-31T15:52:01.177235+00:00,LibGen,LibGen.li,UP,200,1139,,
2026-08-31T15:53:01.364946+00:00,LibGen,LibGen.li,UP,200,869,,
2026-08-31T15:54:00.554629+00:00,LibGen,LibGen.li,UP,200,429,,
2026-08-31T15:55:21.881837+00:00,LibGen,LibGen.li,DOWN,,,connection_refused,
2026-08-31T15:56:02.049570+00:00,LibGen,LibGen.li,UP,200,753,,
2026-08-31T15:57:03.726584+00:00,LibGen,LibGen.li,UP,200,1320,,
2026-08-31T15:58:05.517511+00:00,LibGen,LibGen.li,UP,200,892,,
2026-08-31T15:59:04.159170+00:00,LibGen,LibGen.li,UP,200,794,,
2026-08-31T16:00:04.967092+00:00,LibGen,LibGen.li,UP,200,1144,,
2026-08-31T16:01:05.488074+00:00,LibGen,LibGen.li,UP,200,794,,
2026-08-31T16:02:05.608308+00:00,LibGen,LibGen.li,UP,200,826,,
2026-08-31T16:03:07.603304+00:00,LibGen,LibGen.li,UP,200,1449,,
2026-08-31T16:04:07.213233+00:00,LibGen,LibGen.li,UP,200,685,,
2026-08-31T16:05:08.295598+00:00,LibGen,LibGen.li,UP,200,824,,
2026-08-31T16:06:08.983853+00:00,LibGen,LibGen.li,UP,200,1020,,
2026-08-31T16:07:09.406627+00:00,LibGen,LibGen.li,UP,200,943,,
2026-08-31T16:08:09.736887+00:00,LibGen,LibGen.li,UP,200,768,,
2026-08-31T16:09:13.307502+00:00,LibGen,LibGen.li,DEGRADED,200,3911,latency_high,
2026-08-31T16:10:10.279017+00:00,LibGen,LibGen.li,UP,200,815,,
2026-08-31T16:11:11.762366+00:00,LibGen,LibGen.li,UP,200,1648,,
2026-08-31T16:12:10.886929+00:00,LibGen,LibGen.li,UP,200,805,,
2026-08-31T16:13:11.356626+00:00,LibGen,LibGen.li,UP,200,826,,
2026-08-31T16:14:11.843144+00:00,LibGen,LibGen.li,UP,200,855,,
2026-08-31T16:15:11.288769+00:00,LibGen,LibGen.li,UP,200,289,,
2026-08-31T16:16:12.518059+00:00,LibGen,LibGen.li,UP,200,667,,
2026-08-31T16:17:12.829732+00:00,LibGen,LibGen.li,UP,200,771,,
2026-08-31T16:18:13.834718+00:00,LibGen,LibGen.li,UP,200,796,,
2026-08-31T16:19:15.181740+00:00,LibGen,LibGen.li,UP,200,739,,
2026-08-31T16:20:16.079102+00:00,LibGen,LibGen.li,UP,200,982,,
2026-08-31T16:21:16.941825+00:00,LibGen,LibGen.li,UP,200,1230,,
2026-08-31T16:22:17.394862+00:00,LibGen,LibGen.li,UP,200,1057,,
2026-08-31T16:23:17.333938+00:00,LibGen,LibGen.li,UP,200,863,,
2026-08-31T16:24:17.621826+00:00,LibGen,LibGen.li,UP,200,724,,
2026-08-31T16:25:18.081952+00:00,LibGen,LibGen.li,UP,200,846,,
2026-08-31T16:26:18.329675+00:00,LibGen,LibGen.li,UP,200,735,,
2026-08-31T16:27:20.370309+00:00,LibGen,LibGen.li,UP,200,1228,,
2026-08-31T16:28:18.890570+00:00,LibGen,LibGen.li,UP,200,744,,
2026-08-31T16:29:19.323423+00:00,LibGen,LibGen.li,UP,200,597,,
2026-08-31T16:30:20.063206+00:00,LibGen,LibGen.li,UP,200,944,,
2026-08-31T16:31:19.793467+00:00,LibGen,LibGen.li,UP,200,641,,
2026-08-31T16:32:20.140677+00:00,LibGen,LibGen.li,UP,200,670,,
2026-08-31T16:33:21.078591+00:00,LibGen,LibGen.li,UP,200,812,,
2026-08-31T16:34:23.364644+00:00,LibGen,LibGen.li,UP,200,2821,,
2026-08-31T16:35:22.123302+00:00,LibGen,LibGen.li,UP,200,1148,,
2026-08-31T16:36:22.470432+00:00,LibGen,LibGen.li,UP,200,720,,
2026-08-31T16:37:22.980170+00:00,LibGen,LibGen.li,UP,200,776,,
2026-08-31T16:38:23.005969+00:00,LibGen,LibGen.li,UP,200,618,,
2026-08-31T16:39:23.618627+00:00,LibGen,LibGen.li,UP,200,792,,
2026-08-31T16:40:24.318175+00:00,LibGen,LibGen.li,UP,200,923,,
2026-08-31T16:41:24.834814+00:00,LibGen,LibGen.li,UP,200,731,,
2026-08-31T16:42:24.998527+00:00,LibGen,LibGen.li,UP,200,817,,
2026-08-31T16:43:26.106615+00:00,LibGen,LibGen.li,UP,200,722,,
2026-08-31T16:44:26.856997+00:00,LibGen,LibGen.li,UP,200,972,,
2026-08-31T16:45:27.784070+00:00,LibGen,LibGen.li,UP,200,937,,
2026-08-31T16:46:28.700839+00:00,LibGen,LibGen.li,UP,200,966,,
2026-08-31T16:47:29.506323+00:00,LibGen,LibGen.li,UP,200,904,,
2026-08-31T16:48:29.649146+00:00,LibGen,LibGen.li,UP,200,1264,,
2026-08-31T16:49:29.995576+00:00,LibGen,LibGen.li,UP,200,855,,
2026-08-31T16:50:30.204048+00:00,LibGen,LibGen.li,UP,200,863,,
2026-08-31T16:51:30.830876+00:00,LibGen,LibGen.li,UP,200,922,,
2026-08-31T16:52:30.994776+00:00,LibGen,LibGen.li,UP,200,1057,,
2026-08-31T16:53:31.627787+00:00,LibGen,LibGen.li,UP,200,900,,
2026-08-31T16:54:31.537966+00:00,LibGen,LibGen.li,UP,200,655,,
2026-08-31T16:55:31.903883+00:00,LibGen,LibGen.li,UP,200,1013,,
2026-08-31T16:56:33.618305+00:00,LibGen,LibGen.li,UP,200,714,,
2026-08-31T16:57:33.424392+00:00,LibGen,LibGen.li,UP,200,994,,
2026-08-31T16:58:33.261770+00:00,LibGen,LibGen.li,UP,200,910,,
2026-08-31T16:59:33.727303+00:00,LibGen,LibGen.li,UP,200,1092,,
2026-08-31T17:00:34.059441+00:00,LibGen,LibGen.li,UP,200,964,,
2026-08-31T17:01:34.394112+00:00,LibGen,LibGen.li,UP,200,711,,
2026-08-31T17:02:34.850231+00:00,LibGen,LibGen.li,UP,200,1003,,
2026-08-31T17:03:35.013374+00:00,LibGen,LibGen.li,UP,200,646,,
2026-08-31T17:04:39.032744+00:00,LibGen,LibGen.li,DEGRADED,200,4701,latency_high,
2026-08-31T17:05:35.276143+00:00,LibGen,LibGen.li,UP,200,820,,
2026-08-31T17:06:35.851201+00:00,LibGen,LibGen.li,UP,200,772,,
2026-08-31T17:07:36.122669+00:00,LibGen,LibGen.li,UP,200,667,,
2026-08-31T17:08:37.301373+00:00,LibGen,LibGen.li,UP,200,1024,,
2026-08-31T17:09:37.190759+00:00,LibGen,LibGen.li,UP,200,737,,
2026-08-31T17:10:37.647360+00:00,LibGen,LibGen.li,UP,200,752,,
2026-08-31T17:11:38.397173+00:00,LibGen,LibGen.li,UP,200,819,,
2026-08-31T17:12:38.688068+00:00,LibGen,LibGen.li,UP,200,703,,
2026-08-31T17:13:38.998216+00:00,LibGen,LibGen.li,UP,200,918,,
2026-08-31T17:14:40.595062+00:00,LibGen,LibGen.li,UP,200,915,,
2026-08-31T17:15:39.048821+00:00,LibGen,LibGen.li,UP,200,328,,
2026-08-31T17:16:39.621486+00:00,LibGen,LibGen.li,UP,200,324,,
2026-08-31T17:17:40.653455+00:00,LibGen,LibGen.li,UP,200,692,,
2026-08-31T17:18:40.678653+00:00,LibGen,LibGen.li,UP,200,872,,
2026-08-31T17:19:40.602481+00:00,LibGen,LibGen.li,UP,200,583,,
2026-08-31T17:20:42.083219+00:00,LibGen,LibGen.li,UP,200,752,,
2026-08-31T17:21:42.067529+00:00,LibGen,LibGen.li,UP,200,800,,
2026-08-31T17:22:42.703209+00:00,LibGen,LibGen.li,UP,200,743,,
2026-08-31T17:23:42.277407+00:00,LibGen,LibGen.li,UP,200,320,,
2026-08-31T17:24:46.063526+00:00,LibGen,LibGen.li,DEGRADED,200,4262,latency_high,
2026-08-31T17:25:44.420354+00:00,LibGen,LibGen.li,UP,200,1685,,
2026-08-31T17:26:44.276599+00:00,LibGen,LibGen.li,UP,200,788,,
2026-08-31T17:27:45.419920+00:00,LibGen,LibGen.li,UP,200,972,,
2026-08-31T17:28:46.891506+00:00,LibGen,LibGen.li,UP,200,1326,,
2026-08-31T17:30:07.081750+00:00,LibGen,LibGen.li,DOWN,,,connection_refused,
2026-08-31T17:30:47.697802+00:00,LibGen,LibGen.li,UP,200,913,,
2026-08-31T17:31:48.151651+00:00,LibGen,LibGen.li,UP,200,864,,
2026-08-31T17:32:49.286134+00:00,LibGen,LibGen.li,UP,200,800,,
2026-08-31T17:33:48.642213+00:00,LibGen,LibGen.li,UP,200,1149,,
2026-08-31T17:34:49.739043+00:00,LibGen,LibGen.li,UP,200,846,,
2026-08-31T17:35:49.412865+00:00,LibGen,LibGen.li,UP,200,864,,
2026-08-31T17:36:50.152373+00:00,LibGen,LibGen.li,UP,200,673,,
2026-08-31T17:37:50.755822+00:00,LibGen,LibGen.li,UP,200,864,,
2026-08-31T17:38:50.851744+00:00,LibGen,LibGen.li,UP,200,753,,
2026-08-31T17:39:52.131062+00:00,LibGen,LibGen.li,UP,200,1531,,
2026-08-31T17:40:52.109343+00:00,LibGen,LibGen.li,UP,200,1782,,
2026-08-31T17:41:52.260472+00:00,LibGen,LibGen.li,UP,200,1104,,
2026-08-31T17:42:51.611358+00:00,LibGen,LibGen.li,UP,200,786,,
2026-08-31T17:43:51.348070+00:00,LibGen,LibGen.li,UP,200,292,,
2026-08-31T17:44:53.348188+00:00,LibGen,LibGen.li,UP,200,978,,
2026-08-31T17:45:53.314354+00:00,LibGen,LibGen.li,UP,200,781,,
2026-08-31T17:46:53.634378+00:00,LibGen,LibGen.li,UP,200,1011,,
2026-08-31T17:47:53.430671+00:00,LibGen,LibGen.li,UP,200,726,,
2026-08-31T17:48:53.853868+00:00,LibGen,LibGen.li,UP,200,900,,
2026-08-31T17:49:53.882079+00:00,LibGen,LibGen.li,UP,200,824,,
2026-08-31T17:50:53.953745+00:00,LibGen,LibGen.li,UP,200,737,,
2026-08-31T17:51:54.362942+00:00,LibGen,LibGen.li,UP,200,729,,
2026-08-31T17:52:55.527882+00:00,LibGen,LibGen.li,UP,200,942,,
2026-08-31T17:53:55.241117+00:00,LibGen,LibGen.li,UP,200,856,,
2026-08-31T17:54:55.856412+00:00,LibGen,LibGen.li,UP,200,835,,
2026-08-31T17:55:55.229555+00:00,LibGen,LibGen.li,UP,200,688,,
2026-08-31T17:56:56.912722+00:00,LibGen,LibGen.li,UP,200,2034,,
2026-08-31T17:57:56.523357+00:00,LibGen,LibGen.li,UP,200,360,,
2026-08-31T17:59:17.402533+00:00,LibGen,LibGen.li,DOWN,,,connection_refused,
2026-08-31T17:59:57.554518+00:00,LibGen,LibGen.li,UP,200,897,,
2026-08-31T18:00:57.779934+00:00,LibGen,LibGen.li,UP,200,947,,
2026-08-31T18:01:58.281375+00:00,LibGen,LibGen.li,UP,200,943,,
2026-08-31T18:02:57.949504+00:00,LibGen,LibGen.li,UP,200,777,,
2026-08-31T18:03:58.798864+00:00,LibGen,LibGen.li,UP,200,1439,,
2026-08-31T18:04:58.589335+00:00,LibGen,LibGen.li,UP,200,839,,
2026-08-31T18:05:59.854138+00:00,LibGen,LibGen.li,UP,200,1713,,
2026-08-31T18:06:59.892618+00:00,LibGen,LibGen.li,UP,200,1143,,
2026-08-31T18:08:20.450885+00:00,LibGen,LibGen.li,DOWN,,,connection_refused,
2026-08-31T18:09:00.434916+00:00,LibGen,LibGen.li,UP,200,839,,
2026-08-31T18:10:01.242905+00:00,LibGen,LibGen.li,UP,200,908,,
2026-08-31T18:11:04.550617+00:00,LibGen,LibGen.li,DEGRADED,200,3836,latency_high,
2026-08-31T18:12:01.639433+00:00,LibGen,LibGen.li,UP,200,827,,
2026-08-31T18:13:02.625915+00:00,LibGen,LibGen.li,UP,200,961,,
2026-08-31T18:14:01.764603+00:00,LibGen,LibGen.li,UP,200,902,,
2026-08-31T18:15:03.343719+00:00,LibGen,LibGen.li,UP,200,1424,,
2026-08-31T18:16:03.461515+00:00,LibGen,LibGen.li,UP,200,858,,
2026-08-31T18:17:03.458294+00:00,LibGen,LibGen.li,UP,200,743,,
2026-08-31T18:18:03.773996+00:00,LibGen,LibGen.li,UP,200,910,,
2026-08-31T18:19:04.109085+00:00,LibGen,LibGen.li,UP,200,834,,
2026-08-31T18:20:04.887628+00:00,LibGen,LibGen.li,UP,200,1358,,
2026-08-31T18:21:04.418114+00:00,LibGen,LibGen.li,UP,200,299,,
2026-08-31T18:22:05.286136+00:00,LibGen,LibGen.li,UP,200,831,,
2026-08-31T18:23:05.195606+00:00,LibGen,LibGen.li,UP,200,271,,
2026-08-31T18:24:06.358565+00:00,LibGen,LibGen.li,UP,200,957,,
2026-08-31T18:25:06.753075+00:00,LibGen,LibGen.li,UP,200,1297,,
2026-08-31T18:26:06.615691+00:00,LibGen,LibGen.li,UP,200,835,,
2026-08-31T18:27:07.139178+00:00,LibGen,LibGen.li,UP,200,933,,
2026-08-31T18:28:07.823260+00:00,LibGen,LibGen.li,UP,200,858,,
2026-08-31T18:29:07.802889+00:00,LibGen,LibGen.li,UP,200,822,,
2026-08-31T18:30:08.657721+00:00,LibGen,LibGen.li,UP,200,1076,,
2026-08-31T18:31:29.833111+00:00,LibGen,LibGen.li,DOWN,,,connection_refused,
2026-08-31T18:32:08.905540+00:00,LibGen,LibGen.li,UP,200,653,,
2026-08-31T18:33:09.856411+00:00,LibGen,LibGen.li,UP,200,1351,,
2026-08-31T18:34:09.580526+00:00,LibGen,LibGen.li,UP,200,817,,
2026-08-31T18:35:10.488565+00:00,LibGen,LibGen.li,UP,200,958,,
2026-08-31T18:36:10.186388+00:00,LibGen,LibGen.li,UP,200,807,,
2026-08-31T18:37:12.394360+00:00,LibGen,LibGen.li,UP,200,2359,,
2026-08-31T18:38:11.009537+00:00,LibGen,LibGen.li,UP,200,854,,
2026-08-31T18:39:10.619624+00:00,LibGen,LibGen.li,UP,200,280,,
2026-08-31T18:40:11.538716+00:00,LibGen,LibGen.li,UP,200,961,,
2026-08-31T18:41:12.768964+00:00,LibGen,LibGen.li,UP,200,932,,
2026-08-31T18:42:32.198928+00:00,LibGen,LibGen.li,DOWN,,,connection_refused,
2026-08-31T18:43:13.075910+00:00,LibGen,LibGen.li,UP,200,813,,
2026-08-31T18:44:12.581732+00:00,LibGen,LibGen.li,UP,200,878,,
2026-08-31T18:45:13.737549+00:00,LibGen,LibGen.li,UP,200,1522,,
2026-08-31T18:46:14.347970+00:00,LibGen,LibGen.li,UP,200,1247,,
2026-08-31T18:47:13.714525+00:00,LibGen,LibGen.li,UP,200,752,,
2026-08-31T18:48:14.757131+00:00,LibGen,LibGen.li,UP,200,841,,
2026-08-31T18:49:14.911970+00:00,LibGen,LibGen.li,UP,200,923,,
2026-08-31T18:50:15.034203+00:00,LibGen,LibGen.li,UP,200,887,,
2026-08-31T18:51:15.953727+00:00,LibGen,LibGen.li,UP,200,822,,
2026-08-31T18:52:16.055806+00:00,LibGen,LibGen.li,UP,200,1020,,
2026-08-31T18:53:16.699254+00:00,LibGen,LibGen.li,UP,200,746,,
2026-08-31T18:54:17.758737+00:00,LibGen,LibGen.li,UP,200,843,,
2026-08-31T18:55:17.241537+00:00,LibGen,LibGen.li,UP,200,301,,
2026-08-31T18:56:18.697519+00:00,LibGen,LibGen.li,UP,200,707,,
2026-08-31T18:57:18.404057+00:00,LibGen,LibGen.li,UP,200,569,,
2026-08-31T18:58:19.917380+00:00,LibGen,LibGen.li,UP,200,816,,
2026-08-31T18:59:18.985483+00:00,LibGen,LibGen.li,UP,200,293,,
2026-08-31T19:00:19.609995+00:00,LibGen,LibGen.li,UP,200,868,,
2026-08-31T19:01:20.058844+00:00,LibGen,LibGen.li,UP,200,716,,
2026-08-31T19:02:40.458789+00:00,LibGen,LibGen.li,DOWN,,,connection_refused,
2026-08-31T19:03:22.040352+00:00,LibGen,LibGen.li,UP,200,945,,
2026-08-31T19:04:24.930136+00:00,LibGen,LibGen.li,UP,200,854,,
2026-08-31T19:05:22.087079+00:00,LibGen,LibGen.li,UP,200,1137,,
2026-08-31T19:06:23.661059+00:00,LibGen,LibGen.li,UP,200,2277,,
2026-08-31T19:07:22.885205+00:00,LibGen,LibGen.li,UP,200,754,,
2026-08-31T19:08:24.004630+00:00,LibGen,LibGen.li,UP,200,983,,
2026-08-31T19:09:23.266229+00:00,LibGen,LibGen.li,UP,200,1224,,
2026-08-31T19:10:23.242813+00:00,LibGen,LibGen.li,UP,200,895,,
2026-08-31T19:11:23.199176+00:00,LibGen,LibGen.li,UP,200,638,,
2026-08-31T19:12:23.997711+00:00,LibGen,LibGen.li,UP,200,731,,
2026-08-31T19:13:25.087722+00:00,LibGen,LibGen.li,UP,200,1142,,
2026-08-31T19:14:25.863559+00:00,LibGen,LibGen.li,UP,200,1000,,
2026-08-31T19:15:25.575833+00:00,LibGen,LibGen.li,UP,200,755,,
2026-08-31T19:16:26.704092+00:00,LibGen,LibGen.li,UP,200,986,,
2026-08-31T19:17:27.378586+00:00,LibGen,LibGen.li,UP,200,876,,
2026-08-31T19:18:47.925403+00:00,LibGen,LibGen.li,DOWN,,,connection_refused,
2026-08-31T19:19:28.195432+00:00,LibGen,LibGen.li,UP,200,914,,
2026-08-31T19:20:28.111953+00:00,LibGen,LibGen.li,UP,200,611,,
2026-08-31T19:21:28.114484+00:00,LibGen,LibGen.li,UP,200,727,,
2026-08-31T19:22:28.254913+00:00,LibGen,LibGen.li,UP,200,756,,
2026-08-31T19:23:28.969273+00:00,LibGen,LibGen.li,UP,200,738,,
2026-08-31T19:24:28.842794+00:00,LibGen,LibGen.li,UP,200,699,,
2026-08-31T19:25:29.839564+00:00,LibGen,LibGen.li,UP,200,801,,
2026-08-31T19:26:32.854541+00:00,LibGen,LibGen.li,UP,200,1067,,
2026-08-31T19:27:30.893658+00:00,LibGen,LibGen.li,UP,200,929,,
2026-08-31T19:28:32.059586+00:00,LibGen,LibGen.li,UP,200,737,,
2026-08-31T19:29:33.502586+00:00,LibGen,LibGen.li,UP,200,820,,
2026-08-31T19:30:33.495167+00:00,LibGen,LibGen.li,UP,200,923,,
2026-08-31T19:31:33.135700+00:00,LibGen,LibGen.li,UP,200,758,,
2026-08-31T19:32:34.823666+00:00,LibGen,LibGen.li,UP,200,1167,,
2026-08-31T19:33:35.134383+00:00,LibGen,LibGen.li,UP,200,2333,,
2026-08-31T19:34:39.562849+00:00,LibGen,LibGen.li,DEGRADED,200,5971,latency_high,
2026-08-31T19:35:34.718517+00:00,LibGen,LibGen.li,UP,200,327,,
2026-08-31T19:36:34.929088+00:00,LibGen,LibGen.li,UP,200,850,,
2026-08-31T19:37:35.037520+00:00,LibGen,LibGen.li,UP,200,317,,
2026-08-31T19:38:35.507223+00:00,LibGen,LibGen.li,UP,200,282,,
2026-08-31T19:39:36.233833+00:00,LibGen,LibGen.li,UP,200,771,,
2026-08-31T19:40:36.500659+00:00,LibGen,LibGen.li,UP,200,739,,
2026-08-31T19:41:36.149153+00:00,LibGen,LibGen.li,UP,200,294,,
2026-08-31T19:42:36.738101+00:00,LibGen,LibGen.li,UP,200,749,,
2026-08-31T19:43:36.390204+00:00,LibGen,LibGen.li,UP,200,762,,
2026-08-31T19:44:37.261258+00:00,LibGen,LibGen.li,UP,200,1009,,
2026-08-31T19:45:58.038648+00:00,LibGen,LibGen.li,DOWN,,,connection_refused,
2026-08-31T19:46:38.612462+00:00,LibGen,LibGen.li,UP,200,810,,
2026-08-31T19:47:38.478735+00:00,LibGen,LibGen.li,UP,200,641,,
2026-08-31T19:48:39.954664+00:00,LibGen,LibGen.li,UP,200,1077,,
2026-08-31T19:49:40.502888+00:00,LibGen,LibGen.li,UP,200,768,,
2026-08-31T19:50:41.627603+00:00,LibGen,LibGen.li,UP,200,1238,,
2026-08-31T19:51:47.810924+00:00,LibGen,LibGen.li,DEGRADED,200,5935,latency_high,
2026-08-31T19:52:41.858148+00:00,LibGen,LibGen.li,UP,200,587,,
2026-08-31T19:53:42.162399+00:00,LibGen,LibGen.li,UP,200,790,,
2026-08-31T19:54:43.273584+00:00,LibGen,LibGen.li,UP,200,1597,,
2026-08-31T19:55:43.499061+00:00,LibGen,LibGen.li,UP,200,1761,,
2026-08-31T19:56:43.082602+00:00,LibGen,LibGen.li,UP,200,1189,,
2026-08-31T19:57:43.052843+00:00,LibGen,LibGen.li,UP,200,745,,
2026-08-31T19:58:43.732985+00:00,LibGen,LibGen.li,UP,200,1076,,
2026-08-31T20:00:04.455025+00:00,LibGen,LibGen.li,DOWN,,,connection_refused,
2026-08-31T20:00:44.515633+00:00,LibGen,LibGen.li,UP,200,1100,,
2026-08-31T20:01:44.620120+00:00,LibGen,LibGen.li,UP,200,779,,
2026-08-31T20:02:45.059620+00:00,LibGen,LibGen.li,UP,200,724,,
2026-08-31T20:03:45.276663+00:00,LibGen,LibGen.li,UP,200,675,,
2026-08-31T20:04:45.316045+00:00,LibGen,LibGen.li,UP,200,647,,
2026-08-31T20:05:45.977789+00:00,LibGen,LibGen.li,UP,200,846,,
2026-08-31T20:06:47.023067+00:00,LibGen,LibGen.li,UP,200,958,,
2026-08-31T20:07:51.969118+00:00,LibGen,LibGen.li,DEGRADED,200,4484,latency_high,
2026-08-31T20:08:48.932691+00:00,LibGen,LibGen.li,UP,200,1977,,
2026-08-31T20:09:48.430026+00:00,LibGen,LibGen.li,UP,200,443,,
2026-08-31T20:10:49.367098+00:00,LibGen,LibGen.li,UP,200,1028,,
2026-08-31T20:11:50.473901+00:00,LibGen,LibGen.li,UP,200,1248,,
2026-08-31T20:12:50.220866+00:00,LibGen,LibGen.li,UP,200,785,,
2026-08-31T20:13:57.537686+00:00,LibGen,LibGen.li,DEGRADED,200,7304,latency_high,
2026-08-31T20:14:51.321614+00:00,LibGen,LibGen.li,UP,200,1482,,
2026-08-31T20:15:51.951959+00:00,LibGen,LibGen.li,UP,200,731,,
2026-08-31T20:16:51.266835+00:00,LibGen,LibGen.li,UP,200,742,,
2026-08-31T20:17:51.643732+00:00,LibGen,LibGen.li,UP,200,991,,
2026-08-31T20:18:52.113697+00:00,LibGen,LibGen.li,UP,200,661,,
2026-08-31T20:19:52.886445+00:00,LibGen,LibGen.li,UP,200,637,,
2026-08-31T20:21:13.900053+00:00,LibGen,LibGen.li,DOWN,,,connection_refused,
2026-08-31T20:21:54.749144+00:00,LibGen,LibGen.li,UP,200,713,,
2026-08-31T20:22:55.305855+00:00,LibGen,LibGen.li,UP,200,255,,
2026-08-31T20:23:54.806247+00:00,LibGen,LibGen.li,UP,200,758,,
2026-08-31T20:24:55.992183+00:00,LibGen,LibGen.li,UP,200,621,,
2026-08-31T20:25:56.597951+00:00,LibGen,LibGen.li,UP,200,726,,
2026-08-31T20:26:57.009933+00:00,LibGen,LibGen.li,UP,200,656,,
2026-08-31T20:27:57.163005+00:00,LibGen,LibGen.li,UP,200,800,,
2026-08-31T20:28:57.874511+00:00,LibGen,LibGen.li,UP,200,675,,
2026-08-31T20:29:59.154789+00:00,LibGen,LibGen.li,UP,200,661,,
2026-08-31T20:30:59.453334+00:00,LibGen,LibGen.li,UP,200,745,,
2026-08-31T20:32:00.148847+00:00,LibGen,LibGen.li,UP,200,928,,
2026-08-31T20:33:00.187535+00:00,LibGen,LibGen.li,UP,200,661,,
2026-08-31T20:34:01.198929+00:00,LibGen,LibGen.li,UP,200,1139,,
2026-08-31T20:35:01.183919+00:00,LibGen,LibGen.li,UP,200,790,,
2026-08-31T20:36:01.899159+00:00,LibGen,LibGen.li,UP,200,803,,
2026-08-31T20:37:02.386218+00:00,LibGen,LibGen.li,UP,200,739,,
2026-08-31T20:38:06.466147+00:00,LibGen,LibGen.li,DEGRADED,200,3889,latency_high,
2026-08-31T20:39:03.652578+00:00,LibGen,LibGen.li,UP,200,825,,
2026-08-31T20:40:03.972719+00:00,LibGen,LibGen.li,UP,200,1035,,
2026-08-31T20:41:04.255867+00:00,LibGen,LibGen.li,UP,200,275,,
2026-08-31T20:42:07.427483+00:00,LibGen,LibGen.li,DEGRADED,200,3711,latency_high,
2026-08-31T20:43:05.645135+00:00,LibGen,LibGen.li,UP,200,959,,
2026-08-31T20:44:05.604151+00:00,LibGen,LibGen.li,UP,200,663,,
2026-08-31T20:45:25.642854+00:00,LibGen,LibGen.li,DOWN,,,connection_refused,
2026-08-31T20:46:06.487011+00:00,LibGen,LibGen.li,UP,200,673,,
2026-08-31T20:47:07.479336+00:00,LibGen,LibGen.li,UP,200,741,,
2026-08-31T20:48:08.306827+00:00,LibGen,LibGen.li,UP,200,837,,
2026-08-31T20:49:08.779518+00:00,LibGen,LibGen.li,UP,200,699,,
2026-08-31T20:50:08.605899+00:00,LibGen,LibGen.li,DOWN,,,connection_refused,
2026-08-31T20:51:10.708555+00:00,LibGen,LibGen.li,UP,200,684,,
2026-08-31T20:52:10.725968+00:00,LibGen,LibGen.li,UP,200,710,,
2026-08-31T20:53:12.117384+00:00,LibGen,LibGen.li,UP,200,655,,
2026-08-31T20:54:11.863895+00:00,LibGen,LibGen.li,UP,200,657,,
2026-08-31T20:55:13.061976+00:00,LibGen,LibGen.li,UP,200,868,,
2026-08-31T20:56:13.781888+00:00,LibGen,LibGen.li,UP,200,875,,
2026-08-31T20:57:13.461170+00:00,LibGen,LibGen.li,UP,200,718,,
2026-08-31T20:58:13.947233+00:00,LibGen,LibGen.li,UP,200,677,,
2026-08-31T20:59:15.234532+00:00,LibGen,LibGen.li,UP,200,629,,
2026-08-31T21:00:16.031964+00:00,LibGen,LibGen.li,UP,200,891,,
2026-08-31T21:01:15.349825+00:00,LibGen,LibGen.li,UP,200,672,,
2026-08-31T21:02:16.733546+00:00,LibGen,LibGen.li,UP,200,733,,
2026-08-31T21:03:18.311810+00:00,LibGen,LibGen.li,UP,200,1022,,
2026-08-31T21:04:18.194986+00:00,LibGen,LibGen.li,UP,200,690,,
2026-08-31T21:05:18.281248+00:00,LibGen,LibGen.li,UP,200,719,,
2026-08-31T21:06:19.349769+00:00,LibGen,LibGen.li,UP,200,745,,
2026-08-31T21:07:20.531243+00:00,LibGen,LibGen.li,UP,200,753,,
2026-08-31T21:08:21.017971+00:00,LibGen,LibGen.li,UP,200,745,,
2026-08-31T21:09:21.538016+00:00,LibGen,LibGen.li,UP,200,663,,
2026-08-31T21:10:22.622533+00:00,LibGen,LibGen.li,UP,200,801,,
2026-08-31T21:11:42.849939+00:00,LibGen,LibGen.li,DOWN,,,connection_refused,
2026-08-31T21:12:23.515757+00:00,LibGen,LibGen.li,UP,200,803,,
2026-08-31T21:13:24.355683+00:00,LibGen,LibGen.li,UP,200,758,,
2026-08-31T21:14:25.888858+00:00,LibGen,LibGen.li,UP,200,613,,
2026-08-31T21:15:25.733087+00:00,LibGen,LibGen.li,UP,200,792,,
2026-08-31T21:16:24.979526+00:00,LibGen,LibGen.li,UP,200,686,,
2026-08-31T21:17:25.456457+00:00,LibGen,LibGen.li,UP,200,680,,
2026-08-31T21:18:25.565422+00:00,LibGen,LibGen.li,UP,200,605,,
2026-08-31T21:19:26.279851+00:00,LibGen,LibGen.li,UP,200,844,,
2026-08-31T21:20:27.077820+00:00,LibGen,LibGen.li,UP,200,711,,
2026-08-31T21:21:30.763370+00:00,LibGen,LibGen.li,UP,200,677,,
2026-08-31T21:22:48.007785+00:00,LibGen,LibGen.li,DOWN,,,connection_refused,
2026-08-31T21:23:27.998471+00:00,LibGen,LibGen.li,UP,200,651,,
2026-08-31T21:24:29.966522+00:00,LibGen,LibGen.li,UP,200,713,,
2026-08-31T21:25:29.420541+00:00,LibGen,LibGen.li,UP,200,776,,
2026-08-31T21:26:29.674114+00:00,LibGen,LibGen.li,UP,200,806,,
2026-08-31T21:27:30.259325+00:00,LibGen,LibGen.li,UP,200,858,,
2026-08-31T21:28:30.102858+00:00,LibGen,LibGen.li,UP,200,1020,,
2026-08-31T21:29:31.124094+00:00,LibGen,LibGen.li,UP,200,1082,,
2026-08-31T21:30:31.621173+00:00,LibGen,LibGen.li,UP,200,754,,
2026-08-31T21:31:32.210864+00:00,LibGen,LibGen.li,UP,200,1002,,
2026-08-31T21:32:32.532865+00:00,LibGen,LibGen.li,UP,200,836,,
2026-08-31T21:33:34.285304+00:00,LibGen,LibGen.li,UP,200,603,,
2026-08-31T21:34:34.718548+00:00,LibGen,LibGen.li,UP,200,714,,
2026-08-31T21:35:34.255996+00:00,LibGen,LibGen.li,UP,200,595,,
2026-08-31T21:36:35.444501+00:00,LibGen,LibGen.li,UP,200,879,,
2026-08-31T21:37:36.410163+00:00,LibGen,LibGen.li,UP,200,769,,
2026-08-31T21:38:36.391650+00:00,LibGen,LibGen.li,DOWN,,,connection_refused,
2026-08-31T21:39:37.466707+00:00,LibGen,LibGen.li,UP,200,632,,
2026-08-31T21:40:38.205766+00:00,LibGen,LibGen.li,UP,200,633,,
2026-08-31T21:41:38.398724+00:00,LibGen,LibGen.li,UP,200,343,,
2026-08-31T21:42:40.954804+00:00,LibGen,LibGen.li,UP,200,589,,
2026-08-31T21:44:03.169801+00:00,LibGen,LibGen.li,DOWN,,,connection_refused,
2026-08-31T21:44:41.321705+00:00,LibGen,LibGen.li,UP,200,615,,
2026-08-31T21:46:01.846545+00:00,LibGen,LibGen.li,DOWN,,,connection_refused,
2026-08-31T21:46:43.498223+00:00,LibGen,LibGen.li,UP,200,737,,
2026-08-31T21:47:43.380128+00:00,LibGen,LibGen.li,UP,200,738,,
2026-08-31T21:48:43.192701+00:00,LibGen,LibGen.li,DOWN,,,connection_refused,
2026-08-31T21:49:44.125897+00:00,LibGen,LibGen.li,UP,200,712,,
2026-08-31T21:50:44.689418+00:00,LibGen,LibGen.li,UP,200,1124,,
2026-08-31T21:51:45.443362+00:00,LibGen,LibGen.li,UP,200,658,,
2026-08-31T21:52:45.989766+00:00,LibGen,LibGen.li,UP,200,715,,
2026-08-31T21:53:47.140521+00:00,LibGen,LibGen.li,UP,200,862,,
2026-08-31T21:54:48.099007+00:00,LibGen,LibGen.li,UP,200,704,,
2026-08-31T21:55:48.470163+00:00,LibGen,LibGen.li,UP,200,642,,
2026-08-31T21:56:48.739945+00:00,LibGen,LibGen.li,UP,200,636,,
2026-08-31T21:57:49.684487+00:00,LibGen,LibGen.li,UP,200,679,,
2026-08-31T21:58:51.042150+00:00,LibGen,LibGen.li,UP,200,683,,
2026-08-31T21:59:51.940785+00:00,LibGen,LibGen.li,UP,200,1018,,
2026-08-31T22:00:52.645250+00:00,LibGen,LibGen.li,UP,200,798,,
2026-08-31T22:01:52.645679+00:00,LibGen,LibGen.li,UP,200,691,,
2026-08-31T22:02:53.143527+00:00,LibGen,LibGen.li,UP,200,716,,
2026-08-31T22:03:53.727368+00:00,LibGen,LibGen.li,UP,200,727,,
2026-08-31T22:04:54.321973+00:00,LibGen,LibGen.li,UP,200,784,,
2026-08-31T22:05:54.622568+00:00,LibGen,LibGen.li,UP,200,666,,
2026-08-31T22:06:54.709122+00:00,LibGen,LibGen.li,UP,200,606,,
2026-08-31T22:07:55.318876+00:00,LibGen,LibGen.li,UP,200,694,,
2026-08-31T22:08:54.962398+00:00,LibGen,LibGen.li,UP,200,680,,
2026-08-31T22:09:54.662264+00:00,LibGen,LibGen.li,UP,200,294,,
2026-08-31T22:10:56.015516+00:00,LibGen,LibGen.li,UP,200,742,,
2026-08-31T22:11:56.496713+00:00,LibGen,LibGen.li,UP,200,770,,
2026-08-31T22:12:57.677477+00:00,LibGen,LibGen.li,UP,200,1044,,
2026-08-31T22:13:57.961221+00:00,LibGen,LibGen.li,DOWN,500,851,http_error,
2026-08-31T22:14:58.967195+00:00,LibGen,LibGen.li,UP,200,689,,
2026-08-31T22:15:59.011076+00:00,LibGen,LibGen.li,UP,200,289,,
2026-08-31T22:17:00.139646+00:00,LibGen,LibGen.li,UP,200,745,,
2026-08-31T22:18:00.131143+00:00,LibGen,LibGen.li,UP,200,638,,
2026-08-31T22:19:00.341490+00:00,LibGen,LibGen.li,UP,200,778,,
2026-08-31T22:20:01.690996+00:00,LibGen,LibGen.li,UP,200,1350,,
2026-08-31T22:21:01.324541+00:00,LibGen,LibGen.li,UP,200,848,,
2026-08-31T22:22:01.328272+00:00,LibGen,LibGen.li,UP,200,287,,
2026-08-31T22:23:02.307118+00:00,LibGen,LibGen.li,UP,200,1085,,
2026-08-31T22:24:02.345723+00:00,LibGen,LibGen.li,UP,200,1088,,
2026-08-31T22:25:03.050094+00:00,LibGen,LibGen.li,UP,200,1049,,
2026-08-31T22:26:03.376552+00:00,LibGen,LibGen.li,UP,200,806,,
2026-08-31T22:27:04.066614+00:00,LibGen,LibGen.li,UP,200,700,,
2026-08-31T22:28:04.240176+00:00,LibGen,LibGen.li,UP,200,323,,
2026-08-31T22:29:05.552847+00:00,LibGen,LibGen.li,UP,200,1057,,
2026-08-31T22:30:06.502440+00:00,LibGen,LibGen.li,UP,200,721,,
2026-08-31T22:31:07.242662+00:00,LibGen,LibGen.li,UP,200,672,,
2026-08-31T22:32:07.662712+00:00,LibGen,LibGen.li,UP,200,747,,
2026-08-31T22:33:08.760722+00:00,LibGen,LibGen.li,UP,200,983,,
2026-08-31T22:34:08.982797+00:00,LibGen,LibGen.li,UP,200,726,,
2026-08-31T22:35:10.009261+00:00,LibGen,LibGen.li,UP,200,816,,
2026-08-31T22:36:10.876533+00:00,LibGen,LibGen.li,UP,200,730,,
2026-08-31T22:37:11.462706+00:00,LibGen,LibGen.li,UP,200,717,,
2026-08-31T22:38:12.620478+00:00,LibGen,LibGen.li,UP,200,690,,
2026-08-31T22:39:13.747521+00:00,LibGen,LibGen.li,UP,200,1600,,
2026-08-31T22:40:13.725842+00:00,LibGen,LibGen.li,UP,200,740,,
2026-08-31T22:41:13.455055+00:00,LibGen,LibGen.li,UP,200,769,,
2026-08-31T22:42:14.388072+00:00,LibGen,LibGen.li,UP,200,812,,
2026-08-31T22:43:15.872692+00:00,LibGen,LibGen.li,UP,200,1057,,
2026-08-31T22:44:16.093170+00:00,LibGen,LibGen.li,UP,200,726,,
2026-08-31T22:45:16.984900+00:00,LibGen,LibGen.li,UP,200,761,,
2026-08-31T22:46:19.031260+00:00,LibGen,LibGen.li,UP,200,807,,
2026-08-31T22:47:20.279316+00:00,LibGen,LibGen.li,UP,200,2934,,
2026-08-31T22:48:20.285228+00:00,LibGen,LibGen.li,UP,200,2235,,
2026-08-31T22:49:19.274574+00:00,LibGen,LibGen.li,DOWN,500,723,http_error,
2026-08-31T22:50:19.301429+00:00,LibGen,LibGen.li,UP,200,331,,
2026-08-31T22:51:20.821807+00:00,LibGen,LibGen.li,UP,200,1315,,
2026-08-31T22:52:21.234069+00:00,LibGen,LibGen.li,UP,200,811,,
2026-08-31T22:53:22.042993+00:00,LibGen,LibGen.li,UP,200,766,,
2026-08-31T22:54:23.189223+00:00,LibGen,LibGen.li,UP,200,922,,
2026-08-31T22:55:24.006824+00:00,LibGen,LibGen.li,UP,200,864,,
2026-08-31T22:56:44.870652+00:00,LibGen,LibGen.li,DOWN,,,connection_refused,
2026-08-31T22:57:25.911389+00:00,LibGen,LibGen.li,UP,200,902,,
2026-08-31T22:58:29.919499+00:00,LibGen,LibGen.li,DEGRADED,200,3739,latency_high,
2026-08-31T22:59:28.185530+00:00,LibGen,LibGen.li,UP,200,1165,,
2026-08-31T23:00:29.824122+00:00,LibGen,LibGen.li,UP,200,1067,,
2026-08-31T23:01:29.092113+00:00,LibGen,LibGen.li,UP,200,846,,
2026-08-31T23:02:29.568521+00:00,LibGen,LibGen.li,UP,200,869,,
2026-08-31T23:03:49.482775+00:00,LibGen,LibGen.li,DOWN,,,connection_refused,
2026-08-31T23:04:34.335641+00:00,LibGen,LibGen.li,DEGRADED,200,5170,latency_high,
2026-08-31T23:05:31.023676+00:00,LibGen,LibGen.li,UP,200,847,,
2026-08-31T23:06:30.390105+00:00,LibGen,LibGen.li,UP,200,748,,
2026-08-31T23:07:31.091751+00:00,LibGen,LibGen.li,UP,200,1036,,
2026-08-31T23:08:31.988446+00:00,LibGen,LibGen.li,UP,200,1497,,
2026-08-31T23:09:31.250944+00:00,LibGen,LibGen.li,UP,200,740,,
2026-08-31T23:10:32.802596+00:00,LibGen,LibGen.li,UP,200,905,,
2026-08-31T23:11:33.607771+00:00,LibGen,LibGen.li,UP,200,769,,
2026-08-31T23:12:33.666955+00:00,LibGen,LibGen.li,UP,200,884,,
2026-08-31T23:13:34.102694+00:00,LibGen,LibGen.li,UP,200,691,,
2026-08-31T23:14:36.086641+00:00,LibGen,LibGen.li,UP,200,723,,
2026-08-31T23:15:35.648713+00:00,LibGen,LibGen.li,UP,200,710,,
2026-08-31T23:16:36.030403+00:00,LibGen,LibGen.li,UP,200,625,,
2026-08-31T23:17:36.494531+00:00,LibGen,LibGen.li,UP,200,815,,
2026-08-31T23:18:37.727415+00:00,LibGen,LibGen.li,UP,200,1922,,
2026-08-31T23:19:37.125610+00:00,LibGen,LibGen.li,UP,200,787,,
2026-08-31T23:20:36.744862+00:00,LibGen,LibGen.li,UP,200,401,,
2026-08-31T23:21:37.100100+00:00,LibGen,LibGen.li,UP,200,757,,
2026-08-31T23:22:39.036512+00:00,LibGen,LibGen.li,UP,200,1517,,
2026-08-31T23:23:38.090306+00:00,LibGen,LibGen.li,UP,200,798,,
2026-08-31T23:24:38.568439+00:00,LibGen,LibGen.li,UP,200,813,,
2026-08-31T23:25:39.913861+00:00,LibGen,LibGen.li,UP,200,1762,,
2026-08-31T23:26:39.502505+00:00,LibGen,LibGen.li,UP,200,779,,
2026-08-31T23:27:39.963908+00:00,LibGen,LibGen.li,UP,200,801,,
2026-08-31T23:28:42.051125+00:00,LibGen,LibGen.li,UP,200,2315,,
2026-08-31T23:29:41.306164+00:00,LibGen,LibGen.li,UP,200,703,,
2026-08-31T23:30:43.648769+00:00,LibGen,LibGen.li,UP,200,2929,,
2026-08-31T23:31:42.866981+00:00,LibGen,LibGen.li,UP,200,1384,,
2026-08-31T23:32:42.594859+00:00,LibGen,LibGen.li,UP,200,728,,
2026-08-31T23:33:42.209902+00:00,LibGen,LibGen.li,UP,200,319,,
2026-08-31T23:34:42.810662+00:00,LibGen,LibGen.li,UP,200,755,,
2026-08-31T23:35:43.477696+00:00,LibGen,LibGen.li,UP,200,830,,
2026-08-31T23:36:44.655864+00:00,LibGen,LibGen.li,UP,200,767,,
2026-08-31T23:37:45.882927+00:00,LibGen,LibGen.li,UP,200,785,,
2026-08-31T23:38:45.259984+00:00,LibGen,LibGen.li,UP,200,799,,
2026-08-31T23:39:45.777036+00:00,LibGen,LibGen.li,UP,200,781,,
2026-08-31T23:40:47.064352+00:00,LibGen,LibGen.li,UP,200,687,,
2026-08-31T23:41:48.177168+00:00,LibGen,LibGen.li,UP,200,789,,
2026-08-31T23:43:09.058704+00:00,LibGen,LibGen.li,DOWN,,,connection_refused,
2026-08-31T23:43:50.536638+00:00,LibGen,LibGen.li,UP,200,884,,
2026-08-31T23:44:51.146327+00:00,LibGen,LibGen.li,UP,200,1132,,
2026-08-31T23:45:51.715245+00:00,LibGen,LibGen.li,UP,200,1126,,
2026-08-31T23:46:51.389355+00:00,LibGen,LibGen.li,UP,200,758,,
2026-08-31T23:47:53.304914+00:00,LibGen,LibGen.li,UP,200,1656,,
2026-08-31T23:48:52.265458+00:00,LibGen,LibGen.li,UP,200,865,,
2026-08-31T23:49:55.914804+00:00,LibGen,LibGen.li,DEGRADED,200,4455,latency_high,
2026-08-31T23:50:54.170558+00:00,LibGen,LibGen.li,UP,200,2325,,
2026-08-31T23:52:01.426171+00:00,LibGen,LibGen.li,DEGRADED,200,9092,latency_high,
2026-08-31T23:52:53.382763+00:00,LibGen,LibGen.li,UP,200,770,,
2026-08-31T23:53:53.894200+00:00,LibGen,LibGen.li,UP,200,755,,
2026-08-31T23:54:55.161986+00:00,LibGen,LibGen.li,UP,200,704,,
2026-08-31T23:55:57.212206+00:00,LibGen,LibGen.li,UP,200,2290,,
2026-08-31T23:56:59.737567+00:00,LibGen,LibGen.li,DEGRADED,200,5421,latency_high,
2026-08-31T23:57:55.949085+00:00,LibGen,LibGen.li,UP,200,1018,,
2026-08-31T23:59:00.251195+00:00,LibGen,LibGen.li,DEGRADED,200,5308,latency_high,
2026-09-01T00:00:15.954312+00:00,LibGen,LibGen.li,DOWN,,,connection_refused,
2026-09-01T00:00:56.946040+00:00,LibGen,LibGen.li,UP,200,901,,
2026-09-01T00:01:59.776089+00:00,LibGen,LibGen.li,DEGRADED,200,3513,latency_high,
2026-09-01T00:02:57.604738+00:00,LibGen,LibGen.li,UP,200,466,,
2026-09-01T00:03:58.371803+00:00,LibGen,LibGen.li,UP,200,1099,,
2026-09-01T00:04:59.215460+00:00,LibGen,LibGen.li,UP,200,998,,
2026-09-01T00:06:00.835476+00:00,LibGen,LibGen.li,UP,200,1395,,
2026-09-01T00:07:03.016961+00:00,LibGen,LibGen.li,DEGRADED,200,3815,latency_high,
2026-09-01T00:08:00.194601+00:00,LibGen,LibGen.li,UP,200,790,,
2026-09-01T00:09:01.786782+00:00,LibGen,LibGen.li,UP,200,1685,,
2026-09-01T00:10:03.306558+00:00,LibGen,LibGen.li,DEGRADED,200,3148,latency_high,
2026-09-01T00:11:01.664977+00:00,LibGen,LibGen.li,UP,200,866,,
2026-09-01T00:12:01.523659+00:00,LibGen,LibGen.li,UP,200,1045,,
2026-09-01T00:13:02.008638+00:00,LibGen,LibGen.li,UP,200,277,,
2026-09-01T00:14:02.665710+00:00,LibGen,LibGen.li,UP,200,864,,
2026-09-01T00:15:02.851941+00:00,LibGen,LibGen.li,UP,200,415,,
2026-09-01T00:16:03.990930+00:00,LibGen,LibGen.li,UP,200,1089,,
2026-09-01T00:17:05.309669+00:00,LibGen,LibGen.li,UP,200,1015,,
2026-09-01T00:18:03.764054+00:00,LibGen,LibGen.li,UP,200,349,,
2026-09-01T00:19:04.982748+00:00,LibGen,LibGen.li,UP,200,808,,
2026-09-01T00:20:05.982659+00:00,LibGen,LibGen.li,UP,200,869,,
2026-09-01T00:21:05.771902+00:00,LibGen,LibGen.li,UP,200,853,,
2026-09-01T00:22:06.201997+00:00,LibGen,LibGen.li,UP,200,687,,
2026-09-01T00:23:06.978086+00:00,LibGen,LibGen.li,UP,200,831,,
2026-09-01T00:24:07.342251+00:00,LibGen,LibGen.li,UP,200,1135,,
2026-09-01T00:25:07.849518+00:00,LibGen,LibGen.li,UP,200,815,,
2026-09-01T00:26:08.236015+00:00,LibGen,LibGen.li,UP,200,760,,
2026-09-01T00:27:08.222413+00:00,LibGen,LibGen.li,UP,200,675,,
2026-09-01T00:28:09.293775+00:00,LibGen,LibGen.li,UP,200,833,,
2026-09-01T00:29:09.578488+00:00,LibGen,LibGen.li,UP,200,735,,
2026-09-01T00:30:10.013135+00:00,LibGen,LibGen.li,UP,200,1124,,
2026-09-01T00:31:10.387381+00:00,LibGen,LibGen.li,UP,200,870,,
2026-09-01T00:32:11.192159+00:00,LibGen,LibGen.li,UP,200,999,,
2026-09-01T00:33:12.393340+00:00,LibGen,LibGen.li,UP,200,816,,
2026-09-01T00:34:13.425138+00:00,LibGen,LibGen.li,UP,200,592,,
2026-09-01T00:35:12.853269+00:00,LibGen,LibGen.li,UP,200,886,,
2026-09-01T00:36:12.935838+00:00,LibGen,LibGen.li,UP,200,819,,
2026-09-01T00:37:13.955224+00:00,LibGen,LibGen.li,UP,200,1074,,
2026-09-01T00:38:14.030639+00:00,LibGen,LibGen.li,UP,200,277,,
2026-09-01T00:39:15.926615+00:00,LibGen,LibGen.li,UP,200,1131,,
2026-09-01T00:40:15.632251+00:00,LibGen,LibGen.li,UP,200,994,,
2026-09-01T00:41:15.760926+00:00,LibGen,LibGen.li,UP,200,728,,
2026-09-01T00:42:16.400922+00:00,LibGen,LibGen.li,UP,200,1674,,
2026-09-01T00:43:17.286823+00:00,LibGen,LibGen.li,UP,200,1058,,
2026-09-01T00:44:17.565295+00:00,LibGen,LibGen.li,UP,200,1085,,
2026-09-01T00:45:37.728365+00:00,LibGen,LibGen.li,DOWN,,,connection_refused,
2026-09-01T00:46:17.652702+00:00,LibGen,LibGen.li,UP,200,1118,,
2026-09-01T00:47:17.454946+00:00,LibGen,LibGen.li,UP,200,418,,
2026-09-01T00:48:18.959784+00:00,LibGen,LibGen.li,UP,200,644,,
2026-09-01T00:49:38.673622+00:00,LibGen,LibGen.li,TIMEOUT,,,timeout,
2026-09-01T00:50:38.850673+00:00,LibGen,LibGen.li,TIMEOUT,,,timeout,
2026-09-01T00:51:38.866737+00:00,LibGen,LibGen.li,TIMEOUT,,,timeout,
2026-09-01T00:52:39.979693+00:00,LibGen,LibGen.li,TIMEOUT,,,timeout,
2026-09-01T00:53:40.718895+00:00,LibGen,LibGen.li,TIMEOUT,,,timeout,
2026-09-01T00:54:41.780398+00:00,LibGen,LibGen.li,TIMEOUT,,,timeout,
2026-09-01T00:55:41.859614+00:00,LibGen,LibGen.li,TIMEOUT,,,timeout,
2026-09-01T00:56:41.963107+00:00,LibGen,LibGen.li,TIMEOUT,,,timeout,
2026-09-01T00:57:43.041885+00:00,LibGen,LibGen.li,TIMEOUT,,,timeout,
2026-09-01T00:58:23.420693+00:00,LibGen,LibGen.li,DOWN,500,678,http_error,
2026-09-01T00:59:25.450764+00:00,LibGen,LibGen.li,UP,200,1656,,
2026-09-01T01:00:24.361684+00:00,LibGen,LibGen.li,UP,200,797,,
2026-09-01T01:01:25.250560+00:00,LibGen,LibGen.li,UP,200,755,,
2026-09-01T01:02:25.705564+00:00,LibGen,LibGen.li,UP,200,633,,
2026-09-01T01:03:26.783424+00:00,LibGen,LibGen.li,UP,200,1460,,
2026-09-01T01:04:26.090540+00:00,LibGen,LibGen.li,UP,200,673,,
2026-09-01T01:05:26.129272+00:00,LibGen,LibGen.li,UP,200,692,,
2026-09-01T01:06:26.337308+00:00,LibGen,LibGen.li,UP,200,773,,
2026-09-01T01:07:26.744972+00:00,LibGen,LibGen.li,UP,200,663,,
2026-09-01T01:08:27.332926+00:00,LibGen,LibGen.li,UP,200,898,,
2026-09-01T01:09:27.543839+00:00,LibGen,LibGen.li,UP,200,832,,
2026-09-01T01:10:28.105451+00:00,LibGen,LibGen.li,UP,200,631,,
2026-09-01T01:11:28.440267+00:00,LibGen,LibGen.li,UP,200,738,,
2026-09-01T01:12:29.265542+00:00,LibGen,LibGen.li,UP,200,753,,
2026-09-01T01:13:29.087130+00:00,LibGen,LibGen.li,UP,200,731,,
2026-09-01T01:14:29.569339+00:00,LibGen,LibGen.li,UP,200,684,,
2026-09-01T01:15:30.284833+00:00,LibGen,LibGen.li,UP,200,650,,
2026-09-01T01:16:30.050229+00:00,LibGen,LibGen.li,UP,200,684,,
2026-09-01T01:17:30.558674+00:00,LibGen,LibGen.li,UP,200,656,,
2026-09-01T01:18:31.980612+00:00,LibGen,LibGen.li,UP,200,1085,,
2026-09-01T01:19:32.072560+00:00,LibGen,LibGen.li,UP,200,946,,
2026-09-01T01:20:32.537493+00:00,LibGen,LibGen.li,UP,200,941,,
2026-09-01T01:21:32.990178+00:00,LibGen,LibGen.li,UP,200,682,,
2026-09-01T01:22:32.885956+00:00,LibGen,LibGen.li,UP,200,696,,
2026-09-01T01:23:33.819026+00:00,LibGen,LibGen.li,UP,200,691,,
2026-09-01T01:24:33.805335+00:00,LibGen,LibGen.li,UP,200,659,,
2026-09-01T01:25:34.346187+00:00,LibGen,LibGen.li,UP,200,807,,
2026-09-01T01:26:37.467540+00:00,LibGen,LibGen.li,DEGRADED,200,3853,latency_high,
2026-09-01T01:27:35.083326+00:00,LibGen,LibGen.li,UP,200,752,,
2026-09-01T01:28:35.137194+00:00,LibGen,LibGen.li,UP,200,606,,
2026-09-01T01:29:35.295553+00:00,LibGen,LibGen.li,UP,200,712,,
2026-09-01T01:30:35.950971+00:00,LibGen,LibGen.li,UP,200,706,,
2026-09-01T01:31:36.461497+00:00,LibGen,LibGen.li,UP,200,718,,
2026-09-01T01:32:36.249238+00:00,LibGen,LibGen.li,UP,200,628,,
2026-09-01T01:33:37.207550+00:00,LibGen,LibGen.li,UP,200,689,,
2026-09-01T01:34:37.177250+00:00,LibGen,LibGen.li,UP,200,785,,
2026-09-01T01:35:37.367306+00:00,LibGen,LibGen.li,UP,200,881,,
2026-09-01T01:36:38.152453+00:00,LibGen,LibGen.li,UP,200,650,,
2026-09-01T01:37:40.279094+00:00,LibGen,LibGen.li,UP,200,709,,
2026-09-01T01:38:38.995987+00:00,LibGen,LibGen.li,UP,200,680,,
2026-09-01T01:39:39.438518+00:00,LibGen,LibGen.li,UP,200,677,,
2026-09-01T01:40:39.064112+00:00,LibGen,LibGen.li,UP,200,639,,
2026-09-01T01:41:39.961855+00:00,LibGen,LibGen.li,UP,200,631,,
2026-09-01T01:42:39.605233+00:00,LibGen,LibGen.li,UP,200,651,,
2026-09-01T01:43:41.659137+00:00,LibGen,LibGen.li,UP,200,787,,
2026-09-01T01:44:41.092465+00:00,LibGen,LibGen.li,UP,200,934,,
2026-09-01T01:45:40.885730+00:00,LibGen,LibGen.li,UP,200,762,,
2026-09-01T01:46:41.922254+00:00,LibGen,LibGen.li,UP,200,717,,
2026-09-01T01:47:41.661661+00:00,LibGen,LibGen.li,UP,200,766,,
2026-09-01T01:48:42.147218+00:00,LibGen,LibGen.li,UP,200,791,,
2026-09-01T01:49:42.192515+00:00,LibGen,LibGen.li,UP,200,713,,
2026-09-01T01:50:42.506486+00:00,LibGen,LibGen.li,UP,200,806,,
2026-09-01T01:51:42.799918+00:00,LibGen,LibGen.li,UP,200,694,,
2026-09-01T01:52:42.865720+00:00,LibGen,LibGen.li,UP,200,653,,
2026-09-01T01:53:43.009095+00:00,LibGen,LibGen.li,UP,200,655,,
2026-09-01T01:54:44.006161+00:00,LibGen,LibGen.li,UP,200,679,,
2026-09-01T01:55:45.025214+00:00,LibGen,LibGen.li,UP,200,773,,
2026-09-01T01:56:44.567498+00:00,LibGen,LibGen.li,UP,200,250,,
2026-09-01T01:57:45.500505+00:00,LibGen,LibGen.li,UP,200,631,,
2026-09-01T01:58:45.726778+00:00,LibGen,LibGen.li,UP,200,557,,
2026-09-01T01:59:47.893625+00:00,LibGen,LibGen.li,UP,200,2032,,
2026-09-01T02:00:47.934352+00:00,LibGen,LibGen.li,UP,200,800,,
2026-09-01T02:01:47.234930+00:00,LibGen,LibGen.li,UP,200,787,,
2026-09-01T02:02:50.334535+00:00,LibGen,LibGen.li,DEGRADED,200,3196,latency_high,
2026-09-01T02:03:49.633147+00:00,LibGen,LibGen.li,UP,200,1734,,
2026-09-01T02:04:49.933587+00:00,LibGen,LibGen.li,UP,200,821,,
2026-09-01T02:05:49.227975+00:00,LibGen,LibGen.li,UP,200,800,,
2026-09-01T02:06:49.523937+00:00,LibGen,LibGen.li,UP,200,750,,
2026-09-01T02:07:50.450640+00:00,LibGen,LibGen.li,UP,200,1076,,
2026-09-01T02:09:11.080691+00:00,LibGen,LibGen.li,DOWN,,,connection_refused,
2026-09-01T02:09:50.998485+00:00,LibGen,LibGen.li,UP,200,662,,
2026-09-01T02:10:53.166357+00:00,LibGen,LibGen.li,UP,200,811,,
2026-09-01T02:11:52.813084+00:00,LibGen,LibGen.li,UP,200,576,,
2026-09-01T02:12:52.962643+00:00,LibGen,LibGen.li,UP,200,601,,
2026-09-01T02:13:53.984588+00:00,LibGen,LibGen.li,UP,200,1018,,
2026-09-01T02:14:53.672880+00:00,LibGen,LibGen.li,UP,200,721,,
2026-09-01T02:15:53.885418+00:00,LibGen,LibGen.li,UP,200,251,,
2026-09-01T02:16:54.868107+00:00,LibGen,LibGen.li,UP,200,687,,
2026-09-01T02:17:55.613010+00:00,LibGen,LibGen.li,UP,200,673,,
2026-09-01T02:18:56.727271+00:00,LibGen,LibGen.li,UP,200,1697,,
2026-09-01T02:19:58.129373+00:00,LibGen,LibGen.li,UP,200,756,,
2026-09-01T02:20:56.204121+00:00,LibGen,LibGen.li,UP,200,803,,
2026-09-01T02:21:56.642843+00:00,LibGen,LibGen.li,UP,200,583,,
2026-09-01T02:22:56.465133+00:00,LibGen,LibGen.li,UP,200,710,,
2026-09-01T02:23:57.494496+00:00,LibGen,LibGen.li,UP,200,708,,
2026-09-01T02:24:58.265488+00:00,LibGen,LibGen.li,UP,200,1028,,
2026-09-01T02:25:58.008924+00:00,LibGen,LibGen.li,UP,200,777,,
2026-09-01T02:26:58.183374+00:00,LibGen,LibGen.li,UP,200,643,,
2026-09-01T02:27:58.523247+00:00,LibGen,LibGen.li,UP,200,769,,
2026-09-01T02:28:58.841360+00:00,LibGen,LibGen.li,UP,200,757,,
2026-09-01T02:30:00.048598+00:00,LibGen,LibGen.li,UP,200,863,,
2026-09-01T02:31:01.246023+00:00,LibGen,LibGen.li,UP,200,768,,
2026-09-01T02:32:01.278542+00:00,LibGen,LibGen.li,UP,200,682,,
2026-09-01T02:33:01.864466+00:00,LibGen,LibGen.li,UP,200,846,,
2026-09-01T02:34:02.894682+00:00,LibGen,LibGen.li,UP,200,766,,
2026-09-01T02:35:02.499656+00:00,LibGen,LibGen.li,UP,200,1009,,
2026-09-01T02:36:03.892752+00:00,LibGen,LibGen.li,UP,200,939,,
2026-09-01T02:37:03.290312+00:00,LibGen,LibGen.li,UP,200,238,,
2026-09-01T02:38:03.376670+00:00,LibGen,LibGen.li,UP,200,729,,
2026-09-01T02:39:03.547672+00:00,LibGen,LibGen.li,UP,200,884,,
2026-09-01T02:40:04.511536+00:00,LibGen,LibGen.li,UP,200,814,,
2026-09-01T02:41:04.951879+00:00,LibGen,LibGen.li,UP,200,842,,
2026-09-01T02:42:04.947627+00:00,LibGen,LibGen.li,UP,200,699,,
2026-09-01T02:43:05.096642+00:00,LibGen,LibGen.li,UP,200,751,,
2026-09-01T02:44:26.103631+00:00,LibGen,LibGen.li,DOWN,,,connection_refused,
2026-09-01T02:45:06.311613+00:00,LibGen,LibGen.li,UP,200,1035,,
2026-09-01T02:46:06.507629+00:00,LibGen,LibGen.li,UP,200,1000,,
2026-09-01T02:47:06.692151+00:00,LibGen,LibGen.li,UP,200,761,,
2026-09-01T02:48:06.948723+00:00,LibGen,LibGen.li,UP,200,839,,
2026-09-01T02:49:07.418679+00:00,LibGen,LibGen.li,UP,200,832,,
2026-09-01T02:50:07.675157+00:00,LibGen,LibGen.li,UP,200,822,,
2026-09-01T02:51:08.236718+00:00,LibGen,LibGen.li,UP,200,799,,
2026-09-01T02:52:10.293230+00:00,LibGen,LibGen.li,UP,200,1085,,
2026-09-01T02:53:09.731093+00:00,LibGen,LibGen.li,UP,200,789,,
2026-09-01T02:54:09.618203+00:00,LibGen,LibGen.li,UP,200,707,,
2026-09-01T02:55:10.128651+00:00,LibGen,LibGen.li,UP,200,722,,
2026-09-01T02:56:10.888215+00:00,LibGen,LibGen.li,UP,200,730,,
2026-09-01T02:57:11.180407+00:00,LibGen,LibGen.li,UP,200,1040,,
2026-09-01T02:58:10.382759+00:00,LibGen,LibGen.li,UP,200,676,,
2026-09-01T02:59:10.913827+00:00,LibGen,LibGen.li,UP,200,237,,
2026-09-01T03:00:12.654599+00:00,LibGen,LibGen.li,UP,200,1878,,
2026-09-01T03:01:12.077556+00:00,LibGen,LibGen.li,UP,200,852,,
2026-09-01T03:02:11.719533+00:00,LibGen,LibGen.li,UP,200,609,,
2026-09-01T03:03:15.104636+00:00,LibGen,LibGen.li,DEGRADED,200,3781,latency_high,
2026-09-01T03:04:13.780429+00:00,LibGen,LibGen.li,UP,200,677,,
2026-09-01T03:05:12.720766+00:00,LibGen,LibGen.li,UP,200,261,,
2026-09-01T03:06:13.617540+00:00,LibGen,LibGen.li,UP,200,686,,
2026-09-01T03:07:14.304009+00:00,LibGen,LibGen.li,UP,200,857,,
2026-09-01T03:08:14.177146+00:00,LibGen,LibGen.li,UP,200,248,,
2026-09-01T03:09:15.716893+00:00,LibGen,LibGen.li,UP,200,770,,
2026-09-01T03:10:15.935646+00:00,LibGen,LibGen.li,UP,200,853,,
2026-09-01T03:11:15.797602+00:00,LibGen,LibGen.li,UP,200,707,,
2026-09-01T03:12:16.499294+00:00,LibGen,LibGen.li,UP,200,800,,
2026-09-01T03:13:16.707850+00:00,LibGen,LibGen.li,UP,200,651,,
2026-09-01T03:14:16.797252+00:00,LibGen,LibGen.li,UP,200,589,,
2026-09-01T03:15:37.139338+00:00,LibGen,LibGen.li,DOWN,,,connection_refused,
2026-09-01T03:16:17.238903+00:00,LibGen,LibGen.li,UP,200,649,,
2026-09-01T03:17:18.135668+00:00,LibGen,LibGen.li,UP,200,804,,
2026-09-01T03:18:18.255740+00:00,LibGen,LibGen.li,UP,200,653,,
2026-09-01T03:19:18.883716+00:00,LibGen,LibGen.li,UP,200,937,,
2026-09-01T03:20:18.986926+00:00,LibGen,LibGen.li,UP,200,228,,
2026-09-01T03:21:21.754089+00:00,LibGen,LibGen.li,UP,200,786,,
2026-09-01T03:22:19.713875+00:00,LibGen,LibGen.li,UP,200,810,,
2026-09-01T03:23:22.625941+00:00,LibGen,LibGen.li,DEGRADED,200,3729,latency_high,
2026-09-01T03:24:21.317942+00:00,LibGen,LibGen.li,UP,200,706,,
2026-09-01T03:25:20.272500+00:00,LibGen,LibGen.li,UP,200,589,,
2026-09-01T03:26:20.876614+00:00,LibGen,LibGen.li,UP,200,696,,
2026-09-01T03:27:20.420233+00:00,LibGen,LibGen.li,UP,200,620,,
2026-09-01T03:28:22.344300+00:00,LibGen,LibGen.li,UP,200,1862,,
2026-09-01T03:29:21.905410+00:00,LibGen,LibGen.li,UP,200,671,,
2026-09-01T03:30:22.250576+00:00,LibGen,LibGen.li,UP,200,1180,,
2026-09-01T03:31:41.777184+00:00,LibGen,LibGen.li,DOWN,,,connection_refused,
2026-09-01T03:32:22.112574+00:00,LibGen,LibGen.li,UP,200,733,,
2026-09-01T03:33:22.815574+00:00,LibGen,LibGen.li,UP,200,786,,
2026-09-01T03:34:23.606317+00:00,LibGen,LibGen.li,UP,200,588,,
2026-09-01T03:35:23.615814+00:00,LibGen,LibGen.li,UP,200,743,,
2026-09-01T03:36:24.254696+00:00,LibGen,LibGen.li,UP,200,1003,,
2026-09-01T03:37:24.881320+00:00,LibGen,LibGen.li,UP,200,732,,
2026-09-01T03:38:25.371000+00:00,LibGen,LibGen.li,UP,200,736,,
2026-09-01T03:39:25.409928+00:00,LibGen,LibGen.li,UP,200,691,,
2026-09-01T03:40:26.147356+00:00,LibGen,LibGen.li,UP,200,678,,
2026-09-01T03:41:26.463524+00:00,LibGen,LibGen.li,UP,200,245,,
2026-09-01T03:42:27.290340+00:00,LibGen,LibGen.li,UP,200,842,,
2026-09-01T03:43:26.808333+00:00,LibGen,LibGen.li,UP,200,810,,
2026-09-01T03:44:27.049675+00:00,LibGen,LibGen.li,UP,200,773,,
2026-09-01T03:45:27.951491+00:00,LibGen,LibGen.li,UP,200,755,,
2026-09-01T03:46:27.964565+00:00,LibGen,LibGen.li,UP,200,783,,
2026-09-01T03:47:48.018691+00:00,LibGen,LibGen.li,DOWN,,,connection_refused,
2026-09-01T03:48:29.520212+00:00,LibGen,LibGen.li,UP,200,1620,,
2026-09-01T03:49:29.375645+00:00,LibGen,LibGen.li,UP,200,722,,
2026-09-01T03:50:28.649672+00:00,LibGen,LibGen.li,UP,200,715,,
2026-09-01T03:51:29.611576+00:00,LibGen,LibGen.li,UP,200,705,,
2026-09-01T03:52:29.899567+00:00,LibGen,LibGen.li,UP,200,794,,
2026-09-01T03:53:30.064714+00:00,LibGen,LibGen.li,UP,200,695,,
2026-09-01T03:54:30.661633+00:00,LibGen,LibGen.li,UP,200,777,,
2026-09-01T03:55:30.997429+00:00,LibGen,LibGen.li,UP,200,882,,
2026-09-01T03:56:30.433651+00:00,LibGen,LibGen.li,UP,200,222,,
2026-09-01T03:57:31.674086+00:00,LibGen,LibGen.li,UP,200,606,,
2026-09-01T03:58:32.101168+00:00,LibGen,LibGen.li,UP,200,619,,
2026-09-01T03:59:33.238147+00:00,LibGen,LibGen.li,UP,200,874,,
2026-09-01T04:00:33.469914+00:00,LibGen,LibGen.li,UP,200,945,,
2026-09-01T04:01:33.877568+00:00,LibGen,LibGen.li,UP,200,598,,
2026-09-01T04:02:34.383979+00:00,LibGen,LibGen.li,UP,200,771,,
2026-09-01T04:03:34.536843+00:00,LibGen,LibGen.li,UP,200,773,,
2026-09-01T04:04:34.558128+00:00,LibGen,LibGen.li,UP,200,667,,
2026-09-01T04:05:35.278915+00:00,LibGen,LibGen.li,UP,200,648,,
2026-09-01T04:06:35.112853+00:00,LibGen,LibGen.li,UP,200,704,,
2026-09-01T04:07:35.845525+00:00,LibGen,LibGen.li,UP,200,667,,
2026-09-01T04:08:39.021574+00:00,LibGen,LibGen.li,UP,200,653,,
2026-09-01T04:09:37.829416+00:00,LibGen,LibGen.li,UP,200,717,,
2026-09-01T04:10:38.560490+00:00,LibGen,LibGen.li,UP,200,614,,
2026-09-01T04:11:38.636668+00:00,LibGen,LibGen.li,UP,200,730,,
2026-09-01T04:12:39.595952+00:00,LibGen,LibGen.li,UP,200,707,,
2026-09-01T04:13:39.204158+00:00,LibGen,LibGen.li,UP,200,245,,
2026-09-01T04:14:40.991353+00:00,LibGen,LibGen.li,UP,200,719,,
2026-09-01T04:15:40.726762+00:00,LibGen,LibGen.li,UP,200,686,,
2026-09-01T04:16:41.263123+00:00,LibGen,LibGen.li,UP,200,240,,
2026-09-01T04:17:41.291142+00:00,LibGen,LibGen.li,UP,200,857,,
2026-09-01T04:18:42.147696+00:00,LibGen,LibGen.li,UP,200,730,,
2026-09-01T04:19:42.164905+00:00,LibGen,LibGen.li,UP,200,232,,
2026-09-01T04:20:42.778007+00:00,LibGen,LibGen.li,UP,200,726,,
2026-09-01T04:21:43.427553+00:00,LibGen,LibGen.li,UP,200,705,,
2026-09-01T04:22:43.436207+00:00,LibGen,LibGen.li,UP,200,646,,
2026-09-01T04:23:43.245115+00:00,LibGen,LibGen.li,UP,200,229,,
2026-09-01T04:24:44.636726+00:00,LibGen,LibGen.li,UP,200,789,,
2026-09-01T04:25:44.285212+00:00,LibGen,LibGen.li,UP,200,901,,
2026-09-01T04:26:45.346174+00:00,LibGen,LibGen.li,UP,200,255,,
2026-09-01T04:27:45.854208+00:00,LibGen,LibGen.li,UP,200,965,,
2026-09-01T04:28:45.831446+00:00,LibGen,LibGen.li,UP,200,817,,
2026-09-01T04:29:45.263169+00:00,LibGen,LibGen.li,UP,200,671,,
2026-09-01T04:30:45.654255+00:00,LibGen,LibGen.li,UP,200,917,,
2026-09-01T04:31:46.416931+00:00,LibGen,LibGen.li,UP,200,978,,
2026-09-01T04:32:47.675241+00:00,LibGen,LibGen.li,UP,200,687,,
2026-09-01T04:33:47.639912+00:00,LibGen,LibGen.li,UP,200,1502,,
2026-09-01T04:34:46.207620+00:00,LibGen,LibGen.li,UP,200,253,,
2026-09-01T04:35:47.571521+00:00,LibGen,LibGen.li,UP,200,738,,
2026-09-01T04:36:47.458585+00:00,LibGen,LibGen.li,UP,200,634,,
2026-09-01T04:37:47.710494+00:00,LibGen,LibGen.li,UP,200,254,,
2026-09-01T04:38:47.788323+00:00,LibGen,LibGen.li,UP,200,670,,
2026-09-01T04:39:47.810458+00:00,LibGen,LibGen.li,UP,200,660,,
2026-09-01T04:40:48.841236+00:00,LibGen,LibGen.li,UP,200,757,,
2026-09-01T04:41:48.574023+00:00,LibGen,LibGen.li,UP,200,692,,
2026-09-01T04:42:49.322796+00:00,LibGen,LibGen.li,UP,200,831,,
2026-09-01T04:43:49.362206+00:00,LibGen,LibGen.li,UP,200,744,,
2026-09-01T04:44:48.976092+00:00,LibGen,LibGen.li,UP,200,239,,
2026-09-01T04:45:50.738951+00:00,LibGen,LibGen.li,UP,200,1763,,
2026-09-01T04:46:49.666504+00:00,LibGen,LibGen.li,UP,200,646,,
2026-09-01T04:47:50.205083+00:00,LibGen,LibGen.li,UP,200,886,,
2026-09-01T04:48:50.565374+00:00,LibGen,LibGen.li,UP,200,711,,
2026-09-01T04:49:51.350732+00:00,LibGen,LibGen.li,UP,200,697,,
2026-09-01T04:50:51.449960+00:00,LibGen,LibGen.li,UP,200,703,,
2026-09-01T04:51:52.289212+00:00,LibGen,LibGen.li,UP,200,735,,
2026-09-01T04:52:52.341954+00:00,LibGen,LibGen.li,UP,200,234,,
2026-09-01T04:53:53.579708+00:00,LibGen,LibGen.li,UP,200,935,,
2026-09-01T04:54:53.373465+00:00,LibGen,LibGen.li,UP,200,229,,
2026-09-01T04:55:54.869980+00:00,LibGen,LibGen.li,UP,200,679,,
2026-09-01T04:56:54.601533+00:00,LibGen,LibGen.li,UP,200,643,,
2026-09-01T04:57:55.993554+00:00,LibGen,LibGen.li,UP,200,651,,
2026-09-01T04:58:56.743466+00:00,LibGen,LibGen.li,UP,200,561,,
2026-09-01T04:59:55.855249+00:00,LibGen,LibGen.li,UP,200,606,,
2026-09-01T05:00:56.862581+00:00,LibGen,LibGen.li,UP,200,588,,
2026-09-01T05:01:57.367041+00:00,LibGen,LibGen.li,UP,200,962,,
2026-09-01T05:02:59.799301+00:00,LibGen,LibGen.li,UP,200,760,,
2026-09-01T05:03:57.284868+00:00,LibGen,LibGen.li,UP,200,248,,
2026-09-01T05:04:58.021950+00:00,LibGen,LibGen.li,UP,200,775,,
2026-09-01T05:05:58.865780+00:00,LibGen,LibGen.li,UP,200,967,,
2026-09-01T05:06:58.889710+00:00,LibGen,LibGen.li,UP,200,859,,
2026-09-01T05:07:59.344142+00:00,LibGen,LibGen.li,UP,200,624,,
2026-09-01T05:08:59.258888+00:00,LibGen,LibGen.li,UP,200,601,,
2026-09-01T05:10:00.401800+00:00,LibGen,LibGen.li,UP,200,630,,
2026-09-01T05:11:01.295439+00:00,LibGen,LibGen.li,UP,200,985,,
2026-09-01T05:12:01.354690+00:00,LibGen,LibGen.li,UP,200,301,,
2026-09-01T05:13:01.380605+00:00,LibGen,LibGen.li,UP,200,700,,
2026-09-01T05:14:01.194529+00:00,LibGen,LibGen.li,DOWN,,,connection_refused,
2026-09-01T05:15:03.143546+00:00,LibGen,LibGen.li,UP,200,1314,,
2026-09-01T05:16:05.978635+00:00,LibGen,LibGen.li,UP,200,1028,,
2026-09-01T05:17:04.150324+00:00,LibGen,LibGen.li,UP,200,1071,,
2026-09-01T05:18:04.121521+00:00,LibGen,LibGen.li,UP,200,733,,
2026-09-01T05:19:04.744368+00:00,LibGen,LibGen.li,UP,200,856,,
2026-09-01T05:20:04.845736+00:00,LibGen,LibGen.li,UP,200,334,,
2026-09-01T05:21:05.744565+00:00,LibGen,LibGen.li,UP,200,1164,,
2026-09-01T05:22:05.984539+00:00,LibGen,LibGen.li,UP,200,651,,
2026-09-01T05:23:06.555512+00:00,LibGen,LibGen.li,UP,200,803,,
2026-09-01T05:24:05.800064+00:00,LibGen,LibGen.li,UP,200,255,,
2026-09-01T05:25:06.192045+00:00,LibGen,LibGen.li,UP,200,809,,
2026-09-01T05:26:08.357516+00:00,LibGen,LibGen.li,UP,200,702,,
2026-09-01T05:27:07.638978+00:00,LibGen,LibGen.li,UP,200,814,,
2026-09-01T05:28:07.755860+00:00,LibGen,LibGen.li,UP,200,581,,
2026-09-01T05:29:08.386082+00:00,LibGen,LibGen.li,UP,200,655,,
2026-09-01T05:30:08.745837+00:00,LibGen,LibGen.li,UP,200,750,,
2026-09-01T05:31:08.972085+00:00,LibGen,LibGen.li,UP,200,973,,
2026-09-01T05:32:08.677559+00:00,LibGen,LibGen.li,UP,200,682,,
2026-09-01T05:33:08.477625+00:00,LibGen,LibGen.li,UP,200,229,,
2026-09-01T05:34:09.417362+00:00,LibGen,LibGen.li,UP,200,573,,
2026-09-01T05:35:10.165926+00:00,LibGen,LibGen.li,UP,200,805,,
2026-09-01T05:36:10.111090+00:00,LibGen,LibGen.li,UP,200,676,,
2026-09-01T05:37:10.714672+00:00,LibGen,LibGen.li,UP,200,1064,,
2026-09-01T05:38:09.944824+00:00,LibGen,LibGen.li,UP,200,621,,
2026-09-01T05:39:11.265551+00:00,LibGen,LibGen.li,UP,200,649,,
2026-09-01T05:40:10.930613+00:00,LibGen,LibGen.li,UP,200,913,,
2026-09-01T05:41:11.389837+00:00,LibGen,LibGen.li,UP,200,689,,
2026-09-01T05:42:11.785035+00:00,LibGen,LibGen.li,UP,200,907,,
2026-09-01T05:43:11.872984+00:00,LibGen,LibGen.li,UP,200,671,,
2026-09-01T05:44:11.903810+00:00,LibGen,LibGen.li,UP,200,685,,
2026-09-01T05:45:12.089167+00:00,LibGen,LibGen.li,UP,200,836,,
2026-09-01T05:46:12.321623+00:00,LibGen,LibGen.li,UP,200,754,,
2026-09-01T05:47:12.861862+00:00,LibGen,LibGen.li,UP,200,729,,
2026-09-01T05:48:12.930254+00:00,LibGen,LibGen.li,UP,200,729,,
2026-09-01T05:49:13.918462+00:00,LibGen,LibGen.li,UP,200,635,,
2026-09-01T05:50:13.506699+00:00,LibGen,LibGen.li,UP,200,737,,
2026-09-01T05:51:13.738068+00:00,LibGen,LibGen.li,UP,200,685,,
2026-09-01T05:52:14.265118+00:00,LibGen,LibGen.li,UP,200,700,,
2026-09-01T05:53:14.388874+00:00,LibGen,LibGen.li,UP,200,675,,
2026-09-01T05:54:14.206589+00:00,LibGen,LibGen.li,UP,200,802,,
2026-09-01T05:55:14.242197+00:00,LibGen,LibGen.li,UP,200,772,,
2026-09-01T05:56:15.786225+00:00,LibGen,LibGen.li,UP,200,1735,,
2026-09-01T05:57:15.666423+00:00,LibGen,LibGen.li,UP,200,528,,
2026-09-01T05:58:15.660967+00:00,LibGen,LibGen.li,UP,200,620,,
2026-09-01T05:59:16.893242+00:00,LibGen,LibGen.li,UP,200,710,,
2026-09-01T06:00:18.315512+00:00,LibGen,LibGen.li,UP,200,1083,,
2026-09-01T06:01:16.730926+00:00,LibGen,LibGen.li,UP,200,679,,
2026-09-01T06:02:16.983719+00:00,LibGen,LibGen.li,UP,200,745,,
2026-09-01T06:03:17.141915+00:00,LibGen,LibGen.li,UP,200,724,,
2026-09-01T06:04:17.659244+00:00,LibGen,LibGen.li,UP,200,918,,
2026-09-01T06:05:17.921737+00:00,LibGen,LibGen.li,UP,200,718,,
2026-09-01T06:06:18.668350+00:00,LibGen,LibGen.li,UP,200,792,,
2026-09-01T06:07:18.786724+00:00,LibGen,LibGen.li,UP,200,999,,
2026-09-01T06:08:19.245142+00:00,LibGen,LibGen.li,UP,200,603,,
2026-09-01T06:09:20.084712+00:00,LibGen,LibGen.li,UP,200,732,,
2026-09-01T06:10:20.735557+00:00,LibGen,LibGen.li,UP,200,873,,
2026-09-01T06:11:21.096898+00:00,LibGen,LibGen.li,UP,200,1085,,
2026-09-01T06:12:21.170993+00:00,LibGen,LibGen.li,UP,200,683,,
2026-09-01T06:13:21.392670+00:00,LibGen,LibGen.li,UP,200,678,,
2026-09-01T06:14:22.049474+00:00,LibGen,LibGen.li,UP,200,731,,
2026-09-01T06:15:22.485431+00:00,LibGen,LibGen.li,UP,200,910,,
2026-09-01T06:16:23.073794+00:00,LibGen,LibGen.li,UP,200,752,,
2026-09-01T06:17:23.430577+00:00,LibGen,LibGen.li,UP,200,750,,
2026-09-01T06:18:24.564494+00:00,LibGen,LibGen.li,UP,200,994,,
2026-09-01T06:19:24.011731+00:00,LibGen,LibGen.li,UP,200,693,,
2026-09-01T06:20:24.690153+00:00,LibGen,LibGen.li,UP,200,823,,
2026-09-01T06:21:25.302903+00:00,LibGen,LibGen.li,UP,200,670,,
2026-09-01T06:22:25.944983+00:00,LibGen,LibGen.li,UP,200,703,,
2026-09-01T06:23:26.510526+00:00,LibGen,LibGen.li,UP,200,726,,
2026-09-01T06:24:27.043002+00:00,LibGen,LibGen.li,UP,200,817,,
2026-09-01T06:25:27.835136+00:00,LibGen,LibGen.li,UP,200,1017,,
2026-09-01T06:26:13.863050+00:00,LibGen,LibGen.li,UP,200,927,,
2026-09-01T06:26:28.551506+00:00,LibGen,LibGen.li,UP,200,1151,,
2026-09-01T06:27:28.618868+00:00,LibGen,LibGen.li,UP,200,782,,
2026-09-01T06:28:31.408093+00:00,LibGen,LibGen.li,UP,200,687,,
2026-09-01T06:29:29.505178+00:00,LibGen,LibGen.li,UP,200,584,,
2026-09-01T06:30:29.641445+00:00,LibGen,LibGen.li,UP,200,613,,
2026-09-01T06:31:29.965740+00:00,LibGen,LibGen.li,UP,200,714,,
2026-09-01T06:32:30.550377+00:00,LibGen,LibGen.li,UP,200,618,,
2026-09-01T06:33:31.233398+00:00,LibGen,LibGen.li,UP,200,759,,
2026-09-01T06:34:51.017958+00:00,LibGen,LibGen.li,DOWN,,,connection_refused,
2026-09-01T06:35:31.381868+00:00,LibGen,LibGen.li,UP,200,665,,
2026-09-01T06:36:31.931717+00:00,LibGen,LibGen.li,UP,200,600,,
2026-09-01T06:37:32.446796+00:00,LibGen,LibGen.li,UP,200,742,,
2026-09-01T06:38:32.413083+00:00,LibGen,LibGen.li,UP,200,242,,
2026-09-01T06:39:33.047432+00:00,LibGen,LibGen.li,UP,200,642,,
2026-09-01T06:40:33.510257+00:00,LibGen,LibGen.li,UP,200,706,,
2026-09-01T06:41:35.276606+00:00,LibGen,LibGen.li,UP,200,1700,,
2026-09-01T06:42:34.652608+00:00,LibGen,LibGen.li,UP,200,647,,
2026-09-01T06:43:34.402801+00:00,LibGen,LibGen.li,UP,200,663,,
2026-09-01T06:44:34.160041+00:00,LibGen,LibGen.li,UP,200,639,,
2026-09-01T06:45:34.870744+00:00,LibGen,LibGen.li,UP,200,842,,
2026-09-01T06:46:37.990525+00:00,LibGen,LibGen.li,DEGRADED,200,3246,latency_high,
2026-09-01T06:47:35.735615+00:00,LibGen,LibGen.li,UP,200,837,,
2026-09-01T06:48:35.510004+00:00,LibGen,LibGen.li,UP,200,661,,
2026-09-01T06:49:36.249890+00:00,LibGen,LibGen.li,UP,200,843,,
2026-09-01T06:50:36.947031+00:00,LibGen,LibGen.li,UP,200,821,,
2026-09-01T06:51:37.180176+00:00,LibGen,LibGen.li,UP,200,715,,
2026-09-01T06:52:37.300523+00:00,LibGen,LibGen.li,UP,200,799,,
2026-09-01T06:53:37.239135+00:00,LibGen,LibGen.li,UP,200,675,,
2026-09-01T06:54:37.793040+00:00,LibGen,LibGen.li,UP,200,670,,
2026-09-01T06:55:38.303468+00:00,LibGen,LibGen.li,UP,200,713,,
2026-09-01T06:56:38.513329+00:00,LibGen,LibGen.li,UP,200,639,,
2026-09-01T06:57:38.941662+00:00,LibGen,LibGen.li,UP,200,678,,
2026-09-01T06:58:39.776075+00:00,LibGen,LibGen.li,UP,200,972,,
2026-09-01T06:59:40.410620+00:00,LibGen,LibGen.li,UP,200,766,,
2026-09-01T07:00:41.105403+00:00,LibGen,LibGen.li,UP,200,831,,
2026-09-01T07:01:42.613020+00:00,LibGen,LibGen.li,UP,200,764,,
2026-09-01T07:02:42.883549+00:00,LibGen,LibGen.li,UP,200,692,,
2026-09-01T07:03:43.710334+00:00,LibGen,LibGen.li,UP,200,1738,,
2026-09-01T07:04:44.164106+00:00,LibGen,LibGen.li,UP,200,268,,
2026-09-01T07:05:43.469134+00:00,LibGen,LibGen.li,UP,200,532,,
2026-09-01T07:06:43.647829+00:00,LibGen,LibGen.li,UP,200,609,,
2026-09-01T07:07:43.782941+00:00,LibGen,LibGen.li,UP,200,649,,
2026-09-01T07:08:43.796202+00:00,LibGen,LibGen.li,UP,200,570,,
2026-09-01T07:09:44.829562+00:00,LibGen,LibGen.li,UP,200,702,,
2026-09-01T07:10:45.166943+00:00,LibGen,LibGen.li,UP,200,734,,
2026-09-01T07:11:45.245540+00:00,LibGen,LibGen.li,UP,200,669,,
2026-09-01T07:12:46.288133+00:00,LibGen,LibGen.li,UP,200,676,,
2026-09-01T07:13:46.113524+00:00,LibGen,LibGen.li,UP,200,593,,
2026-09-01T07:14:46.837840+00:00,LibGen,LibGen.li,UP,200,624,,
2026-09-01T07:15:48.201675+00:00,LibGen,LibGen.li,UP,200,750,,
2026-09-01T07:16:48.061633+00:00,LibGen,LibGen.li,UP,200,776,,
2026-09-01T07:17:47.947809+00:00,LibGen,LibGen.li,UP,200,926,,
2026-09-01T07:18:48.199701+00:00,LibGen,LibGen.li,UP,200,727,,
2026-09-01T07:19:47.854346+00:00,LibGen,LibGen.li,UP,200,685,,
2026-09-01T07:20:47.861010+00:00,LibGen,LibGen.li,UP,200,635,,
2026-09-01T07:21:48.277784+00:00,LibGen,LibGen.li,UP,200,646,,
2026-09-01T07:22:49.045033+00:00,LibGen,LibGen.li,UP,200,1147,,
2026-09-01T07:23:48.762419+00:00,LibGen,LibGen.li,UP,200,670,,
2026-09-01T07:24:49.483150+00:00,LibGen,LibGen.li,UP,200,935,,
2026-09-01T07:25:49.201625+00:00,LibGen,LibGen.li,UP,200,876,,
2026-09-01T07:26:50.042504+00:00,LibGen,LibGen.li,UP,200,650,,
2026-09-01T07:27:50.447727+00:00,LibGen,LibGen.li,UP,200,715,,
2026-09-01T07:28:50.244519+00:00,LibGen,LibGen.li,UP,200,773,,
2026-09-01T07:29:49.753491+00:00,LibGen,LibGen.li,UP,200,241,,
2026-09-01T07:30:50.339982+00:00,LibGen,LibGen.li,UP,200,769,,
2026-09-01T07:31:51.265749+00:00,LibGen,LibGen.li,UP,200,917,,
2026-09-01T07:32:50.940319+00:00,LibGen,LibGen.li,UP,200,601,,
2026-09-01T07:33:50.591911+00:00,LibGen,LibGen.li,UP,200,236,,
2026-09-01T07:34:51.234144+00:00,LibGen,LibGen.li,UP,200,709,,
2026-09-01T07:36:12.170959+00:00,LibGen,LibGen.li,DOWN,,,connection_refused,
2026-09-01T07:36:52.434534+00:00,LibGen,LibGen.li,UP,200,682,,
2026-09-01T07:37:52.209556+00:00,LibGen,LibGen.li,UP,200,675,,
2026-09-01T07:38:52.588846+00:00,LibGen,LibGen.li,UP,200,681,,
2026-09-01T07:39:52.425340+00:00,LibGen,LibGen.li,UP,200,650,,
2026-09-01T07:40:53.486382+00:00,LibGen,LibGen.li,UP,200,759,,
2026-09-01T07:42:14.137151+00:00,LibGen,LibGen.li,DOWN,,,connection_refused,
2026-09-01T07:42:54.750922+00:00,LibGen,LibGen.li,UP,200,676,,
2026-09-01T07:43:53.743123+00:00,LibGen,LibGen.li,UP,200,247,,
2026-09-01T07:44:54.334709+00:00,LibGen,LibGen.li,UP,200,659,,
2026-09-01T07:45:54.670582+00:00,LibGen,LibGen.li,UP,200,793,,
2026-09-01T07:46:55.190149+00:00,LibGen,LibGen.li,UP,200,670,,
2026-09-01T07:47:56.999357+00:00,LibGen,LibGen.li,UP,200,685,,
2026-09-01T07:48:55.988165+00:00,LibGen,LibGen.li,UP,200,677,,
2026-09-01T07:49:56.085735+00:00,LibGen,LibGen.li,UP,200,578,,
2026-09-01T07:50:58.638739+00:00,LibGen,LibGen.li,UP,200,611,,
2026-09-01T07:51:58.908172+00:00,LibGen,LibGen.li,UP,200,622,,
2026-09-01T07:52:57.116262+00:00,LibGen,LibGen.li,UP,200,737,,
2026-09-01T07:53:57.549847+00:00,LibGen,LibGen.li,UP,200,789,,
2026-09-01T07:54:57.842517+00:00,LibGen,LibGen.li,UP,200,724,,
2026-09-01T07:55:58.109398+00:00,LibGen,LibGen.li,UP,200,991,,
2026-09-01T07:56:58.501670+00:00,LibGen,LibGen.li,UP,200,666,,
2026-09-01T07:57:59.524141+00:00,LibGen,LibGen.li,UP,200,653,,
2026-09-01T07:58:59.987553+00:00,LibGen,LibGen.li,UP,200,695,,
2026-09-01T08:00:00.262842+00:00,LibGen,LibGen.li,UP,200,763,,
2026-09-01T08:01:02.994672+00:00,LibGen,LibGen.li,DEGRADED,200,3783,latency_high,
2026-09-01T08:02:00.743532+00:00,LibGen,LibGen.li,UP,200,733,,
2026-09-01T08:03:00.123481+00:00,LibGen,LibGen.li,UP,200,289,,
2026-09-01T08:04:22.303130+00:00,LibGen,LibGen.li,DOWN,,,connection_refused,
2026-09-01T08:05:23.187665+00:00,LibGen,LibGen.li,DOWN,,,connection_refused,
2026-09-01T08:06:24.357571+00:00,LibGen,LibGen.li,DOWN,,,connection_refused,
2026-09-01T08:07:03.254038+00:00,LibGen,LibGen.li,UP,200,824,,
2026-09-01T08:08:04.255555+00:00,LibGen,LibGen.li,UP,200,746,,
2026-09-01T08:09:04.844151+00:00,LibGen,LibGen.li,UP,200,763,,
2026-09-01T08:10:06.031096+00:00,LibGen,LibGen.li,UP,200,849,,
2026-09-01T08:11:05.588556+00:00,LibGen,LibGen.li,UP,200,845,,
2026-09-01T08:12:06.134795+00:00,LibGen,LibGen.li,UP,200,720,,
2026-09-01T08:13:27.612550+00:00,LibGen,LibGen.li,DOWN,,,connection_refused,
2026-09-01T08:14:10.275001+00:00,LibGen,LibGen.li,UP,200,1284,,
2026-09-01T08:15:09.847961+00:00,LibGen,LibGen.li,DEGRADED,200,3670,latency_high,
2026-09-01T08:16:08.232088+00:00,LibGen,LibGen.li,UP,200,1103,,
2026-09-01T08:17:08.857550+00:00,LibGen,LibGen.li,UP,200,989,,
2026-09-01T08:18:08.513753+00:00,LibGen,LibGen.li,UP,200,537,,
2026-09-01T08:19:09.058008+00:00,LibGen,LibGen.li,UP,200,656,,
2026-09-01T08:20:09.729062+00:00,LibGen,LibGen.li,UP,200,705,,
2026-09-01T08:21:10.723039+00:00,LibGen,LibGen.li,UP,200,887,,
2026-09-01T08:22:10.067260+00:00,LibGen,LibGen.li,UP,200,267,,
2026-09-01T08:23:12.252056+00:00,LibGen,LibGen.li,UP,200,1252,,
2026-09-01T08:24:12.976865+00:00,LibGen,LibGen.li,UP,200,872,,
2026-09-01T08:25:12.975732+00:00,LibGen,LibGen.li,UP,200,834,,
2026-09-01T08:26:14.216322+00:00,LibGen,LibGen.li,UP,200,631,,
2026-09-01T08:27:14.120565+00:00,LibGen,LibGen.li,UP,200,730,,
2026-09-01T08:28:14.067638+00:00,LibGen,LibGen.li,UP,200,711,,
2026-09-01T08:29:13.982454+00:00,LibGen,LibGen.li,UP,200,667,,
2026-09-01T08:30:14.259737+00:00,LibGen,LibGen.li,UP,200,709,,
2026-09-01T08:31:14.551754+00:00,LibGen,LibGen.li,UP,200,598,,
2026-09-01T08:32:16.192525+00:00,LibGen,LibGen.li,UP,200,759,,
2026-09-01T08:33:14.829687+00:00,LibGen,LibGen.li,UP,200,258,,
2026-09-01T08:34:19.392903+00:00,LibGen,LibGen.li,UP,200,1228,,
2026-09-01T08:35:16.572092+00:00,LibGen,LibGen.li,UP,200,737,,
2026-09-01T08:36:16.824251+00:00,LibGen,LibGen.li,UP,200,248,,
2026-09-01T08:37:17.046699+00:00,LibGen,LibGen.li,UP,200,604,,
2026-09-01T08:38:17.627477+00:00,LibGen,LibGen.li,UP,200,665,,
2026-09-01T08:39:17.833590+00:00,LibGen,LibGen.li,UP,200,560,,
2026-09-01T08:40:19.520271+00:00,LibGen,LibGen.li,UP,200,934,,
2026-09-01T08:41:18.631614+00:00,LibGen,LibGen.li,UP,200,638,,
2026-09-01T08:42:19.052179+00:00,LibGen,LibGen.li,UP,200,696,,
2026-09-01T08:43:19.875976+00:00,LibGen,LibGen.li,UP,200,711,,
2026-09-01T08:44:40.014873+00:00,LibGen,LibGen.li,DOWN,,,connection_refused,
2026-09-01T08:45:20.612704+00:00,LibGen,LibGen.li,UP,200,824,,
2026-09-01T08:46:20.201790+00:00,LibGen,LibGen.li,UP,200,296,,
2026-09-01T08:47:21.290475+00:00,LibGen,LibGen.li,UP,200,695,,
2026-09-01T08:48:21.094972+00:00,LibGen,LibGen.li,UP,200,777,,
2026-09-01T08:49:20.894255+00:00,LibGen,LibGen.li,UP,200,545,,
2026-09-01T08:50:21.379100+00:00,LibGen,LibGen.li,UP,200,671,,
2026-09-01T08:51:21.910155+00:00,LibGen,LibGen.li,UP,200,580,,
2026-09-01T08:52:22.149558+00:00,LibGen,LibGen.li,UP,200,697,,
2026-09-01T08:53:22.166965+00:00,LibGen,LibGen.li,UP,200,623,,
2026-09-01T08:54:23.055756+00:00,LibGen,LibGen.li,UP,200,883,,
2026-09-01T08:55:22.816792+00:00,LibGen,LibGen.li,UP,200,665,,
2026-09-01T08:56:22.925294+00:00,LibGen,LibGen.li,UP,200,713,,
2026-09-01T08:57:23.028963+00:00,LibGen,LibGen.li,UP,200,682,,
2026-09-01T08:58:23.662932+00:00,LibGen,LibGen.li,UP,200,704,,
2026-09-01T08:59:24.296718+00:00,LibGen,LibGen.li,UP,200,724,,
2026-09-01T09:00:24.587252+00:00,LibGen,LibGen.li,UP,200,695,,
2026-09-01T09:01:24.400771+00:00,LibGen,LibGen.li,DOWN,,,connection_refused,
2026-09-01T09:02:26.129570+00:00,LibGen,LibGen.li,UP,200,781,,
2026-09-01T09:03:26.166435+00:00,LibGen,LibGen.li,UP,200,724,,
2026-09-01T09:04:26.715527+00:00,LibGen,LibGen.li,UP,200,655,,
2026-09-01T09:05:27.017596+00:00,LibGen,LibGen.li,UP,200,646,,
2026-09-01T09:06:27.689889+00:00,LibGen,LibGen.li,UP,200,773,,
2026-09-01T09:07:27.840906+00:00,LibGen,LibGen.li,UP,200,620,,
2026-09-01T09:08:28.887248+00:00,LibGen,LibGen.li,UP,200,1681,,
2026-09-01T09:09:29.116221+00:00,LibGen,LibGen.li,UP,200,652,,
2026-09-01T09:10:48.777550+00:00,LibGen,LibGen.li,DOWN,,,connection_refused,
2026-09-01T09:11:29.724019+00:00,LibGen,LibGen.li,UP,200,659,,
2026-09-01T09:12:32.004386+00:00,LibGen,LibGen.li,UP,200,705,,
2026-09-01T09:13:31.067197+00:00,LibGen,LibGen.li,UP,200,859,,
2026-09-01T09:14:31.547842+00:00,LibGen,LibGen.li,UP,200,613,,
2026-09-01T09:15:33.347310+00:00,LibGen,LibGen.li,UP,200,669,,
2026-09-01T09:16:33.267786+00:00,LibGen,LibGen.li,UP,200,749,,
2026-09-01T09:17:54.146740+00:00,LibGen,LibGen.li,DOWN,,,connection_refused,
2026-09-01T09:18:33.147262+00:00,LibGen,LibGen.li,UP,200,778,,
2026-09-01T09:19:35.892401+00:00,LibGen,LibGen.li,UP,200,759,,
2026-09-01T09:20:34.232668+00:00,LibGen,LibGen.li,UP,200,607,,
2026-09-01T09:21:34.083877+00:00,LibGen,LibGen.li,UP,200,655,,
2026-09-01T09:22:34.557050+00:00,LibGen,LibGen.li,UP,200,654,,
2026-09-01T09:23:37.904089+00:00,LibGen,LibGen.li,UP,200,2944,,
2026-09-01T09:24:35.228053+00:00,LibGen,LibGen.li,UP,200,715,,
2026-09-01T09:25:35.831044+00:00,LibGen,LibGen.li,UP,200,620,,
2026-09-01T09:26:38.871825+00:00,LibGen,LibGen.li,DEGRADED,200,3739,latency_high,
2026-09-01T09:27:35.955760+00:00,LibGen,LibGen.li,UP,200,716,,
2026-09-01T09:28:36.407580+00:00,LibGen,LibGen.li,UP,200,631,,
2026-09-01T09:29:37.325062+00:00,LibGen,LibGen.li,UP,200,574,,
2026-09-01T09:30:57.808811+00:00,LibGen,LibGen.li,DOWN,,,connection_refused,
2026-09-01T09:32:00.718375+00:00,LibGen,LibGen.li,DOWN,,,connection_refused,
2026-09-01T09:32:37.514172+00:00,LibGen,LibGen.li,UP,200,616,,
2026-09-01T09:33:37.405108+00:00,LibGen,LibGen.li,DOWN,,,connection_refused,
2026-09-01T09:34:38.203412+00:00,LibGen,LibGen.li,UP,200,732,,
2026-09-01T09:35:39.021385+00:00,LibGen,LibGen.li,UP,200,831,,
2026-09-01T09:36:39.057924+00:00,LibGen,LibGen.li,UP,200,1047,,
2026-09-01T09:37:41.614061+00:00,LibGen,LibGen.li,UP,200,613,,
2026-09-01T09:38:39.391118+00:00,LibGen,LibGen.li,UP,200,741,,
2026-09-01T09:39:59.994888+00:00,LibGen,LibGen.li,DOWN,,,connection_refused,
2026-09-01T09:40:39.964649+00:00,LibGen,LibGen.li,UP,200,648,,
2026-09-01T09:41:41.670848+00:00,LibGen,LibGen.li,UP,200,1516,,
2026-09-01T09:42:41.716792+00:00,LibGen,LibGen.li,UP,200,781,,
2026-09-01T09:43:40.883054+00:00,LibGen,LibGen.li,UP,200,229,,
2026-09-01T09:44:40.919991+00:00,LibGen,LibGen.li,UP,200,240,,
2026-09-01T09:45:41.804441+00:00,LibGen,LibGen.li,UP,200,672,,
2026-09-01T09:46:41.984149+00:00,LibGen,LibGen.li,UP,200,685,,
2026-09-01T09:47:42.108953+00:00,LibGen,LibGen.li,UP,200,629,,
2026-09-01T09:49:03.113716+00:00,LibGen,LibGen.li,DOWN,,,connection_refused,
2026-09-01T09:49:46.205820+00:00,LibGen,LibGen.li,DEGRADED,200,3613,latency_high,
2026-09-01T09:51:03.458783+00:00,LibGen,LibGen.li,DOWN,,,connection_refused,
2026-09-01T09:51:44.083060+00:00,LibGen,LibGen.li,UP,200,764,,
2026-09-01T09:52:44.480768+00:00,LibGen,LibGen.li,UP,200,689,,
2026-09-01T09:53:45.274016+00:00,LibGen,LibGen.li,UP,200,696,,
2026-09-01T09:54:45.015640+00:00,LibGen,LibGen.li,UP,200,668,,
2026-09-01T09:55:45.641234+00:00,LibGen,LibGen.li,UP,200,699,,
2026-09-01T09:56:46.181218+00:00,LibGen,LibGen.li,UP,200,616,,
2026-09-01T09:57:46.403164+00:00,LibGen,LibGen.li,UP,200,967,,
2026-09-01T09:58:46.808915+00:00,LibGen,LibGen.li,UP,200,707,,
2026-09-01T09:59:46.900265+00:00,LibGen,LibGen.li,UP,200,653,,
2026-09-01T10:00:47.708919+00:00,LibGen,LibGen.li,UP,200,833,,
2026-09-01T10:01:48.051518+00:00,LibGen,LibGen.li,UP,200,750,,
2026-09-01T10:02:47.900951+00:00,LibGen,LibGen.li,UP,200,770,,
2026-09-01T10:03:48.044720+00:00,LibGen,LibGen.li,UP,200,702,,
2026-09-01T10:04:49.736148+00:00,LibGen,LibGen.li,UP,200,696,,
2026-09-01T10:05:49.355188+00:00,LibGen,LibGen.li,UP,200,763,,
2026-09-01T10:06:50.112199+00:00,LibGen,LibGen.li,UP,200,537,,
2026-09-01T10:07:50.995511+00:00,LibGen,LibGen.li,UP,200,1616,,
2026-09-01T10:08:50.517859+00:00,LibGen,LibGen.li,UP,200,669,,
2026-09-01T10:09:51.902740+00:00,LibGen,LibGen.li,UP,200,573,,
2026-09-01T10:10:51.853169+00:00,LibGen,LibGen.li,UP,200,808,,
2026-09-01T10:11:52.252099+00:00,LibGen,LibGen.li,UP,200,663,,
2026-09-01T10:12:52.094018+00:00,LibGen,LibGen.li,UP,200,696,,
2026-09-01T10:13:52.571986+00:00,LibGen,LibGen.li,UP,200,940,,
2026-09-01T10:14:52.319989+00:00,LibGen,LibGen.li,UP,200,653,,
2026-09-01T10:15:52.196038+00:00,LibGen,LibGen.li,DOWN,,,connection_refused,
2026-09-01T10:16:53.875950+00:00,LibGen,LibGen.li,UP,200,875,,
2026-09-01T10:17:53.370793+00:00,LibGen,LibGen.li,UP,200,277,,
2026-09-01T10:18:54.166720+00:00,LibGen,LibGen.li,UP,200,730,,
2026-09-01T10:19:54.397402+00:00,LibGen,LibGen.li,UP,200,671,,
2026-09-01T10:20:55.148630+00:00,LibGen,LibGen.li,UP,200,655,,
2026-09-01T10:21:56.000765+00:00,LibGen,LibGen.li,UP,200,698,,
2026-09-01T10:22:55.864700+00:00,LibGen,LibGen.li,UP,200,548,,
2026-09-01T10:23:55.749893+00:00,LibGen,LibGen.li,UP,200,232,,
2026-09-01T10:24:56.419699+00:00,LibGen,LibGen.li,UP,200,630,,
2026-09-01T10:25:57.579522+00:00,LibGen,LibGen.li,UP,200,655,,
2026-09-01T10:26:58.286781+00:00,LibGen,LibGen.li,UP,200,1159,,
2026-09-01T10:27:58.407027+00:00,LibGen,LibGen.li,UP,200,683,,
2026-09-01T10:28:58.702526+00:00,LibGen,LibGen.li,UP,200,883,,
2026-09-01T10:29:59.223669+00:00,LibGen,LibGen.li,UP,200,765,,
2026-09-01T10:30:59.360786+00:00,LibGen,LibGen.li,UP,200,706,,
2026-09-01T10:32:00.643022+00:00,LibGen,LibGen.li,UP,200,745,,
2026-09-01T10:33:01.117235+00:00,LibGen,LibGen.li,UP,200,826,,
2026-09-01T10:34:01.353084+00:00,LibGen,LibGen.li,UP,200,810,,
2026-09-01T10:35:01.197844+00:00,LibGen,LibGen.li,DOWN,,,connection_refused,
2026-09-01T10:36:03.369591+00:00,LibGen,LibGen.li,UP,200,917,,
2026-09-01T10:37:03.823817+00:00,LibGen,LibGen.li,UP,200,930,,
2026-09-01T10:38:04.329086+00:00,LibGen,LibGen.li,UP,200,1161,,
2026-09-01T10:39:04.273226+00:00,LibGen,LibGen.li,UP,200,746,,
2026-09-01T10:40:05.393449+00:00,LibGen,LibGen.li,UP,200,1075,,
2026-09-01T10:41:05.020527+00:00,LibGen,LibGen.li,UP,200,689,,
2026-09-01T10:42:05.000846+00:00,LibGen,LibGen.li,DOWN,,,connection_refused,
2026-09-01T10:43:06.507590+00:00,LibGen,LibGen.li,UP,200,740,,
2026-09-01T10:44:06.696717+00:00,LibGen,LibGen.li,UP,200,718,,
2026-09-01T10:45:07.090686+00:00,LibGen,LibGen.li,UP,200,1028,,
2026-09-01T10:46:07.566432+00:00,LibGen,LibGen.li,UP,200,844,,
2026-09-01T10:47:08.247511+00:00,LibGen,LibGen.li,UP,200,845,,
2026-09-01T10:48:08.808260+00:00,LibGen,LibGen.li,UP,200,784,,
2026-09-01T10:49:09.438235+00:00,LibGen,LibGen.li,UP,200,735,,
2026-09-01T10:50:09.317008+00:00,LibGen,LibGen.li,UP,200,798,,
2026-09-01T10:51:09.737453+00:00,LibGen,LibGen.li,UP,200,794,,
2026-09-01T10:52:10.847642+00:00,LibGen,LibGen.li,UP,200,708,,
2026-09-01T10:53:11.043366+00:00,LibGen,LibGen.li,UP,200,740,,
2026-09-01T10:54:13.175263+00:00,LibGen,LibGen.li,UP,200,678,,
2026-09-01T10:55:11.800534+00:00,LibGen,LibGen.li,UP,200,241,,
2026-09-01T10:56:13.274569+00:00,LibGen,LibGen.li,UP,200,921,,
2026-09-01T10:57:13.019899+00:00,LibGen,LibGen.li,UP,200,252,,
2026-09-01T10:58:33.578099+00:00,LibGen,LibGen.li,TIMEOUT,,,timeout,
2026-09-01T10:59:14.638586+00:00,LibGen,LibGen.li,UP,200,729,,
2026-09-01T11:00:15.078064+00:00,LibGen,LibGen.li,UP,200,1306,,
2026-09-01T11:01:14.717080+00:00,LibGen,LibGen.li,UP,200,922,,
2026-09-01T11:02:15.033023+00:00,LibGen,LibGen.li,UP,200,958,,
2026-09-01T11:03:16.314625+00:00,LibGen,LibGen.li,UP,200,846,,
2026-09-01T11:04:15.040754+00:00,LibGen,LibGen.li,UP,200,248,,
2026-09-01T11:05:16.122569+00:00,LibGen,LibGen.li,UP,200,718,,
2026-09-01T11:06:16.701057+00:00,LibGen,LibGen.li,UP,200,731,,
2026-09-01T11:07:17.358147+00:00,LibGen,LibGen.li,UP,200,1043,,
2026-09-01T11:08:17.337838+00:00,LibGen,LibGen.li,UP,200,759,,
2026-09-01T11:09:17.908714+00:00,LibGen,LibGen.li,UP,200,1078,,
2026-09-01T11:10:18.452250+00:00,LibGen,LibGen.li,UP,200,909,,
2026-09-01T11:11:19.188361+00:00,LibGen,LibGen.li,UP,200,815,,
2026-09-01T11:12:19.600991+00:00,LibGen,LibGen.li,UP,200,604,,
2026-09-01T11:13:21.465124+00:00,LibGen,LibGen.li,UP,200,773,,
2026-09-01T11:14:20.891251+00:00,LibGen,LibGen.li,UP,200,644,,
2026-09-01T11:15:21.518623+00:00,LibGen,LibGen.li,UP,200,991,,
2026-09-01T11:16:21.846396+00:00,LibGen,LibGen.li,UP,200,808,,
2026-09-01T11:17:22.264043+00:00,LibGen,LibGen.li,UP,200,952,,
2026-09-01T11:18:22.327110+00:00,LibGen,LibGen.li,UP,200,243,,
2026-09-01T11:19:23.070041+00:00,LibGen,LibGen.li,UP,200,775,,
2026-09-01T11:20:23.320446+00:00,LibGen,LibGen.li,UP,200,756,,
2026-09-01T11:21:24.219618+00:00,LibGen,LibGen.li,UP,200,639,,
2026-09-01T11:22:24.063896+00:00,LibGen,LibGen.li,UP,200,567,,
2026-09-01T11:23:24.470020+00:00,LibGen,LibGen.li,UP,200,685,,
2026-09-01T11:24:26.472942+00:00,LibGen,LibGen.li,UP,200,630,,
2026-09-01T11:25:26.416478+00:00,LibGen,LibGen.li,UP,200,805,,
2026-09-01T11:26:26.342989+00:00,LibGen,LibGen.li,UP,200,229,,
2026-09-01T11:27:26.199853+00:00,LibGen,LibGen.li,DOWN,,,connection_refused,
2026-09-01T11:28:29.034715+00:00,LibGen,LibGen.li,UP,200,1913,,
2026-09-01T11:29:28.625575+00:00,LibGen,LibGen.li,UP,200,789,,
2026-09-01T11:30:28.916768+00:00,LibGen,LibGen.li,UP,200,842,,
2026-09-01T11:31:28.895357+00:00,LibGen,LibGen.li,UP,200,727,,
2026-09-01T11:32:29.271169+00:00,LibGen,LibGen.li,UP,200,656,,
2026-09-01T11:33:30.346747+00:00,LibGen,LibGen.li,UP,200,681,,
2026-09-01T11:34:30.484227+00:00,LibGen,LibGen.li,UP,200,260,,
2026-09-01T11:35:31.986786+00:00,LibGen,LibGen.li,UP,200,792,,
2026-09-01T11:36:32.735486+00:00,LibGen,LibGen.li,UP,200,811,,
2026-09-01T11:37:32.388274+00:00,LibGen,LibGen.li,UP,200,673,,
2026-09-01T11:38:32.867985+00:00,LibGen,LibGen.li,UP,200,692,,
2026-09-01T11:39:34.083058+00:00,LibGen,LibGen.li,UP,200,1237,,
2026-09-01T11:40:34.464674+00:00,LibGen,LibGen.li,UP,200,773,,
2026-09-01T11:41:53.563320+00:00,LibGen,LibGen.li,DOWN,,,connection_refused,
2026-09-01T11:42:35.240193+00:00,LibGen,LibGen.li,UP,200,864,,
2026-09-01T11:43:35.167248+00:00,LibGen,LibGen.li,UP,200,713,,
2026-09-01T11:44:35.813291+00:00,LibGen,LibGen.li,UP,200,638,,
2026-09-01T11:45:37.103622+00:00,LibGen,LibGen.li,UP,200,985,,
2026-09-01T11:46:37.005536+00:00,LibGen,LibGen.li,UP,200,588,,
2026-09-01T11:47:38.302535+00:00,LibGen,LibGen.li,UP,200,797,,
2026-09-01T11:48:37.989409+00:00,LibGen,LibGen.li,UP,200,676,,
2026-09-01T11:49:39.238516+00:00,LibGen,LibGen.li,UP,200,867,,
2026-09-01T11:50:39.926776+00:00,LibGen,LibGen.li,UP,200,709,,
2026-09-01T11:51:40.378637+00:00,LibGen,LibGen.li,UP,200,942,,
2026-09-01T11:52:40.888046+00:00,LibGen,LibGen.li,UP,200,652,,
2026-09-01T11:53:46.743436+00:00,LibGen,LibGen.li,UP,200,800,,
2026-09-01T11:54:42.104177+00:00,LibGen,LibGen.li,UP,200,837,,
2026-09-01T11:55:43.206256+00:00,LibGen,LibGen.li,UP,200,726,,
2026-09-01T11:56:43.898356+00:00,LibGen,LibGen.li,UP,200,731,,
2026-09-01T11:57:43.995813+00:00,LibGen,LibGen.li,UP,200,782,,
2026-09-01T11:58:45.031221+00:00,LibGen,LibGen.li,UP,200,761,,
2026-09-01T11:59:44.816548+00:00,LibGen,LibGen.li,UP,200,239,,
2026-09-01T12:00:45.471506+00:00,LibGen,LibGen.li,UP,200,684,,
2026-09-01T12:01:46.199630+00:00,LibGen,LibGen.li,UP,200,916,,
2026-09-01T12:02:47.425674+00:00,LibGen,LibGen.li,UP,200,978,,
2026-09-01T12:03:48.102308+00:00,LibGen,LibGen.li,UP,200,728,,
2026-09-01T12:04:47.970678+00:00,LibGen,LibGen.li,UP,200,964,,
2026-09-01T12:05:50.923698+00:00,LibGen,LibGen.li,DEGRADED,200,3815,latency_high,
2026-09-01T12:07:09.330955+00:00,LibGen,LibGen.li,DOWN,,,connection_refused,
2026-09-01T12:07:49.263399+00:00,LibGen,LibGen.li,UP,200,824,,
2026-09-01T12:08:49.817937+00:00,LibGen,LibGen.li,UP,200,909,,
2026-09-01T12:09:50.782563+00:00,LibGen,LibGen.li,UP,200,718,,
2026-09-01T12:10:51.376314+00:00,LibGen,LibGen.li,UP,200,852,,
2026-09-01T12:11:51.820717+00:00,LibGen,LibGen.li,UP,200,876,,
2026-09-01T12:12:52.408829+00:00,LibGen,LibGen.li,UP,200,785,,
2026-09-01T12:13:52.899187+00:00,LibGen,LibGen.li,UP,200,931,,
2026-09-01T12:14:53.577555+00:00,LibGen,LibGen.li,UP,200,822,,
2026-09-01T12:15:54.074105+00:00,LibGen,LibGen.li,UP,200,827,,
2026-09-01T12:16:54.554566+00:00,LibGen,LibGen.li,UP,200,760,,
2026-09-01T12:17:54.726446+00:00,LibGen,LibGen.li,UP,200,708,,
2026-09-01T12:18:55.637927+00:00,LibGen,LibGen.li,UP,200,878,,
2026-09-01T12:19:56.372243+00:00,LibGen,LibGen.li,UP,200,545,,
2026-09-01T12:20:57.510444+00:00,LibGen,LibGen.li,UP,200,872,,
2026-09-01T12:21:58.271875+00:00,LibGen,LibGen.li,UP,200,873,,
2026-09-01T12:22:58.524343+00:00,LibGen,LibGen.li,UP,200,694,,
2026-09-01T12:24:19.738963+00:00,LibGen,LibGen.li,DOWN,,,connection_refused,
2026-09-01T12:25:00.108205+00:00,LibGen,LibGen.li,UP,200,770,,
2026-09-01T12:26:00.388057+00:00,LibGen,LibGen.li,UP,200,817,,
2026-09-01T12:27:01.419264+00:00,LibGen,LibGen.li,UP,200,1012,,
2026-09-01T12:28:03.492556+00:00,LibGen,LibGen.li,UP,200,1889,,
2026-09-01T12:29:04.525539+00:00,LibGen,LibGen.li,UP,200,1011,,
2026-09-01T12:30:03.498903+00:00,LibGen,LibGen.li,UP,200,1515,,
2026-09-01T12:31:03.564468+00:00,LibGen,LibGen.li,UP,200,966,,
2026-09-01T12:32:04.286377+00:00,LibGen,LibGen.li,UP,200,724,,
2026-09-01T12:33:04.878533+00:00,LibGen,LibGen.li,UP,200,807,,
2026-09-01T12:34:05.020508+00:00,LibGen,LibGen.li,UP,200,850,,
2026-09-01T12:35:05.601922+00:00,LibGen,LibGen.li,UP,200,1020,,
2026-09-01T12:36:06.185515+00:00,LibGen,LibGen.li,UP,200,750,,
2026-09-01T12:37:06.819478+00:00,LibGen,LibGen.li,UP,200,1266,,
2026-09-01T12:38:07.414419+00:00,LibGen,LibGen.li,UP,200,1069,,
2026-09-01T12:39:07.604463+00:00,LibGen,LibGen.li,UP,200,776,,
2026-09-01T12:40:09.983040+00:00,LibGen,LibGen.li,UP,200,1093,,
2026-09-01T12:41:09.495861+00:00,LibGen,LibGen.li,UP,200,737,,
2026-09-01T12:42:09.367711+00:00,LibGen,LibGen.li,UP,200,664,,
2026-09-01T12:43:09.749832+00:00,LibGen,LibGen.li,UP,200,720,,
2026-09-01T12:44:09.980377+00:00,LibGen,LibGen.li,UP,200,668,,
2026-09-01T12:45:11.102617+00:00,LibGen,LibGen.li,UP,200,724,,
2026-09-01T12:46:11.520223+00:00,LibGen,LibGen.li,UP,200,792,,
2026-09-01T12:47:11.481101+00:00,LibGen,LibGen.li,UP,200,255,,
2026-09-01T12:48:12.910576+00:00,LibGen,LibGen.li,UP,200,822,,
2026-09-01T12:49:14.069838+00:00,LibGen,LibGen.li,UP,200,815,,
2026-09-01T12:50:14.663496+00:00,LibGen,LibGen.li,UP,200,850,,
2026-09-01T12:51:15.167482+00:00,LibGen,LibGen.li,UP,200,771,,
2026-09-01T12:52:15.930710+00:00,LibGen,LibGen.li,UP,200,755,,
2026-09-01T12:53:16.171060+00:00,LibGen,LibGen.li,UP,200,750,,
2026-09-01T12:54:16.299039+00:00,LibGen,LibGen.li,UP,200,708,,
2026-09-01T12:55:16.889472+00:00,LibGen,LibGen.li,UP,200,759,,
2026-09-01T12:56:17.399017+00:00,LibGen,LibGen.li,UP,200,695,,
2026-09-01T12:57:18.378431+00:00,LibGen,LibGen.li,UP,200,802,,
2026-09-01T12:58:18.273523+00:00,LibGen,LibGen.li,UP,200,242,,
2026-09-01T12:59:19.848068+00:00,LibGen,LibGen.li,UP,200,850,,
2026-09-01T13:00:20.748499+00:00,LibGen,LibGen.li,UP,200,1007,,
2026-09-01T13:01:20.756073+00:00,LibGen,LibGen.li,UP,200,847,,
2026-09-01T13:02:21.470860+00:00,LibGen,LibGen.li,UP,200,778,,
2026-09-01T13:03:21.999382+00:00,LibGen,LibGen.li,UP,200,739,,
2026-09-01T13:04:21.944234+00:00,LibGen,LibGen.li,UP,200,791,,
2026-09-01T13:05:23.062230+00:00,LibGen,LibGen.li,UP,200,758,,
2026-09-01T13:06:23.569855+00:00,LibGen,LibGen.li,UP,200,771,,
2026-09-01T13:07:24.992763+00:00,LibGen,LibGen.li,UP,200,1060,,
2026-09-01T13:08:24.516041+00:00,LibGen,LibGen.li,UP,200,827,,
2026-09-01T13:09:24.693423+00:00,LibGen,LibGen.li,UP,200,692,,
2026-09-01T13:10:25.345592+00:00,LibGen,LibGen.li,UP,200,644,,
2026-09-01T13:11:26.358273+00:00,LibGen,LibGen.li,UP,200,627,,
2026-09-01T13:12:26.364295+00:00,LibGen,LibGen.li,UP,200,662,,
2026-09-01T13:13:26.989065+00:00,LibGen,LibGen.li,UP,200,844,,
2026-09-01T13:14:27.639626+00:00,LibGen,LibGen.li,UP,200,771,,
2026-09-01T13:15:28.840957+00:00,LibGen,LibGen.li,UP,200,1097,,
2026-09-01T13:16:29.307673+00:00,LibGen,LibGen.li,UP,200,848,,
2026-09-01T13:17:32.370574+00:00,LibGen,LibGen.li,UP,200,851,,
2026-09-01T13:18:30.207606+00:00,LibGen,LibGen.li,UP,200,827,,
2026-09-01T13:19:31.226612+00:00,LibGen,LibGen.li,UP,200,970,,
2026-09-01T13:20:31.939901+00:00,LibGen,LibGen.li,UP,200,821,,
2026-09-01T13:21:32.681082+00:00,LibGen,LibGen.li,UP,200,813,,
2026-09-01T13:22:33.494570+00:00,LibGen,LibGen.li,UP,200,838,,
2026-09-01T13:23:34.242991+00:00,LibGen,LibGen.li,UP,200,992,,
2026-09-01T13:24:34.524908+00:00,LibGen,LibGen.li,UP,200,896,,
2026-09-01T13:25:35.292490+00:00,LibGen,LibGen.li,UP,200,1177,,
2026-09-01T13:26:35.853044+00:00,LibGen,LibGen.li,UP,200,715,,
2026-09-01T13:27:36.355373+00:00,LibGen,LibGen.li,UP,200,693,,
2026-09-01T13:28:36.196673+00:00,LibGen,LibGen.li,DOWN,,,connection_refused,
2026-09-01T13:29:38.882659+00:00,LibGen,LibGen.li,UP,200,978,,
2026-09-01T13:30:39.372262+00:00,LibGen,LibGen.li,UP,200,874,,
2026-09-01T13:31:39.523655+00:00,LibGen,LibGen.li,UP,200,797,,
2026-09-01T13:32:39.952350+00:00,LibGen,LibGen.li,UP,200,711,,
2026-09-01T13:33:41.353562+00:00,LibGen,LibGen.li,UP,200,795,,
2026-09-01T13:34:42.202240+00:00,LibGen,LibGen.li,UP,200,1169,,
2026-09-01T13:35:41.772987+00:00,LibGen,LibGen.li,UP,200,669,,
2026-09-01T13:36:42.596609+00:00,LibGen,LibGen.li,UP,200,773,,
2026-09-01T13:37:42.399731+00:00,LibGen,LibGen.li,DOWN,,,connection_refused,
2026-09-01T13:38:43.803581+00:00,LibGen,LibGen.li,UP,200,761,,
2026-09-01T13:39:45.038586+00:00,LibGen,LibGen.li,UP,200,723,,
2026-09-01T13:40:46.202648+00:00,LibGen,LibGen.li,UP,200,1023,,
2026-09-01T13:41:46.175621+00:00,LibGen,LibGen.li,UP,200,798,,
2026-09-01T13:42:45.997628+00:00,LibGen,LibGen.li,DOWN,,,connection_refused,
2026-09-01T13:43:47.871255+00:00,LibGen,LibGen.li,UP,200,1148,,
2026-09-01T13:44:48.493182+00:00,LibGen,LibGen.li,UP,200,707,,
2026-09-01T13:45:49.220760+00:00,LibGen,LibGen.li,UP,200,272,,
2026-09-01T13:46:50.785415+00:00,LibGen,LibGen.li,UP,200,1843,,
2026-09-01T13:47:52.881752+00:00,LibGen,LibGen.li,DEGRADED,200,3724,latency_high,
2026-09-01T13:48:50.161274+00:00,LibGen,LibGen.li,UP,200,257,,
2026-09-01T13:49:51.422527+00:00,LibGen,LibGen.li,UP,200,839,,
2026-09-01T13:50:52.343227+00:00,LibGen,LibGen.li,UP,200,857,,
2026-09-01T13:51:52.682252+00:00,LibGen,LibGen.li,UP,200,773,,
2026-09-01T13:52:53.782574+00:00,LibGen,LibGen.li,UP,200,813,,
2026-09-01T13:53:54.520877+00:00,LibGen,LibGen.li,UP,200,821,,
2026-09-01T13:54:54.670155+00:00,LibGen,LibGen.li,UP,200,757,,
2026-09-01T13:55:54.981956+00:00,LibGen,LibGen.li,UP,200,797,,
2026-09-01T13:56:55.028826+00:00,LibGen,LibGen.li,UP,200,810,,
2026-09-01T13:57:54.843830+00:00,LibGen,LibGen.li,UP,200,596,,
2026-09-01T13:58:56.405095+00:00,LibGen,LibGen.li,UP,200,823,,
2026-09-01T13:59:57.093543+00:00,LibGen,LibGen.li,UP,200,1081,,
2026-09-01T14:00:58.568677+00:00,LibGen,LibGen.li,UP,200,1170,,
2026-09-01T14:02:17.313418+00:00,LibGen,LibGen.li,DOWN,,,connection_refused,
2026-09-01T14:02:57.416201+00:00,LibGen,LibGen.li,UP,200,762,,
2026-09-01T14:03:58.182235+00:00,LibGen,LibGen.li,UP,200,673,,
2026-09-01T14:04:58.812649+00:00,LibGen,LibGen.li,UP,200,680,,
2026-09-01T14:06:00.825064+00:00,LibGen,LibGen.li,UP,200,1708,,
2026-09-01T14:07:00.934015+00:00,LibGen,LibGen.li,UP,200,967,,
2026-09-01T14:08:01.655719+00:00,LibGen,LibGen.li,UP,200,840,,
2026-09-01T14:09:02.083512+00:00,LibGen,LibGen.li,UP,200,1131,,
2026-09-01T14:10:03.022162+00:00,LibGen,LibGen.li,UP,200,1242,,
2026-09-01T14:11:03.352577+00:00,LibGen,LibGen.li,UP,200,872,,
2026-09-01T14:12:05.348322+00:00,LibGen,LibGen.li,UP,200,789,,
2026-09-01T14:13:04.202203+00:00,LibGen,LibGen.li,UP,200,242,,
2026-09-01T14:14:04.883892+00:00,LibGen,LibGen.li,UP,200,631,,
2026-09-01T14:15:06.478145+00:00,LibGen,LibGen.li,UP,200,959,,
2026-09-01T14:16:06.224045+00:00,LibGen,LibGen.li,UP,200,789,,
2026-09-01T14:17:07.508914+00:00,LibGen,LibGen.li,UP,200,748,,
2026-09-01T14:18:07.832122+00:00,LibGen,LibGen.li,UP,200,755,,
2026-09-01T14:19:07.840106+00:00,LibGen,LibGen.li,UP,200,777,,
2026-09-01T14:20:08.405054+00:00,LibGen,LibGen.li,UP,200,947,,
2026-09-01T14:21:09.214479+00:00,LibGen,LibGen.li,UP,200,724,,
2026-09-01T14:22:09.428646+00:00,LibGen,LibGen.li,UP,200,273,,
2026-09-01T14:23:10.227857+00:00,LibGen,LibGen.li,UP,200,695,,
2026-09-01T14:24:11.675677+00:00,LibGen,LibGen.li,UP,200,732,,
2026-09-01T14:25:11.132569+00:00,LibGen,LibGen.li,UP,200,728,,
2026-09-01T14:26:11.825613+00:00,LibGen,LibGen.li,UP,200,676,,
2026-09-01T14:27:12.643165+00:00,LibGen,LibGen.li,UP,200,647,,
2026-09-01T14:28:12.557038+00:00,LibGen,LibGen.li,UP,200,246,,
2026-09-01T14:29:12.902453+00:00,LibGen,LibGen.li,UP,200,708,,
2026-09-01T14:30:13.814947+00:00,LibGen,LibGen.li,UP,200,866,,
2026-09-01T14:31:20.647523+00:00,LibGen,LibGen.li,DEGRADED,200,5371,latency_high,
2026-09-01T14:32:15.603702+00:00,LibGen,LibGen.li,UP,200,781,,
2026-09-01T14:33:15.468919+00:00,LibGen,LibGen.li,UP,200,792,,
2026-09-01T14:34:15.912612+00:00,LibGen,LibGen.li,UP,200,812,,
2026-09-01T14:35:17.415973+00:00,LibGen,LibGen.li,UP,200,817,,
2026-09-01T14:36:17.840648+00:00,LibGen,LibGen.li,UP,200,811,,
2026-09-01T14:37:18.106737+00:00,LibGen,LibGen.li,UP,200,901,,
2026-09-01T14:38:18.046815+00:00,LibGen,LibGen.li,UP,200,657,,
2026-09-01T14:39:18.436591+00:00,LibGen,LibGen.li,UP,200,669,,
2026-09-01T14:40:22.825496+00:00,LibGen,LibGen.li,DEGRADED,200,3727,latency_high,
2026-09-01T14:41:19.796759+00:00,LibGen,LibGen.li,UP,200,847,,
2026-09-01T14:42:20.851267+00:00,LibGen,LibGen.li,UP,200,750,,
2026-09-01T14:43:21.185037+00:00,LibGen,LibGen.li,UP,200,834,,
2026-09-01T14:44:21.705235+00:00,LibGen,LibGen.li,UP,200,814,,
2026-09-01T14:45:22.189665+00:00,LibGen,LibGen.li,UP,200,695,,
2026-09-01T14:46:23.326614+00:00,LibGen,LibGen.li,UP,200,844,,
2026-09-01T14:47:23.742984+00:00,LibGen,LibGen.li,UP,200,713,,
2026-09-01T14:48:24.990651+00:00,LibGen,LibGen.li,UP,200,783,,
2026-09-01T14:49:25.296099+00:00,LibGen,LibGen.li,UP,200,705,,
2026-09-01T14:50:28.917760+00:00,LibGen,LibGen.li,UP,200,2901,,
2026-09-01T14:51:46.024187+00:00,LibGen,LibGen.li,DOWN,,,connection_refused,
2026-09-01T14:52:28.534658+00:00,LibGen,LibGen.li,UP,200,1039,,
2026-09-01T14:53:27.175319+00:00,LibGen,LibGen.li,UP,200,773,,
2026-09-01T14:54:27.818775+00:00,LibGen,LibGen.li,UP,200,753,,
2026-09-01T14:55:28.419206+00:00,LibGen,LibGen.li,UP,200,783,,
2026-09-01T14:56:29.840543+00:00,LibGen,LibGen.li,UP,200,778,,
2026-09-01T14:57:30.191826+00:00,LibGen,LibGen.li,UP,200,785,,
2026-09-01T14:58:30.488384+00:00,LibGen,LibGen.li,UP,200,728,,
2026-09-01T14:59:31.241389+00:00,LibGen,LibGen.li,UP,200,934,,
2026-09-01T15:00:32.532601+00:00,LibGen,LibGen.li,UP,200,762,,
2026-09-01T15:01:32.789107+00:00,LibGen,LibGen.li,UP,200,648,,
2026-09-01T15:02:32.594769+00:00,LibGen,LibGen.li,DOWN,,,connection_refused,
2026-09-01T15:03:33.654515+00:00,LibGen,LibGen.li,UP,200,791,,
2026-09-01T15:04:33.941498+00:00,LibGen,LibGen.li,UP,200,657,,
2026-09-01T15:05:36.592556+00:00,LibGen,LibGen.li,UP,200,1131,,
2026-09-01T15:06:35.892035+00:00,LibGen,LibGen.li,UP,200,693,,
2026-09-01T15:07:36.638614+00:00,LibGen,LibGen.li,UP,200,1214,,
2026-09-01T15:08:37.028586+00:00,LibGen,LibGen.li,UP,200,879,,
2026-09-01T15:09:37.540503+00:00,LibGen,LibGen.li,UP,200,1023,,
2026-09-01T15:10:38.527511+00:00,LibGen,LibGen.li,UP,200,800,,
2026-09-01T15:11:39.316327+00:00,LibGen,LibGen.li,UP,200,769,,
2026-09-01T15:12:59.674878+00:00,LibGen,LibGen.li,DOWN,,,connection_refused,
2026-09-01T15:13:40.911677+00:00,LibGen,LibGen.li,UP,200,781,,
2026-09-01T15:14:40.521967+00:00,LibGen,LibGen.li,UP,200,702,,
2026-09-01T15:15:41.215472+00:00,LibGen,LibGen.li,UP,200,800,,
2026-09-01T15:16:44.740417+00:00,LibGen,LibGen.li,DEGRADED,200,3967,latency_high,
2026-09-01T15:17:42.254071+00:00,LibGen,LibGen.li,UP,200,682,,
2026-09-01T15:18:42.669562+00:00,LibGen,LibGen.li,UP,200,842,,
2026-09-01T15:19:46.353670+00:00,LibGen,LibGen.li,DEGRADED,200,3774,latency_high,
2026-09-01T15:20:44.359026+00:00,LibGen,LibGen.li,UP,200,785,,
2026-09-01T15:21:44.629461+00:00,LibGen,LibGen.li,UP,200,765,,
2026-09-01T15:22:45.363910+00:00,LibGen,LibGen.li,UP,200,834,,
2026-09-01T15:23:46.610625+00:00,LibGen,LibGen.li,UP,200,924,,
2026-09-01T15:24:46.263918+00:00,LibGen,LibGen.li,UP,200,830,,
2026-09-01T15:25:47.108538+00:00,LibGen,LibGen.li,UP,200,753,,
2026-09-01T15:26:47.846456+00:00,LibGen,LibGen.li,UP,200,711,,
2026-09-01T15:27:48.072001+00:00,LibGen,LibGen.li,UP,200,792,,
2026-09-01T15:28:48.331052+00:00,LibGen,LibGen.li,UP,200,728,,
2026-09-01T15:29:49.433634+00:00,LibGen,LibGen.li,UP,200,709,,
2026-09-01T15:30:50.464520+00:00,LibGen,LibGen.li,UP,200,850,,
2026-09-01T15:31:50.189069+00:00,LibGen,LibGen.li,UP,200,723,,
2026-09-01T15:32:50.625223+00:00,LibGen,LibGen.li,UP,200,734,,
2026-09-01T15:33:50.576934+00:00,LibGen,LibGen.li,UP,200,698,,
2026-09-01T15:34:51.283032+00:00,LibGen,LibGen.li,UP,200,649,,
2026-09-01T15:35:51.362439+00:00,LibGen,LibGen.li,UP,200,273,,
2026-09-01T15:36:52.501507+00:00,LibGen,LibGen.li,UP,200,857,,
2026-09-01T15:37:52.746054+00:00,LibGen,LibGen.li,UP,200,628,,
2026-09-01T15:38:54.083568+00:00,LibGen,LibGen.li,UP,200,849,,
2026-09-01T15:39:54.082142+00:00,LibGen,LibGen.li,UP,200,1097,,
2026-09-01T15:40:54.365467+00:00,LibGen,LibGen.li,UP,200,900,,
2026-09-01T15:41:54.799323+00:00,LibGen,LibGen.li,UP,200,811,,
2026-09-01T15:42:55.473387+00:00,LibGen,LibGen.li,UP,200,684,,
2026-09-01T15:43:56.071901+00:00,LibGen,LibGen.li,UP,200,673,,
2026-09-01T15:44:56.494895+00:00,LibGen,LibGen.li,UP,200,667,,
2026-09-01T15:45:57.300516+00:00,LibGen,LibGen.li,UP,200,788,,
2026-09-01T15:46:58.038783+00:00,LibGen,LibGen.li,UP,200,707,,
2026-09-01T15:47:58.585272+00:00,LibGen,LibGen.li,UP,200,706,,
2026-09-01T15:48:59.313591+00:00,LibGen,LibGen.li,UP,200,795,,
2026-09-01T15:50:00.494872+00:00,LibGen,LibGen.li,UP,200,794,,
2026-09-01T15:51:00.195106+00:00,LibGen,LibGen.li,UP,200,831,,
2026-09-01T15:52:01.494814+00:00,LibGen,LibGen.li,UP,200,1202,,
2026-09-01T15:53:01.183257+00:00,LibGen,LibGen.li,UP,200,263,,
2026-09-01T15:54:02.020102+00:00,LibGen,LibGen.li,UP,200,963,,
2026-09-01T15:55:06.193818+00:00,LibGen,LibGen.li,DEGRADED,200,4072,latency_high,
2026-09-01T15:56:03.692815+00:00,LibGen,LibGen.li,UP,200,983,,
2026-09-01T15:57:04.905039+00:00,LibGen,LibGen.li,UP,200,964,,
2026-09-01T15:58:05.826040+00:00,LibGen,LibGen.li,UP,200,844,,
2026-09-01T15:59:06.017094+00:00,LibGen,LibGen.li,UP,200,699,,
2026-09-01T16:00:06.733632+00:00,LibGen,LibGen.li,UP,200,887,,
2026-09-01T16:01:06.998823+00:00,LibGen,LibGen.li,UP,200,840,,
2026-09-01T16:02:08.302069+00:00,LibGen,LibGen.li,UP,200,769,,
2026-09-01T16:03:08.577957+00:00,LibGen,LibGen.li,UP,200,693,,
2026-09-01T16:04:09.252254+00:00,LibGen,LibGen.li,UP,200,934,,
2026-09-01T16:05:10.115888+00:00,LibGen,LibGen.li,UP,200,268,,
2026-09-01T16:06:10.152166+00:00,LibGen,LibGen.li,UP,200,709,,
2026-09-01T16:07:11.377566+00:00,LibGen,LibGen.li,UP,200,890,,
2026-09-01T16:08:11.113682+00:00,LibGen,LibGen.li,UP,200,882,,
2026-09-01T16:09:10.702660+00:00,LibGen,LibGen.li,UP,200,267,,
2026-09-01T16:10:12.156174+00:00,LibGen,LibGen.li,UP,200,892,,
2026-09-01T16:11:12.575609+00:00,LibGen,LibGen.li,UP,200,1013,,
2026-09-01T16:12:12.398811+00:00,LibGen,LibGen.li,DOWN,,,connection_refused,
2026-09-01T16:13:13.154227+00:00,LibGen,LibGen.li,UP,200,699,,
2026-09-01T16:14:14.038362+00:00,LibGen,LibGen.li,UP,200,802,,
2026-09-01T16:15:14.091069+00:00,LibGen,LibGen.li,UP,200,255,,
2026-09-01T16:16:15.848462+00:00,LibGen,LibGen.li,UP,200,1242,,
2026-09-01T16:17:16.342050+00:00,LibGen,LibGen.li,UP,200,924,,
2026-09-01T16:18:17.160348+00:00,LibGen,LibGen.li,UP,200,679,,
2026-09-01T16:19:17.783139+00:00,LibGen,LibGen.li,UP,200,830,,
2026-09-01T16:20:18.166895+00:00,LibGen,LibGen.li,UP,200,950,,
2026-09-01T16:21:19.913712+00:00,LibGen,LibGen.li,UP,200,844,,
2026-09-01T16:22:19.129211+00:00,LibGen,LibGen.li,UP,200,807,,
2026-09-01T16:23:19.678666+00:00,LibGen,LibGen.li,UP,200,832,,
2026-09-01T16:24:20.480120+00:00,LibGen,LibGen.li,UP,200,764,,
2026-09-01T16:25:21.432234+00:00,LibGen,LibGen.li,UP,200,740,,
2026-09-01T16:26:21.806386+00:00,LibGen,LibGen.li,UP,200,707,,
2026-09-01T16:27:22.440396+00:00,LibGen,LibGen.li,UP,200,803,,
2026-09-01T16:28:22.831718+00:00,LibGen,LibGen.li,UP,200,874,,
2026-09-01T16:29:23.419156+00:00,LibGen,LibGen.li,UP,200,749,,
2026-09-01T16:30:24.178611+00:00,LibGen,LibGen.li,UP,200,774,,
2026-09-01T16:31:25.168879+00:00,LibGen,LibGen.li,UP,200,812,,
2026-09-01T16:32:27.283668+00:00,LibGen,LibGen.li,UP,200,1818,,
2026-09-01T16:33:25.993698+00:00,LibGen,LibGen.li,UP,200,266,,
2026-09-01T16:34:27.902341+00:00,LibGen,LibGen.li,UP,200,1338,,
2026-09-01T16:35:28.217125+00:00,LibGen,LibGen.li,UP,200,939,,
2026-09-01T16:36:29.295462+00:00,LibGen,LibGen.li,UP,200,1054,,
2026-09-01T16:37:29.171178+00:00,LibGen,LibGen.li,UP,200,272,,
2026-09-01T16:38:31.537059+00:00,LibGen,LibGen.li,UP,200,1724,,
2026-09-01T16:39:33.329691+00:00,LibGen,LibGen.li,UP,200,2788,,
2026-09-01T16:40:32.264492+00:00,LibGen,LibGen.li,UP,200,773,,
2026-09-01T16:41:32.422862+00:00,LibGen,LibGen.li,UP,200,259,,
2026-09-01T16:42:33.255911+00:00,LibGen,LibGen.li,UP,200,767,,
2026-09-01T16:43:33.697659+00:00,LibGen,LibGen.li,UP,200,808,,
2026-09-01T16:44:34.730885+00:00,LibGen,LibGen.li,UP,200,1042,,
2026-09-01T16:45:34.272228+00:00,LibGen,LibGen.li,UP,200,242,,
2026-09-01T16:46:34.859223+00:00,LibGen,LibGen.li,UP,200,790,,
2026-09-01T16:47:36.219206+00:00,LibGen,LibGen.li,UP,200,818,,
2026-09-01T16:48:35.265177+00:00,LibGen,LibGen.li,UP,200,257,,
2026-09-01T16:49:36.980688+00:00,LibGen,LibGen.li,UP,200,818,,
2026-09-01T16:50:37.915329+00:00,LibGen,LibGen.li,UP,200,1075,,
2026-09-01T16:51:37.767782+00:00,LibGen,LibGen.li,UP,200,606,,
2026-09-01T16:52:38.750914+00:00,LibGen,LibGen.li,UP,200,686,,
2026-09-01T16:53:38.694984+00:00,LibGen,LibGen.li,UP,200,721,,
2026-09-01T16:54:40.060589+00:00,LibGen,LibGen.li,UP,200,897,,
2026-09-01T16:55:59.672540+00:00,LibGen,LibGen.li,DOWN,,,connection_refused,
2026-09-01T16:56:40.472520+00:00,LibGen,LibGen.li,UP,200,899,,
2026-09-01T16:57:41.522557+00:00,LibGen,LibGen.li,UP,200,1094,,
2026-09-01T16:58:41.108469+00:00,LibGen,LibGen.li,UP,200,767,,
2026-09-01T16:59:42.325392+00:00,LibGen,LibGen.li,UP,200,1037,,
2026-09-01T17:00:42.568320+00:00,LibGen,LibGen.li,UP,200,254,,
2026-09-01T17:01:46.369695+00:00,LibGen,LibGen.li,DEGRADED,200,3865,latency_high,
2026-09-01T17:02:44.164931+00:00,LibGen,LibGen.li,UP,200,698,,
2026-09-01T17:03:44.856609+00:00,LibGen,LibGen.li,UP,200,757,,
2026-09-01T17:04:45.811363+00:00,LibGen,LibGen.li,UP,200,981,,
2026-09-01T17:05:47.290654+00:00,LibGen,LibGen.li,UP,200,853,,
2026-09-01T17:06:47.545071+00:00,LibGen,LibGen.li,UP,200,1208,,
2026-09-01T17:07:48.852931+00:00,LibGen,LibGen.li,UP,200,1000,,
2026-09-01T17:08:49.571503+00:00,LibGen,LibGen.li,UP,200,789,,
2026-09-01T17:09:49.118585+00:00,LibGen,LibGen.li,UP,200,811,,
2026-09-01T17:10:49.170370+00:00,LibGen,LibGen.li,UP,200,729,,
2026-09-01T17:11:50.766010+00:00,LibGen,LibGen.li,UP,200,832,,
2026-09-01T17:12:51.730014+00:00,LibGen,LibGen.li,UP,200,1088,,
2026-09-01T17:13:51.260162+00:00,LibGen,LibGen.li,UP,200,759,,
2026-09-01T17:14:51.906529+00:00,LibGen,LibGen.li,UP,200,762,,
2026-09-01T17:15:53.237900+00:00,LibGen,LibGen.li,UP,200,809,,
2026-09-01T17:16:53.405655+00:00,LibGen,LibGen.li,UP,200,676,,
2026-09-01T17:17:55.461345+00:00,LibGen,LibGen.li,UP,200,1824,,
2026-09-01T17:18:55.033636+00:00,LibGen,LibGen.li,UP,200,252,,
2026-09-01T17:19:55.116429+00:00,LibGen,LibGen.li,UP,200,699,,
2026-09-01T17:20:56.472023+00:00,LibGen,LibGen.li,UP,200,1019,,
2026-09-01T17:21:56.829049+00:00,LibGen,LibGen.li,UP,200,806,,
2026-09-01T17:22:58.034988+00:00,LibGen,LibGen.li,UP,200,701,,
2026-09-01T17:23:58.739443+00:00,LibGen,LibGen.li,UP,200,753,,
2026-09-01T17:24:59.230609+00:00,LibGen,LibGen.li,UP,200,1188,,
2026-09-01T17:25:58.906479+00:00,LibGen,LibGen.li,UP,200,798,,
2026-09-01T17:26:59.197811+00:00,LibGen,LibGen.li,UP,200,844,,
2026-09-01T17:27:59.468197+00:00,LibGen,LibGen.li,UP,200,234,,
2026-09-01T17:29:00.290846+00:00,LibGen,LibGen.li,UP,200,815,,
2026-09-01T17:30:00.915095+00:00,LibGen,LibGen.li,UP,200,697,,
2026-09-01T17:31:02.078605+00:00,LibGen,LibGen.li,UP,200,1160,,
2026-09-01T17:32:02.804645+00:00,LibGen,LibGen.li,UP,200,879,,
2026-09-01T17:33:03.214818+00:00,LibGen,LibGen.li,UP,200,779,,
2026-09-01T17:34:04.105818+00:00,LibGen,LibGen.li,UP,200,904,,
2026-09-01T17:35:04.635613+00:00,LibGen,LibGen.li,UP,200,992,,
2026-09-01T17:36:04.469177+00:00,LibGen,LibGen.li,UP,200,293,,
2026-09-01T17:37:06.529985+00:00,LibGen,LibGen.li,UP,200,1162,,
2026-09-01T17:38:07.601078+00:00,LibGen,LibGen.li,UP,200,1689,,
2026-09-01T17:39:07.226954+00:00,LibGen,LibGen.li,UP,200,825,,
2026-09-01T17:40:07.692352+00:00,LibGen,LibGen.li,UP,200,901,,
2026-09-01T17:41:08.530196+00:00,LibGen,LibGen.li,UP,200,706,,
2026-09-01T17:42:08.521437+00:00,LibGen,LibGen.li,UP,200,244,,
2026-09-01T17:43:10.221683+00:00,LibGen,LibGen.li,UP,200,1566,,
2026-09-01T17:44:09.065823+00:00,LibGen,LibGen.li,UP,200,235,,
2026-09-01T17:45:13.301689+00:00,LibGen,LibGen.li,UP,200,1061,,
2026-09-01T17:46:34.783039+00:00,LibGen,LibGen.li,DOWN,,,connection_refused,
2026-09-01T17:47:12.275894+00:00,LibGen,LibGen.li,UP,200,1151,,
2026-09-01T17:48:12.294858+00:00,LibGen,LibGen.li,UP,200,673,,
2026-09-01T17:49:12.906420+00:00,LibGen,LibGen.li,UP,200,697,,
2026-09-01T17:50:13.877950+00:00,LibGen,LibGen.li,UP,200,902,,
2026-09-01T17:51:14.148425+00:00,LibGen,LibGen.li,UP,200,751,,
2026-09-01T17:52:14.883855+00:00,LibGen,LibGen.li,UP,200,899,,
2026-09-01T17:53:15.511519+00:00,LibGen,LibGen.li,UP,200,666,,
2026-09-01T17:54:15.419947+00:00,LibGen,LibGen.li,UP,200,661,,
2026-09-01T17:55:16.226308+00:00,LibGen,LibGen.li,UP,200,802,,
2026-09-01T17:56:16.820541+00:00,LibGen,LibGen.li,UP,200,802,,
2026-09-01T17:57:18.050743+00:00,LibGen,LibGen.li,UP,200,835,,
2026-09-01T17:58:18.767069+00:00,LibGen,LibGen.li,UP,200,906,,
2026-09-01T17:59:17.633616+00:00,LibGen,LibGen.li,UP,200,280,,
2026-09-01T18:00:19.268491+00:00,LibGen,LibGen.li,UP,200,1131,,
2026-09-01T18:01:19.401422+00:00,LibGen,LibGen.li,UP,200,756,,
2026-09-01T18:02:20.286481+00:00,LibGen,LibGen.li,UP,200,791,,
2026-09-01T18:03:21.816864+00:00,LibGen,LibGen.li,UP,200,843,,
2026-09-01T18:04:22.856373+00:00,LibGen,LibGen.li,UP,200,1892,,
2026-09-01T18:05:22.964061+00:00,LibGen,LibGen.li,UP,200,845,,
2026-09-01T18:06:22.750991+00:00,LibGen,LibGen.li,UP,200,701,,
2026-09-01T18:07:23.893460+00:00,LibGen,LibGen.li,UP,200,765,,
2026-09-01T18:08:43.618770+00:00,LibGen,LibGen.li,DOWN,,,connection_refused,
2026-09-01T18:09:24.464339+00:00,LibGen,LibGen.li,UP,200,729,,
2026-09-01T18:10:25.553666+00:00,LibGen,LibGen.li,UP,200,857,,
2026-09-01T18:11:26.699650+00:00,LibGen,LibGen.li,UP,200,877,,
2026-09-01T18:12:25.990883+00:00,LibGen,LibGen.li,UP,200,700,,
2026-09-01T18:13:27.069925+00:00,LibGen,LibGen.li,UP,200,763,,
2026-09-01T18:14:27.383178+00:00,LibGen,LibGen.li,UP,200,280,,
2026-09-01T18:15:28.185975+00:00,LibGen,LibGen.li,UP,200,796,,
2026-09-01T18:16:28.142659+00:00,LibGen,LibGen.li,UP,200,707,,
2026-09-01T18:17:49.577054+00:00,LibGen,LibGen.li,DOWN,,,connection_refused,
2026-09-01T18:18:29.704853+00:00,LibGen,LibGen.li,UP,200,774,,
2026-09-01T18:19:50.362980+00:00,LibGen,LibGen.li,DOWN,,,connection_refused,
2026-09-01T18:20:31.290655+00:00,LibGen,LibGen.li,UP,200,980,,
2026-09-01T18:21:31.110597+00:00,LibGen,LibGen.li,UP,200,586,,
2026-09-01T18:22:32.079314+00:00,LibGen,LibGen.li,UP,200,944,,
2026-09-01T18:23:32.360799+00:00,LibGen,LibGen.li,UP,200,562,,
2026-09-01T18:24:31.987683+00:00,LibGen,LibGen.li,UP,200,257,,
2026-09-01T18:25:32.802703+00:00,LibGen,LibGen.li,UP,200,1000,,
2026-09-01T18:26:32.985473+00:00,LibGen,LibGen.li,UP,200,269,,
2026-09-01T18:27:34.619560+00:00,LibGen,LibGen.li,UP,200,759,,
2026-09-01T18:28:34.220588+00:00,LibGen,LibGen.li,UP,200,675,,
2026-09-01T18:29:38.007568+00:00,LibGen,LibGen.li,UP,200,875,,
2026-09-01T18:30:56.005550+00:00,LibGen,LibGen.li,DOWN,,,connection_refused,
2026-09-01T18:31:36.583944+00:00,LibGen,LibGen.li,UP,200,736,,
2026-09-01T18:32:37.072793+00:00,LibGen,LibGen.li,UP,200,718,,
2026-09-01T18:33:38.227569+00:00,LibGen,LibGen.li,UP,200,980,,
2026-09-01T18:34:38.065035+00:00,LibGen,LibGen.li,UP,200,869,,
2026-09-01T18:35:38.422251+00:00,LibGen,LibGen.li,UP,200,808,,
2026-09-01T18:36:40.701311+00:00,LibGen,LibGen.li,UP,200,1641,,
2026-09-01T18:37:40.018493+00:00,LibGen,LibGen.li,UP,200,759,,
2026-09-01T18:38:40.890607+00:00,LibGen,LibGen.li,UP,200,776,,
2026-09-01T18:39:41.675357+00:00,LibGen,LibGen.li,UP,200,920,,
2026-09-01T18:40:45.355851+00:00,LibGen,LibGen.li,DEGRADED,200,3791,latency_high,
2026-09-01T18:41:43.780947+00:00,LibGen,LibGen.li,UP,200,740,,
2026-09-01T18:43:03.672332+00:00,LibGen,LibGen.li,DOWN,,,connection_refused,
2026-09-01T18:43:44.742494+00:00,LibGen,LibGen.li,UP,200,776,,
2026-09-01T18:44:45.272068+00:00,LibGen,LibGen.li,UP,200,671,,
2026-09-01T18:45:45.290884+00:00,LibGen,LibGen.li,UP,200,826,,
2026-09-01T18:46:53.034797+00:00,LibGen,LibGen.li,DEGRADED,200,5280,latency_high,
2026-09-01T18:47:46.789079+00:00,LibGen,LibGen.li,UP,200,751,,
2026-09-01T18:48:47.743946+00:00,LibGen,LibGen.li,UP,200,831,,
2026-09-01T18:49:48.253202+00:00,LibGen,LibGen.li,UP,200,759,,
2026-09-01T18:50:49.241673+00:00,LibGen,LibGen.li,UP,200,935,,
2026-09-01T18:51:49.947127+00:00,LibGen,LibGen.li,UP,200,862,,
2026-09-01T18:52:50.612817+00:00,LibGen,LibGen.li,UP,200,702,,
2026-09-01T18:53:51.036495+00:00,LibGen,LibGen.li,UP,200,714,,
2026-09-01T18:54:51.618933+00:00,LibGen,LibGen.li,UP,200,873,,
2026-09-01T18:55:52.304009+00:00,LibGen,LibGen.li,UP,200,843,,
2026-09-01T18:56:53.372131+00:00,LibGen,LibGen.li,UP,200,827,,
2026-09-01T18:57:53.268089+00:00,LibGen,LibGen.li,UP,200,739,,
2026-09-01T18:58:53.922033+00:00,LibGen,LibGen.li,UP,200,774,,
2026-09-01T18:59:54.673605+00:00,LibGen,LibGen.li,UP,200,771,,
2026-09-01T19:00:55.085195+00:00,LibGen,LibGen.li,UP,200,692,,
2026-09-01T19:02:16.004381+00:00,LibGen,LibGen.li,DOWN,,,connection_refused,
2026-09-01T19:02:56.975910+00:00,LibGen,LibGen.li,UP,200,774,,
2026-09-01T19:03:57.278448+00:00,LibGen,LibGen.li,UP,200,754,,
2026-09-01T19:04:57.762359+00:00,LibGen,LibGen.li,UP,200,876,,
2026-09-01T19:05:57.538683+00:00,LibGen,LibGen.li,UP,200,676,,
2026-09-01T19:06:58.301620+00:00,LibGen,LibGen.li,UP,200,687,,
2026-09-01T19:07:58.506998+00:00,LibGen,LibGen.li,UP,200,797,,
2026-09-01T19:08:59.279048+00:00,LibGen,LibGen.li,UP,200,1310,,
2026-09-01T19:09:58.811048+00:00,LibGen,LibGen.li,UP,200,548,,
2026-09-01T19:10:59.331310+00:00,LibGen,LibGen.li,UP,200,772,,
2026-09-01T19:12:00.687016+00:00,LibGen,LibGen.li,UP,200,731,,
2026-09-01T19:13:01.145787+00:00,LibGen,LibGen.li,UP,200,1056,,
2026-09-01T19:14:05.305404+00:00,LibGen,LibGen.li,DEGRADED,200,3870,latency_high,
2026-09-01T19:15:02.817660+00:00,LibGen,LibGen.li,UP,200,1102,,
2026-09-01T19:16:02.200992+00:00,LibGen,LibGen.li,UP,200,899,,
2026-09-01T19:17:02.425936+00:00,LibGen,LibGen.li,UP,200,1118,,
2026-09-01T19:18:03.139064+00:00,LibGen,LibGen.li,UP,200,1032,,
2026-09-01T19:19:03.189155+00:00,LibGen,LibGen.li,UP,200,1006,,
2026-09-01T19:20:04.579643+00:00,LibGen,LibGen.li,UP,200,1003,,
2026-09-01T19:21:04.917664+00:00,LibGen,LibGen.li,UP,200,1839,,
2026-09-01T19:22:05.736835+00:00,LibGen,LibGen.li,UP,200,1180,,
2026-09-01T19:23:05.052018+00:00,LibGen,LibGen.li,UP,200,769,,
2026-09-01T19:24:05.470529+00:00,LibGen,LibGen.li,UP,200,801,,
2026-09-01T19:25:05.836915+00:00,LibGen,LibGen.li,UP,200,914,,
2026-09-01T19:26:06.546527+00:00,LibGen,LibGen.li,UP,200,816,,
2026-09-01T19:27:07.505397+00:00,LibGen,LibGen.li,UP,200,765,,
2026-09-01T19:28:07.948881+00:00,LibGen,LibGen.li,UP,200,928,,
2026-09-01T19:29:08.520233+00:00,LibGen,LibGen.li,UP,200,618,,
2026-09-01T19:30:09.900742+00:00,LibGen,LibGen.li,UP,200,1599,,
2026-09-01T19:31:09.550750+00:00,LibGen,LibGen.li,UP,200,859,,
2026-09-01T19:32:10.563449+00:00,LibGen,LibGen.li,UP,200,846,,
2026-09-01T19:33:11.338418+00:00,LibGen,LibGen.li,UP,200,838,,
2026-09-01T19:34:11.194199+00:00,LibGen,LibGen.li,DOWN,,,connection_refused,
2026-09-01T19:35:12.598117+00:00,LibGen,LibGen.li,UP,200,810,,
2026-09-01T19:36:13.459356+00:00,LibGen,LibGen.li,UP,200,763,,
2026-09-01T19:37:13.999118+00:00,LibGen,LibGen.li,UP,200,696,,
2026-09-01T19:38:14.578116+00:00,LibGen,LibGen.li,UP,200,773,,
2026-09-01T19:39:15.455659+00:00,LibGen,LibGen.li,UP,200,719,,
2026-09-01T19:40:16.543573+00:00,LibGen,LibGen.li,UP,200,1158,,
2026-09-01T19:41:17.123732+00:00,LibGen,LibGen.li,UP,200,770,,
2026-09-01T19:42:17.608685+00:00,LibGen,LibGen.li,UP,200,894,,
2026-09-01T19:43:18.536873+00:00,LibGen,LibGen.li,UP,200,753,,
2026-09-01T19:44:18.818600+00:00,LibGen,LibGen.li,UP,200,735,,
2026-09-01T19:45:18.844392+00:00,LibGen,LibGen.li,UP,200,299,,
2026-09-01T19:46:19.161514+00:00,LibGen,LibGen.li,UP,200,817,,
2026-09-01T19:47:20.461900+00:00,LibGen,LibGen.li,UP,200,1092,,
2026-09-01T19:48:21.235637+00:00,LibGen,LibGen.li,UP,200,360,,
2026-09-01T19:49:21.339759+00:00,LibGen,LibGen.li,UP,200,699,,
2026-09-01T19:50:23.256891+00:00,LibGen,LibGen.li,UP,200,1172,,
2026-09-01T19:51:22.156539+00:00,LibGen,LibGen.li,UP,200,285,,
2026-09-01T19:52:23.243296+00:00,LibGen,LibGen.li,UP,200,754,,
2026-09-01T19:53:24.086180+00:00,LibGen,LibGen.li,UP,200,958,,
2026-09-01T19:54:24.593378+00:00,LibGen,LibGen.li,UP,200,788,,
2026-09-01T19:55:25.142502+00:00,LibGen,LibGen.li,UP,200,733,,
2026-09-01T19:56:27.315552+00:00,LibGen,LibGen.li,UP,200,928,,
2026-09-01T19:57:26.185466+00:00,LibGen,LibGen.li,UP,200,921,,
2026-09-01T19:58:26.832610+00:00,LibGen,LibGen.li,UP,200,646,,
2026-09-01T19:59:28.128062+00:00,LibGen,LibGen.li,UP,200,824,,
2026-09-01T20:00:29.579959+00:00,LibGen,LibGen.li,UP,200,932,,
2026-09-01T20:01:28.570331+00:00,LibGen,LibGen.li,UP,200,274,,
2026-09-01T20:02:30.930581+00:00,LibGen,LibGen.li,UP,200,801,,
2026-09-01T20:03:30.157037+00:00,LibGen,LibGen.li,UP,200,809,,
2026-09-01T20:04:31.543820+00:00,LibGen,LibGen.li,UP,200,981,,
2026-09-01T20:05:32.071396+00:00,LibGen,LibGen.li,UP,200,767,,
2026-09-01T20:06:32.067856+00:00,LibGen,LibGen.li,UP,200,334,,
2026-09-01T20:07:33.439971+00:00,LibGen,LibGen.li,UP,200,793,,
2026-09-01T20:08:34.397494+00:00,LibGen,LibGen.li,UP,200,778,,
2026-09-01T20:09:34.706971+00:00,LibGen,LibGen.li,UP,200,755,,
2026-09-01T20:10:35.790170+00:00,LibGen,LibGen.li,UP,200,849,,
2026-09-01T20:11:36.416353+00:00,LibGen,LibGen.li,UP,200,757,,
2026-09-01T20:12:37.314579+00:00,LibGen,LibGen.li,UP,200,828,,
2026-09-01T20:13:40.551188+00:00,LibGen,LibGen.li,DEGRADED,200,3719,latency_high,
2026-09-01T20:14:39.076651+00:00,LibGen,LibGen.li,UP,200,779,,
2026-09-01T20:15:39.531561+00:00,LibGen,LibGen.li,UP,200,728,,
2026-09-01T20:16:41.193142+00:00,LibGen,LibGen.li,UP,200,790,,
2026-09-01T20:17:40.906365+00:00,LibGen,LibGen.li,UP,200,777,,
2026-09-01T20:18:41.429615+00:00,LibGen,LibGen.li,UP,200,785,,
2026-09-01T20:19:42.135174+00:00,LibGen,LibGen.li,UP,200,770,,
2026-09-01T20:20:43.577194+00:00,LibGen,LibGen.li,UP,200,1245,,
2026-09-01T20:21:43.740352+00:00,LibGen,LibGen.li,UP,200,762,,
2026-09-01T20:22:44.821132+00:00,LibGen,LibGen.li,UP,200,738,,
2026-09-01T20:23:44.751601+00:00,LibGen,LibGen.li,UP,200,760,,
2026-09-01T20:24:45.681481+00:00,LibGen,LibGen.li,UP,200,606,,
2026-09-01T20:25:46.274812+00:00,LibGen,LibGen.li,UP,200,783,,
2026-09-01T20:26:47.204536+00:00,LibGen,LibGen.li,UP,200,1202,,
2026-09-01T20:27:47.173077+00:00,LibGen,LibGen.li,UP,200,781,,
2026-09-01T20:28:47.858220+00:00,LibGen,LibGen.li,UP,200,703,,
2026-09-01T20:29:49.416497+00:00,LibGen,LibGen.li,UP,200,994,,
2026-09-01T20:30:50.678018+00:00,LibGen,LibGen.li,UP,200,1925,,
2026-09-01T20:31:50.534377+00:00,LibGen,LibGen.li,UP,200,697,,
2026-09-01T20:32:50.764569+00:00,LibGen,LibGen.li,UP,200,810,,
2026-09-01T20:33:51.414138+00:00,LibGen,LibGen.li,UP,200,711,,
2026-09-01T20:34:53.661775+00:00,LibGen,LibGen.li,UP,200,1850,,
2026-09-01T20:35:52.504031+00:00,LibGen,LibGen.li,UP,200,772,,
2026-09-01T20:36:54.948392+00:00,LibGen,LibGen.li,UP,200,1888,,
2026-09-01T20:38:13.098755+00:00,LibGen,LibGen.li,DOWN,,,connection_refused,
2026-09-01T20:38:55.202745+00:00,LibGen,LibGen.li,UP,200,1109,,
2026-09-01T20:39:55.184228+00:00,LibGen,LibGen.li,UP,200,562,,
2026-09-01T20:40:55.703112+00:00,LibGen,LibGen.li,UP,200,826,,
2026-09-01T20:41:55.568437+00:00,LibGen,LibGen.li,UP,200,555,,
2026-09-01T20:42:56.242242+00:00,LibGen,LibGen.li,UP,200,805,,
2026-09-01T20:43:56.972950+00:00,LibGen,LibGen.li,UP,200,605,,
2026-09-01T20:44:57.624550+00:00,LibGen,LibGen.li,UP,200,1148,,
2026-09-01T20:45:58.228038+00:00,LibGen,LibGen.li,UP,200,739,,
2026-09-01T20:46:58.063110+00:00,LibGen,LibGen.li,UP,200,765,,
2026-09-01T20:47:58.377066+00:00,LibGen,LibGen.li,UP,200,808,,
2026-09-01T20:48:59.269480+00:00,LibGen,LibGen.li,UP,200,712,,
2026-09-01T20:49:59.797210+00:00,LibGen,LibGen.li,UP,200,672,,
2026-09-01T20:51:00.921933+00:00,LibGen,LibGen.li,UP,200,874,,
2026-09-01T20:52:01.429655+00:00,LibGen,LibGen.li,UP,200,693,,
2026-09-01T20:53:02.356214+00:00,LibGen,LibGen.li,UP,200,761,,
2026-09-01T20:54:02.888466+00:00,LibGen,LibGen.li,UP,200,812,,
2026-09-01T20:55:03.712968+00:00,LibGen,LibGen.li,UP,200,1217,,
2026-09-01T20:56:04.708949+00:00,LibGen,LibGen.li,UP,200,1211,,
2026-09-01T20:57:05.011378+00:00,LibGen,LibGen.li,UP,200,731,,
2026-09-01T20:58:05.406235+00:00,LibGen,LibGen.li,UP,200,704,,
2026-09-01T20:59:07.153402+00:00,LibGen,LibGen.li,UP,200,808,,
2026-09-01T21:00:06.954563+00:00,LibGen,LibGen.li,UP,200,1048,,
2026-09-01T21:01:07.530539+00:00,LibGen,LibGen.li,UP,200,1185,,
2026-09-01T21:02:08.253460+00:00,LibGen,LibGen.li,UP,200,1114,,
2026-09-01T21:03:08.847809+00:00,LibGen,LibGen.li,UP,200,666,,
2026-09-01T21:04:09.325865+00:00,LibGen,LibGen.li,UP,200,540,,
2026-09-01T21:05:10.549594+00:00,LibGen,LibGen.li,UP,200,1278,,
2026-09-01T21:06:10.411499+00:00,LibGen,LibGen.li,UP,200,642,,
2026-09-01T21:07:10.994126+00:00,LibGen,LibGen.li,UP,200,718,,
2026-09-01T21:08:11.507229+00:00,LibGen,LibGen.li,UP,200,662,,
2026-09-01T21:09:12.591781+00:00,LibGen,LibGen.li,UP,200,903,,
2026-09-01T21:10:13.372960+00:00,LibGen,LibGen.li,UP,200,907,,
2026-09-01T21:11:14.077212+00:00,LibGen,LibGen.li,UP,200,653,,
2026-09-01T21:12:15.380114+00:00,LibGen,LibGen.li,UP,200,796,,
2026-09-01T21:13:14.756686+00:00,LibGen,LibGen.li,UP,200,536,,
2026-09-01T21:14:16.042021+00:00,LibGen,LibGen.li,UP,200,1046,,
2026-09-01T21:15:16.109250+00:00,LibGen,LibGen.li,UP,200,730,,
2026-09-01T21:16:17.601771+00:00,LibGen,LibGen.li,UP,200,697,,
2026-09-01T21:17:17.801655+00:00,LibGen,LibGen.li,UP,200,1036,,
2026-09-01T21:18:17.522232+00:00,LibGen,LibGen.li,UP,200,258,,
2026-09-01T21:19:18.591971+00:00,LibGen,LibGen.li,UP,200,711,,
2026-09-01T21:20:19.389801+00:00,LibGen,LibGen.li,UP,200,858,,
2026-09-01T21:21:20.218236+00:00,LibGen,LibGen.li,UP,200,783,,
2026-09-01T21:22:20.813002+00:00,LibGen,LibGen.li,UP,200,728,,
2026-09-01T21:23:21.361640+00:00,LibGen,LibGen.li,UP,200,747,,
2026-09-01T21:24:21.748911+00:00,LibGen,LibGen.li,UP,200,582,,
2026-09-01T21:25:23.028843+00:00,LibGen,LibGen.li,UP,200,1064,,
2026-09-01T21:26:23.754422+00:00,LibGen,LibGen.li,UP,200,1078,,
2026-09-01T21:27:24.348720+00:00,LibGen,LibGen.li,UP,200,250,,
2026-09-01T21:28:28.044813+00:00,LibGen,LibGen.li,DEGRADED,200,3844,latency_high,
2026-09-01T21:29:25.363236+00:00,LibGen,LibGen.li,UP,200,668,,
2026-09-01T21:30:25.921817+00:00,LibGen,LibGen.li,UP,200,664,,
2026-09-01T21:31:27.267572+00:00,LibGen,LibGen.li,UP,200,818,,
2026-09-01T21:32:27.802132+00:00,LibGen,LibGen.li,UP,200,772,,
2026-09-01T21:33:28.760544+00:00,LibGen,LibGen.li,UP,200,810,,
2026-09-01T21:34:29.541511+00:00,LibGen,LibGen.li,UP,200,646,,
2026-09-01T21:35:30.335715+00:00,LibGen,LibGen.li,UP,200,1037,,
2026-09-01T21:36:31.198684+00:00,LibGen,LibGen.li,UP,200,767,,
2026-09-01T21:37:31.101057+00:00,LibGen,LibGen.li,UP,200,826,,
2026-09-01T21:38:32.098438+00:00,LibGen,LibGen.li,UP,200,680,,
2026-09-01T21:39:32.800502+00:00,LibGen,LibGen.li,UP,200,670,,
2026-09-01T21:40:34.002681+00:00,LibGen,LibGen.li,UP,200,1208,,
2026-09-01T21:41:34.117052+00:00,LibGen,LibGen.li,UP,200,712,,
2026-09-01T21:42:35.177638+00:00,LibGen,LibGen.li,UP,200,751,,
2026-09-01T21:43:36.176645+00:00,LibGen,LibGen.li,UP,200,727,,
2026-09-01T21:44:36.150778+00:00,LibGen,LibGen.li,UP,200,716,,
2026-09-01T21:45:36.893611+00:00,LibGen,LibGen.li,UP,200,814,,
2026-09-01T21:46:37.951502+00:00,LibGen,LibGen.li,UP,200,1236,,
2026-09-01T21:47:40.320075+00:00,LibGen,LibGen.li,UP,200,701,,
2026-09-01T21:48:37.996205+00:00,LibGen,LibGen.li,UP,200,533,,
2026-09-01T21:49:38.856462+00:00,LibGen,LibGen.li,UP,200,664,,
2026-09-01T21:50:39.585897+00:00,LibGen,LibGen.li,UP,200,732,,
2026-09-01T21:51:39.505893+00:00,LibGen,LibGen.li,UP,200,234,,
2026-09-01T21:52:40.233636+00:00,LibGen,LibGen.li,UP,200,675,,
2026-09-01T21:53:40.903765+00:00,LibGen,LibGen.li,UP,200,674,,
2026-09-01T21:54:41.365644+00:00,LibGen,LibGen.li,UP,200,748,,
2026-09-01T21:55:42.361562+00:00,LibGen,LibGen.li,UP,200,703,,
2026-09-01T21:56:42.674528+00:00,LibGen,LibGen.li,UP,200,1202,,
2026-09-01T21:57:42.845431+00:00,LibGen,LibGen.li,UP,200,828,,
2026-09-01T21:58:43.678597+00:00,LibGen,LibGen.li,UP,200,1070,,
2026-09-01T21:59:43.780376+00:00,LibGen,LibGen.li,UP,200,554,,
2026-09-01T22:00:44.280018+00:00,LibGen,LibGen.li,UP,200,746,,
2026-09-01T22:01:44.751118+00:00,LibGen,LibGen.li,UP,200,791,,
2026-09-01T22:02:45.742456+00:00,LibGen,LibGen.li,UP,200,631,,
2026-09-01T22:03:45.826252+00:00,LibGen,LibGen.li,UP,200,696,,
2026-09-01T22:04:46.927217+00:00,LibGen,LibGen.li,UP,200,638,,
2026-09-01T22:05:47.281075+00:00,LibGen,LibGen.li,UP,200,799,,
2026-09-01T22:06:48.459578+00:00,LibGen,LibGen.li,UP,200,687,,
2026-09-01T22:07:48.676379+00:00,LibGen,LibGen.li,UP,200,809,,
2026-09-01T22:08:49.758198+00:00,LibGen,LibGen.li,UP,200,811,,
2026-09-01T22:09:51.028606+00:00,LibGen,LibGen.li,UP,200,717,,
2026-09-01T22:10:50.689931+00:00,LibGen,LibGen.li,UP,200,904,,
2026-09-01T22:11:51.212232+00:00,LibGen,LibGen.li,UP,200,804,,
2026-09-01T22:12:51.773988+00:00,LibGen,LibGen.li,UP,200,755,,
2026-09-01T22:13:52.714170+00:00,LibGen,LibGen.li,UP,200,924,,
2026-09-01T22:14:53.075656+00:00,LibGen,LibGen.li,UP,200,716,,
2026-09-01T22:15:53.734239+00:00,LibGen,LibGen.li,UP,200,684,,
2026-09-01T22:16:54.397510+00:00,LibGen,LibGen.li,UP,200,645,,
2026-09-01T22:17:55.198258+00:00,LibGen,LibGen.li,UP,200,658,,
2026-09-01T22:18:55.728093+00:00,LibGen,LibGen.li,UP,200,244,,
2026-09-01T22:19:56.649892+00:00,LibGen,LibGen.li,UP,200,674,,
2026-09-01T22:20:57.025597+00:00,LibGen,LibGen.li,UP,200,759,,
2026-09-01T22:21:59.023236+00:00,LibGen,LibGen.li,UP,200,773,,
2026-09-01T22:22:59.384558+00:00,LibGen,LibGen.li,UP,200,978,,
2026-09-01T22:23:59.433029+00:00,LibGen,LibGen.li,UP,200,691,,
2026-09-01T22:25:00.873950+00:00,LibGen,LibGen.li,UP,200,1019,,
2026-09-01T22:26:00.256223+00:00,LibGen,LibGen.li,UP,200,718,,
2026-09-01T22:27:00.330493+00:00,LibGen,LibGen.li,UP,200,787,,
2026-09-01T22:28:01.168195+00:00,LibGen,LibGen.li,UP,200,783,,
2026-09-01T22:29:01.336967+00:00,LibGen,LibGen.li,UP,200,729,,
2026-09-01T22:30:03.348201+00:00,LibGen,LibGen.li,UP,200,1580,,
2026-09-01T22:31:03.040575+00:00,LibGen,LibGen.li,UP,200,866,,
2026-09-01T22:32:03.608521+00:00,LibGen,LibGen.li,UP,200,1031,,
2026-09-01T22:33:03.463859+00:00,LibGen,LibGen.li,UP,200,825,,
2026-09-01T22:34:03.703963+00:00,LibGen,LibGen.li,UP,200,226,,
2026-09-01T22:35:04.489145+00:00,LibGen,LibGen.li,UP,200,979,,
2026-09-01T22:36:04.710458+00:00,LibGen,LibGen.li,UP,200,683,,
2026-09-01T22:37:04.932032+00:00,LibGen,LibGen.li,UP,200,256,,
2026-09-01T22:38:06.474618+00:00,LibGen,LibGen.li,UP,200,808,,
2026-09-01T22:39:06.688816+00:00,LibGen,LibGen.li,UP,200,581,,
2026-09-01T22:40:07.515665+00:00,LibGen,LibGen.li,UP,200,979,,
2026-09-01T22:41:07.487991+00:00,LibGen,LibGen.li,UP,200,747,,
2026-09-01T22:42:08.142044+00:00,LibGen,LibGen.li,UP,200,660,,
2026-09-01T22:43:08.557399+00:00,LibGen,LibGen.li,UP,200,740,,
2026-09-01T22:44:09.302310+00:00,LibGen,LibGen.li,UP,200,635,,
2026-09-01T22:45:09.532356+00:00,LibGen,LibGen.li,UP,200,722,,
2026-09-01T22:46:10.367475+00:00,LibGen,LibGen.li,UP,200,672,,
2026-09-01T22:47:10.277641+00:00,LibGen,LibGen.li,UP,200,233,,
2026-09-01T22:48:12.138042+00:00,LibGen,LibGen.li,UP,200,1738,,
2026-09-01T22:49:11.894200+00:00,LibGen,LibGen.li,UP,200,784,,
2026-09-01T22:50:12.491691+00:00,LibGen,LibGen.li,UP,200,838,,
2026-09-01T22:51:12.904986+00:00,LibGen,LibGen.li,UP,200,653,,
2026-09-01T22:52:12.999571+00:00,LibGen,LibGen.li,UP,200,785,,
2026-09-01T22:53:13.665462+00:00,LibGen,LibGen.li,UP,200,675,,
2026-09-01T22:54:14.603295+00:00,LibGen,LibGen.li,UP,200,813,,
2026-09-01T22:55:15.047484+00:00,LibGen,LibGen.li,UP,200,651,,
2026-09-01T22:56:15.376099+00:00,LibGen,LibGen.li,UP,200,707,,
2026-09-01T22:57:16.063969+00:00,LibGen,LibGen.li,UP,200,789,,
2026-09-01T22:58:16.801318+00:00,LibGen,LibGen.li,UP,200,689,,
2026-09-01T22:59:17.528323+00:00,LibGen,LibGen.li,UP,200,842,,
2026-09-01T23:00:18.425626+00:00,LibGen,LibGen.li,UP,200,995,,
2026-09-01T23:01:17.906630+00:00,LibGen,LibGen.li,UP,200,639,,
2026-09-01T23:02:18.672625+00:00,LibGen,LibGen.li,UP,200,686,,
2026-09-01T23:03:19.299054+00:00,LibGen,LibGen.li,UP,200,769,,
2026-09-01T23:04:20.030102+00:00,LibGen,LibGen.li,UP,200,759,,
2026-09-01T23:05:20.794904+00:00,LibGen,LibGen.li,UP,200,792,,
2026-09-01T23:06:21.420937+00:00,LibGen,LibGen.li,UP,200,620,,
2026-09-01T23:07:21.825406+00:00,LibGen,LibGen.li,UP,200,554,,
2026-09-01T23:08:25.375353+00:00,LibGen,LibGen.li,DEGRADED,200,3684,latency_high,
2026-09-01T23:09:22.891164+00:00,LibGen,LibGen.li,UP,200,711,,
2026-09-01T23:10:23.571592+00:00,LibGen,LibGen.li,UP,200,769,,
2026-09-01T23:11:24.280405+00:00,LibGen,LibGen.li,UP,200,745,,
2026-09-01T23:12:24.902541+00:00,LibGen,LibGen.li,UP,200,814,,
2026-09-01T23:13:25.301971+00:00,LibGen,LibGen.li,UP,200,730,,
2026-09-01T23:14:25.941049+00:00,LibGen,LibGen.li,UP,200,658,,
2026-09-01T23:15:27.026462+00:00,LibGen,LibGen.li,UP,200,829,,
2026-09-01T23:16:27.323899+00:00,LibGen,LibGen.li,UP,200,688,,
2026-09-01T23:17:28.057872+00:00,LibGen,LibGen.li,UP,200,753,,
2026-09-01T23:18:29.056457+00:00,LibGen,LibGen.li,UP,200,895,,
2026-09-01T23:19:29.362761+00:00,LibGen,LibGen.li,UP,200,1062,,
2026-09-01T23:20:29.335373+00:00,LibGen,LibGen.li,UP,200,755,,
2026-09-01T23:21:29.694828+00:00,LibGen,LibGen.li,UP,200,658,,
2026-09-01T23:22:30.642137+00:00,LibGen,LibGen.li,UP,200,880,,
2026-09-01T23:23:30.549836+00:00,LibGen,LibGen.li,UP,200,748,,
2026-09-01T23:24:30.790433+00:00,LibGen,LibGen.li,UP,200,252,,
2026-09-01T23:25:31.543156+00:00,LibGen,LibGen.li,UP,200,782,,
2026-09-01T23:26:32.550502+00:00,LibGen,LibGen.li,UP,200,757,,
2026-09-01T23:27:32.769556+00:00,LibGen,LibGen.li,UP,200,588,,
2026-09-01T23:28:32.983938+00:00,LibGen,LibGen.li,UP,200,794,,
2026-09-01T23:29:33.243932+00:00,LibGen,LibGen.li,UP,200,621,,
2026-09-01T23:30:34.054975+00:00,LibGen,LibGen.li,UP,200,706,,
2026-09-01T23:31:34.777970+00:00,LibGen,LibGen.li,UP,200,762,,
2026-09-01T23:32:35.287466+00:00,LibGen,LibGen.li,UP,200,718,,
2026-09-01T23:33:35.803499+00:00,LibGen,LibGen.li,UP,200,728,,
2026-09-01T23:34:36.885563+00:00,LibGen,LibGen.li,UP,200,695,,
2026-09-01T23:35:36.611532+00:00,LibGen,LibGen.li,UP,200,240,,
2026-09-01T23:36:38.030075+00:00,LibGen,LibGen.li,UP,200,1091,,
2026-09-01T23:37:38.949582+00:00,LibGen,LibGen.li,UP,200,989,,
2026-09-01T23:38:39.132841+00:00,LibGen,LibGen.li,UP,200,687,,
2026-09-01T23:39:39.043445+00:00,LibGen,LibGen.li,UP,200,247,,
2026-09-01T23:41:00.281415+00:00,LibGen,LibGen.li,DOWN,,,connection_refused,
2026-09-01T23:41:40.756398+00:00,LibGen,LibGen.li,UP,200,837,,
2026-09-01T23:42:41.078941+00:00,LibGen,LibGen.li,UP,200,761,,
2026-09-01T23:43:42.172808+00:00,LibGen,LibGen.li,UP,200,1464,,
2026-09-01T23:44:41.665361+00:00,LibGen,LibGen.li,UP,200,698,,
2026-09-01T23:45:42.625154+00:00,LibGen,LibGen.li,UP,200,638,,
2026-09-01T23:46:42.890003+00:00,LibGen,LibGen.li,UP,200,858,,
2026-09-01T23:47:43.741459+00:00,LibGen,LibGen.li,UP,200,693,,
2026-09-01T23:48:44.846997+00:00,LibGen,LibGen.li,UP,200,990,,
2026-09-01T23:49:46.295240+00:00,LibGen,LibGen.li,UP,200,655,,
2026-09-01T23:50:46.065710+00:00,LibGen,LibGen.li,UP,200,665,,
2026-09-01T23:51:46.695545+00:00,LibGen,LibGen.li,UP,200,730,,
2026-09-01T23:52:47.407583+00:00,LibGen,LibGen.li,UP,200,993,,
2026-09-01T23:53:50.453387+00:00,LibGen,LibGen.li,UP,200,1018,,
2026-09-01T23:54:48.708810+00:00,LibGen,LibGen.li,UP,200,998,,
2026-09-01T23:56:08.433728+00:00,LibGen,LibGen.li,DOWN,,,connection_refused,
2026-09-01T23:56:48.739646+00:00,LibGen,LibGen.li,UP,200,764,,
2026-09-01T23:57:49.796661+00:00,LibGen,LibGen.li,UP,200,720,,
2026-09-01T23:58:49.996923+00:00,LibGen,LibGen.li,UP,200,717,,
2026-09-01T23:59:50.152503+00:00,LibGen,LibGen.li,UP,200,609,,
2026-09-02T00:00:49.997989+00:00,LibGen,LibGen.li,DOWN,,,connection_refused,
2026-09-02T00:01:50.810866+00:00,LibGen,LibGen.li,UP,200,771,,
2026-09-02T00:02:51.540182+00:00,LibGen,LibGen.li,UP,200,803,,
2026-09-02T00:03:52.375207+00:00,LibGen,LibGen.li,UP,200,791,,
2026-09-02T00:04:52.359070+00:00,LibGen,LibGen.li,UP,200,697,,
2026-09-02T00:05:52.960971+00:00,LibGen,LibGen.li,UP,200,575,,
2026-09-02T00:06:54.256513+00:00,LibGen,LibGen.li,UP,200,697,,
2026-09-02T00:07:54.337540+00:00,LibGen,LibGen.li,UP,200,656,,
2026-09-02T00:08:56.396842+00:00,LibGen,LibGen.li,UP,200,822,,
2026-09-02T00:09:56.107263+00:00,LibGen,LibGen.li,UP,200,728,,
2026-09-02T00:10:56.962130+00:00,LibGen,LibGen.li,UP,200,1109,,
2026-09-02T00:11:57.633491+00:00,LibGen,LibGen.li,UP,200,852,,
2026-09-02T00:12:58.010830+00:00,LibGen,LibGen.li,UP,200,710,,
2026-09-02T00:13:59.210328+00:00,LibGen,LibGen.li,UP,200,1130,,
2026-09-02T00:14:59.046190+00:00,LibGen,LibGen.li,UP,200,826,,
2026-09-02T00:15:59.434045+00:00,LibGen,LibGen.li,UP,200,952,,
2026-09-02T00:17:00.625811+00:00,LibGen,LibGen.li,UP,200,679,,
2026-09-02T00:18:00.319211+00:00,LibGen,LibGen.li,UP,200,703,,
2026-09-02T00:19:21.311200+00:00,LibGen,LibGen.li,DOWN,,,connection_refused,
2026-09-02T00:20:01.960717+00:00,LibGen,LibGen.li,UP,200,926,,
2026-09-02T00:21:02.365975+00:00,LibGen,LibGen.li,UP,200,971,,
2026-09-02T00:22:03.085754+00:00,LibGen,LibGen.li,UP,200,913,,
2026-09-02T00:23:04.546046+00:00,LibGen,LibGen.li,UP,200,1091,,
2026-09-02T00:24:04.112010+00:00,LibGen,LibGen.li,UP,200,780,,
2026-09-02T00:25:05.743604+00:00,LibGen,LibGen.li,UP,200,756,,
2026-09-02T00:26:04.888515+00:00,LibGen,LibGen.li,UP,200,706,,
2026-09-02T00:27:05.639041+00:00,LibGen,LibGen.li,UP,200,687,,
2026-09-02T00:28:06.507826+00:00,LibGen,LibGen.li,UP,200,693,,
2026-09-02T00:29:08.166431+00:00,LibGen,LibGen.li,UP,200,839,,
2026-09-02T00:30:07.787886+00:00,LibGen,LibGen.li,UP,200,1063,,
2026-09-02T00:31:08.858540+00:00,LibGen,LibGen.li,UP,200,757,,
2026-09-02T00:32:09.339768+00:00,LibGen,LibGen.li,UP,200,764,,
2026-09-02T00:33:12.693058+00:00,LibGen,LibGen.li,UP,200,2857,,
2026-09-02T00:34:10.941863+00:00,LibGen,LibGen.li,UP,200,840,,
2026-09-02T00:35:11.433521+00:00,LibGen,LibGen.li,UP,200,749,,
2026-09-02T00:36:12.610545+00:00,LibGen,LibGen.li,UP,200,713,,
2026-09-02T00:37:13.397073+00:00,LibGen,LibGen.li,UP,200,685,,
2026-09-02T00:38:13.509959+00:00,LibGen,LibGen.li,UP,200,628,,
2026-09-02T00:39:14.370983+00:00,LibGen,LibGen.li,UP,200,750,,
2026-09-02T00:40:15.645524+00:00,LibGen,LibGen.li,UP,200,852,,
2026-09-02T00:41:15.839664+00:00,LibGen,LibGen.li,UP,200,747,,
2026-09-02T00:42:16.598191+00:00,LibGen,LibGen.li,UP,200,733,,
2026-09-02T00:43:17.340207+00:00,LibGen,LibGen.li,UP,200,732,,
2026-09-02T00:44:18.110009+00:00,LibGen,LibGen.li,UP,200,641,,
2026-09-02T00:45:18.655838+00:00,LibGen,LibGen.li,UP,200,829,,
2026-09-02T00:46:19.321207+00:00,LibGen,LibGen.li,UP,200,710,,
2026-09-02T00:47:20.995390+00:00,LibGen,LibGen.li,UP,200,1712,,
2026-09-02T00:48:20.878521+00:00,LibGen,LibGen.li,UP,200,900,,
2026-09-02T00:49:22.389624+00:00,LibGen,LibGen.li,UP,200,657,,
2026-09-02T00:50:21.399785+00:00,LibGen,LibGen.li,UP,200,245,,
2026-09-02T00:51:22.990452+00:00,LibGen,LibGen.li,UP,200,1040,,
2026-09-02T00:52:24.752188+00:00,LibGen,LibGen.li,UP,200,964,,
2026-09-02T00:53:23.793525+00:00,LibGen,LibGen.li,UP,200,613,,
2026-09-02T00:54:24.180869+00:00,LibGen,LibGen.li,UP,200,637,,
2026-09-02T00:55:25.033979+00:00,LibGen,LibGen.li,UP,200,732,,
2026-09-02T00:56:25.331957+00:00,LibGen,LibGen.li,UP,200,736,,
2026-09-02T00:57:26.617185+00:00,LibGen,LibGen.li,UP,200,557,,
2026-09-02T00:58:26.285908+00:00,LibGen,LibGen.li,UP,200,727,,
2026-09-02T00:59:27.552903+00:00,LibGen,LibGen.li,UP,200,1140,,
2026-09-02T01:00:28.333051+00:00,LibGen,LibGen.li,UP,200,1156,,
2026-09-02T01:01:29.601611+00:00,LibGen,LibGen.li,UP,200,1735,,
2026-09-02T01:02:30.640054+00:00,LibGen,LibGen.li,UP,200,1027,,
2026-09-02T01:03:29.442155+00:00,LibGen,LibGen.li,UP,200,675,,
2026-09-02T01:04:30.046598+00:00,LibGen,LibGen.li,UP,200,826,,
2026-09-02T01:05:31.746081+00:00,LibGen,LibGen.li,UP,200,683,,
2026-09-02T01:06:32.504477+00:00,LibGen,LibGen.li,UP,200,697,,
2026-09-02T01:07:33.155570+00:00,LibGen,LibGen.li,UP,200,681,,
2026-09-02T01:08:34.328062+00:00,LibGen,LibGen.li,UP,200,672,,
2026-09-02T01:09:34.779532+00:00,LibGen,LibGen.li,UP,200,229,,
2026-09-02T01:10:36.057416+00:00,LibGen,LibGen.li,UP,200,1732,,
2026-09-02T01:11:35.596550+00:00,LibGen,LibGen.li,UP,200,822,,
2026-09-02T01:12:36.498650+00:00,LibGen,LibGen.li,UP,200,738,,
2026-09-02T01:13:36.847404+00:00,LibGen,LibGen.li,UP,200,599,,
2026-09-02T01:14:37.659876+00:00,LibGen,LibGen.li,UP,200,711,,
2026-09-02T01:15:37.374026+00:00,LibGen,LibGen.li,UP,200,415,,
2026-09-02T01:16:38.396561+00:00,LibGen,LibGen.li,UP,200,658,,
2026-09-02T01:17:39.557912+00:00,LibGen,LibGen.li,UP,200,710,,
2026-09-02T01:18:39.683485+00:00,LibGen,LibGen.li,UP,200,667,,
2026-09-02T01:19:40.064994+00:00,LibGen,LibGen.li,UP,200,682,,
2026-09-02T01:20:42.828510+00:00,LibGen,LibGen.li,UP,200,852,,
2026-09-02T01:21:43.034356+00:00,LibGen,LibGen.li,UP,200,2834,,
2026-09-02T01:22:42.248045+00:00,LibGen,LibGen.li,UP,200,611,,
2026-09-02T01:23:42.243487+00:00,LibGen,LibGen.li,UP,200,935,,
2026-09-02T01:24:42.204797+00:00,LibGen,LibGen.li,DOWN,,,connection_refused,
2026-09-02T01:25:44.059205+00:00,LibGen,LibGen.li,UP,200,774,,
2026-09-02T01:26:44.494688+00:00,LibGen,LibGen.li,UP,200,709,,
2026-09-02T01:27:45.216144+00:00,LibGen,LibGen.li,UP,200,755,,
2026-09-02T01:28:45.361546+00:00,LibGen,LibGen.li,UP,200,615,,
2026-09-02T01:30:05.959425+00:00,LibGen,LibGen.li,DOWN,,,connection_refused,
2026-09-02T01:30:46.848210+00:00,LibGen,LibGen.li,UP,200,719,,
2026-09-02T01:31:47.663261+00:00,LibGen,LibGen.li,UP,200,728,,
2026-09-02T01:32:48.349192+00:00,LibGen,LibGen.li,UP,200,672,,
2026-09-02T01:33:49.380974+00:00,LibGen,LibGen.li,UP,200,1084,,
2026-09-02T01:34:49.633003+00:00,LibGen,LibGen.li,UP,200,1032,,
2026-09-02T01:35:50.121143+00:00,LibGen,LibGen.li,UP,200,815,,
2026-09-02T01:36:50.479033+00:00,LibGen,LibGen.li,UP,200,946,,
2026-09-02T01:37:50.834902+00:00,LibGen,LibGen.li,UP,200,748,,
2026-09-02T01:38:51.199621+00:00,LibGen,LibGen.li,UP,200,538,,
2026-09-02T01:39:52.350996+00:00,LibGen,LibGen.li,UP,200,770,,
2026-09-02T01:40:53.264882+00:00,LibGen,LibGen.li,UP,200,820,,
2026-09-02T01:41:54.440009+00:00,LibGen,LibGen.li,UP,200,1080,,
2026-09-02T01:42:54.835070+00:00,LibGen,LibGen.li,UP,200,643,,
2026-09-02T01:43:55.298985+00:00,LibGen,LibGen.li,UP,200,670,,
2026-09-02T01:44:55.555827+00:00,LibGen,LibGen.li,UP,200,244,,
2026-09-02T01:45:56.459725+00:00,LibGen,LibGen.li,UP,200,772,,
2026-09-02T01:47:19.954766+00:00,LibGen,LibGen.li,DOWN,,,connection_refused,
2026-09-02T01:47:57.836570+00:00,LibGen,LibGen.li,UP,200,716,,
2026-09-02T01:48:57.490165+00:00,LibGen,LibGen.li,UP,200,764,,
2026-09-02T01:49:58.250523+00:00,LibGen,LibGen.li,UP,200,888,,
2026-09-02T01:50:58.965158+00:00,LibGen,LibGen.li,UP,200,632,,
2026-09-02T01:52:00.213733+00:00,LibGen,LibGen.li,UP,200,740,,
2026-09-02T01:53:00.975951+00:00,LibGen,LibGen.li,UP,200,1009,,
2026-09-02T01:54:01.728759+00:00,LibGen,LibGen.li,UP,200,775,,
2026-09-02T01:55:23.039885+00:00,LibGen,LibGen.li,DOWN,,,connection_refused,
2026-09-02T01:56:02.907513+00:00,LibGen,LibGen.li,UP,200,796,,
2026-09-02T01:57:03.713136+00:00,LibGen,LibGen.li,UP,200,788,,
2026-09-02T01:58:03.879997+00:00,LibGen,LibGen.li,UP,200,652,,
2026-09-02T01:59:04.553868+00:00,LibGen,LibGen.li,UP,200,719,,
2026-09-02T02:00:05.440048+00:00,LibGen,LibGen.li,UP,200,1051,,
2026-09-02T02:01:06.529134+00:00,LibGen,LibGen.li,UP,200,784,,
2026-09-02T02:02:26.275065+00:00,LibGen,LibGen.li,DOWN,,,connection_refused,
2026-09-02T02:03:07.978202+00:00,LibGen,LibGen.li,UP,200,676,,
2026-09-02T02:04:07.994875+00:00,LibGen,LibGen.li,UP,200,642,,
2026-09-02T02:05:09.310687+00:00,LibGen,LibGen.li,UP,200,803,,
2026-09-02T02:06:09.763456+00:00,LibGen,LibGen.li,UP,200,759,,
2026-09-02T02:07:10.095685+00:00,LibGen,LibGen.li,UP,200,669,,
2026-09-02T02:08:10.671509+00:00,LibGen,LibGen.li,UP,200,554,,
2026-09-02T02:09:11.267478+00:00,LibGen,LibGen.li,UP,200,1028,,
2026-09-02T02:10:11.528849+00:00,LibGen,LibGen.li,UP,200,691,,
2026-09-02T02:11:12.434054+00:00,LibGen,LibGen.li,UP,200,770,,
2026-09-02T02:12:12.867207+00:00,LibGen,LibGen.li,UP,200,670,,
2026-09-02T02:13:13.912423+00:00,LibGen,LibGen.li,UP,200,774,,
2026-09-02T02:14:14.179803+00:00,LibGen,LibGen.li,UP,200,836,,
2026-09-02T02:15:15.482917+00:00,LibGen,LibGen.li,UP,200,899,,
2026-09-02T02:16:15.169803+00:00,LibGen,LibGen.li,UP,200,746,,
2026-09-02T02:17:15.899539+00:00,LibGen,LibGen.li,UP,200,815,,
2026-09-02T02:18:16.590581+00:00,LibGen,LibGen.li,UP,200,689,,
2026-09-02T02:19:18.056086+00:00,LibGen,LibGen.li,UP,200,1242,,
2026-09-02T02:20:18.616460+00:00,LibGen,LibGen.li,UP,200,968,,
2026-09-02T02:21:19.382561+00:00,LibGen,LibGen.li,UP,200,1048,,
2026-09-02T02:22:19.967086+00:00,LibGen,LibGen.li,UP,200,879,,
2026-09-02T02:23:20.226874+00:00,LibGen,LibGen.li,UP,200,734,,
2026-09-02T02:24:19.829423+00:00,LibGen,LibGen.li,UP,200,243,,
2026-09-02T02:25:21.522568+00:00,LibGen,LibGen.li,UP,200,962,,
2026-09-02T02:26:22.473360+00:00,LibGen,LibGen.li,UP,200,647,,
2026-09-02T02:27:22.302047+00:00,LibGen,LibGen.li,UP,200,754,,
2026-09-02T02:28:22.859712+00:00,LibGen,LibGen.li,UP,200,708,,
2026-09-02T02:29:23.685308+00:00,LibGen,LibGen.li,UP,200,841,,
2026-09-02T02:30:24.640726+00:00,LibGen,LibGen.li,UP,200,955,,
2026-09-02T02:31:24.906150+00:00,LibGen,LibGen.li,UP,200,1049,,
2026-09-02T02:32:24.959505+00:00,LibGen,LibGen.li,UP,200,765,,
2026-09-02T02:33:25.576917+00:00,LibGen,LibGen.li,UP,200,632,,
2026-09-02T02:34:26.391195+00:00,LibGen,LibGen.li,UP,200,713,,
2026-09-02T02:35:26.302517+00:00,LibGen,LibGen.li,UP,200,238,,
2026-09-02T02:36:27.534521+00:00,LibGen,LibGen.li,UP,200,859,,
2026-09-02T02:37:28.411008+00:00,LibGen,LibGen.li,UP,200,767,,
2026-09-02T02:38:29.250799+00:00,LibGen,LibGen.li,UP,200,557,,
2026-09-02T02:39:28.819780+00:00,LibGen,LibGen.li,UP,200,717,,
2026-09-02T02:40:28.871639+00:00,LibGen,LibGen.li,UP,200,702,,
2026-09-02T02:41:29.561972+00:00,LibGen,LibGen.li,UP,200,642,,
2026-09-02T02:42:31.414972+00:00,LibGen,LibGen.li,UP,200,699,,
2026-09-02T02:43:31.298132+00:00,LibGen,LibGen.li,UP,200,912,,
2026-09-02T02:44:31.745565+00:00,LibGen,LibGen.li,UP,200,657,,
2026-09-02T02:45:32.605145+00:00,LibGen,LibGen.li,UP,200,706,,
2026-09-02T02:46:33.361569+00:00,LibGen,LibGen.li,UP,200,761,,
2026-09-02T02:47:34.139579+00:00,LibGen,LibGen.li,UP,200,751,,
2026-09-02T02:48:34.324813+00:00,LibGen,LibGen.li,UP,200,654,,
2026-09-02T02:49:34.330636+00:00,LibGen,LibGen.li,UP,200,632,,
2026-09-02T02:50:35.478651+00:00,LibGen,LibGen.li,UP,200,702,,
2026-09-02T02:51:36.628045+00:00,LibGen,LibGen.li,UP,200,681,,
2026-09-02T02:52:36.582141+00:00,LibGen,LibGen.li,UP,200,647,,
2026-09-02T02:53:37.009701+00:00,LibGen,LibGen.li,UP,200,696,,
2026-09-02T02:54:38.106839+00:00,LibGen,LibGen.li,UP,200,816,,
2026-09-02T02:55:38.780234+00:00,LibGen,LibGen.li,UP,200,664,,
2026-09-02T02:56:39.140565+00:00,LibGen,LibGen.li,UP,200,775,,
2026-09-02T02:57:40.244175+00:00,LibGen,LibGen.li,UP,200,997,,
2026-09-02T02:58:39.764512+00:00,LibGen,LibGen.li,UP,200,223,,
2026-09-02T02:59:41.132388+00:00,LibGen,LibGen.li,UP,200,705,,
2026-09-02T03:01:01.538900+00:00,LibGen,LibGen.li,DOWN,,,connection_refused,
2026-09-02T03:01:42.443163+00:00,LibGen,LibGen.li,UP,200,848,,
2026-09-02T03:02:42.944699+00:00,LibGen,LibGen.li,UP,200,679,,
2026-09-02T03:03:44.589865+00:00,LibGen,LibGen.li,UP,200,719,,
2026-09-02T03:04:43.541980+00:00,LibGen,LibGen.li,UP,200,787,,
2026-09-02T03:05:44.519981+00:00,LibGen,LibGen.li,UP,200,1003,,
2026-09-02T03:06:45.050046+00:00,LibGen,LibGen.li,UP,200,656,,
2026-09-02T03:07:46.298328+00:00,LibGen,LibGen.li,UP,200,765,,
2026-09-02T03:08:47.195360+00:00,LibGen,LibGen.li,UP,200,676,,
2026-09-02T03:09:47.421414+00:00,LibGen,LibGen.li,UP,200,665,,
2026-09-02T03:10:48.473613+00:00,LibGen,LibGen.li,UP,200,1101,,
2026-09-02T03:11:47.929168+00:00,LibGen,LibGen.li,UP,200,637,,
2026-09-02T03:12:47.795984+00:00,LibGen,LibGen.li,DOWN,,,connection_refused,
2026-09-02T03:13:49.186154+00:00,LibGen,LibGen.li,UP,200,752,,
2026-09-02T03:14:49.309321+00:00,LibGen,LibGen.li,UP,200,683,,
2026-09-02T03:15:49.970443+00:00,LibGen,LibGen.li,UP,200,745,,
2026-09-02T03:16:50.671116+00:00,LibGen,LibGen.li,UP,200,694,,
2026-09-02T03:17:51.854985+00:00,LibGen,LibGen.li,UP,200,715,,
2026-09-02T03:18:52.263194+00:00,LibGen,LibGen.li,UP,200,784,,
2026-09-02T03:19:52.649059+00:00,LibGen,LibGen.li,UP,200,690,,
2026-09-02T03:20:54.002522+00:00,LibGen,LibGen.li,UP,200,845,,
2026-09-02T03:21:54.086114+00:00,LibGen,LibGen.li,UP,200,638,,
2026-09-02T03:22:55.875505+00:00,LibGen,LibGen.li,UP,200,704,,
2026-09-02T03:23:55.155271+00:00,LibGen,LibGen.li,UP,200,235,,
2026-09-02T03:24:55.486433+00:00,LibGen,LibGen.li,UP,200,550,,
2026-09-02T03:25:56.260818+00:00,LibGen,LibGen.li,UP,200,736,,
2026-09-02T03:26:57.120526+00:00,LibGen,LibGen.li,UP,200,587,,
2026-09-02T03:27:57.811315+00:00,LibGen,LibGen.li,UP,200,1058,,
2026-09-02T03:28:57.460404+00:00,LibGen,LibGen.li,UP,200,220,,
2026-09-02T03:30:01.833710+00:00,LibGen,LibGen.li,DEGRADED,200,3726,latency_high,
2026-09-02T03:30:59.987195+00:00,LibGen,LibGen.li,UP,200,961,,
2026-09-02T03:32:00.824419+00:00,LibGen,LibGen.li,UP,200,816,,
2026-09-02T03:33:01.311408+00:00,LibGen,LibGen.li,UP,200,681,,
2026-09-02T03:34:02.522584+00:00,LibGen,LibGen.li,UP,200,1000,,
2026-09-02T03:35:03.380981+00:00,LibGen,LibGen.li,UP,200,833,,
2026-09-02T03:36:04.391647+00:00,LibGen,LibGen.li,UP,200,797,,
2026-09-02T03:37:04.842174+00:00,LibGen,LibGen.li,UP,200,673,,
2026-09-02T03:38:05.163299+00:00,LibGen,LibGen.li,UP,200,673,,
2026-09-02T03:39:05.451875+00:00,LibGen,LibGen.li,UP,200,659,,
2026-09-02T03:40:06.489137+00:00,LibGen,LibGen.li,UP,200,808,,
2026-09-02T03:41:07.362542+00:00,LibGen,LibGen.li,UP,200,832,,
2026-09-02T03:42:08.143672+00:00,LibGen,LibGen.li,UP,200,778,,
2026-09-02T03:43:08.503239+00:00,LibGen,LibGen.li,UP,200,687,,
2026-09-02T03:44:08.984248+00:00,LibGen,LibGen.li,UP,200,637,,
2026-09-02T03:45:10.368937+00:00,LibGen,LibGen.li,UP,200,1002,,
2026-09-02T03:46:10.172569+00:00,LibGen,LibGen.li,UP,200,736,,
2026-09-02T03:47:10.730188+00:00,LibGen,LibGen.li,UP,200,657,,
2026-09-02T03:48:11.045731+00:00,LibGen,LibGen.li,UP,200,669,,
2026-09-02T03:49:11.038667+00:00,LibGen,LibGen.li,UP,200,659,,
2026-09-02T03:50:11.771367+00:00,LibGen,LibGen.li,UP,200,720,,
2026-09-02T03:51:12.524885+00:00,LibGen,LibGen.li,UP,200,762,,
2026-09-02T03:52:13.187873+00:00,LibGen,LibGen.li,UP,200,975,,
2026-09-02T03:53:13.143097+00:00,LibGen,LibGen.li,UP,200,605,,
2026-09-02T03:54:14.646545+00:00,LibGen,LibGen.li,UP,200,763,,
2026-09-02T03:55:35.796070+00:00,LibGen,LibGen.li,DOWN,,,connection_refused,
2026-09-02T03:56:16.694565+00:00,LibGen,LibGen.li,UP,200,831,,
2026-09-02T03:57:16.791173+00:00,LibGen,LibGen.li,UP,200,639,,
2026-09-02T03:58:16.994401+00:00,LibGen,LibGen.li,UP,200,528,,
2026-09-02T03:59:17.531513+00:00,LibGen,LibGen.li,UP,200,686,,
2026-09-02T04:00:18.130997+00:00,LibGen,LibGen.li,UP,200,777,,
2026-09-02T04:01:19.096893+00:00,LibGen,LibGen.li,UP,200,679,,
2026-09-02T04:02:19.533617+00:00,LibGen,LibGen.li,UP,200,789,,
2026-09-02T04:03:20.749566+00:00,LibGen,LibGen.li,UP,200,745,,
2026-09-02T04:04:20.609409+00:00,LibGen,LibGen.li,UP,200,575,,
2026-09-02T04:05:20.788887+00:00,LibGen,LibGen.li,UP,200,763,,
2026-09-02T04:06:21.265594+00:00,LibGen,LibGen.li,UP,200,658,,
2026-09-02T04:07:21.946199+00:00,LibGen,LibGen.li,UP,200,646,,
2026-09-02T04:08:22.381878+00:00,LibGen,LibGen.li,UP,200,234,,
2026-09-02T04:09:25.249926+00:00,LibGen,LibGen.li,UP,200,714,,
2026-09-02T04:10:24.218598+00:00,LibGen,LibGen.li,UP,200,717,,
2026-09-02T04:11:24.990839+00:00,LibGen,LibGen.li,UP,200,710,,
2026-09-02T04:12:26.129948+00:00,LibGen,LibGen.li,UP,200,1025,,
2026-09-02T04:13:25.654080+00:00,LibGen,LibGen.li,UP,200,736,,
2026-09-02T04:14:26.553108+00:00,LibGen,LibGen.li,UP,200,682,,
2026-09-02T04:15:28.119256+00:00,LibGen,LibGen.li,UP,200,737,,
2026-09-02T04:16:28.153124+00:00,LibGen,LibGen.li,UP,200,783,,
2026-09-02T04:17:31.508560+00:00,LibGen,LibGen.li,DEGRADED,200,3809,latency_high,
2026-09-02T04:18:29.703700+00:00,LibGen,LibGen.li,UP,200,763,,
2026-09-02T04:19:29.616545+00:00,LibGen,LibGen.li,UP,200,240,,
2026-09-02T04:20:30.608025+00:00,LibGen,LibGen.li,UP,200,812,,
2026-09-02T04:21:31.651531+00:00,LibGen,LibGen.li,UP,200,1008,,
2026-09-02T04:22:31.477839+00:00,LibGen,LibGen.li,UP,200,738,,
2026-09-02T04:23:32.156541+00:00,LibGen,LibGen.li,DOWN,500,742,http_error,
2026-09-02T04:24:33.661087+00:00,LibGen,LibGen.li,UP,200,653,,
2026-09-02T04:25:33.122568+00:00,LibGen,LibGen.li,UP,200,664,,
2026-09-02T04:26:33.912373+00:00,LibGen,LibGen.li,UP,200,602,,
2026-09-02T04:27:34.275835+00:00,LibGen,LibGen.li,UP,200,706,,
2026-09-02T04:28:35.606597+00:00,LibGen,LibGen.li,UP,200,673,,
2026-09-02T04:29:36.240151+00:00,LibGen,LibGen.li,UP,200,825,,
2026-09-02T04:30:36.776677+00:00,LibGen,LibGen.li,UP,200,769,,
2026-09-02T04:31:36.226658+00:00,LibGen,LibGen.li,UP,200,730,,
2026-09-02T04:32:37.188577+00:00,LibGen,LibGen.li,UP,200,716,,
2026-09-02T04:33:38.047952+00:00,LibGen,LibGen.li,UP,200,663,,
2026-09-02T04:34:38.857310+00:00,LibGen,LibGen.li,UP,200,649,,
2026-09-02T04:35:38.941247+00:00,LibGen,LibGen.li,UP,200,729,,
2026-09-02T04:36:40.054005+00:00,LibGen,LibGen.li,UP,200,770,,
2026-09-02T04:37:41.881248+00:00,LibGen,LibGen.li,UP,200,644,,
2026-09-02T04:38:40.639133+00:00,LibGen,LibGen.li,UP,200,672,,
2026-09-02T04:40:01.219374+00:00,LibGen,LibGen.li,DOWN,,,connection_refused,
2026-09-02T04:40:42.646190+00:00,LibGen,LibGen.li,UP,200,1022,,
2026-09-02T04:41:43.319739+00:00,LibGen,LibGen.li,UP,200,786,,
2026-09-02T04:42:42.748891+00:00,LibGen,LibGen.li,UP,200,721,,
2026-09-02T04:43:44.174448+00:00,LibGen,LibGen.li,UP,200,770,,
2026-09-02T04:44:43.257037+00:00,LibGen,LibGen.li,UP,200,276,,
2026-09-02T04:45:44.378390+00:00,LibGen,LibGen.li,UP,200,634,,
2026-09-02T04:46:45.020837+00:00,LibGen,LibGen.li,UP,200,769,,
2026-09-02T04:47:45.802231+00:00,LibGen,LibGen.li,DOWN,500,665,http_error,
2026-09-02T04:48:46.603029+00:00,LibGen,LibGen.li,DOWN,500,733,http_error,
2026-09-02T04:49:47.370698+00:00,LibGen,LibGen.li,DOWN,500,620,http_error,
2026-09-02T04:50:48.488630+00:00,LibGen,LibGen.li,UP,200,693,,
2026-09-02T04:51:48.568062+00:00,LibGen,LibGen.li,UP,200,289,,
2026-09-02T04:52:50.759471+00:00,LibGen,LibGen.li,UP,200,678,,
2026-09-02T04:53:50.906626+00:00,LibGen,LibGen.li,UP,200,815,,
2026-09-02T04:54:51.760488+00:00,LibGen,LibGen.li,UP,200,746,,
2026-09-02T04:55:51.934050+00:00,LibGen,LibGen.li,UP,200,823,,
2026-09-02T04:56:53.512761+00:00,LibGen,LibGen.li,UP,200,715,,
2026-09-02T04:57:59.321959+00:00,LibGen,LibGen.li,DEGRADED,200,5411,latency_high,
2026-09-02T04:58:54.721846+00:00,LibGen,LibGen.li,UP,200,694,,
2026-09-02T04:59:55.069031+00:00,LibGen,LibGen.li,UP,200,733,,
2026-09-02T05:01:15.808260+00:00,LibGen,LibGen.li,DOWN,,,connection_refused,
2026-09-02T05:02:16.117103+00:00,LibGen,LibGen.li,DOWN,,,connection_refused,
2026-09-02T05:02:57.507034+00:00,LibGen,LibGen.li,UP,200,634,,
2026-09-02T05:03:57.477540+00:00,LibGen,LibGen.li,UP,200,854,,
2026-09-02T05:04:58.457910+00:00,LibGen,LibGen.li,UP,200,732,,
2026-09-02T05:05:58.364385+00:00,LibGen,LibGen.li,UP,200,596,,
2026-09-02T05:07:24.042655+00:00,LibGen,LibGen.li,DOWN,,,connection_refused,
2026-09-02T05:07:59.424579+00:00,LibGen,LibGen.li,UP,200,828,,
2026-09-02T05:09:01.260125+00:00,LibGen,LibGen.li,UP,200,1505,,
2026-09-02T05:10:00.313859+00:00,LibGen,LibGen.li,UP,200,596,,
2026-09-02T05:11:03.277942+00:00,LibGen,LibGen.li,UP,200,809,,
2026-09-02T05:12:03.142198+00:00,LibGen,LibGen.li,UP,200,725,,
2026-09-02T05:13:02.501056+00:00,LibGen,LibGen.li,UP,200,850,,
2026-09-02T05:14:11.601938+00:00,LibGen,LibGen.li,DEGRADED,200,9248,latency_high,
2026-09-02T05:15:04.049408+00:00,LibGen,LibGen.li,UP,200,1022,,
2026-09-02T05:16:04.295865+00:00,LibGen,LibGen.li,UP,200,601,,
2026-09-02T05:17:05.776883+00:00,LibGen,LibGen.li,UP,200,602,,
2026-09-02T05:18:05.435020+00:00,LibGen,LibGen.li,UP,200,733,,
2026-09-02T05:19:06.318429+00:00,LibGen,LibGen.li,UP,200,688,,
2026-09-02T05:20:07.514364+00:00,LibGen,LibGen.li,UP,200,826,,
2026-09-02T05:21:08.201189+00:00,LibGen,LibGen.li,UP,200,781,,
2026-09-02T05:22:09.408500+00:00,LibGen,LibGen.li,UP,200,1072,,
2026-09-02T05:23:10.035899+00:00,LibGen,LibGen.li,UP,200,943,,
2026-09-02T05:24:10.555670+00:00,LibGen,LibGen.li,UP,200,813,,
2026-09-02T05:25:10.806251+00:00,LibGen,LibGen.li,UP,200,653,,
2026-09-02T05:26:10.873471+00:00,LibGen,LibGen.li,UP,200,229,,
2026-09-02T05:27:12.308950+00:00,LibGen,LibGen.li,UP,200,751,,
2026-09-02T05:28:12.698671+00:00,LibGen,LibGen.li,UP,200,677,,
2026-09-02T05:29:12.854771+00:00,LibGen,LibGen.li,UP,200,665,,
2026-09-02T05:30:14.176573+00:00,LibGen,LibGen.li,UP,200,1165,,
2026-09-02T05:31:14.157615+00:00,LibGen,LibGen.li,UP,200,691,,
2026-09-02T05:32:14.753833+00:00,LibGen,LibGen.li,UP,200,898,,
2026-09-02T05:33:36.656079+00:00,LibGen,LibGen.li,DOWN,,,connection_refused,
2026-09-02T05:34:16.185592+00:00,LibGen,LibGen.li,UP,200,609,,
2026-09-02T05:35:17.252863+00:00,LibGen,LibGen.li,UP,200,934,,
2026-09-02T05:36:17.188402+00:00,LibGen,LibGen.li,UP,200,769,,
2026-09-02T05:37:18.052363+00:00,LibGen,LibGen.li,UP,200,820,,
2026-09-02T05:38:18.851542+00:00,LibGen,LibGen.li,UP,200,982,,
2026-09-02T05:39:19.920624+00:00,LibGen,LibGen.li,UP,200,1689,,
2026-09-02T05:40:19.526128+00:00,LibGen,LibGen.li,UP,200,770,,
2026-09-02T05:41:19.921682+00:00,LibGen,LibGen.li,UP,200,712,,
2026-09-02T05:42:20.605655+00:00,LibGen,LibGen.li,UP,200,631,,
2026-09-02T05:43:21.038424+00:00,LibGen,LibGen.li,UP,200,647,,
2026-09-02T05:44:21.494504+00:00,LibGen,LibGen.li,UP,200,617,,
2026-09-02T05:45:22.253747+00:00,LibGen,LibGen.li,UP,200,776,,
2026-09-02T05:46:22.750730+00:00,LibGen,LibGen.li,UP,200,680,,
2026-09-02T05:47:24.181478+00:00,LibGen,LibGen.li,UP,200,955,,
2026-09-02T05:48:24.151808+00:00,LibGen,LibGen.li,UP,200,717,,
2026-09-02T05:49:27.187649+00:00,LibGen,LibGen.li,DEGRADED,200,3690,latency_high,
2026-09-02T05:50:24.981154+00:00,LibGen,LibGen.li,UP,200,840,,
2026-09-02T05:51:25.518146+00:00,LibGen,LibGen.li,UP,200,700,,
2026-09-02T05:52:26.463487+00:00,LibGen,LibGen.li,UP,200,735,,
2026-09-02T05:53:27.679913+00:00,LibGen,LibGen.li,UP,200,1109,,
2026-09-02T05:54:27.318898+00:00,LibGen,LibGen.li,UP,200,240,,
2026-09-02T05:55:48.153173+00:00,LibGen,LibGen.li,DOWN,,,connection_refused,
2026-09-02T05:56:29.050167+00:00,LibGen,LibGen.li,UP,200,680,,
2026-09-02T05:57:29.914366+00:00,LibGen,LibGen.li,UP,200,691,,
2026-09-02T05:58:31.000104+00:00,LibGen,LibGen.li,UP,200,742,,
2026-09-02T05:59:31.260431+00:00,LibGen,LibGen.li,UP,200,744,,
2026-09-02T06:00:31.469173+00:00,LibGen,LibGen.li,UP,200,744,,
2026-09-02T06:01:32.358158+00:00,LibGen,LibGen.li,UP,200,701,,
2026-09-02T06:02:33.167142+00:00,LibGen,LibGen.li,UP,200,737,,
2026-09-02T06:03:32.338046+00:00,LibGen,LibGen.li,UP,200,254,,
2026-09-02T06:04:34.172814+00:00,LibGen,LibGen.li,UP,200,927,,
2026-09-02T06:05:33.890325+00:00,LibGen,LibGen.li,UP,200,846,,
2026-09-02T06:06:34.008656+00:00,LibGen,LibGen.li,UP,200,833,,
2026-09-02T06:07:34.213932+00:00,LibGen,LibGen.li,UP,200,841,,
2026-09-02T06:08:34.418561+00:00,LibGen,LibGen.li,UP,200,637,,
2026-09-02T06:09:36.829880+00:00,LibGen,LibGen.li,UP,200,790,,
2026-09-02T06:10:35.623166+00:00,LibGen,LibGen.li,UP,200,795,,
2026-09-02T06:11:36.808508+00:00,LibGen,LibGen.li,UP,200,747,,
2026-09-02T06:12:36.666599+00:00,LibGen,LibGen.li,UP,200,681,,
2026-09-02T06:13:37.689045+00:00,LibGen,LibGen.li,UP,200,701,,
2026-09-02T06:14:38.219385+00:00,LibGen,LibGen.li,UP,200,688,,
2026-09-02T06:15:38.651698+00:00,LibGen,LibGen.li,UP,200,803,,
2026-09-02T06:16:38.608322+00:00,LibGen,LibGen.li,DOWN,,,connection_refused,
2026-09-02T06:17:40.674657+00:00,LibGen,LibGen.li,UP,200,668,,
2026-09-02T06:18:41.138984+00:00,LibGen,LibGen.li,UP,200,826,,
2026-09-02T06:19:42.572579+00:00,LibGen,LibGen.li,UP,200,839,,
2026-09-02T06:20:42.110565+00:00,LibGen,LibGen.li,UP,200,752,,
2026-09-02T06:21:42.897183+00:00,LibGen,LibGen.li,UP,200,664,,
2026-09-02T06:22:46.385414+00:00,LibGen,LibGen.li,UP,200,1073,,
2026-09-02T06:23:44.873394+00:00,LibGen,LibGen.li,UP,200,1011,,
2026-09-02T06:24:44.974486+00:00,LibGen,LibGen.li,UP,200,677,,
2026-09-02T06:25:45.431555+00:00,LibGen,LibGen.li,UP,200,731,,
2026-09-02T06:26:45.511481+00:00,LibGen,LibGen.li,UP,200,678,,
2026-09-02T06:27:46.377427+00:00,LibGen,LibGen.li,UP,200,720,,
2026-09-02T06:28:46.897595+00:00,LibGen,LibGen.li,UP,200,694,,
2026-09-02T06:29:47.684720+00:00,LibGen,LibGen.li,UP,200,739,,
2026-09-02T06:30:48.537165+00:00,LibGen,LibGen.li,UP,200,938,,
2026-09-02T06:31:48.775102+00:00,LibGen,LibGen.li,UP,200,673,,
2026-09-02T06:32:49.880044+00:00,LibGen,LibGen.li,UP,200,863,,
2026-09-02T06:33:50.666573+00:00,LibGen,LibGen.li,UP,200,776,,
2026-09-02T06:34:51.422505+00:00,LibGen,LibGen.li,UP,200,744,,
2026-09-02T06:35:52.140663+00:00,LibGen,LibGen.li,UP,200,609,,
2026-09-02T06:36:51.990719+00:00,LibGen,LibGen.li,DOWN,,,connection_refused,
2026-09-02T06:37:53.918564+00:00,LibGen,LibGen.li,UP,200,1126,,
2026-09-02T06:38:54.171469+00:00,LibGen,LibGen.li,UP,200,1188,,
2026-09-02T06:39:54.959840+00:00,LibGen,LibGen.li,UP,200,706,,
2026-09-02T06:40:55.572798+00:00,LibGen,LibGen.li,UP,200,848,,
2026-09-02T06:41:56.725156+00:00,LibGen,LibGen.li,UP,200,1141,,
2026-09-02T06:42:56.743094+00:00,LibGen,LibGen.li,UP,200,813,,
2026-09-02T06:43:56.716125+00:00,LibGen,LibGen.li,UP,200,278,,
2026-09-02T06:44:58.278709+00:00,LibGen,LibGen.li,UP,200,706,,
2026-09-02T06:45:57.932482+00:00,LibGen,LibGen.li,UP,200,732,,
2026-09-02T06:46:57.835522+00:00,LibGen,LibGen.li,UP,200,607,,
2026-09-02T06:47:58.808986+00:00,LibGen,LibGen.li,UP,200,737,,
2026-09-02T06:49:19.042785+00:00,LibGen,LibGen.li,DOWN,,,connection_refused,
2026-09-02T06:49:58.923616+00:00,LibGen,LibGen.li,UP,200,739,,
2026-09-02T06:50:59.821989+00:00,LibGen,LibGen.li,UP,200,1015,,
2026-09-02T06:51:59.483640+00:00,LibGen,LibGen.li,UP,200,588,,
2026-09-02T06:53:00.230234+00:00,LibGen,LibGen.li,UP,200,565,,
2026-09-02T06:54:03.617667+00:00,LibGen,LibGen.li,UP,200,759,,
2026-09-02T06:55:03.218492+00:00,LibGen,LibGen.li,UP,200,1452,,
2026-09-02T06:56:02.574872+00:00,LibGen,LibGen.li,UP,200,971,,
2026-09-02T06:57:03.744553+00:00,LibGen,LibGen.li,UP,200,808,,
2026-09-02T06:58:04.770407+00:00,LibGen,LibGen.li,UP,200,880,,
2026-09-02T06:59:08.542550+00:00,LibGen,LibGen.li,DEGRADED,200,4267,latency_high,
2026-09-02T07:00:07.624570+00:00,LibGen,LibGen.li,DEGRADED,200,3217,latency_high,
2026-09-02T07:01:05.349097+00:00,LibGen,LibGen.li,UP,200,774,,
2026-09-02T07:02:05.306665+00:00,LibGen,LibGen.li,UP,200,279,,
2026-09-02T07:03:05.907989+00:00,LibGen,LibGen.li,UP,200,611,,
2026-09-02T07:04:06.693573+00:00,LibGen,LibGen.li,UP,200,1039,,
2026-09-02T07:05:27.732871+00:00,LibGen,LibGen.li,DOWN,,,connection_refused,
2026-09-02T07:06:07.611758+00:00,LibGen,LibGen.li,UP,200,789,,
2026-09-02T07:07:08.938979+00:00,LibGen,LibGen.li,UP,200,1244,,
2026-09-02T07:08:28.847867+00:00,LibGen,LibGen.li,DOWN,,,connection_refused,
2026-09-02T07:09:30.268506+00:00,LibGen,LibGen.li,DOWN,,,connection_refused,
2026-09-02T07:10:11.399574+00:00,LibGen,LibGen.li,UP,200,987,,
2026-09-02T07:11:11.312362+00:00,LibGen,LibGen.li,UP,200,865,,
2026-09-02T07:12:11.529906+00:00,LibGen,LibGen.li,UP,200,650,,
2026-09-02T07:13:12.599598+00:00,LibGen,LibGen.li,UP,200,730,,
2026-09-02T07:14:13.408780+00:00,LibGen,LibGen.li,UP,200,672,,
2026-09-02T07:15:14.697081+00:00,LibGen,LibGen.li,UP,200,1052,,
2026-09-02T07:16:14.367062+00:00,LibGen,LibGen.li,UP,200,726,,
2026-09-02T07:17:15.943892+00:00,LibGen,LibGen.li,UP,200,712,,
2026-09-02T07:18:16.049534+00:00,LibGen,LibGen.li,UP,200,841,,
2026-09-02T07:19:20.390701+00:00,LibGen,LibGen.li,DEGRADED,200,4181,latency_high,
2026-09-02T07:20:17.900575+00:00,LibGen,LibGen.li,UP,200,946,,
2026-09-02T07:21:18.714506+00:00,LibGen,LibGen.li,UP,200,784,,
2026-09-02T07:22:20.213073+00:00,LibGen,LibGen.li,UP,200,828,,
2026-09-02T07:23:21.675623+00:00,LibGen,LibGen.li,UP,200,1675,,
2026-09-02T07:24:20.844391+00:00,LibGen,LibGen.li,UP,200,271,,
2026-09-02T07:25:22.092910+00:00,LibGen,LibGen.li,UP,200,750,,
2026-09-02T07:26:22.849034+00:00,LibGen,LibGen.li,UP,200,693,,
2026-09-02T07:27:23.996643+00:00,LibGen,LibGen.li,UP,200,762,,
2026-09-02T07:28:24.267667+00:00,LibGen,LibGen.li,UP,200,676,,
2026-09-02T07:29:25.431174+00:00,LibGen,LibGen.li,UP,200,958,,
2026-09-02T07:30:25.990118+00:00,LibGen,LibGen.li,UP,200,896,,
2026-09-02T07:31:26.783244+00:00,LibGen,LibGen.li,UP,200,824,,
2026-09-02T07:32:27.615410+00:00,LibGen,LibGen.li,UP,200,775,,
2026-09-02T07:33:28.487632+00:00,LibGen,LibGen.li,UP,200,805,,
2026-09-02T07:34:28.489495+00:00,LibGen,LibGen.li,UP,200,756,,
2026-09-02T07:35:28.897033+00:00,LibGen,LibGen.li,UP,200,687,,
2026-09-02T07:36:28.464887+00:00,LibGen,LibGen.li,UP,200,250,,
2026-09-02T07:37:29.557974+00:00,LibGen,LibGen.li,UP,200,631,,
2026-09-02T07:38:30.708086+00:00,LibGen,LibGen.li,UP,200,836,,
2026-09-02T07:39:31.544733+00:00,LibGen,LibGen.li,UP,200,710,,
2026-09-02T07:40:32.048415+00:00,LibGen,LibGen.li,UP,200,764,,
2026-09-02T07:41:32.833928+00:00,LibGen,LibGen.li,UP,200,682,,
2026-09-02T07:42:33.956121+00:00,LibGen,LibGen.li,UP,200,614,,
2026-09-02T07:43:35.567636+00:00,LibGen,LibGen.li,UP,200,644,,
2026-09-02T07:44:35.353453+00:00,LibGen,LibGen.li,UP,200,731,,
2026-09-02T07:45:36.681546+00:00,LibGen,LibGen.li,UP,200,722,,
2026-09-02T07:46:38.248252+00:00,LibGen,LibGen.li,UP,200,864,,
2026-09-02T07:47:38.210446+00:00,LibGen,LibGen.li,UP,200,721,,
2026-09-02T07:48:39.632145+00:00,LibGen,LibGen.li,UP,200,681,,
2026-09-02T07:49:42.663518+00:00,LibGen,LibGen.li,DEGRADED,200,3693,latency_high,
2026-09-02T07:50:40.041067+00:00,LibGen,LibGen.li,UP,200,706,,
2026-09-02T07:51:42.239951+00:00,LibGen,LibGen.li,UP,200,702,,
2026-09-02T07:52:41.949190+00:00,LibGen,LibGen.li,UP,200,668,,
2026-09-02T07:53:42.704106+00:00,LibGen,LibGen.li,UP,200,609,,
2026-09-02T07:54:43.180823+00:00,LibGen,LibGen.li,UP,200,755,,
2026-09-02T07:55:43.246334+00:00,LibGen,LibGen.li,UP,200,812,,
2026-09-02T07:56:43.959795+00:00,LibGen,LibGen.li,UP,200,768,,
2026-09-02T07:57:44.872808+00:00,LibGen,LibGen.li,UP,200,857,,
2026-09-02T07:58:48.568165+00:00,LibGen,LibGen.li,UP,200,1242,,
2026-09-02T07:59:46.717634+00:00,LibGen,LibGen.li,UP,200,230,,
2026-09-02T08:00:45.901065+00:00,LibGen,LibGen.li,UP,200,729,,
2026-09-02T08:01:47.133061+00:00,LibGen,LibGen.li,UP,200,638,,
2026-09-02T08:02:48.143237+00:00,LibGen,LibGen.li,UP,200,763,,
2026-09-02T08:03:49.644549+00:00,LibGen,LibGen.li,UP,200,1125,,
2026-09-02T08:04:49.296120+00:00,LibGen,LibGen.li,UP,200,776,,
2026-09-02T08:05:52.450385+00:00,LibGen,LibGen.li,UP,200,794,,
2026-09-02T08:06:51.641578+00:00,LibGen,LibGen.li,UP,200,896,,
2026-09-02T08:07:51.966965+00:00,LibGen,LibGen.li,UP,200,768,,
2026-09-02T08:08:52.046525+00:00,LibGen,LibGen.li,UP,200,781,,
2026-09-02T08:09:52.915588+00:00,LibGen,LibGen.li,UP,200,759,,
2026-09-02T08:10:52.520581+00:00,LibGen,LibGen.li,UP,200,620,,
2026-09-02T08:11:53.800490+00:00,LibGen,LibGen.li,UP,200,819,,
2026-09-02T08:12:53.477493+00:00,LibGen,LibGen.li,UP,200,653,,
2026-09-02T08:13:53.541995+00:00,LibGen,LibGen.li,UP,200,748,,
2026-09-02T08:14:53.990553+00:00,LibGen,LibGen.li,UP,200,754,,
2026-09-02T08:15:54.842413+00:00,LibGen,LibGen.li,UP,200,767,,
2026-09-02T08:16:55.704165+00:00,LibGen,LibGen.li,UP,200,768,,
2026-09-02T08:17:56.921433+00:00,LibGen,LibGen.li,UP,200,714,,
2026-09-02T08:18:57.364078+00:00,LibGen,LibGen.li,UP,200,759,,
2026-09-02T08:19:58.614177+00:00,LibGen,LibGen.li,UP,200,750,,
2026-09-02T08:21:20.221426+00:00,LibGen,LibGen.li,DOWN,,,connection_refused,
2026-09-02T08:22:00.906765+00:00,LibGen,LibGen.li,UP,200,1142,,
2026-09-02T08:23:02.626876+00:00,LibGen,LibGen.li,UP,200,1921,,
2026-09-02T08:24:01.776817+00:00,LibGen,LibGen.li,UP,200,1081,,
2026-09-02T08:25:01.707347+00:00,LibGen,LibGen.li,UP,200,813,,
2026-09-02T08:26:23.146846+00:00,LibGen,LibGen.li,DOWN,,,connection_refused,
2026-09-02T08:27:03.826301+00:00,LibGen,LibGen.li,UP,200,802,,
2026-09-02T08:28:04.184074+00:00,LibGen,LibGen.li,UP,200,811,,
2026-09-02T08:29:25.800466+00:00,LibGen,LibGen.li,DOWN,,,connection_refused,
2026-09-02T08:30:05.475413+00:00,LibGen,LibGen.li,UP,200,963,,
2026-09-02T08:31:06.989327+00:00,LibGen,LibGen.li,UP,200,849,,
2026-09-02T08:32:11.791947+00:00,LibGen,LibGen.li,DEGRADED,200,5311,latency_high,
2026-09-02T08:33:07.956704+00:00,LibGen,LibGen.li,UP,200,771,,
2026-09-02T08:34:07.691875+00:00,LibGen,LibGen.li,UP,200,959,,
2026-09-02T08:35:10.981947+00:00,LibGen,LibGen.li,DEGRADED,200,3630,latency_high,
2026-09-02T08:36:08.984004+00:00,LibGen,LibGen.li,UP,200,810,,
2026-09-02T08:37:10.527458+00:00,LibGen,LibGen.li,UP,200,837,,
2026-09-02T08:38:09.923779+00:00,LibGen,LibGen.li,DOWN,500,582,http_error,
2026-09-02T08:39:10.962247+00:00,LibGen,LibGen.li,UP,200,724,,
2026-09-02T08:40:31.946827+00:00,LibGen,LibGen.li,DOWN,,,connection_refused,
2026-09-02T08:41:32.002779+00:00,LibGen,LibGen.li,DOWN,,,connection_refused,
2026-09-02T08:42:13.222235+00:00,LibGen,LibGen.li,UP,200,603,,
2026-09-02T08:43:13.720351+00:00,LibGen,LibGen.li,UP,200,750,,
2026-09-02T08:44:15.115196+00:00,LibGen,LibGen.li,UP,200,773,,
2026-09-02T08:45:15.560549+00:00,LibGen,LibGen.li,UP,200,761,,
2026-09-02T08:46:19.934046+00:00,LibGen,LibGen.li,DEGRADED,200,3809,latency_high,
2026-09-02T08:47:17.803883+00:00,LibGen,LibGen.li,UP,200,831,,
2026-09-02T08:48:38.219405+00:00,LibGen,LibGen.li,DOWN,,,connection_refused,
2026-09-02T08:49:19.044405+00:00,LibGen,LibGen.li,UP,200,761,,
2026-09-02T08:50:20.248642+00:00,LibGen,LibGen.li,UP,200,754,,
2026-09-02T08:51:21.079564+00:00,LibGen,LibGen.li,UP,200,769,,
2026-09-02T08:52:21.706237+00:00,LibGen,LibGen.li,UP,200,614,,
2026-09-02T08:53:21.615881+00:00,LibGen,LibGen.li,UP,200,219,,
2026-09-02T08:54:23.125901+00:00,LibGen,LibGen.li,UP,200,764,,
2026-09-02T08:55:24.223436+00:00,LibGen,LibGen.li,UP,200,748,,
2026-09-02T08:56:24.323142+00:00,LibGen,LibGen.li,UP,200,281,,
2026-09-02T08:57:25.651946+00:00,LibGen,LibGen.li,UP,200,748,,
2026-09-02T08:58:26.786544+00:00,LibGen,LibGen.li,UP,200,732,,
2026-09-02T08:59:27.992475+00:00,LibGen,LibGen.li,UP,200,1084,,
2026-09-02T09:00:28.325244+00:00,LibGen,LibGen.li,UP,200,241,,
2026-09-02T09:01:28.419258+00:00,LibGen,LibGen.li,UP,200,716,,
2026-09-02T09:02:28.817589+00:00,LibGen,LibGen.li,UP,200,673,,
2026-09-02T09:03:29.268622+00:00,LibGen,LibGen.li,UP,200,753,,
2026-09-02T09:04:33.129320+00:00,LibGen,LibGen.li,DEGRADED,200,3699,latency_high,
2026-09-02T09:05:30.866606+00:00,LibGen,LibGen.li,UP,200,841,,
2026-09-02T09:06:31.158005+00:00,LibGen,LibGen.li,UP,200,271,,
2026-09-02T09:07:33.140481+00:00,LibGen,LibGen.li,UP,200,854,,
2026-09-02T09:08:32.726869+00:00,LibGen,LibGen.li,UP,200,704,,
2026-09-02T09:09:33.595681+00:00,LibGen,LibGen.li,UP,200,772,,
2026-09-02T09:10:34.154170+00:00,LibGen,LibGen.li,UP,200,270,,
2026-09-02T09:11:53.619313+00:00,LibGen,LibGen.li,TIMEOUT,,,timeout,
2026-09-02T09:12:34.555190+00:00,LibGen,LibGen.li,UP,200,745,,
2026-09-02T09:13:34.397880+00:00,LibGen,LibGen.li,UP,200,251,,
2026-09-02T09:14:37.809539+00:00,LibGen,LibGen.li,UP,200,2794,,
2026-09-02T09:15:36.508922+00:00,LibGen,LibGen.li,UP,200,772,,
2026-09-02T09:16:37.207146+00:00,LibGen,LibGen.li,UP,200,674,,
2026-09-02T09:17:38.890760+00:00,LibGen,LibGen.li,UP,200,1530,,
2026-09-02T09:18:39.218447+00:00,LibGen,LibGen.li,UP,200,862,,
2026-09-02T09:19:39.956453+00:00,LibGen,LibGen.li,UP,200,722,,
2026-09-02T09:20:40.414516+00:00,LibGen,LibGen.li,UP,200,655,,
2026-09-02T09:21:41.364933+00:00,LibGen,LibGen.li,UP,200,766,,
2026-09-02T09:22:42.030090+00:00,LibGen,LibGen.li,UP,200,650,,
2026-09-02T09:23:43.012856+00:00,LibGen,LibGen.li,UP,200,730,,
2026-09-02T09:24:43.787913+00:00,LibGen,LibGen.li,UP,200,651,,
2026-09-02T09:25:44.611631+00:00,LibGen,LibGen.li,UP,200,710,,
2026-09-02T09:26:45.773959+00:00,LibGen,LibGen.li,UP,200,948,,
2026-09-02T09:27:45.789685+00:00,LibGen,LibGen.li,UP,200,667,,
2026-09-02T09:28:46.832607+00:00,LibGen,LibGen.li,UP,200,714,,
2026-09-02T09:29:48.084749+00:00,LibGen,LibGen.li,UP,200,655,,
2026-09-02T09:30:48.923417+00:00,LibGen,LibGen.li,UP,200,754,,
2026-09-02T09:31:48.832690+00:00,LibGen,LibGen.li,UP,200,568,,
2026-09-02T09:32:50.254125+00:00,LibGen,LibGen.li,UP,200,711,,
2026-09-02T09:33:51.177964+00:00,LibGen,LibGen.li,UP,200,713,,
2026-09-02T09:34:50.996727+00:00,LibGen,LibGen.li,DOWN,,,connection_refused,
2026-09-02T09:35:52.391770+00:00,LibGen,LibGen.li,UP,200,629,,
2026-09-02T09:36:53.639887+00:00,LibGen,LibGen.li,UP,200,595,,
2026-09-02T09:37:53.967064+00:00,LibGen,LibGen.li,UP,200,602,,
2026-09-02T09:38:55.567923+00:00,LibGen,LibGen.li,UP,200,986,,
2026-09-02T09:40:15.970882+00:00,LibGen,LibGen.li,DOWN,,,connection_refused,
2026-09-02T09:40:56.701399+00:00,LibGen,LibGen.li,UP,200,703,,
2026-09-02T09:41:57.742854+00:00,LibGen,LibGen.li,UP,200,805,,
2026-09-02T09:42:59.079807+00:00,LibGen,LibGen.li,UP,200,767,,
2026-09-02T09:43:59.555254+00:00,LibGen,LibGen.li,UP,200,682,,
2026-09-02T09:44:58.996711+00:00,LibGen,LibGen.li,UP,200,690,,
2026-09-02T09:45:59.234512+00:00,LibGen,LibGen.li,UP,200,754,,
2026-09-02T09:47:00.342940+00:00,LibGen,LibGen.li,UP,200,790,,
2026-09-02T09:48:00.589277+00:00,LibGen,LibGen.li,UP,200,721,,
2026-09-02T09:49:01.160298+00:00,LibGen,LibGen.li,UP,200,876,,
2026-09-02T09:50:01.773778+00:00,LibGen,LibGen.li,UP,200,591,,
2026-09-02T09:51:02.512006+00:00,LibGen,LibGen.li,UP,200,891,,
2026-09-02T09:52:03.107537+00:00,LibGen,LibGen.li,UP,200,721,,
2026-09-02T09:53:04.303914+00:00,LibGen,LibGen.li,UP,200,858,,
2026-09-02T09:54:05.481915+00:00,LibGen,LibGen.li,UP,200,897,,
2026-09-02T09:55:06.217117+00:00,LibGen,LibGen.li,UP,200,811,,
2026-09-02T09:56:06.743325+00:00,LibGen,LibGen.li,UP,200,797,,
2026-09-02T09:57:07.029234+00:00,LibGen,LibGen.li,UP,200,687,,
2026-09-02T09:58:08.657523+00:00,LibGen,LibGen.li,UP,200,1354,,
2026-09-02T09:59:09.575252+00:00,LibGen,LibGen.li,UP,200,1519,,
2026-09-02T10:00:09.157050+00:00,LibGen,LibGen.li,UP,200,837,,
2026-09-02T10:01:11.450902+00:00,LibGen,LibGen.li,UP,200,760,,
2026-09-02T10:02:09.249660+00:00,LibGen,LibGen.li,UP,200,753,,
2026-09-02T10:03:10.710546+00:00,LibGen,LibGen.li,UP,200,883,,
2026-09-02T10:04:12.664187+00:00,LibGen,LibGen.li,UP,200,2908,,
2026-09-02T10:05:11.209026+00:00,LibGen,LibGen.li,UP,200,783,,
2026-09-02T10:06:11.956101+00:00,LibGen,LibGen.li,UP,200,705,,
2026-09-02T10:07:13.727232+00:00,LibGen,LibGen.li,UP,200,1071,,
2026-09-02T10:08:14.100301+00:00,LibGen,LibGen.li,UP,200,645,,
2026-09-02T10:09:14.556841+00:00,LibGen,LibGen.li,UP,200,745,,
2026-09-02T10:10:15.437458+00:00,LibGen,LibGen.li,UP,200,752,,
2026-09-02T10:11:15.659519+00:00,LibGen,LibGen.li,UP,200,882,,
2026-09-02T10:12:18.188768+00:00,LibGen,LibGen.li,UP,200,276,,
2026-09-02T10:13:17.231057+00:00,LibGen,LibGen.li,UP,200,803,,
2026-09-02T10:14:17.752366+00:00,LibGen,LibGen.li,UP,200,618,,
2026-09-02T10:15:18.650896+00:00,LibGen,LibGen.li,UP,200,704,,
2026-09-02T10:16:18.178101+00:00,LibGen,LibGen.li,UP,200,636,,
2026-09-02T10:17:39.433029+00:00,LibGen,LibGen.li,DOWN,,,connection_refused,
2026-09-02T10:18:20.463533+00:00,LibGen,LibGen.li,UP,200,768,,
2026-09-02T10:19:20.730100+00:00,LibGen,LibGen.li,UP,200,638,,
2026-09-02T10:20:21.577137+00:00,LibGen,LibGen.li,UP,200,682,,
2026-09-02T10:21:23.312687+00:00,LibGen,LibGen.li,UP,200,1043,,
2026-09-02T10:22:23.252932+00:00,LibGen,LibGen.li,UP,200,626,,
2026-09-02T10:23:23.458392+00:00,LibGen,LibGen.li,UP,200,811,,
2026-09-02T10:24:23.318458+00:00,LibGen,LibGen.li,UP,200,252,,
2026-09-02T10:25:24.959834+00:00,LibGen,LibGen.li,UP,200,602,,
2026-09-02T10:26:25.870971+00:00,LibGen,LibGen.li,UP,200,982,,
2026-09-02T10:27:26.076938+00:00,LibGen,LibGen.li,UP,200,715,,
2026-09-02T10:28:26.590732+00:00,LibGen,LibGen.li,UP,200,713,,
2026-09-02T10:29:28.117895+00:00,LibGen,LibGen.li,UP,200,783,,
2026-09-02T10:30:27.567481+00:00,LibGen,LibGen.li,UP,200,784,,
2026-09-02T10:31:27.546105+00:00,LibGen,LibGen.li,UP,200,705,,
2026-09-02T10:32:28.491194+00:00,LibGen,LibGen.li,UP,200,666,,
2026-09-02T10:33:28.714538+00:00,LibGen,LibGen.li,UP,200,911,,
2026-09-02T10:34:29.195430+00:00,LibGen,LibGen.li,UP,200,775,,
2026-09-02T10:35:30.233832+00:00,LibGen,LibGen.li,UP,200,690,,
2026-09-02T10:36:31.365699+00:00,LibGen,LibGen.li,UP,200,731,,
2026-09-02T10:37:30.351880+00:00,LibGen,LibGen.li,UP,200,686,,
2026-09-02T10:38:31.363400+00:00,LibGen,LibGen.li,UP,200,874,,
2026-09-02T10:39:31.356189+00:00,LibGen,LibGen.li,UP,200,844,,
2026-09-02T10:40:30.943196+00:00,LibGen,LibGen.li,UP,200,257,,
2026-09-02T10:41:51.750749+00:00,LibGen,LibGen.li,DOWN,,,connection_refused,
2026-09-02T10:42:32.489081+00:00,LibGen,LibGen.li,UP,200,636,,
2026-09-02T10:43:32.605708+00:00,LibGen,LibGen.li,UP,200,721,,
2026-09-02T10:44:32.556055+00:00,LibGen,LibGen.li,UP,200,608,,
2026-09-02T10:45:33.304577+00:00,LibGen,LibGen.li,UP,200,692,,
2026-09-02T10:46:33.376740+00:00,LibGen,LibGen.li,UP,200,690,,
2026-09-02T10:47:33.913254+00:00,LibGen,LibGen.li,UP,200,724,,
2026-09-02T10:48:34.891382+00:00,LibGen,LibGen.li,UP,200,748,,
2026-09-02T10:49:34.266217+00:00,LibGen,LibGen.li,UP,200,617,,
2026-09-02T10:50:34.581089+00:00,LibGen,LibGen.li,UP,200,829,,
2026-09-02T10:51:34.649922+00:00,LibGen,LibGen.li,UP,200,751,,
2026-09-02T10:52:55.729235+00:00,LibGen,LibGen.li,DOWN,,,connection_refused,
2026-09-02T10:53:35.841628+00:00,LibGen,LibGen.li,UP,200,925,,
2026-09-02T10:54:36.172488+00:00,LibGen,LibGen.li,UP,200,867,,
2026-09-02T10:55:36.982792+00:00,LibGen,LibGen.li,UP,200,732,,
2026-09-02T10:56:37.506597+00:00,LibGen,LibGen.li,UP,200,261,,
2026-09-02T10:57:38.699842+00:00,LibGen,LibGen.li,UP,200,962,,
2026-09-02T10:58:38.986911+00:00,LibGen,LibGen.li,UP,200,1174,,
2026-09-02T10:59:39.442499+00:00,LibGen,LibGen.li,UP,200,800,,
2026-09-02T11:00:39.862518+00:00,LibGen,LibGen.li,UP,200,829,,
2026-09-02T11:01:39.600906+00:00,LibGen,LibGen.li,UP,200,918,,
2026-09-02T11:02:40.547213+00:00,LibGen,LibGen.li,UP,200,755,,
2026-09-02T11:03:40.788062+00:00,LibGen,LibGen.li,UP,200,777,,
2026-09-02T11:04:41.248156+00:00,LibGen,LibGen.li,UP,200,683,,
2026-09-02T11:05:41.297148+00:00,LibGen,LibGen.li,UP,200,776,,
2026-09-02T11:06:41.634705+00:00,LibGen,LibGen.li,UP,200,925,,
2026-09-02T11:07:41.669019+00:00,LibGen,LibGen.li,UP,200,777,,
2026-09-02T11:08:41.635826+00:00,LibGen,LibGen.li,UP,200,665,,
2026-09-02T11:09:42.586363+00:00,LibGen,LibGen.li,UP,200,951,,
2026-09-02T11:10:43.140435+00:00,LibGen,LibGen.li,UP,200,841,,
2026-09-02T11:11:43.077046+00:00,LibGen,LibGen.li,UP,200,705,,
2026-09-02T11:12:43.186238+00:00,LibGen,LibGen.li,UP,200,695,,
2026-09-02T11:13:43.616184+00:00,LibGen,LibGen.li,UP,200,738,,
2026-09-02T11:14:43.833418+00:00,LibGen,LibGen.li,UP,200,702,,
2026-09-02T11:15:43.085612+00:00,LibGen,LibGen.li,UP,200,297,,
2026-09-02T11:16:43.594830+00:00,LibGen,LibGen.li,UP,200,709,,
2026-09-02T11:17:44.317052+00:00,LibGen,LibGen.li,UP,200,876,,
2026-09-02T11:18:45.890242+00:00,LibGen,LibGen.li,UP,200,679,,
2026-09-02T11:19:45.345781+00:00,LibGen,LibGen.li,UP,200,838,,
2026-09-02T11:20:47.227302+00:00,LibGen,LibGen.li,UP,200,754,,
2026-09-02T11:21:47.418269+00:00,LibGen,LibGen.li,UP,200,770,,
2026-09-02T11:22:47.003716+00:00,LibGen,LibGen.li,UP,200,254,,
2026-09-02T11:23:47.584303+00:00,LibGen,LibGen.li,UP,200,710,,
2026-09-02T11:24:48.680479+00:00,LibGen,LibGen.li,UP,200,810,,
2026-09-02T11:25:48.740658+00:00,LibGen,LibGen.li,UP,200,841,,
2026-09-02T11:26:49.369488+00:00,LibGen,LibGen.li,UP,200,870,,
2026-09-02T11:27:49.596603+00:00,LibGen,LibGen.li,UP,200,741,,
2026-09-02T11:28:49.097899+00:00,LibGen,LibGen.li,UP,200,252,,
2026-09-02T11:29:50.216993+00:00,LibGen,LibGen.li,UP,200,917,,
2026-09-02T11:30:50.705447+00:00,LibGen,LibGen.li,UP,200,1032,,
2026-09-02T11:31:51.214878+00:00,LibGen,LibGen.li,UP,200,1223,,
2026-09-02T11:32:50.841622+00:00,LibGen,LibGen.li,UP,200,772,,
2026-09-02T11:33:52.049676+00:00,LibGen,LibGen.li,UP,200,733,,
2026-09-02T11:34:52.519029+00:00,LibGen,LibGen.li,UP,200,717,,
2026-09-02T11:35:52.498321+00:00,LibGen,LibGen.li,UP,200,695,,
2026-09-02T11:36:53.339785+00:00,LibGen,LibGen.li,UP,200,788,,
2026-09-02T11:37:54.224861+00:00,LibGen,LibGen.li,UP,200,903,,
2026-09-02T11:38:55.219116+00:00,LibGen,LibGen.li,UP,200,1058,,
2026-09-02T11:39:55.612228+00:00,LibGen,LibGen.li,UP,200,721,,
2026-09-02T11:40:55.509795+00:00,LibGen,LibGen.li,UP,200,688,,
2026-09-02T11:41:55.954900+00:00,LibGen,LibGen.li,UP,200,990,,
2026-09-02T11:42:57.033549+00:00,LibGen,LibGen.li,UP,200,731,,
2026-09-02T11:43:57.128386+00:00,LibGen,LibGen.li,UP,200,681,,
2026-09-02T11:44:58.360504+00:00,LibGen,LibGen.li,UP,200,1642,,
2026-09-02T11:45:57.512236+00:00,LibGen,LibGen.li,UP,200,840,,
2026-09-02T11:46:58.961381+00:00,LibGen,LibGen.li,UP,200,896,,
2026-09-02T11:47:59.277551+00:00,LibGen,LibGen.li,UP,200,728,,
2026-09-02T11:48:59.175125+00:00,LibGen,LibGen.li,UP,200,748,,
2026-09-02T11:50:00.580579+00:00,LibGen,LibGen.li,UP,200,1665,,
2026-09-02T11:51:00.344307+00:00,LibGen,LibGen.li,UP,200,862,,
2026-09-02T11:52:01.613560+00:00,LibGen,LibGen.li,UP,200,1133,,
2026-09-02T11:53:02.454879+00:00,LibGen,LibGen.li,UP,200,961,,
2026-09-02T11:54:02.266121+00:00,LibGen,LibGen.li,UP,200,251,,
2026-09-02T11:55:03.990622+00:00,LibGen,LibGen.li,UP,200,1580,,
2026-09-02T11:56:03.217604+00:00,LibGen,LibGen.li,UP,200,276,,
2026-09-02T11:57:23.562207+00:00,LibGen,LibGen.li,DOWN,,,connection_refused,
2026-09-02T11:58:04.174374+00:00,LibGen,LibGen.li,UP,200,658,,
2026-09-02T11:59:04.701207+00:00,LibGen,LibGen.li,UP,200,719,,
2026-09-02T12:00:04.453593+00:00,LibGen,LibGen.li,UP,200,373,,
2026-09-02T12:01:05.162791+00:00,LibGen,LibGen.li,UP,200,978,,
2026-09-02T12:02:25.668050+00:00,LibGen,LibGen.li,DOWN,,,connection_refused,
2026-09-02T12:03:06.550704+00:00,LibGen,LibGen.li,UP,200,725,,
2026-09-02T12:04:06.825909+00:00,LibGen,LibGen.li,UP,200,800,,
2026-09-02T12:05:12.631153+00:00,LibGen,LibGen.li,DEGRADED,200,5323,latency_high,
2026-09-02T12:06:30.026863+00:00,LibGen,LibGen.li,DOWN,,,connection_refused,
2026-09-02T12:07:09.408173+00:00,LibGen,LibGen.li,UP,200,1303,,
2026-09-02T12:08:11.737029+00:00,LibGen,LibGen.li,DEGRADED,200,3328,latency_high,
2026-09-02T12:09:09.574989+00:00,LibGen,LibGen.li,UP,200,806,,
2026-09-02T12:10:09.481995+00:00,LibGen,LibGen.li,UP,200,615,,
2026-09-02T12:11:10.364205+00:00,LibGen,LibGen.li,UP,200,914,,
2026-09-02T12:12:11.700828+00:00,LibGen,LibGen.li,UP,200,807,,
2026-09-02T12:13:10.906769+00:00,LibGen,LibGen.li,UP,200,862,,
2026-09-02T12:14:11.387256+00:00,LibGen,LibGen.li,UP,200,809,,
2026-09-02T12:15:12.121582+00:00,LibGen,LibGen.li,UP,200,918,,
2026-09-02T12:16:13.104698+00:00,LibGen,LibGen.li,UP,200,882,,
2026-09-02T12:17:12.747202+00:00,LibGen,LibGen.li,UP,200,1129,,
2026-09-02T12:18:32.578232+00:00,LibGen,LibGen.li,DOWN,,,connection_refused,
2026-09-02T12:19:32.867943+00:00,LibGen,LibGen.li,DOWN,,,connection_refused,
2026-09-02T12:20:33.097458+00:00,LibGen,LibGen.li,DOWN,,,connection_refused,
2026-09-02T12:21:12.828727+00:00,LibGen,LibGen.li,UP,200,780,,
2026-09-02T12:22:16.519978+00:00,LibGen,LibGen.li,DEGRADED,200,3834,latency_high,
2026-09-02T12:23:14.149030+00:00,LibGen,LibGen.li,UP,200,756,,
2026-09-02T12:24:13.682243+00:00,LibGen,LibGen.li,UP,200,689,,
2026-09-02T12:25:14.502807+00:00,LibGen,LibGen.li,UP,200,1005,,
2026-09-02T12:26:14.783244+00:00,LibGen,LibGen.li,UP,200,866,,
2026-09-02T12:27:15.406726+00:00,LibGen,LibGen.li,UP,200,1052,,
2026-09-02T12:28:15.837722+00:00,LibGen,LibGen.li,UP,200,876,,
2026-09-02T12:29:15.154341+00:00,LibGen,LibGen.li,UP,200,746,,
2026-09-02T12:30:15.695624+00:00,LibGen,LibGen.li,UP,200,977,,
2026-09-02T12:31:37.091431+00:00,LibGen,LibGen.li,DOWN,,,connection_refused,
2026-09-02T12:32:16.675889+00:00,LibGen,LibGen.li,UP,200,758,,
2026-09-02T12:33:17.231526+00:00,LibGen,LibGen.li,UP,200,803,,
2026-09-02T12:34:18.042334+00:00,LibGen,LibGen.li,UP,200,917,,
2026-09-02T12:35:18.066015+00:00,LibGen,LibGen.li,UP,200,694,,
2026-09-02T12:36:18.297039+00:00,LibGen,LibGen.li,UP,200,886,,
2026-09-02T12:37:18.306784+00:00,LibGen,LibGen.li,UP,200,706,,
2026-09-02T12:38:19.413534+00:00,LibGen,LibGen.li,UP,200,827,,
2026-09-02T12:39:19.574140+00:00,LibGen,LibGen.li,UP,200,857,,
2026-09-02T12:40:19.947726+00:00,LibGen,LibGen.li,UP,200,1047,,
2026-09-02T12:41:19.632329+00:00,LibGen,LibGen.li,UP,200,808,,
2026-09-02T12:42:19.772031+00:00,LibGen,LibGen.li,UP,200,750,,
2026-09-02T12:43:20.179818+00:00,LibGen,LibGen.li,UP,200,691,,
2026-09-02T12:44:20.948421+00:00,LibGen,LibGen.li,UP,200,956,,
2026-09-02T12:45:21.518669+00:00,LibGen,LibGen.li,UP,200,967,,
2026-09-02T12:46:21.862469+00:00,LibGen,LibGen.li,UP,200,1085,,
2026-09-02T12:47:22.363824+00:00,LibGen,LibGen.li,UP,200,727,,
2026-09-02T12:48:23.261560+00:00,LibGen,LibGen.li,UP,200,1616,,
2026-09-02T12:49:22.919857+00:00,LibGen,LibGen.li,UP,200,669,,
2026-09-02T12:50:23.305924+00:00,LibGen,LibGen.li,UP,200,853,,
2026-09-02T12:51:23.876601+00:00,LibGen,LibGen.li,UP,200,1063,,
2026-09-02T12:52:23.964628+00:00,LibGen,LibGen.li,UP,200,739,,
2026-09-02T12:53:24.938026+00:00,LibGen,LibGen.li,UP,200,780,,
2026-09-02T12:54:23.980511+00:00,LibGen,LibGen.li,UP,200,907,,
2026-09-02T12:55:24.753860+00:00,LibGen,LibGen.li,UP,200,1144,,
2026-09-02T12:56:24.843168+00:00,LibGen,LibGen.li,UP,200,822,,
2026-09-02T12:57:25.669405+00:00,LibGen,LibGen.li,UP,200,1282,,
2026-09-02T12:58:24.888579+00:00,LibGen,LibGen.li,UP,200,620,,
2026-09-02T12:59:25.285983+00:00,LibGen,LibGen.li,UP,200,990,,
2026-09-02T13:00:26.420514+00:00,LibGen,LibGen.li,UP,200,784,,
2026-09-02T13:01:26.829800+00:00,LibGen,LibGen.li,UP,200,658,,
2026-09-02T13:02:26.923601+00:00,LibGen,LibGen.li,UP,200,677,,
2026-09-02T13:03:48.061615+00:00,LibGen,LibGen.li,DOWN,,,connection_refused,
2026-09-02T13:04:27.812880+00:00,LibGen,LibGen.li,UP,200,879,,
2026-09-02T13:05:28.764516+00:00,LibGen,LibGen.li,UP,200,1237,,
2026-09-02T13:06:29.087917+00:00,LibGen,LibGen.li,UP,200,1079,,
2026-09-02T13:07:28.394224+00:00,LibGen,LibGen.li,UP,200,729,,
2026-09-02T13:08:28.975648+00:00,LibGen,LibGen.li,UP,200,822,,
2026-09-02T13:09:29.186804+00:00,LibGen,LibGen.li,UP,200,893,,
2026-09-02T13:10:50.360633+00:00,LibGen,LibGen.li,DOWN,,,connection_refused,
2026-09-02T13:11:30.397644+00:00,LibGen,LibGen.li,DOWN,500,782,http_error,
2026-09-02T13:12:30.914658+00:00,LibGen,LibGen.li,UP,200,974,,
2026-09-02T13:13:52.137647+00:00,LibGen,LibGen.li,DOWN,,,connection_refused,
2026-09-02T13:14:47.357489+00:00,LibGen,LibGen.li,DEGRADED,200,16495,latency_high,
2026-09-02T13:15:31.994651+00:00,LibGen,LibGen.li,UP,200,765,,
2026-09-02T13:16:31.951663+00:00,LibGen,LibGen.li,UP,200,774,,
2026-09-02T13:17:32.758575+00:00,LibGen,LibGen.li,UP,200,883,,
2026-09-02T13:18:33.158518+00:00,LibGen,LibGen.li,UP,200,758,,
2026-09-02T13:19:33.233268+00:00,LibGen,LibGen.li,UP,200,856,,
2026-09-02T13:20:53.895070+00:00,LibGen,LibGen.li,DOWN,,,connection_refused,
2026-09-02T13:21:34.008615+00:00,LibGen,LibGen.li,UP,200,1195,,
2026-09-02T13:22:34.368949+00:00,LibGen,LibGen.li,UP,200,1346,,
2026-09-02T13:23:33.840481+00:00,LibGen,LibGen.li,UP,200,753,,
2026-09-02T13:24:34.407587+00:00,LibGen,LibGen.li,UP,200,809,,
2026-09-02T13:25:43.831678+00:00,LibGen,LibGen.li,DEGRADED,200,10273,latency_high,
2026-09-02T13:26:54.568407+00:00,LibGen,LibGen.li,DOWN,,,connection_refused,
2026-09-02T13:27:35.210165+00:00,LibGen,LibGen.li,UP,200,920,,
2026-09-02T13:28:55.037118+00:00,LibGen,LibGen.li,DOWN,,,connection_refused,
2026-09-02T13:29:34.625044+00:00,LibGen,LibGen.li,UP,200,695,,
2026-09-02T13:30:35.731630+00:00,LibGen,LibGen.li,UP,200,1187,,
2026-09-02T13:31:36.611053+00:00,LibGen,LibGen.li,UP,200,772,,
2026-09-02T13:32:36.255121+00:00,LibGen,LibGen.li,UP,200,759,,
2026-09-02T13:33:37.603988+00:00,LibGen,LibGen.li,UP,200,670,,
2026-09-02T13:34:36.363618+00:00,LibGen,LibGen.li,UP,200,871,,
2026-09-02T13:35:37.802483+00:00,LibGen,LibGen.li,UP,200,1052,,
2026-09-02T13:36:38.063675+00:00,LibGen,LibGen.li,UP,200,779,,
2026-09-02T13:37:37.596368+00:00,LibGen,LibGen.li,UP,200,857,,
2026-09-02T13:38:37.238781+00:00,LibGen,LibGen.li,UP,200,834,,
2026-09-02T13:39:37.300654+00:00,LibGen,LibGen.li,UP,200,772,,
2026-09-02T13:40:38.574662+00:00,LibGen,LibGen.li,UP,200,990,,
2026-09-02T13:41:38.804830+00:00,LibGen,LibGen.li,UP,200,1136,,
2026-09-02T13:42:38.982932+00:00,LibGen,LibGen.li,UP,200,716,,
2026-09-02T13:43:41.408601+00:00,LibGen,LibGen.li,UP,200,2841,,
2026-09-02T13:44:38.418532+00:00,LibGen,LibGen.li,UP,200,254,,
2026-09-02T13:45:40.194968+00:00,LibGen,LibGen.li,UP,200,771,,
2026-09-02T13:46:41.227959+00:00,LibGen,LibGen.li,UP,200,874,,
2026-09-02T13:47:41.466499+00:00,LibGen,LibGen.li,UP,200,742,,
2026-09-02T13:48:42.201502+00:00,LibGen,LibGen.li,UP,200,866,,
2026-09-02T13:49:41.969147+00:00,LibGen,LibGen.li,UP,200,778,,
2026-09-02T13:50:41.662415+00:00,LibGen,LibGen.li,UP,200,260,,
2026-09-02T13:51:43.505010+00:00,LibGen,LibGen.li,UP,200,1123,,
2026-09-02T13:52:43.489607+00:00,LibGen,LibGen.li,UP,200,1010,,
2026-09-02T13:53:42.958654+00:00,LibGen,LibGen.li,UP,200,235,,
2026-09-02T13:54:44.027695+00:00,LibGen,LibGen.li,UP,200,949,,
2026-09-02T13:55:44.427093+00:00,LibGen,LibGen.li,UP,200,783,,
2026-09-02T13:56:44.316035+00:00,LibGen,LibGen.li,UP,200,780,,
2026-09-02T13:57:44.767619+00:00,LibGen,LibGen.li,UP,200,795,,
2026-09-02T13:58:47.170525+00:00,LibGen,LibGen.li,UP,200,1818,,
2026-09-02T14:00:06.878888+00:00,LibGen,LibGen.li,DOWN,,,connection_refused,
2026-09-02T14:00:47.078311+00:00,LibGen,LibGen.li,UP,200,889,,
2026-09-02T14:01:47.664288+00:00,LibGen,LibGen.li,UP,200,856,,
2026-09-02T14:02:47.924007+00:00,LibGen,LibGen.li,UP,200,867,,
2026-09-02T14:03:48.524454+00:00,LibGen,LibGen.li,UP,200,829,,
2026-09-02T14:04:49.245659+00:00,LibGen,LibGen.li,UP,200,944,,
2026-09-02T14:05:48.997357+00:00,LibGen,LibGen.li,UP,200,845,,
2026-09-02T14:06:49.289314+00:00,LibGen,LibGen.li,UP,200,880,,
2026-09-02T14:07:52.698080+00:00,LibGen,LibGen.li,DEGRADED,200,3892,latency_high,
2026-09-02T14:08:50.986897+00:00,LibGen,LibGen.li,UP,200,1643,,
2026-09-02T14:09:51.990248+00:00,LibGen,LibGen.li,UP,200,2502,,
2026-09-02T14:10:50.723854+00:00,LibGen,LibGen.li,UP,200,952,,
2026-09-02T14:11:51.273927+00:00,LibGen,LibGen.li,UP,200,843,,
2026-09-02T14:12:51.504258+00:00,LibGen,LibGen.li,UP,200,710,,
2026-09-02T14:13:51.830549+00:00,LibGen,LibGen.li,UP,200,762,,
2026-09-02T14:14:52.533701+00:00,LibGen,LibGen.li,UP,200,1018,,
2026-09-02T14:15:52.983627+00:00,LibGen,LibGen.li,UP,200,990,,
2026-09-02T14:16:52.829250+00:00,LibGen,LibGen.li,UP,200,803,,
2026-09-02T14:17:53.848801+00:00,LibGen,LibGen.li,UP,200,701,,
2026-09-02T14:18:53.321527+00:00,LibGen,LibGen.li,UP,200,249,,
2026-09-02T14:20:14.419801+00:00,LibGen,LibGen.li,DOWN,,,connection_refused,
2026-09-02T14:20:55.669440+00:00,LibGen,LibGen.li,UP,200,773,,
2026-09-02T14:21:55.787967+00:00,LibGen,LibGen.li,UP,200,676,,
2026-09-02T14:22:54.871463+00:00,LibGen,LibGen.li,UP,200,808,,
2026-09-02T14:23:55.646654+00:00,LibGen,LibGen.li,UP,200,1032,,
2026-09-02T14:24:55.244791+00:00,LibGen,LibGen.li,UP,200,541,,
2026-09-02T14:25:56.264970+00:00,LibGen,LibGen.li,UP,200,885,,
2026-09-02T14:26:57.008616+00:00,LibGen,LibGen.li,UP,200,849,,
2026-09-02T14:28:17.617928+00:00,LibGen,LibGen.li,DOWN,,,connection_refused,
2026-09-02T14:28:57.807224+00:00,LibGen,LibGen.li,UP,200,841,,
2026-09-02T14:29:57.848229+00:00,LibGen,LibGen.li,UP,200,896,,
2026-09-02T14:30:57.928526+00:00,LibGen,LibGen.li,UP,200,912,,
2026-09-02T14:31:58.471528+00:00,LibGen,LibGen.li,UP,200,863,,
2026-09-02T14:32:58.449502+00:00,LibGen,LibGen.li,UP,200,282,,
2026-09-02T14:33:59.645008+00:00,LibGen,LibGen.li,UP,200,851,,
2026-09-02T14:34:59.795061+00:00,LibGen,LibGen.li,UP,200,777,,
2026-09-02T14:36:00.232188+00:00,LibGen,LibGen.li,UP,200,1044,,
2026-09-02T14:37:00.629726+00:00,LibGen,LibGen.li,UP,200,733,,
2026-09-02T14:38:01.700957+00:00,LibGen,LibGen.li,UP,200,1022,,
2026-09-02T14:39:02.044418+00:00,LibGen,LibGen.li,UP,200,905,,
2026-09-02T14:40:02.086120+00:00,LibGen,LibGen.li,UP,200,1126,,
2026-09-02T14:41:02.832685+00:00,LibGen,LibGen.li,UP,200,968,,
2026-09-02T14:42:04.218225+00:00,LibGen,LibGen.li,UP,200,1130,,
2026-09-02T14:43:03.127692+00:00,LibGen,LibGen.li,UP,200,304,,
2026-09-02T14:44:04.080227+00:00,LibGen,LibGen.li,UP,200,1067,,
2026-09-02T14:45:05.441618+00:00,LibGen,LibGen.li,UP,200,1843,,
2026-09-02T14:46:04.275972+00:00,LibGen,LibGen.li,UP,200,1013,,
2026-09-02T14:47:05.108917+00:00,LibGen,LibGen.li,UP,200,1096,,
2026-09-02T14:48:05.000764+00:00,LibGen,LibGen.li,UP,200,767,,
2026-09-02T14:49:05.147981+00:00,LibGen,LibGen.li,UP,200,784,,
2026-09-02T14:50:05.314116+00:00,LibGen,LibGen.li,UP,200,904,,
2026-09-02T14:51:05.664828+00:00,LibGen,LibGen.li,UP,200,311,,
2026-09-02T14:52:06.822497+00:00,LibGen,LibGen.li,UP,200,1036,,
2026-09-02T14:53:06.735050+00:00,LibGen,LibGen.li,UP,200,778,,
2026-09-02T14:54:07.770082+00:00,LibGen,LibGen.li,UP,200,726,,
2026-09-02T14:55:07.491874+00:00,LibGen,LibGen.li,UP,200,1327,,
2026-09-02T14:56:07.856552+00:00,LibGen,LibGen.li,UP,200,1190,,
2026-09-02T14:57:08.236876+00:00,LibGen,LibGen.li,UP,200,685,,
2026-09-02T14:58:08.301387+00:00,LibGen,LibGen.li,UP,200,643,,
2026-09-02T14:59:27.898711+00:00,LibGen,LibGen.li,DOWN,,,connection_refused,
2026-09-02T15:00:11.838483+00:00,LibGen,LibGen.li,DEGRADED,200,3735,latency_high,
2026-09-02T15:01:13.277895+00:00,LibGen,LibGen.li,DEGRADED,200,4823,latency_high,
2026-09-02T15:02:10.595087+00:00,LibGen,LibGen.li,UP,200,2029,,
2026-09-02T15:03:10.619304+00:00,LibGen,LibGen.li,UP,200,1422,,
2026-09-02T15:04:10.422586+00:00,LibGen,LibGen.li,UP,200,1377,,
2026-09-02T15:05:10.574248+00:00,LibGen,LibGen.li,UP,200,1486,,
2026-09-02T15:06:10.420023+00:00,LibGen,LibGen.li,UP,200,776,,
2026-09-02T15:07:11.584389+00:00,LibGen,LibGen.li,UP,200,901,,
2026-09-02T15:08:12.440845+00:00,LibGen,LibGen.li,UP,200,755,,
2026-09-02T15:09:11.807489+00:00,LibGen,LibGen.li,UP,200,772,,
2026-09-02T15:10:13.371120+00:00,LibGen,LibGen.li,UP,200,980,,
2026-09-02T15:11:13.883677+00:00,LibGen,LibGen.li,UP,200,973,,
2026-09-02T15:12:13.112615+00:00,LibGen,LibGen.li,UP,200,237,,
2026-09-02T15:13:14.504697+00:00,LibGen,LibGen.li,UP,200,732,,
2026-09-02T15:14:14.042077+00:00,LibGen,LibGen.li,UP,200,256,,
2026-09-02T15:15:15.637456+00:00,LibGen,LibGen.li,UP,200,863,,
2026-09-02T15:16:15.572192+00:00,LibGen,LibGen.li,UP,200,688,,
2026-09-02T15:17:15.721881+00:00,LibGen,LibGen.li,UP,200,704,,
2026-09-02T15:18:16.505178+00:00,LibGen,LibGen.li,UP,200,758,,
2026-09-02T15:19:16.970750+00:00,LibGen,LibGen.li,UP,200,758,,
2026-09-02T15:20:20.535708+00:00,LibGen,LibGen.li,DEGRADED,200,3801,latency_high,
2026-09-02T15:21:17.145674+00:00,LibGen,LibGen.li,UP,200,799,,
2026-09-02T15:22:17.527830+00:00,LibGen,LibGen.li,UP,200,936,,
2026-09-02T15:23:20.734773+00:00,LibGen,LibGen.li,DEGRADED,200,3855,latency_high,
2026-09-02T15:24:18.251672+00:00,LibGen,LibGen.li,UP,200,625,,
2026-09-02T15:25:18.110528+00:00,LibGen,LibGen.li,UP,200,711,,
2026-09-02T15:26:18.314534+00:00,LibGen,LibGen.li,UP,200,849,,
2026-09-02T15:27:18.821391+00:00,LibGen,LibGen.li,UP,200,912,,
2026-09-02T15:28:21.655895+00:00,LibGen,LibGen.li,DEGRADED,200,3677,latency_high,
2026-09-02T15:29:39.642714+00:00,LibGen,LibGen.li,DOWN,,,connection_refused,
2026-09-02T15:30:19.878386+00:00,LibGen,LibGen.li,UP,200,832,,
2026-09-02T15:31:20.928182+00:00,LibGen,LibGen.li,UP,200,1925,,
2026-09-02T15:32:20.476574+00:00,LibGen,LibGen.li,UP,200,1028,,
2026-09-02T15:33:19.821608+00:00,LibGen,LibGen.li,UP,200,250,,
2026-09-02T15:34:19.959680+00:00,LibGen,LibGen.li,UP,200,243,,
2026-09-02T15:35:21.120767+00:00,LibGen,LibGen.li,UP,200,942,,
2026-09-02T15:36:22.313120+00:00,LibGen,LibGen.li,UP,200,848,,
2026-09-02T15:37:21.710500+00:00,LibGen,LibGen.li,UP,200,758,,
2026-09-02T15:38:22.278160+00:00,LibGen,LibGen.li,UP,200,932,,
2026-09-02T15:39:21.840771+00:00,LibGen,LibGen.li,UP,200,732,,
2026-09-02T15:40:22.411681+00:00,LibGen,LibGen.li,UP,200,907,,
2026-09-02T15:41:23.662847+00:00,LibGen,LibGen.li,UP,200,760,,
2026-09-02T15:42:23.752042+00:00,LibGen,LibGen.li,UP,200,761,,
2026-09-02T15:43:24.409614+00:00,LibGen,LibGen.li,UP,200,881,,
2026-09-02T15:44:23.546756+00:00,LibGen,LibGen.li,UP,200,657,,
2026-09-02T15:45:26.084961+00:00,LibGen,LibGen.li,UP,200,862,,
2026-09-02T15:46:25.104024+00:00,LibGen,LibGen.li,UP,200,815,,
2026-09-02T15:47:26.093123+00:00,LibGen,LibGen.li,UP,200,764,,
2026-09-02T15:48:26.599731+00:00,LibGen,LibGen.li,UP,200,718,,
2026-09-02T15:49:26.504757+00:00,LibGen,LibGen.li,UP,200,784,,
2026-09-02T15:50:26.773107+00:00,LibGen,LibGen.li,UP,200,855,,
2026-09-02T15:51:27.232171+00:00,LibGen,LibGen.li,UP,200,804,,
2026-09-02T15:52:28.996939+00:00,LibGen,LibGen.li,UP,200,2208,,
2026-09-02T15:53:27.850473+00:00,LibGen,LibGen.li,UP,200,862,,
2026-09-02T15:54:28.087807+00:00,LibGen,LibGen.li,UP,200,799,,
2026-09-02T15:55:27.785133+00:00,LibGen,LibGen.li,UP,200,751,,
2026-09-02T15:56:29.288392+00:00,LibGen,LibGen.li,UP,200,777,,
2026-09-02T15:57:28.121199+00:00,LibGen,LibGen.li,UP,200,232,,
2026-09-02T15:58:28.972798+00:00,LibGen,LibGen.li,UP,200,590,,
2026-09-02T15:59:30.020866+00:00,LibGen,LibGen.li,UP,200,715,,
2026-09-02T16:00:29.528749+00:00,LibGen,LibGen.li,UP,200,752,,
2026-09-02T16:01:30.041633+00:00,LibGen,LibGen.li,UP,200,864,,
2026-09-02T16:02:30.172409+00:00,LibGen,LibGen.li,UP,200,261,,
2026-09-02T16:03:31.377438+00:00,LibGen,LibGen.li,UP,200,1040,,
2026-09-02T16:04:31.986378+00:00,LibGen,LibGen.li,UP,200,934,,
2026-09-02T16:05:31.557437+00:00,LibGen,LibGen.li,UP,200,251,,
2026-09-02T16:06:32.659393+00:00,LibGen,LibGen.li,UP,200,1106,,
2026-09-02T16:07:32.695931+00:00,LibGen,LibGen.li,UP,200,903,,
2026-09-02T16:08:33.929705+00:00,LibGen,LibGen.li,UP,200,735,,
2026-09-02T16:09:33.912273+00:00,LibGen,LibGen.li,UP,200,654,,
2026-09-02T16:10:34.901172+00:00,LibGen,LibGen.li,UP,200,835,,
2026-09-02T16:11:35.521010+00:00,LibGen,LibGen.li,UP,200,811,,
2026-09-02T16:12:35.437515+00:00,LibGen,LibGen.li,UP,200,750,,
2026-09-02T16:13:35.599902+00:00,LibGen,LibGen.li,UP,200,854,,
2026-09-02T16:14:35.474533+00:00,LibGen,LibGen.li,UP,200,706,,
2026-09-02T16:15:36.151074+00:00,LibGen,LibGen.li,UP,200,905,,
2026-09-02T16:16:36.191358+00:00,LibGen,LibGen.li,UP,200,776,,
2026-09-02T16:17:37.213592+00:00,LibGen,LibGen.li,UP,200,1547,,
2026-09-02T16:18:36.614315+00:00,LibGen,LibGen.li,UP,200,813,,
2026-09-02T16:19:37.051688+00:00,LibGen,LibGen.li,UP,200,727,,
2026-09-02T16:20:36.352233+00:00,LibGen,LibGen.li,UP,200,280,,
2026-09-02T16:21:36.953041+00:00,LibGen,LibGen.li,UP,200,715,,
2026-09-02T16:22:37.576229+00:00,LibGen,LibGen.li,UP,200,818,,
2026-09-02T16:23:38.185620+00:00,LibGen,LibGen.li,UP,200,753,,
2026-09-02T16:24:38.463895+00:00,LibGen,LibGen.li,UP,200,753,,
2026-09-02T16:25:39.087334+00:00,LibGen,LibGen.li,UP,200,812,,
2026-09-02T16:26:38.884604+00:00,LibGen,LibGen.li,UP,200,651,,
2026-09-02T16:27:40.993844+00:00,LibGen,LibGen.li,UP,200,837,,
2026-09-02T16:28:39.706567+00:00,LibGen,LibGen.li,UP,200,258,,
2026-09-02T16:29:40.601957+00:00,LibGen,LibGen.li,UP,200,655,,
2026-09-02T16:30:42.679820+00:00,LibGen,LibGen.li,UP,200,1294,,
2026-09-02T16:31:41.706170+00:00,LibGen,LibGen.li,UP,200,790,,
2026-09-02T16:32:42.025754+00:00,LibGen,LibGen.li,UP,200,760,,
2026-09-02T16:33:42.654588+00:00,LibGen,LibGen.li,UP,200,817,,
2026-09-02T16:34:43.307232+00:00,LibGen,LibGen.li,UP,200,764,,
2026-09-02T16:35:43.208515+00:00,LibGen,LibGen.li,UP,200,774,,
2026-09-02T16:36:44.019821+00:00,LibGen,LibGen.li,UP,200,766,,
2026-09-02T16:37:43.943934+00:00,LibGen,LibGen.li,UP,200,703,,
2026-09-02T16:38:43.850174+00:00,LibGen,LibGen.li,UP,200,719,,
2026-09-02T16:39:44.055364+00:00,LibGen,LibGen.li,UP,200,715,,
2026-09-02T16:40:44.419589+00:00,LibGen,LibGen.li,UP,200,779,,
2026-09-02T16:41:44.124537+00:00,LibGen,LibGen.li,UP,200,780,,
2026-09-02T16:42:44.566512+00:00,LibGen,LibGen.li,UP,200,766,,
2026-09-02T16:43:44.239271+00:00,LibGen,LibGen.li,UP,200,721,,
2026-09-02T16:44:44.283398+00:00,LibGen,LibGen.li,UP,200,252,,
2026-09-02T16:45:45.467638+00:00,LibGen,LibGen.li,UP,200,831,,
2026-09-02T16:46:45.715080+00:00,LibGen,LibGen.li,UP,200,791,,
2026-09-02T16:47:45.766012+00:00,LibGen,LibGen.li,UP,200,1049,,
2026-09-02T16:48:45.686812+00:00,LibGen,LibGen.li,UP,200,725,,
2026-09-02T16:50:06.124811+00:00,LibGen,LibGen.li,DOWN,,,connection_refused,
2026-09-02T16:50:45.715188+00:00,LibGen,LibGen.li,UP,200,783,,
2026-09-02T16:51:47.094781+00:00,LibGen,LibGen.li,UP,200,680,,
2026-09-02T16:52:47.201170+00:00,LibGen,LibGen.li,UP,200,782,,
2026-09-02T16:53:47.591776+00:00,LibGen,LibGen.li,UP,200,760,,
2026-09-02T16:54:57.304715+00:00,LibGen,LibGen.li,UP,200,1090,,
2026-09-02T16:55:48.480145+00:00,LibGen,LibGen.li,UP,200,687,,
2026-09-02T16:56:47.975760+00:00,LibGen,LibGen.li,UP,200,634,,
2026-09-02T16:57:47.996625+00:00,LibGen,LibGen.li,UP,200,770,,
2026-09-02T16:58:48.605802+00:00,LibGen,LibGen.li,UP,200,693,,
2026-09-02T16:59:48.907482+00:00,LibGen,LibGen.li,UP,200,824,,
2026-09-02T17:00:49.396145+00:00,LibGen,LibGen.li,UP,200,886,,
2026-09-02T17:01:49.248944+00:00,LibGen,LibGen.li,UP,200,905,,
2026-09-02T17:02:49.919710+00:00,LibGen,LibGen.li,UP,200,1078,,
2026-09-02T17:03:49.090240+00:00,LibGen,LibGen.li,UP,200,266,,
2026-09-02T17:04:50.830589+00:00,LibGen,LibGen.li,UP,200,1812,,
2026-09-02T17:05:50.122591+00:00,LibGen,LibGen.li,UP,200,743,,
2026-09-02T17:06:50.422683+00:00,LibGen,LibGen.li,UP,200,852,,
2026-09-02T17:07:49.337542+00:00,LibGen,LibGen.li,UP,200,271,,
2026-09-02T17:08:50.438271+00:00,LibGen,LibGen.li,UP,200,748,,
2026-09-02T17:09:51.219533+00:00,LibGen,LibGen.li,UP,200,1091,,
2026-09-02T17:10:51.037981+00:00,LibGen,LibGen.li,UP,200,873,,
2026-09-02T17:11:50.603826+00:00,LibGen,LibGen.li,UP,200,298,,
2026-09-02T17:12:51.524579+00:00,LibGen,LibGen.li,UP,200,667,,
2026-09-02T17:13:52.568778+00:00,LibGen,LibGen.li,UP,200,786,,
2026-09-02T17:14:52.094652+00:00,LibGen,LibGen.li,UP,200,790,,
2026-09-02T17:15:53.207099+00:00,LibGen,LibGen.li,UP,200,701,,
2026-09-02T17:16:53.303572+00:00,LibGen,LibGen.li,UP,200,688,,
2026-09-02T17:17:53.526043+00:00,LibGen,LibGen.li,UP,200,719,,
2026-09-02T17:18:53.729367+00:00,LibGen,LibGen.li,UP,200,794,,
2026-09-02T17:19:54.542974+00:00,LibGen,LibGen.li,UP,200,714,,
2026-09-02T17:21:15.034871+00:00,LibGen,LibGen.li,DOWN,,,connection_refused,
2026-09-02T17:21:55.309847+00:00,LibGen,LibGen.li,UP,200,813,,
2026-09-02T17:22:55.301489+00:00,LibGen,LibGen.li,UP,200,1114,,
2026-09-02T17:23:56.116853+00:00,LibGen,LibGen.li,UP,200,748,,
2026-09-02T17:25:00.429539+00:00,LibGen,LibGen.li,DEGRADED,200,4211,latency_high,
2026-09-02T17:25:56.684483+00:00,LibGen,LibGen.li,UP,200,737,,
2026-09-02T17:26:56.184617+00:00,LibGen,LibGen.li,UP,200,701,,
2026-09-02T17:27:57.119489+00:00,LibGen,LibGen.li,UP,200,592,,
2026-09-02T17:28:57.001236+00:00,LibGen,LibGen.li,UP,200,718,,
2026-09-02T17:29:58.005884+00:00,LibGen,LibGen.li,UP,200,1013,,
2026-09-02T17:30:56.815590+00:00,LibGen,LibGen.li,UP,200,241,,
2026-09-02T17:31:57.872979+00:00,LibGen,LibGen.li,UP,200,832,,
2026-09-02T17:32:58.116008+00:00,LibGen,LibGen.li,UP,200,691,,
2026-09-02T17:33:59.360507+00:00,LibGen,LibGen.li,UP,200,1052,,
2026-09-02T17:35:18.796539+00:00,LibGen,LibGen.li,DOWN,,,connection_refused,
2026-09-02T17:35:58.951264+00:00,LibGen,LibGen.li,UP,200,822,,
2026-09-02T17:36:59.470099+00:00,LibGen,LibGen.li,UP,200,905,,
2026-09-02T17:38:01.634724+00:00,LibGen,LibGen.li,UP,200,2412,,
2026-09-02T17:39:00.030216+00:00,LibGen,LibGen.li,UP,200,235,,
2026-09-02T17:40:02.194703+00:00,LibGen,LibGen.li,UP,200,1061,,
2026-09-02T17:41:01.805962+00:00,LibGen,LibGen.li,UP,200,1077,,
2026-09-02T17:42:02.223133+00:00,LibGen,LibGen.li,UP,200,940,,
2026-09-02T17:43:02.236294+00:00,LibGen,LibGen.li,UP,200,1067,,
2026-09-02T17:44:04.091637+00:00,LibGen,LibGen.li,UP,200,1196,,
2026-09-02T17:45:04.046173+00:00,LibGen,LibGen.li,UP,200,1054,,
2026-09-02T17:46:05.257979+00:00,LibGen,LibGen.li,UP,200,1955,,
2026-09-02T17:47:04.153876+00:00,LibGen,LibGen.li,UP,200,923,,
2026-09-02T17:48:04.494732+00:00,LibGen,LibGen.li,UP,200,771,,
2026-09-02T17:49:05.280436+00:00,LibGen,LibGen.li,UP,200,977,,
2026-09-02T17:50:05.820516+00:00,LibGen,LibGen.li,UP,200,901,,
2026-09-02T17:51:05.607056+00:00,LibGen,LibGen.li,UP,200,916,,
2026-09-02T17:52:05.737593+00:00,LibGen,LibGen.li,UP,200,1075,,
2026-09-02T17:53:05.838413+00:00,LibGen,LibGen.li,UP,200,861,,
2026-09-02T17:54:06.879989+00:00,LibGen,LibGen.li,UP,200,757,,
2026-09-02T17:55:07.037889+00:00,LibGen,LibGen.li,UP,200,1013,,
2026-09-02T17:56:07.077408+00:00,LibGen,LibGen.li,UP,200,797,,
2026-09-02T17:57:07.110905+00:00,LibGen,LibGen.li,UP,200,800,,
2026-09-02T17:58:07.096640+00:00,LibGen,LibGen.li,UP,200,258,,
2026-09-02T17:59:07.612344+00:00,LibGen,LibGen.li,UP,200,736,,
2026-09-02T18:00:09.673435+00:00,LibGen,LibGen.li,UP,200,1372,,
2026-09-02T18:01:09.551653+00:00,LibGen,LibGen.li,UP,200,1051,,
2026-09-02T18:02:09.524567+00:00,LibGen,LibGen.li,UP,200,306,,
2026-09-02T18:03:11.485031+00:00,LibGen,LibGen.li,UP,200,1002,,
2026-09-02T18:04:11.588413+00:00,LibGen,LibGen.li,UP,200,269,,
2026-09-02T18:05:12.088037+00:00,LibGen,LibGen.li,UP,200,933,,
2026-09-02T18:06:12.574810+00:00,LibGen,LibGen.li,UP,200,848,,
2026-09-02T18:07:13.660741+00:00,LibGen,LibGen.li,UP,200,895,,
2026-09-02T18:08:13.880356+00:00,LibGen,LibGen.li,UP,200,786,,
2026-09-02T18:09:14.326842+00:00,LibGen,LibGen.li,UP,200,784,,
2026-09-02T18:10:14.817801+00:00,LibGen,LibGen.li,UP,200,1012,,
2026-09-02T18:11:15.772825+00:00,LibGen,LibGen.li,UP,200,1164,,
2026-09-02T18:12:16.128181+00:00,LibGen,LibGen.li,UP,200,747,,
2026-09-02T18:13:16.270451+00:00,LibGen,LibGen.li,UP,200,783,,
2026-09-02T18:14:16.629455+00:00,LibGen,LibGen.li,UP,200,743,,
2026-09-02T18:15:17.129165+00:00,LibGen,LibGen.li,UP,200,283,,
2026-09-02T18:16:17.878745+00:00,LibGen,LibGen.li,UP,200,719,,
2026-09-02T18:17:20.717586+00:00,LibGen,LibGen.li,DEGRADED,200,3722,latency_high,
2026-09-02T18:18:17.651437+00:00,LibGen,LibGen.li,UP,200,607,,
2026-09-02T18:19:18.298244+00:00,LibGen,LibGen.li,UP,200,717,,
2026-09-02T18:20:18.948183+00:00,LibGen,LibGen.li,UP,200,991,,
2026-09-02T18:21:19.374053+00:00,LibGen,LibGen.li,UP,200,719,,
2026-09-02T18:22:19.656553+00:00,LibGen,LibGen.li,UP,200,645,,
2026-09-02T18:23:20.327005+00:00,LibGen,LibGen.li,UP,200,813,,
2026-09-02T18:24:22.940934+00:00,LibGen,LibGen.li,UP,200,1088,,
2026-09-02T18:25:21.021392+00:00,LibGen,LibGen.li,UP,200,240,,
2026-09-02T18:26:22.283750+00:00,LibGen,LibGen.li,UP,200,769,,
2026-09-02T18:27:21.713576+00:00,LibGen,LibGen.li,UP,200,257,,
2026-09-02T18:28:22.398967+00:00,LibGen,LibGen.li,UP,200,855,,
2026-09-02T18:29:22.778326+00:00,LibGen,LibGen.li,UP,200,966,,
2026-09-02T18:30:23.433645+00:00,LibGen,LibGen.li,UP,200,1042,,
2026-09-02T18:31:24.421044+00:00,LibGen,LibGen.li,UP,200,664,,
2026-09-02T18:32:24.033307+00:00,LibGen,LibGen.li,UP,200,599,,
2026-09-02T18:33:24.681490+00:00,LibGen,LibGen.li,UP,200,775,,
2026-09-02T18:34:25.872929+00:00,LibGen,LibGen.li,UP,200,1124,,
2026-09-02T18:35:26.125480+00:00,LibGen,LibGen.li,UP,200,694,,
2026-09-02T18:36:25.480938+00:00,LibGen,LibGen.li,UP,200,750,,
2026-09-02T18:37:25.496746+00:00,LibGen,LibGen.li,UP,200,271,,
2026-09-02T18:38:26.970571+00:00,LibGen,LibGen.li,UP,200,764,,
2026-09-02T18:39:27.210915+00:00,LibGen,LibGen.li,UP,200,782,,
2026-09-02T18:40:27.859089+00:00,LibGen,LibGen.li,UP,200,238,,
2026-09-02T18:41:28.483345+00:00,LibGen,LibGen.li,UP,200,843,,
2026-09-02T18:42:30.528716+00:00,LibGen,LibGen.li,UP,200,258,,
2026-09-02T18:43:28.519143+00:00,LibGen,LibGen.li,UP,200,657,,
2026-09-02T18:44:29.355587+00:00,LibGen,LibGen.li,UP,200,871,,
2026-09-02T18:45:29.278036+00:00,LibGen,LibGen.li,UP,200,845,,
2026-09-02T18:46:29.124565+00:00,LibGen,LibGen.li,UP,200,797,,
2026-09-02T18:47:29.149404+00:00,LibGen,LibGen.li,UP,200,728,,
2026-09-02T18:48:29.879485+00:00,LibGen,LibGen.li,UP,200,818,,
2026-09-02T18:49:30.870376+00:00,LibGen,LibGen.li,UP,200,1776,,
2026-09-02T18:50:30.441109+00:00,LibGen,LibGen.li,UP,200,889,,
2026-09-02T18:51:30.635406+00:00,LibGen,LibGen.li,UP,200,745,,
2026-09-02T18:52:30.409412+00:00,LibGen,LibGen.li,UP,200,796,,
2026-09-02T18:53:30.917048+00:00,LibGen,LibGen.li,UP,200,917,,
2026-09-02T18:54:51.948984+00:00,LibGen,LibGen.li,DOWN,,,connection_refused,
2026-09-02T18:55:34.027483+00:00,LibGen,LibGen.li,UP,200,953,,
2026-09-02T18:56:32.104164+00:00,LibGen,LibGen.li,UP,200,755,,
2026-09-02T18:57:33.284493+00:00,LibGen,LibGen.li,UP,200,1013,,
2026-09-02T18:58:33.644117+00:00,LibGen,LibGen.li,UP,200,709,,
2026-09-02T18:59:34.711340+00:00,LibGen,LibGen.li,UP,200,743,,
2026-09-02T19:00:34.987540+00:00,LibGen,LibGen.li,UP,200,898,,
2026-09-02T19:01:35.616258+00:00,LibGen,LibGen.li,UP,200,1093,,
2026-09-02T19:02:35.920702+00:00,LibGen,LibGen.li,UP,200,927,,
2026-09-02T19:03:36.619037+00:00,LibGen,LibGen.li,UP,200,731,,
2026-09-02T19:04:36.016311+00:00,LibGen,LibGen.li,UP,200,847,,
2026-09-02T19:05:37.218072+00:00,LibGen,LibGen.li,UP,200,827,,
2026-09-02T19:06:37.322075+00:00,LibGen,LibGen.li,UP,200,750,,
2026-09-02T19:07:36.908653+00:00,LibGen,LibGen.li,UP,200,681,,
2026-09-02T19:08:37.482586+00:00,LibGen,LibGen.li,UP,200,753,,
2026-09-02T19:09:38.542859+00:00,LibGen,LibGen.li,UP,200,1081,,
2026-09-02T19:10:38.659384+00:00,LibGen,LibGen.li,UP,200,904,,
2026-09-02T19:11:39.474247+00:00,LibGen,LibGen.li,UP,200,1145,,
2026-09-02T19:12:39.758233+00:00,LibGen,LibGen.li,UP,200,689,,
2026-09-02T19:13:39.501063+00:00,LibGen,LibGen.li,UP,200,809,,
2026-09-02T19:14:40.226164+00:00,LibGen,LibGen.li,UP,200,605,,
2026-09-02T19:15:40.405271+00:00,LibGen,LibGen.li,UP,200,747,,
2026-09-02T19:16:40.733521+00:00,LibGen,LibGen.li,UP,200,1130,,
2026-09-02T19:17:40.397918+00:00,LibGen,LibGen.li,UP,200,753,,
2026-09-02T19:19:00.578063+00:00,LibGen,LibGen.li,DOWN,,,connection_refused,
2026-09-02T19:19:40.414132+00:00,LibGen,LibGen.li,UP,200,668,,
2026-09-02T19:20:40.854179+00:00,LibGen,LibGen.li,UP,200,600,,
2026-09-02T19:21:41.206036+00:00,LibGen,LibGen.li,UP,200,653,,
2026-09-02T19:22:41.925663+00:00,LibGen,LibGen.li,UP,200,904,,
2026-09-02T19:23:42.262974+00:00,LibGen,LibGen.li,UP,200,833,,
2026-09-02T19:24:42.490552+00:00,LibGen,LibGen.li,UP,200,898,,
2026-09-02T19:25:44.810638+00:00,LibGen,LibGen.li,UP,200,685,,
2026-09-02T19:26:42.979256+00:00,LibGen,LibGen.li,UP,200,255,,
2026-09-02T19:27:42.947973+00:00,LibGen,LibGen.li,UP,200,582,,
2026-09-02T19:28:44.179606+00:00,LibGen,LibGen.li,UP,200,1131,,
2026-09-02T19:29:44.447316+00:00,LibGen,LibGen.li,UP,200,746,,
2026-09-02T19:30:44.795673+00:00,LibGen,LibGen.li,UP,200,796,,
2026-09-02T19:31:44.624451+00:00,LibGen,LibGen.li,UP,200,786,,
2026-09-02T19:32:45.044188+00:00,LibGen,LibGen.li,UP,200,696,,
2026-09-02T19:33:45.570111+00:00,LibGen,LibGen.li,UP,200,721,,
2026-09-02T19:34:45.997570+00:00,LibGen,LibGen.li,UP,200,698,,
2026-09-02T19:35:46.323796+00:00,LibGen,LibGen.li,UP,200,696,,
2026-09-02T19:36:45.735186+00:00,LibGen,LibGen.li,UP,200,263,,
2026-09-02T19:37:49.557685+00:00,LibGen,LibGen.li,DEGRADED,200,3716,latency_high,
2026-09-02T19:38:47.993813+00:00,LibGen,LibGen.li,UP,200,783,,
2026-09-02T19:39:47.678401+00:00,LibGen,LibGen.li,UP,200,864,,
2026-09-02T19:40:49.044029+00:00,LibGen,LibGen.li,UP,200,1099,,
2026-09-02T19:41:48.237230+00:00,LibGen,LibGen.li,UP,200,827,,
2026-09-02T19:42:49.965464+00:00,LibGen,LibGen.li,UP,200,723,,
2026-09-02T19:43:48.588981+00:00,LibGen,LibGen.li,UP,200,281,,
2026-09-02T19:44:51.205997+00:00,LibGen,LibGen.li,UP,200,678,,
2026-09-02T19:45:50.102557+00:00,LibGen,LibGen.li,UP,200,889,,
2026-09-02T19:46:52.189031+00:00,LibGen,LibGen.li,UP,200,657,,
2026-09-02T19:47:51.370133+00:00,LibGen,LibGen.li,UP,200,790,,
2026-09-02T19:48:50.601554+00:00,LibGen,LibGen.li,UP,200,794,,
2026-09-02T19:49:52.358439+00:00,LibGen,LibGen.li,UP,200,910,,
2026-09-02T19:50:51.473672+00:00,LibGen,LibGen.li,UP,200,743,,
2026-09-02T19:51:51.909922+00:00,LibGen,LibGen.li,UP,200,985,,
2026-09-02T19:52:52.177506+00:00,LibGen,LibGen.li,UP,200,705,,
2026-09-02T19:53:54.658584+00:00,LibGen,LibGen.li,UP,200,1093,,
2026-09-02T19:54:53.156614+00:00,LibGen,LibGen.li,UP,200,1667,,
2026-09-02T19:55:53.313315+00:00,LibGen,LibGen.li,UP,200,768,,
2026-09-02T19:56:54.381431+00:00,LibGen,LibGen.li,UP,200,647,,
2026-09-02T19:57:54.030717+00:00,LibGen,LibGen.li,UP,200,748,,
2026-09-02T19:58:54.284921+00:00,LibGen,LibGen.li,UP,200,662,,
2026-09-02T20:00:14.387935+00:00,LibGen,LibGen.li,DOWN,,,connection_refused,
2026-09-02T20:00:55.062561+00:00,LibGen,LibGen.li,UP,200,885,,
2026-09-02T20:01:57.129076+00:00,LibGen,LibGen.li,UP,200,762,,
2026-09-02T20:02:56.333198+00:00,LibGen,LibGen.li,UP,200,247,,
2026-09-02T20:03:57.321381+00:00,LibGen,LibGen.li,UP,200,876,,
2026-09-02T20:04:57.363695+00:00,LibGen,LibGen.li,UP,200,714,,
2026-09-02T20:05:59.154026+00:00,LibGen,LibGen.li,UP,200,980,,
2026-09-02T20:06:59.248756+00:00,LibGen,LibGen.li,UP,200,800,,
2026-09-02T20:07:59.374168+00:00,LibGen,LibGen.li,UP,200,551,,
2026-09-02T20:08:59.572793+00:00,LibGen,LibGen.li,UP,200,846,,
2026-09-02T20:09:59.396759+00:00,LibGen,LibGen.li,DOWN,,,connection_refused,
2026-09-02T20:11:01.808578+00:00,LibGen,LibGen.li,UP,200,1071,,
2026-09-02T20:12:01.809892+00:00,LibGen,LibGen.li,UP,200,1107,,
2026-09-02T20:13:00.872372+00:00,LibGen,LibGen.li,UP,200,291,,
2026-09-02T20:14:21.703157+00:00,LibGen,LibGen.li,DOWN,,,connection_refused,
2026-09-02T20:15:02.709960+00:00,LibGen,LibGen.li,UP,200,1535,,
2026-09-02T20:16:02.904231+00:00,LibGen,LibGen.li,UP,200,960,,
2026-09-02T20:17:04.392497+00:00,LibGen,LibGen.li,UP,200,1342,,
2026-09-02T20:18:04.372690+00:00,LibGen,LibGen.li,UP,200,828,,
2026-09-02T20:19:04.057415+00:00,LibGen,LibGen.li,UP,200,250,,
2026-09-02T20:20:26.203266+00:00,LibGen,LibGen.li,DOWN,,,connection_refused,
2026-09-02T20:21:05.433554+00:00,LibGen,LibGen.li,UP,200,864,,
2026-09-02T20:22:06.535830+00:00,LibGen,LibGen.li,UP,200,811,,
2026-09-02T20:23:06.294529+00:00,LibGen,LibGen.li,UP,200,830,,
2026-09-02T20:24:06.525255+00:00,LibGen,LibGen.li,UP,200,718,,
2026-09-02T20:25:06.729168+00:00,LibGen,LibGen.li,UP,200,586,,
2026-09-02T20:26:07.393673+00:00,LibGen,LibGen.li,UP,200,921,,
2026-09-02T20:27:07.825247+00:00,LibGen,LibGen.li,UP,200,286,,
2026-09-02T20:28:09.927873+00:00,LibGen,LibGen.li,UP,200,1726,,
2026-09-02T20:29:09.183109+00:00,LibGen,LibGen.li,UP,200,1255,,
2026-09-02T20:30:09.163537+00:00,LibGen,LibGen.li,UP,200,1178,,
2026-09-02T20:31:09.114465+00:00,LibGen,LibGen.li,UP,200,804,,
2026-09-02T20:32:09.940239+00:00,LibGen,LibGen.li,UP,200,734,,
2026-09-02T20:33:10.110954+00:00,LibGen,LibGen.li,UP,200,718,,
2026-09-02T20:34:11.218388+00:00,LibGen,LibGen.li,UP,200,799,,
2026-09-02T20:35:13.589865+00:00,LibGen,LibGen.li,UP,200,2209,,
2026-09-02T20:36:12.351458+00:00,LibGen,LibGen.li,UP,200,1050,,
2026-09-02T20:37:32.758090+00:00,LibGen,LibGen.li,DOWN,,,connection_refused,
2026-09-02T20:38:13.902611+00:00,LibGen,LibGen.li,UP,200,623,,
2026-09-02T20:39:12.537622+00:00,LibGen,LibGen.li,UP,200,692,,
2026-09-02T20:40:13.781600+00:00,LibGen,LibGen.li,UP,200,843,,
2026-09-02T20:41:14.530832+00:00,LibGen,LibGen.li,UP,200,778,,
2026-09-02T20:42:14.795752+00:00,LibGen,LibGen.li,UP,200,1222,,
2026-09-02T20:43:14.436077+00:00,LibGen,LibGen.li,UP,200,775,,
2026-09-02T20:44:17.212376+00:00,LibGen,LibGen.li,UP,200,741,,
2026-09-02T20:45:15.081071+00:00,LibGen,LibGen.li,UP,200,732,,
2026-09-02T20:46:15.755160+00:00,LibGen,LibGen.li,UP,200,778,,
2026-09-02T20:47:15.659780+00:00,LibGen,LibGen.li,UP,200,827,,
2026-09-02T20:48:16.243009+00:00,LibGen,LibGen.li,UP,200,629,,
2026-09-02T20:49:16.705438+00:00,LibGen,LibGen.li,UP,200,256,,
2026-09-02T20:50:17.289604+00:00,LibGen,LibGen.li,UP,200,798,,
2026-09-02T20:51:17.787969+00:00,LibGen,LibGen.li,UP,200,713,,
2026-09-02T20:52:17.885299+00:00,LibGen,LibGen.li,UP,200,690,,
2026-09-02T20:53:17.667380+00:00,LibGen,LibGen.li,UP,200,262,,
2026-09-02T20:54:17.768635+00:00,LibGen,LibGen.li,UP,200,302,,
2026-09-02T20:55:18.247145+00:00,LibGen,LibGen.li,UP,200,740,,
2026-09-02T20:56:18.637087+00:00,LibGen,LibGen.li,UP,200,545,,
2026-09-02T20:57:20.780482+00:00,LibGen,LibGen.li,UP,200,2101,,
2026-09-02T20:58:19.814825+00:00,LibGen,LibGen.li,UP,200,1079,,
2026-09-02T20:59:20.306317+00:00,LibGen,LibGen.li,UP,200,703,,
2026-09-02T21:00:21.985155+00:00,LibGen,LibGen.li,UP,200,1048,,
2026-09-02T21:01:22.431669+00:00,LibGen,LibGen.li,UP,200,819,,
2026-09-02T21:02:22.080447+00:00,LibGen,LibGen.li,UP,200,268,,
2026-09-02T21:03:22.994625+00:00,LibGen,LibGen.li,UP,200,638,,
2026-09-02T21:04:22.732371+00:00,LibGen,LibGen.li,UP,200,646,,
2026-09-02T21:05:23.808667+00:00,LibGen,LibGen.li,UP,200,745,,
2026-09-02T21:06:23.882505+00:00,LibGen,LibGen.li,UP,200,666,,
2026-09-02T21:07:23.978198+00:00,LibGen,LibGen.li,UP,200,611,,
2026-09-02T21:08:24.335312+00:00,LibGen,LibGen.li,UP,200,794,,
2026-09-02T21:09:24.359158+00:00,LibGen,LibGen.li,UP,200,769,,
2026-09-02T21:10:28.075492+00:00,LibGen,LibGen.li,DEGRADED,200,3414,latency_high,
2026-09-02T21:11:26.022003+00:00,LibGen,LibGen.li,UP,200,771,,
2026-09-02T21:12:26.268537+00:00,LibGen,LibGen.li,UP,200,804,,
2026-09-02T21:13:26.408583+00:00,LibGen,LibGen.li,UP,200,774,,
2026-09-02T21:14:26.432332+00:00,LibGen,LibGen.li,UP,200,701,,
2026-09-02T21:15:27.695654+00:00,LibGen,LibGen.li,UP,200,974,,
2026-09-02T21:16:28.608898+00:00,LibGen,LibGen.li,UP,200,1051,,
2026-09-02T21:17:28.035392+00:00,LibGen,LibGen.li,UP,200,963,,
2026-09-02T21:18:28.679093+00:00,LibGen,LibGen.li,UP,200,706,,
2026-09-02T21:19:29.828270+00:00,LibGen,LibGen.li,UP,200,930,,
2026-09-02T21:20:28.534800+00:00,LibGen,LibGen.li,UP,200,574,,
2026-09-02T21:21:31.326153+00:00,LibGen,LibGen.li,UP,200,2708,,
2026-09-02T21:22:30.326247+00:00,LibGen,LibGen.li,UP,200,994,,
2026-09-02T21:23:30.569569+00:00,LibGen,LibGen.li,UP,200,818,,
2026-09-02T21:24:30.996965+00:00,LibGen,LibGen.li,UP,200,913,,
2026-09-02T21:25:31.247393+00:00,LibGen,LibGen.li,UP,200,680,,
2026-09-02T21:26:31.744063+00:00,LibGen,LibGen.li,UP,200,720,,
2026-09-02T21:27:31.443937+00:00,LibGen,LibGen.li,UP,200,647,,
2026-09-02T21:28:33.045568+00:00,LibGen,LibGen.li,UP,200,722,,
2026-09-02T21:29:32.269571+00:00,LibGen,LibGen.li,UP,200,711,,
2026-09-02T21:30:32.676933+00:00,LibGen,LibGen.li,UP,200,749,,
2026-09-02T21:31:33.151136+00:00,LibGen,LibGen.li,UP,200,647,,
2026-09-02T21:32:34.224159+00:00,LibGen,LibGen.li,UP,200,1003,,
2026-09-02T21:33:36.240446+00:00,LibGen,LibGen.li,UP,200,245,,
2026-09-02T21:34:34.267502+00:00,LibGen,LibGen.li,UP,200,279,,
2026-09-02T21:35:35.391141+00:00,LibGen,LibGen.li,UP,200,1812,,
2026-09-02T21:36:34.715958+00:00,LibGen,LibGen.li,UP,200,794,,
2026-09-02T21:37:35.691400+00:00,LibGen,LibGen.li,UP,200,579,,
2026-09-02T21:38:35.220800+00:00,LibGen,LibGen.li,UP,200,711,,
2026-09-02T21:39:36.152482+00:00,LibGen,LibGen.li,UP,200,598,,
2026-09-02T21:40:35.536580+00:00,LibGen,LibGen.li,UP,200,234,,
2026-09-02T21:41:36.202656+00:00,LibGen,LibGen.li,UP,200,854,,
2026-09-02T21:42:37.193959+00:00,LibGen,LibGen.li,UP,200,900,,
2026-09-02T21:43:37.566440+00:00,LibGen,LibGen.li,UP,200,750,,
2026-09-02T21:44:37.972019+00:00,LibGen,LibGen.li,UP,200,432,,
2026-09-02T21:45:40.034639+00:00,LibGen,LibGen.li,UP,200,755,,
2026-09-02T21:46:39.213107+00:00,LibGen,LibGen.li,UP,200,852,,
2026-09-02T21:47:39.815664+00:00,LibGen,LibGen.li,UP,200,840,,
2026-09-02T21:48:39.672890+00:00,LibGen,LibGen.li,UP,200,685,,
2026-09-02T21:49:39.848033+00:00,LibGen,LibGen.li,UP,200,685,,
2026-09-02T21:50:39.872520+00:00,LibGen,LibGen.li,UP,200,681,,
2026-09-02T21:51:40.179879+00:00,LibGen,LibGen.li,UP,200,675,,
2026-09-02T21:52:40.717646+00:00,LibGen,LibGen.li,UP,200,807,,
2026-09-02T21:53:41.973627+00:00,LibGen,LibGen.li,UP,200,797,,
2026-09-02T21:55:01.393378+00:00,LibGen,LibGen.li,DOWN,,,connection_refused,
2026-09-02T21:55:41.486366+00:00,LibGen,LibGen.li,UP,200,741,,
2026-09-02T21:56:41.521727+00:00,LibGen,LibGen.li,UP,200,619,,
2026-09-02T21:57:41.954058+00:00,LibGen,LibGen.li,UP,200,963,,
2026-09-02T21:58:43.127953+00:00,LibGen,LibGen.li,UP,200,780,,
2026-09-02T21:59:43.724658+00:00,LibGen,LibGen.li,UP,200,736,,
2026-09-02T22:00:44.497150+00:00,LibGen,LibGen.li,UP,200,895,,
2026-09-02T22:01:44.297441+00:00,LibGen,LibGen.li,UP,200,755,,
2026-09-02T22:02:44.951107+00:00,LibGen,LibGen.li,UP,200,940,,
2026-09-02T22:03:45.393057+00:00,LibGen,LibGen.li,UP,200,691,,
2026-09-02T22:04:45.303645+00:00,LibGen,LibGen.li,UP,200,857,,
2026-09-02T22:05:45.700198+00:00,LibGen,LibGen.li,UP,200,732,,
2026-09-02T22:06:45.143405+00:00,LibGen,LibGen.li,UP,200,422,,
2026-09-02T22:07:45.644256+00:00,LibGen,LibGen.li,UP,200,887,,
2026-09-02T22:08:46.380492+00:00,LibGen,LibGen.li,UP,200,1066,,
2026-09-02T22:09:46.312034+00:00,LibGen,LibGen.li,UP,200,720,,
2026-09-02T22:10:47.035162+00:00,LibGen,LibGen.li,UP,200,1004,,
2026-09-02T22:11:47.207106+00:00,LibGen,LibGen.li,UP,200,880,,
2026-09-02T22:12:48.490671+00:00,LibGen,LibGen.li,UP,200,1619,,
2026-09-02T22:13:47.327709+00:00,LibGen,LibGen.li,UP,200,718,,
2026-09-02T22:14:47.433486+00:00,LibGen,LibGen.li,UP,200,621,,
2026-09-02T22:15:48.207616+00:00,LibGen,LibGen.li,UP,200,958,,
2026-09-02T22:16:48.284866+00:00,LibGen,LibGen.li,UP,200,650,,
2026-09-02T22:17:48.902505+00:00,LibGen,LibGen.li,UP,200,1074,,
2026-09-02T22:18:48.164547+00:00,LibGen,LibGen.li,UP,200,827,,
2026-09-02T22:19:49.035946+00:00,LibGen,LibGen.li,UP,200,712,,
2026-09-02T22:20:49.887180+00:00,LibGen,LibGen.li,UP,200,756,,
2026-09-02T22:21:50.328769+00:00,LibGen,LibGen.li,UP,200,740,,
2026-09-02T22:22:50.855463+00:00,LibGen,LibGen.li,UP,200,719,,
2026-09-02T22:23:50.565209+00:00,LibGen,LibGen.li,UP,200,751,,
2026-09-02T22:24:51.212395+00:00,LibGen,LibGen.li,UP,200,702,,
2026-09-02T22:25:52.437042+00:00,LibGen,LibGen.li,UP,200,917,,
2026-09-02T22:27:12.043258+00:00,LibGen,LibGen.li,DOWN,,,connection_refused,
2026-09-02T22:27:51.642467+00:00,LibGen,LibGen.li,UP,200,646,,
2026-09-02T22:28:54.775805+00:00,LibGen,LibGen.li,UP,200,1053,,
2026-09-02T22:29:52.475975+00:00,LibGen,LibGen.li,UP,200,522,,
2026-09-02T22:30:52.940549+00:00,LibGen,LibGen.li,UP,200,913,,
2026-09-02T22:31:52.794752+00:00,LibGen,LibGen.li,UP,200,678,,
2026-09-02T22:32:53.264919+00:00,LibGen,LibGen.li,UP,200,930,,
2026-09-02T22:33:52.954800+00:00,LibGen,LibGen.li,UP,200,684,,
2026-09-02T22:34:53.801345+00:00,LibGen,LibGen.li,UP,200,717,,
2026-09-02T22:35:53.283119+00:00,LibGen,LibGen.li,UP,200,758,,
2026-09-02T22:36:54.013544+00:00,LibGen,LibGen.li,UP,200,718,,
2026-09-02T22:37:55.021901+00:00,LibGen,LibGen.li,UP,200,954,,
2026-09-02T22:38:55.294191+00:00,LibGen,LibGen.li,UP,200,658,,
2026-09-02T22:39:55.767129+00:00,LibGen,LibGen.li,UP,200,661,,
2026-09-02T22:40:56.036845+00:00,LibGen,LibGen.li,UP,200,632,,
2026-09-02T22:41:56.258952+00:00,LibGen,LibGen.li,UP,200,671,,
2026-09-02T22:42:56.221135+00:00,LibGen,LibGen.li,UP,200,721,,
2026-09-02T22:43:56.512306+00:00,LibGen,LibGen.li,UP,200,638,,
2026-09-02T22:44:56.825827+00:00,LibGen,LibGen.li,UP,200,724,,
2026-09-02T22:45:57.713762+00:00,LibGen,LibGen.li,UP,200,1066,,
2026-09-02T22:46:57.613721+00:00,LibGen,LibGen.li,UP,200,907,,
2026-09-02T22:47:58.038465+00:00,LibGen,LibGen.li,UP,200,245,,
2026-09-02T22:48:57.837948+00:00,LibGen,LibGen.li,UP,200,238,,
2026-09-02T22:49:58.422683+00:00,LibGen,LibGen.li,UP,200,583,,
2026-09-02T22:50:59.521016+00:00,LibGen,LibGen.li,UP,200,808,,
2026-09-02T22:51:59.079444+00:00,LibGen,LibGen.li,UP,200,238,,
2026-09-02T22:53:00.970488+00:00,LibGen,LibGen.li,UP,200,861,,
2026-09-02T22:54:00.352606+00:00,LibGen,LibGen.li,UP,200,765,,
2026-09-02T22:55:01.559769+00:00,LibGen,LibGen.li,UP,200,1017,,
2026-09-02T22:56:01.774628+00:00,LibGen,LibGen.li,UP,200,843,,
2026-09-02T22:57:02.239680+00:00,LibGen,LibGen.li,UP,200,721,,
2026-09-02T22:58:02.926523+00:00,LibGen,LibGen.li,UP,200,969,,
2026-09-02T22:59:03.247009+00:00,LibGen,LibGen.li,UP,200,665,,
2026-09-02T23:00:04.509430+00:00,LibGen,LibGen.li,UP,200,1246,,
2026-09-02T23:01:04.240069+00:00,LibGen,LibGen.li,UP,200,778,,
2026-09-02T23:02:04.935895+00:00,LibGen,LibGen.li,UP,200,755,,
2026-09-02T23:03:04.926832+00:00,LibGen,LibGen.li,UP,200,612,,
2026-09-02T23:04:05.653306+00:00,LibGen,LibGen.li,UP,200,1123,,
2026-09-02T23:05:05.844581+00:00,LibGen,LibGen.li,UP,200,765,,
2026-09-02T23:06:06.297305+00:00,LibGen,LibGen.li,UP,200,978,,
2026-09-02T23:07:06.911504+00:00,LibGen,LibGen.li,UP,200,627,,
2026-09-02T23:08:06.652740+00:00,LibGen,LibGen.li,UP,200,632,,
2026-09-02T23:09:27.308435+00:00,LibGen,LibGen.li,DOWN,,,connection_refused,
2026-09-02T23:10:07.410018+00:00,LibGen,LibGen.li,UP,200,780,,
2026-09-02T23:11:09.859604+00:00,LibGen,LibGen.li,UP,200,742,,
2026-09-02T23:12:08.153700+00:00,LibGen,LibGen.li,UP,200,719,,
2026-09-02T23:13:09.277513+00:00,LibGen,LibGen.li,UP,200,951,,
2026-09-02T23:14:10.591113+00:00,LibGen,LibGen.li,UP,200,1144,,
2026-09-02T23:15:10.396245+00:00,LibGen,LibGen.li,UP,200,1668,,
2026-09-02T23:16:10.045991+00:00,LibGen,LibGen.li,UP,200,800,,
2026-09-02T23:17:09.915598+00:00,LibGen,LibGen.li,UP,200,219,,
2026-09-02T23:18:10.677638+00:00,LibGen,LibGen.li,UP,200,839,,
2026-09-02T23:19:11.190166+00:00,LibGen,LibGen.li,UP,200,781,,
2026-09-02T23:20:11.805045+00:00,LibGen,LibGen.li,UP,200,611,,
2026-09-02T23:21:12.233056+00:00,LibGen,LibGen.li,UP,200,872,,
2026-09-02T23:22:12.714082+00:00,LibGen,LibGen.li,UP,200,673,,
2026-09-02T23:23:13.014140+00:00,LibGen,LibGen.li,UP,200,639,,
2026-09-02T23:24:14.322178+00:00,LibGen,LibGen.li,UP,200,635,,
2026-09-02T23:25:13.793093+00:00,LibGen,LibGen.li,UP,200,242,,
2026-09-02T23:26:14.345474+00:00,LibGen,LibGen.li,UP,200,655,,
2026-09-02T23:27:16.060567+00:00,LibGen,LibGen.li,UP,200,824,,
2026-09-02T23:28:17.629224+00:00,LibGen,LibGen.li,UP,200,1943,,
2026-09-02T23:29:15.901467+00:00,LibGen,LibGen.li,UP,200,685,,
2026-09-02T23:30:15.756488+00:00,LibGen,LibGen.li,UP,200,847,,
2026-09-02T23:31:16.385519+00:00,LibGen,LibGen.li,UP,200,750,,
2026-09-02T23:32:16.719529+00:00,LibGen,LibGen.li,UP,200,738,,
2026-09-02T23:33:17.615876+00:00,LibGen,LibGen.li,UP,200,706,,
2026-09-02T23:34:19.036221+00:00,LibGen,LibGen.li,UP,200,1043,,
2026-09-02T23:35:17.709958+00:00,LibGen,LibGen.li,UP,200,226,,
2026-09-02T23:36:18.674174+00:00,LibGen,LibGen.li,UP,200,915,,
2026-09-02T23:37:18.614428+00:00,LibGen,LibGen.li,UP,200,680,,
2026-09-02T23:38:19.948667+00:00,LibGen,LibGen.li,UP,200,1078,,
2026-09-02T23:39:20.401053+00:00,LibGen,LibGen.li,UP,200,680,,
2026-09-02T23:40:21.497401+00:00,LibGen,LibGen.li,UP,200,832,,
2026-09-02T23:41:22.734142+00:00,LibGen,LibGen.li,UP,200,774,,
2026-09-02T23:42:22.853686+00:00,LibGen,LibGen.li,UP,200,865,,
2026-09-02T23:43:22.906169+00:00,LibGen,LibGen.li,UP,200,730,,
2026-09-02T23:44:23.929709+00:00,LibGen,LibGen.li,UP,200,770,,
2026-09-02T23:45:25.075153+00:00,LibGen,LibGen.li,UP,200,997,,
2026-09-02T23:46:24.799150+00:00,LibGen,LibGen.li,UP,200,787,,
2026-09-02T23:47:24.672228+00:00,LibGen,LibGen.li,UP,200,278,,
2026-09-02T23:48:25.818172+00:00,LibGen,LibGen.li,UP,200,659,,
2026-09-02T23:49:26.156465+00:00,LibGen,LibGen.li,UP,200,707,,
2026-09-02T23:50:25.874645+00:00,LibGen,LibGen.li,UP,200,762,,
2026-09-02T23:51:29.597088+00:00,LibGen,LibGen.li,DEGRADED,200,3772,latency_high,
2026-09-02T23:52:27.112713+00:00,LibGen,LibGen.li,UP,200,712,,
2026-09-02T23:53:27.005317+00:00,LibGen,LibGen.li,UP,200,765,,
2026-09-02T23:54:28.041249+00:00,LibGen,LibGen.li,UP,200,1082,,
2026-09-02T23:55:28.156898+00:00,LibGen,LibGen.li,UP,200,770,,
2026-09-02T23:56:28.310663+00:00,LibGen,LibGen.li,UP,200,661,,
2026-09-02T23:57:28.706689+00:00,LibGen,LibGen.li,UP,200,895,,
2026-09-02T23:58:28.802980+00:00,LibGen,LibGen.li,UP,200,242,,
2026-09-02T23:59:30.027603+00:00,LibGen,LibGen.li,UP,200,731,,
2026-09-03T00:00:31.104920+00:00,LibGen,LibGen.li,UP,200,1120,,
2026-09-03T00:01:30.853840+00:00,LibGen,LibGen.li,UP,200,836,,
2026-09-03T00:02:31.549555+00:00,LibGen,LibGen.li,UP,200,1017,,
2026-09-03T00:03:32.078429+00:00,LibGen,LibGen.li,UP,200,684,,
2026-09-03T00:04:32.026442+00:00,LibGen,LibGen.li,UP,200,860,,
2026-09-03T00:05:32.389623+00:00,LibGen,LibGen.li,UP,200,230,,
2026-09-03T00:06:32.702667+00:00,LibGen,LibGen.li,UP,200,794,,
2026-09-03T00:07:34.151267+00:00,LibGen,LibGen.li,UP,200,1674,,
2026-09-03T00:08:33.872235+00:00,LibGen,LibGen.li,UP,200,748,,
2026-09-03T00:09:34.502136+00:00,LibGen,LibGen.li,UP,200,752,,
2026-09-03T00:10:34.669424+00:00,LibGen,LibGen.li,UP,200,652,,
2026-09-03T00:11:34.784605+00:00,LibGen,LibGen.li,UP,200,766,,
2026-09-03T00:12:35.485839+00:00,LibGen,LibGen.li,UP,200,724,,
2026-09-03T00:13:35.486272+00:00,LibGen,LibGen.li,UP,200,751,,
2026-09-03T00:14:35.917879+00:00,LibGen,LibGen.li,UP,200,834,,
2026-09-03T00:15:36.557478+00:00,LibGen,LibGen.li,UP,200,675,,
2026-09-03T00:16:37.503423+00:00,LibGen,LibGen.li,UP,200,1669,,
2026-09-03T00:17:38.112834+00:00,LibGen,LibGen.li,UP,200,917,,
2026-09-03T00:18:57.358224+00:00,LibGen,LibGen.li,DOWN,,,connection_refused,
2026-09-03T00:19:38.267200+00:00,LibGen,LibGen.li,UP,200,727,,
2026-09-03T00:20:38.075657+00:00,LibGen,LibGen.li,UP,200,697,,
2026-09-03T00:21:38.329379+00:00,LibGen,LibGen.li,UP,200,696,,
2026-09-03T00:22:39.365084+00:00,LibGen,LibGen.li,UP,200,736,,
2026-09-03T00:23:40.217452+00:00,LibGen,LibGen.li,UP,200,781,,
2026-09-03T00:24:40.712619+00:00,LibGen,LibGen.li,UP,200,789,,
2026-09-03T00:25:40.671907+00:00,LibGen,LibGen.li,UP,200,249,,
2026-09-03T00:26:41.038644+00:00,LibGen,LibGen.li,UP,200,735,,
2026-09-03T00:27:42.094541+00:00,LibGen,LibGen.li,UP,200,1057,,
2026-09-03T00:28:44.731059+00:00,LibGen,LibGen.li,DEGRADED,200,3286,latency_high,
2026-09-03T00:29:42.736853+00:00,LibGen,LibGen.li,UP,200,722,,
2026-09-03T00:30:42.379805+00:00,LibGen,LibGen.li,UP,200,690,,
2026-09-03T00:31:45.488606+00:00,LibGen,LibGen.li,DEGRADED,200,3323,latency_high,
2026-09-03T00:32:43.628315+00:00,LibGen,LibGen.li,UP,200,255,,
2026-09-03T00:33:43.600105+00:00,LibGen,LibGen.li,UP,200,997,,
2026-09-03T00:35:03.907068+00:00,LibGen,LibGen.li,DOWN,,,connection_refused,
2026-09-03T00:35:43.953045+00:00,LibGen,LibGen.li,UP,200,718,,
2026-09-03T00:36:45.147812+00:00,LibGen,LibGen.li,UP,200,750,,
2026-09-03T00:37:44.886367+00:00,LibGen,LibGen.li,UP,200,691,,
2026-09-03T00:38:44.617530+00:00,LibGen,LibGen.li,UP,200,604,,
2026-09-03T00:39:45.122343+00:00,LibGen,LibGen.li,UP,200,635,,
2026-09-03T00:40:44.897502+00:00,LibGen,LibGen.li,UP,200,237,,
2026-09-03T00:41:45.840105+00:00,LibGen,LibGen.li,UP,200,855,,
2026-09-03T00:42:45.961270+00:00,LibGen,LibGen.li,UP,200,763,,
2026-09-03T00:43:45.801718+00:00,LibGen,LibGen.li,DOWN,,,connection_refused,
2026-09-03T00:44:46.724667+00:00,LibGen,LibGen.li,UP,200,741,,
2026-09-03T00:45:47.286419+00:00,LibGen,LibGen.li,UP,200,725,,
2026-09-03T00:46:47.660796+00:00,LibGen,LibGen.li,UP,200,913,,
2026-09-03T00:47:47.356960+00:00,LibGen,LibGen.li,UP,200,778,,
2026-09-03T00:48:48.170068+00:00,LibGen,LibGen.li,UP,200,714,,
2026-09-03T00:49:47.987304+00:00,LibGen,LibGen.li,UP,200,650,,
2026-09-03T00:50:48.123796+00:00,LibGen,LibGen.li,UP,200,727,,
2026-09-03T00:51:49.193114+00:00,LibGen,LibGen.li,UP,200,749,,
2026-09-03T00:52:49.809665+00:00,LibGen,LibGen.li,UP,200,729,,
2026-09-03T00:53:50.099589+00:00,LibGen,LibGen.li,UP,200,810,,
2026-09-03T00:54:49.703275+00:00,LibGen,LibGen.li,UP,200,702,,
2026-09-03T00:55:50.500641+00:00,LibGen,LibGen.li,UP,200,748,,
2026-09-03T00:56:50.880938+00:00,LibGen,LibGen.li,UP,200,768,,
2026-09-03T00:57:52.227834+00:00,LibGen,LibGen.li,UP,200,1780,,
2026-09-03T00:58:51.939809+00:00,LibGen,LibGen.li,UP,200,709,,
2026-09-03T00:59:51.761825+00:00,LibGen,LibGen.li,UP,200,678,,
2026-09-03T01:00:52.150408+00:00,LibGen,LibGen.li,UP,200,770,,
2026-09-03T01:01:52.319313+00:00,LibGen,LibGen.li,UP,200,653,,
2026-09-03T01:02:52.989877+00:00,LibGen,LibGen.li,UP,200,633,,
2026-09-03T01:03:53.503459+00:00,LibGen,LibGen.li,UP,200,606,,
2026-09-03T01:04:53.762616+00:00,LibGen,LibGen.li,UP,200,759,,
2026-09-03T01:05:53.998817+00:00,LibGen,LibGen.li,UP,200,720,,
2026-09-03T01:06:54.664468+00:00,LibGen,LibGen.li,UP,200,702,,
2026-09-03T01:07:55.299841+00:00,LibGen,LibGen.li,UP,200,940,,
2026-09-03T01:08:55.370164+00:00,LibGen,LibGen.li,UP,200,660,,
2026-09-03T01:09:55.867582+00:00,LibGen,LibGen.li,UP,200,1033,,
2026-09-03T01:10:55.849523+00:00,LibGen,LibGen.li,UP,200,637,,
2026-09-03T01:11:57.333613+00:00,LibGen,LibGen.li,UP,200,1028,,
2026-09-03T01:12:58.424722+00:00,LibGen,LibGen.li,UP,200,762,,
2026-09-03T01:13:57.221476+00:00,LibGen,LibGen.li,UP,200,725,,
2026-09-03T01:14:57.615097+00:00,LibGen,LibGen.li,UP,200,734,,
2026-09-03T01:15:58.850786+00:00,LibGen,LibGen.li,UP,200,972,,
2026-09-03T01:16:59.139109+00:00,LibGen,LibGen.li,UP,200,805,,
2026-09-03T01:17:59.302388+00:00,LibGen,LibGen.li,UP,200,245,,
2026-09-03T01:18:59.953693+00:00,LibGen,LibGen.li,UP,200,735,,
2026-09-03T01:20:21.274882+00:00,LibGen,LibGen.li,DOWN,,,connection_refused,
2026-09-03T01:21:01.532251+00:00,LibGen,LibGen.li,UP,200,914,,
2026-09-03T01:22:02.491576+00:00,LibGen,LibGen.li,UP,200,813,,
2026-09-03T01:23:03.228627+00:00,LibGen,LibGen.li,UP,200,815,,
2026-09-03T01:24:03.673569+00:00,LibGen,LibGen.li,UP,200,725,,
2026-09-03T01:25:04.028037+00:00,LibGen,LibGen.li,UP,200,906,,
2026-09-03T01:26:05.195735+00:00,LibGen,LibGen.li,UP,200,808,,
2026-09-03T01:27:04.939474+00:00,LibGen,LibGen.li,UP,200,812,,
2026-09-03T01:28:25.232596+00:00,LibGen,LibGen.li,DOWN,,,connection_refused,
2026-09-03T01:29:05.394985+00:00,LibGen,LibGen.li,UP,200,826,,
2026-09-03T01:30:06.290690+00:00,LibGen,LibGen.li,UP,200,793,,
2026-09-03T01:31:06.734904+00:00,LibGen,LibGen.li,UP,200,791,,
2026-09-03T01:32:07.394607+00:00,LibGen,LibGen.li,UP,200,959,,
2026-09-03T01:33:07.869818+00:00,LibGen,LibGen.li,UP,200,987,,
2026-09-03T01:34:08.054909+00:00,LibGen,LibGen.li,UP,200,737,,
2026-09-03T01:35:08.282490+00:00,LibGen,LibGen.li,UP,200,1114,,
2026-09-03T01:36:08.381192+00:00,LibGen,LibGen.li,UP,200,749,,
2026-09-03T01:37:09.173067+00:00,LibGen,LibGen.li,UP,200,972,,
2026-09-03T01:38:09.755630+00:00,LibGen,LibGen.li,UP,200,653,,
2026-09-03T01:39:09.728094+00:00,LibGen,LibGen.li,UP,200,714,,
2026-09-03T01:40:11.023972+00:00,LibGen,LibGen.li,UP,200,1005,,
2026-09-03T01:41:29.922820+00:00,LibGen,LibGen.li,DOWN,,,connection_refused,
2026-09-03T01:42:10.508267+00:00,LibGen,LibGen.li,UP,200,1011,,
2026-09-03T01:43:10.819139+00:00,LibGen,LibGen.li,UP,200,703,,
2026-09-03T01:44:11.614580+00:00,LibGen,LibGen.li,UP,200,731,,
2026-09-03T01:45:11.439617+00:00,LibGen,LibGen.li,UP,200,789,,
2026-09-03T01:46:12.151330+00:00,LibGen,LibGen.li,UP,200,656,,
2026-09-03T01:47:12.543842+00:00,LibGen,LibGen.li,UP,200,705,,
2026-09-03T01:48:13.278344+00:00,LibGen,LibGen.li,UP,200,662,,
2026-09-03T01:49:13.385618+00:00,LibGen,LibGen.li,UP,200,1026,,
2026-09-03T01:50:13.725116+00:00,LibGen,LibGen.li,UP,200,1019,,
2026-09-03T01:51:13.946702+00:00,LibGen,LibGen.li,UP,200,813,,
2026-09-03T01:52:14.289415+00:00,LibGen,LibGen.li,UP,200,757,,
2026-09-03T01:53:14.496202+00:00,LibGen,LibGen.li,UP,200,670,,
2026-09-03T01:54:14.491713+00:00,LibGen,LibGen.li,UP,200,246,,
2026-09-03T01:55:15.150363+00:00,LibGen,LibGen.li,UP,200,539,,
2026-09-03T01:56:15.498044+00:00,LibGen,LibGen.li,UP,200,738,,
2026-09-03T01:57:17.975055+00:00,LibGen,LibGen.li,UP,200,2539,,
2026-09-03T01:58:16.634705+00:00,LibGen,LibGen.li,UP,200,626,,
2026-09-03T01:59:17.007667+00:00,LibGen,LibGen.li,UP,200,768,,
2026-09-03T02:00:17.826984+00:00,LibGen,LibGen.li,UP,200,885,,
2026-09-03T02:01:17.769650+00:00,LibGen,LibGen.li,UP,200,237,,
2026-09-03T02:02:18.441608+00:00,LibGen,LibGen.li,UP,200,678,,
2026-09-03T02:03:19.203437+00:00,LibGen,LibGen.li,UP,200,1009,,
2026-09-03T02:04:20.353687+00:00,LibGen,LibGen.li,UP,200,703,,
2026-09-03T02:05:21.119259+00:00,LibGen,LibGen.li,UP,200,874,,
2026-09-03T02:06:20.947796+00:00,LibGen,LibGen.li,UP,200,762,,
2026-09-03T02:07:21.018242+00:00,LibGen,LibGen.li,UP,200,587,,
2026-09-03T02:08:21.916558+00:00,LibGen,LibGen.li,UP,200,830,,
2026-09-03T02:09:23.318347+00:00,LibGen,LibGen.li,UP,200,1640,,
2026-09-03T02:10:22.545887+00:00,LibGen,LibGen.li,UP,200,745,,
2026-09-03T02:11:23.635483+00:00,LibGen,LibGen.li,UP,200,749,,
2026-09-03T02:12:24.229584+00:00,LibGen,LibGen.li,UP,200,863,,
2026-09-03T02:13:23.936384+00:00,LibGen,LibGen.li,UP,200,776,,
2026-09-03T02:14:25.519637+00:00,LibGen,LibGen.li,UP,200,1073,,
2026-09-03T02:15:26.151126+00:00,LibGen,LibGen.li,UP,200,1649,,
2026-09-03T02:16:25.194544+00:00,LibGen,LibGen.li,UP,200,637,,
2026-09-03T02:17:25.455349+00:00,LibGen,LibGen.li,UP,200,253,,
2026-09-03T02:18:25.396655+00:00,LibGen,LibGen.li,DOWN,,,connection_refused,
2026-09-03T02:19:26.341486+00:00,LibGen,LibGen.li,UP,200,716,,
2026-09-03T02:20:27.532888+00:00,LibGen,LibGen.li,UP,200,737,,
2026-09-03T02:21:26.948623+00:00,LibGen,LibGen.li,UP,200,820,,
2026-09-03T02:22:50.246871+00:00,LibGen,LibGen.li,DOWN,,,connection_refused,
2026-09-03T02:23:28.052264+00:00,LibGen,LibGen.li,UP,200,654,,
2026-09-03T02:24:28.306669+00:00,LibGen,LibGen.li,UP,200,806,,
2026-09-03T02:25:28.794732+00:00,LibGen,LibGen.li,UP,200,811,,
2026-09-03T02:26:29.857059+00:00,LibGen,LibGen.li,UP,200,941,,
2026-09-03T02:27:31.228713+00:00,LibGen,LibGen.li,UP,200,1132,,
2026-09-03T02:28:31.311667+00:00,LibGen,LibGen.li,UP,200,1039,,
2026-09-03T02:29:31.384902+00:00,LibGen,LibGen.li,UP,200,1100,,
2026-09-03T02:30:50.959095+00:00,LibGen,LibGen.li,DOWN,,,connection_refused,
2026-09-03T02:31:32.052513+00:00,LibGen,LibGen.li,UP,200,745,,
2026-09-03T02:32:31.803566+00:00,LibGen,LibGen.li,UP,200,752,,
2026-09-03T02:33:32.307132+00:00,LibGen,LibGen.li,UP,200,771,,
2026-09-03T02:34:32.776890+00:00,LibGen,LibGen.li,UP,200,609,,
2026-09-03T02:35:33.858123+00:00,LibGen,LibGen.li,UP,200,1028,,
2026-09-03T02:36:33.577199+00:00,LibGen,LibGen.li,UP,200,785,,
2026-09-03T02:37:34.097689+00:00,LibGen,LibGen.li,UP,200,710,,
2026-09-03T02:38:33.757307+00:00,LibGen,LibGen.li,UP,200,261,,
2026-09-03T02:39:55.333994+00:00,LibGen,LibGen.li,DOWN,,,connection_refused,
2026-09-03T02:40:34.609072+00:00,LibGen,LibGen.li,UP,200,732,,
2026-09-03T02:41:34.781708+00:00,LibGen,LibGen.li,UP,200,578,,
2026-09-03T02:42:35.406329+00:00,LibGen,LibGen.li,UP,200,956,,
2026-09-03T02:43:35.327476+00:00,LibGen,LibGen.li,UP,200,715,,
2026-09-03T02:44:36.389193+00:00,LibGen,LibGen.li,UP,200,694,,
2026-09-03T02:45:36.608771+00:00,LibGen,LibGen.li,UP,200,720,,
2026-09-03T02:46:38.076365+00:00,LibGen,LibGen.li,UP,200,1753,,
2026-09-03T02:47:37.210321+00:00,LibGen,LibGen.li,UP,200,763,,
2026-09-03T02:48:57.361957+00:00,LibGen,LibGen.li,DOWN,,,connection_refused,
2026-09-03T02:49:37.736867+00:00,LibGen,LibGen.li,UP,200,625,,
2026-09-03T02:50:38.170053+00:00,LibGen,LibGen.li,UP,200,779,,
2026-09-03T02:51:38.677216+00:00,LibGen,LibGen.li,UP,200,636,,
2026-09-03T02:52:38.620121+00:00,LibGen,LibGen.li,UP,200,688,,
2026-09-03T02:53:38.595517+00:00,LibGen,LibGen.li,UP,200,645,,
2026-09-03T02:54:39.411898+00:00,LibGen,LibGen.li,UP,200,793,,
2026-09-03T02:55:39.534873+00:00,LibGen,LibGen.li,UP,200,732,,
2026-09-03T02:56:40.006332+00:00,LibGen,LibGen.li,UP,200,832,,
2026-09-03T02:57:40.053012+00:00,LibGen,LibGen.li,UP,200,239,,
2026-09-03T02:59:01.319535+00:00,LibGen,LibGen.li,DOWN,,,connection_refused,
2026-09-03T02:59:41.561477+00:00,LibGen,LibGen.li,UP,200,681,,
2026-09-03T03:00:41.287075+00:00,LibGen,LibGen.li,UP,200,859,,
2026-09-03T03:01:41.568620+00:00,LibGen,LibGen.li,UP,200,787,,
2026-09-03T03:02:42.159443+00:00,LibGen,LibGen.li,UP,200,1059,,
2026-09-03T03:03:42.485314+00:00,LibGen,LibGen.li,UP,200,250,,
2026-09-03T03:04:42.931391+00:00,LibGen,LibGen.li,UP,200,701,,
2026-09-03T03:05:42.746318+00:00,LibGen,LibGen.li,UP,200,581,,
2026-09-03T03:06:43.418030+00:00,LibGen,LibGen.li,UP,200,615,,
2026-09-03T03:07:43.600879+00:00,LibGen,LibGen.li,UP,200,828,,
2026-09-03T03:08:44.183410+00:00,LibGen,LibGen.li,UP,200,716,,
2026-09-03T03:09:45.015525+00:00,LibGen,LibGen.li,UP,200,831,,
2026-09-03T03:10:45.180248+00:00,LibGen,LibGen.li,UP,200,710,,
2026-09-03T03:11:45.376183+00:00,LibGen,LibGen.li,UP,200,708,,
2026-09-03T03:12:45.937566+00:00,LibGen,LibGen.li,UP,200,672,,
2026-09-03T03:13:46.363182+00:00,LibGen,LibGen.li,UP,200,547,,
2026-09-03T03:14:48.080204+00:00,LibGen,LibGen.li,UP,200,814,,
2026-09-03T03:15:47.902940+00:00,LibGen,LibGen.li,UP,200,1153,,
2026-09-03T03:16:47.628418+00:00,LibGen,LibGen.li,UP,200,283,,
2026-09-03T03:17:48.636817+00:00,LibGen,LibGen.li,UP,200,769,,
2026-09-03T03:18:51.993741+00:00,LibGen,LibGen.li,DEGRADED,200,3832,latency_high,
2026-09-03T03:19:49.177255+00:00,LibGen,LibGen.li,UP,200,708,,
2026-09-03T03:20:49.869419+00:00,LibGen,LibGen.li,UP,200,831,,
2026-09-03T03:22:10.251126+00:00,LibGen,LibGen.li,DOWN,,,connection_refused,
2026-09-03T03:22:50.372123+00:00,LibGen,LibGen.li,UP,200,599,,
2026-09-03T03:23:51.015163+00:00,LibGen,LibGen.li,UP,200,734,,
2026-09-03T03:24:50.818381+00:00,LibGen,LibGen.li,UP,200,725,,
2026-09-03T03:25:51.197589+00:00,LibGen,LibGen.li,UP,200,688,,
2026-09-03T03:26:51.201877+00:00,LibGen,LibGen.li,UP,200,641,,
2026-09-03T03:27:52.093862+00:00,LibGen,LibGen.li,UP,200,730,,
2026-09-03T03:28:51.893460+00:00,LibGen,LibGen.li,UP,200,698,,
2026-09-03T03:29:52.152082+00:00,LibGen,LibGen.li,UP,200,741,,
2026-09-03T03:30:52.345558+00:00,LibGen,LibGen.li,UP,200,731,,
2026-09-03T03:31:53.082137+00:00,LibGen,LibGen.li,UP,200,778,,
2026-09-03T03:32:56.117111+00:00,LibGen,LibGen.li,DEGRADED,200,3683,latency_high,
2026-09-03T03:33:54.824974+00:00,LibGen,LibGen.li,UP,200,692,,
2026-09-03T03:34:55.243983+00:00,LibGen,LibGen.li,UP,200,1513,,
2026-09-03T03:35:54.373168+00:00,LibGen,LibGen.li,UP,200,988,,
2026-09-03T03:36:55.062416+00:00,LibGen,LibGen.li,UP,200,1687,,
2026-09-03T03:37:55.121556+00:00,LibGen,LibGen.li,UP,200,740,,
2026-09-03T03:38:56.498444+00:00,LibGen,LibGen.li,UP,200,640,,
2026-09-03T03:39:56.268626+00:00,LibGen,LibGen.li,UP,200,279,,
2026-09-03T03:40:58.281200+00:00,LibGen,LibGen.li,UP,200,768,,
2026-09-03T03:41:57.679011+00:00,LibGen,LibGen.li,UP,200,896,,
2026-09-03T03:42:57.901415+00:00,LibGen,LibGen.li,UP,200,596,,
2026-09-03T03:43:57.814670+00:00,LibGen,LibGen.li,UP,200,234,,
2026-09-03T03:44:59.286247+00:00,LibGen,LibGen.li,UP,200,1515,,
2026-09-03T03:45:59.148257+00:00,LibGen,LibGen.li,UP,200,695,,
2026-09-03T03:47:00.289734+00:00,LibGen,LibGen.li,UP,200,1156,,
2026-09-03T03:48:00.943605+00:00,LibGen,LibGen.li,UP,200,1546,,
2026-09-03T03:48:59.622224+00:00,LibGen,LibGen.li,UP,200,235,,
2026-09-03T03:50:00.684109+00:00,LibGen,LibGen.li,UP,200,776,,
2026-09-03T03:51:01.001444+00:00,LibGen,LibGen.li,UP,200,275,,
2026-09-03T03:52:20.807389+00:00,LibGen,LibGen.li,DOWN,,,connection_refused,
2026-09-03T03:53:02.191414+00:00,LibGen,LibGen.li,UP,200,1036,,
2026-09-03T03:54:02.883632+00:00,LibGen,LibGen.li,UP,200,729,,
2026-09-03T03:55:04.227942+00:00,LibGen,LibGen.li,UP,200,933,,
2026-09-03T03:56:05.677491+00:00,LibGen,LibGen.li,DEGRADED,200,3119,latency_high,
2026-09-03T03:57:03.513490+00:00,LibGen,LibGen.li,UP,200,743,,
2026-09-03T03:58:04.063110+00:00,LibGen,LibGen.li,UP,200,901,,
2026-09-03T03:59:04.594973+00:00,LibGen,LibGen.li,UP,200,778,,
2026-09-03T04:00:05.336592+00:00,LibGen,LibGen.li,UP,200,1053,,
2026-09-03T04:01:05.656669+00:00,LibGen,LibGen.li,UP,200,265,,
2026-09-03T04:02:06.178000+00:00,LibGen,LibGen.li,UP,200,643,,
2026-09-03T04:03:06.626908+00:00,LibGen,LibGen.li,UP,200,756,,
2026-09-03T04:04:07.405079+00:00,LibGen,LibGen.li,UP,200,948,,
2026-09-03T04:05:09.530786+00:00,LibGen,LibGen.li,UP,200,1947,,
2026-09-03T04:06:08.598672+00:00,LibGen,LibGen.li,UP,200,693,,
2026-09-03T04:07:08.076663+00:00,LibGen,LibGen.li,UP,200,678,,
2026-09-03T04:08:08.480046+00:00,LibGen,LibGen.li,UP,200,698,,
2026-09-03T04:09:09.398029+00:00,LibGen,LibGen.li,UP,200,1333,,
2026-09-03T04:10:09.582545+00:00,LibGen,LibGen.li,UP,200,1371,,
2026-09-03T04:11:10.143326+00:00,LibGen,LibGen.li,UP,200,910,,
2026-09-03T04:12:10.578087+00:00,LibGen,LibGen.li,UP,200,718,,
2026-09-03T04:13:11.208034+00:00,LibGen,LibGen.li,UP,200,808,,
2026-09-03T04:14:11.340058+00:00,LibGen,LibGen.li,UP,200,737,,
2026-09-03T04:15:12.189858+00:00,LibGen,LibGen.li,UP,200,804,,
2026-09-03T04:16:13.082410+00:00,LibGen,LibGen.li,UP,200,709,,
2026-09-03T04:17:13.172684+00:00,LibGen,LibGen.li,UP,200,1016,,
2026-09-03T04:18:12.861267+00:00,LibGen,LibGen.li,UP,200,672,,
2026-09-03T04:19:13.361216+00:00,LibGen,LibGen.li,UP,200,642,,
2026-09-03T04:20:14.179566+00:00,LibGen,LibGen.li,UP,200,771,,
2026-09-03T04:21:15.470636+00:00,LibGen,LibGen.li,UP,200,1042,,
2026-09-03T04:22:14.323596+00:00,LibGen,LibGen.li,UP,200,731,,
2026-09-03T04:23:14.352791+00:00,LibGen,LibGen.li,UP,200,523,,
2026-09-03T04:24:16.184545+00:00,LibGen,LibGen.li,UP,200,1297,,
2026-09-03T04:25:15.836673+00:00,LibGen,LibGen.li,UP,200,676,,
2026-09-03T04:26:16.259803+00:00,LibGen,LibGen.li,UP,200,722,,
2026-09-03T04:27:15.912457+00:00,LibGen,LibGen.li,UP,200,588,,
2026-09-03T04:28:17.347405+00:00,LibGen,LibGen.li,UP,200,687,,
2026-09-03T04:29:15.958887+00:00,LibGen,LibGen.li,UP,200,269,,
2026-09-03T04:30:18.478349+00:00,LibGen,LibGen.li,UP,200,771,,
2026-09-03T04:31:18.075817+00:00,LibGen,LibGen.li,UP,200,998,,
2026-09-03T04:32:18.222094+00:00,LibGen,LibGen.li,UP,200,260,,
2026-09-03T04:33:18.491073+00:00,LibGen,LibGen.li,UP,200,694,,
2026-09-03T04:34:18.522404+00:00,LibGen,LibGen.li,UP,200,711,,
2026-09-03T04:35:18.310241+00:00,LibGen,LibGen.li,UP,200,287,,
2026-09-03T04:36:19.960388+00:00,LibGen,LibGen.li,UP,200,974,,
2026-09-03T04:37:20.135902+00:00,LibGen,LibGen.li,UP,200,722,,
2026-09-03T04:38:21.082360+00:00,LibGen,LibGen.li,UP,200,751,,
2026-09-03T04:39:20.482231+00:00,LibGen,LibGen.li,UP,200,697,,
2026-09-03T04:40:21.519500+00:00,LibGen,LibGen.li,UP,200,826,,
2026-09-03T04:41:21.623040+00:00,LibGen,LibGen.li,UP,200,694,,
2026-09-03T04:42:22.192823+00:00,LibGen,LibGen.li,UP,200,682,,
2026-09-03T04:43:21.992260+00:00,LibGen,LibGen.li,UP,200,657,,
2026-09-03T04:44:22.805277+00:00,LibGen,LibGen.li,UP,200,730,,
2026-09-03T04:45:22.667177+00:00,LibGen,LibGen.li,UP,200,728,,
2026-09-03T04:46:23.074269+00:00,LibGen,LibGen.li,UP,200,732,,
2026-09-03T04:47:23.997531+00:00,LibGen,LibGen.li,UP,200,648,,
2026-09-03T04:48:23.682039+00:00,LibGen,LibGen.li,DOWN,500,739,http_error,
2026-09-03T04:49:24.316833+00:00,LibGen,LibGen.li,DOWN,500,748,http_error,
2026-09-03T04:50:24.913653+00:00,LibGen,LibGen.li,UP,200,887,,
2026-09-03T04:51:24.528357+00:00,LibGen,LibGen.li,UP,200,259,,
2026-09-03T04:52:25.322763+00:00,LibGen,LibGen.li,UP,200,722,,
2026-09-03T04:53:26.217832+00:00,LibGen,LibGen.li,UP,200,701,,
2026-09-03T04:54:26.275511+00:00,LibGen,LibGen.li,UP,200,698,,
2026-09-03T04:55:26.705888+00:00,LibGen,LibGen.li,UP,200,678,,
2026-09-03T04:56:29.901413+00:00,LibGen,LibGen.li,UP,200,1053,,
2026-09-03T04:57:27.324440+00:00,LibGen,LibGen.li,UP,200,255,,
2026-09-03T04:58:28.310097+00:00,LibGen,LibGen.li,UP,200,832,,
2026-09-03T04:59:28.831935+00:00,LibGen,LibGen.li,UP,200,729,,
2026-09-03T05:00:29.657654+00:00,LibGen,LibGen.li,UP,200,1000,,
2026-09-03T05:01:29.400669+00:00,LibGen,LibGen.li,UP,200,277,,
2026-09-03T05:02:32.866952+00:00,LibGen,LibGen.li,UP,200,850,,
2026-09-03T05:03:30.817613+00:00,LibGen,LibGen.li,UP,200,250,,
2026-09-03T05:04:31.647835+00:00,LibGen,LibGen.li,UP,200,687,,
2026-09-03T05:05:32.098092+00:00,LibGen,LibGen.li,UP,200,558,,
2026-09-03T05:06:33.319822+00:00,LibGen,LibGen.li,UP,200,1071,,
2026-09-03T05:07:32.982378+00:00,LibGen,LibGen.li,UP,200,664,,
2026-09-03T05:08:33.080858+00:00,LibGen,LibGen.li,UP,200,617,,
2026-09-03T05:09:33.321818+00:00,LibGen,LibGen.li,UP,200,680,,
2026-09-03T05:10:33.897218+00:00,LibGen,LibGen.li,UP,200,811,,
2026-09-03T05:11:34.798233+00:00,LibGen,LibGen.li,UP,200,708,,
2026-09-03T05:12:35.884332+00:00,LibGen,LibGen.li,UP,200,641,,
2026-09-03T05:13:35.135616+00:00,LibGen,LibGen.li,UP,200,543,,
2026-09-03T05:14:35.688977+00:00,LibGen,LibGen.li,UP,200,688,,
2026-09-03T05:15:36.554881+00:00,LibGen,LibGen.li,UP,200,680,,
2026-09-03T05:16:36.513812+00:00,LibGen,LibGen.li,UP,200,684,,
2026-09-03T05:17:37.080035+00:00,LibGen,LibGen.li,UP,200,635,,
2026-09-03T05:18:36.760717+00:00,LibGen,LibGen.li,UP,200,687,,
2026-09-03T05:19:37.284266+00:00,LibGen,LibGen.li,UP,200,702,,
2026-09-03T05:20:37.686871+00:00,LibGen,LibGen.li,UP,200,794,,
2026-09-03T05:21:38.086233+00:00,LibGen,LibGen.li,UP,200,651,,
2026-09-03T05:22:39.376209+00:00,LibGen,LibGen.li,UP,200,769,,
2026-09-03T05:23:38.320527+00:00,LibGen,LibGen.li,UP,200,246,,
2026-09-03T05:24:38.871449+00:00,LibGen,LibGen.li,UP,200,732,,
2026-09-03T05:25:40.108957+00:00,LibGen,LibGen.li,UP,200,1655,,
2026-09-03T05:26:39.621241+00:00,LibGen,LibGen.li,UP,200,671,,
2026-09-03T05:27:40.457087+00:00,LibGen,LibGen.li,UP,200,720,,
2026-09-03T05:28:40.291822+00:00,LibGen,LibGen.li,UP,200,741,,
2026-09-03T05:29:44.943695+00:00,LibGen,LibGen.li,UP,200,738,,
2026-09-03T05:30:40.718222+00:00,LibGen,LibGen.li,UP,200,731,,
2026-09-03T05:31:41.217028+00:00,LibGen,LibGen.li,UP,200,596,,
2026-09-03T05:32:41.378829+00:00,LibGen,LibGen.li,UP,200,645,,
2026-09-03T05:33:42.057750+00:00,LibGen,LibGen.li,UP,200,753,,
2026-09-03T05:34:42.129960+00:00,LibGen,LibGen.li,UP,200,737,,
2026-09-03T05:35:42.557518+00:00,LibGen,LibGen.li,UP,200,705,,
2026-09-03T05:36:43.037317+00:00,LibGen,LibGen.li,UP,200,977,,
2026-09-03T05:37:43.029226+00:00,LibGen,LibGen.li,UP,200,760,,
2026-09-03T05:38:43.656536+00:00,LibGen,LibGen.li,UP,200,770,,
2026-09-03T05:39:44.025337+00:00,LibGen,LibGen.li,UP,200,808,,
2026-09-03T05:40:44.676131+00:00,LibGen,LibGen.li,UP,200,798,,
2026-09-03T05:42:05.314908+00:00,LibGen,LibGen.li,DOWN,,,connection_refused,
2026-09-03T05:42:45.119467+00:00,LibGen,LibGen.li,UP,200,688,,
2026-09-03T05:43:45.718334+00:00,LibGen,LibGen.li,UP,200,745,,
2026-09-03T05:44:46.005184+00:00,LibGen,LibGen.li,UP,200,596,,
2026-09-03T05:45:47.257074+00:00,LibGen,LibGen.li,UP,200,635,,
2026-09-03T05:46:47.310024+00:00,LibGen,LibGen.li,UP,200,1092,,
2026-09-03T05:47:47.240970+00:00,LibGen,LibGen.li,UP,200,707,,
2026-09-03T05:48:47.983368+00:00,LibGen,LibGen.li,UP,200,683,,
2026-09-03T05:49:47.598936+00:00,LibGen,LibGen.li,UP,200,558,,
2026-09-03T05:50:48.869553+00:00,LibGen,LibGen.li,UP,200,1065,,
2026-09-03T05:51:49.178662+00:00,LibGen,LibGen.li,UP,200,692,,
2026-09-03T05:52:51.815555+00:00,LibGen,LibGen.li,UP,200,2680,,
2026-09-03T05:53:50.652055+00:00,LibGen,LibGen.li,UP,200,275,,
2026-09-03T05:54:53.910824+00:00,LibGen,LibGen.li,DEGRADED,200,3739,latency_high,
2026-09-03T05:55:51.095677+00:00,LibGen,LibGen.li,UP,200,1019,,
2026-09-03T05:56:51.180823+00:00,LibGen,LibGen.li,UP,200,243,,
2026-09-03T05:57:51.336823+00:00,LibGen,LibGen.li,UP,200,652,,
2026-09-03T05:58:51.586589+00:00,LibGen,LibGen.li,UP,200,253,,
2026-09-03T05:59:52.194883+00:00,LibGen,LibGen.li,UP,200,726,,
2026-09-03T06:00:52.905212+00:00,LibGen,LibGen.li,UP,200,783,,
2026-09-03T06:01:53.278355+00:00,LibGen,LibGen.li,UP,200,777,,
2026-09-03T06:02:54.625521+00:00,LibGen,LibGen.li,UP,200,768,,
2026-09-03T06:03:55.666895+00:00,LibGen,LibGen.li,UP,200,1058,,
2026-09-03T06:04:54.500565+00:00,LibGen,LibGen.li,UP,200,713,,
2026-09-03T06:05:54.768905+00:00,LibGen,LibGen.li,UP,200,704,,
2026-09-03T06:06:55.643732+00:00,LibGen,LibGen.li,UP,200,664,,
2026-09-03T06:07:55.901256+00:00,LibGen,LibGen.li,UP,200,697,,
2026-09-03T06:08:57.061327+00:00,LibGen,LibGen.li,UP,200,1142,,
2026-09-03T06:09:56.878473+00:00,LibGen,LibGen.li,UP,200,720,,
2026-09-03T06:10:57.164694+00:00,LibGen,LibGen.li,UP,200,808,,
2026-09-03T06:11:57.677738+00:00,LibGen,LibGen.li,UP,200,733,,
2026-09-03T06:12:58.244431+00:00,LibGen,LibGen.li,UP,200,640,,
2026-09-03T06:13:58.827959+00:00,LibGen,LibGen.li,UP,200,756,,
2026-09-03T06:14:59.123595+00:00,LibGen,LibGen.li,UP,200,681,,
2026-09-03T06:16:00.241434+00:00,LibGen,LibGen.li,UP,200,750,,
2026-09-03T06:17:00.732812+00:00,LibGen,LibGen.li,UP,200,1070,,
2026-09-03T06:18:00.985054+00:00,LibGen,LibGen.li,UP,200,1008,,
2026-09-03T06:19:02.007212+00:00,LibGen,LibGen.li,UP,200,1053,,
2026-09-03T06:20:02.180557+00:00,LibGen,LibGen.li,UP,200,1332,,
2026-09-03T06:21:01.957686+00:00,LibGen,LibGen.li,UP,200,840,,
2026-09-03T06:22:03.633061+00:00,LibGen,LibGen.li,UP,200,851,,
2026-09-03T06:23:03.100857+00:00,LibGen,LibGen.li,UP,200,861,,
2026-09-03T06:24:03.167910+00:00,LibGen,LibGen.li,UP,200,713,,
2026-09-03T06:25:03.728074+00:00,LibGen,LibGen.li,UP,200,1110,,
2026-09-03T06:26:23.762075+00:00,LibGen,LibGen.li,DOWN,,,connection_refused,
2026-09-03T06:27:04.806150+00:00,LibGen,LibGen.li,UP,200,1095,,
2026-09-03T06:28:24.629791+00:00,LibGen,LibGen.li,DOWN,,,connection_refused,
2026-09-03T06:29:06.013603+00:00,LibGen,LibGen.li,UP,200,1057,,
2026-09-03T06:30:06.074600+00:00,LibGen,LibGen.li,UP,200,309,,
2026-09-03T06:31:06.922082+00:00,LibGen,LibGen.li,UP,200,722,,
2026-09-03T06:32:06.720563+00:00,LibGen,LibGen.li,UP,200,233,,
2026-09-03T06:33:08.089938+00:00,LibGen,LibGen.li,UP,200,683,,
2026-09-03T06:34:11.226814+00:00,LibGen,LibGen.li,UP,200,2909,,
2026-09-03T06:35:11.102372+00:00,LibGen,LibGen.li,UP,200,1171,,
2026-09-03T06:36:11.166487+00:00,LibGen,LibGen.li,UP,200,779,,
2026-09-03T06:37:11.368578+00:00,LibGen,LibGen.li,UP,200,775,,
2026-09-03T06:38:11.166828+00:00,LibGen,LibGen.li,UP,200,709,,
2026-09-03T06:39:11.879128+00:00,LibGen,LibGen.li,UP,200,622,,
2026-09-03T06:40:13.197185+00:00,LibGen,LibGen.li,UP,200,876,,
2026-09-03T06:41:13.039770+00:00,LibGen,LibGen.li,UP,200,762,,
2026-09-03T06:42:13.541947+00:00,LibGen,LibGen.li,UP,200,272,,
2026-09-03T06:43:13.618091+00:00,LibGen,LibGen.li,UP,200,277,,
2026-09-03T06:44:14.425231+00:00,LibGen,LibGen.li,UP,200,725,,
2026-09-03T06:45:15.734079+00:00,LibGen,LibGen.li,UP,200,779,,
2026-09-03T06:46:16.179214+00:00,LibGen,LibGen.li,UP,200,821,,
2026-09-03T06:47:17.384105+00:00,LibGen,LibGen.li,UP,200,673,,
2026-09-03T06:48:20.294395+00:00,LibGen,LibGen.li,UP,200,729,,
2026-09-03T06:49:18.713953+00:00,LibGen,LibGen.li,UP,200,875,,
2026-09-03T06:50:19.554480+00:00,LibGen,LibGen.li,UP,200,854,,
2026-09-03T06:51:20.951390+00:00,LibGen,LibGen.li,UP,200,905,,
2026-09-03T06:52:21.329042+00:00,LibGen,LibGen.li,UP,200,772,,
2026-09-03T06:53:22.901021+00:00,LibGen,LibGen.li,UP,200,793,,
2026-09-03T06:54:23.420453+00:00,LibGen,LibGen.li,UP,200,802,,
2026-09-03T06:55:24.328271+00:00,LibGen,LibGen.li,UP,200,701,,
2026-09-03T06:56:24.669364+00:00,LibGen,LibGen.li,UP,200,696,,
2026-09-03T06:57:27.075639+00:00,LibGen,LibGen.li,UP,200,1722,,
2026-09-03T06:58:26.095876+00:00,LibGen,LibGen.li,UP,200,276,,
2026-09-03T06:59:29.125475+00:00,LibGen,LibGen.li,UP,200,941,,
2026-09-03T07:00:28.751586+00:00,LibGen,LibGen.li,UP,200,821,,
2026-09-03T07:01:29.033009+00:00,LibGen,LibGen.li,UP,200,840,,
2026-09-03T07:02:28.445514+00:00,LibGen,LibGen.li,UP,200,279,,
2026-09-03T07:03:29.468250+00:00,LibGen,LibGen.li,UP,200,1057,,
2026-09-03T07:04:29.318870+00:00,LibGen,LibGen.li,UP,200,819,,
2026-09-03T07:05:29.767424+00:00,LibGen,LibGen.li,UP,200,827,,
2026-09-03T07:06:32.074704+00:00,LibGen,LibGen.li,UP,200,789,,
2026-09-03T07:07:30.941674+00:00,LibGen,LibGen.li,UP,200,723,,
2026-09-03T07:08:31.099593+00:00,LibGen,LibGen.li,UP,200,709,,
2026-09-03T07:09:31.753002+00:00,LibGen,LibGen.li,UP,200,833,,
2026-09-03T07:10:31.540239+00:00,LibGen,LibGen.li,UP,200,689,,
2026-09-03T07:11:32.056989+00:00,LibGen,LibGen.li,UP,200,566,,
2026-09-03T07:12:32.200171+00:00,LibGen,LibGen.li,UP,200,727,,
2026-09-03T07:13:33.097823+00:00,LibGen,LibGen.li,UP,200,682,,
2026-09-03T07:14:33.354671+00:00,LibGen,LibGen.li,UP,200,767,,
2026-09-03T07:15:33.176777+00:00,LibGen,LibGen.li,UP,200,712,,
2026-09-03T07:16:34.022052+00:00,LibGen,LibGen.li,UP,200,723,,
2026-09-03T07:17:35.297551+00:00,LibGen,LibGen.li,UP,200,706,,
2026-09-03T07:18:36.299923+00:00,LibGen,LibGen.li,UP,200,732,,
2026-09-03T07:19:35.878967+00:00,LibGen,LibGen.li,UP,200,730,,
2026-09-03T07:20:56.151062+00:00,LibGen,LibGen.li,TIMEOUT,,,timeout,
2026-09-03T07:21:38.082574+00:00,LibGen,LibGen.li,UP,200,1086,,
2026-09-03T07:22:38.050072+00:00,LibGen,LibGen.li,UP,200,647,,
2026-09-03T07:23:38.877892+00:00,LibGen,LibGen.li,UP,200,744,,
2026-09-03T07:24:39.644201+00:00,LibGen,LibGen.li,UP,200,748,,
2026-09-03T07:25:40.518543+00:00,LibGen,LibGen.li,UP,200,727,,
2026-09-03T07:26:42.060102+00:00,LibGen,LibGen.li,UP,200,822,,
2026-09-03T07:27:41.172141+00:00,LibGen,LibGen.li,UP,200,324,,
2026-09-03T07:28:42.415027+00:00,LibGen,LibGen.li,UP,200,644,,
2026-09-03T07:29:43.759437+00:00,LibGen,LibGen.li,UP,200,938,,
2026-09-03T07:30:44.540160+00:00,LibGen,LibGen.li,UP,200,860,,
2026-09-03T07:31:44.838423+00:00,LibGen,LibGen.li,UP,200,684,,
2026-09-03T07:32:45.235922+00:00,LibGen,LibGen.li,UP,200,663,,
2026-09-03T07:33:46.166215+00:00,LibGen,LibGen.li,UP,200,809,,
2026-09-03T07:34:46.448541+00:00,LibGen,LibGen.li,UP,200,1153,,
2026-09-03T07:35:45.842195+00:00,LibGen,LibGen.li,UP,200,274,,
2026-09-03T07:36:46.413464+00:00,LibGen,LibGen.li,UP,200,739,,
2026-09-03T07:37:47.378599+00:00,LibGen,LibGen.li,UP,200,882,,
2026-09-03T07:38:48.334173+00:00,LibGen,LibGen.li,UP,200,658,,
2026-09-03T07:39:49.219385+00:00,LibGen,LibGen.li,UP,200,937,,
2026-09-03T07:40:49.199553+00:00,LibGen,LibGen.li,DOWN,,,connection_refused,
2026-09-03T07:41:50.512265+00:00,LibGen,LibGen.li,UP,200,1102,,
2026-09-03T07:42:50.858551+00:00,LibGen,LibGen.li,UP,200,773,,
2026-09-03T07:43:51.875706+00:00,LibGen,LibGen.li,UP,200,674,,
2026-09-03T07:44:52.049871+00:00,LibGen,LibGen.li,UP,200,250,,
2026-09-03T07:45:53.880541+00:00,LibGen,LibGen.li,UP,200,939,,
2026-09-03T07:46:53.714010+00:00,LibGen,LibGen.li,UP,200,739,,
2026-09-03T07:47:53.870553+00:00,LibGen,LibGen.li,UP,200,555,,
2026-09-03T07:48:55.152027+00:00,LibGen,LibGen.li,UP,200,1111,,
2026-09-03T07:49:56.549988+00:00,LibGen,LibGen.li,UP,200,739,,
2026-09-03T07:50:56.385569+00:00,LibGen,LibGen.li,UP,200,849,,
2026-09-03T07:51:57.331148+00:00,LibGen,LibGen.li,UP,200,896,,
2026-09-03T07:52:57.803487+00:00,LibGen,LibGen.li,UP,200,747,,
2026-09-03T07:53:58.611509+00:00,LibGen,LibGen.li,UP,200,695,,
2026-09-03T07:54:58.408968+00:00,LibGen,LibGen.li,UP,200,250,,
2026-09-03T07:55:59.208049+00:00,LibGen,LibGen.li,UP,200,690,,
2026-09-03T07:56:59.740508+00:00,LibGen,LibGen.li,UP,200,696,,
2026-09-03T07:57:59.855887+00:00,LibGen,LibGen.li,UP,200,405,,
2026-09-03T07:59:01.413575+00:00,LibGen,LibGen.li,UP,200,698,,
2026-09-03T08:00:02.556833+00:00,LibGen,LibGen.li,UP,200,1229,,
2026-09-03T08:01:05.462865+00:00,LibGen,LibGen.li,DEGRADED,200,3027,latency_high,
2026-09-03T08:02:02.403152+00:00,LibGen,LibGen.li,UP,200,265,,
2026-09-03T08:03:03.355946+00:00,LibGen,LibGen.li,UP,200,854,,
2026-09-03T08:04:03.558913+00:00,LibGen,LibGen.li,UP,200,828,,
2026-09-03T08:05:04.554335+00:00,LibGen,LibGen.li,UP,200,872,,
2026-09-03T08:06:05.613553+00:00,LibGen,LibGen.li,UP,200,759,,
2026-09-03T08:07:06.208460+00:00,LibGen,LibGen.li,UP,200,736,,
2026-09-03T08:08:07.164062+00:00,LibGen,LibGen.li,UP,200,720,,
2026-09-03T08:09:07.603984+00:00,LibGen,LibGen.li,UP,200,614,,
2026-09-03T08:10:08.537145+00:00,LibGen,LibGen.li,UP,200,872,,
2026-09-03T08:11:10.855434+00:00,LibGen,LibGen.li,UP,200,2223,,
2026-09-03T08:12:11.356349+00:00,LibGen,LibGen.li,UP,200,1797,,
2026-09-03T08:13:31.349877+00:00,LibGen,LibGen.li,DOWN,,,connection_refused,
2026-09-03T08:14:12.223710+00:00,LibGen,LibGen.li,UP,200,761,,
2026-09-03T08:15:12.623810+00:00,LibGen,LibGen.li,UP,200,784,,
2026-09-03T08:16:13.525565+00:00,LibGen,LibGen.li,UP,200,767,,
2026-09-03T08:17:14.392975+00:00,LibGen,LibGen.li,UP,200,724,,
2026-09-03T08:18:15.245686+00:00,LibGen,LibGen.li,UP,200,729,,
2026-09-03T08:19:16.569130+00:00,LibGen,LibGen.li,UP,200,790,,
2026-09-03T08:20:16.776774+00:00,LibGen,LibGen.li,UP,200,698,,
2026-09-03T08:21:17.578877+00:00,LibGen,LibGen.li,UP,200,655,,
2026-09-03T08:22:18.509219+00:00,LibGen,LibGen.li,UP,200,791,,
2026-09-03T08:23:19.211462+00:00,LibGen,LibGen.li,UP,200,650,,
2026-09-03T08:24:20.003571+00:00,LibGen,LibGen.li,UP,200,736,,
2026-09-03T08:25:20.745266+00:00,LibGen,LibGen.li,UP,200,711,,
2026-09-03T08:26:21.947554+00:00,LibGen,LibGen.li,UP,200,718,,
2026-09-03T08:27:23.183511+00:00,LibGen,LibGen.li,UP,200,666,,
2026-09-03T08:28:22.600663+00:00,LibGen,LibGen.li,UP,200,682,,
2026-09-03T08:29:23.920834+00:00,LibGen,LibGen.li,UP,200,695,,
2026-09-03T08:30:24.964607+00:00,LibGen,LibGen.li,UP,200,1164,,
2026-09-03T08:31:24.763363+00:00,LibGen,LibGen.li,UP,200,743,,
2026-09-03T08:32:25.776800+00:00,LibGen,LibGen.li,UP,200,867,,
2026-09-03T08:33:26.671587+00:00,LibGen,LibGen.li,UP,200,724,,
2026-09-03T08:34:27.423442+00:00,LibGen,LibGen.li,UP,200,802,,
2026-09-03T08:35:27.955904+00:00,LibGen,LibGen.li,UP,200,931,,
2026-09-03T08:36:28.207915+00:00,LibGen,LibGen.li,UP,200,706,,
2026-09-03T08:37:38.565139+00:00,LibGen,LibGen.li,UP,200,677,,
2026-09-03T08:38:28.718095+00:00,LibGen,LibGen.li,UP,200,654,,
2026-09-03T08:39:32.321637+00:00,LibGen,LibGen.li,UP,200,2832,,
2026-09-03T08:40:29.617200+00:00,LibGen,LibGen.li,UP,200,623,,
2026-09-03T08:41:50.521667+00:00,LibGen,LibGen.li,DOWN,,,connection_refused,
2026-09-03T08:42:32.529246+00:00,LibGen,LibGen.li,UP,200,1930,,
2026-09-03T08:43:32.324268+00:00,LibGen,LibGen.li,UP,200,885,,
2026-09-03T08:44:53.341991+00:00,LibGen,LibGen.li,DOWN,,,connection_refused,
2026-09-03T08:45:34.323546+00:00,LibGen,LibGen.li,UP,200,831,,
2026-09-03T08:46:54.409147+00:00,LibGen,LibGen.li,DOWN,,,connection_refused,
2026-09-03T08:47:34.464066+00:00,LibGen,LibGen.li,UP,200,619,,
2026-09-03T08:48:35.279088+00:00,LibGen,LibGen.li,UP,200,607,,
2026-09-03T08:49:36.453405+00:00,LibGen,LibGen.li,UP,200,649,,
2026-09-03T08:50:37.287246+00:00,LibGen,LibGen.li,UP,200,640,,
2026-09-03T08:51:38.026613+00:00,LibGen,LibGen.li,UP,200,721,,
2026-09-03T08:52:38.798471+00:00,LibGen,LibGen.li,UP,200,724,,
2026-09-03T08:53:39.427603+00:00,LibGen,LibGen.li,UP,200,824,,
2026-09-03T08:54:40.584904+00:00,LibGen,LibGen.li,UP,200,669,,
2026-09-03T08:55:41.365110+00:00,LibGen,LibGen.li,UP,200,771,,
2026-09-03T08:56:41.672125+00:00,LibGen,LibGen.li,UP,200,731,,
2026-09-03T08:57:42.337056+00:00,LibGen,LibGen.li,UP,200,620,,
2026-09-03T08:58:43.389270+00:00,LibGen,LibGen.li,UP,200,691,,
2026-09-03T08:59:44.213001+00:00,LibGen,LibGen.li,UP,200,888,,
2026-09-03T09:00:44.862549+00:00,LibGen,LibGen.li,UP,200,798,,
2026-09-03T09:01:45.842590+00:00,LibGen,LibGen.li,UP,200,831,,
2026-09-03T09:02:46.384557+00:00,LibGen,LibGen.li,UP,200,583,,
2026-09-03T09:03:47.280472+00:00,LibGen,LibGen.li,UP,200,705,,
2026-09-03T09:04:47.968898+00:00,LibGen,LibGen.li,UP,200,611,,
2026-09-03T09:05:48.876000+00:00,LibGen,LibGen.li,UP,200,696,,
2026-09-03T09:06:53.359532+00:00,LibGen,LibGen.li,DEGRADED,200,3769,latency_high,
2026-09-03T09:07:50.697215+00:00,LibGen,LibGen.li,UP,200,689,,
2026-09-03T09:08:52.716153+00:00,LibGen,LibGen.li,UP,200,1777,,
2026-09-03T09:09:52.441918+00:00,LibGen,LibGen.li,UP,200,781,,
2026-09-03T09:11:13.609789+00:00,LibGen,LibGen.li,DOWN,,,connection_refused,
2026-09-03T09:11:53.969805+00:00,LibGen,LibGen.li,UP,200,614,,
2026-09-03T09:12:54.849902+00:00,LibGen,LibGen.li,UP,200,680,,
2026-09-03T09:13:54.947725+00:00,LibGen,LibGen.li,UP,200,681,,
2026-09-03T09:14:56.297868+00:00,LibGen,LibGen.li,UP,200,804,,
2026-09-03T09:16:16.100645+00:00,LibGen,LibGen.li,DOWN,,,connection_refused,
2026-09-03T09:16:58.001440+00:00,LibGen,LibGen.li,UP,200,1066,,
2026-09-03T09:18:04.397938+00:00,LibGen,LibGen.li,DEGRADED,200,7926,latency_high,
2026-09-03T09:18:57.853550+00:00,LibGen,LibGen.li,UP,200,631,,
2026-09-03T09:20:18.398251+00:00,LibGen,LibGen.li,TIMEOUT,,,timeout,
2026-09-03T09:20:59.615796+00:00,LibGen,LibGen.li,UP,200,1037,,
2026-09-03T09:21:59.868652+00:00,LibGen,LibGen.li,UP,200,1052,,
2026-09-03T09:22:59.731463+00:00,LibGen,LibGen.li,UP,200,659,,
2026-09-03T09:24:01.124092+00:00,LibGen,LibGen.li,UP,200,1091,,
2026-09-03T09:25:00.357729+00:00,LibGen,LibGen.li,UP,200,300,,
2026-09-03T09:26:00.972994+00:00,LibGen,LibGen.li,UP,200,895,,
2026-09-03T09:27:01.841310+00:00,LibGen,LibGen.li,UP,200,758,,
2026-09-03T09:28:02.897861+00:00,LibGen,LibGen.li,UP,200,316,,
2026-09-03T09:29:03.630305+00:00,LibGen,LibGen.li,UP,200,942,,
2026-09-03T09:30:04.890327+00:00,LibGen,LibGen.li,UP,200,1419,,
2026-09-03T09:31:04.183521+00:00,LibGen,LibGen.li,UP,200,860,,
2026-09-03T09:32:04.799089+00:00,LibGen,LibGen.li,UP,200,755,,
2026-09-03T09:33:05.597442+00:00,LibGen,LibGen.li,UP,200,691,,
2026-09-03T09:34:06.429567+00:00,LibGen,LibGen.li,UP,200,791,,
2026-09-03T09:35:06.427349+00:00,LibGen,LibGen.li,UP,200,831,,
2026-09-03T09:36:07.219614+00:00,LibGen,LibGen.li,UP,200,715,,
2026-09-03T09:37:09.484124+00:00,LibGen,LibGen.li,UP,200,1054,,
2026-09-03T09:38:08.860969+00:00,LibGen,LibGen.li,UP,200,771,,
2026-09-03T09:39:11.287252+00:00,LibGen,LibGen.li,UP,200,2372,,
2026-09-03T09:40:11.787597+00:00,LibGen,LibGen.li,UP,200,1434,,
2026-09-03T09:41:11.571346+00:00,LibGen,LibGen.li,UP,200,782,,
2026-09-03T09:42:13.064474+00:00,LibGen,LibGen.li,UP,200,661,,
2026-09-03T09:43:12.821032+00:00,LibGen,LibGen.li,UP,200,690,,
2026-09-03T09:44:13.899400+00:00,LibGen,LibGen.li,UP,200,601,,
2026-09-03T09:45:15.436300+00:00,LibGen,LibGen.li,UP,200,831,,
2026-09-03T09:46:14.830625+00:00,LibGen,LibGen.li,UP,200,306,,
2026-09-03T09:47:15.253644+00:00,LibGen,LibGen.li,UP,200,692,,
2026-09-03T09:48:37.240754+00:00,LibGen,LibGen.li,DOWN,,,connection_refused,
2026-09-03T09:49:16.945947+00:00,LibGen,LibGen.li,UP,200,777,,
2026-09-03T09:50:17.976345+00:00,LibGen,LibGen.li,UP,200,903,,
2026-09-03T09:51:18.626521+00:00,LibGen,LibGen.li,UP,200,883,,
2026-09-03T09:52:18.957186+00:00,LibGen,LibGen.li,UP,200,687,,
2026-09-03T09:53:28.999154+00:00,LibGen,LibGen.li,DEGRADED,200,9937,latency_high,
2026-09-03T09:54:21.345175+00:00,LibGen,LibGen.li,UP,200,745,,
2026-09-03T09:55:21.894457+00:00,LibGen,LibGen.li,UP,200,872,,
2026-09-03T09:56:22.235221+00:00,LibGen,LibGen.li,UP,200,697,,
2026-09-03T09:57:23.088871+00:00,LibGen,LibGen.li,UP,200,744,,
2026-09-03T09:58:24.276868+00:00,LibGen,LibGen.li,UP,200,651,,
2026-09-03T09:59:24.327624+00:00,LibGen,LibGen.li,UP,200,715,,
2026-09-03T10:00:25.613655+00:00,LibGen,LibGen.li,UP,200,1097,,
2026-09-03T10:01:25.814464+00:00,LibGen,LibGen.li,UP,200,935,,
2026-09-03T10:02:27.035731+00:00,LibGen,LibGen.li,UP,200,1110,,
2026-09-03T10:03:26.575103+00:00,LibGen,LibGen.li,UP,200,761,,
2026-09-03T10:04:27.049768+00:00,LibGen,LibGen.li,UP,200,817,,
2026-09-03T10:05:27.088630+00:00,LibGen,LibGen.li,UP,200,801,,
2026-09-03T10:06:28.082539+00:00,LibGen,LibGen.li,UP,200,832,,
2026-09-03T10:07:28.112932+00:00,LibGen,LibGen.li,UP,200,833,,
2026-09-03T10:08:28.122484+00:00,LibGen,LibGen.li,UP,200,737,,
2026-09-03T10:09:28.647139+00:00,LibGen,LibGen.li,UP,200,1055,,
2026-09-03T10:10:28.944506+00:00,LibGen,LibGen.li,UP,200,814,,
2026-09-03T10:11:49.087173+00:00,LibGen,LibGen.li,DOWN,,,connection_refused,
2026-09-03T10:12:30.133120+00:00,LibGen,LibGen.li,UP,200,797,,
2026-09-03T10:13:30.495677+00:00,LibGen,LibGen.li,UP,200,747,,
2026-09-03T10:14:30.123065+00:00,LibGen,LibGen.li,UP,200,667,,
2026-09-03T10:15:31.545490+00:00,LibGen,LibGen.li,UP,200,1231,,
2026-09-03T10:16:31.646864+00:00,LibGen,LibGen.li,UP,200,765,,
2026-09-03T10:17:31.333495+00:00,LibGen,LibGen.li,UP,200,705,,
2026-09-03T10:18:32.299563+00:00,LibGen,LibGen.li,UP,200,1081,,
2026-09-03T10:19:32.523390+00:00,LibGen,LibGen.li,UP,200,787,,
2026-09-03T10:20:32.480727+00:00,LibGen,LibGen.li,UP,200,796,,
2026-09-03T10:21:33.239777+00:00,LibGen,LibGen.li,UP,200,690,,
2026-09-03T10:22:34.107557+00:00,LibGen,LibGen.li,UP,200,744,,
2026-09-03T10:23:34.830616+00:00,LibGen,LibGen.li,UP,200,1645,,
2026-09-03T10:24:34.582010+00:00,LibGen,LibGen.li,UP,200,718,,
2026-09-03T10:25:35.732072+00:00,LibGen,LibGen.li,UP,200,874,,
2026-09-03T10:26:57.521935+00:00,LibGen,LibGen.li,DOWN,,,connection_refused,
2026-09-03T10:27:37.399757+00:00,LibGen,LibGen.li,UP,200,863,,
2026-09-03T10:28:38.228742+00:00,LibGen,LibGen.li,UP,200,761,,
2026-09-03T10:29:38.220856+00:00,LibGen,LibGen.li,UP,200,694,,
2026-09-03T10:30:38.868470+00:00,LibGen,LibGen.li,UP,200,800,,
2026-09-03T10:31:38.965857+00:00,LibGen,LibGen.li,UP,200,808,,
2026-09-03T10:32:39.566611+00:00,LibGen,LibGen.li,UP,200,766,,
2026-09-03T10:33:39.497933+00:00,LibGen,LibGen.li,UP,200,741,,
2026-09-03T10:34:40.310822+00:00,LibGen,LibGen.li,UP,200,1062,,
2026-09-03T10:35:42.336718+00:00,LibGen,LibGen.li,UP,200,1837,,
2026-09-03T10:36:42.004435+00:00,LibGen,LibGen.li,UP,200,769,,
2026-09-03T10:37:42.478541+00:00,LibGen,LibGen.li,UP,200,719,,
2026-09-03T10:38:44.462213+00:00,LibGen,LibGen.li,UP,200,1662,,
2026-09-03T10:39:43.819459+00:00,LibGen,LibGen.li,UP,200,1073,,
2026-09-03T10:40:44.537152+00:00,LibGen,LibGen.li,UP,200,821,,
2026-09-03T10:41:45.367245+00:00,LibGen,LibGen.li,UP,200,734,,
2026-09-03T10:42:46.158934+00:00,LibGen,LibGen.li,UP,200,657,,
2026-09-03T10:43:47.197543+00:00,LibGen,LibGen.li,UP,200,798,,
2026-09-03T10:44:47.605349+00:00,LibGen,LibGen.li,UP,200,783,,
2026-09-03T10:45:48.080538+00:00,LibGen,LibGen.li,UP,200,743,,
2026-09-03T10:46:49.210150+00:00,LibGen,LibGen.li,UP,200,811,,
2026-09-03T10:47:50.423028+00:00,LibGen,LibGen.li,UP,200,775,,
2026-09-03T10:48:50.639059+00:00,LibGen,LibGen.li,UP,200,885,,
2026-09-03T10:49:51.323841+00:00,LibGen,LibGen.li,UP,200,706,,
2026-09-03T10:50:53.551662+00:00,LibGen,LibGen.li,UP,200,1109,,
2026-09-03T10:51:53.416181+00:00,LibGen,LibGen.li,UP,200,985,,
2026-09-03T10:52:54.618489+00:00,LibGen,LibGen.li,UP,200,838,,
2026-09-03T10:53:55.085165+00:00,LibGen,LibGen.li,UP,200,906,,
2026-09-03T10:54:55.310934+00:00,LibGen,LibGen.li,UP,200,725,,
2026-09-03T10:55:55.489030+00:00,LibGen,LibGen.li,UP,200,766,,
2026-09-03T10:56:56.099084+00:00,LibGen,LibGen.li,UP,200,683,,
2026-09-03T10:57:57.171314+00:00,LibGen,LibGen.li,UP,200,755,,
2026-09-03T10:58:56.444675+00:00,LibGen,LibGen.li,UP,200,729,,
2026-09-03T10:59:57.200370+00:00,LibGen,LibGen.li,UP,200,648,,
2026-09-03T11:00:58.382475+00:00,LibGen,LibGen.li,UP,200,845,,
2026-09-03T11:01:57.993168+00:00,LibGen,LibGen.li,UP,200,271,,
2026-09-03T11:03:00.076699+00:00,LibGen,LibGen.li,UP,200,1361,,
2026-09-03T11:03:59.797998+00:00,LibGen,LibGen.li,UP,200,667,,
2026-09-03T11:05:00.347945+00:00,LibGen,LibGen.li,UP,200,627,,
2026-09-03T11:06:00.185190+00:00,LibGen,LibGen.li,UP,200,745,,
2026-09-03T11:07:00.548200+00:00,LibGen,LibGen.li,UP,200,760,,
2026-09-03T11:08:00.778578+00:00,LibGen,LibGen.li,UP,200,904,,
2026-09-03T11:09:04.374668+00:00,LibGen,LibGen.li,DEGRADED,200,4026,latency_high,
2026-09-03T11:10:03.366966+00:00,LibGen,LibGen.li,UP,200,2056,,
2026-09-03T11:11:01.657614+00:00,LibGen,LibGen.li,UP,200,972,,
2026-09-03T11:12:02.673000+00:00,LibGen,LibGen.li,UP,200,992,,
2026-09-03T11:13:23.066792+00:00,LibGen,LibGen.li,DOWN,,,connection_refused,
2026-09-03T11:14:03.444188+00:00,LibGen,LibGen.li,UP,200,909,,
2026-09-03T11:15:04.465527+00:00,LibGen,LibGen.li,UP,200,1060,,
2026-09-03T11:16:04.348505+00:00,LibGen,LibGen.li,UP,200,827,,
2026-09-03T11:17:05.914432+00:00,LibGen,LibGen.li,UP,200,813,,
2026-09-03T11:18:05.004977+00:00,LibGen,LibGen.li,UP,200,820,,
2026-09-03T11:19:05.873786+00:00,LibGen,LibGen.li,UP,200,728,,
2026-09-03T11:20:27.298079+00:00,LibGen,LibGen.li,DOWN,,,connection_refused,
2026-09-03T11:21:09.590462+00:00,LibGen,LibGen.li,UP,200,2949,,
2026-09-03T11:22:07.338228+00:00,LibGen,LibGen.li,UP,200,261,,
2026-09-03T11:23:07.382987+00:00,LibGen,LibGen.li,UP,200,294,,
2026-09-03T11:24:07.201222+00:00,LibGen,LibGen.li,DOWN,,,connection_refused,
2026-09-03T11:25:09.046493+00:00,LibGen,LibGen.li,UP,200,956,,
2026-09-03T11:26:08.852563+00:00,LibGen,LibGen.li,UP,200,735,,
2026-09-03T11:27:12.498564+00:00,LibGen,LibGen.li,DEGRADED,200,3901,latency_high,
2026-09-03T11:28:12.345039+00:00,LibGen,LibGen.li,DEGRADED,200,3162,latency_high,
2026-09-03T11:29:12.481314+00:00,LibGen,LibGen.li,UP,200,2205,,
2026-09-03T11:30:12.323631+00:00,LibGen,LibGen.li,UP,200,1747,,
2026-09-03T11:31:13.243521+00:00,LibGen,LibGen.li,UP,200,1266,,
2026-09-03T11:32:12.982586+00:00,LibGen,LibGen.li,UP,200,1840,,
2026-09-03T11:33:15.574469+00:00,LibGen,LibGen.li,DEGRADED,200,4120,latency_high,
2026-09-03T11:34:13.629323+00:00,LibGen,LibGen.li,UP,200,836,,
2026-09-03T11:35:14.035313+00:00,LibGen,LibGen.li,UP,200,836,,
2026-09-03T11:36:14.038528+00:00,LibGen,LibGen.li,UP,200,774,,
2026-09-03T11:37:14.976244+00:00,LibGen,LibGen.li,UP,200,1627,,
2026-09-03T11:38:15.277487+00:00,LibGen,LibGen.li,UP,200,939,,
2026-09-03T11:39:36.536431+00:00,LibGen,LibGen.li,DOWN,,,connection_refused,
2026-09-03T11:40:16.633260+00:00,LibGen,LibGen.li,UP,200,1169,,
2026-09-03T11:41:18.091538+00:00,LibGen,LibGen.li,UP,200,1295,,
2026-09-03T11:42:18.152059+00:00,LibGen,LibGen.li,UP,200,1121,,
2026-09-03T11:43:16.881002+00:00,LibGen,LibGen.li,UP,200,822,,
2026-09-03T11:44:16.957829+00:00,LibGen,LibGen.li,UP,200,868,,
2026-09-03T11:45:18.357930+00:00,LibGen,LibGen.li,UP,200,936,,
2026-09-03T11:46:17.780049+00:00,LibGen,LibGen.li,UP,200,817,,
2026-09-03T11:47:18.498893+00:00,LibGen,LibGen.li,UP,200,1274,,
2026-09-03T11:48:18.469901+00:00,LibGen,LibGen.li,UP,200,306,,
2026-09-03T11:49:38.847691+00:00,LibGen,LibGen.li,DOWN,,,connection_refused,
2026-09-03T11:50:19.029234+00:00,LibGen,LibGen.li,UP,200,950,,
2026-09-03T11:51:19.457395+00:00,LibGen,LibGen.li,UP,200,786,,
2026-09-03T11:52:20.514303+00:00,LibGen,LibGen.li,UP,200,820,,
2026-09-03T11:53:20.675110+00:00,LibGen,LibGen.li,UP,200,692,,
2026-09-03T11:54:41.588637+00:00,LibGen,LibGen.li,DOWN,,,connection_refused,
2026-09-03T11:55:22.019148+00:00,LibGen,LibGen.li,UP,200,727,,
2026-09-03T11:56:23.771523+00:00,LibGen,LibGen.li,UP,200,872,,
2026-09-03T11:57:23.504028+00:00,LibGen,LibGen.li,UP,200,1169,,
2026-09-03T11:58:23.927538+00:00,LibGen,LibGen.li,UP,200,1059,,
2026-09-03T11:59:23.967837+00:00,LibGen,LibGen.li,UP,200,332,,
2026-09-03T12:00:25.421702+00:00,LibGen,LibGen.li,UP,200,1073,,
2026-09-03T12:01:25.043198+00:00,LibGen,LibGen.li,UP,200,930,,
2026-09-03T12:02:25.685933+00:00,LibGen,LibGen.li,UP,200,808,,
2026-09-03T12:03:26.369488+00:00,LibGen,LibGen.li,UP,200,1210,,
2026-09-03T12:04:25.969515+00:00,LibGen,LibGen.li,UP,200,796,,
2026-09-03T12:05:26.444989+00:00,LibGen,LibGen.li,UP,200,735,,
2026-09-03T12:06:26.874981+00:00,LibGen,LibGen.li,UP,200,799,,
2026-09-03T12:07:27.377428+00:00,LibGen,LibGen.li,UP,200,865,,
2026-09-03T12:08:28.295889+00:00,LibGen,LibGen.li,UP,200,1117,,
2026-09-03T12:09:31.686468+00:00,LibGen,LibGen.li,DEGRADED,200,4467,latency_high,
2026-09-03T12:10:29.573870+00:00,LibGen,LibGen.li,UP,200,1182,,
2026-09-03T12:11:28.844899+00:00,LibGen,LibGen.li,UP,200,890,,
2026-09-03T12:12:30.373819+00:00,LibGen,LibGen.li,UP,200,729,,
2026-09-03T12:13:29.377301+00:00,LibGen,LibGen.li,UP,200,894,,
2026-09-03T12:14:29.977455+00:00,LibGen,LibGen.li,UP,200,1197,,
2026-09-03T12:15:31.234917+00:00,LibGen,LibGen.li,UP,200,1253,,
2026-09-03T12:16:31.566640+00:00,LibGen,LibGen.li,UP,200,1825,,
2026-09-03T12:17:31.902587+00:00,LibGen,LibGen.li,UP,200,1122,,
2026-09-03T12:18:34.202962+00:00,LibGen,LibGen.li,UP,200,1346,,
2026-09-03T12:19:52.032396+00:00,LibGen,LibGen.li,DOWN,,,connection_refused,
2026-09-03T12:20:32.354252+00:00,LibGen,LibGen.li,UP,200,810,,
2026-09-03T12:21:33.548537+00:00,LibGen,LibGen.li,UP,200,801,,
2026-09-03T12:22:33.364399+00:00,LibGen,LibGen.li,UP,200,978,,
2026-09-03T12:23:33.185542+00:00,LibGen,LibGen.li,UP,200,277,,
2026-09-03T12:24:33.733727+00:00,LibGen,LibGen.li,UP,200,788,,
2026-09-03T12:25:35.626617+00:00,LibGen,LibGen.li,UP,200,1817,,
2026-09-03T12:26:34.581420+00:00,LibGen,LibGen.li,UP,200,700,,
2026-09-03T12:27:34.446717+00:00,LibGen,LibGen.li,UP,200,842,,
2026-09-03T12:28:34.892464+00:00,LibGen,LibGen.li,UP,200,803,,
2026-09-03T12:29:35.652682+00:00,LibGen,LibGen.li,UP,200,702,,
2026-09-03T12:30:36.455970+00:00,LibGen,LibGen.li,UP,200,1061,,
2026-09-03T12:31:35.908196+00:00,LibGen,LibGen.li,UP,200,812,,
2026-09-03T12:32:37.594989+00:00,LibGen,LibGen.li,UP,200,1256,,
2026-09-03T12:33:36.982533+00:00,LibGen,LibGen.li,UP,200,861,,
2026-09-03T12:34:37.373680+00:00,LibGen,LibGen.li,UP,200,969,,
2026-09-03T12:35:37.250457+00:00,LibGen,LibGen.li,UP,200,725,,
2026-09-03T12:36:37.216569+00:00,LibGen,LibGen.li,UP,200,915,,
2026-09-03T12:37:37.369823+00:00,LibGen,LibGen.li,UP,200,731,,
2026-09-03T12:38:37.417561+00:00,LibGen,LibGen.li,UP,200,754,,
2026-09-03T12:39:38.820919+00:00,LibGen,LibGen.li,UP,200,731,,
2026-09-03T12:40:38.504024+00:00,LibGen,LibGen.li,UP,200,748,,
2026-09-03T12:41:39.520186+00:00,LibGen,LibGen.li,UP,200,874,,
2026-09-03T12:42:39.481139+00:00,LibGen,LibGen.li,UP,200,799,,
2026-09-03T12:43:40.558258+00:00,LibGen,LibGen.li,UP,200,1009,,
2026-09-03T12:44:41.579765+00:00,LibGen,LibGen.li,UP,200,720,,
2026-09-03T12:45:42.809590+00:00,LibGen,LibGen.li,UP,200,1760,,
2026-09-03T12:46:42.282331+00:00,LibGen,LibGen.li,UP,200,778,,
2026-09-03T12:47:42.458126+00:00,LibGen,LibGen.li,UP,200,743,,
2026-09-03T12:48:43.436057+00:00,LibGen,LibGen.li,UP,200,762,,
2026-09-03T12:49:43.105886+00:00,LibGen,LibGen.li,UP,200,592,,
2026-09-03T12:50:43.827550+00:00,LibGen,LibGen.li,UP,200,1093,,
2026-09-03T12:51:46.515431+00:00,LibGen,LibGen.li,DEGRADED,200,3786,latency_high,
2026-09-03T12:52:44.237216+00:00,LibGen,LibGen.li,UP,200,771,,
2026-09-03T12:53:44.999752+00:00,LibGen,LibGen.li,UP,200,800,,
2026-09-03T12:54:45.968051+00:00,LibGen,LibGen.li,UP,200,778,,
2026-09-03T12:55:45.972762+00:00,LibGen,LibGen.li,UP,200,312,,
2026-09-03T12:56:50.630527+00:00,LibGen,LibGen.li,UP,200,844,,
2026-09-03T12:57:49.205017+00:00,LibGen,LibGen.li,UP,200,674,,
2026-09-03T12:58:48.182790+00:00,LibGen,LibGen.li,UP,200,736,,
2026-09-03T12:59:48.232193+00:00,LibGen,LibGen.li,UP,200,293,,
2026-09-03T13:00:49.263497+00:00,LibGen,LibGen.li,UP,200,846,,
2026-09-03T13:01:49.492582+00:00,LibGen,LibGen.li,UP,200,815,,
2026-09-03T13:02:51.410548+00:00,LibGen,LibGen.li,UP,200,1710,,
2026-09-03T13:03:54.467089+00:00,LibGen,LibGen.li,UP,200,781,,
2026-09-03T13:04:53.302732+00:00,LibGen,LibGen.li,UP,200,1744,,
2026-09-03T13:05:52.988840+00:00,LibGen,LibGen.li,UP,200,608,,
2026-09-03T13:06:53.536762+00:00,LibGen,LibGen.li,UP,200,826,,
2026-09-03T13:07:54.256740+00:00,LibGen,LibGen.li,UP,200,784,,
2026-09-03T13:08:54.820955+00:00,LibGen,LibGen.li,UP,200,1627,,
2026-09-03T13:09:54.949415+00:00,LibGen,LibGen.li,UP,200,876,,
2026-09-03T13:10:55.423097+00:00,LibGen,LibGen.li,UP,200,797,,
2026-09-03T13:11:55.991832+00:00,LibGen,LibGen.li,UP,200,749,,
2026-09-03T13:12:55.855383+00:00,LibGen,LibGen.li,UP,200,738,,
2026-09-03T13:13:56.708519+00:00,LibGen,LibGen.li,UP,200,776,,
2026-09-03T13:15:17.631375+00:00,LibGen,LibGen.li,DOWN,,,connection_refused,
2026-09-03T13:15:57.831303+00:00,LibGen,LibGen.li,UP,200,772,,
2026-09-03T13:16:58.345937+00:00,LibGen,LibGen.li,UP,200,887,,
2026-09-03T13:17:58.741493+00:00,LibGen,LibGen.li,UP,200,805,,
2026-09-03T13:18:58.973993+00:00,LibGen,LibGen.li,UP,200,771,,
2026-09-03T13:19:58.773165+00:00,LibGen,LibGen.li,UP,200,543,,
2026-09-03T13:20:59.883585+00:00,LibGen,LibGen.li,UP,200,747,,
2026-09-03T13:22:05.580859+00:00,LibGen,LibGen.li,DEGRADED,200,5467,latency_high,
2026-09-03T13:23:01.589408+00:00,LibGen,LibGen.li,UP,200,605,,
2026-09-03T13:24:02.394221+00:00,LibGen,LibGen.li,UP,200,620,,
2026-09-03T13:25:04.648501+00:00,LibGen,LibGen.li,UP,200,895,,
2026-09-03T13:26:03.670492+00:00,LibGen,LibGen.li,UP,200,805,,
2026-09-03T13:27:04.193731+00:00,LibGen,LibGen.li,UP,200,966,,
2026-09-03T13:28:04.677926+00:00,LibGen,LibGen.li,UP,200,858,,
2026-09-03T13:29:06.735668+00:00,LibGen,LibGen.li,UP,200,825,,
2026-09-03T13:30:05.361414+00:00,LibGen,LibGen.li,UP,200,1165,,
2026-09-03T13:31:04.715776+00:00,LibGen,LibGen.li,UP,200,678,,
2026-09-03T13:32:05.456639+00:00,LibGen,LibGen.li,UP,200,1014,,
2026-09-03T13:33:05.966606+00:00,LibGen,LibGen.li,UP,200,743,,
2026-09-03T13:34:06.419540+00:00,LibGen,LibGen.li,UP,200,730,,
2026-09-03T13:35:07.983997+00:00,LibGen,LibGen.li,UP,200,848,,
2026-09-03T13:36:07.645314+00:00,LibGen,LibGen.li,UP,200,850,,
2026-09-03T13:37:07.712971+00:00,LibGen,LibGen.li,UP,200,785,,
2026-09-03T13:38:07.944660+00:00,LibGen,LibGen.li,UP,200,735,,
2026-09-03T13:39:08.930126+00:00,LibGen,LibGen.li,UP,200,741,,
2026-09-03T13:40:08.966040+00:00,LibGen,LibGen.li,UP,200,1039,,
2026-09-03T13:41:08.552370+00:00,LibGen,LibGen.li,UP,200,310,,
2026-09-03T13:42:15.685601+00:00,LibGen,LibGen.li,DEGRADED,200,5182,latency_high,
2026-09-03T13:43:15.322347+00:00,LibGen,LibGen.li,DEGRADED,200,4972,latency_high,
2026-09-03T13:44:14.407153+00:00,LibGen,LibGen.li,DEGRADED,200,3141,latency_high,
2026-09-03T13:45:13.880239+00:00,LibGen,LibGen.li,UP,200,1808,,
2026-09-03T13:46:12.610410+00:00,LibGen,LibGen.li,DOWN,500,741,http_error,
2026-09-03T13:47:17.738574+00:00,LibGen,LibGen.li,DEGRADED,200,3447,latency_high,
2026-09-03T13:48:17.086987+00:00,LibGen,LibGen.li,DEGRADED,200,4997,latency_high,
2026-09-03T13:49:14.364147+00:00,LibGen,LibGen.li,UP,200,2227,,
2026-09-03T13:50:15.123572+00:00,LibGen,LibGen.li,UP,200,2482,,
2026-09-03T13:51:13.546915+00:00,LibGen,LibGen.li,DOWN,500,722,http_error,
2026-09-03T13:52:14.046491+00:00,LibGen,LibGen.li,DOWN,500,964,http_error,
2026-09-03T13:53:14.142847+00:00,LibGen,LibGen.li,DOWN,500,875,http_error,
2026-09-03T13:54:13.939948+00:00,LibGen,LibGen.li,DOWN,500,651,http_error,
2026-09-03T13:55:14.565669+00:00,LibGen,LibGen.li,DOWN,500,725,http_error,
2026-09-03T13:56:15.011897+00:00,LibGen,LibGen.li,DOWN,500,910,http_error,
2026-09-03T13:57:14.847915+00:00,LibGen,LibGen.li,DOWN,500,685,http_error,
2026-09-03T13:58:15.315425+00:00,LibGen,LibGen.li,DOWN,500,695,http_error,
2026-09-03T13:59:17.173484+00:00,LibGen,LibGen.li,UP,200,863,,
2026-09-03T14:00:16.848845+00:00,LibGen,LibGen.li,UP,200,827,,
2026-09-03T14:01:20.171811+00:00,LibGen,LibGen.li,UP,200,674,,
2026-09-03T14:02:17.033136+00:00,LibGen,LibGen.li,UP,200,739,,
2026-09-03T14:03:18.356400+00:00,LibGen,LibGen.li,UP,200,1741,,
2026-09-03T14:04:18.386085+00:00,LibGen,LibGen.li,UP,200,788,,
2026-09-03T14:05:18.540787+00:00,LibGen,LibGen.li,UP,200,695,,
2026-09-03T14:06:18.552329+00:00,LibGen,LibGen.li,UP,200,611,,
2026-09-03T14:07:18.378841+00:00,LibGen,LibGen.li,UP,200,726,,
2026-09-03T14:08:18.617508+00:00,LibGen,LibGen.li,UP,200,941,,
2026-09-03T14:09:20.230333+00:00,LibGen,LibGen.li,UP,200,965,,
2026-09-03T14:10:19.302265+00:00,LibGen,LibGen.li,UP,200,800,,
2026-09-03T14:11:39.894081+00:00,LibGen,LibGen.li,DOWN,,,connection_refused,
2026-09-03T14:12:19.673078+00:00,LibGen,LibGen.li,UP,200,853,,
2026-09-03T14:13:20.802620+00:00,LibGen,LibGen.li,UP,200,769,,
2026-09-03T14:14:21.248939+00:00,LibGen,LibGen.li,UP,200,1116,,
2026-09-03T14:15:41.627009+00:00,LibGen,LibGen.li,DOWN,,,connection_refused,
2026-09-03T14:16:21.460474+00:00,LibGen,LibGen.li,UP,200,947,,
2026-09-03T14:17:21.923841+00:00,LibGen,LibGen.li,UP,200,846,,
2026-09-03T14:18:41.835155+00:00,LibGen,LibGen.li,TIMEOUT,,,timeout,
2026-09-03T14:19:41.970532+00:00,LibGen,LibGen.li,TIMEOUT,,,timeout,
2026-09-03T14:20:42.121850+00:00,LibGen,LibGen.li,TIMEOUT,,,timeout,
2026-09-03T14:21:42.312767+00:00,LibGen,LibGen.li,TIMEOUT,,,timeout,
2026-09-03T14:22:42.354421+00:00,LibGen,LibGen.li,TIMEOUT,,,timeout,
2026-09-03T14:23:23.313593+00:00,LibGen,LibGen.li,UP,200,1292,,
2026-09-03T14:24:23.057095+00:00,LibGen,LibGen.li,UP,200,1019,,
2026-09-03T14:25:23.545678+00:00,LibGen,LibGen.li,UP,200,836,,
2026-09-03T14:26:24.986618+00:00,LibGen,LibGen.li,UP,200,971,,
2026-09-03T14:27:24.360027+00:00,LibGen,LibGen.li,UP,200,946,,
2026-09-03T14:28:23.939852+00:00,LibGen,LibGen.li,UP,200,858,,
2026-09-03T14:29:24.441157+00:00,LibGen,LibGen.li,UP,200,780,,
2026-09-03T14:30:25.368398+00:00,LibGen,LibGen.li,UP,200,960,,
2026-09-03T14:31:26.186515+00:00,LibGen,LibGen.li,UP,200,769,,
2026-09-03T14:32:26.771104+00:00,LibGen,LibGen.li,UP,200,898,,
2026-09-03T14:33:26.104614+00:00,LibGen,LibGen.li,UP,200,278,,
2026-09-03T14:34:27.758223+00:00,LibGen,LibGen.li,UP,200,965,,
2026-09-03T14:35:26.577250+00:00,LibGen,LibGen.li,UP,200,658,,
2026-09-03T14:36:27.612620+00:00,LibGen,LibGen.li,UP,200,765,,
2026-09-03T14:37:27.958603+00:00,LibGen,LibGen.li,UP,200,870,,
2026-09-03T14:38:28.558079+00:00,LibGen,LibGen.li,UP,200,796,,
2026-09-03T14:39:28.797789+00:00,LibGen,LibGen.li,UP,200,852,,
2026-09-03T14:40:28.794864+00:00,LibGen,LibGen.li,UP,200,888,,
2026-09-03T14:41:29.698936+00:00,LibGen,LibGen.li,UP,200,1732,,
2026-09-03T14:42:28.896875+00:00,LibGen,LibGen.li,UP,200,921,,
2026-09-03T14:43:29.328000+00:00,LibGen,LibGen.li,DOWN,500,787,http_error,
2026-09-03T14:44:29.605128+00:00,LibGen,LibGen.li,UP,200,794,,
2026-09-03T14:45:30.808511+00:00,LibGen,LibGen.li,UP,200,886,,
2026-09-03T14:46:30.781045+00:00,LibGen,LibGen.li,UP,200,1050,,
2026-09-03T14:47:31.801615+00:00,LibGen,LibGen.li,UP,200,1018,,
2026-09-03T14:48:32.753075+00:00,LibGen,LibGen.li,UP,200,1821,,
2026-09-03T14:49:55.552990+00:00,LibGen,LibGen.li,DOWN,,,connection_refused,
2026-09-03T14:50:32.664641+00:00,LibGen,LibGen.li,UP,200,968,,
2026-09-03T14:51:32.852606+00:00,LibGen,LibGen.li,UP,200,958,,
2026-09-03T14:52:52.552122+00:00,LibGen,LibGen.li,TIMEOUT,,,timeout,
2026-09-03T14:53:34.810328+00:00,LibGen,LibGen.li,UP,200,896,,
2026-09-03T14:54:34.067427+00:00,LibGen,LibGen.li,UP,200,912,,
2026-09-03T14:55:41.700936+00:00,LibGen,LibGen.li,DEGRADED,200,7848,latency_high,
2026-09-03T14:56:35.002184+00:00,LibGen,LibGen.li,UP,200,745,,
2026-09-03T14:57:35.848570+00:00,LibGen,LibGen.li,UP,200,676,,
2026-09-03T14:58:36.396110+00:00,LibGen,LibGen.li,UP,200,311,,
2026-09-03T14:59:36.767174+00:00,LibGen,LibGen.li,UP,200,735,,
2026-09-03T15:00:37.679537+00:00,LibGen,LibGen.li,UP,200,885,,
2026-09-03T15:01:37.198052+00:00,LibGen,LibGen.li,UP,200,775,,
2026-09-03T15:02:38.415228+00:00,LibGen,LibGen.li,UP,200,966,,
2026-09-03T15:03:40.574617+00:00,LibGen,LibGen.li,UP,200,814,,
2026-09-03T15:04:40.791420+00:00,LibGen,LibGen.li,DEGRADED,200,3063,latency_high,
2026-09-03T15:05:40.084619+00:00,LibGen,LibGen.li,UP,200,2349,,
2026-09-03T15:06:39.124767+00:00,LibGen,LibGen.li,UP,200,879,,
2026-09-03T15:07:39.577007+00:00,LibGen,LibGen.li,UP,200,807,,
2026-09-03T15:08:41.700395+00:00,LibGen,LibGen.li,UP,200,2449,,
2026-09-03T15:09:40.623368+00:00,LibGen,LibGen.li,UP,200,897,,
2026-09-03T15:10:41.050127+00:00,LibGen,LibGen.li,UP,200,814,,
2026-09-03T15:11:41.084695+00:00,LibGen,LibGen.li,UP,200,825,,
2026-09-03T15:12:41.616592+00:00,LibGen,LibGen.li,UP,200,853,,
2026-09-03T15:13:42.202852+00:00,LibGen,LibGen.li,UP,200,866,,
2026-09-03T15:14:43.998986+00:00,LibGen,LibGen.li,UP,200,2088,,
2026-09-03T15:15:42.846292+00:00,LibGen,LibGen.li,UP,200,840,,
2026-09-03T15:16:44.936325+00:00,LibGen,LibGen.li,UP,200,1461,,
2026-09-03T15:17:46.072480+00:00,LibGen,LibGen.li,DEGRADED,200,3280,latency_high,
2026-09-03T15:18:43.625017+00:00,LibGen,LibGen.li,UP,200,714,,
2026-09-03T15:19:44.637035+00:00,LibGen,LibGen.li,UP,200,1244,,
2026-09-03T15:20:44.874534+00:00,LibGen,LibGen.li,UP,200,766,,
2026-09-03T15:21:45.513137+00:00,LibGen,LibGen.li,UP,200,914,,
2026-09-03T15:22:45.298388+00:00,LibGen,LibGen.li,UP,200,673,,
2026-09-03T15:24:06.765332+00:00,LibGen,LibGen.li,DOWN,,,connection_refused,
2026-09-03T15:24:46.290523+00:00,LibGen,LibGen.li,DOWN,500,717,http_error,
2026-09-03T15:25:46.978072+00:00,LibGen,LibGen.li,UP,200,825,,
2026-09-03T15:26:47.106996+00:00,LibGen,LibGen.li,UP,200,857,,
2026-09-03T15:27:47.106431+00:00,LibGen,LibGen.li,UP,200,839,,
2026-09-03T15:28:50.605261+00:00,LibGen,LibGen.li,DOWN,500,4140,http_error,
2026-09-03T15:29:49.005095+00:00,LibGen,LibGen.li,UP,200,1109,,
2026-09-03T15:30:48.750531+00:00,LibGen,LibGen.li,UP,200,264,,
2026-09-03T15:31:48.607598+00:00,LibGen,LibGen.li,UP,200,772,,
2026-09-03T15:32:49.242872+00:00,LibGen,LibGen.li,UP,200,886,,
2026-09-03T15:33:49.475448+00:00,LibGen,LibGen.li,UP,200,615,,
2026-09-03T15:34:50.513421+00:00,LibGen,LibGen.li,UP,200,762,,
2026-09-03T15:35:51.514628+00:00,LibGen,LibGen.li,UP,200,787,,
2026-09-03T15:36:52.463581+00:00,LibGen,LibGen.li,UP,200,754,,
2026-09-03T15:37:52.435249+00:00,LibGen,LibGen.li,UP,200,236,,
2026-09-03T15:38:52.697145+00:00,LibGen,LibGen.li,UP,200,846,,
2026-09-03T15:39:52.799922+00:00,LibGen,LibGen.li,UP,200,816,,
2026-09-03T15:40:53.947553+00:00,LibGen,LibGen.li,UP,200,923,,
2026-09-03T15:41:53.428843+00:00,LibGen,LibGen.li,UP,200,681,,
2026-09-03T15:42:54.877250+00:00,LibGen,LibGen.li,UP,200,673,,
2026-09-03T15:43:56.121540+00:00,LibGen,LibGen.li,UP,200,694,,
2026-09-03T15:44:57.205721+00:00,LibGen,LibGen.li,UP,200,812,,
2026-09-03T15:45:59.539761+00:00,LibGen,LibGen.li,DEGRADED,200,3901,latency_high,
2026-09-03T15:46:56.081891+00:00,LibGen,LibGen.li,UP,200,429,,
2026-09-03T15:47:59.845674+00:00,LibGen,LibGen.li,DEGRADED,200,3833,latency_high,
2026-09-03T15:48:57.000365+00:00,LibGen,LibGen.li,UP,200,701,,
2026-09-03T15:49:58.341549+00:00,LibGen,LibGen.li,UP,200,983,,
2026-09-03T15:50:58.185762+00:00,LibGen,LibGen.li,UP,200,890,,
2026-09-03T15:51:58.938838+00:00,LibGen,LibGen.li,UP,200,873,,
2026-09-03T15:52:59.797219+00:00,LibGen,LibGen.li,UP,200,706,,
2026-09-03T15:53:59.251791+00:00,LibGen,LibGen.li,UP,200,705,,
2026-09-03T15:55:00.317715+00:00,LibGen,LibGen.li,UP,200,895,,
2026-09-03T15:56:00.431246+00:00,LibGen,LibGen.li,UP,200,739,,
2026-09-03T15:57:00.897997+00:00,LibGen,LibGen.li,UP,200,798,,
2026-09-03T15:58:02.069107+00:00,LibGen,LibGen.li,UP,200,979,,
2026-09-03T15:59:25.676247+00:00,LibGen,LibGen.li,DOWN,,,connection_refused,
2026-09-03T16:00:04.589593+00:00,LibGen,LibGen.li,DEGRADED,200,3508,latency_high,
2026-09-03T16:01:02.697011+00:00,LibGen,LibGen.li,UP,200,1097,,
2026-09-03T16:02:03.356696+00:00,LibGen,LibGen.li,UP,200,1022,,
2026-09-03T16:03:03.762909+00:00,LibGen,LibGen.li,UP,200,827,,
2026-09-03T16:04:04.844510+00:00,LibGen,LibGen.li,UP,200,933,,
2026-09-03T16:05:05.430194+00:00,LibGen,LibGen.li,UP,200,841,,
2026-09-03T16:06:26.210744+00:00,LibGen,LibGen.li,DOWN,,,connection_refused,
2026-09-03T16:07:05.689748+00:00,LibGen,LibGen.li,UP,200,819,,
2026-09-03T16:08:05.914190+00:00,LibGen,LibGen.li,UP,200,1004,,
2026-09-03T16:09:04.987176+00:00,LibGen,LibGen.li,UP,200,305,,
2026-09-03T16:10:06.281781+00:00,LibGen,LibGen.li,UP,200,954,,
2026-09-03T16:11:07.083375+00:00,LibGen,LibGen.li,UP,200,727,,
2026-09-03T16:12:07.409110+00:00,LibGen,LibGen.li,UP,200,817,,
2026-09-03T16:13:07.901233+00:00,LibGen,LibGen.li,UP,200,803,,
2026-09-03T16:14:08.807035+00:00,LibGen,LibGen.li,UP,200,657,,
2026-09-03T16:15:08.361622+00:00,LibGen,LibGen.li,UP,200,288,,
2026-09-03T16:16:08.965203+00:00,LibGen,LibGen.li,UP,200,762,,
2026-09-03T16:17:08.918060+00:00,LibGen,LibGen.li,UP,200,784,,
2026-09-03T16:18:10.250962+00:00,LibGen,LibGen.li,UP,200,888,,
2026-09-03T16:19:09.173588+00:00,LibGen,LibGen.li,UP,200,815,,
2026-09-03T16:20:12.370137+00:00,LibGen,LibGen.li,UP,200,2881,,
2026-09-03T16:21:13.954529+00:00,LibGen,LibGen.li,DEGRADED,200,3915,latency_high,
2026-09-03T16:22:14.371145+00:00,LibGen,LibGen.li,DEGRADED,200,4200,latency_high,
2026-09-03T16:23:16.159508+00:00,LibGen,LibGen.li,DEGRADED,200,5356,latency_high,
2026-09-03T16:24:16.955031+00:00,LibGen,LibGen.li,DEGRADED,200,7214,latency_high,
2026-09-03T16:25:14.554754+00:00,LibGen,LibGen.li,DEGRADED,200,4810,latency_high,
2026-09-03T16:26:14.594683+00:00,LibGen,LibGen.li,DEGRADED,200,4213,latency_high,
2026-09-03T16:27:13.335260+00:00,LibGen,LibGen.li,DEGRADED,200,3228,latency_high,
2026-09-03T16:28:13.583685+00:00,LibGen,LibGen.li,UP,200,2810,,
2026-09-03T16:29:14.043024+00:00,LibGen,LibGen.li,UP,200,2236,,
2026-09-03T16:30:12.558589+00:00,LibGen,LibGen.li,DOWN,500,806,http_error,
2026-09-03T16:31:14.252980+00:00,LibGen,LibGen.li,UP,200,1877,,
2026-09-03T16:32:13.874107+00:00,LibGen,LibGen.li,UP,200,987,,
2026-09-03T16:33:15.263150+00:00,LibGen,LibGen.li,UP,200,1341,,
2026-09-03T16:34:13.427138+00:00,LibGen,LibGen.li,UP,200,823,,
2026-09-03T16:35:13.970145+00:00,LibGen,LibGen.li,DOWN,500,901,http_error,
2026-09-03T16:36:15.546439+00:00,LibGen,LibGen.li,UP,200,1708,,
2026-09-03T16:37:15.104677+00:00,LibGen,LibGen.li,UP,200,960,,
2026-09-03T16:38:15.289358+00:00,LibGen,LibGen.li,UP,200,958,,
2026-09-03T16:39:16.417754+00:00,LibGen,LibGen.li,UP,200,858,,
2026-09-03T16:40:17.902252+00:00,LibGen,LibGen.li,UP,200,821,,
2026-09-03T16:41:17.032551+00:00,LibGen,LibGen.li,DOWN,500,805,http_error,
2026-09-03T16:42:20.642577+00:00,LibGen,LibGen.li,DEGRADED,200,3333,latency_high,
2026-09-03T16:43:18.109549+00:00,LibGen,LibGen.li,UP,200,904,,
2026-09-03T16:44:18.036946+00:00,LibGen,LibGen.li,DOWN,500,710,http_error,
2026-09-03T16:45:18.946936+00:00,LibGen,LibGen.li,UP,200,943,,
2026-09-03T16:46:19.690997+00:00,LibGen,LibGen.li,UP,200,809,,
2026-09-03T16:47:19.480435+00:00,LibGen,LibGen.li,UP,200,739,,
2026-09-03T16:48:19.254552+00:00,LibGen,LibGen.li,UP,200,445,,
2026-09-03T16:49:20.039307+00:00,LibGen,LibGen.li,UP,200,674,,
2026-09-03T16:50:20.894244+00:00,LibGen,LibGen.li,UP,200,847,,
2026-09-03T16:51:20.325851+00:00,LibGen,LibGen.li,DOWN,500,723,http_error,
2026-09-03T16:52:20.998293+00:00,LibGen,LibGen.li,UP,200,763,,
2026-09-03T16:53:21.016852+00:00,LibGen,LibGen.li,UP,200,259,,
2026-09-03T16:54:22.384038+00:00,LibGen,LibGen.li,UP,200,660,,
2026-09-03T16:55:22.640311+00:00,LibGen,LibGen.li,UP,200,836,,
2026-09-03T16:56:23.566243+00:00,LibGen,LibGen.li,UP,200,789,,
2026-09-03T16:57:24.012910+00:00,LibGen,LibGen.li,UP,200,713,,
2026-09-03T16:58:24.708916+00:00,LibGen,LibGen.li,UP,200,1039,,
2026-09-03T16:59:25.633802+00:00,LibGen,LibGen.li,UP,200,740,,
2026-09-03T17:00:26.683949+00:00,LibGen,LibGen.li,UP,200,877,,
2026-09-03T17:01:27.354066+00:00,LibGen,LibGen.li,UP,200,803,,
2026-09-03T17:02:29.233967+00:00,LibGen,LibGen.li,UP,200,970,,
2026-09-03T17:03:27.182214+00:00,LibGen,LibGen.li,UP,200,897,,
2026-09-03T17:04:27.255020+00:00,LibGen,LibGen.li,UP,200,263,,
2026-09-03T17:05:29.743681+00:00,LibGen,LibGen.li,UP,200,1267,,
2026-09-03T17:06:28.613483+00:00,LibGen,LibGen.li,UP,200,315,,
2026-09-03T17:07:29.471685+00:00,LibGen,LibGen.li,UP,200,848,,
2026-09-03T17:08:30.499056+00:00,LibGen,LibGen.li,UP,200,1176,,
2026-09-03T17:09:30.166540+00:00,LibGen,LibGen.li,UP,200,778,,
2026-09-03T17:10:31.292710+00:00,LibGen,LibGen.li,UP,200,943,,
2026-09-03T17:11:31.602970+00:00,LibGen,LibGen.li,UP,200,911,,
2026-09-03T17:12:31.456966+00:00,LibGen,LibGen.li,UP,200,718,,
2026-09-03T17:13:31.854735+00:00,LibGen,LibGen.li,UP,200,704,,
2026-09-03T17:14:35.024955+00:00,LibGen,LibGen.li,DEGRADED,200,4042,latency_high,
2026-09-03T17:15:32.113432+00:00,LibGen,LibGen.li,UP,200,810,,
2026-09-03T17:16:33.910384+00:00,LibGen,LibGen.li,UP,200,2076,,
2026-09-03T17:17:32.747613+00:00,LibGen,LibGen.li,UP,200,731,,
2026-09-03T17:18:32.884823+00:00,LibGen,LibGen.li,UP,200,727,,
2026-09-03T17:19:33.780445+00:00,LibGen,LibGen.li,UP,200,889,,
2026-09-03T17:20:33.987662+00:00,LibGen,LibGen.li,UP,200,1057,,
2026-09-03T17:21:37.126938+00:00,LibGen,LibGen.li,UP,200,867,,
2026-09-03T17:22:55.111413+00:00,LibGen,LibGen.li,DOWN,,,connection_refused,
2026-09-03T17:23:35.481390+00:00,LibGen,LibGen.li,UP,200,789,,
2026-09-03T17:24:35.773032+00:00,LibGen,LibGen.li,UP,200,833,,
2026-09-03T17:25:36.760489+00:00,LibGen,LibGen.li,UP,200,816,,
2026-09-03T17:26:56.791159+00:00,LibGen,LibGen.li,DOWN,,,connection_refused,
2026-09-03T17:27:36.574745+00:00,LibGen,LibGen.li,UP,200,753,,
2026-09-03T17:28:37.630190+00:00,LibGen,LibGen.li,UP,200,853,,
2026-09-03T17:29:39.841481+00:00,LibGen,LibGen.li,UP,200,907,,
2026-09-03T17:30:40.296835+00:00,LibGen,LibGen.li,UP,200,1248,,
2026-09-03T17:31:39.738089+00:00,LibGen,LibGen.li,UP,200,663,,
2026-09-03T17:32:40.021341+00:00,LibGen,LibGen.li,UP,200,808,,
2026-09-03T17:33:40.673441+00:00,LibGen,LibGen.li,UP,200,900,,
2026-09-03T17:34:41.250619+00:00,LibGen,LibGen.li,UP,200,1070,,
2026-09-03T17:35:41.316112+00:00,LibGen,LibGen.li,UP,200,891,,
2026-09-03T17:36:43.706985+00:00,LibGen,LibGen.li,DEGRADED,200,3002,latency_high,
2026-09-03T17:37:41.949976+00:00,LibGen,LibGen.li,UP,200,1121,,
2026-09-03T17:38:41.969976+00:00,LibGen,LibGen.li,UP,200,799,,
2026-09-03T17:39:42.315354+00:00,LibGen,LibGen.li,UP,200,985,,
2026-09-03T17:40:45.618870+00:00,LibGen,LibGen.li,DEGRADED,200,4015,latency_high,
2026-09-03T17:41:42.911507+00:00,LibGen,LibGen.li,UP,200,812,,
2026-09-03T17:42:42.879137+00:00,LibGen,LibGen.li,UP,200,941,,
2026-09-03T17:43:43.779582+00:00,LibGen,LibGen.li,UP,200,874,,
2026-09-03T17:44:43.729171+00:00,LibGen,LibGen.li,UP,200,805,,
2026-09-03T17:45:44.599487+00:00,LibGen,LibGen.li,UP,200,795,,
2026-09-03T17:46:44.792050+00:00,LibGen,LibGen.li,UP,200,793,,
2026-09-03T17:47:44.917251+00:00,LibGen,LibGen.li,UP,200,627,,
2026-09-03T17:48:47.543604+00:00,LibGen,LibGen.li,DEGRADED,200,3023,latency_high,
2026-09-03T17:49:45.961717+00:00,LibGen,LibGen.li,UP,200,1329,,
2026-09-03T17:50:46.241666+00:00,LibGen,LibGen.li,UP,200,1274,,
2026-09-03T17:51:46.665990+00:00,LibGen,LibGen.li,UP,200,790,,
2026-09-03T17:52:46.036088+00:00,LibGen,LibGen.li,UP,200,810,,
2026-09-03T17:53:49.182311+00:00,LibGen,LibGen.li,UP,200,1182,,
2026-09-03T17:54:46.559131+00:00,LibGen,LibGen.li,UP,200,236,,
2026-09-03T17:55:47.386603+00:00,LibGen,LibGen.li,UP,200,993,,
2026-09-03T17:56:48.047827+00:00,LibGen,LibGen.li,UP,200,901,,
2026-09-03T17:57:47.906230+00:00,LibGen,LibGen.li,UP,200,799,,
2026-09-03T17:59:09.642848+00:00,LibGen,LibGen.li,DOWN,,,connection_refused,
2026-09-03T17:59:49.191039+00:00,LibGen,LibGen.li,UP,200,756,,
2026-09-03T18:00:48.982686+00:00,LibGen,LibGen.li,UP,200,302,,
2026-09-03T18:01:49.684582+00:00,LibGen,LibGen.li,UP,200,809,,
2026-09-03T18:02:50.184296+00:00,LibGen,LibGen.li,UP,200,722,,
2026-09-03T18:03:50.550989+00:00,LibGen,LibGen.li,UP,200,840,,
2026-09-03T18:04:51.142448+00:00,LibGen,LibGen.li,UP,200,756,,
2026-09-03T18:05:51.412531+00:00,LibGen,LibGen.li,UP,200,825,,
2026-09-03T18:06:51.846491+00:00,LibGen,LibGen.li,UP,200,843,,
2026-09-03T18:07:51.959522+00:00,LibGen,LibGen.li,UP,200,706,,
2026-09-03T18:08:54.229997+00:00,LibGen,LibGen.li,UP,200,1316,,
2026-09-03T18:09:52.771242+00:00,LibGen,LibGen.li,UP,200,267,,
2026-09-03T18:10:54.138055+00:00,LibGen,LibGen.li,UP,200,997,,
2026-09-03T18:11:54.507431+00:00,LibGen,LibGen.li,UP,200,944,,
2026-09-03T18:12:55.033980+00:00,LibGen,LibGen.li,UP,200,1117,,
2026-09-03T18:13:55.783840+00:00,LibGen,LibGen.li,UP,200,863,,
2026-09-03T18:14:55.241979+00:00,LibGen,LibGen.li,UP,200,752,,
2026-09-03T18:15:55.397257+00:00,LibGen,LibGen.li,UP,200,741,,
2026-09-03T18:16:56.289583+00:00,LibGen,LibGen.li,UP,200,752,,
2026-09-03T18:17:56.715061+00:00,LibGen,LibGen.li,UP,200,926,,
2026-09-03T18:18:58.081895+00:00,LibGen,LibGen.li,UP,200,923,,
2026-09-03T18:20:01.709421+00:00,LibGen,LibGen.li,UP,200,1647,,
2026-09-03T18:20:58.804325+00:00,LibGen,LibGen.li,UP,200,774,,
2026-09-03T18:21:58.871562+00:00,LibGen,LibGen.li,UP,200,692,,
2026-09-03T18:22:59.637131+00:00,LibGen,LibGen.li,UP,200,786,,
2026-09-03T18:24:00.542637+00:00,LibGen,LibGen.li,UP,200,867,,
2026-09-03T18:25:01.515387+00:00,LibGen,LibGen.li,UP,200,1211,,
2026-09-03T18:26:01.338231+00:00,LibGen,LibGen.li,UP,200,852,,
2026-09-03T18:27:01.461660+00:00,LibGen,LibGen.li,UP,200,852,,
2026-09-03T18:28:01.749394+00:00,LibGen,LibGen.li,UP,200,874,,
2026-09-03T18:29:02.015977+00:00,LibGen,LibGen.li,UP,200,988,,
2026-09-03T18:30:02.688993+00:00,LibGen,LibGen.li,UP,200,1621,,
2026-09-03T18:31:03.033109+00:00,LibGen,LibGen.li,UP,200,970,,
2026-09-03T18:32:03.778312+00:00,LibGen,LibGen.li,UP,200,932,,
2026-09-03T18:33:03.934509+00:00,LibGen,LibGen.li,UP,200,858,,
2026-09-03T18:34:04.359328+00:00,LibGen,LibGen.li,UP,200,801,,
2026-09-03T18:35:05.196343+00:00,LibGen,LibGen.li,UP,200,955,,
2026-09-03T18:36:05.730162+00:00,LibGen,LibGen.li,UP,200,703,,
2026-09-03T18:37:05.692701+00:00,LibGen,LibGen.li,UP,200,925,,
2026-09-03T18:38:06.826434+00:00,LibGen,LibGen.li,UP,200,1321,,
2026-09-03T18:39:07.255369+00:00,LibGen,LibGen.li,UP,200,876,,
2026-09-03T18:40:11.047709+00:00,LibGen,LibGen.li,DEGRADED,200,3918,latency_high,
2026-09-03T18:41:07.561805+00:00,LibGen,LibGen.li,UP,200,720,,
2026-09-03T18:42:09.012329+00:00,LibGen,LibGen.li,UP,200,1162,,
2026-09-03T18:43:08.331825+00:00,LibGen,LibGen.li,UP,200,890,,
2026-09-03T18:44:08.262842+00:00,LibGen,LibGen.li,UP,200,704,,
2026-09-03T18:45:08.770790+00:00,LibGen,LibGen.li,UP,200,894,,
2026-09-03T18:46:08.614873+00:00,LibGen,LibGen.li,UP,200,256,,
2026-09-03T18:47:11.371461+00:00,LibGen,LibGen.li,UP,200,1149,,
2026-09-03T18:48:10.569314+00:00,LibGen,LibGen.li,UP,200,850,,
2026-09-03T18:49:10.927666+00:00,LibGen,LibGen.li,UP,200,965,,
2026-09-03T18:50:31.522326+00:00,LibGen,LibGen.li,DOWN,,,connection_refused,
2026-09-03T18:51:12.159120+00:00,LibGen,LibGen.li,UP,200,1893,,
2026-09-03T18:52:10.742530+00:00,LibGen,LibGen.li,UP,200,366,,
2026-09-03T18:53:12.481902+00:00,LibGen,LibGen.li,UP,200,1131,,
2026-09-03T18:54:11.943864+00:00,LibGen,LibGen.li,UP,200,732,,
2026-09-03T18:55:12.442031+00:00,LibGen,LibGen.li,UP,200,812,,
2026-09-03T18:56:12.885649+00:00,LibGen,LibGen.li,UP,200,991,,
2026-09-03T18:57:14.660628+00:00,LibGen,LibGen.li,UP,200,717,,
2026-09-03T18:58:33.708711+00:00,LibGen,LibGen.li,DOWN,,,connection_refused,
2026-09-03T18:59:34.895606+00:00,LibGen,LibGen.li,DOWN,,,connection_refused,
2026-09-03T19:00:14.991399+00:00,LibGen,LibGen.li,UP,200,959,,
2026-09-03T19:01:14.054556+00:00,LibGen,LibGen.li,UP,200,249,,
2026-09-03T19:02:15.638442+00:00,LibGen,LibGen.li,UP,200,892,,
2026-09-03T19:03:14.703555+00:00,LibGen,LibGen.li,UP,200,317,,
2026-09-03T19:04:15.305021+00:00,LibGen,LibGen.li,UP,200,744,,
2026-09-03T19:05:36.013149+00:00,LibGen,LibGen.li,DOWN,,,connection_refused,
2026-09-03T19:06:16.747767+00:00,LibGen,LibGen.li,UP,200,793,,
2026-09-03T19:07:16.491672+00:00,LibGen,LibGen.li,UP,200,705,,
2026-09-03T19:08:17.495507+00:00,LibGen,LibGen.li,UP,200,966,,
2026-09-03T19:09:17.329706+00:00,LibGen,LibGen.li,UP,200,713,,
2026-09-03T19:10:18.314218+00:00,LibGen,LibGen.li,UP,200,871,,
2026-09-03T19:11:18.447200+00:00,LibGen,LibGen.li,UP,200,762,,
2026-09-03T19:12:17.976572+00:00,LibGen,LibGen.li,UP,200,601,,
2026-09-03T19:13:38.500778+00:00,LibGen,LibGen.li,DOWN,,,connection_refused,
2026-09-03T19:14:18.529254+00:00,LibGen,LibGen.li,UP,200,715,,
2026-09-03T19:15:18.813698+00:00,LibGen,LibGen.li,UP,200,918,,
2026-09-03T19:16:19.883597+00:00,LibGen,LibGen.li,UP,200,811,,
2026-09-03T19:17:18.974654+00:00,LibGen,LibGen.li,UP,200,245,,
2026-09-03T19:18:20.171453+00:00,LibGen,LibGen.li,UP,200,843,,
2026-09-03T19:19:20.615431+00:00,LibGen,LibGen.li,UP,200,790,,
2026-09-03T19:20:20.723254+00:00,LibGen,LibGen.li,UP,200,293,,
2026-09-03T19:21:21.698512+00:00,LibGen,LibGen.li,UP,200,758,,
2026-09-03T19:22:21.735512+00:00,LibGen,LibGen.li,UP,200,677,,
2026-09-03T19:23:22.651316+00:00,LibGen,LibGen.li,UP,200,691,,
2026-09-03T19:24:23.251704+00:00,LibGen,LibGen.li,UP,200,707,,
2026-09-03T19:25:23.740854+00:00,LibGen,LibGen.li,UP,200,676,,
2026-09-03T19:26:24.895097+00:00,LibGen,LibGen.li,UP,200,1821,,
2026-09-03T19:27:24.733591+00:00,LibGen,LibGen.li,UP,200,776,,
2026-09-03T19:28:23.837454+00:00,LibGen,LibGen.li,UP,200,622,,
2026-09-03T19:29:26.767695+00:00,LibGen,LibGen.li,UP,200,729,,
2026-09-03T19:30:25.462349+00:00,LibGen,LibGen.li,UP,200,1241,,
2026-09-03T19:31:25.571451+00:00,LibGen,LibGen.li,UP,200,1110,,
2026-09-03T19:32:25.206768+00:00,LibGen,LibGen.li,UP,200,787,,
2026-09-03T19:33:26.489778+00:00,LibGen,LibGen.li,UP,200,691,,
2026-09-03T19:34:26.277068+00:00,LibGen,LibGen.li,UP,200,691,,
2026-09-03T19:35:29.566376+00:00,LibGen,LibGen.li,DEGRADED,200,3934,latency_high,
2026-09-03T19:36:28.446078+00:00,LibGen,LibGen.li,UP,200,2082,,
2026-09-03T19:37:26.749517+00:00,LibGen,LibGen.li,UP,200,828,,
2026-09-03T19:38:28.365026+00:00,LibGen,LibGen.li,UP,200,1137,,
2026-09-03T19:39:28.259746+00:00,LibGen,LibGen.li,UP,200,1168,,
2026-09-03T19:40:27.618950+00:00,LibGen,LibGen.li,UP,200,791,,
2026-09-03T19:41:28.514263+00:00,LibGen,LibGen.li,UP,200,745,,
2026-09-03T19:42:29.235961+00:00,LibGen,LibGen.li,UP,200,852,,
2026-09-03T19:43:29.669507+00:00,LibGen,LibGen.li,UP,200,827,,
2026-09-03T19:44:30.591617+00:00,LibGen,LibGen.li,UP,200,840,,
2026-09-03T19:45:31.376038+00:00,LibGen,LibGen.li,UP,200,987,,
2026-09-03T19:46:32.141621+00:00,LibGen,LibGen.li,UP,200,776,,
2026-09-03T19:47:32.156981+00:00,LibGen,LibGen.li,UP,200,761,,
2026-09-03T19:48:31.775210+00:00,LibGen,LibGen.li,UP,200,263,,
2026-09-03T19:49:32.827685+00:00,LibGen,LibGen.li,UP,200,883,,
2026-09-03T19:50:33.713777+00:00,LibGen,LibGen.li,UP,200,1555,,
2026-09-03T19:51:32.514655+00:00,LibGen,LibGen.li,UP,200,294,,
2026-09-03T19:52:54.024891+00:00,LibGen,LibGen.li,DOWN,,,connection_refused,
2026-09-03T19:53:34.379585+00:00,LibGen,LibGen.li,UP,200,1003,,
2026-09-03T19:54:34.679132+00:00,LibGen,LibGen.li,UP,200,1014,,
2026-09-03T19:55:34.625676+00:00,LibGen,LibGen.li,UP,200,848,,
2026-09-03T19:56:35.011101+00:00,LibGen,LibGen.li,UP,200,657,,
2026-09-03T19:57:35.268375+00:00,LibGen,LibGen.li,UP,200,280,,
2026-09-03T19:58:35.644349+00:00,LibGen,LibGen.li,UP,200,1004,,
2026-09-03T19:59:35.613375+00:00,LibGen,LibGen.li,UP,200,332,,
2026-09-03T20:00:36.515688+00:00,LibGen,LibGen.li,UP,200,899,,
2026-09-03T20:01:37.793942+00:00,LibGen,LibGen.li,UP,200,1059,,
2026-09-03T20:02:38.038745+00:00,LibGen,LibGen.li,UP,200,754,,
2026-09-03T20:03:38.144789+00:00,LibGen,LibGen.li,UP,200,840,,
2026-09-03T20:04:39.096557+00:00,LibGen,LibGen.li,UP,200,792,,
2026-09-03T20:05:39.481865+00:00,LibGen,LibGen.li,UP,200,726,,
2026-09-03T20:06:40.193253+00:00,LibGen,LibGen.li,UP,200,715,,
2026-09-03T20:07:40.904628+00:00,LibGen,LibGen.li,UP,200,738,,
2026-09-03T20:08:40.850429+00:00,LibGen,LibGen.li,UP,200,757,,
2026-09-03T20:09:40.847078+00:00,LibGen,LibGen.li,UP,200,270,,
2026-09-03T20:10:41.022696+00:00,LibGen,LibGen.li,UP,200,768,,
2026-09-03T20:11:41.844220+00:00,LibGen,LibGen.li,UP,200,807,,
2026-09-03T20:12:43.012527+00:00,LibGen,LibGen.li,UP,200,798,,
2026-09-03T20:13:42.755859+00:00,LibGen,LibGen.li,UP,200,797,,
2026-09-03T20:14:42.954553+00:00,LibGen,LibGen.li,UP,200,684,,
2026-09-03T20:15:44.730235+00:00,LibGen,LibGen.li,UP,200,821,,
2026-09-03T20:16:44.821552+00:00,LibGen,LibGen.li,UP,200,780,,
2026-09-03T20:17:44.400381+00:00,LibGen,LibGen.li,UP,200,894,,
2026-09-03T20:18:45.135509+00:00,LibGen,LibGen.li,UP,200,1218,,
2026-09-03T20:19:44.798570+00:00,LibGen,LibGen.li,UP,200,236,,
2026-09-03T20:20:45.449160+00:00,LibGen,LibGen.li,UP,200,707,,
2026-09-03T20:21:45.970156+00:00,LibGen,LibGen.li,UP,200,751,,
2026-09-03T20:22:45.703978+00:00,LibGen,LibGen.li,UP,200,686,,
2026-09-03T20:23:46.139682+00:00,LibGen,LibGen.li,UP,200,770,,
2026-09-03T20:24:47.052162+00:00,LibGen,LibGen.li,UP,200,676,,
2026-09-03T20:25:46.764443+00:00,LibGen,LibGen.li,UP,200,782,,
2026-09-03T20:26:47.626436+00:00,LibGen,LibGen.li,UP,200,308,,
2026-09-03T20:27:47.493767+00:00,LibGen,LibGen.li,UP,200,253,,
2026-09-03T20:28:48.351564+00:00,LibGen,LibGen.li,UP,200,1022,,
2026-09-03T20:29:48.444087+00:00,LibGen,LibGen.li,UP,200,729,,
2026-09-03T20:30:49.085450+00:00,LibGen,LibGen.li,UP,200,862,,
2026-09-03T20:31:49.060638+00:00,LibGen,LibGen.li,UP,200,704,,
2026-09-03T20:32:49.099098+00:00,LibGen,LibGen.li,UP,200,691,,
2026-09-03T20:33:49.959056+00:00,LibGen,LibGen.li,UP,200,714,,
2026-09-03T20:34:51.118534+00:00,LibGen,LibGen.li,UP,200,789,,
2026-09-03T20:35:50.489541+00:00,LibGen,LibGen.li,UP,200,933,,
2026-09-03T20:36:50.298260+00:00,LibGen,LibGen.li,UP,200,685,,
2026-09-03T20:37:51.218942+00:00,LibGen,LibGen.li,UP,200,704,,
2026-09-03T20:38:51.185376+00:00,LibGen,LibGen.li,UP,200,687,,
2026-09-03T20:39:53.146867+00:00,LibGen,LibGen.li,UP,200,1620,,
2026-09-03T20:40:51.870375+00:00,LibGen,LibGen.li,UP,200,786,,
2026-09-03T20:41:53.042474+00:00,LibGen,LibGen.li,UP,200,1068,,
2026-09-03T20:43:12.130862+00:00,LibGen,LibGen.li,TIMEOUT,,,timeout,
2026-09-03T20:43:52.415535+00:00,LibGen,LibGen.li,UP,200,776,,
2026-09-03T20:44:52.757641+00:00,LibGen,LibGen.li,UP,200,649,,
2026-09-03T20:45:53.173202+00:00,LibGen,LibGen.li,UP,200,865,,
2026-09-03T20:46:54.686819+00:00,LibGen,LibGen.li,UP,200,726,,
2026-09-03T20:47:53.599493+00:00,LibGen,LibGen.li,UP,200,979,,
2026-09-03T20:48:54.073109+00:00,LibGen,LibGen.li,UP,200,872,,
2026-09-03T20:49:54.428086+00:00,LibGen,LibGen.li,UP,200,753,,
2026-09-03T20:50:54.030004+00:00,LibGen,LibGen.li,UP,200,242,,
2026-09-03T20:51:55.077742+00:00,LibGen,LibGen.li,UP,200,1133,,
2026-09-03T20:52:54.711613+00:00,LibGen,LibGen.li,UP,200,698,,
2026-09-03T20:53:55.233960+00:00,LibGen,LibGen.li,UP,200,733,,
2026-09-03T20:55:15.137903+00:00,LibGen,LibGen.li,DOWN,,,connection_refused,
2026-09-03T20:55:56.007218+00:00,LibGen,LibGen.li,UP,200,699,,
2026-09-03T20:56:56.440847+00:00,LibGen,LibGen.li,UP,200,571,,
2026-09-03T20:57:56.428511+00:00,LibGen,LibGen.li,UP,200,667,,
2026-09-03T20:58:57.731773+00:00,LibGen,LibGen.li,UP,200,697,,
2026-09-03T20:59:56.698572+00:00,LibGen,LibGen.li,UP,200,728,,
2026-09-03T21:00:57.541248+00:00,LibGen,LibGen.li,UP,200,803,,
2026-09-03T21:02:00.455882+00:00,LibGen,LibGen.li,DEGRADED,200,3303,latency_high,
2026-09-03T21:02:58.543558+00:00,LibGen,LibGen.li,UP,200,836,,
2026-09-03T21:03:58.354545+00:00,LibGen,LibGen.li,UP,200,671,,
2026-09-03T21:04:59.046818+00:00,LibGen,LibGen.li,UP,200,704,,
2026-09-03T21:05:59.619573+00:00,LibGen,LibGen.li,UP,200,751,,
2026-09-03T21:07:01.106384+00:00,LibGen,LibGen.li,UP,200,677,,
2026-09-03T21:08:00.516260+00:00,LibGen,LibGen.li,UP,200,620,,
2026-09-03T21:09:00.846506+00:00,LibGen,LibGen.li,UP,200,796,,
2026-09-03T21:10:01.385194+00:00,LibGen,LibGen.li,UP,200,1255,,
2026-09-03T21:11:01.541775+00:00,LibGen,LibGen.li,UP,200,842,,
2026-09-03T21:12:22.642827+00:00,LibGen,LibGen.li,DOWN,,,connection_refused,
2026-09-03T21:13:02.653665+00:00,LibGen,LibGen.li,UP,200,770,,
2026-09-03T21:14:02.972790+00:00,LibGen,LibGen.li,UP,200,922,,
2026-09-03T21:15:03.830492+00:00,LibGen,LibGen.li,UP,200,983,,
2026-09-03T21:16:04.380019+00:00,LibGen,LibGen.li,UP,200,778,,
2026-09-03T21:17:04.468023+00:00,LibGen,LibGen.li,UP,200,682,,
2026-09-03T21:18:05.130961+00:00,LibGen,LibGen.li,UP,200,1113,,
2026-09-03T21:19:06.164950+00:00,LibGen,LibGen.li,UP,200,683,,
2026-09-03T21:20:05.763705+00:00,LibGen,LibGen.li,UP,200,933,,
2026-09-03T21:21:05.765873+00:00,LibGen,LibGen.li,UP,200,823,,
2026-09-03T21:22:06.325068+00:00,LibGen,LibGen.li,UP,200,880,,
2026-09-03T21:23:06.079798+00:00,LibGen,LibGen.li,UP,200,829,,
2026-09-03T21:24:06.590555+00:00,LibGen,LibGen.li,UP,200,821,,
2026-09-03T21:25:08.472523+00:00,LibGen,LibGen.li,UP,200,1296,,
2026-09-03T21:26:27.447271+00:00,LibGen,LibGen.li,DOWN,,,connection_refused,
2026-09-03T21:27:08.040516+00:00,LibGen,LibGen.li,UP,200,1171,,
2026-09-03T21:28:08.534207+00:00,LibGen,LibGen.li,UP,200,729,,
2026-09-03T21:29:08.369498+00:00,LibGen,LibGen.li,UP,200,706,,
2026-09-03T21:30:08.865249+00:00,LibGen,LibGen.li,UP,200,1157,,
2026-09-03T21:31:09.736481+00:00,LibGen,LibGen.li,UP,200,674,,
2026-09-03T21:32:30.349602+00:00,LibGen,LibGen.li,DOWN,,,connection_refused,
2026-09-03T21:33:11.650757+00:00,LibGen,LibGen.li,UP,200,1183,,
2026-09-03T21:34:10.782618+00:00,LibGen,LibGen.li,UP,200,819,,
2026-09-03T21:35:11.711603+00:00,LibGen,LibGen.li,UP,200,828,,
2026-09-03T21:36:11.658504+00:00,LibGen,LibGen.li,UP,200,620,,
2026-09-03T21:37:13.054948+00:00,LibGen,LibGen.li,UP,200,766,,
2026-09-03T21:38:12.928491+00:00,LibGen,LibGen.li,UP,200,779,,
2026-09-03T21:39:12.889609+00:00,LibGen,LibGen.li,UP,200,689,,
2026-09-03T21:40:13.490749+00:00,LibGen,LibGen.li,UP,200,747,,
2026-09-03T21:41:34.306353+00:00,LibGen,LibGen.li,DOWN,,,connection_refused,
2026-09-03T21:42:13.934114+00:00,LibGen,LibGen.li,UP,200,729,,
2026-09-03T21:43:14.563037+00:00,LibGen,LibGen.li,UP,200,717,,
2026-09-03T21:44:14.894524+00:00,LibGen,LibGen.li,UP,200,733,,
2026-09-03T21:45:14.532087+00:00,LibGen,LibGen.li,UP,200,246,,
2026-09-03T21:46:16.275350+00:00,LibGen,LibGen.li,UP,200,1363,,
2026-09-03T21:47:35.498025+00:00,LibGen,LibGen.li,DOWN,,,connection_refused,
2026-09-03T21:48:15.305510+00:00,LibGen,LibGen.li,UP,200,614,,
2026-09-03T21:49:16.019864+00:00,LibGen,LibGen.li,UP,200,842,,
2026-09-03T21:50:16.682911+00:00,LibGen,LibGen.li,UP,200,623,,
2026-09-03T21:51:16.725697+00:00,LibGen,LibGen.li,UP,200,740,,
2026-09-03T21:52:17.294905+00:00,LibGen,LibGen.li,UP,200,768,,
2026-09-03T21:53:17.932882+00:00,LibGen,LibGen.li,UP,200,539,,
2026-09-03T21:54:17.499622+00:00,LibGen,LibGen.li,UP,200,254,,
2026-09-03T21:55:18.067408+00:00,LibGen,LibGen.li,UP,200,758,,
2026-09-03T21:56:19.262623+00:00,LibGen,LibGen.li,UP,200,803,,
2026-09-03T21:57:18.864602+00:00,LibGen,LibGen.li,UP,200,697,,
2026-09-03T21:58:19.242516+00:00,LibGen,LibGen.li,UP,200,677,,
2026-09-03T21:59:19.956927+00:00,LibGen,LibGen.li,UP,200,767,,
2026-09-03T22:00:20.461318+00:00,LibGen,LibGen.li,UP,200,435,,
2026-09-03T22:01:21.439009+00:00,LibGen,LibGen.li,UP,200,729,,
2026-09-03T22:02:22.790073+00:00,LibGen,LibGen.li,UP,200,1993,,
2026-09-03T22:03:21.928362+00:00,LibGen,LibGen.li,UP,200,682,,
2026-09-03T22:04:22.103531+00:00,LibGen,LibGen.li,UP,200,760,,
2026-09-03T22:05:22.103366+00:00,LibGen,LibGen.li,UP,200,703,,
2026-09-03T22:06:23.247421+00:00,LibGen,LibGen.li,UP,200,840,,
2026-09-03T22:07:23.296327+00:00,LibGen,LibGen.li,UP,200,807,,
2026-09-03T22:08:23.393747+00:00,LibGen,LibGen.li,UP,200,784,,
2026-09-03T22:09:23.526352+00:00,LibGen,LibGen.li,UP,200,703,,
2026-09-03T22:10:24.124456+00:00,LibGen,LibGen.li,UP,200,733,,
2026-09-03T22:11:26.952801+00:00,LibGen,LibGen.li,UP,200,795,,
2026-09-03T22:12:24.887214+00:00,LibGen,LibGen.li,UP,200,876,,
2026-09-03T22:13:25.893366+00:00,LibGen,LibGen.li,UP,200,1181,,
2026-09-03T22:14:25.849435+00:00,LibGen,LibGen.li,UP,200,796,,
2026-09-03T22:15:26.525373+00:00,LibGen,LibGen.li,UP,200,561,,
2026-09-03T22:16:26.678699+00:00,LibGen,LibGen.li,UP,200,969,,
2026-09-03T22:17:26.622892+00:00,LibGen,LibGen.li,UP,200,842,,
2026-09-03T22:18:27.837583+00:00,LibGen,LibGen.li,UP,200,859,,
2026-09-03T22:19:28.044494+00:00,LibGen,LibGen.li,UP,200,1094,,
2026-09-03T22:20:28.739677+00:00,LibGen,LibGen.li,UP,200,785,,
2026-09-03T22:21:31.621203+00:00,LibGen,LibGen.li,DEGRADED,200,3938,latency_high,
2026-09-03T22:22:29.052195+00:00,LibGen,LibGen.li,UP,200,743,,
2026-09-03T22:23:28.895050+00:00,LibGen,LibGen.li,UP,200,265,,
2026-09-03T22:24:30.865188+00:00,LibGen,LibGen.li,UP,200,1132,,
2026-09-03T22:25:30.366413+00:00,LibGen,LibGen.li,UP,200,818,,
2026-09-03T22:26:31.678184+00:00,LibGen,LibGen.li,UP,200,783,,
2026-09-03T22:27:32.041226+00:00,LibGen,LibGen.li,UP,200,896,,
2026-09-03T22:28:32.156458+00:00,LibGen,LibGen.li,UP,200,730,,
2026-09-03T22:29:32.600533+00:00,LibGen,LibGen.li,UP,200,664,,
2026-09-03T22:30:33.222616+00:00,LibGen,LibGen.li,UP,200,811,,
2026-09-03T22:31:33.334528+00:00,LibGen,LibGen.li,UP,200,720,,
2026-09-03T22:32:33.485015+00:00,LibGen,LibGen.li,UP,200,704,,
2026-09-03T22:33:34.210856+00:00,LibGen,LibGen.li,UP,200,776,,
2026-09-03T22:34:33.978736+00:00,LibGen,LibGen.li,UP,200,903,,
2026-09-03T22:35:34.108980+00:00,LibGen,LibGen.li,UP,200,793,,
2026-09-03T22:36:34.555494+00:00,LibGen,LibGen.li,UP,200,721,,
2026-09-03T22:37:35.177841+00:00,LibGen,LibGen.li,UP,200,709,,
2026-09-03T22:38:35.629047+00:00,LibGen,LibGen.li,UP,200,987,,
2026-09-03T22:39:36.002843+00:00,LibGen,LibGen.li,UP,200,717,,
2026-09-03T22:40:35.691504+00:00,LibGen,LibGen.li,UP,200,606,,
2026-09-03T22:41:36.945597+00:00,LibGen,LibGen.li,UP,200,779,,
2026-09-03T22:42:37.673212+00:00,LibGen,LibGen.li,UP,200,1684,,
2026-09-03T22:43:38.197567+00:00,LibGen,LibGen.li,UP,200,1150,,
2026-09-03T22:44:37.495715+00:00,LibGen,LibGen.li,UP,200,698,,
2026-09-03T22:45:36.832935+00:00,LibGen,LibGen.li,UP,200,326,,
2026-09-03T22:46:38.146874+00:00,LibGen,LibGen.li,UP,200,736,,
2026-09-03T22:47:37.993720+00:00,LibGen,LibGen.li,UP,200,714,,
2026-09-03T22:48:40.091640+00:00,LibGen,LibGen.li,UP,200,701,,
2026-09-03T22:49:38.600195+00:00,LibGen,LibGen.li,UP,200,657,,
2026-09-03T22:50:38.828476+00:00,LibGen,LibGen.li,UP,200,605,,
2026-09-03T22:51:39.244902+00:00,LibGen,LibGen.li,UP,200,639,,
2026-09-03T22:52:39.787844+00:00,LibGen,LibGen.li,UP,200,763,,
2026-09-03T22:53:39.920541+00:00,LibGen,LibGen.li,UP,200,724,,
2026-09-03T22:54:39.953067+00:00,LibGen,LibGen.li,UP,200,682,,
2026-09-03T22:55:40.525180+00:00,LibGen,LibGen.li,UP,200,1027,,
2026-09-03T22:56:41.243492+00:00,LibGen,LibGen.li,UP,200,813,,
2026-09-03T22:57:41.464237+00:00,LibGen,LibGen.li,UP,200,544,,
2026-09-03T22:58:41.137965+00:00,LibGen,LibGen.li,UP,200,680,,
2026-09-03T22:59:41.704556+00:00,LibGen,LibGen.li,UP,200,737,,
2026-09-03T23:00:42.142127+00:00,LibGen,LibGen.li,UP,200,263,,
2026-09-03T23:01:43.115054+00:00,LibGen,LibGen.li,UP,200,1234,,
2026-09-03T23:02:43.221121+00:00,LibGen,LibGen.li,UP,200,1035,,
2026-09-03T23:03:43.494792+00:00,LibGen,LibGen.li,UP,200,810,,
2026-09-03T23:04:43.398814+00:00,LibGen,LibGen.li,DOWN,,,connection_refused,
2026-09-03T23:05:44.615222+00:00,LibGen,LibGen.li,UP,200,704,,
2026-09-03T23:06:45.037445+00:00,LibGen,LibGen.li,UP,200,705,,
2026-09-03T23:07:45.845223+00:00,LibGen,LibGen.li,UP,200,991,,
2026-09-03T23:08:46.242348+00:00,LibGen,LibGen.li,UP,200,819,,
2026-09-03T23:09:47.342765+00:00,LibGen,LibGen.li,UP,200,670,,
2026-09-03T23:10:46.076238+00:00,LibGen,LibGen.li,UP,200,710,,
2026-09-03T23:11:47.014531+00:00,LibGen,LibGen.li,UP,200,909,,
2026-09-03T23:12:47.871420+00:00,LibGen,LibGen.li,UP,200,868,,
2026-09-03T23:13:47.762005+00:00,LibGen,LibGen.li,UP,200,637,,
2026-09-03T23:14:49.073128+00:00,LibGen,LibGen.li,UP,200,1776,,
2026-09-03T23:15:48.032670+00:00,LibGen,LibGen.li,UP,200,259,,
2026-09-03T23:16:48.769537+00:00,LibGen,LibGen.li,UP,200,666,,
2026-09-03T23:17:49.302889+00:00,LibGen,LibGen.li,UP,200,902,,
2026-09-03T23:18:49.639808+00:00,LibGen,LibGen.li,UP,200,820,,
2026-09-03T23:19:52.152584+00:00,LibGen,LibGen.li,DEGRADED,200,3306,latency_high,
2026-09-03T23:20:49.751593+00:00,LibGen,LibGen.li,UP,200,849,,
2026-09-03T23:21:50.214684+00:00,LibGen,LibGen.li,UP,200,679,,
2026-09-03T23:22:52.706539+00:00,LibGen,LibGen.li,UP,200,756,,
2026-09-03T23:23:50.626095+00:00,LibGen,LibGen.li,UP,200,739,,
2026-09-03T23:24:52.002150+00:00,LibGen,LibGen.li,UP,200,1090,,
2026-09-03T23:25:52.383627+00:00,LibGen,LibGen.li,UP,200,834,,
2026-09-03T23:26:51.551570+00:00,LibGen,LibGen.li,UP,200,630,,
2026-09-03T23:27:52.647996+00:00,LibGen,LibGen.li,UP,200,829,,
2026-09-03T23:28:52.725891+00:00,LibGen,LibGen.li,UP,200,735,,
2026-09-03T23:29:52.788528+00:00,LibGen,LibGen.li,UP,200,265,,
2026-09-03T23:30:53.479396+00:00,LibGen,LibGen.li,UP,200,780,,
2026-09-03T23:31:53.511748+00:00,LibGen,LibGen.li,UP,200,722,,
2026-09-03T23:32:54.208601+00:00,LibGen,LibGen.li,UP,200,762,,
2026-09-03T23:33:54.904932+00:00,LibGen,LibGen.li,UP,200,1032,,
2026-09-03T23:34:55.199529+00:00,LibGen,LibGen.li,UP,200,791,,
2026-09-03T23:35:55.423647+00:00,LibGen,LibGen.li,UP,200,774,,
2026-09-03T23:36:55.626014+00:00,LibGen,LibGen.li,UP,200,791,,
2026-09-03T23:37:55.722733+00:00,LibGen,LibGen.li,UP,200,698,,
2026-09-03T23:38:55.598777+00:00,LibGen,LibGen.li,DOWN,,,connection_refused,
2026-09-03T23:39:56.786506+00:00,LibGen,LibGen.li,UP,200,581,,
2026-09-03T23:40:57.391110+00:00,LibGen,LibGen.li,UP,200,741,,
2026-09-03T23:41:57.446319+00:00,LibGen,LibGen.li,UP,200,777,,
2026-09-03T23:42:57.565901+00:00,LibGen,LibGen.li,UP,200,768,,
2026-09-03T23:43:57.835745+00:00,LibGen,LibGen.li,UP,200,780,,
2026-09-03T23:44:58.437947+00:00,LibGen,LibGen.li,UP,200,688,,
2026-09-03T23:45:59.909996+00:00,LibGen,LibGen.li,UP,200,1870,,
2026-09-03T23:46:59.295590+00:00,LibGen,LibGen.li,UP,200,834,,
2026-09-03T23:47:59.808363+00:00,LibGen,LibGen.li,UP,200,627,,
2026-09-03T23:48:59.349381+00:00,LibGen,LibGen.li,UP,200,337,,
2026-09-03T23:50:00.394054+00:00,LibGen,LibGen.li,UP,200,695,,
2026-09-03T23:51:03.258433+00:00,LibGen,LibGen.li,UP,200,2996,,
2026-09-03T23:52:02.008257+00:00,LibGen,LibGen.li,UP,200,840,,
2026-09-03T23:53:01.750548+00:00,LibGen,LibGen.li,UP,200,816,,
2026-09-03T23:54:02.748606+00:00,LibGen,LibGen.li,UP,200,725,,
2026-09-03T23:55:03.261608+00:00,LibGen,LibGen.li,UP,200,1329,,
2026-09-03T23:56:03.301088+00:00,LibGen,LibGen.li,UP,200,764,,
2026-09-03T23:57:03.155745+00:00,LibGen,LibGen.li,UP,200,381,,
2026-09-03T23:58:04.357880+00:00,LibGen,LibGen.li,UP,200,797,,
2026-09-03T23:59:04.906302+00:00,LibGen,LibGen.li,UP,200,738,,
2026-09-04T00:00:06.252059+00:00,LibGen,LibGen.li,UP,200,1971,,
2026-09-04T00:01:05.785205+00:00,LibGen,LibGen.li,UP,200,939,,
2026-09-04T00:02:05.786641+00:00,LibGen,LibGen.li,UP,200,270,,
2026-09-04T00:03:08.708105+00:00,LibGen,LibGen.li,UP,200,747,,
2026-09-04T00:04:29.402915+00:00,LibGen,LibGen.li,DOWN,,,connection_refused,
2026-09-04T00:05:12.910014+00:00,LibGen,LibGen.li,DEGRADED,200,6913,latency_high,
2026-09-04T00:06:07.174085+00:00,LibGen,LibGen.li,UP,200,703,,
2026-09-04T00:07:08.032103+00:00,LibGen,LibGen.li,UP,200,921,,
2026-09-04T00:08:09.353209+00:00,LibGen,LibGen.li,UP,200,826,,
2026-09-04T00:09:08.421970+00:00,LibGen,LibGen.li,UP,200,338,,
2026-09-04T00:10:08.836107+00:00,LibGen,LibGen.li,UP,200,818,,
2026-09-04T00:11:08.842939+00:00,LibGen,LibGen.li,UP,200,725,,
2026-09-04T00:12:09.868306+00:00,LibGen,LibGen.li,UP,200,838,,
2026-09-04T00:13:13.262857+00:00,LibGen,LibGen.li,DEGRADED,200,3904,latency_high,
2026-09-04T00:14:13.534715+00:00,LibGen,LibGen.li,DEGRADED,200,3364,latency_high,
2026-09-04T00:15:12.238742+00:00,LibGen,LibGen.li,UP,200,2374,,
2026-09-04T00:16:12.624049+00:00,LibGen,LibGen.li,UP,200,1428,,
2026-09-04T00:17:11.426954+00:00,LibGen,LibGen.li,UP,200,990,,
2026-09-04T00:18:12.455417+00:00,LibGen,LibGen.li,UP,200,775,,
2026-09-04T00:19:12.333080+00:00,LibGen,LibGen.li,UP,200,754,,
2026-09-04T00:20:13.034258+00:00,LibGen,LibGen.li,UP,200,951,,
2026-09-04T00:21:13.155055+00:00,LibGen,LibGen.li,UP,200,719,,
2026-09-04T00:22:33.415631+00:00,LibGen,LibGen.li,DOWN,,,connection_refused,
2026-09-04T00:23:13.933328+00:00,LibGen,LibGen.li,UP,200,695,,
2026-09-04T00:24:14.057474+00:00,LibGen,LibGen.li,UP,200,249,,
2026-09-04T00:25:14.267901+00:00,LibGen,LibGen.li,UP,200,744,,
2026-09-04T00:26:14.921158+00:00,LibGen,LibGen.li,UP,200,292,,
2026-09-04T00:27:17.819563+00:00,LibGen,LibGen.li,DEGRADED,200,3818,latency_high,
2026-09-04T00:28:16.285870+00:00,LibGen,LibGen.li,UP,200,1645,,
2026-09-04T00:29:15.874474+00:00,LibGen,LibGen.li,UP,200,1054,,
2026-09-04T00:30:15.744497+00:00,LibGen,LibGen.li,UP,200,983,,
2026-09-04T00:31:15.725807+00:00,LibGen,LibGen.li,UP,200,284,,
2026-09-04T00:32:17.400014+00:00,LibGen,LibGen.li,UP,200,696,,
2026-09-04T00:33:17.747370+00:00,LibGen,LibGen.li,UP,200,871,,
2026-09-04T00:34:18.366998+00:00,LibGen,LibGen.li,UP,200,842,,
2026-09-04T00:35:18.240385+00:00,LibGen,LibGen.li,UP,200,716,,
2026-09-04T00:36:18.414165+00:00,LibGen,LibGen.li,UP,200,706,,
2026-09-04T00:37:18.586520+00:00,LibGen,LibGen.li,UP,200,757,,
2026-09-04T00:38:19.015991+00:00,LibGen,LibGen.li,UP,200,716,,
2026-09-04T00:39:18.907948+00:00,LibGen,LibGen.li,UP,200,276,,
2026-09-04T00:40:20.496932+00:00,LibGen,LibGen.li,UP,200,659,,
2026-09-04T00:41:20.715063+00:00,LibGen,LibGen.li,UP,200,1319,,
2026-09-04T00:42:20.312840+00:00,LibGen,LibGen.li,UP,200,824,,
2026-09-04T00:43:20.936738+00:00,LibGen,LibGen.li,UP,200,554,,
2026-09-04T00:44:20.892797+00:00,LibGen,LibGen.li,UP,200,752,,
2026-09-04T00:45:21.325035+00:00,LibGen,LibGen.li,UP,200,991,,
2026-09-04T00:46:21.453555+00:00,LibGen,LibGen.li,UP,200,823,,
2026-09-04T00:47:22.453202+00:00,LibGen,LibGen.li,UP,200,727,,
2026-09-04T00:48:22.116057+00:00,LibGen,LibGen.li,UP,200,690,,
2026-09-04T00:49:23.540979+00:00,LibGen,LibGen.li,UP,200,686,,
2026-09-04T00:50:23.736472+00:00,LibGen,LibGen.li,UP,200,879,,
2026-09-04T00:51:23.895113+00:00,LibGen,LibGen.li,UP,200,770,,
2026-09-04T00:52:24.171881+00:00,LibGen,LibGen.li,UP,200,772,,
2026-09-04T00:53:24.222621+00:00,LibGen,LibGen.li,UP,200,672,,
2026-09-04T00:54:24.632166+00:00,LibGen,LibGen.li,UP,200,788,,
2026-09-04T00:55:25.205631+00:00,LibGen,LibGen.li,UP,200,801,,
2026-09-04T00:56:25.283322+00:00,LibGen,LibGen.li,UP,200,337,,
2026-09-04T00:57:29.019147+00:00,LibGen,LibGen.li,UP,200,793,,
2026-09-04T00:58:28.472869+00:00,LibGen,LibGen.li,UP,200,749,,
2026-09-04T00:59:28.263212+00:00,LibGen,LibGen.li,UP,200,1901,,
2026-09-04T01:00:27.358634+00:00,LibGen,LibGen.li,UP,200,862,,
2026-09-04T01:01:27.914886+00:00,LibGen,LibGen.li,UP,200,832,,
2026-09-04T01:02:28.384056+00:00,LibGen,LibGen.li,UP,200,761,,
2026-09-04T01:03:28.894532+00:00,LibGen,LibGen.li,UP,200,644,,
2026-09-04T01:04:32.640720+00:00,LibGen,LibGen.li,DEGRADED,200,3844,latency_high,
2026-09-04T01:05:29.317349+00:00,LibGen,LibGen.li,UP,200,806,,
2026-09-04T01:06:29.583790+00:00,LibGen,LibGen.li,UP,200,647,,
2026-09-04T01:07:31.097183+00:00,LibGen,LibGen.li,UP,200,1925,,
2026-09-04T01:08:31.256219+00:00,LibGen,LibGen.li,UP,200,795,,
2026-09-04T01:09:31.992417+00:00,LibGen,LibGen.li,UP,200,697,,
2026-09-04T01:10:31.793991+00:00,LibGen,LibGen.li,UP,200,729,,
2026-09-04T01:11:32.373870+00:00,LibGen,LibGen.li,UP,200,842,,
2026-09-04T01:12:32.931709+00:00,LibGen,LibGen.li,UP,200,843,,
2026-09-04T01:13:33.004869+00:00,LibGen,LibGen.li,UP,200,638,,
2026-09-04T01:14:32.642580+00:00,LibGen,LibGen.li,UP,200,248,,
2026-09-04T01:15:33.826460+00:00,LibGen,LibGen.li,UP,200,689,,
2026-09-04T01:16:36.084656+00:00,LibGen,LibGen.li,UP,200,1807,,
2026-09-04T01:17:34.813185+00:00,LibGen,LibGen.li,UP,200,614,,
2026-09-04T01:18:34.867933+00:00,LibGen,LibGen.li,UP,200,721,,
2026-09-04T01:19:35.463499+00:00,LibGen,LibGen.li,UP,200,795,,
2026-09-04T01:20:35.922173+00:00,LibGen,LibGen.li,UP,200,792,,
2026-09-04T01:21:36.811131+00:00,LibGen,LibGen.li,UP,200,942,,
2026-09-04T01:22:37.118313+00:00,LibGen,LibGen.li,UP,200,726,,
2026-09-04T01:23:37.947127+00:00,LibGen,LibGen.li,UP,200,1006,,
2026-09-04T01:24:37.782943+00:00,LibGen,LibGen.li,UP,200,619,,
2026-09-04T01:25:37.731586+00:00,LibGen,LibGen.li,UP,200,784,,
